family,query,theta,K,nv,nr,present,old_status,evaluations,FINITE_BANK_HEALTH,KERNEL_MC_STATUS
B0,Q1,0,256,0,0,False,FALSE,15552,False,FALSE
B0,Q1,0,256,0,0,True,MC_UNRESOLVED,31275,True,TRUE
B0,Q1,0,256,1,0,True,TRUE,48,True,TRUE
B0,Q1,0,256,1,1,True,TRUE,99,True,TRUE
B0,Q1,0,256,2,0,True,TRUE,6,True,TRUE
B0,Q1,0,256,2,2,True,TRUE,66,True,TRUE
B0,Q1,0,256,3,0,True,TRUE,12,True,TRUE
B0,Q1,0,256,3,1,True,TRUE,3,True,TRUE
B0,Q1,0,256,3,3,True,TRUE,39,True,TRUE
B0,Q1,0,256,4,0,True,TRUE,18,True,TRUE
B0,Q1,0,256,4,4,True,TRUE,57,True,TRUE
B0,Q1,0,256,5,0,True,TRUE,9,True,TRUE
B0,Q1,0,256,5,4,True,TRUE,3,True,TRUE
B0,Q1,0,256,5,5,True,TRUE,30,True,TRUE
B0,Q1,0,256,6,0,True,TRUE,3,True,TRUE
B0,Q1,0,256,6,6,True,TRUE,27,True,TRUE
B0,Q1,0,256,7,0,True,TRUE,6,True,TRUE
B0,Q1,0,256,7,7,True,TRUE,36,True,TRUE
B0,Q1,0,256,8,8,True,TRUE,18,True,TRUE
B0,Q1,0,256,9,9,True,TRUE,39,True,TRUE
B0,Q1,0,256,10,8,True,TRUE,6,True,TRUE
B0,Q1,0,256,10,10,True,TRUE,12,True,TRUE
B0,Q1,0,256,11,9,True,TRUE,6,True,TRUE
B0,Q1,0,256,11,11,True,TRUE,6,True,TRUE
B0,Q1,0,256,12,0,True,TRUE,6,True,TRUE
B0,Q1,0,256,12,12,True,TRUE,18,True,TRUE
B0,Q1,0,256,13,13,True,TRUE,18,True,TRUE
B0,Q1,0,256,14,14,True,TRUE,12,True,TRUE
B0,Q1,0,256,15,15,True,TRUE,12,True,TRUE
B0,Q1,0,256,16,0,True,TRUE,3,True,TRUE
B0,Q1,0,256,18,0,True,TRUE,3,True,TRUE
B0,Q1,0,256,18,18,True,TRUE,6,True,TRUE
B0,Q1,0,256,20,0,True,TRUE,3,True,TRUE
B0,Q1,0,256,20,20,True,TRUE,6,True,TRUE
B0,Q1,0,256,21,21,True,TRUE,18,True,TRUE
B0,Q1,0,256,22,22,True,TRUE,6,True,TRUE
B0,Q1,0,256,23,23,True,TRUE,6,True,TRUE
B0,Q1,0,256,25,25,True,TRUE,21,True,TRUE
B0,Q1,0,256,26,26,True,TRUE,6,True,TRUE
B0,Q1,0,256,27,0,True,TRUE,3,True,TRUE
B0,Q1,0,256,28,28,True,TRUE,9,True,TRUE
B0,Q1,0,256,31,31,True,TRUE,6,True,TRUE
B0,Q1,0,256,32,32,True,TRUE,6,True,TRUE
B0,Q1,0,256,33,33,True,TRUE,12,True,TRUE
B0,Q1,0,256,36,36,True,TRUE,12,True,TRUE
B0,Q1,0,256,37,37,True,TRUE,6,True,TRUE
B0,Q1,0,256,38,38,True,TRUE,12,True,TRUE
B0,Q1,0,256,39,0,True,TRUE,3,True,TRUE
B0,Q1,0,256,39,39,True,TRUE,6,True,TRUE
B0,Q1,0,256,40,0,True,TRUE,3,True,TRUE
B0,Q1,0,256,40,40,True,TRUE,12,True,TRUE
B0,Q1,0,256,41,0,True,TRUE,3,True,TRUE
B0,Q1,0,256,41,41,True,TRUE,3,True,TRUE
B0,Q1,0,256,43,0,True,TRUE,6,True,TRUE
B0,Q1,0,256,43,43,True,TRUE,3,True,TRUE
B0,Q1,0,256,44,44,True,TRUE,6,True,TRUE
B0,Q1,0,256,45,45,True,TRUE,12,True,TRUE
B0,Q1,0,256,46,46,True,TRUE,6,True,TRUE
B0,Q1,0,256,47,47,True,TRUE,9,True,TRUE
B0,Q1,0,256,48,48,True,TRUE,6,True,TRUE
B0,Q1,0,256,49,49,True,TRUE,9,True,TRUE
B0,Q1,0,256,50,50,True,TRUE,12,True,TRUE
B0,Q1,0,256,51,51,True,TRUE,9,True,TRUE
B0,Q1,0,256,54,0,True,TRUE,3,True,TRUE
B0,Q1,0,256,54,54,True,TRUE,6,True,TRUE
B0,Q1,0,256,55,55,True,TRUE,15,True,TRUE
B0,Q1,0,256,56,56,True,TRUE,9,True,TRUE
B0,Q1,0,256,57,57,True,TRUE,12,True,TRUE
B0,Q1,0,256,58,58,True,TRUE,6,True,TRUE
B0,Q1,0,256,59,59,True,TRUE,21,True,TRUE
B0,Q1,0,256,60,60,True,TRUE,18,True,TRUE
B0,Q1,0,256,61,61,True,TRUE,6,True,TRUE
B0,Q1,0,256,63,63,True,TRUE,6,True,TRUE
B0,Q1,0,256,64,0,True,TRUE,3,True,TRUE
B0,Q1,0,256,65,65,True,TRUE,6,True,TRUE
B0,Q1,0,256,66,0,True,TRUE,6,True,TRUE
B0,Q1,0,256,67,67,True,TRUE,6,True,TRUE
B0,Q1,0,256,69,0,True,TRUE,6,True,TRUE
B0,Q1,0,256,70,0,True,TRUE,6,True,TRUE
B0,Q1,0,256,71,71,True,TRUE,6,True,TRUE
B0,Q1,0,256,72,72,True,TRUE,6,True,TRUE
B0,Q1,0,256,73,73,True,TRUE,12,True,TRUE
B0,Q1,0,256,75,75,True,TRUE,6,True,TRUE
B0,Q1,0,256,76,76,True,TRUE,6,True,TRUE
B0,Q1,0,256,79,79,True,TRUE,12,True,TRUE
B0,Q1,0,256,80,0,True,TRUE,3,True,TRUE
B0,Q1,0,256,81,81,True,TRUE,6,True,TRUE
B0,Q1,0,256,83,83,True,TRUE,12,True,TRUE
B0,Q1,0,256,85,0,True,TRUE,6,True,TRUE
B0,Q1,0,256,86,0,True,TRUE,3,True,TRUE
B0,Q1,0,256,87,87,True,TRUE,6,True,TRUE
B0,Q1,0,256,88,0,True,TRUE,12,True,TRUE
B0,Q1,0,256,89,89,True,TRUE,6,True,TRUE
B0,Q1,0,256,91,91,True,TRUE,6,True,TRUE
B0,Q1,0,256,92,0,True,TRUE,3,True,TRUE
B0,Q1,0,256,92,92,True,TRUE,12,True,TRUE
B0,Q1,0,256,93,93,True,TRUE,6,True,TRUE
B0,Q1,0,256,94,94,True,TRUE,12,True,TRUE
B0,Q1,0,256,97,0,True,TRUE,6,True,TRUE
B0,Q1,0,256,99,99,True,TRUE,6,True,TRUE
B0,Q1,0,256,101,101,True,TRUE,6,True,TRUE
B0,Q1,0,256,102,102,True,TRUE,12,True,TRUE
B0,Q1,0,256,103,103,True,TRUE,6,True,TRUE
B0,Q1,0,256,105,105,True,TRUE,6,True,TRUE
B0,Q1,0,256,106,0,True,TRUE,6,True,TRUE
B0,Q1,0,256,106,106,True,TRUE,6,True,TRUE
B0,Q1,0,256,107,0,True,TRUE,6,True,TRUE
B0,Q1,0,256,109,109,True,TRUE,12,True,TRUE
B0,Q1,0,256,111,58,True,TRUE,6,True,TRUE
B0,Q1,0,256,111,111,True,TRUE,18,True,TRUE
B0,Q1,0,256,112,112,True,TRUE,6,True,TRUE
B0,Q1,0,256,113,113,True,TRUE,6,True,TRUE
B0,Q1,0,256,114,114,True,TRUE,6,True,TRUE
B0,Q1,0,256,116,116,True,TRUE,6,True,TRUE
B0,Q1,0,256,117,0,True,TRUE,6,True,TRUE
B0,Q1,0,256,117,117,True,TRUE,12,True,TRUE
B0,Q1,0,256,118,118,True,TRUE,12,True,TRUE
B0,Q1,0,256,121,121,True,TRUE,6,True,TRUE
B0,Q1,0,256,124,124,True,TRUE,6,True,TRUE
B0,Q1,0,256,125,125,True,TRUE,6,True,TRUE
B0,Q1,0,256,128,128,True,TRUE,6,True,TRUE
B0,Q1,0,256,130,130,True,TRUE,12,True,TRUE
B0,Q1,0,256,136,136,True,TRUE,6,True,TRUE
B0,Q1,0,256,139,139,True,TRUE,6,True,TRUE
B0,Q1,0,256,149,84,True,TRUE,6,True,TRUE
B0,Q1,0,256,149,149,True,TRUE,12,True,TRUE
B0,Q1,0,256,150,150,True,TRUE,6,True,TRUE
B0,Q1,0,256,151,151,True,TRUE,12,True,TRUE
B0,Q1,0,256,155,155,True,TRUE,6,True,TRUE
B0,Q1,0,256,158,0,True,TRUE,3,True,TRUE
B0,Q1,0,256,159,159,True,TRUE,12,True,TRUE
B0,Q1,0,256,160,160,True,TRUE,6,True,TRUE
B0,Q1,0,256,167,0,True,TRUE,6,True,TRUE
B0,Q1,0,256,168,0,True,TRUE,3,True,TRUE
B0,Q1,0,256,169,1,True,TRUE,6,True,TRUE
B0,Q1,0,256,170,170,True,TRUE,6,True,TRUE
B0,Q1,0,256,175,175,True,TRUE,12,True,TRUE
B0,Q1,0,256,180,180,True,TRUE,6,True,TRUE
B0,Q1,0,256,182,182,True,TRUE,6,True,TRUE
B0,Q1,0,256,184,184,True,TRUE,6,True,TRUE
B0,Q1,0,256,192,192,True,TRUE,6,True,TRUE
B0,Q1,0,256,193,193,True,TRUE,9,True,TRUE
B0,Q1,0,256,197,197,True,TRUE,15,True,TRUE
B0,Q1,0,256,199,0,True,TRUE,3,True,TRUE
B0,Q1,0,256,200,200,True,TRUE,6,True,TRUE
B0,Q1,0,256,201,201,True,TRUE,6,True,TRUE
B0,Q1,0,256,204,204,True,TRUE,12,True,TRUE
B0,Q1,0,256,206,206,True,TRUE,6,True,TRUE
B0,Q1,0,256,207,207,True,TRUE,6,True,TRUE
B0,Q1,0,256,210,210,True,TRUE,6,True,TRUE
B0,Q1,0,256,211,211,True,TRUE,6,True,TRUE
B0,Q1,0,256,216,0,True,TRUE,3,True,TRUE
B0,Q1,0,256,216,216,True,TRUE,6,True,TRUE
B0,Q1,0,256,217,217,True,TRUE,6,True,TRUE
B0,Q1,0,256,218,218,True,TRUE,6,True,TRUE
B0,Q1,0,256,220,220,True,TRUE,6,True,TRUE
B0,Q1,0,256,221,221,True,TRUE,6,True,TRUE
B0,Q1,0,256,224,0,True,TRUE,3,True,TRUE
B0,Q1,0,256,224,224,True,TRUE,6,True,TRUE
B0,Q1,0,256,225,225,True,TRUE,6,True,TRUE
B0,Q1,0,256,227,0,True,TRUE,6,True,TRUE
B0,Q1,0,256,228,228,True,TRUE,6,True,TRUE
B0,Q1,0,256,229,229,True,TRUE,6,True,TRUE
B0,Q1,0,256,234,234,True,TRUE,6,True,TRUE
B0,Q1,0,256,235,235,True,TRUE,6,True,TRUE
B0,Q1,0,256,239,239,True,TRUE,6,True,TRUE
B0,Q1,0,256,240,0,True,TRUE,3,True,TRUE
B0,Q1,0,256,240,240,True,TRUE,6,True,TRUE
B0,Q1,0,256,241,241,True,TRUE,18,True,TRUE
B0,Q1,0,256,242,242,True,TRUE,6,True,TRUE
B0,Q1,0,256,243,243,True,TRUE,6,True,TRUE
B0,Q1,0,256,244,0,True,TRUE,6,True,TRUE
B0,Q1,0,256,244,244,True,TRUE,18,True,TRUE
B0,Q1,0,256,245,1,True,TRUE,3,True,TRUE
B0,Q1,0,256,246,0,True,TRUE,6,True,TRUE
B0,Q1,0,256,246,246,True,TRUE,6,True,TRUE
B0,Q1,0,256,247,247,True,TRUE,6,True,TRUE
B0,Q1,0,256,248,0,True,TRUE,3,True,TRUE
B0,Q1,0,256,249,249,True,TRUE,9,True,TRUE
B0,Q1,0,256,250,250,True,TRUE,33,True,TRUE
B0,Q1,0,256,251,251,True,TRUE,18,True,TRUE
B0,Q1,0,256,252,252,True,TRUE,12,True,TRUE
B0,Q1,0,256,253,253,True,TRUE,2,True,TRUE
B0,Q1,0,256,254,249,True,TRUE,3,True,TRUE
B0,Q1,0,256,254,254,True,TRUE,19,True,TRUE
B0,Q1,0,256,255,255,True,TRUE,65,True,TRUE
B0,Q1,0,256,256,0,True,TRUE,2274,True,TRUE
B0,Q1,0,256,256,1,True,TRUE,39,True,TRUE
B0,Q1,0,256,256,2,True,TRUE,24,True,TRUE
B0,Q1,0,256,256,3,True,TRUE,9,True,TRUE
B0,Q1,0,256,256,4,True,TRUE,6,True,TRUE
B0,Q1,0,256,256,7,True,TRUE,3,True,TRUE
B0,Q1,0,256,256,9,True,TRUE,3,True,TRUE
B0,Q1,0,256,256,21,True,TRUE,6,True,TRUE
B0,Q1,0,256,256,24,True,TRUE,3,True,TRUE
B0,Q1,0,256,256,25,True,TRUE,3,True,TRUE
B0,Q1,0,256,256,26,True,TRUE,6,True,TRUE
B0,Q1,0,256,256,27,True,TRUE,6,True,TRUE
B0,Q1,0,256,256,29,True,TRUE,6,True,TRUE
B0,Q1,0,256,256,72,True,TRUE,3,True,TRUE
B0,Q1,0,256,256,74,True,TRUE,3,True,TRUE
B0,Q1,0,256,256,84,True,TRUE,6,True,TRUE
B0,Q1,0,256,256,107,True,TRUE,6,True,TRUE
B0,Q1,0,256,256,110,True,TRUE,6,True,TRUE
B0,Q1,0,256,256,116,True,TRUE,6,True,TRUE
B0,Q1,0,256,256,123,True,TRUE,3,True,TRUE
B0,Q1,0,256,256,135,True,TRUE,3,True,TRUE
B0,Q1,0,256,256,139,True,TRUE,3,True,TRUE
B0,Q1,0,256,256,142,True,TRUE,12,True,TRUE
B0,Q1,0,256,256,144,True,TRUE,15,True,TRUE
B0,Q1,0,256,256,145,True,TRUE,6,True,TRUE
B0,Q1,0,256,256,146,True,TRUE,12,True,TRUE
B0,Q1,0,256,256,147,True,TRUE,6,True,TRUE
B0,Q1,0,256,256,148,True,TRUE,6,True,TRUE
B0,Q1,0,256,256,155,True,TRUE,12,True,TRUE
B0,Q1,0,256,256,159,True,TRUE,18,True,TRUE
B0,Q1,0,256,256,168,True,TRUE,6,True,TRUE
B0,Q1,0,256,256,169,True,TRUE,3,True,TRUE
B0,Q1,0,256,256,174,True,TRUE,6,True,TRUE
B0,Q1,0,256,256,180,True,TRUE,3,True,TRUE
B0,Q1,0,256,256,194,True,TRUE,3,True,TRUE
B0,Q1,0,256,256,200,True,TRUE,3,True,TRUE
B0,Q1,0,256,256,202,True,TRUE,3,True,TRUE
B0,Q1,0,256,256,206,True,TRUE,3,True,TRUE
B0,Q1,0,256,256,215,True,TRUE,6,True,TRUE
B0,Q1,0,256,256,221,True,TRUE,6,True,TRUE
B0,Q1,0,256,256,225,True,TRUE,3,True,TRUE
B0,Q1,0,256,256,227,True,TRUE,6,True,TRUE
B0,Q1,0,256,256,229,True,TRUE,3,True,TRUE
B0,Q1,0,256,256,230,True,TRUE,12,True,TRUE
B0,Q1,0,256,256,232,True,TRUE,6,True,TRUE
B0,Q1,0,256,256,239,True,TRUE,6,True,TRUE
B0,Q1,0,256,256,241,True,TRUE,3,True,TRUE
B0,Q1,0,256,256,242,True,TRUE,3,True,TRUE
B0,Q1,0,256,256,244,True,TRUE,12,True,TRUE
B0,Q1,0,256,256,249,True,TRUE,9,True,TRUE
B0,Q1,0,256,256,251,True,TRUE,6,True,TRUE
B0,Q1,0,256,256,253,True,TRUE,3,True,TRUE
B0,Q1,0,256,256,254,True,TRUE,30,True,TRUE
B0,Q1,0,256,256,255,True,TRUE,33,True,TRUE
B0,Q1,0,256,256,256,True,TRUE,31558,True,TRUE
B0,Q2,0,256,0,0,False,FALSE,31104,False,FALSE
B0,Q2,0,256,0,0,True,MC_UNRESOLVED,62550,True,TRUE
B0,Q2,0,256,1,0,True,MC_UNRESOLVED,195,True,TRUE
B0,Q2,0,256,1,1,True,TRUE,99,True,TRUE
B0,Q2,0,256,2,0,True,MC_UNRESOLVED,78,True,TRUE
B0,Q2,0,256,2,2,True,TRUE,66,True,TRUE
B0,Q2,0,256,3,0,True,MC_UNRESOLVED,66,True,TRUE
B0,Q2,0,256,3,1,True,TRUE,3,True,TRUE
B0,Q2,0,256,3,3,True,TRUE,39,True,TRUE
B0,Q2,0,256,4,0,True,MC_UNRESOLVED,93,True,TRUE
B0,Q2,0,256,4,4,True,TRUE,57,True,TRUE
B0,Q2,0,256,5,0,True,MC_UNRESOLVED,51,True,TRUE
B0,Q2,0,256,5,4,True,TRUE,3,True,TRUE
B0,Q2,0,256,5,5,True,TRUE,30,True,TRUE
B0,Q2,0,256,6,0,True,MC_UNRESOLVED,33,True,TRUE
B0,Q2,0,256,6,6,True,TRUE,27,True,TRUE
B0,Q2,0,256,7,0,True,MC_UNRESOLVED,48,True,TRUE
B0,Q2,0,256,7,7,True,TRUE,36,True,TRUE
B0,Q2,0,256,8,0,True,MC_UNRESOLVED,18,True,TRUE
B0,Q2,0,256,8,8,True,TRUE,18,True,TRUE
B0,Q2,0,256,9,0,True,MC_UNRESOLVED,39,True,TRUE
B0,Q2,0,256,9,9,True,TRUE,39,True,TRUE
B0,Q2,0,256,10,0,True,MC_UNRESOLVED,18,True,TRUE
B0,Q2,0,256,10,8,True,TRUE,6,True,TRUE
B0,Q2,0,256,10,10,True,TRUE,12,True,TRUE
B0,Q2,0,256,11,0,True,MC_UNRESOLVED,12,True,TRUE
B0,Q2,0,256,11,9,True,TRUE,6,True,TRUE
B0,Q2,0,256,11,11,True,TRUE,6,True,TRUE
B0,Q2,0,256,12,0,True,MC_UNRESOLVED,30,True,TRUE
B0,Q2,0,256,12,12,True,TRUE,18,True,TRUE
B0,Q2,0,256,13,0,True,MC_UNRESOLVED,18,True,TRUE
B0,Q2,0,256,13,13,True,TRUE,18,True,TRUE
B0,Q2,0,256,14,0,True,MC_UNRESOLVED,12,True,TRUE
B0,Q2,0,256,14,14,True,TRUE,12,True,TRUE
B0,Q2,0,256,15,0,True,MC_UNRESOLVED,12,True,TRUE
B0,Q2,0,256,15,15,True,TRUE,12,True,TRUE
B0,Q2,0,256,16,0,True,MC_UNRESOLVED,6,True,TRUE
B0,Q2,0,256,18,0,True,MC_UNRESOLVED,12,True,TRUE
B0,Q2,0,256,18,18,True,TRUE,6,True,TRUE
B0,Q2,0,256,20,0,True,MC_UNRESOLVED,12,True,TRUE
B0,Q2,0,256,20,20,True,TRUE,6,True,TRUE
B0,Q2,0,256,21,0,True,MC_UNRESOLVED,18,True,TRUE
B0,Q2,0,256,21,21,True,TRUE,18,True,TRUE
B0,Q2,0,256,22,0,True,MC_UNRESOLVED,6,True,TRUE
B0,Q2,0,256,22,22,True,TRUE,6,True,TRUE
B0,Q2,0,256,23,0,True,MC_UNRESOLVED,6,True,TRUE
B0,Q2,0,256,23,23,True,TRUE,6,True,TRUE
B0,Q2,0,256,25,0,True,MC_UNRESOLVED,21,True,TRUE
B0,Q2,0,256,25,25,True,TRUE,21,True,TRUE
B0,Q2,0,256,26,0,True,MC_UNRESOLVED,6,True,TRUE
B0,Q2,0,256,26,26,True,TRUE,6,True,TRUE
B0,Q2,0,256,27,0,True,MC_UNRESOLVED,6,True,TRUE
B0,Q2,0,256,28,0,True,MC_UNRESOLVED,9,True,TRUE
B0,Q2,0,256,28,28,True,TRUE,9,True,TRUE
B0,Q2,0,256,31,0,True,MC_UNRESOLVED,6,True,TRUE
B0,Q2,0,256,31,31,True,TRUE,6,True,TRUE
B0,Q2,0,256,32,0,True,MC_UNRESOLVED,6,True,TRUE
B0,Q2,0,256,32,32,True,TRUE,6,True,TRUE
B0,Q2,0,256,33,0,True,MC_UNRESOLVED,12,True,TRUE
B0,Q2,0,256,33,33,True,TRUE,12,True,TRUE
B0,Q2,0,256,36,0,True,MC_UNRESOLVED,12,True,TRUE
B0,Q2,0,256,36,36,True,TRUE,12,True,TRUE
B0,Q2,0,256,37,0,True,MC_UNRESOLVED,6,True,TRUE
B0,Q2,0,256,37,37,True,TRUE,6,True,TRUE
B0,Q2,0,256,38,0,True,MC_UNRESOLVED,12,True,TRUE
B0,Q2,0,256,38,38,True,TRUE,12,True,TRUE
B0,Q2,0,256,39,0,True,MC_UNRESOLVED,12,True,TRUE
B0,Q2,0,256,39,39,True,TRUE,6,True,TRUE
B0,Q2,0,256,40,0,True,MC_UNRESOLVED,18,True,TRUE
B0,Q2,0,256,40,40,True,TRUE,12,True,TRUE
B0,Q2,0,256,41,0,True,MC_UNRESOLVED,9,True,TRUE
B0,Q2,0,256,41,41,True,TRUE,3,True,TRUE
B0,Q2,0,256,43,0,True,MC_UNRESOLVED,15,True,TRUE
B0,Q2,0,256,43,43,True,TRUE,3,True,TRUE
B0,Q2,0,256,44,0,True,MC_UNRESOLVED,6,True,TRUE
B0,Q2,0,256,44,44,True,TRUE,6,True,TRUE
B0,Q2,0,256,45,0,True,MC_UNRESOLVED,12,True,TRUE
B0,Q2,0,256,45,45,True,TRUE,12,True,TRUE
B0,Q2,0,256,46,0,True,MC_UNRESOLVED,6,True,TRUE
B0,Q2,0,256,46,46,True,TRUE,6,True,TRUE
B0,Q2,0,256,47,0,True,MC_UNRESOLVED,9,True,TRUE
B0,Q2,0,256,47,47,True,TRUE,9,True,TRUE
B0,Q2,0,256,48,0,True,MC_UNRESOLVED,6,True,TRUE
B0,Q2,0,256,48,48,True,TRUE,6,True,TRUE
B0,Q2,0,256,49,0,True,MC_UNRESOLVED,9,True,TRUE
B0,Q2,0,256,49,49,True,TRUE,9,True,TRUE
B0,Q2,0,256,50,0,True,MC_UNRESOLVED,12,True,TRUE
B0,Q2,0,256,50,50,True,TRUE,12,True,TRUE
B0,Q2,0,256,51,0,True,MC_UNRESOLVED,9,True,TRUE
B0,Q2,0,256,51,51,True,TRUE,9,True,TRUE
B0,Q2,0,256,54,0,True,MC_UNRESOLVED,12,True,TRUE
B0,Q2,0,256,54,54,True,TRUE,6,True,TRUE
B0,Q2,0,256,55,0,True,MC_UNRESOLVED,15,True,TRUE
B0,Q2,0,256,55,55,True,TRUE,15,True,TRUE
B0,Q2,0,256,56,0,True,MC_UNRESOLVED,9,True,TRUE
B0,Q2,0,256,56,56,True,TRUE,9,True,TRUE
B0,Q2,0,256,57,0,True,MC_UNRESOLVED,12,True,TRUE
B0,Q2,0,256,57,57,True,TRUE,12,True,TRUE
B0,Q2,0,256,58,0,True,MC_UNRESOLVED,6,True,TRUE
B0,Q2,0,256,58,58,True,TRUE,6,True,TRUE
B0,Q2,0,256,59,0,True,MC_UNRESOLVED,21,True,TRUE
B0,Q2,0,256,59,59,True,TRUE,21,True,TRUE
B0,Q2,0,256,60,0,True,MC_UNRESOLVED,18,True,TRUE
B0,Q2,0,256,60,60,True,TRUE,18,True,TRUE
B0,Q2,0,256,61,0,True,MC_UNRESOLVED,6,True,TRUE
B0,Q2,0,256,61,61,True,TRUE,6,True,TRUE
B0,Q2,0,256,63,0,True,MC_UNRESOLVED,6,True,TRUE
B0,Q2,0,256,63,63,True,TRUE,6,True,TRUE
B0,Q2,0,256,64,0,True,MC_UNRESOLVED,6,True,TRUE
B0,Q2,0,256,65,0,True,MC_UNRESOLVED,6,True,TRUE
B0,Q2,0,256,65,65,True,TRUE,6,True,TRUE
B0,Q2,0,256,66,0,True,MC_UNRESOLVED,12,True,TRUE
B0,Q2,0,256,67,0,True,MC_UNRESOLVED,6,True,TRUE
B0,Q2,0,256,67,67,True,TRUE,6,True,TRUE
B0,Q2,0,256,69,0,True,MC_UNRESOLVED,12,True,TRUE
B0,Q2,0,256,70,0,True,MC_UNRESOLVED,12,True,TRUE
B0,Q2,0,256,71,0,True,MC_UNRESOLVED,6,True,TRUE
B0,Q2,0,256,71,71,True,TRUE,6,True,TRUE
B0,Q2,0,256,72,0,True,MC_UNRESOLVED,6,True,TRUE
B0,Q2,0,256,72,72,True,TRUE,6,True,TRUE
B0,Q2,0,256,73,0,True,MC_UNRESOLVED,12,True,TRUE
B0,Q2,0,256,73,73,True,TRUE,12,True,TRUE
B0,Q2,0,256,75,0,True,MC_UNRESOLVED,6,True,TRUE
B0,Q2,0,256,75,75,True,TRUE,6,True,TRUE
B0,Q2,0,256,76,0,True,MC_UNRESOLVED,6,True,TRUE
B0,Q2,0,256,76,76,True,TRUE,6,True,TRUE
B0,Q2,0,256,79,0,True,MC_UNRESOLVED,12,True,TRUE
B0,Q2,0,256,79,79,True,TRUE,12,True,TRUE
B0,Q2,0,256,80,0,True,MC_UNRESOLVED,6,True,TRUE
B0,Q2,0,256,81,0,True,MC_UNRESOLVED,6,True,TRUE
B0,Q2,0,256,81,81,True,TRUE,6,True,TRUE
B0,Q2,0,256,83,0,True,MC_UNRESOLVED,12,True,TRUE
B0,Q2,0,256,83,83,True,TRUE,12,True,TRUE
B0,Q2,0,256,85,0,True,MC_UNRESOLVED,12,True,TRUE
B0,Q2,0,256,86,0,True,MC_UNRESOLVED,6,True,TRUE
B0,Q2,0,256,87,0,True,MC_UNRESOLVED,6,True,TRUE
B0,Q2,0,256,87,87,True,TRUE,6,True,TRUE
B0,Q2,0,256,88,0,True,MC_UNRESOLVED,24,True,TRUE
B0,Q2,0,256,89,0,True,MC_UNRESOLVED,6,True,TRUE
B0,Q2,0,256,89,89,True,TRUE,6,True,TRUE
B0,Q2,0,256,91,0,True,MC_UNRESOLVED,6,True,TRUE
B0,Q2,0,256,91,91,True,TRUE,6,True,TRUE
B0,Q2,0,256,92,0,True,MC_UNRESOLVED,18,True,TRUE
B0,Q2,0,256,92,92,True,TRUE,12,True,TRUE
B0,Q2,0,256,93,0,True,MC_UNRESOLVED,6,True,TRUE
B0,Q2,0,256,93,93,True,TRUE,6,True,TRUE
B0,Q2,0,256,94,0,True,MC_UNRESOLVED,12,True,TRUE
B0,Q2,0,256,94,94,True,TRUE,12,True,TRUE
B0,Q2,0,256,97,0,True,MC_UNRESOLVED,12,True,TRUE
B0,Q2,0,256,99,0,True,MC_UNRESOLVED,6,True,TRUE
B0,Q2,0,256,99,99,True,TRUE,6,True,TRUE
B0,Q2,0,256,101,0,True,MC_UNRESOLVED,6,True,TRUE
B0,Q2,0,256,101,101,True,TRUE,6,True,TRUE
B0,Q2,0,256,102,0,True,MC_UNRESOLVED,12,True,TRUE
B0,Q2,0,256,102,102,True,TRUE,12,True,TRUE
B0,Q2,0,256,103,0,True,MC_UNRESOLVED,6,True,TRUE
B0,Q2,0,256,103,103,True,TRUE,6,True,TRUE
B0,Q2,0,256,105,0,True,MC_UNRESOLVED,6,True,TRUE
B0,Q2,0,256,105,105,True,TRUE,6,True,TRUE
B0,Q2,0,256,106,0,True,MC_UNRESOLVED,18,True,TRUE
B0,Q2,0,256,106,106,True,TRUE,6,True,TRUE
B0,Q2,0,256,107,0,True,MC_UNRESOLVED,12,True,TRUE
B0,Q2,0,256,109,0,True,MC_UNRESOLVED,12,True,TRUE
B0,Q2,0,256,109,109,True,TRUE,12,True,TRUE
B0,Q2,0,256,111,0,True,MC_UNRESOLVED,24,True,TRUE
B0,Q2,0,256,111,58,True,TRUE,6,True,TRUE
B0,Q2,0,256,111,111,True,TRUE,18,True,TRUE
B0,Q2,0,256,112,0,True,MC_UNRESOLVED,6,True,TRUE
B0,Q2,0,256,112,112,True,TRUE,6,True,TRUE
B0,Q2,0,256,113,0,True,MC_UNRESOLVED,6,True,TRUE
B0,Q2,0,256,113,113,True,TRUE,6,True,TRUE
B0,Q2,0,256,114,0,True,MC_UNRESOLVED,6,True,TRUE
B0,Q2,0,256,114,114,True,TRUE,6,True,TRUE
B0,Q2,0,256,116,0,True,MC_UNRESOLVED,6,True,TRUE
B0,Q2,0,256,116,116,True,TRUE,6,True,TRUE
B0,Q2,0,256,117,0,True,MC_UNRESOLVED,24,True,TRUE
B0,Q2,0,256,117,117,True,TRUE,12,True,TRUE
B0,Q2,0,256,118,0,True,MC_UNRESOLVED,12,True,TRUE
B0,Q2,0,256,118,118,True,TRUE,12,True,TRUE
B0,Q2,0,256,121,0,True,MC_UNRESOLVED,6,True,TRUE
B0,Q2,0,256,121,121,True,TRUE,6,True,TRUE
B0,Q2,0,256,124,0,True,MC_UNRESOLVED,6,True,TRUE
B0,Q2,0,256,124,124,True,TRUE,6,True,TRUE
B0,Q2,0,256,125,0,True,MC_UNRESOLVED,6,True,TRUE
B0,Q2,0,256,125,125,True,TRUE,6,True,TRUE
B0,Q2,0,256,128,0,True,MC_UNRESOLVED,6,True,TRUE
B0,Q2,0,256,128,128,True,TRUE,6,True,TRUE
B0,Q2,0,256,130,0,True,MC_UNRESOLVED,12,True,TRUE
B0,Q2,0,256,130,130,True,TRUE,12,True,TRUE
B0,Q2,0,256,136,0,True,MC_UNRESOLVED,6,True,TRUE
B0,Q2,0,256,136,136,True,TRUE,6,True,TRUE
B0,Q2,0,256,139,0,True,MC_UNRESOLVED,6,True,TRUE
B0,Q2,0,256,139,139,True,TRUE,6,True,TRUE
B0,Q2,0,256,149,0,True,MC_UNRESOLVED,18,True,TRUE
B0,Q2,0,256,149,84,True,TRUE,6,True,TRUE
B0,Q2,0,256,149,149,True,TRUE,12,True,TRUE
B0,Q2,0,256,150,0,True,MC_UNRESOLVED,6,True,TRUE
B0,Q2,0,256,150,150,True,TRUE,6,True,TRUE
B0,Q2,0,256,151,0,True,MC_UNRESOLVED,12,True,TRUE
B0,Q2,0,256,151,151,True,TRUE,12,True,TRUE
B0,Q2,0,256,155,0,True,MC_UNRESOLVED,6,True,TRUE
B0,Q2,0,256,155,155,True,TRUE,6,True,TRUE
B0,Q2,0,256,158,0,True,MC_UNRESOLVED,6,True,TRUE
B0,Q2,0,256,159,0,True,MC_UNRESOLVED,12,True,TRUE
B0,Q2,0,256,159,159,True,TRUE,12,True,TRUE
B0,Q2,0,256,160,0,True,MC_UNRESOLVED,6,True,TRUE
B0,Q2,0,256,160,160,True,TRUE,6,True,TRUE
B0,Q2,0,256,167,0,True,MC_UNRESOLVED,12,True,TRUE
B0,Q2,0,256,168,0,True,MC_UNRESOLVED,6,True,TRUE
B0,Q2,0,256,169,0,True,MC_UNRESOLVED,6,True,TRUE
B0,Q2,0,256,169,1,True,TRUE,6,True,TRUE
B0,Q2,0,256,170,0,True,MC_UNRESOLVED,6,True,TRUE
B0,Q2,0,256,170,170,True,TRUE,6,True,TRUE
B0,Q2,0,256,175,0,True,MC_UNRESOLVED,12,True,TRUE
B0,Q2,0,256,175,175,True,TRUE,12,True,TRUE
B0,Q2,0,256,180,0,True,MC_UNRESOLVED,6,True,TRUE
B0,Q2,0,256,180,180,True,TRUE,6,True,TRUE
B0,Q2,0,256,182,0,True,MC_UNRESOLVED,6,True,TRUE
B0,Q2,0,256,182,182,True,TRUE,6,True,TRUE
B0,Q2,0,256,184,0,True,MC_UNRESOLVED,6,True,TRUE
B0,Q2,0,256,184,184,True,TRUE,6,True,TRUE
B0,Q2,0,256,192,0,True,MC_UNRESOLVED,6,True,TRUE
B0,Q2,0,256,192,192,True,TRUE,6,True,TRUE
B0,Q2,0,256,193,0,True,MC_UNRESOLVED,9,True,TRUE
B0,Q2,0,256,193,193,True,TRUE,9,True,TRUE
B0,Q2,0,256,197,0,True,MC_UNRESOLVED,15,True,TRUE
B0,Q2,0,256,197,197,True,TRUE,15,True,TRUE
B0,Q2,0,256,199,0,True,MC_UNRESOLVED,6,True,TRUE
B0,Q2,0,256,200,0,True,MC_UNRESOLVED,6,True,TRUE
B0,Q2,0,256,200,200,True,TRUE,6,True,TRUE
B0,Q2,0,256,201,0,True,MC_UNRESOLVED,6,True,TRUE
B0,Q2,0,256,201,201,True,TRUE,6,True,TRUE
B0,Q2,0,256,204,0,True,MC_UNRESOLVED,12,True,TRUE
B0,Q2,0,256,204,204,True,TRUE,12,True,TRUE
B0,Q2,0,256,206,0,True,MC_UNRESOLVED,6,True,TRUE
B0,Q2,0,256,206,206,True,TRUE,6,True,TRUE
B0,Q2,0,256,207,0,True,MC_UNRESOLVED,6,True,TRUE
B0,Q2,0,256,207,207,True,TRUE,6,True,TRUE
B0,Q2,0,256,210,0,True,MC_UNRESOLVED,6,True,TRUE
B0,Q2,0,256,210,210,True,TRUE,6,True,TRUE
B0,Q2,0,256,211,0,True,MC_UNRESOLVED,6,True,TRUE
B0,Q2,0,256,211,211,True,TRUE,6,True,TRUE
B0,Q2,0,256,216,0,True,MC_UNRESOLVED,12,True,TRUE
B0,Q2,0,256,216,216,True,TRUE,6,True,TRUE
B0,Q2,0,256,217,0,True,MC_UNRESOLVED,6,True,TRUE
B0,Q2,0,256,217,217,True,TRUE,6,True,TRUE
B0,Q2,0,256,218,0,True,MC_UNRESOLVED,6,True,TRUE
B0,Q2,0,256,218,218,True,TRUE,6,True,TRUE
B0,Q2,0,256,220,0,True,MC_UNRESOLVED,6,True,TRUE
B0,Q2,0,256,220,220,True,TRUE,6,True,TRUE
B0,Q2,0,256,221,0,True,MC_UNRESOLVED,6,True,TRUE
B0,Q2,0,256,221,221,True,TRUE,6,True,TRUE
B0,Q2,0,256,224,0,True,MC_UNRESOLVED,12,True,TRUE
B0,Q2,0,256,224,224,True,TRUE,6,True,TRUE
B0,Q2,0,256,225,0,True,MC_UNRESOLVED,6,True,TRUE
B0,Q2,0,256,225,225,True,TRUE,6,True,TRUE
B0,Q2,0,256,227,0,True,MC_UNRESOLVED,12,True,TRUE
B0,Q2,0,256,228,0,True,MC_UNRESOLVED,6,True,TRUE
B0,Q2,0,256,228,228,True,TRUE,6,True,TRUE
B0,Q2,0,256,229,0,True,MC_UNRESOLVED,6,True,TRUE
B0,Q2,0,256,229,229,True,TRUE,6,True,TRUE
B0,Q2,0,256,234,0,True,MC_UNRESOLVED,6,True,TRUE
B0,Q2,0,256,234,234,True,TRUE,6,True,TRUE
B0,Q2,0,256,235,0,True,MC_UNRESOLVED,6,True,TRUE
B0,Q2,0,256,235,235,True,TRUE,6,True,TRUE
B0,Q2,0,256,239,0,True,MC_UNRESOLVED,6,True,TRUE
B0,Q2,0,256,239,239,True,TRUE,6,True,TRUE
B0,Q2,0,256,240,0,True,MC_UNRESOLVED,12,True,TRUE
B0,Q2,0,256,240,240,True,TRUE,6,True,TRUE
B0,Q2,0,256,241,0,True,MC_UNRESOLVED,18,True,TRUE
B0,Q2,0,256,241,241,True,TRUE,18,True,TRUE
B0,Q2,0,256,242,0,True,MC_UNRESOLVED,6,True,TRUE
B0,Q2,0,256,242,242,True,TRUE,6,True,TRUE
B0,Q2,0,256,243,0,True,MC_UNRESOLVED,6,True,TRUE
B0,Q2,0,256,243,243,True,TRUE,6,True,TRUE
B0,Q2,0,256,244,0,True,MC_UNRESOLVED,30,True,TRUE
B0,Q2,0,256,244,244,True,TRUE,18,True,TRUE
B0,Q2,0,256,245,0,True,MC_UNRESOLVED,3,True,TRUE
B0,Q2,0,256,245,1,True,TRUE,3,True,TRUE
B0,Q2,0,256,246,0,True,MC_UNRESOLVED,18,True,TRUE
B0,Q2,0,256,246,246,True,TRUE,6,True,TRUE
B0,Q2,0,256,247,0,True,MC_UNRESOLVED,6,True,TRUE
B0,Q2,0,256,247,247,True,TRUE,6,True,TRUE
B0,Q2,0,256,248,0,True,MC_UNRESOLVED,6,True,TRUE
B0,Q2,0,256,249,0,True,MC_UNRESOLVED,9,True,TRUE
B0,Q2,0,256,249,249,True,TRUE,9,True,TRUE
B0,Q2,0,256,250,0,True,MC_UNRESOLVED,33,True,TRUE
B0,Q2,0,256,250,250,True,TRUE,33,True,TRUE
B0,Q2,0,256,251,0,True,MC_UNRESOLVED,18,True,TRUE
B0,Q2,0,256,251,251,True,TRUE,18,True,TRUE
B0,Q2,0,256,252,0,True,MC_UNRESOLVED,12,True,TRUE
B0,Q2,0,256,252,252,True,TRUE,12,True,TRUE
B0,Q2,0,256,253,0,True,MC_UNRESOLVED,2,True,TRUE
B0,Q2,0,256,253,253,True,TRUE,2,True,TRUE
B0,Q2,0,256,254,0,True,MC_UNRESOLVED,20,True,TRUE
B0,Q2,0,256,254,249,True,TRUE,3,True,TRUE
B0,Q2,0,256,254,254,True,TRUE,21,True,TRUE
B0,Q2,0,256,255,0,True,MC_UNRESOLVED,51,True,TRUE
B0,Q2,0,256,255,1,True,TRUE,4,True,TRUE
B0,Q2,0,256,255,3,True,TRUE,2,True,TRUE
B0,Q2,0,256,255,238,True,TRUE,2,True,TRUE
B0,Q2,0,256,255,252,True,TRUE,2,True,TRUE
B0,Q2,0,256,255,254,True,TRUE,2,True,TRUE
B0,Q2,0,256,255,255,True,TRUE,67,True,TRUE
B0,Q2,0,256,256,0,True,MC_UNRESOLVED,36107,True,TRUE
B0,Q2,0,256,256,1,True,TRUE,89,True,TRUE
B0,Q2,0,256,256,2,True,TRUE,42,True,TRUE
B0,Q2,0,256,256,3,True,TRUE,43,True,TRUE
B0,Q2,0,256,256,4,True,TRUE,6,True,TRUE
B0,Q2,0,256,256,7,True,TRUE,3,True,TRUE
B0,Q2,0,256,256,9,True,TRUE,3,True,TRUE
B0,Q2,0,256,256,21,True,TRUE,6,True,TRUE
B0,Q2,0,256,256,24,True,TRUE,3,True,TRUE
B0,Q2,0,256,256,25,True,TRUE,21,True,TRUE
B0,Q2,0,256,256,26,True,TRUE,6,True,TRUE
B0,Q2,0,256,256,27,True,TRUE,6,True,TRUE
B0,Q2,0,256,256,29,True,TRUE,6,True,TRUE
B0,Q2,0,256,256,33,True,TRUE,18,True,TRUE
B0,Q2,0,256,256,43,True,TRUE,18,True,TRUE
B0,Q2,0,256,256,48,True,TRUE,18,True,TRUE
B0,Q2,0,256,256,72,True,TRUE,3,True,TRUE
B0,Q2,0,256,256,74,True,TRUE,3,True,TRUE
B0,Q2,0,256,256,84,True,TRUE,6,True,TRUE
B0,Q2,0,256,256,107,True,TRUE,6,True,TRUE
B0,Q2,0,256,256,110,True,TRUE,6,True,TRUE
B0,Q2,0,256,256,116,True,TRUE,6,True,TRUE
B0,Q2,0,256,256,123,True,TRUE,3,True,TRUE
B0,Q2,0,256,256,134,True,TRUE,18,True,TRUE
B0,Q2,0,256,256,135,True,TRUE,3,True,TRUE
B0,Q2,0,256,256,139,True,TRUE,3,True,TRUE
B0,Q2,0,256,256,142,True,TRUE,12,True,TRUE
B0,Q2,0,256,256,144,True,TRUE,15,True,TRUE
B0,Q2,0,256,256,145,True,TRUE,6,True,TRUE
B0,Q2,0,256,256,146,True,TRUE,12,True,TRUE
B0,Q2,0,256,256,147,True,TRUE,24,True,TRUE
B0,Q2,0,256,256,148,True,TRUE,6,True,TRUE
B0,Q2,0,256,256,155,True,TRUE,12,True,TRUE
B0,Q2,0,256,256,159,True,TRUE,18,True,TRUE
B0,Q2,0,256,256,168,True,TRUE,6,True,TRUE
B0,Q2,0,256,256,169,True,TRUE,3,True,TRUE
B0,Q2,0,256,256,174,True,TRUE,6,True,TRUE
B0,Q2,0,256,256,180,True,TRUE,3,True,TRUE
B0,Q2,0,256,256,194,True,TRUE,3,True,TRUE
B0,Q2,0,256,256,200,True,TRUE,3,True,TRUE
B0,Q2,0,256,256,202,True,TRUE,3,True,TRUE
B0,Q2,0,256,256,206,True,TRUE,3,True,TRUE
B0,Q2,0,256,256,215,True,TRUE,6,True,TRUE
B0,Q2,0,256,256,221,True,TRUE,6,True,TRUE
B0,Q2,0,256,256,225,True,TRUE,3,True,TRUE
B0,Q2,0,256,256,227,True,TRUE,6,True,TRUE
B0,Q2,0,256,256,229,True,TRUE,3,True,TRUE
B0,Q2,0,256,256,230,True,TRUE,12,True,TRUE
B0,Q2,0,256,256,232,True,TRUE,6,True,TRUE
B0,Q2,0,256,256,239,True,TRUE,22,True,TRUE
B0,Q2,0,256,256,241,True,TRUE,3,True,TRUE
B0,Q2,0,256,256,242,True,TRUE,3,True,TRUE
B0,Q2,0,256,256,243,True,TRUE,18,True,TRUE
B0,Q2,0,256,256,244,True,TRUE,12,True,TRUE
B0,Q2,0,256,256,249,True,TRUE,9,True,TRUE
B0,Q2,0,256,256,250,True,TRUE,18,True,TRUE
B0,Q2,0,256,256,251,True,TRUE,6,True,TRUE
B0,Q2,0,256,256,253,True,TRUE,19,True,TRUE
B0,Q2,0,256,256,254,True,TRUE,30,True,TRUE
B0,Q2,0,256,256,255,True,TRUE,49,True,TRUE
B0,Q2,0,256,256,256,True,TRUE,31680,True,TRUE
B0,Q1,0.5,256,0,0,False,FALSE,15552,False,FALSE
B0,Q1,0.5,256,0,0,True,FALSE,31275,False,FALSE
B0,Q1,0.5,256,1,0,True,FALSE,48,False,FALSE
B0,Q1,0.5,256,1,1,True,FALSE,99,False,FALSE
B0,Q1,0.5,256,2,0,True,FALSE,6,False,FALSE
B0,Q1,0.5,256,2,2,True,FALSE,66,False,FALSE
B0,Q1,0.5,256,3,0,True,FALSE,12,False,FALSE
B0,Q1,0.5,256,3,1,True,FALSE,3,False,FALSE
B0,Q1,0.5,256,3,3,True,FALSE,39,False,FALSE
B0,Q1,0.5,256,4,0,True,FALSE,18,False,FALSE
B0,Q1,0.5,256,4,4,True,FALSE,57,False,FALSE
B0,Q1,0.5,256,5,0,True,FALSE,9,False,FALSE
B0,Q1,0.5,256,5,4,True,FALSE,3,False,FALSE
B0,Q1,0.5,256,5,5,True,FALSE,30,False,FALSE
B0,Q1,0.5,256,6,0,True,FALSE,3,False,FALSE
B0,Q1,0.5,256,6,6,True,FALSE,27,False,FALSE
B0,Q1,0.5,256,7,0,True,FALSE,6,False,FALSE
B0,Q1,0.5,256,7,7,True,FALSE,36,False,FALSE
B0,Q1,0.5,256,8,8,True,FALSE,18,False,FALSE
B0,Q1,0.5,256,9,9,True,FALSE,39,False,FALSE
B0,Q1,0.5,256,10,8,True,FALSE,6,False,FALSE
B0,Q1,0.5,256,10,10,True,FALSE,12,False,FALSE
B0,Q1,0.5,256,11,9,True,FALSE,6,False,FALSE
B0,Q1,0.5,256,11,11,True,FALSE,6,False,FALSE
B0,Q1,0.5,256,12,0,True,FALSE,6,False,FALSE
B0,Q1,0.5,256,12,12,True,FALSE,18,False,FALSE
B0,Q1,0.5,256,13,13,True,FALSE,18,False,FALSE
B0,Q1,0.5,256,14,14,True,FALSE,12,False,FALSE
B0,Q1,0.5,256,15,15,True,FALSE,12,False,FALSE
B0,Q1,0.5,256,16,0,True,FALSE,3,False,FALSE
B0,Q1,0.5,256,18,0,True,FALSE,3,False,FALSE
B0,Q1,0.5,256,18,18,True,FALSE,6,False,FALSE
B0,Q1,0.5,256,20,0,True,FALSE,3,False,FALSE
B0,Q1,0.5,256,20,20,True,FALSE,6,False,FALSE
B0,Q1,0.5,256,21,21,True,FALSE,18,False,FALSE
B0,Q1,0.5,256,22,22,True,FALSE,6,False,FALSE
B0,Q1,0.5,256,23,23,True,FALSE,6,False,FALSE
B0,Q1,0.5,256,25,25,True,FALSE,21,False,FALSE
B0,Q1,0.5,256,26,26,True,FALSE,6,False,FALSE
B0,Q1,0.5,256,27,0,True,FALSE,3,False,FALSE
B0,Q1,0.5,256,28,28,True,FALSE,9,False,FALSE
B0,Q1,0.5,256,31,31,True,FALSE,6,False,FALSE
B0,Q1,0.5,256,32,32,True,FALSE,6,False,FALSE
B0,Q1,0.5,256,33,33,True,FALSE,12,False,FALSE
B0,Q1,0.5,256,36,36,True,FALSE,12,False,FALSE
B0,Q1,0.5,256,37,37,True,FALSE,6,False,FALSE
B0,Q1,0.5,256,38,38,True,FALSE,12,False,FALSE
B0,Q1,0.5,256,39,0,True,FALSE,3,False,FALSE
B0,Q1,0.5,256,39,39,True,FALSE,6,False,FALSE
B0,Q1,0.5,256,40,0,True,FALSE,3,False,FALSE
B0,Q1,0.5,256,40,40,True,FALSE,12,False,FALSE
B0,Q1,0.5,256,41,0,True,FALSE,3,False,FALSE
B0,Q1,0.5,256,41,41,True,FALSE,3,False,FALSE
B0,Q1,0.5,256,43,0,True,FALSE,6,False,FALSE
B0,Q1,0.5,256,43,43,True,FALSE,3,False,FALSE
B0,Q1,0.5,256,44,44,True,FALSE,6,False,FALSE
B0,Q1,0.5,256,45,45,True,FALSE,12,False,FALSE
B0,Q1,0.5,256,46,46,True,FALSE,6,False,FALSE
B0,Q1,0.5,256,47,47,True,FALSE,9,False,FALSE
B0,Q1,0.5,256,48,48,True,FALSE,6,False,FALSE
B0,Q1,0.5,256,49,49,True,FALSE,9,False,FALSE
B0,Q1,0.5,256,50,50,True,FALSE,12,False,FALSE
B0,Q1,0.5,256,51,51,True,FALSE,9,False,FALSE
B0,Q1,0.5,256,54,0,True,FALSE,3,False,FALSE
B0,Q1,0.5,256,54,54,True,FALSE,6,False,FALSE
B0,Q1,0.5,256,55,55,True,FALSE,15,False,FALSE
B0,Q1,0.5,256,56,56,True,FALSE,9,False,FALSE
B0,Q1,0.5,256,57,57,True,FALSE,12,False,FALSE
B0,Q1,0.5,256,58,58,True,FALSE,6,False,FALSE
B0,Q1,0.5,256,59,59,True,FALSE,21,False,FALSE
B0,Q1,0.5,256,60,60,True,FALSE,18,False,FALSE
B0,Q1,0.5,256,61,61,True,FALSE,6,False,FALSE
B0,Q1,0.5,256,63,63,True,FALSE,6,False,FALSE
B0,Q1,0.5,256,64,0,True,FALSE,3,False,FALSE
B0,Q1,0.5,256,65,65,True,FALSE,6,False,FALSE
B0,Q1,0.5,256,66,0,True,FALSE,6,False,FALSE
B0,Q1,0.5,256,67,67,True,FALSE,6,False,FALSE
B0,Q1,0.5,256,69,0,True,FALSE,6,False,FALSE
B0,Q1,0.5,256,70,0,True,FALSE,6,False,FALSE
B0,Q1,0.5,256,71,71,True,FALSE,6,False,FALSE
B0,Q1,0.5,256,72,72,True,FALSE,6,False,FALSE
B0,Q1,0.5,256,73,73,True,FALSE,12,False,FALSE
B0,Q1,0.5,256,75,75,True,FALSE,6,False,FALSE
B0,Q1,0.5,256,76,76,True,FALSE,6,False,FALSE
B0,Q1,0.5,256,79,79,True,FALSE,12,False,FALSE
B0,Q1,0.5,256,80,0,True,FALSE,3,False,FALSE
B0,Q1,0.5,256,81,81,True,FALSE,6,False,FALSE
B0,Q1,0.5,256,83,83,True,FALSE,12,False,FALSE
B0,Q1,0.5,256,85,0,True,FALSE,6,False,FALSE
B0,Q1,0.5,256,86,0,True,FALSE,3,False,FALSE
B0,Q1,0.5,256,87,87,True,FALSE,6,False,FALSE
B0,Q1,0.5,256,88,0,True,FALSE,12,False,FALSE
B0,Q1,0.5,256,89,89,True,FALSE,6,False,FALSE
B0,Q1,0.5,256,91,91,True,FALSE,6,False,FALSE
B0,Q1,0.5,256,92,0,True,FALSE,3,False,FALSE
B0,Q1,0.5,256,92,92,True,FALSE,12,False,FALSE
B0,Q1,0.5,256,93,93,True,FALSE,6,False,FALSE
B0,Q1,0.5,256,94,94,True,FALSE,12,False,FALSE
B0,Q1,0.5,256,97,0,True,FALSE,6,False,FALSE
B0,Q1,0.5,256,99,99,True,FALSE,6,False,FALSE
B0,Q1,0.5,256,101,101,True,FALSE,6,False,FALSE
B0,Q1,0.5,256,102,102,True,FALSE,12,False,FALSE
B0,Q1,0.5,256,103,103,True,FALSE,6,False,FALSE
B0,Q1,0.5,256,105,105,True,FALSE,6,False,FALSE
B0,Q1,0.5,256,106,0,True,FALSE,6,False,FALSE
B0,Q1,0.5,256,106,106,True,FALSE,6,False,FALSE
B0,Q1,0.5,256,107,0,True,FALSE,6,False,FALSE
B0,Q1,0.5,256,109,109,True,FALSE,12,False,FALSE
B0,Q1,0.5,256,111,58,True,FALSE,6,False,FALSE
B0,Q1,0.5,256,111,111,True,FALSE,18,False,FALSE
B0,Q1,0.5,256,112,112,True,FALSE,6,False,FALSE
B0,Q1,0.5,256,113,113,True,MC_UNRESOLVED,6,False,MC_UNRESOLVED
B0,Q1,0.5,256,114,114,True,MC_UNRESOLVED,6,False,MC_UNRESOLVED
B0,Q1,0.5,256,116,116,True,MC_UNRESOLVED,6,False,MC_UNRESOLVED
B0,Q1,0.5,256,117,0,True,MC_UNRESOLVED,6,False,MC_UNRESOLVED
B0,Q1,0.5,256,117,117,True,MC_UNRESOLVED,12,False,MC_UNRESOLVED
B0,Q1,0.5,256,118,118,True,MC_UNRESOLVED,12,False,MC_UNRESOLVED
B0,Q1,0.5,256,121,121,True,MC_UNRESOLVED,6,False,MC_UNRESOLVED
B0,Q1,0.5,256,124,124,True,MC_UNRESOLVED,6,False,MC_UNRESOLVED
B0,Q1,0.5,256,125,125,True,MC_UNRESOLVED,6,False,MC_UNRESOLVED
B0,Q1,0.5,256,128,128,True,MC_UNRESOLVED,6,True,MC_UNRESOLVED
B0,Q1,0.5,256,130,130,True,MC_UNRESOLVED,12,True,MC_UNRESOLVED
B0,Q1,0.5,256,136,136,True,MC_UNRESOLVED,6,True,MC_UNRESOLVED
B0,Q1,0.5,256,139,139,True,MC_UNRESOLVED,6,True,MC_UNRESOLVED
B0,Q1,0.5,256,149,84,True,TRUE,6,True,TRUE
B0,Q1,0.5,256,149,149,True,TRUE,12,True,TRUE
B0,Q1,0.5,256,150,150,True,TRUE,6,True,TRUE
B0,Q1,0.5,256,151,151,True,TRUE,12,True,TRUE
B0,Q1,0.5,256,155,155,True,TRUE,6,True,TRUE
B0,Q1,0.5,256,158,0,True,TRUE,3,True,TRUE
B0,Q1,0.5,256,159,159,True,TRUE,12,True,TRUE
B0,Q1,0.5,256,160,160,True,TRUE,6,True,TRUE
B0,Q1,0.5,256,167,0,True,TRUE,6,True,TRUE
B0,Q1,0.5,256,168,0,True,TRUE,3,True,TRUE
B0,Q1,0.5,256,169,1,True,TRUE,6,True,TRUE
B0,Q1,0.5,256,170,170,True,TRUE,6,True,TRUE
B0,Q1,0.5,256,175,175,True,TRUE,12,True,TRUE
B0,Q1,0.5,256,180,180,True,TRUE,6,True,TRUE
B0,Q1,0.5,256,182,182,True,TRUE,6,True,TRUE
B0,Q1,0.5,256,184,184,True,TRUE,6,True,TRUE
B0,Q1,0.5,256,192,192,True,TRUE,6,True,TRUE
B0,Q1,0.5,256,193,193,True,TRUE,9,True,TRUE
B0,Q1,0.5,256,197,197,True,TRUE,15,True,TRUE
B0,Q1,0.5,256,199,0,True,TRUE,3,True,TRUE
B0,Q1,0.5,256,200,200,True,TRUE,6,True,TRUE
B0,Q1,0.5,256,201,201,True,TRUE,6,True,TRUE
B0,Q1,0.5,256,204,204,True,TRUE,12,True,TRUE
B0,Q1,0.5,256,206,206,True,TRUE,6,True,TRUE
B0,Q1,0.5,256,207,207,True,TRUE,6,True,TRUE
B0,Q1,0.5,256,210,210,True,TRUE,6,True,TRUE
B0,Q1,0.5,256,211,211,True,TRUE,6,True,TRUE
B0,Q1,0.5,256,216,0,True,TRUE,3,True,TRUE
B0,Q1,0.5,256,216,216,True,TRUE,6,True,TRUE
B0,Q1,0.5,256,217,217,True,TRUE,6,True,TRUE
B0,Q1,0.5,256,218,218,True,TRUE,6,True,TRUE
B0,Q1,0.5,256,220,220,True,TRUE,6,True,TRUE
B0,Q1,0.5,256,221,221,True,TRUE,6,True,TRUE
B0,Q1,0.5,256,224,0,True,TRUE,3,True,TRUE
B0,Q1,0.5,256,224,224,True,TRUE,6,True,TRUE
B0,Q1,0.5,256,225,225,True,TRUE,6,True,TRUE
B0,Q1,0.5,256,227,0,True,TRUE,6,True,TRUE
B0,Q1,0.5,256,228,228,True,TRUE,6,True,TRUE
B0,Q1,0.5,256,229,229,True,TRUE,6,True,TRUE
B0,Q1,0.5,256,234,234,True,TRUE,6,True,TRUE
B0,Q1,0.5,256,235,235,True,TRUE,6,True,TRUE
B0,Q1,0.5,256,239,239,True,TRUE,6,True,TRUE
B0,Q1,0.5,256,240,0,True,TRUE,3,True,TRUE
B0,Q1,0.5,256,240,240,True,TRUE,6,True,TRUE
B0,Q1,0.5,256,241,241,True,TRUE,18,True,TRUE
B0,Q1,0.5,256,242,242,True,TRUE,6,True,TRUE
B0,Q1,0.5,256,243,243,True,TRUE,6,True,TRUE
B0,Q1,0.5,256,244,0,True,TRUE,6,True,TRUE
B0,Q1,0.5,256,244,244,True,TRUE,18,True,TRUE
B0,Q1,0.5,256,245,1,True,TRUE,3,True,TRUE
B0,Q1,0.5,256,246,0,True,TRUE,6,True,TRUE
B0,Q1,0.5,256,246,246,True,TRUE,6,True,TRUE
B0,Q1,0.5,256,247,247,True,TRUE,6,True,TRUE
B0,Q1,0.5,256,248,0,True,TRUE,3,True,TRUE
B0,Q1,0.5,256,249,249,True,TRUE,9,True,TRUE
B0,Q1,0.5,256,250,250,True,TRUE,33,True,TRUE
B0,Q1,0.5,256,251,251,True,TRUE,18,True,TRUE
B0,Q1,0.5,256,252,252,True,TRUE,12,True,TRUE
B0,Q1,0.5,256,253,253,True,TRUE,2,True,TRUE
B0,Q1,0.5,256,254,249,True,TRUE,3,True,TRUE
B0,Q1,0.5,256,254,254,True,TRUE,19,True,TRUE
B0,Q1,0.5,256,255,255,True,TRUE,65,True,TRUE
B0,Q1,0.5,256,256,0,True,TRUE,2274,True,TRUE
B0,Q1,0.5,256,256,1,True,TRUE,39,True,TRUE
B0,Q1,0.5,256,256,2,True,TRUE,24,True,TRUE
B0,Q1,0.5,256,256,3,True,TRUE,9,True,TRUE
B0,Q1,0.5,256,256,4,True,TRUE,6,True,TRUE
B0,Q1,0.5,256,256,7,True,TRUE,3,True,TRUE
B0,Q1,0.5,256,256,9,True,TRUE,3,True,TRUE
B0,Q1,0.5,256,256,21,True,TRUE,6,True,TRUE
B0,Q1,0.5,256,256,24,True,TRUE,3,True,TRUE
B0,Q1,0.5,256,256,25,True,TRUE,3,True,TRUE
B0,Q1,0.5,256,256,26,True,TRUE,6,True,TRUE
B0,Q1,0.5,256,256,27,True,TRUE,6,True,TRUE
B0,Q1,0.5,256,256,29,True,TRUE,6,True,TRUE
B0,Q1,0.5,256,256,72,True,TRUE,3,True,TRUE
B0,Q1,0.5,256,256,74,True,TRUE,3,True,TRUE
B0,Q1,0.5,256,256,84,True,TRUE,6,True,TRUE
B0,Q1,0.5,256,256,107,True,TRUE,6,True,TRUE
B0,Q1,0.5,256,256,110,True,TRUE,6,True,TRUE
B0,Q1,0.5,256,256,116,True,TRUE,6,True,TRUE
B0,Q1,0.5,256,256,123,True,TRUE,3,True,TRUE
B0,Q1,0.5,256,256,135,True,TRUE,3,True,TRUE
B0,Q1,0.5,256,256,139,True,TRUE,3,True,TRUE
B0,Q1,0.5,256,256,142,True,TRUE,12,True,TRUE
B0,Q1,0.5,256,256,144,True,TRUE,15,True,TRUE
B0,Q1,0.5,256,256,145,True,TRUE,6,True,TRUE
B0,Q1,0.5,256,256,146,True,TRUE,12,True,TRUE
B0,Q1,0.5,256,256,147,True,TRUE,6,True,TRUE
B0,Q1,0.5,256,256,148,True,TRUE,6,True,TRUE
B0,Q1,0.5,256,256,155,True,TRUE,12,True,TRUE
B0,Q1,0.5,256,256,159,True,TRUE,18,True,TRUE
B0,Q1,0.5,256,256,168,True,TRUE,6,True,TRUE
B0,Q1,0.5,256,256,169,True,TRUE,3,True,TRUE
B0,Q1,0.5,256,256,174,True,TRUE,6,True,TRUE
B0,Q1,0.5,256,256,180,True,TRUE,3,True,TRUE
B0,Q1,0.5,256,256,194,True,TRUE,3,True,TRUE
B0,Q1,0.5,256,256,200,True,TRUE,3,True,TRUE
B0,Q1,0.5,256,256,202,True,TRUE,3,True,TRUE
B0,Q1,0.5,256,256,206,True,TRUE,3,True,TRUE
B0,Q1,0.5,256,256,215,True,TRUE,6,True,TRUE
B0,Q1,0.5,256,256,221,True,TRUE,6,True,TRUE
B0,Q1,0.5,256,256,225,True,TRUE,3,True,TRUE
B0,Q1,0.5,256,256,227,True,TRUE,6,True,TRUE
B0,Q1,0.5,256,256,229,True,TRUE,3,True,TRUE
B0,Q1,0.5,256,256,230,True,TRUE,12,True,TRUE
B0,Q1,0.5,256,256,232,True,TRUE,6,True,TRUE
B0,Q1,0.5,256,256,239,True,TRUE,6,True,TRUE
B0,Q1,0.5,256,256,241,True,TRUE,3,True,TRUE
B0,Q1,0.5,256,256,242,True,TRUE,3,True,TRUE
B0,Q1,0.5,256,256,244,True,TRUE,12,True,TRUE
B0,Q1,0.5,256,256,249,True,TRUE,9,True,TRUE
B0,Q1,0.5,256,256,251,True,TRUE,6,True,TRUE
B0,Q1,0.5,256,256,253,True,TRUE,3,True,TRUE
B0,Q1,0.5,256,256,254,True,TRUE,30,True,TRUE
B0,Q1,0.5,256,256,255,True,TRUE,33,True,TRUE
B0,Q1,0.5,256,256,256,True,TRUE,31558,True,TRUE
B0,Q2,0.5,256,0,0,False,FALSE,31104,False,FALSE
B0,Q2,0.5,256,0,0,True,FALSE,62550,False,FALSE
B0,Q2,0.5,256,1,0,True,FALSE,195,False,FALSE
B0,Q2,0.5,256,1,1,True,FALSE,99,False,FALSE
B0,Q2,0.5,256,2,0,True,FALSE,78,False,FALSE
B0,Q2,0.5,256,2,2,True,FALSE,66,False,FALSE
B0,Q2,0.5,256,3,0,True,FALSE,66,False,FALSE
B0,Q2,0.5,256,3,1,True,FALSE,3,False,FALSE
B0,Q2,0.5,256,3,3,True,FALSE,39,False,FALSE
B0,Q2,0.5,256,4,0,True,FALSE,93,False,FALSE
B0,Q2,0.5,256,4,4,True,FALSE,57,False,FALSE
B0,Q2,0.5,256,5,0,True,FALSE,51,False,FALSE
B0,Q2,0.5,256,5,4,True,FALSE,3,False,FALSE
B0,Q2,0.5,256,5,5,True,FALSE,30,False,FALSE
B0,Q2,0.5,256,6,0,True,FALSE,33,False,FALSE
B0,Q2,0.5,256,6,6,True,FALSE,27,False,FALSE
B0,Q2,0.5,256,7,0,True,FALSE,48,False,FALSE
B0,Q2,0.5,256,7,7,True,FALSE,36,False,FALSE
B0,Q2,0.5,256,8,0,True,FALSE,18,False,FALSE
B0,Q2,0.5,256,8,8,True,FALSE,18,False,FALSE
B0,Q2,0.5,256,9,0,True,FALSE,39,False,FALSE
B0,Q2,0.5,256,9,9,True,FALSE,39,False,FALSE
B0,Q2,0.5,256,10,0,True,FALSE,18,False,FALSE
B0,Q2,0.5,256,10,8,True,FALSE,6,False,FALSE
B0,Q2,0.5,256,10,10,True,FALSE,12,False,FALSE
B0,Q2,0.5,256,11,0,True,FALSE,12,False,FALSE
B0,Q2,0.5,256,11,9,True,FALSE,6,False,FALSE
B0,Q2,0.5,256,11,11,True,FALSE,6,False,FALSE
B0,Q2,0.5,256,12,0,True,FALSE,30,False,FALSE
B0,Q2,0.5,256,12,12,True,FALSE,18,False,FALSE
B0,Q2,0.5,256,13,0,True,FALSE,18,False,FALSE
B0,Q2,0.5,256,13,13,True,FALSE,18,False,FALSE
B0,Q2,0.5,256,14,0,True,FALSE,12,False,FALSE
B0,Q2,0.5,256,14,14,True,FALSE,12,False,FALSE
B0,Q2,0.5,256,15,0,True,FALSE,12,False,FALSE
B0,Q2,0.5,256,15,15,True,FALSE,12,False,FALSE
B0,Q2,0.5,256,16,0,True,FALSE,6,False,FALSE
B0,Q2,0.5,256,18,0,True,FALSE,12,False,FALSE
B0,Q2,0.5,256,18,18,True,FALSE,6,False,FALSE
B0,Q2,0.5,256,20,0,True,FALSE,12,False,FALSE
B0,Q2,0.5,256,20,20,True,FALSE,6,False,FALSE
B0,Q2,0.5,256,21,0,True,FALSE,18,False,FALSE
B0,Q2,0.5,256,21,21,True,FALSE,18,False,FALSE
B0,Q2,0.5,256,22,0,True,FALSE,6,False,FALSE
B0,Q2,0.5,256,22,22,True,FALSE,6,False,FALSE
B0,Q2,0.5,256,23,0,True,FALSE,6,False,FALSE
B0,Q2,0.5,256,23,23,True,FALSE,6,False,FALSE
B0,Q2,0.5,256,25,0,True,FALSE,21,False,FALSE
B0,Q2,0.5,256,25,25,True,FALSE,21,False,FALSE
B0,Q2,0.5,256,26,0,True,FALSE,6,False,FALSE
B0,Q2,0.5,256,26,26,True,FALSE,6,False,FALSE
B0,Q2,0.5,256,27,0,True,FALSE,6,False,FALSE
B0,Q2,0.5,256,28,0,True,FALSE,9,False,FALSE
B0,Q2,0.5,256,28,28,True,FALSE,9,False,FALSE
B0,Q2,0.5,256,31,0,True,FALSE,6,False,FALSE
B0,Q2,0.5,256,31,31,True,FALSE,6,False,FALSE
B0,Q2,0.5,256,32,0,True,FALSE,6,False,FALSE
B0,Q2,0.5,256,32,32,True,FALSE,6,False,FALSE
B0,Q2,0.5,256,33,0,True,FALSE,12,False,FALSE
B0,Q2,0.5,256,33,33,True,FALSE,12,False,FALSE
B0,Q2,0.5,256,36,0,True,FALSE,12,False,FALSE
B0,Q2,0.5,256,36,36,True,FALSE,12,False,FALSE
B0,Q2,0.5,256,37,0,True,FALSE,6,False,FALSE
B0,Q2,0.5,256,37,37,True,FALSE,6,False,FALSE
B0,Q2,0.5,256,38,0,True,FALSE,12,False,FALSE
B0,Q2,0.5,256,38,38,True,FALSE,12,False,FALSE
B0,Q2,0.5,256,39,0,True,FALSE,12,False,FALSE
B0,Q2,0.5,256,39,39,True,FALSE,6,False,FALSE
B0,Q2,0.5,256,40,0,True,FALSE,18,False,FALSE
B0,Q2,0.5,256,40,40,True,FALSE,12,False,FALSE
B0,Q2,0.5,256,41,0,True,FALSE,9,False,FALSE
B0,Q2,0.5,256,41,41,True,FALSE,3,False,FALSE
B0,Q2,0.5,256,43,0,True,FALSE,15,False,FALSE
B0,Q2,0.5,256,43,43,True,FALSE,3,False,FALSE
B0,Q2,0.5,256,44,0,True,FALSE,6,False,FALSE
B0,Q2,0.5,256,44,44,True,FALSE,6,False,FALSE
B0,Q2,0.5,256,45,0,True,FALSE,12,False,FALSE
B0,Q2,0.5,256,45,45,True,FALSE,12,False,FALSE
B0,Q2,0.5,256,46,0,True,FALSE,6,False,FALSE
B0,Q2,0.5,256,46,46,True,FALSE,6,False,FALSE
B0,Q2,0.5,256,47,0,True,FALSE,9,False,FALSE
B0,Q2,0.5,256,47,47,True,FALSE,9,False,FALSE
B0,Q2,0.5,256,48,0,True,FALSE,6,False,FALSE
B0,Q2,0.5,256,48,48,True,FALSE,6,False,FALSE
B0,Q2,0.5,256,49,0,True,FALSE,9,False,FALSE
B0,Q2,0.5,256,49,49,True,FALSE,9,False,FALSE
B0,Q2,0.5,256,50,0,True,FALSE,12,False,FALSE
B0,Q2,0.5,256,50,50,True,FALSE,12,False,FALSE
B0,Q2,0.5,256,51,0,True,FALSE,9,False,FALSE
B0,Q2,0.5,256,51,51,True,FALSE,9,False,FALSE
B0,Q2,0.5,256,54,0,True,FALSE,12,False,FALSE
B0,Q2,0.5,256,54,54,True,FALSE,6,False,FALSE
B0,Q2,0.5,256,55,0,True,FALSE,15,False,FALSE
B0,Q2,0.5,256,55,55,True,FALSE,15,False,FALSE
B0,Q2,0.5,256,56,0,True,FALSE,9,False,FALSE
B0,Q2,0.5,256,56,56,True,FALSE,9,False,FALSE
B0,Q2,0.5,256,57,0,True,FALSE,12,False,FALSE
B0,Q2,0.5,256,57,57,True,FALSE,12,False,FALSE
B0,Q2,0.5,256,58,0,True,FALSE,6,False,FALSE
B0,Q2,0.5,256,58,58,True,FALSE,6,False,FALSE
B0,Q2,0.5,256,59,0,True,FALSE,21,False,FALSE
B0,Q2,0.5,256,59,59,True,FALSE,21,False,FALSE
B0,Q2,0.5,256,60,0,True,FALSE,18,False,FALSE
B0,Q2,0.5,256,60,60,True,FALSE,18,False,FALSE
B0,Q2,0.5,256,61,0,True,FALSE,6,False,FALSE
B0,Q2,0.5,256,61,61,True,FALSE,6,False,FALSE
B0,Q2,0.5,256,63,0,True,FALSE,6,False,FALSE
B0,Q2,0.5,256,63,63,True,FALSE,6,False,FALSE
B0,Q2,0.5,256,64,0,True,FALSE,6,False,FALSE
B0,Q2,0.5,256,65,0,True,FALSE,6,False,FALSE
B0,Q2,0.5,256,65,65,True,FALSE,6,False,FALSE
B0,Q2,0.5,256,66,0,True,FALSE,12,False,FALSE
B0,Q2,0.5,256,67,0,True,FALSE,6,False,FALSE
B0,Q2,0.5,256,67,67,True,FALSE,6,False,FALSE
B0,Q2,0.5,256,69,0,True,FALSE,12,False,FALSE
B0,Q2,0.5,256,70,0,True,FALSE,12,False,FALSE
B0,Q2,0.5,256,71,0,True,FALSE,6,False,FALSE
B0,Q2,0.5,256,71,71,True,FALSE,6,False,FALSE
B0,Q2,0.5,256,72,0,True,FALSE,6,False,FALSE
B0,Q2,0.5,256,72,72,True,FALSE,6,False,FALSE
B0,Q2,0.5,256,73,0,True,FALSE,12,False,FALSE
B0,Q2,0.5,256,73,73,True,FALSE,12,False,FALSE
B0,Q2,0.5,256,75,0,True,FALSE,6,False,FALSE
B0,Q2,0.5,256,75,75,True,FALSE,6,False,FALSE
B0,Q2,0.5,256,76,0,True,FALSE,6,False,FALSE
B0,Q2,0.5,256,76,76,True,FALSE,6,False,FALSE
B0,Q2,0.5,256,79,0,True,FALSE,12,False,FALSE
B0,Q2,0.5,256,79,79,True,FALSE,12,False,FALSE
B0,Q2,0.5,256,80,0,True,FALSE,6,False,FALSE
B0,Q2,0.5,256,81,0,True,FALSE,6,False,FALSE
B0,Q2,0.5,256,81,81,True,FALSE,6,False,FALSE
B0,Q2,0.5,256,83,0,True,FALSE,12,False,FALSE
B0,Q2,0.5,256,83,83,True,FALSE,12,False,FALSE
B0,Q2,0.5,256,85,0,True,FALSE,12,False,FALSE
B0,Q2,0.5,256,86,0,True,FALSE,6,False,FALSE
B0,Q2,0.5,256,87,0,True,FALSE,6,False,FALSE
B0,Q2,0.5,256,87,87,True,FALSE,6,False,FALSE
B0,Q2,0.5,256,88,0,True,FALSE,24,False,FALSE
B0,Q2,0.5,256,89,0,True,FALSE,6,False,FALSE
B0,Q2,0.5,256,89,89,True,FALSE,6,False,FALSE
B0,Q2,0.5,256,91,0,True,FALSE,6,False,FALSE
B0,Q2,0.5,256,91,91,True,FALSE,6,False,FALSE
B0,Q2,0.5,256,92,0,True,FALSE,18,False,FALSE
B0,Q2,0.5,256,92,92,True,FALSE,12,False,FALSE
B0,Q2,0.5,256,93,0,True,FALSE,6,False,FALSE
B0,Q2,0.5,256,93,93,True,FALSE,6,False,FALSE
B0,Q2,0.5,256,94,0,True,FALSE,12,False,FALSE
B0,Q2,0.5,256,94,94,True,FALSE,12,False,FALSE
B0,Q2,0.5,256,97,0,True,FALSE,12,False,FALSE
B0,Q2,0.5,256,99,0,True,FALSE,6,False,FALSE
B0,Q2,0.5,256,99,99,True,FALSE,6,False,FALSE
B0,Q2,0.5,256,101,0,True,FALSE,6,False,FALSE
B0,Q2,0.5,256,101,101,True,FALSE,6,False,FALSE
B0,Q2,0.5,256,102,0,True,FALSE,12,False,FALSE
B0,Q2,0.5,256,102,102,True,FALSE,12,False,FALSE
B0,Q2,0.5,256,103,0,True,FALSE,6,False,FALSE
B0,Q2,0.5,256,103,103,True,FALSE,6,False,FALSE
B0,Q2,0.5,256,105,0,True,FALSE,6,False,FALSE
B0,Q2,0.5,256,105,105,True,FALSE,6,False,FALSE
B0,Q2,0.5,256,106,0,True,FALSE,18,False,FALSE
B0,Q2,0.5,256,106,106,True,FALSE,6,False,FALSE
B0,Q2,0.5,256,107,0,True,FALSE,12,False,FALSE
B0,Q2,0.5,256,109,0,True,FALSE,12,False,FALSE
B0,Q2,0.5,256,109,109,True,FALSE,12,False,FALSE
B0,Q2,0.5,256,111,0,True,FALSE,24,False,FALSE
B0,Q2,0.5,256,111,58,True,FALSE,6,False,FALSE
B0,Q2,0.5,256,111,111,True,MC_UNRESOLVED,18,False,MC_UNRESOLVED
B0,Q2,0.5,256,112,0,True,FALSE,6,False,FALSE
B0,Q2,0.5,256,112,112,True,MC_UNRESOLVED,6,False,MC_UNRESOLVED
B0,Q2,0.5,256,113,0,True,FALSE,6,False,FALSE
B0,Q2,0.5,256,113,113,True,MC_UNRESOLVED,6,False,MC_UNRESOLVED
B0,Q2,0.5,256,114,0,True,FALSE,6,False,FALSE
B0,Q2,0.5,256,114,114,True,MC_UNRESOLVED,6,False,MC_UNRESOLVED
B0,Q2,0.5,256,116,0,True,FALSE,6,False,FALSE
B0,Q2,0.5,256,116,116,True,MC_UNRESOLVED,6,False,MC_UNRESOLVED
B0,Q2,0.5,256,117,0,True,FALSE,24,False,FALSE
B0,Q2,0.5,256,117,117,True,MC_UNRESOLVED,12,False,MC_UNRESOLVED
B0,Q2,0.5,256,118,0,True,FALSE,12,False,FALSE
B0,Q2,0.5,256,118,118,True,MC_UNRESOLVED,12,False,MC_UNRESOLVED
B0,Q2,0.5,256,121,0,True,FALSE,6,False,FALSE
B0,Q2,0.5,256,121,121,True,MC_UNRESOLVED,6,False,MC_UNRESOLVED
B0,Q2,0.5,256,124,0,True,FALSE,6,False,FALSE
B0,Q2,0.5,256,124,124,True,MC_UNRESOLVED,6,False,MC_UNRESOLVED
B0,Q2,0.5,256,125,0,True,FALSE,6,False,FALSE
B0,Q2,0.5,256,125,125,True,MC_UNRESOLVED,6,False,MC_UNRESOLVED
B0,Q2,0.5,256,128,0,True,FALSE,6,False,FALSE
B0,Q2,0.5,256,128,128,True,MC_UNRESOLVED,6,True,MC_UNRESOLVED
B0,Q2,0.5,256,130,0,True,FALSE,12,False,FALSE
B0,Q2,0.5,256,130,130,True,MC_UNRESOLVED,12,True,MC_UNRESOLVED
B0,Q2,0.5,256,136,0,True,FALSE,6,False,FALSE
B0,Q2,0.5,256,136,136,True,MC_UNRESOLVED,6,True,MC_UNRESOLVED
B0,Q2,0.5,256,139,0,True,FALSE,6,False,FALSE
B0,Q2,0.5,256,139,139,True,MC_UNRESOLVED,6,True,MC_UNRESOLVED
B0,Q2,0.5,256,149,0,True,FALSE,18,False,FALSE
B0,Q2,0.5,256,149,84,True,FALSE,6,False,FALSE
B0,Q2,0.5,256,149,149,True,TRUE,12,True,TRUE
B0,Q2,0.5,256,150,0,True,FALSE,6,False,FALSE
B0,Q2,0.5,256,150,150,True,TRUE,6,True,TRUE
B0,Q2,0.5,256,151,0,True,FALSE,12,False,FALSE
B0,Q2,0.5,256,151,151,True,TRUE,12,True,TRUE
B0,Q2,0.5,256,155,0,True,FALSE,6,False,FALSE
B0,Q2,0.5,256,155,155,True,TRUE,6,True,TRUE
B0,Q2,0.5,256,158,0,True,FALSE,6,False,FALSE
B0,Q2,0.5,256,159,0,True,FALSE,12,False,FALSE
B0,Q2,0.5,256,159,159,True,TRUE,12,True,TRUE
B0,Q2,0.5,256,160,0,True,FALSE,6,False,FALSE
B0,Q2,0.5,256,160,160,True,TRUE,6,True,TRUE
B0,Q2,0.5,256,167,0,True,FALSE,12,False,FALSE
B0,Q2,0.5,256,168,0,True,FALSE,6,False,FALSE
B0,Q2,0.5,256,169,0,True,FALSE,6,False,FALSE
B0,Q2,0.5,256,169,1,True,FALSE,6,False,FALSE
B0,Q2,0.5,256,170,0,True,FALSE,6,False,FALSE
B0,Q2,0.5,256,170,170,True,TRUE,6,True,TRUE
B0,Q2,0.5,256,175,0,True,FALSE,12,False,FALSE
B0,Q2,0.5,256,175,175,True,TRUE,12,True,TRUE
B0,Q2,0.5,256,180,0,True,FALSE,6,False,FALSE
B0,Q2,0.5,256,180,180,True,TRUE,6,True,TRUE
B0,Q2,0.5,256,182,0,True,FALSE,6,False,FALSE
B0,Q2,0.5,256,182,182,True,TRUE,6,True,TRUE
B0,Q2,0.5,256,184,0,True,FALSE,6,False,FALSE
B0,Q2,0.5,256,184,184,True,TRUE,6,True,TRUE
B0,Q2,0.5,256,192,0,True,FALSE,6,False,FALSE
B0,Q2,0.5,256,192,192,True,TRUE,6,True,TRUE
B0,Q2,0.5,256,193,0,True,FALSE,9,False,FALSE
B0,Q2,0.5,256,193,193,True,TRUE,9,True,TRUE
B0,Q2,0.5,256,197,0,True,FALSE,15,False,FALSE
B0,Q2,0.5,256,197,197,True,TRUE,15,True,TRUE
B0,Q2,0.5,256,199,0,True,FALSE,6,False,FALSE
B0,Q2,0.5,256,200,0,True,FALSE,6,False,FALSE
B0,Q2,0.5,256,200,200,True,TRUE,6,True,TRUE
B0,Q2,0.5,256,201,0,True,FALSE,6,False,FALSE
B0,Q2,0.5,256,201,201,True,TRUE,6,True,TRUE
B0,Q2,0.5,256,204,0,True,FALSE,12,False,FALSE
B0,Q2,0.5,256,204,204,True,TRUE,12,True,TRUE
B0,Q2,0.5,256,206,0,True,FALSE,6,False,FALSE
B0,Q2,0.5,256,206,206,True,TRUE,6,True,TRUE
B0,Q2,0.5,256,207,0,True,FALSE,6,False,FALSE
B0,Q2,0.5,256,207,207,True,TRUE,6,True,TRUE
B0,Q2,0.5,256,210,0,True,FALSE,6,False,FALSE
B0,Q2,0.5,256,210,210,True,TRUE,6,True,TRUE
B0,Q2,0.5,256,211,0,True,FALSE,6,False,FALSE
B0,Q2,0.5,256,211,211,True,TRUE,6,True,TRUE
B0,Q2,0.5,256,216,0,True,FALSE,12,False,FALSE
B0,Q2,0.5,256,216,216,True,TRUE,6,True,TRUE
B0,Q2,0.5,256,217,0,True,FALSE,6,False,FALSE
B0,Q2,0.5,256,217,217,True,TRUE,6,True,TRUE
B0,Q2,0.5,256,218,0,True,FALSE,6,False,FALSE
B0,Q2,0.5,256,218,218,True,TRUE,6,True,TRUE
B0,Q2,0.5,256,220,0,True,FALSE,6,False,FALSE
B0,Q2,0.5,256,220,220,True,TRUE,6,True,TRUE
B0,Q2,0.5,256,221,0,True,FALSE,6,False,FALSE
B0,Q2,0.5,256,221,221,True,TRUE,6,True,TRUE
B0,Q2,0.5,256,224,0,True,FALSE,12,False,FALSE
B0,Q2,0.5,256,224,224,True,TRUE,6,True,TRUE
B0,Q2,0.5,256,225,0,True,FALSE,6,False,FALSE
B0,Q2,0.5,256,225,225,True,TRUE,6,True,TRUE
B0,Q2,0.5,256,227,0,True,FALSE,12,False,FALSE
B0,Q2,0.5,256,228,0,True,FALSE,6,False,FALSE
B0,Q2,0.5,256,228,228,True,TRUE,6,True,TRUE
B0,Q2,0.5,256,229,0,True,FALSE,6,False,FALSE
B0,Q2,0.5,256,229,229,True,TRUE,6,True,TRUE
B0,Q2,0.5,256,234,0,True,FALSE,6,False,FALSE
B0,Q2,0.5,256,234,234,True,TRUE,6,True,TRUE
B0,Q2,0.5,256,235,0,True,FALSE,6,False,FALSE
B0,Q2,0.5,256,235,235,True,TRUE,6,True,TRUE
B0,Q2,0.5,256,239,0,True,FALSE,6,False,FALSE
B0,Q2,0.5,256,239,239,True,TRUE,6,True,TRUE
B0,Q2,0.5,256,240,0,True,FALSE,12,False,FALSE
B0,Q2,0.5,256,240,240,True,TRUE,6,True,TRUE
B0,Q2,0.5,256,241,0,True,FALSE,18,False,FALSE
B0,Q2,0.5,256,241,241,True,TRUE,18,True,TRUE
B0,Q2,0.5,256,242,0,True,FALSE,6,False,FALSE
B0,Q2,0.5,256,242,242,True,TRUE,6,True,TRUE
B0,Q2,0.5,256,243,0,True,FALSE,6,False,FALSE
B0,Q2,0.5,256,243,243,True,TRUE,6,True,TRUE
B0,Q2,0.5,256,244,0,True,FALSE,30,False,FALSE
B0,Q2,0.5,256,244,244,True,TRUE,18,True,TRUE
B0,Q2,0.5,256,245,0,True,FALSE,3,False,FALSE
B0,Q2,0.5,256,245,1,True,FALSE,3,False,FALSE
B0,Q2,0.5,256,246,0,True,FALSE,18,False,FALSE
B0,Q2,0.5,256,246,246,True,TRUE,6,True,TRUE
B0,Q2,0.5,256,247,0,True,FALSE,6,False,FALSE
B0,Q2,0.5,256,247,247,True,TRUE,6,True,TRUE
B0,Q2,0.5,256,248,0,True,FALSE,6,False,FALSE
B0,Q2,0.5,256,249,0,True,FALSE,9,False,FALSE
B0,Q2,0.5,256,249,249,True,TRUE,9,True,TRUE
B0,Q2,0.5,256,250,0,True,FALSE,33,False,FALSE
B0,Q2,0.5,256,250,250,True,TRUE,33,True,TRUE
B0,Q2,0.5,256,251,0,True,FALSE,18,False,FALSE
B0,Q2,0.5,256,251,251,True,TRUE,18,True,TRUE
B0,Q2,0.5,256,252,0,True,FALSE,12,False,FALSE
B0,Q2,0.5,256,252,252,True,TRUE,12,True,TRUE
B0,Q2,0.5,256,253,0,True,FALSE,2,False,FALSE
B0,Q2,0.5,256,253,253,True,TRUE,2,True,TRUE
B0,Q2,0.5,256,254,0,True,FALSE,20,False,FALSE
B0,Q2,0.5,256,254,249,True,TRUE,3,True,TRUE
B0,Q2,0.5,256,254,254,True,TRUE,21,True,TRUE
B0,Q2,0.5,256,255,0,True,FALSE,51,False,FALSE
B0,Q2,0.5,256,255,1,True,FALSE,4,False,FALSE
B0,Q2,0.5,256,255,3,True,FALSE,2,False,FALSE
B0,Q2,0.5,256,255,238,True,TRUE,2,True,TRUE
B0,Q2,0.5,256,255,252,True,TRUE,2,True,TRUE
B0,Q2,0.5,256,255,254,True,TRUE,2,True,TRUE
B0,Q2,0.5,256,255,255,True,TRUE,67,True,TRUE
B0,Q2,0.5,256,256,0,True,FALSE,36107,False,FALSE
B0,Q2,0.5,256,256,1,True,FALSE,89,False,FALSE
B0,Q2,0.5,256,256,2,True,FALSE,42,False,FALSE
B0,Q2,0.5,256,256,3,True,FALSE,43,False,FALSE
B0,Q2,0.5,256,256,4,True,FALSE,6,False,FALSE
B0,Q2,0.5,256,256,7,True,FALSE,3,False,FALSE
B0,Q2,0.5,256,256,9,True,FALSE,3,False,FALSE
B0,Q2,0.5,256,256,21,True,FALSE,6,False,FALSE
B0,Q2,0.5,256,256,24,True,FALSE,3,False,FALSE
B0,Q2,0.5,256,256,25,True,FALSE,21,False,FALSE
B0,Q2,0.5,256,256,26,True,FALSE,6,False,FALSE
B0,Q2,0.5,256,256,27,True,FALSE,6,False,FALSE
B0,Q2,0.5,256,256,29,True,FALSE,6,False,FALSE
B0,Q2,0.5,256,256,33,True,FALSE,18,False,FALSE
B0,Q2,0.5,256,256,43,True,FALSE,18,False,FALSE
B0,Q2,0.5,256,256,48,True,FALSE,18,False,FALSE
B0,Q2,0.5,256,256,72,True,FALSE,3,False,FALSE
B0,Q2,0.5,256,256,74,True,FALSE,3,False,FALSE
B0,Q2,0.5,256,256,84,True,FALSE,6,False,FALSE
B0,Q2,0.5,256,256,107,True,FALSE,6,False,FALSE
B0,Q2,0.5,256,256,110,True,FALSE,6,False,FALSE
B0,Q2,0.5,256,256,116,True,MC_UNRESOLVED,6,False,MC_UNRESOLVED
B0,Q2,0.5,256,256,123,True,MC_UNRESOLVED,3,False,MC_UNRESOLVED
B0,Q2,0.5,256,256,134,True,MC_UNRESOLVED,18,True,MC_UNRESOLVED
B0,Q2,0.5,256,256,135,True,MC_UNRESOLVED,3,True,MC_UNRESOLVED
B0,Q2,0.5,256,256,139,True,MC_UNRESOLVED,3,True,MC_UNRESOLVED
B0,Q2,0.5,256,256,142,True,MC_UNRESOLVED,12,True,MC_UNRESOLVED
B0,Q2,0.5,256,256,144,True,MC_UNRESOLVED,15,True,MC_UNRESOLVED
B0,Q2,0.5,256,256,145,True,MC_UNRESOLVED,6,True,MC_UNRESOLVED
B0,Q2,0.5,256,256,146,True,TRUE,12,True,TRUE
B0,Q2,0.5,256,256,147,True,TRUE,24,True,TRUE
B0,Q2,0.5,256,256,148,True,TRUE,6,True,TRUE
B0,Q2,0.5,256,256,155,True,TRUE,12,True,TRUE
B0,Q2,0.5,256,256,159,True,TRUE,18,True,TRUE
B0,Q2,0.5,256,256,168,True,TRUE,6,True,TRUE
B0,Q2,0.5,256,256,169,True,TRUE,3,True,TRUE
B0,Q2,0.5,256,256,174,True,TRUE,6,True,TRUE
B0,Q2,0.5,256,256,180,True,TRUE,3,True,TRUE
B0,Q2,0.5,256,256,194,True,TRUE,3,True,TRUE
B0,Q2,0.5,256,256,200,True,TRUE,3,True,TRUE
B0,Q2,0.5,256,256,202,True,TRUE,3,True,TRUE
B0,Q2,0.5,256,256,206,True,TRUE,3,True,TRUE
B0,Q2,0.5,256,256,215,True,TRUE,6,True,TRUE
B0,Q2,0.5,256,256,221,True,TRUE,6,True,TRUE
B0,Q2,0.5,256,256,225,True,TRUE,3,True,TRUE
B0,Q2,0.5,256,256,227,True,TRUE,6,True,TRUE
B0,Q2,0.5,256,256,229,True,TRUE,3,True,TRUE
B0,Q2,0.5,256,256,230,True,TRUE,12,True,TRUE
B0,Q2,0.5,256,256,232,True,TRUE,6,True,TRUE
B0,Q2,0.5,256,256,239,True,TRUE,22,True,TRUE
B0,Q2,0.5,256,256,241,True,TRUE,3,True,TRUE
B0,Q2,0.5,256,256,242,True,TRUE,3,True,TRUE
B0,Q2,0.5,256,256,243,True,TRUE,18,True,TRUE
B0,Q2,0.5,256,256,244,True,TRUE,12,True,TRUE
B0,Q2,0.5,256,256,249,True,TRUE,9,True,TRUE
B0,Q2,0.5,256,256,250,True,TRUE,18,True,TRUE
B0,Q2,0.5,256,256,251,True,TRUE,6,True,TRUE
B0,Q2,0.5,256,256,253,True,TRUE,19,True,TRUE
B0,Q2,0.5,256,256,254,True,TRUE,30,True,TRUE
B0,Q2,0.5,256,256,255,True,TRUE,49,True,TRUE
B0,Q2,0.5,256,256,256,True,TRUE,31680,True,TRUE
B0,Q1,0.75,256,0,0,False,FALSE,15552,False,FALSE
B0,Q1,0.75,256,0,0,True,FALSE,31275,False,FALSE
B0,Q1,0.75,256,1,0,True,FALSE,48,False,FALSE
B0,Q1,0.75,256,1,1,True,FALSE,99,False,FALSE
B0,Q1,0.75,256,2,0,True,FALSE,6,False,FALSE
B0,Q1,0.75,256,2,2,True,FALSE,66,False,FALSE
B0,Q1,0.75,256,3,0,True,FALSE,12,False,FALSE
B0,Q1,0.75,256,3,1,True,FALSE,3,False,FALSE
B0,Q1,0.75,256,3,3,True,FALSE,39,False,FALSE
B0,Q1,0.75,256,4,0,True,FALSE,18,False,FALSE
B0,Q1,0.75,256,4,4,True,FALSE,57,False,FALSE
B0,Q1,0.75,256,5,0,True,FALSE,9,False,FALSE
B0,Q1,0.75,256,5,4,True,FALSE,3,False,FALSE
B0,Q1,0.75,256,5,5,True,FALSE,30,False,FALSE
B0,Q1,0.75,256,6,0,True,FALSE,3,False,FALSE
B0,Q1,0.75,256,6,6,True,FALSE,27,False,FALSE
B0,Q1,0.75,256,7,0,True,FALSE,6,False,FALSE
B0,Q1,0.75,256,7,7,True,FALSE,36,False,FALSE
B0,Q1,0.75,256,8,8,True,FALSE,18,False,FALSE
B0,Q1,0.75,256,9,9,True,FALSE,39,False,FALSE
B0,Q1,0.75,256,10,8,True,FALSE,6,False,FALSE
B0,Q1,0.75,256,10,10,True,FALSE,12,False,FALSE
B0,Q1,0.75,256,11,9,True,FALSE,6,False,FALSE
B0,Q1,0.75,256,11,11,True,FALSE,6,False,FALSE
B0,Q1,0.75,256,12,0,True,FALSE,6,False,FALSE
B0,Q1,0.75,256,12,12,True,FALSE,18,False,FALSE
B0,Q1,0.75,256,13,13,True,FALSE,18,False,FALSE
B0,Q1,0.75,256,14,14,True,FALSE,12,False,FALSE
B0,Q1,0.75,256,15,15,True,FALSE,12,False,FALSE
B0,Q1,0.75,256,16,0,True,FALSE,3,False,FALSE
B0,Q1,0.75,256,18,0,True,FALSE,3,False,FALSE
B0,Q1,0.75,256,18,18,True,FALSE,6,False,FALSE
B0,Q1,0.75,256,20,0,True,FALSE,3,False,FALSE
B0,Q1,0.75,256,20,20,True,FALSE,6,False,FALSE
B0,Q1,0.75,256,21,21,True,FALSE,18,False,FALSE
B0,Q1,0.75,256,22,22,True,FALSE,6,False,FALSE
B0,Q1,0.75,256,23,23,True,FALSE,6,False,FALSE
B0,Q1,0.75,256,25,25,True,FALSE,21,False,FALSE
B0,Q1,0.75,256,26,26,True,FALSE,6,False,FALSE
B0,Q1,0.75,256,27,0,True,FALSE,3,False,FALSE
B0,Q1,0.75,256,28,28,True,FALSE,9,False,FALSE
B0,Q1,0.75,256,31,31,True,FALSE,6,False,FALSE
B0,Q1,0.75,256,32,32,True,FALSE,6,False,FALSE
B0,Q1,0.75,256,33,33,True,FALSE,12,False,FALSE
B0,Q1,0.75,256,36,36,True,FALSE,12,False,FALSE
B0,Q1,0.75,256,37,37,True,FALSE,6,False,FALSE
B0,Q1,0.75,256,38,38,True,FALSE,12,False,FALSE
B0,Q1,0.75,256,39,0,True,FALSE,3,False,FALSE
B0,Q1,0.75,256,39,39,True,FALSE,6,False,FALSE
B0,Q1,0.75,256,40,0,True,FALSE,3,False,FALSE
B0,Q1,0.75,256,40,40,True,FALSE,12,False,FALSE
B0,Q1,0.75,256,41,0,True,FALSE,3,False,FALSE
B0,Q1,0.75,256,41,41,True,FALSE,3,False,FALSE
B0,Q1,0.75,256,43,0,True,FALSE,6,False,FALSE
B0,Q1,0.75,256,43,43,True,FALSE,3,False,FALSE
B0,Q1,0.75,256,44,44,True,FALSE,6,False,FALSE
B0,Q1,0.75,256,45,45,True,FALSE,12,False,FALSE
B0,Q1,0.75,256,46,46,True,FALSE,6,False,FALSE
B0,Q1,0.75,256,47,47,True,FALSE,9,False,FALSE
B0,Q1,0.75,256,48,48,True,FALSE,6,False,FALSE
B0,Q1,0.75,256,49,49,True,FALSE,9,False,FALSE
B0,Q1,0.75,256,50,50,True,FALSE,12,False,FALSE
B0,Q1,0.75,256,51,51,True,FALSE,9,False,FALSE
B0,Q1,0.75,256,54,0,True,FALSE,3,False,FALSE
B0,Q1,0.75,256,54,54,True,FALSE,6,False,FALSE
B0,Q1,0.75,256,55,55,True,FALSE,15,False,FALSE
B0,Q1,0.75,256,56,56,True,FALSE,9,False,FALSE
B0,Q1,0.75,256,57,57,True,FALSE,12,False,FALSE
B0,Q1,0.75,256,58,58,True,FALSE,6,False,FALSE
B0,Q1,0.75,256,59,59,True,FALSE,21,False,FALSE
B0,Q1,0.75,256,60,60,True,FALSE,18,False,FALSE
B0,Q1,0.75,256,61,61,True,FALSE,6,False,FALSE
B0,Q1,0.75,256,63,63,True,FALSE,6,False,FALSE
B0,Q1,0.75,256,64,0,True,FALSE,3,False,FALSE
B0,Q1,0.75,256,65,65,True,FALSE,6,False,FALSE
B0,Q1,0.75,256,66,0,True,FALSE,6,False,FALSE
B0,Q1,0.75,256,67,67,True,FALSE,6,False,FALSE
B0,Q1,0.75,256,69,0,True,FALSE,6,False,FALSE
B0,Q1,0.75,256,70,0,True,FALSE,6,False,FALSE
B0,Q1,0.75,256,71,71,True,FALSE,6,False,FALSE
B0,Q1,0.75,256,72,72,True,FALSE,6,False,FALSE
B0,Q1,0.75,256,73,73,True,FALSE,12,False,FALSE
B0,Q1,0.75,256,75,75,True,FALSE,6,False,FALSE
B0,Q1,0.75,256,76,76,True,FALSE,6,False,FALSE
B0,Q1,0.75,256,79,79,True,FALSE,12,False,FALSE
B0,Q1,0.75,256,80,0,True,FALSE,3,False,FALSE
B0,Q1,0.75,256,81,81,True,FALSE,6,False,FALSE
B0,Q1,0.75,256,83,83,True,FALSE,12,False,FALSE
B0,Q1,0.75,256,85,0,True,FALSE,6,False,FALSE
B0,Q1,0.75,256,86,0,True,FALSE,3,False,FALSE
B0,Q1,0.75,256,87,87,True,FALSE,6,False,FALSE
B0,Q1,0.75,256,88,0,True,FALSE,12,False,FALSE
B0,Q1,0.75,256,89,89,True,FALSE,6,False,FALSE
B0,Q1,0.75,256,91,91,True,FALSE,6,False,FALSE
B0,Q1,0.75,256,92,0,True,FALSE,3,False,FALSE
B0,Q1,0.75,256,92,92,True,FALSE,12,False,FALSE
B0,Q1,0.75,256,93,93,True,FALSE,6,False,FALSE
B0,Q1,0.75,256,94,94,True,FALSE,12,False,FALSE
B0,Q1,0.75,256,97,0,True,FALSE,6,False,FALSE
B0,Q1,0.75,256,99,99,True,FALSE,6,False,FALSE
B0,Q1,0.75,256,101,101,True,FALSE,6,False,FALSE
B0,Q1,0.75,256,102,102,True,FALSE,12,False,FALSE
B0,Q1,0.75,256,103,103,True,FALSE,6,False,FALSE
B0,Q1,0.75,256,105,105,True,FALSE,6,False,FALSE
B0,Q1,0.75,256,106,0,True,FALSE,6,False,FALSE
B0,Q1,0.75,256,106,106,True,FALSE,6,False,FALSE
B0,Q1,0.75,256,107,0,True,FALSE,6,False,FALSE
B0,Q1,0.75,256,109,109,True,FALSE,12,False,FALSE
B0,Q1,0.75,256,111,58,True,FALSE,6,False,FALSE
B0,Q1,0.75,256,111,111,True,FALSE,18,False,FALSE
B0,Q1,0.75,256,112,112,True,FALSE,6,False,FALSE
B0,Q1,0.75,256,113,113,True,FALSE,6,False,FALSE
B0,Q1,0.75,256,114,114,True,FALSE,6,False,FALSE
B0,Q1,0.75,256,116,116,True,FALSE,6,False,FALSE
B0,Q1,0.75,256,117,0,True,FALSE,6,False,FALSE
B0,Q1,0.75,256,117,117,True,FALSE,12,False,FALSE
B0,Q1,0.75,256,118,118,True,FALSE,12,False,FALSE
B0,Q1,0.75,256,121,121,True,FALSE,6,False,FALSE
B0,Q1,0.75,256,124,124,True,FALSE,6,False,FALSE
B0,Q1,0.75,256,125,125,True,FALSE,6,False,FALSE
B0,Q1,0.75,256,128,128,True,FALSE,6,False,FALSE
B0,Q1,0.75,256,130,130,True,FALSE,12,False,FALSE
B0,Q1,0.75,256,136,136,True,FALSE,6,False,FALSE
B0,Q1,0.75,256,139,139,True,FALSE,6,False,FALSE
B0,Q1,0.75,256,149,84,True,FALSE,6,False,FALSE
B0,Q1,0.75,256,149,149,True,FALSE,12,False,FALSE
B0,Q1,0.75,256,150,150,True,FALSE,6,False,FALSE
B0,Q1,0.75,256,151,151,True,FALSE,12,False,FALSE
B0,Q1,0.75,256,155,155,True,FALSE,6,False,FALSE
B0,Q1,0.75,256,158,0,True,FALSE,3,False,FALSE
B0,Q1,0.75,256,159,159,True,FALSE,12,False,FALSE
B0,Q1,0.75,256,160,160,True,FALSE,6,False,FALSE
B0,Q1,0.75,256,167,0,True,FALSE,6,False,FALSE
B0,Q1,0.75,256,168,0,True,FALSE,3,False,FALSE
B0,Q1,0.75,256,169,1,True,FALSE,6,False,FALSE
B0,Q1,0.75,256,170,170,True,FALSE,6,False,FALSE
B0,Q1,0.75,256,175,175,True,FALSE,12,False,FALSE
B0,Q1,0.75,256,180,180,True,MC_UNRESOLVED,6,False,MC_UNRESOLVED
B0,Q1,0.75,256,182,182,True,MC_UNRESOLVED,6,False,MC_UNRESOLVED
B0,Q1,0.75,256,184,184,True,MC_UNRESOLVED,6,False,MC_UNRESOLVED
B0,Q1,0.75,256,192,192,True,MC_UNRESOLVED,6,True,MC_UNRESOLVED
B0,Q1,0.75,256,193,193,True,MC_UNRESOLVED,9,True,MC_UNRESOLVED
B0,Q1,0.75,256,197,197,True,MC_UNRESOLVED,15,True,MC_UNRESOLVED
B0,Q1,0.75,256,199,0,True,MC_UNRESOLVED,3,True,MC_UNRESOLVED
B0,Q1,0.75,256,200,200,True,MC_UNRESOLVED,6,True,MC_UNRESOLVED
B0,Q1,0.75,256,201,201,True,MC_UNRESOLVED,6,True,MC_UNRESOLVED
B0,Q1,0.75,256,204,204,True,MC_UNRESOLVED,12,True,MC_UNRESOLVED
B0,Q1,0.75,256,206,206,True,TRUE,6,True,TRUE
B0,Q1,0.75,256,207,207,True,TRUE,6,True,TRUE
B0,Q1,0.75,256,210,210,True,TRUE,6,True,TRUE
B0,Q1,0.75,256,211,211,True,TRUE,6,True,TRUE
B0,Q1,0.75,256,216,0,True,TRUE,3,True,TRUE
B0,Q1,0.75,256,216,216,True,TRUE,6,True,TRUE
B0,Q1,0.75,256,217,217,True,TRUE,6,True,TRUE
B0,Q1,0.75,256,218,218,True,TRUE,6,True,TRUE
B0,Q1,0.75,256,220,220,True,TRUE,6,True,TRUE
B0,Q1,0.75,256,221,221,True,TRUE,6,True,TRUE
B0,Q1,0.75,256,224,0,True,TRUE,3,True,TRUE
B0,Q1,0.75,256,224,224,True,TRUE,6,True,TRUE
B0,Q1,0.75,256,225,225,True,TRUE,6,True,TRUE
B0,Q1,0.75,256,227,0,True,TRUE,6,True,TRUE
B0,Q1,0.75,256,228,228,True,TRUE,6,True,TRUE
B0,Q1,0.75,256,229,229,True,TRUE,6,True,TRUE
B0,Q1,0.75,256,234,234,True,TRUE,6,True,TRUE
B0,Q1,0.75,256,235,235,True,TRUE,6,True,TRUE
B0,Q1,0.75,256,239,239,True,TRUE,6,True,TRUE
B0,Q1,0.75,256,240,0,True,TRUE,3,True,TRUE
B0,Q1,0.75,256,240,240,True,TRUE,6,True,TRUE
B0,Q1,0.75,256,241,241,True,TRUE,18,True,TRUE
B0,Q1,0.75,256,242,242,True,TRUE,6,True,TRUE
B0,Q1,0.75,256,243,243,True,TRUE,6,True,TRUE
B0,Q1,0.75,256,244,0,True,TRUE,6,True,TRUE
B0,Q1,0.75,256,244,244,True,TRUE,18,True,TRUE
B0,Q1,0.75,256,245,1,True,TRUE,3,True,TRUE
B0,Q1,0.75,256,246,0,True,TRUE,6,True,TRUE
B0,Q1,0.75,256,246,246,True,TRUE,6,True,TRUE
B0,Q1,0.75,256,247,247,True,TRUE,6,True,TRUE
B0,Q1,0.75,256,248,0,True,TRUE,3,True,TRUE
B0,Q1,0.75,256,249,249,True,TRUE,9,True,TRUE
B0,Q1,0.75,256,250,250,True,TRUE,33,True,TRUE
B0,Q1,0.75,256,251,251,True,TRUE,18,True,TRUE
B0,Q1,0.75,256,252,252,True,TRUE,12,True,TRUE
B0,Q1,0.75,256,253,253,True,TRUE,2,True,TRUE
B0,Q1,0.75,256,254,249,True,TRUE,3,True,TRUE
B0,Q1,0.75,256,254,254,True,TRUE,19,True,TRUE
B0,Q1,0.75,256,255,255,True,TRUE,65,True,TRUE
B0,Q1,0.75,256,256,0,True,TRUE,2274,True,TRUE
B0,Q1,0.75,256,256,1,True,TRUE,39,True,TRUE
B0,Q1,0.75,256,256,2,True,TRUE,24,True,TRUE
B0,Q1,0.75,256,256,3,True,TRUE,9,True,TRUE
B0,Q1,0.75,256,256,4,True,TRUE,6,True,TRUE
B0,Q1,0.75,256,256,7,True,TRUE,3,True,TRUE
B0,Q1,0.75,256,256,9,True,TRUE,3,True,TRUE
B0,Q1,0.75,256,256,21,True,TRUE,6,True,TRUE
B0,Q1,0.75,256,256,24,True,TRUE,3,True,TRUE
B0,Q1,0.75,256,256,25,True,TRUE,3,True,TRUE
B0,Q1,0.75,256,256,26,True,TRUE,6,True,TRUE
B0,Q1,0.75,256,256,27,True,TRUE,6,True,TRUE
B0,Q1,0.75,256,256,29,True,TRUE,6,True,TRUE
B0,Q1,0.75,256,256,72,True,TRUE,3,True,TRUE
B0,Q1,0.75,256,256,74,True,TRUE,3,True,TRUE
B0,Q1,0.75,256,256,84,True,TRUE,6,True,TRUE
B0,Q1,0.75,256,256,107,True,TRUE,6,True,TRUE
B0,Q1,0.75,256,256,110,True,TRUE,6,True,TRUE
B0,Q1,0.75,256,256,116,True,TRUE,6,True,TRUE
B0,Q1,0.75,256,256,123,True,TRUE,3,True,TRUE
B0,Q1,0.75,256,256,135,True,TRUE,3,True,TRUE
B0,Q1,0.75,256,256,139,True,TRUE,3,True,TRUE
B0,Q1,0.75,256,256,142,True,TRUE,12,True,TRUE
B0,Q1,0.75,256,256,144,True,TRUE,15,True,TRUE
B0,Q1,0.75,256,256,145,True,TRUE,6,True,TRUE
B0,Q1,0.75,256,256,146,True,TRUE,12,True,TRUE
B0,Q1,0.75,256,256,147,True,TRUE,6,True,TRUE
B0,Q1,0.75,256,256,148,True,TRUE,6,True,TRUE
B0,Q1,0.75,256,256,155,True,TRUE,12,True,TRUE
B0,Q1,0.75,256,256,159,True,TRUE,18,True,TRUE
B0,Q1,0.75,256,256,168,True,TRUE,6,True,TRUE
B0,Q1,0.75,256,256,169,True,TRUE,3,True,TRUE
B0,Q1,0.75,256,256,174,True,TRUE,6,True,TRUE
B0,Q1,0.75,256,256,180,True,TRUE,3,True,TRUE
B0,Q1,0.75,256,256,194,True,TRUE,3,True,TRUE
B0,Q1,0.75,256,256,200,True,TRUE,3,True,TRUE
B0,Q1,0.75,256,256,202,True,TRUE,3,True,TRUE
B0,Q1,0.75,256,256,206,True,TRUE,3,True,TRUE
B0,Q1,0.75,256,256,215,True,TRUE,6,True,TRUE
B0,Q1,0.75,256,256,221,True,TRUE,6,True,TRUE
B0,Q1,0.75,256,256,225,True,TRUE,3,True,TRUE
B0,Q1,0.75,256,256,227,True,TRUE,6,True,TRUE
B0,Q1,0.75,256,256,229,True,TRUE,3,True,TRUE
B0,Q1,0.75,256,256,230,True,TRUE,12,True,TRUE
B0,Q1,0.75,256,256,232,True,TRUE,6,True,TRUE
B0,Q1,0.75,256,256,239,True,TRUE,6,True,TRUE
B0,Q1,0.75,256,256,241,True,TRUE,3,True,TRUE
B0,Q1,0.75,256,256,242,True,TRUE,3,True,TRUE
B0,Q1,0.75,256,256,244,True,TRUE,12,True,TRUE
B0,Q1,0.75,256,256,249,True,TRUE,9,True,TRUE
B0,Q1,0.75,256,256,251,True,TRUE,6,True,TRUE
B0,Q1,0.75,256,256,253,True,TRUE,3,True,TRUE
B0,Q1,0.75,256,256,254,True,TRUE,30,True,TRUE
B0,Q1,0.75,256,256,255,True,TRUE,33,True,TRUE
B0,Q1,0.75,256,256,256,True,TRUE,31558,True,TRUE
B0,Q2,0.75,256,0,0,False,FALSE,31104,False,FALSE
B0,Q2,0.75,256,0,0,True,FALSE,62550,False,FALSE
B0,Q2,0.75,256,1,0,True,FALSE,195,False,FALSE
B0,Q2,0.75,256,1,1,True,FALSE,99,False,FALSE
B0,Q2,0.75,256,2,0,True,FALSE,78,False,FALSE
B0,Q2,0.75,256,2,2,True,FALSE,66,False,FALSE
B0,Q2,0.75,256,3,0,True,FALSE,66,False,FALSE
B0,Q2,0.75,256,3,1,True,FALSE,3,False,FALSE
B0,Q2,0.75,256,3,3,True,FALSE,39,False,FALSE
B0,Q2,0.75,256,4,0,True,FALSE,93,False,FALSE
B0,Q2,0.75,256,4,4,True,FALSE,57,False,FALSE
B0,Q2,0.75,256,5,0,True,FALSE,51,False,FALSE
B0,Q2,0.75,256,5,4,True,FALSE,3,False,FALSE
B0,Q2,0.75,256,5,5,True,FALSE,30,False,FALSE
B0,Q2,0.75,256,6,0,True,FALSE,33,False,FALSE
B0,Q2,0.75,256,6,6,True,FALSE,27,False,FALSE
B0,Q2,0.75,256,7,0,True,FALSE,48,False,FALSE
B0,Q2,0.75,256,7,7,True,FALSE,36,False,FALSE
B0,Q2,0.75,256,8,0,True,FALSE,18,False,FALSE
B0,Q2,0.75,256,8,8,True,FALSE,18,False,FALSE
B0,Q2,0.75,256,9,0,True,FALSE,39,False,FALSE
B0,Q2,0.75,256,9,9,True,FALSE,39,False,FALSE
B0,Q2,0.75,256,10,0,True,FALSE,18,False,FALSE
B0,Q2,0.75,256,10,8,True,FALSE,6,False,FALSE
B0,Q2,0.75,256,10,10,True,FALSE,12,False,FALSE
B0,Q2,0.75,256,11,0,True,FALSE,12,False,FALSE
B0,Q2,0.75,256,11,9,True,FALSE,6,False,FALSE
B0,Q2,0.75,256,11,11,True,FALSE,6,False,FALSE
B0,Q2,0.75,256,12,0,True,FALSE,30,False,FALSE
B0,Q2,0.75,256,12,12,True,FALSE,18,False,FALSE
B0,Q2,0.75,256,13,0,True,FALSE,18,False,FALSE
B0,Q2,0.75,256,13,13,True,FALSE,18,False,FALSE
B0,Q2,0.75,256,14,0,True,FALSE,12,False,FALSE
B0,Q2,0.75,256,14,14,True,FALSE,12,False,FALSE
B0,Q2,0.75,256,15,0,True,FALSE,12,False,FALSE
B0,Q2,0.75,256,15,15,True,FALSE,12,False,FALSE
B0,Q2,0.75,256,16,0,True,FALSE,6,False,FALSE
B0,Q2,0.75,256,18,0,True,FALSE,12,False,FALSE
B0,Q2,0.75,256,18,18,True,FALSE,6,False,FALSE
B0,Q2,0.75,256,20,0,True,FALSE,12,False,FALSE
B0,Q2,0.75,256,20,20,True,FALSE,6,False,FALSE
B0,Q2,0.75,256,21,0,True,FALSE,18,False,FALSE
B0,Q2,0.75,256,21,21,True,FALSE,18,False,FALSE
B0,Q2,0.75,256,22,0,True,FALSE,6,False,FALSE
B0,Q2,0.75,256,22,22,True,FALSE,6,False,FALSE
B0,Q2,0.75,256,23,0,True,FALSE,6,False,FALSE
B0,Q2,0.75,256,23,23,True,FALSE,6,False,FALSE
B0,Q2,0.75,256,25,0,True,FALSE,21,False,FALSE
B0,Q2,0.75,256,25,25,True,FALSE,21,False,FALSE
B0,Q2,0.75,256,26,0,True,FALSE,6,False,FALSE
B0,Q2,0.75,256,26,26,True,FALSE,6,False,FALSE
B0,Q2,0.75,256,27,0,True,FALSE,6,False,FALSE
B0,Q2,0.75,256,28,0,True,FALSE,9,False,FALSE
B0,Q2,0.75,256,28,28,True,FALSE,9,False,FALSE
B0,Q2,0.75,256,31,0,True,FALSE,6,False,FALSE
B0,Q2,0.75,256,31,31,True,FALSE,6,False,FALSE
B0,Q2,0.75,256,32,0,True,FALSE,6,False,FALSE
B0,Q2,0.75,256,32,32,True,FALSE,6,False,FALSE
B0,Q2,0.75,256,33,0,True,FALSE,12,False,FALSE
B0,Q2,0.75,256,33,33,True,FALSE,12,False,FALSE
B0,Q2,0.75,256,36,0,True,FALSE,12,False,FALSE
B0,Q2,0.75,256,36,36,True,FALSE,12,False,FALSE
B0,Q2,0.75,256,37,0,True,FALSE,6,False,FALSE
B0,Q2,0.75,256,37,37,True,FALSE,6,False,FALSE
B0,Q2,0.75,256,38,0,True,FALSE,12,False,FALSE
B0,Q2,0.75,256,38,38,True,FALSE,12,False,FALSE
B0,Q2,0.75,256,39,0,True,FALSE,12,False,FALSE
B0,Q2,0.75,256,39,39,True,FALSE,6,False,FALSE
B0,Q2,0.75,256,40,0,True,FALSE,18,False,FALSE
B0,Q2,0.75,256,40,40,True,FALSE,12,False,FALSE
B0,Q2,0.75,256,41,0,True,FALSE,9,False,FALSE
B0,Q2,0.75,256,41,41,True,FALSE,3,False,FALSE
B0,Q2,0.75,256,43,0,True,FALSE,15,False,FALSE
B0,Q2,0.75,256,43,43,True,FALSE,3,False,FALSE
B0,Q2,0.75,256,44,0,True,FALSE,6,False,FALSE
B0,Q2,0.75,256,44,44,True,FALSE,6,False,FALSE
B0,Q2,0.75,256,45,0,True,FALSE,12,False,FALSE
B0,Q2,0.75,256,45,45,True,FALSE,12,False,FALSE
B0,Q2,0.75,256,46,0,True,FALSE,6,False,FALSE
B0,Q2,0.75,256,46,46,True,FALSE,6,False,FALSE
B0,Q2,0.75,256,47,0,True,FALSE,9,False,FALSE
B0,Q2,0.75,256,47,47,True,FALSE,9,False,FALSE
B0,Q2,0.75,256,48,0,True,FALSE,6,False,FALSE
B0,Q2,0.75,256,48,48,True,FALSE,6,False,FALSE
B0,Q2,0.75,256,49,0,True,FALSE,9,False,FALSE
B0,Q2,0.75,256,49,49,True,FALSE,9,False,FALSE
B0,Q2,0.75,256,50,0,True,FALSE,12,False,FALSE
B0,Q2,0.75,256,50,50,True,FALSE,12,False,FALSE
B0,Q2,0.75,256,51,0,True,FALSE,9,False,FALSE
B0,Q2,0.75,256,51,51,True,FALSE,9,False,FALSE
B0,Q2,0.75,256,54,0,True,FALSE,12,False,FALSE
B0,Q2,0.75,256,54,54,True,FALSE,6,False,FALSE
B0,Q2,0.75,256,55,0,True,FALSE,15,False,FALSE
B0,Q2,0.75,256,55,55,True,FALSE,15,False,FALSE
B0,Q2,0.75,256,56,0,True,FALSE,9,False,FALSE
B0,Q2,0.75,256,56,56,True,FALSE,9,False,FALSE
B0,Q2,0.75,256,57,0,True,FALSE,12,False,FALSE
B0,Q2,0.75,256,57,57,True,FALSE,12,False,FALSE
B0,Q2,0.75,256,58,0,True,FALSE,6,False,FALSE
B0,Q2,0.75,256,58,58,True,FALSE,6,False,FALSE
B0,Q2,0.75,256,59,0,True,FALSE,21,False,FALSE
B0,Q2,0.75,256,59,59,True,FALSE,21,False,FALSE
B0,Q2,0.75,256,60,0,True,FALSE,18,False,FALSE
B0,Q2,0.75,256,60,60,True,FALSE,18,False,FALSE
B0,Q2,0.75,256,61,0,True,FALSE,6,False,FALSE
B0,Q2,0.75,256,61,61,True,FALSE,6,False,FALSE
B0,Q2,0.75,256,63,0,True,FALSE,6,False,FALSE
B0,Q2,0.75,256,63,63,True,FALSE,6,False,FALSE
B0,Q2,0.75,256,64,0,True,FALSE,6,False,FALSE
B0,Q2,0.75,256,65,0,True,FALSE,6,False,FALSE
B0,Q2,0.75,256,65,65,True,FALSE,6,False,FALSE
B0,Q2,0.75,256,66,0,True,FALSE,12,False,FALSE
B0,Q2,0.75,256,67,0,True,FALSE,6,False,FALSE
B0,Q2,0.75,256,67,67,True,FALSE,6,False,FALSE
B0,Q2,0.75,256,69,0,True,FALSE,12,False,FALSE
B0,Q2,0.75,256,70,0,True,FALSE,12,False,FALSE
B0,Q2,0.75,256,71,0,True,FALSE,6,False,FALSE
B0,Q2,0.75,256,71,71,True,FALSE,6,False,FALSE
B0,Q2,0.75,256,72,0,True,FALSE,6,False,FALSE
B0,Q2,0.75,256,72,72,True,FALSE,6,False,FALSE
B0,Q2,0.75,256,73,0,True,FALSE,12,False,FALSE
B0,Q2,0.75,256,73,73,True,FALSE,12,False,FALSE
B0,Q2,0.75,256,75,0,True,FALSE,6,False,FALSE
B0,Q2,0.75,256,75,75,True,FALSE,6,False,FALSE
B0,Q2,0.75,256,76,0,True,FALSE,6,False,FALSE
B0,Q2,0.75,256,76,76,True,FALSE,6,False,FALSE
B0,Q2,0.75,256,79,0,True,FALSE,12,False,FALSE
B0,Q2,0.75,256,79,79,True,FALSE,12,False,FALSE
B0,Q2,0.75,256,80,0,True,FALSE,6,False,FALSE
B0,Q2,0.75,256,81,0,True,FALSE,6,False,FALSE
B0,Q2,0.75,256,81,81,True,FALSE,6,False,FALSE
B0,Q2,0.75,256,83,0,True,FALSE,12,False,FALSE
B0,Q2,0.75,256,83,83,True,FALSE,12,False,FALSE
B0,Q2,0.75,256,85,0,True,FALSE,12,False,FALSE
B0,Q2,0.75,256,86,0,True,FALSE,6,False,FALSE
B0,Q2,0.75,256,87,0,True,FALSE,6,False,FALSE
B0,Q2,0.75,256,87,87,True,FALSE,6,False,FALSE
B0,Q2,0.75,256,88,0,True,FALSE,24,False,FALSE
B0,Q2,0.75,256,89,0,True,FALSE,6,False,FALSE
B0,Q2,0.75,256,89,89,True,FALSE,6,False,FALSE
B0,Q2,0.75,256,91,0,True,FALSE,6,False,FALSE
B0,Q2,0.75,256,91,91,True,FALSE,6,False,FALSE
B0,Q2,0.75,256,92,0,True,FALSE,18,False,FALSE
B0,Q2,0.75,256,92,92,True,FALSE,12,False,FALSE
B0,Q2,0.75,256,93,0,True,FALSE,6,False,FALSE
B0,Q2,0.75,256,93,93,True,FALSE,6,False,FALSE
B0,Q2,0.75,256,94,0,True,FALSE,12,False,FALSE
B0,Q2,0.75,256,94,94,True,FALSE,12,False,FALSE
B0,Q2,0.75,256,97,0,True,FALSE,12,False,FALSE
B0,Q2,0.75,256,99,0,True,FALSE,6,False,FALSE
B0,Q2,0.75,256,99,99,True,FALSE,6,False,FALSE
B0,Q2,0.75,256,101,0,True,FALSE,6,False,FALSE
B0,Q2,0.75,256,101,101,True,FALSE,6,False,FALSE
B0,Q2,0.75,256,102,0,True,FALSE,12,False,FALSE
B0,Q2,0.75,256,102,102,True,FALSE,12,False,FALSE
B0,Q2,0.75,256,103,0,True,FALSE,6,False,FALSE
B0,Q2,0.75,256,103,103,True,FALSE,6,False,FALSE
B0,Q2,0.75,256,105,0,True,FALSE,6,False,FALSE
B0,Q2,0.75,256,105,105,True,FALSE,6,False,FALSE
B0,Q2,0.75,256,106,0,True,FALSE,18,False,FALSE
B0,Q2,0.75,256,106,106,True,FALSE,6,False,FALSE
B0,Q2,0.75,256,107,0,True,FALSE,12,False,FALSE
B0,Q2,0.75,256,109,0,True,FALSE,12,False,FALSE
B0,Q2,0.75,256,109,109,True,FALSE,12,False,FALSE
B0,Q2,0.75,256,111,0,True,FALSE,24,False,FALSE
B0,Q2,0.75,256,111,58,True,FALSE,6,False,FALSE
B0,Q2,0.75,256,111,111,True,FALSE,18,False,FALSE
B0,Q2,0.75,256,112,0,True,FALSE,6,False,FALSE
B0,Q2,0.75,256,112,112,True,FALSE,6,False,FALSE
B0,Q2,0.75,256,113,0,True,FALSE,6,False,FALSE
B0,Q2,0.75,256,113,113,True,FALSE,6,False,FALSE
B0,Q2,0.75,256,114,0,True,FALSE,6,False,FALSE
B0,Q2,0.75,256,114,114,True,FALSE,6,False,FALSE
B0,Q2,0.75,256,116,0,True,FALSE,6,False,FALSE
B0,Q2,0.75,256,116,116,True,FALSE,6,False,FALSE
B0,Q2,0.75,256,117,0,True,FALSE,24,False,FALSE
B0,Q2,0.75,256,117,117,True,FALSE,12,False,FALSE
B0,Q2,0.75,256,118,0,True,FALSE,12,False,FALSE
B0,Q2,0.75,256,118,118,True,FALSE,12,False,FALSE
B0,Q2,0.75,256,121,0,True,FALSE,6,False,FALSE
B0,Q2,0.75,256,121,121,True,FALSE,6,False,FALSE
B0,Q2,0.75,256,124,0,True,FALSE,6,False,FALSE
B0,Q2,0.75,256,124,124,True,FALSE,6,False,FALSE
B0,Q2,0.75,256,125,0,True,FALSE,6,False,FALSE
B0,Q2,0.75,256,125,125,True,FALSE,6,False,FALSE
B0,Q2,0.75,256,128,0,True,FALSE,6,False,FALSE
B0,Q2,0.75,256,128,128,True,FALSE,6,False,FALSE
B0,Q2,0.75,256,130,0,True,FALSE,12,False,FALSE
B0,Q2,0.75,256,130,130,True,FALSE,12,False,FALSE
B0,Q2,0.75,256,136,0,True,FALSE,6,False,FALSE
B0,Q2,0.75,256,136,136,True,FALSE,6,False,FALSE
B0,Q2,0.75,256,139,0,True,FALSE,6,False,FALSE
B0,Q2,0.75,256,139,139,True,FALSE,6,False,FALSE
B0,Q2,0.75,256,149,0,True,FALSE,18,False,FALSE
B0,Q2,0.75,256,149,84,True,FALSE,6,False,FALSE
B0,Q2,0.75,256,149,149,True,FALSE,12,False,FALSE
B0,Q2,0.75,256,150,0,True,FALSE,6,False,FALSE
B0,Q2,0.75,256,150,150,True,FALSE,6,False,FALSE
B0,Q2,0.75,256,151,0,True,FALSE,12,False,FALSE
B0,Q2,0.75,256,151,151,True,FALSE,12,False,FALSE
B0,Q2,0.75,256,155,0,True,FALSE,6,False,FALSE
B0,Q2,0.75,256,155,155,True,FALSE,6,False,FALSE
B0,Q2,0.75,256,158,0,True,FALSE,6,False,FALSE
B0,Q2,0.75,256,159,0,True,FALSE,12,False,FALSE
B0,Q2,0.75,256,159,159,True,FALSE,12,False,FALSE
B0,Q2,0.75,256,160,0,True,FALSE,6,False,FALSE
B0,Q2,0.75,256,160,160,True,FALSE,6,False,FALSE
B0,Q2,0.75,256,167,0,True,FALSE,12,False,FALSE
B0,Q2,0.75,256,168,0,True,FALSE,6,False,FALSE
B0,Q2,0.75,256,169,0,True,FALSE,6,False,FALSE
B0,Q2,0.75,256,169,1,True,FALSE,6,False,FALSE
B0,Q2,0.75,256,170,0,True,FALSE,6,False,FALSE
B0,Q2,0.75,256,170,170,True,FALSE,6,False,FALSE
B0,Q2,0.75,256,175,0,True,FALSE,12,False,FALSE
B0,Q2,0.75,256,175,175,True,FALSE,12,False,FALSE
B0,Q2,0.75,256,180,0,True,FALSE,6,False,FALSE
B0,Q2,0.75,256,180,180,True,MC_UNRESOLVED,6,False,MC_UNRESOLVED
B0,Q2,0.75,256,182,0,True,FALSE,6,False,FALSE
B0,Q2,0.75,256,182,182,True,MC_UNRESOLVED,6,False,MC_UNRESOLVED
B0,Q2,0.75,256,184,0,True,FALSE,6,False,FALSE
B0,Q2,0.75,256,184,184,True,MC_UNRESOLVED,6,False,MC_UNRESOLVED
B0,Q2,0.75,256,192,0,True,FALSE,6,False,FALSE
B0,Q2,0.75,256,192,192,True,MC_UNRESOLVED,6,True,MC_UNRESOLVED
B0,Q2,0.75,256,193,0,True,FALSE,9,False,FALSE
B0,Q2,0.75,256,193,193,True,MC_UNRESOLVED,9,True,MC_UNRESOLVED
B0,Q2,0.75,256,197,0,True,FALSE,15,False,FALSE
B0,Q2,0.75,256,197,197,True,MC_UNRESOLVED,15,True,MC_UNRESOLVED
B0,Q2,0.75,256,199,0,True,FALSE,6,False,FALSE
B0,Q2,0.75,256,200,0,True,FALSE,6,False,FALSE
B0,Q2,0.75,256,200,200,True,MC_UNRESOLVED,6,True,MC_UNRESOLVED
B0,Q2,0.75,256,201,0,True,FALSE,6,False,FALSE
B0,Q2,0.75,256,201,201,True,MC_UNRESOLVED,6,True,MC_UNRESOLVED
B0,Q2,0.75,256,204,0,True,FALSE,12,False,FALSE
B0,Q2,0.75,256,204,204,True,MC_UNRESOLVED,12,True,MC_UNRESOLVED
B0,Q2,0.75,256,206,0,True,FALSE,6,False,FALSE
B0,Q2,0.75,256,206,206,True,MC_UNRESOLVED,6,True,MC_UNRESOLVED
B0,Q2,0.75,256,207,0,True,FALSE,6,False,FALSE
B0,Q2,0.75,256,207,207,True,MC_UNRESOLVED,6,True,MC_UNRESOLVED
B0,Q2,0.75,256,210,0,True,FALSE,6,False,FALSE
B0,Q2,0.75,256,210,210,True,TRUE,6,True,TRUE
B0,Q2,0.75,256,211,0,True,FALSE,6,False,FALSE
B0,Q2,0.75,256,211,211,True,TRUE,6,True,TRUE
B0,Q2,0.75,256,216,0,True,FALSE,12,False,FALSE
B0,Q2,0.75,256,216,216,True,TRUE,6,True,TRUE
B0,Q2,0.75,256,217,0,True,FALSE,6,False,FALSE
B0,Q2,0.75,256,217,217,True,TRUE,6,True,TRUE
B0,Q2,0.75,256,218,0,True,FALSE,6,False,FALSE
B0,Q2,0.75,256,218,218,True,TRUE,6,True,TRUE
B0,Q2,0.75,256,220,0,True,FALSE,6,False,FALSE
B0,Q2,0.75,256,220,220,True,TRUE,6,True,TRUE
B0,Q2,0.75,256,221,0,True,FALSE,6,False,FALSE
B0,Q2,0.75,256,221,221,True,TRUE,6,True,TRUE
B0,Q2,0.75,256,224,0,True,FALSE,12,False,FALSE
B0,Q2,0.75,256,224,224,True,TRUE,6,True,TRUE
B0,Q2,0.75,256,225,0,True,FALSE,6,False,FALSE
B0,Q2,0.75,256,225,225,True,TRUE,6,True,TRUE
B0,Q2,0.75,256,227,0,True,FALSE,12,False,FALSE
B0,Q2,0.75,256,228,0,True,FALSE,6,False,FALSE
B0,Q2,0.75,256,228,228,True,TRUE,6,True,TRUE
B0,Q2,0.75,256,229,0,True,FALSE,6,False,FALSE
B0,Q2,0.75,256,229,229,True,TRUE,6,True,TRUE
B0,Q2,0.75,256,234,0,True,FALSE,6,False,FALSE
B0,Q2,0.75,256,234,234,True,TRUE,6,True,TRUE
B0,Q2,0.75,256,235,0,True,FALSE,6,False,FALSE
B0,Q2,0.75,256,235,235,True,TRUE,6,True,TRUE
B0,Q2,0.75,256,239,0,True,FALSE,6,False,FALSE
B0,Q2,0.75,256,239,239,True,TRUE,6,True,TRUE
B0,Q2,0.75,256,240,0,True,FALSE,12,False,FALSE
B0,Q2,0.75,256,240,240,True,TRUE,6,True,TRUE
B0,Q2,0.75,256,241,0,True,FALSE,18,False,FALSE
B0,Q2,0.75,256,241,241,True,TRUE,18,True,TRUE
B0,Q2,0.75,256,242,0,True,FALSE,6,False,FALSE
B0,Q2,0.75,256,242,242,True,TRUE,6,True,TRUE
B0,Q2,0.75,256,243,0,True,FALSE,6,False,FALSE
B0,Q2,0.75,256,243,243,True,TRUE,6,True,TRUE
B0,Q2,0.75,256,244,0,True,FALSE,30,False,FALSE
B0,Q2,0.75,256,244,244,True,TRUE,18,True,TRUE
B0,Q2,0.75,256,245,0,True,FALSE,3,False,FALSE
B0,Q2,0.75,256,245,1,True,FALSE,3,False,FALSE
B0,Q2,0.75,256,246,0,True,FALSE,18,False,FALSE
B0,Q2,0.75,256,246,246,True,TRUE,6,True,TRUE
B0,Q2,0.75,256,247,0,True,FALSE,6,False,FALSE
B0,Q2,0.75,256,247,247,True,TRUE,6,True,TRUE
B0,Q2,0.75,256,248,0,True,FALSE,6,False,FALSE
B0,Q2,0.75,256,249,0,True,FALSE,9,False,FALSE
B0,Q2,0.75,256,249,249,True,TRUE,9,True,TRUE
B0,Q2,0.75,256,250,0,True,FALSE,33,False,FALSE
B0,Q2,0.75,256,250,250,True,TRUE,33,True,TRUE
B0,Q2,0.75,256,251,0,True,FALSE,18,False,FALSE
B0,Q2,0.75,256,251,251,True,TRUE,18,True,TRUE
B0,Q2,0.75,256,252,0,True,FALSE,12,False,FALSE
B0,Q2,0.75,256,252,252,True,TRUE,12,True,TRUE
B0,Q2,0.75,256,253,0,True,FALSE,2,False,FALSE
B0,Q2,0.75,256,253,253,True,TRUE,2,True,TRUE
B0,Q2,0.75,256,254,0,True,FALSE,20,False,FALSE
B0,Q2,0.75,256,254,249,True,TRUE,3,True,TRUE
B0,Q2,0.75,256,254,254,True,TRUE,21,True,TRUE
B0,Q2,0.75,256,255,0,True,FALSE,51,False,FALSE
B0,Q2,0.75,256,255,1,True,FALSE,4,False,FALSE
B0,Q2,0.75,256,255,3,True,FALSE,2,False,FALSE
B0,Q2,0.75,256,255,238,True,TRUE,2,True,TRUE
B0,Q2,0.75,256,255,252,True,TRUE,2,True,TRUE
B0,Q2,0.75,256,255,254,True,TRUE,2,True,TRUE
B0,Q2,0.75,256,255,255,True,TRUE,67,True,TRUE
B0,Q2,0.75,256,256,0,True,FALSE,36107,False,FALSE
B0,Q2,0.75,256,256,1,True,FALSE,89,False,FALSE
B0,Q2,0.75,256,256,2,True,FALSE,42,False,FALSE
B0,Q2,0.75,256,256,3,True,FALSE,43,False,FALSE
B0,Q2,0.75,256,256,4,True,FALSE,6,False,FALSE
B0,Q2,0.75,256,256,7,True,FALSE,3,False,FALSE
B0,Q2,0.75,256,256,9,True,FALSE,3,False,FALSE
B0,Q2,0.75,256,256,21,True,FALSE,6,False,FALSE
B0,Q2,0.75,256,256,24,True,FALSE,3,False,FALSE
B0,Q2,0.75,256,256,25,True,FALSE,21,False,FALSE
B0,Q2,0.75,256,256,26,True,FALSE,6,False,FALSE
B0,Q2,0.75,256,256,27,True,FALSE,6,False,FALSE
B0,Q2,0.75,256,256,29,True,FALSE,6,False,FALSE
B0,Q2,0.75,256,256,33,True,FALSE,18,False,FALSE
B0,Q2,0.75,256,256,43,True,FALSE,18,False,FALSE
B0,Q2,0.75,256,256,48,True,FALSE,18,False,FALSE
B0,Q2,0.75,256,256,72,True,FALSE,3,False,FALSE
B0,Q2,0.75,256,256,74,True,FALSE,3,False,FALSE
B0,Q2,0.75,256,256,84,True,FALSE,6,False,FALSE
B0,Q2,0.75,256,256,107,True,FALSE,6,False,FALSE
B0,Q2,0.75,256,256,110,True,FALSE,6,False,FALSE
B0,Q2,0.75,256,256,116,True,FALSE,6,False,FALSE
B0,Q2,0.75,256,256,123,True,FALSE,3,False,FALSE
B0,Q2,0.75,256,256,134,True,FALSE,18,False,FALSE
B0,Q2,0.75,256,256,135,True,FALSE,3,False,FALSE
B0,Q2,0.75,256,256,139,True,FALSE,3,False,FALSE
B0,Q2,0.75,256,256,142,True,FALSE,12,False,FALSE
B0,Q2,0.75,256,256,144,True,FALSE,15,False,FALSE
B0,Q2,0.75,256,256,145,True,FALSE,6,False,FALSE
B0,Q2,0.75,256,256,146,True,FALSE,12,False,FALSE
B0,Q2,0.75,256,256,147,True,FALSE,24,False,FALSE
B0,Q2,0.75,256,256,148,True,FALSE,6,False,FALSE
B0,Q2,0.75,256,256,155,True,FALSE,12,False,FALSE
B0,Q2,0.75,256,256,159,True,FALSE,18,False,FALSE
B0,Q2,0.75,256,256,168,True,FALSE,6,False,FALSE
B0,Q2,0.75,256,256,169,True,FALSE,3,False,FALSE
B0,Q2,0.75,256,256,174,True,FALSE,6,False,FALSE
B0,Q2,0.75,256,256,180,True,MC_UNRESOLVED,3,False,MC_UNRESOLVED
B0,Q2,0.75,256,256,194,True,MC_UNRESOLVED,3,True,MC_UNRESOLVED
B0,Q2,0.75,256,256,200,True,MC_UNRESOLVED,3,True,MC_UNRESOLVED
B0,Q2,0.75,256,256,202,True,MC_UNRESOLVED,3,True,MC_UNRESOLVED
B0,Q2,0.75,256,256,206,True,MC_UNRESOLVED,3,True,MC_UNRESOLVED
B0,Q2,0.75,256,256,215,True,TRUE,6,True,TRUE
B0,Q2,0.75,256,256,221,True,TRUE,6,True,TRUE
B0,Q2,0.75,256,256,225,True,TRUE,3,True,TRUE
B0,Q2,0.75,256,256,227,True,TRUE,6,True,TRUE
B0,Q2,0.75,256,256,229,True,TRUE,3,True,TRUE
B0,Q2,0.75,256,256,230,True,TRUE,12,True,TRUE
B0,Q2,0.75,256,256,232,True,TRUE,6,True,TRUE
B0,Q2,0.75,256,256,239,True,TRUE,22,True,TRUE
B0,Q2,0.75,256,256,241,True,TRUE,3,True,TRUE
B0,Q2,0.75,256,256,242,True,TRUE,3,True,TRUE
B0,Q2,0.75,256,256,243,True,TRUE,18,True,TRUE
B0,Q2,0.75,256,256,244,True,TRUE,12,True,TRUE
B0,Q2,0.75,256,256,249,True,TRUE,9,True,TRUE
B0,Q2,0.75,256,256,250,True,TRUE,18,True,TRUE
B0,Q2,0.75,256,256,251,True,TRUE,6,True,TRUE
B0,Q2,0.75,256,256,253,True,TRUE,19,True,TRUE
B0,Q2,0.75,256,256,254,True,TRUE,30,True,TRUE
B0,Q2,0.75,256,256,255,True,TRUE,49,True,TRUE
B0,Q2,0.75,256,256,256,True,TRUE,31680,True,TRUE
B0,Q1,0.9,256,0,0,False,FALSE,15552,False,FALSE
B0,Q1,0.9,256,0,0,True,FALSE,31275,False,FALSE
B0,Q1,0.9,256,1,0,True,FALSE,48,False,FALSE
B0,Q1,0.9,256,1,1,True,FALSE,99,False,FALSE
B0,Q1,0.9,256,2,0,True,FALSE,6,False,FALSE
B0,Q1,0.9,256,2,2,True,FALSE,66,False,FALSE
B0,Q1,0.9,256,3,0,True,FALSE,12,False,FALSE
B0,Q1,0.9,256,3,1,True,FALSE,3,False,FALSE
B0,Q1,0.9,256,3,3,True,FALSE,39,False,FALSE
B0,Q1,0.9,256,4,0,True,FALSE,18,False,FALSE
B0,Q1,0.9,256,4,4,True,FALSE,57,False,FALSE
B0,Q1,0.9,256,5,0,True,FALSE,9,False,FALSE
B0,Q1,0.9,256,5,4,True,FALSE,3,False,FALSE
B0,Q1,0.9,256,5,5,True,FALSE,30,False,FALSE
B0,Q1,0.9,256,6,0,True,FALSE,3,False,FALSE
B0,Q1,0.9,256,6,6,True,FALSE,27,False,FALSE
B0,Q1,0.9,256,7,0,True,FALSE,6,False,FALSE
B0,Q1,0.9,256,7,7,True,FALSE,36,False,FALSE
B0,Q1,0.9,256,8,8,True,FALSE,18,False,FALSE
B0,Q1,0.9,256,9,9,True,FALSE,39,False,FALSE
B0,Q1,0.9,256,10,8,True,FALSE,6,False,FALSE
B0,Q1,0.9,256,10,10,True,FALSE,12,False,FALSE
B0,Q1,0.9,256,11,9,True,FALSE,6,False,FALSE
B0,Q1,0.9,256,11,11,True,FALSE,6,False,FALSE
B0,Q1,0.9,256,12,0,True,FALSE,6,False,FALSE
B0,Q1,0.9,256,12,12,True,FALSE,18,False,FALSE
B0,Q1,0.9,256,13,13,True,FALSE,18,False,FALSE
B0,Q1,0.9,256,14,14,True,FALSE,12,False,FALSE
B0,Q1,0.9,256,15,15,True,FALSE,12,False,FALSE
B0,Q1,0.9,256,16,0,True,FALSE,3,False,FALSE
B0,Q1,0.9,256,18,0,True,FALSE,3,False,FALSE
B0,Q1,0.9,256,18,18,True,FALSE,6,False,FALSE
B0,Q1,0.9,256,20,0,True,FALSE,3,False,FALSE
B0,Q1,0.9,256,20,20,True,FALSE,6,False,FALSE
B0,Q1,0.9,256,21,21,True,FALSE,18,False,FALSE
B0,Q1,0.9,256,22,22,True,FALSE,6,False,FALSE
B0,Q1,0.9,256,23,23,True,FALSE,6,False,FALSE
B0,Q1,0.9,256,25,25,True,FALSE,21,False,FALSE
B0,Q1,0.9,256,26,26,True,FALSE,6,False,FALSE
B0,Q1,0.9,256,27,0,True,FALSE,3,False,FALSE
B0,Q1,0.9,256,28,28,True,FALSE,9,False,FALSE
B0,Q1,0.9,256,31,31,True,FALSE,6,False,FALSE
B0,Q1,0.9,256,32,32,True,FALSE,6,False,FALSE
B0,Q1,0.9,256,33,33,True,FALSE,12,False,FALSE
B0,Q1,0.9,256,36,36,True,FALSE,12,False,FALSE
B0,Q1,0.9,256,37,37,True,FALSE,6,False,FALSE
B0,Q1,0.9,256,38,38,True,FALSE,12,False,FALSE
B0,Q1,0.9,256,39,0,True,FALSE,3,False,FALSE
B0,Q1,0.9,256,39,39,True,FALSE,6,False,FALSE
B0,Q1,0.9,256,40,0,True,FALSE,3,False,FALSE
B0,Q1,0.9,256,40,40,True,FALSE,12,False,FALSE
B0,Q1,0.9,256,41,0,True,FALSE,3,False,FALSE
B0,Q1,0.9,256,41,41,True,FALSE,3,False,FALSE
B0,Q1,0.9,256,43,0,True,FALSE,6,False,FALSE
B0,Q1,0.9,256,43,43,True,FALSE,3,False,FALSE
B0,Q1,0.9,256,44,44,True,FALSE,6,False,FALSE
B0,Q1,0.9,256,45,45,True,FALSE,12,False,FALSE
B0,Q1,0.9,256,46,46,True,FALSE,6,False,FALSE
B0,Q1,0.9,256,47,47,True,FALSE,9,False,FALSE
B0,Q1,0.9,256,48,48,True,FALSE,6,False,FALSE
B0,Q1,0.9,256,49,49,True,FALSE,9,False,FALSE
B0,Q1,0.9,256,50,50,True,FALSE,12,False,FALSE
B0,Q1,0.9,256,51,51,True,FALSE,9,False,FALSE
B0,Q1,0.9,256,54,0,True,FALSE,3,False,FALSE
B0,Q1,0.9,256,54,54,True,FALSE,6,False,FALSE
B0,Q1,0.9,256,55,55,True,FALSE,15,False,FALSE
B0,Q1,0.9,256,56,56,True,FALSE,9,False,FALSE
B0,Q1,0.9,256,57,57,True,FALSE,12,False,FALSE
B0,Q1,0.9,256,58,58,True,FALSE,6,False,FALSE
B0,Q1,0.9,256,59,59,True,FALSE,21,False,FALSE
B0,Q1,0.9,256,60,60,True,FALSE,18,False,FALSE
B0,Q1,0.9,256,61,61,True,FALSE,6,False,FALSE
B0,Q1,0.9,256,63,63,True,FALSE,6,False,FALSE
B0,Q1,0.9,256,64,0,True,FALSE,3,False,FALSE
B0,Q1,0.9,256,65,65,True,FALSE,6,False,FALSE
B0,Q1,0.9,256,66,0,True,FALSE,6,False,FALSE
B0,Q1,0.9,256,67,67,True,FALSE,6,False,FALSE
B0,Q1,0.9,256,69,0,True,FALSE,6,False,FALSE
B0,Q1,0.9,256,70,0,True,FALSE,6,False,FALSE
B0,Q1,0.9,256,71,71,True,FALSE,6,False,FALSE
B0,Q1,0.9,256,72,72,True,FALSE,6,False,FALSE
B0,Q1,0.9,256,73,73,True,FALSE,12,False,FALSE
B0,Q1,0.9,256,75,75,True,FALSE,6,False,FALSE
B0,Q1,0.9,256,76,76,True,FALSE,6,False,FALSE
B0,Q1,0.9,256,79,79,True,FALSE,12,False,FALSE
B0,Q1,0.9,256,80,0,True,FALSE,3,False,FALSE
B0,Q1,0.9,256,81,81,True,FALSE,6,False,FALSE
B0,Q1,0.9,256,83,83,True,FALSE,12,False,FALSE
B0,Q1,0.9,256,85,0,True,FALSE,6,False,FALSE
B0,Q1,0.9,256,86,0,True,FALSE,3,False,FALSE
B0,Q1,0.9,256,87,87,True,FALSE,6,False,FALSE
B0,Q1,0.9,256,88,0,True,FALSE,12,False,FALSE
B0,Q1,0.9,256,89,89,True,FALSE,6,False,FALSE
B0,Q1,0.9,256,91,91,True,FALSE,6,False,FALSE
B0,Q1,0.9,256,92,0,True,FALSE,3,False,FALSE
B0,Q1,0.9,256,92,92,True,FALSE,12,False,FALSE
B0,Q1,0.9,256,93,93,True,FALSE,6,False,FALSE
B0,Q1,0.9,256,94,94,True,FALSE,12,False,FALSE
B0,Q1,0.9,256,97,0,True,FALSE,6,False,FALSE
B0,Q1,0.9,256,99,99,True,FALSE,6,False,FALSE
B0,Q1,0.9,256,101,101,True,FALSE,6,False,FALSE
B0,Q1,0.9,256,102,102,True,FALSE,12,False,FALSE
B0,Q1,0.9,256,103,103,True,FALSE,6,False,FALSE
B0,Q1,0.9,256,105,105,True,FALSE,6,False,FALSE
B0,Q1,0.9,256,106,0,True,FALSE,6,False,FALSE
B0,Q1,0.9,256,106,106,True,FALSE,6,False,FALSE
B0,Q1,0.9,256,107,0,True,FALSE,6,False,FALSE
B0,Q1,0.9,256,109,109,True,FALSE,12,False,FALSE
B0,Q1,0.9,256,111,58,True,FALSE,6,False,FALSE
B0,Q1,0.9,256,111,111,True,FALSE,18,False,FALSE
B0,Q1,0.9,256,112,112,True,FALSE,6,False,FALSE
B0,Q1,0.9,256,113,113,True,FALSE,6,False,FALSE
B0,Q1,0.9,256,114,114,True,FALSE,6,False,FALSE
B0,Q1,0.9,256,116,116,True,FALSE,6,False,FALSE
B0,Q1,0.9,256,117,0,True,FALSE,6,False,FALSE
B0,Q1,0.9,256,117,117,True,FALSE,12,False,FALSE
B0,Q1,0.9,256,118,118,True,FALSE,12,False,FALSE
B0,Q1,0.9,256,121,121,True,FALSE,6,False,FALSE
B0,Q1,0.9,256,124,124,True,FALSE,6,False,FALSE
B0,Q1,0.9,256,125,125,True,FALSE,6,False,FALSE
B0,Q1,0.9,256,128,128,True,FALSE,6,False,FALSE
B0,Q1,0.9,256,130,130,True,FALSE,12,False,FALSE
B0,Q1,0.9,256,136,136,True,FALSE,6,False,FALSE
B0,Q1,0.9,256,139,139,True,FALSE,6,False,FALSE
B0,Q1,0.9,256,149,84,True,FALSE,6,False,FALSE
B0,Q1,0.9,256,149,149,True,FALSE,12,False,FALSE
B0,Q1,0.9,256,150,150,True,FALSE,6,False,FALSE
B0,Q1,0.9,256,151,151,True,FALSE,12,False,FALSE
B0,Q1,0.9,256,155,155,True,FALSE,6,False,FALSE
B0,Q1,0.9,256,158,0,True,FALSE,3,False,FALSE
B0,Q1,0.9,256,159,159,True,FALSE,12,False,FALSE
B0,Q1,0.9,256,160,160,True,FALSE,6,False,FALSE
B0,Q1,0.9,256,167,0,True,FALSE,6,False,FALSE
B0,Q1,0.9,256,168,0,True,FALSE,3,False,FALSE
B0,Q1,0.9,256,169,1,True,FALSE,6,False,FALSE
B0,Q1,0.9,256,170,170,True,FALSE,6,False,FALSE
B0,Q1,0.9,256,175,175,True,FALSE,12,False,FALSE
B0,Q1,0.9,256,180,180,True,FALSE,6,False,FALSE
B0,Q1,0.9,256,182,182,True,FALSE,6,False,FALSE
B0,Q1,0.9,256,184,184,True,FALSE,6,False,FALSE
B0,Q1,0.9,256,192,192,True,FALSE,6,False,FALSE
B0,Q1,0.9,256,193,193,True,FALSE,9,False,FALSE
B0,Q1,0.9,256,197,197,True,FALSE,15,False,FALSE
B0,Q1,0.9,256,199,0,True,FALSE,3,False,FALSE
B0,Q1,0.9,256,200,200,True,FALSE,6,False,FALSE
B0,Q1,0.9,256,201,201,True,FALSE,6,False,FALSE
B0,Q1,0.9,256,204,204,True,FALSE,12,False,FALSE
B0,Q1,0.9,256,206,206,True,FALSE,6,False,FALSE
B0,Q1,0.9,256,207,207,True,FALSE,6,False,FALSE
B0,Q1,0.9,256,210,210,True,FALSE,6,False,FALSE
B0,Q1,0.9,256,211,211,True,FALSE,6,False,FALSE
B0,Q1,0.9,256,216,0,True,FALSE,3,False,FALSE
B0,Q1,0.9,256,216,216,True,FALSE,6,False,FALSE
B0,Q1,0.9,256,217,217,True,FALSE,6,False,FALSE
B0,Q1,0.9,256,218,218,True,FALSE,6,False,FALSE
B0,Q1,0.9,256,220,220,True,FALSE,6,False,FALSE
B0,Q1,0.9,256,221,221,True,MC_UNRESOLVED,6,False,MC_UNRESOLVED
B0,Q1,0.9,256,224,0,True,MC_UNRESOLVED,3,False,MC_UNRESOLVED
B0,Q1,0.9,256,224,224,True,MC_UNRESOLVED,6,False,MC_UNRESOLVED
B0,Q1,0.9,256,225,225,True,MC_UNRESOLVED,6,False,MC_UNRESOLVED
B0,Q1,0.9,256,227,0,True,MC_UNRESOLVED,6,False,MC_UNRESOLVED
B0,Q1,0.9,256,228,228,True,MC_UNRESOLVED,6,False,MC_UNRESOLVED
B0,Q1,0.9,256,229,229,True,MC_UNRESOLVED,6,False,MC_UNRESOLVED
B0,Q1,0.9,256,234,234,True,MC_UNRESOLVED,6,True,MC_UNRESOLVED
B0,Q1,0.9,256,235,235,True,MC_UNRESOLVED,6,True,MC_UNRESOLVED
B0,Q1,0.9,256,239,239,True,MC_UNRESOLVED,6,True,MC_UNRESOLVED
B0,Q1,0.9,256,240,0,True,TRUE,3,True,TRUE
B0,Q1,0.9,256,240,240,True,TRUE,6,True,TRUE
B0,Q1,0.9,256,241,241,True,TRUE,18,True,TRUE
B0,Q1,0.9,256,242,242,True,TRUE,6,True,TRUE
B0,Q1,0.9,256,243,243,True,TRUE,6,True,TRUE
B0,Q1,0.9,256,244,0,True,TRUE,6,True,TRUE
B0,Q1,0.9,256,244,244,True,TRUE,18,True,TRUE
B0,Q1,0.9,256,245,1,True,TRUE,3,True,TRUE
B0,Q1,0.9,256,246,0,True,TRUE,6,True,TRUE
B0,Q1,0.9,256,246,246,True,TRUE,6,True,TRUE
B0,Q1,0.9,256,247,247,True,TRUE,6,True,TRUE
B0,Q1,0.9,256,248,0,True,TRUE,3,True,TRUE
B0,Q1,0.9,256,249,249,True,TRUE,9,True,TRUE
B0,Q1,0.9,256,250,250,True,TRUE,33,True,TRUE
B0,Q1,0.9,256,251,251,True,TRUE,18,True,TRUE
B0,Q1,0.9,256,252,252,True,TRUE,12,True,TRUE
B0,Q1,0.9,256,253,253,True,TRUE,2,True,TRUE
B0,Q1,0.9,256,254,249,True,TRUE,3,True,TRUE
B0,Q1,0.9,256,254,254,True,TRUE,19,True,TRUE
B0,Q1,0.9,256,255,255,True,TRUE,65,True,TRUE
B0,Q1,0.9,256,256,0,True,TRUE,2274,True,TRUE
B0,Q1,0.9,256,256,1,True,TRUE,39,True,TRUE
B0,Q1,0.9,256,256,2,True,TRUE,24,True,TRUE
B0,Q1,0.9,256,256,3,True,TRUE,9,True,TRUE
B0,Q1,0.9,256,256,4,True,TRUE,6,True,TRUE
B0,Q1,0.9,256,256,7,True,TRUE,3,True,TRUE
B0,Q1,0.9,256,256,9,True,TRUE,3,True,TRUE
B0,Q1,0.9,256,256,21,True,TRUE,6,True,TRUE
B0,Q1,0.9,256,256,24,True,TRUE,3,True,TRUE
B0,Q1,0.9,256,256,25,True,TRUE,3,True,TRUE
B0,Q1,0.9,256,256,26,True,TRUE,6,True,TRUE
B0,Q1,0.9,256,256,27,True,TRUE,6,True,TRUE
B0,Q1,0.9,256,256,29,True,TRUE,6,True,TRUE
B0,Q1,0.9,256,256,72,True,TRUE,3,True,TRUE
B0,Q1,0.9,256,256,74,True,TRUE,3,True,TRUE
B0,Q1,0.9,256,256,84,True,TRUE,6,True,TRUE
B0,Q1,0.9,256,256,107,True,TRUE,6,True,TRUE
B0,Q1,0.9,256,256,110,True,TRUE,6,True,TRUE
B0,Q1,0.9,256,256,116,True,TRUE,6,True,TRUE
B0,Q1,0.9,256,256,123,True,TRUE,3,True,TRUE
B0,Q1,0.9,256,256,135,True,TRUE,3,True,TRUE
B0,Q1,0.9,256,256,139,True,TRUE,3,True,TRUE
B0,Q1,0.9,256,256,142,True,TRUE,12,True,TRUE
B0,Q1,0.9,256,256,144,True,TRUE,15,True,TRUE
B0,Q1,0.9,256,256,145,True,TRUE,6,True,TRUE
B0,Q1,0.9,256,256,146,True,TRUE,12,True,TRUE
B0,Q1,0.9,256,256,147,True,TRUE,6,True,TRUE
B0,Q1,0.9,256,256,148,True,TRUE,6,True,TRUE
B0,Q1,0.9,256,256,155,True,TRUE,12,True,TRUE
B0,Q1,0.9,256,256,159,True,TRUE,18,True,TRUE
B0,Q1,0.9,256,256,168,True,TRUE,6,True,TRUE
B0,Q1,0.9,256,256,169,True,TRUE,3,True,TRUE
B0,Q1,0.9,256,256,174,True,TRUE,6,True,TRUE
B0,Q1,0.9,256,256,180,True,TRUE,3,True,TRUE
B0,Q1,0.9,256,256,194,True,TRUE,3,True,TRUE
B0,Q1,0.9,256,256,200,True,TRUE,3,True,TRUE
B0,Q1,0.9,256,256,202,True,TRUE,3,True,TRUE
B0,Q1,0.9,256,256,206,True,TRUE,3,True,TRUE
B0,Q1,0.9,256,256,215,True,TRUE,6,True,TRUE
B0,Q1,0.9,256,256,221,True,TRUE,6,True,TRUE
B0,Q1,0.9,256,256,225,True,TRUE,3,True,TRUE
B0,Q1,0.9,256,256,227,True,TRUE,6,True,TRUE
B0,Q1,0.9,256,256,229,True,TRUE,3,True,TRUE
B0,Q1,0.9,256,256,230,True,TRUE,12,True,TRUE
B0,Q1,0.9,256,256,232,True,TRUE,6,True,TRUE
B0,Q1,0.9,256,256,239,True,TRUE,6,True,TRUE
B0,Q1,0.9,256,256,241,True,TRUE,3,True,TRUE
B0,Q1,0.9,256,256,242,True,TRUE,3,True,TRUE
B0,Q1,0.9,256,256,244,True,TRUE,12,True,TRUE
B0,Q1,0.9,256,256,249,True,TRUE,9,True,TRUE
B0,Q1,0.9,256,256,251,True,TRUE,6,True,TRUE
B0,Q1,0.9,256,256,253,True,TRUE,3,True,TRUE
B0,Q1,0.9,256,256,254,True,TRUE,30,True,TRUE
B0,Q1,0.9,256,256,255,True,TRUE,33,True,TRUE
B0,Q1,0.9,256,256,256,True,TRUE,31558,True,TRUE
B0,Q2,0.9,256,0,0,False,FALSE,31104,False,FALSE
B0,Q2,0.9,256,0,0,True,FALSE,62550,False,FALSE
B0,Q2,0.9,256,1,0,True,FALSE,195,False,FALSE
B0,Q2,0.9,256,1,1,True,FALSE,99,False,FALSE
B0,Q2,0.9,256,2,0,True,FALSE,78,False,FALSE
B0,Q2,0.9,256,2,2,True,FALSE,66,False,FALSE
B0,Q2,0.9,256,3,0,True,FALSE,66,False,FALSE
B0,Q2,0.9,256,3,1,True,FALSE,3,False,FALSE
B0,Q2,0.9,256,3,3,True,FALSE,39,False,FALSE
B0,Q2,0.9,256,4,0,True,FALSE,93,False,FALSE
B0,Q2,0.9,256,4,4,True,FALSE,57,False,FALSE
B0,Q2,0.9,256,5,0,True,FALSE,51,False,FALSE
B0,Q2,0.9,256,5,4,True,FALSE,3,False,FALSE
B0,Q2,0.9,256,5,5,True,FALSE,30,False,FALSE
B0,Q2,0.9,256,6,0,True,FALSE,33,False,FALSE
B0,Q2,0.9,256,6,6,True,FALSE,27,False,FALSE
B0,Q2,0.9,256,7,0,True,FALSE,48,False,FALSE
B0,Q2,0.9,256,7,7,True,FALSE,36,False,FALSE
B0,Q2,0.9,256,8,0,True,FALSE,18,False,FALSE
B0,Q2,0.9,256,8,8,True,FALSE,18,False,FALSE
B0,Q2,0.9,256,9,0,True,FALSE,39,False,FALSE
B0,Q2,0.9,256,9,9,True,FALSE,39,False,FALSE
B0,Q2,0.9,256,10,0,True,FALSE,18,False,FALSE
B0,Q2,0.9,256,10,8,True,FALSE,6,False,FALSE
B0,Q2,0.9,256,10,10,True,FALSE,12,False,FALSE
B0,Q2,0.9,256,11,0,True,FALSE,12,False,FALSE
B0,Q2,0.9,256,11,9,True,FALSE,6,False,FALSE
B0,Q2,0.9,256,11,11,True,FALSE,6,False,FALSE
B0,Q2,0.9,256,12,0,True,FALSE,30,False,FALSE
B0,Q2,0.9,256,12,12,True,FALSE,18,False,FALSE
B0,Q2,0.9,256,13,0,True,FALSE,18,False,FALSE
B0,Q2,0.9,256,13,13,True,FALSE,18,False,FALSE
B0,Q2,0.9,256,14,0,True,FALSE,12,False,FALSE
B0,Q2,0.9,256,14,14,True,FALSE,12,False,FALSE
B0,Q2,0.9,256,15,0,True,FALSE,12,False,FALSE
B0,Q2,0.9,256,15,15,True,FALSE,12,False,FALSE
B0,Q2,0.9,256,16,0,True,FALSE,6,False,FALSE
B0,Q2,0.9,256,18,0,True,FALSE,12,False,FALSE
B0,Q2,0.9,256,18,18,True,FALSE,6,False,FALSE
B0,Q2,0.9,256,20,0,True,FALSE,12,False,FALSE
B0,Q2,0.9,256,20,20,True,FALSE,6,False,FALSE
B0,Q2,0.9,256,21,0,True,FALSE,18,False,FALSE
B0,Q2,0.9,256,21,21,True,FALSE,18,False,FALSE
B0,Q2,0.9,256,22,0,True,FALSE,6,False,FALSE
B0,Q2,0.9,256,22,22,True,FALSE,6,False,FALSE
B0,Q2,0.9,256,23,0,True,FALSE,6,False,FALSE
B0,Q2,0.9,256,23,23,True,FALSE,6,False,FALSE
B0,Q2,0.9,256,25,0,True,FALSE,21,False,FALSE
B0,Q2,0.9,256,25,25,True,FALSE,21,False,FALSE
B0,Q2,0.9,256,26,0,True,FALSE,6,False,FALSE
B0,Q2,0.9,256,26,26,True,FALSE,6,False,FALSE
B0,Q2,0.9,256,27,0,True,FALSE,6,False,FALSE
B0,Q2,0.9,256,28,0,True,FALSE,9,False,FALSE
B0,Q2,0.9,256,28,28,True,FALSE,9,False,FALSE
B0,Q2,0.9,256,31,0,True,FALSE,6,False,FALSE
B0,Q2,0.9,256,31,31,True,FALSE,6,False,FALSE
B0,Q2,0.9,256,32,0,True,FALSE,6,False,FALSE
B0,Q2,0.9,256,32,32,True,FALSE,6,False,FALSE
B0,Q2,0.9,256,33,0,True,FALSE,12,False,FALSE
B0,Q2,0.9,256,33,33,True,FALSE,12,False,FALSE
B0,Q2,0.9,256,36,0,True,FALSE,12,False,FALSE
B0,Q2,0.9,256,36,36,True,FALSE,12,False,FALSE
B0,Q2,0.9,256,37,0,True,FALSE,6,False,FALSE
B0,Q2,0.9,256,37,37,True,FALSE,6,False,FALSE
B0,Q2,0.9,256,38,0,True,FALSE,12,False,FALSE
B0,Q2,0.9,256,38,38,True,FALSE,12,False,FALSE
B0,Q2,0.9,256,39,0,True,FALSE,12,False,FALSE
B0,Q2,0.9,256,39,39,True,FALSE,6,False,FALSE
B0,Q2,0.9,256,40,0,True,FALSE,18,False,FALSE
B0,Q2,0.9,256,40,40,True,FALSE,12,False,FALSE
B0,Q2,0.9,256,41,0,True,FALSE,9,False,FALSE
B0,Q2,0.9,256,41,41,True,FALSE,3,False,FALSE
B0,Q2,0.9,256,43,0,True,FALSE,15,False,FALSE
B0,Q2,0.9,256,43,43,True,FALSE,3,False,FALSE
B0,Q2,0.9,256,44,0,True,FALSE,6,False,FALSE
B0,Q2,0.9,256,44,44,True,FALSE,6,False,FALSE
B0,Q2,0.9,256,45,0,True,FALSE,12,False,FALSE
B0,Q2,0.9,256,45,45,True,FALSE,12,False,FALSE
B0,Q2,0.9,256,46,0,True,FALSE,6,False,FALSE
B0,Q2,0.9,256,46,46,True,FALSE,6,False,FALSE
B0,Q2,0.9,256,47,0,True,FALSE,9,False,FALSE
B0,Q2,0.9,256,47,47,True,FALSE,9,False,FALSE
B0,Q2,0.9,256,48,0,True,FALSE,6,False,FALSE
B0,Q2,0.9,256,48,48,True,FALSE,6,False,FALSE
B0,Q2,0.9,256,49,0,True,FALSE,9,False,FALSE
B0,Q2,0.9,256,49,49,True,FALSE,9,False,FALSE
B0,Q2,0.9,256,50,0,True,FALSE,12,False,FALSE
B0,Q2,0.9,256,50,50,True,FALSE,12,False,FALSE
B0,Q2,0.9,256,51,0,True,FALSE,9,False,FALSE
B0,Q2,0.9,256,51,51,True,FALSE,9,False,FALSE
B0,Q2,0.9,256,54,0,True,FALSE,12,False,FALSE
B0,Q2,0.9,256,54,54,True,FALSE,6,False,FALSE
B0,Q2,0.9,256,55,0,True,FALSE,15,False,FALSE
B0,Q2,0.9,256,55,55,True,FALSE,15,False,FALSE
B0,Q2,0.9,256,56,0,True,FALSE,9,False,FALSE
B0,Q2,0.9,256,56,56,True,FALSE,9,False,FALSE
B0,Q2,0.9,256,57,0,True,FALSE,12,False,FALSE
B0,Q2,0.9,256,57,57,True,FALSE,12,False,FALSE
B0,Q2,0.9,256,58,0,True,FALSE,6,False,FALSE
B0,Q2,0.9,256,58,58,True,FALSE,6,False,FALSE
B0,Q2,0.9,256,59,0,True,FALSE,21,False,FALSE
B0,Q2,0.9,256,59,59,True,FALSE,21,False,FALSE
B0,Q2,0.9,256,60,0,True,FALSE,18,False,FALSE
B0,Q2,0.9,256,60,60,True,FALSE,18,False,FALSE
B0,Q2,0.9,256,61,0,True,FALSE,6,False,FALSE
B0,Q2,0.9,256,61,61,True,FALSE,6,False,FALSE
B0,Q2,0.9,256,63,0,True,FALSE,6,False,FALSE
B0,Q2,0.9,256,63,63,True,FALSE,6,False,FALSE
B0,Q2,0.9,256,64,0,True,FALSE,6,False,FALSE
B0,Q2,0.9,256,65,0,True,FALSE,6,False,FALSE
B0,Q2,0.9,256,65,65,True,FALSE,6,False,FALSE
B0,Q2,0.9,256,66,0,True,FALSE,12,False,FALSE
B0,Q2,0.9,256,67,0,True,FALSE,6,False,FALSE
B0,Q2,0.9,256,67,67,True,FALSE,6,False,FALSE
B0,Q2,0.9,256,69,0,True,FALSE,12,False,FALSE
B0,Q2,0.9,256,70,0,True,FALSE,12,False,FALSE
B0,Q2,0.9,256,71,0,True,FALSE,6,False,FALSE
B0,Q2,0.9,256,71,71,True,FALSE,6,False,FALSE
B0,Q2,0.9,256,72,0,True,FALSE,6,False,FALSE
B0,Q2,0.9,256,72,72,True,FALSE,6,False,FALSE
B0,Q2,0.9,256,73,0,True,FALSE,12,False,FALSE
B0,Q2,0.9,256,73,73,True,FALSE,12,False,FALSE
B0,Q2,0.9,256,75,0,True,FALSE,6,False,FALSE
B0,Q2,0.9,256,75,75,True,FALSE,6,False,FALSE
B0,Q2,0.9,256,76,0,True,FALSE,6,False,FALSE
B0,Q2,0.9,256,76,76,True,FALSE,6,False,FALSE
B0,Q2,0.9,256,79,0,True,FALSE,12,False,FALSE
B0,Q2,0.9,256,79,79,True,FALSE,12,False,FALSE
B0,Q2,0.9,256,80,0,True,FALSE,6,False,FALSE
B0,Q2,0.9,256,81,0,True,FALSE,6,False,FALSE
B0,Q2,0.9,256,81,81,True,FALSE,6,False,FALSE
B0,Q2,0.9,256,83,0,True,FALSE,12,False,FALSE
B0,Q2,0.9,256,83,83,True,FALSE,12,False,FALSE
B0,Q2,0.9,256,85,0,True,FALSE,12,False,FALSE
B0,Q2,0.9,256,86,0,True,FALSE,6,False,FALSE
B0,Q2,0.9,256,87,0,True,FALSE,6,False,FALSE
B0,Q2,0.9,256,87,87,True,FALSE,6,False,FALSE
B0,Q2,0.9,256,88,0,True,FALSE,24,False,FALSE
B0,Q2,0.9,256,89,0,True,FALSE,6,False,FALSE
B0,Q2,0.9,256,89,89,True,FALSE,6,False,FALSE
B0,Q2,0.9,256,91,0,True,FALSE,6,False,FALSE
B0,Q2,0.9,256,91,91,True,FALSE,6,False,FALSE
B0,Q2,0.9,256,92,0,True,FALSE,18,False,FALSE
B0,Q2,0.9,256,92,92,True,FALSE,12,False,FALSE
B0,Q2,0.9,256,93,0,True,FALSE,6,False,FALSE
B0,Q2,0.9,256,93,93,True,FALSE,6,False,FALSE
B0,Q2,0.9,256,94,0,True,FALSE,12,False,FALSE
B0,Q2,0.9,256,94,94,True,FALSE,12,False,FALSE
B0,Q2,0.9,256,97,0,True,FALSE,12,False,FALSE
B0,Q2,0.9,256,99,0,True,FALSE,6,False,FALSE
B0,Q2,0.9,256,99,99,True,FALSE,6,False,FALSE
B0,Q2,0.9,256,101,0,True,FALSE,6,False,FALSE
B0,Q2,0.9,256,101,101,True,FALSE,6,False,FALSE
B0,Q2,0.9,256,102,0,True,FALSE,12,False,FALSE
B0,Q2,0.9,256,102,102,True,FALSE,12,False,FALSE
B0,Q2,0.9,256,103,0,True,FALSE,6,False,FALSE
B0,Q2,0.9,256,103,103,True,FALSE,6,False,FALSE
B0,Q2,0.9,256,105,0,True,FALSE,6,False,FALSE
B0,Q2,0.9,256,105,105,True,FALSE,6,False,FALSE
B0,Q2,0.9,256,106,0,True,FALSE,18,False,FALSE
B0,Q2,0.9,256,106,106,True,FALSE,6,False,FALSE
B0,Q2,0.9,256,107,0,True,FALSE,12,False,FALSE
B0,Q2,0.9,256,109,0,True,FALSE,12,False,FALSE
B0,Q2,0.9,256,109,109,True,FALSE,12,False,FALSE
B0,Q2,0.9,256,111,0,True,FALSE,24,False,FALSE
B0,Q2,0.9,256,111,58,True,FALSE,6,False,FALSE
B0,Q2,0.9,256,111,111,True,FALSE,18,False,FALSE
B0,Q2,0.9,256,112,0,True,FALSE,6,False,FALSE
B0,Q2,0.9,256,112,112,True,FALSE,6,False,FALSE
B0,Q2,0.9,256,113,0,True,FALSE,6,False,FALSE
B0,Q2,0.9,256,113,113,True,FALSE,6,False,FALSE
B0,Q2,0.9,256,114,0,True,FALSE,6,False,FALSE
B0,Q2,0.9,256,114,114,True,FALSE,6,False,FALSE
B0,Q2,0.9,256,116,0,True,FALSE,6,False,FALSE
B0,Q2,0.9,256,116,116,True,FALSE,6,False,FALSE
B0,Q2,0.9,256,117,0,True,FALSE,24,False,FALSE
B0,Q2,0.9,256,117,117,True,FALSE,12,False,FALSE
B0,Q2,0.9,256,118,0,True,FALSE,12,False,FALSE
B0,Q2,0.9,256,118,118,True,FALSE,12,False,FALSE
B0,Q2,0.9,256,121,0,True,FALSE,6,False,FALSE
B0,Q2,0.9,256,121,121,True,FALSE,6,False,FALSE
B0,Q2,0.9,256,124,0,True,FALSE,6,False,FALSE
B0,Q2,0.9,256,124,124,True,FALSE,6,False,FALSE
B0,Q2,0.9,256,125,0,True,FALSE,6,False,FALSE
B0,Q2,0.9,256,125,125,True,FALSE,6,False,FALSE
B0,Q2,0.9,256,128,0,True,FALSE,6,False,FALSE
B0,Q2,0.9,256,128,128,True,FALSE,6,False,FALSE
B0,Q2,0.9,256,130,0,True,FALSE,12,False,FALSE
B0,Q2,0.9,256,130,130,True,FALSE,12,False,FALSE
B0,Q2,0.9,256,136,0,True,FALSE,6,False,FALSE
B0,Q2,0.9,256,136,136,True,FALSE,6,False,FALSE
B0,Q2,0.9,256,139,0,True,FALSE,6,False,FALSE
B0,Q2,0.9,256,139,139,True,FALSE,6,False,FALSE
B0,Q2,0.9,256,149,0,True,FALSE,18,False,FALSE
B0,Q2,0.9,256,149,84,True,FALSE,6,False,FALSE
B0,Q2,0.9,256,149,149,True,FALSE,12,False,FALSE
B0,Q2,0.9,256,150,0,True,FALSE,6,False,FALSE
B0,Q2,0.9,256,150,150,True,FALSE,6,False,FALSE
B0,Q2,0.9,256,151,0,True,FALSE,12,False,FALSE
B0,Q2,0.9,256,151,151,True,FALSE,12,False,FALSE
B0,Q2,0.9,256,155,0,True,FALSE,6,False,FALSE
B0,Q2,0.9,256,155,155,True,FALSE,6,False,FALSE
B0,Q2,0.9,256,158,0,True,FALSE,6,False,FALSE
B0,Q2,0.9,256,159,0,True,FALSE,12,False,FALSE
B0,Q2,0.9,256,159,159,True,FALSE,12,False,FALSE
B0,Q2,0.9,256,160,0,True,FALSE,6,False,FALSE
B0,Q2,0.9,256,160,160,True,FALSE,6,False,FALSE
B0,Q2,0.9,256,167,0,True,FALSE,12,False,FALSE
B0,Q2,0.9,256,168,0,True,FALSE,6,False,FALSE
B0,Q2,0.9,256,169,0,True,FALSE,6,False,FALSE
B0,Q2,0.9,256,169,1,True,FALSE,6,False,FALSE
B0,Q2,0.9,256,170,0,True,FALSE,6,False,FALSE
B0,Q2,0.9,256,170,170,True,FALSE,6,False,FALSE
B0,Q2,0.9,256,175,0,True,FALSE,12,False,FALSE
B0,Q2,0.9,256,175,175,True,FALSE,12,False,FALSE
B0,Q2,0.9,256,180,0,True,FALSE,6,False,FALSE
B0,Q2,0.9,256,180,180,True,FALSE,6,False,FALSE
B0,Q2,0.9,256,182,0,True,FALSE,6,False,FALSE
B0,Q2,0.9,256,182,182,True,FALSE,6,False,FALSE
B0,Q2,0.9,256,184,0,True,FALSE,6,False,FALSE
B0,Q2,0.9,256,184,184,True,FALSE,6,False,FALSE
B0,Q2,0.9,256,192,0,True,FALSE,6,False,FALSE
B0,Q2,0.9,256,192,192,True,FALSE,6,False,FALSE
B0,Q2,0.9,256,193,0,True,FALSE,9,False,FALSE
B0,Q2,0.9,256,193,193,True,FALSE,9,False,FALSE
B0,Q2,0.9,256,197,0,True,FALSE,15,False,FALSE
B0,Q2,0.9,256,197,197,True,FALSE,15,False,FALSE
B0,Q2,0.9,256,199,0,True,FALSE,6,False,FALSE
B0,Q2,0.9,256,200,0,True,FALSE,6,False,FALSE
B0,Q2,0.9,256,200,200,True,FALSE,6,False,FALSE
B0,Q2,0.9,256,201,0,True,FALSE,6,False,FALSE
B0,Q2,0.9,256,201,201,True,FALSE,6,False,FALSE
B0,Q2,0.9,256,204,0,True,FALSE,12,False,FALSE
B0,Q2,0.9,256,204,204,True,FALSE,12,False,FALSE
B0,Q2,0.9,256,206,0,True,FALSE,6,False,FALSE
B0,Q2,0.9,256,206,206,True,FALSE,6,False,FALSE
B0,Q2,0.9,256,207,0,True,FALSE,6,False,FALSE
B0,Q2,0.9,256,207,207,True,FALSE,6,False,FALSE
B0,Q2,0.9,256,210,0,True,FALSE,6,False,FALSE
B0,Q2,0.9,256,210,210,True,FALSE,6,False,FALSE
B0,Q2,0.9,256,211,0,True,FALSE,6,False,FALSE
B0,Q2,0.9,256,211,211,True,FALSE,6,False,FALSE
B0,Q2,0.9,256,216,0,True,FALSE,12,False,FALSE
B0,Q2,0.9,256,216,216,True,FALSE,6,False,FALSE
B0,Q2,0.9,256,217,0,True,FALSE,6,False,FALSE
B0,Q2,0.9,256,217,217,True,FALSE,6,False,FALSE
B0,Q2,0.9,256,218,0,True,FALSE,6,False,FALSE
B0,Q2,0.9,256,218,218,True,FALSE,6,False,FALSE
B0,Q2,0.9,256,220,0,True,FALSE,6,False,FALSE
B0,Q2,0.9,256,220,220,True,MC_UNRESOLVED,6,False,MC_UNRESOLVED
B0,Q2,0.9,256,221,0,True,FALSE,6,False,FALSE
B0,Q2,0.9,256,221,221,True,MC_UNRESOLVED,6,False,MC_UNRESOLVED
B0,Q2,0.9,256,224,0,True,FALSE,12,False,FALSE
B0,Q2,0.9,256,224,224,True,MC_UNRESOLVED,6,False,MC_UNRESOLVED
B0,Q2,0.9,256,225,0,True,FALSE,6,False,FALSE
B0,Q2,0.9,256,225,225,True,MC_UNRESOLVED,6,False,MC_UNRESOLVED
B0,Q2,0.9,256,227,0,True,FALSE,12,False,FALSE
B0,Q2,0.9,256,228,0,True,FALSE,6,False,FALSE
B0,Q2,0.9,256,228,228,True,MC_UNRESOLVED,6,False,MC_UNRESOLVED
B0,Q2,0.9,256,229,0,True,FALSE,6,False,FALSE
B0,Q2,0.9,256,229,229,True,MC_UNRESOLVED,6,False,MC_UNRESOLVED
B0,Q2,0.9,256,234,0,True,FALSE,6,False,FALSE
B0,Q2,0.9,256,234,234,True,MC_UNRESOLVED,6,True,MC_UNRESOLVED
B0,Q2,0.9,256,235,0,True,FALSE,6,False,FALSE
B0,Q2,0.9,256,235,235,True,MC_UNRESOLVED,6,True,MC_UNRESOLVED
B0,Q2,0.9,256,239,0,True,FALSE,6,False,FALSE
B0,Q2,0.9,256,239,239,True,MC_UNRESOLVED,6,True,MC_UNRESOLVED
B0,Q2,0.9,256,240,0,True,FALSE,12,False,FALSE
B0,Q2,0.9,256,240,240,True,MC_UNRESOLVED,6,True,MC_UNRESOLVED
B0,Q2,0.9,256,241,0,True,FALSE,18,False,FALSE
B0,Q2,0.9,256,241,241,True,MC_UNRESOLVED,18,True,MC_UNRESOLVED
B0,Q2,0.9,256,242,0,True,FALSE,6,False,FALSE
B0,Q2,0.9,256,242,242,True,TRUE,6,True,TRUE
B0,Q2,0.9,256,243,0,True,FALSE,6,False,FALSE
B0,Q2,0.9,256,243,243,True,TRUE,6,True,TRUE
B0,Q2,0.9,256,244,0,True,FALSE,30,False,FALSE
B0,Q2,0.9,256,244,244,True,TRUE,18,True,TRUE
B0,Q2,0.9,256,245,0,True,FALSE,3,False,FALSE
B0,Q2,0.9,256,245,1,True,FALSE,3,False,FALSE
B0,Q2,0.9,256,246,0,True,FALSE,18,False,FALSE
B0,Q2,0.9,256,246,246,True,TRUE,6,True,TRUE
B0,Q2,0.9,256,247,0,True,FALSE,6,False,FALSE
B0,Q2,0.9,256,247,247,True,TRUE,6,True,TRUE
B0,Q2,0.9,256,248,0,True,FALSE,6,False,FALSE
B0,Q2,0.9,256,249,0,True,FALSE,9,False,FALSE
B0,Q2,0.9,256,249,249,True,TRUE,9,True,TRUE
B0,Q2,0.9,256,250,0,True,FALSE,33,False,FALSE
B0,Q2,0.9,256,250,250,True,TRUE,33,True,TRUE
B0,Q2,0.9,256,251,0,True,FALSE,18,False,FALSE
B0,Q2,0.9,256,251,251,True,TRUE,18,True,TRUE
B0,Q2,0.9,256,252,0,True,FALSE,12,False,FALSE
B0,Q2,0.9,256,252,252,True,TRUE,12,True,TRUE
B0,Q2,0.9,256,253,0,True,FALSE,2,False,FALSE
B0,Q2,0.9,256,253,253,True,TRUE,2,True,TRUE
B0,Q2,0.9,256,254,0,True,FALSE,20,False,FALSE
B0,Q2,0.9,256,254,249,True,TRUE,3,True,TRUE
B0,Q2,0.9,256,254,254,True,TRUE,21,True,TRUE
B0,Q2,0.9,256,255,0,True,FALSE,51,False,FALSE
B0,Q2,0.9,256,255,1,True,FALSE,4,False,FALSE
B0,Q2,0.9,256,255,3,True,FALSE,2,False,FALSE
B0,Q2,0.9,256,255,238,True,MC_UNRESOLVED,2,True,MC_UNRESOLVED
B0,Q2,0.9,256,255,252,True,TRUE,2,True,TRUE
B0,Q2,0.9,256,255,254,True,TRUE,2,True,TRUE
B0,Q2,0.9,256,255,255,True,TRUE,67,True,TRUE
B0,Q2,0.9,256,256,0,True,FALSE,36107,False,FALSE
B0,Q2,0.9,256,256,1,True,FALSE,89,False,FALSE
B0,Q2,0.9,256,256,2,True,FALSE,42,False,FALSE
B0,Q2,0.9,256,256,3,True,FALSE,43,False,FALSE
B0,Q2,0.9,256,256,4,True,FALSE,6,False,FALSE
B0,Q2,0.9,256,256,7,True,FALSE,3,False,FALSE
B0,Q2,0.9,256,256,9,True,FALSE,3,False,FALSE
B0,Q2,0.9,256,256,21,True,FALSE,6,False,FALSE
B0,Q2,0.9,256,256,24,True,FALSE,3,False,FALSE
B0,Q2,0.9,256,256,25,True,FALSE,21,False,FALSE
B0,Q2,0.9,256,256,26,True,FALSE,6,False,FALSE
B0,Q2,0.9,256,256,27,True,FALSE,6,False,FALSE
B0,Q2,0.9,256,256,29,True,FALSE,6,False,FALSE
B0,Q2,0.9,256,256,33,True,FALSE,18,False,FALSE
B0,Q2,0.9,256,256,43,True,FALSE,18,False,FALSE
B0,Q2,0.9,256,256,48,True,FALSE,18,False,FALSE
B0,Q2,0.9,256,256,72,True,FALSE,3,False,FALSE
B0,Q2,0.9,256,256,74,True,FALSE,3,False,FALSE
B0,Q2,0.9,256,256,84,True,FALSE,6,False,FALSE
B0,Q2,0.9,256,256,107,True,FALSE,6,False,FALSE
B0,Q2,0.9,256,256,110,True,FALSE,6,False,FALSE
B0,Q2,0.9,256,256,116,True,FALSE,6,False,FALSE
B0,Q2,0.9,256,256,123,True,FALSE,3,False,FALSE
B0,Q2,0.9,256,256,134,True,FALSE,18,False,FALSE
B0,Q2,0.9,256,256,135,True,FALSE,3,False,FALSE
B0,Q2,0.9,256,256,139,True,FALSE,3,False,FALSE
B0,Q2,0.9,256,256,142,True,FALSE,12,False,FALSE
B0,Q2,0.9,256,256,144,True,FALSE,15,False,FALSE
B0,Q2,0.9,256,256,145,True,FALSE,6,False,FALSE
B0,Q2,0.9,256,256,146,True,FALSE,12,False,FALSE
B0,Q2,0.9,256,256,147,True,FALSE,24,False,FALSE
B0,Q2,0.9,256,256,148,True,FALSE,6,False,FALSE
B0,Q2,0.9,256,256,155,True,FALSE,12,False,FALSE
B0,Q2,0.9,256,256,159,True,FALSE,18,False,FALSE
B0,Q2,0.9,256,256,168,True,FALSE,6,False,FALSE
B0,Q2,0.9,256,256,169,True,FALSE,3,False,FALSE
B0,Q2,0.9,256,256,174,True,FALSE,6,False,FALSE
B0,Q2,0.9,256,256,180,True,FALSE,3,False,FALSE
B0,Q2,0.9,256,256,194,True,FALSE,3,False,FALSE
B0,Q2,0.9,256,256,200,True,FALSE,3,False,FALSE
B0,Q2,0.9,256,256,202,True,FALSE,3,False,FALSE
B0,Q2,0.9,256,256,206,True,FALSE,3,False,FALSE
B0,Q2,0.9,256,256,215,True,FALSE,6,False,FALSE
B0,Q2,0.9,256,256,221,True,MC_UNRESOLVED,6,False,MC_UNRESOLVED
B0,Q2,0.9,256,256,225,True,MC_UNRESOLVED,3,False,MC_UNRESOLVED
B0,Q2,0.9,256,256,227,True,MC_UNRESOLVED,6,False,MC_UNRESOLVED
B0,Q2,0.9,256,256,229,True,MC_UNRESOLVED,3,False,MC_UNRESOLVED
B0,Q2,0.9,256,256,230,True,MC_UNRESOLVED,12,False,MC_UNRESOLVED
B0,Q2,0.9,256,256,232,True,MC_UNRESOLVED,6,True,MC_UNRESOLVED
B0,Q2,0.9,256,256,239,True,MC_UNRESOLVED,22,True,MC_UNRESOLVED
B0,Q2,0.9,256,256,241,True,MC_UNRESOLVED,3,True,MC_UNRESOLVED
B0,Q2,0.9,256,256,242,True,TRUE,3,True,TRUE
B0,Q2,0.9,256,256,243,True,TRUE,18,True,TRUE
B0,Q2,0.9,256,256,244,True,TRUE,12,True,TRUE
B0,Q2,0.9,256,256,249,True,TRUE,9,True,TRUE
B0,Q2,0.9,256,256,250,True,TRUE,18,True,TRUE
B0,Q2,0.9,256,256,251,True,TRUE,6,True,TRUE
B0,Q2,0.9,256,256,253,True,TRUE,19,True,TRUE
B0,Q2,0.9,256,256,254,True,TRUE,30,True,TRUE
B0,Q2,0.9,256,256,255,True,TRUE,49,True,TRUE
B0,Q2,0.9,256,256,256,True,TRUE,31680,True,TRUE
B0,Q1,1,256,0,0,False,FALSE,15552,False,FALSE
B0,Q1,1,256,0,0,True,FALSE,31275,False,FALSE
B0,Q1,1,256,1,0,True,FALSE,48,False,FALSE
B0,Q1,1,256,1,1,True,FALSE,99,False,FALSE
B0,Q1,1,256,2,0,True,FALSE,6,False,FALSE
B0,Q1,1,256,2,2,True,FALSE,66,False,FALSE
B0,Q1,1,256,3,0,True,FALSE,12,False,FALSE
B0,Q1,1,256,3,1,True,FALSE,3,False,FALSE
B0,Q1,1,256,3,3,True,FALSE,39,False,FALSE
B0,Q1,1,256,4,0,True,FALSE,18,False,FALSE
B0,Q1,1,256,4,4,True,FALSE,57,False,FALSE
B0,Q1,1,256,5,0,True,FALSE,9,False,FALSE
B0,Q1,1,256,5,4,True,FALSE,3,False,FALSE
B0,Q1,1,256,5,5,True,FALSE,30,False,FALSE
B0,Q1,1,256,6,0,True,FALSE,3,False,FALSE
B0,Q1,1,256,6,6,True,FALSE,27,False,FALSE
B0,Q1,1,256,7,0,True,FALSE,6,False,FALSE
B0,Q1,1,256,7,7,True,FALSE,36,False,FALSE
B0,Q1,1,256,8,8,True,FALSE,18,False,FALSE
B0,Q1,1,256,9,9,True,FALSE,39,False,FALSE
B0,Q1,1,256,10,8,True,FALSE,6,False,FALSE
B0,Q1,1,256,10,10,True,FALSE,12,False,FALSE
B0,Q1,1,256,11,9,True,FALSE,6,False,FALSE
B0,Q1,1,256,11,11,True,FALSE,6,False,FALSE
B0,Q1,1,256,12,0,True,FALSE,6,False,FALSE
B0,Q1,1,256,12,12,True,FALSE,18,False,FALSE
B0,Q1,1,256,13,13,True,FALSE,18,False,FALSE
B0,Q1,1,256,14,14,True,FALSE,12,False,FALSE
B0,Q1,1,256,15,15,True,FALSE,12,False,FALSE
B0,Q1,1,256,16,0,True,FALSE,3,False,FALSE
B0,Q1,1,256,18,0,True,FALSE,3,False,FALSE
B0,Q1,1,256,18,18,True,FALSE,6,False,FALSE
B0,Q1,1,256,20,0,True,FALSE,3,False,FALSE
B0,Q1,1,256,20,20,True,FALSE,6,False,FALSE
B0,Q1,1,256,21,21,True,FALSE,18,False,FALSE
B0,Q1,1,256,22,22,True,FALSE,6,False,FALSE
B0,Q1,1,256,23,23,True,FALSE,6,False,FALSE
B0,Q1,1,256,25,25,True,FALSE,21,False,FALSE
B0,Q1,1,256,26,26,True,FALSE,6,False,FALSE
B0,Q1,1,256,27,0,True,FALSE,3,False,FALSE
B0,Q1,1,256,28,28,True,FALSE,9,False,FALSE
B0,Q1,1,256,31,31,True,FALSE,6,False,FALSE
B0,Q1,1,256,32,32,True,FALSE,6,False,FALSE
B0,Q1,1,256,33,33,True,FALSE,12,False,FALSE
B0,Q1,1,256,36,36,True,FALSE,12,False,FALSE
B0,Q1,1,256,37,37,True,FALSE,6,False,FALSE
B0,Q1,1,256,38,38,True,FALSE,12,False,FALSE
B0,Q1,1,256,39,0,True,FALSE,3,False,FALSE
B0,Q1,1,256,39,39,True,FALSE,6,False,FALSE
B0,Q1,1,256,40,0,True,FALSE,3,False,FALSE
B0,Q1,1,256,40,40,True,FALSE,12,False,FALSE
B0,Q1,1,256,41,0,True,FALSE,3,False,FALSE
B0,Q1,1,256,41,41,True,FALSE,3,False,FALSE
B0,Q1,1,256,43,0,True,FALSE,6,False,FALSE
B0,Q1,1,256,43,43,True,FALSE,3,False,FALSE
B0,Q1,1,256,44,44,True,FALSE,6,False,FALSE
B0,Q1,1,256,45,45,True,FALSE,12,False,FALSE
B0,Q1,1,256,46,46,True,FALSE,6,False,FALSE
B0,Q1,1,256,47,47,True,FALSE,9,False,FALSE
B0,Q1,1,256,48,48,True,FALSE,6,False,FALSE
B0,Q1,1,256,49,49,True,FALSE,9,False,FALSE
B0,Q1,1,256,50,50,True,FALSE,12,False,FALSE
B0,Q1,1,256,51,51,True,FALSE,9,False,FALSE
B0,Q1,1,256,54,0,True,FALSE,3,False,FALSE
B0,Q1,1,256,54,54,True,FALSE,6,False,FALSE
B0,Q1,1,256,55,55,True,FALSE,15,False,FALSE
B0,Q1,1,256,56,56,True,FALSE,9,False,FALSE
B0,Q1,1,256,57,57,True,FALSE,12,False,FALSE
B0,Q1,1,256,58,58,True,FALSE,6,False,FALSE
B0,Q1,1,256,59,59,True,FALSE,21,False,FALSE
B0,Q1,1,256,60,60,True,FALSE,18,False,FALSE
B0,Q1,1,256,61,61,True,FALSE,6,False,FALSE
B0,Q1,1,256,63,63,True,FALSE,6,False,FALSE
B0,Q1,1,256,64,0,True,FALSE,3,False,FALSE
B0,Q1,1,256,65,65,True,FALSE,6,False,FALSE
B0,Q1,1,256,66,0,True,FALSE,6,False,FALSE
B0,Q1,1,256,67,67,True,FALSE,6,False,FALSE
B0,Q1,1,256,69,0,True,FALSE,6,False,FALSE
B0,Q1,1,256,70,0,True,FALSE,6,False,FALSE
B0,Q1,1,256,71,71,True,FALSE,6,False,FALSE
B0,Q1,1,256,72,72,True,FALSE,6,False,FALSE
B0,Q1,1,256,73,73,True,FALSE,12,False,FALSE
B0,Q1,1,256,75,75,True,FALSE,6,False,FALSE
B0,Q1,1,256,76,76,True,FALSE,6,False,FALSE
B0,Q1,1,256,79,79,True,FALSE,12,False,FALSE
B0,Q1,1,256,80,0,True,FALSE,3,False,FALSE
B0,Q1,1,256,81,81,True,FALSE,6,False,FALSE
B0,Q1,1,256,83,83,True,FALSE,12,False,FALSE
B0,Q1,1,256,85,0,True,FALSE,6,False,FALSE
B0,Q1,1,256,86,0,True,FALSE,3,False,FALSE
B0,Q1,1,256,87,87,True,FALSE,6,False,FALSE
B0,Q1,1,256,88,0,True,FALSE,12,False,FALSE
B0,Q1,1,256,89,89,True,FALSE,6,False,FALSE
B0,Q1,1,256,91,91,True,FALSE,6,False,FALSE
B0,Q1,1,256,92,0,True,FALSE,3,False,FALSE
B0,Q1,1,256,92,92,True,FALSE,12,False,FALSE
B0,Q1,1,256,93,93,True,FALSE,6,False,FALSE
B0,Q1,1,256,94,94,True,FALSE,12,False,FALSE
B0,Q1,1,256,97,0,True,FALSE,6,False,FALSE
B0,Q1,1,256,99,99,True,FALSE,6,False,FALSE
B0,Q1,1,256,101,101,True,FALSE,6,False,FALSE
B0,Q1,1,256,102,102,True,FALSE,12,False,FALSE
B0,Q1,1,256,103,103,True,FALSE,6,False,FALSE
B0,Q1,1,256,105,105,True,FALSE,6,False,FALSE
B0,Q1,1,256,106,0,True,FALSE,6,False,FALSE
B0,Q1,1,256,106,106,True,FALSE,6,False,FALSE
B0,Q1,1,256,107,0,True,FALSE,6,False,FALSE
B0,Q1,1,256,109,109,True,FALSE,12,False,FALSE
B0,Q1,1,256,111,58,True,FALSE,6,False,FALSE
B0,Q1,1,256,111,111,True,FALSE,18,False,FALSE
B0,Q1,1,256,112,112,True,FALSE,6,False,FALSE
B0,Q1,1,256,113,113,True,FALSE,6,False,FALSE
B0,Q1,1,256,114,114,True,FALSE,6,False,FALSE
B0,Q1,1,256,116,116,True,FALSE,6,False,FALSE
B0,Q1,1,256,117,0,True,FALSE,6,False,FALSE
B0,Q1,1,256,117,117,True,FALSE,12,False,FALSE
B0,Q1,1,256,118,118,True,FALSE,12,False,FALSE
B0,Q1,1,256,121,121,True,FALSE,6,False,FALSE
B0,Q1,1,256,124,124,True,FALSE,6,False,FALSE
B0,Q1,1,256,125,125,True,FALSE,6,False,FALSE
B0,Q1,1,256,128,128,True,FALSE,6,False,FALSE
B0,Q1,1,256,130,130,True,FALSE,12,False,FALSE
B0,Q1,1,256,136,136,True,FALSE,6,False,FALSE
B0,Q1,1,256,139,139,True,FALSE,6,False,FALSE
B0,Q1,1,256,149,84,True,FALSE,6,False,FALSE
B0,Q1,1,256,149,149,True,FALSE,12,False,FALSE
B0,Q1,1,256,150,150,True,FALSE,6,False,FALSE
B0,Q1,1,256,151,151,True,FALSE,12,False,FALSE
B0,Q1,1,256,155,155,True,FALSE,6,False,FALSE
B0,Q1,1,256,158,0,True,FALSE,3,False,FALSE
B0,Q1,1,256,159,159,True,FALSE,12,False,FALSE
B0,Q1,1,256,160,160,True,FALSE,6,False,FALSE
B0,Q1,1,256,167,0,True,FALSE,6,False,FALSE
B0,Q1,1,256,168,0,True,FALSE,3,False,FALSE
B0,Q1,1,256,169,1,True,FALSE,6,False,FALSE
B0,Q1,1,256,170,170,True,FALSE,6,False,FALSE
B0,Q1,1,256,175,175,True,FALSE,12,False,FALSE
B0,Q1,1,256,180,180,True,FALSE,6,False,FALSE
B0,Q1,1,256,182,182,True,FALSE,6,False,FALSE
B0,Q1,1,256,184,184,True,FALSE,6,False,FALSE
B0,Q1,1,256,192,192,True,FALSE,6,False,FALSE
B0,Q1,1,256,193,193,True,FALSE,9,False,FALSE
B0,Q1,1,256,197,197,True,FALSE,15,False,FALSE
B0,Q1,1,256,199,0,True,FALSE,3,False,FALSE
B0,Q1,1,256,200,200,True,FALSE,6,False,FALSE
B0,Q1,1,256,201,201,True,FALSE,6,False,FALSE
B0,Q1,1,256,204,204,True,FALSE,12,False,FALSE
B0,Q1,1,256,206,206,True,FALSE,6,False,FALSE
B0,Q1,1,256,207,207,True,FALSE,6,False,FALSE
B0,Q1,1,256,210,210,True,FALSE,6,False,FALSE
B0,Q1,1,256,211,211,True,FALSE,6,False,FALSE
B0,Q1,1,256,216,0,True,FALSE,3,False,FALSE
B0,Q1,1,256,216,216,True,FALSE,6,False,FALSE
B0,Q1,1,256,217,217,True,FALSE,6,False,FALSE
B0,Q1,1,256,218,218,True,FALSE,6,False,FALSE
B0,Q1,1,256,220,220,True,FALSE,6,False,FALSE
B0,Q1,1,256,221,221,True,FALSE,6,False,FALSE
B0,Q1,1,256,224,0,True,FALSE,3,False,FALSE
B0,Q1,1,256,224,224,True,FALSE,6,False,FALSE
B0,Q1,1,256,225,225,True,FALSE,6,False,FALSE
B0,Q1,1,256,227,0,True,FALSE,6,False,FALSE
B0,Q1,1,256,228,228,True,FALSE,6,False,FALSE
B0,Q1,1,256,229,229,True,FALSE,6,False,FALSE
B0,Q1,1,256,234,234,True,FALSE,6,False,FALSE
B0,Q1,1,256,235,235,True,FALSE,6,False,FALSE
B0,Q1,1,256,239,239,True,FALSE,6,False,FALSE
B0,Q1,1,256,240,0,True,FALSE,3,False,FALSE
B0,Q1,1,256,240,240,True,FALSE,6,False,FALSE
B0,Q1,1,256,241,241,True,FALSE,18,False,FALSE
B0,Q1,1,256,242,242,True,FALSE,6,False,FALSE
B0,Q1,1,256,243,243,True,FALSE,6,False,FALSE
B0,Q1,1,256,244,0,True,FALSE,6,False,FALSE
B0,Q1,1,256,244,244,True,FALSE,18,False,FALSE
B0,Q1,1,256,245,1,True,FALSE,3,False,FALSE
B0,Q1,1,256,246,0,True,FALSE,6,False,FALSE
B0,Q1,1,256,246,246,True,FALSE,6,False,FALSE
B0,Q1,1,256,247,247,True,FALSE,6,False,FALSE
B0,Q1,1,256,248,0,True,FALSE,3,False,FALSE
B0,Q1,1,256,249,249,True,FALSE,9,False,FALSE
B0,Q1,1,256,250,250,True,FALSE,33,False,FALSE
B0,Q1,1,256,251,251,True,FALSE,18,False,FALSE
B0,Q1,1,256,252,252,True,FALSE,12,False,FALSE
B0,Q1,1,256,253,253,True,FALSE,2,False,FALSE
B0,Q1,1,256,254,249,True,FALSE,3,False,FALSE
B0,Q1,1,256,254,254,True,FALSE,19,False,FALSE
B0,Q1,1,256,255,255,True,FALSE,65,False,FALSE
B0,Q1,1,256,256,0,True,MC_UNRESOLVED,2274,True,MC_UNRESOLVED
B0,Q1,1,256,256,1,True,MC_UNRESOLVED,39,True,MC_UNRESOLVED
B0,Q1,1,256,256,2,True,MC_UNRESOLVED,24,True,MC_UNRESOLVED
B0,Q1,1,256,256,3,True,MC_UNRESOLVED,9,True,MC_UNRESOLVED
B0,Q1,1,256,256,4,True,MC_UNRESOLVED,6,True,MC_UNRESOLVED
B0,Q1,1,256,256,7,True,MC_UNRESOLVED,3,True,MC_UNRESOLVED
B0,Q1,1,256,256,9,True,MC_UNRESOLVED,3,True,MC_UNRESOLVED
B0,Q1,1,256,256,21,True,MC_UNRESOLVED,6,True,MC_UNRESOLVED
B0,Q1,1,256,256,24,True,MC_UNRESOLVED,3,True,MC_UNRESOLVED
B0,Q1,1,256,256,25,True,MC_UNRESOLVED,3,True,MC_UNRESOLVED
B0,Q1,1,256,256,26,True,MC_UNRESOLVED,6,True,MC_UNRESOLVED
B0,Q1,1,256,256,27,True,MC_UNRESOLVED,6,True,MC_UNRESOLVED
B0,Q1,1,256,256,29,True,MC_UNRESOLVED,6,True,MC_UNRESOLVED
B0,Q1,1,256,256,72,True,MC_UNRESOLVED,3,True,MC_UNRESOLVED
B0,Q1,1,256,256,74,True,MC_UNRESOLVED,3,True,MC_UNRESOLVED
B0,Q1,1,256,256,84,True,MC_UNRESOLVED,6,True,MC_UNRESOLVED
B0,Q1,1,256,256,107,True,MC_UNRESOLVED,6,True,MC_UNRESOLVED
B0,Q1,1,256,256,110,True,MC_UNRESOLVED,6,True,MC_UNRESOLVED
B0,Q1,1,256,256,116,True,MC_UNRESOLVED,6,True,MC_UNRESOLVED
B0,Q1,1,256,256,123,True,MC_UNRESOLVED,3,True,MC_UNRESOLVED
B0,Q1,1,256,256,135,True,MC_UNRESOLVED,3,True,MC_UNRESOLVED
B0,Q1,1,256,256,139,True,MC_UNRESOLVED,3,True,MC_UNRESOLVED
B0,Q1,1,256,256,142,True,MC_UNRESOLVED,12,True,MC_UNRESOLVED
B0,Q1,1,256,256,144,True,MC_UNRESOLVED,15,True,MC_UNRESOLVED
B0,Q1,1,256,256,145,True,MC_UNRESOLVED,6,True,MC_UNRESOLVED
B0,Q1,1,256,256,146,True,MC_UNRESOLVED,12,True,MC_UNRESOLVED
B0,Q1,1,256,256,147,True,MC_UNRESOLVED,6,True,MC_UNRESOLVED
B0,Q1,1,256,256,148,True,MC_UNRESOLVED,6,True,MC_UNRESOLVED
B0,Q1,1,256,256,155,True,MC_UNRESOLVED,12,True,MC_UNRESOLVED
B0,Q1,1,256,256,159,True,MC_UNRESOLVED,18,True,MC_UNRESOLVED
B0,Q1,1,256,256,168,True,MC_UNRESOLVED,6,True,MC_UNRESOLVED
B0,Q1,1,256,256,169,True,MC_UNRESOLVED,3,True,MC_UNRESOLVED
B0,Q1,1,256,256,174,True,MC_UNRESOLVED,6,True,MC_UNRESOLVED
B0,Q1,1,256,256,180,True,MC_UNRESOLVED,3,True,MC_UNRESOLVED
B0,Q1,1,256,256,194,True,MC_UNRESOLVED,3,True,MC_UNRESOLVED
B0,Q1,1,256,256,200,True,MC_UNRESOLVED,3,True,MC_UNRESOLVED
B0,Q1,1,256,256,202,True,MC_UNRESOLVED,3,True,MC_UNRESOLVED
B0,Q1,1,256,256,206,True,MC_UNRESOLVED,3,True,MC_UNRESOLVED
B0,Q1,1,256,256,215,True,MC_UNRESOLVED,6,True,MC_UNRESOLVED
B0,Q1,1,256,256,221,True,MC_UNRESOLVED,6,True,MC_UNRESOLVED
B0,Q1,1,256,256,225,True,MC_UNRESOLVED,3,True,MC_UNRESOLVED
B0,Q1,1,256,256,227,True,MC_UNRESOLVED,6,True,MC_UNRESOLVED
B0,Q1,1,256,256,229,True,MC_UNRESOLVED,3,True,MC_UNRESOLVED
B0,Q1,1,256,256,230,True,MC_UNRESOLVED,12,True,MC_UNRESOLVED
B0,Q1,1,256,256,232,True,MC_UNRESOLVED,6,True,MC_UNRESOLVED
B0,Q1,1,256,256,239,True,MC_UNRESOLVED,6,True,MC_UNRESOLVED
B0,Q1,1,256,256,241,True,MC_UNRESOLVED,3,True,MC_UNRESOLVED
B0,Q1,1,256,256,242,True,MC_UNRESOLVED,3,True,MC_UNRESOLVED
B0,Q1,1,256,256,244,True,MC_UNRESOLVED,12,True,MC_UNRESOLVED
B0,Q1,1,256,256,249,True,MC_UNRESOLVED,9,True,MC_UNRESOLVED
B0,Q1,1,256,256,251,True,MC_UNRESOLVED,6,True,MC_UNRESOLVED
B0,Q1,1,256,256,253,True,MC_UNRESOLVED,3,True,MC_UNRESOLVED
B0,Q1,1,256,256,254,True,MC_UNRESOLVED,30,True,MC_UNRESOLVED
B0,Q1,1,256,256,255,True,MC_UNRESOLVED,33,True,MC_UNRESOLVED
B0,Q1,1,256,256,256,True,MC_UNRESOLVED,31558,True,MC_UNRESOLVED
B0,Q2,1,256,0,0,False,FALSE,31104,False,FALSE
B0,Q2,1,256,0,0,True,FALSE,62550,False,FALSE
B0,Q2,1,256,1,0,True,FALSE,195,False,FALSE
B0,Q2,1,256,1,1,True,FALSE,99,False,FALSE
B0,Q2,1,256,2,0,True,FALSE,78,False,FALSE
B0,Q2,1,256,2,2,True,FALSE,66,False,FALSE
B0,Q2,1,256,3,0,True,FALSE,66,False,FALSE
B0,Q2,1,256,3,1,True,FALSE,3,False,FALSE
B0,Q2,1,256,3,3,True,FALSE,39,False,FALSE
B0,Q2,1,256,4,0,True,FALSE,93,False,FALSE
B0,Q2,1,256,4,4,True,FALSE,57,False,FALSE
B0,Q2,1,256,5,0,True,FALSE,51,False,FALSE
B0,Q2,1,256,5,4,True,FALSE,3,False,FALSE
B0,Q2,1,256,5,5,True,FALSE,30,False,FALSE
B0,Q2,1,256,6,0,True,FALSE,33,False,FALSE
B0,Q2,1,256,6,6,True,FALSE,27,False,FALSE
B0,Q2,1,256,7,0,True,FALSE,48,False,FALSE
B0,Q2,1,256,7,7,True,FALSE,36,False,FALSE
B0,Q2,1,256,8,0,True,FALSE,18,False,FALSE
B0,Q2,1,256,8,8,True,FALSE,18,False,FALSE
B0,Q2,1,256,9,0,True,FALSE,39,False,FALSE
B0,Q2,1,256,9,9,True,FALSE,39,False,FALSE
B0,Q2,1,256,10,0,True,FALSE,18,False,FALSE
B0,Q2,1,256,10,8,True,FALSE,6,False,FALSE
B0,Q2,1,256,10,10,True,FALSE,12,False,FALSE
B0,Q2,1,256,11,0,True,FALSE,12,False,FALSE
B0,Q2,1,256,11,9,True,FALSE,6,False,FALSE
B0,Q2,1,256,11,11,True,FALSE,6,False,FALSE
B0,Q2,1,256,12,0,True,FALSE,30,False,FALSE
B0,Q2,1,256,12,12,True,FALSE,18,False,FALSE
B0,Q2,1,256,13,0,True,FALSE,18,False,FALSE
B0,Q2,1,256,13,13,True,FALSE,18,False,FALSE
B0,Q2,1,256,14,0,True,FALSE,12,False,FALSE
B0,Q2,1,256,14,14,True,FALSE,12,False,FALSE
B0,Q2,1,256,15,0,True,FALSE,12,False,FALSE
B0,Q2,1,256,15,15,True,FALSE,12,False,FALSE
B0,Q2,1,256,16,0,True,FALSE,6,False,FALSE
B0,Q2,1,256,18,0,True,FALSE,12,False,FALSE
B0,Q2,1,256,18,18,True,FALSE,6,False,FALSE
B0,Q2,1,256,20,0,True,FALSE,12,False,FALSE
B0,Q2,1,256,20,20,True,FALSE,6,False,FALSE
B0,Q2,1,256,21,0,True,FALSE,18,False,FALSE
B0,Q2,1,256,21,21,True,FALSE,18,False,FALSE
B0,Q2,1,256,22,0,True,FALSE,6,False,FALSE
B0,Q2,1,256,22,22,True,FALSE,6,False,FALSE
B0,Q2,1,256,23,0,True,FALSE,6,False,FALSE
B0,Q2,1,256,23,23,True,FALSE,6,False,FALSE
B0,Q2,1,256,25,0,True,FALSE,21,False,FALSE
B0,Q2,1,256,25,25,True,FALSE,21,False,FALSE
B0,Q2,1,256,26,0,True,FALSE,6,False,FALSE
B0,Q2,1,256,26,26,True,FALSE,6,False,FALSE
B0,Q2,1,256,27,0,True,FALSE,6,False,FALSE
B0,Q2,1,256,28,0,True,FALSE,9,False,FALSE
B0,Q2,1,256,28,28,True,FALSE,9,False,FALSE
B0,Q2,1,256,31,0,True,FALSE,6,False,FALSE
B0,Q2,1,256,31,31,True,FALSE,6,False,FALSE
B0,Q2,1,256,32,0,True,FALSE,6,False,FALSE
B0,Q2,1,256,32,32,True,FALSE,6,False,FALSE
B0,Q2,1,256,33,0,True,FALSE,12,False,FALSE
B0,Q2,1,256,33,33,True,FALSE,12,False,FALSE
B0,Q2,1,256,36,0,True,FALSE,12,False,FALSE
B0,Q2,1,256,36,36,True,FALSE,12,False,FALSE
B0,Q2,1,256,37,0,True,FALSE,6,False,FALSE
B0,Q2,1,256,37,37,True,FALSE,6,False,FALSE
B0,Q2,1,256,38,0,True,FALSE,12,False,FALSE
B0,Q2,1,256,38,38,True,FALSE,12,False,FALSE
B0,Q2,1,256,39,0,True,FALSE,12,False,FALSE
B0,Q2,1,256,39,39,True,FALSE,6,False,FALSE
B0,Q2,1,256,40,0,True,FALSE,18,False,FALSE
B0,Q2,1,256,40,40,True,FALSE,12,False,FALSE
B0,Q2,1,256,41,0,True,FALSE,9,False,FALSE
B0,Q2,1,256,41,41,True,FALSE,3,False,FALSE
B0,Q2,1,256,43,0,True,FALSE,15,False,FALSE
B0,Q2,1,256,43,43,True,FALSE,3,False,FALSE
B0,Q2,1,256,44,0,True,FALSE,6,False,FALSE
B0,Q2,1,256,44,44,True,FALSE,6,False,FALSE
B0,Q2,1,256,45,0,True,FALSE,12,False,FALSE
B0,Q2,1,256,45,45,True,FALSE,12,False,FALSE
B0,Q2,1,256,46,0,True,FALSE,6,False,FALSE
B0,Q2,1,256,46,46,True,FALSE,6,False,FALSE
B0,Q2,1,256,47,0,True,FALSE,9,False,FALSE
B0,Q2,1,256,47,47,True,FALSE,9,False,FALSE
B0,Q2,1,256,48,0,True,FALSE,6,False,FALSE
B0,Q2,1,256,48,48,True,FALSE,6,False,FALSE
B0,Q2,1,256,49,0,True,FALSE,9,False,FALSE
B0,Q2,1,256,49,49,True,FALSE,9,False,FALSE
B0,Q2,1,256,50,0,True,FALSE,12,False,FALSE
B0,Q2,1,256,50,50,True,FALSE,12,False,FALSE
B0,Q2,1,256,51,0,True,FALSE,9,False,FALSE
B0,Q2,1,256,51,51,True,FALSE,9,False,FALSE
B0,Q2,1,256,54,0,True,FALSE,12,False,FALSE
B0,Q2,1,256,54,54,True,FALSE,6,False,FALSE
B0,Q2,1,256,55,0,True,FALSE,15,False,FALSE
B0,Q2,1,256,55,55,True,FALSE,15,False,FALSE
B0,Q2,1,256,56,0,True,FALSE,9,False,FALSE
B0,Q2,1,256,56,56,True,FALSE,9,False,FALSE
B0,Q2,1,256,57,0,True,FALSE,12,False,FALSE
B0,Q2,1,256,57,57,True,FALSE,12,False,FALSE
B0,Q2,1,256,58,0,True,FALSE,6,False,FALSE
B0,Q2,1,256,58,58,True,FALSE,6,False,FALSE
B0,Q2,1,256,59,0,True,FALSE,21,False,FALSE
B0,Q2,1,256,59,59,True,FALSE,21,False,FALSE
B0,Q2,1,256,60,0,True,FALSE,18,False,FALSE
B0,Q2,1,256,60,60,True,FALSE,18,False,FALSE
B0,Q2,1,256,61,0,True,FALSE,6,False,FALSE
B0,Q2,1,256,61,61,True,FALSE,6,False,FALSE
B0,Q2,1,256,63,0,True,FALSE,6,False,FALSE
B0,Q2,1,256,63,63,True,FALSE,6,False,FALSE
B0,Q2,1,256,64,0,True,FALSE,6,False,FALSE
B0,Q2,1,256,65,0,True,FALSE,6,False,FALSE
B0,Q2,1,256,65,65,True,FALSE,6,False,FALSE
B0,Q2,1,256,66,0,True,FALSE,12,False,FALSE
B0,Q2,1,256,67,0,True,FALSE,6,False,FALSE
B0,Q2,1,256,67,67,True,FALSE,6,False,FALSE
B0,Q2,1,256,69,0,True,FALSE,12,False,FALSE
B0,Q2,1,256,70,0,True,FALSE,12,False,FALSE
B0,Q2,1,256,71,0,True,FALSE,6,False,FALSE
B0,Q2,1,256,71,71,True,FALSE,6,False,FALSE
B0,Q2,1,256,72,0,True,FALSE,6,False,FALSE
B0,Q2,1,256,72,72,True,FALSE,6,False,FALSE
B0,Q2,1,256,73,0,True,FALSE,12,False,FALSE
B0,Q2,1,256,73,73,True,FALSE,12,False,FALSE
B0,Q2,1,256,75,0,True,FALSE,6,False,FALSE
B0,Q2,1,256,75,75,True,FALSE,6,False,FALSE
B0,Q2,1,256,76,0,True,FALSE,6,False,FALSE
B0,Q2,1,256,76,76,True,FALSE,6,False,FALSE
B0,Q2,1,256,79,0,True,FALSE,12,False,FALSE
B0,Q2,1,256,79,79,True,FALSE,12,False,FALSE
B0,Q2,1,256,80,0,True,FALSE,6,False,FALSE
B0,Q2,1,256,81,0,True,FALSE,6,False,FALSE
B0,Q2,1,256,81,81,True,FALSE,6,False,FALSE
B0,Q2,1,256,83,0,True,FALSE,12,False,FALSE
B0,Q2,1,256,83,83,True,FALSE,12,False,FALSE
B0,Q2,1,256,85,0,True,FALSE,12,False,FALSE
B0,Q2,1,256,86,0,True,FALSE,6,False,FALSE
B0,Q2,1,256,87,0,True,FALSE,6,False,FALSE
B0,Q2,1,256,87,87,True,FALSE,6,False,FALSE
B0,Q2,1,256,88,0,True,FALSE,24,False,FALSE
B0,Q2,1,256,89,0,True,FALSE,6,False,FALSE
B0,Q2,1,256,89,89,True,FALSE,6,False,FALSE
B0,Q2,1,256,91,0,True,FALSE,6,False,FALSE
B0,Q2,1,256,91,91,True,FALSE,6,False,FALSE
B0,Q2,1,256,92,0,True,FALSE,18,False,FALSE
B0,Q2,1,256,92,92,True,FALSE,12,False,FALSE
B0,Q2,1,256,93,0,True,FALSE,6,False,FALSE
B0,Q2,1,256,93,93,True,FALSE,6,False,FALSE
B0,Q2,1,256,94,0,True,FALSE,12,False,FALSE
B0,Q2,1,256,94,94,True,FALSE,12,False,FALSE
B0,Q2,1,256,97,0,True,FALSE,12,False,FALSE
B0,Q2,1,256,99,0,True,FALSE,6,False,FALSE
B0,Q2,1,256,99,99,True,FALSE,6,False,FALSE
B0,Q2,1,256,101,0,True,FALSE,6,False,FALSE
B0,Q2,1,256,101,101,True,FALSE,6,False,FALSE
B0,Q2,1,256,102,0,True,FALSE,12,False,FALSE
B0,Q2,1,256,102,102,True,FALSE,12,False,FALSE
B0,Q2,1,256,103,0,True,FALSE,6,False,FALSE
B0,Q2,1,256,103,103,True,FALSE,6,False,FALSE
B0,Q2,1,256,105,0,True,FALSE,6,False,FALSE
B0,Q2,1,256,105,105,True,FALSE,6,False,FALSE
B0,Q2,1,256,106,0,True,FALSE,18,False,FALSE
B0,Q2,1,256,106,106,True,FALSE,6,False,FALSE
B0,Q2,1,256,107,0,True,FALSE,12,False,FALSE
B0,Q2,1,256,109,0,True,FALSE,12,False,FALSE
B0,Q2,1,256,109,109,True,FALSE,12,False,FALSE
B0,Q2,1,256,111,0,True,FALSE,24,False,FALSE
B0,Q2,1,256,111,58,True,FALSE,6,False,FALSE
B0,Q2,1,256,111,111,True,FALSE,18,False,FALSE
B0,Q2,1,256,112,0,True,FALSE,6,False,FALSE
B0,Q2,1,256,112,112,True,FALSE,6,False,FALSE
B0,Q2,1,256,113,0,True,FALSE,6,False,FALSE
B0,Q2,1,256,113,113,True,FALSE,6,False,FALSE
B0,Q2,1,256,114,0,True,FALSE,6,False,FALSE
B0,Q2,1,256,114,114,True,FALSE,6,False,FALSE
B0,Q2,1,256,116,0,True,FALSE,6,False,FALSE
B0,Q2,1,256,116,116,True,FALSE,6,False,FALSE
B0,Q2,1,256,117,0,True,FALSE,24,False,FALSE
B0,Q2,1,256,117,117,True,FALSE,12,False,FALSE
B0,Q2,1,256,118,0,True,FALSE,12,False,FALSE
B0,Q2,1,256,118,118,True,FALSE,12,False,FALSE
B0,Q2,1,256,121,0,True,FALSE,6,False,FALSE
B0,Q2,1,256,121,121,True,FALSE,6,False,FALSE
B0,Q2,1,256,124,0,True,FALSE,6,False,FALSE
B0,Q2,1,256,124,124,True,FALSE,6,False,FALSE
B0,Q2,1,256,125,0,True,FALSE,6,False,FALSE
B0,Q2,1,256,125,125,True,FALSE,6,False,FALSE
B0,Q2,1,256,128,0,True,FALSE,6,False,FALSE
B0,Q2,1,256,128,128,True,FALSE,6,False,FALSE
B0,Q2,1,256,130,0,True,FALSE,12,False,FALSE
B0,Q2,1,256,130,130,True,FALSE,12,False,FALSE
B0,Q2,1,256,136,0,True,FALSE,6,False,FALSE
B0,Q2,1,256,136,136,True,FALSE,6,False,FALSE
B0,Q2,1,256,139,0,True,FALSE,6,False,FALSE
B0,Q2,1,256,139,139,True,FALSE,6,False,FALSE
B0,Q2,1,256,149,0,True,FALSE,18,False,FALSE
B0,Q2,1,256,149,84,True,FALSE,6,False,FALSE
B0,Q2,1,256,149,149,True,FALSE,12,False,FALSE
B0,Q2,1,256,150,0,True,FALSE,6,False,FALSE
B0,Q2,1,256,150,150,True,FALSE,6,False,FALSE
B0,Q2,1,256,151,0,True,FALSE,12,False,FALSE
B0,Q2,1,256,151,151,True,FALSE,12,False,FALSE
B0,Q2,1,256,155,0,True,FALSE,6,False,FALSE
B0,Q2,1,256,155,155,True,FALSE,6,False,FALSE
B0,Q2,1,256,158,0,True,FALSE,6,False,FALSE
B0,Q2,1,256,159,0,True,FALSE,12,False,FALSE
B0,Q2,1,256,159,159,True,FALSE,12,False,FALSE
B0,Q2,1,256,160,0,True,FALSE,6,False,FALSE
B0,Q2,1,256,160,160,True,FALSE,6,False,FALSE
B0,Q2,1,256,167,0,True,FALSE,12,False,FALSE
B0,Q2,1,256,168,0,True,FALSE,6,False,FALSE
B0,Q2,1,256,169,0,True,FALSE,6,False,FALSE
B0,Q2,1,256,169,1,True,FALSE,6,False,FALSE
B0,Q2,1,256,170,0,True,FALSE,6,False,FALSE
B0,Q2,1,256,170,170,True,FALSE,6,False,FALSE
B0,Q2,1,256,175,0,True,FALSE,12,False,FALSE
B0,Q2,1,256,175,175,True,FALSE,12,False,FALSE
B0,Q2,1,256,180,0,True,FALSE,6,False,FALSE
B0,Q2,1,256,180,180,True,FALSE,6,False,FALSE
B0,Q2,1,256,182,0,True,FALSE,6,False,FALSE
B0,Q2,1,256,182,182,True,FALSE,6,False,FALSE
B0,Q2,1,256,184,0,True,FALSE,6,False,FALSE
B0,Q2,1,256,184,184,True,FALSE,6,False,FALSE
B0,Q2,1,256,192,0,True,FALSE,6,False,FALSE
B0,Q2,1,256,192,192,True,FALSE,6,False,FALSE
B0,Q2,1,256,193,0,True,FALSE,9,False,FALSE
B0,Q2,1,256,193,193,True,FALSE,9,False,FALSE
B0,Q2,1,256,197,0,True,FALSE,15,False,FALSE
B0,Q2,1,256,197,197,True,FALSE,15,False,FALSE
B0,Q2,1,256,199,0,True,FALSE,6,False,FALSE
B0,Q2,1,256,200,0,True,FALSE,6,False,FALSE
B0,Q2,1,256,200,200,True,FALSE,6,False,FALSE
B0,Q2,1,256,201,0,True,FALSE,6,False,FALSE
B0,Q2,1,256,201,201,True,FALSE,6,False,FALSE
B0,Q2,1,256,204,0,True,FALSE,12,False,FALSE
B0,Q2,1,256,204,204,True,FALSE,12,False,FALSE
B0,Q2,1,256,206,0,True,FALSE,6,False,FALSE
B0,Q2,1,256,206,206,True,FALSE,6,False,FALSE
B0,Q2,1,256,207,0,True,FALSE,6,False,FALSE
B0,Q2,1,256,207,207,True,FALSE,6,False,FALSE
B0,Q2,1,256,210,0,True,FALSE,6,False,FALSE
B0,Q2,1,256,210,210,True,FALSE,6,False,FALSE
B0,Q2,1,256,211,0,True,FALSE,6,False,FALSE
B0,Q2,1,256,211,211,True,FALSE,6,False,FALSE
B0,Q2,1,256,216,0,True,FALSE,12,False,FALSE
B0,Q2,1,256,216,216,True,FALSE,6,False,FALSE
B0,Q2,1,256,217,0,True,FALSE,6,False,FALSE
B0,Q2,1,256,217,217,True,FALSE,6,False,FALSE
B0,Q2,1,256,218,0,True,FALSE,6,False,FALSE
B0,Q2,1,256,218,218,True,FALSE,6,False,FALSE
B0,Q2,1,256,220,0,True,FALSE,6,False,FALSE
B0,Q2,1,256,220,220,True,FALSE,6,False,FALSE
B0,Q2,1,256,221,0,True,FALSE,6,False,FALSE
B0,Q2,1,256,221,221,True,FALSE,6,False,FALSE
B0,Q2,1,256,224,0,True,FALSE,12,False,FALSE
B0,Q2,1,256,224,224,True,FALSE,6,False,FALSE
B0,Q2,1,256,225,0,True,FALSE,6,False,FALSE
B0,Q2,1,256,225,225,True,FALSE,6,False,FALSE
B0,Q2,1,256,227,0,True,FALSE,12,False,FALSE
B0,Q2,1,256,228,0,True,FALSE,6,False,FALSE
B0,Q2,1,256,228,228,True,FALSE,6,False,FALSE
B0,Q2,1,256,229,0,True,FALSE,6,False,FALSE
B0,Q2,1,256,229,229,True,FALSE,6,False,FALSE
B0,Q2,1,256,234,0,True,FALSE,6,False,FALSE
B0,Q2,1,256,234,234,True,FALSE,6,False,FALSE
B0,Q2,1,256,235,0,True,FALSE,6,False,FALSE
B0,Q2,1,256,235,235,True,FALSE,6,False,FALSE
B0,Q2,1,256,239,0,True,FALSE,6,False,FALSE
B0,Q2,1,256,239,239,True,FALSE,6,False,FALSE
B0,Q2,1,256,240,0,True,FALSE,12,False,FALSE
B0,Q2,1,256,240,240,True,FALSE,6,False,FALSE
B0,Q2,1,256,241,0,True,FALSE,18,False,FALSE
B0,Q2,1,256,241,241,True,FALSE,18,False,FALSE
B0,Q2,1,256,242,0,True,FALSE,6,False,FALSE
B0,Q2,1,256,242,242,True,FALSE,6,False,FALSE
B0,Q2,1,256,243,0,True,FALSE,6,False,FALSE
B0,Q2,1,256,243,243,True,FALSE,6,False,FALSE
B0,Q2,1,256,244,0,True,FALSE,30,False,FALSE
B0,Q2,1,256,244,244,True,FALSE,18,False,FALSE
B0,Q2,1,256,245,0,True,FALSE,3,False,FALSE
B0,Q2,1,256,245,1,True,FALSE,3,False,FALSE
B0,Q2,1,256,246,0,True,FALSE,18,False,FALSE
B0,Q2,1,256,246,246,True,FALSE,6,False,FALSE
B0,Q2,1,256,247,0,True,FALSE,6,False,FALSE
B0,Q2,1,256,247,247,True,FALSE,6,False,FALSE
B0,Q2,1,256,248,0,True,FALSE,6,False,FALSE
B0,Q2,1,256,249,0,True,FALSE,9,False,FALSE
B0,Q2,1,256,249,249,True,FALSE,9,False,FALSE
B0,Q2,1,256,250,0,True,FALSE,33,False,FALSE
B0,Q2,1,256,250,250,True,FALSE,33,False,FALSE
B0,Q2,1,256,251,0,True,FALSE,18,False,FALSE
B0,Q2,1,256,251,251,True,FALSE,18,False,FALSE
B0,Q2,1,256,252,0,True,FALSE,12,False,FALSE
B0,Q2,1,256,252,252,True,FALSE,12,False,FALSE
B0,Q2,1,256,253,0,True,FALSE,2,False,FALSE
B0,Q2,1,256,253,253,True,FALSE,2,False,FALSE
B0,Q2,1,256,254,0,True,FALSE,20,False,FALSE
B0,Q2,1,256,254,249,True,FALSE,3,False,FALSE
B0,Q2,1,256,254,254,True,FALSE,21,False,FALSE
B0,Q2,1,256,255,0,True,FALSE,51,False,FALSE
B0,Q2,1,256,255,1,True,FALSE,4,False,FALSE
B0,Q2,1,256,255,3,True,FALSE,2,False,FALSE
B0,Q2,1,256,255,238,True,FALSE,2,False,FALSE
B0,Q2,1,256,255,252,True,FALSE,2,False,FALSE
B0,Q2,1,256,255,254,True,FALSE,2,False,FALSE
B0,Q2,1,256,255,255,True,FALSE,67,False,FALSE
B0,Q2,1,256,256,0,True,FALSE,36107,False,FALSE
B0,Q2,1,256,256,1,True,FALSE,89,False,FALSE
B0,Q2,1,256,256,2,True,FALSE,42,False,FALSE
B0,Q2,1,256,256,3,True,FALSE,43,False,FALSE
B0,Q2,1,256,256,4,True,FALSE,6,False,FALSE
B0,Q2,1,256,256,7,True,FALSE,3,False,FALSE
B0,Q2,1,256,256,9,True,FALSE,3,False,FALSE
B0,Q2,1,256,256,21,True,FALSE,6,False,FALSE
B0,Q2,1,256,256,24,True,FALSE,3,False,FALSE
B0,Q2,1,256,256,25,True,FALSE,21,False,FALSE
B0,Q2,1,256,256,26,True,FALSE,6,False,FALSE
B0,Q2,1,256,256,27,True,FALSE,6,False,FALSE
B0,Q2,1,256,256,29,True,FALSE,6,False,FALSE
B0,Q2,1,256,256,33,True,FALSE,18,False,FALSE
B0,Q2,1,256,256,43,True,FALSE,18,False,FALSE
B0,Q2,1,256,256,48,True,FALSE,18,False,FALSE
B0,Q2,1,256,256,72,True,FALSE,3,False,FALSE
B0,Q2,1,256,256,74,True,FALSE,3,False,FALSE
B0,Q2,1,256,256,84,True,FALSE,6,False,FALSE
B0,Q2,1,256,256,107,True,FALSE,6,False,FALSE
B0,Q2,1,256,256,110,True,FALSE,6,False,FALSE
B0,Q2,1,256,256,116,True,FALSE,6,False,FALSE
B0,Q2,1,256,256,123,True,FALSE,3,False,FALSE
B0,Q2,1,256,256,134,True,FALSE,18,False,FALSE
B0,Q2,1,256,256,135,True,FALSE,3,False,FALSE
B0,Q2,1,256,256,139,True,FALSE,3,False,FALSE
B0,Q2,1,256,256,142,True,FALSE,12,False,FALSE
B0,Q2,1,256,256,144,True,FALSE,15,False,FALSE
B0,Q2,1,256,256,145,True,FALSE,6,False,FALSE
B0,Q2,1,256,256,146,True,FALSE,12,False,FALSE
B0,Q2,1,256,256,147,True,FALSE,24,False,FALSE
B0,Q2,1,256,256,148,True,FALSE,6,False,FALSE
B0,Q2,1,256,256,155,True,FALSE,12,False,FALSE
B0,Q2,1,256,256,159,True,FALSE,18,False,FALSE
B0,Q2,1,256,256,168,True,FALSE,6,False,FALSE
B0,Q2,1,256,256,169,True,FALSE,3,False,FALSE
B0,Q2,1,256,256,174,True,FALSE,6,False,FALSE
B0,Q2,1,256,256,180,True,FALSE,3,False,FALSE
B0,Q2,1,256,256,194,True,FALSE,3,False,FALSE
B0,Q2,1,256,256,200,True,FALSE,3,False,FALSE
B0,Q2,1,256,256,202,True,FALSE,3,False,FALSE
B0,Q2,1,256,256,206,True,FALSE,3,False,FALSE
B0,Q2,1,256,256,215,True,FALSE,6,False,FALSE
B0,Q2,1,256,256,221,True,FALSE,6,False,FALSE
B0,Q2,1,256,256,225,True,FALSE,3,False,FALSE
B0,Q2,1,256,256,227,True,FALSE,6,False,FALSE
B0,Q2,1,256,256,229,True,FALSE,3,False,FALSE
B0,Q2,1,256,256,230,True,FALSE,12,False,FALSE
B0,Q2,1,256,256,232,True,FALSE,6,False,FALSE
B0,Q2,1,256,256,239,True,FALSE,22,False,FALSE
B0,Q2,1,256,256,241,True,FALSE,3,False,FALSE
B0,Q2,1,256,256,242,True,FALSE,3,False,FALSE
B0,Q2,1,256,256,243,True,FALSE,18,False,FALSE
B0,Q2,1,256,256,244,True,FALSE,12,False,FALSE
B0,Q2,1,256,256,249,True,FALSE,9,False,FALSE
B0,Q2,1,256,256,250,True,FALSE,18,False,FALSE
B0,Q2,1,256,256,251,True,FALSE,6,False,FALSE
B0,Q2,1,256,256,253,True,FALSE,19,False,FALSE
B0,Q2,1,256,256,254,True,FALSE,30,False,FALSE
B0,Q2,1,256,256,255,True,FALSE,49,False,FALSE
B0,Q2,1,256,256,256,True,MC_UNRESOLVED,31680,True,MC_UNRESOLVED
B1,Q1,0,256,0,0,False,FALSE,21816,False,FALSE
B1,Q1,0,256,0,0,True,MC_UNRESOLVED,25308,True,TRUE
B1,Q1,0,256,1,0,True,TRUE,18,True,TRUE
B1,Q1,0,256,1,1,True,TRUE,105,True,TRUE
B1,Q1,0,256,2,0,True,TRUE,6,True,TRUE
B1,Q1,0,256,2,2,True,TRUE,69,True,TRUE
B1,Q1,0,256,3,3,True,TRUE,66,True,TRUE
B1,Q1,0,256,4,0,True,TRUE,6,True,TRUE
B1,Q1,0,256,4,4,True,TRUE,45,True,TRUE
B1,Q1,0,256,5,5,True,TRUE,54,True,TRUE
B1,Q1,0,256,6,6,True,TRUE,30,True,TRUE
B1,Q1,0,256,7,7,True,TRUE,15,True,TRUE
B1,Q1,0,256,8,8,True,TRUE,18,True,TRUE
B1,Q1,0,256,9,9,True,TRUE,9,True,TRUE
B1,Q1,0,256,10,0,True,TRUE,3,True,TRUE
B1,Q1,0,256,10,10,True,TRUE,15,True,TRUE
B1,Q1,0,256,11,11,True,TRUE,3,True,TRUE
B1,Q1,0,256,12,0,True,TRUE,6,True,TRUE
B1,Q1,0,256,12,12,True,TRUE,12,True,TRUE
B1,Q1,0,256,13,0,True,TRUE,6,True,TRUE
B1,Q1,0,256,13,13,True,TRUE,21,True,TRUE
B1,Q1,0,256,14,1,True,TRUE,3,True,TRUE
B1,Q1,0,256,14,14,True,TRUE,3,True,TRUE
B1,Q1,0,256,15,14,True,TRUE,6,True,TRUE
B1,Q1,0,256,15,15,True,TRUE,15,True,TRUE
B1,Q1,0,256,16,16,True,TRUE,12,True,TRUE
B1,Q1,0,256,17,17,True,TRUE,12,True,TRUE
B1,Q1,0,256,18,18,True,TRUE,12,True,TRUE
B1,Q1,0,256,19,0,True,TRUE,3,True,TRUE
B1,Q1,0,256,19,19,True,TRUE,6,True,TRUE
B1,Q1,0,256,20,17,True,TRUE,6,True,TRUE
B1,Q1,0,256,20,20,True,TRUE,6,True,TRUE
B1,Q1,0,256,21,21,True,TRUE,6,True,TRUE
B1,Q1,0,256,22,22,True,TRUE,12,True,TRUE
B1,Q1,0,256,23,23,True,TRUE,9,True,TRUE
B1,Q1,0,256,24,24,True,TRUE,6,True,TRUE
B1,Q1,0,256,25,25,True,TRUE,12,True,TRUE
B1,Q1,0,256,26,26,True,TRUE,6,True,TRUE
B1,Q1,0,256,27,27,True,TRUE,12,True,TRUE
B1,Q1,0,256,29,0,True,TRUE,3,True,TRUE
B1,Q1,0,256,29,29,True,TRUE,3,True,TRUE
B1,Q1,0,256,30,30,True,TRUE,12,True,TRUE
B1,Q1,0,256,32,32,True,TRUE,9,True,TRUE
B1,Q1,0,256,33,33,True,TRUE,12,True,TRUE
B1,Q1,0,256,34,34,True,TRUE,6,True,TRUE
B1,Q1,0,256,35,0,True,TRUE,3,True,TRUE
B1,Q1,0,256,36,4,True,TRUE,3,True,TRUE
B1,Q1,0,256,36,36,True,TRUE,6,True,TRUE
B1,Q1,0,256,37,37,True,TRUE,12,True,TRUE
B1,Q1,0,256,38,38,True,TRUE,12,True,TRUE
B1,Q1,0,256,40,40,True,TRUE,12,True,TRUE
B1,Q1,0,256,41,41,True,TRUE,6,True,TRUE
B1,Q1,0,256,42,42,True,TRUE,9,True,TRUE
B1,Q1,0,256,43,6,True,TRUE,3,True,TRUE
B1,Q1,0,256,45,45,True,TRUE,24,True,TRUE
B1,Q1,0,256,46,46,True,TRUE,12,True,TRUE
B1,Q1,0,256,47,47,True,TRUE,18,True,TRUE
B1,Q1,0,256,48,48,True,TRUE,18,True,TRUE
B1,Q1,0,256,50,3,True,TRUE,3,True,TRUE
B1,Q1,0,256,50,50,True,TRUE,6,True,TRUE
B1,Q1,0,256,51,51,True,TRUE,12,True,TRUE
B1,Q1,0,256,52,52,True,TRUE,6,True,TRUE
B1,Q1,0,256,53,53,True,TRUE,12,True,TRUE
B1,Q1,0,256,54,54,True,TRUE,18,True,TRUE
B1,Q1,0,256,55,55,True,TRUE,6,True,TRUE
B1,Q1,0,256,56,56,True,TRUE,6,True,TRUE
B1,Q1,0,256,58,58,True,TRUE,18,True,TRUE
B1,Q1,0,256,59,59,True,TRUE,6,True,TRUE
B1,Q1,0,256,62,62,True,TRUE,6,True,TRUE
B1,Q1,0,256,66,66,True,TRUE,12,True,TRUE
B1,Q1,0,256,70,70,True,TRUE,18,True,TRUE
B1,Q1,0,256,73,73,True,TRUE,12,True,TRUE
B1,Q1,0,256,74,74,True,TRUE,6,True,TRUE
B1,Q1,0,256,76,76,True,TRUE,8,True,TRUE
B1,Q1,0,256,77,77,True,TRUE,10,True,TRUE
B1,Q1,0,256,78,78,True,TRUE,6,True,TRUE
B1,Q1,0,256,80,80,True,TRUE,18,True,TRUE
B1,Q1,0,256,81,81,True,TRUE,6,True,TRUE
B1,Q1,0,256,82,82,True,TRUE,6,True,TRUE
B1,Q1,0,256,83,83,True,TRUE,6,True,TRUE
B1,Q1,0,256,85,85,True,TRUE,6,True,TRUE
B1,Q1,0,256,87,87,True,TRUE,3,True,TRUE
B1,Q1,0,256,96,96,True,TRUE,12,True,TRUE
B1,Q1,0,256,97,97,True,TRUE,6,True,TRUE
B1,Q1,0,256,98,98,True,TRUE,14,True,TRUE
B1,Q1,0,256,99,99,True,TRUE,10,True,TRUE
B1,Q1,0,256,106,106,True,TRUE,6,True,TRUE
B1,Q1,0,256,110,110,True,TRUE,6,True,TRUE
B1,Q1,0,256,111,111,True,TRUE,6,True,TRUE
B1,Q1,0,256,112,112,True,TRUE,15,True,TRUE
B1,Q1,0,256,113,113,True,TRUE,12,True,TRUE
B1,Q1,0,256,114,114,True,TRUE,6,True,TRUE
B1,Q1,0,256,115,115,True,TRUE,12,True,TRUE
B1,Q1,0,256,116,116,True,TRUE,12,True,TRUE
B1,Q1,0,256,120,68,True,TRUE,3,True,TRUE
B1,Q1,0,256,120,120,True,TRUE,6,True,TRUE
B1,Q1,0,256,122,122,True,TRUE,12,True,TRUE
B1,Q1,0,256,125,125,True,TRUE,6,True,TRUE
B1,Q1,0,256,126,126,True,TRUE,12,True,TRUE
B1,Q1,0,256,127,83,True,TRUE,3,True,TRUE
B1,Q1,0,256,131,131,True,TRUE,6,True,TRUE
B1,Q1,0,256,133,133,True,TRUE,9,True,TRUE
B1,Q1,0,256,136,136,True,TRUE,6,True,TRUE
B1,Q1,0,256,138,138,True,TRUE,9,True,TRUE
B1,Q1,0,256,139,139,True,TRUE,12,True,TRUE
B1,Q1,0,256,141,141,True,TRUE,6,True,TRUE
B1,Q1,0,256,142,141,True,TRUE,3,True,TRUE
B1,Q1,0,256,142,142,True,TRUE,6,True,TRUE
B1,Q1,0,256,143,143,True,TRUE,6,True,TRUE
B1,Q1,0,256,146,146,True,TRUE,6,True,TRUE
B1,Q1,0,256,148,146,True,TRUE,3,True,TRUE
B1,Q1,0,256,149,149,True,TRUE,6,True,TRUE
B1,Q1,0,256,150,150,True,TRUE,6,True,TRUE
B1,Q1,0,256,151,151,True,TRUE,6,True,TRUE
B1,Q1,0,256,152,152,True,TRUE,6,True,TRUE
B1,Q1,0,256,164,164,True,TRUE,6,True,TRUE
B1,Q1,0,256,169,169,True,TRUE,6,True,TRUE
B1,Q1,0,256,170,170,True,TRUE,18,True,TRUE
B1,Q1,0,256,171,171,True,TRUE,6,True,TRUE
B1,Q1,0,256,172,172,True,TRUE,12,True,TRUE
B1,Q1,0,256,173,63,True,TRUE,3,True,TRUE
B1,Q1,0,256,174,68,True,TRUE,3,True,TRUE
B1,Q1,0,256,174,174,True,TRUE,6,True,TRUE
B1,Q1,0,256,175,175,True,TRUE,6,True,TRUE
B1,Q1,0,256,177,177,True,TRUE,6,True,TRUE
B1,Q1,0,256,180,180,True,TRUE,6,True,TRUE
B1,Q1,0,256,182,182,True,TRUE,6,True,TRUE
B1,Q1,0,256,183,183,True,TRUE,6,True,TRUE
B1,Q1,0,256,184,184,True,TRUE,6,True,TRUE
B1,Q1,0,256,185,185,True,TRUE,6,True,TRUE
B1,Q1,0,256,187,187,True,TRUE,3,True,TRUE
B1,Q1,0,256,188,188,True,TRUE,3,True,TRUE
B1,Q1,0,256,190,190,True,TRUE,12,True,TRUE
B1,Q1,0,256,193,193,True,TRUE,9,True,TRUE
B1,Q1,0,256,194,194,True,TRUE,6,True,TRUE
B1,Q1,0,256,198,198,True,TRUE,3,True,TRUE
B1,Q1,0,256,200,200,True,TRUE,6,True,TRUE
B1,Q1,0,256,202,202,True,TRUE,6,True,TRUE
B1,Q1,0,256,206,206,True,TRUE,6,True,TRUE
B1,Q1,0,256,213,213,True,TRUE,6,True,TRUE
B1,Q1,0,256,215,215,True,TRUE,6,True,TRUE
B1,Q1,0,256,216,0,True,TRUE,3,True,TRUE
B1,Q1,0,256,218,218,True,TRUE,6,True,TRUE
B1,Q1,0,256,220,220,True,TRUE,6,True,TRUE
B1,Q1,0,256,221,221,True,TRUE,6,True,TRUE
B1,Q1,0,256,222,222,True,TRUE,12,True,TRUE
B1,Q1,0,256,223,223,True,TRUE,6,True,TRUE
B1,Q1,0,256,224,224,True,TRUE,6,True,TRUE
B1,Q1,0,256,225,74,True,TRUE,6,True,TRUE
B1,Q1,0,256,226,226,True,TRUE,6,True,TRUE
B1,Q1,0,256,227,227,True,TRUE,12,True,TRUE
B1,Q1,0,256,228,85,True,TRUE,6,True,TRUE
B1,Q1,0,256,228,228,True,TRUE,3,True,TRUE
B1,Q1,0,256,230,230,True,TRUE,6,True,TRUE
B1,Q1,0,256,232,232,True,TRUE,6,True,TRUE
B1,Q1,0,256,233,233,True,TRUE,6,True,TRUE
B1,Q1,0,256,234,234,True,TRUE,12,True,TRUE
B1,Q1,0,256,235,234,True,TRUE,3,True,TRUE
B1,Q1,0,256,235,235,True,TRUE,3,True,TRUE
B1,Q1,0,256,236,236,True,TRUE,6,True,TRUE
B1,Q1,0,256,237,237,True,TRUE,6,True,TRUE
B1,Q1,0,256,238,238,True,TRUE,12,True,TRUE
B1,Q1,0,256,240,0,True,TRUE,3,True,TRUE
B1,Q1,0,256,241,239,True,TRUE,3,True,TRUE
B1,Q1,0,256,242,242,True,TRUE,6,True,TRUE
B1,Q1,0,256,244,244,True,TRUE,6,True,TRUE
B1,Q1,0,256,245,245,True,TRUE,6,True,TRUE
B1,Q1,0,256,246,246,True,TRUE,15,True,TRUE
B1,Q1,0,256,247,247,True,TRUE,6,True,TRUE
B1,Q1,0,256,248,248,True,TRUE,12,True,TRUE
B1,Q1,0,256,249,249,True,TRUE,9,True,TRUE
B1,Q1,0,256,251,107,True,TRUE,6,True,TRUE
B1,Q1,0,256,251,251,True,TRUE,3,True,TRUE
B1,Q1,0,256,253,0,True,TRUE,3,True,TRUE
B1,Q1,0,256,253,106,True,TRUE,6,True,TRUE
B1,Q1,0,256,253,253,True,TRUE,12,True,TRUE
B1,Q1,0,256,254,254,True,TRUE,12,True,TRUE
B1,Q1,0,256,255,255,True,TRUE,33,True,TRUE
B1,Q1,0,256,256,0,True,TRUE,2151,True,TRUE
B1,Q1,0,256,256,1,True,TRUE,18,True,TRUE
B1,Q1,0,256,256,2,True,TRUE,18,True,TRUE
B1,Q1,0,256,256,3,True,TRUE,9,True,TRUE
B1,Q1,0,256,256,4,True,TRUE,9,True,TRUE
B1,Q1,0,256,256,5,True,TRUE,12,True,TRUE
B1,Q1,0,256,256,7,True,TRUE,6,True,TRUE
B1,Q1,0,256,256,8,True,TRUE,6,True,TRUE
B1,Q1,0,256,256,9,True,TRUE,6,True,TRUE
B1,Q1,0,256,256,10,True,TRUE,6,True,TRUE
B1,Q1,0,256,256,11,True,TRUE,9,True,TRUE
B1,Q1,0,256,256,13,True,TRUE,3,True,TRUE
B1,Q1,0,256,256,14,True,TRUE,12,True,TRUE
B1,Q1,0,256,256,16,True,TRUE,6,True,TRUE
B1,Q1,0,256,256,17,True,TRUE,6,True,TRUE
B1,Q1,0,256,256,20,True,TRUE,3,True,TRUE
B1,Q1,0,256,256,22,True,TRUE,3,True,TRUE
B1,Q1,0,256,256,24,True,TRUE,9,True,TRUE
B1,Q1,0,256,256,25,True,TRUE,9,True,TRUE
B1,Q1,0,256,256,30,True,TRUE,9,True,TRUE
B1,Q1,0,256,256,33,True,TRUE,3,True,TRUE
B1,Q1,0,256,256,34,True,TRUE,6,True,TRUE
B1,Q1,0,256,256,36,True,TRUE,6,True,TRUE
B1,Q1,0,256,256,38,True,TRUE,12,True,TRUE
B1,Q1,0,256,256,44,True,TRUE,6,True,TRUE
B1,Q1,0,256,256,50,True,TRUE,3,True,TRUE
B1,Q1,0,256,256,52,True,TRUE,3,True,TRUE
B1,Q1,0,256,256,55,True,TRUE,3,True,TRUE
B1,Q1,0,256,256,56,True,TRUE,6,True,TRUE
B1,Q1,0,256,256,57,True,TRUE,6,True,TRUE
B1,Q1,0,256,256,59,True,TRUE,6,True,TRUE
B1,Q1,0,256,256,61,True,TRUE,12,True,TRUE
B1,Q1,0,256,256,63,True,TRUE,6,True,TRUE
B1,Q1,0,256,256,66,True,TRUE,12,True,TRUE
B1,Q1,0,256,256,68,True,TRUE,3,True,TRUE
B1,Q1,0,256,256,69,True,TRUE,6,True,TRUE
B1,Q1,0,256,256,74,True,TRUE,6,True,TRUE
B1,Q1,0,256,256,76,True,TRUE,3,True,TRUE
B1,Q1,0,256,256,85,True,TRUE,6,True,TRUE
B1,Q1,0,256,256,87,True,TRUE,3,True,TRUE
B1,Q1,0,256,256,89,True,TRUE,3,True,TRUE
B1,Q1,0,256,256,90,True,TRUE,6,True,TRUE
B1,Q1,0,256,256,91,True,TRUE,6,True,TRUE
B1,Q1,0,256,256,103,True,TRUE,6,True,TRUE
B1,Q1,0,256,256,104,True,TRUE,3,True,TRUE
B1,Q1,0,256,256,106,True,TRUE,6,True,TRUE
B1,Q1,0,256,256,107,True,TRUE,6,True,TRUE
B1,Q1,0,256,256,108,True,TRUE,6,True,TRUE
B1,Q1,0,256,256,109,True,TRUE,3,True,TRUE
B1,Q1,0,256,256,113,True,TRUE,3,True,TRUE
B1,Q1,0,256,256,121,True,TRUE,6,True,TRUE
B1,Q1,0,256,256,132,True,TRUE,6,True,TRUE
B1,Q1,0,256,256,134,True,TRUE,9,True,TRUE
B1,Q1,0,256,256,141,True,TRUE,3,True,TRUE
B1,Q1,0,256,256,144,True,TRUE,3,True,TRUE
B1,Q1,0,256,256,146,True,TRUE,3,True,TRUE
B1,Q1,0,256,256,150,True,TRUE,6,True,TRUE
B1,Q1,0,256,256,180,True,TRUE,3,True,TRUE
B1,Q1,0,256,256,184,True,TRUE,6,True,TRUE
B1,Q1,0,256,256,187,True,TRUE,3,True,TRUE
B1,Q1,0,256,256,188,True,TRUE,6,True,TRUE
B1,Q1,0,256,256,195,True,TRUE,6,True,TRUE
B1,Q1,0,256,256,197,True,TRUE,6,True,TRUE
B1,Q1,0,256,256,207,True,TRUE,12,True,TRUE
B1,Q1,0,256,256,214,True,TRUE,6,True,TRUE
B1,Q1,0,256,256,219,True,TRUE,6,True,TRUE
B1,Q1,0,256,256,221,True,TRUE,9,True,TRUE
B1,Q1,0,256,256,226,True,TRUE,6,True,TRUE
B1,Q1,0,256,256,229,True,TRUE,6,True,TRUE
B1,Q1,0,256,256,230,True,TRUE,3,True,TRUE
B1,Q1,0,256,256,232,True,TRUE,6,True,TRUE
B1,Q1,0,256,256,233,True,TRUE,3,True,TRUE
B1,Q1,0,256,256,234,True,TRUE,3,True,TRUE
B1,Q1,0,256,256,235,True,TRUE,3,True,TRUE
B1,Q1,0,256,256,236,True,TRUE,6,True,TRUE
B1,Q1,0,256,256,239,True,TRUE,3,True,TRUE
B1,Q1,0,256,256,241,True,TRUE,12,True,TRUE
B1,Q1,0,256,256,244,True,TRUE,3,True,TRUE
B1,Q1,0,256,256,245,True,TRUE,6,True,TRUE
B1,Q1,0,256,256,246,True,TRUE,3,True,TRUE
B1,Q1,0,256,256,248,True,TRUE,3,True,TRUE
B1,Q1,0,256,256,249,True,TRUE,6,True,TRUE
B1,Q1,0,256,256,252,True,TRUE,6,True,TRUE
B1,Q1,0,256,256,253,True,TRUE,21,True,TRUE
B1,Q1,0,256,256,254,True,TRUE,3,True,TRUE
B1,Q1,0,256,256,255,True,TRUE,21,True,TRUE
B1,Q1,0,256,256,256,True,TRUE,31368,True,TRUE
B1,Q2,0,256,0,0,False,FALSE,43632,False,FALSE
B1,Q2,0,256,0,0,True,MC_UNRESOLVED,50616,True,TRUE
B1,Q2,0,256,1,0,True,MC_UNRESOLVED,141,True,TRUE
B1,Q2,0,256,1,1,True,TRUE,105,True,TRUE
B1,Q2,0,256,2,0,True,MC_UNRESOLVED,81,True,TRUE
B1,Q2,0,256,2,2,True,TRUE,69,True,TRUE
B1,Q2,0,256,3,0,True,MC_UNRESOLVED,66,True,TRUE
B1,Q2,0,256,3,3,True,TRUE,66,True,TRUE
B1,Q2,0,256,4,0,True,MC_UNRESOLVED,57,True,TRUE
B1,Q2,0,256,4,4,True,TRUE,45,True,TRUE
B1,Q2,0,256,5,0,True,MC_UNRESOLVED,54,True,TRUE
B1,Q2,0,256,5,5,True,TRUE,54,True,TRUE
B1,Q2,0,256,6,0,True,MC_UNRESOLVED,30,True,TRUE
B1,Q2,0,256,6,6,True,TRUE,30,True,TRUE
B1,Q2,0,256,7,0,True,MC_UNRESOLVED,15,True,TRUE
B1,Q2,0,256,7,7,True,TRUE,15,True,TRUE
B1,Q2,0,256,8,0,True,MC_UNRESOLVED,18,True,TRUE
B1,Q2,0,256,8,8,True,TRUE,18,True,TRUE
B1,Q2,0,256,9,0,True,MC_UNRESOLVED,9,True,TRUE
B1,Q2,0,256,9,9,True,TRUE,9,True,TRUE
B1,Q2,0,256,10,0,True,MC_UNRESOLVED,21,True,TRUE
B1,Q2,0,256,10,10,True,TRUE,15,True,TRUE
B1,Q2,0,256,11,0,True,MC_UNRESOLVED,3,True,TRUE
B1,Q2,0,256,11,11,True,TRUE,3,True,TRUE
B1,Q2,0,256,12,0,True,MC_UNRESOLVED,24,True,TRUE
B1,Q2,0,256,12,12,True,TRUE,12,True,TRUE
B1,Q2,0,256,13,0,True,MC_UNRESOLVED,33,True,TRUE
B1,Q2,0,256,13,13,True,TRUE,21,True,TRUE
B1,Q2,0,256,14,0,True,MC_UNRESOLVED,6,True,TRUE
B1,Q2,0,256,14,1,True,TRUE,3,True,TRUE
B1,Q2,0,256,14,14,True,TRUE,3,True,TRUE
B1,Q2,0,256,15,0,True,MC_UNRESOLVED,21,True,TRUE
B1,Q2,0,256,15,14,True,TRUE,6,True,TRUE
B1,Q2,0,256,15,15,True,TRUE,15,True,TRUE
B1,Q2,0,256,16,0,True,MC_UNRESOLVED,12,True,TRUE
B1,Q2,0,256,16,16,True,TRUE,12,True,TRUE
B1,Q2,0,256,17,0,True,MC_UNRESOLVED,12,True,TRUE
B1,Q2,0,256,17,17,True,TRUE,12,True,TRUE
B1,Q2,0,256,18,0,True,MC_UNRESOLVED,12,True,TRUE
B1,Q2,0,256,18,18,True,TRUE,12,True,TRUE
B1,Q2,0,256,19,0,True,MC_UNRESOLVED,12,True,TRUE
B1,Q2,0,256,19,19,True,TRUE,6,True,TRUE
B1,Q2,0,256,20,0,True,MC_UNRESOLVED,12,True,TRUE
B1,Q2,0,256,20,17,True,TRUE,6,True,TRUE
B1,Q2,0,256,20,20,True,TRUE,6,True,TRUE
B1,Q2,0,256,21,0,True,MC_UNRESOLVED,6,True,TRUE
B1,Q2,0,256,21,21,True,TRUE,6,True,TRUE
B1,Q2,0,256,22,0,True,MC_UNRESOLVED,12,True,TRUE
B1,Q2,0,256,22,22,True,TRUE,12,True,TRUE
B1,Q2,0,256,23,0,True,MC_UNRESOLVED,9,True,TRUE
B1,Q2,0,256,23,23,True,TRUE,9,True,TRUE
B1,Q2,0,256,24,0,True,MC_UNRESOLVED,6,True,TRUE
B1,Q2,0,256,24,24,True,TRUE,6,True,TRUE
B1,Q2,0,256,25,0,True,MC_UNRESOLVED,12,True,TRUE
B1,Q2,0,256,25,25,True,TRUE,12,True,TRUE
B1,Q2,0,256,26,0,True,MC_UNRESOLVED,6,True,TRUE
B1,Q2,0,256,26,26,True,TRUE,6,True,TRUE
B1,Q2,0,256,27,0,True,MC_UNRESOLVED,12,True,TRUE
B1,Q2,0,256,27,27,True,TRUE,12,True,TRUE
B1,Q2,0,256,29,0,True,MC_UNRESOLVED,9,True,TRUE
B1,Q2,0,256,29,29,True,TRUE,3,True,TRUE
B1,Q2,0,256,30,0,True,MC_UNRESOLVED,12,True,TRUE
B1,Q2,0,256,30,30,True,TRUE,12,True,TRUE
B1,Q2,0,256,32,0,True,MC_UNRESOLVED,9,True,TRUE
B1,Q2,0,256,32,32,True,TRUE,9,True,TRUE
B1,Q2,0,256,33,0,True,MC_UNRESOLVED,12,True,TRUE
B1,Q2,0,256,33,33,True,TRUE,12,True,TRUE
B1,Q2,0,256,34,0,True,MC_UNRESOLVED,6,True,TRUE
B1,Q2,0,256,34,34,True,TRUE,6,True,TRUE
B1,Q2,0,256,35,0,True,MC_UNRESOLVED,6,True,TRUE
B1,Q2,0,256,36,0,True,MC_UNRESOLVED,9,True,TRUE
B1,Q2,0,256,36,4,True,TRUE,3,True,TRUE
B1,Q2,0,256,36,36,True,TRUE,6,True,TRUE
B1,Q2,0,256,37,0,True,MC_UNRESOLVED,12,True,TRUE
B1,Q2,0,256,37,37,True,TRUE,12,True,TRUE
B1,Q2,0,256,38,0,True,MC_UNRESOLVED,12,True,TRUE
B1,Q2,0,256,38,38,True,TRUE,12,True,TRUE
B1,Q2,0,256,40,0,True,MC_UNRESOLVED,12,True,TRUE
B1,Q2,0,256,40,40,True,TRUE,12,True,TRUE
B1,Q2,0,256,41,0,True,MC_UNRESOLVED,6,True,TRUE
B1,Q2,0,256,41,41,True,TRUE,6,True,TRUE
B1,Q2,0,256,42,0,True,MC_UNRESOLVED,9,True,TRUE
B1,Q2,0,256,42,42,True,TRUE,9,True,TRUE
B1,Q2,0,256,43,0,True,MC_UNRESOLVED,3,True,TRUE
B1,Q2,0,256,43,6,True,TRUE,3,True,TRUE
B1,Q2,0,256,45,0,True,MC_UNRESOLVED,24,True,TRUE
B1,Q2,0,256,45,45,True,TRUE,24,True,TRUE
B1,Q2,0,256,46,0,True,MC_UNRESOLVED,12,True,TRUE
B1,Q2,0,256,46,46,True,TRUE,12,True,TRUE
B1,Q2,0,256,47,0,True,MC_UNRESOLVED,18,True,TRUE
B1,Q2,0,256,47,47,True,TRUE,18,True,TRUE
B1,Q2,0,256,48,0,True,MC_UNRESOLVED,18,True,TRUE
B1,Q2,0,256,48,48,True,TRUE,18,True,TRUE
B1,Q2,0,256,50,0,True,MC_UNRESOLVED,9,True,TRUE
B1,Q2,0,256,50,3,True,TRUE,3,True,TRUE
B1,Q2,0,256,50,50,True,TRUE,6,True,TRUE
B1,Q2,0,256,51,0,True,MC_UNRESOLVED,12,True,TRUE
B1,Q2,0,256,51,51,True,TRUE,12,True,TRUE
B1,Q2,0,256,52,0,True,MC_UNRESOLVED,6,True,TRUE
B1,Q2,0,256,52,52,True,TRUE,6,True,TRUE
B1,Q2,0,256,53,0,True,MC_UNRESOLVED,12,True,TRUE
B1,Q2,0,256,53,53,True,TRUE,12,True,TRUE
B1,Q2,0,256,54,0,True,MC_UNRESOLVED,18,True,TRUE
B1,Q2,0,256,54,54,True,TRUE,18,True,TRUE
B1,Q2,0,256,55,0,True,MC_UNRESOLVED,6,True,TRUE
B1,Q2,0,256,55,55,True,TRUE,6,True,TRUE
B1,Q2,0,256,56,0,True,MC_UNRESOLVED,6,True,TRUE
B1,Q2,0,256,56,56,True,TRUE,6,True,TRUE
B1,Q2,0,256,58,0,True,MC_UNRESOLVED,18,True,TRUE
B1,Q2,0,256,58,58,True,TRUE,18,True,TRUE
B1,Q2,0,256,59,0,True,MC_UNRESOLVED,6,True,TRUE
B1,Q2,0,256,59,59,True,TRUE,6,True,TRUE
B1,Q2,0,256,62,0,True,MC_UNRESOLVED,6,True,TRUE
B1,Q2,0,256,62,62,True,TRUE,6,True,TRUE
B1,Q2,0,256,66,0,True,MC_UNRESOLVED,12,True,TRUE
B1,Q2,0,256,66,66,True,TRUE,12,True,TRUE
B1,Q2,0,256,70,0,True,MC_UNRESOLVED,18,True,TRUE
B1,Q2,0,256,70,70,True,TRUE,18,True,TRUE
B1,Q2,0,256,73,0,True,MC_UNRESOLVED,12,True,TRUE
B1,Q2,0,256,73,73,True,TRUE,12,True,TRUE
B1,Q2,0,256,74,0,True,MC_UNRESOLVED,6,True,TRUE
B1,Q2,0,256,74,74,True,TRUE,6,True,TRUE
B1,Q2,0,256,76,0,True,MC_UNRESOLVED,8,True,TRUE
B1,Q2,0,256,76,76,True,TRUE,8,True,TRUE
B1,Q2,0,256,77,0,True,MC_UNRESOLVED,10,True,TRUE
B1,Q2,0,256,77,77,True,TRUE,10,True,TRUE
B1,Q2,0,256,78,0,True,MC_UNRESOLVED,6,True,TRUE
B1,Q2,0,256,78,78,True,TRUE,6,True,TRUE
B1,Q2,0,256,80,0,True,MC_UNRESOLVED,18,True,TRUE
B1,Q2,0,256,80,80,True,TRUE,18,True,TRUE
B1,Q2,0,256,81,0,True,MC_UNRESOLVED,6,True,TRUE
B1,Q2,0,256,81,81,True,TRUE,6,True,TRUE
B1,Q2,0,256,82,0,True,MC_UNRESOLVED,6,True,TRUE
B1,Q2,0,256,82,82,True,TRUE,6,True,TRUE
B1,Q2,0,256,83,0,True,MC_UNRESOLVED,6,True,TRUE
B1,Q2,0,256,83,83,True,TRUE,6,True,TRUE
B1,Q2,0,256,85,0,True,MC_UNRESOLVED,6,True,TRUE
B1,Q2,0,256,85,85,True,TRUE,6,True,TRUE
B1,Q2,0,256,87,0,True,MC_UNRESOLVED,3,True,TRUE
B1,Q2,0,256,87,87,True,TRUE,3,True,TRUE
B1,Q2,0,256,96,0,True,MC_UNRESOLVED,12,True,TRUE
B1,Q2,0,256,96,96,True,TRUE,12,True,TRUE
B1,Q2,0,256,97,0,True,MC_UNRESOLVED,6,True,TRUE
B1,Q2,0,256,97,97,True,TRUE,6,True,TRUE
B1,Q2,0,256,98,0,True,MC_UNRESOLVED,14,True,TRUE
B1,Q2,0,256,98,98,True,TRUE,14,True,TRUE
B1,Q2,0,256,99,0,True,MC_UNRESOLVED,10,True,TRUE
B1,Q2,0,256,99,99,True,TRUE,10,True,TRUE
B1,Q2,0,256,106,0,True,MC_UNRESOLVED,6,True,TRUE
B1,Q2,0,256,106,106,True,TRUE,6,True,TRUE
B1,Q2,0,256,110,0,True,MC_UNRESOLVED,6,True,TRUE
B1,Q2,0,256,110,110,True,TRUE,6,True,TRUE
B1,Q2,0,256,111,0,True,MC_UNRESOLVED,6,True,TRUE
B1,Q2,0,256,111,111,True,TRUE,6,True,TRUE
B1,Q2,0,256,112,0,True,MC_UNRESOLVED,15,True,TRUE
B1,Q2,0,256,112,112,True,TRUE,15,True,TRUE
B1,Q2,0,256,113,0,True,MC_UNRESOLVED,12,True,TRUE
B1,Q2,0,256,113,113,True,TRUE,12,True,TRUE
B1,Q2,0,256,114,0,True,MC_UNRESOLVED,6,True,TRUE
B1,Q2,0,256,114,114,True,TRUE,6,True,TRUE
B1,Q2,0,256,115,0,True,MC_UNRESOLVED,12,True,TRUE
B1,Q2,0,256,115,115,True,TRUE,12,True,TRUE
B1,Q2,0,256,116,0,True,MC_UNRESOLVED,12,True,TRUE
B1,Q2,0,256,116,116,True,TRUE,12,True,TRUE
B1,Q2,0,256,120,0,True,MC_UNRESOLVED,9,True,TRUE
B1,Q2,0,256,120,68,True,TRUE,3,True,TRUE
B1,Q2,0,256,120,120,True,TRUE,6,True,TRUE
B1,Q2,0,256,122,0,True,MC_UNRESOLVED,12,True,TRUE
B1,Q2,0,256,122,122,True,TRUE,12,True,TRUE
B1,Q2,0,256,125,0,True,MC_UNRESOLVED,6,True,TRUE
B1,Q2,0,256,125,125,True,TRUE,6,True,TRUE
B1,Q2,0,256,126,0,True,MC_UNRESOLVED,12,True,TRUE
B1,Q2,0,256,126,126,True,TRUE,12,True,TRUE
B1,Q2,0,256,127,0,True,MC_UNRESOLVED,3,True,TRUE
B1,Q2,0,256,127,83,True,TRUE,3,True,TRUE
B1,Q2,0,256,131,0,True,MC_UNRESOLVED,6,True,TRUE
B1,Q2,0,256,131,131,True,TRUE,6,True,TRUE
B1,Q2,0,256,133,0,True,MC_UNRESOLVED,9,True,TRUE
B1,Q2,0,256,133,133,True,TRUE,9,True,TRUE
B1,Q2,0,256,136,0,True,MC_UNRESOLVED,6,True,TRUE
B1,Q2,0,256,136,136,True,TRUE,6,True,TRUE
B1,Q2,0,256,138,0,True,MC_UNRESOLVED,9,True,TRUE
B1,Q2,0,256,138,138,True,TRUE,9,True,TRUE
B1,Q2,0,256,139,0,True,MC_UNRESOLVED,12,True,TRUE
B1,Q2,0,256,139,139,True,TRUE,12,True,TRUE
B1,Q2,0,256,141,0,True,MC_UNRESOLVED,6,True,TRUE
B1,Q2,0,256,141,141,True,TRUE,6,True,TRUE
B1,Q2,0,256,142,0,True,MC_UNRESOLVED,9,True,TRUE
B1,Q2,0,256,142,141,True,TRUE,3,True,TRUE
B1,Q2,0,256,142,142,True,TRUE,6,True,TRUE
B1,Q2,0,256,143,0,True,MC_UNRESOLVED,6,True,TRUE
B1,Q2,0,256,143,143,True,TRUE,6,True,TRUE
B1,Q2,0,256,146,0,True,MC_UNRESOLVED,6,True,TRUE
B1,Q2,0,256,146,146,True,TRUE,6,True,TRUE
B1,Q2,0,256,148,0,True,MC_UNRESOLVED,3,True,TRUE
B1,Q2,0,256,148,146,True,TRUE,3,True,TRUE
B1,Q2,0,256,149,0,True,MC_UNRESOLVED,6,True,TRUE
B1,Q2,0,256,149,149,True,TRUE,6,True,TRUE
B1,Q2,0,256,150,0,True,MC_UNRESOLVED,6,True,TRUE
B1,Q2,0,256,150,150,True,TRUE,6,True,TRUE
B1,Q2,0,256,151,0,True,MC_UNRESOLVED,6,True,TRUE
B1,Q2,0,256,151,151,True,TRUE,6,True,TRUE
B1,Q2,0,256,152,0,True,MC_UNRESOLVED,6,True,TRUE
B1,Q2,0,256,152,152,True,TRUE,6,True,TRUE
B1,Q2,0,256,164,0,True,MC_UNRESOLVED,6,True,TRUE
B1,Q2,0,256,164,164,True,TRUE,6,True,TRUE
B1,Q2,0,256,169,0,True,MC_UNRESOLVED,6,True,TRUE
B1,Q2,0,256,169,169,True,TRUE,6,True,TRUE
B1,Q2,0,256,170,0,True,MC_UNRESOLVED,18,True,TRUE
B1,Q2,0,256,170,170,True,TRUE,18,True,TRUE
B1,Q2,0,256,171,0,True,MC_UNRESOLVED,6,True,TRUE
B1,Q2,0,256,171,171,True,TRUE,6,True,TRUE
B1,Q2,0,256,172,0,True,MC_UNRESOLVED,12,True,TRUE
B1,Q2,0,256,172,172,True,TRUE,12,True,TRUE
B1,Q2,0,256,173,0,True,MC_UNRESOLVED,3,True,TRUE
B1,Q2,0,256,173,63,True,TRUE,3,True,TRUE
B1,Q2,0,256,174,0,True,MC_UNRESOLVED,9,True,TRUE
B1,Q2,0,256,174,68,True,TRUE,3,True,TRUE
B1,Q2,0,256,174,174,True,TRUE,6,True,TRUE
B1,Q2,0,256,175,0,True,MC_UNRESOLVED,6,True,TRUE
B1,Q2,0,256,175,175,True,TRUE,6,True,TRUE
B1,Q2,0,256,177,0,True,MC_UNRESOLVED,6,True,TRUE
B1,Q2,0,256,177,177,True,TRUE,6,True,TRUE
B1,Q2,0,256,180,0,True,MC_UNRESOLVED,6,True,TRUE
B1,Q2,0,256,180,180,True,TRUE,6,True,TRUE
B1,Q2,0,256,182,0,True,MC_UNRESOLVED,6,True,TRUE
B1,Q2,0,256,182,182,True,TRUE,6,True,TRUE
B1,Q2,0,256,183,0,True,MC_UNRESOLVED,6,True,TRUE
B1,Q2,0,256,183,183,True,TRUE,6,True,TRUE
B1,Q2,0,256,184,0,True,MC_UNRESOLVED,6,True,TRUE
B1,Q2,0,256,184,184,True,TRUE,6,True,TRUE
B1,Q2,0,256,185,0,True,MC_UNRESOLVED,6,True,TRUE
B1,Q2,0,256,185,185,True,TRUE,6,True,TRUE
B1,Q2,0,256,187,0,True,MC_UNRESOLVED,3,True,TRUE
B1,Q2,0,256,187,187,True,TRUE,3,True,TRUE
B1,Q2,0,256,188,0,True,MC_UNRESOLVED,3,True,TRUE
B1,Q2,0,256,188,188,True,TRUE,3,True,TRUE
B1,Q2,0,256,190,0,True,MC_UNRESOLVED,12,True,TRUE
B1,Q2,0,256,190,190,True,TRUE,12,True,TRUE
B1,Q2,0,256,193,0,True,MC_UNRESOLVED,9,True,TRUE
B1,Q2,0,256,193,193,True,TRUE,9,True,TRUE
B1,Q2,0,256,194,0,True,MC_UNRESOLVED,6,True,TRUE
B1,Q2,0,256,194,194,True,TRUE,6,True,TRUE
B1,Q2,0,256,198,0,True,MC_UNRESOLVED,3,True,TRUE
B1,Q2,0,256,198,198,True,TRUE,3,True,TRUE
B1,Q2,0,256,200,0,True,MC_UNRESOLVED,6,True,TRUE
B1,Q2,0,256,200,200,True,TRUE,6,True,TRUE
B1,Q2,0,256,202,0,True,MC_UNRESOLVED,6,True,TRUE
B1,Q2,0,256,202,202,True,TRUE,6,True,TRUE
B1,Q2,0,256,206,0,True,MC_UNRESOLVED,6,True,TRUE
B1,Q2,0,256,206,206,True,TRUE,6,True,TRUE
B1,Q2,0,256,213,0,True,MC_UNRESOLVED,6,True,TRUE
B1,Q2,0,256,213,213,True,TRUE,6,True,TRUE
B1,Q2,0,256,215,0,True,MC_UNRESOLVED,6,True,TRUE
B1,Q2,0,256,215,215,True,TRUE,6,True,TRUE
B1,Q2,0,256,216,0,True,MC_UNRESOLVED,6,True,TRUE
B1,Q2,0,256,218,0,True,MC_UNRESOLVED,6,True,TRUE
B1,Q2,0,256,218,218,True,TRUE,6,True,TRUE
B1,Q2,0,256,220,0,True,MC_UNRESOLVED,6,True,TRUE
B1,Q2,0,256,220,220,True,TRUE,6,True,TRUE
B1,Q2,0,256,221,0,True,MC_UNRESOLVED,6,True,TRUE
B1,Q2,0,256,221,221,True,TRUE,6,True,TRUE
B1,Q2,0,256,222,0,True,MC_UNRESOLVED,12,True,TRUE
B1,Q2,0,256,222,222,True,TRUE,12,True,TRUE
B1,Q2,0,256,223,0,True,MC_UNRESOLVED,6,True,TRUE
B1,Q2,0,256,223,223,True,TRUE,6,True,TRUE
B1,Q2,0,256,224,0,True,MC_UNRESOLVED,6,True,TRUE
B1,Q2,0,256,224,224,True,TRUE,6,True,TRUE
B1,Q2,0,256,225,0,True,MC_UNRESOLVED,6,True,TRUE
B1,Q2,0,256,225,74,True,TRUE,6,True,TRUE
B1,Q2,0,256,226,0,True,MC_UNRESOLVED,6,True,TRUE
B1,Q2,0,256,226,226,True,TRUE,6,True,TRUE
B1,Q2,0,256,227,0,True,MC_UNRESOLVED,12,True,TRUE
B1,Q2,0,256,227,227,True,TRUE,12,True,TRUE
B1,Q2,0,256,228,0,True,MC_UNRESOLVED,9,True,TRUE
B1,Q2,0,256,228,85,True,TRUE,6,True,TRUE
B1,Q2,0,256,228,228,True,TRUE,3,True,TRUE
B1,Q2,0,256,230,0,True,MC_UNRESOLVED,6,True,TRUE
B1,Q2,0,256,230,230,True,TRUE,6,True,TRUE
B1,Q2,0,256,232,0,True,MC_UNRESOLVED,6,True,TRUE
B1,Q2,0,256,232,232,True,TRUE,6,True,TRUE
B1,Q2,0,256,233,0,True,MC_UNRESOLVED,6,True,TRUE
B1,Q2,0,256,233,233,True,TRUE,6,True,TRUE
B1,Q2,0,256,234,0,True,MC_UNRESOLVED,12,True,TRUE
B1,Q2,0,256,234,234,True,TRUE,12,True,TRUE
B1,Q2,0,256,235,0,True,MC_UNRESOLVED,6,True,TRUE
B1,Q2,0,256,235,234,True,TRUE,3,True,TRUE
B1,Q2,0,256,235,235,True,TRUE,3,True,TRUE
B1,Q2,0,256,236,0,True,MC_UNRESOLVED,6,True,TRUE
B1,Q2,0,256,236,236,True,TRUE,6,True,TRUE
B1,Q2,0,256,237,0,True,MC_UNRESOLVED,6,True,TRUE
B1,Q2,0,256,237,237,True,TRUE,6,True,TRUE
B1,Q2,0,256,238,0,True,MC_UNRESOLVED,12,True,TRUE
B1,Q2,0,256,238,238,True,TRUE,12,True,TRUE
B1,Q2,0,256,240,0,True,MC_UNRESOLVED,6,True,TRUE
B1,Q2,0,256,241,0,True,MC_UNRESOLVED,3,True,TRUE
B1,Q2,0,256,241,239,True,TRUE,3,True,TRUE
B1,Q2,0,256,242,0,True,MC_UNRESOLVED,6,True,TRUE
B1,Q2,0,256,242,242,True,TRUE,6,True,TRUE
B1,Q2,0,256,244,0,True,MC_UNRESOLVED,6,True,TRUE
B1,Q2,0,256,244,244,True,TRUE,6,True,TRUE
B1,Q2,0,256,245,0,True,MC_UNRESOLVED,6,True,TRUE
B1,Q2,0,256,245,245,True,TRUE,6,True,TRUE
B1,Q2,0,256,246,0,True,MC_UNRESOLVED,15,True,TRUE
B1,Q2,0,256,246,246,True,TRUE,15,True,TRUE
B1,Q2,0,256,247,0,True,MC_UNRESOLVED,6,True,TRUE
B1,Q2,0,256,247,247,True,TRUE,6,True,TRUE
B1,Q2,0,256,248,0,True,MC_UNRESOLVED,12,True,TRUE
B1,Q2,0,256,248,248,True,TRUE,12,True,TRUE
B1,Q2,0,256,249,0,True,MC_UNRESOLVED,9,True,TRUE
B1,Q2,0,256,249,249,True,TRUE,9,True,TRUE
B1,Q2,0,256,251,0,True,MC_UNRESOLVED,9,True,TRUE
B1,Q2,0,256,251,107,True,TRUE,6,True,TRUE
B1,Q2,0,256,251,251,True,TRUE,3,True,TRUE
B1,Q2,0,256,253,0,True,MC_UNRESOLVED,24,True,TRUE
B1,Q2,0,256,253,106,True,TRUE,6,True,TRUE
B1,Q2,0,256,253,253,True,TRUE,12,True,TRUE
B1,Q2,0,256,254,0,True,MC_UNRESOLVED,12,True,TRUE
B1,Q2,0,256,254,254,True,TRUE,12,True,TRUE
B1,Q2,0,256,255,0,True,MC_UNRESOLVED,33,True,TRUE
B1,Q2,0,256,255,255,True,TRUE,33,True,TRUE
B1,Q2,0,256,256,0,True,MC_UNRESOLVED,36216,True,TRUE
B1,Q2,0,256,256,1,True,TRUE,18,True,TRUE
B1,Q2,0,256,256,2,True,TRUE,18,True,TRUE
B1,Q2,0,256,256,3,True,TRUE,9,True,TRUE
B1,Q2,0,256,256,4,True,TRUE,9,True,TRUE
B1,Q2,0,256,256,5,True,TRUE,12,True,TRUE
B1,Q2,0,256,256,7,True,TRUE,6,True,TRUE
B1,Q2,0,256,256,8,True,TRUE,6,True,TRUE
B1,Q2,0,256,256,9,True,TRUE,6,True,TRUE
B1,Q2,0,256,256,10,True,TRUE,6,True,TRUE
B1,Q2,0,256,256,11,True,TRUE,9,True,TRUE
B1,Q2,0,256,256,13,True,TRUE,3,True,TRUE
B1,Q2,0,256,256,14,True,TRUE,12,True,TRUE
B1,Q2,0,256,256,16,True,TRUE,6,True,TRUE
B1,Q2,0,256,256,17,True,TRUE,6,True,TRUE
B1,Q2,0,256,256,20,True,TRUE,3,True,TRUE
B1,Q2,0,256,256,22,True,TRUE,3,True,TRUE
B1,Q2,0,256,256,24,True,TRUE,9,True,TRUE
B1,Q2,0,256,256,25,True,TRUE,9,True,TRUE
B1,Q2,0,256,256,30,True,TRUE,9,True,TRUE
B1,Q2,0,256,256,33,True,TRUE,3,True,TRUE
B1,Q2,0,256,256,34,True,TRUE,6,True,TRUE
B1,Q2,0,256,256,36,True,TRUE,6,True,TRUE
B1,Q2,0,256,256,38,True,TRUE,12,True,TRUE
B1,Q2,0,256,256,44,True,TRUE,6,True,TRUE
B1,Q2,0,256,256,50,True,TRUE,3,True,TRUE
B1,Q2,0,256,256,52,True,TRUE,3,True,TRUE
B1,Q2,0,256,256,55,True,TRUE,3,True,TRUE
B1,Q2,0,256,256,56,True,TRUE,6,True,TRUE
B1,Q2,0,256,256,57,True,TRUE,6,True,TRUE
B1,Q2,0,256,256,59,True,TRUE,6,True,TRUE
B1,Q2,0,256,256,61,True,TRUE,12,True,TRUE
B1,Q2,0,256,256,63,True,TRUE,6,True,TRUE
B1,Q2,0,256,256,66,True,TRUE,12,True,TRUE
B1,Q2,0,256,256,68,True,TRUE,3,True,TRUE
B1,Q2,0,256,256,69,True,TRUE,6,True,TRUE
B1,Q2,0,256,256,74,True,TRUE,6,True,TRUE
B1,Q2,0,256,256,76,True,TRUE,3,True,TRUE
B1,Q2,0,256,256,85,True,TRUE,6,True,TRUE
B1,Q2,0,256,256,87,True,TRUE,3,True,TRUE
B1,Q2,0,256,256,89,True,TRUE,3,True,TRUE
B1,Q2,0,256,256,90,True,TRUE,6,True,TRUE
B1,Q2,0,256,256,91,True,TRUE,6,True,TRUE
B1,Q2,0,256,256,103,True,TRUE,6,True,TRUE
B1,Q2,0,256,256,104,True,TRUE,3,True,TRUE
B1,Q2,0,256,256,106,True,TRUE,6,True,TRUE
B1,Q2,0,256,256,107,True,TRUE,6,True,TRUE
B1,Q2,0,256,256,108,True,TRUE,6,True,TRUE
B1,Q2,0,256,256,109,True,TRUE,3,True,TRUE
B1,Q2,0,256,256,113,True,TRUE,3,True,TRUE
B1,Q2,0,256,256,121,True,TRUE,6,True,TRUE
B1,Q2,0,256,256,132,True,TRUE,6,True,TRUE
B1,Q2,0,256,256,134,True,TRUE,9,True,TRUE
B1,Q2,0,256,256,141,True,TRUE,3,True,TRUE
B1,Q2,0,256,256,144,True,TRUE,3,True,TRUE
B1,Q2,0,256,256,146,True,TRUE,3,True,TRUE
B1,Q2,0,256,256,150,True,TRUE,6,True,TRUE
B1,Q2,0,256,256,180,True,TRUE,3,True,TRUE
B1,Q2,0,256,256,184,True,TRUE,6,True,TRUE
B1,Q2,0,256,256,187,True,TRUE,3,True,TRUE
B1,Q2,0,256,256,188,True,TRUE,6,True,TRUE
B1,Q2,0,256,256,195,True,TRUE,6,True,TRUE
B1,Q2,0,256,256,197,True,TRUE,6,True,TRUE
B1,Q2,0,256,256,207,True,TRUE,12,True,TRUE
B1,Q2,0,256,256,214,True,TRUE,6,True,TRUE
B1,Q2,0,256,256,219,True,TRUE,6,True,TRUE
B1,Q2,0,256,256,221,True,TRUE,9,True,TRUE
B1,Q2,0,256,256,226,True,TRUE,6,True,TRUE
B1,Q2,0,256,256,229,True,TRUE,6,True,TRUE
B1,Q2,0,256,256,230,True,TRUE,3,True,TRUE
B1,Q2,0,256,256,232,True,TRUE,6,True,TRUE
B1,Q2,0,256,256,233,True,TRUE,3,True,TRUE
B1,Q2,0,256,256,234,True,TRUE,3,True,TRUE
B1,Q2,0,256,256,235,True,TRUE,3,True,TRUE
B1,Q2,0,256,256,236,True,TRUE,6,True,TRUE
B1,Q2,0,256,256,239,True,TRUE,3,True,TRUE
B1,Q2,0,256,256,241,True,TRUE,12,True,TRUE
B1,Q2,0,256,256,244,True,TRUE,3,True,TRUE
B1,Q2,0,256,256,245,True,TRUE,6,True,TRUE
B1,Q2,0,256,256,246,True,TRUE,3,True,TRUE
B1,Q2,0,256,256,248,True,TRUE,3,True,TRUE
B1,Q2,0,256,256,249,True,TRUE,6,True,TRUE
B1,Q2,0,256,256,252,True,TRUE,6,True,TRUE
B1,Q2,0,256,256,253,True,TRUE,21,True,TRUE
B1,Q2,0,256,256,254,True,TRUE,3,True,TRUE
B1,Q2,0,256,256,255,True,TRUE,21,True,TRUE
B1,Q2,0,256,256,256,True,TRUE,31368,True,TRUE
B1,Q1,0.5,256,0,0,False,FALSE,21816,False,FALSE
B1,Q1,0.5,256,0,0,True,FALSE,25308,False,FALSE
B1,Q1,0.5,256,1,0,True,FALSE,18,False,FALSE
B1,Q1,0.5,256,1,1,True,FALSE,105,False,FALSE
B1,Q1,0.5,256,2,0,True,FALSE,6,False,FALSE
B1,Q1,0.5,256,2,2,True,FALSE,69,False,FALSE
B1,Q1,0.5,256,3,3,True,FALSE,66,False,FALSE
B1,Q1,0.5,256,4,0,True,FALSE,6,False,FALSE
B1,Q1,0.5,256,4,4,True,FALSE,45,False,FALSE
B1,Q1,0.5,256,5,5,True,FALSE,54,False,FALSE
B1,Q1,0.5,256,6,6,True,FALSE,30,False,FALSE
B1,Q1,0.5,256,7,7,True,FALSE,15,False,FALSE
B1,Q1,0.5,256,8,8,True,FALSE,18,False,FALSE
B1,Q1,0.5,256,9,9,True,FALSE,9,False,FALSE
B1,Q1,0.5,256,10,0,True,FALSE,3,False,FALSE
B1,Q1,0.5,256,10,10,True,FALSE,15,False,FALSE
B1,Q1,0.5,256,11,11,True,FALSE,3,False,FALSE
B1,Q1,0.5,256,12,0,True,FALSE,6,False,FALSE
B1,Q1,0.5,256,12,12,True,FALSE,12,False,FALSE
B1,Q1,0.5,256,13,0,True,FALSE,6,False,FALSE
B1,Q1,0.5,256,13,13,True,FALSE,21,False,FALSE
B1,Q1,0.5,256,14,1,True,FALSE,3,False,FALSE
B1,Q1,0.5,256,14,14,True,FALSE,3,False,FALSE
B1,Q1,0.5,256,15,14,True,FALSE,6,False,FALSE
B1,Q1,0.5,256,15,15,True,FALSE,15,False,FALSE
B1,Q1,0.5,256,16,16,True,FALSE,12,False,FALSE
B1,Q1,0.5,256,17,17,True,FALSE,12,False,FALSE
B1,Q1,0.5,256,18,18,True,FALSE,12,False,FALSE
B1,Q1,0.5,256,19,0,True,FALSE,3,False,FALSE
B1,Q1,0.5,256,19,19,True,FALSE,6,False,FALSE
B1,Q1,0.5,256,20,17,True,FALSE,6,False,FALSE
B1,Q1,0.5,256,20,20,True,FALSE,6,False,FALSE
B1,Q1,0.5,256,21,21,True,FALSE,6,False,FALSE
B1,Q1,0.5,256,22,22,True,FALSE,12,False,FALSE
B1,Q1,0.5,256,23,23,True,FALSE,9,False,FALSE
B1,Q1,0.5,256,24,24,True,FALSE,6,False,FALSE
B1,Q1,0.5,256,25,25,True,FALSE,12,False,FALSE
B1,Q1,0.5,256,26,26,True,FALSE,6,False,FALSE
B1,Q1,0.5,256,27,27,True,FALSE,12,False,FALSE
B1,Q1,0.5,256,29,0,True,FALSE,3,False,FALSE
B1,Q1,0.5,256,29,29,True,FALSE,3,False,FALSE
B1,Q1,0.5,256,30,30,True,FALSE,12,False,FALSE
B1,Q1,0.5,256,32,32,True,FALSE,9,False,FALSE
B1,Q1,0.5,256,33,33,True,FALSE,12,False,FALSE
B1,Q1,0.5,256,34,34,True,FALSE,6,False,FALSE
B1,Q1,0.5,256,35,0,True,FALSE,3,False,FALSE
B1,Q1,0.5,256,36,4,True,FALSE,3,False,FALSE
B1,Q1,0.5,256,36,36,True,FALSE,6,False,FALSE
B1,Q1,0.5,256,37,37,True,FALSE,12,False,FALSE
B1,Q1,0.5,256,38,38,True,FALSE,12,False,FALSE
B1,Q1,0.5,256,40,40,True,FALSE,12,False,FALSE
B1,Q1,0.5,256,41,41,True,FALSE,6,False,FALSE
B1,Q1,0.5,256,42,42,True,FALSE,9,False,FALSE
B1,Q1,0.5,256,43,6,True,FALSE,3,False,FALSE
B1,Q1,0.5,256,45,45,True,FALSE,24,False,FALSE
B1,Q1,0.5,256,46,46,True,FALSE,12,False,FALSE
B1,Q1,0.5,256,47,47,True,FALSE,18,False,FALSE
B1,Q1,0.5,256,48,48,True,FALSE,18,False,FALSE
B1,Q1,0.5,256,50,3,True,FALSE,3,False,FALSE
B1,Q1,0.5,256,50,50,True,FALSE,6,False,FALSE
B1,Q1,0.5,256,51,51,True,FALSE,12,False,FALSE
B1,Q1,0.5,256,52,52,True,FALSE,6,False,FALSE
B1,Q1,0.5,256,53,53,True,FALSE,12,False,FALSE
B1,Q1,0.5,256,54,54,True,FALSE,18,False,FALSE
B1,Q1,0.5,256,55,55,True,FALSE,6,False,FALSE
B1,Q1,0.5,256,56,56,True,FALSE,6,False,FALSE
B1,Q1,0.5,256,58,58,True,FALSE,18,False,FALSE
B1,Q1,0.5,256,59,59,True,FALSE,6,False,FALSE
B1,Q1,0.5,256,62,62,True,FALSE,6,False,FALSE
B1,Q1,0.5,256,66,66,True,FALSE,12,False,FALSE
B1,Q1,0.5,256,70,70,True,FALSE,18,False,FALSE
B1,Q1,0.5,256,73,73,True,FALSE,12,False,FALSE
B1,Q1,0.5,256,74,74,True,FALSE,6,False,FALSE
B1,Q1,0.5,256,76,76,True,FALSE,8,False,FALSE
B1,Q1,0.5,256,77,77,True,FALSE,10,False,FALSE
B1,Q1,0.5,256,78,78,True,FALSE,6,False,FALSE
B1,Q1,0.5,256,80,80,True,FALSE,18,False,FALSE
B1,Q1,0.5,256,81,81,True,FALSE,6,False,FALSE
B1,Q1,0.5,256,82,82,True,FALSE,6,False,FALSE
B1,Q1,0.5,256,83,83,True,FALSE,6,False,FALSE
B1,Q1,0.5,256,85,85,True,FALSE,6,False,FALSE
B1,Q1,0.5,256,87,87,True,FALSE,3,False,FALSE
B1,Q1,0.5,256,96,96,True,FALSE,12,False,FALSE
B1,Q1,0.5,256,97,97,True,FALSE,6,False,FALSE
B1,Q1,0.5,256,98,98,True,FALSE,14,False,FALSE
B1,Q1,0.5,256,99,99,True,FALSE,10,False,FALSE
B1,Q1,0.5,256,106,106,True,FALSE,6,False,FALSE
B1,Q1,0.5,256,110,110,True,FALSE,6,False,FALSE
B1,Q1,0.5,256,111,111,True,FALSE,6,False,FALSE
B1,Q1,0.5,256,112,112,True,FALSE,15,False,FALSE
B1,Q1,0.5,256,113,113,True,MC_UNRESOLVED,12,False,MC_UNRESOLVED
B1,Q1,0.5,256,114,114,True,MC_UNRESOLVED,6,False,MC_UNRESOLVED
B1,Q1,0.5,256,115,115,True,MC_UNRESOLVED,12,False,MC_UNRESOLVED
B1,Q1,0.5,256,116,116,True,MC_UNRESOLVED,12,False,MC_UNRESOLVED
B1,Q1,0.5,256,120,68,True,MC_UNRESOLVED,3,False,MC_UNRESOLVED
B1,Q1,0.5,256,120,120,True,MC_UNRESOLVED,6,False,MC_UNRESOLVED
B1,Q1,0.5,256,122,122,True,MC_UNRESOLVED,12,False,MC_UNRESOLVED
B1,Q1,0.5,256,125,125,True,MC_UNRESOLVED,6,False,MC_UNRESOLVED
B1,Q1,0.5,256,126,126,True,MC_UNRESOLVED,12,False,MC_UNRESOLVED
B1,Q1,0.5,256,127,83,True,MC_UNRESOLVED,3,False,MC_UNRESOLVED
B1,Q1,0.5,256,131,131,True,MC_UNRESOLVED,6,True,MC_UNRESOLVED
B1,Q1,0.5,256,133,133,True,MC_UNRESOLVED,9,True,MC_UNRESOLVED
B1,Q1,0.5,256,136,136,True,MC_UNRESOLVED,6,True,MC_UNRESOLVED
B1,Q1,0.5,256,138,138,True,MC_UNRESOLVED,9,True,MC_UNRESOLVED
B1,Q1,0.5,256,139,139,True,MC_UNRESOLVED,12,True,MC_UNRESOLVED
B1,Q1,0.5,256,141,141,True,MC_UNRESOLVED,6,True,MC_UNRESOLVED
B1,Q1,0.5,256,142,141,True,MC_UNRESOLVED,3,True,MC_UNRESOLVED
B1,Q1,0.5,256,142,142,True,MC_UNRESOLVED,6,True,MC_UNRESOLVED
B1,Q1,0.5,256,143,143,True,MC_UNRESOLVED,6,True,MC_UNRESOLVED
B1,Q1,0.5,256,146,146,True,TRUE,6,True,TRUE
B1,Q1,0.5,256,148,146,True,TRUE,3,True,TRUE
B1,Q1,0.5,256,149,149,True,TRUE,6,True,TRUE
B1,Q1,0.5,256,150,150,True,TRUE,6,True,TRUE
B1,Q1,0.5,256,151,151,True,TRUE,6,True,TRUE
B1,Q1,0.5,256,152,152,True,TRUE,6,True,TRUE
B1,Q1,0.5,256,164,164,True,TRUE,6,True,TRUE
B1,Q1,0.5,256,169,169,True,TRUE,6,True,TRUE
B1,Q1,0.5,256,170,170,True,TRUE,18,True,TRUE
B1,Q1,0.5,256,171,171,True,TRUE,6,True,TRUE
B1,Q1,0.5,256,172,172,True,TRUE,12,True,TRUE
B1,Q1,0.5,256,173,63,True,TRUE,3,True,TRUE
B1,Q1,0.5,256,174,68,True,TRUE,3,True,TRUE
B1,Q1,0.5,256,174,174,True,TRUE,6,True,TRUE
B1,Q1,0.5,256,175,175,True,TRUE,6,True,TRUE
B1,Q1,0.5,256,177,177,True,TRUE,6,True,TRUE
B1,Q1,0.5,256,180,180,True,TRUE,6,True,TRUE
B1,Q1,0.5,256,182,182,True,TRUE,6,True,TRUE
B1,Q1,0.5,256,183,183,True,TRUE,6,True,TRUE
B1,Q1,0.5,256,184,184,True,TRUE,6,True,TRUE
B1,Q1,0.5,256,185,185,True,TRUE,6,True,TRUE
B1,Q1,0.5,256,187,187,True,TRUE,3,True,TRUE
B1,Q1,0.5,256,188,188,True,TRUE,3,True,TRUE
B1,Q1,0.5,256,190,190,True,TRUE,12,True,TRUE
B1,Q1,0.5,256,193,193,True,TRUE,9,True,TRUE
B1,Q1,0.5,256,194,194,True,TRUE,6,True,TRUE
B1,Q1,0.5,256,198,198,True,TRUE,3,True,TRUE
B1,Q1,0.5,256,200,200,True,TRUE,6,True,TRUE
B1,Q1,0.5,256,202,202,True,TRUE,6,True,TRUE
B1,Q1,0.5,256,206,206,True,TRUE,6,True,TRUE
B1,Q1,0.5,256,213,213,True,TRUE,6,True,TRUE
B1,Q1,0.5,256,215,215,True,TRUE,6,True,TRUE
B1,Q1,0.5,256,216,0,True,TRUE,3,True,TRUE
B1,Q1,0.5,256,218,218,True,TRUE,6,True,TRUE
B1,Q1,0.5,256,220,220,True,TRUE,6,True,TRUE
B1,Q1,0.5,256,221,221,True,TRUE,6,True,TRUE
B1,Q1,0.5,256,222,222,True,TRUE,12,True,TRUE
B1,Q1,0.5,256,223,223,True,TRUE,6,True,TRUE
B1,Q1,0.5,256,224,224,True,TRUE,6,True,TRUE
B1,Q1,0.5,256,225,74,True,TRUE,6,True,TRUE
B1,Q1,0.5,256,226,226,True,TRUE,6,True,TRUE
B1,Q1,0.5,256,227,227,True,TRUE,12,True,TRUE
B1,Q1,0.5,256,228,85,True,TRUE,6,True,TRUE
B1,Q1,0.5,256,228,228,True,TRUE,3,True,TRUE
B1,Q1,0.5,256,230,230,True,TRUE,6,True,TRUE
B1,Q1,0.5,256,232,232,True,TRUE,6,True,TRUE
B1,Q1,0.5,256,233,233,True,TRUE,6,True,TRUE
B1,Q1,0.5,256,234,234,True,TRUE,12,True,TRUE
B1,Q1,0.5,256,235,234,True,TRUE,3,True,TRUE
B1,Q1,0.5,256,235,235,True,TRUE,3,True,TRUE
B1,Q1,0.5,256,236,236,True,TRUE,6,True,TRUE
B1,Q1,0.5,256,237,237,True,TRUE,6,True,TRUE
B1,Q1,0.5,256,238,238,True,TRUE,12,True,TRUE
B1,Q1,0.5,256,240,0,True,TRUE,3,True,TRUE
B1,Q1,0.5,256,241,239,True,TRUE,3,True,TRUE
B1,Q1,0.5,256,242,242,True,TRUE,6,True,TRUE
B1,Q1,0.5,256,244,244,True,TRUE,6,True,TRUE
B1,Q1,0.5,256,245,245,True,TRUE,6,True,TRUE
B1,Q1,0.5,256,246,246,True,TRUE,15,True,TRUE
B1,Q1,0.5,256,247,247,True,TRUE,6,True,TRUE
B1,Q1,0.5,256,248,248,True,TRUE,12,True,TRUE
B1,Q1,0.5,256,249,249,True,TRUE,9,True,TRUE
B1,Q1,0.5,256,251,107,True,TRUE,6,True,TRUE
B1,Q1,0.5,256,251,251,True,TRUE,3,True,TRUE
B1,Q1,0.5,256,253,0,True,TRUE,3,True,TRUE
B1,Q1,0.5,256,253,106,True,TRUE,6,True,TRUE
B1,Q1,0.5,256,253,253,True,TRUE,12,True,TRUE
B1,Q1,0.5,256,254,254,True,TRUE,12,True,TRUE
B1,Q1,0.5,256,255,255,True,TRUE,33,True,TRUE
B1,Q1,0.5,256,256,0,True,TRUE,2151,True,TRUE
B1,Q1,0.5,256,256,1,True,TRUE,18,True,TRUE
B1,Q1,0.5,256,256,2,True,TRUE,18,True,TRUE
B1,Q1,0.5,256,256,3,True,TRUE,9,True,TRUE
B1,Q1,0.5,256,256,4,True,TRUE,9,True,TRUE
B1,Q1,0.5,256,256,5,True,TRUE,12,True,TRUE
B1,Q1,0.5,256,256,7,True,TRUE,6,True,TRUE
B1,Q1,0.5,256,256,8,True,TRUE,6,True,TRUE
B1,Q1,0.5,256,256,9,True,TRUE,6,True,TRUE
B1,Q1,0.5,256,256,10,True,TRUE,6,True,TRUE
B1,Q1,0.5,256,256,11,True,TRUE,9,True,TRUE
B1,Q1,0.5,256,256,13,True,TRUE,3,True,TRUE
B1,Q1,0.5,256,256,14,True,TRUE,12,True,TRUE
B1,Q1,0.5,256,256,16,True,TRUE,6,True,TRUE
B1,Q1,0.5,256,256,17,True,TRUE,6,True,TRUE
B1,Q1,0.5,256,256,20,True,TRUE,3,True,TRUE
B1,Q1,0.5,256,256,22,True,TRUE,3,True,TRUE
B1,Q1,0.5,256,256,24,True,TRUE,9,True,TRUE
B1,Q1,0.5,256,256,25,True,TRUE,9,True,TRUE
B1,Q1,0.5,256,256,30,True,TRUE,9,True,TRUE
B1,Q1,0.5,256,256,33,True,TRUE,3,True,TRUE
B1,Q1,0.5,256,256,34,True,TRUE,6,True,TRUE
B1,Q1,0.5,256,256,36,True,TRUE,6,True,TRUE
B1,Q1,0.5,256,256,38,True,TRUE,12,True,TRUE
B1,Q1,0.5,256,256,44,True,TRUE,6,True,TRUE
B1,Q1,0.5,256,256,50,True,TRUE,3,True,TRUE
B1,Q1,0.5,256,256,52,True,TRUE,3,True,TRUE
B1,Q1,0.5,256,256,55,True,TRUE,3,True,TRUE
B1,Q1,0.5,256,256,56,True,TRUE,6,True,TRUE
B1,Q1,0.5,256,256,57,True,TRUE,6,True,TRUE
B1,Q1,0.5,256,256,59,True,TRUE,6,True,TRUE
B1,Q1,0.5,256,256,61,True,TRUE,12,True,TRUE
B1,Q1,0.5,256,256,63,True,TRUE,6,True,TRUE
B1,Q1,0.5,256,256,66,True,TRUE,12,True,TRUE
B1,Q1,0.5,256,256,68,True,TRUE,3,True,TRUE
B1,Q1,0.5,256,256,69,True,TRUE,6,True,TRUE
B1,Q1,0.5,256,256,74,True,TRUE,6,True,TRUE
B1,Q1,0.5,256,256,76,True,TRUE,3,True,TRUE
B1,Q1,0.5,256,256,85,True,TRUE,6,True,TRUE
B1,Q1,0.5,256,256,87,True,TRUE,3,True,TRUE
B1,Q1,0.5,256,256,89,True,TRUE,3,True,TRUE
B1,Q1,0.5,256,256,90,True,TRUE,6,True,TRUE
B1,Q1,0.5,256,256,91,True,TRUE,6,True,TRUE
B1,Q1,0.5,256,256,103,True,TRUE,6,True,TRUE
B1,Q1,0.5,256,256,104,True,TRUE,3,True,TRUE
B1,Q1,0.5,256,256,106,True,TRUE,6,True,TRUE
B1,Q1,0.5,256,256,107,True,TRUE,6,True,TRUE
B1,Q1,0.5,256,256,108,True,TRUE,6,True,TRUE
B1,Q1,0.5,256,256,109,True,TRUE,3,True,TRUE
B1,Q1,0.5,256,256,113,True,TRUE,3,True,TRUE
B1,Q1,0.5,256,256,121,True,TRUE,6,True,TRUE
B1,Q1,0.5,256,256,132,True,TRUE,6,True,TRUE
B1,Q1,0.5,256,256,134,True,TRUE,9,True,TRUE
B1,Q1,0.5,256,256,141,True,TRUE,3,True,TRUE
B1,Q1,0.5,256,256,144,True,TRUE,3,True,TRUE
B1,Q1,0.5,256,256,146,True,TRUE,3,True,TRUE
B1,Q1,0.5,256,256,150,True,TRUE,6,True,TRUE
B1,Q1,0.5,256,256,180,True,TRUE,3,True,TRUE
B1,Q1,0.5,256,256,184,True,TRUE,6,True,TRUE
B1,Q1,0.5,256,256,187,True,TRUE,3,True,TRUE
B1,Q1,0.5,256,256,188,True,TRUE,6,True,TRUE
B1,Q1,0.5,256,256,195,True,TRUE,6,True,TRUE
B1,Q1,0.5,256,256,197,True,TRUE,6,True,TRUE
B1,Q1,0.5,256,256,207,True,TRUE,12,True,TRUE
B1,Q1,0.5,256,256,214,True,TRUE,6,True,TRUE
B1,Q1,0.5,256,256,219,True,TRUE,6,True,TRUE
B1,Q1,0.5,256,256,221,True,TRUE,9,True,TRUE
B1,Q1,0.5,256,256,226,True,TRUE,6,True,TRUE
B1,Q1,0.5,256,256,229,True,TRUE,6,True,TRUE
B1,Q1,0.5,256,256,230,True,TRUE,3,True,TRUE
B1,Q1,0.5,256,256,232,True,TRUE,6,True,TRUE
B1,Q1,0.5,256,256,233,True,TRUE,3,True,TRUE
B1,Q1,0.5,256,256,234,True,TRUE,3,True,TRUE
B1,Q1,0.5,256,256,235,True,TRUE,3,True,TRUE
B1,Q1,0.5,256,256,236,True,TRUE,6,True,TRUE
B1,Q1,0.5,256,256,239,True,TRUE,3,True,TRUE
B1,Q1,0.5,256,256,241,True,TRUE,12,True,TRUE
B1,Q1,0.5,256,256,244,True,TRUE,3,True,TRUE
B1,Q1,0.5,256,256,245,True,TRUE,6,True,TRUE
B1,Q1,0.5,256,256,246,True,TRUE,3,True,TRUE
B1,Q1,0.5,256,256,248,True,TRUE,3,True,TRUE
B1,Q1,0.5,256,256,249,True,TRUE,6,True,TRUE
B1,Q1,0.5,256,256,252,True,TRUE,6,True,TRUE
B1,Q1,0.5,256,256,253,True,TRUE,21,True,TRUE
B1,Q1,0.5,256,256,254,True,TRUE,3,True,TRUE
B1,Q1,0.5,256,256,255,True,TRUE,21,True,TRUE
B1,Q1,0.5,256,256,256,True,TRUE,31368,True,TRUE
B1,Q2,0.5,256,0,0,False,FALSE,43632,False,FALSE
B1,Q2,0.5,256,0,0,True,FALSE,50616,False,FALSE
B1,Q2,0.5,256,1,0,True,FALSE,141,False,FALSE
B1,Q2,0.5,256,1,1,True,FALSE,105,False,FALSE
B1,Q2,0.5,256,2,0,True,FALSE,81,False,FALSE
B1,Q2,0.5,256,2,2,True,FALSE,69,False,FALSE
B1,Q2,0.5,256,3,0,True,FALSE,66,False,FALSE
B1,Q2,0.5,256,3,3,True,FALSE,66,False,FALSE
B1,Q2,0.5,256,4,0,True,FALSE,57,False,FALSE
B1,Q2,0.5,256,4,4,True,FALSE,45,False,FALSE
B1,Q2,0.5,256,5,0,True,FALSE,54,False,FALSE
B1,Q2,0.5,256,5,5,True,FALSE,54,False,FALSE
B1,Q2,0.5,256,6,0,True,FALSE,30,False,FALSE
B1,Q2,0.5,256,6,6,True,FALSE,30,False,FALSE
B1,Q2,0.5,256,7,0,True,FALSE,15,False,FALSE
B1,Q2,0.5,256,7,7,True,FALSE,15,False,FALSE
B1,Q2,0.5,256,8,0,True,FALSE,18,False,FALSE
B1,Q2,0.5,256,8,8,True,FALSE,18,False,FALSE
B1,Q2,0.5,256,9,0,True,FALSE,9,False,FALSE
B1,Q2,0.5,256,9,9,True,FALSE,9,False,FALSE
B1,Q2,0.5,256,10,0,True,FALSE,21,False,FALSE
B1,Q2,0.5,256,10,10,True,FALSE,15,False,FALSE
B1,Q2,0.5,256,11,0,True,FALSE,3,False,FALSE
B1,Q2,0.5,256,11,11,True,FALSE,3,False,FALSE
B1,Q2,0.5,256,12,0,True,FALSE,24,False,FALSE
B1,Q2,0.5,256,12,12,True,FALSE,12,False,FALSE
B1,Q2,0.5,256,13,0,True,FALSE,33,False,FALSE
B1,Q2,0.5,256,13,13,True,FALSE,21,False,FALSE
B1,Q2,0.5,256,14,0,True,FALSE,6,False,FALSE
B1,Q2,0.5,256,14,1,True,FALSE,3,False,FALSE
B1,Q2,0.5,256,14,14,True,FALSE,3,False,FALSE
B1,Q2,0.5,256,15,0,True,FALSE,21,False,FALSE
B1,Q2,0.5,256,15,14,True,FALSE,6,False,FALSE
B1,Q2,0.5,256,15,15,True,FALSE,15,False,FALSE
B1,Q2,0.5,256,16,0,True,FALSE,12,False,FALSE
B1,Q2,0.5,256,16,16,True,FALSE,12,False,FALSE
B1,Q2,0.5,256,17,0,True,FALSE,12,False,FALSE
B1,Q2,0.5,256,17,17,True,FALSE,12,False,FALSE
B1,Q2,0.5,256,18,0,True,FALSE,12,False,FALSE
B1,Q2,0.5,256,18,18,True,FALSE,12,False,FALSE
B1,Q2,0.5,256,19,0,True,FALSE,12,False,FALSE
B1,Q2,0.5,256,19,19,True,FALSE,6,False,FALSE
B1,Q2,0.5,256,20,0,True,FALSE,12,False,FALSE
B1,Q2,0.5,256,20,17,True,FALSE,6,False,FALSE
B1,Q2,0.5,256,20,20,True,FALSE,6,False,FALSE
B1,Q2,0.5,256,21,0,True,FALSE,6,False,FALSE
B1,Q2,0.5,256,21,21,True,FALSE,6,False,FALSE
B1,Q2,0.5,256,22,0,True,FALSE,12,False,FALSE
B1,Q2,0.5,256,22,22,True,FALSE,12,False,FALSE
B1,Q2,0.5,256,23,0,True,FALSE,9,False,FALSE
B1,Q2,0.5,256,23,23,True,FALSE,9,False,FALSE
B1,Q2,0.5,256,24,0,True,FALSE,6,False,FALSE
B1,Q2,0.5,256,24,24,True,FALSE,6,False,FALSE
B1,Q2,0.5,256,25,0,True,FALSE,12,False,FALSE
B1,Q2,0.5,256,25,25,True,FALSE,12,False,FALSE
B1,Q2,0.5,256,26,0,True,FALSE,6,False,FALSE
B1,Q2,0.5,256,26,26,True,FALSE,6,False,FALSE
B1,Q2,0.5,256,27,0,True,FALSE,12,False,FALSE
B1,Q2,0.5,256,27,27,True,FALSE,12,False,FALSE
B1,Q2,0.5,256,29,0,True,FALSE,9,False,FALSE
B1,Q2,0.5,256,29,29,True,FALSE,3,False,FALSE
B1,Q2,0.5,256,30,0,True,FALSE,12,False,FALSE
B1,Q2,0.5,256,30,30,True,FALSE,12,False,FALSE
B1,Q2,0.5,256,32,0,True,FALSE,9,False,FALSE
B1,Q2,0.5,256,32,32,True,FALSE,9,False,FALSE
B1,Q2,0.5,256,33,0,True,FALSE,12,False,FALSE
B1,Q2,0.5,256,33,33,True,FALSE,12,False,FALSE
B1,Q2,0.5,256,34,0,True,FALSE,6,False,FALSE
B1,Q2,0.5,256,34,34,True,FALSE,6,False,FALSE
B1,Q2,0.5,256,35,0,True,FALSE,6,False,FALSE
B1,Q2,0.5,256,36,0,True,FALSE,9,False,FALSE
B1,Q2,0.5,256,36,4,True,FALSE,3,False,FALSE
B1,Q2,0.5,256,36,36,True,FALSE,6,False,FALSE
B1,Q2,0.5,256,37,0,True,FALSE,12,False,FALSE
B1,Q2,0.5,256,37,37,True,FALSE,12,False,FALSE
B1,Q2,0.5,256,38,0,True,FALSE,12,False,FALSE
B1,Q2,0.5,256,38,38,True,FALSE,12,False,FALSE
B1,Q2,0.5,256,40,0,True,FALSE,12,False,FALSE
B1,Q2,0.5,256,40,40,True,FALSE,12,False,FALSE
B1,Q2,0.5,256,41,0,True,FALSE,6,False,FALSE
B1,Q2,0.5,256,41,41,True,FALSE,6,False,FALSE
B1,Q2,0.5,256,42,0,True,FALSE,9,False,FALSE
B1,Q2,0.5,256,42,42,True,FALSE,9,False,FALSE
B1,Q2,0.5,256,43,0,True,FALSE,3,False,FALSE
B1,Q2,0.5,256,43,6,True,FALSE,3,False,FALSE
B1,Q2,0.5,256,45,0,True,FALSE,24,False,FALSE
B1,Q2,0.5,256,45,45,True,FALSE,24,False,FALSE
B1,Q2,0.5,256,46,0,True,FALSE,12,False,FALSE
B1,Q2,0.5,256,46,46,True,FALSE,12,False,FALSE
B1,Q2,0.5,256,47,0,True,FALSE,18,False,FALSE
B1,Q2,0.5,256,47,47,True,FALSE,18,False,FALSE
B1,Q2,0.5,256,48,0,True,FALSE,18,False,FALSE
B1,Q2,0.5,256,48,48,True,FALSE,18,False,FALSE
B1,Q2,0.5,256,50,0,True,FALSE,9,False,FALSE
B1,Q2,0.5,256,50,3,True,FALSE,3,False,FALSE
B1,Q2,0.5,256,50,50,True,FALSE,6,False,FALSE
B1,Q2,0.5,256,51,0,True,FALSE,12,False,FALSE
B1,Q2,0.5,256,51,51,True,FALSE,12,False,FALSE
B1,Q2,0.5,256,52,0,True,FALSE,6,False,FALSE
B1,Q2,0.5,256,52,52,True,FALSE,6,False,FALSE
B1,Q2,0.5,256,53,0,True,FALSE,12,False,FALSE
B1,Q2,0.5,256,53,53,True,FALSE,12,False,FALSE
B1,Q2,0.5,256,54,0,True,FALSE,18,False,FALSE
B1,Q2,0.5,256,54,54,True,FALSE,18,False,FALSE
B1,Q2,0.5,256,55,0,True,FALSE,6,False,FALSE
B1,Q2,0.5,256,55,55,True,FALSE,6,False,FALSE
B1,Q2,0.5,256,56,0,True,FALSE,6,False,FALSE
B1,Q2,0.5,256,56,56,True,FALSE,6,False,FALSE
B1,Q2,0.5,256,58,0,True,FALSE,18,False,FALSE
B1,Q2,0.5,256,58,58,True,FALSE,18,False,FALSE
B1,Q2,0.5,256,59,0,True,FALSE,6,False,FALSE
B1,Q2,0.5,256,59,59,True,FALSE,6,False,FALSE
B1,Q2,0.5,256,62,0,True,FALSE,6,False,FALSE
B1,Q2,0.5,256,62,62,True,FALSE,6,False,FALSE
B1,Q2,0.5,256,66,0,True,FALSE,12,False,FALSE
B1,Q2,0.5,256,66,66,True,FALSE,12,False,FALSE
B1,Q2,0.5,256,70,0,True,FALSE,18,False,FALSE
B1,Q2,0.5,256,70,70,True,FALSE,18,False,FALSE
B1,Q2,0.5,256,73,0,True,FALSE,12,False,FALSE
B1,Q2,0.5,256,73,73,True,FALSE,12,False,FALSE
B1,Q2,0.5,256,74,0,True,FALSE,6,False,FALSE
B1,Q2,0.5,256,74,74,True,FALSE,6,False,FALSE
B1,Q2,0.5,256,76,0,True,FALSE,8,False,FALSE
B1,Q2,0.5,256,76,76,True,FALSE,8,False,FALSE
B1,Q2,0.5,256,77,0,True,FALSE,10,False,FALSE
B1,Q2,0.5,256,77,77,True,FALSE,10,False,FALSE
B1,Q2,0.5,256,78,0,True,FALSE,6,False,FALSE
B1,Q2,0.5,256,78,78,True,FALSE,6,False,FALSE
B1,Q2,0.5,256,80,0,True,FALSE,18,False,FALSE
B1,Q2,0.5,256,80,80,True,FALSE,18,False,FALSE
B1,Q2,0.5,256,81,0,True,FALSE,6,False,FALSE
B1,Q2,0.5,256,81,81,True,FALSE,6,False,FALSE
B1,Q2,0.5,256,82,0,True,FALSE,6,False,FALSE
B1,Q2,0.5,256,82,82,True,FALSE,6,False,FALSE
B1,Q2,0.5,256,83,0,True,FALSE,6,False,FALSE
B1,Q2,0.5,256,83,83,True,FALSE,6,False,FALSE
B1,Q2,0.5,256,85,0,True,FALSE,6,False,FALSE
B1,Q2,0.5,256,85,85,True,FALSE,6,False,FALSE
B1,Q2,0.5,256,87,0,True,FALSE,3,False,FALSE
B1,Q2,0.5,256,87,87,True,FALSE,3,False,FALSE
B1,Q2,0.5,256,96,0,True,FALSE,12,False,FALSE
B1,Q2,0.5,256,96,96,True,FALSE,12,False,FALSE
B1,Q2,0.5,256,97,0,True,FALSE,6,False,FALSE
B1,Q2,0.5,256,97,97,True,FALSE,6,False,FALSE
B1,Q2,0.5,256,98,0,True,FALSE,14,False,FALSE
B1,Q2,0.5,256,98,98,True,FALSE,14,False,FALSE
B1,Q2,0.5,256,99,0,True,FALSE,10,False,FALSE
B1,Q2,0.5,256,99,99,True,FALSE,10,False,FALSE
B1,Q2,0.5,256,106,0,True,FALSE,6,False,FALSE
B1,Q2,0.5,256,106,106,True,FALSE,6,False,FALSE
B1,Q2,0.5,256,110,0,True,FALSE,6,False,FALSE
B1,Q2,0.5,256,110,110,True,FALSE,6,False,FALSE
B1,Q2,0.5,256,111,0,True,FALSE,6,False,FALSE
B1,Q2,0.5,256,111,111,True,MC_UNRESOLVED,6,False,MC_UNRESOLVED
B1,Q2,0.5,256,112,0,True,FALSE,15,False,FALSE
B1,Q2,0.5,256,112,112,True,MC_UNRESOLVED,15,False,MC_UNRESOLVED
B1,Q2,0.5,256,113,0,True,FALSE,12,False,FALSE
B1,Q2,0.5,256,113,113,True,MC_UNRESOLVED,12,False,MC_UNRESOLVED
B1,Q2,0.5,256,114,0,True,FALSE,6,False,FALSE
B1,Q2,0.5,256,114,114,True,MC_UNRESOLVED,6,False,MC_UNRESOLVED
B1,Q2,0.5,256,115,0,True,FALSE,12,False,FALSE
B1,Q2,0.5,256,115,115,True,MC_UNRESOLVED,12,False,MC_UNRESOLVED
B1,Q2,0.5,256,116,0,True,FALSE,12,False,FALSE
B1,Q2,0.5,256,116,116,True,MC_UNRESOLVED,12,False,MC_UNRESOLVED
B1,Q2,0.5,256,120,0,True,FALSE,9,False,FALSE
B1,Q2,0.5,256,120,68,True,FALSE,3,False,FALSE
B1,Q2,0.5,256,120,120,True,MC_UNRESOLVED,6,False,MC_UNRESOLVED
B1,Q2,0.5,256,122,0,True,FALSE,12,False,FALSE
B1,Q2,0.5,256,122,122,True,MC_UNRESOLVED,12,False,MC_UNRESOLVED
B1,Q2,0.5,256,125,0,True,FALSE,6,False,FALSE
B1,Q2,0.5,256,125,125,True,MC_UNRESOLVED,6,False,MC_UNRESOLVED
B1,Q2,0.5,256,126,0,True,FALSE,12,False,FALSE
B1,Q2,0.5,256,126,126,True,MC_UNRESOLVED,12,False,MC_UNRESOLVED
B1,Q2,0.5,256,127,0,True,FALSE,3,False,FALSE
B1,Q2,0.5,256,127,83,True,FALSE,3,False,FALSE
B1,Q2,0.5,256,131,0,True,FALSE,6,False,FALSE
B1,Q2,0.5,256,131,131,True,MC_UNRESOLVED,6,True,MC_UNRESOLVED
B1,Q2,0.5,256,133,0,True,FALSE,9,False,FALSE
B1,Q2,0.5,256,133,133,True,MC_UNRESOLVED,9,True,MC_UNRESOLVED
B1,Q2,0.5,256,136,0,True,FALSE,6,False,FALSE
B1,Q2,0.5,256,136,136,True,MC_UNRESOLVED,6,True,MC_UNRESOLVED
B1,Q2,0.5,256,138,0,True,FALSE,9,False,FALSE
B1,Q2,0.5,256,138,138,True,MC_UNRESOLVED,9,True,MC_UNRESOLVED
B1,Q2,0.5,256,139,0,True,FALSE,12,False,FALSE
B1,Q2,0.5,256,139,139,True,MC_UNRESOLVED,12,True,MC_UNRESOLVED
B1,Q2,0.5,256,141,0,True,FALSE,6,False,FALSE
B1,Q2,0.5,256,141,141,True,MC_UNRESOLVED,6,True,MC_UNRESOLVED
B1,Q2,0.5,256,142,0,True,FALSE,9,False,FALSE
B1,Q2,0.5,256,142,141,True,MC_UNRESOLVED,3,True,MC_UNRESOLVED
B1,Q2,0.5,256,142,142,True,MC_UNRESOLVED,6,True,MC_UNRESOLVED
B1,Q2,0.5,256,143,0,True,FALSE,6,False,FALSE
B1,Q2,0.5,256,143,143,True,MC_UNRESOLVED,6,True,MC_UNRESOLVED
B1,Q2,0.5,256,146,0,True,FALSE,6,False,FALSE
B1,Q2,0.5,256,146,146,True,TRUE,6,True,TRUE
B1,Q2,0.5,256,148,0,True,FALSE,3,False,FALSE
B1,Q2,0.5,256,148,146,True,TRUE,3,True,TRUE
B1,Q2,0.5,256,149,0,True,FALSE,6,False,FALSE
B1,Q2,0.5,256,149,149,True,TRUE,6,True,TRUE
B1,Q2,0.5,256,150,0,True,FALSE,6,False,FALSE
B1,Q2,0.5,256,150,150,True,TRUE,6,True,TRUE
B1,Q2,0.5,256,151,0,True,FALSE,6,False,FALSE
B1,Q2,0.5,256,151,151,True,TRUE,6,True,TRUE
B1,Q2,0.5,256,152,0,True,FALSE,6,False,FALSE
B1,Q2,0.5,256,152,152,True,TRUE,6,True,TRUE
B1,Q2,0.5,256,164,0,True,FALSE,6,False,FALSE
B1,Q2,0.5,256,164,164,True,TRUE,6,True,TRUE
B1,Q2,0.5,256,169,0,True,FALSE,6,False,FALSE
B1,Q2,0.5,256,169,169,True,TRUE,6,True,TRUE
B1,Q2,0.5,256,170,0,True,FALSE,18,False,FALSE
B1,Q2,0.5,256,170,170,True,TRUE,18,True,TRUE
B1,Q2,0.5,256,171,0,True,FALSE,6,False,FALSE
B1,Q2,0.5,256,171,171,True,TRUE,6,True,TRUE
B1,Q2,0.5,256,172,0,True,FALSE,12,False,FALSE
B1,Q2,0.5,256,172,172,True,TRUE,12,True,TRUE
B1,Q2,0.5,256,173,0,True,FALSE,3,False,FALSE
B1,Q2,0.5,256,173,63,True,FALSE,3,False,FALSE
B1,Q2,0.5,256,174,0,True,FALSE,9,False,FALSE
B1,Q2,0.5,256,174,68,True,FALSE,3,False,FALSE
B1,Q2,0.5,256,174,174,True,TRUE,6,True,TRUE
B1,Q2,0.5,256,175,0,True,FALSE,6,False,FALSE
B1,Q2,0.5,256,175,175,True,TRUE,6,True,TRUE
B1,Q2,0.5,256,177,0,True,FALSE,6,False,FALSE
B1,Q2,0.5,256,177,177,True,TRUE,6,True,TRUE
B1,Q2,0.5,256,180,0,True,FALSE,6,False,FALSE
B1,Q2,0.5,256,180,180,True,TRUE,6,True,TRUE
B1,Q2,0.5,256,182,0,True,FALSE,6,False,FALSE
B1,Q2,0.5,256,182,182,True,TRUE,6,True,TRUE
B1,Q2,0.5,256,183,0,True,FALSE,6,False,FALSE
B1,Q2,0.5,256,183,183,True,TRUE,6,True,TRUE
B1,Q2,0.5,256,184,0,True,FALSE,6,False,FALSE
B1,Q2,0.5,256,184,184,True,TRUE,6,True,TRUE
B1,Q2,0.5,256,185,0,True,FALSE,6,False,FALSE
B1,Q2,0.5,256,185,185,True,TRUE,6,True,TRUE
B1,Q2,0.5,256,187,0,True,FALSE,3,False,FALSE
B1,Q2,0.5,256,187,187,True,TRUE,3,True,TRUE
B1,Q2,0.5,256,188,0,True,FALSE,3,False,FALSE
B1,Q2,0.5,256,188,188,True,TRUE,3,True,TRUE
B1,Q2,0.5,256,190,0,True,FALSE,12,False,FALSE
B1,Q2,0.5,256,190,190,True,TRUE,12,True,TRUE
B1,Q2,0.5,256,193,0,True,FALSE,9,False,FALSE
B1,Q2,0.5,256,193,193,True,TRUE,9,True,TRUE
B1,Q2,0.5,256,194,0,True,FALSE,6,False,FALSE
B1,Q2,0.5,256,194,194,True,TRUE,6,True,TRUE
B1,Q2,0.5,256,198,0,True,FALSE,3,False,FALSE
B1,Q2,0.5,256,198,198,True,TRUE,3,True,TRUE
B1,Q2,0.5,256,200,0,True,FALSE,6,False,FALSE
B1,Q2,0.5,256,200,200,True,TRUE,6,True,TRUE
B1,Q2,0.5,256,202,0,True,FALSE,6,False,FALSE
B1,Q2,0.5,256,202,202,True,TRUE,6,True,TRUE
B1,Q2,0.5,256,206,0,True,FALSE,6,False,FALSE
B1,Q2,0.5,256,206,206,True,TRUE,6,True,TRUE
B1,Q2,0.5,256,213,0,True,FALSE,6,False,FALSE
B1,Q2,0.5,256,213,213,True,TRUE,6,True,TRUE
B1,Q2,0.5,256,215,0,True,FALSE,6,False,FALSE
B1,Q2,0.5,256,215,215,True,TRUE,6,True,TRUE
B1,Q2,0.5,256,216,0,True,FALSE,6,False,FALSE
B1,Q2,0.5,256,218,0,True,FALSE,6,False,FALSE
B1,Q2,0.5,256,218,218,True,TRUE,6,True,TRUE
B1,Q2,0.5,256,220,0,True,FALSE,6,False,FALSE
B1,Q2,0.5,256,220,220,True,TRUE,6,True,TRUE
B1,Q2,0.5,256,221,0,True,FALSE,6,False,FALSE
B1,Q2,0.5,256,221,221,True,TRUE,6,True,TRUE
B1,Q2,0.5,256,222,0,True,FALSE,12,False,FALSE
B1,Q2,0.5,256,222,222,True,TRUE,12,True,TRUE
B1,Q2,0.5,256,223,0,True,FALSE,6,False,FALSE
B1,Q2,0.5,256,223,223,True,TRUE,6,True,TRUE
B1,Q2,0.5,256,224,0,True,FALSE,6,False,FALSE
B1,Q2,0.5,256,224,224,True,TRUE,6,True,TRUE
B1,Q2,0.5,256,225,0,True,FALSE,6,False,FALSE
B1,Q2,0.5,256,225,74,True,FALSE,6,False,FALSE
B1,Q2,0.5,256,226,0,True,FALSE,6,False,FALSE
B1,Q2,0.5,256,226,226,True,TRUE,6,True,TRUE
B1,Q2,0.5,256,227,0,True,FALSE,12,False,FALSE
B1,Q2,0.5,256,227,227,True,TRUE,12,True,TRUE
B1,Q2,0.5,256,228,0,True,FALSE,9,False,FALSE
B1,Q2,0.5,256,228,85,True,FALSE,6,False,FALSE
B1,Q2,0.5,256,228,228,True,TRUE,3,True,TRUE
B1,Q2,0.5,256,230,0,True,FALSE,6,False,FALSE
B1,Q2,0.5,256,230,230,True,TRUE,6,True,TRUE
B1,Q2,0.5,256,232,0,True,FALSE,6,False,FALSE
B1,Q2,0.5,256,232,232,True,TRUE,6,True,TRUE
B1,Q2,0.5,256,233,0,True,FALSE,6,False,FALSE
B1,Q2,0.5,256,233,233,True,TRUE,6,True,TRUE
B1,Q2,0.5,256,234,0,True,FALSE,12,False,FALSE
B1,Q2,0.5,256,234,234,True,TRUE,12,True,TRUE
B1,Q2,0.5,256,235,0,True,FALSE,6,False,FALSE
B1,Q2,0.5,256,235,234,True,TRUE,3,True,TRUE
B1,Q2,0.5,256,235,235,True,TRUE,3,True,TRUE
B1,Q2,0.5,256,236,0,True,FALSE,6,False,FALSE
B1,Q2,0.5,256,236,236,True,TRUE,6,True,TRUE
B1,Q2,0.5,256,237,0,True,FALSE,6,False,FALSE
B1,Q2,0.5,256,237,237,True,TRUE,6,True,TRUE
B1,Q2,0.5,256,238,0,True,FALSE,12,False,FALSE
B1,Q2,0.5,256,238,238,True,TRUE,12,True,TRUE
B1,Q2,0.5,256,240,0,True,FALSE,6,False,FALSE
B1,Q2,0.5,256,241,0,True,FALSE,3,False,FALSE
B1,Q2,0.5,256,241,239,True,TRUE,3,True,TRUE
B1,Q2,0.5,256,242,0,True,FALSE,6,False,FALSE
B1,Q2,0.5,256,242,242,True,TRUE,6,True,TRUE
B1,Q2,0.5,256,244,0,True,FALSE,6,False,FALSE
B1,Q2,0.5,256,244,244,True,TRUE,6,True,TRUE
B1,Q2,0.5,256,245,0,True,FALSE,6,False,FALSE
B1,Q2,0.5,256,245,245,True,TRUE,6,True,TRUE
B1,Q2,0.5,256,246,0,True,FALSE,15,False,FALSE
B1,Q2,0.5,256,246,246,True,TRUE,15,True,TRUE
B1,Q2,0.5,256,247,0,True,FALSE,6,False,FALSE
B1,Q2,0.5,256,247,247,True,TRUE,6,True,TRUE
B1,Q2,0.5,256,248,0,True,FALSE,12,False,FALSE
B1,Q2,0.5,256,248,248,True,TRUE,12,True,TRUE
B1,Q2,0.5,256,249,0,True,FALSE,9,False,FALSE
B1,Q2,0.5,256,249,249,True,TRUE,9,True,TRUE
B1,Q2,0.5,256,251,0,True,FALSE,9,False,FALSE
B1,Q2,0.5,256,251,107,True,FALSE,6,False,FALSE
B1,Q2,0.5,256,251,251,True,TRUE,3,True,TRUE
B1,Q2,0.5,256,253,0,True,FALSE,24,False,FALSE
B1,Q2,0.5,256,253,106,True,FALSE,6,False,FALSE
B1,Q2,0.5,256,253,253,True,TRUE,12,True,TRUE
B1,Q2,0.5,256,254,0,True,FALSE,12,False,FALSE
B1,Q2,0.5,256,254,254,True,TRUE,12,True,TRUE
B1,Q2,0.5,256,255,0,True,FALSE,33,False,FALSE
B1,Q2,0.5,256,255,255,True,TRUE,33,True,TRUE
B1,Q2,0.5,256,256,0,True,FALSE,36216,False,FALSE
B1,Q2,0.5,256,256,1,True,FALSE,18,False,FALSE
B1,Q2,0.5,256,256,2,True,FALSE,18,False,FALSE
B1,Q2,0.5,256,256,3,True,FALSE,9,False,FALSE
B1,Q2,0.5,256,256,4,True,FALSE,9,False,FALSE
B1,Q2,0.5,256,256,5,True,FALSE,12,False,FALSE
B1,Q2,0.5,256,256,7,True,FALSE,6,False,FALSE
B1,Q2,0.5,256,256,8,True,FALSE,6,False,FALSE
B1,Q2,0.5,256,256,9,True,FALSE,6,False,FALSE
B1,Q2,0.5,256,256,10,True,FALSE,6,False,FALSE
B1,Q2,0.5,256,256,11,True,FALSE,9,False,FALSE
B1,Q2,0.5,256,256,13,True,FALSE,3,False,FALSE
B1,Q2,0.5,256,256,14,True,FALSE,12,False,FALSE
B1,Q2,0.5,256,256,16,True,FALSE,6,False,FALSE
B1,Q2,0.5,256,256,17,True,FALSE,6,False,FALSE
B1,Q2,0.5,256,256,20,True,FALSE,3,False,FALSE
B1,Q2,0.5,256,256,22,True,FALSE,3,False,FALSE
B1,Q2,0.5,256,256,24,True,FALSE,9,False,FALSE
B1,Q2,0.5,256,256,25,True,FALSE,9,False,FALSE
B1,Q2,0.5,256,256,30,True,FALSE,9,False,FALSE
B1,Q2,0.5,256,256,33,True,FALSE,3,False,FALSE
B1,Q2,0.5,256,256,34,True,FALSE,6,False,FALSE
B1,Q2,0.5,256,256,36,True,FALSE,6,False,FALSE
B1,Q2,0.5,256,256,38,True,FALSE,12,False,FALSE
B1,Q2,0.5,256,256,44,True,FALSE,6,False,FALSE
B1,Q2,0.5,256,256,50,True,FALSE,3,False,FALSE
B1,Q2,0.5,256,256,52,True,FALSE,3,False,FALSE
B1,Q2,0.5,256,256,55,True,FALSE,3,False,FALSE
B1,Q2,0.5,256,256,56,True,FALSE,6,False,FALSE
B1,Q2,0.5,256,256,57,True,FALSE,6,False,FALSE
B1,Q2,0.5,256,256,59,True,FALSE,6,False,FALSE
B1,Q2,0.5,256,256,61,True,FALSE,12,False,FALSE
B1,Q2,0.5,256,256,63,True,FALSE,6,False,FALSE
B1,Q2,0.5,256,256,66,True,FALSE,12,False,FALSE
B1,Q2,0.5,256,256,68,True,FALSE,3,False,FALSE
B1,Q2,0.5,256,256,69,True,FALSE,6,False,FALSE
B1,Q2,0.5,256,256,74,True,FALSE,6,False,FALSE
B1,Q2,0.5,256,256,76,True,FALSE,3,False,FALSE
B1,Q2,0.5,256,256,85,True,FALSE,6,False,FALSE
B1,Q2,0.5,256,256,87,True,FALSE,3,False,FALSE
B1,Q2,0.5,256,256,89,True,FALSE,3,False,FALSE
B1,Q2,0.5,256,256,90,True,FALSE,6,False,FALSE
B1,Q2,0.5,256,256,91,True,FALSE,6,False,FALSE
B1,Q2,0.5,256,256,103,True,FALSE,6,False,FALSE
B1,Q2,0.5,256,256,104,True,FALSE,3,False,FALSE
B1,Q2,0.5,256,256,106,True,FALSE,6,False,FALSE
B1,Q2,0.5,256,256,107,True,FALSE,6,False,FALSE
B1,Q2,0.5,256,256,108,True,FALSE,6,False,FALSE
B1,Q2,0.5,256,256,109,True,FALSE,3,False,FALSE
B1,Q2,0.5,256,256,113,True,MC_UNRESOLVED,3,False,MC_UNRESOLVED
B1,Q2,0.5,256,256,121,True,MC_UNRESOLVED,6,False,MC_UNRESOLVED
B1,Q2,0.5,256,256,132,True,MC_UNRESOLVED,6,True,MC_UNRESOLVED
B1,Q2,0.5,256,256,134,True,MC_UNRESOLVED,9,True,MC_UNRESOLVED
B1,Q2,0.5,256,256,141,True,MC_UNRESOLVED,3,True,MC_UNRESOLVED
B1,Q2,0.5,256,256,144,True,MC_UNRESOLVED,3,True,MC_UNRESOLVED
B1,Q2,0.5,256,256,146,True,TRUE,3,True,TRUE
B1,Q2,0.5,256,256,150,True,TRUE,6,True,TRUE
B1,Q2,0.5,256,256,180,True,TRUE,3,True,TRUE
B1,Q2,0.5,256,256,184,True,TRUE,6,True,TRUE
B1,Q2,0.5,256,256,187,True,TRUE,3,True,TRUE
B1,Q2,0.5,256,256,188,True,TRUE,6,True,TRUE
B1,Q2,0.5,256,256,195,True,TRUE,6,True,TRUE
B1,Q2,0.5,256,256,197,True,TRUE,6,True,TRUE
B1,Q2,0.5,256,256,207,True,TRUE,12,True,TRUE
B1,Q2,0.5,256,256,214,True,TRUE,6,True,TRUE
B1,Q2,0.5,256,256,219,True,TRUE,6,True,TRUE
B1,Q2,0.5,256,256,221,True,TRUE,9,True,TRUE
B1,Q2,0.5,256,256,226,True,TRUE,6,True,TRUE
B1,Q2,0.5,256,256,229,True,TRUE,6,True,TRUE
B1,Q2,0.5,256,256,230,True,TRUE,3,True,TRUE
B1,Q2,0.5,256,256,232,True,TRUE,6,True,TRUE
B1,Q2,0.5,256,256,233,True,TRUE,3,True,TRUE
B1,Q2,0.5,256,256,234,True,TRUE,3,True,TRUE
B1,Q2,0.5,256,256,235,True,TRUE,3,True,TRUE
B1,Q2,0.5,256,256,236,True,TRUE,6,True,TRUE
B1,Q2,0.5,256,256,239,True,TRUE,3,True,TRUE
B1,Q2,0.5,256,256,241,True,TRUE,12,True,TRUE
B1,Q2,0.5,256,256,244,True,TRUE,3,True,TRUE
B1,Q2,0.5,256,256,245,True,TRUE,6,True,TRUE
B1,Q2,0.5,256,256,246,True,TRUE,3,True,TRUE
B1,Q2,0.5,256,256,248,True,TRUE,3,True,TRUE
B1,Q2,0.5,256,256,249,True,TRUE,6,True,TRUE
B1,Q2,0.5,256,256,252,True,TRUE,6,True,TRUE
B1,Q2,0.5,256,256,253,True,TRUE,21,True,TRUE
B1,Q2,0.5,256,256,254,True,TRUE,3,True,TRUE
B1,Q2,0.5,256,256,255,True,TRUE,21,True,TRUE
B1,Q2,0.5,256,256,256,True,TRUE,31368,True,TRUE
B1,Q1,0.75,256,0,0,False,FALSE,21816,False,FALSE
B1,Q1,0.75,256,0,0,True,FALSE,25308,False,FALSE
B1,Q1,0.75,256,1,0,True,FALSE,18,False,FALSE
B1,Q1,0.75,256,1,1,True,FALSE,105,False,FALSE
B1,Q1,0.75,256,2,0,True,FALSE,6,False,FALSE
B1,Q1,0.75,256,2,2,True,FALSE,69,False,FALSE
B1,Q1,0.75,256,3,3,True,FALSE,66,False,FALSE
B1,Q1,0.75,256,4,0,True,FALSE,6,False,FALSE
B1,Q1,0.75,256,4,4,True,FALSE,45,False,FALSE
B1,Q1,0.75,256,5,5,True,FALSE,54,False,FALSE
B1,Q1,0.75,256,6,6,True,FALSE,30,False,FALSE
B1,Q1,0.75,256,7,7,True,FALSE,15,False,FALSE
B1,Q1,0.75,256,8,8,True,FALSE,18,False,FALSE
B1,Q1,0.75,256,9,9,True,FALSE,9,False,FALSE
B1,Q1,0.75,256,10,0,True,FALSE,3,False,FALSE
B1,Q1,0.75,256,10,10,True,FALSE,15,False,FALSE
B1,Q1,0.75,256,11,11,True,FALSE,3,False,FALSE
B1,Q1,0.75,256,12,0,True,FALSE,6,False,FALSE
B1,Q1,0.75,256,12,12,True,FALSE,12,False,FALSE
B1,Q1,0.75,256,13,0,True,FALSE,6,False,FALSE
B1,Q1,0.75,256,13,13,True,FALSE,21,False,FALSE
B1,Q1,0.75,256,14,1,True,FALSE,3,False,FALSE
B1,Q1,0.75,256,14,14,True,FALSE,3,False,FALSE
B1,Q1,0.75,256,15,14,True,FALSE,6,False,FALSE
B1,Q1,0.75,256,15,15,True,FALSE,15,False,FALSE
B1,Q1,0.75,256,16,16,True,FALSE,12,False,FALSE
B1,Q1,0.75,256,17,17,True,FALSE,12,False,FALSE
B1,Q1,0.75,256,18,18,True,FALSE,12,False,FALSE
B1,Q1,0.75,256,19,0,True,FALSE,3,False,FALSE
B1,Q1,0.75,256,19,19,True,FALSE,6,False,FALSE
B1,Q1,0.75,256,20,17,True,FALSE,6,False,FALSE
B1,Q1,0.75,256,20,20,True,FALSE,6,False,FALSE
B1,Q1,0.75,256,21,21,True,FALSE,6,False,FALSE
B1,Q1,0.75,256,22,22,True,FALSE,12,False,FALSE
B1,Q1,0.75,256,23,23,True,FALSE,9,False,FALSE
B1,Q1,0.75,256,24,24,True,FALSE,6,False,FALSE
B1,Q1,0.75,256,25,25,True,FALSE,12,False,FALSE
B1,Q1,0.75,256,26,26,True,FALSE,6,False,FALSE
B1,Q1,0.75,256,27,27,True,FALSE,12,False,FALSE
B1,Q1,0.75,256,29,0,True,FALSE,3,False,FALSE
B1,Q1,0.75,256,29,29,True,FALSE,3,False,FALSE
B1,Q1,0.75,256,30,30,True,FALSE,12,False,FALSE
B1,Q1,0.75,256,32,32,True,FALSE,9,False,FALSE
B1,Q1,0.75,256,33,33,True,FALSE,12,False,FALSE
B1,Q1,0.75,256,34,34,True,FALSE,6,False,FALSE
B1,Q1,0.75,256,35,0,True,FALSE,3,False,FALSE
B1,Q1,0.75,256,36,4,True,FALSE,3,False,FALSE
B1,Q1,0.75,256,36,36,True,FALSE,6,False,FALSE
B1,Q1,0.75,256,37,37,True,FALSE,12,False,FALSE
B1,Q1,0.75,256,38,38,True,FALSE,12,False,FALSE
B1,Q1,0.75,256,40,40,True,FALSE,12,False,FALSE
B1,Q1,0.75,256,41,41,True,FALSE,6,False,FALSE
B1,Q1,0.75,256,42,42,True,FALSE,9,False,FALSE
B1,Q1,0.75,256,43,6,True,FALSE,3,False,FALSE
B1,Q1,0.75,256,45,45,True,FALSE,24,False,FALSE
B1,Q1,0.75,256,46,46,True,FALSE,12,False,FALSE
B1,Q1,0.75,256,47,47,True,FALSE,18,False,FALSE
B1,Q1,0.75,256,48,48,True,FALSE,18,False,FALSE
B1,Q1,0.75,256,50,3,True,FALSE,3,False,FALSE
B1,Q1,0.75,256,50,50,True,FALSE,6,False,FALSE
B1,Q1,0.75,256,51,51,True,FALSE,12,False,FALSE
B1,Q1,0.75,256,52,52,True,FALSE,6,False,FALSE
B1,Q1,0.75,256,53,53,True,FALSE,12,False,FALSE
B1,Q1,0.75,256,54,54,True,FALSE,18,False,FALSE
B1,Q1,0.75,256,55,55,True,FALSE,6,False,FALSE
B1,Q1,0.75,256,56,56,True,FALSE,6,False,FALSE
B1,Q1,0.75,256,58,58,True,FALSE,18,False,FALSE
B1,Q1,0.75,256,59,59,True,FALSE,6,False,FALSE
B1,Q1,0.75,256,62,62,True,FALSE,6,False,FALSE
B1,Q1,0.75,256,66,66,True,FALSE,12,False,FALSE
B1,Q1,0.75,256,70,70,True,FALSE,18,False,FALSE
B1,Q1,0.75,256,73,73,True,FALSE,12,False,FALSE
B1,Q1,0.75,256,74,74,True,FALSE,6,False,FALSE
B1,Q1,0.75,256,76,76,True,FALSE,8,False,FALSE
B1,Q1,0.75,256,77,77,True,FALSE,10,False,FALSE
B1,Q1,0.75,256,78,78,True,FALSE,6,False,FALSE
B1,Q1,0.75,256,80,80,True,FALSE,18,False,FALSE
B1,Q1,0.75,256,81,81,True,FALSE,6,False,FALSE
B1,Q1,0.75,256,82,82,True,FALSE,6,False,FALSE
B1,Q1,0.75,256,83,83,True,FALSE,6,False,FALSE
B1,Q1,0.75,256,85,85,True,FALSE,6,False,FALSE
B1,Q1,0.75,256,87,87,True,FALSE,3,False,FALSE
B1,Q1,0.75,256,96,96,True,FALSE,12,False,FALSE
B1,Q1,0.75,256,97,97,True,FALSE,6,False,FALSE
B1,Q1,0.75,256,98,98,True,FALSE,14,False,FALSE
B1,Q1,0.75,256,99,99,True,FALSE,10,False,FALSE
B1,Q1,0.75,256,106,106,True,FALSE,6,False,FALSE
B1,Q1,0.75,256,110,110,True,FALSE,6,False,FALSE
B1,Q1,0.75,256,111,111,True,FALSE,6,False,FALSE
B1,Q1,0.75,256,112,112,True,FALSE,15,False,FALSE
B1,Q1,0.75,256,113,113,True,FALSE,12,False,FALSE
B1,Q1,0.75,256,114,114,True,FALSE,6,False,FALSE
B1,Q1,0.75,256,115,115,True,FALSE,12,False,FALSE
B1,Q1,0.75,256,116,116,True,FALSE,12,False,FALSE
B1,Q1,0.75,256,120,68,True,FALSE,3,False,FALSE
B1,Q1,0.75,256,120,120,True,FALSE,6,False,FALSE
B1,Q1,0.75,256,122,122,True,FALSE,12,False,FALSE
B1,Q1,0.75,256,125,125,True,FALSE,6,False,FALSE
B1,Q1,0.75,256,126,126,True,FALSE,12,False,FALSE
B1,Q1,0.75,256,127,83,True,FALSE,3,False,FALSE
B1,Q1,0.75,256,131,131,True,FALSE,6,False,FALSE
B1,Q1,0.75,256,133,133,True,FALSE,9,False,FALSE
B1,Q1,0.75,256,136,136,True,FALSE,6,False,FALSE
B1,Q1,0.75,256,138,138,True,FALSE,9,False,FALSE
B1,Q1,0.75,256,139,139,True,FALSE,12,False,FALSE
B1,Q1,0.75,256,141,141,True,FALSE,6,False,FALSE
B1,Q1,0.75,256,142,141,True,FALSE,3,False,FALSE
B1,Q1,0.75,256,142,142,True,FALSE,6,False,FALSE
B1,Q1,0.75,256,143,143,True,FALSE,6,False,FALSE
B1,Q1,0.75,256,146,146,True,FALSE,6,False,FALSE
B1,Q1,0.75,256,148,146,True,FALSE,3,False,FALSE
B1,Q1,0.75,256,149,149,True,FALSE,6,False,FALSE
B1,Q1,0.75,256,150,150,True,FALSE,6,False,FALSE
B1,Q1,0.75,256,151,151,True,FALSE,6,False,FALSE
B1,Q1,0.75,256,152,152,True,FALSE,6,False,FALSE
B1,Q1,0.75,256,164,164,True,FALSE,6,False,FALSE
B1,Q1,0.75,256,169,169,True,FALSE,6,False,FALSE
B1,Q1,0.75,256,170,170,True,FALSE,18,False,FALSE
B1,Q1,0.75,256,171,171,True,FALSE,6,False,FALSE
B1,Q1,0.75,256,172,172,True,FALSE,12,False,FALSE
B1,Q1,0.75,256,173,63,True,FALSE,3,False,FALSE
B1,Q1,0.75,256,174,68,True,FALSE,3,False,FALSE
B1,Q1,0.75,256,174,174,True,FALSE,6,False,FALSE
B1,Q1,0.75,256,175,175,True,FALSE,6,False,FALSE
B1,Q1,0.75,256,177,177,True,FALSE,6,False,FALSE
B1,Q1,0.75,256,180,180,True,MC_UNRESOLVED,6,False,MC_UNRESOLVED
B1,Q1,0.75,256,182,182,True,MC_UNRESOLVED,6,False,MC_UNRESOLVED
B1,Q1,0.75,256,183,183,True,MC_UNRESOLVED,6,False,MC_UNRESOLVED
B1,Q1,0.75,256,184,184,True,MC_UNRESOLVED,6,False,MC_UNRESOLVED
B1,Q1,0.75,256,185,185,True,MC_UNRESOLVED,6,False,MC_UNRESOLVED
B1,Q1,0.75,256,187,187,True,MC_UNRESOLVED,3,False,MC_UNRESOLVED
B1,Q1,0.75,256,188,188,True,MC_UNRESOLVED,3,False,MC_UNRESOLVED
B1,Q1,0.75,256,190,190,True,MC_UNRESOLVED,12,False,MC_UNRESOLVED
B1,Q1,0.75,256,193,193,True,MC_UNRESOLVED,9,True,MC_UNRESOLVED
B1,Q1,0.75,256,194,194,True,MC_UNRESOLVED,6,True,MC_UNRESOLVED
B1,Q1,0.75,256,198,198,True,MC_UNRESOLVED,3,True,MC_UNRESOLVED
B1,Q1,0.75,256,200,200,True,MC_UNRESOLVED,6,True,MC_UNRESOLVED
B1,Q1,0.75,256,202,202,True,MC_UNRESOLVED,6,True,MC_UNRESOLVED
B1,Q1,0.75,256,206,206,True,TRUE,6,True,TRUE
B1,Q1,0.75,256,213,213,True,TRUE,6,True,TRUE
B1,Q1,0.75,256,215,215,True,TRUE,6,True,TRUE
B1,Q1,0.75,256,216,0,True,TRUE,3,True,TRUE
B1,Q1,0.75,256,218,218,True,TRUE,6,True,TRUE
B1,Q1,0.75,256,220,220,True,TRUE,6,True,TRUE
B1,Q1,0.75,256,221,221,True,TRUE,6,True,TRUE
B1,Q1,0.75,256,222,222,True,TRUE,12,True,TRUE
B1,Q1,0.75,256,223,223,True,TRUE,6,True,TRUE
B1,Q1,0.75,256,224,224,True,TRUE,6,True,TRUE
B1,Q1,0.75,256,225,74,True,TRUE,6,True,TRUE
B1,Q1,0.75,256,226,226,True,TRUE,6,True,TRUE
B1,Q1,0.75,256,227,227,True,TRUE,12,True,TRUE
B1,Q1,0.75,256,228,85,True,TRUE,6,True,TRUE
B1,Q1,0.75,256,228,228,True,TRUE,3,True,TRUE
B1,Q1,0.75,256,230,230,True,TRUE,6,True,TRUE
B1,Q1,0.75,256,232,232,True,TRUE,6,True,TRUE
B1,Q1,0.75,256,233,233,True,TRUE,6,True,TRUE
B1,Q1,0.75,256,234,234,True,TRUE,12,True,TRUE
B1,Q1,0.75,256,235,234,True,TRUE,3,True,TRUE
B1,Q1,0.75,256,235,235,True,TRUE,3,True,TRUE
B1,Q1,0.75,256,236,236,True,TRUE,6,True,TRUE
B1,Q1,0.75,256,237,237,True,TRUE,6,True,TRUE
B1,Q1,0.75,256,238,238,True,TRUE,12,True,TRUE
B1,Q1,0.75,256,240,0,True,TRUE,3,True,TRUE
B1,Q1,0.75,256,241,239,True,TRUE,3,True,TRUE
B1,Q1,0.75,256,242,242,True,TRUE,6,True,TRUE
B1,Q1,0.75,256,244,244,True,TRUE,6,True,TRUE
B1,Q1,0.75,256,245,245,True,TRUE,6,True,TRUE
B1,Q1,0.75,256,246,246,True,TRUE,15,True,TRUE
B1,Q1,0.75,256,247,247,True,TRUE,6,True,TRUE
B1,Q1,0.75,256,248,248,True,TRUE,12,True,TRUE
B1,Q1,0.75,256,249,249,True,TRUE,9,True,TRUE
B1,Q1,0.75,256,251,107,True,TRUE,6,True,TRUE
B1,Q1,0.75,256,251,251,True,TRUE,3,True,TRUE
B1,Q1,0.75,256,253,0,True,TRUE,3,True,TRUE
B1,Q1,0.75,256,253,106,True,TRUE,6,True,TRUE
B1,Q1,0.75,256,253,253,True,TRUE,12,True,TRUE
B1,Q1,0.75,256,254,254,True,TRUE,12,True,TRUE
B1,Q1,0.75,256,255,255,True,TRUE,33,True,TRUE
B1,Q1,0.75,256,256,0,True,TRUE,2151,True,TRUE
B1,Q1,0.75,256,256,1,True,TRUE,18,True,TRUE
B1,Q1,0.75,256,256,2,True,TRUE,18,True,TRUE
B1,Q1,0.75,256,256,3,True,TRUE,9,True,TRUE
B1,Q1,0.75,256,256,4,True,TRUE,9,True,TRUE
B1,Q1,0.75,256,256,5,True,TRUE,12,True,TRUE
B1,Q1,0.75,256,256,7,True,TRUE,6,True,TRUE
B1,Q1,0.75,256,256,8,True,TRUE,6,True,TRUE
B1,Q1,0.75,256,256,9,True,TRUE,6,True,TRUE
B1,Q1,0.75,256,256,10,True,TRUE,6,True,TRUE
B1,Q1,0.75,256,256,11,True,TRUE,9,True,TRUE
B1,Q1,0.75,256,256,13,True,TRUE,3,True,TRUE
B1,Q1,0.75,256,256,14,True,TRUE,12,True,TRUE
B1,Q1,0.75,256,256,16,True,TRUE,6,True,TRUE
B1,Q1,0.75,256,256,17,True,TRUE,6,True,TRUE
B1,Q1,0.75,256,256,20,True,TRUE,3,True,TRUE
B1,Q1,0.75,256,256,22,True,TRUE,3,True,TRUE
B1,Q1,0.75,256,256,24,True,TRUE,9,True,TRUE
B1,Q1,0.75,256,256,25,True,TRUE,9,True,TRUE
B1,Q1,0.75,256,256,30,True,TRUE,9,True,TRUE
B1,Q1,0.75,256,256,33,True,TRUE,3,True,TRUE
B1,Q1,0.75,256,256,34,True,TRUE,6,True,TRUE
B1,Q1,0.75,256,256,36,True,TRUE,6,True,TRUE
B1,Q1,0.75,256,256,38,True,TRUE,12,True,TRUE
B1,Q1,0.75,256,256,44,True,TRUE,6,True,TRUE
B1,Q1,0.75,256,256,50,True,TRUE,3,True,TRUE
B1,Q1,0.75,256,256,52,True,TRUE,3,True,TRUE
B1,Q1,0.75,256,256,55,True,TRUE,3,True,TRUE
B1,Q1,0.75,256,256,56,True,TRUE,6,True,TRUE
B1,Q1,0.75,256,256,57,True,TRUE,6,True,TRUE
B1,Q1,0.75,256,256,59,True,TRUE,6,True,TRUE
B1,Q1,0.75,256,256,61,True,TRUE,12,True,TRUE
B1,Q1,0.75,256,256,63,True,TRUE,6,True,TRUE
B1,Q1,0.75,256,256,66,True,TRUE,12,True,TRUE
B1,Q1,0.75,256,256,68,True,TRUE,3,True,TRUE
B1,Q1,0.75,256,256,69,True,TRUE,6,True,TRUE
B1,Q1,0.75,256,256,74,True,TRUE,6,True,TRUE
B1,Q1,0.75,256,256,76,True,TRUE,3,True,TRUE
B1,Q1,0.75,256,256,85,True,TRUE,6,True,TRUE
B1,Q1,0.75,256,256,87,True,TRUE,3,True,TRUE
B1,Q1,0.75,256,256,89,True,TRUE,3,True,TRUE
B1,Q1,0.75,256,256,90,True,TRUE,6,True,TRUE
B1,Q1,0.75,256,256,91,True,TRUE,6,True,TRUE
B1,Q1,0.75,256,256,103,True,TRUE,6,True,TRUE
B1,Q1,0.75,256,256,104,True,TRUE,3,True,TRUE
B1,Q1,0.75,256,256,106,True,TRUE,6,True,TRUE
B1,Q1,0.75,256,256,107,True,TRUE,6,True,TRUE
B1,Q1,0.75,256,256,108,True,TRUE,6,True,TRUE
B1,Q1,0.75,256,256,109,True,TRUE,3,True,TRUE
B1,Q1,0.75,256,256,113,True,TRUE,3,True,TRUE
B1,Q1,0.75,256,256,121,True,TRUE,6,True,TRUE
B1,Q1,0.75,256,256,132,True,TRUE,6,True,TRUE
B1,Q1,0.75,256,256,134,True,TRUE,9,True,TRUE
B1,Q1,0.75,256,256,141,True,TRUE,3,True,TRUE
B1,Q1,0.75,256,256,144,True,TRUE,3,True,TRUE
B1,Q1,0.75,256,256,146,True,TRUE,3,True,TRUE
B1,Q1,0.75,256,256,150,True,TRUE,6,True,TRUE
B1,Q1,0.75,256,256,180,True,TRUE,3,True,TRUE
B1,Q1,0.75,256,256,184,True,TRUE,6,True,TRUE
B1,Q1,0.75,256,256,187,True,TRUE,3,True,TRUE
B1,Q1,0.75,256,256,188,True,TRUE,6,True,TRUE
B1,Q1,0.75,256,256,195,True,TRUE,6,True,TRUE
B1,Q1,0.75,256,256,197,True,TRUE,6,True,TRUE
B1,Q1,0.75,256,256,207,True,TRUE,12,True,TRUE
B1,Q1,0.75,256,256,214,True,TRUE,6,True,TRUE
B1,Q1,0.75,256,256,219,True,TRUE,6,True,TRUE
B1,Q1,0.75,256,256,221,True,TRUE,9,True,TRUE
B1,Q1,0.75,256,256,226,True,TRUE,6,True,TRUE
B1,Q1,0.75,256,256,229,True,TRUE,6,True,TRUE
B1,Q1,0.75,256,256,230,True,TRUE,3,True,TRUE
B1,Q1,0.75,256,256,232,True,TRUE,6,True,TRUE
B1,Q1,0.75,256,256,233,True,TRUE,3,True,TRUE
B1,Q1,0.75,256,256,234,True,TRUE,3,True,TRUE
B1,Q1,0.75,256,256,235,True,TRUE,3,True,TRUE
B1,Q1,0.75,256,256,236,True,TRUE,6,True,TRUE
B1,Q1,0.75,256,256,239,True,TRUE,3,True,TRUE
B1,Q1,0.75,256,256,241,True,TRUE,12,True,TRUE
B1,Q1,0.75,256,256,244,True,TRUE,3,True,TRUE
B1,Q1,0.75,256,256,245,True,TRUE,6,True,TRUE
B1,Q1,0.75,256,256,246,True,TRUE,3,True,TRUE
B1,Q1,0.75,256,256,248,True,TRUE,3,True,TRUE
B1,Q1,0.75,256,256,249,True,TRUE,6,True,TRUE
B1,Q1,0.75,256,256,252,True,TRUE,6,True,TRUE
B1,Q1,0.75,256,256,253,True,TRUE,21,True,TRUE
B1,Q1,0.75,256,256,254,True,TRUE,3,True,TRUE
B1,Q1,0.75,256,256,255,True,TRUE,21,True,TRUE
B1,Q1,0.75,256,256,256,True,TRUE,31368,True,TRUE
B1,Q2,0.75,256,0,0,False,FALSE,43632,False,FALSE
B1,Q2,0.75,256,0,0,True,FALSE,50616,False,FALSE
B1,Q2,0.75,256,1,0,True,FALSE,141,False,FALSE
B1,Q2,0.75,256,1,1,True,FALSE,105,False,FALSE
B1,Q2,0.75,256,2,0,True,FALSE,81,False,FALSE
B1,Q2,0.75,256,2,2,True,FALSE,69,False,FALSE
B1,Q2,0.75,256,3,0,True,FALSE,66,False,FALSE
B1,Q2,0.75,256,3,3,True,FALSE,66,False,FALSE
B1,Q2,0.75,256,4,0,True,FALSE,57,False,FALSE
B1,Q2,0.75,256,4,4,True,FALSE,45,False,FALSE
B1,Q2,0.75,256,5,0,True,FALSE,54,False,FALSE
B1,Q2,0.75,256,5,5,True,FALSE,54,False,FALSE
B1,Q2,0.75,256,6,0,True,FALSE,30,False,FALSE
B1,Q2,0.75,256,6,6,True,FALSE,30,False,FALSE
B1,Q2,0.75,256,7,0,True,FALSE,15,False,FALSE
B1,Q2,0.75,256,7,7,True,FALSE,15,False,FALSE
B1,Q2,0.75,256,8,0,True,FALSE,18,False,FALSE
B1,Q2,0.75,256,8,8,True,FALSE,18,False,FALSE
B1,Q2,0.75,256,9,0,True,FALSE,9,False,FALSE
B1,Q2,0.75,256,9,9,True,FALSE,9,False,FALSE
B1,Q2,0.75,256,10,0,True,FALSE,21,False,FALSE
B1,Q2,0.75,256,10,10,True,FALSE,15,False,FALSE
B1,Q2,0.75,256,11,0,True,FALSE,3,False,FALSE
B1,Q2,0.75,256,11,11,True,FALSE,3,False,FALSE
B1,Q2,0.75,256,12,0,True,FALSE,24,False,FALSE
B1,Q2,0.75,256,12,12,True,FALSE,12,False,FALSE
B1,Q2,0.75,256,13,0,True,FALSE,33,False,FALSE
B1,Q2,0.75,256,13,13,True,FALSE,21,False,FALSE
B1,Q2,0.75,256,14,0,True,FALSE,6,False,FALSE
B1,Q2,0.75,256,14,1,True,FALSE,3,False,FALSE
B1,Q2,0.75,256,14,14,True,FALSE,3,False,FALSE
B1,Q2,0.75,256,15,0,True,FALSE,21,False,FALSE
B1,Q2,0.75,256,15,14,True,FALSE,6,False,FALSE
B1,Q2,0.75,256,15,15,True,FALSE,15,False,FALSE
B1,Q2,0.75,256,16,0,True,FALSE,12,False,FALSE
B1,Q2,0.75,256,16,16,True,FALSE,12,False,FALSE
B1,Q2,0.75,256,17,0,True,FALSE,12,False,FALSE
B1,Q2,0.75,256,17,17,True,FALSE,12,False,FALSE
B1,Q2,0.75,256,18,0,True,FALSE,12,False,FALSE
B1,Q2,0.75,256,18,18,True,FALSE,12,False,FALSE
B1,Q2,0.75,256,19,0,True,FALSE,12,False,FALSE
B1,Q2,0.75,256,19,19,True,FALSE,6,False,FALSE
B1,Q2,0.75,256,20,0,True,FALSE,12,False,FALSE
B1,Q2,0.75,256,20,17,True,FALSE,6,False,FALSE
B1,Q2,0.75,256,20,20,True,FALSE,6,False,FALSE
B1,Q2,0.75,256,21,0,True,FALSE,6,False,FALSE
B1,Q2,0.75,256,21,21,True,FALSE,6,False,FALSE
B1,Q2,0.75,256,22,0,True,FALSE,12,False,FALSE
B1,Q2,0.75,256,22,22,True,FALSE,12,False,FALSE
B1,Q2,0.75,256,23,0,True,FALSE,9,False,FALSE
B1,Q2,0.75,256,23,23,True,FALSE,9,False,FALSE
B1,Q2,0.75,256,24,0,True,FALSE,6,False,FALSE
B1,Q2,0.75,256,24,24,True,FALSE,6,False,FALSE
B1,Q2,0.75,256,25,0,True,FALSE,12,False,FALSE
B1,Q2,0.75,256,25,25,True,FALSE,12,False,FALSE
B1,Q2,0.75,256,26,0,True,FALSE,6,False,FALSE
B1,Q2,0.75,256,26,26,True,FALSE,6,False,FALSE
B1,Q2,0.75,256,27,0,True,FALSE,12,False,FALSE
B1,Q2,0.75,256,27,27,True,FALSE,12,False,FALSE
B1,Q2,0.75,256,29,0,True,FALSE,9,False,FALSE
B1,Q2,0.75,256,29,29,True,FALSE,3,False,FALSE
B1,Q2,0.75,256,30,0,True,FALSE,12,False,FALSE
B1,Q2,0.75,256,30,30,True,FALSE,12,False,FALSE
B1,Q2,0.75,256,32,0,True,FALSE,9,False,FALSE
B1,Q2,0.75,256,32,32,True,FALSE,9,False,FALSE
B1,Q2,0.75,256,33,0,True,FALSE,12,False,FALSE
B1,Q2,0.75,256,33,33,True,FALSE,12,False,FALSE
B1,Q2,0.75,256,34,0,True,FALSE,6,False,FALSE
B1,Q2,0.75,256,34,34,True,FALSE,6,False,FALSE
B1,Q2,0.75,256,35,0,True,FALSE,6,False,FALSE
B1,Q2,0.75,256,36,0,True,FALSE,9,False,FALSE
B1,Q2,0.75,256,36,4,True,FALSE,3,False,FALSE
B1,Q2,0.75,256,36,36,True,FALSE,6,False,FALSE
B1,Q2,0.75,256,37,0,True,FALSE,12,False,FALSE
B1,Q2,0.75,256,37,37,True,FALSE,12,False,FALSE
B1,Q2,0.75,256,38,0,True,FALSE,12,False,FALSE
B1,Q2,0.75,256,38,38,True,FALSE,12,False,FALSE
B1,Q2,0.75,256,40,0,True,FALSE,12,False,FALSE
B1,Q2,0.75,256,40,40,True,FALSE,12,False,FALSE
B1,Q2,0.75,256,41,0,True,FALSE,6,False,FALSE
B1,Q2,0.75,256,41,41,True,FALSE,6,False,FALSE
B1,Q2,0.75,256,42,0,True,FALSE,9,False,FALSE
B1,Q2,0.75,256,42,42,True,FALSE,9,False,FALSE
B1,Q2,0.75,256,43,0,True,FALSE,3,False,FALSE
B1,Q2,0.75,256,43,6,True,FALSE,3,False,FALSE
B1,Q2,0.75,256,45,0,True,FALSE,24,False,FALSE
B1,Q2,0.75,256,45,45,True,FALSE,24,False,FALSE
B1,Q2,0.75,256,46,0,True,FALSE,12,False,FALSE
B1,Q2,0.75,256,46,46,True,FALSE,12,False,FALSE
B1,Q2,0.75,256,47,0,True,FALSE,18,False,FALSE
B1,Q2,0.75,256,47,47,True,FALSE,18,False,FALSE
B1,Q2,0.75,256,48,0,True,FALSE,18,False,FALSE
B1,Q2,0.75,256,48,48,True,FALSE,18,False,FALSE
B1,Q2,0.75,256,50,0,True,FALSE,9,False,FALSE
B1,Q2,0.75,256,50,3,True,FALSE,3,False,FALSE
B1,Q2,0.75,256,50,50,True,FALSE,6,False,FALSE
B1,Q2,0.75,256,51,0,True,FALSE,12,False,FALSE
B1,Q2,0.75,256,51,51,True,FALSE,12,False,FALSE
B1,Q2,0.75,256,52,0,True,FALSE,6,False,FALSE
B1,Q2,0.75,256,52,52,True,FALSE,6,False,FALSE
B1,Q2,0.75,256,53,0,True,FALSE,12,False,FALSE
B1,Q2,0.75,256,53,53,True,FALSE,12,False,FALSE
B1,Q2,0.75,256,54,0,True,FALSE,18,False,FALSE
B1,Q2,0.75,256,54,54,True,FALSE,18,False,FALSE
B1,Q2,0.75,256,55,0,True,FALSE,6,False,FALSE
B1,Q2,0.75,256,55,55,True,FALSE,6,False,FALSE
B1,Q2,0.75,256,56,0,True,FALSE,6,False,FALSE
B1,Q2,0.75,256,56,56,True,FALSE,6,False,FALSE
B1,Q2,0.75,256,58,0,True,FALSE,18,False,FALSE
B1,Q2,0.75,256,58,58,True,FALSE,18,False,FALSE
B1,Q2,0.75,256,59,0,True,FALSE,6,False,FALSE
B1,Q2,0.75,256,59,59,True,FALSE,6,False,FALSE
B1,Q2,0.75,256,62,0,True,FALSE,6,False,FALSE
B1,Q2,0.75,256,62,62,True,FALSE,6,False,FALSE
B1,Q2,0.75,256,66,0,True,FALSE,12,False,FALSE
B1,Q2,0.75,256,66,66,True,FALSE,12,False,FALSE
B1,Q2,0.75,256,70,0,True,FALSE,18,False,FALSE
B1,Q2,0.75,256,70,70,True,FALSE,18,False,FALSE
B1,Q2,0.75,256,73,0,True,FALSE,12,False,FALSE
B1,Q2,0.75,256,73,73,True,FALSE,12,False,FALSE
B1,Q2,0.75,256,74,0,True,FALSE,6,False,FALSE
B1,Q2,0.75,256,74,74,True,FALSE,6,False,FALSE
B1,Q2,0.75,256,76,0,True,FALSE,8,False,FALSE
B1,Q2,0.75,256,76,76,True,FALSE,8,False,FALSE
B1,Q2,0.75,256,77,0,True,FALSE,10,False,FALSE
B1,Q2,0.75,256,77,77,True,FALSE,10,False,FALSE
B1,Q2,0.75,256,78,0,True,FALSE,6,False,FALSE
B1,Q2,0.75,256,78,78,True,FALSE,6,False,FALSE
B1,Q2,0.75,256,80,0,True,FALSE,18,False,FALSE
B1,Q2,0.75,256,80,80,True,FALSE,18,False,FALSE
B1,Q2,0.75,256,81,0,True,FALSE,6,False,FALSE
B1,Q2,0.75,256,81,81,True,FALSE,6,False,FALSE
B1,Q2,0.75,256,82,0,True,FALSE,6,False,FALSE
B1,Q2,0.75,256,82,82,True,FALSE,6,False,FALSE
B1,Q2,0.75,256,83,0,True,FALSE,6,False,FALSE
B1,Q2,0.75,256,83,83,True,FALSE,6,False,FALSE
B1,Q2,0.75,256,85,0,True,FALSE,6,False,FALSE
B1,Q2,0.75,256,85,85,True,FALSE,6,False,FALSE
B1,Q2,0.75,256,87,0,True,FALSE,3,False,FALSE
B1,Q2,0.75,256,87,87,True,FALSE,3,False,FALSE
B1,Q2,0.75,256,96,0,True,FALSE,12,False,FALSE
B1,Q2,0.75,256,96,96,True,FALSE,12,False,FALSE
B1,Q2,0.75,256,97,0,True,FALSE,6,False,FALSE
B1,Q2,0.75,256,97,97,True,FALSE,6,False,FALSE
B1,Q2,0.75,256,98,0,True,FALSE,14,False,FALSE
B1,Q2,0.75,256,98,98,True,FALSE,14,False,FALSE
B1,Q2,0.75,256,99,0,True,FALSE,10,False,FALSE
B1,Q2,0.75,256,99,99,True,FALSE,10,False,FALSE
B1,Q2,0.75,256,106,0,True,FALSE,6,False,FALSE
B1,Q2,0.75,256,106,106,True,FALSE,6,False,FALSE
B1,Q2,0.75,256,110,0,True,FALSE,6,False,FALSE
B1,Q2,0.75,256,110,110,True,FALSE,6,False,FALSE
B1,Q2,0.75,256,111,0,True,FALSE,6,False,FALSE
B1,Q2,0.75,256,111,111,True,FALSE,6,False,FALSE
B1,Q2,0.75,256,112,0,True,FALSE,15,False,FALSE
B1,Q2,0.75,256,112,112,True,FALSE,15,False,FALSE
B1,Q2,0.75,256,113,0,True,FALSE,12,False,FALSE
B1,Q2,0.75,256,113,113,True,FALSE,12,False,FALSE
B1,Q2,0.75,256,114,0,True,FALSE,6,False,FALSE
B1,Q2,0.75,256,114,114,True,FALSE,6,False,FALSE
B1,Q2,0.75,256,115,0,True,FALSE,12,False,FALSE
B1,Q2,0.75,256,115,115,True,FALSE,12,False,FALSE
B1,Q2,0.75,256,116,0,True,FALSE,12,False,FALSE
B1,Q2,0.75,256,116,116,True,FALSE,12,False,FALSE
B1,Q2,0.75,256,120,0,True,FALSE,9,False,FALSE
B1,Q2,0.75,256,120,68,True,FALSE,3,False,FALSE
B1,Q2,0.75,256,120,120,True,FALSE,6,False,FALSE
B1,Q2,0.75,256,122,0,True,FALSE,12,False,FALSE
B1,Q2,0.75,256,122,122,True,FALSE,12,False,FALSE
B1,Q2,0.75,256,125,0,True,FALSE,6,False,FALSE
B1,Q2,0.75,256,125,125,True,FALSE,6,False,FALSE
B1,Q2,0.75,256,126,0,True,FALSE,12,False,FALSE
B1,Q2,0.75,256,126,126,True,FALSE,12,False,FALSE
B1,Q2,0.75,256,127,0,True,FALSE,3,False,FALSE
B1,Q2,0.75,256,127,83,True,FALSE,3,False,FALSE
B1,Q2,0.75,256,131,0,True,FALSE,6,False,FALSE
B1,Q2,0.75,256,131,131,True,FALSE,6,False,FALSE
B1,Q2,0.75,256,133,0,True,FALSE,9,False,FALSE
B1,Q2,0.75,256,133,133,True,FALSE,9,False,FALSE
B1,Q2,0.75,256,136,0,True,FALSE,6,False,FALSE
B1,Q2,0.75,256,136,136,True,FALSE,6,False,FALSE
B1,Q2,0.75,256,138,0,True,FALSE,9,False,FALSE
B1,Q2,0.75,256,138,138,True,FALSE,9,False,FALSE
B1,Q2,0.75,256,139,0,True,FALSE,12,False,FALSE
B1,Q2,0.75,256,139,139,True,FALSE,12,False,FALSE
B1,Q2,0.75,256,141,0,True,FALSE,6,False,FALSE
B1,Q2,0.75,256,141,141,True,FALSE,6,False,FALSE
B1,Q2,0.75,256,142,0,True,FALSE,9,False,FALSE
B1,Q2,0.75,256,142,141,True,FALSE,3,False,FALSE
B1,Q2,0.75,256,142,142,True,FALSE,6,False,FALSE
B1,Q2,0.75,256,143,0,True,FALSE,6,False,FALSE
B1,Q2,0.75,256,143,143,True,FALSE,6,False,FALSE
B1,Q2,0.75,256,146,0,True,FALSE,6,False,FALSE
B1,Q2,0.75,256,146,146,True,FALSE,6,False,FALSE
B1,Q2,0.75,256,148,0,True,FALSE,3,False,FALSE
B1,Q2,0.75,256,148,146,True,FALSE,3,False,FALSE
B1,Q2,0.75,256,149,0,True,FALSE,6,False,FALSE
B1,Q2,0.75,256,149,149,True,FALSE,6,False,FALSE
B1,Q2,0.75,256,150,0,True,FALSE,6,False,FALSE
B1,Q2,0.75,256,150,150,True,FALSE,6,False,FALSE
B1,Q2,0.75,256,151,0,True,FALSE,6,False,FALSE
B1,Q2,0.75,256,151,151,True,FALSE,6,False,FALSE
B1,Q2,0.75,256,152,0,True,FALSE,6,False,FALSE
B1,Q2,0.75,256,152,152,True,FALSE,6,False,FALSE
B1,Q2,0.75,256,164,0,True,FALSE,6,False,FALSE
B1,Q2,0.75,256,164,164,True,FALSE,6,False,FALSE
B1,Q2,0.75,256,169,0,True,FALSE,6,False,FALSE
B1,Q2,0.75,256,169,169,True,FALSE,6,False,FALSE
B1,Q2,0.75,256,170,0,True,FALSE,18,False,FALSE
B1,Q2,0.75,256,170,170,True,FALSE,18,False,FALSE
B1,Q2,0.75,256,171,0,True,FALSE,6,False,FALSE
B1,Q2,0.75,256,171,171,True,FALSE,6,False,FALSE
B1,Q2,0.75,256,172,0,True,FALSE,12,False,FALSE
B1,Q2,0.75,256,172,172,True,FALSE,12,False,FALSE
B1,Q2,0.75,256,173,0,True,FALSE,3,False,FALSE
B1,Q2,0.75,256,173,63,True,FALSE,3,False,FALSE
B1,Q2,0.75,256,174,0,True,FALSE,9,False,FALSE
B1,Q2,0.75,256,174,68,True,FALSE,3,False,FALSE
B1,Q2,0.75,256,174,174,True,FALSE,6,False,FALSE
B1,Q2,0.75,256,175,0,True,FALSE,6,False,FALSE
B1,Q2,0.75,256,175,175,True,FALSE,6,False,FALSE
B1,Q2,0.75,256,177,0,True,FALSE,6,False,FALSE
B1,Q2,0.75,256,177,177,True,MC_UNRESOLVED,6,False,MC_UNRESOLVED
B1,Q2,0.75,256,180,0,True,FALSE,6,False,FALSE
B1,Q2,0.75,256,180,180,True,MC_UNRESOLVED,6,False,MC_UNRESOLVED
B1,Q2,0.75,256,182,0,True,FALSE,6,False,FALSE
B1,Q2,0.75,256,182,182,True,MC_UNRESOLVED,6,False,MC_UNRESOLVED
B1,Q2,0.75,256,183,0,True,FALSE,6,False,FALSE
B1,Q2,0.75,256,183,183,True,MC_UNRESOLVED,6,False,MC_UNRESOLVED
B1,Q2,0.75,256,184,0,True,FALSE,6,False,FALSE
B1,Q2,0.75,256,184,184,True,MC_UNRESOLVED,6,False,MC_UNRESOLVED
B1,Q2,0.75,256,185,0,True,FALSE,6,False,FALSE
B1,Q2,0.75,256,185,185,True,MC_UNRESOLVED,6,False,MC_UNRESOLVED
B1,Q2,0.75,256,187,0,True,FALSE,3,False,FALSE
B1,Q2,0.75,256,187,187,True,MC_UNRESOLVED,3,False,MC_UNRESOLVED
B1,Q2,0.75,256,188,0,True,FALSE,3,False,FALSE
B1,Q2,0.75,256,188,188,True,MC_UNRESOLVED,3,False,MC_UNRESOLVED
B1,Q2,0.75,256,190,0,True,FALSE,12,False,FALSE
B1,Q2,0.75,256,190,190,True,MC_UNRESOLVED,12,False,MC_UNRESOLVED
B1,Q2,0.75,256,193,0,True,FALSE,9,False,FALSE
B1,Q2,0.75,256,193,193,True,MC_UNRESOLVED,9,True,MC_UNRESOLVED
B1,Q2,0.75,256,194,0,True,FALSE,6,False,FALSE
B1,Q2,0.75,256,194,194,True,MC_UNRESOLVED,6,True,MC_UNRESOLVED
B1,Q2,0.75,256,198,0,True,FALSE,3,False,FALSE
B1,Q2,0.75,256,198,198,True,MC_UNRESOLVED,3,True,MC_UNRESOLVED
B1,Q2,0.75,256,200,0,True,FALSE,6,False,FALSE
B1,Q2,0.75,256,200,200,True,MC_UNRESOLVED,6,True,MC_UNRESOLVED
B1,Q2,0.75,256,202,0,True,FALSE,6,False,FALSE
B1,Q2,0.75,256,202,202,True,MC_UNRESOLVED,6,True,MC_UNRESOLVED
B1,Q2,0.75,256,206,0,True,FALSE,6,False,FALSE
B1,Q2,0.75,256,206,206,True,MC_UNRESOLVED,6,True,MC_UNRESOLVED
B1,Q2,0.75,256,213,0,True,FALSE,6,False,FALSE
B1,Q2,0.75,256,213,213,True,TRUE,6,True,TRUE
B1,Q2,0.75,256,215,0,True,FALSE,6,False,FALSE
B1,Q2,0.75,256,215,215,True,TRUE,6,True,TRUE
B1,Q2,0.75,256,216,0,True,FALSE,6,False,FALSE
B1,Q2,0.75,256,218,0,True,FALSE,6,False,FALSE
B1,Q2,0.75,256,218,218,True,TRUE,6,True,TRUE
B1,Q2,0.75,256,220,0,True,FALSE,6,False,FALSE
B1,Q2,0.75,256,220,220,True,TRUE,6,True,TRUE
B1,Q2,0.75,256,221,0,True,FALSE,6,False,FALSE
B1,Q2,0.75,256,221,221,True,TRUE,6,True,TRUE
B1,Q2,0.75,256,222,0,True,FALSE,12,False,FALSE
B1,Q2,0.75,256,222,222,True,TRUE,12,True,TRUE
B1,Q2,0.75,256,223,0,True,FALSE,6,False,FALSE
B1,Q2,0.75,256,223,223,True,TRUE,6,True,TRUE
B1,Q2,0.75,256,224,0,True,FALSE,6,False,FALSE
B1,Q2,0.75,256,224,224,True,TRUE,6,True,TRUE
B1,Q2,0.75,256,225,0,True,FALSE,6,False,FALSE
B1,Q2,0.75,256,225,74,True,FALSE,6,False,FALSE
B1,Q2,0.75,256,226,0,True,FALSE,6,False,FALSE
B1,Q2,0.75,256,226,226,True,TRUE,6,True,TRUE
B1,Q2,0.75,256,227,0,True,FALSE,12,False,FALSE
B1,Q2,0.75,256,227,227,True,TRUE,12,True,TRUE
B1,Q2,0.75,256,228,0,True,FALSE,9,False,FALSE
B1,Q2,0.75,256,228,85,True,FALSE,6,False,FALSE
B1,Q2,0.75,256,228,228,True,TRUE,3,True,TRUE
B1,Q2,0.75,256,230,0,True,FALSE,6,False,FALSE
B1,Q2,0.75,256,230,230,True,TRUE,6,True,TRUE
B1,Q2,0.75,256,232,0,True,FALSE,6,False,FALSE
B1,Q2,0.75,256,232,232,True,TRUE,6,True,TRUE
B1,Q2,0.75,256,233,0,True,FALSE,6,False,FALSE
B1,Q2,0.75,256,233,233,True,TRUE,6,True,TRUE
B1,Q2,0.75,256,234,0,True,FALSE,12,False,FALSE
B1,Q2,0.75,256,234,234,True,TRUE,12,True,TRUE
B1,Q2,0.75,256,235,0,True,FALSE,6,False,FALSE
B1,Q2,0.75,256,235,234,True,TRUE,3,True,TRUE
B1,Q2,0.75,256,235,235,True,TRUE,3,True,TRUE
B1,Q2,0.75,256,236,0,True,FALSE,6,False,FALSE
B1,Q2,0.75,256,236,236,True,TRUE,6,True,TRUE
B1,Q2,0.75,256,237,0,True,FALSE,6,False,FALSE
B1,Q2,0.75,256,237,237,True,TRUE,6,True,TRUE
B1,Q2,0.75,256,238,0,True,FALSE,12,False,FALSE
B1,Q2,0.75,256,238,238,True,TRUE,12,True,TRUE
B1,Q2,0.75,256,240,0,True,FALSE,6,False,FALSE
B1,Q2,0.75,256,241,0,True,FALSE,3,False,FALSE
B1,Q2,0.75,256,241,239,True,TRUE,3,True,TRUE
B1,Q2,0.75,256,242,0,True,FALSE,6,False,FALSE
B1,Q2,0.75,256,242,242,True,TRUE,6,True,TRUE
B1,Q2,0.75,256,244,0,True,FALSE,6,False,FALSE
B1,Q2,0.75,256,244,244,True,TRUE,6,True,TRUE
B1,Q2,0.75,256,245,0,True,FALSE,6,False,FALSE
B1,Q2,0.75,256,245,245,True,TRUE,6,True,TRUE
B1,Q2,0.75,256,246,0,True,FALSE,15,False,FALSE
B1,Q2,0.75,256,246,246,True,TRUE,15,True,TRUE
B1,Q2,0.75,256,247,0,True,FALSE,6,False,FALSE
B1,Q2,0.75,256,247,247,True,TRUE,6,True,TRUE
B1,Q2,0.75,256,248,0,True,FALSE,12,False,FALSE
B1,Q2,0.75,256,248,248,True,TRUE,12,True,TRUE
B1,Q2,0.75,256,249,0,True,FALSE,9,False,FALSE
B1,Q2,0.75,256,249,249,True,TRUE,9,True,TRUE
B1,Q2,0.75,256,251,0,True,FALSE,9,False,FALSE
B1,Q2,0.75,256,251,107,True,FALSE,6,False,FALSE
B1,Q2,0.75,256,251,251,True,TRUE,3,True,TRUE
B1,Q2,0.75,256,253,0,True,FALSE,24,False,FALSE
B1,Q2,0.75,256,253,106,True,FALSE,6,False,FALSE
B1,Q2,0.75,256,253,253,True,TRUE,12,True,TRUE
B1,Q2,0.75,256,254,0,True,FALSE,12,False,FALSE
B1,Q2,0.75,256,254,254,True,TRUE,12,True,TRUE
B1,Q2,0.75,256,255,0,True,FALSE,33,False,FALSE
B1,Q2,0.75,256,255,255,True,TRUE,33,True,TRUE
B1,Q2,0.75,256,256,0,True,FALSE,36216,False,FALSE
B1,Q2,0.75,256,256,1,True,FALSE,18,False,FALSE
B1,Q2,0.75,256,256,2,True,FALSE,18,False,FALSE
B1,Q2,0.75,256,256,3,True,FALSE,9,False,FALSE
B1,Q2,0.75,256,256,4,True,FALSE,9,False,FALSE
B1,Q2,0.75,256,256,5,True,FALSE,12,False,FALSE
B1,Q2,0.75,256,256,7,True,FALSE,6,False,FALSE
B1,Q2,0.75,256,256,8,True,FALSE,6,False,FALSE
B1,Q2,0.75,256,256,9,True,FALSE,6,False,FALSE
B1,Q2,0.75,256,256,10,True,FALSE,6,False,FALSE
B1,Q2,0.75,256,256,11,True,FALSE,9,False,FALSE
B1,Q2,0.75,256,256,13,True,FALSE,3,False,FALSE
B1,Q2,0.75,256,256,14,True,FALSE,12,False,FALSE
B1,Q2,0.75,256,256,16,True,FALSE,6,False,FALSE
B1,Q2,0.75,256,256,17,True,FALSE,6,False,FALSE
B1,Q2,0.75,256,256,20,True,FALSE,3,False,FALSE
B1,Q2,0.75,256,256,22,True,FALSE,3,False,FALSE
B1,Q2,0.75,256,256,24,True,FALSE,9,False,FALSE
B1,Q2,0.75,256,256,25,True,FALSE,9,False,FALSE
B1,Q2,0.75,256,256,30,True,FALSE,9,False,FALSE
B1,Q2,0.75,256,256,33,True,FALSE,3,False,FALSE
B1,Q2,0.75,256,256,34,True,FALSE,6,False,FALSE
B1,Q2,0.75,256,256,36,True,FALSE,6,False,FALSE
B1,Q2,0.75,256,256,38,True,FALSE,12,False,FALSE
B1,Q2,0.75,256,256,44,True,FALSE,6,False,FALSE
B1,Q2,0.75,256,256,50,True,FALSE,3,False,FALSE
B1,Q2,0.75,256,256,52,True,FALSE,3,False,FALSE
B1,Q2,0.75,256,256,55,True,FALSE,3,False,FALSE
B1,Q2,0.75,256,256,56,True,FALSE,6,False,FALSE
B1,Q2,0.75,256,256,57,True,FALSE,6,False,FALSE
B1,Q2,0.75,256,256,59,True,FALSE,6,False,FALSE
B1,Q2,0.75,256,256,61,True,FALSE,12,False,FALSE
B1,Q2,0.75,256,256,63,True,FALSE,6,False,FALSE
B1,Q2,0.75,256,256,66,True,FALSE,12,False,FALSE
B1,Q2,0.75,256,256,68,True,FALSE,3,False,FALSE
B1,Q2,0.75,256,256,69,True,FALSE,6,False,FALSE
B1,Q2,0.75,256,256,74,True,FALSE,6,False,FALSE
B1,Q2,0.75,256,256,76,True,FALSE,3,False,FALSE
B1,Q2,0.75,256,256,85,True,FALSE,6,False,FALSE
B1,Q2,0.75,256,256,87,True,FALSE,3,False,FALSE
B1,Q2,0.75,256,256,89,True,FALSE,3,False,FALSE
B1,Q2,0.75,256,256,90,True,FALSE,6,False,FALSE
B1,Q2,0.75,256,256,91,True,FALSE,6,False,FALSE
B1,Q2,0.75,256,256,103,True,FALSE,6,False,FALSE
B1,Q2,0.75,256,256,104,True,FALSE,3,False,FALSE
B1,Q2,0.75,256,256,106,True,FALSE,6,False,FALSE
B1,Q2,0.75,256,256,107,True,FALSE,6,False,FALSE
B1,Q2,0.75,256,256,108,True,FALSE,6,False,FALSE
B1,Q2,0.75,256,256,109,True,FALSE,3,False,FALSE
B1,Q2,0.75,256,256,113,True,FALSE,3,False,FALSE
B1,Q2,0.75,256,256,121,True,FALSE,6,False,FALSE
B1,Q2,0.75,256,256,132,True,FALSE,6,False,FALSE
B1,Q2,0.75,256,256,134,True,FALSE,9,False,FALSE
B1,Q2,0.75,256,256,141,True,FALSE,3,False,FALSE
B1,Q2,0.75,256,256,144,True,FALSE,3,False,FALSE
B1,Q2,0.75,256,256,146,True,FALSE,3,False,FALSE
B1,Q2,0.75,256,256,150,True,FALSE,6,False,FALSE
B1,Q2,0.75,256,256,180,True,MC_UNRESOLVED,3,False,MC_UNRESOLVED
B1,Q2,0.75,256,256,184,True,MC_UNRESOLVED,6,False,MC_UNRESOLVED
B1,Q2,0.75,256,256,187,True,MC_UNRESOLVED,3,False,MC_UNRESOLVED
B1,Q2,0.75,256,256,188,True,MC_UNRESOLVED,6,False,MC_UNRESOLVED
B1,Q2,0.75,256,256,195,True,MC_UNRESOLVED,6,True,MC_UNRESOLVED
B1,Q2,0.75,256,256,197,True,MC_UNRESOLVED,6,True,MC_UNRESOLVED
B1,Q2,0.75,256,256,207,True,MC_UNRESOLVED,12,True,MC_UNRESOLVED
B1,Q2,0.75,256,256,214,True,TRUE,6,True,TRUE
B1,Q2,0.75,256,256,219,True,TRUE,6,True,TRUE
B1,Q2,0.75,256,256,221,True,TRUE,9,True,TRUE
B1,Q2,0.75,256,256,226,True,TRUE,6,True,TRUE
B1,Q2,0.75,256,256,229,True,TRUE,6,True,TRUE
B1,Q2,0.75,256,256,230,True,TRUE,3,True,TRUE
B1,Q2,0.75,256,256,232,True,TRUE,6,True,TRUE
B1,Q2,0.75,256,256,233,True,TRUE,3,True,TRUE
B1,Q2,0.75,256,256,234,True,TRUE,3,True,TRUE
B1,Q2,0.75,256,256,235,True,TRUE,3,True,TRUE
B1,Q2,0.75,256,256,236,True,TRUE,6,True,TRUE
B1,Q2,0.75,256,256,239,True,TRUE,3,True,TRUE
B1,Q2,0.75,256,256,241,True,TRUE,12,True,TRUE
B1,Q2,0.75,256,256,244,True,TRUE,3,True,TRUE
B1,Q2,0.75,256,256,245,True,TRUE,6,True,TRUE
B1,Q2,0.75,256,256,246,True,TRUE,3,True,TRUE
B1,Q2,0.75,256,256,248,True,TRUE,3,True,TRUE
B1,Q2,0.75,256,256,249,True,TRUE,6,True,TRUE
B1,Q2,0.75,256,256,252,True,TRUE,6,True,TRUE
B1,Q2,0.75,256,256,253,True,TRUE,21,True,TRUE
B1,Q2,0.75,256,256,254,True,TRUE,3,True,TRUE
B1,Q2,0.75,256,256,255,True,TRUE,21,True,TRUE
B1,Q2,0.75,256,256,256,True,TRUE,31368,True,TRUE
B1,Q1,0.9,256,0,0,False,FALSE,21816,False,FALSE
B1,Q1,0.9,256,0,0,True,FALSE,25308,False,FALSE
B1,Q1,0.9,256,1,0,True,FALSE,18,False,FALSE
B1,Q1,0.9,256,1,1,True,FALSE,105,False,FALSE
B1,Q1,0.9,256,2,0,True,FALSE,6,False,FALSE
B1,Q1,0.9,256,2,2,True,FALSE,69,False,FALSE
B1,Q1,0.9,256,3,3,True,FALSE,66,False,FALSE
B1,Q1,0.9,256,4,0,True,FALSE,6,False,FALSE
B1,Q1,0.9,256,4,4,True,FALSE,45,False,FALSE
B1,Q1,0.9,256,5,5,True,FALSE,54,False,FALSE
B1,Q1,0.9,256,6,6,True,FALSE,30,False,FALSE
B1,Q1,0.9,256,7,7,True,FALSE,15,False,FALSE
B1,Q1,0.9,256,8,8,True,FALSE,18,False,FALSE
B1,Q1,0.9,256,9,9,True,FALSE,9,False,FALSE
B1,Q1,0.9,256,10,0,True,FALSE,3,False,FALSE
B1,Q1,0.9,256,10,10,True,FALSE,15,False,FALSE
B1,Q1,0.9,256,11,11,True,FALSE,3,False,FALSE
B1,Q1,0.9,256,12,0,True,FALSE,6,False,FALSE
B1,Q1,0.9,256,12,12,True,FALSE,12,False,FALSE
B1,Q1,0.9,256,13,0,True,FALSE,6,False,FALSE
B1,Q1,0.9,256,13,13,True,FALSE,21,False,FALSE
B1,Q1,0.9,256,14,1,True,FALSE,3,False,FALSE
B1,Q1,0.9,256,14,14,True,FALSE,3,False,FALSE
B1,Q1,0.9,256,15,14,True,FALSE,6,False,FALSE
B1,Q1,0.9,256,15,15,True,FALSE,15,False,FALSE
B1,Q1,0.9,256,16,16,True,FALSE,12,False,FALSE
B1,Q1,0.9,256,17,17,True,FALSE,12,False,FALSE
B1,Q1,0.9,256,18,18,True,FALSE,12,False,FALSE
B1,Q1,0.9,256,19,0,True,FALSE,3,False,FALSE
B1,Q1,0.9,256,19,19,True,FALSE,6,False,FALSE
B1,Q1,0.9,256,20,17,True,FALSE,6,False,FALSE
B1,Q1,0.9,256,20,20,True,FALSE,6,False,FALSE
B1,Q1,0.9,256,21,21,True,FALSE,6,False,FALSE
B1,Q1,0.9,256,22,22,True,FALSE,12,False,FALSE
B1,Q1,0.9,256,23,23,True,FALSE,9,False,FALSE
B1,Q1,0.9,256,24,24,True,FALSE,6,False,FALSE
B1,Q1,0.9,256,25,25,True,FALSE,12,False,FALSE
B1,Q1,0.9,256,26,26,True,FALSE,6,False,FALSE
B1,Q1,0.9,256,27,27,True,FALSE,12,False,FALSE
B1,Q1,0.9,256,29,0,True,FALSE,3,False,FALSE
B1,Q1,0.9,256,29,29,True,FALSE,3,False,FALSE
B1,Q1,0.9,256,30,30,True,FALSE,12,False,FALSE
B1,Q1,0.9,256,32,32,True,FALSE,9,False,FALSE
B1,Q1,0.9,256,33,33,True,FALSE,12,False,FALSE
B1,Q1,0.9,256,34,34,True,FALSE,6,False,FALSE
B1,Q1,0.9,256,35,0,True,FALSE,3,False,FALSE
B1,Q1,0.9,256,36,4,True,FALSE,3,False,FALSE
B1,Q1,0.9,256,36,36,True,FALSE,6,False,FALSE
B1,Q1,0.9,256,37,37,True,FALSE,12,False,FALSE
B1,Q1,0.9,256,38,38,True,FALSE,12,False,FALSE
B1,Q1,0.9,256,40,40,True,FALSE,12,False,FALSE
B1,Q1,0.9,256,41,41,True,FALSE,6,False,FALSE
B1,Q1,0.9,256,42,42,True,FALSE,9,False,FALSE
B1,Q1,0.9,256,43,6,True,FALSE,3,False,FALSE
B1,Q1,0.9,256,45,45,True,FALSE,24,False,FALSE
B1,Q1,0.9,256,46,46,True,FALSE,12,False,FALSE
B1,Q1,0.9,256,47,47,True,FALSE,18,False,FALSE
B1,Q1,0.9,256,48,48,True,FALSE,18,False,FALSE
B1,Q1,0.9,256,50,3,True,FALSE,3,False,FALSE
B1,Q1,0.9,256,50,50,True,FALSE,6,False,FALSE
B1,Q1,0.9,256,51,51,True,FALSE,12,False,FALSE
B1,Q1,0.9,256,52,52,True,FALSE,6,False,FALSE
B1,Q1,0.9,256,53,53,True,FALSE,12,False,FALSE
B1,Q1,0.9,256,54,54,True,FALSE,18,False,FALSE
B1,Q1,0.9,256,55,55,True,FALSE,6,False,FALSE
B1,Q1,0.9,256,56,56,True,FALSE,6,False,FALSE
B1,Q1,0.9,256,58,58,True,FALSE,18,False,FALSE
B1,Q1,0.9,256,59,59,True,FALSE,6,False,FALSE
B1,Q1,0.9,256,62,62,True,FALSE,6,False,FALSE
B1,Q1,0.9,256,66,66,True,FALSE,12,False,FALSE
B1,Q1,0.9,256,70,70,True,FALSE,18,False,FALSE
B1,Q1,0.9,256,73,73,True,FALSE,12,False,FALSE
B1,Q1,0.9,256,74,74,True,FALSE,6,False,FALSE
B1,Q1,0.9,256,76,76,True,FALSE,8,False,FALSE
B1,Q1,0.9,256,77,77,True,FALSE,10,False,FALSE
B1,Q1,0.9,256,78,78,True,FALSE,6,False,FALSE
B1,Q1,0.9,256,80,80,True,FALSE,18,False,FALSE
B1,Q1,0.9,256,81,81,True,FALSE,6,False,FALSE
B1,Q1,0.9,256,82,82,True,FALSE,6,False,FALSE
B1,Q1,0.9,256,83,83,True,FALSE,6,False,FALSE
B1,Q1,0.9,256,85,85,True,FALSE,6,False,FALSE
B1,Q1,0.9,256,87,87,True,FALSE,3,False,FALSE
B1,Q1,0.9,256,96,96,True,FALSE,12,False,FALSE
B1,Q1,0.9,256,97,97,True,FALSE,6,False,FALSE
B1,Q1,0.9,256,98,98,True,FALSE,14,False,FALSE
B1,Q1,0.9,256,99,99,True,FALSE,10,False,FALSE
B1,Q1,0.9,256,106,106,True,FALSE,6,False,FALSE
B1,Q1,0.9,256,110,110,True,FALSE,6,False,FALSE
B1,Q1,0.9,256,111,111,True,FALSE,6,False,FALSE
B1,Q1,0.9,256,112,112,True,FALSE,15,False,FALSE
B1,Q1,0.9,256,113,113,True,FALSE,12,False,FALSE
B1,Q1,0.9,256,114,114,True,FALSE,6,False,FALSE
B1,Q1,0.9,256,115,115,True,FALSE,12,False,FALSE
B1,Q1,0.9,256,116,116,True,FALSE,12,False,FALSE
B1,Q1,0.9,256,120,68,True,FALSE,3,False,FALSE
B1,Q1,0.9,256,120,120,True,FALSE,6,False,FALSE
B1,Q1,0.9,256,122,122,True,FALSE,12,False,FALSE
B1,Q1,0.9,256,125,125,True,FALSE,6,False,FALSE
B1,Q1,0.9,256,126,126,True,FALSE,12,False,FALSE
B1,Q1,0.9,256,127,83,True,FALSE,3,False,FALSE
B1,Q1,0.9,256,131,131,True,FALSE,6,False,FALSE
B1,Q1,0.9,256,133,133,True,FALSE,9,False,FALSE
B1,Q1,0.9,256,136,136,True,FALSE,6,False,FALSE
B1,Q1,0.9,256,138,138,True,FALSE,9,False,FALSE
B1,Q1,0.9,256,139,139,True,FALSE,12,False,FALSE
B1,Q1,0.9,256,141,141,True,FALSE,6,False,FALSE
B1,Q1,0.9,256,142,141,True,FALSE,3,False,FALSE
B1,Q1,0.9,256,142,142,True,FALSE,6,False,FALSE
B1,Q1,0.9,256,143,143,True,FALSE,6,False,FALSE
B1,Q1,0.9,256,146,146,True,FALSE,6,False,FALSE
B1,Q1,0.9,256,148,146,True,FALSE,3,False,FALSE
B1,Q1,0.9,256,149,149,True,FALSE,6,False,FALSE
B1,Q1,0.9,256,150,150,True,FALSE,6,False,FALSE
B1,Q1,0.9,256,151,151,True,FALSE,6,False,FALSE
B1,Q1,0.9,256,152,152,True,FALSE,6,False,FALSE
B1,Q1,0.9,256,164,164,True,FALSE,6,False,FALSE
B1,Q1,0.9,256,169,169,True,FALSE,6,False,FALSE
B1,Q1,0.9,256,170,170,True,FALSE,18,False,FALSE
B1,Q1,0.9,256,171,171,True,FALSE,6,False,FALSE
B1,Q1,0.9,256,172,172,True,FALSE,12,False,FALSE
B1,Q1,0.9,256,173,63,True,FALSE,3,False,FALSE
B1,Q1,0.9,256,174,68,True,FALSE,3,False,FALSE
B1,Q1,0.9,256,174,174,True,FALSE,6,False,FALSE
B1,Q1,0.9,256,175,175,True,FALSE,6,False,FALSE
B1,Q1,0.9,256,177,177,True,FALSE,6,False,FALSE
B1,Q1,0.9,256,180,180,True,FALSE,6,False,FALSE
B1,Q1,0.9,256,182,182,True,FALSE,6,False,FALSE
B1,Q1,0.9,256,183,183,True,FALSE,6,False,FALSE
B1,Q1,0.9,256,184,184,True,FALSE,6,False,FALSE
B1,Q1,0.9,256,185,185,True,FALSE,6,False,FALSE
B1,Q1,0.9,256,187,187,True,FALSE,3,False,FALSE
B1,Q1,0.9,256,188,188,True,FALSE,3,False,FALSE
B1,Q1,0.9,256,190,190,True,FALSE,12,False,FALSE
B1,Q1,0.9,256,193,193,True,FALSE,9,False,FALSE
B1,Q1,0.9,256,194,194,True,FALSE,6,False,FALSE
B1,Q1,0.9,256,198,198,True,FALSE,3,False,FALSE
B1,Q1,0.9,256,200,200,True,FALSE,6,False,FALSE
B1,Q1,0.9,256,202,202,True,FALSE,6,False,FALSE
B1,Q1,0.9,256,206,206,True,FALSE,6,False,FALSE
B1,Q1,0.9,256,213,213,True,FALSE,6,False,FALSE
B1,Q1,0.9,256,215,215,True,FALSE,6,False,FALSE
B1,Q1,0.9,256,216,0,True,FALSE,3,False,FALSE
B1,Q1,0.9,256,218,218,True,FALSE,6,False,FALSE
B1,Q1,0.9,256,220,220,True,FALSE,6,False,FALSE
B1,Q1,0.9,256,221,221,True,MC_UNRESOLVED,6,False,MC_UNRESOLVED
B1,Q1,0.9,256,222,222,True,MC_UNRESOLVED,12,False,MC_UNRESOLVED
B1,Q1,0.9,256,223,223,True,MC_UNRESOLVED,6,False,MC_UNRESOLVED
B1,Q1,0.9,256,224,224,True,MC_UNRESOLVED,6,False,MC_UNRESOLVED
B1,Q1,0.9,256,225,74,True,MC_UNRESOLVED,6,False,MC_UNRESOLVED
B1,Q1,0.9,256,226,226,True,MC_UNRESOLVED,6,False,MC_UNRESOLVED
B1,Q1,0.9,256,227,227,True,MC_UNRESOLVED,12,False,MC_UNRESOLVED
B1,Q1,0.9,256,228,85,True,MC_UNRESOLVED,6,False,MC_UNRESOLVED
B1,Q1,0.9,256,228,228,True,MC_UNRESOLVED,3,False,MC_UNRESOLVED
B1,Q1,0.9,256,230,230,True,MC_UNRESOLVED,6,False,MC_UNRESOLVED
B1,Q1,0.9,256,232,232,True,MC_UNRESOLVED,6,True,MC_UNRESOLVED
B1,Q1,0.9,256,233,233,True,MC_UNRESOLVED,6,True,MC_UNRESOLVED
B1,Q1,0.9,256,234,234,True,MC_UNRESOLVED,12,True,MC_UNRESOLVED
B1,Q1,0.9,256,235,234,True,MC_UNRESOLVED,3,True,MC_UNRESOLVED
B1,Q1,0.9,256,235,235,True,MC_UNRESOLVED,3,True,MC_UNRESOLVED
B1,Q1,0.9,256,236,236,True,MC_UNRESOLVED,6,True,MC_UNRESOLVED
B1,Q1,0.9,256,237,237,True,MC_UNRESOLVED,6,True,MC_UNRESOLVED
B1,Q1,0.9,256,238,238,True,MC_UNRESOLVED,12,True,MC_UNRESOLVED
B1,Q1,0.9,256,240,0,True,TRUE,3,True,TRUE
B1,Q1,0.9,256,241,239,True,TRUE,3,True,TRUE
B1,Q1,0.9,256,242,242,True,TRUE,6,True,TRUE
B1,Q1,0.9,256,244,244,True,TRUE,6,True,TRUE
B1,Q1,0.9,256,245,245,True,TRUE,6,True,TRUE
B1,Q1,0.9,256,246,246,True,TRUE,15,True,TRUE
B1,Q1,0.9,256,247,247,True,TRUE,6,True,TRUE
B1,Q1,0.9,256,248,248,True,TRUE,12,True,TRUE
B1,Q1,0.9,256,249,249,True,TRUE,9,True,TRUE
B1,Q1,0.9,256,251,107,True,TRUE,6,True,TRUE
B1,Q1,0.9,256,251,251,True,TRUE,3,True,TRUE
B1,Q1,0.9,256,253,0,True,TRUE,3,True,TRUE
B1,Q1,0.9,256,253,106,True,TRUE,6,True,TRUE
B1,Q1,0.9,256,253,253,True,TRUE,12,True,TRUE
B1,Q1,0.9,256,254,254,True,TRUE,12,True,TRUE
B1,Q1,0.9,256,255,255,True,TRUE,33,True,TRUE
B1,Q1,0.9,256,256,0,True,TRUE,2151,True,TRUE
B1,Q1,0.9,256,256,1,True,TRUE,18,True,TRUE
B1,Q1,0.9,256,256,2,True,TRUE,18,True,TRUE
B1,Q1,0.9,256,256,3,True,TRUE,9,True,TRUE
B1,Q1,0.9,256,256,4,True,TRUE,9,True,TRUE
B1,Q1,0.9,256,256,5,True,TRUE,12,True,TRUE
B1,Q1,0.9,256,256,7,True,TRUE,6,True,TRUE
B1,Q1,0.9,256,256,8,True,TRUE,6,True,TRUE
B1,Q1,0.9,256,256,9,True,TRUE,6,True,TRUE
B1,Q1,0.9,256,256,10,True,TRUE,6,True,TRUE
B1,Q1,0.9,256,256,11,True,TRUE,9,True,TRUE
B1,Q1,0.9,256,256,13,True,TRUE,3,True,TRUE
B1,Q1,0.9,256,256,14,True,TRUE,12,True,TRUE
B1,Q1,0.9,256,256,16,True,TRUE,6,True,TRUE
B1,Q1,0.9,256,256,17,True,TRUE,6,True,TRUE
B1,Q1,0.9,256,256,20,True,TRUE,3,True,TRUE
B1,Q1,0.9,256,256,22,True,TRUE,3,True,TRUE
B1,Q1,0.9,256,256,24,True,TRUE,9,True,TRUE
B1,Q1,0.9,256,256,25,True,TRUE,9,True,TRUE
B1,Q1,0.9,256,256,30,True,TRUE,9,True,TRUE
B1,Q1,0.9,256,256,33,True,TRUE,3,True,TRUE
B1,Q1,0.9,256,256,34,True,TRUE,6,True,TRUE
B1,Q1,0.9,256,256,36,True,TRUE,6,True,TRUE
B1,Q1,0.9,256,256,38,True,TRUE,12,True,TRUE
B1,Q1,0.9,256,256,44,True,TRUE,6,True,TRUE
B1,Q1,0.9,256,256,50,True,TRUE,3,True,TRUE
B1,Q1,0.9,256,256,52,True,TRUE,3,True,TRUE
B1,Q1,0.9,256,256,55,True,TRUE,3,True,TRUE
B1,Q1,0.9,256,256,56,True,TRUE,6,True,TRUE
B1,Q1,0.9,256,256,57,True,TRUE,6,True,TRUE
B1,Q1,0.9,256,256,59,True,TRUE,6,True,TRUE
B1,Q1,0.9,256,256,61,True,TRUE,12,True,TRUE
B1,Q1,0.9,256,256,63,True,TRUE,6,True,TRUE
B1,Q1,0.9,256,256,66,True,TRUE,12,True,TRUE
B1,Q1,0.9,256,256,68,True,TRUE,3,True,TRUE
B1,Q1,0.9,256,256,69,True,TRUE,6,True,TRUE
B1,Q1,0.9,256,256,74,True,TRUE,6,True,TRUE
B1,Q1,0.9,256,256,76,True,TRUE,3,True,TRUE
B1,Q1,0.9,256,256,85,True,TRUE,6,True,TRUE
B1,Q1,0.9,256,256,87,True,TRUE,3,True,TRUE
B1,Q1,0.9,256,256,89,True,TRUE,3,True,TRUE
B1,Q1,0.9,256,256,90,True,TRUE,6,True,TRUE
B1,Q1,0.9,256,256,91,True,TRUE,6,True,TRUE
B1,Q1,0.9,256,256,103,True,TRUE,6,True,TRUE
B1,Q1,0.9,256,256,104,True,TRUE,3,True,TRUE
B1,Q1,0.9,256,256,106,True,TRUE,6,True,TRUE
B1,Q1,0.9,256,256,107,True,TRUE,6,True,TRUE
B1,Q1,0.9,256,256,108,True,TRUE,6,True,TRUE
B1,Q1,0.9,256,256,109,True,TRUE,3,True,TRUE
B1,Q1,0.9,256,256,113,True,TRUE,3,True,TRUE
B1,Q1,0.9,256,256,121,True,TRUE,6,True,TRUE
B1,Q1,0.9,256,256,132,True,TRUE,6,True,TRUE
B1,Q1,0.9,256,256,134,True,TRUE,9,True,TRUE
B1,Q1,0.9,256,256,141,True,TRUE,3,True,TRUE
B1,Q1,0.9,256,256,144,True,TRUE,3,True,TRUE
B1,Q1,0.9,256,256,146,True,TRUE,3,True,TRUE
B1,Q1,0.9,256,256,150,True,TRUE,6,True,TRUE
B1,Q1,0.9,256,256,180,True,TRUE,3,True,TRUE
B1,Q1,0.9,256,256,184,True,TRUE,6,True,TRUE
B1,Q1,0.9,256,256,187,True,TRUE,3,True,TRUE
B1,Q1,0.9,256,256,188,True,TRUE,6,True,TRUE
B1,Q1,0.9,256,256,195,True,TRUE,6,True,TRUE
B1,Q1,0.9,256,256,197,True,TRUE,6,True,TRUE
B1,Q1,0.9,256,256,207,True,TRUE,12,True,TRUE
B1,Q1,0.9,256,256,214,True,TRUE,6,True,TRUE
B1,Q1,0.9,256,256,219,True,TRUE,6,True,TRUE
B1,Q1,0.9,256,256,221,True,TRUE,9,True,TRUE
B1,Q1,0.9,256,256,226,True,TRUE,6,True,TRUE
B1,Q1,0.9,256,256,229,True,TRUE,6,True,TRUE
B1,Q1,0.9,256,256,230,True,TRUE,3,True,TRUE
B1,Q1,0.9,256,256,232,True,TRUE,6,True,TRUE
B1,Q1,0.9,256,256,233,True,TRUE,3,True,TRUE
B1,Q1,0.9,256,256,234,True,TRUE,3,True,TRUE
B1,Q1,0.9,256,256,235,True,TRUE,3,True,TRUE
B1,Q1,0.9,256,256,236,True,TRUE,6,True,TRUE
B1,Q1,0.9,256,256,239,True,TRUE,3,True,TRUE
B1,Q1,0.9,256,256,241,True,TRUE,12,True,TRUE
B1,Q1,0.9,256,256,244,True,TRUE,3,True,TRUE
B1,Q1,0.9,256,256,245,True,TRUE,6,True,TRUE
B1,Q1,0.9,256,256,246,True,TRUE,3,True,TRUE
B1,Q1,0.9,256,256,248,True,TRUE,3,True,TRUE
B1,Q1,0.9,256,256,249,True,TRUE,6,True,TRUE
B1,Q1,0.9,256,256,252,True,TRUE,6,True,TRUE
B1,Q1,0.9,256,256,253,True,TRUE,21,True,TRUE
B1,Q1,0.9,256,256,254,True,TRUE,3,True,TRUE
B1,Q1,0.9,256,256,255,True,TRUE,21,True,TRUE
B1,Q1,0.9,256,256,256,True,TRUE,31368,True,TRUE
B1,Q2,0.9,256,0,0,False,FALSE,43632,False,FALSE
B1,Q2,0.9,256,0,0,True,FALSE,50616,False,FALSE
B1,Q2,0.9,256,1,0,True,FALSE,141,False,FALSE
B1,Q2,0.9,256,1,1,True,FALSE,105,False,FALSE
B1,Q2,0.9,256,2,0,True,FALSE,81,False,FALSE
B1,Q2,0.9,256,2,2,True,FALSE,69,False,FALSE
B1,Q2,0.9,256,3,0,True,FALSE,66,False,FALSE
B1,Q2,0.9,256,3,3,True,FALSE,66,False,FALSE
B1,Q2,0.9,256,4,0,True,FALSE,57,False,FALSE
B1,Q2,0.9,256,4,4,True,FALSE,45,False,FALSE
B1,Q2,0.9,256,5,0,True,FALSE,54,False,FALSE
B1,Q2,0.9,256,5,5,True,FALSE,54,False,FALSE
B1,Q2,0.9,256,6,0,True,FALSE,30,False,FALSE
B1,Q2,0.9,256,6,6,True,FALSE,30,False,FALSE
B1,Q2,0.9,256,7,0,True,FALSE,15,False,FALSE
B1,Q2,0.9,256,7,7,True,FALSE,15,False,FALSE
B1,Q2,0.9,256,8,0,True,FALSE,18,False,FALSE
B1,Q2,0.9,256,8,8,True,FALSE,18,False,FALSE
B1,Q2,0.9,256,9,0,True,FALSE,9,False,FALSE
B1,Q2,0.9,256,9,9,True,FALSE,9,False,FALSE
B1,Q2,0.9,256,10,0,True,FALSE,21,False,FALSE
B1,Q2,0.9,256,10,10,True,FALSE,15,False,FALSE
B1,Q2,0.9,256,11,0,True,FALSE,3,False,FALSE
B1,Q2,0.9,256,11,11,True,FALSE,3,False,FALSE
B1,Q2,0.9,256,12,0,True,FALSE,24,False,FALSE
B1,Q2,0.9,256,12,12,True,FALSE,12,False,FALSE
B1,Q2,0.9,256,13,0,True,FALSE,33,False,FALSE
B1,Q2,0.9,256,13,13,True,FALSE,21,False,FALSE
B1,Q2,0.9,256,14,0,True,FALSE,6,False,FALSE
B1,Q2,0.9,256,14,1,True,FALSE,3,False,FALSE
B1,Q2,0.9,256,14,14,True,FALSE,3,False,FALSE
B1,Q2,0.9,256,15,0,True,FALSE,21,False,FALSE
B1,Q2,0.9,256,15,14,True,FALSE,6,False,FALSE
B1,Q2,0.9,256,15,15,True,FALSE,15,False,FALSE
B1,Q2,0.9,256,16,0,True,FALSE,12,False,FALSE
B1,Q2,0.9,256,16,16,True,FALSE,12,False,FALSE
B1,Q2,0.9,256,17,0,True,FALSE,12,False,FALSE
B1,Q2,0.9,256,17,17,True,FALSE,12,False,FALSE
B1,Q2,0.9,256,18,0,True,FALSE,12,False,FALSE
B1,Q2,0.9,256,18,18,True,FALSE,12,False,FALSE
B1,Q2,0.9,256,19,0,True,FALSE,12,False,FALSE
B1,Q2,0.9,256,19,19,True,FALSE,6,False,FALSE
B1,Q2,0.9,256,20,0,True,FALSE,12,False,FALSE
B1,Q2,0.9,256,20,17,True,FALSE,6,False,FALSE
B1,Q2,0.9,256,20,20,True,FALSE,6,False,FALSE
B1,Q2,0.9,256,21,0,True,FALSE,6,False,FALSE
B1,Q2,0.9,256,21,21,True,FALSE,6,False,FALSE
B1,Q2,0.9,256,22,0,True,FALSE,12,False,FALSE
B1,Q2,0.9,256,22,22,True,FALSE,12,False,FALSE
B1,Q2,0.9,256,23,0,True,FALSE,9,False,FALSE
B1,Q2,0.9,256,23,23,True,FALSE,9,False,FALSE
B1,Q2,0.9,256,24,0,True,FALSE,6,False,FALSE
B1,Q2,0.9,256,24,24,True,FALSE,6,False,FALSE
B1,Q2,0.9,256,25,0,True,FALSE,12,False,FALSE
B1,Q2,0.9,256,25,25,True,FALSE,12,False,FALSE
B1,Q2,0.9,256,26,0,True,FALSE,6,False,FALSE
B1,Q2,0.9,256,26,26,True,FALSE,6,False,FALSE
B1,Q2,0.9,256,27,0,True,FALSE,12,False,FALSE
B1,Q2,0.9,256,27,27,True,FALSE,12,False,FALSE
B1,Q2,0.9,256,29,0,True,FALSE,9,False,FALSE
B1,Q2,0.9,256,29,29,True,FALSE,3,False,FALSE
B1,Q2,0.9,256,30,0,True,FALSE,12,False,FALSE
B1,Q2,0.9,256,30,30,True,FALSE,12,False,FALSE
B1,Q2,0.9,256,32,0,True,FALSE,9,False,FALSE
B1,Q2,0.9,256,32,32,True,FALSE,9,False,FALSE
B1,Q2,0.9,256,33,0,True,FALSE,12,False,FALSE
B1,Q2,0.9,256,33,33,True,FALSE,12,False,FALSE
B1,Q2,0.9,256,34,0,True,FALSE,6,False,FALSE
B1,Q2,0.9,256,34,34,True,FALSE,6,False,FALSE
B1,Q2,0.9,256,35,0,True,FALSE,6,False,FALSE
B1,Q2,0.9,256,36,0,True,FALSE,9,False,FALSE
B1,Q2,0.9,256,36,4,True,FALSE,3,False,FALSE
B1,Q2,0.9,256,36,36,True,FALSE,6,False,FALSE
B1,Q2,0.9,256,37,0,True,FALSE,12,False,FALSE
B1,Q2,0.9,256,37,37,True,FALSE,12,False,FALSE
B1,Q2,0.9,256,38,0,True,FALSE,12,False,FALSE
B1,Q2,0.9,256,38,38,True,FALSE,12,False,FALSE
B1,Q2,0.9,256,40,0,True,FALSE,12,False,FALSE
B1,Q2,0.9,256,40,40,True,FALSE,12,False,FALSE
B1,Q2,0.9,256,41,0,True,FALSE,6,False,FALSE
B1,Q2,0.9,256,41,41,True,FALSE,6,False,FALSE
B1,Q2,0.9,256,42,0,True,FALSE,9,False,FALSE
B1,Q2,0.9,256,42,42,True,FALSE,9,False,FALSE
B1,Q2,0.9,256,43,0,True,FALSE,3,False,FALSE
B1,Q2,0.9,256,43,6,True,FALSE,3,False,FALSE
B1,Q2,0.9,256,45,0,True,FALSE,24,False,FALSE
B1,Q2,0.9,256,45,45,True,FALSE,24,False,FALSE
B1,Q2,0.9,256,46,0,True,FALSE,12,False,FALSE
B1,Q2,0.9,256,46,46,True,FALSE,12,False,FALSE
B1,Q2,0.9,256,47,0,True,FALSE,18,False,FALSE
B1,Q2,0.9,256,47,47,True,FALSE,18,False,FALSE
B1,Q2,0.9,256,48,0,True,FALSE,18,False,FALSE
B1,Q2,0.9,256,48,48,True,FALSE,18,False,FALSE
B1,Q2,0.9,256,50,0,True,FALSE,9,False,FALSE
B1,Q2,0.9,256,50,3,True,FALSE,3,False,FALSE
B1,Q2,0.9,256,50,50,True,FALSE,6,False,FALSE
B1,Q2,0.9,256,51,0,True,FALSE,12,False,FALSE
B1,Q2,0.9,256,51,51,True,FALSE,12,False,FALSE
B1,Q2,0.9,256,52,0,True,FALSE,6,False,FALSE
B1,Q2,0.9,256,52,52,True,FALSE,6,False,FALSE
B1,Q2,0.9,256,53,0,True,FALSE,12,False,FALSE
B1,Q2,0.9,256,53,53,True,FALSE,12,False,FALSE
B1,Q2,0.9,256,54,0,True,FALSE,18,False,FALSE
B1,Q2,0.9,256,54,54,True,FALSE,18,False,FALSE
B1,Q2,0.9,256,55,0,True,FALSE,6,False,FALSE
B1,Q2,0.9,256,55,55,True,FALSE,6,False,FALSE
B1,Q2,0.9,256,56,0,True,FALSE,6,False,FALSE
B1,Q2,0.9,256,56,56,True,FALSE,6,False,FALSE
B1,Q2,0.9,256,58,0,True,FALSE,18,False,FALSE
B1,Q2,0.9,256,58,58,True,FALSE,18,False,FALSE
B1,Q2,0.9,256,59,0,True,FALSE,6,False,FALSE
B1,Q2,0.9,256,59,59,True,FALSE,6,False,FALSE
B1,Q2,0.9,256,62,0,True,FALSE,6,False,FALSE
B1,Q2,0.9,256,62,62,True,FALSE,6,False,FALSE
B1,Q2,0.9,256,66,0,True,FALSE,12,False,FALSE
B1,Q2,0.9,256,66,66,True,FALSE,12,False,FALSE
B1,Q2,0.9,256,70,0,True,FALSE,18,False,FALSE
B1,Q2,0.9,256,70,70,True,FALSE,18,False,FALSE
B1,Q2,0.9,256,73,0,True,FALSE,12,False,FALSE
B1,Q2,0.9,256,73,73,True,FALSE,12,False,FALSE
B1,Q2,0.9,256,74,0,True,FALSE,6,False,FALSE
B1,Q2,0.9,256,74,74,True,FALSE,6,False,FALSE
B1,Q2,0.9,256,76,0,True,FALSE,8,False,FALSE
B1,Q2,0.9,256,76,76,True,FALSE,8,False,FALSE
B1,Q2,0.9,256,77,0,True,FALSE,10,False,FALSE
B1,Q2,0.9,256,77,77,True,FALSE,10,False,FALSE
B1,Q2,0.9,256,78,0,True,FALSE,6,False,FALSE
B1,Q2,0.9,256,78,78,True,FALSE,6,False,FALSE
B1,Q2,0.9,256,80,0,True,FALSE,18,False,FALSE
B1,Q2,0.9,256,80,80,True,FALSE,18,False,FALSE
B1,Q2,0.9,256,81,0,True,FALSE,6,False,FALSE
B1,Q2,0.9,256,81,81,True,FALSE,6,False,FALSE
B1,Q2,0.9,256,82,0,True,FALSE,6,False,FALSE
B1,Q2,0.9,256,82,82,True,FALSE,6,False,FALSE
B1,Q2,0.9,256,83,0,True,FALSE,6,False,FALSE
B1,Q2,0.9,256,83,83,True,FALSE,6,False,FALSE
B1,Q2,0.9,256,85,0,True,FALSE,6,False,FALSE
B1,Q2,0.9,256,85,85,True,FALSE,6,False,FALSE
B1,Q2,0.9,256,87,0,True,FALSE,3,False,FALSE
B1,Q2,0.9,256,87,87,True,FALSE,3,False,FALSE
B1,Q2,0.9,256,96,0,True,FALSE,12,False,FALSE
B1,Q2,0.9,256,96,96,True,FALSE,12,False,FALSE
B1,Q2,0.9,256,97,0,True,FALSE,6,False,FALSE
B1,Q2,0.9,256,97,97,True,FALSE,6,False,FALSE
B1,Q2,0.9,256,98,0,True,FALSE,14,False,FALSE
B1,Q2,0.9,256,98,98,True,FALSE,14,False,FALSE
B1,Q2,0.9,256,99,0,True,FALSE,10,False,FALSE
B1,Q2,0.9,256,99,99,True,FALSE,10,False,FALSE
B1,Q2,0.9,256,106,0,True,FALSE,6,False,FALSE
B1,Q2,0.9,256,106,106,True,FALSE,6,False,FALSE
B1,Q2,0.9,256,110,0,True,FALSE,6,False,FALSE
B1,Q2,0.9,256,110,110,True,FALSE,6,False,FALSE
B1,Q2,0.9,256,111,0,True,FALSE,6,False,FALSE
B1,Q2,0.9,256,111,111,True,FALSE,6,False,FALSE
B1,Q2,0.9,256,112,0,True,FALSE,15,False,FALSE
B1,Q2,0.9,256,112,112,True,FALSE,15,False,FALSE
B1,Q2,0.9,256,113,0,True,FALSE,12,False,FALSE
B1,Q2,0.9,256,113,113,True,FALSE,12,False,FALSE
B1,Q2,0.9,256,114,0,True,FALSE,6,False,FALSE
B1,Q2,0.9,256,114,114,True,FALSE,6,False,FALSE
B1,Q2,0.9,256,115,0,True,FALSE,12,False,FALSE
B1,Q2,0.9,256,115,115,True,FALSE,12,False,FALSE
B1,Q2,0.9,256,116,0,True,FALSE,12,False,FALSE
B1,Q2,0.9,256,116,116,True,FALSE,12,False,FALSE
B1,Q2,0.9,256,120,0,True,FALSE,9,False,FALSE
B1,Q2,0.9,256,120,68,True,FALSE,3,False,FALSE
B1,Q2,0.9,256,120,120,True,FALSE,6,False,FALSE
B1,Q2,0.9,256,122,0,True,FALSE,12,False,FALSE
B1,Q2,0.9,256,122,122,True,FALSE,12,False,FALSE
B1,Q2,0.9,256,125,0,True,FALSE,6,False,FALSE
B1,Q2,0.9,256,125,125,True,FALSE,6,False,FALSE
B1,Q2,0.9,256,126,0,True,FALSE,12,False,FALSE
B1,Q2,0.9,256,126,126,True,FALSE,12,False,FALSE
B1,Q2,0.9,256,127,0,True,FALSE,3,False,FALSE
B1,Q2,0.9,256,127,83,True,FALSE,3,False,FALSE
B1,Q2,0.9,256,131,0,True,FALSE,6,False,FALSE
B1,Q2,0.9,256,131,131,True,FALSE,6,False,FALSE
B1,Q2,0.9,256,133,0,True,FALSE,9,False,FALSE
B1,Q2,0.9,256,133,133,True,FALSE,9,False,FALSE
B1,Q2,0.9,256,136,0,True,FALSE,6,False,FALSE
B1,Q2,0.9,256,136,136,True,FALSE,6,False,FALSE
B1,Q2,0.9,256,138,0,True,FALSE,9,False,FALSE
B1,Q2,0.9,256,138,138,True,FALSE,9,False,FALSE
B1,Q2,0.9,256,139,0,True,FALSE,12,False,FALSE
B1,Q2,0.9,256,139,139,True,FALSE,12,False,FALSE
B1,Q2,0.9,256,141,0,True,FALSE,6,False,FALSE
B1,Q2,0.9,256,141,141,True,FALSE,6,False,FALSE
B1,Q2,0.9,256,142,0,True,FALSE,9,False,FALSE
B1,Q2,0.9,256,142,141,True,FALSE,3,False,FALSE
B1,Q2,0.9,256,142,142,True,FALSE,6,False,FALSE
B1,Q2,0.9,256,143,0,True,FALSE,6,False,FALSE
B1,Q2,0.9,256,143,143,True,FALSE,6,False,FALSE
B1,Q2,0.9,256,146,0,True,FALSE,6,False,FALSE
B1,Q2,0.9,256,146,146,True,FALSE,6,False,FALSE
B1,Q2,0.9,256,148,0,True,FALSE,3,False,FALSE
B1,Q2,0.9,256,148,146,True,FALSE,3,False,FALSE
B1,Q2,0.9,256,149,0,True,FALSE,6,False,FALSE
B1,Q2,0.9,256,149,149,True,FALSE,6,False,FALSE
B1,Q2,0.9,256,150,0,True,FALSE,6,False,FALSE
B1,Q2,0.9,256,150,150,True,FALSE,6,False,FALSE
B1,Q2,0.9,256,151,0,True,FALSE,6,False,FALSE
B1,Q2,0.9,256,151,151,True,FALSE,6,False,FALSE
B1,Q2,0.9,256,152,0,True,FALSE,6,False,FALSE
B1,Q2,0.9,256,152,152,True,FALSE,6,False,FALSE
B1,Q2,0.9,256,164,0,True,FALSE,6,False,FALSE
B1,Q2,0.9,256,164,164,True,FALSE,6,False,FALSE
B1,Q2,0.9,256,169,0,True,FALSE,6,False,FALSE
B1,Q2,0.9,256,169,169,True,FALSE,6,False,FALSE
B1,Q2,0.9,256,170,0,True,FALSE,18,False,FALSE
B1,Q2,0.9,256,170,170,True,FALSE,18,False,FALSE
B1,Q2,0.9,256,171,0,True,FALSE,6,False,FALSE
B1,Q2,0.9,256,171,171,True,FALSE,6,False,FALSE
B1,Q2,0.9,256,172,0,True,FALSE,12,False,FALSE
B1,Q2,0.9,256,172,172,True,FALSE,12,False,FALSE
B1,Q2,0.9,256,173,0,True,FALSE,3,False,FALSE
B1,Q2,0.9,256,173,63,True,FALSE,3,False,FALSE
B1,Q2,0.9,256,174,0,True,FALSE,9,False,FALSE
B1,Q2,0.9,256,174,68,True,FALSE,3,False,FALSE
B1,Q2,0.9,256,174,174,True,FALSE,6,False,FALSE
B1,Q2,0.9,256,175,0,True,FALSE,6,False,FALSE
B1,Q2,0.9,256,175,175,True,FALSE,6,False,FALSE
B1,Q2,0.9,256,177,0,True,FALSE,6,False,FALSE
B1,Q2,0.9,256,177,177,True,FALSE,6,False,FALSE
B1,Q2,0.9,256,180,0,True,FALSE,6,False,FALSE
B1,Q2,0.9,256,180,180,True,FALSE,6,False,FALSE
B1,Q2,0.9,256,182,0,True,FALSE,6,False,FALSE
B1,Q2,0.9,256,182,182,True,FALSE,6,False,FALSE
B1,Q2,0.9,256,183,0,True,FALSE,6,False,FALSE
B1,Q2,0.9,256,183,183,True,FALSE,6,False,FALSE
B1,Q2,0.9,256,184,0,True,FALSE,6,False,FALSE
B1,Q2,0.9,256,184,184,True,FALSE,6,False,FALSE
B1,Q2,0.9,256,185,0,True,FALSE,6,False,FALSE
B1,Q2,0.9,256,185,185,True,FALSE,6,False,FALSE
B1,Q2,0.9,256,187,0,True,FALSE,3,False,FALSE
B1,Q2,0.9,256,187,187,True,FALSE,3,False,FALSE
B1,Q2,0.9,256,188,0,True,FALSE,3,False,FALSE
B1,Q2,0.9,256,188,188,True,FALSE,3,False,FALSE
B1,Q2,0.9,256,190,0,True,FALSE,12,False,FALSE
B1,Q2,0.9,256,190,190,True,FALSE,12,False,FALSE
B1,Q2,0.9,256,193,0,True,FALSE,9,False,FALSE
B1,Q2,0.9,256,193,193,True,FALSE,9,False,FALSE
B1,Q2,0.9,256,194,0,True,FALSE,6,False,FALSE
B1,Q2,0.9,256,194,194,True,FALSE,6,False,FALSE
B1,Q2,0.9,256,198,0,True,FALSE,3,False,FALSE
B1,Q2,0.9,256,198,198,True,FALSE,3,False,FALSE
B1,Q2,0.9,256,200,0,True,FALSE,6,False,FALSE
B1,Q2,0.9,256,200,200,True,FALSE,6,False,FALSE
B1,Q2,0.9,256,202,0,True,FALSE,6,False,FALSE
B1,Q2,0.9,256,202,202,True,FALSE,6,False,FALSE
B1,Q2,0.9,256,206,0,True,FALSE,6,False,FALSE
B1,Q2,0.9,256,206,206,True,FALSE,6,False,FALSE
B1,Q2,0.9,256,213,0,True,FALSE,6,False,FALSE
B1,Q2,0.9,256,213,213,True,FALSE,6,False,FALSE
B1,Q2,0.9,256,215,0,True,FALSE,6,False,FALSE
B1,Q2,0.9,256,215,215,True,FALSE,6,False,FALSE
B1,Q2,0.9,256,216,0,True,FALSE,6,False,FALSE
B1,Q2,0.9,256,218,0,True,FALSE,6,False,FALSE
B1,Q2,0.9,256,218,218,True,FALSE,6,False,FALSE
B1,Q2,0.9,256,220,0,True,FALSE,6,False,FALSE
B1,Q2,0.9,256,220,220,True,MC_UNRESOLVED,6,False,MC_UNRESOLVED
B1,Q2,0.9,256,221,0,True,FALSE,6,False,FALSE
B1,Q2,0.9,256,221,221,True,MC_UNRESOLVED,6,False,MC_UNRESOLVED
B1,Q2,0.9,256,222,0,True,FALSE,12,False,FALSE
B1,Q2,0.9,256,222,222,True,MC_UNRESOLVED,12,False,MC_UNRESOLVED
B1,Q2,0.9,256,223,0,True,FALSE,6,False,FALSE
B1,Q2,0.9,256,223,223,True,MC_UNRESOLVED,6,False,MC_UNRESOLVED
B1,Q2,0.9,256,224,0,True,FALSE,6,False,FALSE
B1,Q2,0.9,256,224,224,True,MC_UNRESOLVED,6,False,MC_UNRESOLVED
B1,Q2,0.9,256,225,0,True,FALSE,6,False,FALSE
B1,Q2,0.9,256,225,74,True,FALSE,6,False,FALSE
B1,Q2,0.9,256,226,0,True,FALSE,6,False,FALSE
B1,Q2,0.9,256,226,226,True,MC_UNRESOLVED,6,False,MC_UNRESOLVED
B1,Q2,0.9,256,227,0,True,FALSE,12,False,FALSE
B1,Q2,0.9,256,227,227,True,MC_UNRESOLVED,12,False,MC_UNRESOLVED
B1,Q2,0.9,256,228,0,True,FALSE,9,False,FALSE
B1,Q2,0.9,256,228,85,True,FALSE,6,False,FALSE
B1,Q2,0.9,256,228,228,True,MC_UNRESOLVED,3,False,MC_UNRESOLVED
B1,Q2,0.9,256,230,0,True,FALSE,6,False,FALSE
B1,Q2,0.9,256,230,230,True,MC_UNRESOLVED,6,False,MC_UNRESOLVED
B1,Q2,0.9,256,232,0,True,FALSE,6,False,FALSE
B1,Q2,0.9,256,232,232,True,MC_UNRESOLVED,6,True,MC_UNRESOLVED
B1,Q2,0.9,256,233,0,True,FALSE,6,False,FALSE
B1,Q2,0.9,256,233,233,True,MC_UNRESOLVED,6,True,MC_UNRESOLVED
B1,Q2,0.9,256,234,0,True,FALSE,12,False,FALSE
B1,Q2,0.9,256,234,234,True,MC_UNRESOLVED,12,True,MC_UNRESOLVED
B1,Q2,0.9,256,235,0,True,FALSE,6,False,FALSE
B1,Q2,0.9,256,235,234,True,MC_UNRESOLVED,3,True,MC_UNRESOLVED
B1,Q2,0.9,256,235,235,True,MC_UNRESOLVED,3,True,MC_UNRESOLVED
B1,Q2,0.9,256,236,0,True,FALSE,6,False,FALSE
B1,Q2,0.9,256,236,236,True,MC_UNRESOLVED,6,True,MC_UNRESOLVED
B1,Q2,0.9,256,237,0,True,FALSE,6,False,FALSE
B1,Q2,0.9,256,237,237,True,MC_UNRESOLVED,6,True,MC_UNRESOLVED
B1,Q2,0.9,256,238,0,True,FALSE,12,False,FALSE
B1,Q2,0.9,256,238,238,True,MC_UNRESOLVED,12,True,MC_UNRESOLVED
B1,Q2,0.9,256,240,0,True,FALSE,6,False,FALSE
B1,Q2,0.9,256,241,0,True,FALSE,3,False,FALSE
B1,Q2,0.9,256,241,239,True,MC_UNRESOLVED,3,True,MC_UNRESOLVED
B1,Q2,0.9,256,242,0,True,FALSE,6,False,FALSE
B1,Q2,0.9,256,242,242,True,TRUE,6,True,TRUE
B1,Q2,0.9,256,244,0,True,FALSE,6,False,FALSE
B1,Q2,0.9,256,244,244,True,TRUE,6,True,TRUE
B1,Q2,0.9,256,245,0,True,FALSE,6,False,FALSE
B1,Q2,0.9,256,245,245,True,TRUE,6,True,TRUE
B1,Q2,0.9,256,246,0,True,FALSE,15,False,FALSE
B1,Q2,0.9,256,246,246,True,TRUE,15,True,TRUE
B1,Q2,0.9,256,247,0,True,FALSE,6,False,FALSE
B1,Q2,0.9,256,247,247,True,TRUE,6,True,TRUE
B1,Q2,0.9,256,248,0,True,FALSE,12,False,FALSE
B1,Q2,0.9,256,248,248,True,TRUE,12,True,TRUE
B1,Q2,0.9,256,249,0,True,FALSE,9,False,FALSE
B1,Q2,0.9,256,249,249,True,TRUE,9,True,TRUE
B1,Q2,0.9,256,251,0,True,FALSE,9,False,FALSE
B1,Q2,0.9,256,251,107,True,FALSE,6,False,FALSE
B1,Q2,0.9,256,251,251,True,TRUE,3,True,TRUE
B1,Q2,0.9,256,253,0,True,FALSE,24,False,FALSE
B1,Q2,0.9,256,253,106,True,FALSE,6,False,FALSE
B1,Q2,0.9,256,253,253,True,TRUE,12,True,TRUE
B1,Q2,0.9,256,254,0,True,FALSE,12,False,FALSE
B1,Q2,0.9,256,254,254,True,TRUE,12,True,TRUE
B1,Q2,0.9,256,255,0,True,FALSE,33,False,FALSE
B1,Q2,0.9,256,255,255,True,TRUE,33,True,TRUE
B1,Q2,0.9,256,256,0,True,FALSE,36216,False,FALSE
B1,Q2,0.9,256,256,1,True,FALSE,18,False,FALSE
B1,Q2,0.9,256,256,2,True,FALSE,18,False,FALSE
B1,Q2,0.9,256,256,3,True,FALSE,9,False,FALSE
B1,Q2,0.9,256,256,4,True,FALSE,9,False,FALSE
B1,Q2,0.9,256,256,5,True,FALSE,12,False,FALSE
B1,Q2,0.9,256,256,7,True,FALSE,6,False,FALSE
B1,Q2,0.9,256,256,8,True,FALSE,6,False,FALSE
B1,Q2,0.9,256,256,9,True,FALSE,6,False,FALSE
B1,Q2,0.9,256,256,10,True,FALSE,6,False,FALSE
B1,Q2,0.9,256,256,11,True,FALSE,9,False,FALSE
B1,Q2,0.9,256,256,13,True,FALSE,3,False,FALSE
B1,Q2,0.9,256,256,14,True,FALSE,12,False,FALSE
B1,Q2,0.9,256,256,16,True,FALSE,6,False,FALSE
B1,Q2,0.9,256,256,17,True,FALSE,6,False,FALSE
B1,Q2,0.9,256,256,20,True,FALSE,3,False,FALSE
B1,Q2,0.9,256,256,22,True,FALSE,3,False,FALSE
B1,Q2,0.9,256,256,24,True,FALSE,9,False,FALSE
B1,Q2,0.9,256,256,25,True,FALSE,9,False,FALSE
B1,Q2,0.9,256,256,30,True,FALSE,9,False,FALSE
B1,Q2,0.9,256,256,33,True,FALSE,3,False,FALSE
B1,Q2,0.9,256,256,34,True,FALSE,6,False,FALSE
B1,Q2,0.9,256,256,36,True,FALSE,6,False,FALSE
B1,Q2,0.9,256,256,38,True,FALSE,12,False,FALSE
B1,Q2,0.9,256,256,44,True,FALSE,6,False,FALSE
B1,Q2,0.9,256,256,50,True,FALSE,3,False,FALSE
B1,Q2,0.9,256,256,52,True,FALSE,3,False,FALSE
B1,Q2,0.9,256,256,55,True,FALSE,3,False,FALSE
B1,Q2,0.9,256,256,56,True,FALSE,6,False,FALSE
B1,Q2,0.9,256,256,57,True,FALSE,6,False,FALSE
B1,Q2,0.9,256,256,59,True,FALSE,6,False,FALSE
B1,Q2,0.9,256,256,61,True,FALSE,12,False,FALSE
B1,Q2,0.9,256,256,63,True,FALSE,6,False,FALSE
B1,Q2,0.9,256,256,66,True,FALSE,12,False,FALSE
B1,Q2,0.9,256,256,68,True,FALSE,3,False,FALSE
B1,Q2,0.9,256,256,69,True,FALSE,6,False,FALSE
B1,Q2,0.9,256,256,74,True,FALSE,6,False,FALSE
B1,Q2,0.9,256,256,76,True,FALSE,3,False,FALSE
B1,Q2,0.9,256,256,85,True,FALSE,6,False,FALSE
B1,Q2,0.9,256,256,87,True,FALSE,3,False,FALSE
B1,Q2,0.9,256,256,89,True,FALSE,3,False,FALSE
B1,Q2,0.9,256,256,90,True,FALSE,6,False,FALSE
B1,Q2,0.9,256,256,91,True,FALSE,6,False,FALSE
B1,Q2,0.9,256,256,103,True,FALSE,6,False,FALSE
B1,Q2,0.9,256,256,104,True,FALSE,3,False,FALSE
B1,Q2,0.9,256,256,106,True,FALSE,6,False,FALSE
B1,Q2,0.9,256,256,107,True,FALSE,6,False,FALSE
B1,Q2,0.9,256,256,108,True,FALSE,6,False,FALSE
B1,Q2,0.9,256,256,109,True,FALSE,3,False,FALSE
B1,Q2,0.9,256,256,113,True,FALSE,3,False,FALSE
B1,Q2,0.9,256,256,121,True,FALSE,6,False,FALSE
B1,Q2,0.9,256,256,132,True,FALSE,6,False,FALSE
B1,Q2,0.9,256,256,134,True,FALSE,9,False,FALSE
B1,Q2,0.9,256,256,141,True,FALSE,3,False,FALSE
B1,Q2,0.9,256,256,144,True,FALSE,3,False,FALSE
B1,Q2,0.9,256,256,146,True,FALSE,3,False,FALSE
B1,Q2,0.9,256,256,150,True,FALSE,6,False,FALSE
B1,Q2,0.9,256,256,180,True,FALSE,3,False,FALSE
B1,Q2,0.9,256,256,184,True,FALSE,6,False,FALSE
B1,Q2,0.9,256,256,187,True,FALSE,3,False,FALSE
B1,Q2,0.9,256,256,188,True,FALSE,6,False,FALSE
B1,Q2,0.9,256,256,195,True,FALSE,6,False,FALSE
B1,Q2,0.9,256,256,197,True,FALSE,6,False,FALSE
B1,Q2,0.9,256,256,207,True,FALSE,12,False,FALSE
B1,Q2,0.9,256,256,214,True,FALSE,6,False,FALSE
B1,Q2,0.9,256,256,219,True,FALSE,6,False,FALSE
B1,Q2,0.9,256,256,221,True,MC_UNRESOLVED,9,False,MC_UNRESOLVED
B1,Q2,0.9,256,256,226,True,MC_UNRESOLVED,6,False,MC_UNRESOLVED
B1,Q2,0.9,256,256,229,True,MC_UNRESOLVED,6,False,MC_UNRESOLVED
B1,Q2,0.9,256,256,230,True,MC_UNRESOLVED,3,False,MC_UNRESOLVED
B1,Q2,0.9,256,256,232,True,MC_UNRESOLVED,6,True,MC_UNRESOLVED
B1,Q2,0.9,256,256,233,True,MC_UNRESOLVED,3,True,MC_UNRESOLVED
B1,Q2,0.9,256,256,234,True,MC_UNRESOLVED,3,True,MC_UNRESOLVED
B1,Q2,0.9,256,256,235,True,MC_UNRESOLVED,3,True,MC_UNRESOLVED
B1,Q2,0.9,256,256,236,True,MC_UNRESOLVED,6,True,MC_UNRESOLVED
B1,Q2,0.9,256,256,239,True,MC_UNRESOLVED,3,True,MC_UNRESOLVED
B1,Q2,0.9,256,256,241,True,MC_UNRESOLVED,12,True,MC_UNRESOLVED
B1,Q2,0.9,256,256,244,True,TRUE,3,True,TRUE
B1,Q2,0.9,256,256,245,True,TRUE,6,True,TRUE
B1,Q2,0.9,256,256,246,True,TRUE,3,True,TRUE
B1,Q2,0.9,256,256,248,True,TRUE,3,True,TRUE
B1,Q2,0.9,256,256,249,True,TRUE,6,True,TRUE
B1,Q2,0.9,256,256,252,True,TRUE,6,True,TRUE
B1,Q2,0.9,256,256,253,True,TRUE,21,True,TRUE
B1,Q2,0.9,256,256,254,True,TRUE,3,True,TRUE
B1,Q2,0.9,256,256,255,True,TRUE,21,True,TRUE
B1,Q2,0.9,256,256,256,True,TRUE,31368,True,TRUE
B1,Q1,1,256,0,0,False,FALSE,21816,False,FALSE
B1,Q1,1,256,0,0,True,FALSE,25308,False,FALSE
B1,Q1,1,256,1,0,True,FALSE,18,False,FALSE
B1,Q1,1,256,1,1,True,FALSE,105,False,FALSE
B1,Q1,1,256,2,0,True,FALSE,6,False,FALSE
B1,Q1,1,256,2,2,True,FALSE,69,False,FALSE
B1,Q1,1,256,3,3,True,FALSE,66,False,FALSE
B1,Q1,1,256,4,0,True,FALSE,6,False,FALSE
B1,Q1,1,256,4,4,True,FALSE,45,False,FALSE
B1,Q1,1,256,5,5,True,FALSE,54,False,FALSE
B1,Q1,1,256,6,6,True,FALSE,30,False,FALSE
B1,Q1,1,256,7,7,True,FALSE,15,False,FALSE
B1,Q1,1,256,8,8,True,FALSE,18,False,FALSE
B1,Q1,1,256,9,9,True,FALSE,9,False,FALSE
B1,Q1,1,256,10,0,True,FALSE,3,False,FALSE
B1,Q1,1,256,10,10,True,FALSE,15,False,FALSE
B1,Q1,1,256,11,11,True,FALSE,3,False,FALSE
B1,Q1,1,256,12,0,True,FALSE,6,False,FALSE
B1,Q1,1,256,12,12,True,FALSE,12,False,FALSE
B1,Q1,1,256,13,0,True,FALSE,6,False,FALSE
B1,Q1,1,256,13,13,True,FALSE,21,False,FALSE
B1,Q1,1,256,14,1,True,FALSE,3,False,FALSE
B1,Q1,1,256,14,14,True,FALSE,3,False,FALSE
B1,Q1,1,256,15,14,True,FALSE,6,False,FALSE
B1,Q1,1,256,15,15,True,FALSE,15,False,FALSE
B1,Q1,1,256,16,16,True,FALSE,12,False,FALSE
B1,Q1,1,256,17,17,True,FALSE,12,False,FALSE
B1,Q1,1,256,18,18,True,FALSE,12,False,FALSE
B1,Q1,1,256,19,0,True,FALSE,3,False,FALSE
B1,Q1,1,256,19,19,True,FALSE,6,False,FALSE
B1,Q1,1,256,20,17,True,FALSE,6,False,FALSE
B1,Q1,1,256,20,20,True,FALSE,6,False,FALSE
B1,Q1,1,256,21,21,True,FALSE,6,False,FALSE
B1,Q1,1,256,22,22,True,FALSE,12,False,FALSE
B1,Q1,1,256,23,23,True,FALSE,9,False,FALSE
B1,Q1,1,256,24,24,True,FALSE,6,False,FALSE
B1,Q1,1,256,25,25,True,FALSE,12,False,FALSE
B1,Q1,1,256,26,26,True,FALSE,6,False,FALSE
B1,Q1,1,256,27,27,True,FALSE,12,False,FALSE
B1,Q1,1,256,29,0,True,FALSE,3,False,FALSE
B1,Q1,1,256,29,29,True,FALSE,3,False,FALSE
B1,Q1,1,256,30,30,True,FALSE,12,False,FALSE
B1,Q1,1,256,32,32,True,FALSE,9,False,FALSE
B1,Q1,1,256,33,33,True,FALSE,12,False,FALSE
B1,Q1,1,256,34,34,True,FALSE,6,False,FALSE
B1,Q1,1,256,35,0,True,FALSE,3,False,FALSE
B1,Q1,1,256,36,4,True,FALSE,3,False,FALSE
B1,Q1,1,256,36,36,True,FALSE,6,False,FALSE
B1,Q1,1,256,37,37,True,FALSE,12,False,FALSE
B1,Q1,1,256,38,38,True,FALSE,12,False,FALSE
B1,Q1,1,256,40,40,True,FALSE,12,False,FALSE
B1,Q1,1,256,41,41,True,FALSE,6,False,FALSE
B1,Q1,1,256,42,42,True,FALSE,9,False,FALSE
B1,Q1,1,256,43,6,True,FALSE,3,False,FALSE
B1,Q1,1,256,45,45,True,FALSE,24,False,FALSE
B1,Q1,1,256,46,46,True,FALSE,12,False,FALSE
B1,Q1,1,256,47,47,True,FALSE,18,False,FALSE
B1,Q1,1,256,48,48,True,FALSE,18,False,FALSE
B1,Q1,1,256,50,3,True,FALSE,3,False,FALSE
B1,Q1,1,256,50,50,True,FALSE,6,False,FALSE
B1,Q1,1,256,51,51,True,FALSE,12,False,FALSE
B1,Q1,1,256,52,52,True,FALSE,6,False,FALSE
B1,Q1,1,256,53,53,True,FALSE,12,False,FALSE
B1,Q1,1,256,54,54,True,FALSE,18,False,FALSE
B1,Q1,1,256,55,55,True,FALSE,6,False,FALSE
B1,Q1,1,256,56,56,True,FALSE,6,False,FALSE
B1,Q1,1,256,58,58,True,FALSE,18,False,FALSE
B1,Q1,1,256,59,59,True,FALSE,6,False,FALSE
B1,Q1,1,256,62,62,True,FALSE,6,False,FALSE
B1,Q1,1,256,66,66,True,FALSE,12,False,FALSE
B1,Q1,1,256,70,70,True,FALSE,18,False,FALSE
B1,Q1,1,256,73,73,True,FALSE,12,False,FALSE
B1,Q1,1,256,74,74,True,FALSE,6,False,FALSE
B1,Q1,1,256,76,76,True,FALSE,8,False,FALSE
B1,Q1,1,256,77,77,True,FALSE,10,False,FALSE
B1,Q1,1,256,78,78,True,FALSE,6,False,FALSE
B1,Q1,1,256,80,80,True,FALSE,18,False,FALSE
B1,Q1,1,256,81,81,True,FALSE,6,False,FALSE
B1,Q1,1,256,82,82,True,FALSE,6,False,FALSE
B1,Q1,1,256,83,83,True,FALSE,6,False,FALSE
B1,Q1,1,256,85,85,True,FALSE,6,False,FALSE
B1,Q1,1,256,87,87,True,FALSE,3,False,FALSE
B1,Q1,1,256,96,96,True,FALSE,12,False,FALSE
B1,Q1,1,256,97,97,True,FALSE,6,False,FALSE
B1,Q1,1,256,98,98,True,FALSE,14,False,FALSE
B1,Q1,1,256,99,99,True,FALSE,10,False,FALSE
B1,Q1,1,256,106,106,True,FALSE,6,False,FALSE
B1,Q1,1,256,110,110,True,FALSE,6,False,FALSE
B1,Q1,1,256,111,111,True,FALSE,6,False,FALSE
B1,Q1,1,256,112,112,True,FALSE,15,False,FALSE
B1,Q1,1,256,113,113,True,FALSE,12,False,FALSE
B1,Q1,1,256,114,114,True,FALSE,6,False,FALSE
B1,Q1,1,256,115,115,True,FALSE,12,False,FALSE
B1,Q1,1,256,116,116,True,FALSE,12,False,FALSE
B1,Q1,1,256,120,68,True,FALSE,3,False,FALSE
B1,Q1,1,256,120,120,True,FALSE,6,False,FALSE
B1,Q1,1,256,122,122,True,FALSE,12,False,FALSE
B1,Q1,1,256,125,125,True,FALSE,6,False,FALSE
B1,Q1,1,256,126,126,True,FALSE,12,False,FALSE
B1,Q1,1,256,127,83,True,FALSE,3,False,FALSE
B1,Q1,1,256,131,131,True,FALSE,6,False,FALSE
B1,Q1,1,256,133,133,True,FALSE,9,False,FALSE
B1,Q1,1,256,136,136,True,FALSE,6,False,FALSE
B1,Q1,1,256,138,138,True,FALSE,9,False,FALSE
B1,Q1,1,256,139,139,True,FALSE,12,False,FALSE
B1,Q1,1,256,141,141,True,FALSE,6,False,FALSE
B1,Q1,1,256,142,141,True,FALSE,3,False,FALSE
B1,Q1,1,256,142,142,True,FALSE,6,False,FALSE
B1,Q1,1,256,143,143,True,FALSE,6,False,FALSE
B1,Q1,1,256,146,146,True,FALSE,6,False,FALSE
B1,Q1,1,256,148,146,True,FALSE,3,False,FALSE
B1,Q1,1,256,149,149,True,FALSE,6,False,FALSE
B1,Q1,1,256,150,150,True,FALSE,6,False,FALSE
B1,Q1,1,256,151,151,True,FALSE,6,False,FALSE
B1,Q1,1,256,152,152,True,FALSE,6,False,FALSE
B1,Q1,1,256,164,164,True,FALSE,6,False,FALSE
B1,Q1,1,256,169,169,True,FALSE,6,False,FALSE
B1,Q1,1,256,170,170,True,FALSE,18,False,FALSE
B1,Q1,1,256,171,171,True,FALSE,6,False,FALSE
B1,Q1,1,256,172,172,True,FALSE,12,False,FALSE
B1,Q1,1,256,173,63,True,FALSE,3,False,FALSE
B1,Q1,1,256,174,68,True,FALSE,3,False,FALSE
B1,Q1,1,256,174,174,True,FALSE,6,False,FALSE
B1,Q1,1,256,175,175,True,FALSE,6,False,FALSE
B1,Q1,1,256,177,177,True,FALSE,6,False,FALSE
B1,Q1,1,256,180,180,True,FALSE,6,False,FALSE
B1,Q1,1,256,182,182,True,FALSE,6,False,FALSE
B1,Q1,1,256,183,183,True,FALSE,6,False,FALSE
B1,Q1,1,256,184,184,True,FALSE,6,False,FALSE
B1,Q1,1,256,185,185,True,FALSE,6,False,FALSE
B1,Q1,1,256,187,187,True,FALSE,3,False,FALSE
B1,Q1,1,256,188,188,True,FALSE,3,False,FALSE
B1,Q1,1,256,190,190,True,FALSE,12,False,FALSE
B1,Q1,1,256,193,193,True,FALSE,9,False,FALSE
B1,Q1,1,256,194,194,True,FALSE,6,False,FALSE
B1,Q1,1,256,198,198,True,FALSE,3,False,FALSE
B1,Q1,1,256,200,200,True,FALSE,6,False,FALSE
B1,Q1,1,256,202,202,True,FALSE,6,False,FALSE
B1,Q1,1,256,206,206,True,FALSE,6,False,FALSE
B1,Q1,1,256,213,213,True,FALSE,6,False,FALSE
B1,Q1,1,256,215,215,True,FALSE,6,False,FALSE
B1,Q1,1,256,216,0,True,FALSE,3,False,FALSE
B1,Q1,1,256,218,218,True,FALSE,6,False,FALSE
B1,Q1,1,256,220,220,True,FALSE,6,False,FALSE
B1,Q1,1,256,221,221,True,FALSE,6,False,FALSE
B1,Q1,1,256,222,222,True,FALSE,12,False,FALSE
B1,Q1,1,256,223,223,True,FALSE,6,False,FALSE
B1,Q1,1,256,224,224,True,FALSE,6,False,FALSE
B1,Q1,1,256,225,74,True,FALSE,6,False,FALSE
B1,Q1,1,256,226,226,True,FALSE,6,False,FALSE
B1,Q1,1,256,227,227,True,FALSE,12,False,FALSE
B1,Q1,1,256,228,85,True,FALSE,6,False,FALSE
B1,Q1,1,256,228,228,True,FALSE,3,False,FALSE
B1,Q1,1,256,230,230,True,FALSE,6,False,FALSE
B1,Q1,1,256,232,232,True,FALSE,6,False,FALSE
B1,Q1,1,256,233,233,True,FALSE,6,False,FALSE
B1,Q1,1,256,234,234,True,FALSE,12,False,FALSE
B1,Q1,1,256,235,234,True,FALSE,3,False,FALSE
B1,Q1,1,256,235,235,True,FALSE,3,False,FALSE
B1,Q1,1,256,236,236,True,FALSE,6,False,FALSE
B1,Q1,1,256,237,237,True,FALSE,6,False,FALSE
B1,Q1,1,256,238,238,True,FALSE,12,False,FALSE
B1,Q1,1,256,240,0,True,FALSE,3,False,FALSE
B1,Q1,1,256,241,239,True,FALSE,3,False,FALSE
B1,Q1,1,256,242,242,True,FALSE,6,False,FALSE
B1,Q1,1,256,244,244,True,FALSE,6,False,FALSE
B1,Q1,1,256,245,245,True,FALSE,6,False,FALSE
B1,Q1,1,256,246,246,True,FALSE,15,False,FALSE
B1,Q1,1,256,247,247,True,FALSE,6,False,FALSE
B1,Q1,1,256,248,248,True,FALSE,12,False,FALSE
B1,Q1,1,256,249,249,True,FALSE,9,False,FALSE
B1,Q1,1,256,251,107,True,FALSE,6,False,FALSE
B1,Q1,1,256,251,251,True,FALSE,3,False,FALSE
B1,Q1,1,256,253,0,True,FALSE,3,False,FALSE
B1,Q1,1,256,253,106,True,FALSE,6,False,FALSE
B1,Q1,1,256,253,253,True,FALSE,12,False,FALSE
B1,Q1,1,256,254,254,True,FALSE,12,False,FALSE
B1,Q1,1,256,255,255,True,FALSE,33,False,FALSE
B1,Q1,1,256,256,0,True,MC_UNRESOLVED,2151,True,MC_UNRESOLVED
B1,Q1,1,256,256,1,True,MC_UNRESOLVED,18,True,MC_UNRESOLVED
B1,Q1,1,256,256,2,True,MC_UNRESOLVED,18,True,MC_UNRESOLVED
B1,Q1,1,256,256,3,True,MC_UNRESOLVED,9,True,MC_UNRESOLVED
B1,Q1,1,256,256,4,True,MC_UNRESOLVED,9,True,MC_UNRESOLVED
B1,Q1,1,256,256,5,True,MC_UNRESOLVED,12,True,MC_UNRESOLVED
B1,Q1,1,256,256,7,True,MC_UNRESOLVED,6,True,MC_UNRESOLVED
B1,Q1,1,256,256,8,True,MC_UNRESOLVED,6,True,MC_UNRESOLVED
B1,Q1,1,256,256,9,True,MC_UNRESOLVED,6,True,MC_UNRESOLVED
B1,Q1,1,256,256,10,True,MC_UNRESOLVED,6,True,MC_UNRESOLVED
B1,Q1,1,256,256,11,True,MC_UNRESOLVED,9,True,MC_UNRESOLVED
B1,Q1,1,256,256,13,True,MC_UNRESOLVED,3,True,MC_UNRESOLVED
B1,Q1,1,256,256,14,True,MC_UNRESOLVED,12,True,MC_UNRESOLVED
B1,Q1,1,256,256,16,True,MC_UNRESOLVED,6,True,MC_UNRESOLVED
B1,Q1,1,256,256,17,True,MC_UNRESOLVED,6,True,MC_UNRESOLVED
B1,Q1,1,256,256,20,True,MC_UNRESOLVED,3,True,MC_UNRESOLVED
B1,Q1,1,256,256,22,True,MC_UNRESOLVED,3,True,MC_UNRESOLVED
B1,Q1,1,256,256,24,True,MC_UNRESOLVED,9,True,MC_UNRESOLVED
B1,Q1,1,256,256,25,True,MC_UNRESOLVED,9,True,MC_UNRESOLVED
B1,Q1,1,256,256,30,True,MC_UNRESOLVED,9,True,MC_UNRESOLVED
B1,Q1,1,256,256,33,True,MC_UNRESOLVED,3,True,MC_UNRESOLVED
B1,Q1,1,256,256,34,True,MC_UNRESOLVED,6,True,MC_UNRESOLVED
B1,Q1,1,256,256,36,True,MC_UNRESOLVED,6,True,MC_UNRESOLVED
B1,Q1,1,256,256,38,True,MC_UNRESOLVED,12,True,MC_UNRESOLVED
B1,Q1,1,256,256,44,True,MC_UNRESOLVED,6,True,MC_UNRESOLVED
B1,Q1,1,256,256,50,True,MC_UNRESOLVED,3,True,MC_UNRESOLVED
B1,Q1,1,256,256,52,True,MC_UNRESOLVED,3,True,MC_UNRESOLVED
B1,Q1,1,256,256,55,True,MC_UNRESOLVED,3,True,MC_UNRESOLVED
B1,Q1,1,256,256,56,True,MC_UNRESOLVED,6,True,MC_UNRESOLVED
B1,Q1,1,256,256,57,True,MC_UNRESOLVED,6,True,MC_UNRESOLVED
B1,Q1,1,256,256,59,True,MC_UNRESOLVED,6,True,MC_UNRESOLVED
B1,Q1,1,256,256,61,True,MC_UNRESOLVED,12,True,MC_UNRESOLVED
B1,Q1,1,256,256,63,True,MC_UNRESOLVED,6,True,MC_UNRESOLVED
B1,Q1,1,256,256,66,True,MC_UNRESOLVED,12,True,MC_UNRESOLVED
B1,Q1,1,256,256,68,True,MC_UNRESOLVED,3,True,MC_UNRESOLVED
B1,Q1,1,256,256,69,True,MC_UNRESOLVED,6,True,MC_UNRESOLVED
B1,Q1,1,256,256,74,True,MC_UNRESOLVED,6,True,MC_UNRESOLVED
B1,Q1,1,256,256,76,True,MC_UNRESOLVED,3,True,MC_UNRESOLVED
B1,Q1,1,256,256,85,True,MC_UNRESOLVED,6,True,MC_UNRESOLVED
B1,Q1,1,256,256,87,True,MC_UNRESOLVED,3,True,MC_UNRESOLVED
B1,Q1,1,256,256,89,True,MC_UNRESOLVED,3,True,MC_UNRESOLVED
B1,Q1,1,256,256,90,True,MC_UNRESOLVED,6,True,MC_UNRESOLVED
B1,Q1,1,256,256,91,True,MC_UNRESOLVED,6,True,MC_UNRESOLVED
B1,Q1,1,256,256,103,True,MC_UNRESOLVED,6,True,MC_UNRESOLVED
B1,Q1,1,256,256,104,True,MC_UNRESOLVED,3,True,MC_UNRESOLVED
B1,Q1,1,256,256,106,True,MC_UNRESOLVED,6,True,MC_UNRESOLVED
B1,Q1,1,256,256,107,True,MC_UNRESOLVED,6,True,MC_UNRESOLVED
B1,Q1,1,256,256,108,True,MC_UNRESOLVED,6,True,MC_UNRESOLVED
B1,Q1,1,256,256,109,True,MC_UNRESOLVED,3,True,MC_UNRESOLVED
B1,Q1,1,256,256,113,True,MC_UNRESOLVED,3,True,MC_UNRESOLVED
B1,Q1,1,256,256,121,True,MC_UNRESOLVED,6,True,MC_UNRESOLVED
B1,Q1,1,256,256,132,True,MC_UNRESOLVED,6,True,MC_UNRESOLVED
B1,Q1,1,256,256,134,True,MC_UNRESOLVED,9,True,MC_UNRESOLVED
B1,Q1,1,256,256,141,True,MC_UNRESOLVED,3,True,MC_UNRESOLVED
B1,Q1,1,256,256,144,True,MC_UNRESOLVED,3,True,MC_UNRESOLVED
B1,Q1,1,256,256,146,True,MC_UNRESOLVED,3,True,MC_UNRESOLVED
B1,Q1,1,256,256,150,True,MC_UNRESOLVED,6,True,MC_UNRESOLVED
B1,Q1,1,256,256,180,True,MC_UNRESOLVED,3,True,MC_UNRESOLVED
B1,Q1,1,256,256,184,True,MC_UNRESOLVED,6,True,MC_UNRESOLVED
B1,Q1,1,256,256,187,True,MC_UNRESOLVED,3,True,MC_UNRESOLVED
B1,Q1,1,256,256,188,True,MC_UNRESOLVED,6,True,MC_UNRESOLVED
B1,Q1,1,256,256,195,True,MC_UNRESOLVED,6,True,MC_UNRESOLVED
B1,Q1,1,256,256,197,True,MC_UNRESOLVED,6,True,MC_UNRESOLVED
B1,Q1,1,256,256,207,True,MC_UNRESOLVED,12,True,MC_UNRESOLVED
B1,Q1,1,256,256,214,True,MC_UNRESOLVED,6,True,MC_UNRESOLVED
B1,Q1,1,256,256,219,True,MC_UNRESOLVED,6,True,MC_UNRESOLVED
B1,Q1,1,256,256,221,True,MC_UNRESOLVED,9,True,MC_UNRESOLVED
B1,Q1,1,256,256,226,True,MC_UNRESOLVED,6,True,MC_UNRESOLVED
B1,Q1,1,256,256,229,True,MC_UNRESOLVED,6,True,MC_UNRESOLVED
B1,Q1,1,256,256,230,True,MC_UNRESOLVED,3,True,MC_UNRESOLVED
B1,Q1,1,256,256,232,True,MC_UNRESOLVED,6,True,MC_UNRESOLVED
B1,Q1,1,256,256,233,True,MC_UNRESOLVED,3,True,MC_UNRESOLVED
B1,Q1,1,256,256,234,True,MC_UNRESOLVED,3,True,MC_UNRESOLVED
B1,Q1,1,256,256,235,True,MC_UNRESOLVED,3,True,MC_UNRESOLVED
B1,Q1,1,256,256,236,True,MC_UNRESOLVED,6,True,MC_UNRESOLVED
B1,Q1,1,256,256,239,True,MC_UNRESOLVED,3,True,MC_UNRESOLVED
B1,Q1,1,256,256,241,True,MC_UNRESOLVED,12,True,MC_UNRESOLVED
B1,Q1,1,256,256,244,True,MC_UNRESOLVED,3,True,MC_UNRESOLVED
B1,Q1,1,256,256,245,True,MC_UNRESOLVED,6,True,MC_UNRESOLVED
B1,Q1,1,256,256,246,True,MC_UNRESOLVED,3,True,MC_UNRESOLVED
B1,Q1,1,256,256,248,True,MC_UNRESOLVED,3,True,MC_UNRESOLVED
B1,Q1,1,256,256,249,True,MC_UNRESOLVED,6,True,MC_UNRESOLVED
B1,Q1,1,256,256,252,True,MC_UNRESOLVED,6,True,MC_UNRESOLVED
B1,Q1,1,256,256,253,True,MC_UNRESOLVED,21,True,MC_UNRESOLVED
B1,Q1,1,256,256,254,True,MC_UNRESOLVED,3,True,MC_UNRESOLVED
B1,Q1,1,256,256,255,True,MC_UNRESOLVED,21,True,MC_UNRESOLVED
B1,Q1,1,256,256,256,True,MC_UNRESOLVED,31368,True,MC_UNRESOLVED
B1,Q2,1,256,0,0,False,FALSE,43632,False,FALSE
B1,Q2,1,256,0,0,True,FALSE,50616,False,FALSE
B1,Q2,1,256,1,0,True,FALSE,141,False,FALSE
B1,Q2,1,256,1,1,True,FALSE,105,False,FALSE
B1,Q2,1,256,2,0,True,FALSE,81,False,FALSE
B1,Q2,1,256,2,2,True,FALSE,69,False,FALSE
B1,Q2,1,256,3,0,True,FALSE,66,False,FALSE
B1,Q2,1,256,3,3,True,FALSE,66,False,FALSE
B1,Q2,1,256,4,0,True,FALSE,57,False,FALSE
B1,Q2,1,256,4,4,True,FALSE,45,False,FALSE
B1,Q2,1,256,5,0,True,FALSE,54,False,FALSE
B1,Q2,1,256,5,5,True,FALSE,54,False,FALSE
B1,Q2,1,256,6,0,True,FALSE,30,False,FALSE
B1,Q2,1,256,6,6,True,FALSE,30,False,FALSE
B1,Q2,1,256,7,0,True,FALSE,15,False,FALSE
B1,Q2,1,256,7,7,True,FALSE,15,False,FALSE
B1,Q2,1,256,8,0,True,FALSE,18,False,FALSE
B1,Q2,1,256,8,8,True,FALSE,18,False,FALSE
B1,Q2,1,256,9,0,True,FALSE,9,False,FALSE
B1,Q2,1,256,9,9,True,FALSE,9,False,FALSE
B1,Q2,1,256,10,0,True,FALSE,21,False,FALSE
B1,Q2,1,256,10,10,True,FALSE,15,False,FALSE
B1,Q2,1,256,11,0,True,FALSE,3,False,FALSE
B1,Q2,1,256,11,11,True,FALSE,3,False,FALSE
B1,Q2,1,256,12,0,True,FALSE,24,False,FALSE
B1,Q2,1,256,12,12,True,FALSE,12,False,FALSE
B1,Q2,1,256,13,0,True,FALSE,33,False,FALSE
B1,Q2,1,256,13,13,True,FALSE,21,False,FALSE
B1,Q2,1,256,14,0,True,FALSE,6,False,FALSE
B1,Q2,1,256,14,1,True,FALSE,3,False,FALSE
B1,Q2,1,256,14,14,True,FALSE,3,False,FALSE
B1,Q2,1,256,15,0,True,FALSE,21,False,FALSE
B1,Q2,1,256,15,14,True,FALSE,6,False,FALSE
B1,Q2,1,256,15,15,True,FALSE,15,False,FALSE
B1,Q2,1,256,16,0,True,FALSE,12,False,FALSE
B1,Q2,1,256,16,16,True,FALSE,12,False,FALSE
B1,Q2,1,256,17,0,True,FALSE,12,False,FALSE
B1,Q2,1,256,17,17,True,FALSE,12,False,FALSE
B1,Q2,1,256,18,0,True,FALSE,12,False,FALSE
B1,Q2,1,256,18,18,True,FALSE,12,False,FALSE
B1,Q2,1,256,19,0,True,FALSE,12,False,FALSE
B1,Q2,1,256,19,19,True,FALSE,6,False,FALSE
B1,Q2,1,256,20,0,True,FALSE,12,False,FALSE
B1,Q2,1,256,20,17,True,FALSE,6,False,FALSE
B1,Q2,1,256,20,20,True,FALSE,6,False,FALSE
B1,Q2,1,256,21,0,True,FALSE,6,False,FALSE
B1,Q2,1,256,21,21,True,FALSE,6,False,FALSE
B1,Q2,1,256,22,0,True,FALSE,12,False,FALSE
B1,Q2,1,256,22,22,True,FALSE,12,False,FALSE
B1,Q2,1,256,23,0,True,FALSE,9,False,FALSE
B1,Q2,1,256,23,23,True,FALSE,9,False,FALSE
B1,Q2,1,256,24,0,True,FALSE,6,False,FALSE
B1,Q2,1,256,24,24,True,FALSE,6,False,FALSE
B1,Q2,1,256,25,0,True,FALSE,12,False,FALSE
B1,Q2,1,256,25,25,True,FALSE,12,False,FALSE
B1,Q2,1,256,26,0,True,FALSE,6,False,FALSE
B1,Q2,1,256,26,26,True,FALSE,6,False,FALSE
B1,Q2,1,256,27,0,True,FALSE,12,False,FALSE
B1,Q2,1,256,27,27,True,FALSE,12,False,FALSE
B1,Q2,1,256,29,0,True,FALSE,9,False,FALSE
B1,Q2,1,256,29,29,True,FALSE,3,False,FALSE
B1,Q2,1,256,30,0,True,FALSE,12,False,FALSE
B1,Q2,1,256,30,30,True,FALSE,12,False,FALSE
B1,Q2,1,256,32,0,True,FALSE,9,False,FALSE
B1,Q2,1,256,32,32,True,FALSE,9,False,FALSE
B1,Q2,1,256,33,0,True,FALSE,12,False,FALSE
B1,Q2,1,256,33,33,True,FALSE,12,False,FALSE
B1,Q2,1,256,34,0,True,FALSE,6,False,FALSE
B1,Q2,1,256,34,34,True,FALSE,6,False,FALSE
B1,Q2,1,256,35,0,True,FALSE,6,False,FALSE
B1,Q2,1,256,36,0,True,FALSE,9,False,FALSE
B1,Q2,1,256,36,4,True,FALSE,3,False,FALSE
B1,Q2,1,256,36,36,True,FALSE,6,False,FALSE
B1,Q2,1,256,37,0,True,FALSE,12,False,FALSE
B1,Q2,1,256,37,37,True,FALSE,12,False,FALSE
B1,Q2,1,256,38,0,True,FALSE,12,False,FALSE
B1,Q2,1,256,38,38,True,FALSE,12,False,FALSE
B1,Q2,1,256,40,0,True,FALSE,12,False,FALSE
B1,Q2,1,256,40,40,True,FALSE,12,False,FALSE
B1,Q2,1,256,41,0,True,FALSE,6,False,FALSE
B1,Q2,1,256,41,41,True,FALSE,6,False,FALSE
B1,Q2,1,256,42,0,True,FALSE,9,False,FALSE
B1,Q2,1,256,42,42,True,FALSE,9,False,FALSE
B1,Q2,1,256,43,0,True,FALSE,3,False,FALSE
B1,Q2,1,256,43,6,True,FALSE,3,False,FALSE
B1,Q2,1,256,45,0,True,FALSE,24,False,FALSE
B1,Q2,1,256,45,45,True,FALSE,24,False,FALSE
B1,Q2,1,256,46,0,True,FALSE,12,False,FALSE
B1,Q2,1,256,46,46,True,FALSE,12,False,FALSE
B1,Q2,1,256,47,0,True,FALSE,18,False,FALSE
B1,Q2,1,256,47,47,True,FALSE,18,False,FALSE
B1,Q2,1,256,48,0,True,FALSE,18,False,FALSE
B1,Q2,1,256,48,48,True,FALSE,18,False,FALSE
B1,Q2,1,256,50,0,True,FALSE,9,False,FALSE
B1,Q2,1,256,50,3,True,FALSE,3,False,FALSE
B1,Q2,1,256,50,50,True,FALSE,6,False,FALSE
B1,Q2,1,256,51,0,True,FALSE,12,False,FALSE
B1,Q2,1,256,51,51,True,FALSE,12,False,FALSE
B1,Q2,1,256,52,0,True,FALSE,6,False,FALSE
B1,Q2,1,256,52,52,True,FALSE,6,False,FALSE
B1,Q2,1,256,53,0,True,FALSE,12,False,FALSE
B1,Q2,1,256,53,53,True,FALSE,12,False,FALSE
B1,Q2,1,256,54,0,True,FALSE,18,False,FALSE
B1,Q2,1,256,54,54,True,FALSE,18,False,FALSE
B1,Q2,1,256,55,0,True,FALSE,6,False,FALSE
B1,Q2,1,256,55,55,True,FALSE,6,False,FALSE
B1,Q2,1,256,56,0,True,FALSE,6,False,FALSE
B1,Q2,1,256,56,56,True,FALSE,6,False,FALSE
B1,Q2,1,256,58,0,True,FALSE,18,False,FALSE
B1,Q2,1,256,58,58,True,FALSE,18,False,FALSE
B1,Q2,1,256,59,0,True,FALSE,6,False,FALSE
B1,Q2,1,256,59,59,True,FALSE,6,False,FALSE
B1,Q2,1,256,62,0,True,FALSE,6,False,FALSE
B1,Q2,1,256,62,62,True,FALSE,6,False,FALSE
B1,Q2,1,256,66,0,True,FALSE,12,False,FALSE
B1,Q2,1,256,66,66,True,FALSE,12,False,FALSE
B1,Q2,1,256,70,0,True,FALSE,18,False,FALSE
B1,Q2,1,256,70,70,True,FALSE,18,False,FALSE
B1,Q2,1,256,73,0,True,FALSE,12,False,FALSE
B1,Q2,1,256,73,73,True,FALSE,12,False,FALSE
B1,Q2,1,256,74,0,True,FALSE,6,False,FALSE
B1,Q2,1,256,74,74,True,FALSE,6,False,FALSE
B1,Q2,1,256,76,0,True,FALSE,8,False,FALSE
B1,Q2,1,256,76,76,True,FALSE,8,False,FALSE
B1,Q2,1,256,77,0,True,FALSE,10,False,FALSE
B1,Q2,1,256,77,77,True,FALSE,10,False,FALSE
B1,Q2,1,256,78,0,True,FALSE,6,False,FALSE
B1,Q2,1,256,78,78,True,FALSE,6,False,FALSE
B1,Q2,1,256,80,0,True,FALSE,18,False,FALSE
B1,Q2,1,256,80,80,True,FALSE,18,False,FALSE
B1,Q2,1,256,81,0,True,FALSE,6,False,FALSE
B1,Q2,1,256,81,81,True,FALSE,6,False,FALSE
B1,Q2,1,256,82,0,True,FALSE,6,False,FALSE
B1,Q2,1,256,82,82,True,FALSE,6,False,FALSE
B1,Q2,1,256,83,0,True,FALSE,6,False,FALSE
B1,Q2,1,256,83,83,True,FALSE,6,False,FALSE
B1,Q2,1,256,85,0,True,FALSE,6,False,FALSE
B1,Q2,1,256,85,85,True,FALSE,6,False,FALSE
B1,Q2,1,256,87,0,True,FALSE,3,False,FALSE
B1,Q2,1,256,87,87,True,FALSE,3,False,FALSE
B1,Q2,1,256,96,0,True,FALSE,12,False,FALSE
B1,Q2,1,256,96,96,True,FALSE,12,False,FALSE
B1,Q2,1,256,97,0,True,FALSE,6,False,FALSE
B1,Q2,1,256,97,97,True,FALSE,6,False,FALSE
B1,Q2,1,256,98,0,True,FALSE,14,False,FALSE
B1,Q2,1,256,98,98,True,FALSE,14,False,FALSE
B1,Q2,1,256,99,0,True,FALSE,10,False,FALSE
B1,Q2,1,256,99,99,True,FALSE,10,False,FALSE
B1,Q2,1,256,106,0,True,FALSE,6,False,FALSE
B1,Q2,1,256,106,106,True,FALSE,6,False,FALSE
B1,Q2,1,256,110,0,True,FALSE,6,False,FALSE
B1,Q2,1,256,110,110,True,FALSE,6,False,FALSE
B1,Q2,1,256,111,0,True,FALSE,6,False,FALSE
B1,Q2,1,256,111,111,True,FALSE,6,False,FALSE
B1,Q2,1,256,112,0,True,FALSE,15,False,FALSE
B1,Q2,1,256,112,112,True,FALSE,15,False,FALSE
B1,Q2,1,256,113,0,True,FALSE,12,False,FALSE
B1,Q2,1,256,113,113,True,FALSE,12,False,FALSE
B1,Q2,1,256,114,0,True,FALSE,6,False,FALSE
B1,Q2,1,256,114,114,True,FALSE,6,False,FALSE
B1,Q2,1,256,115,0,True,FALSE,12,False,FALSE
B1,Q2,1,256,115,115,True,FALSE,12,False,FALSE
B1,Q2,1,256,116,0,True,FALSE,12,False,FALSE
B1,Q2,1,256,116,116,True,FALSE,12,False,FALSE
B1,Q2,1,256,120,0,True,FALSE,9,False,FALSE
B1,Q2,1,256,120,68,True,FALSE,3,False,FALSE
B1,Q2,1,256,120,120,True,FALSE,6,False,FALSE
B1,Q2,1,256,122,0,True,FALSE,12,False,FALSE
B1,Q2,1,256,122,122,True,FALSE,12,False,FALSE
B1,Q2,1,256,125,0,True,FALSE,6,False,FALSE
B1,Q2,1,256,125,125,True,FALSE,6,False,FALSE
B1,Q2,1,256,126,0,True,FALSE,12,False,FALSE
B1,Q2,1,256,126,126,True,FALSE,12,False,FALSE
B1,Q2,1,256,127,0,True,FALSE,3,False,FALSE
B1,Q2,1,256,127,83,True,FALSE,3,False,FALSE
B1,Q2,1,256,131,0,True,FALSE,6,False,FALSE
B1,Q2,1,256,131,131,True,FALSE,6,False,FALSE
B1,Q2,1,256,133,0,True,FALSE,9,False,FALSE
B1,Q2,1,256,133,133,True,FALSE,9,False,FALSE
B1,Q2,1,256,136,0,True,FALSE,6,False,FALSE
B1,Q2,1,256,136,136,True,FALSE,6,False,FALSE
B1,Q2,1,256,138,0,True,FALSE,9,False,FALSE
B1,Q2,1,256,138,138,True,FALSE,9,False,FALSE
B1,Q2,1,256,139,0,True,FALSE,12,False,FALSE
B1,Q2,1,256,139,139,True,FALSE,12,False,FALSE
B1,Q2,1,256,141,0,True,FALSE,6,False,FALSE
B1,Q2,1,256,141,141,True,FALSE,6,False,FALSE
B1,Q2,1,256,142,0,True,FALSE,9,False,FALSE
B1,Q2,1,256,142,141,True,FALSE,3,False,FALSE
B1,Q2,1,256,142,142,True,FALSE,6,False,FALSE
B1,Q2,1,256,143,0,True,FALSE,6,False,FALSE
B1,Q2,1,256,143,143,True,FALSE,6,False,FALSE
B1,Q2,1,256,146,0,True,FALSE,6,False,FALSE
B1,Q2,1,256,146,146,True,FALSE,6,False,FALSE
B1,Q2,1,256,148,0,True,FALSE,3,False,FALSE
B1,Q2,1,256,148,146,True,FALSE,3,False,FALSE
B1,Q2,1,256,149,0,True,FALSE,6,False,FALSE
B1,Q2,1,256,149,149,True,FALSE,6,False,FALSE
B1,Q2,1,256,150,0,True,FALSE,6,False,FALSE
B1,Q2,1,256,150,150,True,FALSE,6,False,FALSE
B1,Q2,1,256,151,0,True,FALSE,6,False,FALSE
B1,Q2,1,256,151,151,True,FALSE,6,False,FALSE
B1,Q2,1,256,152,0,True,FALSE,6,False,FALSE
B1,Q2,1,256,152,152,True,FALSE,6,False,FALSE
B1,Q2,1,256,164,0,True,FALSE,6,False,FALSE
B1,Q2,1,256,164,164,True,FALSE,6,False,FALSE
B1,Q2,1,256,169,0,True,FALSE,6,False,FALSE
B1,Q2,1,256,169,169,True,FALSE,6,False,FALSE
B1,Q2,1,256,170,0,True,FALSE,18,False,FALSE
B1,Q2,1,256,170,170,True,FALSE,18,False,FALSE
B1,Q2,1,256,171,0,True,FALSE,6,False,FALSE
B1,Q2,1,256,171,171,True,FALSE,6,False,FALSE
B1,Q2,1,256,172,0,True,FALSE,12,False,FALSE
B1,Q2,1,256,172,172,True,FALSE,12,False,FALSE
B1,Q2,1,256,173,0,True,FALSE,3,False,FALSE
B1,Q2,1,256,173,63,True,FALSE,3,False,FALSE
B1,Q2,1,256,174,0,True,FALSE,9,False,FALSE
B1,Q2,1,256,174,68,True,FALSE,3,False,FALSE
B1,Q2,1,256,174,174,True,FALSE,6,False,FALSE
B1,Q2,1,256,175,0,True,FALSE,6,False,FALSE
B1,Q2,1,256,175,175,True,FALSE,6,False,FALSE
B1,Q2,1,256,177,0,True,FALSE,6,False,FALSE
B1,Q2,1,256,177,177,True,FALSE,6,False,FALSE
B1,Q2,1,256,180,0,True,FALSE,6,False,FALSE
B1,Q2,1,256,180,180,True,FALSE,6,False,FALSE
B1,Q2,1,256,182,0,True,FALSE,6,False,FALSE
B1,Q2,1,256,182,182,True,FALSE,6,False,FALSE
B1,Q2,1,256,183,0,True,FALSE,6,False,FALSE
B1,Q2,1,256,183,183,True,FALSE,6,False,FALSE
B1,Q2,1,256,184,0,True,FALSE,6,False,FALSE
B1,Q2,1,256,184,184,True,FALSE,6,False,FALSE
B1,Q2,1,256,185,0,True,FALSE,6,False,FALSE
B1,Q2,1,256,185,185,True,FALSE,6,False,FALSE
B1,Q2,1,256,187,0,True,FALSE,3,False,FALSE
B1,Q2,1,256,187,187,True,FALSE,3,False,FALSE
B1,Q2,1,256,188,0,True,FALSE,3,False,FALSE
B1,Q2,1,256,188,188,True,FALSE,3,False,FALSE
B1,Q2,1,256,190,0,True,FALSE,12,False,FALSE
B1,Q2,1,256,190,190,True,FALSE,12,False,FALSE
B1,Q2,1,256,193,0,True,FALSE,9,False,FALSE
B1,Q2,1,256,193,193,True,FALSE,9,False,FALSE
B1,Q2,1,256,194,0,True,FALSE,6,False,FALSE
B1,Q2,1,256,194,194,True,FALSE,6,False,FALSE
B1,Q2,1,256,198,0,True,FALSE,3,False,FALSE
B1,Q2,1,256,198,198,True,FALSE,3,False,FALSE
B1,Q2,1,256,200,0,True,FALSE,6,False,FALSE
B1,Q2,1,256,200,200,True,FALSE,6,False,FALSE
B1,Q2,1,256,202,0,True,FALSE,6,False,FALSE
B1,Q2,1,256,202,202,True,FALSE,6,False,FALSE
B1,Q2,1,256,206,0,True,FALSE,6,False,FALSE
B1,Q2,1,256,206,206,True,FALSE,6,False,FALSE
B1,Q2,1,256,213,0,True,FALSE,6,False,FALSE
B1,Q2,1,256,213,213,True,FALSE,6,False,FALSE
B1,Q2,1,256,215,0,True,FALSE,6,False,FALSE
B1,Q2,1,256,215,215,True,FALSE,6,False,FALSE
B1,Q2,1,256,216,0,True,FALSE,6,False,FALSE
B1,Q2,1,256,218,0,True,FALSE,6,False,FALSE
B1,Q2,1,256,218,218,True,FALSE,6,False,FALSE
B1,Q2,1,256,220,0,True,FALSE,6,False,FALSE
B1,Q2,1,256,220,220,True,FALSE,6,False,FALSE
B1,Q2,1,256,221,0,True,FALSE,6,False,FALSE
B1,Q2,1,256,221,221,True,FALSE,6,False,FALSE
B1,Q2,1,256,222,0,True,FALSE,12,False,FALSE
B1,Q2,1,256,222,222,True,FALSE,12,False,FALSE
B1,Q2,1,256,223,0,True,FALSE,6,False,FALSE
B1,Q2,1,256,223,223,True,FALSE,6,False,FALSE
B1,Q2,1,256,224,0,True,FALSE,6,False,FALSE
B1,Q2,1,256,224,224,True,FALSE,6,False,FALSE
B1,Q2,1,256,225,0,True,FALSE,6,False,FALSE
B1,Q2,1,256,225,74,True,FALSE,6,False,FALSE
B1,Q2,1,256,226,0,True,FALSE,6,False,FALSE
B1,Q2,1,256,226,226,True,FALSE,6,False,FALSE
B1,Q2,1,256,227,0,True,FALSE,12,False,FALSE
B1,Q2,1,256,227,227,True,FALSE,12,False,FALSE
B1,Q2,1,256,228,0,True,FALSE,9,False,FALSE
B1,Q2,1,256,228,85,True,FALSE,6,False,FALSE
B1,Q2,1,256,228,228,True,FALSE,3,False,FALSE
B1,Q2,1,256,230,0,True,FALSE,6,False,FALSE
B1,Q2,1,256,230,230,True,FALSE,6,False,FALSE
B1,Q2,1,256,232,0,True,FALSE,6,False,FALSE
B1,Q2,1,256,232,232,True,FALSE,6,False,FALSE
B1,Q2,1,256,233,0,True,FALSE,6,False,FALSE
B1,Q2,1,256,233,233,True,FALSE,6,False,FALSE
B1,Q2,1,256,234,0,True,FALSE,12,False,FALSE
B1,Q2,1,256,234,234,True,FALSE,12,False,FALSE
B1,Q2,1,256,235,0,True,FALSE,6,False,FALSE
B1,Q2,1,256,235,234,True,FALSE,3,False,FALSE
B1,Q2,1,256,235,235,True,FALSE,3,False,FALSE
B1,Q2,1,256,236,0,True,FALSE,6,False,FALSE
B1,Q2,1,256,236,236,True,FALSE,6,False,FALSE
B1,Q2,1,256,237,0,True,FALSE,6,False,FALSE
B1,Q2,1,256,237,237,True,FALSE,6,False,FALSE
B1,Q2,1,256,238,0,True,FALSE,12,False,FALSE
B1,Q2,1,256,238,238,True,FALSE,12,False,FALSE
B1,Q2,1,256,240,0,True,FALSE,6,False,FALSE
B1,Q2,1,256,241,0,True,FALSE,3,False,FALSE
B1,Q2,1,256,241,239,True,FALSE,3,False,FALSE
B1,Q2,1,256,242,0,True,FALSE,6,False,FALSE
B1,Q2,1,256,242,242,True,FALSE,6,False,FALSE
B1,Q2,1,256,244,0,True,FALSE,6,False,FALSE
B1,Q2,1,256,244,244,True,FALSE,6,False,FALSE
B1,Q2,1,256,245,0,True,FALSE,6,False,FALSE
B1,Q2,1,256,245,245,True,FALSE,6,False,FALSE
B1,Q2,1,256,246,0,True,FALSE,15,False,FALSE
B1,Q2,1,256,246,246,True,FALSE,15,False,FALSE
B1,Q2,1,256,247,0,True,FALSE,6,False,FALSE
B1,Q2,1,256,247,247,True,FALSE,6,False,FALSE
B1,Q2,1,256,248,0,True,FALSE,12,False,FALSE
B1,Q2,1,256,248,248,True,FALSE,12,False,FALSE
B1,Q2,1,256,249,0,True,FALSE,9,False,FALSE
B1,Q2,1,256,249,249,True,FALSE,9,False,FALSE
B1,Q2,1,256,251,0,True,FALSE,9,False,FALSE
B1,Q2,1,256,251,107,True,FALSE,6,False,FALSE
B1,Q2,1,256,251,251,True,FALSE,3,False,FALSE
B1,Q2,1,256,253,0,True,FALSE,24,False,FALSE
B1,Q2,1,256,253,106,True,FALSE,6,False,FALSE
B1,Q2,1,256,253,253,True,FALSE,12,False,FALSE
B1,Q2,1,256,254,0,True,FALSE,12,False,FALSE
B1,Q2,1,256,254,254,True,FALSE,12,False,FALSE
B1,Q2,1,256,255,0,True,FALSE,33,False,FALSE
B1,Q2,1,256,255,255,True,FALSE,33,False,FALSE
B1,Q2,1,256,256,0,True,FALSE,36216,False,FALSE
B1,Q2,1,256,256,1,True,FALSE,18,False,FALSE
B1,Q2,1,256,256,2,True,FALSE,18,False,FALSE
B1,Q2,1,256,256,3,True,FALSE,9,False,FALSE
B1,Q2,1,256,256,4,True,FALSE,9,False,FALSE
B1,Q2,1,256,256,5,True,FALSE,12,False,FALSE
B1,Q2,1,256,256,7,True,FALSE,6,False,FALSE
B1,Q2,1,256,256,8,True,FALSE,6,False,FALSE
B1,Q2,1,256,256,9,True,FALSE,6,False,FALSE
B1,Q2,1,256,256,10,True,FALSE,6,False,FALSE
B1,Q2,1,256,256,11,True,FALSE,9,False,FALSE
B1,Q2,1,256,256,13,True,FALSE,3,False,FALSE
B1,Q2,1,256,256,14,True,FALSE,12,False,FALSE
B1,Q2,1,256,256,16,True,FALSE,6,False,FALSE
B1,Q2,1,256,256,17,True,FALSE,6,False,FALSE
B1,Q2,1,256,256,20,True,FALSE,3,False,FALSE
B1,Q2,1,256,256,22,True,FALSE,3,False,FALSE
B1,Q2,1,256,256,24,True,FALSE,9,False,FALSE
B1,Q2,1,256,256,25,True,FALSE,9,False,FALSE
B1,Q2,1,256,256,30,True,FALSE,9,False,FALSE
B1,Q2,1,256,256,33,True,FALSE,3,False,FALSE
B1,Q2,1,256,256,34,True,FALSE,6,False,FALSE
B1,Q2,1,256,256,36,True,FALSE,6,False,FALSE
B1,Q2,1,256,256,38,True,FALSE,12,False,FALSE
B1,Q2,1,256,256,44,True,FALSE,6,False,FALSE
B1,Q2,1,256,256,50,True,FALSE,3,False,FALSE
B1,Q2,1,256,256,52,True,FALSE,3,False,FALSE
B1,Q2,1,256,256,55,True,FALSE,3,False,FALSE
B1,Q2,1,256,256,56,True,FALSE,6,False,FALSE
B1,Q2,1,256,256,57,True,FALSE,6,False,FALSE
B1,Q2,1,256,256,59,True,FALSE,6,False,FALSE
B1,Q2,1,256,256,61,True,FALSE,12,False,FALSE
B1,Q2,1,256,256,63,True,FALSE,6,False,FALSE
B1,Q2,1,256,256,66,True,FALSE,12,False,FALSE
B1,Q2,1,256,256,68,True,FALSE,3,False,FALSE
B1,Q2,1,256,256,69,True,FALSE,6,False,FALSE
B1,Q2,1,256,256,74,True,FALSE,6,False,FALSE
B1,Q2,1,256,256,76,True,FALSE,3,False,FALSE
B1,Q2,1,256,256,85,True,FALSE,6,False,FALSE
B1,Q2,1,256,256,87,True,FALSE,3,False,FALSE
B1,Q2,1,256,256,89,True,FALSE,3,False,FALSE
B1,Q2,1,256,256,90,True,FALSE,6,False,FALSE
B1,Q2,1,256,256,91,True,FALSE,6,False,FALSE
B1,Q2,1,256,256,103,True,FALSE,6,False,FALSE
B1,Q2,1,256,256,104,True,FALSE,3,False,FALSE
B1,Q2,1,256,256,106,True,FALSE,6,False,FALSE
B1,Q2,1,256,256,107,True,FALSE,6,False,FALSE
B1,Q2,1,256,256,108,True,FALSE,6,False,FALSE
B1,Q2,1,256,256,109,True,FALSE,3,False,FALSE
B1,Q2,1,256,256,113,True,FALSE,3,False,FALSE
B1,Q2,1,256,256,121,True,FALSE,6,False,FALSE
B1,Q2,1,256,256,132,True,FALSE,6,False,FALSE
B1,Q2,1,256,256,134,True,FALSE,9,False,FALSE
B1,Q2,1,256,256,141,True,FALSE,3,False,FALSE
B1,Q2,1,256,256,144,True,FALSE,3,False,FALSE
B1,Q2,1,256,256,146,True,FALSE,3,False,FALSE
B1,Q2,1,256,256,150,True,FALSE,6,False,FALSE
B1,Q2,1,256,256,180,True,FALSE,3,False,FALSE
B1,Q2,1,256,256,184,True,FALSE,6,False,FALSE
B1,Q2,1,256,256,187,True,FALSE,3,False,FALSE
B1,Q2,1,256,256,188,True,FALSE,6,False,FALSE
B1,Q2,1,256,256,195,True,FALSE,6,False,FALSE
B1,Q2,1,256,256,197,True,FALSE,6,False,FALSE
B1,Q2,1,256,256,207,True,FALSE,12,False,FALSE
B1,Q2,1,256,256,214,True,FALSE,6,False,FALSE
B1,Q2,1,256,256,219,True,FALSE,6,False,FALSE
B1,Q2,1,256,256,221,True,FALSE,9,False,FALSE
B1,Q2,1,256,256,226,True,FALSE,6,False,FALSE
B1,Q2,1,256,256,229,True,FALSE,6,False,FALSE
B1,Q2,1,256,256,230,True,FALSE,3,False,FALSE
B1,Q2,1,256,256,232,True,FALSE,6,False,FALSE
B1,Q2,1,256,256,233,True,FALSE,3,False,FALSE
B1,Q2,1,256,256,234,True,FALSE,3,False,FALSE
B1,Q2,1,256,256,235,True,FALSE,3,False,FALSE
B1,Q2,1,256,256,236,True,FALSE,6,False,FALSE
B1,Q2,1,256,256,239,True,FALSE,3,False,FALSE
B1,Q2,1,256,256,241,True,FALSE,12,False,FALSE
B1,Q2,1,256,256,244,True,FALSE,3,False,FALSE
B1,Q2,1,256,256,245,True,FALSE,6,False,FALSE
B1,Q2,1,256,256,246,True,FALSE,3,False,FALSE
B1,Q2,1,256,256,248,True,FALSE,3,False,FALSE
B1,Q2,1,256,256,249,True,FALSE,6,False,FALSE
B1,Q2,1,256,256,252,True,FALSE,6,False,FALSE
B1,Q2,1,256,256,253,True,FALSE,21,False,FALSE
B1,Q2,1,256,256,254,True,FALSE,3,False,FALSE
B1,Q2,1,256,256,255,True,FALSE,21,False,FALSE
B1,Q2,1,256,256,256,True,MC_UNRESOLVED,31368,True,MC_UNRESOLVED
B2,Q1,0,256,0,0,False,FALSE,15768,False,FALSE
B2,Q1,0,256,0,0,True,MC_UNRESOLVED,31008,True,TRUE
B2,Q1,0,256,1,0,True,TRUE,30,True,TRUE
B2,Q1,0,256,1,1,True,TRUE,87,True,TRUE
B2,Q1,0,256,2,0,True,TRUE,12,True,TRUE
B2,Q1,0,256,2,2,True,TRUE,63,True,TRUE
B2,Q1,0,256,3,0,True,TRUE,6,True,TRUE
B2,Q1,0,256,3,3,True,TRUE,45,True,TRUE
B2,Q1,0,256,4,0,True,TRUE,3,True,TRUE
B2,Q1,0,256,4,4,True,TRUE,57,True,TRUE
B2,Q1,0,256,5,0,True,TRUE,9,True,TRUE
B2,Q1,0,256,5,5,True,TRUE,33,True,TRUE
B2,Q1,0,256,6,0,True,TRUE,3,True,TRUE
B2,Q1,0,256,6,6,True,TRUE,33,True,TRUE
B2,Q1,0,256,7,7,True,TRUE,18,True,TRUE
B2,Q1,0,256,8,8,True,TRUE,27,True,TRUE
B2,Q1,0,256,9,9,True,TRUE,33,True,TRUE
B2,Q1,0,256,10,0,True,TRUE,6,True,TRUE
B2,Q1,0,256,10,10,True,TRUE,12,True,TRUE
B2,Q1,0,256,11,0,True,TRUE,3,True,TRUE
B2,Q1,0,256,11,11,True,TRUE,18,True,TRUE
B2,Q1,0,256,12,12,True,TRUE,6,True,TRUE
B2,Q1,0,256,13,0,True,TRUE,3,True,TRUE
B2,Q1,0,256,13,13,True,TRUE,18,True,TRUE
B2,Q1,0,256,14,14,True,TRUE,12,True,TRUE
B2,Q1,0,256,15,15,True,TRUE,6,True,TRUE
B2,Q1,0,256,16,16,True,TRUE,6,True,TRUE
B2,Q1,0,256,17,0,True,TRUE,9,True,TRUE
B2,Q1,0,256,17,17,True,TRUE,27,True,TRUE
B2,Q1,0,256,18,17,True,TRUE,6,True,TRUE
B2,Q1,0,256,18,18,True,TRUE,6,True,TRUE
B2,Q1,0,256,19,19,True,TRUE,30,True,TRUE
B2,Q1,0,256,20,20,True,TRUE,12,True,TRUE
B2,Q1,0,256,21,0,True,TRUE,3,True,TRUE
B2,Q1,0,256,21,21,True,TRUE,12,True,TRUE
B2,Q1,0,256,22,0,True,TRUE,12,True,TRUE
B2,Q1,0,256,23,0,True,TRUE,6,True,TRUE
B2,Q1,0,256,23,23,True,TRUE,12,True,TRUE
B2,Q1,0,256,25,25,True,TRUE,6,True,TRUE
B2,Q1,0,256,27,27,True,TRUE,12,True,TRUE
B2,Q1,0,256,28,28,True,TRUE,6,True,TRUE
B2,Q1,0,256,30,0,True,TRUE,6,True,TRUE
B2,Q1,0,256,30,30,True,TRUE,18,True,TRUE
B2,Q1,0,256,31,0,True,TRUE,6,True,TRUE
B2,Q1,0,256,32,32,True,TRUE,6,True,TRUE
B2,Q1,0,256,33,33,True,TRUE,24,True,TRUE
B2,Q1,0,256,34,34,True,TRUE,12,True,TRUE
B2,Q1,0,256,35,35,True,TRUE,6,True,TRUE
B2,Q1,0,256,36,0,True,TRUE,6,True,TRUE
B2,Q1,0,256,37,3,True,TRUE,6,True,TRUE
B2,Q1,0,256,38,38,True,TRUE,14,True,TRUE
B2,Q1,0,256,39,2,True,TRUE,6,True,TRUE
B2,Q1,0,256,39,39,True,TRUE,16,True,TRUE
B2,Q1,0,256,40,40,True,TRUE,12,True,TRUE
B2,Q1,0,256,41,41,True,TRUE,6,True,TRUE
B2,Q1,0,256,42,42,True,TRUE,12,True,TRUE
B2,Q1,0,256,43,43,True,TRUE,18,True,TRUE
B2,Q1,0,256,44,44,True,TRUE,6,True,TRUE
B2,Q1,0,256,45,45,True,TRUE,6,True,TRUE
B2,Q1,0,256,46,46,True,TRUE,6,True,TRUE
B2,Q1,0,256,47,47,True,TRUE,12,True,TRUE
B2,Q1,0,256,48,48,True,TRUE,6,True,TRUE
B2,Q1,0,256,49,0,True,TRUE,3,True,TRUE
B2,Q1,0,256,50,0,True,TRUE,6,True,TRUE
B2,Q1,0,256,50,50,True,TRUE,6,True,TRUE
B2,Q1,0,256,52,52,True,TRUE,6,True,TRUE
B2,Q1,0,256,56,56,True,TRUE,12,True,TRUE
B2,Q1,0,256,58,58,True,TRUE,6,True,TRUE
B2,Q1,0,256,59,59,True,TRUE,12,True,TRUE
B2,Q1,0,256,61,61,True,TRUE,6,True,TRUE
B2,Q1,0,256,62,62,True,TRUE,6,True,TRUE
B2,Q1,0,256,63,63,True,TRUE,18,True,TRUE
B2,Q1,0,256,64,64,True,TRUE,6,True,TRUE
B2,Q1,0,256,65,65,True,TRUE,6,True,TRUE
B2,Q1,0,256,66,0,True,TRUE,3,True,TRUE
B2,Q1,0,256,66,66,True,TRUE,12,True,TRUE
B2,Q1,0,256,67,67,True,TRUE,12,True,TRUE
B2,Q1,0,256,68,68,True,TRUE,6,True,TRUE
B2,Q1,0,256,69,69,True,TRUE,12,True,TRUE
B2,Q1,0,256,71,71,True,TRUE,6,True,TRUE
B2,Q1,0,256,72,11,True,TRUE,6,True,TRUE
B2,Q1,0,256,72,72,True,TRUE,6,True,TRUE
B2,Q1,0,256,73,73,True,TRUE,6,True,TRUE
B2,Q1,0,256,74,74,True,TRUE,6,True,TRUE
B2,Q1,0,256,76,76,True,TRUE,6,True,TRUE
B2,Q1,0,256,79,79,True,TRUE,6,True,TRUE
B2,Q1,0,256,86,86,True,TRUE,9,True,TRUE
B2,Q1,0,256,87,22,True,TRUE,6,True,TRUE
B2,Q1,0,256,88,88,True,TRUE,6,True,TRUE
B2,Q1,0,256,89,89,True,TRUE,6,True,TRUE
B2,Q1,0,256,90,90,True,TRUE,18,True,TRUE
B2,Q1,0,256,91,91,True,TRUE,18,True,TRUE
B2,Q1,0,256,92,92,True,TRUE,12,True,TRUE
B2,Q1,0,256,93,93,True,TRUE,6,True,TRUE
B2,Q1,0,256,102,102,True,TRUE,6,True,TRUE
B2,Q1,0,256,105,105,True,TRUE,2,True,TRUE
B2,Q1,0,256,106,106,True,TRUE,4,True,TRUE
B2,Q1,0,256,107,107,True,TRUE,6,True,TRUE
B2,Q1,0,256,113,113,True,TRUE,3,True,TRUE
B2,Q1,0,256,114,114,True,TRUE,3,True,TRUE
B2,Q1,0,256,116,116,True,TRUE,24,True,TRUE
B2,Q1,0,256,120,120,True,TRUE,3,True,TRUE
B2,Q1,0,256,122,122,True,TRUE,6,True,TRUE
B2,Q1,0,256,123,123,True,TRUE,12,True,TRUE
B2,Q1,0,256,125,125,True,TRUE,6,True,TRUE
B2,Q1,0,256,126,126,True,TRUE,12,True,TRUE
B2,Q1,0,256,127,127,True,TRUE,6,True,TRUE
B2,Q1,0,256,128,128,True,TRUE,12,True,TRUE
B2,Q1,0,256,129,129,True,TRUE,6,True,TRUE
B2,Q1,0,256,130,130,True,TRUE,12,True,TRUE
B2,Q1,0,256,131,131,True,TRUE,6,True,TRUE
B2,Q1,0,256,133,133,True,TRUE,6,True,TRUE
B2,Q1,0,256,135,135,True,TRUE,6,True,TRUE
B2,Q1,0,256,136,136,True,TRUE,6,True,TRUE
B2,Q1,0,256,138,138,True,TRUE,6,True,TRUE
B2,Q1,0,256,141,141,True,TRUE,6,True,TRUE
B2,Q1,0,256,145,145,True,TRUE,6,True,TRUE
B2,Q1,0,256,146,146,True,TRUE,6,True,TRUE
B2,Q1,0,256,147,147,True,TRUE,6,True,TRUE
B2,Q1,0,256,149,149,True,TRUE,12,True,TRUE
B2,Q1,0,256,150,150,True,TRUE,18,True,TRUE
B2,Q1,0,256,152,152,True,TRUE,6,True,TRUE
B2,Q1,0,256,154,0,True,TRUE,3,True,TRUE
B2,Q1,0,256,156,156,True,TRUE,6,True,TRUE
B2,Q1,0,256,163,163,True,TRUE,6,True,TRUE
B2,Q1,0,256,164,1,True,TRUE,3,True,TRUE
B2,Q1,0,256,165,165,True,TRUE,6,True,TRUE
B2,Q1,0,256,168,0,True,TRUE,6,True,TRUE
B2,Q1,0,256,169,169,True,TRUE,6,True,TRUE
B2,Q1,0,256,170,170,True,TRUE,12,True,TRUE
B2,Q1,0,256,173,0,True,TRUE,6,True,TRUE
B2,Q1,0,256,175,175,True,TRUE,12,True,TRUE
B2,Q1,0,256,182,182,True,TRUE,6,True,TRUE
B2,Q1,0,256,186,186,True,TRUE,6,True,TRUE
B2,Q1,0,256,187,187,True,TRUE,6,True,TRUE
B2,Q1,0,256,188,0,True,TRUE,6,True,TRUE
B2,Q1,0,256,189,4,True,TRUE,6,True,TRUE
B2,Q1,0,256,189,189,True,TRUE,12,True,TRUE
B2,Q1,0,256,194,194,True,TRUE,6,True,TRUE
B2,Q1,0,256,195,195,True,TRUE,6,True,TRUE
B2,Q1,0,256,197,0,True,TRUE,3,True,TRUE
B2,Q1,0,256,197,197,True,TRUE,12,True,TRUE
B2,Q1,0,256,198,198,True,TRUE,6,True,TRUE
B2,Q1,0,256,199,199,True,TRUE,6,True,TRUE
B2,Q1,0,256,204,0,True,TRUE,3,True,TRUE
B2,Q1,0,256,204,204,True,TRUE,6,True,TRUE
B2,Q1,0,256,207,207,True,TRUE,6,True,TRUE
B2,Q1,0,256,208,208,True,TRUE,6,True,TRUE
B2,Q1,0,256,209,209,True,TRUE,6,True,TRUE
B2,Q1,0,256,210,210,True,TRUE,12,True,TRUE
B2,Q1,0,256,212,212,True,TRUE,6,True,TRUE
B2,Q1,0,256,215,215,True,TRUE,12,True,TRUE
B2,Q1,0,256,216,216,True,TRUE,6,True,TRUE
B2,Q1,0,256,218,218,True,TRUE,6,True,TRUE
B2,Q1,0,256,223,223,True,TRUE,6,True,TRUE
B2,Q1,0,256,224,0,True,TRUE,3,True,TRUE
B2,Q1,0,256,225,0,True,TRUE,3,True,TRUE
B2,Q1,0,256,227,0,True,TRUE,3,True,TRUE
B2,Q1,0,256,227,227,True,TRUE,15,True,TRUE
B2,Q1,0,256,228,228,True,TRUE,6,True,TRUE
B2,Q1,0,256,230,230,True,TRUE,9,True,TRUE
B2,Q1,0,256,233,233,True,TRUE,6,True,TRUE
B2,Q1,0,256,236,0,True,TRUE,3,True,TRUE
B2,Q1,0,256,237,237,True,TRUE,12,True,TRUE
B2,Q1,0,256,238,238,True,TRUE,12,True,TRUE
B2,Q1,0,256,239,239,True,TRUE,6,True,TRUE
B2,Q1,0,256,240,240,True,TRUE,3,True,TRUE
B2,Q1,0,256,241,241,True,TRUE,6,True,TRUE
B2,Q1,0,256,242,242,True,TRUE,3,True,TRUE
B2,Q1,0,256,245,245,True,TRUE,6,True,TRUE
B2,Q1,0,256,246,0,True,TRUE,6,True,TRUE
B2,Q1,0,256,246,246,True,TRUE,6,True,TRUE
B2,Q1,0,256,247,247,True,TRUE,18,True,TRUE
B2,Q1,0,256,249,0,True,TRUE,6,True,TRUE
B2,Q1,0,256,249,249,True,TRUE,6,True,TRUE
B2,Q1,0,256,250,250,True,TRUE,12,True,TRUE
B2,Q1,0,256,253,253,True,TRUE,6,True,TRUE
B2,Q1,0,256,254,220,True,TRUE,3,True,TRUE
B2,Q1,0,256,254,228,True,TRUE,3,True,TRUE
B2,Q1,0,256,254,254,True,TRUE,12,True,TRUE
B2,Q1,0,256,255,0,True,TRUE,9,True,TRUE
B2,Q1,0,256,255,255,True,TRUE,18,True,TRUE
B2,Q1,0,256,256,0,True,TRUE,2355,True,TRUE
B2,Q1,0,256,256,1,True,TRUE,33,True,TRUE
B2,Q1,0,256,256,2,True,TRUE,9,True,TRUE
B2,Q1,0,256,256,3,True,TRUE,6,True,TRUE
B2,Q1,0,256,256,4,True,TRUE,6,True,TRUE
B2,Q1,0,256,256,5,True,TRUE,6,True,TRUE
B2,Q1,0,256,256,6,True,TRUE,18,True,TRUE
B2,Q1,0,256,256,7,True,TRUE,21,True,TRUE
B2,Q1,0,256,256,9,True,TRUE,3,True,TRUE
B2,Q1,0,256,256,12,True,TRUE,12,True,TRUE
B2,Q1,0,256,256,14,True,TRUE,6,True,TRUE
B2,Q1,0,256,256,15,True,TRUE,6,True,TRUE
B2,Q1,0,256,256,21,True,TRUE,6,True,TRUE
B2,Q1,0,256,256,23,True,TRUE,6,True,TRUE
B2,Q1,0,256,256,26,True,TRUE,6,True,TRUE
B2,Q1,0,256,256,31,True,TRUE,6,True,TRUE
B2,Q1,0,256,256,32,True,TRUE,6,True,TRUE
B2,Q1,0,256,256,34,True,TRUE,6,True,TRUE
B2,Q1,0,256,256,38,True,TRUE,6,True,TRUE
B2,Q1,0,256,256,41,True,TRUE,6,True,TRUE
B2,Q1,0,256,256,47,True,TRUE,6,True,TRUE
B2,Q1,0,256,256,48,True,TRUE,3,True,TRUE
B2,Q1,0,256,256,52,True,TRUE,9,True,TRUE
B2,Q1,0,256,256,53,True,TRUE,6,True,TRUE
B2,Q1,0,256,256,58,True,TRUE,6,True,TRUE
B2,Q1,0,256,256,75,True,TRUE,6,True,TRUE
B2,Q1,0,256,256,76,True,TRUE,3,True,TRUE
B2,Q1,0,256,256,88,True,TRUE,3,True,TRUE
B2,Q1,0,256,256,105,True,TRUE,24,True,TRUE
B2,Q1,0,256,256,114,True,TRUE,3,True,TRUE
B2,Q1,0,256,256,119,True,TRUE,3,True,TRUE
B2,Q1,0,256,256,130,True,TRUE,3,True,TRUE
B2,Q1,0,256,256,140,True,TRUE,3,True,TRUE
B2,Q1,0,256,256,150,True,TRUE,6,True,TRUE
B2,Q1,0,256,256,152,True,TRUE,3,True,TRUE
B2,Q1,0,256,256,154,True,TRUE,12,True,TRUE
B2,Q1,0,256,256,159,True,TRUE,12,True,TRUE
B2,Q1,0,256,256,160,True,TRUE,6,True,TRUE
B2,Q1,0,256,256,163,True,TRUE,3,True,TRUE
B2,Q1,0,256,256,176,True,TRUE,3,True,TRUE
B2,Q1,0,256,256,177,True,TRUE,6,True,TRUE
B2,Q1,0,256,256,180,True,TRUE,6,True,TRUE
B2,Q1,0,256,256,183,True,TRUE,3,True,TRUE
B2,Q1,0,256,256,185,True,TRUE,6,True,TRUE
B2,Q1,0,256,256,186,True,TRUE,6,True,TRUE
B2,Q1,0,256,256,187,True,TRUE,6,True,TRUE
B2,Q1,0,256,256,191,True,TRUE,6,True,TRUE
B2,Q1,0,256,256,192,True,TRUE,6,True,TRUE
B2,Q1,0,256,256,203,True,TRUE,3,True,TRUE
B2,Q1,0,256,256,207,True,TRUE,6,True,TRUE
B2,Q1,0,256,256,210,True,TRUE,9,True,TRUE
B2,Q1,0,256,256,220,True,TRUE,3,True,TRUE
B2,Q1,0,256,256,221,True,TRUE,12,True,TRUE
B2,Q1,0,256,256,223,True,TRUE,6,True,TRUE
B2,Q1,0,256,256,228,True,TRUE,9,True,TRUE
B2,Q1,0,256,256,231,True,TRUE,12,True,TRUE
B2,Q1,0,256,256,232,True,TRUE,6,True,TRUE
B2,Q1,0,256,256,233,True,TRUE,6,True,TRUE
B2,Q1,0,256,256,234,True,TRUE,9,True,TRUE
B2,Q1,0,256,256,238,True,TRUE,6,True,TRUE
B2,Q1,0,256,256,239,True,TRUE,3,True,TRUE
B2,Q1,0,256,256,240,True,TRUE,3,True,TRUE
B2,Q1,0,256,256,241,True,TRUE,9,True,TRUE
B2,Q1,0,256,256,243,True,TRUE,9,True,TRUE
B2,Q1,0,256,256,244,True,TRUE,15,True,TRUE
B2,Q1,0,256,256,245,True,TRUE,6,True,TRUE
B2,Q1,0,256,256,246,True,TRUE,6,True,TRUE
B2,Q1,0,256,256,247,True,TRUE,6,True,TRUE
B2,Q1,0,256,256,248,True,TRUE,3,True,TRUE
B2,Q1,0,256,256,250,True,TRUE,15,True,TRUE
B2,Q1,0,256,256,251,True,TRUE,9,True,TRUE
B2,Q1,0,256,256,252,True,TRUE,12,True,TRUE
B2,Q1,0,256,256,253,True,TRUE,12,True,TRUE
B2,Q1,0,256,256,254,True,TRUE,24,True,TRUE
B2,Q1,0,256,256,255,True,TRUE,27,True,TRUE
B2,Q1,0,256,256,256,True,TRUE,31410,True,TRUE
B2,Q2,0,256,0,0,False,FALSE,31536,False,FALSE
B2,Q2,0,256,0,0,True,MC_UNRESOLVED,62016,True,TRUE
B2,Q2,0,256,1,0,True,MC_UNRESOLVED,147,True,TRUE
B2,Q2,0,256,1,1,True,TRUE,87,True,TRUE
B2,Q2,0,256,2,0,True,MC_UNRESOLVED,87,True,TRUE
B2,Q2,0,256,2,2,True,TRUE,63,True,TRUE
B2,Q2,0,256,3,0,True,MC_UNRESOLVED,57,True,TRUE
B2,Q2,0,256,3,3,True,TRUE,45,True,TRUE
B2,Q2,0,256,4,0,True,MC_UNRESOLVED,63,True,TRUE
B2,Q2,0,256,4,4,True,TRUE,57,True,TRUE
B2,Q2,0,256,5,0,True,MC_UNRESOLVED,51,True,TRUE
B2,Q2,0,256,5,5,True,TRUE,33,True,TRUE
B2,Q2,0,256,6,0,True,MC_UNRESOLVED,39,True,TRUE
B2,Q2,0,256,6,6,True,TRUE,33,True,TRUE
B2,Q2,0,256,7,0,True,MC_UNRESOLVED,18,True,TRUE
B2,Q2,0,256,7,7,True,TRUE,18,True,TRUE
B2,Q2,0,256,8,0,True,MC_UNRESOLVED,27,True,TRUE
B2,Q2,0,256,8,8,True,TRUE,27,True,TRUE
B2,Q2,0,256,9,0,True,MC_UNRESOLVED,33,True,TRUE
B2,Q2,0,256,9,9,True,TRUE,33,True,TRUE
B2,Q2,0,256,10,0,True,MC_UNRESOLVED,24,True,TRUE
B2,Q2,0,256,10,10,True,TRUE,12,True,TRUE
B2,Q2,0,256,11,0,True,MC_UNRESOLVED,24,True,TRUE
B2,Q2,0,256,11,11,True,TRUE,18,True,TRUE
B2,Q2,0,256,12,0,True,MC_UNRESOLVED,6,True,TRUE
B2,Q2,0,256,12,12,True,TRUE,6,True,TRUE
B2,Q2,0,256,13,0,True,MC_UNRESOLVED,24,True,TRUE
B2,Q2,0,256,13,13,True,TRUE,18,True,TRUE
B2,Q2,0,256,14,0,True,MC_UNRESOLVED,12,True,TRUE
B2,Q2,0,256,14,14,True,TRUE,12,True,TRUE
B2,Q2,0,256,15,0,True,MC_UNRESOLVED,6,True,TRUE
B2,Q2,0,256,15,15,True,TRUE,6,True,TRUE
B2,Q2,0,256,16,0,True,MC_UNRESOLVED,6,True,TRUE
B2,Q2,0,256,16,16,True,TRUE,6,True,TRUE
B2,Q2,0,256,17,0,True,MC_UNRESOLVED,45,True,TRUE
B2,Q2,0,256,17,17,True,TRUE,27,True,TRUE
B2,Q2,0,256,18,0,True,MC_UNRESOLVED,12,True,TRUE
B2,Q2,0,256,18,17,True,TRUE,6,True,TRUE
B2,Q2,0,256,18,18,True,TRUE,6,True,TRUE
B2,Q2,0,256,19,0,True,MC_UNRESOLVED,30,True,TRUE
B2,Q2,0,256,19,19,True,TRUE,30,True,TRUE
B2,Q2,0,256,20,0,True,MC_UNRESOLVED,12,True,TRUE
B2,Q2,0,256,20,20,True,TRUE,12,True,TRUE
B2,Q2,0,256,21,0,True,MC_UNRESOLVED,18,True,TRUE
B2,Q2,0,256,21,21,True,TRUE,12,True,TRUE
B2,Q2,0,256,22,0,True,MC_UNRESOLVED,24,True,TRUE
B2,Q2,0,256,23,0,True,MC_UNRESOLVED,24,True,TRUE
B2,Q2,0,256,23,23,True,TRUE,12,True,TRUE
B2,Q2,0,256,25,0,True,MC_UNRESOLVED,6,True,TRUE
B2,Q2,0,256,25,25,True,TRUE,6,True,TRUE
B2,Q2,0,256,27,0,True,MC_UNRESOLVED,12,True,TRUE
B2,Q2,0,256,27,27,True,TRUE,12,True,TRUE
B2,Q2,0,256,28,0,True,MC_UNRESOLVED,6,True,TRUE
B2,Q2,0,256,28,28,True,TRUE,6,True,TRUE
B2,Q2,0,256,30,0,True,MC_UNRESOLVED,30,True,TRUE
B2,Q2,0,256,30,30,True,TRUE,18,True,TRUE
B2,Q2,0,256,31,0,True,MC_UNRESOLVED,12,True,TRUE
B2,Q2,0,256,32,0,True,MC_UNRESOLVED,6,True,TRUE
B2,Q2,0,256,32,32,True,TRUE,6,True,TRUE
B2,Q2,0,256,33,0,True,MC_UNRESOLVED,24,True,TRUE
B2,Q2,0,256,33,33,True,TRUE,24,True,TRUE
B2,Q2,0,256,34,0,True,MC_UNRESOLVED,12,True,TRUE
B2,Q2,0,256,34,34,True,TRUE,12,True,TRUE
B2,Q2,0,256,35,0,True,MC_UNRESOLVED,6,True,TRUE
B2,Q2,0,256,35,35,True,TRUE,6,True,TRUE
B2,Q2,0,256,36,0,True,MC_UNRESOLVED,12,True,TRUE
B2,Q2,0,256,37,0,True,MC_UNRESOLVED,6,True,TRUE
B2,Q2,0,256,37,3,True,TRUE,6,True,TRUE
B2,Q2,0,256,38,0,True,MC_UNRESOLVED,14,True,TRUE
B2,Q2,0,256,38,38,True,TRUE,14,True,TRUE
B2,Q2,0,256,39,0,True,MC_UNRESOLVED,22,True,TRUE
B2,Q2,0,256,39,2,True,TRUE,6,True,TRUE
B2,Q2,0,256,39,39,True,TRUE,16,True,TRUE
B2,Q2,0,256,40,0,True,MC_UNRESOLVED,12,True,TRUE
B2,Q2,0,256,40,40,True,TRUE,12,True,TRUE
B2,Q2,0,256,41,0,True,MC_UNRESOLVED,6,True,TRUE
B2,Q2,0,256,41,41,True,TRUE,6,True,TRUE
B2,Q2,0,256,42,0,True,MC_UNRESOLVED,12,True,TRUE
B2,Q2,0,256,42,42,True,TRUE,12,True,TRUE
B2,Q2,0,256,43,0,True,MC_UNRESOLVED,18,True,TRUE
B2,Q2,0,256,43,43,True,TRUE,18,True,TRUE
B2,Q2,0,256,44,0,True,MC_UNRESOLVED,6,True,TRUE
B2,Q2,0,256,44,44,True,TRUE,6,True,TRUE
B2,Q2,0,256,45,0,True,MC_UNRESOLVED,6,True,TRUE
B2,Q2,0,256,45,45,True,TRUE,6,True,TRUE
B2,Q2,0,256,46,0,True,MC_UNRESOLVED,6,True,TRUE
B2,Q2,0,256,46,46,True,TRUE,6,True,TRUE
B2,Q2,0,256,47,0,True,MC_UNRESOLVED,12,True,TRUE
B2,Q2,0,256,47,47,True,TRUE,12,True,TRUE
B2,Q2,0,256,48,0,True,MC_UNRESOLVED,6,True,TRUE
B2,Q2,0,256,48,48,True,TRUE,6,True,TRUE
B2,Q2,0,256,49,0,True,MC_UNRESOLVED,6,True,TRUE
B2,Q2,0,256,50,0,True,MC_UNRESOLVED,18,True,TRUE
B2,Q2,0,256,50,50,True,TRUE,6,True,TRUE
B2,Q2,0,256,52,0,True,MC_UNRESOLVED,6,True,TRUE
B2,Q2,0,256,52,52,True,TRUE,6,True,TRUE
B2,Q2,0,256,56,0,True,MC_UNRESOLVED,12,True,TRUE
B2,Q2,0,256,56,56,True,TRUE,12,True,TRUE
B2,Q2,0,256,58,0,True,MC_UNRESOLVED,6,True,TRUE
B2,Q2,0,256,58,58,True,TRUE,6,True,TRUE
B2,Q2,0,256,59,0,True,MC_UNRESOLVED,12,True,TRUE
B2,Q2,0,256,59,59,True,TRUE,12,True,TRUE
B2,Q2,0,256,61,0,True,MC_UNRESOLVED,6,True,TRUE
B2,Q2,0,256,61,61,True,TRUE,6,True,TRUE
B2,Q2,0,256,62,0,True,MC_UNRESOLVED,6,True,TRUE
B2,Q2,0,256,62,62,True,TRUE,6,True,TRUE
B2,Q2,0,256,63,0,True,MC_UNRESOLVED,18,True,TRUE
B2,Q2,0,256,63,63,True,TRUE,18,True,TRUE
B2,Q2,0,256,64,0,True,MC_UNRESOLVED,6,True,TRUE
B2,Q2,0,256,64,64,True,TRUE,6,True,TRUE
B2,Q2,0,256,65,0,True,MC_UNRESOLVED,6,True,TRUE
B2,Q2,0,256,65,65,True,TRUE,6,True,TRUE
B2,Q2,0,256,66,0,True,MC_UNRESOLVED,18,True,TRUE
B2,Q2,0,256,66,66,True,TRUE,12,True,TRUE
B2,Q2,0,256,67,0,True,MC_UNRESOLVED,12,True,TRUE
B2,Q2,0,256,67,67,True,TRUE,12,True,TRUE
B2,Q2,0,256,68,0,True,MC_UNRESOLVED,6,True,TRUE
B2,Q2,0,256,68,68,True,TRUE,6,True,TRUE
B2,Q2,0,256,69,0,True,MC_UNRESOLVED,12,True,TRUE
B2,Q2,0,256,69,69,True,TRUE,12,True,TRUE
B2,Q2,0,256,71,0,True,MC_UNRESOLVED,6,True,TRUE
B2,Q2,0,256,71,71,True,TRUE,6,True,TRUE
B2,Q2,0,256,72,0,True,MC_UNRESOLVED,12,True,TRUE
B2,Q2,0,256,72,11,True,TRUE,6,True,TRUE
B2,Q2,0,256,72,72,True,TRUE,6,True,TRUE
B2,Q2,0,256,73,0,True,MC_UNRESOLVED,6,True,TRUE
B2,Q2,0,256,73,73,True,TRUE,6,True,TRUE
B2,Q2,0,256,74,0,True,MC_UNRESOLVED,6,True,TRUE
B2,Q2,0,256,74,74,True,TRUE,6,True,TRUE
B2,Q2,0,256,76,0,True,MC_UNRESOLVED,6,True,TRUE
B2,Q2,0,256,76,76,True,TRUE,6,True,TRUE
B2,Q2,0,256,79,0,True,MC_UNRESOLVED,6,True,TRUE
B2,Q2,0,256,79,79,True,TRUE,6,True,TRUE
B2,Q2,0,256,86,0,True,MC_UNRESOLVED,9,True,TRUE
B2,Q2,0,256,86,86,True,TRUE,9,True,TRUE
B2,Q2,0,256,87,0,True,MC_UNRESOLVED,6,True,TRUE
B2,Q2,0,256,87,22,True,TRUE,6,True,TRUE
B2,Q2,0,256,88,0,True,MC_UNRESOLVED,6,True,TRUE
B2,Q2,0,256,88,88,True,TRUE,6,True,TRUE
B2,Q2,0,256,89,0,True,MC_UNRESOLVED,6,True,TRUE
B2,Q2,0,256,89,89,True,TRUE,6,True,TRUE
B2,Q2,0,256,90,0,True,MC_UNRESOLVED,18,True,TRUE
B2,Q2,0,256,90,90,True,TRUE,18,True,TRUE
B2,Q2,0,256,91,0,True,MC_UNRESOLVED,18,True,TRUE
B2,Q2,0,256,91,91,True,TRUE,18,True,TRUE
B2,Q2,0,256,92,0,True,MC_UNRESOLVED,12,True,TRUE
B2,Q2,0,256,92,92,True,TRUE,12,True,TRUE
B2,Q2,0,256,93,0,True,MC_UNRESOLVED,6,True,TRUE
B2,Q2,0,256,93,93,True,TRUE,6,True,TRUE
B2,Q2,0,256,102,0,True,MC_UNRESOLVED,6,True,TRUE
B2,Q2,0,256,102,102,True,TRUE,6,True,TRUE
B2,Q2,0,256,105,0,True,MC_UNRESOLVED,2,True,TRUE
B2,Q2,0,256,105,105,True,TRUE,2,True,TRUE
B2,Q2,0,256,106,0,True,MC_UNRESOLVED,4,True,TRUE
B2,Q2,0,256,106,106,True,TRUE,4,True,TRUE
B2,Q2,0,256,107,0,True,MC_UNRESOLVED,6,True,TRUE
B2,Q2,0,256,107,107,True,TRUE,6,True,TRUE
B2,Q2,0,256,113,0,True,MC_UNRESOLVED,3,True,TRUE
B2,Q2,0,256,113,113,True,TRUE,3,True,TRUE
B2,Q2,0,256,114,0,True,MC_UNRESOLVED,3,True,TRUE
B2,Q2,0,256,114,114,True,TRUE,3,True,TRUE
B2,Q2,0,256,116,0,True,MC_UNRESOLVED,24,True,TRUE
B2,Q2,0,256,116,116,True,TRUE,24,True,TRUE
B2,Q2,0,256,120,0,True,MC_UNRESOLVED,3,True,TRUE
B2,Q2,0,256,120,120,True,TRUE,3,True,TRUE
B2,Q2,0,256,122,0,True,MC_UNRESOLVED,6,True,TRUE
B2,Q2,0,256,122,122,True,TRUE,6,True,TRUE
B2,Q2,0,256,123,0,True,MC_UNRESOLVED,12,True,TRUE
B2,Q2,0,256,123,123,True,TRUE,12,True,TRUE
B2,Q2,0,256,125,0,True,MC_UNRESOLVED,6,True,TRUE
B2,Q2,0,256,125,125,True,TRUE,6,True,TRUE
B2,Q2,0,256,126,0,True,MC_UNRESOLVED,12,True,TRUE
B2,Q2,0,256,126,126,True,TRUE,12,True,TRUE
B2,Q2,0,256,127,0,True,MC_UNRESOLVED,6,True,TRUE
B2,Q2,0,256,127,127,True,TRUE,6,True,TRUE
B2,Q2,0,256,128,0,True,MC_UNRESOLVED,12,True,TRUE
B2,Q2,0,256,128,128,True,TRUE,12,True,TRUE
B2,Q2,0,256,129,0,True,MC_UNRESOLVED,6,True,TRUE
B2,Q2,0,256,129,129,True,TRUE,6,True,TRUE
B2,Q2,0,256,130,0,True,MC_UNRESOLVED,12,True,TRUE
B2,Q2,0,256,130,130,True,TRUE,12,True,TRUE
B2,Q2,0,256,131,0,True,MC_UNRESOLVED,6,True,TRUE
B2,Q2,0,256,131,131,True,TRUE,6,True,TRUE
B2,Q2,0,256,133,0,True,MC_UNRESOLVED,6,True,TRUE
B2,Q2,0,256,133,133,True,TRUE,6,True,TRUE
B2,Q2,0,256,135,0,True,MC_UNRESOLVED,6,True,TRUE
B2,Q2,0,256,135,135,True,TRUE,6,True,TRUE
B2,Q2,0,256,136,0,True,MC_UNRESOLVED,6,True,TRUE
B2,Q2,0,256,136,136,True,TRUE,6,True,TRUE
B2,Q2,0,256,138,0,True,MC_UNRESOLVED,6,True,TRUE
B2,Q2,0,256,138,138,True,TRUE,6,True,TRUE
B2,Q2,0,256,141,0,True,MC_UNRESOLVED,6,True,TRUE
B2,Q2,0,256,141,141,True,TRUE,6,True,TRUE
B2,Q2,0,256,145,0,True,MC_UNRESOLVED,6,True,TRUE
B2,Q2,0,256,145,145,True,TRUE,6,True,TRUE
B2,Q2,0,256,146,0,True,MC_UNRESOLVED,6,True,TRUE
B2,Q2,0,256,146,146,True,TRUE,6,True,TRUE
B2,Q2,0,256,147,0,True,MC_UNRESOLVED,6,True,TRUE
B2,Q2,0,256,147,147,True,TRUE,6,True,TRUE
B2,Q2,0,256,149,0,True,MC_UNRESOLVED,12,True,TRUE
B2,Q2,0,256,149,149,True,TRUE,12,True,TRUE
B2,Q2,0,256,150,0,True,MC_UNRESOLVED,18,True,TRUE
B2,Q2,0,256,150,150,True,TRUE,18,True,TRUE
B2,Q2,0,256,152,0,True,MC_UNRESOLVED,6,True,TRUE
B2,Q2,0,256,152,152,True,TRUE,6,True,TRUE
B2,Q2,0,256,154,0,True,MC_UNRESOLVED,6,True,TRUE
B2,Q2,0,256,156,0,True,MC_UNRESOLVED,6,True,TRUE
B2,Q2,0,256,156,156,True,TRUE,6,True,TRUE
B2,Q2,0,256,163,0,True,MC_UNRESOLVED,6,True,TRUE
B2,Q2,0,256,163,163,True,TRUE,6,True,TRUE
B2,Q2,0,256,164,0,True,MC_UNRESOLVED,3,True,TRUE
B2,Q2,0,256,164,1,True,TRUE,3,True,TRUE
B2,Q2,0,256,165,0,True,MC_UNRESOLVED,6,True,TRUE
B2,Q2,0,256,165,165,True,TRUE,6,True,TRUE
B2,Q2,0,256,168,0,True,MC_UNRESOLVED,12,True,TRUE
B2,Q2,0,256,169,0,True,MC_UNRESOLVED,6,True,TRUE
B2,Q2,0,256,169,169,True,TRUE,6,True,TRUE
B2,Q2,0,256,170,0,True,MC_UNRESOLVED,12,True,TRUE
B2,Q2,0,256,170,170,True,TRUE,12,True,TRUE
B2,Q2,0,256,173,0,True,MC_UNRESOLVED,12,True,TRUE
B2,Q2,0,256,175,0,True,MC_UNRESOLVED,12,True,TRUE
B2,Q2,0,256,175,175,True,TRUE,12,True,TRUE
B2,Q2,0,256,182,0,True,MC_UNRESOLVED,6,True,TRUE
B2,Q2,0,256,182,182,True,TRUE,6,True,TRUE
B2,Q2,0,256,186,0,True,MC_UNRESOLVED,6,True,TRUE
B2,Q2,0,256,186,186,True,TRUE,6,True,TRUE
B2,Q2,0,256,187,0,True,MC_UNRESOLVED,6,True,TRUE
B2,Q2,0,256,187,187,True,TRUE,6,True,TRUE
B2,Q2,0,256,188,0,True,MC_UNRESOLVED,12,True,TRUE
B2,Q2,0,256,189,0,True,MC_UNRESOLVED,18,True,TRUE
B2,Q2,0,256,189,4,True,TRUE,6,True,TRUE
B2,Q2,0,256,189,189,True,TRUE,12,True,TRUE
B2,Q2,0,256,194,0,True,MC_UNRESOLVED,6,True,TRUE
B2,Q2,0,256,194,194,True,TRUE,6,True,TRUE
B2,Q2,0,256,195,0,True,MC_UNRESOLVED,6,True,TRUE
B2,Q2,0,256,195,195,True,TRUE,6,True,TRUE
B2,Q2,0,256,197,0,True,MC_UNRESOLVED,18,True,TRUE
B2,Q2,0,256,197,197,True,TRUE,12,True,TRUE
B2,Q2,0,256,198,0,True,MC_UNRESOLVED,6,True,TRUE
B2,Q2,0,256,198,198,True,TRUE,6,True,TRUE
B2,Q2,0,256,199,0,True,MC_UNRESOLVED,6,True,TRUE
B2,Q2,0,256,199,199,True,TRUE,6,True,TRUE
B2,Q2,0,256,204,0,True,MC_UNRESOLVED,12,True,TRUE
B2,Q2,0,256,204,204,True,TRUE,6,True,TRUE
B2,Q2,0,256,207,0,True,MC_UNRESOLVED,6,True,TRUE
B2,Q2,0,256,207,207,True,TRUE,6,True,TRUE
B2,Q2,0,256,208,0,True,MC_UNRESOLVED,6,True,TRUE
B2,Q2,0,256,208,208,True,TRUE,6,True,TRUE
B2,Q2,0,256,209,0,True,MC_UNRESOLVED,6,True,TRUE
B2,Q2,0,256,209,209,True,TRUE,6,True,TRUE
B2,Q2,0,256,210,0,True,MC_UNRESOLVED,12,True,TRUE
B2,Q2,0,256,210,210,True,TRUE,12,True,TRUE
B2,Q2,0,256,212,0,True,MC_UNRESOLVED,6,True,TRUE
B2,Q2,0,256,212,212,True,TRUE,6,True,TRUE
B2,Q2,0,256,215,0,True,MC_UNRESOLVED,12,True,TRUE
B2,Q2,0,256,215,215,True,TRUE,12,True,TRUE
B2,Q2,0,256,216,0,True,MC_UNRESOLVED,6,True,TRUE
B2,Q2,0,256,216,216,True,TRUE,6,True,TRUE
B2,Q2,0,256,218,0,True,MC_UNRESOLVED,6,True,TRUE
B2,Q2,0,256,218,218,True,TRUE,6,True,TRUE
B2,Q2,0,256,223,0,True,MC_UNRESOLVED,6,True,TRUE
B2,Q2,0,256,223,223,True,TRUE,6,True,TRUE
B2,Q2,0,256,224,0,True,MC_UNRESOLVED,6,True,TRUE
B2,Q2,0,256,225,0,True,MC_UNRESOLVED,6,True,TRUE
B2,Q2,0,256,227,0,True,MC_UNRESOLVED,21,True,TRUE
B2,Q2,0,256,227,227,True,TRUE,15,True,TRUE
B2,Q2,0,256,228,0,True,MC_UNRESOLVED,6,True,TRUE
B2,Q2,0,256,228,228,True,TRUE,6,True,TRUE
B2,Q2,0,256,230,0,True,MC_UNRESOLVED,9,True,TRUE
B2,Q2,0,256,230,230,True,TRUE,9,True,TRUE
B2,Q2,0,256,233,0,True,MC_UNRESOLVED,6,True,TRUE
B2,Q2,0,256,233,233,True,TRUE,6,True,TRUE
B2,Q2,0,256,236,0,True,MC_UNRESOLVED,6,True,TRUE
B2,Q2,0,256,237,0,True,MC_UNRESOLVED,12,True,TRUE
B2,Q2,0,256,237,237,True,TRUE,12,True,TRUE
B2,Q2,0,256,238,0,True,MC_UNRESOLVED,12,True,TRUE
B2,Q2,0,256,238,238,True,TRUE,12,True,TRUE
B2,Q2,0,256,239,0,True,MC_UNRESOLVED,6,True,TRUE
B2,Q2,0,256,239,239,True,TRUE,6,True,TRUE
B2,Q2,0,256,240,0,True,MC_UNRESOLVED,3,True,TRUE
B2,Q2,0,256,240,240,True,TRUE,3,True,TRUE
B2,Q2,0,256,241,0,True,MC_UNRESOLVED,6,True,TRUE
B2,Q2,0,256,241,241,True,TRUE,6,True,TRUE
B2,Q2,0,256,242,0,True,MC_UNRESOLVED,3,True,TRUE
B2,Q2,0,256,242,242,True,TRUE,3,True,TRUE
B2,Q2,0,256,245,0,True,MC_UNRESOLVED,6,True,TRUE
B2,Q2,0,256,245,245,True,TRUE,6,True,TRUE
B2,Q2,0,256,246,0,True,MC_UNRESOLVED,18,True,TRUE
B2,Q2,0,256,246,246,True,TRUE,6,True,TRUE
B2,Q2,0,256,247,0,True,MC_UNRESOLVED,18,True,TRUE
B2,Q2,0,256,247,247,True,TRUE,18,True,TRUE
B2,Q2,0,256,249,0,True,MC_UNRESOLVED,18,True,TRUE
B2,Q2,0,256,249,249,True,TRUE,6,True,TRUE
B2,Q2,0,256,250,0,True,MC_UNRESOLVED,12,True,TRUE
B2,Q2,0,256,250,250,True,TRUE,12,True,TRUE
B2,Q2,0,256,253,0,True,MC_UNRESOLVED,6,True,TRUE
B2,Q2,0,256,253,253,True,TRUE,6,True,TRUE
B2,Q2,0,256,254,0,True,MC_UNRESOLVED,18,True,TRUE
B2,Q2,0,256,254,220,True,TRUE,3,True,TRUE
B2,Q2,0,256,254,228,True,TRUE,3,True,TRUE
B2,Q2,0,256,254,254,True,TRUE,12,True,TRUE
B2,Q2,0,256,255,0,True,MC_UNRESOLVED,36,True,TRUE
B2,Q2,0,256,255,255,True,TRUE,18,True,TRUE
B2,Q2,0,256,256,0,True,MC_UNRESOLVED,36708,True,TRUE
B2,Q2,0,256,256,1,True,TRUE,33,True,TRUE
B2,Q2,0,256,256,2,True,TRUE,9,True,TRUE
B2,Q2,0,256,256,3,True,TRUE,6,True,TRUE
B2,Q2,0,256,256,4,True,TRUE,6,True,TRUE
B2,Q2,0,256,256,5,True,TRUE,6,True,TRUE
B2,Q2,0,256,256,6,True,TRUE,18,True,TRUE
B2,Q2,0,256,256,7,True,TRUE,21,True,TRUE
B2,Q2,0,256,256,9,True,TRUE,3,True,TRUE
B2,Q2,0,256,256,12,True,TRUE,12,True,TRUE
B2,Q2,0,256,256,14,True,TRUE,6,True,TRUE
B2,Q2,0,256,256,15,True,TRUE,6,True,TRUE
B2,Q2,0,256,256,21,True,TRUE,6,True,TRUE
B2,Q2,0,256,256,23,True,TRUE,6,True,TRUE
B2,Q2,0,256,256,26,True,TRUE,6,True,TRUE
B2,Q2,0,256,256,31,True,TRUE,6,True,TRUE
B2,Q2,0,256,256,32,True,TRUE,6,True,TRUE
B2,Q2,0,256,256,34,True,TRUE,6,True,TRUE
B2,Q2,0,256,256,38,True,TRUE,6,True,TRUE
B2,Q2,0,256,256,41,True,TRUE,6,True,TRUE
B2,Q2,0,256,256,47,True,TRUE,6,True,TRUE
B2,Q2,0,256,256,48,True,TRUE,3,True,TRUE
B2,Q2,0,256,256,52,True,TRUE,9,True,TRUE
B2,Q2,0,256,256,53,True,TRUE,6,True,TRUE
B2,Q2,0,256,256,58,True,TRUE,6,True,TRUE
B2,Q2,0,256,256,75,True,TRUE,6,True,TRUE
B2,Q2,0,256,256,76,True,TRUE,3,True,TRUE
B2,Q2,0,256,256,88,True,TRUE,3,True,TRUE
B2,Q2,0,256,256,105,True,TRUE,24,True,TRUE
B2,Q2,0,256,256,114,True,TRUE,3,True,TRUE
B2,Q2,0,256,256,119,True,TRUE,3,True,TRUE
B2,Q2,0,256,256,130,True,TRUE,3,True,TRUE
B2,Q2,0,256,256,140,True,TRUE,3,True,TRUE
B2,Q2,0,256,256,150,True,TRUE,6,True,TRUE
B2,Q2,0,256,256,152,True,TRUE,3,True,TRUE
B2,Q2,0,256,256,154,True,TRUE,12,True,TRUE
B2,Q2,0,256,256,159,True,TRUE,12,True,TRUE
B2,Q2,0,256,256,160,True,TRUE,6,True,TRUE
B2,Q2,0,256,256,163,True,TRUE,3,True,TRUE
B2,Q2,0,256,256,176,True,TRUE,3,True,TRUE
B2,Q2,0,256,256,177,True,TRUE,6,True,TRUE
B2,Q2,0,256,256,180,True,TRUE,6,True,TRUE
B2,Q2,0,256,256,183,True,TRUE,3,True,TRUE
B2,Q2,0,256,256,185,True,TRUE,6,True,TRUE
B2,Q2,0,256,256,186,True,TRUE,6,True,TRUE
B2,Q2,0,256,256,187,True,TRUE,6,True,TRUE
B2,Q2,0,256,256,191,True,TRUE,6,True,TRUE
B2,Q2,0,256,256,192,True,TRUE,6,True,TRUE
B2,Q2,0,256,256,203,True,TRUE,3,True,TRUE
B2,Q2,0,256,256,207,True,TRUE,6,True,TRUE
B2,Q2,0,256,256,210,True,TRUE,9,True,TRUE
B2,Q2,0,256,256,220,True,TRUE,3,True,TRUE
B2,Q2,0,256,256,221,True,TRUE,12,True,TRUE
B2,Q2,0,256,256,223,True,TRUE,6,True,TRUE
B2,Q2,0,256,256,228,True,TRUE,9,True,TRUE
B2,Q2,0,256,256,231,True,TRUE,12,True,TRUE
B2,Q2,0,256,256,232,True,TRUE,6,True,TRUE
B2,Q2,0,256,256,233,True,TRUE,6,True,TRUE
B2,Q2,0,256,256,234,True,TRUE,9,True,TRUE
B2,Q2,0,256,256,238,True,TRUE,6,True,TRUE
B2,Q2,0,256,256,239,True,TRUE,3,True,TRUE
B2,Q2,0,256,256,240,True,TRUE,3,True,TRUE
B2,Q2,0,256,256,241,True,TRUE,9,True,TRUE
B2,Q2,0,256,256,243,True,TRUE,9,True,TRUE
B2,Q2,0,256,256,244,True,TRUE,15,True,TRUE
B2,Q2,0,256,256,245,True,TRUE,6,True,TRUE
B2,Q2,0,256,256,246,True,TRUE,6,True,TRUE
B2,Q2,0,256,256,247,True,TRUE,6,True,TRUE
B2,Q2,0,256,256,248,True,TRUE,3,True,TRUE
B2,Q2,0,256,256,250,True,TRUE,15,True,TRUE
B2,Q2,0,256,256,251,True,TRUE,9,True,TRUE
B2,Q2,0,256,256,252,True,TRUE,12,True,TRUE
B2,Q2,0,256,256,253,True,TRUE,12,True,TRUE
B2,Q2,0,256,256,254,True,TRUE,24,True,TRUE
B2,Q2,0,256,256,255,True,TRUE,27,True,TRUE
B2,Q2,0,256,256,256,True,TRUE,31410,True,TRUE
B2,Q1,0.5,256,0,0,False,FALSE,15768,False,FALSE
B2,Q1,0.5,256,0,0,True,FALSE,31008,False,FALSE
B2,Q1,0.5,256,1,0,True,FALSE,30,False,FALSE
B2,Q1,0.5,256,1,1,True,FALSE,87,False,FALSE
B2,Q1,0.5,256,2,0,True,FALSE,12,False,FALSE
B2,Q1,0.5,256,2,2,True,FALSE,63,False,FALSE
B2,Q1,0.5,256,3,0,True,FALSE,6,False,FALSE
B2,Q1,0.5,256,3,3,True,FALSE,45,False,FALSE
B2,Q1,0.5,256,4,0,True,FALSE,3,False,FALSE
B2,Q1,0.5,256,4,4,True,FALSE,57,False,FALSE
B2,Q1,0.5,256,5,0,True,FALSE,9,False,FALSE
B2,Q1,0.5,256,5,5,True,FALSE,33,False,FALSE
B2,Q1,0.5,256,6,0,True,FALSE,3,False,FALSE
B2,Q1,0.5,256,6,6,True,FALSE,33,False,FALSE
B2,Q1,0.5,256,7,7,True,FALSE,18,False,FALSE
B2,Q1,0.5,256,8,8,True,FALSE,27,False,FALSE
B2,Q1,0.5,256,9,9,True,FALSE,33,False,FALSE
B2,Q1,0.5,256,10,0,True,FALSE,6,False,FALSE
B2,Q1,0.5,256,10,10,True,FALSE,12,False,FALSE
B2,Q1,0.5,256,11,0,True,FALSE,3,False,FALSE
B2,Q1,0.5,256,11,11,True,FALSE,18,False,FALSE
B2,Q1,0.5,256,12,12,True,FALSE,6,False,FALSE
B2,Q1,0.5,256,13,0,True,FALSE,3,False,FALSE
B2,Q1,0.5,256,13,13,True,FALSE,18,False,FALSE
B2,Q1,0.5,256,14,14,True,FALSE,12,False,FALSE
B2,Q1,0.5,256,15,15,True,FALSE,6,False,FALSE
B2,Q1,0.5,256,16,16,True,FALSE,6,False,FALSE
B2,Q1,0.5,256,17,0,True,FALSE,9,False,FALSE
B2,Q1,0.5,256,17,17,True,FALSE,27,False,FALSE
B2,Q1,0.5,256,18,17,True,FALSE,6,False,FALSE
B2,Q1,0.5,256,18,18,True,FALSE,6,False,FALSE
B2,Q1,0.5,256,19,19,True,FALSE,30,False,FALSE
B2,Q1,0.5,256,20,20,True,FALSE,12,False,FALSE
B2,Q1,0.5,256,21,0,True,FALSE,3,False,FALSE
B2,Q1,0.5,256,21,21,True,FALSE,12,False,FALSE
B2,Q1,0.5,256,22,0,True,FALSE,12,False,FALSE
B2,Q1,0.5,256,23,0,True,FALSE,6,False,FALSE
B2,Q1,0.5,256,23,23,True,FALSE,12,False,FALSE
B2,Q1,0.5,256,25,25,True,FALSE,6,False,FALSE
B2,Q1,0.5,256,27,27,True,FALSE,12,False,FALSE
B2,Q1,0.5,256,28,28,True,FALSE,6,False,FALSE
B2,Q1,0.5,256,30,0,True,FALSE,6,False,FALSE
B2,Q1,0.5,256,30,30,True,FALSE,18,False,FALSE
B2,Q1,0.5,256,31,0,True,FALSE,6,False,FALSE
B2,Q1,0.5,256,32,32,True,FALSE,6,False,FALSE
B2,Q1,0.5,256,33,33,True,FALSE,24,False,FALSE
B2,Q1,0.5,256,34,34,True,FALSE,12,False,FALSE
B2,Q1,0.5,256,35,35,True,FALSE,6,False,FALSE
B2,Q1,0.5,256,36,0,True,FALSE,6,False,FALSE
B2,Q1,0.5,256,37,3,True,FALSE,6,False,FALSE
B2,Q1,0.5,256,38,38,True,FALSE,14,False,FALSE
B2,Q1,0.5,256,39,2,True,FALSE,6,False,FALSE
B2,Q1,0.5,256,39,39,True,FALSE,16,False,FALSE
B2,Q1,0.5,256,40,40,True,FALSE,12,False,FALSE
B2,Q1,0.5,256,41,41,True,FALSE,6,False,FALSE
B2,Q1,0.5,256,42,42,True,FALSE,12,False,FALSE
B2,Q1,0.5,256,43,43,True,FALSE,18,False,FALSE
B2,Q1,0.5,256,44,44,True,FALSE,6,False,FALSE
B2,Q1,0.5,256,45,45,True,FALSE,6,False,FALSE
B2,Q1,0.5,256,46,46,True,FALSE,6,False,FALSE
B2,Q1,0.5,256,47,47,True,FALSE,12,False,FALSE
B2,Q1,0.5,256,48,48,True,FALSE,6,False,FALSE
B2,Q1,0.5,256,49,0,True,FALSE,3,False,FALSE
B2,Q1,0.5,256,50,0,True,FALSE,6,False,FALSE
B2,Q1,0.5,256,50,50,True,FALSE,6,False,FALSE
B2,Q1,0.5,256,52,52,True,FALSE,6,False,FALSE
B2,Q1,0.5,256,56,56,True,FALSE,12,False,FALSE
B2,Q1,0.5,256,58,58,True,FALSE,6,False,FALSE
B2,Q1,0.5,256,59,59,True,FALSE,12,False,FALSE
B2,Q1,0.5,256,61,61,True,FALSE,6,False,FALSE
B2,Q1,0.5,256,62,62,True,FALSE,6,False,FALSE
B2,Q1,0.5,256,63,63,True,FALSE,18,False,FALSE
B2,Q1,0.5,256,64,64,True,FALSE,6,False,FALSE
B2,Q1,0.5,256,65,65,True,FALSE,6,False,FALSE
B2,Q1,0.5,256,66,0,True,FALSE,3,False,FALSE
B2,Q1,0.5,256,66,66,True,FALSE,12,False,FALSE
B2,Q1,0.5,256,67,67,True,FALSE,12,False,FALSE
B2,Q1,0.5,256,68,68,True,FALSE,6,False,FALSE
B2,Q1,0.5,256,69,69,True,FALSE,12,False,FALSE
B2,Q1,0.5,256,71,71,True,FALSE,6,False,FALSE
B2,Q1,0.5,256,72,11,True,FALSE,6,False,FALSE
B2,Q1,0.5,256,72,72,True,FALSE,6,False,FALSE
B2,Q1,0.5,256,73,73,True,FALSE,6,False,FALSE
B2,Q1,0.5,256,74,74,True,FALSE,6,False,FALSE
B2,Q1,0.5,256,76,76,True,FALSE,6,False,FALSE
B2,Q1,0.5,256,79,79,True,FALSE,6,False,FALSE
B2,Q1,0.5,256,86,86,True,FALSE,9,False,FALSE
B2,Q1,0.5,256,87,22,True,FALSE,6,False,FALSE
B2,Q1,0.5,256,88,88,True,FALSE,6,False,FALSE
B2,Q1,0.5,256,89,89,True,FALSE,6,False,FALSE
B2,Q1,0.5,256,90,90,True,FALSE,18,False,FALSE
B2,Q1,0.5,256,91,91,True,FALSE,18,False,FALSE
B2,Q1,0.5,256,92,92,True,FALSE,12,False,FALSE
B2,Q1,0.5,256,93,93,True,FALSE,6,False,FALSE
B2,Q1,0.5,256,102,102,True,FALSE,6,False,FALSE
B2,Q1,0.5,256,105,105,True,FALSE,2,False,FALSE
B2,Q1,0.5,256,106,106,True,FALSE,4,False,FALSE
B2,Q1,0.5,256,107,107,True,FALSE,6,False,FALSE
B2,Q1,0.5,256,113,113,True,MC_UNRESOLVED,3,False,MC_UNRESOLVED
B2,Q1,0.5,256,114,114,True,MC_UNRESOLVED,3,False,MC_UNRESOLVED
B2,Q1,0.5,256,116,116,True,MC_UNRESOLVED,24,False,MC_UNRESOLVED
B2,Q1,0.5,256,120,120,True,MC_UNRESOLVED,3,False,MC_UNRESOLVED
B2,Q1,0.5,256,122,122,True,MC_UNRESOLVED,6,False,MC_UNRESOLVED
B2,Q1,0.5,256,123,123,True,MC_UNRESOLVED,12,False,MC_UNRESOLVED
B2,Q1,0.5,256,125,125,True,MC_UNRESOLVED,6,False,MC_UNRESOLVED
B2,Q1,0.5,256,126,126,True,MC_UNRESOLVED,12,False,MC_UNRESOLVED
B2,Q1,0.5,256,127,127,True,MC_UNRESOLVED,6,False,MC_UNRESOLVED
B2,Q1,0.5,256,128,128,True,MC_UNRESOLVED,12,True,MC_UNRESOLVED
B2,Q1,0.5,256,129,129,True,MC_UNRESOLVED,6,True,MC_UNRESOLVED
B2,Q1,0.5,256,130,130,True,MC_UNRESOLVED,12,True,MC_UNRESOLVED
B2,Q1,0.5,256,131,131,True,MC_UNRESOLVED,6,True,MC_UNRESOLVED
B2,Q1,0.5,256,133,133,True,MC_UNRESOLVED,6,True,MC_UNRESOLVED
B2,Q1,0.5,256,135,135,True,MC_UNRESOLVED,6,True,MC_UNRESOLVED
B2,Q1,0.5,256,136,136,True,MC_UNRESOLVED,6,True,MC_UNRESOLVED
B2,Q1,0.5,256,138,138,True,MC_UNRESOLVED,6,True,MC_UNRESOLVED
B2,Q1,0.5,256,141,141,True,MC_UNRESOLVED,6,True,MC_UNRESOLVED
B2,Q1,0.5,256,145,145,True,TRUE,6,True,TRUE
B2,Q1,0.5,256,146,146,True,TRUE,6,True,TRUE
B2,Q1,0.5,256,147,147,True,TRUE,6,True,TRUE
B2,Q1,0.5,256,149,149,True,TRUE,12,True,TRUE
B2,Q1,0.5,256,150,150,True,TRUE,18,True,TRUE
B2,Q1,0.5,256,152,152,True,TRUE,6,True,TRUE
B2,Q1,0.5,256,154,0,True,TRUE,3,True,TRUE
B2,Q1,0.5,256,156,156,True,TRUE,6,True,TRUE
B2,Q1,0.5,256,163,163,True,TRUE,6,True,TRUE
B2,Q1,0.5,256,164,1,True,TRUE,3,True,TRUE
B2,Q1,0.5,256,165,165,True,TRUE,6,True,TRUE
B2,Q1,0.5,256,168,0,True,TRUE,6,True,TRUE
B2,Q1,0.5,256,169,169,True,TRUE,6,True,TRUE
B2,Q1,0.5,256,170,170,True,TRUE,12,True,TRUE
B2,Q1,0.5,256,173,0,True,TRUE,6,True,TRUE
B2,Q1,0.5,256,175,175,True,TRUE,12,True,TRUE
B2,Q1,0.5,256,182,182,True,TRUE,6,True,TRUE
B2,Q1,0.5,256,186,186,True,TRUE,6,True,TRUE
B2,Q1,0.5,256,187,187,True,TRUE,6,True,TRUE
B2,Q1,0.5,256,188,0,True,TRUE,6,True,TRUE
B2,Q1,0.5,256,189,4,True,TRUE,6,True,TRUE
B2,Q1,0.5,256,189,189,True,TRUE,12,True,TRUE
B2,Q1,0.5,256,194,194,True,TRUE,6,True,TRUE
B2,Q1,0.5,256,195,195,True,TRUE,6,True,TRUE
B2,Q1,0.5,256,197,0,True,TRUE,3,True,TRUE
B2,Q1,0.5,256,197,197,True,TRUE,12,True,TRUE
B2,Q1,0.5,256,198,198,True,TRUE,6,True,TRUE
B2,Q1,0.5,256,199,199,True,TRUE,6,True,TRUE
B2,Q1,0.5,256,204,0,True,TRUE,3,True,TRUE
B2,Q1,0.5,256,204,204,True,TRUE,6,True,TRUE
B2,Q1,0.5,256,207,207,True,TRUE,6,True,TRUE
B2,Q1,0.5,256,208,208,True,TRUE,6,True,TRUE
B2,Q1,0.5,256,209,209,True,TRUE,6,True,TRUE
B2,Q1,0.5,256,210,210,True,TRUE,12,True,TRUE
B2,Q1,0.5,256,212,212,True,TRUE,6,True,TRUE
B2,Q1,0.5,256,215,215,True,TRUE,12,True,TRUE
B2,Q1,0.5,256,216,216,True,TRUE,6,True,TRUE
B2,Q1,0.5,256,218,218,True,TRUE,6,True,TRUE
B2,Q1,0.5,256,223,223,True,TRUE,6,True,TRUE
B2,Q1,0.5,256,224,0,True,TRUE,3,True,TRUE
B2,Q1,0.5,256,225,0,True,TRUE,3,True,TRUE
B2,Q1,0.5,256,227,0,True,TRUE,3,True,TRUE
B2,Q1,0.5,256,227,227,True,TRUE,15,True,TRUE
B2,Q1,0.5,256,228,228,True,TRUE,6,True,TRUE
B2,Q1,0.5,256,230,230,True,TRUE,9,True,TRUE
B2,Q1,0.5,256,233,233,True,TRUE,6,True,TRUE
B2,Q1,0.5,256,236,0,True,TRUE,3,True,TRUE
B2,Q1,0.5,256,237,237,True,TRUE,12,True,TRUE
B2,Q1,0.5,256,238,238,True,TRUE,12,True,TRUE
B2,Q1,0.5,256,239,239,True,TRUE,6,True,TRUE
B2,Q1,0.5,256,240,240,True,TRUE,3,True,TRUE
B2,Q1,0.5,256,241,241,True,TRUE,6,True,TRUE
B2,Q1,0.5,256,242,242,True,TRUE,3,True,TRUE
B2,Q1,0.5,256,245,245,True,TRUE,6,True,TRUE
B2,Q1,0.5,256,246,0,True,TRUE,6,True,TRUE
B2,Q1,0.5,256,246,246,True,TRUE,6,True,TRUE
B2,Q1,0.5,256,247,247,True,TRUE,18,True,TRUE
B2,Q1,0.5,256,249,0,True,TRUE,6,True,TRUE
B2,Q1,0.5,256,249,249,True,TRUE,6,True,TRUE
B2,Q1,0.5,256,250,250,True,TRUE,12,True,TRUE
B2,Q1,0.5,256,253,253,True,TRUE,6,True,TRUE
B2,Q1,0.5,256,254,220,True,TRUE,3,True,TRUE
B2,Q1,0.5,256,254,228,True,TRUE,3,True,TRUE
B2,Q1,0.5,256,254,254,True,TRUE,12,True,TRUE
B2,Q1,0.5,256,255,0,True,TRUE,9,True,TRUE
B2,Q1,0.5,256,255,255,True,TRUE,18,True,TRUE
B2,Q1,0.5,256,256,0,True,TRUE,2355,True,TRUE
B2,Q1,0.5,256,256,1,True,TRUE,33,True,TRUE
B2,Q1,0.5,256,256,2,True,TRUE,9,True,TRUE
B2,Q1,0.5,256,256,3,True,TRUE,6,True,TRUE
B2,Q1,0.5,256,256,4,True,TRUE,6,True,TRUE
B2,Q1,0.5,256,256,5,True,TRUE,6,True,TRUE
B2,Q1,0.5,256,256,6,True,TRUE,18,True,TRUE
B2,Q1,0.5,256,256,7,True,TRUE,21,True,TRUE
B2,Q1,0.5,256,256,9,True,TRUE,3,True,TRUE
B2,Q1,0.5,256,256,12,True,TRUE,12,True,TRUE
B2,Q1,0.5,256,256,14,True,TRUE,6,True,TRUE
B2,Q1,0.5,256,256,15,True,TRUE,6,True,TRUE
B2,Q1,0.5,256,256,21,True,TRUE,6,True,TRUE
B2,Q1,0.5,256,256,23,True,TRUE,6,True,TRUE
B2,Q1,0.5,256,256,26,True,TRUE,6,True,TRUE
B2,Q1,0.5,256,256,31,True,TRUE,6,True,TRUE
B2,Q1,0.5,256,256,32,True,TRUE,6,True,TRUE
B2,Q1,0.5,256,256,34,True,TRUE,6,True,TRUE
B2,Q1,0.5,256,256,38,True,TRUE,6,True,TRUE
B2,Q1,0.5,256,256,41,True,TRUE,6,True,TRUE
B2,Q1,0.5,256,256,47,True,TRUE,6,True,TRUE
B2,Q1,0.5,256,256,48,True,TRUE,3,True,TRUE
B2,Q1,0.5,256,256,52,True,TRUE,9,True,TRUE
B2,Q1,0.5,256,256,53,True,TRUE,6,True,TRUE
B2,Q1,0.5,256,256,58,True,TRUE,6,True,TRUE
B2,Q1,0.5,256,256,75,True,TRUE,6,True,TRUE
B2,Q1,0.5,256,256,76,True,TRUE,3,True,TRUE
B2,Q1,0.5,256,256,88,True,TRUE,3,True,TRUE
B2,Q1,0.5,256,256,105,True,TRUE,24,True,TRUE
B2,Q1,0.5,256,256,114,True,TRUE,3,True,TRUE
B2,Q1,0.5,256,256,119,True,TRUE,3,True,TRUE
B2,Q1,0.5,256,256,130,True,TRUE,3,True,TRUE
B2,Q1,0.5,256,256,140,True,TRUE,3,True,TRUE
B2,Q1,0.5,256,256,150,True,TRUE,6,True,TRUE
B2,Q1,0.5,256,256,152,True,TRUE,3,True,TRUE
B2,Q1,0.5,256,256,154,True,TRUE,12,True,TRUE
B2,Q1,0.5,256,256,159,True,TRUE,12,True,TRUE
B2,Q1,0.5,256,256,160,True,TRUE,6,True,TRUE
B2,Q1,0.5,256,256,163,True,TRUE,3,True,TRUE
B2,Q1,0.5,256,256,176,True,TRUE,3,True,TRUE
B2,Q1,0.5,256,256,177,True,TRUE,6,True,TRUE
B2,Q1,0.5,256,256,180,True,TRUE,6,True,TRUE
B2,Q1,0.5,256,256,183,True,TRUE,3,True,TRUE
B2,Q1,0.5,256,256,185,True,TRUE,6,True,TRUE
B2,Q1,0.5,256,256,186,True,TRUE,6,True,TRUE
B2,Q1,0.5,256,256,187,True,TRUE,6,True,TRUE
B2,Q1,0.5,256,256,191,True,TRUE,6,True,TRUE
B2,Q1,0.5,256,256,192,True,TRUE,6,True,TRUE
B2,Q1,0.5,256,256,203,True,TRUE,3,True,TRUE
B2,Q1,0.5,256,256,207,True,TRUE,6,True,TRUE
B2,Q1,0.5,256,256,210,True,TRUE,9,True,TRUE
B2,Q1,0.5,256,256,220,True,TRUE,3,True,TRUE
B2,Q1,0.5,256,256,221,True,TRUE,12,True,TRUE
B2,Q1,0.5,256,256,223,True,TRUE,6,True,TRUE
B2,Q1,0.5,256,256,228,True,TRUE,9,True,TRUE
B2,Q1,0.5,256,256,231,True,TRUE,12,True,TRUE
B2,Q1,0.5,256,256,232,True,TRUE,6,True,TRUE
B2,Q1,0.5,256,256,233,True,TRUE,6,True,TRUE
B2,Q1,0.5,256,256,234,True,TRUE,9,True,TRUE
B2,Q1,0.5,256,256,238,True,TRUE,6,True,TRUE
B2,Q1,0.5,256,256,239,True,TRUE,3,True,TRUE
B2,Q1,0.5,256,256,240,True,TRUE,3,True,TRUE
B2,Q1,0.5,256,256,241,True,TRUE,9,True,TRUE
B2,Q1,0.5,256,256,243,True,TRUE,9,True,TRUE
B2,Q1,0.5,256,256,244,True,TRUE,15,True,TRUE
B2,Q1,0.5,256,256,245,True,TRUE,6,True,TRUE
B2,Q1,0.5,256,256,246,True,TRUE,6,True,TRUE
B2,Q1,0.5,256,256,247,True,TRUE,6,True,TRUE
B2,Q1,0.5,256,256,248,True,TRUE,3,True,TRUE
B2,Q1,0.5,256,256,250,True,TRUE,15,True,TRUE
B2,Q1,0.5,256,256,251,True,TRUE,9,True,TRUE
B2,Q1,0.5,256,256,252,True,TRUE,12,True,TRUE
B2,Q1,0.5,256,256,253,True,TRUE,12,True,TRUE
B2,Q1,0.5,256,256,254,True,TRUE,24,True,TRUE
B2,Q1,0.5,256,256,255,True,TRUE,27,True,TRUE
B2,Q1,0.5,256,256,256,True,TRUE,31410,True,TRUE
B2,Q2,0.5,256,0,0,False,FALSE,31536,False,FALSE
B2,Q2,0.5,256,0,0,True,FALSE,62016,False,FALSE
B2,Q2,0.5,256,1,0,True,FALSE,147,False,FALSE
B2,Q2,0.5,256,1,1,True,FALSE,87,False,FALSE
B2,Q2,0.5,256,2,0,True,FALSE,87,False,FALSE
B2,Q2,0.5,256,2,2,True,FALSE,63,False,FALSE
B2,Q2,0.5,256,3,0,True,FALSE,57,False,FALSE
B2,Q2,0.5,256,3,3,True,FALSE,45,False,FALSE
B2,Q2,0.5,256,4,0,True,FALSE,63,False,FALSE
B2,Q2,0.5,256,4,4,True,FALSE,57,False,FALSE
B2,Q2,0.5,256,5,0,True,FALSE,51,False,FALSE
B2,Q2,0.5,256,5,5,True,FALSE,33,False,FALSE
B2,Q2,0.5,256,6,0,True,FALSE,39,False,FALSE
B2,Q2,0.5,256,6,6,True,FALSE,33,False,FALSE
B2,Q2,0.5,256,7,0,True,FALSE,18,False,FALSE
B2,Q2,0.5,256,7,7,True,FALSE,18,False,FALSE
B2,Q2,0.5,256,8,0,True,FALSE,27,False,FALSE
B2,Q2,0.5,256,8,8,True,FALSE,27,False,FALSE
B2,Q2,0.5,256,9,0,True,FALSE,33,False,FALSE
B2,Q2,0.5,256,9,9,True,FALSE,33,False,FALSE
B2,Q2,0.5,256,10,0,True,FALSE,24,False,FALSE
B2,Q2,0.5,256,10,10,True,FALSE,12,False,FALSE
B2,Q2,0.5,256,11,0,True,FALSE,24,False,FALSE
B2,Q2,0.5,256,11,11,True,FALSE,18,False,FALSE
B2,Q2,0.5,256,12,0,True,FALSE,6,False,FALSE
B2,Q2,0.5,256,12,12,True,FALSE,6,False,FALSE
B2,Q2,0.5,256,13,0,True,FALSE,24,False,FALSE
B2,Q2,0.5,256,13,13,True,FALSE,18,False,FALSE
B2,Q2,0.5,256,14,0,True,FALSE,12,False,FALSE
B2,Q2,0.5,256,14,14,True,FALSE,12,False,FALSE
B2,Q2,0.5,256,15,0,True,FALSE,6,False,FALSE
B2,Q2,0.5,256,15,15,True,FALSE,6,False,FALSE
B2,Q2,0.5,256,16,0,True,FALSE,6,False,FALSE
B2,Q2,0.5,256,16,16,True,FALSE,6,False,FALSE
B2,Q2,0.5,256,17,0,True,FALSE,45,False,FALSE
B2,Q2,0.5,256,17,17,True,FALSE,27,False,FALSE
B2,Q2,0.5,256,18,0,True,FALSE,12,False,FALSE
B2,Q2,0.5,256,18,17,True,FALSE,6,False,FALSE
B2,Q2,0.5,256,18,18,True,FALSE,6,False,FALSE
B2,Q2,0.5,256,19,0,True,FALSE,30,False,FALSE
B2,Q2,0.5,256,19,19,True,FALSE,30,False,FALSE
B2,Q2,0.5,256,20,0,True,FALSE,12,False,FALSE
B2,Q2,0.5,256,20,20,True,FALSE,12,False,FALSE
B2,Q2,0.5,256,21,0,True,FALSE,18,False,FALSE
B2,Q2,0.5,256,21,21,True,FALSE,12,False,FALSE
B2,Q2,0.5,256,22,0,True,FALSE,24,False,FALSE
B2,Q2,0.5,256,23,0,True,FALSE,24,False,FALSE
B2,Q2,0.5,256,23,23,True,FALSE,12,False,FALSE
B2,Q2,0.5,256,25,0,True,FALSE,6,False,FALSE
B2,Q2,0.5,256,25,25,True,FALSE,6,False,FALSE
B2,Q2,0.5,256,27,0,True,FALSE,12,False,FALSE
B2,Q2,0.5,256,27,27,True,FALSE,12,False,FALSE
B2,Q2,0.5,256,28,0,True,FALSE,6,False,FALSE
B2,Q2,0.5,256,28,28,True,FALSE,6,False,FALSE
B2,Q2,0.5,256,30,0,True,FALSE,30,False,FALSE
B2,Q2,0.5,256,30,30,True,FALSE,18,False,FALSE
B2,Q2,0.5,256,31,0,True,FALSE,12,False,FALSE
B2,Q2,0.5,256,32,0,True,FALSE,6,False,FALSE
B2,Q2,0.5,256,32,32,True,FALSE,6,False,FALSE
B2,Q2,0.5,256,33,0,True,FALSE,24,False,FALSE
B2,Q2,0.5,256,33,33,True,FALSE,24,False,FALSE
B2,Q2,0.5,256,34,0,True,FALSE,12,False,FALSE
B2,Q2,0.5,256,34,34,True,FALSE,12,False,FALSE
B2,Q2,0.5,256,35,0,True,FALSE,6,False,FALSE
B2,Q2,0.5,256,35,35,True,FALSE,6,False,FALSE
B2,Q2,0.5,256,36,0,True,FALSE,12,False,FALSE
B2,Q2,0.5,256,37,0,True,FALSE,6,False,FALSE
B2,Q2,0.5,256,37,3,True,FALSE,6,False,FALSE
B2,Q2,0.5,256,38,0,True,FALSE,14,False,FALSE
B2,Q2,0.5,256,38,38,True,FALSE,14,False,FALSE
B2,Q2,0.5,256,39,0,True,FALSE,22,False,FALSE
B2,Q2,0.5,256,39,2,True,FALSE,6,False,FALSE
B2,Q2,0.5,256,39,39,True,FALSE,16,False,FALSE
B2,Q2,0.5,256,40,0,True,FALSE,12,False,FALSE
B2,Q2,0.5,256,40,40,True,FALSE,12,False,FALSE
B2,Q2,0.5,256,41,0,True,FALSE,6,False,FALSE
B2,Q2,0.5,256,41,41,True,FALSE,6,False,FALSE
B2,Q2,0.5,256,42,0,True,FALSE,12,False,FALSE
B2,Q2,0.5,256,42,42,True,FALSE,12,False,FALSE
B2,Q2,0.5,256,43,0,True,FALSE,18,False,FALSE
B2,Q2,0.5,256,43,43,True,FALSE,18,False,FALSE
B2,Q2,0.5,256,44,0,True,FALSE,6,False,FALSE
B2,Q2,0.5,256,44,44,True,FALSE,6,False,FALSE
B2,Q2,0.5,256,45,0,True,FALSE,6,False,FALSE
B2,Q2,0.5,256,45,45,True,FALSE,6,False,FALSE
B2,Q2,0.5,256,46,0,True,FALSE,6,False,FALSE
B2,Q2,0.5,256,46,46,True,FALSE,6,False,FALSE
B2,Q2,0.5,256,47,0,True,FALSE,12,False,FALSE
B2,Q2,0.5,256,47,47,True,FALSE,12,False,FALSE
B2,Q2,0.5,256,48,0,True,FALSE,6,False,FALSE
B2,Q2,0.5,256,48,48,True,FALSE,6,False,FALSE
B2,Q2,0.5,256,49,0,True,FALSE,6,False,FALSE
B2,Q2,0.5,256,50,0,True,FALSE,18,False,FALSE
B2,Q2,0.5,256,50,50,True,FALSE,6,False,FALSE
B2,Q2,0.5,256,52,0,True,FALSE,6,False,FALSE
B2,Q2,0.5,256,52,52,True,FALSE,6,False,FALSE
B2,Q2,0.5,256,56,0,True,FALSE,12,False,FALSE
B2,Q2,0.5,256,56,56,True,FALSE,12,False,FALSE
B2,Q2,0.5,256,58,0,True,FALSE,6,False,FALSE
B2,Q2,0.5,256,58,58,True,FALSE,6,False,FALSE
B2,Q2,0.5,256,59,0,True,FALSE,12,False,FALSE
B2,Q2,0.5,256,59,59,True,FALSE,12,False,FALSE
B2,Q2,0.5,256,61,0,True,FALSE,6,False,FALSE
B2,Q2,0.5,256,61,61,True,FALSE,6,False,FALSE
B2,Q2,0.5,256,62,0,True,FALSE,6,False,FALSE
B2,Q2,0.5,256,62,62,True,FALSE,6,False,FALSE
B2,Q2,0.5,256,63,0,True,FALSE,18,False,FALSE
B2,Q2,0.5,256,63,63,True,FALSE,18,False,FALSE
B2,Q2,0.5,256,64,0,True,FALSE,6,False,FALSE
B2,Q2,0.5,256,64,64,True,FALSE,6,False,FALSE
B2,Q2,0.5,256,65,0,True,FALSE,6,False,FALSE
B2,Q2,0.5,256,65,65,True,FALSE,6,False,FALSE
B2,Q2,0.5,256,66,0,True,FALSE,18,False,FALSE
B2,Q2,0.5,256,66,66,True,FALSE,12,False,FALSE
B2,Q2,0.5,256,67,0,True,FALSE,12,False,FALSE
B2,Q2,0.5,256,67,67,True,FALSE,12,False,FALSE
B2,Q2,0.5,256,68,0,True,FALSE,6,False,FALSE
B2,Q2,0.5,256,68,68,True,FALSE,6,False,FALSE
B2,Q2,0.5,256,69,0,True,FALSE,12,False,FALSE
B2,Q2,0.5,256,69,69,True,FALSE,12,False,FALSE
B2,Q2,0.5,256,71,0,True,FALSE,6,False,FALSE
B2,Q2,0.5,256,71,71,True,FALSE,6,False,FALSE
B2,Q2,0.5,256,72,0,True,FALSE,12,False,FALSE
B2,Q2,0.5,256,72,11,True,FALSE,6,False,FALSE
B2,Q2,0.5,256,72,72,True,FALSE,6,False,FALSE
B2,Q2,0.5,256,73,0,True,FALSE,6,False,FALSE
B2,Q2,0.5,256,73,73,True,FALSE,6,False,FALSE
B2,Q2,0.5,256,74,0,True,FALSE,6,False,FALSE
B2,Q2,0.5,256,74,74,True,FALSE,6,False,FALSE
B2,Q2,0.5,256,76,0,True,FALSE,6,False,FALSE
B2,Q2,0.5,256,76,76,True,FALSE,6,False,FALSE
B2,Q2,0.5,256,79,0,True,FALSE,6,False,FALSE
B2,Q2,0.5,256,79,79,True,FALSE,6,False,FALSE
B2,Q2,0.5,256,86,0,True,FALSE,9,False,FALSE
B2,Q2,0.5,256,86,86,True,FALSE,9,False,FALSE
B2,Q2,0.5,256,87,0,True,FALSE,6,False,FALSE
B2,Q2,0.5,256,87,22,True,FALSE,6,False,FALSE
B2,Q2,0.5,256,88,0,True,FALSE,6,False,FALSE
B2,Q2,0.5,256,88,88,True,FALSE,6,False,FALSE
B2,Q2,0.5,256,89,0,True,FALSE,6,False,FALSE
B2,Q2,0.5,256,89,89,True,FALSE,6,False,FALSE
B2,Q2,0.5,256,90,0,True,FALSE,18,False,FALSE
B2,Q2,0.5,256,90,90,True,FALSE,18,False,FALSE
B2,Q2,0.5,256,91,0,True,FALSE,18,False,FALSE
B2,Q2,0.5,256,91,91,True,FALSE,18,False,FALSE
B2,Q2,0.5,256,92,0,True,FALSE,12,False,FALSE
B2,Q2,0.5,256,92,92,True,FALSE,12,False,FALSE
B2,Q2,0.5,256,93,0,True,FALSE,6,False,FALSE
B2,Q2,0.5,256,93,93,True,FALSE,6,False,FALSE
B2,Q2,0.5,256,102,0,True,FALSE,6,False,FALSE
B2,Q2,0.5,256,102,102,True,FALSE,6,False,FALSE
B2,Q2,0.5,256,105,0,True,FALSE,2,False,FALSE
B2,Q2,0.5,256,105,105,True,FALSE,2,False,FALSE
B2,Q2,0.5,256,106,0,True,FALSE,4,False,FALSE
B2,Q2,0.5,256,106,106,True,FALSE,4,False,FALSE
B2,Q2,0.5,256,107,0,True,FALSE,6,False,FALSE
B2,Q2,0.5,256,107,107,True,FALSE,6,False,FALSE
B2,Q2,0.5,256,113,0,True,FALSE,3,False,FALSE
B2,Q2,0.5,256,113,113,True,MC_UNRESOLVED,3,False,MC_UNRESOLVED
B2,Q2,0.5,256,114,0,True,FALSE,3,False,FALSE
B2,Q2,0.5,256,114,114,True,MC_UNRESOLVED,3,False,MC_UNRESOLVED
B2,Q2,0.5,256,116,0,True,FALSE,24,False,FALSE
B2,Q2,0.5,256,116,116,True,MC_UNRESOLVED,24,False,MC_UNRESOLVED
B2,Q2,0.5,256,120,0,True,FALSE,3,False,FALSE
B2,Q2,0.5,256,120,120,True,MC_UNRESOLVED,3,False,MC_UNRESOLVED
B2,Q2,0.5,256,122,0,True,FALSE,6,False,FALSE
B2,Q2,0.5,256,122,122,True,MC_UNRESOLVED,6,False,MC_UNRESOLVED
B2,Q2,0.5,256,123,0,True,FALSE,12,False,FALSE
B2,Q2,0.5,256,123,123,True,MC_UNRESOLVED,12,False,MC_UNRESOLVED
B2,Q2,0.5,256,125,0,True,FALSE,6,False,FALSE
B2,Q2,0.5,256,125,125,True,MC_UNRESOLVED,6,False,MC_UNRESOLVED
B2,Q2,0.5,256,126,0,True,FALSE,12,False,FALSE
B2,Q2,0.5,256,126,126,True,MC_UNRESOLVED,12,False,MC_UNRESOLVED
B2,Q2,0.5,256,127,0,True,FALSE,6,False,FALSE
B2,Q2,0.5,256,127,127,True,MC_UNRESOLVED,6,False,MC_UNRESOLVED
B2,Q2,0.5,256,128,0,True,FALSE,12,False,FALSE
B2,Q2,0.5,256,128,128,True,MC_UNRESOLVED,12,True,MC_UNRESOLVED
B2,Q2,0.5,256,129,0,True,FALSE,6,False,FALSE
B2,Q2,0.5,256,129,129,True,MC_UNRESOLVED,6,True,MC_UNRESOLVED
B2,Q2,0.5,256,130,0,True,FALSE,12,False,FALSE
B2,Q2,0.5,256,130,130,True,MC_UNRESOLVED,12,True,MC_UNRESOLVED
B2,Q2,0.5,256,131,0,True,FALSE,6,False,FALSE
B2,Q2,0.5,256,131,131,True,MC_UNRESOLVED,6,True,MC_UNRESOLVED
B2,Q2,0.5,256,133,0,True,FALSE,6,False,FALSE
B2,Q2,0.5,256,133,133,True,MC_UNRESOLVED,6,True,MC_UNRESOLVED
B2,Q2,0.5,256,135,0,True,FALSE,6,False,FALSE
B2,Q2,0.5,256,135,135,True,MC_UNRESOLVED,6,True,MC_UNRESOLVED
B2,Q2,0.5,256,136,0,True,FALSE,6,False,FALSE
B2,Q2,0.5,256,136,136,True,MC_UNRESOLVED,6,True,MC_UNRESOLVED
B2,Q2,0.5,256,138,0,True,FALSE,6,False,FALSE
B2,Q2,0.5,256,138,138,True,MC_UNRESOLVED,6,True,MC_UNRESOLVED
B2,Q2,0.5,256,141,0,True,FALSE,6,False,FALSE
B2,Q2,0.5,256,141,141,True,MC_UNRESOLVED,6,True,MC_UNRESOLVED
B2,Q2,0.5,256,145,0,True,FALSE,6,False,FALSE
B2,Q2,0.5,256,145,145,True,MC_UNRESOLVED,6,True,MC_UNRESOLVED
B2,Q2,0.5,256,146,0,True,FALSE,6,False,FALSE
B2,Q2,0.5,256,146,146,True,TRUE,6,True,TRUE
B2,Q2,0.5,256,147,0,True,FALSE,6,False,FALSE
B2,Q2,0.5,256,147,147,True,TRUE,6,True,TRUE
B2,Q2,0.5,256,149,0,True,FALSE,12,False,FALSE
B2,Q2,0.5,256,149,149,True,TRUE,12,True,TRUE
B2,Q2,0.5,256,150,0,True,FALSE,18,False,FALSE
B2,Q2,0.5,256,150,150,True,TRUE,18,True,TRUE
B2,Q2,0.5,256,152,0,True,FALSE,6,False,FALSE
B2,Q2,0.5,256,152,152,True,TRUE,6,True,TRUE
B2,Q2,0.5,256,154,0,True,FALSE,6,False,FALSE
B2,Q2,0.5,256,156,0,True,FALSE,6,False,FALSE
B2,Q2,0.5,256,156,156,True,TRUE,6,True,TRUE
B2,Q2,0.5,256,163,0,True,FALSE,6,False,FALSE
B2,Q2,0.5,256,163,163,True,TRUE,6,True,TRUE
B2,Q2,0.5,256,164,0,True,FALSE,3,False,FALSE
B2,Q2,0.5,256,164,1,True,FALSE,3,False,FALSE
B2,Q2,0.5,256,165,0,True,FALSE,6,False,FALSE
B2,Q2,0.5,256,165,165,True,TRUE,6,True,TRUE
B2,Q2,0.5,256,168,0,True,FALSE,12,False,FALSE
B2,Q2,0.5,256,169,0,True,FALSE,6,False,FALSE
B2,Q2,0.5,256,169,169,True,TRUE,6,True,TRUE
B2,Q2,0.5,256,170,0,True,FALSE,12,False,FALSE
B2,Q2,0.5,256,170,170,True,TRUE,12,True,TRUE
B2,Q2,0.5,256,173,0,True,FALSE,12,False,FALSE
B2,Q2,0.5,256,175,0,True,FALSE,12,False,FALSE
B2,Q2,0.5,256,175,175,True,TRUE,12,True,TRUE
B2,Q2,0.5,256,182,0,True,FALSE,6,False,FALSE
B2,Q2,0.5,256,182,182,True,TRUE,6,True,TRUE
B2,Q2,0.5,256,186,0,True,FALSE,6,False,FALSE
B2,Q2,0.5,256,186,186,True,TRUE,6,True,TRUE
B2,Q2,0.5,256,187,0,True,FALSE,6,False,FALSE
B2,Q2,0.5,256,187,187,True,TRUE,6,True,TRUE
B2,Q2,0.5,256,188,0,True,FALSE,12,False,FALSE
B2,Q2,0.5,256,189,0,True,FALSE,18,False,FALSE
B2,Q2,0.5,256,189,4,True,FALSE,6,False,FALSE
B2,Q2,0.5,256,189,189,True,TRUE,12,True,TRUE
B2,Q2,0.5,256,194,0,True,FALSE,6,False,FALSE
B2,Q2,0.5,256,194,194,True,TRUE,6,True,TRUE
B2,Q2,0.5,256,195,0,True,FALSE,6,False,FALSE
B2,Q2,0.5,256,195,195,True,TRUE,6,True,TRUE
B2,Q2,0.5,256,197,0,True,FALSE,18,False,FALSE
B2,Q2,0.5,256,197,197,True,TRUE,12,True,TRUE
B2,Q2,0.5,256,198,0,True,FALSE,6,False,FALSE
B2,Q2,0.5,256,198,198,True,TRUE,6,True,TRUE
B2,Q2,0.5,256,199,0,True,FALSE,6,False,FALSE
B2,Q2,0.5,256,199,199,True,TRUE,6,True,TRUE
B2,Q2,0.5,256,204,0,True,FALSE,12,False,FALSE
B2,Q2,0.5,256,204,204,True,TRUE,6,True,TRUE
B2,Q2,0.5,256,207,0,True,FALSE,6,False,FALSE
B2,Q2,0.5,256,207,207,True,TRUE,6,True,TRUE
B2,Q2,0.5,256,208,0,True,FALSE,6,False,FALSE
B2,Q2,0.5,256,208,208,True,TRUE,6,True,TRUE
B2,Q2,0.5,256,209,0,True,FALSE,6,False,FALSE
B2,Q2,0.5,256,209,209,True,TRUE,6,True,TRUE
B2,Q2,0.5,256,210,0,True,FALSE,12,False,FALSE
B2,Q2,0.5,256,210,210,True,TRUE,12,True,TRUE
B2,Q2,0.5,256,212,0,True,FALSE,6,False,FALSE
B2,Q2,0.5,256,212,212,True,TRUE,6,True,TRUE
B2,Q2,0.5,256,215,0,True,FALSE,12,False,FALSE
B2,Q2,0.5,256,215,215,True,TRUE,12,True,TRUE
B2,Q2,0.5,256,216,0,True,FALSE,6,False,FALSE
B2,Q2,0.5,256,216,216,True,TRUE,6,True,TRUE
B2,Q2,0.5,256,218,0,True,FALSE,6,False,FALSE
B2,Q2,0.5,256,218,218,True,TRUE,6,True,TRUE
B2,Q2,0.5,256,223,0,True,FALSE,6,False,FALSE
B2,Q2,0.5,256,223,223,True,TRUE,6,True,TRUE
B2,Q2,0.5,256,224,0,True,FALSE,6,False,FALSE
B2,Q2,0.5,256,225,0,True,FALSE,6,False,FALSE
B2,Q2,0.5,256,227,0,True,FALSE,21,False,FALSE
B2,Q2,0.5,256,227,227,True,TRUE,15,True,TRUE
B2,Q2,0.5,256,228,0,True,FALSE,6,False,FALSE
B2,Q2,0.5,256,228,228,True,TRUE,6,True,TRUE
B2,Q2,0.5,256,230,0,True,FALSE,9,False,FALSE
B2,Q2,0.5,256,230,230,True,TRUE,9,True,TRUE
B2,Q2,0.5,256,233,0,True,FALSE,6,False,FALSE
B2,Q2,0.5,256,233,233,True,TRUE,6,True,TRUE
B2,Q2,0.5,256,236,0,True,FALSE,6,False,FALSE
B2,Q2,0.5,256,237,0,True,FALSE,12,False,FALSE
B2,Q2,0.5,256,237,237,True,TRUE,12,True,TRUE
B2,Q2,0.5,256,238,0,True,FALSE,12,False,FALSE
B2,Q2,0.5,256,238,238,True,TRUE,12,True,TRUE
B2,Q2,0.5,256,239,0,True,FALSE,6,False,FALSE
B2,Q2,0.5,256,239,239,True,TRUE,6,True,TRUE
B2,Q2,0.5,256,240,0,True,FALSE,3,False,FALSE
B2,Q2,0.5,256,240,240,True,TRUE,3,True,TRUE
B2,Q2,0.5,256,241,0,True,FALSE,6,False,FALSE
B2,Q2,0.5,256,241,241,True,TRUE,6,True,TRUE
B2,Q2,0.5,256,242,0,True,FALSE,3,False,FALSE
B2,Q2,0.5,256,242,242,True,TRUE,3,True,TRUE
B2,Q2,0.5,256,245,0,True,FALSE,6,False,FALSE
B2,Q2,0.5,256,245,245,True,TRUE,6,True,TRUE
B2,Q2,0.5,256,246,0,True,FALSE,18,False,FALSE
B2,Q2,0.5,256,246,246,True,TRUE,6,True,TRUE
B2,Q2,0.5,256,247,0,True,FALSE,18,False,FALSE
B2,Q2,0.5,256,247,247,True,TRUE,18,True,TRUE
B2,Q2,0.5,256,249,0,True,FALSE,18,False,FALSE
B2,Q2,0.5,256,249,249,True,TRUE,6,True,TRUE
B2,Q2,0.5,256,250,0,True,FALSE,12,False,FALSE
B2,Q2,0.5,256,250,250,True,TRUE,12,True,TRUE
B2,Q2,0.5,256,253,0,True,FALSE,6,False,FALSE
B2,Q2,0.5,256,253,253,True,TRUE,6,True,TRUE
B2,Q2,0.5,256,254,0,True,FALSE,18,False,FALSE
B2,Q2,0.5,256,254,220,True,TRUE,3,True,TRUE
B2,Q2,0.5,256,254,228,True,TRUE,3,True,TRUE
B2,Q2,0.5,256,254,254,True,TRUE,12,True,TRUE
B2,Q2,0.5,256,255,0,True,FALSE,36,False,FALSE
B2,Q2,0.5,256,255,255,True,TRUE,18,True,TRUE
B2,Q2,0.5,256,256,0,True,FALSE,36708,False,FALSE
B2,Q2,0.5,256,256,1,True,FALSE,33,False,FALSE
B2,Q2,0.5,256,256,2,True,FALSE,9,False,FALSE
B2,Q2,0.5,256,256,3,True,FALSE,6,False,FALSE
B2,Q2,0.5,256,256,4,True,FALSE,6,False,FALSE
B2,Q2,0.5,256,256,5,True,FALSE,6,False,FALSE
B2,Q2,0.5,256,256,6,True,FALSE,18,False,FALSE
B2,Q2,0.5,256,256,7,True,FALSE,21,False,FALSE
B2,Q2,0.5,256,256,9,True,FALSE,3,False,FALSE
B2,Q2,0.5,256,256,12,True,FALSE,12,False,FALSE
B2,Q2,0.5,256,256,14,True,FALSE,6,False,FALSE
B2,Q2,0.5,256,256,15,True,FALSE,6,False,FALSE
B2,Q2,0.5,256,256,21,True,FALSE,6,False,FALSE
B2,Q2,0.5,256,256,23,True,FALSE,6,False,FALSE
B2,Q2,0.5,256,256,26,True,FALSE,6,False,FALSE
B2,Q2,0.5,256,256,31,True,FALSE,6,False,FALSE
B2,Q2,0.5,256,256,32,True,FALSE,6,False,FALSE
B2,Q2,0.5,256,256,34,True,FALSE,6,False,FALSE
B2,Q2,0.5,256,256,38,True,FALSE,6,False,FALSE
B2,Q2,0.5,256,256,41,True,FALSE,6,False,FALSE
B2,Q2,0.5,256,256,47,True,FALSE,6,False,FALSE
B2,Q2,0.5,256,256,48,True,FALSE,3,False,FALSE
B2,Q2,0.5,256,256,52,True,FALSE,9,False,FALSE
B2,Q2,0.5,256,256,53,True,FALSE,6,False,FALSE
B2,Q2,0.5,256,256,58,True,FALSE,6,False,FALSE
B2,Q2,0.5,256,256,75,True,FALSE,6,False,FALSE
B2,Q2,0.5,256,256,76,True,FALSE,3,False,FALSE
B2,Q2,0.5,256,256,88,True,FALSE,3,False,FALSE
B2,Q2,0.5,256,256,105,True,FALSE,24,False,FALSE
B2,Q2,0.5,256,256,114,True,MC_UNRESOLVED,3,False,MC_UNRESOLVED
B2,Q2,0.5,256,256,119,True,MC_UNRESOLVED,3,False,MC_UNRESOLVED
B2,Q2,0.5,256,256,130,True,MC_UNRESOLVED,3,True,MC_UNRESOLVED
B2,Q2,0.5,256,256,140,True,MC_UNRESOLVED,3,True,MC_UNRESOLVED
B2,Q2,0.5,256,256,150,True,TRUE,6,True,TRUE
B2,Q2,0.5,256,256,152,True,TRUE,3,True,TRUE
B2,Q2,0.5,256,256,154,True,TRUE,12,True,TRUE
B2,Q2,0.5,256,256,159,True,TRUE,12,True,TRUE
B2,Q2,0.5,256,256,160,True,TRUE,6,True,TRUE
B2,Q2,0.5,256,256,163,True,TRUE,3,True,TRUE
B2,Q2,0.5,256,256,176,True,TRUE,3,True,TRUE
B2,Q2,0.5,256,256,177,True,TRUE,6,True,TRUE
B2,Q2,0.5,256,256,180,True,TRUE,6,True,TRUE
B2,Q2,0.5,256,256,183,True,TRUE,3,True,TRUE
B2,Q2,0.5,256,256,185,True,TRUE,6,True,TRUE
B2,Q2,0.5,256,256,186,True,TRUE,6,True,TRUE
B2,Q2,0.5,256,256,187,True,TRUE,6,True,TRUE
B2,Q2,0.5,256,256,191,True,TRUE,6,True,TRUE
B2,Q2,0.5,256,256,192,True,TRUE,6,True,TRUE
B2,Q2,0.5,256,256,203,True,TRUE,3,True,TRUE
B2,Q2,0.5,256,256,207,True,TRUE,6,True,TRUE
B2,Q2,0.5,256,256,210,True,TRUE,9,True,TRUE
B2,Q2,0.5,256,256,220,True,TRUE,3,True,TRUE
B2,Q2,0.5,256,256,221,True,TRUE,12,True,TRUE
B2,Q2,0.5,256,256,223,True,TRUE,6,True,TRUE
B2,Q2,0.5,256,256,228,True,TRUE,9,True,TRUE
B2,Q2,0.5,256,256,231,True,TRUE,12,True,TRUE
B2,Q2,0.5,256,256,232,True,TRUE,6,True,TRUE
B2,Q2,0.5,256,256,233,True,TRUE,6,True,TRUE
B2,Q2,0.5,256,256,234,True,TRUE,9,True,TRUE
B2,Q2,0.5,256,256,238,True,TRUE,6,True,TRUE
B2,Q2,0.5,256,256,239,True,TRUE,3,True,TRUE
B2,Q2,0.5,256,256,240,True,TRUE,3,True,TRUE
B2,Q2,0.5,256,256,241,True,TRUE,9,True,TRUE
B2,Q2,0.5,256,256,243,True,TRUE,9,True,TRUE
B2,Q2,0.5,256,256,244,True,TRUE,15,True,TRUE
B2,Q2,0.5,256,256,245,True,TRUE,6,True,TRUE
B2,Q2,0.5,256,256,246,True,TRUE,6,True,TRUE
B2,Q2,0.5,256,256,247,True,TRUE,6,True,TRUE
B2,Q2,0.5,256,256,248,True,TRUE,3,True,TRUE
B2,Q2,0.5,256,256,250,True,TRUE,15,True,TRUE
B2,Q2,0.5,256,256,251,True,TRUE,9,True,TRUE
B2,Q2,0.5,256,256,252,True,TRUE,12,True,TRUE
B2,Q2,0.5,256,256,253,True,TRUE,12,True,TRUE
B2,Q2,0.5,256,256,254,True,TRUE,24,True,TRUE
B2,Q2,0.5,256,256,255,True,TRUE,27,True,TRUE
B2,Q2,0.5,256,256,256,True,TRUE,31410,True,TRUE
B2,Q1,0.75,256,0,0,False,FALSE,15768,False,FALSE
B2,Q1,0.75,256,0,0,True,FALSE,31008,False,FALSE
B2,Q1,0.75,256,1,0,True,FALSE,30,False,FALSE
B2,Q1,0.75,256,1,1,True,FALSE,87,False,FALSE
B2,Q1,0.75,256,2,0,True,FALSE,12,False,FALSE
B2,Q1,0.75,256,2,2,True,FALSE,63,False,FALSE
B2,Q1,0.75,256,3,0,True,FALSE,6,False,FALSE
B2,Q1,0.75,256,3,3,True,FALSE,45,False,FALSE
B2,Q1,0.75,256,4,0,True,FALSE,3,False,FALSE
B2,Q1,0.75,256,4,4,True,FALSE,57,False,FALSE
B2,Q1,0.75,256,5,0,True,FALSE,9,False,FALSE
B2,Q1,0.75,256,5,5,True,FALSE,33,False,FALSE
B2,Q1,0.75,256,6,0,True,FALSE,3,False,FALSE
B2,Q1,0.75,256,6,6,True,FALSE,33,False,FALSE
B2,Q1,0.75,256,7,7,True,FALSE,18,False,FALSE
B2,Q1,0.75,256,8,8,True,FALSE,27,False,FALSE
B2,Q1,0.75,256,9,9,True,FALSE,33,False,FALSE
B2,Q1,0.75,256,10,0,True,FALSE,6,False,FALSE
B2,Q1,0.75,256,10,10,True,FALSE,12,False,FALSE
B2,Q1,0.75,256,11,0,True,FALSE,3,False,FALSE
B2,Q1,0.75,256,11,11,True,FALSE,18,False,FALSE
B2,Q1,0.75,256,12,12,True,FALSE,6,False,FALSE
B2,Q1,0.75,256,13,0,True,FALSE,3,False,FALSE
B2,Q1,0.75,256,13,13,True,FALSE,18,False,FALSE
B2,Q1,0.75,256,14,14,True,FALSE,12,False,FALSE
B2,Q1,0.75,256,15,15,True,FALSE,6,False,FALSE
B2,Q1,0.75,256,16,16,True,FALSE,6,False,FALSE
B2,Q1,0.75,256,17,0,True,FALSE,9,False,FALSE
B2,Q1,0.75,256,17,17,True,FALSE,27,False,FALSE
B2,Q1,0.75,256,18,17,True,FALSE,6,False,FALSE
B2,Q1,0.75,256,18,18,True,FALSE,6,False,FALSE
B2,Q1,0.75,256,19,19,True,FALSE,30,False,FALSE
B2,Q1,0.75,256,20,20,True,FALSE,12,False,FALSE
B2,Q1,0.75,256,21,0,True,FALSE,3,False,FALSE
B2,Q1,0.75,256,21,21,True,FALSE,12,False,FALSE
B2,Q1,0.75,256,22,0,True,FALSE,12,False,FALSE
B2,Q1,0.75,256,23,0,True,FALSE,6,False,FALSE
B2,Q1,0.75,256,23,23,True,FALSE,12,False,FALSE
B2,Q1,0.75,256,25,25,True,FALSE,6,False,FALSE
B2,Q1,0.75,256,27,27,True,FALSE,12,False,FALSE
B2,Q1,0.75,256,28,28,True,FALSE,6,False,FALSE
B2,Q1,0.75,256,30,0,True,FALSE,6,False,FALSE
B2,Q1,0.75,256,30,30,True,FALSE,18,False,FALSE
B2,Q1,0.75,256,31,0,True,FALSE,6,False,FALSE
B2,Q1,0.75,256,32,32,True,FALSE,6,False,FALSE
B2,Q1,0.75,256,33,33,True,FALSE,24,False,FALSE
B2,Q1,0.75,256,34,34,True,FALSE,12,False,FALSE
B2,Q1,0.75,256,35,35,True,FALSE,6,False,FALSE
B2,Q1,0.75,256,36,0,True,FALSE,6,False,FALSE
B2,Q1,0.75,256,37,3,True,FALSE,6,False,FALSE
B2,Q1,0.75,256,38,38,True,FALSE,14,False,FALSE
B2,Q1,0.75,256,39,2,True,FALSE,6,False,FALSE
B2,Q1,0.75,256,39,39,True,FALSE,16,False,FALSE
B2,Q1,0.75,256,40,40,True,FALSE,12,False,FALSE
B2,Q1,0.75,256,41,41,True,FALSE,6,False,FALSE
B2,Q1,0.75,256,42,42,True,FALSE,12,False,FALSE
B2,Q1,0.75,256,43,43,True,FALSE,18,False,FALSE
B2,Q1,0.75,256,44,44,True,FALSE,6,False,FALSE
B2,Q1,0.75,256,45,45,True,FALSE,6,False,FALSE
B2,Q1,0.75,256,46,46,True,FALSE,6,False,FALSE
B2,Q1,0.75,256,47,47,True,FALSE,12,False,FALSE
B2,Q1,0.75,256,48,48,True,FALSE,6,False,FALSE
B2,Q1,0.75,256,49,0,True,FALSE,3,False,FALSE
B2,Q1,0.75,256,50,0,True,FALSE,6,False,FALSE
B2,Q1,0.75,256,50,50,True,FALSE,6,False,FALSE
B2,Q1,0.75,256,52,52,True,FALSE,6,False,FALSE
B2,Q1,0.75,256,56,56,True,FALSE,12,False,FALSE
B2,Q1,0.75,256,58,58,True,FALSE,6,False,FALSE
B2,Q1,0.75,256,59,59,True,FALSE,12,False,FALSE
B2,Q1,0.75,256,61,61,True,FALSE,6,False,FALSE
B2,Q1,0.75,256,62,62,True,FALSE,6,False,FALSE
B2,Q1,0.75,256,63,63,True,FALSE,18,False,FALSE
B2,Q1,0.75,256,64,64,True,FALSE,6,False,FALSE
B2,Q1,0.75,256,65,65,True,FALSE,6,False,FALSE
B2,Q1,0.75,256,66,0,True,FALSE,3,False,FALSE
B2,Q1,0.75,256,66,66,True,FALSE,12,False,FALSE
B2,Q1,0.75,256,67,67,True,FALSE,12,False,FALSE
B2,Q1,0.75,256,68,68,True,FALSE,6,False,FALSE
B2,Q1,0.75,256,69,69,True,FALSE,12,False,FALSE
B2,Q1,0.75,256,71,71,True,FALSE,6,False,FALSE
B2,Q1,0.75,256,72,11,True,FALSE,6,False,FALSE
B2,Q1,0.75,256,72,72,True,FALSE,6,False,FALSE
B2,Q1,0.75,256,73,73,True,FALSE,6,False,FALSE
B2,Q1,0.75,256,74,74,True,FALSE,6,False,FALSE
B2,Q1,0.75,256,76,76,True,FALSE,6,False,FALSE
B2,Q1,0.75,256,79,79,True,FALSE,6,False,FALSE
B2,Q1,0.75,256,86,86,True,FALSE,9,False,FALSE
B2,Q1,0.75,256,87,22,True,FALSE,6,False,FALSE
B2,Q1,0.75,256,88,88,True,FALSE,6,False,FALSE
B2,Q1,0.75,256,89,89,True,FALSE,6,False,FALSE
B2,Q1,0.75,256,90,90,True,FALSE,18,False,FALSE
B2,Q1,0.75,256,91,91,True,FALSE,18,False,FALSE
B2,Q1,0.75,256,92,92,True,FALSE,12,False,FALSE
B2,Q1,0.75,256,93,93,True,FALSE,6,False,FALSE
B2,Q1,0.75,256,102,102,True,FALSE,6,False,FALSE
B2,Q1,0.75,256,105,105,True,FALSE,2,False,FALSE
B2,Q1,0.75,256,106,106,True,FALSE,4,False,FALSE
B2,Q1,0.75,256,107,107,True,FALSE,6,False,FALSE
B2,Q1,0.75,256,113,113,True,FALSE,3,False,FALSE
B2,Q1,0.75,256,114,114,True,FALSE,3,False,FALSE
B2,Q1,0.75,256,116,116,True,FALSE,24,False,FALSE
B2,Q1,0.75,256,120,120,True,FALSE,3,False,FALSE
B2,Q1,0.75,256,122,122,True,FALSE,6,False,FALSE
B2,Q1,0.75,256,123,123,True,FALSE,12,False,FALSE
B2,Q1,0.75,256,125,125,True,FALSE,6,False,FALSE
B2,Q1,0.75,256,126,126,True,FALSE,12,False,FALSE
B2,Q1,0.75,256,127,127,True,FALSE,6,False,FALSE
B2,Q1,0.75,256,128,128,True,FALSE,12,False,FALSE
B2,Q1,0.75,256,129,129,True,FALSE,6,False,FALSE
B2,Q1,0.75,256,130,130,True,FALSE,12,False,FALSE
B2,Q1,0.75,256,131,131,True,FALSE,6,False,FALSE
B2,Q1,0.75,256,133,133,True,FALSE,6,False,FALSE
B2,Q1,0.75,256,135,135,True,FALSE,6,False,FALSE
B2,Q1,0.75,256,136,136,True,FALSE,6,False,FALSE
B2,Q1,0.75,256,138,138,True,FALSE,6,False,FALSE
B2,Q1,0.75,256,141,141,True,FALSE,6,False,FALSE
B2,Q1,0.75,256,145,145,True,FALSE,6,False,FALSE
B2,Q1,0.75,256,146,146,True,FALSE,6,False,FALSE
B2,Q1,0.75,256,147,147,True,FALSE,6,False,FALSE
B2,Q1,0.75,256,149,149,True,FALSE,12,False,FALSE
B2,Q1,0.75,256,150,150,True,FALSE,18,False,FALSE
B2,Q1,0.75,256,152,152,True,FALSE,6,False,FALSE
B2,Q1,0.75,256,154,0,True,FALSE,3,False,FALSE
B2,Q1,0.75,256,156,156,True,FALSE,6,False,FALSE
B2,Q1,0.75,256,163,163,True,FALSE,6,False,FALSE
B2,Q1,0.75,256,164,1,True,FALSE,3,False,FALSE
B2,Q1,0.75,256,165,165,True,FALSE,6,False,FALSE
B2,Q1,0.75,256,168,0,True,FALSE,6,False,FALSE
B2,Q1,0.75,256,169,169,True,FALSE,6,False,FALSE
B2,Q1,0.75,256,170,170,True,FALSE,12,False,FALSE
B2,Q1,0.75,256,173,0,True,FALSE,6,False,FALSE
B2,Q1,0.75,256,175,175,True,FALSE,12,False,FALSE
B2,Q1,0.75,256,182,182,True,MC_UNRESOLVED,6,False,MC_UNRESOLVED
B2,Q1,0.75,256,186,186,True,MC_UNRESOLVED,6,False,MC_UNRESOLVED
B2,Q1,0.75,256,187,187,True,MC_UNRESOLVED,6,False,MC_UNRESOLVED
B2,Q1,0.75,256,188,0,True,MC_UNRESOLVED,6,False,MC_UNRESOLVED
B2,Q1,0.75,256,189,4,True,MC_UNRESOLVED,6,False,MC_UNRESOLVED
B2,Q1,0.75,256,189,189,True,MC_UNRESOLVED,12,False,MC_UNRESOLVED
B2,Q1,0.75,256,194,194,True,MC_UNRESOLVED,6,True,MC_UNRESOLVED
B2,Q1,0.75,256,195,195,True,MC_UNRESOLVED,6,True,MC_UNRESOLVED
B2,Q1,0.75,256,197,0,True,MC_UNRESOLVED,3,True,MC_UNRESOLVED
B2,Q1,0.75,256,197,197,True,MC_UNRESOLVED,12,True,MC_UNRESOLVED
B2,Q1,0.75,256,198,198,True,MC_UNRESOLVED,6,True,MC_UNRESOLVED
B2,Q1,0.75,256,199,199,True,MC_UNRESOLVED,6,True,MC_UNRESOLVED
B2,Q1,0.75,256,204,0,True,MC_UNRESOLVED,3,True,MC_UNRESOLVED
B2,Q1,0.75,256,204,204,True,MC_UNRESOLVED,6,True,MC_UNRESOLVED
B2,Q1,0.75,256,207,207,True,TRUE,6,True,TRUE
B2,Q1,0.75,256,208,208,True,TRUE,6,True,TRUE
B2,Q1,0.75,256,209,209,True,TRUE,6,True,TRUE
B2,Q1,0.75,256,210,210,True,TRUE,12,True,TRUE
B2,Q1,0.75,256,212,212,True,TRUE,6,True,TRUE
B2,Q1,0.75,256,215,215,True,TRUE,12,True,TRUE
B2,Q1,0.75,256,216,216,True,TRUE,6,True,TRUE
B2,Q1,0.75,256,218,218,True,TRUE,6,True,TRUE
B2,Q1,0.75,256,223,223,True,TRUE,6,True,TRUE
B2,Q1,0.75,256,224,0,True,TRUE,3,True,TRUE
B2,Q1,0.75,256,225,0,True,TRUE,3,True,TRUE
B2,Q1,0.75,256,227,0,True,TRUE,3,True,TRUE
B2,Q1,0.75,256,227,227,True,TRUE,15,True,TRUE
B2,Q1,0.75,256,228,228,True,TRUE,6,True,TRUE
B2,Q1,0.75,256,230,230,True,TRUE,9,True,TRUE
B2,Q1,0.75,256,233,233,True,TRUE,6,True,TRUE
B2,Q1,0.75,256,236,0,True,TRUE,3,True,TRUE
B2,Q1,0.75,256,237,237,True,TRUE,12,True,TRUE
B2,Q1,0.75,256,238,238,True,TRUE,12,True,TRUE
B2,Q1,0.75,256,239,239,True,TRUE,6,True,TRUE
B2,Q1,0.75,256,240,240,True,TRUE,3,True,TRUE
B2,Q1,0.75,256,241,241,True,TRUE,6,True,TRUE
B2,Q1,0.75,256,242,242,True,TRUE,3,True,TRUE
B2,Q1,0.75,256,245,245,True,TRUE,6,True,TRUE
B2,Q1,0.75,256,246,0,True,TRUE,6,True,TRUE
B2,Q1,0.75,256,246,246,True,TRUE,6,True,TRUE
B2,Q1,0.75,256,247,247,True,TRUE,18,True,TRUE
B2,Q1,0.75,256,249,0,True,TRUE,6,True,TRUE
B2,Q1,0.75,256,249,249,True,TRUE,6,True,TRUE
B2,Q1,0.75,256,250,250,True,TRUE,12,True,TRUE
B2,Q1,0.75,256,253,253,True,TRUE,6,True,TRUE
B2,Q1,0.75,256,254,220,True,TRUE,3,True,TRUE
B2,Q1,0.75,256,254,228,True,TRUE,3,True,TRUE
B2,Q1,0.75,256,254,254,True,TRUE,12,True,TRUE
B2,Q1,0.75,256,255,0,True,TRUE,9,True,TRUE
B2,Q1,0.75,256,255,255,True,TRUE,18,True,TRUE
B2,Q1,0.75,256,256,0,True,TRUE,2355,True,TRUE
B2,Q1,0.75,256,256,1,True,TRUE,33,True,TRUE
B2,Q1,0.75,256,256,2,True,TRUE,9,True,TRUE
B2,Q1,0.75,256,256,3,True,TRUE,6,True,TRUE
B2,Q1,0.75,256,256,4,True,TRUE,6,True,TRUE
B2,Q1,0.75,256,256,5,True,TRUE,6,True,TRUE
B2,Q1,0.75,256,256,6,True,TRUE,18,True,TRUE
B2,Q1,0.75,256,256,7,True,TRUE,21,True,TRUE
B2,Q1,0.75,256,256,9,True,TRUE,3,True,TRUE
B2,Q1,0.75,256,256,12,True,TRUE,12,True,TRUE
B2,Q1,0.75,256,256,14,True,TRUE,6,True,TRUE
B2,Q1,0.75,256,256,15,True,TRUE,6,True,TRUE
B2,Q1,0.75,256,256,21,True,TRUE,6,True,TRUE
B2,Q1,0.75,256,256,23,True,TRUE,6,True,TRUE
B2,Q1,0.75,256,256,26,True,TRUE,6,True,TRUE
B2,Q1,0.75,256,256,31,True,TRUE,6,True,TRUE
B2,Q1,0.75,256,256,32,True,TRUE,6,True,TRUE
B2,Q1,0.75,256,256,34,True,TRUE,6,True,TRUE
B2,Q1,0.75,256,256,38,True,TRUE,6,True,TRUE
B2,Q1,0.75,256,256,41,True,TRUE,6,True,TRUE
B2,Q1,0.75,256,256,47,True,TRUE,6,True,TRUE
B2,Q1,0.75,256,256,48,True,TRUE,3,True,TRUE
B2,Q1,0.75,256,256,52,True,TRUE,9,True,TRUE
B2,Q1,0.75,256,256,53,True,TRUE,6,True,TRUE
B2,Q1,0.75,256,256,58,True,TRUE,6,True,TRUE
B2,Q1,0.75,256,256,75,True,TRUE,6,True,TRUE
B2,Q1,0.75,256,256,76,True,TRUE,3,True,TRUE
B2,Q1,0.75,256,256,88,True,TRUE,3,True,TRUE
B2,Q1,0.75,256,256,105,True,TRUE,24,True,TRUE
B2,Q1,0.75,256,256,114,True,TRUE,3,True,TRUE
B2,Q1,0.75,256,256,119,True,TRUE,3,True,TRUE
B2,Q1,0.75,256,256,130,True,TRUE,3,True,TRUE
B2,Q1,0.75,256,256,140,True,TRUE,3,True,TRUE
B2,Q1,0.75,256,256,150,True,TRUE,6,True,TRUE
B2,Q1,0.75,256,256,152,True,TRUE,3,True,TRUE
B2,Q1,0.75,256,256,154,True,TRUE,12,True,TRUE
B2,Q1,0.75,256,256,159,True,TRUE,12,True,TRUE
B2,Q1,0.75,256,256,160,True,TRUE,6,True,TRUE
B2,Q1,0.75,256,256,163,True,TRUE,3,True,TRUE
B2,Q1,0.75,256,256,176,True,TRUE,3,True,TRUE
B2,Q1,0.75,256,256,177,True,TRUE,6,True,TRUE
B2,Q1,0.75,256,256,180,True,TRUE,6,True,TRUE
B2,Q1,0.75,256,256,183,True,TRUE,3,True,TRUE
B2,Q1,0.75,256,256,185,True,TRUE,6,True,TRUE
B2,Q1,0.75,256,256,186,True,TRUE,6,True,TRUE
B2,Q1,0.75,256,256,187,True,TRUE,6,True,TRUE
B2,Q1,0.75,256,256,191,True,TRUE,6,True,TRUE
B2,Q1,0.75,256,256,192,True,TRUE,6,True,TRUE
B2,Q1,0.75,256,256,203,True,TRUE,3,True,TRUE
B2,Q1,0.75,256,256,207,True,TRUE,6,True,TRUE
B2,Q1,0.75,256,256,210,True,TRUE,9,True,TRUE
B2,Q1,0.75,256,256,220,True,TRUE,3,True,TRUE
B2,Q1,0.75,256,256,221,True,TRUE,12,True,TRUE
B2,Q1,0.75,256,256,223,True,TRUE,6,True,TRUE
B2,Q1,0.75,256,256,228,True,TRUE,9,True,TRUE
B2,Q1,0.75,256,256,231,True,TRUE,12,True,TRUE
B2,Q1,0.75,256,256,232,True,TRUE,6,True,TRUE
B2,Q1,0.75,256,256,233,True,TRUE,6,True,TRUE
B2,Q1,0.75,256,256,234,True,TRUE,9,True,TRUE
B2,Q1,0.75,256,256,238,True,TRUE,6,True,TRUE
B2,Q1,0.75,256,256,239,True,TRUE,3,True,TRUE
B2,Q1,0.75,256,256,240,True,TRUE,3,True,TRUE
B2,Q1,0.75,256,256,241,True,TRUE,9,True,TRUE
B2,Q1,0.75,256,256,243,True,TRUE,9,True,TRUE
B2,Q1,0.75,256,256,244,True,TRUE,15,True,TRUE
B2,Q1,0.75,256,256,245,True,TRUE,6,True,TRUE
B2,Q1,0.75,256,256,246,True,TRUE,6,True,TRUE
B2,Q1,0.75,256,256,247,True,TRUE,6,True,TRUE
B2,Q1,0.75,256,256,248,True,TRUE,3,True,TRUE
B2,Q1,0.75,256,256,250,True,TRUE,15,True,TRUE
B2,Q1,0.75,256,256,251,True,TRUE,9,True,TRUE
B2,Q1,0.75,256,256,252,True,TRUE,12,True,TRUE
B2,Q1,0.75,256,256,253,True,TRUE,12,True,TRUE
B2,Q1,0.75,256,256,254,True,TRUE,24,True,TRUE
B2,Q1,0.75,256,256,255,True,TRUE,27,True,TRUE
B2,Q1,0.75,256,256,256,True,TRUE,31410,True,TRUE
B2,Q2,0.75,256,0,0,False,FALSE,31536,False,FALSE
B2,Q2,0.75,256,0,0,True,FALSE,62016,False,FALSE
B2,Q2,0.75,256,1,0,True,FALSE,147,False,FALSE
B2,Q2,0.75,256,1,1,True,FALSE,87,False,FALSE
B2,Q2,0.75,256,2,0,True,FALSE,87,False,FALSE
B2,Q2,0.75,256,2,2,True,FALSE,63,False,FALSE
B2,Q2,0.75,256,3,0,True,FALSE,57,False,FALSE
B2,Q2,0.75,256,3,3,True,FALSE,45,False,FALSE
B2,Q2,0.75,256,4,0,True,FALSE,63,False,FALSE
B2,Q2,0.75,256,4,4,True,FALSE,57,False,FALSE
B2,Q2,0.75,256,5,0,True,FALSE,51,False,FALSE
B2,Q2,0.75,256,5,5,True,FALSE,33,False,FALSE
B2,Q2,0.75,256,6,0,True,FALSE,39,False,FALSE
B2,Q2,0.75,256,6,6,True,FALSE,33,False,FALSE
B2,Q2,0.75,256,7,0,True,FALSE,18,False,FALSE
B2,Q2,0.75,256,7,7,True,FALSE,18,False,FALSE
B2,Q2,0.75,256,8,0,True,FALSE,27,False,FALSE
B2,Q2,0.75,256,8,8,True,FALSE,27,False,FALSE
B2,Q2,0.75,256,9,0,True,FALSE,33,False,FALSE
B2,Q2,0.75,256,9,9,True,FALSE,33,False,FALSE
B2,Q2,0.75,256,10,0,True,FALSE,24,False,FALSE
B2,Q2,0.75,256,10,10,True,FALSE,12,False,FALSE
B2,Q2,0.75,256,11,0,True,FALSE,24,False,FALSE
B2,Q2,0.75,256,11,11,True,FALSE,18,False,FALSE
B2,Q2,0.75,256,12,0,True,FALSE,6,False,FALSE
B2,Q2,0.75,256,12,12,True,FALSE,6,False,FALSE
B2,Q2,0.75,256,13,0,True,FALSE,24,False,FALSE
B2,Q2,0.75,256,13,13,True,FALSE,18,False,FALSE
B2,Q2,0.75,256,14,0,True,FALSE,12,False,FALSE
B2,Q2,0.75,256,14,14,True,FALSE,12,False,FALSE
B2,Q2,0.75,256,15,0,True,FALSE,6,False,FALSE
B2,Q2,0.75,256,15,15,True,FALSE,6,False,FALSE
B2,Q2,0.75,256,16,0,True,FALSE,6,False,FALSE
B2,Q2,0.75,256,16,16,True,FALSE,6,False,FALSE
B2,Q2,0.75,256,17,0,True,FALSE,45,False,FALSE
B2,Q2,0.75,256,17,17,True,FALSE,27,False,FALSE
B2,Q2,0.75,256,18,0,True,FALSE,12,False,FALSE
B2,Q2,0.75,256,18,17,True,FALSE,6,False,FALSE
B2,Q2,0.75,256,18,18,True,FALSE,6,False,FALSE
B2,Q2,0.75,256,19,0,True,FALSE,30,False,FALSE
B2,Q2,0.75,256,19,19,True,FALSE,30,False,FALSE
B2,Q2,0.75,256,20,0,True,FALSE,12,False,FALSE
B2,Q2,0.75,256,20,20,True,FALSE,12,False,FALSE
B2,Q2,0.75,256,21,0,True,FALSE,18,False,FALSE
B2,Q2,0.75,256,21,21,True,FALSE,12,False,FALSE
B2,Q2,0.75,256,22,0,True,FALSE,24,False,FALSE
B2,Q2,0.75,256,23,0,True,FALSE,24,False,FALSE
B2,Q2,0.75,256,23,23,True,FALSE,12,False,FALSE
B2,Q2,0.75,256,25,0,True,FALSE,6,False,FALSE
B2,Q2,0.75,256,25,25,True,FALSE,6,False,FALSE
B2,Q2,0.75,256,27,0,True,FALSE,12,False,FALSE
B2,Q2,0.75,256,27,27,True,FALSE,12,False,FALSE
B2,Q2,0.75,256,28,0,True,FALSE,6,False,FALSE
B2,Q2,0.75,256,28,28,True,FALSE,6,False,FALSE
B2,Q2,0.75,256,30,0,True,FALSE,30,False,FALSE
B2,Q2,0.75,256,30,30,True,FALSE,18,False,FALSE
B2,Q2,0.75,256,31,0,True,FALSE,12,False,FALSE
B2,Q2,0.75,256,32,0,True,FALSE,6,False,FALSE
B2,Q2,0.75,256,32,32,True,FALSE,6,False,FALSE
B2,Q2,0.75,256,33,0,True,FALSE,24,False,FALSE
B2,Q2,0.75,256,33,33,True,FALSE,24,False,FALSE
B2,Q2,0.75,256,34,0,True,FALSE,12,False,FALSE
B2,Q2,0.75,256,34,34,True,FALSE,12,False,FALSE
B2,Q2,0.75,256,35,0,True,FALSE,6,False,FALSE
B2,Q2,0.75,256,35,35,True,FALSE,6,False,FALSE
B2,Q2,0.75,256,36,0,True,FALSE,12,False,FALSE
B2,Q2,0.75,256,37,0,True,FALSE,6,False,FALSE
B2,Q2,0.75,256,37,3,True,FALSE,6,False,FALSE
B2,Q2,0.75,256,38,0,True,FALSE,14,False,FALSE
B2,Q2,0.75,256,38,38,True,FALSE,14,False,FALSE
B2,Q2,0.75,256,39,0,True,FALSE,22,False,FALSE
B2,Q2,0.75,256,39,2,True,FALSE,6,False,FALSE
B2,Q2,0.75,256,39,39,True,FALSE,16,False,FALSE
B2,Q2,0.75,256,40,0,True,FALSE,12,False,FALSE
B2,Q2,0.75,256,40,40,True,FALSE,12,False,FALSE
B2,Q2,0.75,256,41,0,True,FALSE,6,False,FALSE
B2,Q2,0.75,256,41,41,True,FALSE,6,False,FALSE
B2,Q2,0.75,256,42,0,True,FALSE,12,False,FALSE
B2,Q2,0.75,256,42,42,True,FALSE,12,False,FALSE
B2,Q2,0.75,256,43,0,True,FALSE,18,False,FALSE
B2,Q2,0.75,256,43,43,True,FALSE,18,False,FALSE
B2,Q2,0.75,256,44,0,True,FALSE,6,False,FALSE
B2,Q2,0.75,256,44,44,True,FALSE,6,False,FALSE
B2,Q2,0.75,256,45,0,True,FALSE,6,False,FALSE
B2,Q2,0.75,256,45,45,True,FALSE,6,False,FALSE
B2,Q2,0.75,256,46,0,True,FALSE,6,False,FALSE
B2,Q2,0.75,256,46,46,True,FALSE,6,False,FALSE
B2,Q2,0.75,256,47,0,True,FALSE,12,False,FALSE
B2,Q2,0.75,256,47,47,True,FALSE,12,False,FALSE
B2,Q2,0.75,256,48,0,True,FALSE,6,False,FALSE
B2,Q2,0.75,256,48,48,True,FALSE,6,False,FALSE
B2,Q2,0.75,256,49,0,True,FALSE,6,False,FALSE
B2,Q2,0.75,256,50,0,True,FALSE,18,False,FALSE
B2,Q2,0.75,256,50,50,True,FALSE,6,False,FALSE
B2,Q2,0.75,256,52,0,True,FALSE,6,False,FALSE
B2,Q2,0.75,256,52,52,True,FALSE,6,False,FALSE
B2,Q2,0.75,256,56,0,True,FALSE,12,False,FALSE
B2,Q2,0.75,256,56,56,True,FALSE,12,False,FALSE
B2,Q2,0.75,256,58,0,True,FALSE,6,False,FALSE
B2,Q2,0.75,256,58,58,True,FALSE,6,False,FALSE
B2,Q2,0.75,256,59,0,True,FALSE,12,False,FALSE
B2,Q2,0.75,256,59,59,True,FALSE,12,False,FALSE
B2,Q2,0.75,256,61,0,True,FALSE,6,False,FALSE
B2,Q2,0.75,256,61,61,True,FALSE,6,False,FALSE
B2,Q2,0.75,256,62,0,True,FALSE,6,False,FALSE
B2,Q2,0.75,256,62,62,True,FALSE,6,False,FALSE
B2,Q2,0.75,256,63,0,True,FALSE,18,False,FALSE
B2,Q2,0.75,256,63,63,True,FALSE,18,False,FALSE
B2,Q2,0.75,256,64,0,True,FALSE,6,False,FALSE
B2,Q2,0.75,256,64,64,True,FALSE,6,False,FALSE
B2,Q2,0.75,256,65,0,True,FALSE,6,False,FALSE
B2,Q2,0.75,256,65,65,True,FALSE,6,False,FALSE
B2,Q2,0.75,256,66,0,True,FALSE,18,False,FALSE
B2,Q2,0.75,256,66,66,True,FALSE,12,False,FALSE
B2,Q2,0.75,256,67,0,True,FALSE,12,False,FALSE
B2,Q2,0.75,256,67,67,True,FALSE,12,False,FALSE
B2,Q2,0.75,256,68,0,True,FALSE,6,False,FALSE
B2,Q2,0.75,256,68,68,True,FALSE,6,False,FALSE
B2,Q2,0.75,256,69,0,True,FALSE,12,False,FALSE
B2,Q2,0.75,256,69,69,True,FALSE,12,False,FALSE
B2,Q2,0.75,256,71,0,True,FALSE,6,False,FALSE
B2,Q2,0.75,256,71,71,True,FALSE,6,False,FALSE
B2,Q2,0.75,256,72,0,True,FALSE,12,False,FALSE
B2,Q2,0.75,256,72,11,True,FALSE,6,False,FALSE
B2,Q2,0.75,256,72,72,True,FALSE,6,False,FALSE
B2,Q2,0.75,256,73,0,True,FALSE,6,False,FALSE
B2,Q2,0.75,256,73,73,True,FALSE,6,False,FALSE
B2,Q2,0.75,256,74,0,True,FALSE,6,False,FALSE
B2,Q2,0.75,256,74,74,True,FALSE,6,False,FALSE
B2,Q2,0.75,256,76,0,True,FALSE,6,False,FALSE
B2,Q2,0.75,256,76,76,True,FALSE,6,False,FALSE
B2,Q2,0.75,256,79,0,True,FALSE,6,False,FALSE
B2,Q2,0.75,256,79,79,True,FALSE,6,False,FALSE
B2,Q2,0.75,256,86,0,True,FALSE,9,False,FALSE
B2,Q2,0.75,256,86,86,True,FALSE,9,False,FALSE
B2,Q2,0.75,256,87,0,True,FALSE,6,False,FALSE
B2,Q2,0.75,256,87,22,True,FALSE,6,False,FALSE
B2,Q2,0.75,256,88,0,True,FALSE,6,False,FALSE
B2,Q2,0.75,256,88,88,True,FALSE,6,False,FALSE
B2,Q2,0.75,256,89,0,True,FALSE,6,False,FALSE
B2,Q2,0.75,256,89,89,True,FALSE,6,False,FALSE
B2,Q2,0.75,256,90,0,True,FALSE,18,False,FALSE
B2,Q2,0.75,256,90,90,True,FALSE,18,False,FALSE
B2,Q2,0.75,256,91,0,True,FALSE,18,False,FALSE
B2,Q2,0.75,256,91,91,True,FALSE,18,False,FALSE
B2,Q2,0.75,256,92,0,True,FALSE,12,False,FALSE
B2,Q2,0.75,256,92,92,True,FALSE,12,False,FALSE
B2,Q2,0.75,256,93,0,True,FALSE,6,False,FALSE
B2,Q2,0.75,256,93,93,True,FALSE,6,False,FALSE
B2,Q2,0.75,256,102,0,True,FALSE,6,False,FALSE
B2,Q2,0.75,256,102,102,True,FALSE,6,False,FALSE
B2,Q2,0.75,256,105,0,True,FALSE,2,False,FALSE
B2,Q2,0.75,256,105,105,True,FALSE,2,False,FALSE
B2,Q2,0.75,256,106,0,True,FALSE,4,False,FALSE
B2,Q2,0.75,256,106,106,True,FALSE,4,False,FALSE
B2,Q2,0.75,256,107,0,True,FALSE,6,False,FALSE
B2,Q2,0.75,256,107,107,True,FALSE,6,False,FALSE
B2,Q2,0.75,256,113,0,True,FALSE,3,False,FALSE
B2,Q2,0.75,256,113,113,True,FALSE,3,False,FALSE
B2,Q2,0.75,256,114,0,True,FALSE,3,False,FALSE
B2,Q2,0.75,256,114,114,True,FALSE,3,False,FALSE
B2,Q2,0.75,256,116,0,True,FALSE,24,False,FALSE
B2,Q2,0.75,256,116,116,True,FALSE,24,False,FALSE
B2,Q2,0.75,256,120,0,True,FALSE,3,False,FALSE
B2,Q2,0.75,256,120,120,True,FALSE,3,False,FALSE
B2,Q2,0.75,256,122,0,True,FALSE,6,False,FALSE
B2,Q2,0.75,256,122,122,True,FALSE,6,False,FALSE
B2,Q2,0.75,256,123,0,True,FALSE,12,False,FALSE
B2,Q2,0.75,256,123,123,True,FALSE,12,False,FALSE
B2,Q2,0.75,256,125,0,True,FALSE,6,False,FALSE
B2,Q2,0.75,256,125,125,True,FALSE,6,False,FALSE
B2,Q2,0.75,256,126,0,True,FALSE,12,False,FALSE
B2,Q2,0.75,256,126,126,True,FALSE,12,False,FALSE
B2,Q2,0.75,256,127,0,True,FALSE,6,False,FALSE
B2,Q2,0.75,256,127,127,True,FALSE,6,False,FALSE
B2,Q2,0.75,256,128,0,True,FALSE,12,False,FALSE
B2,Q2,0.75,256,128,128,True,FALSE,12,False,FALSE
B2,Q2,0.75,256,129,0,True,FALSE,6,False,FALSE
B2,Q2,0.75,256,129,129,True,FALSE,6,False,FALSE
B2,Q2,0.75,256,130,0,True,FALSE,12,False,FALSE
B2,Q2,0.75,256,130,130,True,FALSE,12,False,FALSE
B2,Q2,0.75,256,131,0,True,FALSE,6,False,FALSE
B2,Q2,0.75,256,131,131,True,FALSE,6,False,FALSE
B2,Q2,0.75,256,133,0,True,FALSE,6,False,FALSE
B2,Q2,0.75,256,133,133,True,FALSE,6,False,FALSE
B2,Q2,0.75,256,135,0,True,FALSE,6,False,FALSE
B2,Q2,0.75,256,135,135,True,FALSE,6,False,FALSE
B2,Q2,0.75,256,136,0,True,FALSE,6,False,FALSE
B2,Q2,0.75,256,136,136,True,FALSE,6,False,FALSE
B2,Q2,0.75,256,138,0,True,FALSE,6,False,FALSE
B2,Q2,0.75,256,138,138,True,FALSE,6,False,FALSE
B2,Q2,0.75,256,141,0,True,FALSE,6,False,FALSE
B2,Q2,0.75,256,141,141,True,FALSE,6,False,FALSE
B2,Q2,0.75,256,145,0,True,FALSE,6,False,FALSE
B2,Q2,0.75,256,145,145,True,FALSE,6,False,FALSE
B2,Q2,0.75,256,146,0,True,FALSE,6,False,FALSE
B2,Q2,0.75,256,146,146,True,FALSE,6,False,FALSE
B2,Q2,0.75,256,147,0,True,FALSE,6,False,FALSE
B2,Q2,0.75,256,147,147,True,FALSE,6,False,FALSE
B2,Q2,0.75,256,149,0,True,FALSE,12,False,FALSE
B2,Q2,0.75,256,149,149,True,FALSE,12,False,FALSE
B2,Q2,0.75,256,150,0,True,FALSE,18,False,FALSE
B2,Q2,0.75,256,150,150,True,FALSE,18,False,FALSE
B2,Q2,0.75,256,152,0,True,FALSE,6,False,FALSE
B2,Q2,0.75,256,152,152,True,FALSE,6,False,FALSE
B2,Q2,0.75,256,154,0,True,FALSE,6,False,FALSE
B2,Q2,0.75,256,156,0,True,FALSE,6,False,FALSE
B2,Q2,0.75,256,156,156,True,FALSE,6,False,FALSE
B2,Q2,0.75,256,163,0,True,FALSE,6,False,FALSE
B2,Q2,0.75,256,163,163,True,FALSE,6,False,FALSE
B2,Q2,0.75,256,164,0,True,FALSE,3,False,FALSE
B2,Q2,0.75,256,164,1,True,FALSE,3,False,FALSE
B2,Q2,0.75,256,165,0,True,FALSE,6,False,FALSE
B2,Q2,0.75,256,165,165,True,FALSE,6,False,FALSE
B2,Q2,0.75,256,168,0,True,FALSE,12,False,FALSE
B2,Q2,0.75,256,169,0,True,FALSE,6,False,FALSE
B2,Q2,0.75,256,169,169,True,FALSE,6,False,FALSE
B2,Q2,0.75,256,170,0,True,FALSE,12,False,FALSE
B2,Q2,0.75,256,170,170,True,FALSE,12,False,FALSE
B2,Q2,0.75,256,173,0,True,FALSE,12,False,FALSE
B2,Q2,0.75,256,175,0,True,FALSE,12,False,FALSE
B2,Q2,0.75,256,175,175,True,FALSE,12,False,FALSE
B2,Q2,0.75,256,182,0,True,FALSE,6,False,FALSE
B2,Q2,0.75,256,182,182,True,MC_UNRESOLVED,6,False,MC_UNRESOLVED
B2,Q2,0.75,256,186,0,True,FALSE,6,False,FALSE
B2,Q2,0.75,256,186,186,True,MC_UNRESOLVED,6,False,MC_UNRESOLVED
B2,Q2,0.75,256,187,0,True,FALSE,6,False,FALSE
B2,Q2,0.75,256,187,187,True,MC_UNRESOLVED,6,False,MC_UNRESOLVED
B2,Q2,0.75,256,188,0,True,FALSE,12,False,FALSE
B2,Q2,0.75,256,189,0,True,FALSE,18,False,FALSE
B2,Q2,0.75,256,189,4,True,FALSE,6,False,FALSE
B2,Q2,0.75,256,189,189,True,MC_UNRESOLVED,12,False,MC_UNRESOLVED
B2,Q2,0.75,256,194,0,True,FALSE,6,False,FALSE
B2,Q2,0.75,256,194,194,True,MC_UNRESOLVED,6,True,MC_UNRESOLVED
B2,Q2,0.75,256,195,0,True,FALSE,6,False,FALSE
B2,Q2,0.75,256,195,195,True,MC_UNRESOLVED,6,True,MC_UNRESOLVED
B2,Q2,0.75,256,197,0,True,FALSE,18,False,FALSE
B2,Q2,0.75,256,197,197,True,MC_UNRESOLVED,12,True,MC_UNRESOLVED
B2,Q2,0.75,256,198,0,True,FALSE,6,False,FALSE
B2,Q2,0.75,256,198,198,True,MC_UNRESOLVED,6,True,MC_UNRESOLVED
B2,Q2,0.75,256,199,0,True,FALSE,6,False,FALSE
B2,Q2,0.75,256,199,199,True,MC_UNRESOLVED,6,True,MC_UNRESOLVED
B2,Q2,0.75,256,204,0,True,FALSE,12,False,FALSE
B2,Q2,0.75,256,204,204,True,MC_UNRESOLVED,6,True,MC_UNRESOLVED
B2,Q2,0.75,256,207,0,True,FALSE,6,False,FALSE
B2,Q2,0.75,256,207,207,True,MC_UNRESOLVED,6,True,MC_UNRESOLVED
B2,Q2,0.75,256,208,0,True,FALSE,6,False,FALSE
B2,Q2,0.75,256,208,208,True,TRUE,6,True,TRUE
B2,Q2,0.75,256,209,0,True,FALSE,6,False,FALSE
B2,Q2,0.75,256,209,209,True,TRUE,6,True,TRUE
B2,Q2,0.75,256,210,0,True,FALSE,12,False,FALSE
B2,Q2,0.75,256,210,210,True,TRUE,12,True,TRUE
B2,Q2,0.75,256,212,0,True,FALSE,6,False,FALSE
B2,Q2,0.75,256,212,212,True,TRUE,6,True,TRUE
B2,Q2,0.75,256,215,0,True,FALSE,12,False,FALSE
B2,Q2,0.75,256,215,215,True,TRUE,12,True,TRUE
B2,Q2,0.75,256,216,0,True,FALSE,6,False,FALSE
B2,Q2,0.75,256,216,216,True,TRUE,6,True,TRUE
B2,Q2,0.75,256,218,0,True,FALSE,6,False,FALSE
B2,Q2,0.75,256,218,218,True,TRUE,6,True,TRUE
B2,Q2,0.75,256,223,0,True,FALSE,6,False,FALSE
B2,Q2,0.75,256,223,223,True,TRUE,6,True,TRUE
B2,Q2,0.75,256,224,0,True,FALSE,6,False,FALSE
B2,Q2,0.75,256,225,0,True,FALSE,6,False,FALSE
B2,Q2,0.75,256,227,0,True,FALSE,21,False,FALSE
B2,Q2,0.75,256,227,227,True,TRUE,15,True,TRUE
B2,Q2,0.75,256,228,0,True,FALSE,6,False,FALSE
B2,Q2,0.75,256,228,228,True,TRUE,6,True,TRUE
B2,Q2,0.75,256,230,0,True,FALSE,9,False,FALSE
B2,Q2,0.75,256,230,230,True,TRUE,9,True,TRUE
B2,Q2,0.75,256,233,0,True,FALSE,6,False,FALSE
B2,Q2,0.75,256,233,233,True,TRUE,6,True,TRUE
B2,Q2,0.75,256,236,0,True,FALSE,6,False,FALSE
B2,Q2,0.75,256,237,0,True,FALSE,12,False,FALSE
B2,Q2,0.75,256,237,237,True,TRUE,12,True,TRUE
B2,Q2,0.75,256,238,0,True,FALSE,12,False,FALSE
B2,Q2,0.75,256,238,238,True,TRUE,12,True,TRUE
B2,Q2,0.75,256,239,0,True,FALSE,6,False,FALSE
B2,Q2,0.75,256,239,239,True,TRUE,6,True,TRUE
B2,Q2,0.75,256,240,0,True,FALSE,3,False,FALSE
B2,Q2,0.75,256,240,240,True,TRUE,3,True,TRUE
B2,Q2,0.75,256,241,0,True,FALSE,6,False,FALSE
B2,Q2,0.75,256,241,241,True,TRUE,6,True,TRUE
B2,Q2,0.75,256,242,0,True,FALSE,3,False,FALSE
B2,Q2,0.75,256,242,242,True,TRUE,3,True,TRUE
B2,Q2,0.75,256,245,0,True,FALSE,6,False,FALSE
B2,Q2,0.75,256,245,245,True,TRUE,6,True,TRUE
B2,Q2,0.75,256,246,0,True,FALSE,18,False,FALSE
B2,Q2,0.75,256,246,246,True,TRUE,6,True,TRUE
B2,Q2,0.75,256,247,0,True,FALSE,18,False,FALSE
B2,Q2,0.75,256,247,247,True,TRUE,18,True,TRUE
B2,Q2,0.75,256,249,0,True,FALSE,18,False,FALSE
B2,Q2,0.75,256,249,249,True,TRUE,6,True,TRUE
B2,Q2,0.75,256,250,0,True,FALSE,12,False,FALSE
B2,Q2,0.75,256,250,250,True,TRUE,12,True,TRUE
B2,Q2,0.75,256,253,0,True,FALSE,6,False,FALSE
B2,Q2,0.75,256,253,253,True,TRUE,6,True,TRUE
B2,Q2,0.75,256,254,0,True,FALSE,18,False,FALSE
B2,Q2,0.75,256,254,220,True,TRUE,3,True,TRUE
B2,Q2,0.75,256,254,228,True,TRUE,3,True,TRUE
B2,Q2,0.75,256,254,254,True,TRUE,12,True,TRUE
B2,Q2,0.75,256,255,0,True,FALSE,36,False,FALSE
B2,Q2,0.75,256,255,255,True,TRUE,18,True,TRUE
B2,Q2,0.75,256,256,0,True,FALSE,36708,False,FALSE
B2,Q2,0.75,256,256,1,True,FALSE,33,False,FALSE
B2,Q2,0.75,256,256,2,True,FALSE,9,False,FALSE
B2,Q2,0.75,256,256,3,True,FALSE,6,False,FALSE
B2,Q2,0.75,256,256,4,True,FALSE,6,False,FALSE
B2,Q2,0.75,256,256,5,True,FALSE,6,False,FALSE
B2,Q2,0.75,256,256,6,True,FALSE,18,False,FALSE
B2,Q2,0.75,256,256,7,True,FALSE,21,False,FALSE
B2,Q2,0.75,256,256,9,True,FALSE,3,False,FALSE
B2,Q2,0.75,256,256,12,True,FALSE,12,False,FALSE
B2,Q2,0.75,256,256,14,True,FALSE,6,False,FALSE
B2,Q2,0.75,256,256,15,True,FALSE,6,False,FALSE
B2,Q2,0.75,256,256,21,True,FALSE,6,False,FALSE
B2,Q2,0.75,256,256,23,True,FALSE,6,False,FALSE
B2,Q2,0.75,256,256,26,True,FALSE,6,False,FALSE
B2,Q2,0.75,256,256,31,True,FALSE,6,False,FALSE
B2,Q2,0.75,256,256,32,True,FALSE,6,False,FALSE
B2,Q2,0.75,256,256,34,True,FALSE,6,False,FALSE
B2,Q2,0.75,256,256,38,True,FALSE,6,False,FALSE
B2,Q2,0.75,256,256,41,True,FALSE,6,False,FALSE
B2,Q2,0.75,256,256,47,True,FALSE,6,False,FALSE
B2,Q2,0.75,256,256,48,True,FALSE,3,False,FALSE
B2,Q2,0.75,256,256,52,True,FALSE,9,False,FALSE
B2,Q2,0.75,256,256,53,True,FALSE,6,False,FALSE
B2,Q2,0.75,256,256,58,True,FALSE,6,False,FALSE
B2,Q2,0.75,256,256,75,True,FALSE,6,False,FALSE
B2,Q2,0.75,256,256,76,True,FALSE,3,False,FALSE
B2,Q2,0.75,256,256,88,True,FALSE,3,False,FALSE
B2,Q2,0.75,256,256,105,True,FALSE,24,False,FALSE
B2,Q2,0.75,256,256,114,True,FALSE,3,False,FALSE
B2,Q2,0.75,256,256,119,True,FALSE,3,False,FALSE
B2,Q2,0.75,256,256,130,True,FALSE,3,False,FALSE
B2,Q2,0.75,256,256,140,True,FALSE,3,False,FALSE
B2,Q2,0.75,256,256,150,True,FALSE,6,False,FALSE
B2,Q2,0.75,256,256,152,True,FALSE,3,False,FALSE
B2,Q2,0.75,256,256,154,True,FALSE,12,False,FALSE
B2,Q2,0.75,256,256,159,True,FALSE,12,False,FALSE
B2,Q2,0.75,256,256,160,True,FALSE,6,False,FALSE
B2,Q2,0.75,256,256,163,True,FALSE,3,False,FALSE
B2,Q2,0.75,256,256,176,True,FALSE,3,False,FALSE
B2,Q2,0.75,256,256,177,True,MC_UNRESOLVED,6,False,MC_UNRESOLVED
B2,Q2,0.75,256,256,180,True,MC_UNRESOLVED,6,False,MC_UNRESOLVED
B2,Q2,0.75,256,256,183,True,MC_UNRESOLVED,3,False,MC_UNRESOLVED
B2,Q2,0.75,256,256,185,True,MC_UNRESOLVED,6,False,MC_UNRESOLVED
B2,Q2,0.75,256,256,186,True,MC_UNRESOLVED,6,False,MC_UNRESOLVED
B2,Q2,0.75,256,256,187,True,MC_UNRESOLVED,6,False,MC_UNRESOLVED
B2,Q2,0.75,256,256,191,True,MC_UNRESOLVED,6,False,MC_UNRESOLVED
B2,Q2,0.75,256,256,192,True,MC_UNRESOLVED,6,True,MC_UNRESOLVED
B2,Q2,0.75,256,256,203,True,MC_UNRESOLVED,3,True,MC_UNRESOLVED
B2,Q2,0.75,256,256,207,True,MC_UNRESOLVED,6,True,MC_UNRESOLVED
B2,Q2,0.75,256,256,210,True,TRUE,9,True,TRUE
B2,Q2,0.75,256,256,220,True,TRUE,3,True,TRUE
B2,Q2,0.75,256,256,221,True,TRUE,12,True,TRUE
B2,Q2,0.75,256,256,223,True,TRUE,6,True,TRUE
B2,Q2,0.75,256,256,228,True,TRUE,9,True,TRUE
B2,Q2,0.75,256,256,231,True,TRUE,12,True,TRUE
B2,Q2,0.75,256,256,232,True,TRUE,6,True,TRUE
B2,Q2,0.75,256,256,233,True,TRUE,6,True,TRUE
B2,Q2,0.75,256,256,234,True,TRUE,9,True,TRUE
B2,Q2,0.75,256,256,238,True,TRUE,6,True,TRUE
B2,Q2,0.75,256,256,239,True,TRUE,3,True,TRUE
B2,Q2,0.75,256,256,240,True,TRUE,3,True,TRUE
B2,Q2,0.75,256,256,241,True,TRUE,9,True,TRUE
B2,Q2,0.75,256,256,243,True,TRUE,9,True,TRUE
B2,Q2,0.75,256,256,244,True,TRUE,15,True,TRUE
B2,Q2,0.75,256,256,245,True,TRUE,6,True,TRUE
B2,Q2,0.75,256,256,246,True,TRUE,6,True,TRUE
B2,Q2,0.75,256,256,247,True,TRUE,6,True,TRUE
B2,Q2,0.75,256,256,248,True,TRUE,3,True,TRUE
B2,Q2,0.75,256,256,250,True,TRUE,15,True,TRUE
B2,Q2,0.75,256,256,251,True,TRUE,9,True,TRUE
B2,Q2,0.75,256,256,252,True,TRUE,12,True,TRUE
B2,Q2,0.75,256,256,253,True,TRUE,12,True,TRUE
B2,Q2,0.75,256,256,254,True,TRUE,24,True,TRUE
B2,Q2,0.75,256,256,255,True,TRUE,27,True,TRUE
B2,Q2,0.75,256,256,256,True,TRUE,31410,True,TRUE
B2,Q1,0.9,256,0,0,False,FALSE,15768,False,FALSE
B2,Q1,0.9,256,0,0,True,FALSE,31008,False,FALSE
B2,Q1,0.9,256,1,0,True,FALSE,30,False,FALSE
B2,Q1,0.9,256,1,1,True,FALSE,87,False,FALSE
B2,Q1,0.9,256,2,0,True,FALSE,12,False,FALSE
B2,Q1,0.9,256,2,2,True,FALSE,63,False,FALSE
B2,Q1,0.9,256,3,0,True,FALSE,6,False,FALSE
B2,Q1,0.9,256,3,3,True,FALSE,45,False,FALSE
B2,Q1,0.9,256,4,0,True,FALSE,3,False,FALSE
B2,Q1,0.9,256,4,4,True,FALSE,57,False,FALSE
B2,Q1,0.9,256,5,0,True,FALSE,9,False,FALSE
B2,Q1,0.9,256,5,5,True,FALSE,33,False,FALSE
B2,Q1,0.9,256,6,0,True,FALSE,3,False,FALSE
B2,Q1,0.9,256,6,6,True,FALSE,33,False,FALSE
B2,Q1,0.9,256,7,7,True,FALSE,18,False,FALSE
B2,Q1,0.9,256,8,8,True,FALSE,27,False,FALSE
B2,Q1,0.9,256,9,9,True,FALSE,33,False,FALSE
B2,Q1,0.9,256,10,0,True,FALSE,6,False,FALSE
B2,Q1,0.9,256,10,10,True,FALSE,12,False,FALSE
B2,Q1,0.9,256,11,0,True,FALSE,3,False,FALSE
B2,Q1,0.9,256,11,11,True,FALSE,18,False,FALSE
B2,Q1,0.9,256,12,12,True,FALSE,6,False,FALSE
B2,Q1,0.9,256,13,0,True,FALSE,3,False,FALSE
B2,Q1,0.9,256,13,13,True,FALSE,18,False,FALSE
B2,Q1,0.9,256,14,14,True,FALSE,12,False,FALSE
B2,Q1,0.9,256,15,15,True,FALSE,6,False,FALSE
B2,Q1,0.9,256,16,16,True,FALSE,6,False,FALSE
B2,Q1,0.9,256,17,0,True,FALSE,9,False,FALSE
B2,Q1,0.9,256,17,17,True,FALSE,27,False,FALSE
B2,Q1,0.9,256,18,17,True,FALSE,6,False,FALSE
B2,Q1,0.9,256,18,18,True,FALSE,6,False,FALSE
B2,Q1,0.9,256,19,19,True,FALSE,30,False,FALSE
B2,Q1,0.9,256,20,20,True,FALSE,12,False,FALSE
B2,Q1,0.9,256,21,0,True,FALSE,3,False,FALSE
B2,Q1,0.9,256,21,21,True,FALSE,12,False,FALSE
B2,Q1,0.9,256,22,0,True,FALSE,12,False,FALSE
B2,Q1,0.9,256,23,0,True,FALSE,6,False,FALSE
B2,Q1,0.9,256,23,23,True,FALSE,12,False,FALSE
B2,Q1,0.9,256,25,25,True,FALSE,6,False,FALSE
B2,Q1,0.9,256,27,27,True,FALSE,12,False,FALSE
B2,Q1,0.9,256,28,28,True,FALSE,6,False,FALSE
B2,Q1,0.9,256,30,0,True,FALSE,6,False,FALSE
B2,Q1,0.9,256,30,30,True,FALSE,18,False,FALSE
B2,Q1,0.9,256,31,0,True,FALSE,6,False,FALSE
B2,Q1,0.9,256,32,32,True,FALSE,6,False,FALSE
B2,Q1,0.9,256,33,33,True,FALSE,24,False,FALSE
B2,Q1,0.9,256,34,34,True,FALSE,12,False,FALSE
B2,Q1,0.9,256,35,35,True,FALSE,6,False,FALSE
B2,Q1,0.9,256,36,0,True,FALSE,6,False,FALSE
B2,Q1,0.9,256,37,3,True,FALSE,6,False,FALSE
B2,Q1,0.9,256,38,38,True,FALSE,14,False,FALSE
B2,Q1,0.9,256,39,2,True,FALSE,6,False,FALSE
B2,Q1,0.9,256,39,39,True,FALSE,16,False,FALSE
B2,Q1,0.9,256,40,40,True,FALSE,12,False,FALSE
B2,Q1,0.9,256,41,41,True,FALSE,6,False,FALSE
B2,Q1,0.9,256,42,42,True,FALSE,12,False,FALSE
B2,Q1,0.9,256,43,43,True,FALSE,18,False,FALSE
B2,Q1,0.9,256,44,44,True,FALSE,6,False,FALSE
B2,Q1,0.9,256,45,45,True,FALSE,6,False,FALSE
B2,Q1,0.9,256,46,46,True,FALSE,6,False,FALSE
B2,Q1,0.9,256,47,47,True,FALSE,12,False,FALSE
B2,Q1,0.9,256,48,48,True,FALSE,6,False,FALSE
B2,Q1,0.9,256,49,0,True,FALSE,3,False,FALSE
B2,Q1,0.9,256,50,0,True,FALSE,6,False,FALSE
B2,Q1,0.9,256,50,50,True,FALSE,6,False,FALSE
B2,Q1,0.9,256,52,52,True,FALSE,6,False,FALSE
B2,Q1,0.9,256,56,56,True,FALSE,12,False,FALSE
B2,Q1,0.9,256,58,58,True,FALSE,6,False,FALSE
B2,Q1,0.9,256,59,59,True,FALSE,12,False,FALSE
B2,Q1,0.9,256,61,61,True,FALSE,6,False,FALSE
B2,Q1,0.9,256,62,62,True,FALSE,6,False,FALSE
B2,Q1,0.9,256,63,63,True,FALSE,18,False,FALSE
B2,Q1,0.9,256,64,64,True,FALSE,6,False,FALSE
B2,Q1,0.9,256,65,65,True,FALSE,6,False,FALSE
B2,Q1,0.9,256,66,0,True,FALSE,3,False,FALSE
B2,Q1,0.9,256,66,66,True,FALSE,12,False,FALSE
B2,Q1,0.9,256,67,67,True,FALSE,12,False,FALSE
B2,Q1,0.9,256,68,68,True,FALSE,6,False,FALSE
B2,Q1,0.9,256,69,69,True,FALSE,12,False,FALSE
B2,Q1,0.9,256,71,71,True,FALSE,6,False,FALSE
B2,Q1,0.9,256,72,11,True,FALSE,6,False,FALSE
B2,Q1,0.9,256,72,72,True,FALSE,6,False,FALSE
B2,Q1,0.9,256,73,73,True,FALSE,6,False,FALSE
B2,Q1,0.9,256,74,74,True,FALSE,6,False,FALSE
B2,Q1,0.9,256,76,76,True,FALSE,6,False,FALSE
B2,Q1,0.9,256,79,79,True,FALSE,6,False,FALSE
B2,Q1,0.9,256,86,86,True,FALSE,9,False,FALSE
B2,Q1,0.9,256,87,22,True,FALSE,6,False,FALSE
B2,Q1,0.9,256,88,88,True,FALSE,6,False,FALSE
B2,Q1,0.9,256,89,89,True,FALSE,6,False,FALSE
B2,Q1,0.9,256,90,90,True,FALSE,18,False,FALSE
B2,Q1,0.9,256,91,91,True,FALSE,18,False,FALSE
B2,Q1,0.9,256,92,92,True,FALSE,12,False,FALSE
B2,Q1,0.9,256,93,93,True,FALSE,6,False,FALSE
B2,Q1,0.9,256,102,102,True,FALSE,6,False,FALSE
B2,Q1,0.9,256,105,105,True,FALSE,2,False,FALSE
B2,Q1,0.9,256,106,106,True,FALSE,4,False,FALSE
B2,Q1,0.9,256,107,107,True,FALSE,6,False,FALSE
B2,Q1,0.9,256,113,113,True,FALSE,3,False,FALSE
B2,Q1,0.9,256,114,114,True,FALSE,3,False,FALSE
B2,Q1,0.9,256,116,116,True,FALSE,24,False,FALSE
B2,Q1,0.9,256,120,120,True,FALSE,3,False,FALSE
B2,Q1,0.9,256,122,122,True,FALSE,6,False,FALSE
B2,Q1,0.9,256,123,123,True,FALSE,12,False,FALSE
B2,Q1,0.9,256,125,125,True,FALSE,6,False,FALSE
B2,Q1,0.9,256,126,126,True,FALSE,12,False,FALSE
B2,Q1,0.9,256,127,127,True,FALSE,6,False,FALSE
B2,Q1,0.9,256,128,128,True,FALSE,12,False,FALSE
B2,Q1,0.9,256,129,129,True,FALSE,6,False,FALSE
B2,Q1,0.9,256,130,130,True,FALSE,12,False,FALSE
B2,Q1,0.9,256,131,131,True,FALSE,6,False,FALSE
B2,Q1,0.9,256,133,133,True,FALSE,6,False,FALSE
B2,Q1,0.9,256,135,135,True,FALSE,6,False,FALSE
B2,Q1,0.9,256,136,136,True,FALSE,6,False,FALSE
B2,Q1,0.9,256,138,138,True,FALSE,6,False,FALSE
B2,Q1,0.9,256,141,141,True,FALSE,6,False,FALSE
B2,Q1,0.9,256,145,145,True,FALSE,6,False,FALSE
B2,Q1,0.9,256,146,146,True,FALSE,6,False,FALSE
B2,Q1,0.9,256,147,147,True,FALSE,6,False,FALSE
B2,Q1,0.9,256,149,149,True,FALSE,12,False,FALSE
B2,Q1,0.9,256,150,150,True,FALSE,18,False,FALSE
B2,Q1,0.9,256,152,152,True,FALSE,6,False,FALSE
B2,Q1,0.9,256,154,0,True,FALSE,3,False,FALSE
B2,Q1,0.9,256,156,156,True,FALSE,6,False,FALSE
B2,Q1,0.9,256,163,163,True,FALSE,6,False,FALSE
B2,Q1,0.9,256,164,1,True,FALSE,3,False,FALSE
B2,Q1,0.9,256,165,165,True,FALSE,6,False,FALSE
B2,Q1,0.9,256,168,0,True,FALSE,6,False,FALSE
B2,Q1,0.9,256,169,169,True,FALSE,6,False,FALSE
B2,Q1,0.9,256,170,170,True,FALSE,12,False,FALSE
B2,Q1,0.9,256,173,0,True,FALSE,6,False,FALSE
B2,Q1,0.9,256,175,175,True,FALSE,12,False,FALSE
B2,Q1,0.9,256,182,182,True,FALSE,6,False,FALSE
B2,Q1,0.9,256,186,186,True,FALSE,6,False,FALSE
B2,Q1,0.9,256,187,187,True,FALSE,6,False,FALSE
B2,Q1,0.9,256,188,0,True,FALSE,6,False,FALSE
B2,Q1,0.9,256,189,4,True,FALSE,6,False,FALSE
B2,Q1,0.9,256,189,189,True,FALSE,12,False,FALSE
B2,Q1,0.9,256,194,194,True,FALSE,6,False,FALSE
B2,Q1,0.9,256,195,195,True,FALSE,6,False,FALSE
B2,Q1,0.9,256,197,0,True,FALSE,3,False,FALSE
B2,Q1,0.9,256,197,197,True,FALSE,12,False,FALSE
B2,Q1,0.9,256,198,198,True,FALSE,6,False,FALSE
B2,Q1,0.9,256,199,199,True,FALSE,6,False,FALSE
B2,Q1,0.9,256,204,0,True,FALSE,3,False,FALSE
B2,Q1,0.9,256,204,204,True,FALSE,6,False,FALSE
B2,Q1,0.9,256,207,207,True,FALSE,6,False,FALSE
B2,Q1,0.9,256,208,208,True,FALSE,6,False,FALSE
B2,Q1,0.9,256,209,209,True,FALSE,6,False,FALSE
B2,Q1,0.9,256,210,210,True,FALSE,12,False,FALSE
B2,Q1,0.9,256,212,212,True,FALSE,6,False,FALSE
B2,Q1,0.9,256,215,215,True,FALSE,12,False,FALSE
B2,Q1,0.9,256,216,216,True,FALSE,6,False,FALSE
B2,Q1,0.9,256,218,218,True,FALSE,6,False,FALSE
B2,Q1,0.9,256,223,223,True,MC_UNRESOLVED,6,False,MC_UNRESOLVED
B2,Q1,0.9,256,224,0,True,MC_UNRESOLVED,3,False,MC_UNRESOLVED
B2,Q1,0.9,256,225,0,True,MC_UNRESOLVED,3,False,MC_UNRESOLVED
B2,Q1,0.9,256,227,0,True,MC_UNRESOLVED,3,False,MC_UNRESOLVED
B2,Q1,0.9,256,227,227,True,MC_UNRESOLVED,15,False,MC_UNRESOLVED
B2,Q1,0.9,256,228,228,True,MC_UNRESOLVED,6,False,MC_UNRESOLVED
B2,Q1,0.9,256,230,230,True,MC_UNRESOLVED,9,False,MC_UNRESOLVED
B2,Q1,0.9,256,233,233,True,MC_UNRESOLVED,6,True,MC_UNRESOLVED
B2,Q1,0.9,256,236,0,True,MC_UNRESOLVED,3,True,MC_UNRESOLVED
B2,Q1,0.9,256,237,237,True,MC_UNRESOLVED,12,True,MC_UNRESOLVED
B2,Q1,0.9,256,238,238,True,MC_UNRESOLVED,12,True,MC_UNRESOLVED
B2,Q1,0.9,256,239,239,True,MC_UNRESOLVED,6,True,MC_UNRESOLVED
B2,Q1,0.9,256,240,240,True,TRUE,3,True,TRUE
B2,Q1,0.9,256,241,241,True,TRUE,6,True,TRUE
B2,Q1,0.9,256,242,242,True,TRUE,3,True,TRUE
B2,Q1,0.9,256,245,245,True,TRUE,6,True,TRUE
B2,Q1,0.9,256,246,0,True,TRUE,6,True,TRUE
B2,Q1,0.9,256,246,246,True,TRUE,6,True,TRUE
B2,Q1,0.9,256,247,247,True,TRUE,18,True,TRUE
B2,Q1,0.9,256,249,0,True,TRUE,6,True,TRUE
B2,Q1,0.9,256,249,249,True,TRUE,6,True,TRUE
B2,Q1,0.9,256,250,250,True,TRUE,12,True,TRUE
B2,Q1,0.9,256,253,253,True,TRUE,6,True,TRUE
B2,Q1,0.9,256,254,220,True,TRUE,3,True,TRUE
B2,Q1,0.9,256,254,228,True,TRUE,3,True,TRUE
B2,Q1,0.9,256,254,254,True,TRUE,12,True,TRUE
B2,Q1,0.9,256,255,0,True,TRUE,9,True,TRUE
B2,Q1,0.9,256,255,255,True,TRUE,18,True,TRUE
B2,Q1,0.9,256,256,0,True,TRUE,2355,True,TRUE
B2,Q1,0.9,256,256,1,True,TRUE,33,True,TRUE
B2,Q1,0.9,256,256,2,True,TRUE,9,True,TRUE
B2,Q1,0.9,256,256,3,True,TRUE,6,True,TRUE
B2,Q1,0.9,256,256,4,True,TRUE,6,True,TRUE
B2,Q1,0.9,256,256,5,True,TRUE,6,True,TRUE
B2,Q1,0.9,256,256,6,True,TRUE,18,True,TRUE
B2,Q1,0.9,256,256,7,True,TRUE,21,True,TRUE
B2,Q1,0.9,256,256,9,True,TRUE,3,True,TRUE
B2,Q1,0.9,256,256,12,True,TRUE,12,True,TRUE
B2,Q1,0.9,256,256,14,True,TRUE,6,True,TRUE
B2,Q1,0.9,256,256,15,True,TRUE,6,True,TRUE
B2,Q1,0.9,256,256,21,True,TRUE,6,True,TRUE
B2,Q1,0.9,256,256,23,True,TRUE,6,True,TRUE
B2,Q1,0.9,256,256,26,True,TRUE,6,True,TRUE
B2,Q1,0.9,256,256,31,True,TRUE,6,True,TRUE
B2,Q1,0.9,256,256,32,True,TRUE,6,True,TRUE
B2,Q1,0.9,256,256,34,True,TRUE,6,True,TRUE
B2,Q1,0.9,256,256,38,True,TRUE,6,True,TRUE
B2,Q1,0.9,256,256,41,True,TRUE,6,True,TRUE
B2,Q1,0.9,256,256,47,True,TRUE,6,True,TRUE
B2,Q1,0.9,256,256,48,True,TRUE,3,True,TRUE
B2,Q1,0.9,256,256,52,True,TRUE,9,True,TRUE
B2,Q1,0.9,256,256,53,True,TRUE,6,True,TRUE
B2,Q1,0.9,256,256,58,True,TRUE,6,True,TRUE
B2,Q1,0.9,256,256,75,True,TRUE,6,True,TRUE
B2,Q1,0.9,256,256,76,True,TRUE,3,True,TRUE
B2,Q1,0.9,256,256,88,True,TRUE,3,True,TRUE
B2,Q1,0.9,256,256,105,True,TRUE,24,True,TRUE
B2,Q1,0.9,256,256,114,True,TRUE,3,True,TRUE
B2,Q1,0.9,256,256,119,True,TRUE,3,True,TRUE
B2,Q1,0.9,256,256,130,True,TRUE,3,True,TRUE
B2,Q1,0.9,256,256,140,True,TRUE,3,True,TRUE
B2,Q1,0.9,256,256,150,True,TRUE,6,True,TRUE
B2,Q1,0.9,256,256,152,True,TRUE,3,True,TRUE
B2,Q1,0.9,256,256,154,True,TRUE,12,True,TRUE
B2,Q1,0.9,256,256,159,True,TRUE,12,True,TRUE
B2,Q1,0.9,256,256,160,True,TRUE,6,True,TRUE
B2,Q1,0.9,256,256,163,True,TRUE,3,True,TRUE
B2,Q1,0.9,256,256,176,True,TRUE,3,True,TRUE
B2,Q1,0.9,256,256,177,True,TRUE,6,True,TRUE
B2,Q1,0.9,256,256,180,True,TRUE,6,True,TRUE
B2,Q1,0.9,256,256,183,True,TRUE,3,True,TRUE
B2,Q1,0.9,256,256,185,True,TRUE,6,True,TRUE
B2,Q1,0.9,256,256,186,True,TRUE,6,True,TRUE
B2,Q1,0.9,256,256,187,True,TRUE,6,True,TRUE
B2,Q1,0.9,256,256,191,True,TRUE,6,True,TRUE
B2,Q1,0.9,256,256,192,True,TRUE,6,True,TRUE
B2,Q1,0.9,256,256,203,True,TRUE,3,True,TRUE
B2,Q1,0.9,256,256,207,True,TRUE,6,True,TRUE
B2,Q1,0.9,256,256,210,True,TRUE,9,True,TRUE
B2,Q1,0.9,256,256,220,True,TRUE,3,True,TRUE
B2,Q1,0.9,256,256,221,True,TRUE,12,True,TRUE
B2,Q1,0.9,256,256,223,True,TRUE,6,True,TRUE
B2,Q1,0.9,256,256,228,True,TRUE,9,True,TRUE
B2,Q1,0.9,256,256,231,True,TRUE,12,True,TRUE
B2,Q1,0.9,256,256,232,True,TRUE,6,True,TRUE
B2,Q1,0.9,256,256,233,True,TRUE,6,True,TRUE
B2,Q1,0.9,256,256,234,True,TRUE,9,True,TRUE
B2,Q1,0.9,256,256,238,True,TRUE,6,True,TRUE
B2,Q1,0.9,256,256,239,True,TRUE,3,True,TRUE
B2,Q1,0.9,256,256,240,True,TRUE,3,True,TRUE
B2,Q1,0.9,256,256,241,True,TRUE,9,True,TRUE
B2,Q1,0.9,256,256,243,True,TRUE,9,True,TRUE
B2,Q1,0.9,256,256,244,True,TRUE,15,True,TRUE
B2,Q1,0.9,256,256,245,True,TRUE,6,True,TRUE
B2,Q1,0.9,256,256,246,True,TRUE,6,True,TRUE
B2,Q1,0.9,256,256,247,True,TRUE,6,True,TRUE
B2,Q1,0.9,256,256,248,True,TRUE,3,True,TRUE
B2,Q1,0.9,256,256,250,True,TRUE,15,True,TRUE
B2,Q1,0.9,256,256,251,True,TRUE,9,True,TRUE
B2,Q1,0.9,256,256,252,True,TRUE,12,True,TRUE
B2,Q1,0.9,256,256,253,True,TRUE,12,True,TRUE
B2,Q1,0.9,256,256,254,True,TRUE,24,True,TRUE
B2,Q1,0.9,256,256,255,True,TRUE,27,True,TRUE
B2,Q1,0.9,256,256,256,True,TRUE,31410,True,TRUE
B2,Q2,0.9,256,0,0,False,FALSE,31536,False,FALSE
B2,Q2,0.9,256,0,0,True,FALSE,62016,False,FALSE
B2,Q2,0.9,256,1,0,True,FALSE,147,False,FALSE
B2,Q2,0.9,256,1,1,True,FALSE,87,False,FALSE
B2,Q2,0.9,256,2,0,True,FALSE,87,False,FALSE
B2,Q2,0.9,256,2,2,True,FALSE,63,False,FALSE
B2,Q2,0.9,256,3,0,True,FALSE,57,False,FALSE
B2,Q2,0.9,256,3,3,True,FALSE,45,False,FALSE
B2,Q2,0.9,256,4,0,True,FALSE,63,False,FALSE
B2,Q2,0.9,256,4,4,True,FALSE,57,False,FALSE
B2,Q2,0.9,256,5,0,True,FALSE,51,False,FALSE
B2,Q2,0.9,256,5,5,True,FALSE,33,False,FALSE
B2,Q2,0.9,256,6,0,True,FALSE,39,False,FALSE
B2,Q2,0.9,256,6,6,True,FALSE,33,False,FALSE
B2,Q2,0.9,256,7,0,True,FALSE,18,False,FALSE
B2,Q2,0.9,256,7,7,True,FALSE,18,False,FALSE
B2,Q2,0.9,256,8,0,True,FALSE,27,False,FALSE
B2,Q2,0.9,256,8,8,True,FALSE,27,False,FALSE
B2,Q2,0.9,256,9,0,True,FALSE,33,False,FALSE
B2,Q2,0.9,256,9,9,True,FALSE,33,False,FALSE
B2,Q2,0.9,256,10,0,True,FALSE,24,False,FALSE
B2,Q2,0.9,256,10,10,True,FALSE,12,False,FALSE
B2,Q2,0.9,256,11,0,True,FALSE,24,False,FALSE
B2,Q2,0.9,256,11,11,True,FALSE,18,False,FALSE
B2,Q2,0.9,256,12,0,True,FALSE,6,False,FALSE
B2,Q2,0.9,256,12,12,True,FALSE,6,False,FALSE
B2,Q2,0.9,256,13,0,True,FALSE,24,False,FALSE
B2,Q2,0.9,256,13,13,True,FALSE,18,False,FALSE
B2,Q2,0.9,256,14,0,True,FALSE,12,False,FALSE
B2,Q2,0.9,256,14,14,True,FALSE,12,False,FALSE
B2,Q2,0.9,256,15,0,True,FALSE,6,False,FALSE
B2,Q2,0.9,256,15,15,True,FALSE,6,False,FALSE
B2,Q2,0.9,256,16,0,True,FALSE,6,False,FALSE
B2,Q2,0.9,256,16,16,True,FALSE,6,False,FALSE
B2,Q2,0.9,256,17,0,True,FALSE,45,False,FALSE
B2,Q2,0.9,256,17,17,True,FALSE,27,False,FALSE
B2,Q2,0.9,256,18,0,True,FALSE,12,False,FALSE
B2,Q2,0.9,256,18,17,True,FALSE,6,False,FALSE
B2,Q2,0.9,256,18,18,True,FALSE,6,False,FALSE
B2,Q2,0.9,256,19,0,True,FALSE,30,False,FALSE
B2,Q2,0.9,256,19,19,True,FALSE,30,False,FALSE
B2,Q2,0.9,256,20,0,True,FALSE,12,False,FALSE
B2,Q2,0.9,256,20,20,True,FALSE,12,False,FALSE
B2,Q2,0.9,256,21,0,True,FALSE,18,False,FALSE
B2,Q2,0.9,256,21,21,True,FALSE,12,False,FALSE
B2,Q2,0.9,256,22,0,True,FALSE,24,False,FALSE
B2,Q2,0.9,256,23,0,True,FALSE,24,False,FALSE
B2,Q2,0.9,256,23,23,True,FALSE,12,False,FALSE
B2,Q2,0.9,256,25,0,True,FALSE,6,False,FALSE
B2,Q2,0.9,256,25,25,True,FALSE,6,False,FALSE
B2,Q2,0.9,256,27,0,True,FALSE,12,False,FALSE
B2,Q2,0.9,256,27,27,True,FALSE,12,False,FALSE
B2,Q2,0.9,256,28,0,True,FALSE,6,False,FALSE
B2,Q2,0.9,256,28,28,True,FALSE,6,False,FALSE
B2,Q2,0.9,256,30,0,True,FALSE,30,False,FALSE
B2,Q2,0.9,256,30,30,True,FALSE,18,False,FALSE
B2,Q2,0.9,256,31,0,True,FALSE,12,False,FALSE
B2,Q2,0.9,256,32,0,True,FALSE,6,False,FALSE
B2,Q2,0.9,256,32,32,True,FALSE,6,False,FALSE
B2,Q2,0.9,256,33,0,True,FALSE,24,False,FALSE
B2,Q2,0.9,256,33,33,True,FALSE,24,False,FALSE
B2,Q2,0.9,256,34,0,True,FALSE,12,False,FALSE
B2,Q2,0.9,256,34,34,True,FALSE,12,False,FALSE
B2,Q2,0.9,256,35,0,True,FALSE,6,False,FALSE
B2,Q2,0.9,256,35,35,True,FALSE,6,False,FALSE
B2,Q2,0.9,256,36,0,True,FALSE,12,False,FALSE
B2,Q2,0.9,256,37,0,True,FALSE,6,False,FALSE
B2,Q2,0.9,256,37,3,True,FALSE,6,False,FALSE
B2,Q2,0.9,256,38,0,True,FALSE,14,False,FALSE
B2,Q2,0.9,256,38,38,True,FALSE,14,False,FALSE
B2,Q2,0.9,256,39,0,True,FALSE,22,False,FALSE
B2,Q2,0.9,256,39,2,True,FALSE,6,False,FALSE
B2,Q2,0.9,256,39,39,True,FALSE,16,False,FALSE
B2,Q2,0.9,256,40,0,True,FALSE,12,False,FALSE
B2,Q2,0.9,256,40,40,True,FALSE,12,False,FALSE
B2,Q2,0.9,256,41,0,True,FALSE,6,False,FALSE
B2,Q2,0.9,256,41,41,True,FALSE,6,False,FALSE
B2,Q2,0.9,256,42,0,True,FALSE,12,False,FALSE
B2,Q2,0.9,256,42,42,True,FALSE,12,False,FALSE
B2,Q2,0.9,256,43,0,True,FALSE,18,False,FALSE
B2,Q2,0.9,256,43,43,True,FALSE,18,False,FALSE
B2,Q2,0.9,256,44,0,True,FALSE,6,False,FALSE
B2,Q2,0.9,256,44,44,True,FALSE,6,False,FALSE
B2,Q2,0.9,256,45,0,True,FALSE,6,False,FALSE
B2,Q2,0.9,256,45,45,True,FALSE,6,False,FALSE
B2,Q2,0.9,256,46,0,True,FALSE,6,False,FALSE
B2,Q2,0.9,256,46,46,True,FALSE,6,False,FALSE
B2,Q2,0.9,256,47,0,True,FALSE,12,False,FALSE
B2,Q2,0.9,256,47,47,True,FALSE,12,False,FALSE
B2,Q2,0.9,256,48,0,True,FALSE,6,False,FALSE
B2,Q2,0.9,256,48,48,True,FALSE,6,False,FALSE
B2,Q2,0.9,256,49,0,True,FALSE,6,False,FALSE
B2,Q2,0.9,256,50,0,True,FALSE,18,False,FALSE
B2,Q2,0.9,256,50,50,True,FALSE,6,False,FALSE
B2,Q2,0.9,256,52,0,True,FALSE,6,False,FALSE
B2,Q2,0.9,256,52,52,True,FALSE,6,False,FALSE
B2,Q2,0.9,256,56,0,True,FALSE,12,False,FALSE
B2,Q2,0.9,256,56,56,True,FALSE,12,False,FALSE
B2,Q2,0.9,256,58,0,True,FALSE,6,False,FALSE
B2,Q2,0.9,256,58,58,True,FALSE,6,False,FALSE
B2,Q2,0.9,256,59,0,True,FALSE,12,False,FALSE
B2,Q2,0.9,256,59,59,True,FALSE,12,False,FALSE
B2,Q2,0.9,256,61,0,True,FALSE,6,False,FALSE
B2,Q2,0.9,256,61,61,True,FALSE,6,False,FALSE
B2,Q2,0.9,256,62,0,True,FALSE,6,False,FALSE
B2,Q2,0.9,256,62,62,True,FALSE,6,False,FALSE
B2,Q2,0.9,256,63,0,True,FALSE,18,False,FALSE
B2,Q2,0.9,256,63,63,True,FALSE,18,False,FALSE
B2,Q2,0.9,256,64,0,True,FALSE,6,False,FALSE
B2,Q2,0.9,256,64,64,True,FALSE,6,False,FALSE
B2,Q2,0.9,256,65,0,True,FALSE,6,False,FALSE
B2,Q2,0.9,256,65,65,True,FALSE,6,False,FALSE
B2,Q2,0.9,256,66,0,True,FALSE,18,False,FALSE
B2,Q2,0.9,256,66,66,True,FALSE,12,False,FALSE
B2,Q2,0.9,256,67,0,True,FALSE,12,False,FALSE
B2,Q2,0.9,256,67,67,True,FALSE,12,False,FALSE
B2,Q2,0.9,256,68,0,True,FALSE,6,False,FALSE
B2,Q2,0.9,256,68,68,True,FALSE,6,False,FALSE
B2,Q2,0.9,256,69,0,True,FALSE,12,False,FALSE
B2,Q2,0.9,256,69,69,True,FALSE,12,False,FALSE
B2,Q2,0.9,256,71,0,True,FALSE,6,False,FALSE
B2,Q2,0.9,256,71,71,True,FALSE,6,False,FALSE
B2,Q2,0.9,256,72,0,True,FALSE,12,False,FALSE
B2,Q2,0.9,256,72,11,True,FALSE,6,False,FALSE
B2,Q2,0.9,256,72,72,True,FALSE,6,False,FALSE
B2,Q2,0.9,256,73,0,True,FALSE,6,False,FALSE
B2,Q2,0.9,256,73,73,True,FALSE,6,False,FALSE
B2,Q2,0.9,256,74,0,True,FALSE,6,False,FALSE
B2,Q2,0.9,256,74,74,True,FALSE,6,False,FALSE
B2,Q2,0.9,256,76,0,True,FALSE,6,False,FALSE
B2,Q2,0.9,256,76,76,True,FALSE,6,False,FALSE
B2,Q2,0.9,256,79,0,True,FALSE,6,False,FALSE
B2,Q2,0.9,256,79,79,True,FALSE,6,False,FALSE
B2,Q2,0.9,256,86,0,True,FALSE,9,False,FALSE
B2,Q2,0.9,256,86,86,True,FALSE,9,False,FALSE
B2,Q2,0.9,256,87,0,True,FALSE,6,False,FALSE
B2,Q2,0.9,256,87,22,True,FALSE,6,False,FALSE
B2,Q2,0.9,256,88,0,True,FALSE,6,False,FALSE
B2,Q2,0.9,256,88,88,True,FALSE,6,False,FALSE
B2,Q2,0.9,256,89,0,True,FALSE,6,False,FALSE
B2,Q2,0.9,256,89,89,True,FALSE,6,False,FALSE
B2,Q2,0.9,256,90,0,True,FALSE,18,False,FALSE
B2,Q2,0.9,256,90,90,True,FALSE,18,False,FALSE
B2,Q2,0.9,256,91,0,True,FALSE,18,False,FALSE
B2,Q2,0.9,256,91,91,True,FALSE,18,False,FALSE
B2,Q2,0.9,256,92,0,True,FALSE,12,False,FALSE
B2,Q2,0.9,256,92,92,True,FALSE,12,False,FALSE
B2,Q2,0.9,256,93,0,True,FALSE,6,False,FALSE
B2,Q2,0.9,256,93,93,True,FALSE,6,False,FALSE
B2,Q2,0.9,256,102,0,True,FALSE,6,False,FALSE
B2,Q2,0.9,256,102,102,True,FALSE,6,False,FALSE
B2,Q2,0.9,256,105,0,True,FALSE,2,False,FALSE
B2,Q2,0.9,256,105,105,True,FALSE,2,False,FALSE
B2,Q2,0.9,256,106,0,True,FALSE,4,False,FALSE
B2,Q2,0.9,256,106,106,True,FALSE,4,False,FALSE
B2,Q2,0.9,256,107,0,True,FALSE,6,False,FALSE
B2,Q2,0.9,256,107,107,True,FALSE,6,False,FALSE
B2,Q2,0.9,256,113,0,True,FALSE,3,False,FALSE
B2,Q2,0.9,256,113,113,True,FALSE,3,False,FALSE
B2,Q2,0.9,256,114,0,True,FALSE,3,False,FALSE
B2,Q2,0.9,256,114,114,True,FALSE,3,False,FALSE
B2,Q2,0.9,256,116,0,True,FALSE,24,False,FALSE
B2,Q2,0.9,256,116,116,True,FALSE,24,False,FALSE
B2,Q2,0.9,256,120,0,True,FALSE,3,False,FALSE
B2,Q2,0.9,256,120,120,True,FALSE,3,False,FALSE
B2,Q2,0.9,256,122,0,True,FALSE,6,False,FALSE
B2,Q2,0.9,256,122,122,True,FALSE,6,False,FALSE
B2,Q2,0.9,256,123,0,True,FALSE,12,False,FALSE
B2,Q2,0.9,256,123,123,True,FALSE,12,False,FALSE
B2,Q2,0.9,256,125,0,True,FALSE,6,False,FALSE
B2,Q2,0.9,256,125,125,True,FALSE,6,False,FALSE
B2,Q2,0.9,256,126,0,True,FALSE,12,False,FALSE
B2,Q2,0.9,256,126,126,True,FALSE,12,False,FALSE
B2,Q2,0.9,256,127,0,True,FALSE,6,False,FALSE
B2,Q2,0.9,256,127,127,True,FALSE,6,False,FALSE
B2,Q2,0.9,256,128,0,True,FALSE,12,False,FALSE
B2,Q2,0.9,256,128,128,True,FALSE,12,False,FALSE
B2,Q2,0.9,256,129,0,True,FALSE,6,False,FALSE
B2,Q2,0.9,256,129,129,True,FALSE,6,False,FALSE
B2,Q2,0.9,256,130,0,True,FALSE,12,False,FALSE
B2,Q2,0.9,256,130,130,True,FALSE,12,False,FALSE
B2,Q2,0.9,256,131,0,True,FALSE,6,False,FALSE
B2,Q2,0.9,256,131,131,True,FALSE,6,False,FALSE
B2,Q2,0.9,256,133,0,True,FALSE,6,False,FALSE
B2,Q2,0.9,256,133,133,True,FALSE,6,False,FALSE
B2,Q2,0.9,256,135,0,True,FALSE,6,False,FALSE
B2,Q2,0.9,256,135,135,True,FALSE,6,False,FALSE
B2,Q2,0.9,256,136,0,True,FALSE,6,False,FALSE
B2,Q2,0.9,256,136,136,True,FALSE,6,False,FALSE
B2,Q2,0.9,256,138,0,True,FALSE,6,False,FALSE
B2,Q2,0.9,256,138,138,True,FALSE,6,False,FALSE
B2,Q2,0.9,256,141,0,True,FALSE,6,False,FALSE
B2,Q2,0.9,256,141,141,True,FALSE,6,False,FALSE
B2,Q2,0.9,256,145,0,True,FALSE,6,False,FALSE
B2,Q2,0.9,256,145,145,True,FALSE,6,False,FALSE
B2,Q2,0.9,256,146,0,True,FALSE,6,False,FALSE
B2,Q2,0.9,256,146,146,True,FALSE,6,False,FALSE
B2,Q2,0.9,256,147,0,True,FALSE,6,False,FALSE
B2,Q2,0.9,256,147,147,True,FALSE,6,False,FALSE
B2,Q2,0.9,256,149,0,True,FALSE,12,False,FALSE
B2,Q2,0.9,256,149,149,True,FALSE,12,False,FALSE
B2,Q2,0.9,256,150,0,True,FALSE,18,False,FALSE
B2,Q2,0.9,256,150,150,True,FALSE,18,False,FALSE
B2,Q2,0.9,256,152,0,True,FALSE,6,False,FALSE
B2,Q2,0.9,256,152,152,True,FALSE,6,False,FALSE
B2,Q2,0.9,256,154,0,True,FALSE,6,False,FALSE
B2,Q2,0.9,256,156,0,True,FALSE,6,False,FALSE
B2,Q2,0.9,256,156,156,True,FALSE,6,False,FALSE
B2,Q2,0.9,256,163,0,True,FALSE,6,False,FALSE
B2,Q2,0.9,256,163,163,True,FALSE,6,False,FALSE
B2,Q2,0.9,256,164,0,True,FALSE,3,False,FALSE
B2,Q2,0.9,256,164,1,True,FALSE,3,False,FALSE
B2,Q2,0.9,256,165,0,True,FALSE,6,False,FALSE
B2,Q2,0.9,256,165,165,True,FALSE,6,False,FALSE
B2,Q2,0.9,256,168,0,True,FALSE,12,False,FALSE
B2,Q2,0.9,256,169,0,True,FALSE,6,False,FALSE
B2,Q2,0.9,256,169,169,True,FALSE,6,False,FALSE
B2,Q2,0.9,256,170,0,True,FALSE,12,False,FALSE
B2,Q2,0.9,256,170,170,True,FALSE,12,False,FALSE
B2,Q2,0.9,256,173,0,True,FALSE,12,False,FALSE
B2,Q2,0.9,256,175,0,True,FALSE,12,False,FALSE
B2,Q2,0.9,256,175,175,True,FALSE,12,False,FALSE
B2,Q2,0.9,256,182,0,True,FALSE,6,False,FALSE
B2,Q2,0.9,256,182,182,True,FALSE,6,False,FALSE
B2,Q2,0.9,256,186,0,True,FALSE,6,False,FALSE
B2,Q2,0.9,256,186,186,True,FALSE,6,False,FALSE
B2,Q2,0.9,256,187,0,True,FALSE,6,False,FALSE
B2,Q2,0.9,256,187,187,True,FALSE,6,False,FALSE
B2,Q2,0.9,256,188,0,True,FALSE,12,False,FALSE
B2,Q2,0.9,256,189,0,True,FALSE,18,False,FALSE
B2,Q2,0.9,256,189,4,True,FALSE,6,False,FALSE
B2,Q2,0.9,256,189,189,True,FALSE,12,False,FALSE
B2,Q2,0.9,256,194,0,True,FALSE,6,False,FALSE
B2,Q2,0.9,256,194,194,True,FALSE,6,False,FALSE
B2,Q2,0.9,256,195,0,True,FALSE,6,False,FALSE
B2,Q2,0.9,256,195,195,True,FALSE,6,False,FALSE
B2,Q2,0.9,256,197,0,True,FALSE,18,False,FALSE
B2,Q2,0.9,256,197,197,True,FALSE,12,False,FALSE
B2,Q2,0.9,256,198,0,True,FALSE,6,False,FALSE
B2,Q2,0.9,256,198,198,True,FALSE,6,False,FALSE
B2,Q2,0.9,256,199,0,True,FALSE,6,False,FALSE
B2,Q2,0.9,256,199,199,True,FALSE,6,False,FALSE
B2,Q2,0.9,256,204,0,True,FALSE,12,False,FALSE
B2,Q2,0.9,256,204,204,True,FALSE,6,False,FALSE
B2,Q2,0.9,256,207,0,True,FALSE,6,False,FALSE
B2,Q2,0.9,256,207,207,True,FALSE,6,False,FALSE
B2,Q2,0.9,256,208,0,True,FALSE,6,False,FALSE
B2,Q2,0.9,256,208,208,True,FALSE,6,False,FALSE
B2,Q2,0.9,256,209,0,True,FALSE,6,False,FALSE
B2,Q2,0.9,256,209,209,True,FALSE,6,False,FALSE
B2,Q2,0.9,256,210,0,True,FALSE,12,False,FALSE
B2,Q2,0.9,256,210,210,True,FALSE,12,False,FALSE
B2,Q2,0.9,256,212,0,True,FALSE,6,False,FALSE
B2,Q2,0.9,256,212,212,True,FALSE,6,False,FALSE
B2,Q2,0.9,256,215,0,True,FALSE,12,False,FALSE
B2,Q2,0.9,256,215,215,True,FALSE,12,False,FALSE
B2,Q2,0.9,256,216,0,True,FALSE,6,False,FALSE
B2,Q2,0.9,256,216,216,True,FALSE,6,False,FALSE
B2,Q2,0.9,256,218,0,True,FALSE,6,False,FALSE
B2,Q2,0.9,256,218,218,True,FALSE,6,False,FALSE
B2,Q2,0.9,256,223,0,True,FALSE,6,False,FALSE
B2,Q2,0.9,256,223,223,True,MC_UNRESOLVED,6,False,MC_UNRESOLVED
B2,Q2,0.9,256,224,0,True,FALSE,6,False,FALSE
B2,Q2,0.9,256,225,0,True,FALSE,6,False,FALSE
B2,Q2,0.9,256,227,0,True,FALSE,21,False,FALSE
B2,Q2,0.9,256,227,227,True,MC_UNRESOLVED,15,False,MC_UNRESOLVED
B2,Q2,0.9,256,228,0,True,FALSE,6,False,FALSE
B2,Q2,0.9,256,228,228,True,MC_UNRESOLVED,6,False,MC_UNRESOLVED
B2,Q2,0.9,256,230,0,True,FALSE,9,False,FALSE
B2,Q2,0.9,256,230,230,True,MC_UNRESOLVED,9,False,MC_UNRESOLVED
B2,Q2,0.9,256,233,0,True,FALSE,6,False,FALSE
B2,Q2,0.9,256,233,233,True,MC_UNRESOLVED,6,True,MC_UNRESOLVED
B2,Q2,0.9,256,236,0,True,FALSE,6,False,FALSE
B2,Q2,0.9,256,237,0,True,FALSE,12,False,FALSE
B2,Q2,0.9,256,237,237,True,MC_UNRESOLVED,12,True,MC_UNRESOLVED
B2,Q2,0.9,256,238,0,True,FALSE,12,False,FALSE
B2,Q2,0.9,256,238,238,True,MC_UNRESOLVED,12,True,MC_UNRESOLVED
B2,Q2,0.9,256,239,0,True,FALSE,6,False,FALSE
B2,Q2,0.9,256,239,239,True,MC_UNRESOLVED,6,True,MC_UNRESOLVED
B2,Q2,0.9,256,240,0,True,FALSE,3,False,FALSE
B2,Q2,0.9,256,240,240,True,MC_UNRESOLVED,3,True,MC_UNRESOLVED
B2,Q2,0.9,256,241,0,True,FALSE,6,False,FALSE
B2,Q2,0.9,256,241,241,True,MC_UNRESOLVED,6,True,MC_UNRESOLVED
B2,Q2,0.9,256,242,0,True,FALSE,3,False,FALSE
B2,Q2,0.9,256,242,242,True,TRUE,3,True,TRUE
B2,Q2,0.9,256,245,0,True,FALSE,6,False,FALSE
B2,Q2,0.9,256,245,245,True,TRUE,6,True,TRUE
B2,Q2,0.9,256,246,0,True,FALSE,18,False,FALSE
B2,Q2,0.9,256,246,246,True,TRUE,6,True,TRUE
B2,Q2,0.9,256,247,0,True,FALSE,18,False,FALSE
B2,Q2,0.9,256,247,247,True,TRUE,18,True,TRUE
B2,Q2,0.9,256,249,0,True,FALSE,18,False,FALSE
B2,Q2,0.9,256,249,249,True,TRUE,6,True,TRUE
B2,Q2,0.9,256,250,0,True,FALSE,12,False,FALSE
B2,Q2,0.9,256,250,250,True,TRUE,12,True,TRUE
B2,Q2,0.9,256,253,0,True,FALSE,6,False,FALSE
B2,Q2,0.9,256,253,253,True,TRUE,6,True,TRUE
B2,Q2,0.9,256,254,0,True,FALSE,18,False,FALSE
B2,Q2,0.9,256,254,220,True,MC_UNRESOLVED,3,False,MC_UNRESOLVED
B2,Q2,0.9,256,254,228,True,MC_UNRESOLVED,3,False,MC_UNRESOLVED
B2,Q2,0.9,256,254,254,True,TRUE,12,True,TRUE
B2,Q2,0.9,256,255,0,True,FALSE,36,False,FALSE
B2,Q2,0.9,256,255,255,True,TRUE,18,True,TRUE
B2,Q2,0.9,256,256,0,True,FALSE,36708,False,FALSE
B2,Q2,0.9,256,256,1,True,FALSE,33,False,FALSE
B2,Q2,0.9,256,256,2,True,FALSE,9,False,FALSE
B2,Q2,0.9,256,256,3,True,FALSE,6,False,FALSE
B2,Q2,0.9,256,256,4,True,FALSE,6,False,FALSE
B2,Q2,0.9,256,256,5,True,FALSE,6,False,FALSE
B2,Q2,0.9,256,256,6,True,FALSE,18,False,FALSE
B2,Q2,0.9,256,256,7,True,FALSE,21,False,FALSE
B2,Q2,0.9,256,256,9,True,FALSE,3,False,FALSE
B2,Q2,0.9,256,256,12,True,FALSE,12,False,FALSE
B2,Q2,0.9,256,256,14,True,FALSE,6,False,FALSE
B2,Q2,0.9,256,256,15,True,FALSE,6,False,FALSE
B2,Q2,0.9,256,256,21,True,FALSE,6,False,FALSE
B2,Q2,0.9,256,256,23,True,FALSE,6,False,FALSE
B2,Q2,0.9,256,256,26,True,FALSE,6,False,FALSE
B2,Q2,0.9,256,256,31,True,FALSE,6,False,FALSE
B2,Q2,0.9,256,256,32,True,FALSE,6,False,FALSE
B2,Q2,0.9,256,256,34,True,FALSE,6,False,FALSE
B2,Q2,0.9,256,256,38,True,FALSE,6,False,FALSE
B2,Q2,0.9,256,256,41,True,FALSE,6,False,FALSE
B2,Q2,0.9,256,256,47,True,FALSE,6,False,FALSE
B2,Q2,0.9,256,256,48,True,FALSE,3,False,FALSE
B2,Q2,0.9,256,256,52,True,FALSE,9,False,FALSE
B2,Q2,0.9,256,256,53,True,FALSE,6,False,FALSE
B2,Q2,0.9,256,256,58,True,FALSE,6,False,FALSE
B2,Q2,0.9,256,256,75,True,FALSE,6,False,FALSE
B2,Q2,0.9,256,256,76,True,FALSE,3,False,FALSE
B2,Q2,0.9,256,256,88,True,FALSE,3,False,FALSE
B2,Q2,0.9,256,256,105,True,FALSE,24,False,FALSE
B2,Q2,0.9,256,256,114,True,FALSE,3,False,FALSE
B2,Q2,0.9,256,256,119,True,FALSE,3,False,FALSE
B2,Q2,0.9,256,256,130,True,FALSE,3,False,FALSE
B2,Q2,0.9,256,256,140,True,FALSE,3,False,FALSE
B2,Q2,0.9,256,256,150,True,FALSE,6,False,FALSE
B2,Q2,0.9,256,256,152,True,FALSE,3,False,FALSE
B2,Q2,0.9,256,256,154,True,FALSE,12,False,FALSE
B2,Q2,0.9,256,256,159,True,FALSE,12,False,FALSE
B2,Q2,0.9,256,256,160,True,FALSE,6,False,FALSE
B2,Q2,0.9,256,256,163,True,FALSE,3,False,FALSE
B2,Q2,0.9,256,256,176,True,FALSE,3,False,FALSE
B2,Q2,0.9,256,256,177,True,FALSE,6,False,FALSE
B2,Q2,0.9,256,256,180,True,FALSE,6,False,FALSE
B2,Q2,0.9,256,256,183,True,FALSE,3,False,FALSE
B2,Q2,0.9,256,256,185,True,FALSE,6,False,FALSE
B2,Q2,0.9,256,256,186,True,FALSE,6,False,FALSE
B2,Q2,0.9,256,256,187,True,FALSE,6,False,FALSE
B2,Q2,0.9,256,256,191,True,FALSE,6,False,FALSE
B2,Q2,0.9,256,256,192,True,FALSE,6,False,FALSE
B2,Q2,0.9,256,256,203,True,FALSE,3,False,FALSE
B2,Q2,0.9,256,256,207,True,FALSE,6,False,FALSE
B2,Q2,0.9,256,256,210,True,FALSE,9,False,FALSE
B2,Q2,0.9,256,256,220,True,MC_UNRESOLVED,3,False,MC_UNRESOLVED
B2,Q2,0.9,256,256,221,True,MC_UNRESOLVED,12,False,MC_UNRESOLVED
B2,Q2,0.9,256,256,223,True,MC_UNRESOLVED,6,False,MC_UNRESOLVED
B2,Q2,0.9,256,256,228,True,MC_UNRESOLVED,9,False,MC_UNRESOLVED
B2,Q2,0.9,256,256,231,True,MC_UNRESOLVED,12,True,MC_UNRESOLVED
B2,Q2,0.9,256,256,232,True,MC_UNRESOLVED,6,True,MC_UNRESOLVED
B2,Q2,0.9,256,256,233,True,MC_UNRESOLVED,6,True,MC_UNRESOLVED
B2,Q2,0.9,256,256,234,True,MC_UNRESOLVED,9,True,MC_UNRESOLVED
B2,Q2,0.9,256,256,238,True,MC_UNRESOLVED,6,True,MC_UNRESOLVED
B2,Q2,0.9,256,256,239,True,MC_UNRESOLVED,3,True,MC_UNRESOLVED
B2,Q2,0.9,256,256,240,True,MC_UNRESOLVED,3,True,MC_UNRESOLVED
B2,Q2,0.9,256,256,241,True,MC_UNRESOLVED,9,True,MC_UNRESOLVED
B2,Q2,0.9,256,256,243,True,TRUE,9,True,TRUE
B2,Q2,0.9,256,256,244,True,TRUE,15,True,TRUE
B2,Q2,0.9,256,256,245,True,TRUE,6,True,TRUE
B2,Q2,0.9,256,256,246,True,TRUE,6,True,TRUE
B2,Q2,0.9,256,256,247,True,TRUE,6,True,TRUE
B2,Q2,0.9,256,256,248,True,TRUE,3,True,TRUE
B2,Q2,0.9,256,256,250,True,TRUE,15,True,TRUE
B2,Q2,0.9,256,256,251,True,TRUE,9,True,TRUE
B2,Q2,0.9,256,256,252,True,TRUE,12,True,TRUE
B2,Q2,0.9,256,256,253,True,TRUE,12,True,TRUE
B2,Q2,0.9,256,256,254,True,TRUE,24,True,TRUE
B2,Q2,0.9,256,256,255,True,TRUE,27,True,TRUE
B2,Q2,0.9,256,256,256,True,TRUE,31410,True,TRUE
B2,Q1,1,256,0,0,False,FALSE,15768,False,FALSE
B2,Q1,1,256,0,0,True,FALSE,31008,False,FALSE
B2,Q1,1,256,1,0,True,FALSE,30,False,FALSE
B2,Q1,1,256,1,1,True,FALSE,87,False,FALSE
B2,Q1,1,256,2,0,True,FALSE,12,False,FALSE
B2,Q1,1,256,2,2,True,FALSE,63,False,FALSE
B2,Q1,1,256,3,0,True,FALSE,6,False,FALSE
B2,Q1,1,256,3,3,True,FALSE,45,False,FALSE
B2,Q1,1,256,4,0,True,FALSE,3,False,FALSE
B2,Q1,1,256,4,4,True,FALSE,57,False,FALSE
B2,Q1,1,256,5,0,True,FALSE,9,False,FALSE
B2,Q1,1,256,5,5,True,FALSE,33,False,FALSE
B2,Q1,1,256,6,0,True,FALSE,3,False,FALSE
B2,Q1,1,256,6,6,True,FALSE,33,False,FALSE
B2,Q1,1,256,7,7,True,FALSE,18,False,FALSE
B2,Q1,1,256,8,8,True,FALSE,27,False,FALSE
B2,Q1,1,256,9,9,True,FALSE,33,False,FALSE
B2,Q1,1,256,10,0,True,FALSE,6,False,FALSE
B2,Q1,1,256,10,10,True,FALSE,12,False,FALSE
B2,Q1,1,256,11,0,True,FALSE,3,False,FALSE
B2,Q1,1,256,11,11,True,FALSE,18,False,FALSE
B2,Q1,1,256,12,12,True,FALSE,6,False,FALSE
B2,Q1,1,256,13,0,True,FALSE,3,False,FALSE
B2,Q1,1,256,13,13,True,FALSE,18,False,FALSE
B2,Q1,1,256,14,14,True,FALSE,12,False,FALSE
B2,Q1,1,256,15,15,True,FALSE,6,False,FALSE
B2,Q1,1,256,16,16,True,FALSE,6,False,FALSE
B2,Q1,1,256,17,0,True,FALSE,9,False,FALSE
B2,Q1,1,256,17,17,True,FALSE,27,False,FALSE
B2,Q1,1,256,18,17,True,FALSE,6,False,FALSE
B2,Q1,1,256,18,18,True,FALSE,6,False,FALSE
B2,Q1,1,256,19,19,True,FALSE,30,False,FALSE
B2,Q1,1,256,20,20,True,FALSE,12,False,FALSE
B2,Q1,1,256,21,0,True,FALSE,3,False,FALSE
B2,Q1,1,256,21,21,True,FALSE,12,False,FALSE
B2,Q1,1,256,22,0,True,FALSE,12,False,FALSE
B2,Q1,1,256,23,0,True,FALSE,6,False,FALSE
B2,Q1,1,256,23,23,True,FALSE,12,False,FALSE
B2,Q1,1,256,25,25,True,FALSE,6,False,FALSE
B2,Q1,1,256,27,27,True,FALSE,12,False,FALSE
B2,Q1,1,256,28,28,True,FALSE,6,False,FALSE
B2,Q1,1,256,30,0,True,FALSE,6,False,FALSE
B2,Q1,1,256,30,30,True,FALSE,18,False,FALSE
B2,Q1,1,256,31,0,True,FALSE,6,False,FALSE
B2,Q1,1,256,32,32,True,FALSE,6,False,FALSE
B2,Q1,1,256,33,33,True,FALSE,24,False,FALSE
B2,Q1,1,256,34,34,True,FALSE,12,False,FALSE
B2,Q1,1,256,35,35,True,FALSE,6,False,FALSE
B2,Q1,1,256,36,0,True,FALSE,6,False,FALSE
B2,Q1,1,256,37,3,True,FALSE,6,False,FALSE
B2,Q1,1,256,38,38,True,FALSE,14,False,FALSE
B2,Q1,1,256,39,2,True,FALSE,6,False,FALSE
B2,Q1,1,256,39,39,True,FALSE,16,False,FALSE
B2,Q1,1,256,40,40,True,FALSE,12,False,FALSE
B2,Q1,1,256,41,41,True,FALSE,6,False,FALSE
B2,Q1,1,256,42,42,True,FALSE,12,False,FALSE
B2,Q1,1,256,43,43,True,FALSE,18,False,FALSE
B2,Q1,1,256,44,44,True,FALSE,6,False,FALSE
B2,Q1,1,256,45,45,True,FALSE,6,False,FALSE
B2,Q1,1,256,46,46,True,FALSE,6,False,FALSE
B2,Q1,1,256,47,47,True,FALSE,12,False,FALSE
B2,Q1,1,256,48,48,True,FALSE,6,False,FALSE
B2,Q1,1,256,49,0,True,FALSE,3,False,FALSE
B2,Q1,1,256,50,0,True,FALSE,6,False,FALSE
B2,Q1,1,256,50,50,True,FALSE,6,False,FALSE
B2,Q1,1,256,52,52,True,FALSE,6,False,FALSE
B2,Q1,1,256,56,56,True,FALSE,12,False,FALSE
B2,Q1,1,256,58,58,True,FALSE,6,False,FALSE
B2,Q1,1,256,59,59,True,FALSE,12,False,FALSE
B2,Q1,1,256,61,61,True,FALSE,6,False,FALSE
B2,Q1,1,256,62,62,True,FALSE,6,False,FALSE
B2,Q1,1,256,63,63,True,FALSE,18,False,FALSE
B2,Q1,1,256,64,64,True,FALSE,6,False,FALSE
B2,Q1,1,256,65,65,True,FALSE,6,False,FALSE
B2,Q1,1,256,66,0,True,FALSE,3,False,FALSE
B2,Q1,1,256,66,66,True,FALSE,12,False,FALSE
B2,Q1,1,256,67,67,True,FALSE,12,False,FALSE
B2,Q1,1,256,68,68,True,FALSE,6,False,FALSE
B2,Q1,1,256,69,69,True,FALSE,12,False,FALSE
B2,Q1,1,256,71,71,True,FALSE,6,False,FALSE
B2,Q1,1,256,72,11,True,FALSE,6,False,FALSE
B2,Q1,1,256,72,72,True,FALSE,6,False,FALSE
B2,Q1,1,256,73,73,True,FALSE,6,False,FALSE
B2,Q1,1,256,74,74,True,FALSE,6,False,FALSE
B2,Q1,1,256,76,76,True,FALSE,6,False,FALSE
B2,Q1,1,256,79,79,True,FALSE,6,False,FALSE
B2,Q1,1,256,86,86,True,FALSE,9,False,FALSE
B2,Q1,1,256,87,22,True,FALSE,6,False,FALSE
B2,Q1,1,256,88,88,True,FALSE,6,False,FALSE
B2,Q1,1,256,89,89,True,FALSE,6,False,FALSE
B2,Q1,1,256,90,90,True,FALSE,18,False,FALSE
B2,Q1,1,256,91,91,True,FALSE,18,False,FALSE
B2,Q1,1,256,92,92,True,FALSE,12,False,FALSE
B2,Q1,1,256,93,93,True,FALSE,6,False,FALSE
B2,Q1,1,256,102,102,True,FALSE,6,False,FALSE
B2,Q1,1,256,105,105,True,FALSE,2,False,FALSE
B2,Q1,1,256,106,106,True,FALSE,4,False,FALSE
B2,Q1,1,256,107,107,True,FALSE,6,False,FALSE
B2,Q1,1,256,113,113,True,FALSE,3,False,FALSE
B2,Q1,1,256,114,114,True,FALSE,3,False,FALSE
B2,Q1,1,256,116,116,True,FALSE,24,False,FALSE
B2,Q1,1,256,120,120,True,FALSE,3,False,FALSE
B2,Q1,1,256,122,122,True,FALSE,6,False,FALSE
B2,Q1,1,256,123,123,True,FALSE,12,False,FALSE
B2,Q1,1,256,125,125,True,FALSE,6,False,FALSE
B2,Q1,1,256,126,126,True,FALSE,12,False,FALSE
B2,Q1,1,256,127,127,True,FALSE,6,False,FALSE
B2,Q1,1,256,128,128,True,FALSE,12,False,FALSE
B2,Q1,1,256,129,129,True,FALSE,6,False,FALSE
B2,Q1,1,256,130,130,True,FALSE,12,False,FALSE
B2,Q1,1,256,131,131,True,FALSE,6,False,FALSE
B2,Q1,1,256,133,133,True,FALSE,6,False,FALSE
B2,Q1,1,256,135,135,True,FALSE,6,False,FALSE
B2,Q1,1,256,136,136,True,FALSE,6,False,FALSE
B2,Q1,1,256,138,138,True,FALSE,6,False,FALSE
B2,Q1,1,256,141,141,True,FALSE,6,False,FALSE
B2,Q1,1,256,145,145,True,FALSE,6,False,FALSE
B2,Q1,1,256,146,146,True,FALSE,6,False,FALSE
B2,Q1,1,256,147,147,True,FALSE,6,False,FALSE
B2,Q1,1,256,149,149,True,FALSE,12,False,FALSE
B2,Q1,1,256,150,150,True,FALSE,18,False,FALSE
B2,Q1,1,256,152,152,True,FALSE,6,False,FALSE
B2,Q1,1,256,154,0,True,FALSE,3,False,FALSE
B2,Q1,1,256,156,156,True,FALSE,6,False,FALSE
B2,Q1,1,256,163,163,True,FALSE,6,False,FALSE
B2,Q1,1,256,164,1,True,FALSE,3,False,FALSE
B2,Q1,1,256,165,165,True,FALSE,6,False,FALSE
B2,Q1,1,256,168,0,True,FALSE,6,False,FALSE
B2,Q1,1,256,169,169,True,FALSE,6,False,FALSE
B2,Q1,1,256,170,170,True,FALSE,12,False,FALSE
B2,Q1,1,256,173,0,True,FALSE,6,False,FALSE
B2,Q1,1,256,175,175,True,FALSE,12,False,FALSE
B2,Q1,1,256,182,182,True,FALSE,6,False,FALSE
B2,Q1,1,256,186,186,True,FALSE,6,False,FALSE
B2,Q1,1,256,187,187,True,FALSE,6,False,FALSE
B2,Q1,1,256,188,0,True,FALSE,6,False,FALSE
B2,Q1,1,256,189,4,True,FALSE,6,False,FALSE
B2,Q1,1,256,189,189,True,FALSE,12,False,FALSE
B2,Q1,1,256,194,194,True,FALSE,6,False,FALSE
B2,Q1,1,256,195,195,True,FALSE,6,False,FALSE
B2,Q1,1,256,197,0,True,FALSE,3,False,FALSE
B2,Q1,1,256,197,197,True,FALSE,12,False,FALSE
B2,Q1,1,256,198,198,True,FALSE,6,False,FALSE
B2,Q1,1,256,199,199,True,FALSE,6,False,FALSE
B2,Q1,1,256,204,0,True,FALSE,3,False,FALSE
B2,Q1,1,256,204,204,True,FALSE,6,False,FALSE
B2,Q1,1,256,207,207,True,FALSE,6,False,FALSE
B2,Q1,1,256,208,208,True,FALSE,6,False,FALSE
B2,Q1,1,256,209,209,True,FALSE,6,False,FALSE
B2,Q1,1,256,210,210,True,FALSE,12,False,FALSE
B2,Q1,1,256,212,212,True,FALSE,6,False,FALSE
B2,Q1,1,256,215,215,True,FALSE,12,False,FALSE
B2,Q1,1,256,216,216,True,FALSE,6,False,FALSE
B2,Q1,1,256,218,218,True,FALSE,6,False,FALSE
B2,Q1,1,256,223,223,True,FALSE,6,False,FALSE
B2,Q1,1,256,224,0,True,FALSE,3,False,FALSE
B2,Q1,1,256,225,0,True,FALSE,3,False,FALSE
B2,Q1,1,256,227,0,True,FALSE,3,False,FALSE
B2,Q1,1,256,227,227,True,FALSE,15,False,FALSE
B2,Q1,1,256,228,228,True,FALSE,6,False,FALSE
B2,Q1,1,256,230,230,True,FALSE,9,False,FALSE
B2,Q1,1,256,233,233,True,FALSE,6,False,FALSE
B2,Q1,1,256,236,0,True,FALSE,3,False,FALSE
B2,Q1,1,256,237,237,True,FALSE,12,False,FALSE
B2,Q1,1,256,238,238,True,FALSE,12,False,FALSE
B2,Q1,1,256,239,239,True,FALSE,6,False,FALSE
B2,Q1,1,256,240,240,True,FALSE,3,False,FALSE
B2,Q1,1,256,241,241,True,FALSE,6,False,FALSE
B2,Q1,1,256,242,242,True,FALSE,3,False,FALSE
B2,Q1,1,256,245,245,True,FALSE,6,False,FALSE
B2,Q1,1,256,246,0,True,FALSE,6,False,FALSE
B2,Q1,1,256,246,246,True,FALSE,6,False,FALSE
B2,Q1,1,256,247,247,True,FALSE,18,False,FALSE
B2,Q1,1,256,249,0,True,FALSE,6,False,FALSE
B2,Q1,1,256,249,249,True,FALSE,6,False,FALSE
B2,Q1,1,256,250,250,True,FALSE,12,False,FALSE
B2,Q1,1,256,253,253,True,FALSE,6,False,FALSE
B2,Q1,1,256,254,220,True,FALSE,3,False,FALSE
B2,Q1,1,256,254,228,True,FALSE,3,False,FALSE
B2,Q1,1,256,254,254,True,FALSE,12,False,FALSE
B2,Q1,1,256,255,0,True,FALSE,9,False,FALSE
B2,Q1,1,256,255,255,True,FALSE,18,False,FALSE
B2,Q1,1,256,256,0,True,MC_UNRESOLVED,2355,True,MC_UNRESOLVED
B2,Q1,1,256,256,1,True,MC_UNRESOLVED,33,True,MC_UNRESOLVED
B2,Q1,1,256,256,2,True,MC_UNRESOLVED,9,True,MC_UNRESOLVED
B2,Q1,1,256,256,3,True,MC_UNRESOLVED,6,True,MC_UNRESOLVED
B2,Q1,1,256,256,4,True,MC_UNRESOLVED,6,True,MC_UNRESOLVED
B2,Q1,1,256,256,5,True,MC_UNRESOLVED,6,True,MC_UNRESOLVED
B2,Q1,1,256,256,6,True,MC_UNRESOLVED,18,True,MC_UNRESOLVED
B2,Q1,1,256,256,7,True,MC_UNRESOLVED,21,True,MC_UNRESOLVED
B2,Q1,1,256,256,9,True,MC_UNRESOLVED,3,True,MC_UNRESOLVED
B2,Q1,1,256,256,12,True,MC_UNRESOLVED,12,True,MC_UNRESOLVED
B2,Q1,1,256,256,14,True,MC_UNRESOLVED,6,True,MC_UNRESOLVED
B2,Q1,1,256,256,15,True,MC_UNRESOLVED,6,True,MC_UNRESOLVED
B2,Q1,1,256,256,21,True,MC_UNRESOLVED,6,True,MC_UNRESOLVED
B2,Q1,1,256,256,23,True,MC_UNRESOLVED,6,True,MC_UNRESOLVED
B2,Q1,1,256,256,26,True,MC_UNRESOLVED,6,True,MC_UNRESOLVED
B2,Q1,1,256,256,31,True,MC_UNRESOLVED,6,True,MC_UNRESOLVED
B2,Q1,1,256,256,32,True,MC_UNRESOLVED,6,True,MC_UNRESOLVED
B2,Q1,1,256,256,34,True,MC_UNRESOLVED,6,True,MC_UNRESOLVED
B2,Q1,1,256,256,38,True,MC_UNRESOLVED,6,True,MC_UNRESOLVED
B2,Q1,1,256,256,41,True,MC_UNRESOLVED,6,True,MC_UNRESOLVED
B2,Q1,1,256,256,47,True,MC_UNRESOLVED,6,True,MC_UNRESOLVED
B2,Q1,1,256,256,48,True,MC_UNRESOLVED,3,True,MC_UNRESOLVED
B2,Q1,1,256,256,52,True,MC_UNRESOLVED,9,True,MC_UNRESOLVED
B2,Q1,1,256,256,53,True,MC_UNRESOLVED,6,True,MC_UNRESOLVED
B2,Q1,1,256,256,58,True,MC_UNRESOLVED,6,True,MC_UNRESOLVED
B2,Q1,1,256,256,75,True,MC_UNRESOLVED,6,True,MC_UNRESOLVED
B2,Q1,1,256,256,76,True,MC_UNRESOLVED,3,True,MC_UNRESOLVED
B2,Q1,1,256,256,88,True,MC_UNRESOLVED,3,True,MC_UNRESOLVED
B2,Q1,1,256,256,105,True,MC_UNRESOLVED,24,True,MC_UNRESOLVED
B2,Q1,1,256,256,114,True,MC_UNRESOLVED,3,True,MC_UNRESOLVED
B2,Q1,1,256,256,119,True,MC_UNRESOLVED,3,True,MC_UNRESOLVED
B2,Q1,1,256,256,130,True,MC_UNRESOLVED,3,True,MC_UNRESOLVED
B2,Q1,1,256,256,140,True,MC_UNRESOLVED,3,True,MC_UNRESOLVED
B2,Q1,1,256,256,150,True,MC_UNRESOLVED,6,True,MC_UNRESOLVED
B2,Q1,1,256,256,152,True,MC_UNRESOLVED,3,True,MC_UNRESOLVED
B2,Q1,1,256,256,154,True,MC_UNRESOLVED,12,True,MC_UNRESOLVED
B2,Q1,1,256,256,159,True,MC_UNRESOLVED,12,True,MC_UNRESOLVED
B2,Q1,1,256,256,160,True,MC_UNRESOLVED,6,True,MC_UNRESOLVED
B2,Q1,1,256,256,163,True,MC_UNRESOLVED,3,True,MC_UNRESOLVED
B2,Q1,1,256,256,176,True,MC_UNRESOLVED,3,True,MC_UNRESOLVED
B2,Q1,1,256,256,177,True,MC_UNRESOLVED,6,True,MC_UNRESOLVED
B2,Q1,1,256,256,180,True,MC_UNRESOLVED,6,True,MC_UNRESOLVED
B2,Q1,1,256,256,183,True,MC_UNRESOLVED,3,True,MC_UNRESOLVED
B2,Q1,1,256,256,185,True,MC_UNRESOLVED,6,True,MC_UNRESOLVED
B2,Q1,1,256,256,186,True,MC_UNRESOLVED,6,True,MC_UNRESOLVED
B2,Q1,1,256,256,187,True,MC_UNRESOLVED,6,True,MC_UNRESOLVED
B2,Q1,1,256,256,191,True,MC_UNRESOLVED,6,True,MC_UNRESOLVED
B2,Q1,1,256,256,192,True,MC_UNRESOLVED,6,True,MC_UNRESOLVED
B2,Q1,1,256,256,203,True,MC_UNRESOLVED,3,True,MC_UNRESOLVED
B2,Q1,1,256,256,207,True,MC_UNRESOLVED,6,True,MC_UNRESOLVED
B2,Q1,1,256,256,210,True,MC_UNRESOLVED,9,True,MC_UNRESOLVED
B2,Q1,1,256,256,220,True,MC_UNRESOLVED,3,True,MC_UNRESOLVED
B2,Q1,1,256,256,221,True,MC_UNRESOLVED,12,True,MC_UNRESOLVED
B2,Q1,1,256,256,223,True,MC_UNRESOLVED,6,True,MC_UNRESOLVED
B2,Q1,1,256,256,228,True,MC_UNRESOLVED,9,True,MC_UNRESOLVED
B2,Q1,1,256,256,231,True,MC_UNRESOLVED,12,True,MC_UNRESOLVED
B2,Q1,1,256,256,232,True,MC_UNRESOLVED,6,True,MC_UNRESOLVED
B2,Q1,1,256,256,233,True,MC_UNRESOLVED,6,True,MC_UNRESOLVED
B2,Q1,1,256,256,234,True,MC_UNRESOLVED,9,True,MC_UNRESOLVED
B2,Q1,1,256,256,238,True,MC_UNRESOLVED,6,True,MC_UNRESOLVED
B2,Q1,1,256,256,239,True,MC_UNRESOLVED,3,True,MC_UNRESOLVED
B2,Q1,1,256,256,240,True,MC_UNRESOLVED,3,True,MC_UNRESOLVED
B2,Q1,1,256,256,241,True,MC_UNRESOLVED,9,True,MC_UNRESOLVED
B2,Q1,1,256,256,243,True,MC_UNRESOLVED,9,True,MC_UNRESOLVED
B2,Q1,1,256,256,244,True,MC_UNRESOLVED,15,True,MC_UNRESOLVED
B2,Q1,1,256,256,245,True,MC_UNRESOLVED,6,True,MC_UNRESOLVED
B2,Q1,1,256,256,246,True,MC_UNRESOLVED,6,True,MC_UNRESOLVED
B2,Q1,1,256,256,247,True,MC_UNRESOLVED,6,True,MC_UNRESOLVED
B2,Q1,1,256,256,248,True,MC_UNRESOLVED,3,True,MC_UNRESOLVED
B2,Q1,1,256,256,250,True,MC_UNRESOLVED,15,True,MC_UNRESOLVED
B2,Q1,1,256,256,251,True,MC_UNRESOLVED,9,True,MC_UNRESOLVED
B2,Q1,1,256,256,252,True,MC_UNRESOLVED,12,True,MC_UNRESOLVED
B2,Q1,1,256,256,253,True,MC_UNRESOLVED,12,True,MC_UNRESOLVED
B2,Q1,1,256,256,254,True,MC_UNRESOLVED,24,True,MC_UNRESOLVED
B2,Q1,1,256,256,255,True,MC_UNRESOLVED,27,True,MC_UNRESOLVED
B2,Q1,1,256,256,256,True,MC_UNRESOLVED,31410,True,MC_UNRESOLVED
B2,Q2,1,256,0,0,False,FALSE,31536,False,FALSE
B2,Q2,1,256,0,0,True,FALSE,62016,False,FALSE
B2,Q2,1,256,1,0,True,FALSE,147,False,FALSE
B2,Q2,1,256,1,1,True,FALSE,87,False,FALSE
B2,Q2,1,256,2,0,True,FALSE,87,False,FALSE
B2,Q2,1,256,2,2,True,FALSE,63,False,FALSE
B2,Q2,1,256,3,0,True,FALSE,57,False,FALSE
B2,Q2,1,256,3,3,True,FALSE,45,False,FALSE
B2,Q2,1,256,4,0,True,FALSE,63,False,FALSE
B2,Q2,1,256,4,4,True,FALSE,57,False,FALSE
B2,Q2,1,256,5,0,True,FALSE,51,False,FALSE
B2,Q2,1,256,5,5,True,FALSE,33,False,FALSE
B2,Q2,1,256,6,0,True,FALSE,39,False,FALSE
B2,Q2,1,256,6,6,True,FALSE,33,False,FALSE
B2,Q2,1,256,7,0,True,FALSE,18,False,FALSE
B2,Q2,1,256,7,7,True,FALSE,18,False,FALSE
B2,Q2,1,256,8,0,True,FALSE,27,False,FALSE
B2,Q2,1,256,8,8,True,FALSE,27,False,FALSE
B2,Q2,1,256,9,0,True,FALSE,33,False,FALSE
B2,Q2,1,256,9,9,True,FALSE,33,False,FALSE
B2,Q2,1,256,10,0,True,FALSE,24,False,FALSE
B2,Q2,1,256,10,10,True,FALSE,12,False,FALSE
B2,Q2,1,256,11,0,True,FALSE,24,False,FALSE
B2,Q2,1,256,11,11,True,FALSE,18,False,FALSE
B2,Q2,1,256,12,0,True,FALSE,6,False,FALSE
B2,Q2,1,256,12,12,True,FALSE,6,False,FALSE
B2,Q2,1,256,13,0,True,FALSE,24,False,FALSE
B2,Q2,1,256,13,13,True,FALSE,18,False,FALSE
B2,Q2,1,256,14,0,True,FALSE,12,False,FALSE
B2,Q2,1,256,14,14,True,FALSE,12,False,FALSE
B2,Q2,1,256,15,0,True,FALSE,6,False,FALSE
B2,Q2,1,256,15,15,True,FALSE,6,False,FALSE
B2,Q2,1,256,16,0,True,FALSE,6,False,FALSE
B2,Q2,1,256,16,16,True,FALSE,6,False,FALSE
B2,Q2,1,256,17,0,True,FALSE,45,False,FALSE
B2,Q2,1,256,17,17,True,FALSE,27,False,FALSE
B2,Q2,1,256,18,0,True,FALSE,12,False,FALSE
B2,Q2,1,256,18,17,True,FALSE,6,False,FALSE
B2,Q2,1,256,18,18,True,FALSE,6,False,FALSE
B2,Q2,1,256,19,0,True,FALSE,30,False,FALSE
B2,Q2,1,256,19,19,True,FALSE,30,False,FALSE
B2,Q2,1,256,20,0,True,FALSE,12,False,FALSE
B2,Q2,1,256,20,20,True,FALSE,12,False,FALSE
B2,Q2,1,256,21,0,True,FALSE,18,False,FALSE
B2,Q2,1,256,21,21,True,FALSE,12,False,FALSE
B2,Q2,1,256,22,0,True,FALSE,24,False,FALSE
B2,Q2,1,256,23,0,True,FALSE,24,False,FALSE
B2,Q2,1,256,23,23,True,FALSE,12,False,FALSE
B2,Q2,1,256,25,0,True,FALSE,6,False,FALSE
B2,Q2,1,256,25,25,True,FALSE,6,False,FALSE
B2,Q2,1,256,27,0,True,FALSE,12,False,FALSE
B2,Q2,1,256,27,27,True,FALSE,12,False,FALSE
B2,Q2,1,256,28,0,True,FALSE,6,False,FALSE
B2,Q2,1,256,28,28,True,FALSE,6,False,FALSE
B2,Q2,1,256,30,0,True,FALSE,30,False,FALSE
B2,Q2,1,256,30,30,True,FALSE,18,False,FALSE
B2,Q2,1,256,31,0,True,FALSE,12,False,FALSE
B2,Q2,1,256,32,0,True,FALSE,6,False,FALSE
B2,Q2,1,256,32,32,True,FALSE,6,False,FALSE
B2,Q2,1,256,33,0,True,FALSE,24,False,FALSE
B2,Q2,1,256,33,33,True,FALSE,24,False,FALSE
B2,Q2,1,256,34,0,True,FALSE,12,False,FALSE
B2,Q2,1,256,34,34,True,FALSE,12,False,FALSE
B2,Q2,1,256,35,0,True,FALSE,6,False,FALSE
B2,Q2,1,256,35,35,True,FALSE,6,False,FALSE
B2,Q2,1,256,36,0,True,FALSE,12,False,FALSE
B2,Q2,1,256,37,0,True,FALSE,6,False,FALSE
B2,Q2,1,256,37,3,True,FALSE,6,False,FALSE
B2,Q2,1,256,38,0,True,FALSE,14,False,FALSE
B2,Q2,1,256,38,38,True,FALSE,14,False,FALSE
B2,Q2,1,256,39,0,True,FALSE,22,False,FALSE
B2,Q2,1,256,39,2,True,FALSE,6,False,FALSE
B2,Q2,1,256,39,39,True,FALSE,16,False,FALSE
B2,Q2,1,256,40,0,True,FALSE,12,False,FALSE
B2,Q2,1,256,40,40,True,FALSE,12,False,FALSE
B2,Q2,1,256,41,0,True,FALSE,6,False,FALSE
B2,Q2,1,256,41,41,True,FALSE,6,False,FALSE
B2,Q2,1,256,42,0,True,FALSE,12,False,FALSE
B2,Q2,1,256,42,42,True,FALSE,12,False,FALSE
B2,Q2,1,256,43,0,True,FALSE,18,False,FALSE
B2,Q2,1,256,43,43,True,FALSE,18,False,FALSE
B2,Q2,1,256,44,0,True,FALSE,6,False,FALSE
B2,Q2,1,256,44,44,True,FALSE,6,False,FALSE
B2,Q2,1,256,45,0,True,FALSE,6,False,FALSE
B2,Q2,1,256,45,45,True,FALSE,6,False,FALSE
B2,Q2,1,256,46,0,True,FALSE,6,False,FALSE
B2,Q2,1,256,46,46,True,FALSE,6,False,FALSE
B2,Q2,1,256,47,0,True,FALSE,12,False,FALSE
B2,Q2,1,256,47,47,True,FALSE,12,False,FALSE
B2,Q2,1,256,48,0,True,FALSE,6,False,FALSE
B2,Q2,1,256,48,48,True,FALSE,6,False,FALSE
B2,Q2,1,256,49,0,True,FALSE,6,False,FALSE
B2,Q2,1,256,50,0,True,FALSE,18,False,FALSE
B2,Q2,1,256,50,50,True,FALSE,6,False,FALSE
B2,Q2,1,256,52,0,True,FALSE,6,False,FALSE
B2,Q2,1,256,52,52,True,FALSE,6,False,FALSE
B2,Q2,1,256,56,0,True,FALSE,12,False,FALSE
B2,Q2,1,256,56,56,True,FALSE,12,False,FALSE
B2,Q2,1,256,58,0,True,FALSE,6,False,FALSE
B2,Q2,1,256,58,58,True,FALSE,6,False,FALSE
B2,Q2,1,256,59,0,True,FALSE,12,False,FALSE
B2,Q2,1,256,59,59,True,FALSE,12,False,FALSE
B2,Q2,1,256,61,0,True,FALSE,6,False,FALSE
B2,Q2,1,256,61,61,True,FALSE,6,False,FALSE
B2,Q2,1,256,62,0,True,FALSE,6,False,FALSE
B2,Q2,1,256,62,62,True,FALSE,6,False,FALSE
B2,Q2,1,256,63,0,True,FALSE,18,False,FALSE
B2,Q2,1,256,63,63,True,FALSE,18,False,FALSE
B2,Q2,1,256,64,0,True,FALSE,6,False,FALSE
B2,Q2,1,256,64,64,True,FALSE,6,False,FALSE
B2,Q2,1,256,65,0,True,FALSE,6,False,FALSE
B2,Q2,1,256,65,65,True,FALSE,6,False,FALSE
B2,Q2,1,256,66,0,True,FALSE,18,False,FALSE
B2,Q2,1,256,66,66,True,FALSE,12,False,FALSE
B2,Q2,1,256,67,0,True,FALSE,12,False,FALSE
B2,Q2,1,256,67,67,True,FALSE,12,False,FALSE
B2,Q2,1,256,68,0,True,FALSE,6,False,FALSE
B2,Q2,1,256,68,68,True,FALSE,6,False,FALSE
B2,Q2,1,256,69,0,True,FALSE,12,False,FALSE
B2,Q2,1,256,69,69,True,FALSE,12,False,FALSE
B2,Q2,1,256,71,0,True,FALSE,6,False,FALSE
B2,Q2,1,256,71,71,True,FALSE,6,False,FALSE
B2,Q2,1,256,72,0,True,FALSE,12,False,FALSE
B2,Q2,1,256,72,11,True,FALSE,6,False,FALSE
B2,Q2,1,256,72,72,True,FALSE,6,False,FALSE
B2,Q2,1,256,73,0,True,FALSE,6,False,FALSE
B2,Q2,1,256,73,73,True,FALSE,6,False,FALSE
B2,Q2,1,256,74,0,True,FALSE,6,False,FALSE
B2,Q2,1,256,74,74,True,FALSE,6,False,FALSE
B2,Q2,1,256,76,0,True,FALSE,6,False,FALSE
B2,Q2,1,256,76,76,True,FALSE,6,False,FALSE
B2,Q2,1,256,79,0,True,FALSE,6,False,FALSE
B2,Q2,1,256,79,79,True,FALSE,6,False,FALSE
B2,Q2,1,256,86,0,True,FALSE,9,False,FALSE
B2,Q2,1,256,86,86,True,FALSE,9,False,FALSE
B2,Q2,1,256,87,0,True,FALSE,6,False,FALSE
B2,Q2,1,256,87,22,True,FALSE,6,False,FALSE
B2,Q2,1,256,88,0,True,FALSE,6,False,FALSE
B2,Q2,1,256,88,88,True,FALSE,6,False,FALSE
B2,Q2,1,256,89,0,True,FALSE,6,False,FALSE
B2,Q2,1,256,89,89,True,FALSE,6,False,FALSE
B2,Q2,1,256,90,0,True,FALSE,18,False,FALSE
B2,Q2,1,256,90,90,True,FALSE,18,False,FALSE
B2,Q2,1,256,91,0,True,FALSE,18,False,FALSE
B2,Q2,1,256,91,91,True,FALSE,18,False,FALSE
B2,Q2,1,256,92,0,True,FALSE,12,False,FALSE
B2,Q2,1,256,92,92,True,FALSE,12,False,FALSE
B2,Q2,1,256,93,0,True,FALSE,6,False,FALSE
B2,Q2,1,256,93,93,True,FALSE,6,False,FALSE
B2,Q2,1,256,102,0,True,FALSE,6,False,FALSE
B2,Q2,1,256,102,102,True,FALSE,6,False,FALSE
B2,Q2,1,256,105,0,True,FALSE,2,False,FALSE
B2,Q2,1,256,105,105,True,FALSE,2,False,FALSE
B2,Q2,1,256,106,0,True,FALSE,4,False,FALSE
B2,Q2,1,256,106,106,True,FALSE,4,False,FALSE
B2,Q2,1,256,107,0,True,FALSE,6,False,FALSE
B2,Q2,1,256,107,107,True,FALSE,6,False,FALSE
B2,Q2,1,256,113,0,True,FALSE,3,False,FALSE
B2,Q2,1,256,113,113,True,FALSE,3,False,FALSE
B2,Q2,1,256,114,0,True,FALSE,3,False,FALSE
B2,Q2,1,256,114,114,True,FALSE,3,False,FALSE
B2,Q2,1,256,116,0,True,FALSE,24,False,FALSE
B2,Q2,1,256,116,116,True,FALSE,24,False,FALSE
B2,Q2,1,256,120,0,True,FALSE,3,False,FALSE
B2,Q2,1,256,120,120,True,FALSE,3,False,FALSE
B2,Q2,1,256,122,0,True,FALSE,6,False,FALSE
B2,Q2,1,256,122,122,True,FALSE,6,False,FALSE
B2,Q2,1,256,123,0,True,FALSE,12,False,FALSE
B2,Q2,1,256,123,123,True,FALSE,12,False,FALSE
B2,Q2,1,256,125,0,True,FALSE,6,False,FALSE
B2,Q2,1,256,125,125,True,FALSE,6,False,FALSE
B2,Q2,1,256,126,0,True,FALSE,12,False,FALSE
B2,Q2,1,256,126,126,True,FALSE,12,False,FALSE
B2,Q2,1,256,127,0,True,FALSE,6,False,FALSE
B2,Q2,1,256,127,127,True,FALSE,6,False,FALSE
B2,Q2,1,256,128,0,True,FALSE,12,False,FALSE
B2,Q2,1,256,128,128,True,FALSE,12,False,FALSE
B2,Q2,1,256,129,0,True,FALSE,6,False,FALSE
B2,Q2,1,256,129,129,True,FALSE,6,False,FALSE
B2,Q2,1,256,130,0,True,FALSE,12,False,FALSE
B2,Q2,1,256,130,130,True,FALSE,12,False,FALSE
B2,Q2,1,256,131,0,True,FALSE,6,False,FALSE
B2,Q2,1,256,131,131,True,FALSE,6,False,FALSE
B2,Q2,1,256,133,0,True,FALSE,6,False,FALSE
B2,Q2,1,256,133,133,True,FALSE,6,False,FALSE
B2,Q2,1,256,135,0,True,FALSE,6,False,FALSE
B2,Q2,1,256,135,135,True,FALSE,6,False,FALSE
B2,Q2,1,256,136,0,True,FALSE,6,False,FALSE
B2,Q2,1,256,136,136,True,FALSE,6,False,FALSE
B2,Q2,1,256,138,0,True,FALSE,6,False,FALSE
B2,Q2,1,256,138,138,True,FALSE,6,False,FALSE
B2,Q2,1,256,141,0,True,FALSE,6,False,FALSE
B2,Q2,1,256,141,141,True,FALSE,6,False,FALSE
B2,Q2,1,256,145,0,True,FALSE,6,False,FALSE
B2,Q2,1,256,145,145,True,FALSE,6,False,FALSE
B2,Q2,1,256,146,0,True,FALSE,6,False,FALSE
B2,Q2,1,256,146,146,True,FALSE,6,False,FALSE
B2,Q2,1,256,147,0,True,FALSE,6,False,FALSE
B2,Q2,1,256,147,147,True,FALSE,6,False,FALSE
B2,Q2,1,256,149,0,True,FALSE,12,False,FALSE
B2,Q2,1,256,149,149,True,FALSE,12,False,FALSE
B2,Q2,1,256,150,0,True,FALSE,18,False,FALSE
B2,Q2,1,256,150,150,True,FALSE,18,False,FALSE
B2,Q2,1,256,152,0,True,FALSE,6,False,FALSE
B2,Q2,1,256,152,152,True,FALSE,6,False,FALSE
B2,Q2,1,256,154,0,True,FALSE,6,False,FALSE
B2,Q2,1,256,156,0,True,FALSE,6,False,FALSE
B2,Q2,1,256,156,156,True,FALSE,6,False,FALSE
B2,Q2,1,256,163,0,True,FALSE,6,False,FALSE
B2,Q2,1,256,163,163,True,FALSE,6,False,FALSE
B2,Q2,1,256,164,0,True,FALSE,3,False,FALSE
B2,Q2,1,256,164,1,True,FALSE,3,False,FALSE
B2,Q2,1,256,165,0,True,FALSE,6,False,FALSE
B2,Q2,1,256,165,165,True,FALSE,6,False,FALSE
B2,Q2,1,256,168,0,True,FALSE,12,False,FALSE
B2,Q2,1,256,169,0,True,FALSE,6,False,FALSE
B2,Q2,1,256,169,169,True,FALSE,6,False,FALSE
B2,Q2,1,256,170,0,True,FALSE,12,False,FALSE
B2,Q2,1,256,170,170,True,FALSE,12,False,FALSE
B2,Q2,1,256,173,0,True,FALSE,12,False,FALSE
B2,Q2,1,256,175,0,True,FALSE,12,False,FALSE
B2,Q2,1,256,175,175,True,FALSE,12,False,FALSE
B2,Q2,1,256,182,0,True,FALSE,6,False,FALSE
B2,Q2,1,256,182,182,True,FALSE,6,False,FALSE
B2,Q2,1,256,186,0,True,FALSE,6,False,FALSE
B2,Q2,1,256,186,186,True,FALSE,6,False,FALSE
B2,Q2,1,256,187,0,True,FALSE,6,False,FALSE
B2,Q2,1,256,187,187,True,FALSE,6,False,FALSE
B2,Q2,1,256,188,0,True,FALSE,12,False,FALSE
B2,Q2,1,256,189,0,True,FALSE,18,False,FALSE
B2,Q2,1,256,189,4,True,FALSE,6,False,FALSE
B2,Q2,1,256,189,189,True,FALSE,12,False,FALSE
B2,Q2,1,256,194,0,True,FALSE,6,False,FALSE
B2,Q2,1,256,194,194,True,FALSE,6,False,FALSE
B2,Q2,1,256,195,0,True,FALSE,6,False,FALSE
B2,Q2,1,256,195,195,True,FALSE,6,False,FALSE
B2,Q2,1,256,197,0,True,FALSE,18,False,FALSE
B2,Q2,1,256,197,197,True,FALSE,12,False,FALSE
B2,Q2,1,256,198,0,True,FALSE,6,False,FALSE
B2,Q2,1,256,198,198,True,FALSE,6,False,FALSE
B2,Q2,1,256,199,0,True,FALSE,6,False,FALSE
B2,Q2,1,256,199,199,True,FALSE,6,False,FALSE
B2,Q2,1,256,204,0,True,FALSE,12,False,FALSE
B2,Q2,1,256,204,204,True,FALSE,6,False,FALSE
B2,Q2,1,256,207,0,True,FALSE,6,False,FALSE
B2,Q2,1,256,207,207,True,FALSE,6,False,FALSE
B2,Q2,1,256,208,0,True,FALSE,6,False,FALSE
B2,Q2,1,256,208,208,True,FALSE,6,False,FALSE
B2,Q2,1,256,209,0,True,FALSE,6,False,FALSE
B2,Q2,1,256,209,209,True,FALSE,6,False,FALSE
B2,Q2,1,256,210,0,True,FALSE,12,False,FALSE
B2,Q2,1,256,210,210,True,FALSE,12,False,FALSE
B2,Q2,1,256,212,0,True,FALSE,6,False,FALSE
B2,Q2,1,256,212,212,True,FALSE,6,False,FALSE
B2,Q2,1,256,215,0,True,FALSE,12,False,FALSE
B2,Q2,1,256,215,215,True,FALSE,12,False,FALSE
B2,Q2,1,256,216,0,True,FALSE,6,False,FALSE
B2,Q2,1,256,216,216,True,FALSE,6,False,FALSE
B2,Q2,1,256,218,0,True,FALSE,6,False,FALSE
B2,Q2,1,256,218,218,True,FALSE,6,False,FALSE
B2,Q2,1,256,223,0,True,FALSE,6,False,FALSE
B2,Q2,1,256,223,223,True,FALSE,6,False,FALSE
B2,Q2,1,256,224,0,True,FALSE,6,False,FALSE
B2,Q2,1,256,225,0,True,FALSE,6,False,FALSE
B2,Q2,1,256,227,0,True,FALSE,21,False,FALSE
B2,Q2,1,256,227,227,True,FALSE,15,False,FALSE
B2,Q2,1,256,228,0,True,FALSE,6,False,FALSE
B2,Q2,1,256,228,228,True,FALSE,6,False,FALSE
B2,Q2,1,256,230,0,True,FALSE,9,False,FALSE
B2,Q2,1,256,230,230,True,FALSE,9,False,FALSE
B2,Q2,1,256,233,0,True,FALSE,6,False,FALSE
B2,Q2,1,256,233,233,True,FALSE,6,False,FALSE
B2,Q2,1,256,236,0,True,FALSE,6,False,FALSE
B2,Q2,1,256,237,0,True,FALSE,12,False,FALSE
B2,Q2,1,256,237,237,True,FALSE,12,False,FALSE
B2,Q2,1,256,238,0,True,FALSE,12,False,FALSE
B2,Q2,1,256,238,238,True,FALSE,12,False,FALSE
B2,Q2,1,256,239,0,True,FALSE,6,False,FALSE
B2,Q2,1,256,239,239,True,FALSE,6,False,FALSE
B2,Q2,1,256,240,0,True,FALSE,3,False,FALSE
B2,Q2,1,256,240,240,True,FALSE,3,False,FALSE
B2,Q2,1,256,241,0,True,FALSE,6,False,FALSE
B2,Q2,1,256,241,241,True,FALSE,6,False,FALSE
B2,Q2,1,256,242,0,True,FALSE,3,False,FALSE
B2,Q2,1,256,242,242,True,FALSE,3,False,FALSE
B2,Q2,1,256,245,0,True,FALSE,6,False,FALSE
B2,Q2,1,256,245,245,True,FALSE,6,False,FALSE
B2,Q2,1,256,246,0,True,FALSE,18,False,FALSE
B2,Q2,1,256,246,246,True,FALSE,6,False,FALSE
B2,Q2,1,256,247,0,True,FALSE,18,False,FALSE
B2,Q2,1,256,247,247,True,FALSE,18,False,FALSE
B2,Q2,1,256,249,0,True,FALSE,18,False,FALSE
B2,Q2,1,256,249,249,True,FALSE,6,False,FALSE
B2,Q2,1,256,250,0,True,FALSE,12,False,FALSE
B2,Q2,1,256,250,250,True,FALSE,12,False,FALSE
B2,Q2,1,256,253,0,True,FALSE,6,False,FALSE
B2,Q2,1,256,253,253,True,FALSE,6,False,FALSE
B2,Q2,1,256,254,0,True,FALSE,18,False,FALSE
B2,Q2,1,256,254,220,True,FALSE,3,False,FALSE
B2,Q2,1,256,254,228,True,FALSE,3,False,FALSE
B2,Q2,1,256,254,254,True,FALSE,12,False,FALSE
B2,Q2,1,256,255,0,True,FALSE,36,False,FALSE
B2,Q2,1,256,255,255,True,FALSE,18,False,FALSE
B2,Q2,1,256,256,0,True,FALSE,36708,False,FALSE
B2,Q2,1,256,256,1,True,FALSE,33,False,FALSE
B2,Q2,1,256,256,2,True,FALSE,9,False,FALSE
B2,Q2,1,256,256,3,True,FALSE,6,False,FALSE
B2,Q2,1,256,256,4,True,FALSE,6,False,FALSE
B2,Q2,1,256,256,5,True,FALSE,6,False,FALSE
B2,Q2,1,256,256,6,True,FALSE,18,False,FALSE
B2,Q2,1,256,256,7,True,FALSE,21,False,FALSE
B2,Q2,1,256,256,9,True,FALSE,3,False,FALSE
B2,Q2,1,256,256,12,True,FALSE,12,False,FALSE
B2,Q2,1,256,256,14,True,FALSE,6,False,FALSE
B2,Q2,1,256,256,15,True,FALSE,6,False,FALSE
B2,Q2,1,256,256,21,True,FALSE,6,False,FALSE
B2,Q2,1,256,256,23,True,FALSE,6,False,FALSE
B2,Q2,1,256,256,26,True,FALSE,6,False,FALSE
B2,Q2,1,256,256,31,True,FALSE,6,False,FALSE
B2,Q2,1,256,256,32,True,FALSE,6,False,FALSE
B2,Q2,1,256,256,34,True,FALSE,6,False,FALSE
B2,Q2,1,256,256,38,True,FALSE,6,False,FALSE
B2,Q2,1,256,256,41,True,FALSE,6,False,FALSE
B2,Q2,1,256,256,47,True,FALSE,6,False,FALSE
B2,Q2,1,256,256,48,True,FALSE,3,False,FALSE
B2,Q2,1,256,256,52,True,FALSE,9,False,FALSE
B2,Q2,1,256,256,53,True,FALSE,6,False,FALSE
B2,Q2,1,256,256,58,True,FALSE,6,False,FALSE
B2,Q2,1,256,256,75,True,FALSE,6,False,FALSE
B2,Q2,1,256,256,76,True,FALSE,3,False,FALSE
B2,Q2,1,256,256,88,True,FALSE,3,False,FALSE
B2,Q2,1,256,256,105,True,FALSE,24,False,FALSE
B2,Q2,1,256,256,114,True,FALSE,3,False,FALSE
B2,Q2,1,256,256,119,True,FALSE,3,False,FALSE
B2,Q2,1,256,256,130,True,FALSE,3,False,FALSE
B2,Q2,1,256,256,140,True,FALSE,3,False,FALSE
B2,Q2,1,256,256,150,True,FALSE,6,False,FALSE
B2,Q2,1,256,256,152,True,FALSE,3,False,FALSE
B2,Q2,1,256,256,154,True,FALSE,12,False,FALSE
B2,Q2,1,256,256,159,True,FALSE,12,False,FALSE
B2,Q2,1,256,256,160,True,FALSE,6,False,FALSE
B2,Q2,1,256,256,163,True,FALSE,3,False,FALSE
B2,Q2,1,256,256,176,True,FALSE,3,False,FALSE
B2,Q2,1,256,256,177,True,FALSE,6,False,FALSE
B2,Q2,1,256,256,180,True,FALSE,6,False,FALSE
B2,Q2,1,256,256,183,True,FALSE,3,False,FALSE
B2,Q2,1,256,256,185,True,FALSE,6,False,FALSE
B2,Q2,1,256,256,186,True,FALSE,6,False,FALSE
B2,Q2,1,256,256,187,True,FALSE,6,False,FALSE
B2,Q2,1,256,256,191,True,FALSE,6,False,FALSE
B2,Q2,1,256,256,192,True,FALSE,6,False,FALSE
B2,Q2,1,256,256,203,True,FALSE,3,False,FALSE
B2,Q2,1,256,256,207,True,FALSE,6,False,FALSE
B2,Q2,1,256,256,210,True,FALSE,9,False,FALSE
B2,Q2,1,256,256,220,True,FALSE,3,False,FALSE
B2,Q2,1,256,256,221,True,FALSE,12,False,FALSE
B2,Q2,1,256,256,223,True,FALSE,6,False,FALSE
B2,Q2,1,256,256,228,True,FALSE,9,False,FALSE
B2,Q2,1,256,256,231,True,FALSE,12,False,FALSE
B2,Q2,1,256,256,232,True,FALSE,6,False,FALSE
B2,Q2,1,256,256,233,True,FALSE,6,False,FALSE
B2,Q2,1,256,256,234,True,FALSE,9,False,FALSE
B2,Q2,1,256,256,238,True,FALSE,6,False,FALSE
B2,Q2,1,256,256,239,True,FALSE,3,False,FALSE
B2,Q2,1,256,256,240,True,FALSE,3,False,FALSE
B2,Q2,1,256,256,241,True,FALSE,9,False,FALSE
B2,Q2,1,256,256,243,True,FALSE,9,False,FALSE
B2,Q2,1,256,256,244,True,FALSE,15,False,FALSE
B2,Q2,1,256,256,245,True,FALSE,6,False,FALSE
B2,Q2,1,256,256,246,True,FALSE,6,False,FALSE
B2,Q2,1,256,256,247,True,FALSE,6,False,FALSE
B2,Q2,1,256,256,248,True,FALSE,3,False,FALSE
B2,Q2,1,256,256,250,True,FALSE,15,False,FALSE
B2,Q2,1,256,256,251,True,FALSE,9,False,FALSE
B2,Q2,1,256,256,252,True,FALSE,12,False,FALSE
B2,Q2,1,256,256,253,True,FALSE,12,False,FALSE
B2,Q2,1,256,256,254,True,FALSE,24,False,FALSE
B2,Q2,1,256,256,255,True,FALSE,27,False,FALSE
B2,Q2,1,256,256,256,True,MC_UNRESOLVED,31410,True,MC_UNRESOLVED
B3,Q1,0,256,0,0,False,FALSE,16464,False,FALSE
B3,Q1,0,256,46,46,False,FALSE,2,False,FALSE
B3,Q1,0,256,47,47,False,FALSE,4,False,FALSE
B3,Q1,0,256,65,65,False,FALSE,2,False,FALSE
B3,Q1,0,256,66,66,False,FALSE,4,False,FALSE
B3,Q1,0,256,173,173,False,FALSE,2,False,FALSE
B3,Q1,0,256,177,177,False,FALSE,4,False,FALSE
B3,Q1,0,256,188,188,False,FALSE,2,False,FALSE
B3,Q1,0,256,192,192,False,FALSE,6,False,FALSE
B3,Q1,0,256,193,193,False,FALSE,6,False,FALSE
B3,Q1,0,256,194,194,False,FALSE,2,False,FALSE
B3,Q1,0,256,195,195,False,FALSE,2,False,FALSE
B3,Q1,0,256,196,196,False,FALSE,6,False,FALSE
B3,Q1,0,256,206,206,False,FALSE,6,False,FALSE
B3,Q1,0,256,216,216,False,FALSE,2,False,FALSE
B3,Q1,0,256,222,222,False,FALSE,2,False,FALSE
B3,Q1,0,256,223,223,False,FALSE,4,False,FALSE
B3,Q1,0,256,230,230,False,FALSE,2,False,FALSE
B3,Q1,0,256,231,231,False,FALSE,2,False,FALSE
B3,Q1,0,256,234,234,False,FALSE,4,False,FALSE
B3,Q1,0,256,237,237,False,FALSE,2,False,FALSE
B3,Q1,0,256,238,238,False,FALSE,2,False,FALSE
B3,Q1,0,256,242,242,False,FALSE,2,False,FALSE
B3,Q1,0,256,243,243,False,FALSE,2,False,FALSE
B3,Q1,0,256,250,250,False,FALSE,2,False,FALSE
B3,Q1,0,256,252,252,False,FALSE,6,False,FALSE
B3,Q1,0,256,253,253,False,FALSE,2,False,FALSE
B3,Q1,0,256,254,254,False,FALSE,8,False,FALSE
B3,Q1,0,256,255,255,False,FALSE,6,False,FALSE
B3,Q1,0,256,0,0,True,MC_UNRESOLVED,30579,True,TRUE
B3,Q1,0,256,1,0,True,TRUE,12,True,TRUE
B3,Q1,0,256,1,1,True,TRUE,108,True,TRUE
B3,Q1,0,256,2,0,True,TRUE,9,True,TRUE
B3,Q1,0,256,2,2,True,TRUE,36,True,TRUE
B3,Q1,0,256,3,0,True,TRUE,3,True,TRUE
B3,Q1,0,256,3,3,True,TRUE,42,True,TRUE
B3,Q1,0,256,4,0,True,TRUE,18,True,TRUE
B3,Q1,0,256,4,4,True,TRUE,36,True,TRUE
B3,Q1,0,256,5,0,True,TRUE,15,True,TRUE
B3,Q1,0,256,5,5,True,TRUE,57,True,TRUE
B3,Q1,0,256,6,6,True,TRUE,33,True,TRUE
B3,Q1,0,256,7,0,True,TRUE,3,True,TRUE
B3,Q1,0,256,7,7,True,TRUE,30,True,TRUE
B3,Q1,0,256,8,8,True,TRUE,18,True,TRUE
B3,Q1,0,256,9,0,True,TRUE,6,True,TRUE
B3,Q1,0,256,9,9,True,TRUE,15,True,TRUE
B3,Q1,0,256,10,10,True,TRUE,12,True,TRUE
B3,Q1,0,256,11,11,True,TRUE,12,True,TRUE
B3,Q1,0,256,12,12,True,TRUE,12,True,TRUE
B3,Q1,0,256,13,0,True,TRUE,9,True,TRUE
B3,Q1,0,256,13,13,True,TRUE,27,True,TRUE
B3,Q1,0,256,14,14,True,TRUE,15,True,TRUE
B3,Q1,0,256,15,15,True,TRUE,21,True,TRUE
B3,Q1,0,256,16,0,True,TRUE,6,True,TRUE
B3,Q1,0,256,16,16,True,TRUE,6,True,TRUE
B3,Q1,0,256,17,0,True,TRUE,6,True,TRUE
B3,Q1,0,256,17,17,True,TRUE,18,True,TRUE
B3,Q1,0,256,18,18,True,TRUE,21,True,TRUE
B3,Q1,0,256,19,19,True,TRUE,12,True,TRUE
B3,Q1,0,256,20,20,True,TRUE,6,True,TRUE
B3,Q1,0,256,22,22,True,TRUE,12,True,TRUE
B3,Q1,0,256,24,24,True,TRUE,15,True,TRUE
B3,Q1,0,256,25,25,True,TRUE,15,True,TRUE
B3,Q1,0,256,27,0,True,TRUE,6,True,TRUE
B3,Q1,0,256,27,27,True,TRUE,21,True,TRUE
B3,Q1,0,256,28,28,True,TRUE,6,True,TRUE
B3,Q1,0,256,29,29,True,TRUE,12,True,TRUE
B3,Q1,0,256,30,30,True,TRUE,9,True,TRUE
B3,Q1,0,256,31,31,True,TRUE,12,True,TRUE
B3,Q1,0,256,33,33,True,TRUE,12,True,TRUE
B3,Q1,0,256,36,36,True,TRUE,3,True,TRUE
B3,Q1,0,256,37,37,True,TRUE,3,True,TRUE
B3,Q1,0,256,38,38,True,TRUE,5,True,TRUE
B3,Q1,0,256,39,39,True,TRUE,4,True,TRUE
B3,Q1,0,256,41,41,True,TRUE,18,True,TRUE
B3,Q1,0,256,42,42,True,TRUE,18,True,TRUE
B3,Q1,0,256,43,43,True,TRUE,12,True,TRUE
B3,Q1,0,256,44,0,True,TRUE,3,True,TRUE
B3,Q1,0,256,45,45,True,TRUE,12,True,TRUE
B3,Q1,0,256,46,0,True,TRUE,6,True,TRUE
B3,Q1,0,256,47,47,True,TRUE,6,True,TRUE
B3,Q1,0,256,48,48,True,TRUE,6,True,TRUE
B3,Q1,0,256,49,19,True,TRUE,6,True,TRUE
B3,Q1,0,256,49,49,True,TRUE,6,True,TRUE
B3,Q1,0,256,50,50,True,TRUE,6,True,TRUE
B3,Q1,0,256,51,0,True,TRUE,3,True,TRUE
B3,Q1,0,256,52,52,True,TRUE,6,True,TRUE
B3,Q1,0,256,53,53,True,TRUE,18,True,TRUE
B3,Q1,0,256,55,55,True,TRUE,6,True,TRUE
B3,Q1,0,256,57,57,True,TRUE,6,True,TRUE
B3,Q1,0,256,61,0,True,TRUE,6,True,TRUE
B3,Q1,0,256,63,63,True,TRUE,6,True,TRUE
B3,Q1,0,256,65,65,True,TRUE,6,True,TRUE
B3,Q1,0,256,66,66,True,TRUE,6,True,TRUE
B3,Q1,0,256,67,67,True,TRUE,6,True,TRUE
B3,Q1,0,256,69,0,True,TRUE,6,True,TRUE
B3,Q1,0,256,69,69,True,TRUE,6,True,TRUE
B3,Q1,0,256,70,70,True,TRUE,12,True,TRUE
B3,Q1,0,256,71,71,True,TRUE,6,True,TRUE
B3,Q1,0,256,72,72,True,TRUE,6,True,TRUE
B3,Q1,0,256,74,74,True,TRUE,6,True,TRUE
B3,Q1,0,256,75,75,True,TRUE,6,True,TRUE
B3,Q1,0,256,80,80,True,TRUE,6,True,TRUE
B3,Q1,0,256,81,0,True,TRUE,6,True,TRUE
B3,Q1,0,256,82,82,True,TRUE,24,True,TRUE
B3,Q1,0,256,83,0,True,TRUE,6,True,TRUE
B3,Q1,0,256,83,83,True,TRUE,6,True,TRUE
B3,Q1,0,256,85,44,True,TRUE,6,True,TRUE
B3,Q1,0,256,85,85,True,TRUE,12,True,TRUE
B3,Q1,0,256,86,86,True,TRUE,18,True,TRUE
B3,Q1,0,256,87,87,True,TRUE,18,True,TRUE
B3,Q1,0,256,88,0,True,TRUE,3,True,TRUE
B3,Q1,0,256,92,92,True,TRUE,6,True,TRUE
B3,Q1,0,256,93,0,True,TRUE,6,True,TRUE
B3,Q1,0,256,93,93,True,TRUE,6,True,TRUE
B3,Q1,0,256,94,94,True,TRUE,2,True,TRUE
B3,Q1,0,256,95,95,True,TRUE,4,True,TRUE
B3,Q1,0,256,96,96,True,TRUE,6,True,TRUE
B3,Q1,0,256,99,0,True,TRUE,6,True,TRUE
B3,Q1,0,256,99,99,True,TRUE,6,True,TRUE
B3,Q1,0,256,100,100,True,TRUE,12,True,TRUE
B3,Q1,0,256,102,102,True,TRUE,6,True,TRUE
B3,Q1,0,256,104,0,True,TRUE,6,True,TRUE
B3,Q1,0,256,104,104,True,TRUE,8,True,TRUE
B3,Q1,0,256,105,105,True,TRUE,18,True,TRUE
B3,Q1,0,256,106,106,True,TRUE,18,True,TRUE
B3,Q1,0,256,107,107,True,TRUE,8,True,TRUE
B3,Q1,0,256,108,0,True,TRUE,6,True,TRUE
B3,Q1,0,256,110,0,True,TRUE,3,True,TRUE
B3,Q1,0,256,110,110,True,TRUE,6,True,TRUE
B3,Q1,0,256,112,11,True,TRUE,6,True,TRUE
B3,Q1,0,256,112,112,True,TRUE,6,True,TRUE
B3,Q1,0,256,113,113,True,TRUE,6,True,TRUE
B3,Q1,0,256,116,0,True,TRUE,12,True,TRUE
B3,Q1,0,256,116,116,True,TRUE,6,True,TRUE
B3,Q1,0,256,118,118,True,TRUE,6,True,TRUE
B3,Q1,0,256,119,119,True,TRUE,6,True,TRUE
B3,Q1,0,256,121,121,True,TRUE,6,True,TRUE
B3,Q1,0,256,123,0,True,TRUE,6,True,TRUE
B3,Q1,0,256,123,123,True,TRUE,6,True,TRUE
B3,Q1,0,256,125,125,True,TRUE,2,True,TRUE
B3,Q1,0,256,133,133,True,TRUE,12,True,TRUE
B3,Q1,0,256,137,0,True,TRUE,6,True,TRUE
B3,Q1,0,256,138,138,True,TRUE,6,True,TRUE
B3,Q1,0,256,147,147,True,TRUE,6,True,TRUE
B3,Q1,0,256,150,150,True,TRUE,6,True,TRUE
B3,Q1,0,256,151,20,True,TRUE,6,True,TRUE
B3,Q1,0,256,151,151,True,TRUE,6,True,TRUE
B3,Q1,0,256,152,0,True,TRUE,6,True,TRUE
B3,Q1,0,256,154,0,True,TRUE,6,True,TRUE
B3,Q1,0,256,155,155,True,TRUE,9,True,TRUE
B3,Q1,0,256,156,0,True,TRUE,3,True,TRUE
B3,Q1,0,256,158,158,True,TRUE,6,True,TRUE
B3,Q1,0,256,159,159,True,TRUE,8,True,TRUE
B3,Q1,0,256,162,0,True,TRUE,3,True,TRUE
B3,Q1,0,256,162,162,True,TRUE,3,True,TRUE
B3,Q1,0,256,163,0,True,TRUE,3,True,TRUE
B3,Q1,0,256,165,0,True,TRUE,3,True,TRUE
B3,Q1,0,256,165,165,True,TRUE,2,True,TRUE
B3,Q1,0,256,167,167,True,TRUE,6,True,TRUE
B3,Q1,0,256,170,0,True,TRUE,6,True,TRUE
B3,Q1,0,256,170,170,True,TRUE,2,True,TRUE
B3,Q1,0,256,173,173,True,TRUE,6,True,TRUE
B3,Q1,0,256,174,174,True,TRUE,6,True,TRUE
B3,Q1,0,256,175,175,True,TRUE,6,True,TRUE
B3,Q1,0,256,178,178,True,TRUE,6,True,TRUE
B3,Q1,0,256,179,179,True,TRUE,4,True,TRUE
B3,Q1,0,256,181,181,True,TRUE,12,True,TRUE
B3,Q1,0,256,182,182,True,TRUE,6,True,TRUE
B3,Q1,0,256,183,0,True,TRUE,3,True,TRUE
B3,Q1,0,256,183,183,True,TRUE,8,True,TRUE
B3,Q1,0,256,185,185,True,TRUE,6,True,TRUE
B3,Q1,0,256,189,189,True,TRUE,6,True,TRUE
B3,Q1,0,256,192,192,True,TRUE,6,True,TRUE
B3,Q1,0,256,195,195,True,TRUE,6,True,TRUE
B3,Q1,0,256,196,196,True,TRUE,2,True,TRUE
B3,Q1,0,256,200,200,True,TRUE,2,True,TRUE
B3,Q1,0,256,207,0,True,TRUE,6,True,TRUE
B3,Q1,0,256,207,207,True,TRUE,10,True,TRUE
B3,Q1,0,256,208,0,True,TRUE,3,True,TRUE
B3,Q1,0,256,208,208,True,TRUE,8,True,TRUE
B3,Q1,0,256,209,209,True,TRUE,2,True,TRUE
B3,Q1,0,256,210,210,True,TRUE,6,True,TRUE
B3,Q1,0,256,211,0,True,TRUE,6,True,TRUE
B3,Q1,0,256,213,213,True,TRUE,6,True,TRUE
B3,Q1,0,256,214,214,True,TRUE,6,True,TRUE
B3,Q1,0,256,215,215,True,TRUE,6,True,TRUE
B3,Q1,0,256,218,218,True,TRUE,6,True,TRUE
B3,Q1,0,256,219,219,True,TRUE,6,True,TRUE
B3,Q1,0,256,221,221,True,TRUE,2,True,TRUE
B3,Q1,0,256,223,223,True,TRUE,6,True,TRUE
B3,Q1,0,256,225,225,True,TRUE,2,True,TRUE
B3,Q1,0,256,226,226,True,TRUE,2,True,TRUE
B3,Q1,0,256,228,228,True,TRUE,12,True,TRUE
B3,Q1,0,256,230,230,True,TRUE,18,True,TRUE
B3,Q1,0,256,232,232,True,TRUE,14,True,TRUE
B3,Q1,0,256,233,233,True,TRUE,12,True,TRUE
B3,Q1,0,256,234,234,True,TRUE,20,True,TRUE
B3,Q1,0,256,235,235,True,TRUE,12,True,TRUE
B3,Q1,0,256,236,236,True,TRUE,8,True,TRUE
B3,Q1,0,256,237,237,True,TRUE,4,True,TRUE
B3,Q1,0,256,238,238,True,TRUE,2,True,TRUE
B3,Q1,0,256,243,0,True,TRUE,6,True,TRUE
B3,Q1,0,256,243,243,True,TRUE,6,True,TRUE
B3,Q1,0,256,244,244,True,TRUE,9,True,TRUE
B3,Q1,0,256,245,245,True,TRUE,6,True,TRUE
B3,Q1,0,256,246,246,True,TRUE,13,True,TRUE
B3,Q1,0,256,247,0,True,TRUE,3,True,TRUE
B3,Q1,0,256,247,247,True,TRUE,6,True,TRUE
B3,Q1,0,256,248,0,True,TRUE,9,True,TRUE
B3,Q1,0,256,248,248,True,TRUE,4,True,TRUE
B3,Q1,0,256,249,0,True,TRUE,6,True,TRUE
B3,Q1,0,256,249,249,True,TRUE,2,True,TRUE
B3,Q1,0,256,250,250,True,TRUE,8,True,TRUE
B3,Q1,0,256,251,0,True,TRUE,6,True,TRUE
B3,Q1,0,256,251,251,True,TRUE,20,True,TRUE
B3,Q1,0,256,252,0,True,TRUE,3,True,TRUE
B3,Q1,0,256,252,252,True,TRUE,14,True,TRUE
B3,Q1,0,256,253,253,True,TRUE,28,True,TRUE
B3,Q1,0,256,254,0,True,TRUE,3,True,TRUE
B3,Q1,0,256,254,254,True,TRUE,42,True,TRUE
B3,Q1,0,256,255,0,True,TRUE,3,True,TRUE
B3,Q1,0,256,255,255,True,TRUE,109,True,TRUE
B3,Q1,0,256,256,0,True,TRUE,2178,True,TRUE
B3,Q1,0,256,256,1,True,TRUE,18,True,TRUE
B3,Q1,0,256,256,2,True,TRUE,24,True,TRUE
B3,Q1,0,256,256,3,True,TRUE,6,True,TRUE
B3,Q1,0,256,256,4,True,TRUE,15,True,TRUE
B3,Q1,0,256,256,8,True,TRUE,3,True,TRUE
B3,Q1,0,256,256,9,True,TRUE,3,True,TRUE
B3,Q1,0,256,256,11,True,TRUE,9,True,TRUE
B3,Q1,0,256,256,13,True,TRUE,3,True,TRUE
B3,Q1,0,256,256,22,True,TRUE,3,True,TRUE
B3,Q1,0,256,256,23,True,TRUE,9,True,TRUE
B3,Q1,0,256,256,24,True,TRUE,3,True,TRUE
B3,Q1,0,256,256,25,True,TRUE,3,True,TRUE
B3,Q1,0,256,256,28,True,TRUE,3,True,TRUE
B3,Q1,0,256,256,31,True,TRUE,6,True,TRUE
B3,Q1,0,256,256,32,True,TRUE,6,True,TRUE
B3,Q1,0,256,256,34,True,TRUE,6,True,TRUE
B3,Q1,0,256,256,38,True,TRUE,3,True,TRUE
B3,Q1,0,256,256,42,True,TRUE,3,True,TRUE
B3,Q1,0,256,256,43,True,TRUE,12,True,TRUE
B3,Q1,0,256,256,45,True,TRUE,18,True,TRUE
B3,Q1,0,256,256,46,True,TRUE,3,True,TRUE
B3,Q1,0,256,256,55,True,TRUE,6,True,TRUE
B3,Q1,0,256,256,58,True,TRUE,6,True,TRUE
B3,Q1,0,256,256,60,True,TRUE,3,True,TRUE
B3,Q1,0,256,256,62,True,TRUE,3,True,TRUE
B3,Q1,0,256,256,71,True,TRUE,3,True,TRUE
B3,Q1,0,256,256,72,True,TRUE,3,True,TRUE
B3,Q1,0,256,256,105,True,TRUE,6,True,TRUE
B3,Q1,0,256,256,108,True,TRUE,3,True,TRUE
B3,Q1,0,256,256,110,True,TRUE,6,True,TRUE
B3,Q1,0,256,256,114,True,TRUE,6,True,TRUE
B3,Q1,0,256,256,117,True,TRUE,6,True,TRUE
B3,Q1,0,256,256,121,True,TRUE,3,True,TRUE
B3,Q1,0,256,256,126,True,TRUE,6,True,TRUE
B3,Q1,0,256,256,131,True,TRUE,6,True,TRUE
B3,Q1,0,256,256,160,True,TRUE,3,True,TRUE
B3,Q1,0,256,256,164,True,TRUE,3,True,TRUE
B3,Q1,0,256,256,168,True,TRUE,3,True,TRUE
B3,Q1,0,256,256,175,True,TRUE,3,True,TRUE
B3,Q1,0,256,256,183,True,TRUE,6,True,TRUE
B3,Q1,0,256,256,199,True,TRUE,6,True,TRUE
B3,Q1,0,256,256,200,True,TRUE,3,True,TRUE
B3,Q1,0,256,256,203,True,TRUE,3,True,TRUE
B3,Q1,0,256,256,205,True,TRUE,3,True,TRUE
B3,Q1,0,256,256,209,True,TRUE,3,True,TRUE
B3,Q1,0,256,256,210,True,TRUE,3,True,TRUE
B3,Q1,0,256,256,219,True,TRUE,3,True,TRUE
B3,Q1,0,256,256,225,True,TRUE,6,True,TRUE
B3,Q1,0,256,256,226,True,TRUE,6,True,TRUE
B3,Q1,0,256,256,229,True,TRUE,6,True,TRUE
B3,Q1,0,256,256,230,True,TRUE,6,True,TRUE
B3,Q1,0,256,256,231,True,TRUE,12,True,TRUE
B3,Q1,0,256,256,233,True,TRUE,6,True,TRUE
B3,Q1,0,256,256,237,True,TRUE,12,True,TRUE
B3,Q1,0,256,256,239,True,TRUE,6,True,TRUE
B3,Q1,0,256,256,241,True,TRUE,6,True,TRUE
B3,Q1,0,256,256,244,True,TRUE,6,True,TRUE
B3,Q1,0,256,256,252,True,TRUE,6,True,TRUE
B3,Q1,0,256,256,253,True,TRUE,3,True,TRUE
B3,Q1,0,256,256,254,True,TRUE,6,True,TRUE
B3,Q1,0,256,256,255,True,TRUE,27,True,TRUE
B3,Q1,0,256,256,256,True,TRUE,31275,True,TRUE
B3,Q2,0,256,0,0,False,FALSE,32928,False,FALSE
B3,Q2,0,256,46,46,False,FALSE,4,False,FALSE
B3,Q2,0,256,47,47,False,FALSE,8,False,FALSE
B3,Q2,0,256,65,65,False,FALSE,4,False,FALSE
B3,Q2,0,256,66,66,False,FALSE,8,False,FALSE
B3,Q2,0,256,173,173,False,FALSE,4,False,FALSE
B3,Q2,0,256,177,177,False,FALSE,8,False,FALSE
B3,Q2,0,256,188,188,False,FALSE,4,False,FALSE
B3,Q2,0,256,192,13,False,FALSE,4,False,FALSE
B3,Q2,0,256,192,40,False,FALSE,2,False,FALSE
B3,Q2,0,256,192,192,False,FALSE,6,False,FALSE
B3,Q2,0,256,193,193,False,FALSE,12,False,FALSE
B3,Q2,0,256,194,194,False,FALSE,4,False,FALSE
B3,Q2,0,256,195,195,False,FALSE,4,False,FALSE
B3,Q2,0,256,196,196,False,FALSE,12,False,FALSE
B3,Q2,0,256,206,17,False,FALSE,2,False,FALSE
B3,Q2,0,256,206,19,False,FALSE,2,False,FALSE
B3,Q2,0,256,206,60,False,FALSE,2,False,FALSE
B3,Q2,0,256,206,206,False,FALSE,6,False,FALSE
B3,Q2,0,256,216,216,False,FALSE,4,False,FALSE
B3,Q2,0,256,222,222,False,FALSE,4,False,FALSE
B3,Q2,0,256,223,223,False,FALSE,8,False,FALSE
B3,Q2,0,256,230,230,False,FALSE,4,False,FALSE
B3,Q2,0,256,231,231,False,FALSE,4,False,FALSE
B3,Q2,0,256,234,234,False,FALSE,8,False,FALSE
B3,Q2,0,256,237,237,False,FALSE,4,False,FALSE
B3,Q2,0,256,238,238,False,FALSE,4,False,FALSE
B3,Q2,0,256,242,242,False,FALSE,4,False,FALSE
B3,Q2,0,256,243,243,False,FALSE,4,False,FALSE
B3,Q2,0,256,250,250,False,FALSE,4,False,FALSE
B3,Q2,0,256,252,252,False,FALSE,12,False,FALSE
B3,Q2,0,256,253,15,False,FALSE,2,False,FALSE
B3,Q2,0,256,253,253,False,FALSE,2,False,FALSE
B3,Q2,0,256,254,17,False,FALSE,2,False,FALSE
B3,Q2,0,256,254,52,False,FALSE,2,False,FALSE
B3,Q2,0,256,254,254,False,FALSE,12,False,FALSE
B3,Q2,0,256,255,23,False,FALSE,2,False,FALSE
B3,Q2,0,256,255,25,False,FALSE,2,False,FALSE
B3,Q2,0,256,255,68,False,FALSE,2,False,FALSE
B3,Q2,0,256,255,255,False,FALSE,6,False,FALSE
B3,Q2,0,256,0,0,True,MC_UNRESOLVED,61158,True,TRUE
B3,Q2,0,256,1,0,True,MC_UNRESOLVED,132,True,TRUE
B3,Q2,0,256,1,1,True,TRUE,108,True,TRUE
B3,Q2,0,256,2,0,True,MC_UNRESOLVED,54,True,TRUE
B3,Q2,0,256,2,2,True,TRUE,36,True,TRUE
B3,Q2,0,256,3,0,True,MC_UNRESOLVED,48,True,TRUE
B3,Q2,0,256,3,3,True,TRUE,42,True,TRUE
B3,Q2,0,256,4,0,True,MC_UNRESOLVED,72,True,TRUE
B3,Q2,0,256,4,4,True,TRUE,36,True,TRUE
B3,Q2,0,256,5,0,True,MC_UNRESOLVED,87,True,TRUE
B3,Q2,0,256,5,5,True,TRUE,57,True,TRUE
B3,Q2,0,256,6,0,True,MC_UNRESOLVED,33,True,TRUE
B3,Q2,0,256,6,6,True,TRUE,33,True,TRUE
B3,Q2,0,256,7,0,True,MC_UNRESOLVED,36,True,TRUE
B3,Q2,0,256,7,7,True,TRUE,30,True,TRUE
B3,Q2,0,256,8,0,True,MC_UNRESOLVED,18,True,TRUE
B3,Q2,0,256,8,8,True,TRUE,18,True,TRUE
B3,Q2,0,256,9,0,True,MC_UNRESOLVED,27,True,TRUE
B3,Q2,0,256,9,9,True,TRUE,15,True,TRUE
B3,Q2,0,256,10,0,True,MC_UNRESOLVED,12,True,TRUE
B3,Q2,0,256,10,10,True,TRUE,12,True,TRUE
B3,Q2,0,256,11,0,True,MC_UNRESOLVED,12,True,TRUE
B3,Q2,0,256,11,11,True,TRUE,12,True,TRUE
B3,Q2,0,256,12,0,True,MC_UNRESOLVED,12,True,TRUE
B3,Q2,0,256,12,12,True,TRUE,12,True,TRUE
B3,Q2,0,256,13,0,True,MC_UNRESOLVED,45,True,TRUE
B3,Q2,0,256,13,13,True,TRUE,27,True,TRUE
B3,Q2,0,256,14,0,True,MC_UNRESOLVED,15,True,TRUE
B3,Q2,0,256,14,14,True,TRUE,15,True,TRUE
B3,Q2,0,256,15,0,True,MC_UNRESOLVED,21,True,TRUE
B3,Q2,0,256,15,15,True,TRUE,21,True,TRUE
B3,Q2,0,256,16,0,True,MC_UNRESOLVED,18,True,TRUE
B3,Q2,0,256,16,16,True,TRUE,6,True,TRUE
B3,Q2,0,256,17,0,True,MC_UNRESOLVED,30,True,TRUE
B3,Q2,0,256,17,17,True,TRUE,18,True,TRUE
B3,Q2,0,256,18,0,True,MC_UNRESOLVED,21,True,TRUE
B3,Q2,0,256,18,18,True,TRUE,21,True,TRUE
B3,Q2,0,256,19,0,True,MC_UNRESOLVED,12,True,TRUE
B3,Q2,0,256,19,19,True,TRUE,12,True,TRUE
B3,Q2,0,256,20,0,True,MC_UNRESOLVED,6,True,TRUE
B3,Q2,0,256,20,20,True,TRUE,6,True,TRUE
B3,Q2,0,256,22,0,True,MC_UNRESOLVED,12,True,TRUE
B3,Q2,0,256,22,22,True,TRUE,12,True,TRUE
B3,Q2,0,256,24,0,True,MC_UNRESOLVED,15,True,TRUE
B3,Q2,0,256,24,24,True,TRUE,15,True,TRUE
B3,Q2,0,256,25,0,True,MC_UNRESOLVED,15,True,TRUE
B3,Q2,0,256,25,25,True,TRUE,15,True,TRUE
B3,Q2,0,256,27,0,True,MC_UNRESOLVED,33,True,TRUE
B3,Q2,0,256,27,27,True,TRUE,21,True,TRUE
B3,Q2,0,256,28,0,True,MC_UNRESOLVED,6,True,TRUE
B3,Q2,0,256,28,28,True,TRUE,6,True,TRUE
B3,Q2,0,256,29,0,True,MC_UNRESOLVED,12,True,TRUE
B3,Q2,0,256,29,29,True,TRUE,12,True,TRUE
B3,Q2,0,256,30,0,True,MC_UNRESOLVED,9,True,TRUE
B3,Q2,0,256,30,30,True,TRUE,9,True,TRUE
B3,Q2,0,256,31,0,True,MC_UNRESOLVED,12,True,TRUE
B3,Q2,0,256,31,31,True,TRUE,12,True,TRUE
B3,Q2,0,256,33,0,True,MC_UNRESOLVED,12,True,TRUE
B3,Q2,0,256,33,33,True,TRUE,12,True,TRUE
B3,Q2,0,256,36,0,True,MC_UNRESOLVED,3,True,TRUE
B3,Q2,0,256,36,36,True,TRUE,3,True,TRUE
B3,Q2,0,256,37,0,True,MC_UNRESOLVED,3,True,TRUE
B3,Q2,0,256,37,37,True,TRUE,3,True,TRUE
B3,Q2,0,256,38,0,True,MC_UNRESOLVED,5,True,TRUE
B3,Q2,0,256,38,38,True,TRUE,5,True,TRUE
B3,Q2,0,256,39,0,True,MC_UNRESOLVED,4,True,TRUE
B3,Q2,0,256,39,39,True,TRUE,4,True,TRUE
B3,Q2,0,256,41,0,True,MC_UNRESOLVED,18,True,TRUE
B3,Q2,0,256,41,41,True,TRUE,18,True,TRUE
B3,Q2,0,256,42,0,True,MC_UNRESOLVED,18,True,TRUE
B3,Q2,0,256,42,42,True,TRUE,18,True,TRUE
B3,Q2,0,256,43,0,True,MC_UNRESOLVED,12,True,TRUE
B3,Q2,0,256,43,43,True,TRUE,12,True,TRUE
B3,Q2,0,256,44,0,True,MC_UNRESOLVED,6,True,TRUE
B3,Q2,0,256,45,0,True,MC_UNRESOLVED,12,True,TRUE
B3,Q2,0,256,45,45,True,TRUE,12,True,TRUE
B3,Q2,0,256,46,0,True,MC_UNRESOLVED,12,True,TRUE
B3,Q2,0,256,47,0,True,MC_UNRESOLVED,6,True,TRUE
B3,Q2,0,256,47,47,True,TRUE,6,True,TRUE
B3,Q2,0,256,48,0,True,MC_UNRESOLVED,6,True,TRUE
B3,Q2,0,256,48,48,True,TRUE,6,True,TRUE
B3,Q2,0,256,49,0,True,MC_UNRESOLVED,12,True,TRUE
B3,Q2,0,256,49,19,True,TRUE,6,True,TRUE
B3,Q2,0,256,49,49,True,TRUE,6,True,TRUE
B3,Q2,0,256,50,0,True,MC_UNRESOLVED,6,True,TRUE
B3,Q2,0,256,50,50,True,TRUE,6,True,TRUE
B3,Q2,0,256,51,0,True,MC_UNRESOLVED,6,True,TRUE
B3,Q2,0,256,52,0,True,MC_UNRESOLVED,6,True,TRUE
B3,Q2,0,256,52,52,True,TRUE,6,True,TRUE
B3,Q2,0,256,53,0,True,MC_UNRESOLVED,18,True,TRUE
B3,Q2,0,256,53,53,True,TRUE,18,True,TRUE
B3,Q2,0,256,55,0,True,MC_UNRESOLVED,6,True,TRUE
B3,Q2,0,256,55,55,True,TRUE,6,True,TRUE
B3,Q2,0,256,57,0,True,MC_UNRESOLVED,6,True,TRUE
B3,Q2,0,256,57,57,True,TRUE,6,True,TRUE
B3,Q2,0,256,61,0,True,MC_UNRESOLVED,12,True,TRUE
B3,Q2,0,256,63,0,True,MC_UNRESOLVED,6,True,TRUE
B3,Q2,0,256,63,63,True,TRUE,6,True,TRUE
B3,Q2,0,256,65,0,True,MC_UNRESOLVED,6,True,TRUE
B3,Q2,0,256,65,65,True,TRUE,6,True,TRUE
B3,Q2,0,256,66,0,True,MC_UNRESOLVED,6,True,TRUE
B3,Q2,0,256,66,66,True,TRUE,6,True,TRUE
B3,Q2,0,256,67,0,True,MC_UNRESOLVED,6,True,TRUE
B3,Q2,0,256,67,67,True,TRUE,6,True,TRUE
B3,Q2,0,256,69,0,True,MC_UNRESOLVED,18,True,TRUE
B3,Q2,0,256,69,69,True,TRUE,6,True,TRUE
B3,Q2,0,256,70,0,True,MC_UNRESOLVED,12,True,TRUE
B3,Q2,0,256,70,70,True,TRUE,12,True,TRUE
B3,Q2,0,256,71,0,True,MC_UNRESOLVED,6,True,TRUE
B3,Q2,0,256,71,71,True,TRUE,6,True,TRUE
B3,Q2,0,256,72,0,True,MC_UNRESOLVED,6,True,TRUE
B3,Q2,0,256,72,72,True,TRUE,6,True,TRUE
B3,Q2,0,256,74,0,True,MC_UNRESOLVED,6,True,TRUE
B3,Q2,0,256,74,74,True,TRUE,6,True,TRUE
B3,Q2,0,256,75,0,True,MC_UNRESOLVED,6,True,TRUE
B3,Q2,0,256,75,75,True,TRUE,6,True,TRUE
B3,Q2,0,256,80,0,True,MC_UNRESOLVED,6,True,TRUE
B3,Q2,0,256,80,80,True,TRUE,6,True,TRUE
B3,Q2,0,256,81,0,True,MC_UNRESOLVED,12,True,TRUE
B3,Q2,0,256,82,0,True,MC_UNRESOLVED,24,True,TRUE
B3,Q2,0,256,82,82,True,TRUE,24,True,TRUE
B3,Q2,0,256,83,0,True,MC_UNRESOLVED,18,True,TRUE
B3,Q2,0,256,83,83,True,TRUE,6,True,TRUE
B3,Q2,0,256,85,0,True,MC_UNRESOLVED,18,True,TRUE
B3,Q2,0,256,85,44,True,TRUE,6,True,TRUE
B3,Q2,0,256,85,85,True,TRUE,12,True,TRUE
B3,Q2,0,256,86,0,True,MC_UNRESOLVED,18,True,TRUE
B3,Q2,0,256,86,86,True,TRUE,18,True,TRUE
B3,Q2,0,256,87,0,True,MC_UNRESOLVED,18,True,TRUE
B3,Q2,0,256,87,87,True,TRUE,18,True,TRUE
B3,Q2,0,256,88,0,True,MC_UNRESOLVED,6,True,TRUE
B3,Q2,0,256,92,0,True,MC_UNRESOLVED,6,True,TRUE
B3,Q2,0,256,92,92,True,TRUE,6,True,TRUE
B3,Q2,0,256,93,0,True,MC_UNRESOLVED,18,True,TRUE
B3,Q2,0,256,93,93,True,TRUE,6,True,TRUE
B3,Q2,0,256,94,0,True,MC_UNRESOLVED,2,True,TRUE
B3,Q2,0,256,94,94,True,TRUE,2,True,TRUE
B3,Q2,0,256,95,0,True,MC_UNRESOLVED,4,True,TRUE
B3,Q2,0,256,95,95,True,TRUE,4,True,TRUE
B3,Q2,0,256,96,0,True,MC_UNRESOLVED,6,True,TRUE
B3,Q2,0,256,96,96,True,TRUE,6,True,TRUE
B3,Q2,0,256,99,0,True,MC_UNRESOLVED,18,True,TRUE
B3,Q2,0,256,99,99,True,TRUE,6,True,TRUE
B3,Q2,0,256,100,0,True,MC_UNRESOLVED,12,True,TRUE
B3,Q2,0,256,100,100,True,TRUE,12,True,TRUE
B3,Q2,0,256,102,0,True,MC_UNRESOLVED,6,True,TRUE
B3,Q2,0,256,102,102,True,TRUE,6,True,TRUE
B3,Q2,0,256,104,0,True,MC_UNRESOLVED,18,True,TRUE
B3,Q2,0,256,104,104,True,TRUE,10,True,TRUE
B3,Q2,0,256,105,0,True,MC_UNRESOLVED,18,True,TRUE
B3,Q2,0,256,105,105,True,TRUE,18,True,TRUE
B3,Q2,0,256,106,0,True,MC_UNRESOLVED,18,True,TRUE
B3,Q2,0,256,106,106,True,TRUE,18,True,TRUE
B3,Q2,0,256,107,0,True,MC_UNRESOLVED,6,True,TRUE
B3,Q2,0,256,107,107,True,TRUE,10,True,TRUE
B3,Q2,0,256,108,0,True,MC_UNRESOLVED,12,True,TRUE
B3,Q2,0,256,110,0,True,MC_UNRESOLVED,12,True,TRUE
B3,Q2,0,256,110,110,True,TRUE,6,True,TRUE
B3,Q2,0,256,112,0,True,MC_UNRESOLVED,12,True,TRUE
B3,Q2,0,256,112,11,True,TRUE,6,True,TRUE
B3,Q2,0,256,112,112,True,TRUE,6,True,TRUE
B3,Q2,0,256,113,0,True,MC_UNRESOLVED,6,True,TRUE
B3,Q2,0,256,113,113,True,TRUE,6,True,TRUE
B3,Q2,0,256,116,0,True,MC_UNRESOLVED,30,True,TRUE
B3,Q2,0,256,116,116,True,TRUE,6,True,TRUE
B3,Q2,0,256,118,0,True,MC_UNRESOLVED,6,True,TRUE
B3,Q2,0,256,118,118,True,TRUE,6,True,TRUE
B3,Q2,0,256,119,0,True,MC_UNRESOLVED,6,True,TRUE
B3,Q2,0,256,119,119,True,TRUE,6,True,TRUE
B3,Q2,0,256,121,0,True,MC_UNRESOLVED,6,True,TRUE
B3,Q2,0,256,121,121,True,TRUE,6,True,TRUE
B3,Q2,0,256,123,0,True,MC_UNRESOLVED,18,True,TRUE
B3,Q2,0,256,123,123,True,TRUE,6,True,TRUE
B3,Q2,0,256,125,125,True,TRUE,4,True,TRUE
B3,Q2,0,256,133,0,True,MC_UNRESOLVED,12,True,TRUE
B3,Q2,0,256,133,133,True,TRUE,12,True,TRUE
B3,Q2,0,256,137,0,True,MC_UNRESOLVED,12,True,TRUE
B3,Q2,0,256,138,0,True,MC_UNRESOLVED,6,True,TRUE
B3,Q2,0,256,138,138,True,TRUE,6,True,TRUE
B3,Q2,0,256,147,0,True,MC_UNRESOLVED,6,True,TRUE
B3,Q2,0,256,147,147,True,TRUE,6,True,TRUE
B3,Q2,0,256,150,0,True,MC_UNRESOLVED,6,True,TRUE
B3,Q2,0,256,150,150,True,TRUE,6,True,TRUE
B3,Q2,0,256,151,0,True,MC_UNRESOLVED,12,True,TRUE
B3,Q2,0,256,151,20,True,TRUE,6,True,TRUE
B3,Q2,0,256,151,151,True,TRUE,6,True,TRUE
B3,Q2,0,256,152,0,True,MC_UNRESOLVED,12,True,TRUE
B3,Q2,0,256,154,0,True,MC_UNRESOLVED,12,True,TRUE
B3,Q2,0,256,155,0,True,MC_UNRESOLVED,9,True,TRUE
B3,Q2,0,256,155,155,True,TRUE,9,True,TRUE
B3,Q2,0,256,156,0,True,MC_UNRESOLVED,6,True,TRUE
B3,Q2,0,256,158,0,True,MC_UNRESOLVED,6,True,TRUE
B3,Q2,0,256,158,158,True,TRUE,6,True,TRUE
B3,Q2,0,256,159,0,True,MC_UNRESOLVED,6,True,TRUE
B3,Q2,0,256,159,159,True,TRUE,10,True,TRUE
B3,Q2,0,256,162,0,True,MC_UNRESOLVED,9,True,TRUE
B3,Q2,0,256,162,162,True,TRUE,3,True,TRUE
B3,Q2,0,256,163,0,True,MC_UNRESOLVED,6,True,TRUE
B3,Q2,0,256,165,0,True,MC_UNRESOLVED,6,True,TRUE
B3,Q2,0,256,165,165,True,TRUE,4,True,TRUE
B3,Q2,0,256,167,0,True,MC_UNRESOLVED,6,True,TRUE
B3,Q2,0,256,167,167,True,TRUE,6,True,TRUE
B3,Q2,0,256,170,0,True,MC_UNRESOLVED,12,True,TRUE
B3,Q2,0,256,170,170,True,TRUE,4,True,TRUE
B3,Q2,0,256,173,0,True,MC_UNRESOLVED,6,True,TRUE
B3,Q2,0,256,173,173,True,TRUE,6,True,TRUE
B3,Q2,0,256,174,0,True,MC_UNRESOLVED,6,True,TRUE
B3,Q2,0,256,174,174,True,TRUE,6,True,TRUE
B3,Q2,0,256,175,0,True,MC_UNRESOLVED,6,True,TRUE
B3,Q2,0,256,175,175,True,TRUE,6,True,TRUE
B3,Q2,0,256,178,0,True,MC_UNRESOLVED,6,True,TRUE
B3,Q2,0,256,178,178,True,TRUE,6,True,TRUE
B3,Q2,0,256,179,179,True,TRUE,8,True,TRUE
B3,Q2,0,256,181,0,True,MC_UNRESOLVED,12,True,TRUE
B3,Q2,0,256,181,181,True,TRUE,12,True,TRUE
B3,Q2,0,256,182,0,True,MC_UNRESOLVED,6,True,TRUE
B3,Q2,0,256,182,182,True,TRUE,6,True,TRUE
B3,Q2,0,256,183,0,True,MC_UNRESOLVED,12,True,TRUE
B3,Q2,0,256,183,183,True,TRUE,10,True,TRUE
B3,Q2,0,256,185,0,True,MC_UNRESOLVED,6,True,TRUE
B3,Q2,0,256,185,185,True,TRUE,6,True,TRUE
B3,Q2,0,256,189,0,True,MC_UNRESOLVED,6,True,TRUE
B3,Q2,0,256,189,189,True,TRUE,6,True,TRUE
B3,Q2,0,256,192,0,True,MC_UNRESOLVED,6,True,TRUE
B3,Q2,0,256,192,192,True,TRUE,6,True,TRUE
B3,Q2,0,256,195,0,True,MC_UNRESOLVED,6,True,TRUE
B3,Q2,0,256,195,195,True,TRUE,6,True,TRUE
B3,Q2,0,256,196,196,True,TRUE,4,True,TRUE
B3,Q2,0,256,200,200,True,TRUE,4,True,TRUE
B3,Q2,0,256,207,0,True,MC_UNRESOLVED,18,True,TRUE
B3,Q2,0,256,207,207,True,TRUE,14,True,TRUE
B3,Q2,0,256,208,0,True,MC_UNRESOLVED,12,True,TRUE
B3,Q2,0,256,208,208,True,TRUE,10,True,TRUE
B3,Q2,0,256,209,209,True,TRUE,4,True,TRUE
B3,Q2,0,256,210,0,True,MC_UNRESOLVED,6,True,TRUE
B3,Q2,0,256,210,210,True,TRUE,6,True,TRUE
B3,Q2,0,256,211,0,True,MC_UNRESOLVED,12,True,TRUE
B3,Q2,0,256,213,0,True,MC_UNRESOLVED,6,True,TRUE
B3,Q2,0,256,213,213,True,TRUE,6,True,TRUE
B3,Q2,0,256,214,0,True,MC_UNRESOLVED,6,True,TRUE
B3,Q2,0,256,214,214,True,TRUE,6,True,TRUE
B3,Q2,0,256,215,0,True,MC_UNRESOLVED,6,True,TRUE
B3,Q2,0,256,215,215,True,TRUE,6,True,TRUE
B3,Q2,0,256,218,0,True,MC_UNRESOLVED,6,True,TRUE
B3,Q2,0,256,218,218,True,TRUE,6,True,TRUE
B3,Q2,0,256,219,0,True,MC_UNRESOLVED,6,True,TRUE
B3,Q2,0,256,219,219,True,TRUE,6,True,TRUE
B3,Q2,0,256,221,221,True,TRUE,4,True,TRUE
B3,Q2,0,256,223,0,True,MC_UNRESOLVED,6,True,TRUE
B3,Q2,0,256,223,223,True,TRUE,6,True,TRUE
B3,Q2,0,256,225,220,True,TRUE,2,True,TRUE
B3,Q2,0,256,225,225,True,TRUE,2,True,TRUE
B3,Q2,0,256,226,226,True,TRUE,4,True,TRUE
B3,Q2,0,256,228,0,True,MC_UNRESOLVED,12,True,TRUE
B3,Q2,0,256,228,228,True,TRUE,12,True,TRUE
B3,Q2,0,256,230,0,True,MC_UNRESOLVED,18,True,TRUE
B3,Q2,0,256,230,230,True,TRUE,18,True,TRUE
B3,Q2,0,256,232,0,True,MC_UNRESOLVED,12,True,TRUE
B3,Q2,0,256,232,229,True,TRUE,2,True,TRUE
B3,Q2,0,256,232,232,True,TRUE,14,True,TRUE
B3,Q2,0,256,233,0,True,MC_UNRESOLVED,12,True,TRUE
B3,Q2,0,256,233,233,True,TRUE,12,True,TRUE
B3,Q2,0,256,234,0,True,MC_UNRESOLVED,18,True,TRUE
B3,Q2,0,256,234,234,True,TRUE,22,True,TRUE
B3,Q2,0,256,235,0,True,MC_UNRESOLVED,12,True,TRUE
B3,Q2,0,256,235,235,True,TRUE,12,True,TRUE
B3,Q2,0,256,236,0,True,MC_UNRESOLVED,6,True,TRUE
B3,Q2,0,256,236,231,True,TRUE,2,True,TRUE
B3,Q2,0,256,236,236,True,TRUE,8,True,TRUE
B3,Q2,0,256,237,237,True,TRUE,8,True,TRUE
B3,Q2,0,256,238,237,True,TRUE,2,True,TRUE
B3,Q2,0,256,238,238,True,TRUE,2,True,TRUE
B3,Q2,0,256,243,0,True,MC_UNRESOLVED,18,True,TRUE
B3,Q2,0,256,243,243,True,TRUE,6,True,TRUE
B3,Q2,0,256,244,0,True,MC_UNRESOLVED,9,True,TRUE
B3,Q2,0,256,244,244,True,TRUE,9,True,TRUE
B3,Q2,0,256,245,0,True,MC_UNRESOLVED,6,True,TRUE
B3,Q2,0,256,245,245,True,TRUE,6,True,TRUE
B3,Q2,0,256,246,0,True,MC_UNRESOLVED,9,True,TRUE
B3,Q2,0,256,246,242,True,TRUE,4,True,TRUE
B3,Q2,0,256,246,246,True,TRUE,13,True,TRUE
B3,Q2,0,256,247,0,True,MC_UNRESOLVED,12,True,TRUE
B3,Q2,0,256,247,247,True,TRUE,6,True,TRUE
B3,Q2,0,256,248,0,True,MC_UNRESOLVED,18,True,TRUE
B3,Q2,0,256,248,243,True,TRUE,2,True,TRUE
B3,Q2,0,256,248,248,True,TRUE,6,True,TRUE
B3,Q2,0,256,249,0,True,MC_UNRESOLVED,12,True,TRUE
B3,Q2,0,256,249,249,True,TRUE,4,True,TRUE
B3,Q2,0,256,250,0,True,MC_UNRESOLVED,6,True,TRUE
B3,Q2,0,256,250,13,True,TRUE,2,True,TRUE
B3,Q2,0,256,250,250,True,TRUE,8,True,TRUE
B3,Q2,0,256,251,0,True,MC_UNRESOLVED,30,True,TRUE
B3,Q2,0,256,251,246,True,TRUE,2,True,TRUE
B3,Q2,0,256,251,251,True,TRUE,20,True,TRUE
B3,Q2,0,256,252,0,True,MC_UNRESOLVED,12,True,TRUE
B3,Q2,0,256,252,13,True,TRUE,2,True,TRUE
B3,Q2,0,256,252,252,True,TRUE,20,True,TRUE
B3,Q2,0,256,253,0,True,MC_UNRESOLVED,18,True,TRUE
B3,Q2,0,256,253,8,True,TRUE,2,True,TRUE
B3,Q2,0,256,253,209,True,TRUE,2,True,TRUE
B3,Q2,0,256,253,233,True,TRUE,2,True,TRUE
B3,Q2,0,256,253,252,True,TRUE,4,True,TRUE
B3,Q2,0,256,253,253,True,TRUE,28,True,TRUE
B3,Q2,0,256,254,0,True,MC_UNRESOLVED,18,True,TRUE
B3,Q2,0,256,254,8,True,TRUE,4,True,TRUE
B3,Q2,0,256,254,14,True,TRUE,2,True,TRUE
B3,Q2,0,256,254,61,True,TRUE,2,True,TRUE
B3,Q2,0,256,254,140,True,TRUE,6,True,TRUE
B3,Q2,0,256,254,210,True,TRUE,2,True,TRUE
B3,Q2,0,256,254,234,True,TRUE,2,True,TRUE
B3,Q2,0,256,254,249,True,TRUE,2,True,TRUE
B3,Q2,0,256,254,254,True,TRUE,52,True,TRUE
B3,Q2,0,256,255,0,True,MC_UNRESOLVED,71,True,TRUE
B3,Q2,0,256,255,16,True,TRUE,6,True,TRUE
B3,Q2,0,256,255,21,True,TRUE,6,True,TRUE
B3,Q2,0,256,255,57,True,TRUE,6,True,TRUE
B3,Q2,0,256,255,61,True,TRUE,4,True,TRUE
B3,Q2,0,256,255,178,True,TRUE,2,True,TRUE
B3,Q2,0,256,255,227,True,TRUE,2,True,TRUE
B3,Q2,0,256,255,228,True,TRUE,2,True,TRUE
B3,Q2,0,256,255,234,True,TRUE,2,True,TRUE
B3,Q2,0,256,255,245,True,TRUE,2,True,TRUE
B3,Q2,0,256,255,250,True,TRUE,2,True,TRUE
B3,Q2,0,256,255,254,True,TRUE,4,True,TRUE
B3,Q2,0,256,255,255,True,TRUE,115,True,TRUE
B3,Q2,0,256,256,0,True,MC_UNRESOLVED,34618,True,TRUE
B3,Q2,0,256,256,1,True,TRUE,72,True,TRUE
B3,Q2,0,256,256,2,True,TRUE,24,True,TRUE
B3,Q2,0,256,256,3,True,TRUE,6,True,TRUE
B3,Q2,0,256,256,4,True,TRUE,33,True,TRUE
B3,Q2,0,256,256,8,True,TRUE,3,True,TRUE
B3,Q2,0,256,256,9,True,TRUE,15,True,TRUE
B3,Q2,0,256,256,11,True,TRUE,9,True,TRUE
B3,Q2,0,256,256,13,True,TRUE,21,True,TRUE
B3,Q2,0,256,256,14,True,TRUE,12,True,TRUE
B3,Q2,0,256,256,15,True,TRUE,12,True,TRUE
B3,Q2,0,256,256,16,True,TRUE,30,True,TRUE
B3,Q2,0,256,256,17,True,TRUE,18,True,TRUE
B3,Q2,0,256,256,18,True,TRUE,30,True,TRUE
B3,Q2,0,256,256,21,True,TRUE,30,True,TRUE
B3,Q2,0,256,256,22,True,TRUE,3,True,TRUE
B3,Q2,0,256,256,23,True,TRUE,21,True,TRUE
B3,Q2,0,256,256,24,True,TRUE,3,True,TRUE
B3,Q2,0,256,256,25,True,TRUE,33,True,TRUE
B3,Q2,0,256,256,28,True,TRUE,3,True,TRUE
B3,Q2,0,256,256,31,True,TRUE,6,True,TRUE
B3,Q2,0,256,256,32,True,TRUE,6,True,TRUE
B3,Q2,0,256,256,34,True,TRUE,6,True,TRUE
B3,Q2,0,256,256,38,True,TRUE,3,True,TRUE
B3,Q2,0,256,256,42,True,TRUE,3,True,TRUE
B3,Q2,0,256,256,43,True,TRUE,12,True,TRUE
B3,Q2,0,256,256,45,True,TRUE,18,True,TRUE
B3,Q2,0,256,256,46,True,TRUE,3,True,TRUE
B3,Q2,0,256,256,53,True,TRUE,12,True,TRUE
B3,Q2,0,256,256,55,True,TRUE,6,True,TRUE
B3,Q2,0,256,256,57,True,TRUE,12,True,TRUE
B3,Q2,0,256,256,58,True,TRUE,6,True,TRUE
B3,Q2,0,256,256,60,True,TRUE,3,True,TRUE
B3,Q2,0,256,256,62,True,TRUE,15,True,TRUE
B3,Q2,0,256,256,68,True,TRUE,12,True,TRUE
B3,Q2,0,256,256,71,True,TRUE,3,True,TRUE
B3,Q2,0,256,256,72,True,TRUE,3,True,TRUE
B3,Q2,0,256,256,105,True,TRUE,6,True,TRUE
B3,Q2,0,256,256,108,True,TRUE,3,True,TRUE
B3,Q2,0,256,256,110,True,TRUE,6,True,TRUE
B3,Q2,0,256,256,114,True,TRUE,6,True,TRUE
B3,Q2,0,256,256,117,True,TRUE,6,True,TRUE
B3,Q2,0,256,256,121,True,TRUE,3,True,TRUE
B3,Q2,0,256,256,126,True,TRUE,6,True,TRUE
B3,Q2,0,256,256,131,True,TRUE,6,True,TRUE
B3,Q2,0,256,256,133,True,TRUE,18,True,TRUE
B3,Q2,0,256,256,141,True,TRUE,48,True,TRUE
B3,Q2,0,256,256,160,True,TRUE,3,True,TRUE
B3,Q2,0,256,256,164,True,TRUE,3,True,TRUE
B3,Q2,0,256,256,168,True,TRUE,3,True,TRUE
B3,Q2,0,256,256,175,True,TRUE,3,True,TRUE
B3,Q2,0,256,256,176,True,TRUE,18,True,TRUE
B3,Q2,0,256,256,179,True,TRUE,34,True,TRUE
B3,Q2,0,256,256,183,True,TRUE,6,True,TRUE
B3,Q2,0,256,256,193,True,TRUE,18,True,TRUE
B3,Q2,0,256,256,199,True,TRUE,6,True,TRUE
B3,Q2,0,256,256,200,True,TRUE,3,True,TRUE
B3,Q2,0,256,256,203,True,TRUE,3,True,TRUE
B3,Q2,0,256,256,205,True,TRUE,3,True,TRUE
B3,Q2,0,256,256,209,True,TRUE,3,True,TRUE
B3,Q2,0,256,256,210,True,TRUE,3,True,TRUE
B3,Q2,0,256,256,212,True,TRUE,32,True,TRUE
B3,Q2,0,256,256,215,True,TRUE,36,True,TRUE
B3,Q2,0,256,256,217,True,TRUE,18,True,TRUE
B3,Q2,0,256,256,219,True,TRUE,3,True,TRUE
B3,Q2,0,256,256,225,True,TRUE,6,True,TRUE
B3,Q2,0,256,256,226,True,TRUE,6,True,TRUE
B3,Q2,0,256,256,228,True,TRUE,32,True,TRUE
B3,Q2,0,256,256,229,True,TRUE,6,True,TRUE
B3,Q2,0,256,256,230,True,TRUE,6,True,TRUE
B3,Q2,0,256,256,231,True,TRUE,12,True,TRUE
B3,Q2,0,256,256,233,True,TRUE,6,True,TRUE
B3,Q2,0,256,256,235,True,TRUE,16,True,TRUE
B3,Q2,0,256,256,236,True,TRUE,14,True,TRUE
B3,Q2,0,256,256,237,True,TRUE,12,True,TRUE
B3,Q2,0,256,256,239,True,TRUE,6,True,TRUE
B3,Q2,0,256,256,241,True,TRUE,6,True,TRUE
B3,Q2,0,256,256,244,True,TRUE,6,True,TRUE
B3,Q2,0,256,256,246,True,TRUE,16,True,TRUE
B3,Q2,0,256,256,251,True,TRUE,24,True,TRUE
B3,Q2,0,256,256,252,True,TRUE,18,True,TRUE
B3,Q2,0,256,256,253,True,TRUE,3,True,TRUE
B3,Q2,0,256,256,254,True,TRUE,6,True,TRUE
B3,Q2,0,256,256,255,True,TRUE,89,True,TRUE
B3,Q2,0,256,256,256,True,TRUE,31947,True,TRUE
B3,Q1,0.5,256,0,0,False,FALSE,16464,False,FALSE
B3,Q1,0.5,256,46,46,False,FALSE,2,False,FALSE
B3,Q1,0.5,256,47,47,False,FALSE,4,False,FALSE
B3,Q1,0.5,256,65,65,False,FALSE,2,False,FALSE
B3,Q1,0.5,256,66,66,False,FALSE,4,False,FALSE
B3,Q1,0.5,256,173,173,False,FALSE,2,False,FALSE
B3,Q1,0.5,256,177,177,False,FALSE,4,False,FALSE
B3,Q1,0.5,256,188,188,False,FALSE,2,False,FALSE
B3,Q1,0.5,256,192,192,False,FALSE,6,False,FALSE
B3,Q1,0.5,256,193,193,False,FALSE,6,False,FALSE
B3,Q1,0.5,256,194,194,False,FALSE,2,False,FALSE
B3,Q1,0.5,256,195,195,False,FALSE,2,False,FALSE
B3,Q1,0.5,256,196,196,False,FALSE,6,False,FALSE
B3,Q1,0.5,256,206,206,False,FALSE,6,False,FALSE
B3,Q1,0.5,256,216,216,False,FALSE,2,False,FALSE
B3,Q1,0.5,256,222,222,False,FALSE,2,False,FALSE
B3,Q1,0.5,256,223,223,False,FALSE,4,False,FALSE
B3,Q1,0.5,256,230,230,False,FALSE,2,False,FALSE
B3,Q1,0.5,256,231,231,False,FALSE,2,False,FALSE
B3,Q1,0.5,256,234,234,False,FALSE,4,False,FALSE
B3,Q1,0.5,256,237,237,False,FALSE,2,False,FALSE
B3,Q1,0.5,256,238,238,False,FALSE,2,False,FALSE
B3,Q1,0.5,256,242,242,False,FALSE,2,False,FALSE
B3,Q1,0.5,256,243,243,False,FALSE,2,False,FALSE
B3,Q1,0.5,256,250,250,False,FALSE,2,False,FALSE
B3,Q1,0.5,256,252,252,False,FALSE,6,False,FALSE
B3,Q1,0.5,256,253,253,False,FALSE,2,False,FALSE
B3,Q1,0.5,256,254,254,False,FALSE,8,False,FALSE
B3,Q1,0.5,256,255,255,False,FALSE,6,False,FALSE
B3,Q1,0.5,256,0,0,True,FALSE,30579,False,FALSE
B3,Q1,0.5,256,1,0,True,FALSE,12,False,FALSE
B3,Q1,0.5,256,1,1,True,FALSE,108,False,FALSE
B3,Q1,0.5,256,2,0,True,FALSE,9,False,FALSE
B3,Q1,0.5,256,2,2,True,FALSE,36,False,FALSE
B3,Q1,0.5,256,3,0,True,FALSE,3,False,FALSE
B3,Q1,0.5,256,3,3,True,FALSE,42,False,FALSE
B3,Q1,0.5,256,4,0,True,FALSE,18,False,FALSE
B3,Q1,0.5,256,4,4,True,FALSE,36,False,FALSE
B3,Q1,0.5,256,5,0,True,FALSE,15,False,FALSE
B3,Q1,0.5,256,5,5,True,FALSE,57,False,FALSE
B3,Q1,0.5,256,6,6,True,FALSE,33,False,FALSE
B3,Q1,0.5,256,7,0,True,FALSE,3,False,FALSE
B3,Q1,0.5,256,7,7,True,FALSE,30,False,FALSE
B3,Q1,0.5,256,8,8,True,FALSE,18,False,FALSE
B3,Q1,0.5,256,9,0,True,FALSE,6,False,FALSE
B3,Q1,0.5,256,9,9,True,FALSE,15,False,FALSE
B3,Q1,0.5,256,10,10,True,FALSE,12,False,FALSE
B3,Q1,0.5,256,11,11,True,FALSE,12,False,FALSE
B3,Q1,0.5,256,12,12,True,FALSE,12,False,FALSE
B3,Q1,0.5,256,13,0,True,FALSE,9,False,FALSE
B3,Q1,0.5,256,13,13,True,FALSE,27,False,FALSE
B3,Q1,0.5,256,14,14,True,FALSE,15,False,FALSE
B3,Q1,0.5,256,15,15,True,FALSE,21,False,FALSE
B3,Q1,0.5,256,16,0,True,FALSE,6,False,FALSE
B3,Q1,0.5,256,16,16,True,FALSE,6,False,FALSE
B3,Q1,0.5,256,17,0,True,FALSE,6,False,FALSE
B3,Q1,0.5,256,17,17,True,FALSE,18,False,FALSE
B3,Q1,0.5,256,18,18,True,FALSE,21,False,FALSE
B3,Q1,0.5,256,19,19,True,FALSE,12,False,FALSE
B3,Q1,0.5,256,20,20,True,FALSE,6,False,FALSE
B3,Q1,0.5,256,22,22,True,FALSE,12,False,FALSE
B3,Q1,0.5,256,24,24,True,FALSE,15,False,FALSE
B3,Q1,0.5,256,25,25,True,FALSE,15,False,FALSE
B3,Q1,0.5,256,27,0,True,FALSE,6,False,FALSE
B3,Q1,0.5,256,27,27,True,FALSE,21,False,FALSE
B3,Q1,0.5,256,28,28,True,FALSE,6,False,FALSE
B3,Q1,0.5,256,29,29,True,FALSE,12,False,FALSE
B3,Q1,0.5,256,30,30,True,FALSE,9,False,FALSE
B3,Q1,0.5,256,31,31,True,FALSE,12,False,FALSE
B3,Q1,0.5,256,33,33,True,FALSE,12,False,FALSE
B3,Q1,0.5,256,36,36,True,FALSE,3,False,FALSE
B3,Q1,0.5,256,37,37,True,FALSE,3,False,FALSE
B3,Q1,0.5,256,38,38,True,FALSE,5,False,FALSE
B3,Q1,0.5,256,39,39,True,FALSE,4,False,FALSE
B3,Q1,0.5,256,41,41,True,FALSE,18,False,FALSE
B3,Q1,0.5,256,42,42,True,FALSE,18,False,FALSE
B3,Q1,0.5,256,43,43,True,FALSE,12,False,FALSE
B3,Q1,0.5,256,44,0,True,FALSE,3,False,FALSE
B3,Q1,0.5,256,45,45,True,FALSE,12,False,FALSE
B3,Q1,0.5,256,46,0,True,FALSE,6,False,FALSE
B3,Q1,0.5,256,47,47,True,FALSE,6,False,FALSE
B3,Q1,0.5,256,48,48,True,FALSE,6,False,FALSE
B3,Q1,0.5,256,49,19,True,FALSE,6,False,FALSE
B3,Q1,0.5,256,49,49,True,FALSE,6,False,FALSE
B3,Q1,0.5,256,50,50,True,FALSE,6,False,FALSE
B3,Q1,0.5,256,51,0,True,FALSE,3,False,FALSE
B3,Q1,0.5,256,52,52,True,FALSE,6,False,FALSE
B3,Q1,0.5,256,53,53,True,FALSE,18,False,FALSE
B3,Q1,0.5,256,55,55,True,FALSE,6,False,FALSE
B3,Q1,0.5,256,57,57,True,FALSE,6,False,FALSE
B3,Q1,0.5,256,61,0,True,FALSE,6,False,FALSE
B3,Q1,0.5,256,63,63,True,FALSE,6,False,FALSE
B3,Q1,0.5,256,65,65,True,FALSE,6,False,FALSE
B3,Q1,0.5,256,66,66,True,FALSE,6,False,FALSE
B3,Q1,0.5,256,67,67,True,FALSE,6,False,FALSE
B3,Q1,0.5,256,69,0,True,FALSE,6,False,FALSE
B3,Q1,0.5,256,69,69,True,FALSE,6,False,FALSE
B3,Q1,0.5,256,70,70,True,FALSE,12,False,FALSE
B3,Q1,0.5,256,71,71,True,FALSE,6,False,FALSE
B3,Q1,0.5,256,72,72,True,FALSE,6,False,FALSE
B3,Q1,0.5,256,74,74,True,FALSE,6,False,FALSE
B3,Q1,0.5,256,75,75,True,FALSE,6,False,FALSE
B3,Q1,0.5,256,80,80,True,FALSE,6,False,FALSE
B3,Q1,0.5,256,81,0,True,FALSE,6,False,FALSE
B3,Q1,0.5,256,82,82,True,FALSE,24,False,FALSE
B3,Q1,0.5,256,83,0,True,FALSE,6,False,FALSE
B3,Q1,0.5,256,83,83,True,FALSE,6,False,FALSE
B3,Q1,0.5,256,85,44,True,FALSE,6,False,FALSE
B3,Q1,0.5,256,85,85,True,FALSE,12,False,FALSE
B3,Q1,0.5,256,86,86,True,FALSE,18,False,FALSE
B3,Q1,0.5,256,87,87,True,FALSE,18,False,FALSE
B3,Q1,0.5,256,88,0,True,FALSE,3,False,FALSE
B3,Q1,0.5,256,92,92,True,FALSE,6,False,FALSE
B3,Q1,0.5,256,93,0,True,FALSE,6,False,FALSE
B3,Q1,0.5,256,93,93,True,FALSE,6,False,FALSE
B3,Q1,0.5,256,94,94,True,FALSE,2,False,FALSE
B3,Q1,0.5,256,95,95,True,FALSE,4,False,FALSE
B3,Q1,0.5,256,96,96,True,FALSE,6,False,FALSE
B3,Q1,0.5,256,99,0,True,FALSE,6,False,FALSE
B3,Q1,0.5,256,99,99,True,FALSE,6,False,FALSE
B3,Q1,0.5,256,100,100,True,FALSE,12,False,FALSE
B3,Q1,0.5,256,102,102,True,FALSE,6,False,FALSE
B3,Q1,0.5,256,104,0,True,FALSE,6,False,FALSE
B3,Q1,0.5,256,104,104,True,FALSE,8,False,FALSE
B3,Q1,0.5,256,105,105,True,FALSE,18,False,FALSE
B3,Q1,0.5,256,106,106,True,FALSE,18,False,FALSE
B3,Q1,0.5,256,107,107,True,FALSE,8,False,FALSE
B3,Q1,0.5,256,108,0,True,FALSE,6,False,FALSE
B3,Q1,0.5,256,110,0,True,FALSE,3,False,FALSE
B3,Q1,0.5,256,110,110,True,FALSE,6,False,FALSE
B3,Q1,0.5,256,112,11,True,FALSE,6,False,FALSE
B3,Q1,0.5,256,112,112,True,FALSE,6,False,FALSE
B3,Q1,0.5,256,113,113,True,MC_UNRESOLVED,6,False,MC_UNRESOLVED
B3,Q1,0.5,256,116,0,True,MC_UNRESOLVED,12,False,MC_UNRESOLVED
B3,Q1,0.5,256,116,116,True,MC_UNRESOLVED,6,False,MC_UNRESOLVED
B3,Q1,0.5,256,118,118,True,MC_UNRESOLVED,6,False,MC_UNRESOLVED
B3,Q1,0.5,256,119,119,True,MC_UNRESOLVED,6,False,MC_UNRESOLVED
B3,Q1,0.5,256,121,121,True,MC_UNRESOLVED,6,False,MC_UNRESOLVED
B3,Q1,0.5,256,123,0,True,MC_UNRESOLVED,6,False,MC_UNRESOLVED
B3,Q1,0.5,256,123,123,True,MC_UNRESOLVED,6,False,MC_UNRESOLVED
B3,Q1,0.5,256,125,125,True,MC_UNRESOLVED,2,False,MC_UNRESOLVED
B3,Q1,0.5,256,133,133,True,MC_UNRESOLVED,12,True,MC_UNRESOLVED
B3,Q1,0.5,256,137,0,True,MC_UNRESOLVED,6,True,MC_UNRESOLVED
B3,Q1,0.5,256,138,138,True,MC_UNRESOLVED,6,True,MC_UNRESOLVED
B3,Q1,0.5,256,147,147,True,TRUE,6,True,TRUE
B3,Q1,0.5,256,150,150,True,TRUE,6,True,TRUE
B3,Q1,0.5,256,151,20,True,TRUE,6,True,TRUE
B3,Q1,0.5,256,151,151,True,TRUE,6,True,TRUE
B3,Q1,0.5,256,152,0,True,TRUE,6,True,TRUE
B3,Q1,0.5,256,154,0,True,TRUE,6,True,TRUE
B3,Q1,0.5,256,155,155,True,TRUE,9,True,TRUE
B3,Q1,0.5,256,156,0,True,TRUE,3,True,TRUE
B3,Q1,0.5,256,158,158,True,TRUE,6,True,TRUE
B3,Q1,0.5,256,159,159,True,TRUE,8,True,TRUE
B3,Q1,0.5,256,162,0,True,TRUE,3,True,TRUE
B3,Q1,0.5,256,162,162,True,TRUE,3,True,TRUE
B3,Q1,0.5,256,163,0,True,TRUE,3,True,TRUE
B3,Q1,0.5,256,165,0,True,TRUE,3,True,TRUE
B3,Q1,0.5,256,165,165,True,TRUE,2,True,TRUE
B3,Q1,0.5,256,167,167,True,TRUE,6,True,TRUE
B3,Q1,0.5,256,170,0,True,TRUE,6,True,TRUE
B3,Q1,0.5,256,170,170,True,TRUE,2,True,TRUE
B3,Q1,0.5,256,173,173,True,TRUE,6,True,TRUE
B3,Q1,0.5,256,174,174,True,TRUE,6,True,TRUE
B3,Q1,0.5,256,175,175,True,TRUE,6,True,TRUE
B3,Q1,0.5,256,178,178,True,TRUE,6,True,TRUE
B3,Q1,0.5,256,179,179,True,TRUE,4,True,TRUE
B3,Q1,0.5,256,181,181,True,TRUE,12,True,TRUE
B3,Q1,0.5,256,182,182,True,TRUE,6,True,TRUE
B3,Q1,0.5,256,183,0,True,TRUE,3,True,TRUE
B3,Q1,0.5,256,183,183,True,TRUE,8,True,TRUE
B3,Q1,0.5,256,185,185,True,TRUE,6,True,TRUE
B3,Q1,0.5,256,189,189,True,TRUE,6,True,TRUE
B3,Q1,0.5,256,192,192,True,TRUE,6,True,TRUE
B3,Q1,0.5,256,195,195,True,TRUE,6,True,TRUE
B3,Q1,0.5,256,196,196,True,TRUE,2,True,TRUE
B3,Q1,0.5,256,200,200,True,TRUE,2,True,TRUE
B3,Q1,0.5,256,207,0,True,TRUE,6,True,TRUE
B3,Q1,0.5,256,207,207,True,TRUE,10,True,TRUE
B3,Q1,0.5,256,208,0,True,TRUE,3,True,TRUE
B3,Q1,0.5,256,208,208,True,TRUE,8,True,TRUE
B3,Q1,0.5,256,209,209,True,TRUE,2,True,TRUE
B3,Q1,0.5,256,210,210,True,TRUE,6,True,TRUE
B3,Q1,0.5,256,211,0,True,TRUE,6,True,TRUE
B3,Q1,0.5,256,213,213,True,TRUE,6,True,TRUE
B3,Q1,0.5,256,214,214,True,TRUE,6,True,TRUE
B3,Q1,0.5,256,215,215,True,TRUE,6,True,TRUE
B3,Q1,0.5,256,218,218,True,TRUE,6,True,TRUE
B3,Q1,0.5,256,219,219,True,TRUE,6,True,TRUE
B3,Q1,0.5,256,221,221,True,TRUE,2,True,TRUE
B3,Q1,0.5,256,223,223,True,TRUE,6,True,TRUE
B3,Q1,0.5,256,225,225,True,TRUE,2,True,TRUE
B3,Q1,0.5,256,226,226,True,TRUE,2,True,TRUE
B3,Q1,0.5,256,228,228,True,TRUE,12,True,TRUE
B3,Q1,0.5,256,230,230,True,TRUE,18,True,TRUE
B3,Q1,0.5,256,232,232,True,TRUE,14,True,TRUE
B3,Q1,0.5,256,233,233,True,TRUE,12,True,TRUE
B3,Q1,0.5,256,234,234,True,TRUE,20,True,TRUE
B3,Q1,0.5,256,235,235,True,TRUE,12,True,TRUE
B3,Q1,0.5,256,236,236,True,TRUE,8,True,TRUE
B3,Q1,0.5,256,237,237,True,TRUE,4,True,TRUE
B3,Q1,0.5,256,238,238,True,TRUE,2,True,TRUE
B3,Q1,0.5,256,243,0,True,TRUE,6,True,TRUE
B3,Q1,0.5,256,243,243,True,TRUE,6,True,TRUE
B3,Q1,0.5,256,244,244,True,TRUE,9,True,TRUE
B3,Q1,0.5,256,245,245,True,TRUE,6,True,TRUE
B3,Q1,0.5,256,246,246,True,TRUE,13,True,TRUE
B3,Q1,0.5,256,247,0,True,TRUE,3,True,TRUE
B3,Q1,0.5,256,247,247,True,TRUE,6,True,TRUE
B3,Q1,0.5,256,248,0,True,TRUE,9,True,TRUE
B3,Q1,0.5,256,248,248,True,TRUE,4,True,TRUE
B3,Q1,0.5,256,249,0,True,TRUE,6,True,TRUE
B3,Q1,0.5,256,249,249,True,TRUE,2,True,TRUE
B3,Q1,0.5,256,250,250,True,TRUE,8,True,TRUE
B3,Q1,0.5,256,251,0,True,TRUE,6,True,TRUE
B3,Q1,0.5,256,251,251,True,TRUE,20,True,TRUE
B3,Q1,0.5,256,252,0,True,TRUE,3,True,TRUE
B3,Q1,0.5,256,252,252,True,TRUE,14,True,TRUE
B3,Q1,0.5,256,253,253,True,TRUE,28,True,TRUE
B3,Q1,0.5,256,254,0,True,TRUE,3,True,TRUE
B3,Q1,0.5,256,254,254,True,TRUE,42,True,TRUE
B3,Q1,0.5,256,255,0,True,TRUE,3,True,TRUE
B3,Q1,0.5,256,255,255,True,TRUE,109,True,TRUE
B3,Q1,0.5,256,256,0,True,TRUE,2178,True,TRUE
B3,Q1,0.5,256,256,1,True,TRUE,18,True,TRUE
B3,Q1,0.5,256,256,2,True,TRUE,24,True,TRUE
B3,Q1,0.5,256,256,3,True,TRUE,6,True,TRUE
B3,Q1,0.5,256,256,4,True,TRUE,15,True,TRUE
B3,Q1,0.5,256,256,8,True,TRUE,3,True,TRUE
B3,Q1,0.5,256,256,9,True,TRUE,3,True,TRUE
B3,Q1,0.5,256,256,11,True,TRUE,9,True,TRUE
B3,Q1,0.5,256,256,13,True,TRUE,3,True,TRUE
B3,Q1,0.5,256,256,22,True,TRUE,3,True,TRUE
B3,Q1,0.5,256,256,23,True,TRUE,9,True,TRUE
B3,Q1,0.5,256,256,24,True,TRUE,3,True,TRUE
B3,Q1,0.5,256,256,25,True,TRUE,3,True,TRUE
B3,Q1,0.5,256,256,28,True,TRUE,3,True,TRUE
B3,Q1,0.5,256,256,31,True,TRUE,6,True,TRUE
B3,Q1,0.5,256,256,32,True,TRUE,6,True,TRUE
B3,Q1,0.5,256,256,34,True,TRUE,6,True,TRUE
B3,Q1,0.5,256,256,38,True,TRUE,3,True,TRUE
B3,Q1,0.5,256,256,42,True,TRUE,3,True,TRUE
B3,Q1,0.5,256,256,43,True,TRUE,12,True,TRUE
B3,Q1,0.5,256,256,45,True,TRUE,18,True,TRUE
B3,Q1,0.5,256,256,46,True,TRUE,3,True,TRUE
B3,Q1,0.5,256,256,55,True,TRUE,6,True,TRUE
B3,Q1,0.5,256,256,58,True,TRUE,6,True,TRUE
B3,Q1,0.5,256,256,60,True,TRUE,3,True,TRUE
B3,Q1,0.5,256,256,62,True,TRUE,3,True,TRUE
B3,Q1,0.5,256,256,71,True,TRUE,3,True,TRUE
B3,Q1,0.5,256,256,72,True,TRUE,3,True,TRUE
B3,Q1,0.5,256,256,105,True,TRUE,6,True,TRUE
B3,Q1,0.5,256,256,108,True,TRUE,3,True,TRUE
B3,Q1,0.5,256,256,110,True,TRUE,6,True,TRUE
B3,Q1,0.5,256,256,114,True,TRUE,6,True,TRUE
B3,Q1,0.5,256,256,117,True,TRUE,6,True,TRUE
B3,Q1,0.5,256,256,121,True,TRUE,3,True,TRUE
B3,Q1,0.5,256,256,126,True,TRUE,6,True,TRUE
B3,Q1,0.5,256,256,131,True,TRUE,6,True,TRUE
B3,Q1,0.5,256,256,160,True,TRUE,3,True,TRUE
B3,Q1,0.5,256,256,164,True,TRUE,3,True,TRUE
B3,Q1,0.5,256,256,168,True,TRUE,3,True,TRUE
B3,Q1,0.5,256,256,175,True,TRUE,3,True,TRUE
B3,Q1,0.5,256,256,183,True,TRUE,6,True,TRUE
B3,Q1,0.5,256,256,199,True,TRUE,6,True,TRUE
B3,Q1,0.5,256,256,200,True,TRUE,3,True,TRUE
B3,Q1,0.5,256,256,203,True,TRUE,3,True,TRUE
B3,Q1,0.5,256,256,205,True,TRUE,3,True,TRUE
B3,Q1,0.5,256,256,209,True,TRUE,3,True,TRUE
B3,Q1,0.5,256,256,210,True,TRUE,3,True,TRUE
B3,Q1,0.5,256,256,219,True,TRUE,3,True,TRUE
B3,Q1,0.5,256,256,225,True,TRUE,6,True,TRUE
B3,Q1,0.5,256,256,226,True,TRUE,6,True,TRUE
B3,Q1,0.5,256,256,229,True,TRUE,6,True,TRUE
B3,Q1,0.5,256,256,230,True,TRUE,6,True,TRUE
B3,Q1,0.5,256,256,231,True,TRUE,12,True,TRUE
B3,Q1,0.5,256,256,233,True,TRUE,6,True,TRUE
B3,Q1,0.5,256,256,237,True,TRUE,12,True,TRUE
B3,Q1,0.5,256,256,239,True,TRUE,6,True,TRUE
B3,Q1,0.5,256,256,241,True,TRUE,6,True,TRUE
B3,Q1,0.5,256,256,244,True,TRUE,6,True,TRUE
B3,Q1,0.5,256,256,252,True,TRUE,6,True,TRUE
B3,Q1,0.5,256,256,253,True,TRUE,3,True,TRUE
B3,Q1,0.5,256,256,254,True,TRUE,6,True,TRUE
B3,Q1,0.5,256,256,255,True,TRUE,27,True,TRUE
B3,Q1,0.5,256,256,256,True,TRUE,31275,True,TRUE
B3,Q2,0.5,256,0,0,False,FALSE,32928,False,FALSE
B3,Q2,0.5,256,46,46,False,FALSE,4,False,FALSE
B3,Q2,0.5,256,47,47,False,FALSE,8,False,FALSE
B3,Q2,0.5,256,65,65,False,FALSE,4,False,FALSE
B3,Q2,0.5,256,66,66,False,FALSE,8,False,FALSE
B3,Q2,0.5,256,173,173,False,FALSE,4,False,FALSE
B3,Q2,0.5,256,177,177,False,FALSE,8,False,FALSE
B3,Q2,0.5,256,188,188,False,FALSE,4,False,FALSE
B3,Q2,0.5,256,192,13,False,FALSE,4,False,FALSE
B3,Q2,0.5,256,192,40,False,FALSE,2,False,FALSE
B3,Q2,0.5,256,192,192,False,FALSE,6,False,FALSE
B3,Q2,0.5,256,193,193,False,FALSE,12,False,FALSE
B3,Q2,0.5,256,194,194,False,FALSE,4,False,FALSE
B3,Q2,0.5,256,195,195,False,FALSE,4,False,FALSE
B3,Q2,0.5,256,196,196,False,FALSE,12,False,FALSE
B3,Q2,0.5,256,206,17,False,FALSE,2,False,FALSE
B3,Q2,0.5,256,206,19,False,FALSE,2,False,FALSE
B3,Q2,0.5,256,206,60,False,FALSE,2,False,FALSE
B3,Q2,0.5,256,206,206,False,FALSE,6,False,FALSE
B3,Q2,0.5,256,216,216,False,FALSE,4,False,FALSE
B3,Q2,0.5,256,222,222,False,FALSE,4,False,FALSE
B3,Q2,0.5,256,223,223,False,FALSE,8,False,FALSE
B3,Q2,0.5,256,230,230,False,FALSE,4,False,FALSE
B3,Q2,0.5,256,231,231,False,FALSE,4,False,FALSE
B3,Q2,0.5,256,234,234,False,FALSE,8,False,FALSE
B3,Q2,0.5,256,237,237,False,FALSE,4,False,FALSE
B3,Q2,0.5,256,238,238,False,FALSE,4,False,FALSE
B3,Q2,0.5,256,242,242,False,FALSE,4,False,FALSE
B3,Q2,0.5,256,243,243,False,FALSE,4,False,FALSE
B3,Q2,0.5,256,250,250,False,FALSE,4,False,FALSE
B3,Q2,0.5,256,252,252,False,FALSE,12,False,FALSE
B3,Q2,0.5,256,253,15,False,FALSE,2,False,FALSE
B3,Q2,0.5,256,253,253,False,FALSE,2,False,FALSE
B3,Q2,0.5,256,254,17,False,FALSE,2,False,FALSE
B3,Q2,0.5,256,254,52,False,FALSE,2,False,FALSE
B3,Q2,0.5,256,254,254,False,FALSE,12,False,FALSE
B3,Q2,0.5,256,255,23,False,FALSE,2,False,FALSE
B3,Q2,0.5,256,255,25,False,FALSE,2,False,FALSE
B3,Q2,0.5,256,255,68,False,FALSE,2,False,FALSE
B3,Q2,0.5,256,255,255,False,FALSE,6,False,FALSE
B3,Q2,0.5,256,0,0,True,FALSE,61158,False,FALSE
B3,Q2,0.5,256,1,0,True,FALSE,132,False,FALSE
B3,Q2,0.5,256,1,1,True,FALSE,108,False,FALSE
B3,Q2,0.5,256,2,0,True,FALSE,54,False,FALSE
B3,Q2,0.5,256,2,2,True,FALSE,36,False,FALSE
B3,Q2,0.5,256,3,0,True,FALSE,48,False,FALSE
B3,Q2,0.5,256,3,3,True,FALSE,42,False,FALSE
B3,Q2,0.5,256,4,0,True,FALSE,72,False,FALSE
B3,Q2,0.5,256,4,4,True,FALSE,36,False,FALSE
B3,Q2,0.5,256,5,0,True,FALSE,87,False,FALSE
B3,Q2,0.5,256,5,5,True,FALSE,57,False,FALSE
B3,Q2,0.5,256,6,0,True,FALSE,33,False,FALSE
B3,Q2,0.5,256,6,6,True,FALSE,33,False,FALSE
B3,Q2,0.5,256,7,0,True,FALSE,36,False,FALSE
B3,Q2,0.5,256,7,7,True,FALSE,30,False,FALSE
B3,Q2,0.5,256,8,0,True,FALSE,18,False,FALSE
B3,Q2,0.5,256,8,8,True,FALSE,18,False,FALSE
B3,Q2,0.5,256,9,0,True,FALSE,27,False,FALSE
B3,Q2,0.5,256,9,9,True,FALSE,15,False,FALSE
B3,Q2,0.5,256,10,0,True,FALSE,12,False,FALSE
B3,Q2,0.5,256,10,10,True,FALSE,12,False,FALSE
B3,Q2,0.5,256,11,0,True,FALSE,12,False,FALSE
B3,Q2,0.5,256,11,11,True,FALSE,12,False,FALSE
B3,Q2,0.5,256,12,0,True,FALSE,12,False,FALSE
B3,Q2,0.5,256,12,12,True,FALSE,12,False,FALSE
B3,Q2,0.5,256,13,0,True,FALSE,45,False,FALSE
B3,Q2,0.5,256,13,13,True,FALSE,27,False,FALSE
B3,Q2,0.5,256,14,0,True,FALSE,15,False,FALSE
B3,Q2,0.5,256,14,14,True,FALSE,15,False,FALSE
B3,Q2,0.5,256,15,0,True,FALSE,21,False,FALSE
B3,Q2,0.5,256,15,15,True,FALSE,21,False,FALSE
B3,Q2,0.5,256,16,0,True,FALSE,18,False,FALSE
B3,Q2,0.5,256,16,16,True,FALSE,6,False,FALSE
B3,Q2,0.5,256,17,0,True,FALSE,30,False,FALSE
B3,Q2,0.5,256,17,17,True,FALSE,18,False,FALSE
B3,Q2,0.5,256,18,0,True,FALSE,21,False,FALSE
B3,Q2,0.5,256,18,18,True,FALSE,21,False,FALSE
B3,Q2,0.5,256,19,0,True,FALSE,12,False,FALSE
B3,Q2,0.5,256,19,19,True,FALSE,12,False,FALSE
B3,Q2,0.5,256,20,0,True,FALSE,6,False,FALSE
B3,Q2,0.5,256,20,20,True,FALSE,6,False,FALSE
B3,Q2,0.5,256,22,0,True,FALSE,12,False,FALSE
B3,Q2,0.5,256,22,22,True,FALSE,12,False,FALSE
B3,Q2,0.5,256,24,0,True,FALSE,15,False,FALSE
B3,Q2,0.5,256,24,24,True,FALSE,15,False,FALSE
B3,Q2,0.5,256,25,0,True,FALSE,15,False,FALSE
B3,Q2,0.5,256,25,25,True,FALSE,15,False,FALSE
B3,Q2,0.5,256,27,0,True,FALSE,33,False,FALSE
B3,Q2,0.5,256,27,27,True,FALSE,21,False,FALSE
B3,Q2,0.5,256,28,0,True,FALSE,6,False,FALSE
B3,Q2,0.5,256,28,28,True,FALSE,6,False,FALSE
B3,Q2,0.5,256,29,0,True,FALSE,12,False,FALSE
B3,Q2,0.5,256,29,29,True,FALSE,12,False,FALSE
B3,Q2,0.5,256,30,0,True,FALSE,9,False,FALSE
B3,Q2,0.5,256,30,30,True,FALSE,9,False,FALSE
B3,Q2,0.5,256,31,0,True,FALSE,12,False,FALSE
B3,Q2,0.5,256,31,31,True,FALSE,12,False,FALSE
B3,Q2,0.5,256,33,0,True,FALSE,12,False,FALSE
B3,Q2,0.5,256,33,33,True,FALSE,12,False,FALSE
B3,Q2,0.5,256,36,0,True,FALSE,3,False,FALSE
B3,Q2,0.5,256,36,36,True,FALSE,3,False,FALSE
B3,Q2,0.5,256,37,0,True,FALSE,3,False,FALSE
B3,Q2,0.5,256,37,37,True,FALSE,3,False,FALSE
B3,Q2,0.5,256,38,0,True,FALSE,5,False,FALSE
B3,Q2,0.5,256,38,38,True,FALSE,5,False,FALSE
B3,Q2,0.5,256,39,0,True,FALSE,4,False,FALSE
B3,Q2,0.5,256,39,39,True,FALSE,4,False,FALSE
B3,Q2,0.5,256,41,0,True,FALSE,18,False,FALSE
B3,Q2,0.5,256,41,41,True,FALSE,18,False,FALSE
B3,Q2,0.5,256,42,0,True,FALSE,18,False,FALSE
B3,Q2,0.5,256,42,42,True,FALSE,18,False,FALSE
B3,Q2,0.5,256,43,0,True,FALSE,12,False,FALSE
B3,Q2,0.5,256,43,43,True,FALSE,12,False,FALSE
B3,Q2,0.5,256,44,0,True,FALSE,6,False,FALSE
B3,Q2,0.5,256,45,0,True,FALSE,12,False,FALSE
B3,Q2,0.5,256,45,45,True,FALSE,12,False,FALSE
B3,Q2,0.5,256,46,0,True,FALSE,12,False,FALSE
B3,Q2,0.5,256,47,0,True,FALSE,6,False,FALSE
B3,Q2,0.5,256,47,47,True,FALSE,6,False,FALSE
B3,Q2,0.5,256,48,0,True,FALSE,6,False,FALSE
B3,Q2,0.5,256,48,48,True,FALSE,6,False,FALSE
B3,Q2,0.5,256,49,0,True,FALSE,12,False,FALSE
B3,Q2,0.5,256,49,19,True,FALSE,6,False,FALSE
B3,Q2,0.5,256,49,49,True,FALSE,6,False,FALSE
B3,Q2,0.5,256,50,0,True,FALSE,6,False,FALSE
B3,Q2,0.5,256,50,50,True,FALSE,6,False,FALSE
B3,Q2,0.5,256,51,0,True,FALSE,6,False,FALSE
B3,Q2,0.5,256,52,0,True,FALSE,6,False,FALSE
B3,Q2,0.5,256,52,52,True,FALSE,6,False,FALSE
B3,Q2,0.5,256,53,0,True,FALSE,18,False,FALSE
B3,Q2,0.5,256,53,53,True,FALSE,18,False,FALSE
B3,Q2,0.5,256,55,0,True,FALSE,6,False,FALSE
B3,Q2,0.5,256,55,55,True,FALSE,6,False,FALSE
B3,Q2,0.5,256,57,0,True,FALSE,6,False,FALSE
B3,Q2,0.5,256,57,57,True,FALSE,6,False,FALSE
B3,Q2,0.5,256,61,0,True,FALSE,12,False,FALSE
B3,Q2,0.5,256,63,0,True,FALSE,6,False,FALSE
B3,Q2,0.5,256,63,63,True,FALSE,6,False,FALSE
B3,Q2,0.5,256,65,0,True,FALSE,6,False,FALSE
B3,Q2,0.5,256,65,65,True,FALSE,6,False,FALSE
B3,Q2,0.5,256,66,0,True,FALSE,6,False,FALSE
B3,Q2,0.5,256,66,66,True,FALSE,6,False,FALSE
B3,Q2,0.5,256,67,0,True,FALSE,6,False,FALSE
B3,Q2,0.5,256,67,67,True,FALSE,6,False,FALSE
B3,Q2,0.5,256,69,0,True,FALSE,18,False,FALSE
B3,Q2,0.5,256,69,69,True,FALSE,6,False,FALSE
B3,Q2,0.5,256,70,0,True,FALSE,12,False,FALSE
B3,Q2,0.5,256,70,70,True,FALSE,12,False,FALSE
B3,Q2,0.5,256,71,0,True,FALSE,6,False,FALSE
B3,Q2,0.5,256,71,71,True,FALSE,6,False,FALSE
B3,Q2,0.5,256,72,0,True,FALSE,6,False,FALSE
B3,Q2,0.5,256,72,72,True,FALSE,6,False,FALSE
B3,Q2,0.5,256,74,0,True,FALSE,6,False,FALSE
B3,Q2,0.5,256,74,74,True,FALSE,6,False,FALSE
B3,Q2,0.5,256,75,0,True,FALSE,6,False,FALSE
B3,Q2,0.5,256,75,75,True,FALSE,6,False,FALSE
B3,Q2,0.5,256,80,0,True,FALSE,6,False,FALSE
B3,Q2,0.5,256,80,80,True,FALSE,6,False,FALSE
B3,Q2,0.5,256,81,0,True,FALSE,12,False,FALSE
B3,Q2,0.5,256,82,0,True,FALSE,24,False,FALSE
B3,Q2,0.5,256,82,82,True,FALSE,24,False,FALSE
B3,Q2,0.5,256,83,0,True,FALSE,18,False,FALSE
B3,Q2,0.5,256,83,83,True,FALSE,6,False,FALSE
B3,Q2,0.5,256,85,0,True,FALSE,18,False,FALSE
B3,Q2,0.5,256,85,44,True,FALSE,6,False,FALSE
B3,Q2,0.5,256,85,85,True,FALSE,12,False,FALSE
B3,Q2,0.5,256,86,0,True,FALSE,18,False,FALSE
B3,Q2,0.5,256,86,86,True,FALSE,18,False,FALSE
B3,Q2,0.5,256,87,0,True,FALSE,18,False,FALSE
B3,Q2,0.5,256,87,87,True,FALSE,18,False,FALSE
B3,Q2,0.5,256,88,0,True,FALSE,6,False,FALSE
B3,Q2,0.5,256,92,0,True,FALSE,6,False,FALSE
B3,Q2,0.5,256,92,92,True,FALSE,6,False,FALSE
B3,Q2,0.5,256,93,0,True,FALSE,18,False,FALSE
B3,Q2,0.5,256,93,93,True,FALSE,6,False,FALSE
B3,Q2,0.5,256,94,0,True,FALSE,2,False,FALSE
B3,Q2,0.5,256,94,94,True,FALSE,2,False,FALSE
B3,Q2,0.5,256,95,0,True,FALSE,4,False,FALSE
B3,Q2,0.5,256,95,95,True,FALSE,4,False,FALSE
B3,Q2,0.5,256,96,0,True,FALSE,6,False,FALSE
B3,Q2,0.5,256,96,96,True,FALSE,6,False,FALSE
B3,Q2,0.5,256,99,0,True,FALSE,18,False,FALSE
B3,Q2,0.5,256,99,99,True,FALSE,6,False,FALSE
B3,Q2,0.5,256,100,0,True,FALSE,12,False,FALSE
B3,Q2,0.5,256,100,100,True,FALSE,12,False,FALSE
B3,Q2,0.5,256,102,0,True,FALSE,6,False,FALSE
B3,Q2,0.5,256,102,102,True,FALSE,6,False,FALSE
B3,Q2,0.5,256,104,0,True,FALSE,18,False,FALSE
B3,Q2,0.5,256,104,104,True,FALSE,10,False,FALSE
B3,Q2,0.5,256,105,0,True,FALSE,18,False,FALSE
B3,Q2,0.5,256,105,105,True,FALSE,18,False,FALSE
B3,Q2,0.5,256,106,0,True,FALSE,18,False,FALSE
B3,Q2,0.5,256,106,106,True,FALSE,18,False,FALSE
B3,Q2,0.5,256,107,0,True,FALSE,6,False,FALSE
B3,Q2,0.5,256,107,107,True,FALSE,10,False,FALSE
B3,Q2,0.5,256,108,0,True,FALSE,12,False,FALSE
B3,Q2,0.5,256,110,0,True,FALSE,12,False,FALSE
B3,Q2,0.5,256,110,110,True,FALSE,6,False,FALSE
B3,Q2,0.5,256,112,0,True,FALSE,12,False,FALSE
B3,Q2,0.5,256,112,11,True,FALSE,6,False,FALSE
B3,Q2,0.5,256,112,112,True,MC_UNRESOLVED,6,False,MC_UNRESOLVED
B3,Q2,0.5,256,113,0,True,FALSE,6,False,FALSE
B3,Q2,0.5,256,113,113,True,MC_UNRESOLVED,6,False,MC_UNRESOLVED
B3,Q2,0.5,256,116,0,True,FALSE,30,False,FALSE
B3,Q2,0.5,256,116,116,True,MC_UNRESOLVED,6,False,MC_UNRESOLVED
B3,Q2,0.5,256,118,0,True,FALSE,6,False,FALSE
B3,Q2,0.5,256,118,118,True,MC_UNRESOLVED,6,False,MC_UNRESOLVED
B3,Q2,0.5,256,119,0,True,FALSE,6,False,FALSE
B3,Q2,0.5,256,119,119,True,MC_UNRESOLVED,6,False,MC_UNRESOLVED
B3,Q2,0.5,256,121,0,True,FALSE,6,False,FALSE
B3,Q2,0.5,256,121,121,True,MC_UNRESOLVED,6,False,MC_UNRESOLVED
B3,Q2,0.5,256,123,0,True,FALSE,18,False,FALSE
B3,Q2,0.5,256,123,123,True,MC_UNRESOLVED,6,False,MC_UNRESOLVED
B3,Q2,0.5,256,125,125,True,MC_UNRESOLVED,4,False,MC_UNRESOLVED
B3,Q2,0.5,256,133,0,True,FALSE,12,False,FALSE
B3,Q2,0.5,256,133,133,True,MC_UNRESOLVED,12,True,MC_UNRESOLVED
B3,Q2,0.5,256,137,0,True,FALSE,12,False,FALSE
B3,Q2,0.5,256,138,0,True,FALSE,6,False,FALSE
B3,Q2,0.5,256,138,138,True,MC_UNRESOLVED,6,True,MC_UNRESOLVED
B3,Q2,0.5,256,147,0,True,FALSE,6,False,FALSE
B3,Q2,0.5,256,147,147,True,TRUE,6,True,TRUE
B3,Q2,0.5,256,150,0,True,FALSE,6,False,FALSE
B3,Q2,0.5,256,150,150,True,TRUE,6,True,TRUE
B3,Q2,0.5,256,151,0,True,FALSE,12,False,FALSE
B3,Q2,0.5,256,151,20,True,FALSE,6,False,FALSE
B3,Q2,0.5,256,151,151,True,TRUE,6,True,TRUE
B3,Q2,0.5,256,152,0,True,FALSE,12,False,FALSE
B3,Q2,0.5,256,154,0,True,FALSE,12,False,FALSE
B3,Q2,0.5,256,155,0,True,FALSE,9,False,FALSE
B3,Q2,0.5,256,155,155,True,TRUE,9,True,TRUE
B3,Q2,0.5,256,156,0,True,FALSE,6,False,FALSE
B3,Q2,0.5,256,158,0,True,FALSE,6,False,FALSE
B3,Q2,0.5,256,158,158,True,TRUE,6,True,TRUE
B3,Q2,0.5,256,159,0,True,FALSE,6,False,FALSE
B3,Q2,0.5,256,159,159,True,TRUE,10,True,TRUE
B3,Q2,0.5,256,162,0,True,FALSE,9,False,FALSE
B3,Q2,0.5,256,162,162,True,TRUE,3,True,TRUE
B3,Q2,0.5,256,163,0,True,FALSE,6,False,FALSE
B3,Q2,0.5,256,165,0,True,FALSE,6,False,FALSE
B3,Q2,0.5,256,165,165,True,TRUE,4,True,TRUE
B3,Q2,0.5,256,167,0,True,FALSE,6,False,FALSE
B3,Q2,0.5,256,167,167,True,TRUE,6,True,TRUE
B3,Q2,0.5,256,170,0,True,FALSE,12,False,FALSE
B3,Q2,0.5,256,170,170,True,TRUE,4,True,TRUE
B3,Q2,0.5,256,173,0,True,FALSE,6,False,FALSE
B3,Q2,0.5,256,173,173,True,TRUE,6,True,TRUE
B3,Q2,0.5,256,174,0,True,FALSE,6,False,FALSE
B3,Q2,0.5,256,174,174,True,TRUE,6,True,TRUE
B3,Q2,0.5,256,175,0,True,FALSE,6,False,FALSE
B3,Q2,0.5,256,175,175,True,TRUE,6,True,TRUE
B3,Q2,0.5,256,178,0,True,FALSE,6,False,FALSE
B3,Q2,0.5,256,178,178,True,TRUE,6,True,TRUE
B3,Q2,0.5,256,179,179,True,TRUE,8,True,TRUE
B3,Q2,0.5,256,181,0,True,FALSE,12,False,FALSE
B3,Q2,0.5,256,181,181,True,TRUE,12,True,TRUE
B3,Q2,0.5,256,182,0,True,FALSE,6,False,FALSE
B3,Q2,0.5,256,182,182,True,TRUE,6,True,TRUE
B3,Q2,0.5,256,183,0,True,FALSE,12,False,FALSE
B3,Q2,0.5,256,183,183,True,TRUE,10,True,TRUE
B3,Q2,0.5,256,185,0,True,FALSE,6,False,FALSE
B3,Q2,0.5,256,185,185,True,TRUE,6,True,TRUE
B3,Q2,0.5,256,189,0,True,FALSE,6,False,FALSE
B3,Q2,0.5,256,189,189,True,TRUE,6,True,TRUE
B3,Q2,0.5,256,192,0,True,FALSE,6,False,FALSE
B3,Q2,0.5,256,192,192,True,TRUE,6,True,TRUE
B3,Q2,0.5,256,195,0,True,FALSE,6,False,FALSE
B3,Q2,0.5,256,195,195,True,TRUE,6,True,TRUE
B3,Q2,0.5,256,196,196,True,TRUE,4,True,TRUE
B3,Q2,0.5,256,200,200,True,TRUE,4,True,TRUE
B3,Q2,0.5,256,207,0,True,FALSE,18,False,FALSE
B3,Q2,0.5,256,207,207,True,TRUE,14,True,TRUE
B3,Q2,0.5,256,208,0,True,FALSE,12,False,FALSE
B3,Q2,0.5,256,208,208,True,TRUE,10,True,TRUE
B3,Q2,0.5,256,209,209,True,TRUE,4,True,TRUE
B3,Q2,0.5,256,210,0,True,FALSE,6,False,FALSE
B3,Q2,0.5,256,210,210,True,TRUE,6,True,TRUE
B3,Q2,0.5,256,211,0,True,FALSE,12,False,FALSE
B3,Q2,0.5,256,213,0,True,FALSE,6,False,FALSE
B3,Q2,0.5,256,213,213,True,TRUE,6,True,TRUE
B3,Q2,0.5,256,214,0,True,FALSE,6,False,FALSE
B3,Q2,0.5,256,214,214,True,TRUE,6,True,TRUE
B3,Q2,0.5,256,215,0,True,FALSE,6,False,FALSE
B3,Q2,0.5,256,215,215,True,TRUE,6,True,TRUE
B3,Q2,0.5,256,218,0,True,FALSE,6,False,FALSE
B3,Q2,0.5,256,218,218,True,TRUE,6,True,TRUE
B3,Q2,0.5,256,219,0,True,FALSE,6,False,FALSE
B3,Q2,0.5,256,219,219,True,TRUE,6,True,TRUE
B3,Q2,0.5,256,221,221,True,TRUE,4,True,TRUE
B3,Q2,0.5,256,223,0,True,FALSE,6,False,FALSE
B3,Q2,0.5,256,223,223,True,TRUE,6,True,TRUE
B3,Q2,0.5,256,225,220,True,TRUE,2,True,TRUE
B3,Q2,0.5,256,225,225,True,TRUE,2,True,TRUE
B3,Q2,0.5,256,226,226,True,TRUE,4,True,TRUE
B3,Q2,0.5,256,228,0,True,FALSE,12,False,FALSE
B3,Q2,0.5,256,228,228,True,TRUE,12,True,TRUE
B3,Q2,0.5,256,230,0,True,FALSE,18,False,FALSE
B3,Q2,0.5,256,230,230,True,TRUE,18,True,TRUE
B3,Q2,0.5,256,232,0,True,FALSE,12,False,FALSE
B3,Q2,0.5,256,232,229,True,TRUE,2,True,TRUE
B3,Q2,0.5,256,232,232,True,TRUE,14,True,TRUE
B3,Q2,0.5,256,233,0,True,FALSE,12,False,FALSE
B3,Q2,0.5,256,233,233,True,TRUE,12,True,TRUE
B3,Q2,0.5,256,234,0,True,FALSE,18,False,FALSE
B3,Q2,0.5,256,234,234,True,TRUE,22,True,TRUE
B3,Q2,0.5,256,235,0,True,FALSE,12,False,FALSE
B3,Q2,0.5,256,235,235,True,TRUE,12,True,TRUE
B3,Q2,0.5,256,236,0,True,FALSE,6,False,FALSE
B3,Q2,0.5,256,236,231,True,TRUE,2,True,TRUE
B3,Q2,0.5,256,236,236,True,TRUE,8,True,TRUE
B3,Q2,0.5,256,237,237,True,TRUE,8,True,TRUE
B3,Q2,0.5,256,238,237,True,TRUE,2,True,TRUE
B3,Q2,0.5,256,238,238,True,TRUE,2,True,TRUE
B3,Q2,0.5,256,243,0,True,FALSE,18,False,FALSE
B3,Q2,0.5,256,243,243,True,TRUE,6,True,TRUE
B3,Q2,0.5,256,244,0,True,FALSE,9,False,FALSE
B3,Q2,0.5,256,244,244,True,TRUE,9,True,TRUE
B3,Q2,0.5,256,245,0,True,FALSE,6,False,FALSE
B3,Q2,0.5,256,245,245,True,TRUE,6,True,TRUE
B3,Q2,0.5,256,246,0,True,FALSE,9,False,FALSE
B3,Q2,0.5,256,246,242,True,TRUE,4,True,TRUE
B3,Q2,0.5,256,246,246,True,TRUE,13,True,TRUE
B3,Q2,0.5,256,247,0,True,FALSE,12,False,FALSE
B3,Q2,0.5,256,247,247,True,TRUE,6,True,TRUE
B3,Q2,0.5,256,248,0,True,FALSE,18,False,FALSE
B3,Q2,0.5,256,248,243,True,TRUE,2,True,TRUE
B3,Q2,0.5,256,248,248,True,TRUE,6,True,TRUE
B3,Q2,0.5,256,249,0,True,FALSE,12,False,FALSE
B3,Q2,0.5,256,249,249,True,TRUE,4,True,TRUE
B3,Q2,0.5,256,250,0,True,FALSE,6,False,FALSE
B3,Q2,0.5,256,250,13,True,FALSE,2,False,FALSE
B3,Q2,0.5,256,250,250,True,TRUE,8,True,TRUE
B3,Q2,0.5,256,251,0,True,FALSE,30,False,FALSE
B3,Q2,0.5,256,251,246,True,TRUE,2,True,TRUE
B3,Q2,0.5,256,251,251,True,TRUE,20,True,TRUE
B3,Q2,0.5,256,252,0,True,FALSE,12,False,FALSE
B3,Q2,0.5,256,252,13,True,FALSE,2,False,FALSE
B3,Q2,0.5,256,252,252,True,TRUE,20,True,TRUE
B3,Q2,0.5,256,253,0,True,FALSE,18,False,FALSE
B3,Q2,0.5,256,253,8,True,FALSE,2,False,FALSE
B3,Q2,0.5,256,253,209,True,TRUE,2,True,TRUE
B3,Q2,0.5,256,253,233,True,TRUE,2,True,TRUE
B3,Q2,0.5,256,253,252,True,TRUE,4,True,TRUE
B3,Q2,0.5,256,253,253,True,TRUE,28,True,TRUE
B3,Q2,0.5,256,254,0,True,FALSE,18,False,FALSE
B3,Q2,0.5,256,254,8,True,FALSE,4,False,FALSE
B3,Q2,0.5,256,254,14,True,FALSE,2,False,FALSE
B3,Q2,0.5,256,254,61,True,FALSE,2,False,FALSE
B3,Q2,0.5,256,254,140,True,MC_UNRESOLVED,6,True,MC_UNRESOLVED
B3,Q2,0.5,256,254,210,True,TRUE,2,True,TRUE
B3,Q2,0.5,256,254,234,True,TRUE,2,True,TRUE
B3,Q2,0.5,256,254,249,True,TRUE,2,True,TRUE
B3,Q2,0.5,256,254,254,True,TRUE,52,True,TRUE
B3,Q2,0.5,256,255,0,True,FALSE,71,False,FALSE
B3,Q2,0.5,256,255,16,True,FALSE,6,False,FALSE
B3,Q2,0.5,256,255,21,True,FALSE,6,False,FALSE
B3,Q2,0.5,256,255,57,True,FALSE,6,False,FALSE
B3,Q2,0.5,256,255,61,True,FALSE,4,False,FALSE
B3,Q2,0.5,256,255,178,True,TRUE,2,True,TRUE
B3,Q2,0.5,256,255,227,True,TRUE,2,True,TRUE
B3,Q2,0.5,256,255,228,True,TRUE,2,True,TRUE
B3,Q2,0.5,256,255,234,True,TRUE,2,True,TRUE
B3,Q2,0.5,256,255,245,True,TRUE,2,True,TRUE
B3,Q2,0.5,256,255,250,True,TRUE,2,True,TRUE
B3,Q2,0.5,256,255,254,True,TRUE,4,True,TRUE
B3,Q2,0.5,256,255,255,True,TRUE,115,True,TRUE
B3,Q2,0.5,256,256,0,True,FALSE,34618,False,FALSE
B3,Q2,0.5,256,256,1,True,FALSE,72,False,FALSE
B3,Q2,0.5,256,256,2,True,FALSE,24,False,FALSE
B3,Q2,0.5,256,256,3,True,FALSE,6,False,FALSE
B3,Q2,0.5,256,256,4,True,FALSE,33,False,FALSE
B3,Q2,0.5,256,256,8,True,FALSE,3,False,FALSE
B3,Q2,0.5,256,256,9,True,FALSE,15,False,FALSE
B3,Q2,0.5,256,256,11,True,FALSE,9,False,FALSE
B3,Q2,0.5,256,256,13,True,FALSE,21,False,FALSE
B3,Q2,0.5,256,256,14,True,FALSE,12,False,FALSE
B3,Q2,0.5,256,256,15,True,FALSE,12,False,FALSE
B3,Q2,0.5,256,256,16,True,FALSE,30,False,FALSE
B3,Q2,0.5,256,256,17,True,FALSE,18,False,FALSE
B3,Q2,0.5,256,256,18,True,FALSE,30,False,FALSE
B3,Q2,0.5,256,256,21,True,FALSE,30,False,FALSE
B3,Q2,0.5,256,256,22,True,FALSE,3,False,FALSE
B3,Q2,0.5,256,256,23,True,FALSE,21,False,FALSE
B3,Q2,0.5,256,256,24,True,FALSE,3,False,FALSE
B3,Q2,0.5,256,256,25,True,FALSE,33,False,FALSE
B3,Q2,0.5,256,256,28,True,FALSE,3,False,FALSE
B3,Q2,0.5,256,256,31,True,FALSE,6,False,FALSE
B3,Q2,0.5,256,256,32,True,FALSE,6,False,FALSE
B3,Q2,0.5,256,256,34,True,FALSE,6,False,FALSE
B3,Q2,0.5,256,256,38,True,FALSE,3,False,FALSE
B3,Q2,0.5,256,256,42,True,FALSE,3,False,FALSE
B3,Q2,0.5,256,256,43,True,FALSE,12,False,FALSE
B3,Q2,0.5,256,256,45,True,FALSE,18,False,FALSE
B3,Q2,0.5,256,256,46,True,FALSE,3,False,FALSE
B3,Q2,0.5,256,256,53,True,FALSE,12,False,FALSE
B3,Q2,0.5,256,256,55,True,FALSE,6,False,FALSE
B3,Q2,0.5,256,256,57,True,FALSE,12,False,FALSE
B3,Q2,0.5,256,256,58,True,FALSE,6,False,FALSE
B3,Q2,0.5,256,256,60,True,FALSE,3,False,FALSE
B3,Q2,0.5,256,256,62,True,FALSE,15,False,FALSE
B3,Q2,0.5,256,256,68,True,FALSE,12,False,FALSE
B3,Q2,0.5,256,256,71,True,FALSE,3,False,FALSE
B3,Q2,0.5,256,256,72,True,FALSE,3,False,FALSE
B3,Q2,0.5,256,256,105,True,FALSE,6,False,FALSE
B3,Q2,0.5,256,256,108,True,FALSE,3,False,FALSE
B3,Q2,0.5,256,256,110,True,FALSE,6,False,FALSE
B3,Q2,0.5,256,256,114,True,MC_UNRESOLVED,6,False,MC_UNRESOLVED
B3,Q2,0.5,256,256,117,True,MC_UNRESOLVED,6,False,MC_UNRESOLVED
B3,Q2,0.5,256,256,121,True,MC_UNRESOLVED,3,False,MC_UNRESOLVED
B3,Q2,0.5,256,256,126,True,MC_UNRESOLVED,6,False,MC_UNRESOLVED
B3,Q2,0.5,256,256,131,True,MC_UNRESOLVED,6,True,MC_UNRESOLVED
B3,Q2,0.5,256,256,133,True,MC_UNRESOLVED,18,True,MC_UNRESOLVED
B3,Q2,0.5,256,256,141,True,MC_UNRESOLVED,48,True,MC_UNRESOLVED
B3,Q2,0.5,256,256,160,True,TRUE,3,True,TRUE
B3,Q2,0.5,256,256,164,True,TRUE,3,True,TRUE
B3,Q2,0.5,256,256,168,True,TRUE,3,True,TRUE
B3,Q2,0.5,256,256,175,True,TRUE,3,True,TRUE
B3,Q2,0.5,256,256,176,True,TRUE,18,True,TRUE
B3,Q2,0.5,256,256,179,True,TRUE,34,True,TRUE
B3,Q2,0.5,256,256,183,True,TRUE,6,True,TRUE
B3,Q2,0.5,256,256,193,True,TRUE,18,True,TRUE
B3,Q2,0.5,256,256,199,True,TRUE,6,True,TRUE
B3,Q2,0.5,256,256,200,True,TRUE,3,True,TRUE
B3,Q2,0.5,256,256,203,True,TRUE,3,True,TRUE
B3,Q2,0.5,256,256,205,True,TRUE,3,True,TRUE
B3,Q2,0.5,256,256,209,True,TRUE,3,True,TRUE
B3,Q2,0.5,256,256,210,True,TRUE,3,True,TRUE
B3,Q2,0.5,256,256,212,True,TRUE,32,True,TRUE
B3,Q2,0.5,256,256,215,True,TRUE,36,True,TRUE
B3,Q2,0.5,256,256,217,True,TRUE,18,True,TRUE
B3,Q2,0.5,256,256,219,True,TRUE,3,True,TRUE
B3,Q2,0.5,256,256,225,True,TRUE,6,True,TRUE
B3,Q2,0.5,256,256,226,True,TRUE,6,True,TRUE
B3,Q2,0.5,256,256,228,True,TRUE,32,True,TRUE
B3,Q2,0.5,256,256,229,True,TRUE,6,True,TRUE
B3,Q2,0.5,256,256,230,True,TRUE,6,True,TRUE
B3,Q2,0.5,256,256,231,True,TRUE,12,True,TRUE
B3,Q2,0.5,256,256,233,True,TRUE,6,True,TRUE
B3,Q2,0.5,256,256,235,True,TRUE,16,True,TRUE
B3,Q2,0.5,256,256,236,True,TRUE,14,True,TRUE
B3,Q2,0.5,256,256,237,True,TRUE,12,True,TRUE
B3,Q2,0.5,256,256,239,True,TRUE,6,True,TRUE
B3,Q2,0.5,256,256,241,True,TRUE,6,True,TRUE
B3,Q2,0.5,256,256,244,True,TRUE,6,True,TRUE
B3,Q2,0.5,256,256,246,True,TRUE,16,True,TRUE
B3,Q2,0.5,256,256,251,True,TRUE,24,True,TRUE
B3,Q2,0.5,256,256,252,True,TRUE,18,True,TRUE
B3,Q2,0.5,256,256,253,True,TRUE,3,True,TRUE
B3,Q2,0.5,256,256,254,True,TRUE,6,True,TRUE
B3,Q2,0.5,256,256,255,True,TRUE,89,True,TRUE
B3,Q2,0.5,256,256,256,True,TRUE,31947,True,TRUE
B3,Q1,0.75,256,0,0,False,FALSE,16464,False,FALSE
B3,Q1,0.75,256,46,46,False,FALSE,2,False,FALSE
B3,Q1,0.75,256,47,47,False,FALSE,4,False,FALSE
B3,Q1,0.75,256,65,65,False,FALSE,2,False,FALSE
B3,Q1,0.75,256,66,66,False,FALSE,4,False,FALSE
B3,Q1,0.75,256,173,173,False,FALSE,2,False,FALSE
B3,Q1,0.75,256,177,177,False,FALSE,4,False,FALSE
B3,Q1,0.75,256,188,188,False,FALSE,2,False,FALSE
B3,Q1,0.75,256,192,192,False,FALSE,6,False,FALSE
B3,Q1,0.75,256,193,193,False,FALSE,6,False,FALSE
B3,Q1,0.75,256,194,194,False,FALSE,2,False,FALSE
B3,Q1,0.75,256,195,195,False,FALSE,2,False,FALSE
B3,Q1,0.75,256,196,196,False,FALSE,6,False,FALSE
B3,Q1,0.75,256,206,206,False,FALSE,6,False,FALSE
B3,Q1,0.75,256,216,216,False,FALSE,2,False,FALSE
B3,Q1,0.75,256,222,222,False,FALSE,2,False,FALSE
B3,Q1,0.75,256,223,223,False,FALSE,4,False,FALSE
B3,Q1,0.75,256,230,230,False,FALSE,2,False,FALSE
B3,Q1,0.75,256,231,231,False,FALSE,2,False,FALSE
B3,Q1,0.75,256,234,234,False,FALSE,4,False,FALSE
B3,Q1,0.75,256,237,237,False,FALSE,2,False,FALSE
B3,Q1,0.75,256,238,238,False,FALSE,2,False,FALSE
B3,Q1,0.75,256,242,242,False,FALSE,2,False,FALSE
B3,Q1,0.75,256,243,243,False,FALSE,2,False,FALSE
B3,Q1,0.75,256,250,250,False,FALSE,2,False,FALSE
B3,Q1,0.75,256,252,252,False,FALSE,6,False,FALSE
B3,Q1,0.75,256,253,253,False,FALSE,2,False,FALSE
B3,Q1,0.75,256,254,254,False,FALSE,8,False,FALSE
B3,Q1,0.75,256,255,255,False,FALSE,6,False,FALSE
B3,Q1,0.75,256,0,0,True,FALSE,30579,False,FALSE
B3,Q1,0.75,256,1,0,True,FALSE,12,False,FALSE
B3,Q1,0.75,256,1,1,True,FALSE,108,False,FALSE
B3,Q1,0.75,256,2,0,True,FALSE,9,False,FALSE
B3,Q1,0.75,256,2,2,True,FALSE,36,False,FALSE
B3,Q1,0.75,256,3,0,True,FALSE,3,False,FALSE
B3,Q1,0.75,256,3,3,True,FALSE,42,False,FALSE
B3,Q1,0.75,256,4,0,True,FALSE,18,False,FALSE
B3,Q1,0.75,256,4,4,True,FALSE,36,False,FALSE
B3,Q1,0.75,256,5,0,True,FALSE,15,False,FALSE
B3,Q1,0.75,256,5,5,True,FALSE,57,False,FALSE
B3,Q1,0.75,256,6,6,True,FALSE,33,False,FALSE
B3,Q1,0.75,256,7,0,True,FALSE,3,False,FALSE
B3,Q1,0.75,256,7,7,True,FALSE,30,False,FALSE
B3,Q1,0.75,256,8,8,True,FALSE,18,False,FALSE
B3,Q1,0.75,256,9,0,True,FALSE,6,False,FALSE
B3,Q1,0.75,256,9,9,True,FALSE,15,False,FALSE
B3,Q1,0.75,256,10,10,True,FALSE,12,False,FALSE
B3,Q1,0.75,256,11,11,True,FALSE,12,False,FALSE
B3,Q1,0.75,256,12,12,True,FALSE,12,False,FALSE
B3,Q1,0.75,256,13,0,True,FALSE,9,False,FALSE
B3,Q1,0.75,256,13,13,True,FALSE,27,False,FALSE
B3,Q1,0.75,256,14,14,True,FALSE,15,False,FALSE
B3,Q1,0.75,256,15,15,True,FALSE,21,False,FALSE
B3,Q1,0.75,256,16,0,True,FALSE,6,False,FALSE
B3,Q1,0.75,256,16,16,True,FALSE,6,False,FALSE
B3,Q1,0.75,256,17,0,True,FALSE,6,False,FALSE
B3,Q1,0.75,256,17,17,True,FALSE,18,False,FALSE
B3,Q1,0.75,256,18,18,True,FALSE,21,False,FALSE
B3,Q1,0.75,256,19,19,True,FALSE,12,False,FALSE
B3,Q1,0.75,256,20,20,True,FALSE,6,False,FALSE
B3,Q1,0.75,256,22,22,True,FALSE,12,False,FALSE
B3,Q1,0.75,256,24,24,True,FALSE,15,False,FALSE
B3,Q1,0.75,256,25,25,True,FALSE,15,False,FALSE
B3,Q1,0.75,256,27,0,True,FALSE,6,False,FALSE
B3,Q1,0.75,256,27,27,True,FALSE,21,False,FALSE
B3,Q1,0.75,256,28,28,True,FALSE,6,False,FALSE
B3,Q1,0.75,256,29,29,True,FALSE,12,False,FALSE
B3,Q1,0.75,256,30,30,True,FALSE,9,False,FALSE
B3,Q1,0.75,256,31,31,True,FALSE,12,False,FALSE
B3,Q1,0.75,256,33,33,True,FALSE,12,False,FALSE
B3,Q1,0.75,256,36,36,True,FALSE,3,False,FALSE
B3,Q1,0.75,256,37,37,True,FALSE,3,False,FALSE
B3,Q1,0.75,256,38,38,True,FALSE,5,False,FALSE
B3,Q1,0.75,256,39,39,True,FALSE,4,False,FALSE
B3,Q1,0.75,256,41,41,True,FALSE,18,False,FALSE
B3,Q1,0.75,256,42,42,True,FALSE,18,False,FALSE
B3,Q1,0.75,256,43,43,True,FALSE,12,False,FALSE
B3,Q1,0.75,256,44,0,True,FALSE,3,False,FALSE
B3,Q1,0.75,256,45,45,True,FALSE,12,False,FALSE
B3,Q1,0.75,256,46,0,True,FALSE,6,False,FALSE
B3,Q1,0.75,256,47,47,True,FALSE,6,False,FALSE
B3,Q1,0.75,256,48,48,True,FALSE,6,False,FALSE
B3,Q1,0.75,256,49,19,True,FALSE,6,False,FALSE
B3,Q1,0.75,256,49,49,True,FALSE,6,False,FALSE
B3,Q1,0.75,256,50,50,True,FALSE,6,False,FALSE
B3,Q1,0.75,256,51,0,True,FALSE,3,False,FALSE
B3,Q1,0.75,256,52,52,True,FALSE,6,False,FALSE
B3,Q1,0.75,256,53,53,True,FALSE,18,False,FALSE
B3,Q1,0.75,256,55,55,True,FALSE,6,False,FALSE
B3,Q1,0.75,256,57,57,True,FALSE,6,False,FALSE
B3,Q1,0.75,256,61,0,True,FALSE,6,False,FALSE
B3,Q1,0.75,256,63,63,True,FALSE,6,False,FALSE
B3,Q1,0.75,256,65,65,True,FALSE,6,False,FALSE
B3,Q1,0.75,256,66,66,True,FALSE,6,False,FALSE
B3,Q1,0.75,256,67,67,True,FALSE,6,False,FALSE
B3,Q1,0.75,256,69,0,True,FALSE,6,False,FALSE
B3,Q1,0.75,256,69,69,True,FALSE,6,False,FALSE
B3,Q1,0.75,256,70,70,True,FALSE,12,False,FALSE
B3,Q1,0.75,256,71,71,True,FALSE,6,False,FALSE
B3,Q1,0.75,256,72,72,True,FALSE,6,False,FALSE
B3,Q1,0.75,256,74,74,True,FALSE,6,False,FALSE
B3,Q1,0.75,256,75,75,True,FALSE,6,False,FALSE
B3,Q1,0.75,256,80,80,True,FALSE,6,False,FALSE
B3,Q1,0.75,256,81,0,True,FALSE,6,False,FALSE
B3,Q1,0.75,256,82,82,True,FALSE,24,False,FALSE
B3,Q1,0.75,256,83,0,True,FALSE,6,False,FALSE
B3,Q1,0.75,256,83,83,True,FALSE,6,False,FALSE
B3,Q1,0.75,256,85,44,True,FALSE,6,False,FALSE
B3,Q1,0.75,256,85,85,True,FALSE,12,False,FALSE
B3,Q1,0.75,256,86,86,True,FALSE,18,False,FALSE
B3,Q1,0.75,256,87,87,True,FALSE,18,False,FALSE
B3,Q1,0.75,256,88,0,True,FALSE,3,False,FALSE
B3,Q1,0.75,256,92,92,True,FALSE,6,False,FALSE
B3,Q1,0.75,256,93,0,True,FALSE,6,False,FALSE
B3,Q1,0.75,256,93,93,True,FALSE,6,False,FALSE
B3,Q1,0.75,256,94,94,True,FALSE,2,False,FALSE
B3,Q1,0.75,256,95,95,True,FALSE,4,False,FALSE
B3,Q1,0.75,256,96,96,True,FALSE,6,False,FALSE
B3,Q1,0.75,256,99,0,True,FALSE,6,False,FALSE
B3,Q1,0.75,256,99,99,True,FALSE,6,False,FALSE
B3,Q1,0.75,256,100,100,True,FALSE,12,False,FALSE
B3,Q1,0.75,256,102,102,True,FALSE,6,False,FALSE
B3,Q1,0.75,256,104,0,True,FALSE,6,False,FALSE
B3,Q1,0.75,256,104,104,True,FALSE,8,False,FALSE
B3,Q1,0.75,256,105,105,True,FALSE,18,False,FALSE
B3,Q1,0.75,256,106,106,True,FALSE,18,False,FALSE
B3,Q1,0.75,256,107,107,True,FALSE,8,False,FALSE
B3,Q1,0.75,256,108,0,True,FALSE,6,False,FALSE
B3,Q1,0.75,256,110,0,True,FALSE,3,False,FALSE
B3,Q1,0.75,256,110,110,True,FALSE,6,False,FALSE
B3,Q1,0.75,256,112,11,True,FALSE,6,False,FALSE
B3,Q1,0.75,256,112,112,True,FALSE,6,False,FALSE
B3,Q1,0.75,256,113,113,True,FALSE,6,False,FALSE
B3,Q1,0.75,256,116,0,True,FALSE,12,False,FALSE
B3,Q1,0.75,256,116,116,True,FALSE,6,False,FALSE
B3,Q1,0.75,256,118,118,True,FALSE,6,False,FALSE
B3,Q1,0.75,256,119,119,True,FALSE,6,False,FALSE
B3,Q1,0.75,256,121,121,True,FALSE,6,False,FALSE
B3,Q1,0.75,256,123,0,True,FALSE,6,False,FALSE
B3,Q1,0.75,256,123,123,True,FALSE,6,False,FALSE
B3,Q1,0.75,256,125,125,True,FALSE,2,False,FALSE
B3,Q1,0.75,256,133,133,True,FALSE,12,False,FALSE
B3,Q1,0.75,256,137,0,True,FALSE,6,False,FALSE
B3,Q1,0.75,256,138,138,True,FALSE,6,False,FALSE
B3,Q1,0.75,256,147,147,True,FALSE,6,False,FALSE
B3,Q1,0.75,256,150,150,True,FALSE,6,False,FALSE
B3,Q1,0.75,256,151,20,True,FALSE,6,False,FALSE
B3,Q1,0.75,256,151,151,True,FALSE,6,False,FALSE
B3,Q1,0.75,256,152,0,True,FALSE,6,False,FALSE
B3,Q1,0.75,256,154,0,True,FALSE,6,False,FALSE
B3,Q1,0.75,256,155,155,True,FALSE,9,False,FALSE
B3,Q1,0.75,256,156,0,True,FALSE,3,False,FALSE
B3,Q1,0.75,256,158,158,True,FALSE,6,False,FALSE
B3,Q1,0.75,256,159,159,True,FALSE,8,False,FALSE
B3,Q1,0.75,256,162,0,True,FALSE,3,False,FALSE
B3,Q1,0.75,256,162,162,True,FALSE,3,False,FALSE
B3,Q1,0.75,256,163,0,True,FALSE,3,False,FALSE
B3,Q1,0.75,256,165,0,True,FALSE,3,False,FALSE
B3,Q1,0.75,256,165,165,True,FALSE,2,False,FALSE
B3,Q1,0.75,256,167,167,True,FALSE,6,False,FALSE
B3,Q1,0.75,256,170,0,True,FALSE,6,False,FALSE
B3,Q1,0.75,256,170,170,True,FALSE,2,False,FALSE
B3,Q1,0.75,256,173,173,True,FALSE,6,False,FALSE
B3,Q1,0.75,256,174,174,True,FALSE,6,False,FALSE
B3,Q1,0.75,256,175,175,True,FALSE,6,False,FALSE
B3,Q1,0.75,256,178,178,True,FALSE,6,False,FALSE
B3,Q1,0.75,256,179,179,True,MC_UNRESOLVED,4,False,MC_UNRESOLVED
B3,Q1,0.75,256,181,181,True,MC_UNRESOLVED,12,False,MC_UNRESOLVED
B3,Q1,0.75,256,182,182,True,MC_UNRESOLVED,6,False,MC_UNRESOLVED
B3,Q1,0.75,256,183,0,True,MC_UNRESOLVED,3,False,MC_UNRESOLVED
B3,Q1,0.75,256,183,183,True,MC_UNRESOLVED,8,False,MC_UNRESOLVED
B3,Q1,0.75,256,185,185,True,MC_UNRESOLVED,6,False,MC_UNRESOLVED
B3,Q1,0.75,256,189,189,True,MC_UNRESOLVED,6,False,MC_UNRESOLVED
B3,Q1,0.75,256,192,192,True,MC_UNRESOLVED,6,True,MC_UNRESOLVED
B3,Q1,0.75,256,195,195,True,MC_UNRESOLVED,6,True,MC_UNRESOLVED
B3,Q1,0.75,256,196,196,True,MC_UNRESOLVED,2,True,MC_UNRESOLVED
B3,Q1,0.75,256,200,200,True,MC_UNRESOLVED,2,True,MC_UNRESOLVED
B3,Q1,0.75,256,207,0,True,TRUE,6,True,TRUE
B3,Q1,0.75,256,207,207,True,TRUE,10,True,TRUE
B3,Q1,0.75,256,208,0,True,TRUE,3,True,TRUE
B3,Q1,0.75,256,208,208,True,TRUE,8,True,TRUE
B3,Q1,0.75,256,209,209,True,TRUE,2,True,TRUE
B3,Q1,0.75,256,210,210,True,TRUE,6,True,TRUE
B3,Q1,0.75,256,211,0,True,TRUE,6,True,TRUE
B3,Q1,0.75,256,213,213,True,TRUE,6,True,TRUE
B3,Q1,0.75,256,214,214,True,TRUE,6,True,TRUE
B3,Q1,0.75,256,215,215,True,TRUE,6,True,TRUE
B3,Q1,0.75,256,218,218,True,TRUE,6,True,TRUE
B3,Q1,0.75,256,219,219,True,TRUE,6,True,TRUE
B3,Q1,0.75,256,221,221,True,TRUE,2,True,TRUE
B3,Q1,0.75,256,223,223,True,TRUE,6,True,TRUE
B3,Q1,0.75,256,225,225,True,TRUE,2,True,TRUE
B3,Q1,0.75,256,226,226,True,TRUE,2,True,TRUE
B3,Q1,0.75,256,228,228,True,TRUE,12,True,TRUE
B3,Q1,0.75,256,230,230,True,TRUE,18,True,TRUE
B3,Q1,0.75,256,232,232,True,TRUE,14,True,TRUE
B3,Q1,0.75,256,233,233,True,TRUE,12,True,TRUE
B3,Q1,0.75,256,234,234,True,TRUE,20,True,TRUE
B3,Q1,0.75,256,235,235,True,TRUE,12,True,TRUE
B3,Q1,0.75,256,236,236,True,TRUE,8,True,TRUE
B3,Q1,0.75,256,237,237,True,TRUE,4,True,TRUE
B3,Q1,0.75,256,238,238,True,TRUE,2,True,TRUE
B3,Q1,0.75,256,243,0,True,TRUE,6,True,TRUE
B3,Q1,0.75,256,243,243,True,TRUE,6,True,TRUE
B3,Q1,0.75,256,244,244,True,TRUE,9,True,TRUE
B3,Q1,0.75,256,245,245,True,TRUE,6,True,TRUE
B3,Q1,0.75,256,246,246,True,TRUE,13,True,TRUE
B3,Q1,0.75,256,247,0,True,TRUE,3,True,TRUE
B3,Q1,0.75,256,247,247,True,TRUE,6,True,TRUE
B3,Q1,0.75,256,248,0,True,TRUE,9,True,TRUE
B3,Q1,0.75,256,248,248,True,TRUE,4,True,TRUE
B3,Q1,0.75,256,249,0,True,TRUE,6,True,TRUE
B3,Q1,0.75,256,249,249,True,TRUE,2,True,TRUE
B3,Q1,0.75,256,250,250,True,TRUE,8,True,TRUE
B3,Q1,0.75,256,251,0,True,TRUE,6,True,TRUE
B3,Q1,0.75,256,251,251,True,TRUE,20,True,TRUE
B3,Q1,0.75,256,252,0,True,TRUE,3,True,TRUE
B3,Q1,0.75,256,252,252,True,TRUE,14,True,TRUE
B3,Q1,0.75,256,253,253,True,TRUE,28,True,TRUE
B3,Q1,0.75,256,254,0,True,TRUE,3,True,TRUE
B3,Q1,0.75,256,254,254,True,TRUE,42,True,TRUE
B3,Q1,0.75,256,255,0,True,TRUE,3,True,TRUE
B3,Q1,0.75,256,255,255,True,TRUE,109,True,TRUE
B3,Q1,0.75,256,256,0,True,TRUE,2178,True,TRUE
B3,Q1,0.75,256,256,1,True,TRUE,18,True,TRUE
B3,Q1,0.75,256,256,2,True,TRUE,24,True,TRUE
B3,Q1,0.75,256,256,3,True,TRUE,6,True,TRUE
B3,Q1,0.75,256,256,4,True,TRUE,15,True,TRUE
B3,Q1,0.75,256,256,8,True,TRUE,3,True,TRUE
B3,Q1,0.75,256,256,9,True,TRUE,3,True,TRUE
B3,Q1,0.75,256,256,11,True,TRUE,9,True,TRUE
B3,Q1,0.75,256,256,13,True,TRUE,3,True,TRUE
B3,Q1,0.75,256,256,22,True,TRUE,3,True,TRUE
B3,Q1,0.75,256,256,23,True,TRUE,9,True,TRUE
B3,Q1,0.75,256,256,24,True,TRUE,3,True,TRUE
B3,Q1,0.75,256,256,25,True,TRUE,3,True,TRUE
B3,Q1,0.75,256,256,28,True,TRUE,3,True,TRUE
B3,Q1,0.75,256,256,31,True,TRUE,6,True,TRUE
B3,Q1,0.75,256,256,32,True,TRUE,6,True,TRUE
B3,Q1,0.75,256,256,34,True,TRUE,6,True,TRUE
B3,Q1,0.75,256,256,38,True,TRUE,3,True,TRUE
B3,Q1,0.75,256,256,42,True,TRUE,3,True,TRUE
B3,Q1,0.75,256,256,43,True,TRUE,12,True,TRUE
B3,Q1,0.75,256,256,45,True,TRUE,18,True,TRUE
B3,Q1,0.75,256,256,46,True,TRUE,3,True,TRUE
B3,Q1,0.75,256,256,55,True,TRUE,6,True,TRUE
B3,Q1,0.75,256,256,58,True,TRUE,6,True,TRUE
B3,Q1,0.75,256,256,60,True,TRUE,3,True,TRUE
B3,Q1,0.75,256,256,62,True,TRUE,3,True,TRUE
B3,Q1,0.75,256,256,71,True,TRUE,3,True,TRUE
B3,Q1,0.75,256,256,72,True,TRUE,3,True,TRUE
B3,Q1,0.75,256,256,105,True,TRUE,6,True,TRUE
B3,Q1,0.75,256,256,108,True,TRUE,3,True,TRUE
B3,Q1,0.75,256,256,110,True,TRUE,6,True,TRUE
B3,Q1,0.75,256,256,114,True,TRUE,6,True,TRUE
B3,Q1,0.75,256,256,117,True,TRUE,6,True,TRUE
B3,Q1,0.75,256,256,121,True,TRUE,3,True,TRUE
B3,Q1,0.75,256,256,126,True,TRUE,6,True,TRUE
B3,Q1,0.75,256,256,131,True,TRUE,6,True,TRUE
B3,Q1,0.75,256,256,160,True,TRUE,3,True,TRUE
B3,Q1,0.75,256,256,164,True,TRUE,3,True,TRUE
B3,Q1,0.75,256,256,168,True,TRUE,3,True,TRUE
B3,Q1,0.75,256,256,175,True,TRUE,3,True,TRUE
B3,Q1,0.75,256,256,183,True,TRUE,6,True,TRUE
B3,Q1,0.75,256,256,199,True,TRUE,6,True,TRUE
B3,Q1,0.75,256,256,200,True,TRUE,3,True,TRUE
B3,Q1,0.75,256,256,203,True,TRUE,3,True,TRUE
B3,Q1,0.75,256,256,205,True,TRUE,3,True,TRUE
B3,Q1,0.75,256,256,209,True,TRUE,3,True,TRUE
B3,Q1,0.75,256,256,210,True,TRUE,3,True,TRUE
B3,Q1,0.75,256,256,219,True,TRUE,3,True,TRUE
B3,Q1,0.75,256,256,225,True,TRUE,6,True,TRUE
B3,Q1,0.75,256,256,226,True,TRUE,6,True,TRUE
B3,Q1,0.75,256,256,229,True,TRUE,6,True,TRUE
B3,Q1,0.75,256,256,230,True,TRUE,6,True,TRUE
B3,Q1,0.75,256,256,231,True,TRUE,12,True,TRUE
B3,Q1,0.75,256,256,233,True,TRUE,6,True,TRUE
B3,Q1,0.75,256,256,237,True,TRUE,12,True,TRUE
B3,Q1,0.75,256,256,239,True,TRUE,6,True,TRUE
B3,Q1,0.75,256,256,241,True,TRUE,6,True,TRUE
B3,Q1,0.75,256,256,244,True,TRUE,6,True,TRUE
B3,Q1,0.75,256,256,252,True,TRUE,6,True,TRUE
B3,Q1,0.75,256,256,253,True,TRUE,3,True,TRUE
B3,Q1,0.75,256,256,254,True,TRUE,6,True,TRUE
B3,Q1,0.75,256,256,255,True,TRUE,27,True,TRUE
B3,Q1,0.75,256,256,256,True,TRUE,31275,True,TRUE
B3,Q2,0.75,256,0,0,False,FALSE,32928,False,FALSE
B3,Q2,0.75,256,46,46,False,FALSE,4,False,FALSE
B3,Q2,0.75,256,47,47,False,FALSE,8,False,FALSE
B3,Q2,0.75,256,65,65,False,FALSE,4,False,FALSE
B3,Q2,0.75,256,66,66,False,FALSE,8,False,FALSE
B3,Q2,0.75,256,173,173,False,FALSE,4,False,FALSE
B3,Q2,0.75,256,177,177,False,FALSE,8,False,FALSE
B3,Q2,0.75,256,188,188,False,FALSE,4,False,FALSE
B3,Q2,0.75,256,192,13,False,FALSE,4,False,FALSE
B3,Q2,0.75,256,192,40,False,FALSE,2,False,FALSE
B3,Q2,0.75,256,192,192,False,FALSE,6,False,FALSE
B3,Q2,0.75,256,193,193,False,FALSE,12,False,FALSE
B3,Q2,0.75,256,194,194,False,FALSE,4,False,FALSE
B3,Q2,0.75,256,195,195,False,FALSE,4,False,FALSE
B3,Q2,0.75,256,196,196,False,FALSE,12,False,FALSE
B3,Q2,0.75,256,206,17,False,FALSE,2,False,FALSE
B3,Q2,0.75,256,206,19,False,FALSE,2,False,FALSE
B3,Q2,0.75,256,206,60,False,FALSE,2,False,FALSE
B3,Q2,0.75,256,206,206,False,FALSE,6,False,FALSE
B3,Q2,0.75,256,216,216,False,FALSE,4,False,FALSE
B3,Q2,0.75,256,222,222,False,FALSE,4,False,FALSE
B3,Q2,0.75,256,223,223,False,FALSE,8,False,FALSE
B3,Q2,0.75,256,230,230,False,FALSE,4,False,FALSE
B3,Q2,0.75,256,231,231,False,FALSE,4,False,FALSE
B3,Q2,0.75,256,234,234,False,FALSE,8,False,FALSE
B3,Q2,0.75,256,237,237,False,FALSE,4,False,FALSE
B3,Q2,0.75,256,238,238,False,FALSE,4,False,FALSE
B3,Q2,0.75,256,242,242,False,FALSE,4,False,FALSE
B3,Q2,0.75,256,243,243,False,FALSE,4,False,FALSE
B3,Q2,0.75,256,250,250,False,FALSE,4,False,FALSE
B3,Q2,0.75,256,252,252,False,FALSE,12,False,FALSE
B3,Q2,0.75,256,253,15,False,FALSE,2,False,FALSE
B3,Q2,0.75,256,253,253,False,FALSE,2,False,FALSE
B3,Q2,0.75,256,254,17,False,FALSE,2,False,FALSE
B3,Q2,0.75,256,254,52,False,FALSE,2,False,FALSE
B3,Q2,0.75,256,254,254,False,FALSE,12,False,FALSE
B3,Q2,0.75,256,255,23,False,FALSE,2,False,FALSE
B3,Q2,0.75,256,255,25,False,FALSE,2,False,FALSE
B3,Q2,0.75,256,255,68,False,FALSE,2,False,FALSE
B3,Q2,0.75,256,255,255,False,FALSE,6,False,FALSE
B3,Q2,0.75,256,0,0,True,FALSE,61158,False,FALSE
B3,Q2,0.75,256,1,0,True,FALSE,132,False,FALSE
B3,Q2,0.75,256,1,1,True,FALSE,108,False,FALSE
B3,Q2,0.75,256,2,0,True,FALSE,54,False,FALSE
B3,Q2,0.75,256,2,2,True,FALSE,36,False,FALSE
B3,Q2,0.75,256,3,0,True,FALSE,48,False,FALSE
B3,Q2,0.75,256,3,3,True,FALSE,42,False,FALSE
B3,Q2,0.75,256,4,0,True,FALSE,72,False,FALSE
B3,Q2,0.75,256,4,4,True,FALSE,36,False,FALSE
B3,Q2,0.75,256,5,0,True,FALSE,87,False,FALSE
B3,Q2,0.75,256,5,5,True,FALSE,57,False,FALSE
B3,Q2,0.75,256,6,0,True,FALSE,33,False,FALSE
B3,Q2,0.75,256,6,6,True,FALSE,33,False,FALSE
B3,Q2,0.75,256,7,0,True,FALSE,36,False,FALSE
B3,Q2,0.75,256,7,7,True,FALSE,30,False,FALSE
B3,Q2,0.75,256,8,0,True,FALSE,18,False,FALSE
B3,Q2,0.75,256,8,8,True,FALSE,18,False,FALSE
B3,Q2,0.75,256,9,0,True,FALSE,27,False,FALSE
B3,Q2,0.75,256,9,9,True,FALSE,15,False,FALSE
B3,Q2,0.75,256,10,0,True,FALSE,12,False,FALSE
B3,Q2,0.75,256,10,10,True,FALSE,12,False,FALSE
B3,Q2,0.75,256,11,0,True,FALSE,12,False,FALSE
B3,Q2,0.75,256,11,11,True,FALSE,12,False,FALSE
B3,Q2,0.75,256,12,0,True,FALSE,12,False,FALSE
B3,Q2,0.75,256,12,12,True,FALSE,12,False,FALSE
B3,Q2,0.75,256,13,0,True,FALSE,45,False,FALSE
B3,Q2,0.75,256,13,13,True,FALSE,27,False,FALSE
B3,Q2,0.75,256,14,0,True,FALSE,15,False,FALSE
B3,Q2,0.75,256,14,14,True,FALSE,15,False,FALSE
B3,Q2,0.75,256,15,0,True,FALSE,21,False,FALSE
B3,Q2,0.75,256,15,15,True,FALSE,21,False,FALSE
B3,Q2,0.75,256,16,0,True,FALSE,18,False,FALSE
B3,Q2,0.75,256,16,16,True,FALSE,6,False,FALSE
B3,Q2,0.75,256,17,0,True,FALSE,30,False,FALSE
B3,Q2,0.75,256,17,17,True,FALSE,18,False,FALSE
B3,Q2,0.75,256,18,0,True,FALSE,21,False,FALSE
B3,Q2,0.75,256,18,18,True,FALSE,21,False,FALSE
B3,Q2,0.75,256,19,0,True,FALSE,12,False,FALSE
B3,Q2,0.75,256,19,19,True,FALSE,12,False,FALSE
B3,Q2,0.75,256,20,0,True,FALSE,6,False,FALSE
B3,Q2,0.75,256,20,20,True,FALSE,6,False,FALSE
B3,Q2,0.75,256,22,0,True,FALSE,12,False,FALSE
B3,Q2,0.75,256,22,22,True,FALSE,12,False,FALSE
B3,Q2,0.75,256,24,0,True,FALSE,15,False,FALSE
B3,Q2,0.75,256,24,24,True,FALSE,15,False,FALSE
B3,Q2,0.75,256,25,0,True,FALSE,15,False,FALSE
B3,Q2,0.75,256,25,25,True,FALSE,15,False,FALSE
B3,Q2,0.75,256,27,0,True,FALSE,33,False,FALSE
B3,Q2,0.75,256,27,27,True,FALSE,21,False,FALSE
B3,Q2,0.75,256,28,0,True,FALSE,6,False,FALSE
B3,Q2,0.75,256,28,28,True,FALSE,6,False,FALSE
B3,Q2,0.75,256,29,0,True,FALSE,12,False,FALSE
B3,Q2,0.75,256,29,29,True,FALSE,12,False,FALSE
B3,Q2,0.75,256,30,0,True,FALSE,9,False,FALSE
B3,Q2,0.75,256,30,30,True,FALSE,9,False,FALSE
B3,Q2,0.75,256,31,0,True,FALSE,12,False,FALSE
B3,Q2,0.75,256,31,31,True,FALSE,12,False,FALSE
B3,Q2,0.75,256,33,0,True,FALSE,12,False,FALSE
B3,Q2,0.75,256,33,33,True,FALSE,12,False,FALSE
B3,Q2,0.75,256,36,0,True,FALSE,3,False,FALSE
B3,Q2,0.75,256,36,36,True,FALSE,3,False,FALSE
B3,Q2,0.75,256,37,0,True,FALSE,3,False,FALSE
B3,Q2,0.75,256,37,37,True,FALSE,3,False,FALSE
B3,Q2,0.75,256,38,0,True,FALSE,5,False,FALSE
B3,Q2,0.75,256,38,38,True,FALSE,5,False,FALSE
B3,Q2,0.75,256,39,0,True,FALSE,4,False,FALSE
B3,Q2,0.75,256,39,39,True,FALSE,4,False,FALSE
B3,Q2,0.75,256,41,0,True,FALSE,18,False,FALSE
B3,Q2,0.75,256,41,41,True,FALSE,18,False,FALSE
B3,Q2,0.75,256,42,0,True,FALSE,18,False,FALSE
B3,Q2,0.75,256,42,42,True,FALSE,18,False,FALSE
B3,Q2,0.75,256,43,0,True,FALSE,12,False,FALSE
B3,Q2,0.75,256,43,43,True,FALSE,12,False,FALSE
B3,Q2,0.75,256,44,0,True,FALSE,6,False,FALSE
B3,Q2,0.75,256,45,0,True,FALSE,12,False,FALSE
B3,Q2,0.75,256,45,45,True,FALSE,12,False,FALSE
B3,Q2,0.75,256,46,0,True,FALSE,12,False,FALSE
B3,Q2,0.75,256,47,0,True,FALSE,6,False,FALSE
B3,Q2,0.75,256,47,47,True,FALSE,6,False,FALSE
B3,Q2,0.75,256,48,0,True,FALSE,6,False,FALSE
B3,Q2,0.75,256,48,48,True,FALSE,6,False,FALSE
B3,Q2,0.75,256,49,0,True,FALSE,12,False,FALSE
B3,Q2,0.75,256,49,19,True,FALSE,6,False,FALSE
B3,Q2,0.75,256,49,49,True,FALSE,6,False,FALSE
B3,Q2,0.75,256,50,0,True,FALSE,6,False,FALSE
B3,Q2,0.75,256,50,50,True,FALSE,6,False,FALSE
B3,Q2,0.75,256,51,0,True,FALSE,6,False,FALSE
B3,Q2,0.75,256,52,0,True,FALSE,6,False,FALSE
B3,Q2,0.75,256,52,52,True,FALSE,6,False,FALSE
B3,Q2,0.75,256,53,0,True,FALSE,18,False,FALSE
B3,Q2,0.75,256,53,53,True,FALSE,18,False,FALSE
B3,Q2,0.75,256,55,0,True,FALSE,6,False,FALSE
B3,Q2,0.75,256,55,55,True,FALSE,6,False,FALSE
B3,Q2,0.75,256,57,0,True,FALSE,6,False,FALSE
B3,Q2,0.75,256,57,57,True,FALSE,6,False,FALSE
B3,Q2,0.75,256,61,0,True,FALSE,12,False,FALSE
B3,Q2,0.75,256,63,0,True,FALSE,6,False,FALSE
B3,Q2,0.75,256,63,63,True,FALSE,6,False,FALSE
B3,Q2,0.75,256,65,0,True,FALSE,6,False,FALSE
B3,Q2,0.75,256,65,65,True,FALSE,6,False,FALSE
B3,Q2,0.75,256,66,0,True,FALSE,6,False,FALSE
B3,Q2,0.75,256,66,66,True,FALSE,6,False,FALSE
B3,Q2,0.75,256,67,0,True,FALSE,6,False,FALSE
B3,Q2,0.75,256,67,67,True,FALSE,6,False,FALSE
B3,Q2,0.75,256,69,0,True,FALSE,18,False,FALSE
B3,Q2,0.75,256,69,69,True,FALSE,6,False,FALSE
B3,Q2,0.75,256,70,0,True,FALSE,12,False,FALSE
B3,Q2,0.75,256,70,70,True,FALSE,12,False,FALSE
B3,Q2,0.75,256,71,0,True,FALSE,6,False,FALSE
B3,Q2,0.75,256,71,71,True,FALSE,6,False,FALSE
B3,Q2,0.75,256,72,0,True,FALSE,6,False,FALSE
B3,Q2,0.75,256,72,72,True,FALSE,6,False,FALSE
B3,Q2,0.75,256,74,0,True,FALSE,6,False,FALSE
B3,Q2,0.75,256,74,74,True,FALSE,6,False,FALSE
B3,Q2,0.75,256,75,0,True,FALSE,6,False,FALSE
B3,Q2,0.75,256,75,75,True,FALSE,6,False,FALSE
B3,Q2,0.75,256,80,0,True,FALSE,6,False,FALSE
B3,Q2,0.75,256,80,80,True,FALSE,6,False,FALSE
B3,Q2,0.75,256,81,0,True,FALSE,12,False,FALSE
B3,Q2,0.75,256,82,0,True,FALSE,24,False,FALSE
B3,Q2,0.75,256,82,82,True,FALSE,24,False,FALSE
B3,Q2,0.75,256,83,0,True,FALSE,18,False,FALSE
B3,Q2,0.75,256,83,83,True,FALSE,6,False,FALSE
B3,Q2,0.75,256,85,0,True,FALSE,18,False,FALSE
B3,Q2,0.75,256,85,44,True,FALSE,6,False,FALSE
B3,Q2,0.75,256,85,85,True,FALSE,12,False,FALSE
B3,Q2,0.75,256,86,0,True,FALSE,18,False,FALSE
B3,Q2,0.75,256,86,86,True,FALSE,18,False,FALSE
B3,Q2,0.75,256,87,0,True,FALSE,18,False,FALSE
B3,Q2,0.75,256,87,87,True,FALSE,18,False,FALSE
B3,Q2,0.75,256,88,0,True,FALSE,6,False,FALSE
B3,Q2,0.75,256,92,0,True,FALSE,6,False,FALSE
B3,Q2,0.75,256,92,92,True,FALSE,6,False,FALSE
B3,Q2,0.75,256,93,0,True,FALSE,18,False,FALSE
B3,Q2,0.75,256,93,93,True,FALSE,6,False,FALSE
B3,Q2,0.75,256,94,0,True,FALSE,2,False,FALSE
B3,Q2,0.75,256,94,94,True,FALSE,2,False,FALSE
B3,Q2,0.75,256,95,0,True,FALSE,4,False,FALSE
B3,Q2,0.75,256,95,95,True,FALSE,4,False,FALSE
B3,Q2,0.75,256,96,0,True,FALSE,6,False,FALSE
B3,Q2,0.75,256,96,96,True,FALSE,6,False,FALSE
B3,Q2,0.75,256,99,0,True,FALSE,18,False,FALSE
B3,Q2,0.75,256,99,99,True,FALSE,6,False,FALSE
B3,Q2,0.75,256,100,0,True,FALSE,12,False,FALSE
B3,Q2,0.75,256,100,100,True,FALSE,12,False,FALSE
B3,Q2,0.75,256,102,0,True,FALSE,6,False,FALSE
B3,Q2,0.75,256,102,102,True,FALSE,6,False,FALSE
B3,Q2,0.75,256,104,0,True,FALSE,18,False,FALSE
B3,Q2,0.75,256,104,104,True,FALSE,10,False,FALSE
B3,Q2,0.75,256,105,0,True,FALSE,18,False,FALSE
B3,Q2,0.75,256,105,105,True,FALSE,18,False,FALSE
B3,Q2,0.75,256,106,0,True,FALSE,18,False,FALSE
B3,Q2,0.75,256,106,106,True,FALSE,18,False,FALSE
B3,Q2,0.75,256,107,0,True,FALSE,6,False,FALSE
B3,Q2,0.75,256,107,107,True,FALSE,10,False,FALSE
B3,Q2,0.75,256,108,0,True,FALSE,12,False,FALSE
B3,Q2,0.75,256,110,0,True,FALSE,12,False,FALSE
B3,Q2,0.75,256,110,110,True,FALSE,6,False,FALSE
B3,Q2,0.75,256,112,0,True,FALSE,12,False,FALSE
B3,Q2,0.75,256,112,11,True,FALSE,6,False,FALSE
B3,Q2,0.75,256,112,112,True,FALSE,6,False,FALSE
B3,Q2,0.75,256,113,0,True,FALSE,6,False,FALSE
B3,Q2,0.75,256,113,113,True,FALSE,6,False,FALSE
B3,Q2,0.75,256,116,0,True,FALSE,30,False,FALSE
B3,Q2,0.75,256,116,116,True,FALSE,6,False,FALSE
B3,Q2,0.75,256,118,0,True,FALSE,6,False,FALSE
B3,Q2,0.75,256,118,118,True,FALSE,6,False,FALSE
B3,Q2,0.75,256,119,0,True,FALSE,6,False,FALSE
B3,Q2,0.75,256,119,119,True,FALSE,6,False,FALSE
B3,Q2,0.75,256,121,0,True,FALSE,6,False,FALSE
B3,Q2,0.75,256,121,121,True,FALSE,6,False,FALSE
B3,Q2,0.75,256,123,0,True,FALSE,18,False,FALSE
B3,Q2,0.75,256,123,123,True,FALSE,6,False,FALSE
B3,Q2,0.75,256,125,125,True,FALSE,4,False,FALSE
B3,Q2,0.75,256,133,0,True,FALSE,12,False,FALSE
B3,Q2,0.75,256,133,133,True,FALSE,12,False,FALSE
B3,Q2,0.75,256,137,0,True,FALSE,12,False,FALSE
B3,Q2,0.75,256,138,0,True,FALSE,6,False,FALSE
B3,Q2,0.75,256,138,138,True,FALSE,6,False,FALSE
B3,Q2,0.75,256,147,0,True,FALSE,6,False,FALSE
B3,Q2,0.75,256,147,147,True,FALSE,6,False,FALSE
B3,Q2,0.75,256,150,0,True,FALSE,6,False,FALSE
B3,Q2,0.75,256,150,150,True,FALSE,6,False,FALSE
B3,Q2,0.75,256,151,0,True,FALSE,12,False,FALSE
B3,Q2,0.75,256,151,20,True,FALSE,6,False,FALSE
B3,Q2,0.75,256,151,151,True,FALSE,6,False,FALSE
B3,Q2,0.75,256,152,0,True,FALSE,12,False,FALSE
B3,Q2,0.75,256,154,0,True,FALSE,12,False,FALSE
B3,Q2,0.75,256,155,0,True,FALSE,9,False,FALSE
B3,Q2,0.75,256,155,155,True,FALSE,9,False,FALSE
B3,Q2,0.75,256,156,0,True,FALSE,6,False,FALSE
B3,Q2,0.75,256,158,0,True,FALSE,6,False,FALSE
B3,Q2,0.75,256,158,158,True,FALSE,6,False,FALSE
B3,Q2,0.75,256,159,0,True,FALSE,6,False,FALSE
B3,Q2,0.75,256,159,159,True,FALSE,10,False,FALSE
B3,Q2,0.75,256,162,0,True,FALSE,9,False,FALSE
B3,Q2,0.75,256,162,162,True,FALSE,3,False,FALSE
B3,Q2,0.75,256,163,0,True,FALSE,6,False,FALSE
B3,Q2,0.75,256,165,0,True,FALSE,6,False,FALSE
B3,Q2,0.75,256,165,165,True,FALSE,4,False,FALSE
B3,Q2,0.75,256,167,0,True,FALSE,6,False,FALSE
B3,Q2,0.75,256,167,167,True,FALSE,6,False,FALSE
B3,Q2,0.75,256,170,0,True,FALSE,12,False,FALSE
B3,Q2,0.75,256,170,170,True,FALSE,4,False,FALSE
B3,Q2,0.75,256,173,0,True,FALSE,6,False,FALSE
B3,Q2,0.75,256,173,173,True,FALSE,6,False,FALSE
B3,Q2,0.75,256,174,0,True,FALSE,6,False,FALSE
B3,Q2,0.75,256,174,174,True,FALSE,6,False,FALSE
B3,Q2,0.75,256,175,0,True,FALSE,6,False,FALSE
B3,Q2,0.75,256,175,175,True,FALSE,6,False,FALSE
B3,Q2,0.75,256,178,0,True,FALSE,6,False,FALSE
B3,Q2,0.75,256,178,178,True,MC_UNRESOLVED,6,False,MC_UNRESOLVED
B3,Q2,0.75,256,179,179,True,MC_UNRESOLVED,8,False,MC_UNRESOLVED
B3,Q2,0.75,256,181,0,True,FALSE,12,False,FALSE
B3,Q2,0.75,256,181,181,True,MC_UNRESOLVED,12,False,MC_UNRESOLVED
B3,Q2,0.75,256,182,0,True,FALSE,6,False,FALSE
B3,Q2,0.75,256,182,182,True,MC_UNRESOLVED,6,False,MC_UNRESOLVED
B3,Q2,0.75,256,183,0,True,FALSE,12,False,FALSE
B3,Q2,0.75,256,183,183,True,MC_UNRESOLVED,10,False,MC_UNRESOLVED
B3,Q2,0.75,256,185,0,True,FALSE,6,False,FALSE
B3,Q2,0.75,256,185,185,True,MC_UNRESOLVED,6,False,MC_UNRESOLVED
B3,Q2,0.75,256,189,0,True,FALSE,6,False,FALSE
B3,Q2,0.75,256,189,189,True,MC_UNRESOLVED,6,False,MC_UNRESOLVED
B3,Q2,0.75,256,192,0,True,FALSE,6,False,FALSE
B3,Q2,0.75,256,192,192,True,MC_UNRESOLVED,6,True,MC_UNRESOLVED
B3,Q2,0.75,256,195,0,True,FALSE,6,False,FALSE
B3,Q2,0.75,256,195,195,True,MC_UNRESOLVED,6,True,MC_UNRESOLVED
B3,Q2,0.75,256,196,196,True,MC_UNRESOLVED,4,True,MC_UNRESOLVED
B3,Q2,0.75,256,200,200,True,MC_UNRESOLVED,4,True,MC_UNRESOLVED
B3,Q2,0.75,256,207,0,True,FALSE,18,False,FALSE
B3,Q2,0.75,256,207,207,True,MC_UNRESOLVED,14,True,MC_UNRESOLVED
B3,Q2,0.75,256,208,0,True,FALSE,12,False,FALSE
B3,Q2,0.75,256,208,208,True,TRUE,10,True,TRUE
B3,Q2,0.75,256,209,209,True,TRUE,4,True,TRUE
B3,Q2,0.75,256,210,0,True,FALSE,6,False,FALSE
B3,Q2,0.75,256,210,210,True,TRUE,6,True,TRUE
B3,Q2,0.75,256,211,0,True,FALSE,12,False,FALSE
B3,Q2,0.75,256,213,0,True,FALSE,6,False,FALSE
B3,Q2,0.75,256,213,213,True,TRUE,6,True,TRUE
B3,Q2,0.75,256,214,0,True,FALSE,6,False,FALSE
B3,Q2,0.75,256,214,214,True,TRUE,6,True,TRUE
B3,Q2,0.75,256,215,0,True,FALSE,6,False,FALSE
B3,Q2,0.75,256,215,215,True,TRUE,6,True,TRUE
B3,Q2,0.75,256,218,0,True,FALSE,6,False,FALSE
B3,Q2,0.75,256,218,218,True,TRUE,6,True,TRUE
B3,Q2,0.75,256,219,0,True,FALSE,6,False,FALSE
B3,Q2,0.75,256,219,219,True,TRUE,6,True,TRUE
B3,Q2,0.75,256,221,221,True,TRUE,4,True,TRUE
B3,Q2,0.75,256,223,0,True,FALSE,6,False,FALSE
B3,Q2,0.75,256,223,223,True,TRUE,6,True,TRUE
B3,Q2,0.75,256,225,220,True,TRUE,2,True,TRUE
B3,Q2,0.75,256,225,225,True,TRUE,2,True,TRUE
B3,Q2,0.75,256,226,226,True,TRUE,4,True,TRUE
B3,Q2,0.75,256,228,0,True,FALSE,12,False,FALSE
B3,Q2,0.75,256,228,228,True,TRUE,12,True,TRUE
B3,Q2,0.75,256,230,0,True,FALSE,18,False,FALSE
B3,Q2,0.75,256,230,230,True,TRUE,18,True,TRUE
B3,Q2,0.75,256,232,0,True,FALSE,12,False,FALSE
B3,Q2,0.75,256,232,229,True,TRUE,2,True,TRUE
B3,Q2,0.75,256,232,232,True,TRUE,14,True,TRUE
B3,Q2,0.75,256,233,0,True,FALSE,12,False,FALSE
B3,Q2,0.75,256,233,233,True,TRUE,12,True,TRUE
B3,Q2,0.75,256,234,0,True,FALSE,18,False,FALSE
B3,Q2,0.75,256,234,234,True,TRUE,22,True,TRUE
B3,Q2,0.75,256,235,0,True,FALSE,12,False,FALSE
B3,Q2,0.75,256,235,235,True,TRUE,12,True,TRUE
B3,Q2,0.75,256,236,0,True,FALSE,6,False,FALSE
B3,Q2,0.75,256,236,231,True,TRUE,2,True,TRUE
B3,Q2,0.75,256,236,236,True,TRUE,8,True,TRUE
B3,Q2,0.75,256,237,237,True,TRUE,8,True,TRUE
B3,Q2,0.75,256,238,237,True,TRUE,2,True,TRUE
B3,Q2,0.75,256,238,238,True,TRUE,2,True,TRUE
B3,Q2,0.75,256,243,0,True,FALSE,18,False,FALSE
B3,Q2,0.75,256,243,243,True,TRUE,6,True,TRUE
B3,Q2,0.75,256,244,0,True,FALSE,9,False,FALSE
B3,Q2,0.75,256,244,244,True,TRUE,9,True,TRUE
B3,Q2,0.75,256,245,0,True,FALSE,6,False,FALSE
B3,Q2,0.75,256,245,245,True,TRUE,6,True,TRUE
B3,Q2,0.75,256,246,0,True,FALSE,9,False,FALSE
B3,Q2,0.75,256,246,242,True,TRUE,4,True,TRUE
B3,Q2,0.75,256,246,246,True,TRUE,13,True,TRUE
B3,Q2,0.75,256,247,0,True,FALSE,12,False,FALSE
B3,Q2,0.75,256,247,247,True,TRUE,6,True,TRUE
B3,Q2,0.75,256,248,0,True,FALSE,18,False,FALSE
B3,Q2,0.75,256,248,243,True,TRUE,2,True,TRUE
B3,Q2,0.75,256,248,248,True,TRUE,6,True,TRUE
B3,Q2,0.75,256,249,0,True,FALSE,12,False,FALSE
B3,Q2,0.75,256,249,249,True,TRUE,4,True,TRUE
B3,Q2,0.75,256,250,0,True,FALSE,6,False,FALSE
B3,Q2,0.75,256,250,13,True,FALSE,2,False,FALSE
B3,Q2,0.75,256,250,250,True,TRUE,8,True,TRUE
B3,Q2,0.75,256,251,0,True,FALSE,30,False,FALSE
B3,Q2,0.75,256,251,246,True,TRUE,2,True,TRUE
B3,Q2,0.75,256,251,251,True,TRUE,20,True,TRUE
B3,Q2,0.75,256,252,0,True,FALSE,12,False,FALSE
B3,Q2,0.75,256,252,13,True,FALSE,2,False,FALSE
B3,Q2,0.75,256,252,252,True,TRUE,20,True,TRUE
B3,Q2,0.75,256,253,0,True,FALSE,18,False,FALSE
B3,Q2,0.75,256,253,8,True,FALSE,2,False,FALSE
B3,Q2,0.75,256,253,209,True,TRUE,2,True,TRUE
B3,Q2,0.75,256,253,233,True,TRUE,2,True,TRUE
B3,Q2,0.75,256,253,252,True,TRUE,4,True,TRUE
B3,Q2,0.75,256,253,253,True,TRUE,28,True,TRUE
B3,Q2,0.75,256,254,0,True,FALSE,18,False,FALSE
B3,Q2,0.75,256,254,8,True,FALSE,4,False,FALSE
B3,Q2,0.75,256,254,14,True,FALSE,2,False,FALSE
B3,Q2,0.75,256,254,61,True,FALSE,2,False,FALSE
B3,Q2,0.75,256,254,140,True,FALSE,6,False,FALSE
B3,Q2,0.75,256,254,210,True,TRUE,2,True,TRUE
B3,Q2,0.75,256,254,234,True,TRUE,2,True,TRUE
B3,Q2,0.75,256,254,249,True,TRUE,2,True,TRUE
B3,Q2,0.75,256,254,254,True,TRUE,52,True,TRUE
B3,Q2,0.75,256,255,0,True,FALSE,71,False,FALSE
B3,Q2,0.75,256,255,16,True,FALSE,6,False,FALSE
B3,Q2,0.75,256,255,21,True,FALSE,6,False,FALSE
B3,Q2,0.75,256,255,57,True,FALSE,6,False,FALSE
B3,Q2,0.75,256,255,61,True,FALSE,4,False,FALSE
B3,Q2,0.75,256,255,178,True,MC_UNRESOLVED,2,False,MC_UNRESOLVED
B3,Q2,0.75,256,255,227,True,TRUE,2,True,TRUE
B3,Q2,0.75,256,255,228,True,TRUE,2,True,TRUE
B3,Q2,0.75,256,255,234,True,TRUE,2,True,TRUE
B3,Q2,0.75,256,255,245,True,TRUE,2,True,TRUE
B3,Q2,0.75,256,255,250,True,TRUE,2,True,TRUE
B3,Q2,0.75,256,255,254,True,TRUE,4,True,TRUE
B3,Q2,0.75,256,255,255,True,TRUE,115,True,TRUE
B3,Q2,0.75,256,256,0,True,FALSE,34618,False,FALSE
B3,Q2,0.75,256,256,1,True,FALSE,72,False,FALSE
B3,Q2,0.75,256,256,2,True,FALSE,24,False,FALSE
B3,Q2,0.75,256,256,3,True,FALSE,6,False,FALSE
B3,Q2,0.75,256,256,4,True,FALSE,33,False,FALSE
B3,Q2,0.75,256,256,8,True,FALSE,3,False,FALSE
B3,Q2,0.75,256,256,9,True,FALSE,15,False,FALSE
B3,Q2,0.75,256,256,11,True,FALSE,9,False,FALSE
B3,Q2,0.75,256,256,13,True,FALSE,21,False,FALSE
B3,Q2,0.75,256,256,14,True,FALSE,12,False,FALSE
B3,Q2,0.75,256,256,15,True,FALSE,12,False,FALSE
B3,Q2,0.75,256,256,16,True,FALSE,30,False,FALSE
B3,Q2,0.75,256,256,17,True,FALSE,18,False,FALSE
B3,Q2,0.75,256,256,18,True,FALSE,30,False,FALSE
B3,Q2,0.75,256,256,21,True,FALSE,30,False,FALSE
B3,Q2,0.75,256,256,22,True,FALSE,3,False,FALSE
B3,Q2,0.75,256,256,23,True,FALSE,21,False,FALSE
B3,Q2,0.75,256,256,24,True,FALSE,3,False,FALSE
B3,Q2,0.75,256,256,25,True,FALSE,33,False,FALSE
B3,Q2,0.75,256,256,28,True,FALSE,3,False,FALSE
B3,Q2,0.75,256,256,31,True,FALSE,6,False,FALSE
B3,Q2,0.75,256,256,32,True,FALSE,6,False,FALSE
B3,Q2,0.75,256,256,34,True,FALSE,6,False,FALSE
B3,Q2,0.75,256,256,38,True,FALSE,3,False,FALSE
B3,Q2,0.75,256,256,42,True,FALSE,3,False,FALSE
B3,Q2,0.75,256,256,43,True,FALSE,12,False,FALSE
B3,Q2,0.75,256,256,45,True,FALSE,18,False,FALSE
B3,Q2,0.75,256,256,46,True,FALSE,3,False,FALSE
B3,Q2,0.75,256,256,53,True,FALSE,12,False,FALSE
B3,Q2,0.75,256,256,55,True,FALSE,6,False,FALSE
B3,Q2,0.75,256,256,57,True,FALSE,12,False,FALSE
B3,Q2,0.75,256,256,58,True,FALSE,6,False,FALSE
B3,Q2,0.75,256,256,60,True,FALSE,3,False,FALSE
B3,Q2,0.75,256,256,62,True,FALSE,15,False,FALSE
B3,Q2,0.75,256,256,68,True,FALSE,12,False,FALSE
B3,Q2,0.75,256,256,71,True,FALSE,3,False,FALSE
B3,Q2,0.75,256,256,72,True,FALSE,3,False,FALSE
B3,Q2,0.75,256,256,105,True,FALSE,6,False,FALSE
B3,Q2,0.75,256,256,108,True,FALSE,3,False,FALSE
B3,Q2,0.75,256,256,110,True,FALSE,6,False,FALSE
B3,Q2,0.75,256,256,114,True,FALSE,6,False,FALSE
B3,Q2,0.75,256,256,117,True,FALSE,6,False,FALSE
B3,Q2,0.75,256,256,121,True,FALSE,3,False,FALSE
B3,Q2,0.75,256,256,126,True,FALSE,6,False,FALSE
B3,Q2,0.75,256,256,131,True,FALSE,6,False,FALSE
B3,Q2,0.75,256,256,133,True,FALSE,18,False,FALSE
B3,Q2,0.75,256,256,141,True,FALSE,48,False,FALSE
B3,Q2,0.75,256,256,160,True,FALSE,3,False,FALSE
B3,Q2,0.75,256,256,164,True,FALSE,3,False,FALSE
B3,Q2,0.75,256,256,168,True,FALSE,3,False,FALSE
B3,Q2,0.75,256,256,175,True,FALSE,3,False,FALSE
B3,Q2,0.75,256,256,176,True,FALSE,18,False,FALSE
B3,Q2,0.75,256,256,179,True,MC_UNRESOLVED,34,False,MC_UNRESOLVED
B3,Q2,0.75,256,256,183,True,MC_UNRESOLVED,6,False,MC_UNRESOLVED
B3,Q2,0.75,256,256,193,True,MC_UNRESOLVED,18,True,MC_UNRESOLVED
B3,Q2,0.75,256,256,199,True,MC_UNRESOLVED,6,True,MC_UNRESOLVED
B3,Q2,0.75,256,256,200,True,MC_UNRESOLVED,3,True,MC_UNRESOLVED
B3,Q2,0.75,256,256,203,True,MC_UNRESOLVED,3,True,MC_UNRESOLVED
B3,Q2,0.75,256,256,205,True,MC_UNRESOLVED,3,True,MC_UNRESOLVED
B3,Q2,0.75,256,256,209,True,TRUE,3,True,TRUE
B3,Q2,0.75,256,256,210,True,TRUE,3,True,TRUE
B3,Q2,0.75,256,256,212,True,TRUE,32,True,TRUE
B3,Q2,0.75,256,256,215,True,TRUE,36,True,TRUE
B3,Q2,0.75,256,256,217,True,TRUE,18,True,TRUE
B3,Q2,0.75,256,256,219,True,TRUE,3,True,TRUE
B3,Q2,0.75,256,256,225,True,TRUE,6,True,TRUE
B3,Q2,0.75,256,256,226,True,TRUE,6,True,TRUE
B3,Q2,0.75,256,256,228,True,TRUE,32,True,TRUE
B3,Q2,0.75,256,256,229,True,TRUE,6,True,TRUE
B3,Q2,0.75,256,256,230,True,TRUE,6,True,TRUE
B3,Q2,0.75,256,256,231,True,TRUE,12,True,TRUE
B3,Q2,0.75,256,256,233,True,TRUE,6,True,TRUE
B3,Q2,0.75,256,256,235,True,TRUE,16,True,TRUE
B3,Q2,0.75,256,256,236,True,TRUE,14,True,TRUE
B3,Q2,0.75,256,256,237,True,TRUE,12,True,TRUE
B3,Q2,0.75,256,256,239,True,TRUE,6,True,TRUE
B3,Q2,0.75,256,256,241,True,TRUE,6,True,TRUE
B3,Q2,0.75,256,256,244,True,TRUE,6,True,TRUE
B3,Q2,0.75,256,256,246,True,TRUE,16,True,TRUE
B3,Q2,0.75,256,256,251,True,TRUE,24,True,TRUE
B3,Q2,0.75,256,256,252,True,TRUE,18,True,TRUE
B3,Q2,0.75,256,256,253,True,TRUE,3,True,TRUE
B3,Q2,0.75,256,256,254,True,TRUE,6,True,TRUE
B3,Q2,0.75,256,256,255,True,TRUE,89,True,TRUE
B3,Q2,0.75,256,256,256,True,TRUE,31947,True,TRUE
B3,Q1,0.9,256,0,0,False,FALSE,16464,False,FALSE
B3,Q1,0.9,256,46,46,False,FALSE,2,False,FALSE
B3,Q1,0.9,256,47,47,False,FALSE,4,False,FALSE
B3,Q1,0.9,256,65,65,False,FALSE,2,False,FALSE
B3,Q1,0.9,256,66,66,False,FALSE,4,False,FALSE
B3,Q1,0.9,256,173,173,False,FALSE,2,False,FALSE
B3,Q1,0.9,256,177,177,False,FALSE,4,False,FALSE
B3,Q1,0.9,256,188,188,False,FALSE,2,False,FALSE
B3,Q1,0.9,256,192,192,False,FALSE,6,False,FALSE
B3,Q1,0.9,256,193,193,False,FALSE,6,False,FALSE
B3,Q1,0.9,256,194,194,False,FALSE,2,False,FALSE
B3,Q1,0.9,256,195,195,False,FALSE,2,False,FALSE
B3,Q1,0.9,256,196,196,False,FALSE,6,False,FALSE
B3,Q1,0.9,256,206,206,False,FALSE,6,False,FALSE
B3,Q1,0.9,256,216,216,False,FALSE,2,False,FALSE
B3,Q1,0.9,256,222,222,False,FALSE,2,False,FALSE
B3,Q1,0.9,256,223,223,False,FALSE,4,False,FALSE
B3,Q1,0.9,256,230,230,False,FALSE,2,False,FALSE
B3,Q1,0.9,256,231,231,False,FALSE,2,False,FALSE
B3,Q1,0.9,256,234,234,False,FALSE,4,False,FALSE
B3,Q1,0.9,256,237,237,False,FALSE,2,False,FALSE
B3,Q1,0.9,256,238,238,False,FALSE,2,False,FALSE
B3,Q1,0.9,256,242,242,False,FALSE,2,False,FALSE
B3,Q1,0.9,256,243,243,False,FALSE,2,False,FALSE
B3,Q1,0.9,256,250,250,False,FALSE,2,False,FALSE
B3,Q1,0.9,256,252,252,False,FALSE,6,False,FALSE
B3,Q1,0.9,256,253,253,False,FALSE,2,False,FALSE
B3,Q1,0.9,256,254,254,False,FALSE,8,False,FALSE
B3,Q1,0.9,256,255,255,False,FALSE,6,False,FALSE
B3,Q1,0.9,256,0,0,True,FALSE,30579,False,FALSE
B3,Q1,0.9,256,1,0,True,FALSE,12,False,FALSE
B3,Q1,0.9,256,1,1,True,FALSE,108,False,FALSE
B3,Q1,0.9,256,2,0,True,FALSE,9,False,FALSE
B3,Q1,0.9,256,2,2,True,FALSE,36,False,FALSE
B3,Q1,0.9,256,3,0,True,FALSE,3,False,FALSE
B3,Q1,0.9,256,3,3,True,FALSE,42,False,FALSE
B3,Q1,0.9,256,4,0,True,FALSE,18,False,FALSE
B3,Q1,0.9,256,4,4,True,FALSE,36,False,FALSE
B3,Q1,0.9,256,5,0,True,FALSE,15,False,FALSE
B3,Q1,0.9,256,5,5,True,FALSE,57,False,FALSE
B3,Q1,0.9,256,6,6,True,FALSE,33,False,FALSE
B3,Q1,0.9,256,7,0,True,FALSE,3,False,FALSE
B3,Q1,0.9,256,7,7,True,FALSE,30,False,FALSE
B3,Q1,0.9,256,8,8,True,FALSE,18,False,FALSE
B3,Q1,0.9,256,9,0,True,FALSE,6,False,FALSE
B3,Q1,0.9,256,9,9,True,FALSE,15,False,FALSE
B3,Q1,0.9,256,10,10,True,FALSE,12,False,FALSE
B3,Q1,0.9,256,11,11,True,FALSE,12,False,FALSE
B3,Q1,0.9,256,12,12,True,FALSE,12,False,FALSE
B3,Q1,0.9,256,13,0,True,FALSE,9,False,FALSE
B3,Q1,0.9,256,13,13,True,FALSE,27,False,FALSE
B3,Q1,0.9,256,14,14,True,FALSE,15,False,FALSE
B3,Q1,0.9,256,15,15,True,FALSE,21,False,FALSE
B3,Q1,0.9,256,16,0,True,FALSE,6,False,FALSE
B3,Q1,0.9,256,16,16,True,FALSE,6,False,FALSE
B3,Q1,0.9,256,17,0,True,FALSE,6,False,FALSE
B3,Q1,0.9,256,17,17,True,FALSE,18,False,FALSE
B3,Q1,0.9,256,18,18,True,FALSE,21,False,FALSE
B3,Q1,0.9,256,19,19,True,FALSE,12,False,FALSE
B3,Q1,0.9,256,20,20,True,FALSE,6,False,FALSE
B3,Q1,0.9,256,22,22,True,FALSE,12,False,FALSE
B3,Q1,0.9,256,24,24,True,FALSE,15,False,FALSE
B3,Q1,0.9,256,25,25,True,FALSE,15,False,FALSE
B3,Q1,0.9,256,27,0,True,FALSE,6,False,FALSE
B3,Q1,0.9,256,27,27,True,FALSE,21,False,FALSE
B3,Q1,0.9,256,28,28,True,FALSE,6,False,FALSE
B3,Q1,0.9,256,29,29,True,FALSE,12,False,FALSE
B3,Q1,0.9,256,30,30,True,FALSE,9,False,FALSE
B3,Q1,0.9,256,31,31,True,FALSE,12,False,FALSE
B3,Q1,0.9,256,33,33,True,FALSE,12,False,FALSE
B3,Q1,0.9,256,36,36,True,FALSE,3,False,FALSE
B3,Q1,0.9,256,37,37,True,FALSE,3,False,FALSE
B3,Q1,0.9,256,38,38,True,FALSE,5,False,FALSE
B3,Q1,0.9,256,39,39,True,FALSE,4,False,FALSE
B3,Q1,0.9,256,41,41,True,FALSE,18,False,FALSE
B3,Q1,0.9,256,42,42,True,FALSE,18,False,FALSE
B3,Q1,0.9,256,43,43,True,FALSE,12,False,FALSE
B3,Q1,0.9,256,44,0,True,FALSE,3,False,FALSE
B3,Q1,0.9,256,45,45,True,FALSE,12,False,FALSE
B3,Q1,0.9,256,46,0,True,FALSE,6,False,FALSE
B3,Q1,0.9,256,47,47,True,FALSE,6,False,FALSE
B3,Q1,0.9,256,48,48,True,FALSE,6,False,FALSE
B3,Q1,0.9,256,49,19,True,FALSE,6,False,FALSE
B3,Q1,0.9,256,49,49,True,FALSE,6,False,FALSE
B3,Q1,0.9,256,50,50,True,FALSE,6,False,FALSE
B3,Q1,0.9,256,51,0,True,FALSE,3,False,FALSE
B3,Q1,0.9,256,52,52,True,FALSE,6,False,FALSE
B3,Q1,0.9,256,53,53,True,FALSE,18,False,FALSE
B3,Q1,0.9,256,55,55,True,FALSE,6,False,FALSE
B3,Q1,0.9,256,57,57,True,FALSE,6,False,FALSE
B3,Q1,0.9,256,61,0,True,FALSE,6,False,FALSE
B3,Q1,0.9,256,63,63,True,FALSE,6,False,FALSE
B3,Q1,0.9,256,65,65,True,FALSE,6,False,FALSE
B3,Q1,0.9,256,66,66,True,FALSE,6,False,FALSE
B3,Q1,0.9,256,67,67,True,FALSE,6,False,FALSE
B3,Q1,0.9,256,69,0,True,FALSE,6,False,FALSE
B3,Q1,0.9,256,69,69,True,FALSE,6,False,FALSE
B3,Q1,0.9,256,70,70,True,FALSE,12,False,FALSE
B3,Q1,0.9,256,71,71,True,FALSE,6,False,FALSE
B3,Q1,0.9,256,72,72,True,FALSE,6,False,FALSE
B3,Q1,0.9,256,74,74,True,FALSE,6,False,FALSE
B3,Q1,0.9,256,75,75,True,FALSE,6,False,FALSE
B3,Q1,0.9,256,80,80,True,FALSE,6,False,FALSE
B3,Q1,0.9,256,81,0,True,FALSE,6,False,FALSE
B3,Q1,0.9,256,82,82,True,FALSE,24,False,FALSE
B3,Q1,0.9,256,83,0,True,FALSE,6,False,FALSE
B3,Q1,0.9,256,83,83,True,FALSE,6,False,FALSE
B3,Q1,0.9,256,85,44,True,FALSE,6,False,FALSE
B3,Q1,0.9,256,85,85,True,FALSE,12,False,FALSE
B3,Q1,0.9,256,86,86,True,FALSE,18,False,FALSE
B3,Q1,0.9,256,87,87,True,FALSE,18,False,FALSE
B3,Q1,0.9,256,88,0,True,FALSE,3,False,FALSE
B3,Q1,0.9,256,92,92,True,FALSE,6,False,FALSE
B3,Q1,0.9,256,93,0,True,FALSE,6,False,FALSE
B3,Q1,0.9,256,93,93,True,FALSE,6,False,FALSE
B3,Q1,0.9,256,94,94,True,FALSE,2,False,FALSE
B3,Q1,0.9,256,95,95,True,FALSE,4,False,FALSE
B3,Q1,0.9,256,96,96,True,FALSE,6,False,FALSE
B3,Q1,0.9,256,99,0,True,FALSE,6,False,FALSE
B3,Q1,0.9,256,99,99,True,FALSE,6,False,FALSE
B3,Q1,0.9,256,100,100,True,FALSE,12,False,FALSE
B3,Q1,0.9,256,102,102,True,FALSE,6,False,FALSE
B3,Q1,0.9,256,104,0,True,FALSE,6,False,FALSE
B3,Q1,0.9,256,104,104,True,FALSE,8,False,FALSE
B3,Q1,0.9,256,105,105,True,FALSE,18,False,FALSE
B3,Q1,0.9,256,106,106,True,FALSE,18,False,FALSE
B3,Q1,0.9,256,107,107,True,FALSE,8,False,FALSE
B3,Q1,0.9,256,108,0,True,FALSE,6,False,FALSE
B3,Q1,0.9,256,110,0,True,FALSE,3,False,FALSE
B3,Q1,0.9,256,110,110,True,FALSE,6,False,FALSE
B3,Q1,0.9,256,112,11,True,FALSE,6,False,FALSE
B3,Q1,0.9,256,112,112,True,FALSE,6,False,FALSE
B3,Q1,0.9,256,113,113,True,FALSE,6,False,FALSE
B3,Q1,0.9,256,116,0,True,FALSE,12,False,FALSE
B3,Q1,0.9,256,116,116,True,FALSE,6,False,FALSE
B3,Q1,0.9,256,118,118,True,FALSE,6,False,FALSE
B3,Q1,0.9,256,119,119,True,FALSE,6,False,FALSE
B3,Q1,0.9,256,121,121,True,FALSE,6,False,FALSE
B3,Q1,0.9,256,123,0,True,FALSE,6,False,FALSE
B3,Q1,0.9,256,123,123,True,FALSE,6,False,FALSE
B3,Q1,0.9,256,125,125,True,FALSE,2,False,FALSE
B3,Q1,0.9,256,133,133,True,FALSE,12,False,FALSE
B3,Q1,0.9,256,137,0,True,FALSE,6,False,FALSE
B3,Q1,0.9,256,138,138,True,FALSE,6,False,FALSE
B3,Q1,0.9,256,147,147,True,FALSE,6,False,FALSE
B3,Q1,0.9,256,150,150,True,FALSE,6,False,FALSE
B3,Q1,0.9,256,151,20,True,FALSE,6,False,FALSE
B3,Q1,0.9,256,151,151,True,FALSE,6,False,FALSE
B3,Q1,0.9,256,152,0,True,FALSE,6,False,FALSE
B3,Q1,0.9,256,154,0,True,FALSE,6,False,FALSE
B3,Q1,0.9,256,155,155,True,FALSE,9,False,FALSE
B3,Q1,0.9,256,156,0,True,FALSE,3,False,FALSE
B3,Q1,0.9,256,158,158,True,FALSE,6,False,FALSE
B3,Q1,0.9,256,159,159,True,FALSE,8,False,FALSE
B3,Q1,0.9,256,162,0,True,FALSE,3,False,FALSE
B3,Q1,0.9,256,162,162,True,FALSE,3,False,FALSE
B3,Q1,0.9,256,163,0,True,FALSE,3,False,FALSE
B3,Q1,0.9,256,165,0,True,FALSE,3,False,FALSE
B3,Q1,0.9,256,165,165,True,FALSE,2,False,FALSE
B3,Q1,0.9,256,167,167,True,FALSE,6,False,FALSE
B3,Q1,0.9,256,170,0,True,FALSE,6,False,FALSE
B3,Q1,0.9,256,170,170,True,FALSE,2,False,FALSE
B3,Q1,0.9,256,173,173,True,FALSE,6,False,FALSE
B3,Q1,0.9,256,174,174,True,FALSE,6,False,FALSE
B3,Q1,0.9,256,175,175,True,FALSE,6,False,FALSE
B3,Q1,0.9,256,178,178,True,FALSE,6,False,FALSE
B3,Q1,0.9,256,179,179,True,FALSE,4,False,FALSE
B3,Q1,0.9,256,181,181,True,FALSE,12,False,FALSE
B3,Q1,0.9,256,182,182,True,FALSE,6,False,FALSE
B3,Q1,0.9,256,183,0,True,FALSE,3,False,FALSE
B3,Q1,0.9,256,183,183,True,FALSE,8,False,FALSE
B3,Q1,0.9,256,185,185,True,FALSE,6,False,FALSE
B3,Q1,0.9,256,189,189,True,FALSE,6,False,FALSE
B3,Q1,0.9,256,192,192,True,FALSE,6,False,FALSE
B3,Q1,0.9,256,195,195,True,FALSE,6,False,FALSE
B3,Q1,0.9,256,196,196,True,FALSE,2,False,FALSE
B3,Q1,0.9,256,200,200,True,FALSE,2,False,FALSE
B3,Q1,0.9,256,207,0,True,FALSE,6,False,FALSE
B3,Q1,0.9,256,207,207,True,FALSE,10,False,FALSE
B3,Q1,0.9,256,208,0,True,FALSE,3,False,FALSE
B3,Q1,0.9,256,208,208,True,FALSE,8,False,FALSE
B3,Q1,0.9,256,209,209,True,FALSE,2,False,FALSE
B3,Q1,0.9,256,210,210,True,FALSE,6,False,FALSE
B3,Q1,0.9,256,211,0,True,FALSE,6,False,FALSE
B3,Q1,0.9,256,213,213,True,FALSE,6,False,FALSE
B3,Q1,0.9,256,214,214,True,FALSE,6,False,FALSE
B3,Q1,0.9,256,215,215,True,FALSE,6,False,FALSE
B3,Q1,0.9,256,218,218,True,FALSE,6,False,FALSE
B3,Q1,0.9,256,219,219,True,FALSE,6,False,FALSE
B3,Q1,0.9,256,221,221,True,MC_UNRESOLVED,2,False,MC_UNRESOLVED
B3,Q1,0.9,256,223,223,True,MC_UNRESOLVED,6,False,MC_UNRESOLVED
B3,Q1,0.9,256,225,225,True,MC_UNRESOLVED,2,False,MC_UNRESOLVED
B3,Q1,0.9,256,226,226,True,MC_UNRESOLVED,2,False,MC_UNRESOLVED
B3,Q1,0.9,256,228,228,True,MC_UNRESOLVED,12,False,MC_UNRESOLVED
B3,Q1,0.9,256,230,230,True,MC_UNRESOLVED,18,False,MC_UNRESOLVED
B3,Q1,0.9,256,232,232,True,MC_UNRESOLVED,14,True,MC_UNRESOLVED
B3,Q1,0.9,256,233,233,True,MC_UNRESOLVED,12,True,MC_UNRESOLVED
B3,Q1,0.9,256,234,234,True,MC_UNRESOLVED,20,True,MC_UNRESOLVED
B3,Q1,0.9,256,235,235,True,MC_UNRESOLVED,12,True,MC_UNRESOLVED
B3,Q1,0.9,256,236,236,True,MC_UNRESOLVED,8,True,MC_UNRESOLVED
B3,Q1,0.9,256,237,237,True,MC_UNRESOLVED,4,True,MC_UNRESOLVED
B3,Q1,0.9,256,238,238,True,MC_UNRESOLVED,2,True,MC_UNRESOLVED
B3,Q1,0.9,256,243,0,True,TRUE,6,True,TRUE
B3,Q1,0.9,256,243,243,True,TRUE,6,True,TRUE
B3,Q1,0.9,256,244,244,True,TRUE,9,True,TRUE
B3,Q1,0.9,256,245,245,True,TRUE,6,True,TRUE
B3,Q1,0.9,256,246,246,True,TRUE,13,True,TRUE
B3,Q1,0.9,256,247,0,True,TRUE,3,True,TRUE
B3,Q1,0.9,256,247,247,True,TRUE,6,True,TRUE
B3,Q1,0.9,256,248,0,True,TRUE,9,True,TRUE
B3,Q1,0.9,256,248,248,True,TRUE,4,True,TRUE
B3,Q1,0.9,256,249,0,True,TRUE,6,True,TRUE
B3,Q1,0.9,256,249,249,True,TRUE,2,True,TRUE
B3,Q1,0.9,256,250,250,True,TRUE,8,True,TRUE
B3,Q1,0.9,256,251,0,True,TRUE,6,True,TRUE
B3,Q1,0.9,256,251,251,True,TRUE,20,True,TRUE
B3,Q1,0.9,256,252,0,True,TRUE,3,True,TRUE
B3,Q1,0.9,256,252,252,True,TRUE,14,True,TRUE
B3,Q1,0.9,256,253,253,True,TRUE,28,True,TRUE
B3,Q1,0.9,256,254,0,True,TRUE,3,True,TRUE
B3,Q1,0.9,256,254,254,True,TRUE,42,True,TRUE
B3,Q1,0.9,256,255,0,True,TRUE,3,True,TRUE
B3,Q1,0.9,256,255,255,True,TRUE,109,True,TRUE
B3,Q1,0.9,256,256,0,True,TRUE,2178,True,TRUE
B3,Q1,0.9,256,256,1,True,TRUE,18,True,TRUE
B3,Q1,0.9,256,256,2,True,TRUE,24,True,TRUE
B3,Q1,0.9,256,256,3,True,TRUE,6,True,TRUE
B3,Q1,0.9,256,256,4,True,TRUE,15,True,TRUE
B3,Q1,0.9,256,256,8,True,TRUE,3,True,TRUE
B3,Q1,0.9,256,256,9,True,TRUE,3,True,TRUE
B3,Q1,0.9,256,256,11,True,TRUE,9,True,TRUE
B3,Q1,0.9,256,256,13,True,TRUE,3,True,TRUE
B3,Q1,0.9,256,256,22,True,TRUE,3,True,TRUE
B3,Q1,0.9,256,256,23,True,TRUE,9,True,TRUE
B3,Q1,0.9,256,256,24,True,TRUE,3,True,TRUE
B3,Q1,0.9,256,256,25,True,TRUE,3,True,TRUE
B3,Q1,0.9,256,256,28,True,TRUE,3,True,TRUE
B3,Q1,0.9,256,256,31,True,TRUE,6,True,TRUE
B3,Q1,0.9,256,256,32,True,TRUE,6,True,TRUE
B3,Q1,0.9,256,256,34,True,TRUE,6,True,TRUE
B3,Q1,0.9,256,256,38,True,TRUE,3,True,TRUE
B3,Q1,0.9,256,256,42,True,TRUE,3,True,TRUE
B3,Q1,0.9,256,256,43,True,TRUE,12,True,TRUE
B3,Q1,0.9,256,256,45,True,TRUE,18,True,TRUE
B3,Q1,0.9,256,256,46,True,TRUE,3,True,TRUE
B3,Q1,0.9,256,256,55,True,TRUE,6,True,TRUE
B3,Q1,0.9,256,256,58,True,TRUE,6,True,TRUE
B3,Q1,0.9,256,256,60,True,TRUE,3,True,TRUE
B3,Q1,0.9,256,256,62,True,TRUE,3,True,TRUE
B3,Q1,0.9,256,256,71,True,TRUE,3,True,TRUE
B3,Q1,0.9,256,256,72,True,TRUE,3,True,TRUE
B3,Q1,0.9,256,256,105,True,TRUE,6,True,TRUE
B3,Q1,0.9,256,256,108,True,TRUE,3,True,TRUE
B3,Q1,0.9,256,256,110,True,TRUE,6,True,TRUE
B3,Q1,0.9,256,256,114,True,TRUE,6,True,TRUE
B3,Q1,0.9,256,256,117,True,TRUE,6,True,TRUE
B3,Q1,0.9,256,256,121,True,TRUE,3,True,TRUE
B3,Q1,0.9,256,256,126,True,TRUE,6,True,TRUE
B3,Q1,0.9,256,256,131,True,TRUE,6,True,TRUE
B3,Q1,0.9,256,256,160,True,TRUE,3,True,TRUE
B3,Q1,0.9,256,256,164,True,TRUE,3,True,TRUE
B3,Q1,0.9,256,256,168,True,TRUE,3,True,TRUE
B3,Q1,0.9,256,256,175,True,TRUE,3,True,TRUE
B3,Q1,0.9,256,256,183,True,TRUE,6,True,TRUE
B3,Q1,0.9,256,256,199,True,TRUE,6,True,TRUE
B3,Q1,0.9,256,256,200,True,TRUE,3,True,TRUE
B3,Q1,0.9,256,256,203,True,TRUE,3,True,TRUE
B3,Q1,0.9,256,256,205,True,TRUE,3,True,TRUE
B3,Q1,0.9,256,256,209,True,TRUE,3,True,TRUE
B3,Q1,0.9,256,256,210,True,TRUE,3,True,TRUE
B3,Q1,0.9,256,256,219,True,TRUE,3,True,TRUE
B3,Q1,0.9,256,256,225,True,TRUE,6,True,TRUE
B3,Q1,0.9,256,256,226,True,TRUE,6,True,TRUE
B3,Q1,0.9,256,256,229,True,TRUE,6,True,TRUE
B3,Q1,0.9,256,256,230,True,TRUE,6,True,TRUE
B3,Q1,0.9,256,256,231,True,TRUE,12,True,TRUE
B3,Q1,0.9,256,256,233,True,TRUE,6,True,TRUE
B3,Q1,0.9,256,256,237,True,TRUE,12,True,TRUE
B3,Q1,0.9,256,256,239,True,TRUE,6,True,TRUE
B3,Q1,0.9,256,256,241,True,TRUE,6,True,TRUE
B3,Q1,0.9,256,256,244,True,TRUE,6,True,TRUE
B3,Q1,0.9,256,256,252,True,TRUE,6,True,TRUE
B3,Q1,0.9,256,256,253,True,TRUE,3,True,TRUE
B3,Q1,0.9,256,256,254,True,TRUE,6,True,TRUE
B3,Q1,0.9,256,256,255,True,TRUE,27,True,TRUE
B3,Q1,0.9,256,256,256,True,TRUE,31275,True,TRUE
B3,Q2,0.9,256,0,0,False,FALSE,32928,False,FALSE
B3,Q2,0.9,256,46,46,False,FALSE,4,False,FALSE
B3,Q2,0.9,256,47,47,False,FALSE,8,False,FALSE
B3,Q2,0.9,256,65,65,False,FALSE,4,False,FALSE
B3,Q2,0.9,256,66,66,False,FALSE,8,False,FALSE
B3,Q2,0.9,256,173,173,False,FALSE,4,False,FALSE
B3,Q2,0.9,256,177,177,False,FALSE,8,False,FALSE
B3,Q2,0.9,256,188,188,False,FALSE,4,False,FALSE
B3,Q2,0.9,256,192,13,False,FALSE,4,False,FALSE
B3,Q2,0.9,256,192,40,False,FALSE,2,False,FALSE
B3,Q2,0.9,256,192,192,False,FALSE,6,False,FALSE
B3,Q2,0.9,256,193,193,False,FALSE,12,False,FALSE
B3,Q2,0.9,256,194,194,False,FALSE,4,False,FALSE
B3,Q2,0.9,256,195,195,False,FALSE,4,False,FALSE
B3,Q2,0.9,256,196,196,False,FALSE,12,False,FALSE
B3,Q2,0.9,256,206,17,False,FALSE,2,False,FALSE
B3,Q2,0.9,256,206,19,False,FALSE,2,False,FALSE
B3,Q2,0.9,256,206,60,False,FALSE,2,False,FALSE
B3,Q2,0.9,256,206,206,False,FALSE,6,False,FALSE
B3,Q2,0.9,256,216,216,False,FALSE,4,False,FALSE
B3,Q2,0.9,256,222,222,False,FALSE,4,False,FALSE
B3,Q2,0.9,256,223,223,False,FALSE,8,False,FALSE
B3,Q2,0.9,256,230,230,False,FALSE,4,False,FALSE
B3,Q2,0.9,256,231,231,False,FALSE,4,False,FALSE
B3,Q2,0.9,256,234,234,False,FALSE,8,False,FALSE
B3,Q2,0.9,256,237,237,False,FALSE,4,False,FALSE
B3,Q2,0.9,256,238,238,False,FALSE,4,False,FALSE
B3,Q2,0.9,256,242,242,False,FALSE,4,False,FALSE
B3,Q2,0.9,256,243,243,False,FALSE,4,False,FALSE
B3,Q2,0.9,256,250,250,False,FALSE,4,False,FALSE
B3,Q2,0.9,256,252,252,False,FALSE,12,False,FALSE
B3,Q2,0.9,256,253,15,False,FALSE,2,False,FALSE
B3,Q2,0.9,256,253,253,False,FALSE,2,False,FALSE
B3,Q2,0.9,256,254,17,False,FALSE,2,False,FALSE
B3,Q2,0.9,256,254,52,False,FALSE,2,False,FALSE
B3,Q2,0.9,256,254,254,False,FALSE,12,False,FALSE
B3,Q2,0.9,256,255,23,False,FALSE,2,False,FALSE
B3,Q2,0.9,256,255,25,False,FALSE,2,False,FALSE
B3,Q2,0.9,256,255,68,False,FALSE,2,False,FALSE
B3,Q2,0.9,256,255,255,False,FALSE,6,False,FALSE
B3,Q2,0.9,256,0,0,True,FALSE,61158,False,FALSE
B3,Q2,0.9,256,1,0,True,FALSE,132,False,FALSE
B3,Q2,0.9,256,1,1,True,FALSE,108,False,FALSE
B3,Q2,0.9,256,2,0,True,FALSE,54,False,FALSE
B3,Q2,0.9,256,2,2,True,FALSE,36,False,FALSE
B3,Q2,0.9,256,3,0,True,FALSE,48,False,FALSE
B3,Q2,0.9,256,3,3,True,FALSE,42,False,FALSE
B3,Q2,0.9,256,4,0,True,FALSE,72,False,FALSE
B3,Q2,0.9,256,4,4,True,FALSE,36,False,FALSE
B3,Q2,0.9,256,5,0,True,FALSE,87,False,FALSE
B3,Q2,0.9,256,5,5,True,FALSE,57,False,FALSE
B3,Q2,0.9,256,6,0,True,FALSE,33,False,FALSE
B3,Q2,0.9,256,6,6,True,FALSE,33,False,FALSE
B3,Q2,0.9,256,7,0,True,FALSE,36,False,FALSE
B3,Q2,0.9,256,7,7,True,FALSE,30,False,FALSE
B3,Q2,0.9,256,8,0,True,FALSE,18,False,FALSE
B3,Q2,0.9,256,8,8,True,FALSE,18,False,FALSE
B3,Q2,0.9,256,9,0,True,FALSE,27,False,FALSE
B3,Q2,0.9,256,9,9,True,FALSE,15,False,FALSE
B3,Q2,0.9,256,10,0,True,FALSE,12,False,FALSE
B3,Q2,0.9,256,10,10,True,FALSE,12,False,FALSE
B3,Q2,0.9,256,11,0,True,FALSE,12,False,FALSE
B3,Q2,0.9,256,11,11,True,FALSE,12,False,FALSE
B3,Q2,0.9,256,12,0,True,FALSE,12,False,FALSE
B3,Q2,0.9,256,12,12,True,FALSE,12,False,FALSE
B3,Q2,0.9,256,13,0,True,FALSE,45,False,FALSE
B3,Q2,0.9,256,13,13,True,FALSE,27,False,FALSE
B3,Q2,0.9,256,14,0,True,FALSE,15,False,FALSE
B3,Q2,0.9,256,14,14,True,FALSE,15,False,FALSE
B3,Q2,0.9,256,15,0,True,FALSE,21,False,FALSE
B3,Q2,0.9,256,15,15,True,FALSE,21,False,FALSE
B3,Q2,0.9,256,16,0,True,FALSE,18,False,FALSE
B3,Q2,0.9,256,16,16,True,FALSE,6,False,FALSE
B3,Q2,0.9,256,17,0,True,FALSE,30,False,FALSE
B3,Q2,0.9,256,17,17,True,FALSE,18,False,FALSE
B3,Q2,0.9,256,18,0,True,FALSE,21,False,FALSE
B3,Q2,0.9,256,18,18,True,FALSE,21,False,FALSE
B3,Q2,0.9,256,19,0,True,FALSE,12,False,FALSE
B3,Q2,0.9,256,19,19,True,FALSE,12,False,FALSE
B3,Q2,0.9,256,20,0,True,FALSE,6,False,FALSE
B3,Q2,0.9,256,20,20,True,FALSE,6,False,FALSE
B3,Q2,0.9,256,22,0,True,FALSE,12,False,FALSE
B3,Q2,0.9,256,22,22,True,FALSE,12,False,FALSE
B3,Q2,0.9,256,24,0,True,FALSE,15,False,FALSE
B3,Q2,0.9,256,24,24,True,FALSE,15,False,FALSE
B3,Q2,0.9,256,25,0,True,FALSE,15,False,FALSE
B3,Q2,0.9,256,25,25,True,FALSE,15,False,FALSE
B3,Q2,0.9,256,27,0,True,FALSE,33,False,FALSE
B3,Q2,0.9,256,27,27,True,FALSE,21,False,FALSE
B3,Q2,0.9,256,28,0,True,FALSE,6,False,FALSE
B3,Q2,0.9,256,28,28,True,FALSE,6,False,FALSE
B3,Q2,0.9,256,29,0,True,FALSE,12,False,FALSE
B3,Q2,0.9,256,29,29,True,FALSE,12,False,FALSE
B3,Q2,0.9,256,30,0,True,FALSE,9,False,FALSE
B3,Q2,0.9,256,30,30,True,FALSE,9,False,FALSE
B3,Q2,0.9,256,31,0,True,FALSE,12,False,FALSE
B3,Q2,0.9,256,31,31,True,FALSE,12,False,FALSE
B3,Q2,0.9,256,33,0,True,FALSE,12,False,FALSE
B3,Q2,0.9,256,33,33,True,FALSE,12,False,FALSE
B3,Q2,0.9,256,36,0,True,FALSE,3,False,FALSE
B3,Q2,0.9,256,36,36,True,FALSE,3,False,FALSE
B3,Q2,0.9,256,37,0,True,FALSE,3,False,FALSE
B3,Q2,0.9,256,37,37,True,FALSE,3,False,FALSE
B3,Q2,0.9,256,38,0,True,FALSE,5,False,FALSE
B3,Q2,0.9,256,38,38,True,FALSE,5,False,FALSE
B3,Q2,0.9,256,39,0,True,FALSE,4,False,FALSE
B3,Q2,0.9,256,39,39,True,FALSE,4,False,FALSE
B3,Q2,0.9,256,41,0,True,FALSE,18,False,FALSE
B3,Q2,0.9,256,41,41,True,FALSE,18,False,FALSE
B3,Q2,0.9,256,42,0,True,FALSE,18,False,FALSE
B3,Q2,0.9,256,42,42,True,FALSE,18,False,FALSE
B3,Q2,0.9,256,43,0,True,FALSE,12,False,FALSE
B3,Q2,0.9,256,43,43,True,FALSE,12,False,FALSE
B3,Q2,0.9,256,44,0,True,FALSE,6,False,FALSE
B3,Q2,0.9,256,45,0,True,FALSE,12,False,FALSE
B3,Q2,0.9,256,45,45,True,FALSE,12,False,FALSE
B3,Q2,0.9,256,46,0,True,FALSE,12,False,FALSE
B3,Q2,0.9,256,47,0,True,FALSE,6,False,FALSE
B3,Q2,0.9,256,47,47,True,FALSE,6,False,FALSE
B3,Q2,0.9,256,48,0,True,FALSE,6,False,FALSE
B3,Q2,0.9,256,48,48,True,FALSE,6,False,FALSE
B3,Q2,0.9,256,49,0,True,FALSE,12,False,FALSE
B3,Q2,0.9,256,49,19,True,FALSE,6,False,FALSE
B3,Q2,0.9,256,49,49,True,FALSE,6,False,FALSE
B3,Q2,0.9,256,50,0,True,FALSE,6,False,FALSE
B3,Q2,0.9,256,50,50,True,FALSE,6,False,FALSE
B3,Q2,0.9,256,51,0,True,FALSE,6,False,FALSE
B3,Q2,0.9,256,52,0,True,FALSE,6,False,FALSE
B3,Q2,0.9,256,52,52,True,FALSE,6,False,FALSE
B3,Q2,0.9,256,53,0,True,FALSE,18,False,FALSE
B3,Q2,0.9,256,53,53,True,FALSE,18,False,FALSE
B3,Q2,0.9,256,55,0,True,FALSE,6,False,FALSE
B3,Q2,0.9,256,55,55,True,FALSE,6,False,FALSE
B3,Q2,0.9,256,57,0,True,FALSE,6,False,FALSE
B3,Q2,0.9,256,57,57,True,FALSE,6,False,FALSE
B3,Q2,0.9,256,61,0,True,FALSE,12,False,FALSE
B3,Q2,0.9,256,63,0,True,FALSE,6,False,FALSE
B3,Q2,0.9,256,63,63,True,FALSE,6,False,FALSE
B3,Q2,0.9,256,65,0,True,FALSE,6,False,FALSE
B3,Q2,0.9,256,65,65,True,FALSE,6,False,FALSE
B3,Q2,0.9,256,66,0,True,FALSE,6,False,FALSE
B3,Q2,0.9,256,66,66,True,FALSE,6,False,FALSE
B3,Q2,0.9,256,67,0,True,FALSE,6,False,FALSE
B3,Q2,0.9,256,67,67,True,FALSE,6,False,FALSE
B3,Q2,0.9,256,69,0,True,FALSE,18,False,FALSE
B3,Q2,0.9,256,69,69,True,FALSE,6,False,FALSE
B3,Q2,0.9,256,70,0,True,FALSE,12,False,FALSE
B3,Q2,0.9,256,70,70,True,FALSE,12,False,FALSE
B3,Q2,0.9,256,71,0,True,FALSE,6,False,FALSE
B3,Q2,0.9,256,71,71,True,FALSE,6,False,FALSE
B3,Q2,0.9,256,72,0,True,FALSE,6,False,FALSE
B3,Q2,0.9,256,72,72,True,FALSE,6,False,FALSE
B3,Q2,0.9,256,74,0,True,FALSE,6,False,FALSE
B3,Q2,0.9,256,74,74,True,FALSE,6,False,FALSE
B3,Q2,0.9,256,75,0,True,FALSE,6,False,FALSE
B3,Q2,0.9,256,75,75,True,FALSE,6,False,FALSE
B3,Q2,0.9,256,80,0,True,FALSE,6,False,FALSE
B3,Q2,0.9,256,80,80,True,FALSE,6,False,FALSE
B3,Q2,0.9,256,81,0,True,FALSE,12,False,FALSE
B3,Q2,0.9,256,82,0,True,FALSE,24,False,FALSE
B3,Q2,0.9,256,82,82,True,FALSE,24,False,FALSE
B3,Q2,0.9,256,83,0,True,FALSE,18,False,FALSE
B3,Q2,0.9,256,83,83,True,FALSE,6,False,FALSE
B3,Q2,0.9,256,85,0,True,FALSE,18,False,FALSE
B3,Q2,0.9,256,85,44,True,FALSE,6,False,FALSE
B3,Q2,0.9,256,85,85,True,FALSE,12,False,FALSE
B3,Q2,0.9,256,86,0,True,FALSE,18,False,FALSE
B3,Q2,0.9,256,86,86,True,FALSE,18,False,FALSE
B3,Q2,0.9,256,87,0,True,FALSE,18,False,FALSE
B3,Q2,0.9,256,87,87,True,FALSE,18,False,FALSE
B3,Q2,0.9,256,88,0,True,FALSE,6,False,FALSE
B3,Q2,0.9,256,92,0,True,FALSE,6,False,FALSE
B3,Q2,0.9,256,92,92,True,FALSE,6,False,FALSE
B3,Q2,0.9,256,93,0,True,FALSE,18,False,FALSE
B3,Q2,0.9,256,93,93,True,FALSE,6,False,FALSE
B3,Q2,0.9,256,94,0,True,FALSE,2,False,FALSE
B3,Q2,0.9,256,94,94,True,FALSE,2,False,FALSE
B3,Q2,0.9,256,95,0,True,FALSE,4,False,FALSE
B3,Q2,0.9,256,95,95,True,FALSE,4,False,FALSE
B3,Q2,0.9,256,96,0,True,FALSE,6,False,FALSE
B3,Q2,0.9,256,96,96,True,FALSE,6,False,FALSE
B3,Q2,0.9,256,99,0,True,FALSE,18,False,FALSE
B3,Q2,0.9,256,99,99,True,FALSE,6,False,FALSE
B3,Q2,0.9,256,100,0,True,FALSE,12,False,FALSE
B3,Q2,0.9,256,100,100,True,FALSE,12,False,FALSE
B3,Q2,0.9,256,102,0,True,FALSE,6,False,FALSE
B3,Q2,0.9,256,102,102,True,FALSE,6,False,FALSE
B3,Q2,0.9,256,104,0,True,FALSE,18,False,FALSE
B3,Q2,0.9,256,104,104,True,FALSE,10,False,FALSE
B3,Q2,0.9,256,105,0,True,FALSE,18,False,FALSE
B3,Q2,0.9,256,105,105,True,FALSE,18,False,FALSE
B3,Q2,0.9,256,106,0,True,FALSE,18,False,FALSE
B3,Q2,0.9,256,106,106,True,FALSE,18,False,FALSE
B3,Q2,0.9,256,107,0,True,FALSE,6,False,FALSE
B3,Q2,0.9,256,107,107,True,FALSE,10,False,FALSE
B3,Q2,0.9,256,108,0,True,FALSE,12,False,FALSE
B3,Q2,0.9,256,110,0,True,FALSE,12,False,FALSE
B3,Q2,0.9,256,110,110,True,FALSE,6,False,FALSE
B3,Q2,0.9,256,112,0,True,FALSE,12,False,FALSE
B3,Q2,0.9,256,112,11,True,FALSE,6,False,FALSE
B3,Q2,0.9,256,112,112,True,FALSE,6,False,FALSE
B3,Q2,0.9,256,113,0,True,FALSE,6,False,FALSE
B3,Q2,0.9,256,113,113,True,FALSE,6,False,FALSE
B3,Q2,0.9,256,116,0,True,FALSE,30,False,FALSE
B3,Q2,0.9,256,116,116,True,FALSE,6,False,FALSE
B3,Q2,0.9,256,118,0,True,FALSE,6,False,FALSE
B3,Q2,0.9,256,118,118,True,FALSE,6,False,FALSE
B3,Q2,0.9,256,119,0,True,FALSE,6,False,FALSE
B3,Q2,0.9,256,119,119,True,FALSE,6,False,FALSE
B3,Q2,0.9,256,121,0,True,FALSE,6,False,FALSE
B3,Q2,0.9,256,121,121,True,FALSE,6,False,FALSE
B3,Q2,0.9,256,123,0,True,FALSE,18,False,FALSE
B3,Q2,0.9,256,123,123,True,FALSE,6,False,FALSE
B3,Q2,0.9,256,125,125,True,FALSE,4,False,FALSE
B3,Q2,0.9,256,133,0,True,FALSE,12,False,FALSE
B3,Q2,0.9,256,133,133,True,FALSE,12,False,FALSE
B3,Q2,0.9,256,137,0,True,FALSE,12,False,FALSE
B3,Q2,0.9,256,138,0,True,FALSE,6,False,FALSE
B3,Q2,0.9,256,138,138,True,FALSE,6,False,FALSE
B3,Q2,0.9,256,147,0,True,FALSE,6,False,FALSE
B3,Q2,0.9,256,147,147,True,FALSE,6,False,FALSE
B3,Q2,0.9,256,150,0,True,FALSE,6,False,FALSE
B3,Q2,0.9,256,150,150,True,FALSE,6,False,FALSE
B3,Q2,0.9,256,151,0,True,FALSE,12,False,FALSE
B3,Q2,0.9,256,151,20,True,FALSE,6,False,FALSE
B3,Q2,0.9,256,151,151,True,FALSE,6,False,FALSE
B3,Q2,0.9,256,152,0,True,FALSE,12,False,FALSE
B3,Q2,0.9,256,154,0,True,FALSE,12,False,FALSE
B3,Q2,0.9,256,155,0,True,FALSE,9,False,FALSE
B3,Q2,0.9,256,155,155,True,FALSE,9,False,FALSE
B3,Q2,0.9,256,156,0,True,FALSE,6,False,FALSE
B3,Q2,0.9,256,158,0,True,FALSE,6,False,FALSE
B3,Q2,0.9,256,158,158,True,FALSE,6,False,FALSE
B3,Q2,0.9,256,159,0,True,FALSE,6,False,FALSE
B3,Q2,0.9,256,159,159,True,FALSE,10,False,FALSE
B3,Q2,0.9,256,162,0,True,FALSE,9,False,FALSE
B3,Q2,0.9,256,162,162,True,FALSE,3,False,FALSE
B3,Q2,0.9,256,163,0,True,FALSE,6,False,FALSE
B3,Q2,0.9,256,165,0,True,FALSE,6,False,FALSE
B3,Q2,0.9,256,165,165,True,FALSE,4,False,FALSE
B3,Q2,0.9,256,167,0,True,FALSE,6,False,FALSE
B3,Q2,0.9,256,167,167,True,FALSE,6,False,FALSE
B3,Q2,0.9,256,170,0,True,FALSE,12,False,FALSE
B3,Q2,0.9,256,170,170,True,FALSE,4,False,FALSE
B3,Q2,0.9,256,173,0,True,FALSE,6,False,FALSE
B3,Q2,0.9,256,173,173,True,FALSE,6,False,FALSE
B3,Q2,0.9,256,174,0,True,FALSE,6,False,FALSE
B3,Q2,0.9,256,174,174,True,FALSE,6,False,FALSE
B3,Q2,0.9,256,175,0,True,FALSE,6,False,FALSE
B3,Q2,0.9,256,175,175,True,FALSE,6,False,FALSE
B3,Q2,0.9,256,178,0,True,FALSE,6,False,FALSE
B3,Q2,0.9,256,178,178,True,FALSE,6,False,FALSE
B3,Q2,0.9,256,179,179,True,FALSE,8,False,FALSE
B3,Q2,0.9,256,181,0,True,FALSE,12,False,FALSE
B3,Q2,0.9,256,181,181,True,FALSE,12,False,FALSE
B3,Q2,0.9,256,182,0,True,FALSE,6,False,FALSE
B3,Q2,0.9,256,182,182,True,FALSE,6,False,FALSE
B3,Q2,0.9,256,183,0,True,FALSE,12,False,FALSE
B3,Q2,0.9,256,183,183,True,FALSE,10,False,FALSE
B3,Q2,0.9,256,185,0,True,FALSE,6,False,FALSE
B3,Q2,0.9,256,185,185,True,FALSE,6,False,FALSE
B3,Q2,0.9,256,189,0,True,FALSE,6,False,FALSE
B3,Q2,0.9,256,189,189,True,FALSE,6,False,FALSE
B3,Q2,0.9,256,192,0,True,FALSE,6,False,FALSE
B3,Q2,0.9,256,192,192,True,FALSE,6,False,FALSE
B3,Q2,0.9,256,195,0,True,FALSE,6,False,FALSE
B3,Q2,0.9,256,195,195,True,FALSE,6,False,FALSE
B3,Q2,0.9,256,196,196,True,FALSE,4,False,FALSE
B3,Q2,0.9,256,200,200,True,FALSE,4,False,FALSE
B3,Q2,0.9,256,207,0,True,FALSE,18,False,FALSE
B3,Q2,0.9,256,207,207,True,FALSE,14,False,FALSE
B3,Q2,0.9,256,208,0,True,FALSE,12,False,FALSE
B3,Q2,0.9,256,208,208,True,FALSE,10,False,FALSE
B3,Q2,0.9,256,209,209,True,FALSE,4,False,FALSE
B3,Q2,0.9,256,210,0,True,FALSE,6,False,FALSE
B3,Q2,0.9,256,210,210,True,FALSE,6,False,FALSE
B3,Q2,0.9,256,211,0,True,FALSE,12,False,FALSE
B3,Q2,0.9,256,213,0,True,FALSE,6,False,FALSE
B3,Q2,0.9,256,213,213,True,FALSE,6,False,FALSE
B3,Q2,0.9,256,214,0,True,FALSE,6,False,FALSE
B3,Q2,0.9,256,214,214,True,FALSE,6,False,FALSE
B3,Q2,0.9,256,215,0,True,FALSE,6,False,FALSE
B3,Q2,0.9,256,215,215,True,FALSE,6,False,FALSE
B3,Q2,0.9,256,218,0,True,FALSE,6,False,FALSE
B3,Q2,0.9,256,218,218,True,FALSE,6,False,FALSE
B3,Q2,0.9,256,219,0,True,FALSE,6,False,FALSE
B3,Q2,0.9,256,219,219,True,FALSE,6,False,FALSE
B3,Q2,0.9,256,221,221,True,MC_UNRESOLVED,4,False,MC_UNRESOLVED
B3,Q2,0.9,256,223,0,True,FALSE,6,False,FALSE
B3,Q2,0.9,256,223,223,True,MC_UNRESOLVED,6,False,MC_UNRESOLVED
B3,Q2,0.9,256,225,220,True,MC_UNRESOLVED,2,False,MC_UNRESOLVED
B3,Q2,0.9,256,225,225,True,MC_UNRESOLVED,2,False,MC_UNRESOLVED
B3,Q2,0.9,256,226,226,True,MC_UNRESOLVED,4,False,MC_UNRESOLVED
B3,Q2,0.9,256,228,0,True,FALSE,12,False,FALSE
B3,Q2,0.9,256,228,228,True,MC_UNRESOLVED,12,False,MC_UNRESOLVED
B3,Q2,0.9,256,230,0,True,FALSE,18,False,FALSE
B3,Q2,0.9,256,230,230,True,MC_UNRESOLVED,18,False,MC_UNRESOLVED
B3,Q2,0.9,256,232,0,True,FALSE,12,False,FALSE
B3,Q2,0.9,256,232,229,True,MC_UNRESOLVED,2,False,MC_UNRESOLVED
B3,Q2,0.9,256,232,232,True,MC_UNRESOLVED,14,True,MC_UNRESOLVED
B3,Q2,0.9,256,233,0,True,FALSE,12,False,FALSE
B3,Q2,0.9,256,233,233,True,MC_UNRESOLVED,12,True,MC_UNRESOLVED
B3,Q2,0.9,256,234,0,True,FALSE,18,False,FALSE
B3,Q2,0.9,256,234,234,True,MC_UNRESOLVED,22,True,MC_UNRESOLVED
B3,Q2,0.9,256,235,0,True,FALSE,12,False,FALSE
B3,Q2,0.9,256,235,235,True,MC_UNRESOLVED,12,True,MC_UNRESOLVED
B3,Q2,0.9,256,236,0,True,FALSE,6,False,FALSE
B3,Q2,0.9,256,236,231,True,MC_UNRESOLVED,2,True,MC_UNRESOLVED
B3,Q2,0.9,256,236,236,True,MC_UNRESOLVED,8,True,MC_UNRESOLVED
B3,Q2,0.9,256,237,237,True,MC_UNRESOLVED,8,True,MC_UNRESOLVED
B3,Q2,0.9,256,238,237,True,MC_UNRESOLVED,2,True,MC_UNRESOLVED
B3,Q2,0.9,256,238,238,True,MC_UNRESOLVED,2,True,MC_UNRESOLVED
B3,Q2,0.9,256,243,0,True,FALSE,18,False,FALSE
B3,Q2,0.9,256,243,243,True,TRUE,6,True,TRUE
B3,Q2,0.9,256,244,0,True,FALSE,9,False,FALSE
B3,Q2,0.9,256,244,244,True,TRUE,9,True,TRUE
B3,Q2,0.9,256,245,0,True,FALSE,6,False,FALSE
B3,Q2,0.9,256,245,245,True,TRUE,6,True,TRUE
B3,Q2,0.9,256,246,0,True,FALSE,9,False,FALSE
B3,Q2,0.9,256,246,242,True,TRUE,4,True,TRUE
B3,Q2,0.9,256,246,246,True,TRUE,13,True,TRUE
B3,Q2,0.9,256,247,0,True,FALSE,12,False,FALSE
B3,Q2,0.9,256,247,247,True,TRUE,6,True,TRUE
B3,Q2,0.9,256,248,0,True,FALSE,18,False,FALSE
B3,Q2,0.9,256,248,243,True,TRUE,2,True,TRUE
B3,Q2,0.9,256,248,248,True,TRUE,6,True,TRUE
B3,Q2,0.9,256,249,0,True,FALSE,12,False,FALSE
B3,Q2,0.9,256,249,249,True,TRUE,4,True,TRUE
B3,Q2,0.9,256,250,0,True,FALSE,6,False,FALSE
B3,Q2,0.9,256,250,13,True,FALSE,2,False,FALSE
B3,Q2,0.9,256,250,250,True,TRUE,8,True,TRUE
B3,Q2,0.9,256,251,0,True,FALSE,30,False,FALSE
B3,Q2,0.9,256,251,246,True,TRUE,2,True,TRUE
B3,Q2,0.9,256,251,251,True,TRUE,20,True,TRUE
B3,Q2,0.9,256,252,0,True,FALSE,12,False,FALSE
B3,Q2,0.9,256,252,13,True,FALSE,2,False,FALSE
B3,Q2,0.9,256,252,252,True,TRUE,20,True,TRUE
B3,Q2,0.9,256,253,0,True,FALSE,18,False,FALSE
B3,Q2,0.9,256,253,8,True,FALSE,2,False,FALSE
B3,Q2,0.9,256,253,209,True,FALSE,2,False,FALSE
B3,Q2,0.9,256,253,233,True,MC_UNRESOLVED,2,True,MC_UNRESOLVED
B3,Q2,0.9,256,253,252,True,TRUE,4,True,TRUE
B3,Q2,0.9,256,253,253,True,TRUE,28,True,TRUE
B3,Q2,0.9,256,254,0,True,FALSE,18,False,FALSE
B3,Q2,0.9,256,254,8,True,FALSE,4,False,FALSE
B3,Q2,0.9,256,254,14,True,FALSE,2,False,FALSE
B3,Q2,0.9,256,254,61,True,FALSE,2,False,FALSE
B3,Q2,0.9,256,254,140,True,FALSE,6,False,FALSE
B3,Q2,0.9,256,254,210,True,FALSE,2,False,FALSE
B3,Q2,0.9,256,254,234,True,MC_UNRESOLVED,2,True,MC_UNRESOLVED
B3,Q2,0.9,256,254,249,True,TRUE,2,True,TRUE
B3,Q2,0.9,256,254,254,True,TRUE,52,True,TRUE
B3,Q2,0.9,256,255,0,True,FALSE,71,False,FALSE
B3,Q2,0.9,256,255,16,True,FALSE,6,False,FALSE
B3,Q2,0.9,256,255,21,True,FALSE,6,False,FALSE
B3,Q2,0.9,256,255,57,True,FALSE,6,False,FALSE
B3,Q2,0.9,256,255,61,True,FALSE,4,False,FALSE
B3,Q2,0.9,256,255,178,True,FALSE,2,False,FALSE
B3,Q2,0.9,256,255,227,True,MC_UNRESOLVED,2,False,MC_UNRESOLVED
B3,Q2,0.9,256,255,228,True,MC_UNRESOLVED,2,False,MC_UNRESOLVED
B3,Q2,0.9,256,255,234,True,MC_UNRESOLVED,2,True,MC_UNRESOLVED
B3,Q2,0.9,256,255,245,True,TRUE,2,True,TRUE
B3,Q2,0.9,256,255,250,True,TRUE,2,True,TRUE
B3,Q2,0.9,256,255,254,True,TRUE,4,True,TRUE
B3,Q2,0.9,256,255,255,True,TRUE,115,True,TRUE
B3,Q2,0.9,256,256,0,True,FALSE,34618,False,FALSE
B3,Q2,0.9,256,256,1,True,FALSE,72,False,FALSE
B3,Q2,0.9,256,256,2,True,FALSE,24,False,FALSE
B3,Q2,0.9,256,256,3,True,FALSE,6,False,FALSE
B3,Q2,0.9,256,256,4,True,FALSE,33,False,FALSE
B3,Q2,0.9,256,256,8,True,FALSE,3,False,FALSE
B3,Q2,0.9,256,256,9,True,FALSE,15,False,FALSE
B3,Q2,0.9,256,256,11,True,FALSE,9,False,FALSE
B3,Q2,0.9,256,256,13,True,FALSE,21,False,FALSE
B3,Q2,0.9,256,256,14,True,FALSE,12,False,FALSE
B3,Q2,0.9,256,256,15,True,FALSE,12,False,FALSE
B3,Q2,0.9,256,256,16,True,FALSE,30,False,FALSE
B3,Q2,0.9,256,256,17,True,FALSE,18,False,FALSE
B3,Q2,0.9,256,256,18,True,FALSE,30,False,FALSE
B3,Q2,0.9,256,256,21,True,FALSE,30,False,FALSE
B3,Q2,0.9,256,256,22,True,FALSE,3,False,FALSE
B3,Q2,0.9,256,256,23,True,FALSE,21,False,FALSE
B3,Q2,0.9,256,256,24,True,FALSE,3,False,FALSE
B3,Q2,0.9,256,256,25,True,FALSE,33,False,FALSE
B3,Q2,0.9,256,256,28,True,FALSE,3,False,FALSE
B3,Q2,0.9,256,256,31,True,FALSE,6,False,FALSE
B3,Q2,0.9,256,256,32,True,FALSE,6,False,FALSE
B3,Q2,0.9,256,256,34,True,FALSE,6,False,FALSE
B3,Q2,0.9,256,256,38,True,FALSE,3,False,FALSE
B3,Q2,0.9,256,256,42,True,FALSE,3,False,FALSE
B3,Q2,0.9,256,256,43,True,FALSE,12,False,FALSE
B3,Q2,0.9,256,256,45,True,FALSE,18,False,FALSE
B3,Q2,0.9,256,256,46,True,FALSE,3,False,FALSE
B3,Q2,0.9,256,256,53,True,FALSE,12,False,FALSE
B3,Q2,0.9,256,256,55,True,FALSE,6,False,FALSE
B3,Q2,0.9,256,256,57,True,FALSE,12,False,FALSE
B3,Q2,0.9,256,256,58,True,FALSE,6,False,FALSE
B3,Q2,0.9,256,256,60,True,FALSE,3,False,FALSE
B3,Q2,0.9,256,256,62,True,FALSE,15,False,FALSE
B3,Q2,0.9,256,256,68,True,FALSE,12,False,FALSE
B3,Q2,0.9,256,256,71,True,FALSE,3,False,FALSE
B3,Q2,0.9,256,256,72,True,FALSE,3,False,FALSE
B3,Q2,0.9,256,256,105,True,FALSE,6,False,FALSE
B3,Q2,0.9,256,256,108,True,FALSE,3,False,FALSE
B3,Q2,0.9,256,256,110,True,FALSE,6,False,FALSE
B3,Q2,0.9,256,256,114,True,FALSE,6,False,FALSE
B3,Q2,0.9,256,256,117,True,FALSE,6,False,FALSE
B3,Q2,0.9,256,256,121,True,FALSE,3,False,FALSE
B3,Q2,0.9,256,256,126,True,FALSE,6,False,FALSE
B3,Q2,0.9,256,256,131,True,FALSE,6,False,FALSE
B3,Q2,0.9,256,256,133,True,FALSE,18,False,FALSE
B3,Q2,0.9,256,256,141,True,FALSE,48,False,FALSE
B3,Q2,0.9,256,256,160,True,FALSE,3,False,FALSE
B3,Q2,0.9,256,256,164,True,FALSE,3,False,FALSE
B3,Q2,0.9,256,256,168,True,FALSE,3,False,FALSE
B3,Q2,0.9,256,256,175,True,FALSE,3,False,FALSE
B3,Q2,0.9,256,256,176,True,FALSE,18,False,FALSE
B3,Q2,0.9,256,256,179,True,FALSE,34,False,FALSE
B3,Q2,0.9,256,256,183,True,FALSE,6,False,FALSE
B3,Q2,0.9,256,256,193,True,FALSE,18,False,FALSE
B3,Q2,0.9,256,256,199,True,FALSE,6,False,FALSE
B3,Q2,0.9,256,256,200,True,FALSE,3,False,FALSE
B3,Q2,0.9,256,256,203,True,FALSE,3,False,FALSE
B3,Q2,0.9,256,256,205,True,FALSE,3,False,FALSE
B3,Q2,0.9,256,256,209,True,FALSE,3,False,FALSE
B3,Q2,0.9,256,256,210,True,FALSE,3,False,FALSE
B3,Q2,0.9,256,256,212,True,FALSE,32,False,FALSE
B3,Q2,0.9,256,256,215,True,FALSE,36,False,FALSE
B3,Q2,0.9,256,256,217,True,FALSE,18,False,FALSE
B3,Q2,0.9,256,256,219,True,FALSE,3,False,FALSE
B3,Q2,0.9,256,256,225,True,MC_UNRESOLVED,6,False,MC_UNRESOLVED
B3,Q2,0.9,256,256,226,True,MC_UNRESOLVED,6,False,MC_UNRESOLVED
B3,Q2,0.9,256,256,228,True,MC_UNRESOLVED,32,False,MC_UNRESOLVED
B3,Q2,0.9,256,256,229,True,MC_UNRESOLVED,6,False,MC_UNRESOLVED
B3,Q2,0.9,256,256,230,True,MC_UNRESOLVED,6,False,MC_UNRESOLVED
B3,Q2,0.9,256,256,231,True,MC_UNRESOLVED,12,True,MC_UNRESOLVED
B3,Q2,0.9,256,256,233,True,MC_UNRESOLVED,6,True,MC_UNRESOLVED
B3,Q2,0.9,256,256,235,True,MC_UNRESOLVED,16,True,MC_UNRESOLVED
B3,Q2,0.9,256,256,236,True,MC_UNRESOLVED,14,True,MC_UNRESOLVED
B3,Q2,0.9,256,256,237,True,MC_UNRESOLVED,12,True,MC_UNRESOLVED
B3,Q2,0.9,256,256,239,True,MC_UNRESOLVED,6,True,MC_UNRESOLVED
B3,Q2,0.9,256,256,241,True,MC_UNRESOLVED,6,True,MC_UNRESOLVED
B3,Q2,0.9,256,256,244,True,TRUE,6,True,TRUE
B3,Q2,0.9,256,256,246,True,TRUE,16,True,TRUE
B3,Q2,0.9,256,256,251,True,TRUE,24,True,TRUE
B3,Q2,0.9,256,256,252,True,TRUE,18,True,TRUE
B3,Q2,0.9,256,256,253,True,TRUE,3,True,TRUE
B3,Q2,0.9,256,256,254,True,TRUE,6,True,TRUE
B3,Q2,0.9,256,256,255,True,TRUE,89,True,TRUE
B3,Q2,0.9,256,256,256,True,TRUE,31947,True,TRUE
B3,Q1,1,256,0,0,False,FALSE,16464,False,FALSE
B3,Q1,1,256,46,46,False,FALSE,2,False,FALSE
B3,Q1,1,256,47,47,False,FALSE,4,False,FALSE
B3,Q1,1,256,65,65,False,FALSE,2,False,FALSE
B3,Q1,1,256,66,66,False,FALSE,4,False,FALSE
B3,Q1,1,256,173,173,False,FALSE,2,False,FALSE
B3,Q1,1,256,177,177,False,FALSE,4,False,FALSE
B3,Q1,1,256,188,188,False,FALSE,2,False,FALSE
B3,Q1,1,256,192,192,False,FALSE,6,False,FALSE
B3,Q1,1,256,193,193,False,FALSE,6,False,FALSE
B3,Q1,1,256,194,194,False,FALSE,2,False,FALSE
B3,Q1,1,256,195,195,False,FALSE,2,False,FALSE
B3,Q1,1,256,196,196,False,FALSE,6,False,FALSE
B3,Q1,1,256,206,206,False,FALSE,6,False,FALSE
B3,Q1,1,256,216,216,False,FALSE,2,False,FALSE
B3,Q1,1,256,222,222,False,FALSE,2,False,FALSE
B3,Q1,1,256,223,223,False,FALSE,4,False,FALSE
B3,Q1,1,256,230,230,False,FALSE,2,False,FALSE
B3,Q1,1,256,231,231,False,FALSE,2,False,FALSE
B3,Q1,1,256,234,234,False,FALSE,4,False,FALSE
B3,Q1,1,256,237,237,False,FALSE,2,False,FALSE
B3,Q1,1,256,238,238,False,FALSE,2,False,FALSE
B3,Q1,1,256,242,242,False,FALSE,2,False,FALSE
B3,Q1,1,256,243,243,False,FALSE,2,False,FALSE
B3,Q1,1,256,250,250,False,FALSE,2,False,FALSE
B3,Q1,1,256,252,252,False,FALSE,6,False,FALSE
B3,Q1,1,256,253,253,False,FALSE,2,False,FALSE
B3,Q1,1,256,254,254,False,FALSE,8,False,FALSE
B3,Q1,1,256,255,255,False,FALSE,6,False,FALSE
B3,Q1,1,256,0,0,True,FALSE,30579,False,FALSE
B3,Q1,1,256,1,0,True,FALSE,12,False,FALSE
B3,Q1,1,256,1,1,True,FALSE,108,False,FALSE
B3,Q1,1,256,2,0,True,FALSE,9,False,FALSE
B3,Q1,1,256,2,2,True,FALSE,36,False,FALSE
B3,Q1,1,256,3,0,True,FALSE,3,False,FALSE
B3,Q1,1,256,3,3,True,FALSE,42,False,FALSE
B3,Q1,1,256,4,0,True,FALSE,18,False,FALSE
B3,Q1,1,256,4,4,True,FALSE,36,False,FALSE
B3,Q1,1,256,5,0,True,FALSE,15,False,FALSE
B3,Q1,1,256,5,5,True,FALSE,57,False,FALSE
B3,Q1,1,256,6,6,True,FALSE,33,False,FALSE
B3,Q1,1,256,7,0,True,FALSE,3,False,FALSE
B3,Q1,1,256,7,7,True,FALSE,30,False,FALSE
B3,Q1,1,256,8,8,True,FALSE,18,False,FALSE
B3,Q1,1,256,9,0,True,FALSE,6,False,FALSE
B3,Q1,1,256,9,9,True,FALSE,15,False,FALSE
B3,Q1,1,256,10,10,True,FALSE,12,False,FALSE
B3,Q1,1,256,11,11,True,FALSE,12,False,FALSE
B3,Q1,1,256,12,12,True,FALSE,12,False,FALSE
B3,Q1,1,256,13,0,True,FALSE,9,False,FALSE
B3,Q1,1,256,13,13,True,FALSE,27,False,FALSE
B3,Q1,1,256,14,14,True,FALSE,15,False,FALSE
B3,Q1,1,256,15,15,True,FALSE,21,False,FALSE
B3,Q1,1,256,16,0,True,FALSE,6,False,FALSE
B3,Q1,1,256,16,16,True,FALSE,6,False,FALSE
B3,Q1,1,256,17,0,True,FALSE,6,False,FALSE
B3,Q1,1,256,17,17,True,FALSE,18,False,FALSE
B3,Q1,1,256,18,18,True,FALSE,21,False,FALSE
B3,Q1,1,256,19,19,True,FALSE,12,False,FALSE
B3,Q1,1,256,20,20,True,FALSE,6,False,FALSE
B3,Q1,1,256,22,22,True,FALSE,12,False,FALSE
B3,Q1,1,256,24,24,True,FALSE,15,False,FALSE
B3,Q1,1,256,25,25,True,FALSE,15,False,FALSE
B3,Q1,1,256,27,0,True,FALSE,6,False,FALSE
B3,Q1,1,256,27,27,True,FALSE,21,False,FALSE
B3,Q1,1,256,28,28,True,FALSE,6,False,FALSE
B3,Q1,1,256,29,29,True,FALSE,12,False,FALSE
B3,Q1,1,256,30,30,True,FALSE,9,False,FALSE
B3,Q1,1,256,31,31,True,FALSE,12,False,FALSE
B3,Q1,1,256,33,33,True,FALSE,12,False,FALSE
B3,Q1,1,256,36,36,True,FALSE,3,False,FALSE
B3,Q1,1,256,37,37,True,FALSE,3,False,FALSE
B3,Q1,1,256,38,38,True,FALSE,5,False,FALSE
B3,Q1,1,256,39,39,True,FALSE,4,False,FALSE
B3,Q1,1,256,41,41,True,FALSE,18,False,FALSE
B3,Q1,1,256,42,42,True,FALSE,18,False,FALSE
B3,Q1,1,256,43,43,True,FALSE,12,False,FALSE
B3,Q1,1,256,44,0,True,FALSE,3,False,FALSE
B3,Q1,1,256,45,45,True,FALSE,12,False,FALSE
B3,Q1,1,256,46,0,True,FALSE,6,False,FALSE
B3,Q1,1,256,47,47,True,FALSE,6,False,FALSE
B3,Q1,1,256,48,48,True,FALSE,6,False,FALSE
B3,Q1,1,256,49,19,True,FALSE,6,False,FALSE
B3,Q1,1,256,49,49,True,FALSE,6,False,FALSE
B3,Q1,1,256,50,50,True,FALSE,6,False,FALSE
B3,Q1,1,256,51,0,True,FALSE,3,False,FALSE
B3,Q1,1,256,52,52,True,FALSE,6,False,FALSE
B3,Q1,1,256,53,53,True,FALSE,18,False,FALSE
B3,Q1,1,256,55,55,True,FALSE,6,False,FALSE
B3,Q1,1,256,57,57,True,FALSE,6,False,FALSE
B3,Q1,1,256,61,0,True,FALSE,6,False,FALSE
B3,Q1,1,256,63,63,True,FALSE,6,False,FALSE
B3,Q1,1,256,65,65,True,FALSE,6,False,FALSE
B3,Q1,1,256,66,66,True,FALSE,6,False,FALSE
B3,Q1,1,256,67,67,True,FALSE,6,False,FALSE
B3,Q1,1,256,69,0,True,FALSE,6,False,FALSE
B3,Q1,1,256,69,69,True,FALSE,6,False,FALSE
B3,Q1,1,256,70,70,True,FALSE,12,False,FALSE
B3,Q1,1,256,71,71,True,FALSE,6,False,FALSE
B3,Q1,1,256,72,72,True,FALSE,6,False,FALSE
B3,Q1,1,256,74,74,True,FALSE,6,False,FALSE
B3,Q1,1,256,75,75,True,FALSE,6,False,FALSE
B3,Q1,1,256,80,80,True,FALSE,6,False,FALSE
B3,Q1,1,256,81,0,True,FALSE,6,False,FALSE
B3,Q1,1,256,82,82,True,FALSE,24,False,FALSE
B3,Q1,1,256,83,0,True,FALSE,6,False,FALSE
B3,Q1,1,256,83,83,True,FALSE,6,False,FALSE
B3,Q1,1,256,85,44,True,FALSE,6,False,FALSE
B3,Q1,1,256,85,85,True,FALSE,12,False,FALSE
B3,Q1,1,256,86,86,True,FALSE,18,False,FALSE
B3,Q1,1,256,87,87,True,FALSE,18,False,FALSE
B3,Q1,1,256,88,0,True,FALSE,3,False,FALSE
B3,Q1,1,256,92,92,True,FALSE,6,False,FALSE
B3,Q1,1,256,93,0,True,FALSE,6,False,FALSE
B3,Q1,1,256,93,93,True,FALSE,6,False,FALSE
B3,Q1,1,256,94,94,True,FALSE,2,False,FALSE
B3,Q1,1,256,95,95,True,FALSE,4,False,FALSE
B3,Q1,1,256,96,96,True,FALSE,6,False,FALSE
B3,Q1,1,256,99,0,True,FALSE,6,False,FALSE
B3,Q1,1,256,99,99,True,FALSE,6,False,FALSE
B3,Q1,1,256,100,100,True,FALSE,12,False,FALSE
B3,Q1,1,256,102,102,True,FALSE,6,False,FALSE
B3,Q1,1,256,104,0,True,FALSE,6,False,FALSE
B3,Q1,1,256,104,104,True,FALSE,8,False,FALSE
B3,Q1,1,256,105,105,True,FALSE,18,False,FALSE
B3,Q1,1,256,106,106,True,FALSE,18,False,FALSE
B3,Q1,1,256,107,107,True,FALSE,8,False,FALSE
B3,Q1,1,256,108,0,True,FALSE,6,False,FALSE
B3,Q1,1,256,110,0,True,FALSE,3,False,FALSE
B3,Q1,1,256,110,110,True,FALSE,6,False,FALSE
B3,Q1,1,256,112,11,True,FALSE,6,False,FALSE
B3,Q1,1,256,112,112,True,FALSE,6,False,FALSE
B3,Q1,1,256,113,113,True,FALSE,6,False,FALSE
B3,Q1,1,256,116,0,True,FALSE,12,False,FALSE
B3,Q1,1,256,116,116,True,FALSE,6,False,FALSE
B3,Q1,1,256,118,118,True,FALSE,6,False,FALSE
B3,Q1,1,256,119,119,True,FALSE,6,False,FALSE
B3,Q1,1,256,121,121,True,FALSE,6,False,FALSE
B3,Q1,1,256,123,0,True,FALSE,6,False,FALSE
B3,Q1,1,256,123,123,True,FALSE,6,False,FALSE
B3,Q1,1,256,125,125,True,FALSE,2,False,FALSE
B3,Q1,1,256,133,133,True,FALSE,12,False,FALSE
B3,Q1,1,256,137,0,True,FALSE,6,False,FALSE
B3,Q1,1,256,138,138,True,FALSE,6,False,FALSE
B3,Q1,1,256,147,147,True,FALSE,6,False,FALSE
B3,Q1,1,256,150,150,True,FALSE,6,False,FALSE
B3,Q1,1,256,151,20,True,FALSE,6,False,FALSE
B3,Q1,1,256,151,151,True,FALSE,6,False,FALSE
B3,Q1,1,256,152,0,True,FALSE,6,False,FALSE
B3,Q1,1,256,154,0,True,FALSE,6,False,FALSE
B3,Q1,1,256,155,155,True,FALSE,9,False,FALSE
B3,Q1,1,256,156,0,True,FALSE,3,False,FALSE
B3,Q1,1,256,158,158,True,FALSE,6,False,FALSE
B3,Q1,1,256,159,159,True,FALSE,8,False,FALSE
B3,Q1,1,256,162,0,True,FALSE,3,False,FALSE
B3,Q1,1,256,162,162,True,FALSE,3,False,FALSE
B3,Q1,1,256,163,0,True,FALSE,3,False,FALSE
B3,Q1,1,256,165,0,True,FALSE,3,False,FALSE
B3,Q1,1,256,165,165,True,FALSE,2,False,FALSE
B3,Q1,1,256,167,167,True,FALSE,6,False,FALSE
B3,Q1,1,256,170,0,True,FALSE,6,False,FALSE
B3,Q1,1,256,170,170,True,FALSE,2,False,FALSE
B3,Q1,1,256,173,173,True,FALSE,6,False,FALSE
B3,Q1,1,256,174,174,True,FALSE,6,False,FALSE
B3,Q1,1,256,175,175,True,FALSE,6,False,FALSE
B3,Q1,1,256,178,178,True,FALSE,6,False,FALSE
B3,Q1,1,256,179,179,True,FALSE,4,False,FALSE
B3,Q1,1,256,181,181,True,FALSE,12,False,FALSE
B3,Q1,1,256,182,182,True,FALSE,6,False,FALSE
B3,Q1,1,256,183,0,True,FALSE,3,False,FALSE
B3,Q1,1,256,183,183,True,FALSE,8,False,FALSE
B3,Q1,1,256,185,185,True,FALSE,6,False,FALSE
B3,Q1,1,256,189,189,True,FALSE,6,False,FALSE
B3,Q1,1,256,192,192,True,FALSE,6,False,FALSE
B3,Q1,1,256,195,195,True,FALSE,6,False,FALSE
B3,Q1,1,256,196,196,True,FALSE,2,False,FALSE
B3,Q1,1,256,200,200,True,FALSE,2,False,FALSE
B3,Q1,1,256,207,0,True,FALSE,6,False,FALSE
B3,Q1,1,256,207,207,True,FALSE,10,False,FALSE
B3,Q1,1,256,208,0,True,FALSE,3,False,FALSE
B3,Q1,1,256,208,208,True,FALSE,8,False,FALSE
B3,Q1,1,256,209,209,True,FALSE,2,False,FALSE
B3,Q1,1,256,210,210,True,FALSE,6,False,FALSE
B3,Q1,1,256,211,0,True,FALSE,6,False,FALSE
B3,Q1,1,256,213,213,True,FALSE,6,False,FALSE
B3,Q1,1,256,214,214,True,FALSE,6,False,FALSE
B3,Q1,1,256,215,215,True,FALSE,6,False,FALSE
B3,Q1,1,256,218,218,True,FALSE,6,False,FALSE
B3,Q1,1,256,219,219,True,FALSE,6,False,FALSE
B3,Q1,1,256,221,221,True,FALSE,2,False,FALSE
B3,Q1,1,256,223,223,True,FALSE,6,False,FALSE
B3,Q1,1,256,225,225,True,FALSE,2,False,FALSE
B3,Q1,1,256,226,226,True,FALSE,2,False,FALSE
B3,Q1,1,256,228,228,True,FALSE,12,False,FALSE
B3,Q1,1,256,230,230,True,FALSE,18,False,FALSE
B3,Q1,1,256,232,232,True,FALSE,14,False,FALSE
B3,Q1,1,256,233,233,True,FALSE,12,False,FALSE
B3,Q1,1,256,234,234,True,FALSE,20,False,FALSE
B3,Q1,1,256,235,235,True,FALSE,12,False,FALSE
B3,Q1,1,256,236,236,True,FALSE,8,False,FALSE
B3,Q1,1,256,237,237,True,FALSE,4,False,FALSE
B3,Q1,1,256,238,238,True,FALSE,2,False,FALSE
B3,Q1,1,256,243,0,True,FALSE,6,False,FALSE
B3,Q1,1,256,243,243,True,FALSE,6,False,FALSE
B3,Q1,1,256,244,244,True,FALSE,9,False,FALSE
B3,Q1,1,256,245,245,True,FALSE,6,False,FALSE
B3,Q1,1,256,246,246,True,FALSE,13,False,FALSE
B3,Q1,1,256,247,0,True,FALSE,3,False,FALSE
B3,Q1,1,256,247,247,True,FALSE,6,False,FALSE
B3,Q1,1,256,248,0,True,FALSE,9,False,FALSE
B3,Q1,1,256,248,248,True,FALSE,4,False,FALSE
B3,Q1,1,256,249,0,True,FALSE,6,False,FALSE
B3,Q1,1,256,249,249,True,FALSE,2,False,FALSE
B3,Q1,1,256,250,250,True,FALSE,8,False,FALSE
B3,Q1,1,256,251,0,True,FALSE,6,False,FALSE
B3,Q1,1,256,251,251,True,FALSE,20,False,FALSE
B3,Q1,1,256,252,0,True,FALSE,3,False,FALSE
B3,Q1,1,256,252,252,True,FALSE,14,False,FALSE
B3,Q1,1,256,253,253,True,FALSE,28,False,FALSE
B3,Q1,1,256,254,0,True,FALSE,3,False,FALSE
B3,Q1,1,256,254,254,True,FALSE,42,False,FALSE
B3,Q1,1,256,255,0,True,FALSE,3,False,FALSE
B3,Q1,1,256,255,255,True,FALSE,109,False,FALSE
B3,Q1,1,256,256,0,True,MC_UNRESOLVED,2178,True,MC_UNRESOLVED
B3,Q1,1,256,256,1,True,MC_UNRESOLVED,18,True,MC_UNRESOLVED
B3,Q1,1,256,256,2,True,MC_UNRESOLVED,24,True,MC_UNRESOLVED
B3,Q1,1,256,256,3,True,MC_UNRESOLVED,6,True,MC_UNRESOLVED
B3,Q1,1,256,256,4,True,MC_UNRESOLVED,15,True,MC_UNRESOLVED
B3,Q1,1,256,256,8,True,MC_UNRESOLVED,3,True,MC_UNRESOLVED
B3,Q1,1,256,256,9,True,MC_UNRESOLVED,3,True,MC_UNRESOLVED
B3,Q1,1,256,256,11,True,MC_UNRESOLVED,9,True,MC_UNRESOLVED
B3,Q1,1,256,256,13,True,MC_UNRESOLVED,3,True,MC_UNRESOLVED
B3,Q1,1,256,256,22,True,MC_UNRESOLVED,3,True,MC_UNRESOLVED
B3,Q1,1,256,256,23,True,MC_UNRESOLVED,9,True,MC_UNRESOLVED
B3,Q1,1,256,256,24,True,MC_UNRESOLVED,3,True,MC_UNRESOLVED
B3,Q1,1,256,256,25,True,MC_UNRESOLVED,3,True,MC_UNRESOLVED
B3,Q1,1,256,256,28,True,MC_UNRESOLVED,3,True,MC_UNRESOLVED
B3,Q1,1,256,256,31,True,MC_UNRESOLVED,6,True,MC_UNRESOLVED
B3,Q1,1,256,256,32,True,MC_UNRESOLVED,6,True,MC_UNRESOLVED
B3,Q1,1,256,256,34,True,MC_UNRESOLVED,6,True,MC_UNRESOLVED
B3,Q1,1,256,256,38,True,MC_UNRESOLVED,3,True,MC_UNRESOLVED
B3,Q1,1,256,256,42,True,MC_UNRESOLVED,3,True,MC_UNRESOLVED
B3,Q1,1,256,256,43,True,MC_UNRESOLVED,12,True,MC_UNRESOLVED
B3,Q1,1,256,256,45,True,MC_UNRESOLVED,18,True,MC_UNRESOLVED
B3,Q1,1,256,256,46,True,MC_UNRESOLVED,3,True,MC_UNRESOLVED
B3,Q1,1,256,256,55,True,MC_UNRESOLVED,6,True,MC_UNRESOLVED
B3,Q1,1,256,256,58,True,MC_UNRESOLVED,6,True,MC_UNRESOLVED
B3,Q1,1,256,256,60,True,MC_UNRESOLVED,3,True,MC_UNRESOLVED
B3,Q1,1,256,256,62,True,MC_UNRESOLVED,3,True,MC_UNRESOLVED
B3,Q1,1,256,256,71,True,MC_UNRESOLVED,3,True,MC_UNRESOLVED
B3,Q1,1,256,256,72,True,MC_UNRESOLVED,3,True,MC_UNRESOLVED
B3,Q1,1,256,256,105,True,MC_UNRESOLVED,6,True,MC_UNRESOLVED
B3,Q1,1,256,256,108,True,MC_UNRESOLVED,3,True,MC_UNRESOLVED
B3,Q1,1,256,256,110,True,MC_UNRESOLVED,6,True,MC_UNRESOLVED
B3,Q1,1,256,256,114,True,MC_UNRESOLVED,6,True,MC_UNRESOLVED
B3,Q1,1,256,256,117,True,MC_UNRESOLVED,6,True,MC_UNRESOLVED
B3,Q1,1,256,256,121,True,MC_UNRESOLVED,3,True,MC_UNRESOLVED
B3,Q1,1,256,256,126,True,MC_UNRESOLVED,6,True,MC_UNRESOLVED
B3,Q1,1,256,256,131,True,MC_UNRESOLVED,6,True,MC_UNRESOLVED
B3,Q1,1,256,256,160,True,MC_UNRESOLVED,3,True,MC_UNRESOLVED
B3,Q1,1,256,256,164,True,MC_UNRESOLVED,3,True,MC_UNRESOLVED
B3,Q1,1,256,256,168,True,MC_UNRESOLVED,3,True,MC_UNRESOLVED
B3,Q1,1,256,256,175,True,MC_UNRESOLVED,3,True,MC_UNRESOLVED
B3,Q1,1,256,256,183,True,MC_UNRESOLVED,6,True,MC_UNRESOLVED
B3,Q1,1,256,256,199,True,MC_UNRESOLVED,6,True,MC_UNRESOLVED
B3,Q1,1,256,256,200,True,MC_UNRESOLVED,3,True,MC_UNRESOLVED
B3,Q1,1,256,256,203,True,MC_UNRESOLVED,3,True,MC_UNRESOLVED
B3,Q1,1,256,256,205,True,MC_UNRESOLVED,3,True,MC_UNRESOLVED
B3,Q1,1,256,256,209,True,MC_UNRESOLVED,3,True,MC_UNRESOLVED
B3,Q1,1,256,256,210,True,MC_UNRESOLVED,3,True,MC_UNRESOLVED
B3,Q1,1,256,256,219,True,MC_UNRESOLVED,3,True,MC_UNRESOLVED
B3,Q1,1,256,256,225,True,MC_UNRESOLVED,6,True,MC_UNRESOLVED
B3,Q1,1,256,256,226,True,MC_UNRESOLVED,6,True,MC_UNRESOLVED
B3,Q1,1,256,256,229,True,MC_UNRESOLVED,6,True,MC_UNRESOLVED
B3,Q1,1,256,256,230,True,MC_UNRESOLVED,6,True,MC_UNRESOLVED
B3,Q1,1,256,256,231,True,MC_UNRESOLVED,12,True,MC_UNRESOLVED
B3,Q1,1,256,256,233,True,MC_UNRESOLVED,6,True,MC_UNRESOLVED
B3,Q1,1,256,256,237,True,MC_UNRESOLVED,12,True,MC_UNRESOLVED
B3,Q1,1,256,256,239,True,MC_UNRESOLVED,6,True,MC_UNRESOLVED
B3,Q1,1,256,256,241,True,MC_UNRESOLVED,6,True,MC_UNRESOLVED
B3,Q1,1,256,256,244,True,MC_UNRESOLVED,6,True,MC_UNRESOLVED
B3,Q1,1,256,256,252,True,MC_UNRESOLVED,6,True,MC_UNRESOLVED
B3,Q1,1,256,256,253,True,MC_UNRESOLVED,3,True,MC_UNRESOLVED
B3,Q1,1,256,256,254,True,MC_UNRESOLVED,6,True,MC_UNRESOLVED
B3,Q1,1,256,256,255,True,MC_UNRESOLVED,27,True,MC_UNRESOLVED
B3,Q1,1,256,256,256,True,MC_UNRESOLVED,31275,True,MC_UNRESOLVED
B3,Q2,1,256,0,0,False,FALSE,32928,False,FALSE
B3,Q2,1,256,46,46,False,FALSE,4,False,FALSE
B3,Q2,1,256,47,47,False,FALSE,8,False,FALSE
B3,Q2,1,256,65,65,False,FALSE,4,False,FALSE
B3,Q2,1,256,66,66,False,FALSE,8,False,FALSE
B3,Q2,1,256,173,173,False,FALSE,4,False,FALSE
B3,Q2,1,256,177,177,False,FALSE,8,False,FALSE
B3,Q2,1,256,188,188,False,FALSE,4,False,FALSE
B3,Q2,1,256,192,13,False,FALSE,4,False,FALSE
B3,Q2,1,256,192,40,False,FALSE,2,False,FALSE
B3,Q2,1,256,192,192,False,FALSE,6,False,FALSE
B3,Q2,1,256,193,193,False,FALSE,12,False,FALSE
B3,Q2,1,256,194,194,False,FALSE,4,False,FALSE
B3,Q2,1,256,195,195,False,FALSE,4,False,FALSE
B3,Q2,1,256,196,196,False,FALSE,12,False,FALSE
B3,Q2,1,256,206,17,False,FALSE,2,False,FALSE
B3,Q2,1,256,206,19,False,FALSE,2,False,FALSE
B3,Q2,1,256,206,60,False,FALSE,2,False,FALSE
B3,Q2,1,256,206,206,False,FALSE,6,False,FALSE
B3,Q2,1,256,216,216,False,FALSE,4,False,FALSE
B3,Q2,1,256,222,222,False,FALSE,4,False,FALSE
B3,Q2,1,256,223,223,False,FALSE,8,False,FALSE
B3,Q2,1,256,230,230,False,FALSE,4,False,FALSE
B3,Q2,1,256,231,231,False,FALSE,4,False,FALSE
B3,Q2,1,256,234,234,False,FALSE,8,False,FALSE
B3,Q2,1,256,237,237,False,FALSE,4,False,FALSE
B3,Q2,1,256,238,238,False,FALSE,4,False,FALSE
B3,Q2,1,256,242,242,False,FALSE,4,False,FALSE
B3,Q2,1,256,243,243,False,FALSE,4,False,FALSE
B3,Q2,1,256,250,250,False,FALSE,4,False,FALSE
B3,Q2,1,256,252,252,False,FALSE,12,False,FALSE
B3,Q2,1,256,253,15,False,FALSE,2,False,FALSE
B3,Q2,1,256,253,253,False,FALSE,2,False,FALSE
B3,Q2,1,256,254,17,False,FALSE,2,False,FALSE
B3,Q2,1,256,254,52,False,FALSE,2,False,FALSE
B3,Q2,1,256,254,254,False,FALSE,12,False,FALSE
B3,Q2,1,256,255,23,False,FALSE,2,False,FALSE
B3,Q2,1,256,255,25,False,FALSE,2,False,FALSE
B3,Q2,1,256,255,68,False,FALSE,2,False,FALSE
B3,Q2,1,256,255,255,False,FALSE,6,False,FALSE
B3,Q2,1,256,0,0,True,FALSE,61158,False,FALSE
B3,Q2,1,256,1,0,True,FALSE,132,False,FALSE
B3,Q2,1,256,1,1,True,FALSE,108,False,FALSE
B3,Q2,1,256,2,0,True,FALSE,54,False,FALSE
B3,Q2,1,256,2,2,True,FALSE,36,False,FALSE
B3,Q2,1,256,3,0,True,FALSE,48,False,FALSE
B3,Q2,1,256,3,3,True,FALSE,42,False,FALSE
B3,Q2,1,256,4,0,True,FALSE,72,False,FALSE
B3,Q2,1,256,4,4,True,FALSE,36,False,FALSE
B3,Q2,1,256,5,0,True,FALSE,87,False,FALSE
B3,Q2,1,256,5,5,True,FALSE,57,False,FALSE
B3,Q2,1,256,6,0,True,FALSE,33,False,FALSE
B3,Q2,1,256,6,6,True,FALSE,33,False,FALSE
B3,Q2,1,256,7,0,True,FALSE,36,False,FALSE
B3,Q2,1,256,7,7,True,FALSE,30,False,FALSE
B3,Q2,1,256,8,0,True,FALSE,18,False,FALSE
B3,Q2,1,256,8,8,True,FALSE,18,False,FALSE
B3,Q2,1,256,9,0,True,FALSE,27,False,FALSE
B3,Q2,1,256,9,9,True,FALSE,15,False,FALSE
B3,Q2,1,256,10,0,True,FALSE,12,False,FALSE
B3,Q2,1,256,10,10,True,FALSE,12,False,FALSE
B3,Q2,1,256,11,0,True,FALSE,12,False,FALSE
B3,Q2,1,256,11,11,True,FALSE,12,False,FALSE
B3,Q2,1,256,12,0,True,FALSE,12,False,FALSE
B3,Q2,1,256,12,12,True,FALSE,12,False,FALSE
B3,Q2,1,256,13,0,True,FALSE,45,False,FALSE
B3,Q2,1,256,13,13,True,FALSE,27,False,FALSE
B3,Q2,1,256,14,0,True,FALSE,15,False,FALSE
B3,Q2,1,256,14,14,True,FALSE,15,False,FALSE
B3,Q2,1,256,15,0,True,FALSE,21,False,FALSE
B3,Q2,1,256,15,15,True,FALSE,21,False,FALSE
B3,Q2,1,256,16,0,True,FALSE,18,False,FALSE
B3,Q2,1,256,16,16,True,FALSE,6,False,FALSE
B3,Q2,1,256,17,0,True,FALSE,30,False,FALSE
B3,Q2,1,256,17,17,True,FALSE,18,False,FALSE
B3,Q2,1,256,18,0,True,FALSE,21,False,FALSE
B3,Q2,1,256,18,18,True,FALSE,21,False,FALSE
B3,Q2,1,256,19,0,True,FALSE,12,False,FALSE
B3,Q2,1,256,19,19,True,FALSE,12,False,FALSE
B3,Q2,1,256,20,0,True,FALSE,6,False,FALSE
B3,Q2,1,256,20,20,True,FALSE,6,False,FALSE
B3,Q2,1,256,22,0,True,FALSE,12,False,FALSE
B3,Q2,1,256,22,22,True,FALSE,12,False,FALSE
B3,Q2,1,256,24,0,True,FALSE,15,False,FALSE
B3,Q2,1,256,24,24,True,FALSE,15,False,FALSE
B3,Q2,1,256,25,0,True,FALSE,15,False,FALSE
B3,Q2,1,256,25,25,True,FALSE,15,False,FALSE
B3,Q2,1,256,27,0,True,FALSE,33,False,FALSE
B3,Q2,1,256,27,27,True,FALSE,21,False,FALSE
B3,Q2,1,256,28,0,True,FALSE,6,False,FALSE
B3,Q2,1,256,28,28,True,FALSE,6,False,FALSE
B3,Q2,1,256,29,0,True,FALSE,12,False,FALSE
B3,Q2,1,256,29,29,True,FALSE,12,False,FALSE
B3,Q2,1,256,30,0,True,FALSE,9,False,FALSE
B3,Q2,1,256,30,30,True,FALSE,9,False,FALSE
B3,Q2,1,256,31,0,True,FALSE,12,False,FALSE
B3,Q2,1,256,31,31,True,FALSE,12,False,FALSE
B3,Q2,1,256,33,0,True,FALSE,12,False,FALSE
B3,Q2,1,256,33,33,True,FALSE,12,False,FALSE
B3,Q2,1,256,36,0,True,FALSE,3,False,FALSE
B3,Q2,1,256,36,36,True,FALSE,3,False,FALSE
B3,Q2,1,256,37,0,True,FALSE,3,False,FALSE
B3,Q2,1,256,37,37,True,FALSE,3,False,FALSE
B3,Q2,1,256,38,0,True,FALSE,5,False,FALSE
B3,Q2,1,256,38,38,True,FALSE,5,False,FALSE
B3,Q2,1,256,39,0,True,FALSE,4,False,FALSE
B3,Q2,1,256,39,39,True,FALSE,4,False,FALSE
B3,Q2,1,256,41,0,True,FALSE,18,False,FALSE
B3,Q2,1,256,41,41,True,FALSE,18,False,FALSE
B3,Q2,1,256,42,0,True,FALSE,18,False,FALSE
B3,Q2,1,256,42,42,True,FALSE,18,False,FALSE
B3,Q2,1,256,43,0,True,FALSE,12,False,FALSE
B3,Q2,1,256,43,43,True,FALSE,12,False,FALSE
B3,Q2,1,256,44,0,True,FALSE,6,False,FALSE
B3,Q2,1,256,45,0,True,FALSE,12,False,FALSE
B3,Q2,1,256,45,45,True,FALSE,12,False,FALSE
B3,Q2,1,256,46,0,True,FALSE,12,False,FALSE
B3,Q2,1,256,47,0,True,FALSE,6,False,FALSE
B3,Q2,1,256,47,47,True,FALSE,6,False,FALSE
B3,Q2,1,256,48,0,True,FALSE,6,False,FALSE
B3,Q2,1,256,48,48,True,FALSE,6,False,FALSE
B3,Q2,1,256,49,0,True,FALSE,12,False,FALSE
B3,Q2,1,256,49,19,True,FALSE,6,False,FALSE
B3,Q2,1,256,49,49,True,FALSE,6,False,FALSE
B3,Q2,1,256,50,0,True,FALSE,6,False,FALSE
B3,Q2,1,256,50,50,True,FALSE,6,False,FALSE
B3,Q2,1,256,51,0,True,FALSE,6,False,FALSE
B3,Q2,1,256,52,0,True,FALSE,6,False,FALSE
B3,Q2,1,256,52,52,True,FALSE,6,False,FALSE
B3,Q2,1,256,53,0,True,FALSE,18,False,FALSE
B3,Q2,1,256,53,53,True,FALSE,18,False,FALSE
B3,Q2,1,256,55,0,True,FALSE,6,False,FALSE
B3,Q2,1,256,55,55,True,FALSE,6,False,FALSE
B3,Q2,1,256,57,0,True,FALSE,6,False,FALSE
B3,Q2,1,256,57,57,True,FALSE,6,False,FALSE
B3,Q2,1,256,61,0,True,FALSE,12,False,FALSE
B3,Q2,1,256,63,0,True,FALSE,6,False,FALSE
B3,Q2,1,256,63,63,True,FALSE,6,False,FALSE
B3,Q2,1,256,65,0,True,FALSE,6,False,FALSE
B3,Q2,1,256,65,65,True,FALSE,6,False,FALSE
B3,Q2,1,256,66,0,True,FALSE,6,False,FALSE
B3,Q2,1,256,66,66,True,FALSE,6,False,FALSE
B3,Q2,1,256,67,0,True,FALSE,6,False,FALSE
B3,Q2,1,256,67,67,True,FALSE,6,False,FALSE
B3,Q2,1,256,69,0,True,FALSE,18,False,FALSE
B3,Q2,1,256,69,69,True,FALSE,6,False,FALSE
B3,Q2,1,256,70,0,True,FALSE,12,False,FALSE
B3,Q2,1,256,70,70,True,FALSE,12,False,FALSE
B3,Q2,1,256,71,0,True,FALSE,6,False,FALSE
B3,Q2,1,256,71,71,True,FALSE,6,False,FALSE
B3,Q2,1,256,72,0,True,FALSE,6,False,FALSE
B3,Q2,1,256,72,72,True,FALSE,6,False,FALSE
B3,Q2,1,256,74,0,True,FALSE,6,False,FALSE
B3,Q2,1,256,74,74,True,FALSE,6,False,FALSE
B3,Q2,1,256,75,0,True,FALSE,6,False,FALSE
B3,Q2,1,256,75,75,True,FALSE,6,False,FALSE
B3,Q2,1,256,80,0,True,FALSE,6,False,FALSE
B3,Q2,1,256,80,80,True,FALSE,6,False,FALSE
B3,Q2,1,256,81,0,True,FALSE,12,False,FALSE
B3,Q2,1,256,82,0,True,FALSE,24,False,FALSE
B3,Q2,1,256,82,82,True,FALSE,24,False,FALSE
B3,Q2,1,256,83,0,True,FALSE,18,False,FALSE
B3,Q2,1,256,83,83,True,FALSE,6,False,FALSE
B3,Q2,1,256,85,0,True,FALSE,18,False,FALSE
B3,Q2,1,256,85,44,True,FALSE,6,False,FALSE
B3,Q2,1,256,85,85,True,FALSE,12,False,FALSE
B3,Q2,1,256,86,0,True,FALSE,18,False,FALSE
B3,Q2,1,256,86,86,True,FALSE,18,False,FALSE
B3,Q2,1,256,87,0,True,FALSE,18,False,FALSE
B3,Q2,1,256,87,87,True,FALSE,18,False,FALSE
B3,Q2,1,256,88,0,True,FALSE,6,False,FALSE
B3,Q2,1,256,92,0,True,FALSE,6,False,FALSE
B3,Q2,1,256,92,92,True,FALSE,6,False,FALSE
B3,Q2,1,256,93,0,True,FALSE,18,False,FALSE
B3,Q2,1,256,93,93,True,FALSE,6,False,FALSE
B3,Q2,1,256,94,0,True,FALSE,2,False,FALSE
B3,Q2,1,256,94,94,True,FALSE,2,False,FALSE
B3,Q2,1,256,95,0,True,FALSE,4,False,FALSE
B3,Q2,1,256,95,95,True,FALSE,4,False,FALSE
B3,Q2,1,256,96,0,True,FALSE,6,False,FALSE
B3,Q2,1,256,96,96,True,FALSE,6,False,FALSE
B3,Q2,1,256,99,0,True,FALSE,18,False,FALSE
B3,Q2,1,256,99,99,True,FALSE,6,False,FALSE
B3,Q2,1,256,100,0,True,FALSE,12,False,FALSE
B3,Q2,1,256,100,100,True,FALSE,12,False,FALSE
B3,Q2,1,256,102,0,True,FALSE,6,False,FALSE
B3,Q2,1,256,102,102,True,FALSE,6,False,FALSE
B3,Q2,1,256,104,0,True,FALSE,18,False,FALSE
B3,Q2,1,256,104,104,True,FALSE,10,False,FALSE
B3,Q2,1,256,105,0,True,FALSE,18,False,FALSE
B3,Q2,1,256,105,105,True,FALSE,18,False,FALSE
B3,Q2,1,256,106,0,True,FALSE,18,False,FALSE
B3,Q2,1,256,106,106,True,FALSE,18,False,FALSE
B3,Q2,1,256,107,0,True,FALSE,6,False,FALSE
B3,Q2,1,256,107,107,True,FALSE,10,False,FALSE
B3,Q2,1,256,108,0,True,FALSE,12,False,FALSE
B3,Q2,1,256,110,0,True,FALSE,12,False,FALSE
B3,Q2,1,256,110,110,True,FALSE,6,False,FALSE
B3,Q2,1,256,112,0,True,FALSE,12,False,FALSE
B3,Q2,1,256,112,11,True,FALSE,6,False,FALSE
B3,Q2,1,256,112,112,True,FALSE,6,False,FALSE
B3,Q2,1,256,113,0,True,FALSE,6,False,FALSE
B3,Q2,1,256,113,113,True,FALSE,6,False,FALSE
B3,Q2,1,256,116,0,True,FALSE,30,False,FALSE
B3,Q2,1,256,116,116,True,FALSE,6,False,FALSE
B3,Q2,1,256,118,0,True,FALSE,6,False,FALSE
B3,Q2,1,256,118,118,True,FALSE,6,False,FALSE
B3,Q2,1,256,119,0,True,FALSE,6,False,FALSE
B3,Q2,1,256,119,119,True,FALSE,6,False,FALSE
B3,Q2,1,256,121,0,True,FALSE,6,False,FALSE
B3,Q2,1,256,121,121,True,FALSE,6,False,FALSE
B3,Q2,1,256,123,0,True,FALSE,18,False,FALSE
B3,Q2,1,256,123,123,True,FALSE,6,False,FALSE
B3,Q2,1,256,125,125,True,FALSE,4,False,FALSE
B3,Q2,1,256,133,0,True,FALSE,12,False,FALSE
B3,Q2,1,256,133,133,True,FALSE,12,False,FALSE
B3,Q2,1,256,137,0,True,FALSE,12,False,FALSE
B3,Q2,1,256,138,0,True,FALSE,6,False,FALSE
B3,Q2,1,256,138,138,True,FALSE,6,False,FALSE
B3,Q2,1,256,147,0,True,FALSE,6,False,FALSE
B3,Q2,1,256,147,147,True,FALSE,6,False,FALSE
B3,Q2,1,256,150,0,True,FALSE,6,False,FALSE
B3,Q2,1,256,150,150,True,FALSE,6,False,FALSE
B3,Q2,1,256,151,0,True,FALSE,12,False,FALSE
B3,Q2,1,256,151,20,True,FALSE,6,False,FALSE
B3,Q2,1,256,151,151,True,FALSE,6,False,FALSE
B3,Q2,1,256,152,0,True,FALSE,12,False,FALSE
B3,Q2,1,256,154,0,True,FALSE,12,False,FALSE
B3,Q2,1,256,155,0,True,FALSE,9,False,FALSE
B3,Q2,1,256,155,155,True,FALSE,9,False,FALSE
B3,Q2,1,256,156,0,True,FALSE,6,False,FALSE
B3,Q2,1,256,158,0,True,FALSE,6,False,FALSE
B3,Q2,1,256,158,158,True,FALSE,6,False,FALSE
B3,Q2,1,256,159,0,True,FALSE,6,False,FALSE
B3,Q2,1,256,159,159,True,FALSE,10,False,FALSE
B3,Q2,1,256,162,0,True,FALSE,9,False,FALSE
B3,Q2,1,256,162,162,True,FALSE,3,False,FALSE
B3,Q2,1,256,163,0,True,FALSE,6,False,FALSE
B3,Q2,1,256,165,0,True,FALSE,6,False,FALSE
B3,Q2,1,256,165,165,True,FALSE,4,False,FALSE
B3,Q2,1,256,167,0,True,FALSE,6,False,FALSE
B3,Q2,1,256,167,167,True,FALSE,6,False,FALSE
B3,Q2,1,256,170,0,True,FALSE,12,False,FALSE
B3,Q2,1,256,170,170,True,FALSE,4,False,FALSE
B3,Q2,1,256,173,0,True,FALSE,6,False,FALSE
B3,Q2,1,256,173,173,True,FALSE,6,False,FALSE
B3,Q2,1,256,174,0,True,FALSE,6,False,FALSE
B3,Q2,1,256,174,174,True,FALSE,6,False,FALSE
B3,Q2,1,256,175,0,True,FALSE,6,False,FALSE
B3,Q2,1,256,175,175,True,FALSE,6,False,FALSE
B3,Q2,1,256,178,0,True,FALSE,6,False,FALSE
B3,Q2,1,256,178,178,True,FALSE,6,False,FALSE
B3,Q2,1,256,179,179,True,FALSE,8,False,FALSE
B3,Q2,1,256,181,0,True,FALSE,12,False,FALSE
B3,Q2,1,256,181,181,True,FALSE,12,False,FALSE
B3,Q2,1,256,182,0,True,FALSE,6,False,FALSE
B3,Q2,1,256,182,182,True,FALSE,6,False,FALSE
B3,Q2,1,256,183,0,True,FALSE,12,False,FALSE
B3,Q2,1,256,183,183,True,FALSE,10,False,FALSE
B3,Q2,1,256,185,0,True,FALSE,6,False,FALSE
B3,Q2,1,256,185,185,True,FALSE,6,False,FALSE
B3,Q2,1,256,189,0,True,FALSE,6,False,FALSE
B3,Q2,1,256,189,189,True,FALSE,6,False,FALSE
B3,Q2,1,256,192,0,True,FALSE,6,False,FALSE
B3,Q2,1,256,192,192,True,FALSE,6,False,FALSE
B3,Q2,1,256,195,0,True,FALSE,6,False,FALSE
B3,Q2,1,256,195,195,True,FALSE,6,False,FALSE
B3,Q2,1,256,196,196,True,FALSE,4,False,FALSE
B3,Q2,1,256,200,200,True,FALSE,4,False,FALSE
B3,Q2,1,256,207,0,True,FALSE,18,False,FALSE
B3,Q2,1,256,207,207,True,FALSE,14,False,FALSE
B3,Q2,1,256,208,0,True,FALSE,12,False,FALSE
B3,Q2,1,256,208,208,True,FALSE,10,False,FALSE
B3,Q2,1,256,209,209,True,FALSE,4,False,FALSE
B3,Q2,1,256,210,0,True,FALSE,6,False,FALSE
B3,Q2,1,256,210,210,True,FALSE,6,False,FALSE
B3,Q2,1,256,211,0,True,FALSE,12,False,FALSE
B3,Q2,1,256,213,0,True,FALSE,6,False,FALSE
B3,Q2,1,256,213,213,True,FALSE,6,False,FALSE
B3,Q2,1,256,214,0,True,FALSE,6,False,FALSE
B3,Q2,1,256,214,214,True,FALSE,6,False,FALSE
B3,Q2,1,256,215,0,True,FALSE,6,False,FALSE
B3,Q2,1,256,215,215,True,FALSE,6,False,FALSE
B3,Q2,1,256,218,0,True,FALSE,6,False,FALSE
B3,Q2,1,256,218,218,True,FALSE,6,False,FALSE
B3,Q2,1,256,219,0,True,FALSE,6,False,FALSE
B3,Q2,1,256,219,219,True,FALSE,6,False,FALSE
B3,Q2,1,256,221,221,True,FALSE,4,False,FALSE
B3,Q2,1,256,223,0,True,FALSE,6,False,FALSE
B3,Q2,1,256,223,223,True,FALSE,6,False,FALSE
B3,Q2,1,256,225,220,True,FALSE,2,False,FALSE
B3,Q2,1,256,225,225,True,FALSE,2,False,FALSE
B3,Q2,1,256,226,226,True,FALSE,4,False,FALSE
B3,Q2,1,256,228,0,True,FALSE,12,False,FALSE
B3,Q2,1,256,228,228,True,FALSE,12,False,FALSE
B3,Q2,1,256,230,0,True,FALSE,18,False,FALSE
B3,Q2,1,256,230,230,True,FALSE,18,False,FALSE
B3,Q2,1,256,232,0,True,FALSE,12,False,FALSE
B3,Q2,1,256,232,229,True,FALSE,2,False,FALSE
B3,Q2,1,256,232,232,True,FALSE,14,False,FALSE
B3,Q2,1,256,233,0,True,FALSE,12,False,FALSE
B3,Q2,1,256,233,233,True,FALSE,12,False,FALSE
B3,Q2,1,256,234,0,True,FALSE,18,False,FALSE
B3,Q2,1,256,234,234,True,FALSE,22,False,FALSE
B3,Q2,1,256,235,0,True,FALSE,12,False,FALSE
B3,Q2,1,256,235,235,True,FALSE,12,False,FALSE
B3,Q2,1,256,236,0,True,FALSE,6,False,FALSE
B3,Q2,1,256,236,231,True,FALSE,2,False,FALSE
B3,Q2,1,256,236,236,True,FALSE,8,False,FALSE
B3,Q2,1,256,237,237,True,FALSE,8,False,FALSE
B3,Q2,1,256,238,237,True,FALSE,2,False,FALSE
B3,Q2,1,256,238,238,True,FALSE,2,False,FALSE
B3,Q2,1,256,243,0,True,FALSE,18,False,FALSE
B3,Q2,1,256,243,243,True,FALSE,6,False,FALSE
B3,Q2,1,256,244,0,True,FALSE,9,False,FALSE
B3,Q2,1,256,244,244,True,FALSE,9,False,FALSE
B3,Q2,1,256,245,0,True,FALSE,6,False,FALSE
B3,Q2,1,256,245,245,True,FALSE,6,False,FALSE
B3,Q2,1,256,246,0,True,FALSE,9,False,FALSE
B3,Q2,1,256,246,242,True,FALSE,4,False,FALSE
B3,Q2,1,256,246,246,True,FALSE,13,False,FALSE
B3,Q2,1,256,247,0,True,FALSE,12,False,FALSE
B3,Q2,1,256,247,247,True,FALSE,6,False,FALSE
B3,Q2,1,256,248,0,True,FALSE,18,False,FALSE
B3,Q2,1,256,248,243,True,FALSE,2,False,FALSE
B3,Q2,1,256,248,248,True,FALSE,6,False,FALSE
B3,Q2,1,256,249,0,True,FALSE,12,False,FALSE
B3,Q2,1,256,249,249,True,FALSE,4,False,FALSE
B3,Q2,1,256,250,0,True,FALSE,6,False,FALSE
B3,Q2,1,256,250,13,True,FALSE,2,False,FALSE
B3,Q2,1,256,250,250,True,FALSE,8,False,FALSE
B3,Q2,1,256,251,0,True,FALSE,30,False,FALSE
B3,Q2,1,256,251,246,True,FALSE,2,False,FALSE
B3,Q2,1,256,251,251,True,FALSE,20,False,FALSE
B3,Q2,1,256,252,0,True,FALSE,12,False,FALSE
B3,Q2,1,256,252,13,True,FALSE,2,False,FALSE
B3,Q2,1,256,252,252,True,FALSE,20,False,FALSE
B3,Q2,1,256,253,0,True,FALSE,18,False,FALSE
B3,Q2,1,256,253,8,True,FALSE,2,False,FALSE
B3,Q2,1,256,253,209,True,FALSE,2,False,FALSE
B3,Q2,1,256,253,233,True,FALSE,2,False,FALSE
B3,Q2,1,256,253,252,True,FALSE,4,False,FALSE
B3,Q2,1,256,253,253,True,FALSE,28,False,FALSE
B3,Q2,1,256,254,0,True,FALSE,18,False,FALSE
B3,Q2,1,256,254,8,True,FALSE,4,False,FALSE
B3,Q2,1,256,254,14,True,FALSE,2,False,FALSE
B3,Q2,1,256,254,61,True,FALSE,2,False,FALSE
B3,Q2,1,256,254,140,True,FALSE,6,False,FALSE
B3,Q2,1,256,254,210,True,FALSE,2,False,FALSE
B3,Q2,1,256,254,234,True,FALSE,2,False,FALSE
B3,Q2,1,256,254,249,True,FALSE,2,False,FALSE
B3,Q2,1,256,254,254,True,FALSE,52,False,FALSE
B3,Q2,1,256,255,0,True,FALSE,71,False,FALSE
B3,Q2,1,256,255,16,True,FALSE,6,False,FALSE
B3,Q2,1,256,255,21,True,FALSE,6,False,FALSE
B3,Q2,1,256,255,57,True,FALSE,6,False,FALSE
B3,Q2,1,256,255,61,True,FALSE,4,False,FALSE
B3,Q2,1,256,255,178,True,FALSE,2,False,FALSE
B3,Q2,1,256,255,227,True,FALSE,2,False,FALSE
B3,Q2,1,256,255,228,True,FALSE,2,False,FALSE
B3,Q2,1,256,255,234,True,FALSE,2,False,FALSE
B3,Q2,1,256,255,245,True,FALSE,2,False,FALSE
B3,Q2,1,256,255,250,True,FALSE,2,False,FALSE
B3,Q2,1,256,255,254,True,FALSE,4,False,FALSE
B3,Q2,1,256,255,255,True,FALSE,115,False,FALSE
B3,Q2,1,256,256,0,True,FALSE,34618,False,FALSE
B3,Q2,1,256,256,1,True,FALSE,72,False,FALSE
B3,Q2,1,256,256,2,True,FALSE,24,False,FALSE
B3,Q2,1,256,256,3,True,FALSE,6,False,FALSE
B3,Q2,1,256,256,4,True,FALSE,33,False,FALSE
B3,Q2,1,256,256,8,True,FALSE,3,False,FALSE
B3,Q2,1,256,256,9,True,FALSE,15,False,FALSE
B3,Q2,1,256,256,11,True,FALSE,9,False,FALSE
B3,Q2,1,256,256,13,True,FALSE,21,False,FALSE
B3,Q2,1,256,256,14,True,FALSE,12,False,FALSE
B3,Q2,1,256,256,15,True,FALSE,12,False,FALSE
B3,Q2,1,256,256,16,True,FALSE,30,False,FALSE
B3,Q2,1,256,256,17,True,FALSE,18,False,FALSE
B3,Q2,1,256,256,18,True,FALSE,30,False,FALSE
B3,Q2,1,256,256,21,True,FALSE,30,False,FALSE
B3,Q2,1,256,256,22,True,FALSE,3,False,FALSE
B3,Q2,1,256,256,23,True,FALSE,21,False,FALSE
B3,Q2,1,256,256,24,True,FALSE,3,False,FALSE
B3,Q2,1,256,256,25,True,FALSE,33,False,FALSE
B3,Q2,1,256,256,28,True,FALSE,3,False,FALSE
B3,Q2,1,256,256,31,True,FALSE,6,False,FALSE
B3,Q2,1,256,256,32,True,FALSE,6,False,FALSE
B3,Q2,1,256,256,34,True,FALSE,6,False,FALSE
B3,Q2,1,256,256,38,True,FALSE,3,False,FALSE
B3,Q2,1,256,256,42,True,FALSE,3,False,FALSE
B3,Q2,1,256,256,43,True,FALSE,12,False,FALSE
B3,Q2,1,256,256,45,True,FALSE,18,False,FALSE
B3,Q2,1,256,256,46,True,FALSE,3,False,FALSE
B3,Q2,1,256,256,53,True,FALSE,12,False,FALSE
B3,Q2,1,256,256,55,True,FALSE,6,False,FALSE
B3,Q2,1,256,256,57,True,FALSE,12,False,FALSE
B3,Q2,1,256,256,58,True,FALSE,6,False,FALSE
B3,Q2,1,256,256,60,True,FALSE,3,False,FALSE
B3,Q2,1,256,256,62,True,FALSE,15,False,FALSE
B3,Q2,1,256,256,68,True,FALSE,12,False,FALSE
B3,Q2,1,256,256,71,True,FALSE,3,False,FALSE
B3,Q2,1,256,256,72,True,FALSE,3,False,FALSE
B3,Q2,1,256,256,105,True,FALSE,6,False,FALSE
B3,Q2,1,256,256,108,True,FALSE,3,False,FALSE
B3,Q2,1,256,256,110,True,FALSE,6,False,FALSE
B3,Q2,1,256,256,114,True,FALSE,6,False,FALSE
B3,Q2,1,256,256,117,True,FALSE,6,False,FALSE
B3,Q2,1,256,256,121,True,FALSE,3,False,FALSE
B3,Q2,1,256,256,126,True,FALSE,6,False,FALSE
B3,Q2,1,256,256,131,True,FALSE,6,False,FALSE
B3,Q2,1,256,256,133,True,FALSE,18,False,FALSE
B3,Q2,1,256,256,141,True,FALSE,48,False,FALSE
B3,Q2,1,256,256,160,True,FALSE,3,False,FALSE
B3,Q2,1,256,256,164,True,FALSE,3,False,FALSE
B3,Q2,1,256,256,168,True,FALSE,3,False,FALSE
B3,Q2,1,256,256,175,True,FALSE,3,False,FALSE
B3,Q2,1,256,256,176,True,FALSE,18,False,FALSE
B3,Q2,1,256,256,179,True,FALSE,34,False,FALSE
B3,Q2,1,256,256,183,True,FALSE,6,False,FALSE
B3,Q2,1,256,256,193,True,FALSE,18,False,FALSE
B3,Q2,1,256,256,199,True,FALSE,6,False,FALSE
B3,Q2,1,256,256,200,True,FALSE,3,False,FALSE
B3,Q2,1,256,256,203,True,FALSE,3,False,FALSE
B3,Q2,1,256,256,205,True,FALSE,3,False,FALSE
B3,Q2,1,256,256,209,True,FALSE,3,False,FALSE
B3,Q2,1,256,256,210,True,FALSE,3,False,FALSE
B3,Q2,1,256,256,212,True,FALSE,32,False,FALSE
B3,Q2,1,256,256,215,True,FALSE,36,False,FALSE
B3,Q2,1,256,256,217,True,FALSE,18,False,FALSE
B3,Q2,1,256,256,219,True,FALSE,3,False,FALSE
B3,Q2,1,256,256,225,True,FALSE,6,False,FALSE
B3,Q2,1,256,256,226,True,FALSE,6,False,FALSE
B3,Q2,1,256,256,228,True,FALSE,32,False,FALSE
B3,Q2,1,256,256,229,True,FALSE,6,False,FALSE
B3,Q2,1,256,256,230,True,FALSE,6,False,FALSE
B3,Q2,1,256,256,231,True,FALSE,12,False,FALSE
B3,Q2,1,256,256,233,True,FALSE,6,False,FALSE
B3,Q2,1,256,256,235,True,FALSE,16,False,FALSE
B3,Q2,1,256,256,236,True,FALSE,14,False,FALSE
B3,Q2,1,256,256,237,True,FALSE,12,False,FALSE
B3,Q2,1,256,256,239,True,FALSE,6,False,FALSE
B3,Q2,1,256,256,241,True,FALSE,6,False,FALSE
B3,Q2,1,256,256,244,True,FALSE,6,False,FALSE
B3,Q2,1,256,256,246,True,FALSE,16,False,FALSE
B3,Q2,1,256,256,251,True,FALSE,24,False,FALSE
B3,Q2,1,256,256,252,True,FALSE,18,False,FALSE
B3,Q2,1,256,256,253,True,FALSE,3,False,FALSE
B3,Q2,1,256,256,254,True,FALSE,6,False,FALSE
B3,Q2,1,256,256,255,True,FALSE,89,False,FALSE
B3,Q2,1,256,256,256,True,MC_UNRESOLVED,31947,True,MC_UNRESOLVED
B4,Q1,0,256,0,0,False,FALSE,17616,False,FALSE
B4,Q1,0,256,217,217,False,FALSE,2,False,FALSE
B4,Q1,0,256,218,218,False,FALSE,4,False,FALSE
B4,Q1,0,256,231,231,False,FALSE,6,False,FALSE
B4,Q1,0,256,253,253,False,FALSE,2,False,FALSE
B4,Q1,0,256,255,255,False,FALSE,4,False,FALSE
B4,Q1,0,256,256,256,False,FALSE,6,False,FALSE
B4,Q1,0,256,0,0,True,MC_UNRESOLVED,29610,True,TRUE
B4,Q1,0,256,1,0,True,TRUE,21,True,TRUE
B4,Q1,0,256,1,1,True,TRUE,144,True,TRUE
B4,Q1,0,256,2,0,True,TRUE,15,True,TRUE
B4,Q1,0,256,2,2,True,TRUE,87,True,TRUE
B4,Q1,0,256,3,0,True,TRUE,9,True,TRUE
B4,Q1,0,256,3,3,True,TRUE,33,True,TRUE
B4,Q1,0,256,4,0,True,TRUE,9,True,TRUE
B4,Q1,0,256,4,4,True,TRUE,24,True,TRUE
B4,Q1,0,256,5,0,True,TRUE,15,True,TRUE
B4,Q1,0,256,5,5,True,TRUE,12,True,TRUE
B4,Q1,0,256,6,0,True,TRUE,3,True,TRUE
B4,Q1,0,256,6,6,True,TRUE,30,True,TRUE
B4,Q1,0,256,7,7,True,TRUE,15,True,TRUE
B4,Q1,0,256,8,7,True,TRUE,3,True,TRUE
B4,Q1,0,256,8,8,True,TRUE,21,True,TRUE
B4,Q1,0,256,9,0,True,TRUE,6,True,TRUE
B4,Q1,0,256,9,9,True,TRUE,33,True,TRUE
B4,Q1,0,256,10,0,True,TRUE,12,True,TRUE
B4,Q1,0,256,10,10,True,TRUE,9,True,TRUE
B4,Q1,0,256,11,11,True,TRUE,6,True,TRUE
B4,Q1,0,256,12,12,True,TRUE,24,True,TRUE
B4,Q1,0,256,13,13,True,TRUE,15,True,TRUE
B4,Q1,0,256,14,14,True,TRUE,6,True,TRUE
B4,Q1,0,256,15,0,True,TRUE,6,True,TRUE
B4,Q1,0,256,15,15,True,TRUE,18,True,TRUE
B4,Q1,0,256,16,16,True,TRUE,12,True,TRUE
B4,Q1,0,256,18,18,True,TRUE,6,True,TRUE
B4,Q1,0,256,19,0,True,TRUE,3,True,TRUE
B4,Q1,0,256,19,19,True,TRUE,12,True,TRUE
B4,Q1,0,256,20,20,True,TRUE,6,True,TRUE
B4,Q1,0,256,21,21,True,TRUE,6,True,TRUE
B4,Q1,0,256,22,22,True,TRUE,12,True,TRUE
B4,Q1,0,256,23,23,True,TRUE,6,True,TRUE
B4,Q1,0,256,24,0,True,TRUE,3,True,TRUE
B4,Q1,0,256,24,24,True,TRUE,12,True,TRUE
B4,Q1,0,256,25,0,True,TRUE,6,True,TRUE
B4,Q1,0,256,25,25,True,TRUE,3,True,TRUE
B4,Q1,0,256,26,0,True,TRUE,9,True,TRUE
B4,Q1,0,256,26,26,True,TRUE,12,True,TRUE
B4,Q1,0,256,28,28,True,TRUE,6,True,TRUE
B4,Q1,0,256,29,29,True,TRUE,18,True,TRUE
B4,Q1,0,256,30,30,True,TRUE,24,True,TRUE
B4,Q1,0,256,31,31,True,TRUE,12,True,TRUE
B4,Q1,0,256,32,32,True,TRUE,24,True,TRUE
B4,Q1,0,256,33,33,True,TRUE,6,True,TRUE
B4,Q1,0,256,35,35,True,TRUE,12,True,TRUE
B4,Q1,0,256,36,36,True,TRUE,18,True,TRUE
B4,Q1,0,256,37,37,True,TRUE,15,True,TRUE
B4,Q1,0,256,38,0,True,TRUE,6,True,TRUE
B4,Q1,0,256,38,38,True,TRUE,3,True,TRUE
B4,Q1,0,256,39,39,True,TRUE,18,True,TRUE
B4,Q1,0,256,40,0,True,TRUE,3,True,TRUE
B4,Q1,0,256,40,40,True,TRUE,6,True,TRUE
B4,Q1,0,256,41,41,True,TRUE,6,True,TRUE
B4,Q1,0,256,42,42,True,TRUE,6,True,TRUE
B4,Q1,0,256,43,0,True,TRUE,6,True,TRUE
B4,Q1,0,256,44,44,True,TRUE,6,True,TRUE
B4,Q1,0,256,46,46,True,TRUE,6,True,TRUE
B4,Q1,0,256,47,0,True,TRUE,6,True,TRUE
B4,Q1,0,256,47,47,True,TRUE,6,True,TRUE
B4,Q1,0,256,48,48,True,TRUE,6,True,TRUE
B4,Q1,0,256,49,49,True,TRUE,6,True,TRUE
B4,Q1,0,256,51,51,True,TRUE,6,True,TRUE
B4,Q1,0,256,52,52,True,TRUE,30,True,TRUE
B4,Q1,0,256,53,53,True,TRUE,6,True,TRUE
B4,Q1,0,256,54,54,True,TRUE,6,True,TRUE
B4,Q1,0,256,55,55,True,TRUE,12,True,TRUE
B4,Q1,0,256,57,57,True,TRUE,12,True,TRUE
B4,Q1,0,256,58,58,True,TRUE,6,True,TRUE
B4,Q1,0,256,59,0,True,TRUE,6,True,TRUE
B4,Q1,0,256,59,59,True,TRUE,6,True,TRUE
B4,Q1,0,256,61,61,True,TRUE,12,True,TRUE
B4,Q1,0,256,62,62,True,TRUE,6,True,TRUE
B4,Q1,0,256,63,63,True,TRUE,8,True,TRUE
B4,Q1,0,256,64,64,True,TRUE,4,True,TRUE
B4,Q1,0,256,65,65,True,TRUE,6,True,TRUE
B4,Q1,0,256,68,68,True,TRUE,6,True,TRUE
B4,Q1,0,256,69,69,True,TRUE,9,True,TRUE
B4,Q1,0,256,72,72,True,TRUE,18,True,TRUE
B4,Q1,0,256,73,73,True,TRUE,6,True,TRUE
B4,Q1,0,256,74,74,True,TRUE,6,True,TRUE
B4,Q1,0,256,76,76,True,TRUE,6,True,TRUE
B4,Q1,0,256,80,80,True,TRUE,6,True,TRUE
B4,Q1,0,256,84,84,True,TRUE,6,True,TRUE
B4,Q1,0,256,85,85,True,TRUE,12,True,TRUE
B4,Q1,0,256,86,86,True,TRUE,6,True,TRUE
B4,Q1,0,256,88,88,True,TRUE,12,True,TRUE
B4,Q1,0,256,91,0,True,TRUE,6,True,TRUE
B4,Q1,0,256,91,91,True,TRUE,6,True,TRUE
B4,Q1,0,256,92,92,True,TRUE,6,True,TRUE
B4,Q1,0,256,93,93,True,TRUE,6,True,TRUE
B4,Q1,0,256,97,97,True,TRUE,18,True,TRUE
B4,Q1,0,256,98,98,True,TRUE,6,True,TRUE
B4,Q1,0,256,102,102,True,TRUE,6,True,TRUE
B4,Q1,0,256,105,0,True,TRUE,12,True,TRUE
B4,Q1,0,256,106,106,True,TRUE,6,True,TRUE
B4,Q1,0,256,110,110,True,TRUE,24,True,TRUE
B4,Q1,0,256,111,111,True,TRUE,6,True,TRUE
B4,Q1,0,256,112,112,True,TRUE,12,True,TRUE
B4,Q1,0,256,115,115,True,TRUE,6,True,TRUE
B4,Q1,0,256,116,0,True,TRUE,6,True,TRUE
B4,Q1,0,256,116,116,True,TRUE,6,True,TRUE
B4,Q1,0,256,122,0,True,TRUE,6,True,TRUE
B4,Q1,0,256,124,124,True,TRUE,6,True,TRUE
B4,Q1,0,256,127,127,True,TRUE,12,True,TRUE
B4,Q1,0,256,128,0,True,TRUE,6,True,TRUE
B4,Q1,0,256,129,129,True,TRUE,6,True,TRUE
B4,Q1,0,256,133,133,True,TRUE,6,True,TRUE
B4,Q1,0,256,135,135,True,TRUE,6,True,TRUE
B4,Q1,0,256,136,0,True,TRUE,3,True,TRUE
B4,Q1,0,256,137,0,True,TRUE,9,True,TRUE
B4,Q1,0,256,141,0,True,TRUE,6,True,TRUE
B4,Q1,0,256,144,144,True,TRUE,6,True,TRUE
B4,Q1,0,256,146,146,True,TRUE,6,True,TRUE
B4,Q1,0,256,148,148,True,TRUE,6,True,TRUE
B4,Q1,0,256,151,151,True,TRUE,6,True,TRUE
B4,Q1,0,256,157,157,True,TRUE,6,True,TRUE
B4,Q1,0,256,158,30,True,TRUE,6,True,TRUE
B4,Q1,0,256,161,161,True,TRUE,6,True,TRUE
B4,Q1,0,256,163,163,True,TRUE,6,True,TRUE
B4,Q1,0,256,169,34,True,TRUE,6,True,TRUE
B4,Q1,0,256,170,0,True,TRUE,3,True,TRUE
B4,Q1,0,256,171,171,True,TRUE,6,True,TRUE
B4,Q1,0,256,173,0,True,TRUE,3,True,TRUE
B4,Q1,0,256,173,173,True,TRUE,6,True,TRUE
B4,Q1,0,256,174,174,True,TRUE,6,True,TRUE
B4,Q1,0,256,177,177,True,TRUE,6,True,TRUE
B4,Q1,0,256,181,181,True,TRUE,6,True,TRUE
B4,Q1,0,256,182,182,True,TRUE,6,True,TRUE
B4,Q1,0,256,185,185,True,TRUE,6,True,TRUE
B4,Q1,0,256,186,186,True,TRUE,6,True,TRUE
B4,Q1,0,256,190,190,True,TRUE,6,True,TRUE
B4,Q1,0,256,191,134,True,TRUE,6,True,TRUE
B4,Q1,0,256,193,193,True,TRUE,6,True,TRUE
B4,Q1,0,256,194,134,True,TRUE,6,True,TRUE
B4,Q1,0,256,194,194,True,TRUE,6,True,TRUE
B4,Q1,0,256,200,200,True,TRUE,12,True,TRUE
B4,Q1,0,256,205,205,True,TRUE,2,True,TRUE
B4,Q1,0,256,207,207,True,TRUE,2,True,TRUE
B4,Q1,0,256,211,211,True,TRUE,6,True,TRUE
B4,Q1,0,256,212,212,True,TRUE,3,True,TRUE
B4,Q1,0,256,213,213,True,TRUE,3,True,TRUE
B4,Q1,0,256,218,218,True,TRUE,9,True,TRUE
B4,Q1,0,256,219,219,True,TRUE,6,True,TRUE
B4,Q1,0,256,220,220,True,TRUE,12,True,TRUE
B4,Q1,0,256,221,221,True,TRUE,6,True,TRUE
B4,Q1,0,256,223,223,True,TRUE,12,True,TRUE
B4,Q1,0,256,224,224,True,TRUE,11,True,TRUE
B4,Q1,0,256,225,0,True,TRUE,3,True,TRUE
B4,Q1,0,256,225,225,True,TRUE,12,True,TRUE
B4,Q1,0,256,226,226,True,TRUE,6,True,TRUE
B4,Q1,0,256,227,227,True,TRUE,6,True,TRUE
B4,Q1,0,256,232,232,True,TRUE,4,True,TRUE
B4,Q1,0,256,235,235,True,TRUE,6,True,TRUE
B4,Q1,0,256,236,0,True,TRUE,3,True,TRUE
B4,Q1,0,256,236,236,True,TRUE,2,True,TRUE
B4,Q1,0,256,237,237,True,TRUE,14,True,TRUE
B4,Q1,0,256,238,238,True,TRUE,6,True,TRUE
B4,Q1,0,256,239,239,True,TRUE,26,True,TRUE
B4,Q1,0,256,240,240,True,TRUE,2,True,TRUE
B4,Q1,0,256,241,241,True,TRUE,12,True,TRUE
B4,Q1,0,256,242,242,True,TRUE,8,True,TRUE
B4,Q1,0,256,243,243,True,TRUE,14,True,TRUE
B4,Q1,0,256,244,0,True,TRUE,6,True,TRUE
B4,Q1,0,256,244,244,True,TRUE,16,True,TRUE
B4,Q1,0,256,245,245,True,TRUE,19,True,TRUE
B4,Q1,0,256,246,246,True,TRUE,13,True,TRUE
B4,Q1,0,256,247,247,True,TRUE,8,True,TRUE
B4,Q1,0,256,248,248,True,TRUE,10,True,TRUE
B4,Q1,0,256,249,249,True,TRUE,29,True,TRUE
B4,Q1,0,256,250,0,True,TRUE,6,True,TRUE
B4,Q1,0,256,250,250,True,TRUE,32,True,TRUE
B4,Q1,0,256,251,251,True,TRUE,25,True,TRUE
B4,Q1,0,256,252,252,True,TRUE,21,True,TRUE
B4,Q1,0,256,253,253,True,TRUE,35,True,TRUE
B4,Q1,0,256,254,0,True,TRUE,3,True,TRUE
B4,Q1,0,256,254,254,True,TRUE,46,True,TRUE
B4,Q1,0,256,255,0,True,TRUE,9,True,TRUE
B4,Q1,0,256,255,255,True,TRUE,56,True,TRUE
B4,Q1,0,256,256,0,True,TRUE,1995,True,TRUE
B4,Q1,0,256,256,1,True,TRUE,27,True,TRUE
B4,Q1,0,256,256,2,True,TRUE,18,True,TRUE
B4,Q1,0,256,256,3,True,TRUE,9,True,TRUE
B4,Q1,0,256,256,5,True,TRUE,6,True,TRUE
B4,Q1,0,256,256,6,True,TRUE,3,True,TRUE
B4,Q1,0,256,256,9,True,TRUE,6,True,TRUE
B4,Q1,0,256,256,10,True,TRUE,12,True,TRUE
B4,Q1,0,256,256,12,True,TRUE,6,True,TRUE
B4,Q1,0,256,256,13,True,TRUE,3,True,TRUE
B4,Q1,0,256,256,14,True,TRUE,6,True,TRUE
B4,Q1,0,256,256,19,True,TRUE,9,True,TRUE
B4,Q1,0,256,256,21,True,TRUE,9,True,TRUE
B4,Q1,0,256,256,28,True,TRUE,3,True,TRUE
B4,Q1,0,256,256,33,True,TRUE,12,True,TRUE
B4,Q1,0,256,256,34,True,TRUE,12,True,TRUE
B4,Q1,0,256,256,40,True,TRUE,12,True,TRUE
B4,Q1,0,256,256,42,True,TRUE,6,True,TRUE
B4,Q1,0,256,256,50,True,TRUE,6,True,TRUE
B4,Q1,0,256,256,52,True,TRUE,3,True,TRUE
B4,Q1,0,256,256,62,True,TRUE,3,True,TRUE
B4,Q1,0,256,256,64,True,TRUE,3,True,TRUE
B4,Q1,0,256,256,68,True,TRUE,3,True,TRUE
B4,Q1,0,256,256,82,True,TRUE,3,True,TRUE
B4,Q1,0,256,256,100,True,TRUE,3,True,TRUE
B4,Q1,0,256,256,113,True,TRUE,6,True,TRUE
B4,Q1,0,256,256,114,True,TRUE,12,True,TRUE
B4,Q1,0,256,256,119,True,TRUE,12,True,TRUE
B4,Q1,0,256,256,128,True,TRUE,6,True,TRUE
B4,Q1,0,256,256,134,True,TRUE,12,True,TRUE
B4,Q1,0,256,256,143,True,TRUE,3,True,TRUE
B4,Q1,0,256,256,152,True,TRUE,3,True,TRUE
B4,Q1,0,256,256,153,True,TRUE,9,True,TRUE
B4,Q1,0,256,256,154,True,TRUE,6,True,TRUE
B4,Q1,0,256,256,163,True,TRUE,3,True,TRUE
B4,Q1,0,256,256,165,True,TRUE,3,True,TRUE
B4,Q1,0,256,256,172,True,TRUE,3,True,TRUE
B4,Q1,0,256,256,180,True,TRUE,3,True,TRUE
B4,Q1,0,256,256,184,True,TRUE,3,True,TRUE
B4,Q1,0,256,256,193,True,TRUE,3,True,TRUE
B4,Q1,0,256,256,201,True,TRUE,6,True,TRUE
B4,Q1,0,256,256,208,True,TRUE,3,True,TRUE
B4,Q1,0,256,256,211,True,TRUE,6,True,TRUE
B4,Q1,0,256,256,212,True,TRUE,3,True,TRUE
B4,Q1,0,256,256,214,True,TRUE,6,True,TRUE
B4,Q1,0,256,256,219,True,TRUE,6,True,TRUE
B4,Q1,0,256,256,220,True,TRUE,18,True,TRUE
B4,Q1,0,256,256,221,True,TRUE,6,True,TRUE
B4,Q1,0,256,256,222,True,TRUE,12,True,TRUE
B4,Q1,0,256,256,225,True,TRUE,6,True,TRUE
B4,Q1,0,256,256,226,True,TRUE,3,True,TRUE
B4,Q1,0,256,256,227,True,TRUE,6,True,TRUE
B4,Q1,0,256,256,234,True,TRUE,24,True,TRUE
B4,Q1,0,256,256,238,True,TRUE,3,True,TRUE
B4,Q1,0,256,256,244,True,TRUE,3,True,TRUE
B4,Q1,0,256,256,245,True,TRUE,9,True,TRUE
B4,Q1,0,256,256,250,True,TRUE,3,True,TRUE
B4,Q1,0,256,256,252,True,TRUE,3,True,TRUE
B4,Q1,0,256,256,253,True,TRUE,6,True,TRUE
B4,Q1,0,256,256,254,True,TRUE,27,True,TRUE
B4,Q1,0,256,256,255,True,TRUE,30,True,TRUE
B4,Q1,0,256,256,256,True,TRUE,31234,True,TRUE
B4,Q2,0,256,0,0,False,FALSE,35232,False,FALSE
B4,Q2,0,256,217,217,False,FALSE,4,False,FALSE
B4,Q2,0,256,218,218,False,FALSE,8,False,FALSE
B4,Q2,0,256,231,231,False,FALSE,12,False,FALSE
B4,Q2,0,256,253,253,False,FALSE,4,False,FALSE
B4,Q2,0,256,255,255,False,FALSE,8,False,FALSE
B4,Q2,0,256,256,256,False,FALSE,12,False,FALSE
B4,Q2,0,256,0,0,True,MC_UNRESOLVED,59220,True,TRUE
B4,Q2,0,256,1,0,True,MC_UNRESOLVED,186,True,TRUE
B4,Q2,0,256,1,1,True,TRUE,144,True,TRUE
B4,Q2,0,256,2,0,True,MC_UNRESOLVED,117,True,TRUE
B4,Q2,0,256,2,2,True,TRUE,87,True,TRUE
B4,Q2,0,256,3,0,True,MC_UNRESOLVED,51,True,TRUE
B4,Q2,0,256,3,3,True,TRUE,33,True,TRUE
B4,Q2,0,256,4,0,True,MC_UNRESOLVED,42,True,TRUE
B4,Q2,0,256,4,4,True,TRUE,24,True,TRUE
B4,Q2,0,256,5,0,True,MC_UNRESOLVED,42,True,TRUE
B4,Q2,0,256,5,5,True,TRUE,12,True,TRUE
B4,Q2,0,256,6,0,True,MC_UNRESOLVED,36,True,TRUE
B4,Q2,0,256,6,6,True,TRUE,30,True,TRUE
B4,Q2,0,256,7,0,True,MC_UNRESOLVED,15,True,TRUE
B4,Q2,0,256,7,7,True,TRUE,15,True,TRUE
B4,Q2,0,256,8,0,True,MC_UNRESOLVED,24,True,TRUE
B4,Q2,0,256,8,7,True,TRUE,3,True,TRUE
B4,Q2,0,256,8,8,True,TRUE,21,True,TRUE
B4,Q2,0,256,9,0,True,MC_UNRESOLVED,45,True,TRUE
B4,Q2,0,256,9,9,True,TRUE,33,True,TRUE
B4,Q2,0,256,10,0,True,MC_UNRESOLVED,33,True,TRUE
B4,Q2,0,256,10,10,True,TRUE,9,True,TRUE
B4,Q2,0,256,11,0,True,MC_UNRESOLVED,6,True,TRUE
B4,Q2,0,256,11,11,True,TRUE,6,True,TRUE
B4,Q2,0,256,12,0,True,MC_UNRESOLVED,24,True,TRUE
B4,Q2,0,256,12,12,True,TRUE,24,True,TRUE
B4,Q2,0,256,13,0,True,MC_UNRESOLVED,15,True,TRUE
B4,Q2,0,256,13,13,True,TRUE,15,True,TRUE
B4,Q2,0,256,14,0,True,MC_UNRESOLVED,6,True,TRUE
B4,Q2,0,256,14,14,True,TRUE,6,True,TRUE
B4,Q2,0,256,15,0,True,MC_UNRESOLVED,30,True,TRUE
B4,Q2,0,256,15,15,True,TRUE,18,True,TRUE
B4,Q2,0,256,16,0,True,MC_UNRESOLVED,12,True,TRUE
B4,Q2,0,256,16,16,True,TRUE,12,True,TRUE
B4,Q2,0,256,18,0,True,MC_UNRESOLVED,6,True,TRUE
B4,Q2,0,256,18,18,True,TRUE,6,True,TRUE
B4,Q2,0,256,19,0,True,MC_UNRESOLVED,18,True,TRUE
B4,Q2,0,256,19,19,True,TRUE,12,True,TRUE
B4,Q2,0,256,20,0,True,MC_UNRESOLVED,6,True,TRUE
B4,Q2,0,256,20,20,True,TRUE,6,True,TRUE
B4,Q2,0,256,21,0,True,MC_UNRESOLVED,6,True,TRUE
B4,Q2,0,256,21,21,True,TRUE,6,True,TRUE
B4,Q2,0,256,22,0,True,MC_UNRESOLVED,12,True,TRUE
B4,Q2,0,256,22,22,True,TRUE,12,True,TRUE
B4,Q2,0,256,23,0,True,MC_UNRESOLVED,6,True,TRUE
B4,Q2,0,256,23,23,True,TRUE,6,True,TRUE
B4,Q2,0,256,24,0,True,MC_UNRESOLVED,18,True,TRUE
B4,Q2,0,256,24,24,True,TRUE,12,True,TRUE
B4,Q2,0,256,25,0,True,MC_UNRESOLVED,15,True,TRUE
B4,Q2,0,256,25,25,True,TRUE,3,True,TRUE
B4,Q2,0,256,26,0,True,MC_UNRESOLVED,30,True,TRUE
B4,Q2,0,256,26,26,True,TRUE,12,True,TRUE
B4,Q2,0,256,28,0,True,MC_UNRESOLVED,6,True,TRUE
B4,Q2,0,256,28,28,True,TRUE,6,True,TRUE
B4,Q2,0,256,29,0,True,MC_UNRESOLVED,18,True,TRUE
B4,Q2,0,256,29,29,True,TRUE,18,True,TRUE
B4,Q2,0,256,30,0,True,MC_UNRESOLVED,24,True,TRUE
B4,Q2,0,256,30,30,True,TRUE,24,True,TRUE
B4,Q2,0,256,31,0,True,MC_UNRESOLVED,12,True,TRUE
B4,Q2,0,256,31,31,True,TRUE,12,True,TRUE
B4,Q2,0,256,32,0,True,MC_UNRESOLVED,24,True,TRUE
B4,Q2,0,256,32,32,True,TRUE,24,True,TRUE
B4,Q2,0,256,33,0,True,MC_UNRESOLVED,6,True,TRUE
B4,Q2,0,256,33,33,True,TRUE,6,True,TRUE
B4,Q2,0,256,35,0,True,MC_UNRESOLVED,12,True,TRUE
B4,Q2,0,256,35,35,True,TRUE,12,True,TRUE
B4,Q2,0,256,36,0,True,MC_UNRESOLVED,18,True,TRUE
B4,Q2,0,256,36,36,True,TRUE,18,True,TRUE
B4,Q2,0,256,37,0,True,MC_UNRESOLVED,15,True,TRUE
B4,Q2,0,256,37,37,True,TRUE,15,True,TRUE
B4,Q2,0,256,38,0,True,MC_UNRESOLVED,15,True,TRUE
B4,Q2,0,256,38,38,True,TRUE,3,True,TRUE
B4,Q2,0,256,39,0,True,MC_UNRESOLVED,18,True,TRUE
B4,Q2,0,256,39,39,True,TRUE,18,True,TRUE
B4,Q2,0,256,40,0,True,MC_UNRESOLVED,12,True,TRUE
B4,Q2,0,256,40,40,True,TRUE,6,True,TRUE
B4,Q2,0,256,41,0,True,MC_UNRESOLVED,6,True,TRUE
B4,Q2,0,256,41,41,True,TRUE,6,True,TRUE
B4,Q2,0,256,42,0,True,MC_UNRESOLVED,6,True,TRUE
B4,Q2,0,256,42,42,True,TRUE,6,True,TRUE
B4,Q2,0,256,43,0,True,MC_UNRESOLVED,12,True,TRUE
B4,Q2,0,256,44,0,True,MC_UNRESOLVED,6,True,TRUE
B4,Q2,0,256,44,44,True,TRUE,6,True,TRUE
B4,Q2,0,256,46,0,True,MC_UNRESOLVED,6,True,TRUE
B4,Q2,0,256,46,46,True,TRUE,6,True,TRUE
B4,Q2,0,256,47,0,True,MC_UNRESOLVED,18,True,TRUE
B4,Q2,0,256,47,47,True,TRUE,6,True,TRUE
B4,Q2,0,256,48,0,True,MC_UNRESOLVED,6,True,TRUE
B4,Q2,0,256,48,48,True,TRUE,6,True,TRUE
B4,Q2,0,256,49,0,True,MC_UNRESOLVED,6,True,TRUE
B4,Q2,0,256,49,49,True,TRUE,6,True,TRUE
B4,Q2,0,256,51,0,True,MC_UNRESOLVED,6,True,TRUE
B4,Q2,0,256,51,51,True,TRUE,6,True,TRUE
B4,Q2,0,256,52,0,True,MC_UNRESOLVED,30,True,TRUE
B4,Q2,0,256,52,52,True,TRUE,30,True,TRUE
B4,Q2,0,256,53,0,True,MC_UNRESOLVED,6,True,TRUE
B4,Q2,0,256,53,53,True,TRUE,6,True,TRUE
B4,Q2,0,256,54,0,True,MC_UNRESOLVED,6,True,TRUE
B4,Q2,0,256,54,54,True,TRUE,6,True,TRUE
B4,Q2,0,256,55,0,True,MC_UNRESOLVED,12,True,TRUE
B4,Q2,0,256,55,55,True,TRUE,12,True,TRUE
B4,Q2,0,256,57,0,True,MC_UNRESOLVED,12,True,TRUE
B4,Q2,0,256,57,57,True,TRUE,12,True,TRUE
B4,Q2,0,256,58,0,True,MC_UNRESOLVED,6,True,TRUE
B4,Q2,0,256,58,58,True,TRUE,6,True,TRUE
B4,Q2,0,256,59,0,True,MC_UNRESOLVED,18,True,TRUE
B4,Q2,0,256,59,59,True,TRUE,6,True,TRUE
B4,Q2,0,256,61,0,True,MC_UNRESOLVED,12,True,TRUE
B4,Q2,0,256,61,61,True,TRUE,12,True,TRUE
B4,Q2,0,256,62,0,True,MC_UNRESOLVED,6,True,TRUE
B4,Q2,0,256,62,62,True,TRUE,6,True,TRUE
B4,Q2,0,256,63,0,True,MC_UNRESOLVED,8,True,TRUE
B4,Q2,0,256,63,63,True,TRUE,8,True,TRUE
B4,Q2,0,256,64,0,True,MC_UNRESOLVED,4,True,TRUE
B4,Q2,0,256,64,64,True,TRUE,4,True,TRUE
B4,Q2,0,256,65,0,True,MC_UNRESOLVED,6,True,TRUE
B4,Q2,0,256,65,65,True,TRUE,6,True,TRUE
B4,Q2,0,256,68,0,True,MC_UNRESOLVED,6,True,TRUE
B4,Q2,0,256,68,68,True,TRUE,6,True,TRUE
B4,Q2,0,256,69,0,True,MC_UNRESOLVED,9,True,TRUE
B4,Q2,0,256,69,69,True,TRUE,9,True,TRUE
B4,Q2,0,256,72,0,True,MC_UNRESOLVED,18,True,TRUE
B4,Q2,0,256,72,72,True,TRUE,18,True,TRUE
B4,Q2,0,256,73,0,True,MC_UNRESOLVED,6,True,TRUE
B4,Q2,0,256,73,73,True,TRUE,6,True,TRUE
B4,Q2,0,256,74,0,True,MC_UNRESOLVED,6,True,TRUE
B4,Q2,0,256,74,74,True,TRUE,6,True,TRUE
B4,Q2,0,256,76,0,True,MC_UNRESOLVED,6,True,TRUE
B4,Q2,0,256,76,76,True,TRUE,6,True,TRUE
B4,Q2,0,256,80,0,True,MC_UNRESOLVED,6,True,TRUE
B4,Q2,0,256,80,80,True,TRUE,6,True,TRUE
B4,Q2,0,256,84,0,True,MC_UNRESOLVED,6,True,TRUE
B4,Q2,0,256,84,84,True,TRUE,6,True,TRUE
B4,Q2,0,256,85,0,True,MC_UNRESOLVED,12,True,TRUE
B4,Q2,0,256,85,85,True,TRUE,12,True,TRUE
B4,Q2,0,256,86,0,True,MC_UNRESOLVED,6,True,TRUE
B4,Q2,0,256,86,86,True,TRUE,6,True,TRUE
B4,Q2,0,256,88,0,True,MC_UNRESOLVED,12,True,TRUE
B4,Q2,0,256,88,88,True,TRUE,12,True,TRUE
B4,Q2,0,256,91,0,True,MC_UNRESOLVED,18,True,TRUE
B4,Q2,0,256,91,91,True,TRUE,6,True,TRUE
B4,Q2,0,256,92,0,True,MC_UNRESOLVED,6,True,TRUE
B4,Q2,0,256,92,92,True,TRUE,6,True,TRUE
B4,Q2,0,256,93,0,True,MC_UNRESOLVED,6,True,TRUE
B4,Q2,0,256,93,93,True,TRUE,6,True,TRUE
B4,Q2,0,256,97,0,True,MC_UNRESOLVED,18,True,TRUE
B4,Q2,0,256,97,97,True,TRUE,18,True,TRUE
B4,Q2,0,256,98,0,True,MC_UNRESOLVED,6,True,TRUE
B4,Q2,0,256,98,98,True,TRUE,6,True,TRUE
B4,Q2,0,256,102,0,True,MC_UNRESOLVED,6,True,TRUE
B4,Q2,0,256,102,102,True,TRUE,6,True,TRUE
B4,Q2,0,256,105,0,True,MC_UNRESOLVED,24,True,TRUE
B4,Q2,0,256,106,0,True,MC_UNRESOLVED,6,True,TRUE
B4,Q2,0,256,106,106,True,TRUE,6,True,TRUE
B4,Q2,0,256,110,0,True,MC_UNRESOLVED,24,True,TRUE
B4,Q2,0,256,110,110,True,TRUE,24,True,TRUE
B4,Q2,0,256,111,0,True,MC_UNRESOLVED,6,True,TRUE
B4,Q2,0,256,111,111,True,TRUE,6,True,TRUE
B4,Q2,0,256,112,0,True,MC_UNRESOLVED,12,True,TRUE
B4,Q2,0,256,112,112,True,TRUE,12,True,TRUE
B4,Q2,0,256,115,0,True,MC_UNRESOLVED,6,True,TRUE
B4,Q2,0,256,115,115,True,TRUE,6,True,TRUE
B4,Q2,0,256,116,0,True,MC_UNRESOLVED,18,True,TRUE
B4,Q2,0,256,116,116,True,TRUE,6,True,TRUE
B4,Q2,0,256,122,0,True,MC_UNRESOLVED,12,True,TRUE
B4,Q2,0,256,124,0,True,MC_UNRESOLVED,6,True,TRUE
B4,Q2,0,256,124,124,True,TRUE,6,True,TRUE
B4,Q2,0,256,127,0,True,MC_UNRESOLVED,12,True,TRUE
B4,Q2,0,256,127,127,True,TRUE,12,True,TRUE
B4,Q2,0,256,128,0,True,MC_UNRESOLVED,12,True,TRUE
B4,Q2,0,256,129,0,True,MC_UNRESOLVED,6,True,TRUE
B4,Q2,0,256,129,129,True,TRUE,6,True,TRUE
B4,Q2,0,256,133,0,True,MC_UNRESOLVED,6,True,TRUE
B4,Q2,0,256,133,133,True,TRUE,6,True,TRUE
B4,Q2,0,256,135,0,True,MC_UNRESOLVED,6,True,TRUE
B4,Q2,0,256,135,135,True,TRUE,6,True,TRUE
B4,Q2,0,256,136,0,True,MC_UNRESOLVED,6,True,TRUE
B4,Q2,0,256,137,0,True,MC_UNRESOLVED,18,True,TRUE
B4,Q2,0,256,141,0,True,MC_UNRESOLVED,12,True,TRUE
B4,Q2,0,256,144,0,True,MC_UNRESOLVED,6,True,TRUE
B4,Q2,0,256,144,144,True,TRUE,6,True,TRUE
B4,Q2,0,256,146,0,True,MC_UNRESOLVED,6,True,TRUE
B4,Q2,0,256,146,146,True,TRUE,6,True,TRUE
B4,Q2,0,256,148,0,True,MC_UNRESOLVED,6,True,TRUE
B4,Q2,0,256,148,148,True,TRUE,6,True,TRUE
B4,Q2,0,256,151,0,True,MC_UNRESOLVED,6,True,TRUE
B4,Q2,0,256,151,151,True,TRUE,6,True,TRUE
B4,Q2,0,256,157,0,True,MC_UNRESOLVED,6,True,TRUE
B4,Q2,0,256,157,157,True,TRUE,6,True,TRUE
B4,Q2,0,256,158,0,True,MC_UNRESOLVED,6,True,TRUE
B4,Q2,0,256,158,30,True,TRUE,6,True,TRUE
B4,Q2,0,256,161,0,True,MC_UNRESOLVED,6,True,TRUE
B4,Q2,0,256,161,161,True,TRUE,6,True,TRUE
B4,Q2,0,256,163,0,True,MC_UNRESOLVED,6,True,TRUE
B4,Q2,0,256,163,163,True,TRUE,6,True,TRUE
B4,Q2,0,256,169,0,True,MC_UNRESOLVED,6,True,TRUE
B4,Q2,0,256,169,34,True,TRUE,6,True,TRUE
B4,Q2,0,256,170,0,True,MC_UNRESOLVED,6,True,TRUE
B4,Q2,0,256,171,0,True,MC_UNRESOLVED,6,True,TRUE
B4,Q2,0,256,171,171,True,TRUE,6,True,TRUE
B4,Q2,0,256,173,0,True,MC_UNRESOLVED,12,True,TRUE
B4,Q2,0,256,173,173,True,TRUE,6,True,TRUE
B4,Q2,0,256,174,0,True,MC_UNRESOLVED,6,True,TRUE
B4,Q2,0,256,174,174,True,TRUE,6,True,TRUE
B4,Q2,0,256,177,0,True,MC_UNRESOLVED,6,True,TRUE
B4,Q2,0,256,177,177,True,TRUE,6,True,TRUE
B4,Q2,0,256,181,0,True,MC_UNRESOLVED,6,True,TRUE
B4,Q2,0,256,181,181,True,TRUE,6,True,TRUE
B4,Q2,0,256,182,0,True,MC_UNRESOLVED,6,True,TRUE
B4,Q2,0,256,182,182,True,TRUE,6,True,TRUE
B4,Q2,0,256,185,0,True,MC_UNRESOLVED,6,True,TRUE
B4,Q2,0,256,185,185,True,TRUE,6,True,TRUE
B4,Q2,0,256,186,0,True,MC_UNRESOLVED,6,True,TRUE
B4,Q2,0,256,186,186,True,TRUE,6,True,TRUE
B4,Q2,0,256,190,0,True,MC_UNRESOLVED,6,True,TRUE
B4,Q2,0,256,190,190,True,TRUE,6,True,TRUE
B4,Q2,0,256,191,0,True,MC_UNRESOLVED,6,True,TRUE
B4,Q2,0,256,191,134,True,TRUE,6,True,TRUE
B4,Q2,0,256,193,0,True,MC_UNRESOLVED,6,True,TRUE
B4,Q2,0,256,193,193,True,TRUE,6,True,TRUE
B4,Q2,0,256,194,0,True,MC_UNRESOLVED,12,True,TRUE
B4,Q2,0,256,194,134,True,TRUE,6,True,TRUE
B4,Q2,0,256,194,194,True,TRUE,6,True,TRUE
B4,Q2,0,256,200,0,True,MC_UNRESOLVED,12,True,TRUE
B4,Q2,0,256,200,200,True,TRUE,12,True,TRUE
B4,Q2,0,256,205,201,True,TRUE,2,True,TRUE
B4,Q2,0,256,205,205,True,TRUE,2,True,TRUE
B4,Q2,0,256,207,207,True,TRUE,4,True,TRUE
B4,Q2,0,256,211,0,True,MC_UNRESOLVED,6,True,TRUE
B4,Q2,0,256,211,211,True,TRUE,6,True,TRUE
B4,Q2,0,256,212,0,True,MC_UNRESOLVED,3,True,TRUE
B4,Q2,0,256,212,212,True,TRUE,3,True,TRUE
B4,Q2,0,256,213,0,True,MC_UNRESOLVED,3,True,TRUE
B4,Q2,0,256,213,213,True,TRUE,3,True,TRUE
B4,Q2,0,256,218,0,True,MC_UNRESOLVED,9,True,TRUE
B4,Q2,0,256,218,218,True,TRUE,9,True,TRUE
B4,Q2,0,256,219,0,True,MC_UNRESOLVED,6,True,TRUE
B4,Q2,0,256,219,219,True,TRUE,6,True,TRUE
B4,Q2,0,256,220,0,True,MC_UNRESOLVED,12,True,TRUE
B4,Q2,0,256,220,220,True,TRUE,12,True,TRUE
B4,Q2,0,256,221,0,True,MC_UNRESOLVED,6,True,TRUE
B4,Q2,0,256,221,221,True,TRUE,6,True,TRUE
B4,Q2,0,256,223,0,True,MC_UNRESOLVED,12,True,TRUE
B4,Q2,0,256,223,223,True,TRUE,12,True,TRUE
B4,Q2,0,256,224,0,True,MC_UNRESOLVED,9,True,TRUE
B4,Q2,0,256,224,222,True,TRUE,2,True,TRUE
B4,Q2,0,256,224,224,True,TRUE,11,True,TRUE
B4,Q2,0,256,225,0,True,MC_UNRESOLVED,18,True,TRUE
B4,Q2,0,256,225,225,True,TRUE,12,True,TRUE
B4,Q2,0,256,226,0,True,MC_UNRESOLVED,6,True,TRUE
B4,Q2,0,256,226,226,True,TRUE,6,True,TRUE
B4,Q2,0,256,227,0,True,MC_UNRESOLVED,6,True,TRUE
B4,Q2,0,256,227,227,True,TRUE,6,True,TRUE
B4,Q2,0,256,232,227,True,TRUE,2,True,TRUE
B4,Q2,0,256,232,232,True,TRUE,6,True,TRUE
B4,Q2,0,256,235,0,True,MC_UNRESOLVED,6,True,TRUE
B4,Q2,0,256,235,235,True,TRUE,6,True,TRUE
B4,Q2,0,256,236,0,True,MC_UNRESOLVED,6,True,TRUE
B4,Q2,0,256,236,234,True,TRUE,2,True,TRUE
B4,Q2,0,256,236,236,True,TRUE,2,True,TRUE
B4,Q2,0,256,237,0,True,MC_UNRESOLVED,12,True,TRUE
B4,Q2,0,256,237,235,True,TRUE,2,True,TRUE
B4,Q2,0,256,237,237,True,TRUE,14,True,TRUE
B4,Q2,0,256,238,0,True,MC_UNRESOLVED,6,True,TRUE
B4,Q2,0,256,238,238,True,TRUE,6,True,TRUE
B4,Q2,0,256,239,0,True,MC_UNRESOLVED,24,True,TRUE
B4,Q2,0,256,239,239,True,TRUE,28,True,TRUE
B4,Q2,0,256,240,240,True,TRUE,4,True,TRUE
B4,Q2,0,256,241,0,True,MC_UNRESOLVED,6,True,TRUE
B4,Q2,0,256,241,229,True,TRUE,2,True,TRUE
B4,Q2,0,256,241,241,True,TRUE,16,True,TRUE
B4,Q2,0,256,242,0,True,MC_UNRESOLVED,6,True,TRUE
B4,Q2,0,256,242,237,True,TRUE,2,True,TRUE
B4,Q2,0,256,242,242,True,TRUE,8,True,TRUE
B4,Q2,0,256,243,0,True,MC_UNRESOLVED,14,True,TRUE
B4,Q2,0,256,243,243,True,TRUE,14,True,TRUE
B4,Q2,0,256,244,0,True,MC_UNRESOLVED,26,True,TRUE
B4,Q2,0,256,244,240,True,TRUE,2,True,TRUE
B4,Q2,0,256,244,244,True,TRUE,16,True,TRUE
B4,Q2,0,256,245,0,True,MC_UNRESOLVED,15,True,TRUE
B4,Q2,0,256,245,245,True,TRUE,23,True,TRUE
B4,Q2,0,256,246,0,True,MC_UNRESOLVED,9,True,TRUE
B4,Q2,0,256,246,3,True,TRUE,2,True,TRUE
B4,Q2,0,256,246,240,True,TRUE,2,True,TRUE
B4,Q2,0,256,246,246,True,TRUE,13,True,TRUE
B4,Q2,0,256,247,0,True,MC_UNRESOLVED,6,True,TRUE
B4,Q2,0,256,247,222,True,TRUE,2,True,TRUE
B4,Q2,0,256,247,247,True,TRUE,8,True,TRUE
B4,Q2,0,256,248,242,True,TRUE,2,True,TRUE
B4,Q2,0,256,248,243,True,TRUE,2,True,TRUE
B4,Q2,0,256,248,244,True,TRUE,2,True,TRUE
B4,Q2,0,256,248,248,True,TRUE,14,True,TRUE
B4,Q2,0,256,249,0,True,MC_UNRESOLVED,15,True,TRUE
B4,Q2,0,256,249,3,True,TRUE,4,True,TRUE
B4,Q2,0,256,249,190,True,TRUE,2,True,TRUE
B4,Q2,0,256,249,237,True,TRUE,2,True,TRUE
B4,Q2,0,256,249,244,True,TRUE,2,True,TRUE
B4,Q2,0,256,249,245,True,TRUE,2,True,TRUE
B4,Q2,0,256,249,249,True,TRUE,31,True,TRUE
B4,Q2,0,256,250,0,True,MC_UNRESOLVED,42,True,TRUE
B4,Q2,0,256,250,250,True,TRUE,34,True,TRUE
B4,Q2,0,256,251,0,True,MC_UNRESOLVED,13,True,TRUE
B4,Q2,0,256,251,192,True,TRUE,4,True,TRUE
B4,Q2,0,256,251,226,True,TRUE,2,True,TRUE
B4,Q2,0,256,251,232,True,TRUE,2,True,TRUE
B4,Q2,0,256,251,251,True,TRUE,29,True,TRUE
B4,Q2,0,256,252,0,True,MC_UNRESOLVED,9,True,TRUE
B4,Q2,0,256,252,246,True,TRUE,2,True,TRUE
B4,Q2,0,256,252,248,True,TRUE,2,True,TRUE
B4,Q2,0,256,252,252,True,TRUE,29,True,TRUE
B4,Q2,0,256,253,0,True,MC_UNRESOLVED,17,True,TRUE
B4,Q2,0,256,253,2,True,TRUE,2,True,TRUE
B4,Q2,0,256,253,5,True,TRUE,2,True,TRUE
B4,Q2,0,256,253,192,True,TRUE,2,True,TRUE
B4,Q2,0,256,253,228,True,TRUE,2,True,TRUE
B4,Q2,0,256,253,247,True,TRUE,2,True,TRUE
B4,Q2,0,256,253,253,True,TRUE,43,True,TRUE
B4,Q2,0,256,254,0,True,MC_UNRESOLVED,44,True,TRUE
B4,Q2,0,256,254,222,True,TRUE,2,True,TRUE
B4,Q2,0,256,254,254,True,TRUE,52,True,TRUE
B4,Q2,0,256,255,0,True,MC_UNRESOLVED,46,True,TRUE
B4,Q2,0,256,255,2,True,TRUE,4,True,TRUE
B4,Q2,0,256,255,10,True,TRUE,4,True,TRUE
B4,Q2,0,256,255,14,True,TRUE,2,True,TRUE
B4,Q2,0,256,255,22,True,TRUE,2,True,TRUE
B4,Q2,0,256,255,88,True,TRUE,2,True,TRUE
B4,Q2,0,256,255,194,True,TRUE,4,True,TRUE
B4,Q2,0,256,255,223,True,TRUE,4,True,TRUE
B4,Q2,0,256,255,236,True,TRUE,2,True,TRUE
B4,Q2,0,256,255,243,True,TRUE,2,True,TRUE
B4,Q2,0,256,255,251,True,TRUE,2,True,TRUE
B4,Q2,0,256,255,255,True,TRUE,56,True,TRUE
B4,Q2,0,256,256,0,True,MC_UNRESOLVED,34637,True,TRUE
B4,Q2,0,256,256,1,True,TRUE,63,True,TRUE
B4,Q2,0,256,256,2,True,TRUE,66,True,TRUE
B4,Q2,0,256,256,3,True,TRUE,21,True,TRUE
B4,Q2,0,256,256,5,True,TRUE,22,True,TRUE
B4,Q2,0,256,256,6,True,TRUE,3,True,TRUE
B4,Q2,0,256,256,7,True,TRUE,18,True,TRUE
B4,Q2,0,256,256,9,True,TRUE,6,True,TRUE
B4,Q2,0,256,256,10,True,TRUE,26,True,TRUE
B4,Q2,0,256,256,12,True,TRUE,24,True,TRUE
B4,Q2,0,256,256,13,True,TRUE,21,True,TRUE
B4,Q2,0,256,256,14,True,TRUE,40,True,TRUE
B4,Q2,0,256,256,15,True,TRUE,18,True,TRUE
B4,Q2,0,256,256,19,True,TRUE,27,True,TRUE
B4,Q2,0,256,256,20,True,TRUE,18,True,TRUE
B4,Q2,0,256,256,21,True,TRUE,9,True,TRUE
B4,Q2,0,256,256,22,True,TRUE,16,True,TRUE
B4,Q2,0,256,256,28,True,TRUE,3,True,TRUE
B4,Q2,0,256,256,33,True,TRUE,12,True,TRUE
B4,Q2,0,256,256,34,True,TRUE,12,True,TRUE
B4,Q2,0,256,256,38,True,TRUE,18,True,TRUE
B4,Q2,0,256,256,40,True,TRUE,12,True,TRUE
B4,Q2,0,256,256,42,True,TRUE,6,True,TRUE
B4,Q2,0,256,256,50,True,TRUE,6,True,TRUE
B4,Q2,0,256,256,52,True,TRUE,3,True,TRUE
B4,Q2,0,256,256,62,True,TRUE,3,True,TRUE
B4,Q2,0,256,256,64,True,TRUE,3,True,TRUE
B4,Q2,0,256,256,68,True,TRUE,3,True,TRUE
B4,Q2,0,256,256,82,True,TRUE,3,True,TRUE
B4,Q2,0,256,256,89,True,TRUE,16,True,TRUE
B4,Q2,0,256,256,94,True,TRUE,18,True,TRUE
B4,Q2,0,256,256,100,True,TRUE,3,True,TRUE
B4,Q2,0,256,256,113,True,TRUE,6,True,TRUE
B4,Q2,0,256,256,114,True,TRUE,12,True,TRUE
B4,Q2,0,256,256,119,True,TRUE,12,True,TRUE
B4,Q2,0,256,256,128,True,TRUE,6,True,TRUE
B4,Q2,0,256,256,134,True,TRUE,12,True,TRUE
B4,Q2,0,256,256,143,True,TRUE,3,True,TRUE
B4,Q2,0,256,256,152,True,TRUE,3,True,TRUE
B4,Q2,0,256,256,153,True,TRUE,9,True,TRUE
B4,Q2,0,256,256,154,True,TRUE,6,True,TRUE
B4,Q2,0,256,256,163,True,TRUE,3,True,TRUE
B4,Q2,0,256,256,165,True,TRUE,3,True,TRUE
B4,Q2,0,256,256,172,True,TRUE,3,True,TRUE
B4,Q2,0,256,256,180,True,TRUE,3,True,TRUE
B4,Q2,0,256,256,184,True,TRUE,3,True,TRUE
B4,Q2,0,256,256,193,True,TRUE,3,True,TRUE
B4,Q2,0,256,256,195,True,TRUE,12,True,TRUE
B4,Q2,0,256,256,197,True,TRUE,12,True,TRUE
B4,Q2,0,256,256,201,True,TRUE,6,True,TRUE
B4,Q2,0,256,256,208,True,TRUE,3,True,TRUE
B4,Q2,0,256,256,211,True,TRUE,6,True,TRUE
B4,Q2,0,256,256,212,True,TRUE,3,True,TRUE
B4,Q2,0,256,256,214,True,TRUE,6,True,TRUE
B4,Q2,0,256,256,219,True,TRUE,6,True,TRUE
B4,Q2,0,256,256,220,True,TRUE,18,True,TRUE
B4,Q2,0,256,256,221,True,TRUE,6,True,TRUE
B4,Q2,0,256,256,222,True,TRUE,12,True,TRUE
B4,Q2,0,256,256,224,True,TRUE,12,True,TRUE
B4,Q2,0,256,256,225,True,TRUE,6,True,TRUE
B4,Q2,0,256,256,226,True,TRUE,3,True,TRUE
B4,Q2,0,256,256,227,True,TRUE,6,True,TRUE
B4,Q2,0,256,256,228,True,TRUE,18,True,TRUE
B4,Q2,0,256,256,231,True,TRUE,12,True,TRUE
B4,Q2,0,256,256,234,True,TRUE,24,True,TRUE
B4,Q2,0,256,256,237,True,TRUE,14,True,TRUE
B4,Q2,0,256,256,238,True,TRUE,3,True,TRUE
B4,Q2,0,256,256,239,True,TRUE,18,True,TRUE
B4,Q2,0,256,256,242,True,TRUE,18,True,TRUE
B4,Q2,0,256,256,244,True,TRUE,15,True,TRUE
B4,Q2,0,256,256,245,True,TRUE,9,True,TRUE
B4,Q2,0,256,256,248,True,TRUE,18,True,TRUE
B4,Q2,0,256,256,250,True,TRUE,27,True,TRUE
B4,Q2,0,256,256,251,True,TRUE,12,True,TRUE
B4,Q2,0,256,256,252,True,TRUE,47,True,TRUE
B4,Q2,0,256,256,253,True,TRUE,6,True,TRUE
B4,Q2,0,256,256,254,True,TRUE,93,True,TRUE
B4,Q2,0,256,256,255,True,TRUE,30,True,TRUE
B4,Q2,0,256,256,256,True,TRUE,31652,True,TRUE
B4,Q1,0.5,256,0,0,False,FALSE,17616,False,FALSE
B4,Q1,0.5,256,217,217,False,FALSE,2,False,FALSE
B4,Q1,0.5,256,218,218,False,FALSE,4,False,FALSE
B4,Q1,0.5,256,231,231,False,FALSE,6,False,FALSE
B4,Q1,0.5,256,253,253,False,FALSE,2,False,FALSE
B4,Q1,0.5,256,255,255,False,FALSE,4,False,FALSE
B4,Q1,0.5,256,256,256,False,FALSE,6,False,FALSE
B4,Q1,0.5,256,0,0,True,FALSE,29610,False,FALSE
B4,Q1,0.5,256,1,0,True,FALSE,21,False,FALSE
B4,Q1,0.5,256,1,1,True,FALSE,144,False,FALSE
B4,Q1,0.5,256,2,0,True,FALSE,15,False,FALSE
B4,Q1,0.5,256,2,2,True,FALSE,87,False,FALSE
B4,Q1,0.5,256,3,0,True,FALSE,9,False,FALSE
B4,Q1,0.5,256,3,3,True,FALSE,33,False,FALSE
B4,Q1,0.5,256,4,0,True,FALSE,9,False,FALSE
B4,Q1,0.5,256,4,4,True,FALSE,24,False,FALSE
B4,Q1,0.5,256,5,0,True,FALSE,15,False,FALSE
B4,Q1,0.5,256,5,5,True,FALSE,12,False,FALSE
B4,Q1,0.5,256,6,0,True,FALSE,3,False,FALSE
B4,Q1,0.5,256,6,6,True,FALSE,30,False,FALSE
B4,Q1,0.5,256,7,7,True,FALSE,15,False,FALSE
B4,Q1,0.5,256,8,7,True,FALSE,3,False,FALSE
B4,Q1,0.5,256,8,8,True,FALSE,21,False,FALSE
B4,Q1,0.5,256,9,0,True,FALSE,6,False,FALSE
B4,Q1,0.5,256,9,9,True,FALSE,33,False,FALSE
B4,Q1,0.5,256,10,0,True,FALSE,12,False,FALSE
B4,Q1,0.5,256,10,10,True,FALSE,9,False,FALSE
B4,Q1,0.5,256,11,11,True,FALSE,6,False,FALSE
B4,Q1,0.5,256,12,12,True,FALSE,24,False,FALSE
B4,Q1,0.5,256,13,13,True,FALSE,15,False,FALSE
B4,Q1,0.5,256,14,14,True,FALSE,6,False,FALSE
B4,Q1,0.5,256,15,0,True,FALSE,6,False,FALSE
B4,Q1,0.5,256,15,15,True,FALSE,18,False,FALSE
B4,Q1,0.5,256,16,16,True,FALSE,12,False,FALSE
B4,Q1,0.5,256,18,18,True,FALSE,6,False,FALSE
B4,Q1,0.5,256,19,0,True,FALSE,3,False,FALSE
B4,Q1,0.5,256,19,19,True,FALSE,12,False,FALSE
B4,Q1,0.5,256,20,20,True,FALSE,6,False,FALSE
B4,Q1,0.5,256,21,21,True,FALSE,6,False,FALSE
B4,Q1,0.5,256,22,22,True,FALSE,12,False,FALSE
B4,Q1,0.5,256,23,23,True,FALSE,6,False,FALSE
B4,Q1,0.5,256,24,0,True,FALSE,3,False,FALSE
B4,Q1,0.5,256,24,24,True,FALSE,12,False,FALSE
B4,Q1,0.5,256,25,0,True,FALSE,6,False,FALSE
B4,Q1,0.5,256,25,25,True,FALSE,3,False,FALSE
B4,Q1,0.5,256,26,0,True,FALSE,9,False,FALSE
B4,Q1,0.5,256,26,26,True,FALSE,12,False,FALSE
B4,Q1,0.5,256,28,28,True,FALSE,6,False,FALSE
B4,Q1,0.5,256,29,29,True,FALSE,18,False,FALSE
B4,Q1,0.5,256,30,30,True,FALSE,24,False,FALSE
B4,Q1,0.5,256,31,31,True,FALSE,12,False,FALSE
B4,Q1,0.5,256,32,32,True,FALSE,24,False,FALSE
B4,Q1,0.5,256,33,33,True,FALSE,6,False,FALSE
B4,Q1,0.5,256,35,35,True,FALSE,12,False,FALSE
B4,Q1,0.5,256,36,36,True,FALSE,18,False,FALSE
B4,Q1,0.5,256,37,37,True,FALSE,15,False,FALSE
B4,Q1,0.5,256,38,0,True,FALSE,6,False,FALSE
B4,Q1,0.5,256,38,38,True,FALSE,3,False,FALSE
B4,Q1,0.5,256,39,39,True,FALSE,18,False,FALSE
B4,Q1,0.5,256,40,0,True,FALSE,3,False,FALSE
B4,Q1,0.5,256,40,40,True,FALSE,6,False,FALSE
B4,Q1,0.5,256,41,41,True,FALSE,6,False,FALSE
B4,Q1,0.5,256,42,42,True,FALSE,6,False,FALSE
B4,Q1,0.5,256,43,0,True,FALSE,6,False,FALSE
B4,Q1,0.5,256,44,44,True,FALSE,6,False,FALSE
B4,Q1,0.5,256,46,46,True,FALSE,6,False,FALSE
B4,Q1,0.5,256,47,0,True,FALSE,6,False,FALSE
B4,Q1,0.5,256,47,47,True,FALSE,6,False,FALSE
B4,Q1,0.5,256,48,48,True,FALSE,6,False,FALSE
B4,Q1,0.5,256,49,49,True,FALSE,6,False,FALSE
B4,Q1,0.5,256,51,51,True,FALSE,6,False,FALSE
B4,Q1,0.5,256,52,52,True,FALSE,30,False,FALSE
B4,Q1,0.5,256,53,53,True,FALSE,6,False,FALSE
B4,Q1,0.5,256,54,54,True,FALSE,6,False,FALSE
B4,Q1,0.5,256,55,55,True,FALSE,12,False,FALSE
B4,Q1,0.5,256,57,57,True,FALSE,12,False,FALSE
B4,Q1,0.5,256,58,58,True,FALSE,6,False,FALSE
B4,Q1,0.5,256,59,0,True,FALSE,6,False,FALSE
B4,Q1,0.5,256,59,59,True,FALSE,6,False,FALSE
B4,Q1,0.5,256,61,61,True,FALSE,12,False,FALSE
B4,Q1,0.5,256,62,62,True,FALSE,6,False,FALSE
B4,Q1,0.5,256,63,63,True,FALSE,8,False,FALSE
B4,Q1,0.5,256,64,64,True,FALSE,4,False,FALSE
B4,Q1,0.5,256,65,65,True,FALSE,6,False,FALSE
B4,Q1,0.5,256,68,68,True,FALSE,6,False,FALSE
B4,Q1,0.5,256,69,69,True,FALSE,9,False,FALSE
B4,Q1,0.5,256,72,72,True,FALSE,18,False,FALSE
B4,Q1,0.5,256,73,73,True,FALSE,6,False,FALSE
B4,Q1,0.5,256,74,74,True,FALSE,6,False,FALSE
B4,Q1,0.5,256,76,76,True,FALSE,6,False,FALSE
B4,Q1,0.5,256,80,80,True,FALSE,6,False,FALSE
B4,Q1,0.5,256,84,84,True,FALSE,6,False,FALSE
B4,Q1,0.5,256,85,85,True,FALSE,12,False,FALSE
B4,Q1,0.5,256,86,86,True,FALSE,6,False,FALSE
B4,Q1,0.5,256,88,88,True,FALSE,12,False,FALSE
B4,Q1,0.5,256,91,0,True,FALSE,6,False,FALSE
B4,Q1,0.5,256,91,91,True,FALSE,6,False,FALSE
B4,Q1,0.5,256,92,92,True,FALSE,6,False,FALSE
B4,Q1,0.5,256,93,93,True,FALSE,6,False,FALSE
B4,Q1,0.5,256,97,97,True,FALSE,18,False,FALSE
B4,Q1,0.5,256,98,98,True,FALSE,6,False,FALSE
B4,Q1,0.5,256,102,102,True,FALSE,6,False,FALSE
B4,Q1,0.5,256,105,0,True,FALSE,12,False,FALSE
B4,Q1,0.5,256,106,106,True,FALSE,6,False,FALSE
B4,Q1,0.5,256,110,110,True,FALSE,24,False,FALSE
B4,Q1,0.5,256,111,111,True,FALSE,6,False,FALSE
B4,Q1,0.5,256,112,112,True,FALSE,12,False,FALSE
B4,Q1,0.5,256,115,115,True,MC_UNRESOLVED,6,False,MC_UNRESOLVED
B4,Q1,0.5,256,116,0,True,MC_UNRESOLVED,6,False,MC_UNRESOLVED
B4,Q1,0.5,256,116,116,True,MC_UNRESOLVED,6,False,MC_UNRESOLVED
B4,Q1,0.5,256,122,0,True,MC_UNRESOLVED,6,False,MC_UNRESOLVED
B4,Q1,0.5,256,124,124,True,MC_UNRESOLVED,6,False,MC_UNRESOLVED
B4,Q1,0.5,256,127,127,True,MC_UNRESOLVED,12,False,MC_UNRESOLVED
B4,Q1,0.5,256,128,0,True,MC_UNRESOLVED,6,True,MC_UNRESOLVED
B4,Q1,0.5,256,129,129,True,MC_UNRESOLVED,6,True,MC_UNRESOLVED
B4,Q1,0.5,256,133,133,True,MC_UNRESOLVED,6,True,MC_UNRESOLVED
B4,Q1,0.5,256,135,135,True,MC_UNRESOLVED,6,True,MC_UNRESOLVED
B4,Q1,0.5,256,136,0,True,MC_UNRESOLVED,3,True,MC_UNRESOLVED
B4,Q1,0.5,256,137,0,True,MC_UNRESOLVED,9,True,MC_UNRESOLVED
B4,Q1,0.5,256,141,0,True,MC_UNRESOLVED,6,True,MC_UNRESOLVED
B4,Q1,0.5,256,144,144,True,TRUE,6,True,TRUE
B4,Q1,0.5,256,146,146,True,TRUE,6,True,TRUE
B4,Q1,0.5,256,148,148,True,TRUE,6,True,TRUE
B4,Q1,0.5,256,151,151,True,TRUE,6,True,TRUE
B4,Q1,0.5,256,157,157,True,TRUE,6,True,TRUE
B4,Q1,0.5,256,158,30,True,TRUE,6,True,TRUE
B4,Q1,0.5,256,161,161,True,TRUE,6,True,TRUE
B4,Q1,0.5,256,163,163,True,TRUE,6,True,TRUE
B4,Q1,0.5,256,169,34,True,TRUE,6,True,TRUE
B4,Q1,0.5,256,170,0,True,TRUE,3,True,TRUE
B4,Q1,0.5,256,171,171,True,TRUE,6,True,TRUE
B4,Q1,0.5,256,173,0,True,TRUE,3,True,TRUE
B4,Q1,0.5,256,173,173,True,TRUE,6,True,TRUE
B4,Q1,0.5,256,174,174,True,TRUE,6,True,TRUE
B4,Q1,0.5,256,177,177,True,TRUE,6,True,TRUE
B4,Q1,0.5,256,181,181,True,TRUE,6,True,TRUE
B4,Q1,0.5,256,182,182,True,TRUE,6,True,TRUE
B4,Q1,0.5,256,185,185,True,TRUE,6,True,TRUE
B4,Q1,0.5,256,186,186,True,TRUE,6,True,TRUE
B4,Q1,0.5,256,190,190,True,TRUE,6,True,TRUE
B4,Q1,0.5,256,191,134,True,TRUE,6,True,TRUE
B4,Q1,0.5,256,193,193,True,TRUE,6,True,TRUE
B4,Q1,0.5,256,194,134,True,TRUE,6,True,TRUE
B4,Q1,0.5,256,194,194,True,TRUE,6,True,TRUE
B4,Q1,0.5,256,200,200,True,TRUE,12,True,TRUE
B4,Q1,0.5,256,205,205,True,TRUE,2,True,TRUE
B4,Q1,0.5,256,207,207,True,TRUE,2,True,TRUE
B4,Q1,0.5,256,211,211,True,TRUE,6,True,TRUE
B4,Q1,0.5,256,212,212,True,TRUE,3,True,TRUE
B4,Q1,0.5,256,213,213,True,TRUE,3,True,TRUE
B4,Q1,0.5,256,218,218,True,TRUE,9,True,TRUE
B4,Q1,0.5,256,219,219,True,TRUE,6,True,TRUE
B4,Q1,0.5,256,220,220,True,TRUE,12,True,TRUE
B4,Q1,0.5,256,221,221,True,TRUE,6,True,TRUE
B4,Q1,0.5,256,223,223,True,TRUE,12,True,TRUE
B4,Q1,0.5,256,224,224,True,TRUE,11,True,TRUE
B4,Q1,0.5,256,225,0,True,TRUE,3,True,TRUE
B4,Q1,0.5,256,225,225,True,TRUE,12,True,TRUE
B4,Q1,0.5,256,226,226,True,TRUE,6,True,TRUE
B4,Q1,0.5,256,227,227,True,TRUE,6,True,TRUE
B4,Q1,0.5,256,232,232,True,TRUE,4,True,TRUE
B4,Q1,0.5,256,235,235,True,TRUE,6,True,TRUE
B4,Q1,0.5,256,236,0,True,TRUE,3,True,TRUE
B4,Q1,0.5,256,236,236,True,TRUE,2,True,TRUE
B4,Q1,0.5,256,237,237,True,TRUE,14,True,TRUE
B4,Q1,0.5,256,238,238,True,TRUE,6,True,TRUE
B4,Q1,0.5,256,239,239,True,TRUE,26,True,TRUE
B4,Q1,0.5,256,240,240,True,TRUE,2,True,TRUE
B4,Q1,0.5,256,241,241,True,TRUE,12,True,TRUE
B4,Q1,0.5,256,242,242,True,TRUE,8,True,TRUE
B4,Q1,0.5,256,243,243,True,TRUE,14,True,TRUE
B4,Q1,0.5,256,244,0,True,TRUE,6,True,TRUE
B4,Q1,0.5,256,244,244,True,TRUE,16,True,TRUE
B4,Q1,0.5,256,245,245,True,TRUE,19,True,TRUE
B4,Q1,0.5,256,246,246,True,TRUE,13,True,TRUE
B4,Q1,0.5,256,247,247,True,TRUE,8,True,TRUE
B4,Q1,0.5,256,248,248,True,TRUE,10,True,TRUE
B4,Q1,0.5,256,249,249,True,TRUE,29,True,TRUE
B4,Q1,0.5,256,250,0,True,TRUE,6,True,TRUE
B4,Q1,0.5,256,250,250,True,TRUE,32,True,TRUE
B4,Q1,0.5,256,251,251,True,TRUE,25,True,TRUE
B4,Q1,0.5,256,252,252,True,TRUE,21,True,TRUE
B4,Q1,0.5,256,253,253,True,TRUE,35,True,TRUE
B4,Q1,0.5,256,254,0,True,TRUE,3,True,TRUE
B4,Q1,0.5,256,254,254,True,TRUE,46,True,TRUE
B4,Q1,0.5,256,255,0,True,TRUE,9,True,TRUE
B4,Q1,0.5,256,255,255,True,TRUE,56,True,TRUE
B4,Q1,0.5,256,256,0,True,TRUE,1995,True,TRUE
B4,Q1,0.5,256,256,1,True,TRUE,27,True,TRUE
B4,Q1,0.5,256,256,2,True,TRUE,18,True,TRUE
B4,Q1,0.5,256,256,3,True,TRUE,9,True,TRUE
B4,Q1,0.5,256,256,5,True,TRUE,6,True,TRUE
B4,Q1,0.5,256,256,6,True,TRUE,3,True,TRUE
B4,Q1,0.5,256,256,9,True,TRUE,6,True,TRUE
B4,Q1,0.5,256,256,10,True,TRUE,12,True,TRUE
B4,Q1,0.5,256,256,12,True,TRUE,6,True,TRUE
B4,Q1,0.5,256,256,13,True,TRUE,3,True,TRUE
B4,Q1,0.5,256,256,14,True,TRUE,6,True,TRUE
B4,Q1,0.5,256,256,19,True,TRUE,9,True,TRUE
B4,Q1,0.5,256,256,21,True,TRUE,9,True,TRUE
B4,Q1,0.5,256,256,28,True,TRUE,3,True,TRUE
B4,Q1,0.5,256,256,33,True,TRUE,12,True,TRUE
B4,Q1,0.5,256,256,34,True,TRUE,12,True,TRUE
B4,Q1,0.5,256,256,40,True,TRUE,12,True,TRUE
B4,Q1,0.5,256,256,42,True,TRUE,6,True,TRUE
B4,Q1,0.5,256,256,50,True,TRUE,6,True,TRUE
B4,Q1,0.5,256,256,52,True,TRUE,3,True,TRUE
B4,Q1,0.5,256,256,62,True,TRUE,3,True,TRUE
B4,Q1,0.5,256,256,64,True,TRUE,3,True,TRUE
B4,Q1,0.5,256,256,68,True,TRUE,3,True,TRUE
B4,Q1,0.5,256,256,82,True,TRUE,3,True,TRUE
B4,Q1,0.5,256,256,100,True,TRUE,3,True,TRUE
B4,Q1,0.5,256,256,113,True,TRUE,6,True,TRUE
B4,Q1,0.5,256,256,114,True,TRUE,12,True,TRUE
B4,Q1,0.5,256,256,119,True,TRUE,12,True,TRUE
B4,Q1,0.5,256,256,128,True,TRUE,6,True,TRUE
B4,Q1,0.5,256,256,134,True,TRUE,12,True,TRUE
B4,Q1,0.5,256,256,143,True,TRUE,3,True,TRUE
B4,Q1,0.5,256,256,152,True,TRUE,3,True,TRUE
B4,Q1,0.5,256,256,153,True,TRUE,9,True,TRUE
B4,Q1,0.5,256,256,154,True,TRUE,6,True,TRUE
B4,Q1,0.5,256,256,163,True,TRUE,3,True,TRUE
B4,Q1,0.5,256,256,165,True,TRUE,3,True,TRUE
B4,Q1,0.5,256,256,172,True,TRUE,3,True,TRUE
B4,Q1,0.5,256,256,180,True,TRUE,3,True,TRUE
B4,Q1,0.5,256,256,184,True,TRUE,3,True,TRUE
B4,Q1,0.5,256,256,193,True,TRUE,3,True,TRUE
B4,Q1,0.5,256,256,201,True,TRUE,6,True,TRUE
B4,Q1,0.5,256,256,208,True,TRUE,3,True,TRUE
B4,Q1,0.5,256,256,211,True,TRUE,6,True,TRUE
B4,Q1,0.5,256,256,212,True,TRUE,3,True,TRUE
B4,Q1,0.5,256,256,214,True,TRUE,6,True,TRUE
B4,Q1,0.5,256,256,219,True,TRUE,6,True,TRUE
B4,Q1,0.5,256,256,220,True,TRUE,18,True,TRUE
B4,Q1,0.5,256,256,221,True,TRUE,6,True,TRUE
B4,Q1,0.5,256,256,222,True,TRUE,12,True,TRUE
B4,Q1,0.5,256,256,225,True,TRUE,6,True,TRUE
B4,Q1,0.5,256,256,226,True,TRUE,3,True,TRUE
B4,Q1,0.5,256,256,227,True,TRUE,6,True,TRUE
B4,Q1,0.5,256,256,234,True,TRUE,24,True,TRUE
B4,Q1,0.5,256,256,238,True,TRUE,3,True,TRUE
B4,Q1,0.5,256,256,244,True,TRUE,3,True,TRUE
B4,Q1,0.5,256,256,245,True,TRUE,9,True,TRUE
B4,Q1,0.5,256,256,250,True,TRUE,3,True,TRUE
B4,Q1,0.5,256,256,252,True,TRUE,3,True,TRUE
B4,Q1,0.5,256,256,253,True,TRUE,6,True,TRUE
B4,Q1,0.5,256,256,254,True,TRUE,27,True,TRUE
B4,Q1,0.5,256,256,255,True,TRUE,30,True,TRUE
B4,Q1,0.5,256,256,256,True,TRUE,31234,True,TRUE
B4,Q2,0.5,256,0,0,False,FALSE,35232,False,FALSE
B4,Q2,0.5,256,217,217,False,FALSE,4,False,FALSE
B4,Q2,0.5,256,218,218,False,FALSE,8,False,FALSE
B4,Q2,0.5,256,231,231,False,FALSE,12,False,FALSE
B4,Q2,0.5,256,253,253,False,FALSE,4,False,FALSE
B4,Q2,0.5,256,255,255,False,FALSE,8,False,FALSE
B4,Q2,0.5,256,256,256,False,FALSE,12,False,FALSE
B4,Q2,0.5,256,0,0,True,FALSE,59220,False,FALSE
B4,Q2,0.5,256,1,0,True,FALSE,186,False,FALSE
B4,Q2,0.5,256,1,1,True,FALSE,144,False,FALSE
B4,Q2,0.5,256,2,0,True,FALSE,117,False,FALSE
B4,Q2,0.5,256,2,2,True,FALSE,87,False,FALSE
B4,Q2,0.5,256,3,0,True,FALSE,51,False,FALSE
B4,Q2,0.5,256,3,3,True,FALSE,33,False,FALSE
B4,Q2,0.5,256,4,0,True,FALSE,42,False,FALSE
B4,Q2,0.5,256,4,4,True,FALSE,24,False,FALSE
B4,Q2,0.5,256,5,0,True,FALSE,42,False,FALSE
B4,Q2,0.5,256,5,5,True,FALSE,12,False,FALSE
B4,Q2,0.5,256,6,0,True,FALSE,36,False,FALSE
B4,Q2,0.5,256,6,6,True,FALSE,30,False,FALSE
B4,Q2,0.5,256,7,0,True,FALSE,15,False,FALSE
B4,Q2,0.5,256,7,7,True,FALSE,15,False,FALSE
B4,Q2,0.5,256,8,0,True,FALSE,24,False,FALSE
B4,Q2,0.5,256,8,7,True,FALSE,3,False,FALSE
B4,Q2,0.5,256,8,8,True,FALSE,21,False,FALSE
B4,Q2,0.5,256,9,0,True,FALSE,45,False,FALSE
B4,Q2,0.5,256,9,9,True,FALSE,33,False,FALSE
B4,Q2,0.5,256,10,0,True,FALSE,33,False,FALSE
B4,Q2,0.5,256,10,10,True,FALSE,9,False,FALSE
B4,Q2,0.5,256,11,0,True,FALSE,6,False,FALSE
B4,Q2,0.5,256,11,11,True,FALSE,6,False,FALSE
B4,Q2,0.5,256,12,0,True,FALSE,24,False,FALSE
B4,Q2,0.5,256,12,12,True,FALSE,24,False,FALSE
B4,Q2,0.5,256,13,0,True,FALSE,15,False,FALSE
B4,Q2,0.5,256,13,13,True,FALSE,15,False,FALSE
B4,Q2,0.5,256,14,0,True,FALSE,6,False,FALSE
B4,Q2,0.5,256,14,14,True,FALSE,6,False,FALSE
B4,Q2,0.5,256,15,0,True,FALSE,30,False,FALSE
B4,Q2,0.5,256,15,15,True,FALSE,18,False,FALSE
B4,Q2,0.5,256,16,0,True,FALSE,12,False,FALSE
B4,Q2,0.5,256,16,16,True,FALSE,12,False,FALSE
B4,Q2,0.5,256,18,0,True,FALSE,6,False,FALSE
B4,Q2,0.5,256,18,18,True,FALSE,6,False,FALSE
B4,Q2,0.5,256,19,0,True,FALSE,18,False,FALSE
B4,Q2,0.5,256,19,19,True,FALSE,12,False,FALSE
B4,Q2,0.5,256,20,0,True,FALSE,6,False,FALSE
B4,Q2,0.5,256,20,20,True,FALSE,6,False,FALSE
B4,Q2,0.5,256,21,0,True,FALSE,6,False,FALSE
B4,Q2,0.5,256,21,21,True,FALSE,6,False,FALSE
B4,Q2,0.5,256,22,0,True,FALSE,12,False,FALSE
B4,Q2,0.5,256,22,22,True,FALSE,12,False,FALSE
B4,Q2,0.5,256,23,0,True,FALSE,6,False,FALSE
B4,Q2,0.5,256,23,23,True,FALSE,6,False,FALSE
B4,Q2,0.5,256,24,0,True,FALSE,18,False,FALSE
B4,Q2,0.5,256,24,24,True,FALSE,12,False,FALSE
B4,Q2,0.5,256,25,0,True,FALSE,15,False,FALSE
B4,Q2,0.5,256,25,25,True,FALSE,3,False,FALSE
B4,Q2,0.5,256,26,0,True,FALSE,30,False,FALSE
B4,Q2,0.5,256,26,26,True,FALSE,12,False,FALSE
B4,Q2,0.5,256,28,0,True,FALSE,6,False,FALSE
B4,Q2,0.5,256,28,28,True,FALSE,6,False,FALSE
B4,Q2,0.5,256,29,0,True,FALSE,18,False,FALSE
B4,Q2,0.5,256,29,29,True,FALSE,18,False,FALSE
B4,Q2,0.5,256,30,0,True,FALSE,24,False,FALSE
B4,Q2,0.5,256,30,30,True,FALSE,24,False,FALSE
B4,Q2,0.5,256,31,0,True,FALSE,12,False,FALSE
B4,Q2,0.5,256,31,31,True,FALSE,12,False,FALSE
B4,Q2,0.5,256,32,0,True,FALSE,24,False,FALSE
B4,Q2,0.5,256,32,32,True,FALSE,24,False,FALSE
B4,Q2,0.5,256,33,0,True,FALSE,6,False,FALSE
B4,Q2,0.5,256,33,33,True,FALSE,6,False,FALSE
B4,Q2,0.5,256,35,0,True,FALSE,12,False,FALSE
B4,Q2,0.5,256,35,35,True,FALSE,12,False,FALSE
B4,Q2,0.5,256,36,0,True,FALSE,18,False,FALSE
B4,Q2,0.5,256,36,36,True,FALSE,18,False,FALSE
B4,Q2,0.5,256,37,0,True,FALSE,15,False,FALSE
B4,Q2,0.5,256,37,37,True,FALSE,15,False,FALSE
B4,Q2,0.5,256,38,0,True,FALSE,15,False,FALSE
B4,Q2,0.5,256,38,38,True,FALSE,3,False,FALSE
B4,Q2,0.5,256,39,0,True,FALSE,18,False,FALSE
B4,Q2,0.5,256,39,39,True,FALSE,18,False,FALSE
B4,Q2,0.5,256,40,0,True,FALSE,12,False,FALSE
B4,Q2,0.5,256,40,40,True,FALSE,6,False,FALSE
B4,Q2,0.5,256,41,0,True,FALSE,6,False,FALSE
B4,Q2,0.5,256,41,41,True,FALSE,6,False,FALSE
B4,Q2,0.5,256,42,0,True,FALSE,6,False,FALSE
B4,Q2,0.5,256,42,42,True,FALSE,6,False,FALSE
B4,Q2,0.5,256,43,0,True,FALSE,12,False,FALSE
B4,Q2,0.5,256,44,0,True,FALSE,6,False,FALSE
B4,Q2,0.5,256,44,44,True,FALSE,6,False,FALSE
B4,Q2,0.5,256,46,0,True,FALSE,6,False,FALSE
B4,Q2,0.5,256,46,46,True,FALSE,6,False,FALSE
B4,Q2,0.5,256,47,0,True,FALSE,18,False,FALSE
B4,Q2,0.5,256,47,47,True,FALSE,6,False,FALSE
B4,Q2,0.5,256,48,0,True,FALSE,6,False,FALSE
B4,Q2,0.5,256,48,48,True,FALSE,6,False,FALSE
B4,Q2,0.5,256,49,0,True,FALSE,6,False,FALSE
B4,Q2,0.5,256,49,49,True,FALSE,6,False,FALSE
B4,Q2,0.5,256,51,0,True,FALSE,6,False,FALSE
B4,Q2,0.5,256,51,51,True,FALSE,6,False,FALSE
B4,Q2,0.5,256,52,0,True,FALSE,30,False,FALSE
B4,Q2,0.5,256,52,52,True,FALSE,30,False,FALSE
B4,Q2,0.5,256,53,0,True,FALSE,6,False,FALSE
B4,Q2,0.5,256,53,53,True,FALSE,6,False,FALSE
B4,Q2,0.5,256,54,0,True,FALSE,6,False,FALSE
B4,Q2,0.5,256,54,54,True,FALSE,6,False,FALSE
B4,Q2,0.5,256,55,0,True,FALSE,12,False,FALSE
B4,Q2,0.5,256,55,55,True,FALSE,12,False,FALSE
B4,Q2,0.5,256,57,0,True,FALSE,12,False,FALSE
B4,Q2,0.5,256,57,57,True,FALSE,12,False,FALSE
B4,Q2,0.5,256,58,0,True,FALSE,6,False,FALSE
B4,Q2,0.5,256,58,58,True,FALSE,6,False,FALSE
B4,Q2,0.5,256,59,0,True,FALSE,18,False,FALSE
B4,Q2,0.5,256,59,59,True,FALSE,6,False,FALSE
B4,Q2,0.5,256,61,0,True,FALSE,12,False,FALSE
B4,Q2,0.5,256,61,61,True,FALSE,12,False,FALSE
B4,Q2,0.5,256,62,0,True,FALSE,6,False,FALSE
B4,Q2,0.5,256,62,62,True,FALSE,6,False,FALSE
B4,Q2,0.5,256,63,0,True,FALSE,8,False,FALSE
B4,Q2,0.5,256,63,63,True,FALSE,8,False,FALSE
B4,Q2,0.5,256,64,0,True,FALSE,4,False,FALSE
B4,Q2,0.5,256,64,64,True,FALSE,4,False,FALSE
B4,Q2,0.5,256,65,0,True,FALSE,6,False,FALSE
B4,Q2,0.5,256,65,65,True,FALSE,6,False,FALSE
B4,Q2,0.5,256,68,0,True,FALSE,6,False,FALSE
B4,Q2,0.5,256,68,68,True,FALSE,6,False,FALSE
B4,Q2,0.5,256,69,0,True,FALSE,9,False,FALSE
B4,Q2,0.5,256,69,69,True,FALSE,9,False,FALSE
B4,Q2,0.5,256,72,0,True,FALSE,18,False,FALSE
B4,Q2,0.5,256,72,72,True,FALSE,18,False,FALSE
B4,Q2,0.5,256,73,0,True,FALSE,6,False,FALSE
B4,Q2,0.5,256,73,73,True,FALSE,6,False,FALSE
B4,Q2,0.5,256,74,0,True,FALSE,6,False,FALSE
B4,Q2,0.5,256,74,74,True,FALSE,6,False,FALSE
B4,Q2,0.5,256,76,0,True,FALSE,6,False,FALSE
B4,Q2,0.5,256,76,76,True,FALSE,6,False,FALSE
B4,Q2,0.5,256,80,0,True,FALSE,6,False,FALSE
B4,Q2,0.5,256,80,80,True,FALSE,6,False,FALSE
B4,Q2,0.5,256,84,0,True,FALSE,6,False,FALSE
B4,Q2,0.5,256,84,84,True,FALSE,6,False,FALSE
B4,Q2,0.5,256,85,0,True,FALSE,12,False,FALSE
B4,Q2,0.5,256,85,85,True,FALSE,12,False,FALSE
B4,Q2,0.5,256,86,0,True,FALSE,6,False,FALSE
B4,Q2,0.5,256,86,86,True,FALSE,6,False,FALSE
B4,Q2,0.5,256,88,0,True,FALSE,12,False,FALSE
B4,Q2,0.5,256,88,88,True,FALSE,12,False,FALSE
B4,Q2,0.5,256,91,0,True,FALSE,18,False,FALSE
B4,Q2,0.5,256,91,91,True,FALSE,6,False,FALSE
B4,Q2,0.5,256,92,0,True,FALSE,6,False,FALSE
B4,Q2,0.5,256,92,92,True,FALSE,6,False,FALSE
B4,Q2,0.5,256,93,0,True,FALSE,6,False,FALSE
B4,Q2,0.5,256,93,93,True,FALSE,6,False,FALSE
B4,Q2,0.5,256,97,0,True,FALSE,18,False,FALSE
B4,Q2,0.5,256,97,97,True,FALSE,18,False,FALSE
B4,Q2,0.5,256,98,0,True,FALSE,6,False,FALSE
B4,Q2,0.5,256,98,98,True,FALSE,6,False,FALSE
B4,Q2,0.5,256,102,0,True,FALSE,6,False,FALSE
B4,Q2,0.5,256,102,102,True,FALSE,6,False,FALSE
B4,Q2,0.5,256,105,0,True,FALSE,24,False,FALSE
B4,Q2,0.5,256,106,0,True,FALSE,6,False,FALSE
B4,Q2,0.5,256,106,106,True,FALSE,6,False,FALSE
B4,Q2,0.5,256,110,0,True,FALSE,24,False,FALSE
B4,Q2,0.5,256,110,110,True,FALSE,24,False,FALSE
B4,Q2,0.5,256,111,0,True,FALSE,6,False,FALSE
B4,Q2,0.5,256,111,111,True,MC_UNRESOLVED,6,False,MC_UNRESOLVED
B4,Q2,0.5,256,112,0,True,FALSE,12,False,FALSE
B4,Q2,0.5,256,112,112,True,MC_UNRESOLVED,12,False,MC_UNRESOLVED
B4,Q2,0.5,256,115,0,True,FALSE,6,False,FALSE
B4,Q2,0.5,256,115,115,True,MC_UNRESOLVED,6,False,MC_UNRESOLVED
B4,Q2,0.5,256,116,0,True,FALSE,18,False,FALSE
B4,Q2,0.5,256,116,116,True,MC_UNRESOLVED,6,False,MC_UNRESOLVED
B4,Q2,0.5,256,122,0,True,FALSE,12,False,FALSE
B4,Q2,0.5,256,124,0,True,FALSE,6,False,FALSE
B4,Q2,0.5,256,124,124,True,MC_UNRESOLVED,6,False,MC_UNRESOLVED
B4,Q2,0.5,256,127,0,True,FALSE,12,False,FALSE
B4,Q2,0.5,256,127,127,True,MC_UNRESOLVED,12,False,MC_UNRESOLVED
B4,Q2,0.5,256,128,0,True,FALSE,12,False,FALSE
B4,Q2,0.5,256,129,0,True,FALSE,6,False,FALSE
B4,Q2,0.5,256,129,129,True,MC_UNRESOLVED,6,True,MC_UNRESOLVED
B4,Q2,0.5,256,133,0,True,FALSE,6,False,FALSE
B4,Q2,0.5,256,133,133,True,MC_UNRESOLVED,6,True,MC_UNRESOLVED
B4,Q2,0.5,256,135,0,True,FALSE,6,False,FALSE
B4,Q2,0.5,256,135,135,True,MC_UNRESOLVED,6,True,MC_UNRESOLVED
B4,Q2,0.5,256,136,0,True,FALSE,6,False,FALSE
B4,Q2,0.5,256,137,0,True,FALSE,18,False,FALSE
B4,Q2,0.5,256,141,0,True,FALSE,12,False,FALSE
B4,Q2,0.5,256,144,0,True,FALSE,6,False,FALSE
B4,Q2,0.5,256,144,144,True,MC_UNRESOLVED,6,True,MC_UNRESOLVED
B4,Q2,0.5,256,146,0,True,FALSE,6,False,FALSE
B4,Q2,0.5,256,146,146,True,TRUE,6,True,TRUE
B4,Q2,0.5,256,148,0,True,FALSE,6,False,FALSE
B4,Q2,0.5,256,148,148,True,TRUE,6,True,TRUE
B4,Q2,0.5,256,151,0,True,FALSE,6,False,FALSE
B4,Q2,0.5,256,151,151,True,TRUE,6,True,TRUE
B4,Q2,0.5,256,157,0,True,FALSE,6,False,FALSE
B4,Q2,0.5,256,157,157,True,TRUE,6,True,TRUE
B4,Q2,0.5,256,158,0,True,FALSE,6,False,FALSE
B4,Q2,0.5,256,158,30,True,FALSE,6,False,FALSE
B4,Q2,0.5,256,161,0,True,FALSE,6,False,FALSE
B4,Q2,0.5,256,161,161,True,TRUE,6,True,TRUE
B4,Q2,0.5,256,163,0,True,FALSE,6,False,FALSE
B4,Q2,0.5,256,163,163,True,TRUE,6,True,TRUE
B4,Q2,0.5,256,169,0,True,FALSE,6,False,FALSE
B4,Q2,0.5,256,169,34,True,FALSE,6,False,FALSE
B4,Q2,0.5,256,170,0,True,FALSE,6,False,FALSE
B4,Q2,0.5,256,171,0,True,FALSE,6,False,FALSE
B4,Q2,0.5,256,171,171,True,TRUE,6,True,TRUE
B4,Q2,0.5,256,173,0,True,FALSE,12,False,FALSE
B4,Q2,0.5,256,173,173,True,TRUE,6,True,TRUE
B4,Q2,0.5,256,174,0,True,FALSE,6,False,FALSE
B4,Q2,0.5,256,174,174,True,TRUE,6,True,TRUE
B4,Q2,0.5,256,177,0,True,FALSE,6,False,FALSE
B4,Q2,0.5,256,177,177,True,TRUE,6,True,TRUE
B4,Q2,0.5,256,181,0,True,FALSE,6,False,FALSE
B4,Q2,0.5,256,181,181,True,TRUE,6,True,TRUE
B4,Q2,0.5,256,182,0,True,FALSE,6,False,FALSE
B4,Q2,0.5,256,182,182,True,TRUE,6,True,TRUE
B4,Q2,0.5,256,185,0,True,FALSE,6,False,FALSE
B4,Q2,0.5,256,185,185,True,TRUE,6,True,TRUE
B4,Q2,0.5,256,186,0,True,FALSE,6,False,FALSE
B4,Q2,0.5,256,186,186,True,TRUE,6,True,TRUE
B4,Q2,0.5,256,190,0,True,FALSE,6,False,FALSE
B4,Q2,0.5,256,190,190,True,TRUE,6,True,TRUE
B4,Q2,0.5,256,191,0,True,FALSE,6,False,FALSE
B4,Q2,0.5,256,191,134,True,MC_UNRESOLVED,6,True,MC_UNRESOLVED
B4,Q2,0.5,256,193,0,True,FALSE,6,False,FALSE
B4,Q2,0.5,256,193,193,True,TRUE,6,True,TRUE
B4,Q2,0.5,256,194,0,True,FALSE,12,False,FALSE
B4,Q2,0.5,256,194,134,True,MC_UNRESOLVED,6,True,MC_UNRESOLVED
B4,Q2,0.5,256,194,194,True,TRUE,6,True,TRUE
B4,Q2,0.5,256,200,0,True,FALSE,12,False,FALSE
B4,Q2,0.5,256,200,200,True,TRUE,12,True,TRUE
B4,Q2,0.5,256,205,201,True,TRUE,2,True,TRUE
B4,Q2,0.5,256,205,205,True,TRUE,2,True,TRUE
B4,Q2,0.5,256,207,207,True,TRUE,4,True,TRUE
B4,Q2,0.5,256,211,0,True,FALSE,6,False,FALSE
B4,Q2,0.5,256,211,211,True,TRUE,6,True,TRUE
B4,Q2,0.5,256,212,0,True,FALSE,3,False,FALSE
B4,Q2,0.5,256,212,212,True,TRUE,3,True,TRUE
B4,Q2,0.5,256,213,0,True,FALSE,3,False,FALSE
B4,Q2,0.5,256,213,213,True,TRUE,3,True,TRUE
B4,Q2,0.5,256,218,0,True,FALSE,9,False,FALSE
B4,Q2,0.5,256,218,218,True,TRUE,9,True,TRUE
B4,Q2,0.5,256,219,0,True,FALSE,6,False,FALSE
B4,Q2,0.5,256,219,219,True,TRUE,6,True,TRUE
B4,Q2,0.5,256,220,0,True,FALSE,12,False,FALSE
B4,Q2,0.5,256,220,220,True,TRUE,12,True,TRUE
B4,Q2,0.5,256,221,0,True,FALSE,6,False,FALSE
B4,Q2,0.5,256,221,221,True,TRUE,6,True,TRUE
B4,Q2,0.5,256,223,0,True,FALSE,12,False,FALSE
B4,Q2,0.5,256,223,223,True,TRUE,12,True,TRUE
B4,Q2,0.5,256,224,0,True,FALSE,9,False,FALSE
B4,Q2,0.5,256,224,222,True,TRUE,2,True,TRUE
B4,Q2,0.5,256,224,224,True,TRUE,11,True,TRUE
B4,Q2,0.5,256,225,0,True,FALSE,18,False,FALSE
B4,Q2,0.5,256,225,225,True,TRUE,12,True,TRUE
B4,Q2,0.5,256,226,0,True,FALSE,6,False,FALSE
B4,Q2,0.5,256,226,226,True,TRUE,6,True,TRUE
B4,Q2,0.5,256,227,0,True,FALSE,6,False,FALSE
B4,Q2,0.5,256,227,227,True,TRUE,6,True,TRUE
B4,Q2,0.5,256,232,227,True,TRUE,2,True,TRUE
B4,Q2,0.5,256,232,232,True,TRUE,6,True,TRUE
B4,Q2,0.5,256,235,0,True,FALSE,6,False,FALSE
B4,Q2,0.5,256,235,235,True,TRUE,6,True,TRUE
B4,Q2,0.5,256,236,0,True,FALSE,6,False,FALSE
B4,Q2,0.5,256,236,234,True,TRUE,2,True,TRUE
B4,Q2,0.5,256,236,236,True,TRUE,2,True,TRUE
B4,Q2,0.5,256,237,0,True,FALSE,12,False,FALSE
B4,Q2,0.5,256,237,235,True,TRUE,2,True,TRUE
B4,Q2,0.5,256,237,237,True,TRUE,14,True,TRUE
B4,Q2,0.5,256,238,0,True,FALSE,6,False,FALSE
B4,Q2,0.5,256,238,238,True,TRUE,6,True,TRUE
B4,Q2,0.5,256,239,0,True,FALSE,24,False,FALSE
B4,Q2,0.5,256,239,239,True,TRUE,28,True,TRUE
B4,Q2,0.5,256,240,240,True,TRUE,4,True,TRUE
B4,Q2,0.5,256,241,0,True,FALSE,6,False,FALSE
B4,Q2,0.5,256,241,229,True,TRUE,2,True,TRUE
B4,Q2,0.5,256,241,241,True,TRUE,16,True,TRUE
B4,Q2,0.5,256,242,0,True,FALSE,6,False,FALSE
B4,Q2,0.5,256,242,237,True,TRUE,2,True,TRUE
B4,Q2,0.5,256,242,242,True,TRUE,8,True,TRUE
B4,Q2,0.5,256,243,0,True,FALSE,14,False,FALSE
B4,Q2,0.5,256,243,243,True,TRUE,14,True,TRUE
B4,Q2,0.5,256,244,0,True,FALSE,26,False,FALSE
B4,Q2,0.5,256,244,240,True,TRUE,2,True,TRUE
B4,Q2,0.5,256,244,244,True,TRUE,16,True,TRUE
B4,Q2,0.5,256,245,0,True,FALSE,15,False,FALSE
B4,Q2,0.5,256,245,245,True,TRUE,23,True,TRUE
B4,Q2,0.5,256,246,0,True,FALSE,9,False,FALSE
B4,Q2,0.5,256,246,3,True,FALSE,2,False,FALSE
B4,Q2,0.5,256,246,240,True,TRUE,2,True,TRUE
B4,Q2,0.5,256,246,246,True,TRUE,13,True,TRUE
B4,Q2,0.5,256,247,0,True,FALSE,6,False,FALSE
B4,Q2,0.5,256,247,222,True,TRUE,2,True,TRUE
B4,Q2,0.5,256,247,247,True,TRUE,8,True,TRUE
B4,Q2,0.5,256,248,242,True,TRUE,2,True,TRUE
B4,Q2,0.5,256,248,243,True,TRUE,2,True,TRUE
B4,Q2,0.5,256,248,244,True,TRUE,2,True,TRUE
B4,Q2,0.5,256,248,248,True,TRUE,14,True,TRUE
B4,Q2,0.5,256,249,0,True,FALSE,15,False,FALSE
B4,Q2,0.5,256,249,3,True,FALSE,4,False,FALSE
B4,Q2,0.5,256,249,190,True,TRUE,2,True,TRUE
B4,Q2,0.5,256,249,237,True,TRUE,2,True,TRUE
B4,Q2,0.5,256,249,244,True,TRUE,2,True,TRUE
B4,Q2,0.5,256,249,245,True,TRUE,2,True,TRUE
B4,Q2,0.5,256,249,249,True,TRUE,31,True,TRUE
B4,Q2,0.5,256,250,0,True,FALSE,42,False,FALSE
B4,Q2,0.5,256,250,250,True,TRUE,34,True,TRUE
B4,Q2,0.5,256,251,0,True,FALSE,13,False,FALSE
B4,Q2,0.5,256,251,192,True,TRUE,4,True,TRUE
B4,Q2,0.5,256,251,226,True,TRUE,2,True,TRUE
B4,Q2,0.5,256,251,232,True,TRUE,2,True,TRUE
B4,Q2,0.5,256,251,251,True,TRUE,29,True,TRUE
B4,Q2,0.5,256,252,0,True,FALSE,9,False,FALSE
B4,Q2,0.5,256,252,246,True,TRUE,2,True,TRUE
B4,Q2,0.5,256,252,248,True,TRUE,2,True,TRUE
B4,Q2,0.5,256,252,252,True,TRUE,29,True,TRUE
B4,Q2,0.5,256,253,0,True,FALSE,17,False,FALSE
B4,Q2,0.5,256,253,2,True,FALSE,2,False,FALSE
B4,Q2,0.5,256,253,5,True,FALSE,2,False,FALSE
B4,Q2,0.5,256,253,192,True,TRUE,2,True,TRUE
B4,Q2,0.5,256,253,228,True,TRUE,2,True,TRUE
B4,Q2,0.5,256,253,247,True,TRUE,2,True,TRUE
B4,Q2,0.5,256,253,253,True,TRUE,43,True,TRUE
B4,Q2,0.5,256,254,0,True,FALSE,44,False,FALSE
B4,Q2,0.5,256,254,222,True,TRUE,2,True,TRUE
B4,Q2,0.5,256,254,254,True,TRUE,52,True,TRUE
B4,Q2,0.5,256,255,0,True,FALSE,46,False,FALSE
B4,Q2,0.5,256,255,2,True,FALSE,4,False,FALSE
B4,Q2,0.5,256,255,10,True,FALSE,4,False,FALSE
B4,Q2,0.5,256,255,14,True,FALSE,2,False,FALSE
B4,Q2,0.5,256,255,22,True,FALSE,2,False,FALSE
B4,Q2,0.5,256,255,88,True,FALSE,2,False,FALSE
B4,Q2,0.5,256,255,194,True,TRUE,4,True,TRUE
B4,Q2,0.5,256,255,223,True,TRUE,4,True,TRUE
B4,Q2,0.5,256,255,236,True,TRUE,2,True,TRUE
B4,Q2,0.5,256,255,243,True,TRUE,2,True,TRUE
B4,Q2,0.5,256,255,251,True,TRUE,2,True,TRUE
B4,Q2,0.5,256,255,255,True,TRUE,56,True,TRUE
B4,Q2,0.5,256,256,0,True,FALSE,34637,False,FALSE
B4,Q2,0.5,256,256,1,True,FALSE,63,False,FALSE
B4,Q2,0.5,256,256,2,True,FALSE,66,False,FALSE
B4,Q2,0.5,256,256,3,True,FALSE,21,False,FALSE
B4,Q2,0.5,256,256,5,True,FALSE,22,False,FALSE
B4,Q2,0.5,256,256,6,True,FALSE,3,False,FALSE
B4,Q2,0.5,256,256,7,True,FALSE,18,False,FALSE
B4,Q2,0.5,256,256,9,True,FALSE,6,False,FALSE
B4,Q2,0.5,256,256,10,True,FALSE,26,False,FALSE
B4,Q2,0.5,256,256,12,True,FALSE,24,False,FALSE
B4,Q2,0.5,256,256,13,True,FALSE,21,False,FALSE
B4,Q2,0.5,256,256,14,True,FALSE,40,False,FALSE
B4,Q2,0.5,256,256,15,True,FALSE,18,False,FALSE
B4,Q2,0.5,256,256,19,True,FALSE,27,False,FALSE
B4,Q2,0.5,256,256,20,True,FALSE,18,False,FALSE
B4,Q2,0.5,256,256,21,True,FALSE,9,False,FALSE
B4,Q2,0.5,256,256,22,True,FALSE,16,False,FALSE
B4,Q2,0.5,256,256,28,True,FALSE,3,False,FALSE
B4,Q2,0.5,256,256,33,True,FALSE,12,False,FALSE
B4,Q2,0.5,256,256,34,True,FALSE,12,False,FALSE
B4,Q2,0.5,256,256,38,True,FALSE,18,False,FALSE
B4,Q2,0.5,256,256,40,True,FALSE,12,False,FALSE
B4,Q2,0.5,256,256,42,True,FALSE,6,False,FALSE
B4,Q2,0.5,256,256,50,True,FALSE,6,False,FALSE
B4,Q2,0.5,256,256,52,True,FALSE,3,False,FALSE
B4,Q2,0.5,256,256,62,True,FALSE,3,False,FALSE
B4,Q2,0.5,256,256,64,True,FALSE,3,False,FALSE
B4,Q2,0.5,256,256,68,True,FALSE,3,False,FALSE
B4,Q2,0.5,256,256,82,True,FALSE,3,False,FALSE
B4,Q2,0.5,256,256,89,True,FALSE,16,False,FALSE
B4,Q2,0.5,256,256,94,True,FALSE,18,False,FALSE
B4,Q2,0.5,256,256,100,True,FALSE,3,False,FALSE
B4,Q2,0.5,256,256,113,True,MC_UNRESOLVED,6,False,MC_UNRESOLVED
B4,Q2,0.5,256,256,114,True,MC_UNRESOLVED,12,False,MC_UNRESOLVED
B4,Q2,0.5,256,256,119,True,MC_UNRESOLVED,12,False,MC_UNRESOLVED
B4,Q2,0.5,256,256,128,True,MC_UNRESOLVED,6,True,MC_UNRESOLVED
B4,Q2,0.5,256,256,134,True,MC_UNRESOLVED,12,True,MC_UNRESOLVED
B4,Q2,0.5,256,256,143,True,MC_UNRESOLVED,3,True,MC_UNRESOLVED
B4,Q2,0.5,256,256,152,True,TRUE,3,True,TRUE
B4,Q2,0.5,256,256,153,True,TRUE,9,True,TRUE
B4,Q2,0.5,256,256,154,True,TRUE,6,True,TRUE
B4,Q2,0.5,256,256,163,True,TRUE,3,True,TRUE
B4,Q2,0.5,256,256,165,True,TRUE,3,True,TRUE
B4,Q2,0.5,256,256,172,True,TRUE,3,True,TRUE
B4,Q2,0.5,256,256,180,True,TRUE,3,True,TRUE
B4,Q2,0.5,256,256,184,True,TRUE,3,True,TRUE
B4,Q2,0.5,256,256,193,True,TRUE,3,True,TRUE
B4,Q2,0.5,256,256,195,True,TRUE,12,True,TRUE
B4,Q2,0.5,256,256,197,True,TRUE,12,True,TRUE
B4,Q2,0.5,256,256,201,True,TRUE,6,True,TRUE
B4,Q2,0.5,256,256,208,True,TRUE,3,True,TRUE
B4,Q2,0.5,256,256,211,True,TRUE,6,True,TRUE
B4,Q2,0.5,256,256,212,True,TRUE,3,True,TRUE
B4,Q2,0.5,256,256,214,True,TRUE,6,True,TRUE
B4,Q2,0.5,256,256,219,True,TRUE,6,True,TRUE
B4,Q2,0.5,256,256,220,True,TRUE,18,True,TRUE
B4,Q2,0.5,256,256,221,True,TRUE,6,True,TRUE
B4,Q2,0.5,256,256,222,True,TRUE,12,True,TRUE
B4,Q2,0.5,256,256,224,True,TRUE,12,True,TRUE
B4,Q2,0.5,256,256,225,True,TRUE,6,True,TRUE
B4,Q2,0.5,256,256,226,True,TRUE,3,True,TRUE
B4,Q2,0.5,256,256,227,True,TRUE,6,True,TRUE
B4,Q2,0.5,256,256,228,True,TRUE,18,True,TRUE
B4,Q2,0.5,256,256,231,True,TRUE,12,True,TRUE
B4,Q2,0.5,256,256,234,True,TRUE,24,True,TRUE
B4,Q2,0.5,256,256,237,True,TRUE,14,True,TRUE
B4,Q2,0.5,256,256,238,True,TRUE,3,True,TRUE
B4,Q2,0.5,256,256,239,True,TRUE,18,True,TRUE
B4,Q2,0.5,256,256,242,True,TRUE,18,True,TRUE
B4,Q2,0.5,256,256,244,True,TRUE,15,True,TRUE
B4,Q2,0.5,256,256,245,True,TRUE,9,True,TRUE
B4,Q2,0.5,256,256,248,True,TRUE,18,True,TRUE
B4,Q2,0.5,256,256,250,True,TRUE,27,True,TRUE
B4,Q2,0.5,256,256,251,True,TRUE,12,True,TRUE
B4,Q2,0.5,256,256,252,True,TRUE,47,True,TRUE
B4,Q2,0.5,256,256,253,True,TRUE,6,True,TRUE
B4,Q2,0.5,256,256,254,True,TRUE,93,True,TRUE
B4,Q2,0.5,256,256,255,True,TRUE,30,True,TRUE
B4,Q2,0.5,256,256,256,True,TRUE,31652,True,TRUE
B4,Q1,0.75,256,0,0,False,FALSE,17616,False,FALSE
B4,Q1,0.75,256,217,217,False,FALSE,2,False,FALSE
B4,Q1,0.75,256,218,218,False,FALSE,4,False,FALSE
B4,Q1,0.75,256,231,231,False,FALSE,6,False,FALSE
B4,Q1,0.75,256,253,253,False,FALSE,2,False,FALSE
B4,Q1,0.75,256,255,255,False,FALSE,4,False,FALSE
B4,Q1,0.75,256,256,256,False,FALSE,6,False,FALSE
B4,Q1,0.75,256,0,0,True,FALSE,29610,False,FALSE
B4,Q1,0.75,256,1,0,True,FALSE,21,False,FALSE
B4,Q1,0.75,256,1,1,True,FALSE,144,False,FALSE
B4,Q1,0.75,256,2,0,True,FALSE,15,False,FALSE
B4,Q1,0.75,256,2,2,True,FALSE,87,False,FALSE
B4,Q1,0.75,256,3,0,True,FALSE,9,False,FALSE
B4,Q1,0.75,256,3,3,True,FALSE,33,False,FALSE
B4,Q1,0.75,256,4,0,True,FALSE,9,False,FALSE
B4,Q1,0.75,256,4,4,True,FALSE,24,False,FALSE
B4,Q1,0.75,256,5,0,True,FALSE,15,False,FALSE
B4,Q1,0.75,256,5,5,True,FALSE,12,False,FALSE
B4,Q1,0.75,256,6,0,True,FALSE,3,False,FALSE
B4,Q1,0.75,256,6,6,True,FALSE,30,False,FALSE
B4,Q1,0.75,256,7,7,True,FALSE,15,False,FALSE
B4,Q1,0.75,256,8,7,True,FALSE,3,False,FALSE
B4,Q1,0.75,256,8,8,True,FALSE,21,False,FALSE
B4,Q1,0.75,256,9,0,True,FALSE,6,False,FALSE
B4,Q1,0.75,256,9,9,True,FALSE,33,False,FALSE
B4,Q1,0.75,256,10,0,True,FALSE,12,False,FALSE
B4,Q1,0.75,256,10,10,True,FALSE,9,False,FALSE
B4,Q1,0.75,256,11,11,True,FALSE,6,False,FALSE
B4,Q1,0.75,256,12,12,True,FALSE,24,False,FALSE
B4,Q1,0.75,256,13,13,True,FALSE,15,False,FALSE
B4,Q1,0.75,256,14,14,True,FALSE,6,False,FALSE
B4,Q1,0.75,256,15,0,True,FALSE,6,False,FALSE
B4,Q1,0.75,256,15,15,True,FALSE,18,False,FALSE
B4,Q1,0.75,256,16,16,True,FALSE,12,False,FALSE
B4,Q1,0.75,256,18,18,True,FALSE,6,False,FALSE
B4,Q1,0.75,256,19,0,True,FALSE,3,False,FALSE
B4,Q1,0.75,256,19,19,True,FALSE,12,False,FALSE
B4,Q1,0.75,256,20,20,True,FALSE,6,False,FALSE
B4,Q1,0.75,256,21,21,True,FALSE,6,False,FALSE
B4,Q1,0.75,256,22,22,True,FALSE,12,False,FALSE
B4,Q1,0.75,256,23,23,True,FALSE,6,False,FALSE
B4,Q1,0.75,256,24,0,True,FALSE,3,False,FALSE
B4,Q1,0.75,256,24,24,True,FALSE,12,False,FALSE
B4,Q1,0.75,256,25,0,True,FALSE,6,False,FALSE
B4,Q1,0.75,256,25,25,True,FALSE,3,False,FALSE
B4,Q1,0.75,256,26,0,True,FALSE,9,False,FALSE
B4,Q1,0.75,256,26,26,True,FALSE,12,False,FALSE
B4,Q1,0.75,256,28,28,True,FALSE,6,False,FALSE
B4,Q1,0.75,256,29,29,True,FALSE,18,False,FALSE
B4,Q1,0.75,256,30,30,True,FALSE,24,False,FALSE
B4,Q1,0.75,256,31,31,True,FALSE,12,False,FALSE
B4,Q1,0.75,256,32,32,True,FALSE,24,False,FALSE
B4,Q1,0.75,256,33,33,True,FALSE,6,False,FALSE
B4,Q1,0.75,256,35,35,True,FALSE,12,False,FALSE
B4,Q1,0.75,256,36,36,True,FALSE,18,False,FALSE
B4,Q1,0.75,256,37,37,True,FALSE,15,False,FALSE
B4,Q1,0.75,256,38,0,True,FALSE,6,False,FALSE
B4,Q1,0.75,256,38,38,True,FALSE,3,False,FALSE
B4,Q1,0.75,256,39,39,True,FALSE,18,False,FALSE
B4,Q1,0.75,256,40,0,True,FALSE,3,False,FALSE
B4,Q1,0.75,256,40,40,True,FALSE,6,False,FALSE
B4,Q1,0.75,256,41,41,True,FALSE,6,False,FALSE
B4,Q1,0.75,256,42,42,True,FALSE,6,False,FALSE
B4,Q1,0.75,256,43,0,True,FALSE,6,False,FALSE
B4,Q1,0.75,256,44,44,True,FALSE,6,False,FALSE
B4,Q1,0.75,256,46,46,True,FALSE,6,False,FALSE
B4,Q1,0.75,256,47,0,True,FALSE,6,False,FALSE
B4,Q1,0.75,256,47,47,True,FALSE,6,False,FALSE
B4,Q1,0.75,256,48,48,True,FALSE,6,False,FALSE
B4,Q1,0.75,256,49,49,True,FALSE,6,False,FALSE
B4,Q1,0.75,256,51,51,True,FALSE,6,False,FALSE
B4,Q1,0.75,256,52,52,True,FALSE,30,False,FALSE
B4,Q1,0.75,256,53,53,True,FALSE,6,False,FALSE
B4,Q1,0.75,256,54,54,True,FALSE,6,False,FALSE
B4,Q1,0.75,256,55,55,True,FALSE,12,False,FALSE
B4,Q1,0.75,256,57,57,True,FALSE,12,False,FALSE
B4,Q1,0.75,256,58,58,True,FALSE,6,False,FALSE
B4,Q1,0.75,256,59,0,True,FALSE,6,False,FALSE
B4,Q1,0.75,256,59,59,True,FALSE,6,False,FALSE
B4,Q1,0.75,256,61,61,True,FALSE,12,False,FALSE
B4,Q1,0.75,256,62,62,True,FALSE,6,False,FALSE
B4,Q1,0.75,256,63,63,True,FALSE,8,False,FALSE
B4,Q1,0.75,256,64,64,True,FALSE,4,False,FALSE
B4,Q1,0.75,256,65,65,True,FALSE,6,False,FALSE
B4,Q1,0.75,256,68,68,True,FALSE,6,False,FALSE
B4,Q1,0.75,256,69,69,True,FALSE,9,False,FALSE
B4,Q1,0.75,256,72,72,True,FALSE,18,False,FALSE
B4,Q1,0.75,256,73,73,True,FALSE,6,False,FALSE
B4,Q1,0.75,256,74,74,True,FALSE,6,False,FALSE
B4,Q1,0.75,256,76,76,True,FALSE,6,False,FALSE
B4,Q1,0.75,256,80,80,True,FALSE,6,False,FALSE
B4,Q1,0.75,256,84,84,True,FALSE,6,False,FALSE
B4,Q1,0.75,256,85,85,True,FALSE,12,False,FALSE
B4,Q1,0.75,256,86,86,True,FALSE,6,False,FALSE
B4,Q1,0.75,256,88,88,True,FALSE,12,False,FALSE
B4,Q1,0.75,256,91,0,True,FALSE,6,False,FALSE
B4,Q1,0.75,256,91,91,True,FALSE,6,False,FALSE
B4,Q1,0.75,256,92,92,True,FALSE,6,False,FALSE
B4,Q1,0.75,256,93,93,True,FALSE,6,False,FALSE
B4,Q1,0.75,256,97,97,True,FALSE,18,False,FALSE
B4,Q1,0.75,256,98,98,True,FALSE,6,False,FALSE
B4,Q1,0.75,256,102,102,True,FALSE,6,False,FALSE
B4,Q1,0.75,256,105,0,True,FALSE,12,False,FALSE
B4,Q1,0.75,256,106,106,True,FALSE,6,False,FALSE
B4,Q1,0.75,256,110,110,True,FALSE,24,False,FALSE
B4,Q1,0.75,256,111,111,True,FALSE,6,False,FALSE
B4,Q1,0.75,256,112,112,True,FALSE,12,False,FALSE
B4,Q1,0.75,256,115,115,True,FALSE,6,False,FALSE
B4,Q1,0.75,256,116,0,True,FALSE,6,False,FALSE
B4,Q1,0.75,256,116,116,True,FALSE,6,False,FALSE
B4,Q1,0.75,256,122,0,True,FALSE,6,False,FALSE
B4,Q1,0.75,256,124,124,True,FALSE,6,False,FALSE
B4,Q1,0.75,256,127,127,True,FALSE,12,False,FALSE
B4,Q1,0.75,256,128,0,True,FALSE,6,False,FALSE
B4,Q1,0.75,256,129,129,True,FALSE,6,False,FALSE
B4,Q1,0.75,256,133,133,True,FALSE,6,False,FALSE
B4,Q1,0.75,256,135,135,True,FALSE,6,False,FALSE
B4,Q1,0.75,256,136,0,True,FALSE,3,False,FALSE
B4,Q1,0.75,256,137,0,True,FALSE,9,False,FALSE
B4,Q1,0.75,256,141,0,True,FALSE,6,False,FALSE
B4,Q1,0.75,256,144,144,True,FALSE,6,False,FALSE
B4,Q1,0.75,256,146,146,True,FALSE,6,False,FALSE
B4,Q1,0.75,256,148,148,True,FALSE,6,False,FALSE
B4,Q1,0.75,256,151,151,True,FALSE,6,False,FALSE
B4,Q1,0.75,256,157,157,True,FALSE,6,False,FALSE
B4,Q1,0.75,256,158,30,True,FALSE,6,False,FALSE
B4,Q1,0.75,256,161,161,True,FALSE,6,False,FALSE
B4,Q1,0.75,256,163,163,True,FALSE,6,False,FALSE
B4,Q1,0.75,256,169,34,True,FALSE,6,False,FALSE
B4,Q1,0.75,256,170,0,True,FALSE,3,False,FALSE
B4,Q1,0.75,256,171,171,True,FALSE,6,False,FALSE
B4,Q1,0.75,256,173,0,True,FALSE,3,False,FALSE
B4,Q1,0.75,256,173,173,True,FALSE,6,False,FALSE
B4,Q1,0.75,256,174,174,True,FALSE,6,False,FALSE
B4,Q1,0.75,256,177,177,True,FALSE,6,False,FALSE
B4,Q1,0.75,256,181,181,True,MC_UNRESOLVED,6,False,MC_UNRESOLVED
B4,Q1,0.75,256,182,182,True,MC_UNRESOLVED,6,False,MC_UNRESOLVED
B4,Q1,0.75,256,185,185,True,MC_UNRESOLVED,6,False,MC_UNRESOLVED
B4,Q1,0.75,256,186,186,True,MC_UNRESOLVED,6,False,MC_UNRESOLVED
B4,Q1,0.75,256,190,190,True,MC_UNRESOLVED,6,False,MC_UNRESOLVED
B4,Q1,0.75,256,191,134,True,MC_UNRESOLVED,6,False,MC_UNRESOLVED
B4,Q1,0.75,256,193,193,True,MC_UNRESOLVED,6,True,MC_UNRESOLVED
B4,Q1,0.75,256,194,134,True,MC_UNRESOLVED,6,True,MC_UNRESOLVED
B4,Q1,0.75,256,194,194,True,MC_UNRESOLVED,6,True,MC_UNRESOLVED
B4,Q1,0.75,256,200,200,True,MC_UNRESOLVED,12,True,MC_UNRESOLVED
B4,Q1,0.75,256,205,205,True,MC_UNRESOLVED,2,True,MC_UNRESOLVED
B4,Q1,0.75,256,207,207,True,TRUE,2,True,TRUE
B4,Q1,0.75,256,211,211,True,TRUE,6,True,TRUE
B4,Q1,0.75,256,212,212,True,TRUE,3,True,TRUE
B4,Q1,0.75,256,213,213,True,TRUE,3,True,TRUE
B4,Q1,0.75,256,218,218,True,TRUE,9,True,TRUE
B4,Q1,0.75,256,219,219,True,TRUE,6,True,TRUE
B4,Q1,0.75,256,220,220,True,TRUE,12,True,TRUE
B4,Q1,0.75,256,221,221,True,TRUE,6,True,TRUE
B4,Q1,0.75,256,223,223,True,TRUE,12,True,TRUE
B4,Q1,0.75,256,224,224,True,TRUE,11,True,TRUE
B4,Q1,0.75,256,225,0,True,TRUE,3,True,TRUE
B4,Q1,0.75,256,225,225,True,TRUE,12,True,TRUE
B4,Q1,0.75,256,226,226,True,TRUE,6,True,TRUE
B4,Q1,0.75,256,227,227,True,TRUE,6,True,TRUE
B4,Q1,0.75,256,232,232,True,TRUE,4,True,TRUE
B4,Q1,0.75,256,235,235,True,TRUE,6,True,TRUE
B4,Q1,0.75,256,236,0,True,TRUE,3,True,TRUE
B4,Q1,0.75,256,236,236,True,TRUE,2,True,TRUE
B4,Q1,0.75,256,237,237,True,TRUE,14,True,TRUE
B4,Q1,0.75,256,238,238,True,TRUE,6,True,TRUE
B4,Q1,0.75,256,239,239,True,TRUE,26,True,TRUE
B4,Q1,0.75,256,240,240,True,TRUE,2,True,TRUE
B4,Q1,0.75,256,241,241,True,TRUE,12,True,TRUE
B4,Q1,0.75,256,242,242,True,TRUE,8,True,TRUE
B4,Q1,0.75,256,243,243,True,TRUE,14,True,TRUE
B4,Q1,0.75,256,244,0,True,TRUE,6,True,TRUE
B4,Q1,0.75,256,244,244,True,TRUE,16,True,TRUE
B4,Q1,0.75,256,245,245,True,TRUE,19,True,TRUE
B4,Q1,0.75,256,246,246,True,TRUE,13,True,TRUE
B4,Q1,0.75,256,247,247,True,TRUE,8,True,TRUE
B4,Q1,0.75,256,248,248,True,TRUE,10,True,TRUE
B4,Q1,0.75,256,249,249,True,TRUE,29,True,TRUE
B4,Q1,0.75,256,250,0,True,TRUE,6,True,TRUE
B4,Q1,0.75,256,250,250,True,TRUE,32,True,TRUE
B4,Q1,0.75,256,251,251,True,TRUE,25,True,TRUE
B4,Q1,0.75,256,252,252,True,TRUE,21,True,TRUE
B4,Q1,0.75,256,253,253,True,TRUE,35,True,TRUE
B4,Q1,0.75,256,254,0,True,TRUE,3,True,TRUE
B4,Q1,0.75,256,254,254,True,TRUE,46,True,TRUE
B4,Q1,0.75,256,255,0,True,TRUE,9,True,TRUE
B4,Q1,0.75,256,255,255,True,TRUE,56,True,TRUE
B4,Q1,0.75,256,256,0,True,TRUE,1995,True,TRUE
B4,Q1,0.75,256,256,1,True,TRUE,27,True,TRUE
B4,Q1,0.75,256,256,2,True,TRUE,18,True,TRUE
B4,Q1,0.75,256,256,3,True,TRUE,9,True,TRUE
B4,Q1,0.75,256,256,5,True,TRUE,6,True,TRUE
B4,Q1,0.75,256,256,6,True,TRUE,3,True,TRUE
B4,Q1,0.75,256,256,9,True,TRUE,6,True,TRUE
B4,Q1,0.75,256,256,10,True,TRUE,12,True,TRUE
B4,Q1,0.75,256,256,12,True,TRUE,6,True,TRUE
B4,Q1,0.75,256,256,13,True,TRUE,3,True,TRUE
B4,Q1,0.75,256,256,14,True,TRUE,6,True,TRUE
B4,Q1,0.75,256,256,19,True,TRUE,9,True,TRUE
B4,Q1,0.75,256,256,21,True,TRUE,9,True,TRUE
B4,Q1,0.75,256,256,28,True,TRUE,3,True,TRUE
B4,Q1,0.75,256,256,33,True,TRUE,12,True,TRUE
B4,Q1,0.75,256,256,34,True,TRUE,12,True,TRUE
B4,Q1,0.75,256,256,40,True,TRUE,12,True,TRUE
B4,Q1,0.75,256,256,42,True,TRUE,6,True,TRUE
B4,Q1,0.75,256,256,50,True,TRUE,6,True,TRUE
B4,Q1,0.75,256,256,52,True,TRUE,3,True,TRUE
B4,Q1,0.75,256,256,62,True,TRUE,3,True,TRUE
B4,Q1,0.75,256,256,64,True,TRUE,3,True,TRUE
B4,Q1,0.75,256,256,68,True,TRUE,3,True,TRUE
B4,Q1,0.75,256,256,82,True,TRUE,3,True,TRUE
B4,Q1,0.75,256,256,100,True,TRUE,3,True,TRUE
B4,Q1,0.75,256,256,113,True,TRUE,6,True,TRUE
B4,Q1,0.75,256,256,114,True,TRUE,12,True,TRUE
B4,Q1,0.75,256,256,119,True,TRUE,12,True,TRUE
B4,Q1,0.75,256,256,128,True,TRUE,6,True,TRUE
B4,Q1,0.75,256,256,134,True,TRUE,12,True,TRUE
B4,Q1,0.75,256,256,143,True,TRUE,3,True,TRUE
B4,Q1,0.75,256,256,152,True,TRUE,3,True,TRUE
B4,Q1,0.75,256,256,153,True,TRUE,9,True,TRUE
B4,Q1,0.75,256,256,154,True,TRUE,6,True,TRUE
B4,Q1,0.75,256,256,163,True,TRUE,3,True,TRUE
B4,Q1,0.75,256,256,165,True,TRUE,3,True,TRUE
B4,Q1,0.75,256,256,172,True,TRUE,3,True,TRUE
B4,Q1,0.75,256,256,180,True,TRUE,3,True,TRUE
B4,Q1,0.75,256,256,184,True,TRUE,3,True,TRUE
B4,Q1,0.75,256,256,193,True,TRUE,3,True,TRUE
B4,Q1,0.75,256,256,201,True,TRUE,6,True,TRUE
B4,Q1,0.75,256,256,208,True,TRUE,3,True,TRUE
B4,Q1,0.75,256,256,211,True,TRUE,6,True,TRUE
B4,Q1,0.75,256,256,212,True,TRUE,3,True,TRUE
B4,Q1,0.75,256,256,214,True,TRUE,6,True,TRUE
B4,Q1,0.75,256,256,219,True,TRUE,6,True,TRUE
B4,Q1,0.75,256,256,220,True,TRUE,18,True,TRUE
B4,Q1,0.75,256,256,221,True,TRUE,6,True,TRUE
B4,Q1,0.75,256,256,222,True,TRUE,12,True,TRUE
B4,Q1,0.75,256,256,225,True,TRUE,6,True,TRUE
B4,Q1,0.75,256,256,226,True,TRUE,3,True,TRUE
B4,Q1,0.75,256,256,227,True,TRUE,6,True,TRUE
B4,Q1,0.75,256,256,234,True,TRUE,24,True,TRUE
B4,Q1,0.75,256,256,238,True,TRUE,3,True,TRUE
B4,Q1,0.75,256,256,244,True,TRUE,3,True,TRUE
B4,Q1,0.75,256,256,245,True,TRUE,9,True,TRUE
B4,Q1,0.75,256,256,250,True,TRUE,3,True,TRUE
B4,Q1,0.75,256,256,252,True,TRUE,3,True,TRUE
B4,Q1,0.75,256,256,253,True,TRUE,6,True,TRUE
B4,Q1,0.75,256,256,254,True,TRUE,27,True,TRUE
B4,Q1,0.75,256,256,255,True,TRUE,30,True,TRUE
B4,Q1,0.75,256,256,256,True,TRUE,31234,True,TRUE
B4,Q2,0.75,256,0,0,False,FALSE,35232,False,FALSE
B4,Q2,0.75,256,217,217,False,FALSE,4,False,FALSE
B4,Q2,0.75,256,218,218,False,FALSE,8,False,FALSE
B4,Q2,0.75,256,231,231,False,FALSE,12,False,FALSE
B4,Q2,0.75,256,253,253,False,FALSE,4,False,FALSE
B4,Q2,0.75,256,255,255,False,FALSE,8,False,FALSE
B4,Q2,0.75,256,256,256,False,FALSE,12,False,FALSE
B4,Q2,0.75,256,0,0,True,FALSE,59220,False,FALSE
B4,Q2,0.75,256,1,0,True,FALSE,186,False,FALSE
B4,Q2,0.75,256,1,1,True,FALSE,144,False,FALSE
B4,Q2,0.75,256,2,0,True,FALSE,117,False,FALSE
B4,Q2,0.75,256,2,2,True,FALSE,87,False,FALSE
B4,Q2,0.75,256,3,0,True,FALSE,51,False,FALSE
B4,Q2,0.75,256,3,3,True,FALSE,33,False,FALSE
B4,Q2,0.75,256,4,0,True,FALSE,42,False,FALSE
B4,Q2,0.75,256,4,4,True,FALSE,24,False,FALSE
B4,Q2,0.75,256,5,0,True,FALSE,42,False,FALSE
B4,Q2,0.75,256,5,5,True,FALSE,12,False,FALSE
B4,Q2,0.75,256,6,0,True,FALSE,36,False,FALSE
B4,Q2,0.75,256,6,6,True,FALSE,30,False,FALSE
B4,Q2,0.75,256,7,0,True,FALSE,15,False,FALSE
B4,Q2,0.75,256,7,7,True,FALSE,15,False,FALSE
B4,Q2,0.75,256,8,0,True,FALSE,24,False,FALSE
B4,Q2,0.75,256,8,7,True,FALSE,3,False,FALSE
B4,Q2,0.75,256,8,8,True,FALSE,21,False,FALSE
B4,Q2,0.75,256,9,0,True,FALSE,45,False,FALSE
B4,Q2,0.75,256,9,9,True,FALSE,33,False,FALSE
B4,Q2,0.75,256,10,0,True,FALSE,33,False,FALSE
B4,Q2,0.75,256,10,10,True,FALSE,9,False,FALSE
B4,Q2,0.75,256,11,0,True,FALSE,6,False,FALSE
B4,Q2,0.75,256,11,11,True,FALSE,6,False,FALSE
B4,Q2,0.75,256,12,0,True,FALSE,24,False,FALSE
B4,Q2,0.75,256,12,12,True,FALSE,24,False,FALSE
B4,Q2,0.75,256,13,0,True,FALSE,15,False,FALSE
B4,Q2,0.75,256,13,13,True,FALSE,15,False,FALSE
B4,Q2,0.75,256,14,0,True,FALSE,6,False,FALSE
B4,Q2,0.75,256,14,14,True,FALSE,6,False,FALSE
B4,Q2,0.75,256,15,0,True,FALSE,30,False,FALSE
B4,Q2,0.75,256,15,15,True,FALSE,18,False,FALSE
B4,Q2,0.75,256,16,0,True,FALSE,12,False,FALSE
B4,Q2,0.75,256,16,16,True,FALSE,12,False,FALSE
B4,Q2,0.75,256,18,0,True,FALSE,6,False,FALSE
B4,Q2,0.75,256,18,18,True,FALSE,6,False,FALSE
B4,Q2,0.75,256,19,0,True,FALSE,18,False,FALSE
B4,Q2,0.75,256,19,19,True,FALSE,12,False,FALSE
B4,Q2,0.75,256,20,0,True,FALSE,6,False,FALSE
B4,Q2,0.75,256,20,20,True,FALSE,6,False,FALSE
B4,Q2,0.75,256,21,0,True,FALSE,6,False,FALSE
B4,Q2,0.75,256,21,21,True,FALSE,6,False,FALSE
B4,Q2,0.75,256,22,0,True,FALSE,12,False,FALSE
B4,Q2,0.75,256,22,22,True,FALSE,12,False,FALSE
B4,Q2,0.75,256,23,0,True,FALSE,6,False,FALSE
B4,Q2,0.75,256,23,23,True,FALSE,6,False,FALSE
B4,Q2,0.75,256,24,0,True,FALSE,18,False,FALSE
B4,Q2,0.75,256,24,24,True,FALSE,12,False,FALSE
B4,Q2,0.75,256,25,0,True,FALSE,15,False,FALSE
B4,Q2,0.75,256,25,25,True,FALSE,3,False,FALSE
B4,Q2,0.75,256,26,0,True,FALSE,30,False,FALSE
B4,Q2,0.75,256,26,26,True,FALSE,12,False,FALSE
B4,Q2,0.75,256,28,0,True,FALSE,6,False,FALSE
B4,Q2,0.75,256,28,28,True,FALSE,6,False,FALSE
B4,Q2,0.75,256,29,0,True,FALSE,18,False,FALSE
B4,Q2,0.75,256,29,29,True,FALSE,18,False,FALSE
B4,Q2,0.75,256,30,0,True,FALSE,24,False,FALSE
B4,Q2,0.75,256,30,30,True,FALSE,24,False,FALSE
B4,Q2,0.75,256,31,0,True,FALSE,12,False,FALSE
B4,Q2,0.75,256,31,31,True,FALSE,12,False,FALSE
B4,Q2,0.75,256,32,0,True,FALSE,24,False,FALSE
B4,Q2,0.75,256,32,32,True,FALSE,24,False,FALSE
B4,Q2,0.75,256,33,0,True,FALSE,6,False,FALSE
B4,Q2,0.75,256,33,33,True,FALSE,6,False,FALSE
B4,Q2,0.75,256,35,0,True,FALSE,12,False,FALSE
B4,Q2,0.75,256,35,35,True,FALSE,12,False,FALSE
B4,Q2,0.75,256,36,0,True,FALSE,18,False,FALSE
B4,Q2,0.75,256,36,36,True,FALSE,18,False,FALSE
B4,Q2,0.75,256,37,0,True,FALSE,15,False,FALSE
B4,Q2,0.75,256,37,37,True,FALSE,15,False,FALSE
B4,Q2,0.75,256,38,0,True,FALSE,15,False,FALSE
B4,Q2,0.75,256,38,38,True,FALSE,3,False,FALSE
B4,Q2,0.75,256,39,0,True,FALSE,18,False,FALSE
B4,Q2,0.75,256,39,39,True,FALSE,18,False,FALSE
B4,Q2,0.75,256,40,0,True,FALSE,12,False,FALSE
B4,Q2,0.75,256,40,40,True,FALSE,6,False,FALSE
B4,Q2,0.75,256,41,0,True,FALSE,6,False,FALSE
B4,Q2,0.75,256,41,41,True,FALSE,6,False,FALSE
B4,Q2,0.75,256,42,0,True,FALSE,6,False,FALSE
B4,Q2,0.75,256,42,42,True,FALSE,6,False,FALSE
B4,Q2,0.75,256,43,0,True,FALSE,12,False,FALSE
B4,Q2,0.75,256,44,0,True,FALSE,6,False,FALSE
B4,Q2,0.75,256,44,44,True,FALSE,6,False,FALSE
B4,Q2,0.75,256,46,0,True,FALSE,6,False,FALSE
B4,Q2,0.75,256,46,46,True,FALSE,6,False,FALSE
B4,Q2,0.75,256,47,0,True,FALSE,18,False,FALSE
B4,Q2,0.75,256,47,47,True,FALSE,6,False,FALSE
B4,Q2,0.75,256,48,0,True,FALSE,6,False,FALSE
B4,Q2,0.75,256,48,48,True,FALSE,6,False,FALSE
B4,Q2,0.75,256,49,0,True,FALSE,6,False,FALSE
B4,Q2,0.75,256,49,49,True,FALSE,6,False,FALSE
B4,Q2,0.75,256,51,0,True,FALSE,6,False,FALSE
B4,Q2,0.75,256,51,51,True,FALSE,6,False,FALSE
B4,Q2,0.75,256,52,0,True,FALSE,30,False,FALSE
B4,Q2,0.75,256,52,52,True,FALSE,30,False,FALSE
B4,Q2,0.75,256,53,0,True,FALSE,6,False,FALSE
B4,Q2,0.75,256,53,53,True,FALSE,6,False,FALSE
B4,Q2,0.75,256,54,0,True,FALSE,6,False,FALSE
B4,Q2,0.75,256,54,54,True,FALSE,6,False,FALSE
B4,Q2,0.75,256,55,0,True,FALSE,12,False,FALSE
B4,Q2,0.75,256,55,55,True,FALSE,12,False,FALSE
B4,Q2,0.75,256,57,0,True,FALSE,12,False,FALSE
B4,Q2,0.75,256,57,57,True,FALSE,12,False,FALSE
B4,Q2,0.75,256,58,0,True,FALSE,6,False,FALSE
B4,Q2,0.75,256,58,58,True,FALSE,6,False,FALSE
B4,Q2,0.75,256,59,0,True,FALSE,18,False,FALSE
B4,Q2,0.75,256,59,59,True,FALSE,6,False,FALSE
B4,Q2,0.75,256,61,0,True,FALSE,12,False,FALSE
B4,Q2,0.75,256,61,61,True,FALSE,12,False,FALSE
B4,Q2,0.75,256,62,0,True,FALSE,6,False,FALSE
B4,Q2,0.75,256,62,62,True,FALSE,6,False,FALSE
B4,Q2,0.75,256,63,0,True,FALSE,8,False,FALSE
B4,Q2,0.75,256,63,63,True,FALSE,8,False,FALSE
B4,Q2,0.75,256,64,0,True,FALSE,4,False,FALSE
B4,Q2,0.75,256,64,64,True,FALSE,4,False,FALSE
B4,Q2,0.75,256,65,0,True,FALSE,6,False,FALSE
B4,Q2,0.75,256,65,65,True,FALSE,6,False,FALSE
B4,Q2,0.75,256,68,0,True,FALSE,6,False,FALSE
B4,Q2,0.75,256,68,68,True,FALSE,6,False,FALSE
B4,Q2,0.75,256,69,0,True,FALSE,9,False,FALSE
B4,Q2,0.75,256,69,69,True,FALSE,9,False,FALSE
B4,Q2,0.75,256,72,0,True,FALSE,18,False,FALSE
B4,Q2,0.75,256,72,72,True,FALSE,18,False,FALSE
B4,Q2,0.75,256,73,0,True,FALSE,6,False,FALSE
B4,Q2,0.75,256,73,73,True,FALSE,6,False,FALSE
B4,Q2,0.75,256,74,0,True,FALSE,6,False,FALSE
B4,Q2,0.75,256,74,74,True,FALSE,6,False,FALSE
B4,Q2,0.75,256,76,0,True,FALSE,6,False,FALSE
B4,Q2,0.75,256,76,76,True,FALSE,6,False,FALSE
B4,Q2,0.75,256,80,0,True,FALSE,6,False,FALSE
B4,Q2,0.75,256,80,80,True,FALSE,6,False,FALSE
B4,Q2,0.75,256,84,0,True,FALSE,6,False,FALSE
B4,Q2,0.75,256,84,84,True,FALSE,6,False,FALSE
B4,Q2,0.75,256,85,0,True,FALSE,12,False,FALSE
B4,Q2,0.75,256,85,85,True,FALSE,12,False,FALSE
B4,Q2,0.75,256,86,0,True,FALSE,6,False,FALSE
B4,Q2,0.75,256,86,86,True,FALSE,6,False,FALSE
B4,Q2,0.75,256,88,0,True,FALSE,12,False,FALSE
B4,Q2,0.75,256,88,88,True,FALSE,12,False,FALSE
B4,Q2,0.75,256,91,0,True,FALSE,18,False,FALSE
B4,Q2,0.75,256,91,91,True,FALSE,6,False,FALSE
B4,Q2,0.75,256,92,0,True,FALSE,6,False,FALSE
B4,Q2,0.75,256,92,92,True,FALSE,6,False,FALSE
B4,Q2,0.75,256,93,0,True,FALSE,6,False,FALSE
B4,Q2,0.75,256,93,93,True,FALSE,6,False,FALSE
B4,Q2,0.75,256,97,0,True,FALSE,18,False,FALSE
B4,Q2,0.75,256,97,97,True,FALSE,18,False,FALSE
B4,Q2,0.75,256,98,0,True,FALSE,6,False,FALSE
B4,Q2,0.75,256,98,98,True,FALSE,6,False,FALSE
B4,Q2,0.75,256,102,0,True,FALSE,6,False,FALSE
B4,Q2,0.75,256,102,102,True,FALSE,6,False,FALSE
B4,Q2,0.75,256,105,0,True,FALSE,24,False,FALSE
B4,Q2,0.75,256,106,0,True,FALSE,6,False,FALSE
B4,Q2,0.75,256,106,106,True,FALSE,6,False,FALSE
B4,Q2,0.75,256,110,0,True,FALSE,24,False,FALSE
B4,Q2,0.75,256,110,110,True,FALSE,24,False,FALSE
B4,Q2,0.75,256,111,0,True,FALSE,6,False,FALSE
B4,Q2,0.75,256,111,111,True,FALSE,6,False,FALSE
B4,Q2,0.75,256,112,0,True,FALSE,12,False,FALSE
B4,Q2,0.75,256,112,112,True,FALSE,12,False,FALSE
B4,Q2,0.75,256,115,0,True,FALSE,6,False,FALSE
B4,Q2,0.75,256,115,115,True,FALSE,6,False,FALSE
B4,Q2,0.75,256,116,0,True,FALSE,18,False,FALSE
B4,Q2,0.75,256,116,116,True,FALSE,6,False,FALSE
B4,Q2,0.75,256,122,0,True,FALSE,12,False,FALSE
B4,Q2,0.75,256,124,0,True,FALSE,6,False,FALSE
B4,Q2,0.75,256,124,124,True,FALSE,6,False,FALSE
B4,Q2,0.75,256,127,0,True,FALSE,12,False,FALSE
B4,Q2,0.75,256,127,127,True,FALSE,12,False,FALSE
B4,Q2,0.75,256,128,0,True,FALSE,12,False,FALSE
B4,Q2,0.75,256,129,0,True,FALSE,6,False,FALSE
B4,Q2,0.75,256,129,129,True,FALSE,6,False,FALSE
B4,Q2,0.75,256,133,0,True,FALSE,6,False,FALSE
B4,Q2,0.75,256,133,133,True,FALSE,6,False,FALSE
B4,Q2,0.75,256,135,0,True,FALSE,6,False,FALSE
B4,Q2,0.75,256,135,135,True,FALSE,6,False,FALSE
B4,Q2,0.75,256,136,0,True,FALSE,6,False,FALSE
B4,Q2,0.75,256,137,0,True,FALSE,18,False,FALSE
B4,Q2,0.75,256,141,0,True,FALSE,12,False,FALSE
B4,Q2,0.75,256,144,0,True,FALSE,6,False,FALSE
B4,Q2,0.75,256,144,144,True,FALSE,6,False,FALSE
B4,Q2,0.75,256,146,0,True,FALSE,6,False,FALSE
B4,Q2,0.75,256,146,146,True,FALSE,6,False,FALSE
B4,Q2,0.75,256,148,0,True,FALSE,6,False,FALSE
B4,Q2,0.75,256,148,148,True,FALSE,6,False,FALSE
B4,Q2,0.75,256,151,0,True,FALSE,6,False,FALSE
B4,Q2,0.75,256,151,151,True,FALSE,6,False,FALSE
B4,Q2,0.75,256,157,0,True,FALSE,6,False,FALSE
B4,Q2,0.75,256,157,157,True,FALSE,6,False,FALSE
B4,Q2,0.75,256,158,0,True,FALSE,6,False,FALSE
B4,Q2,0.75,256,158,30,True,FALSE,6,False,FALSE
B4,Q2,0.75,256,161,0,True,FALSE,6,False,FALSE
B4,Q2,0.75,256,161,161,True,FALSE,6,False,FALSE
B4,Q2,0.75,256,163,0,True,FALSE,6,False,FALSE
B4,Q2,0.75,256,163,163,True,FALSE,6,False,FALSE
B4,Q2,0.75,256,169,0,True,FALSE,6,False,FALSE
B4,Q2,0.75,256,169,34,True,FALSE,6,False,FALSE
B4,Q2,0.75,256,170,0,True,FALSE,6,False,FALSE
B4,Q2,0.75,256,171,0,True,FALSE,6,False,FALSE
B4,Q2,0.75,256,171,171,True,FALSE,6,False,FALSE
B4,Q2,0.75,256,173,0,True,FALSE,12,False,FALSE
B4,Q2,0.75,256,173,173,True,FALSE,6,False,FALSE
B4,Q2,0.75,256,174,0,True,FALSE,6,False,FALSE
B4,Q2,0.75,256,174,174,True,FALSE,6,False,FALSE
B4,Q2,0.75,256,177,0,True,FALSE,6,False,FALSE
B4,Q2,0.75,256,177,177,True,MC_UNRESOLVED,6,False,MC_UNRESOLVED
B4,Q2,0.75,256,181,0,True,FALSE,6,False,FALSE
B4,Q2,0.75,256,181,181,True,MC_UNRESOLVED,6,False,MC_UNRESOLVED
B4,Q2,0.75,256,182,0,True,FALSE,6,False,FALSE
B4,Q2,0.75,256,182,182,True,MC_UNRESOLVED,6,False,MC_UNRESOLVED
B4,Q2,0.75,256,185,0,True,FALSE,6,False,FALSE
B4,Q2,0.75,256,185,185,True,MC_UNRESOLVED,6,False,MC_UNRESOLVED
B4,Q2,0.75,256,186,0,True,FALSE,6,False,FALSE
B4,Q2,0.75,256,186,186,True,MC_UNRESOLVED,6,False,MC_UNRESOLVED
B4,Q2,0.75,256,190,0,True,FALSE,6,False,FALSE
B4,Q2,0.75,256,190,190,True,MC_UNRESOLVED,6,False,MC_UNRESOLVED
B4,Q2,0.75,256,191,0,True,FALSE,6,False,FALSE
B4,Q2,0.75,256,191,134,True,FALSE,6,False,FALSE
B4,Q2,0.75,256,193,0,True,FALSE,6,False,FALSE
B4,Q2,0.75,256,193,193,True,MC_UNRESOLVED,6,True,MC_UNRESOLVED
B4,Q2,0.75,256,194,0,True,FALSE,12,False,FALSE
B4,Q2,0.75,256,194,134,True,FALSE,6,False,FALSE
B4,Q2,0.75,256,194,194,True,MC_UNRESOLVED,6,True,MC_UNRESOLVED
B4,Q2,0.75,256,200,0,True,FALSE,12,False,FALSE
B4,Q2,0.75,256,200,200,True,MC_UNRESOLVED,12,True,MC_UNRESOLVED
B4,Q2,0.75,256,205,201,True,MC_UNRESOLVED,2,True,MC_UNRESOLVED
B4,Q2,0.75,256,205,205,True,MC_UNRESOLVED,2,True,MC_UNRESOLVED
B4,Q2,0.75,256,207,207,True,MC_UNRESOLVED,4,True,MC_UNRESOLVED
B4,Q2,0.75,256,211,0,True,FALSE,6,False,FALSE
B4,Q2,0.75,256,211,211,True,TRUE,6,True,TRUE
B4,Q2,0.75,256,212,0,True,FALSE,3,False,FALSE
B4,Q2,0.75,256,212,212,True,TRUE,3,True,TRUE
B4,Q2,0.75,256,213,0,True,FALSE,3,False,FALSE
B4,Q2,0.75,256,213,213,True,TRUE,3,True,TRUE
B4,Q2,0.75,256,218,0,True,FALSE,9,False,FALSE
B4,Q2,0.75,256,218,218,True,TRUE,9,True,TRUE
B4,Q2,0.75,256,219,0,True,FALSE,6,False,FALSE
B4,Q2,0.75,256,219,219,True,TRUE,6,True,TRUE
B4,Q2,0.75,256,220,0,True,FALSE,12,False,FALSE
B4,Q2,0.75,256,220,220,True,TRUE,12,True,TRUE
B4,Q2,0.75,256,221,0,True,FALSE,6,False,FALSE
B4,Q2,0.75,256,221,221,True,TRUE,6,True,TRUE
B4,Q2,0.75,256,223,0,True,FALSE,12,False,FALSE
B4,Q2,0.75,256,223,223,True,TRUE,12,True,TRUE
B4,Q2,0.75,256,224,0,True,FALSE,9,False,FALSE
B4,Q2,0.75,256,224,222,True,TRUE,2,True,TRUE
B4,Q2,0.75,256,224,224,True,TRUE,11,True,TRUE
B4,Q2,0.75,256,225,0,True,FALSE,18,False,FALSE
B4,Q2,0.75,256,225,225,True,TRUE,12,True,TRUE
B4,Q2,0.75,256,226,0,True,FALSE,6,False,FALSE
B4,Q2,0.75,256,226,226,True,TRUE,6,True,TRUE
B4,Q2,0.75,256,227,0,True,FALSE,6,False,FALSE
B4,Q2,0.75,256,227,227,True,TRUE,6,True,TRUE
B4,Q2,0.75,256,232,227,True,TRUE,2,True,TRUE
B4,Q2,0.75,256,232,232,True,TRUE,6,True,TRUE
B4,Q2,0.75,256,235,0,True,FALSE,6,False,FALSE
B4,Q2,0.75,256,235,235,True,TRUE,6,True,TRUE
B4,Q2,0.75,256,236,0,True,FALSE,6,False,FALSE
B4,Q2,0.75,256,236,234,True,TRUE,2,True,TRUE
B4,Q2,0.75,256,236,236,True,TRUE,2,True,TRUE
B4,Q2,0.75,256,237,0,True,FALSE,12,False,FALSE
B4,Q2,0.75,256,237,235,True,TRUE,2,True,TRUE
B4,Q2,0.75,256,237,237,True,TRUE,14,True,TRUE
B4,Q2,0.75,256,238,0,True,FALSE,6,False,FALSE
B4,Q2,0.75,256,238,238,True,TRUE,6,True,TRUE
B4,Q2,0.75,256,239,0,True,FALSE,24,False,FALSE
B4,Q2,0.75,256,239,239,True,TRUE,28,True,TRUE
B4,Q2,0.75,256,240,240,True,TRUE,4,True,TRUE
B4,Q2,0.75,256,241,0,True,FALSE,6,False,FALSE
B4,Q2,0.75,256,241,229,True,TRUE,2,True,TRUE
B4,Q2,0.75,256,241,241,True,TRUE,16,True,TRUE
B4,Q2,0.75,256,242,0,True,FALSE,6,False,FALSE
B4,Q2,0.75,256,242,237,True,TRUE,2,True,TRUE
B4,Q2,0.75,256,242,242,True,TRUE,8,True,TRUE
B4,Q2,0.75,256,243,0,True,FALSE,14,False,FALSE
B4,Q2,0.75,256,243,243,True,TRUE,14,True,TRUE
B4,Q2,0.75,256,244,0,True,FALSE,26,False,FALSE
B4,Q2,0.75,256,244,240,True,TRUE,2,True,TRUE
B4,Q2,0.75,256,244,244,True,TRUE,16,True,TRUE
B4,Q2,0.75,256,245,0,True,FALSE,15,False,FALSE
B4,Q2,0.75,256,245,245,True,TRUE,23,True,TRUE
B4,Q2,0.75,256,246,0,True,FALSE,9,False,FALSE
B4,Q2,0.75,256,246,3,True,FALSE,2,False,FALSE
B4,Q2,0.75,256,246,240,True,TRUE,2,True,TRUE
B4,Q2,0.75,256,246,246,True,TRUE,13,True,TRUE
B4,Q2,0.75,256,247,0,True,FALSE,6,False,FALSE
B4,Q2,0.75,256,247,222,True,TRUE,2,True,TRUE
B4,Q2,0.75,256,247,247,True,TRUE,8,True,TRUE
B4,Q2,0.75,256,248,242,True,TRUE,2,True,TRUE
B4,Q2,0.75,256,248,243,True,TRUE,2,True,TRUE
B4,Q2,0.75,256,248,244,True,TRUE,2,True,TRUE
B4,Q2,0.75,256,248,248,True,TRUE,14,True,TRUE
B4,Q2,0.75,256,249,0,True,FALSE,15,False,FALSE
B4,Q2,0.75,256,249,3,True,FALSE,4,False,FALSE
B4,Q2,0.75,256,249,190,True,MC_UNRESOLVED,2,False,MC_UNRESOLVED
B4,Q2,0.75,256,249,237,True,TRUE,2,True,TRUE
B4,Q2,0.75,256,249,244,True,TRUE,2,True,TRUE
B4,Q2,0.75,256,249,245,True,TRUE,2,True,TRUE
B4,Q2,0.75,256,249,249,True,TRUE,31,True,TRUE
B4,Q2,0.75,256,250,0,True,FALSE,42,False,FALSE
B4,Q2,0.75,256,250,250,True,TRUE,34,True,TRUE
B4,Q2,0.75,256,251,0,True,FALSE,13,False,FALSE
B4,Q2,0.75,256,251,192,True,MC_UNRESOLVED,4,True,MC_UNRESOLVED
B4,Q2,0.75,256,251,226,True,TRUE,2,True,TRUE
B4,Q2,0.75,256,251,232,True,TRUE,2,True,TRUE
B4,Q2,0.75,256,251,251,True,TRUE,29,True,TRUE
B4,Q2,0.75,256,252,0,True,FALSE,9,False,FALSE
B4,Q2,0.75,256,252,246,True,TRUE,2,True,TRUE
B4,Q2,0.75,256,252,248,True,TRUE,2,True,TRUE
B4,Q2,0.75,256,252,252,True,TRUE,29,True,TRUE
B4,Q2,0.75,256,253,0,True,FALSE,17,False,FALSE
B4,Q2,0.75,256,253,2,True,FALSE,2,False,FALSE
B4,Q2,0.75,256,253,5,True,FALSE,2,False,FALSE
B4,Q2,0.75,256,253,192,True,MC_UNRESOLVED,2,True,MC_UNRESOLVED
B4,Q2,0.75,256,253,228,True,TRUE,2,True,TRUE
B4,Q2,0.75,256,253,247,True,TRUE,2,True,TRUE
B4,Q2,0.75,256,253,253,True,TRUE,43,True,TRUE
B4,Q2,0.75,256,254,0,True,FALSE,44,False,FALSE
B4,Q2,0.75,256,254,222,True,TRUE,2,True,TRUE
B4,Q2,0.75,256,254,254,True,TRUE,52,True,TRUE
B4,Q2,0.75,256,255,0,True,FALSE,46,False,FALSE
B4,Q2,0.75,256,255,2,True,FALSE,4,False,FALSE
B4,Q2,0.75,256,255,10,True,FALSE,4,False,FALSE
B4,Q2,0.75,256,255,14,True,FALSE,2,False,FALSE
B4,Q2,0.75,256,255,22,True,FALSE,2,False,FALSE
B4,Q2,0.75,256,255,88,True,FALSE,2,False,FALSE
B4,Q2,0.75,256,255,194,True,MC_UNRESOLVED,4,True,MC_UNRESOLVED
B4,Q2,0.75,256,255,223,True,TRUE,4,True,TRUE
B4,Q2,0.75,256,255,236,True,TRUE,2,True,TRUE
B4,Q2,0.75,256,255,243,True,TRUE,2,True,TRUE
B4,Q2,0.75,256,255,251,True,TRUE,2,True,TRUE
B4,Q2,0.75,256,255,255,True,TRUE,56,True,TRUE
B4,Q2,0.75,256,256,0,True,FALSE,34637,False,FALSE
B4,Q2,0.75,256,256,1,True,FALSE,63,False,FALSE
B4,Q2,0.75,256,256,2,True,FALSE,66,False,FALSE
B4,Q2,0.75,256,256,3,True,FALSE,21,False,FALSE
B4,Q2,0.75,256,256,5,True,FALSE,22,False,FALSE
B4,Q2,0.75,256,256,6,True,FALSE,3,False,FALSE
B4,Q2,0.75,256,256,7,True,FALSE,18,False,FALSE
B4,Q2,0.75,256,256,9,True,FALSE,6,False,FALSE
B4,Q2,0.75,256,256,10,True,FALSE,26,False,FALSE
B4,Q2,0.75,256,256,12,True,FALSE,24,False,FALSE
B4,Q2,0.75,256,256,13,True,FALSE,21,False,FALSE
B4,Q2,0.75,256,256,14,True,FALSE,40,False,FALSE
B4,Q2,0.75,256,256,15,True,FALSE,18,False,FALSE
B4,Q2,0.75,256,256,19,True,FALSE,27,False,FALSE
B4,Q2,0.75,256,256,20,True,FALSE,18,False,FALSE
B4,Q2,0.75,256,256,21,True,FALSE,9,False,FALSE
B4,Q2,0.75,256,256,22,True,FALSE,16,False,FALSE
B4,Q2,0.75,256,256,28,True,FALSE,3,False,FALSE
B4,Q2,0.75,256,256,33,True,FALSE,12,False,FALSE
B4,Q2,0.75,256,256,34,True,FALSE,12,False,FALSE
B4,Q2,0.75,256,256,38,True,FALSE,18,False,FALSE
B4,Q2,0.75,256,256,40,True,FALSE,12,False,FALSE
B4,Q2,0.75,256,256,42,True,FALSE,6,False,FALSE
B4,Q2,0.75,256,256,50,True,FALSE,6,False,FALSE
B4,Q2,0.75,256,256,52,True,FALSE,3,False,FALSE
B4,Q2,0.75,256,256,62,True,FALSE,3,False,FALSE
B4,Q2,0.75,256,256,64,True,FALSE,3,False,FALSE
B4,Q2,0.75,256,256,68,True,FALSE,3,False,FALSE
B4,Q2,0.75,256,256,82,True,FALSE,3,False,FALSE
B4,Q2,0.75,256,256,89,True,FALSE,16,False,FALSE
B4,Q2,0.75,256,256,94,True,FALSE,18,False,FALSE
B4,Q2,0.75,256,256,100,True,FALSE,3,False,FALSE
B4,Q2,0.75,256,256,113,True,FALSE,6,False,FALSE
B4,Q2,0.75,256,256,114,True,FALSE,12,False,FALSE
B4,Q2,0.75,256,256,119,True,FALSE,12,False,FALSE
B4,Q2,0.75,256,256,128,True,FALSE,6,False,FALSE
B4,Q2,0.75,256,256,134,True,FALSE,12,False,FALSE
B4,Q2,0.75,256,256,143,True,FALSE,3,False,FALSE
B4,Q2,0.75,256,256,152,True,FALSE,3,False,FALSE
B4,Q2,0.75,256,256,153,True,FALSE,9,False,FALSE
B4,Q2,0.75,256,256,154,True,FALSE,6,False,FALSE
B4,Q2,0.75,256,256,163,True,FALSE,3,False,FALSE
B4,Q2,0.75,256,256,165,True,FALSE,3,False,FALSE
B4,Q2,0.75,256,256,172,True,FALSE,3,False,FALSE
B4,Q2,0.75,256,256,180,True,MC_UNRESOLVED,3,False,MC_UNRESOLVED
B4,Q2,0.75,256,256,184,True,MC_UNRESOLVED,3,False,MC_UNRESOLVED
B4,Q2,0.75,256,256,193,True,MC_UNRESOLVED,3,True,MC_UNRESOLVED
B4,Q2,0.75,256,256,195,True,MC_UNRESOLVED,12,True,MC_UNRESOLVED
B4,Q2,0.75,256,256,197,True,MC_UNRESOLVED,12,True,MC_UNRESOLVED
B4,Q2,0.75,256,256,201,True,MC_UNRESOLVED,6,True,MC_UNRESOLVED
B4,Q2,0.75,256,256,208,True,TRUE,3,True,TRUE
B4,Q2,0.75,256,256,211,True,TRUE,6,True,TRUE
B4,Q2,0.75,256,256,212,True,TRUE,3,True,TRUE
B4,Q2,0.75,256,256,214,True,TRUE,6,True,TRUE
B4,Q2,0.75,256,256,219,True,TRUE,6,True,TRUE
B4,Q2,0.75,256,256,220,True,TRUE,18,True,TRUE
B4,Q2,0.75,256,256,221,True,TRUE,6,True,TRUE
B4,Q2,0.75,256,256,222,True,TRUE,12,True,TRUE
B4,Q2,0.75,256,256,224,True,TRUE,12,True,TRUE
B4,Q2,0.75,256,256,225,True,TRUE,6,True,TRUE
B4,Q2,0.75,256,256,226,True,TRUE,3,True,TRUE
B4,Q2,0.75,256,256,227,True,TRUE,6,True,TRUE
B4,Q2,0.75,256,256,228,True,TRUE,18,True,TRUE
B4,Q2,0.75,256,256,231,True,TRUE,12,True,TRUE
B4,Q2,0.75,256,256,234,True,TRUE,24,True,TRUE
B4,Q2,0.75,256,256,237,True,TRUE,14,True,TRUE
B4,Q2,0.75,256,256,238,True,TRUE,3,True,TRUE
B4,Q2,0.75,256,256,239,True,TRUE,18,True,TRUE
B4,Q2,0.75,256,256,242,True,TRUE,18,True,TRUE
B4,Q2,0.75,256,256,244,True,TRUE,15,True,TRUE
B4,Q2,0.75,256,256,245,True,TRUE,9,True,TRUE
B4,Q2,0.75,256,256,248,True,TRUE,18,True,TRUE
B4,Q2,0.75,256,256,250,True,TRUE,27,True,TRUE
B4,Q2,0.75,256,256,251,True,TRUE,12,True,TRUE
B4,Q2,0.75,256,256,252,True,TRUE,47,True,TRUE
B4,Q2,0.75,256,256,253,True,TRUE,6,True,TRUE
B4,Q2,0.75,256,256,254,True,TRUE,93,True,TRUE
B4,Q2,0.75,256,256,255,True,TRUE,30,True,TRUE
B4,Q2,0.75,256,256,256,True,TRUE,31652,True,TRUE
B4,Q1,0.9,256,0,0,False,FALSE,17616,False,FALSE
B4,Q1,0.9,256,217,217,False,FALSE,2,False,FALSE
B4,Q1,0.9,256,218,218,False,FALSE,4,False,FALSE
B4,Q1,0.9,256,231,231,False,FALSE,6,False,FALSE
B4,Q1,0.9,256,253,253,False,FALSE,2,False,FALSE
B4,Q1,0.9,256,255,255,False,FALSE,4,False,FALSE
B4,Q1,0.9,256,256,256,False,FALSE,6,False,FALSE
B4,Q1,0.9,256,0,0,True,FALSE,29610,False,FALSE
B4,Q1,0.9,256,1,0,True,FALSE,21,False,FALSE
B4,Q1,0.9,256,1,1,True,FALSE,144,False,FALSE
B4,Q1,0.9,256,2,0,True,FALSE,15,False,FALSE
B4,Q1,0.9,256,2,2,True,FALSE,87,False,FALSE
B4,Q1,0.9,256,3,0,True,FALSE,9,False,FALSE
B4,Q1,0.9,256,3,3,True,FALSE,33,False,FALSE
B4,Q1,0.9,256,4,0,True,FALSE,9,False,FALSE
B4,Q1,0.9,256,4,4,True,FALSE,24,False,FALSE
B4,Q1,0.9,256,5,0,True,FALSE,15,False,FALSE
B4,Q1,0.9,256,5,5,True,FALSE,12,False,FALSE
B4,Q1,0.9,256,6,0,True,FALSE,3,False,FALSE
B4,Q1,0.9,256,6,6,True,FALSE,30,False,FALSE
B4,Q1,0.9,256,7,7,True,FALSE,15,False,FALSE
B4,Q1,0.9,256,8,7,True,FALSE,3,False,FALSE
B4,Q1,0.9,256,8,8,True,FALSE,21,False,FALSE
B4,Q1,0.9,256,9,0,True,FALSE,6,False,FALSE
B4,Q1,0.9,256,9,9,True,FALSE,33,False,FALSE
B4,Q1,0.9,256,10,0,True,FALSE,12,False,FALSE
B4,Q1,0.9,256,10,10,True,FALSE,9,False,FALSE
B4,Q1,0.9,256,11,11,True,FALSE,6,False,FALSE
B4,Q1,0.9,256,12,12,True,FALSE,24,False,FALSE
B4,Q1,0.9,256,13,13,True,FALSE,15,False,FALSE
B4,Q1,0.9,256,14,14,True,FALSE,6,False,FALSE
B4,Q1,0.9,256,15,0,True,FALSE,6,False,FALSE
B4,Q1,0.9,256,15,15,True,FALSE,18,False,FALSE
B4,Q1,0.9,256,16,16,True,FALSE,12,False,FALSE
B4,Q1,0.9,256,18,18,True,FALSE,6,False,FALSE
B4,Q1,0.9,256,19,0,True,FALSE,3,False,FALSE
B4,Q1,0.9,256,19,19,True,FALSE,12,False,FALSE
B4,Q1,0.9,256,20,20,True,FALSE,6,False,FALSE
B4,Q1,0.9,256,21,21,True,FALSE,6,False,FALSE
B4,Q1,0.9,256,22,22,True,FALSE,12,False,FALSE
B4,Q1,0.9,256,23,23,True,FALSE,6,False,FALSE
B4,Q1,0.9,256,24,0,True,FALSE,3,False,FALSE
B4,Q1,0.9,256,24,24,True,FALSE,12,False,FALSE
B4,Q1,0.9,256,25,0,True,FALSE,6,False,FALSE
B4,Q1,0.9,256,25,25,True,FALSE,3,False,FALSE
B4,Q1,0.9,256,26,0,True,FALSE,9,False,FALSE
B4,Q1,0.9,256,26,26,True,FALSE,12,False,FALSE
B4,Q1,0.9,256,28,28,True,FALSE,6,False,FALSE
B4,Q1,0.9,256,29,29,True,FALSE,18,False,FALSE
B4,Q1,0.9,256,30,30,True,FALSE,24,False,FALSE
B4,Q1,0.9,256,31,31,True,FALSE,12,False,FALSE
B4,Q1,0.9,256,32,32,True,FALSE,24,False,FALSE
B4,Q1,0.9,256,33,33,True,FALSE,6,False,FALSE
B4,Q1,0.9,256,35,35,True,FALSE,12,False,FALSE
B4,Q1,0.9,256,36,36,True,FALSE,18,False,FALSE
B4,Q1,0.9,256,37,37,True,FALSE,15,False,FALSE
B4,Q1,0.9,256,38,0,True,FALSE,6,False,FALSE
B4,Q1,0.9,256,38,38,True,FALSE,3,False,FALSE
B4,Q1,0.9,256,39,39,True,FALSE,18,False,FALSE
B4,Q1,0.9,256,40,0,True,FALSE,3,False,FALSE
B4,Q1,0.9,256,40,40,True,FALSE,6,False,FALSE
B4,Q1,0.9,256,41,41,True,FALSE,6,False,FALSE
B4,Q1,0.9,256,42,42,True,FALSE,6,False,FALSE
B4,Q1,0.9,256,43,0,True,FALSE,6,False,FALSE
B4,Q1,0.9,256,44,44,True,FALSE,6,False,FALSE
B4,Q1,0.9,256,46,46,True,FALSE,6,False,FALSE
B4,Q1,0.9,256,47,0,True,FALSE,6,False,FALSE
B4,Q1,0.9,256,47,47,True,FALSE,6,False,FALSE
B4,Q1,0.9,256,48,48,True,FALSE,6,False,FALSE
B4,Q1,0.9,256,49,49,True,FALSE,6,False,FALSE
B4,Q1,0.9,256,51,51,True,FALSE,6,False,FALSE
B4,Q1,0.9,256,52,52,True,FALSE,30,False,FALSE
B4,Q1,0.9,256,53,53,True,FALSE,6,False,FALSE
B4,Q1,0.9,256,54,54,True,FALSE,6,False,FALSE
B4,Q1,0.9,256,55,55,True,FALSE,12,False,FALSE
B4,Q1,0.9,256,57,57,True,FALSE,12,False,FALSE
B4,Q1,0.9,256,58,58,True,FALSE,6,False,FALSE
B4,Q1,0.9,256,59,0,True,FALSE,6,False,FALSE
B4,Q1,0.9,256,59,59,True,FALSE,6,False,FALSE
B4,Q1,0.9,256,61,61,True,FALSE,12,False,FALSE
B4,Q1,0.9,256,62,62,True,FALSE,6,False,FALSE
B4,Q1,0.9,256,63,63,True,FALSE,8,False,FALSE
B4,Q1,0.9,256,64,64,True,FALSE,4,False,FALSE
B4,Q1,0.9,256,65,65,True,FALSE,6,False,FALSE
B4,Q1,0.9,256,68,68,True,FALSE,6,False,FALSE
B4,Q1,0.9,256,69,69,True,FALSE,9,False,FALSE
B4,Q1,0.9,256,72,72,True,FALSE,18,False,FALSE
B4,Q1,0.9,256,73,73,True,FALSE,6,False,FALSE
B4,Q1,0.9,256,74,74,True,FALSE,6,False,FALSE
B4,Q1,0.9,256,76,76,True,FALSE,6,False,FALSE
B4,Q1,0.9,256,80,80,True,FALSE,6,False,FALSE
B4,Q1,0.9,256,84,84,True,FALSE,6,False,FALSE
B4,Q1,0.9,256,85,85,True,FALSE,12,False,FALSE
B4,Q1,0.9,256,86,86,True,FALSE,6,False,FALSE
B4,Q1,0.9,256,88,88,True,FALSE,12,False,FALSE
B4,Q1,0.9,256,91,0,True,FALSE,6,False,FALSE
B4,Q1,0.9,256,91,91,True,FALSE,6,False,FALSE
B4,Q1,0.9,256,92,92,True,FALSE,6,False,FALSE
B4,Q1,0.9,256,93,93,True,FALSE,6,False,FALSE
B4,Q1,0.9,256,97,97,True,FALSE,18,False,FALSE
B4,Q1,0.9,256,98,98,True,FALSE,6,False,FALSE
B4,Q1,0.9,256,102,102,True,FALSE,6,False,FALSE
B4,Q1,0.9,256,105,0,True,FALSE,12,False,FALSE
B4,Q1,0.9,256,106,106,True,FALSE,6,False,FALSE
B4,Q1,0.9,256,110,110,True,FALSE,24,False,FALSE
B4,Q1,0.9,256,111,111,True,FALSE,6,False,FALSE
B4,Q1,0.9,256,112,112,True,FALSE,12,False,FALSE
B4,Q1,0.9,256,115,115,True,FALSE,6,False,FALSE
B4,Q1,0.9,256,116,0,True,FALSE,6,False,FALSE
B4,Q1,0.9,256,116,116,True,FALSE,6,False,FALSE
B4,Q1,0.9,256,122,0,True,FALSE,6,False,FALSE
B4,Q1,0.9,256,124,124,True,FALSE,6,False,FALSE
B4,Q1,0.9,256,127,127,True,FALSE,12,False,FALSE
B4,Q1,0.9,256,128,0,True,FALSE,6,False,FALSE
B4,Q1,0.9,256,129,129,True,FALSE,6,False,FALSE
B4,Q1,0.9,256,133,133,True,FALSE,6,False,FALSE
B4,Q1,0.9,256,135,135,True,FALSE,6,False,FALSE
B4,Q1,0.9,256,136,0,True,FALSE,3,False,FALSE
B4,Q1,0.9,256,137,0,True,FALSE,9,False,FALSE
B4,Q1,0.9,256,141,0,True,FALSE,6,False,FALSE
B4,Q1,0.9,256,144,144,True,FALSE,6,False,FALSE
B4,Q1,0.9,256,146,146,True,FALSE,6,False,FALSE
B4,Q1,0.9,256,148,148,True,FALSE,6,False,FALSE
B4,Q1,0.9,256,151,151,True,FALSE,6,False,FALSE
B4,Q1,0.9,256,157,157,True,FALSE,6,False,FALSE
B4,Q1,0.9,256,158,30,True,FALSE,6,False,FALSE
B4,Q1,0.9,256,161,161,True,FALSE,6,False,FALSE
B4,Q1,0.9,256,163,163,True,FALSE,6,False,FALSE
B4,Q1,0.9,256,169,34,True,FALSE,6,False,FALSE
B4,Q1,0.9,256,170,0,True,FALSE,3,False,FALSE
B4,Q1,0.9,256,171,171,True,FALSE,6,False,FALSE
B4,Q1,0.9,256,173,0,True,FALSE,3,False,FALSE
B4,Q1,0.9,256,173,173,True,FALSE,6,False,FALSE
B4,Q1,0.9,256,174,174,True,FALSE,6,False,FALSE
B4,Q1,0.9,256,177,177,True,FALSE,6,False,FALSE
B4,Q1,0.9,256,181,181,True,FALSE,6,False,FALSE
B4,Q1,0.9,256,182,182,True,FALSE,6,False,FALSE
B4,Q1,0.9,256,185,185,True,FALSE,6,False,FALSE
B4,Q1,0.9,256,186,186,True,FALSE,6,False,FALSE
B4,Q1,0.9,256,190,190,True,FALSE,6,False,FALSE
B4,Q1,0.9,256,191,134,True,FALSE,6,False,FALSE
B4,Q1,0.9,256,193,193,True,FALSE,6,False,FALSE
B4,Q1,0.9,256,194,134,True,FALSE,6,False,FALSE
B4,Q1,0.9,256,194,194,True,FALSE,6,False,FALSE
B4,Q1,0.9,256,200,200,True,FALSE,12,False,FALSE
B4,Q1,0.9,256,205,205,True,FALSE,2,False,FALSE
B4,Q1,0.9,256,207,207,True,FALSE,2,False,FALSE
B4,Q1,0.9,256,211,211,True,FALSE,6,False,FALSE
B4,Q1,0.9,256,212,212,True,FALSE,3,False,FALSE
B4,Q1,0.9,256,213,213,True,FALSE,3,False,FALSE
B4,Q1,0.9,256,218,218,True,FALSE,9,False,FALSE
B4,Q1,0.9,256,219,219,True,FALSE,6,False,FALSE
B4,Q1,0.9,256,220,220,True,FALSE,12,False,FALSE
B4,Q1,0.9,256,221,221,True,MC_UNRESOLVED,6,False,MC_UNRESOLVED
B4,Q1,0.9,256,223,223,True,MC_UNRESOLVED,12,False,MC_UNRESOLVED
B4,Q1,0.9,256,224,224,True,MC_UNRESOLVED,11,False,MC_UNRESOLVED
B4,Q1,0.9,256,225,0,True,MC_UNRESOLVED,3,False,MC_UNRESOLVED
B4,Q1,0.9,256,225,225,True,MC_UNRESOLVED,12,False,MC_UNRESOLVED
B4,Q1,0.9,256,226,226,True,MC_UNRESOLVED,6,False,MC_UNRESOLVED
B4,Q1,0.9,256,227,227,True,MC_UNRESOLVED,6,False,MC_UNRESOLVED
B4,Q1,0.9,256,232,232,True,MC_UNRESOLVED,4,True,MC_UNRESOLVED
B4,Q1,0.9,256,235,235,True,MC_UNRESOLVED,6,True,MC_UNRESOLVED
B4,Q1,0.9,256,236,0,True,MC_UNRESOLVED,3,True,MC_UNRESOLVED
B4,Q1,0.9,256,236,236,True,MC_UNRESOLVED,2,True,MC_UNRESOLVED
B4,Q1,0.9,256,237,237,True,MC_UNRESOLVED,14,True,MC_UNRESOLVED
B4,Q1,0.9,256,238,238,True,MC_UNRESOLVED,6,True,MC_UNRESOLVED
B4,Q1,0.9,256,239,239,True,MC_UNRESOLVED,26,True,MC_UNRESOLVED
B4,Q1,0.9,256,240,240,True,TRUE,2,True,TRUE
B4,Q1,0.9,256,241,241,True,TRUE,12,True,TRUE
B4,Q1,0.9,256,242,242,True,TRUE,8,True,TRUE
B4,Q1,0.9,256,243,243,True,TRUE,14,True,TRUE
B4,Q1,0.9,256,244,0,True,TRUE,6,True,TRUE
B4,Q1,0.9,256,244,244,True,TRUE,16,True,TRUE
B4,Q1,0.9,256,245,245,True,TRUE,19,True,TRUE
B4,Q1,0.9,256,246,246,True,TRUE,13,True,TRUE
B4,Q1,0.9,256,247,247,True,TRUE,8,True,TRUE
B4,Q1,0.9,256,248,248,True,TRUE,10,True,TRUE
B4,Q1,0.9,256,249,249,True,TRUE,29,True,TRUE
B4,Q1,0.9,256,250,0,True,TRUE,6,True,TRUE
B4,Q1,0.9,256,250,250,True,TRUE,32,True,TRUE
B4,Q1,0.9,256,251,251,True,TRUE,25,True,TRUE
B4,Q1,0.9,256,252,252,True,TRUE,21,True,TRUE
B4,Q1,0.9,256,253,253,True,TRUE,35,True,TRUE
B4,Q1,0.9,256,254,0,True,TRUE,3,True,TRUE
B4,Q1,0.9,256,254,254,True,TRUE,46,True,TRUE
B4,Q1,0.9,256,255,0,True,TRUE,9,True,TRUE
B4,Q1,0.9,256,255,255,True,TRUE,56,True,TRUE
B4,Q1,0.9,256,256,0,True,TRUE,1995,True,TRUE
B4,Q1,0.9,256,256,1,True,TRUE,27,True,TRUE
B4,Q1,0.9,256,256,2,True,TRUE,18,True,TRUE
B4,Q1,0.9,256,256,3,True,TRUE,9,True,TRUE
B4,Q1,0.9,256,256,5,True,TRUE,6,True,TRUE
B4,Q1,0.9,256,256,6,True,TRUE,3,True,TRUE
B4,Q1,0.9,256,256,9,True,TRUE,6,True,TRUE
B4,Q1,0.9,256,256,10,True,TRUE,12,True,TRUE
B4,Q1,0.9,256,256,12,True,TRUE,6,True,TRUE
B4,Q1,0.9,256,256,13,True,TRUE,3,True,TRUE
B4,Q1,0.9,256,256,14,True,TRUE,6,True,TRUE
B4,Q1,0.9,256,256,19,True,TRUE,9,True,TRUE
B4,Q1,0.9,256,256,21,True,TRUE,9,True,TRUE
B4,Q1,0.9,256,256,28,True,TRUE,3,True,TRUE
B4,Q1,0.9,256,256,33,True,TRUE,12,True,TRUE
B4,Q1,0.9,256,256,34,True,TRUE,12,True,TRUE
B4,Q1,0.9,256,256,40,True,TRUE,12,True,TRUE
B4,Q1,0.9,256,256,42,True,TRUE,6,True,TRUE
B4,Q1,0.9,256,256,50,True,TRUE,6,True,TRUE
B4,Q1,0.9,256,256,52,True,TRUE,3,True,TRUE
B4,Q1,0.9,256,256,62,True,TRUE,3,True,TRUE
B4,Q1,0.9,256,256,64,True,TRUE,3,True,TRUE
B4,Q1,0.9,256,256,68,True,TRUE,3,True,TRUE
B4,Q1,0.9,256,256,82,True,TRUE,3,True,TRUE
B4,Q1,0.9,256,256,100,True,TRUE,3,True,TRUE
B4,Q1,0.9,256,256,113,True,TRUE,6,True,TRUE
B4,Q1,0.9,256,256,114,True,TRUE,12,True,TRUE
B4,Q1,0.9,256,256,119,True,TRUE,12,True,TRUE
B4,Q1,0.9,256,256,128,True,TRUE,6,True,TRUE
B4,Q1,0.9,256,256,134,True,TRUE,12,True,TRUE
B4,Q1,0.9,256,256,143,True,TRUE,3,True,TRUE
B4,Q1,0.9,256,256,152,True,TRUE,3,True,TRUE
B4,Q1,0.9,256,256,153,True,TRUE,9,True,TRUE
B4,Q1,0.9,256,256,154,True,TRUE,6,True,TRUE
B4,Q1,0.9,256,256,163,True,TRUE,3,True,TRUE
B4,Q1,0.9,256,256,165,True,TRUE,3,True,TRUE
B4,Q1,0.9,256,256,172,True,TRUE,3,True,TRUE
B4,Q1,0.9,256,256,180,True,TRUE,3,True,TRUE
B4,Q1,0.9,256,256,184,True,TRUE,3,True,TRUE
B4,Q1,0.9,256,256,193,True,TRUE,3,True,TRUE
B4,Q1,0.9,256,256,201,True,TRUE,6,True,TRUE
B4,Q1,0.9,256,256,208,True,TRUE,3,True,TRUE
B4,Q1,0.9,256,256,211,True,TRUE,6,True,TRUE
B4,Q1,0.9,256,256,212,True,TRUE,3,True,TRUE
B4,Q1,0.9,256,256,214,True,TRUE,6,True,TRUE
B4,Q1,0.9,256,256,219,True,TRUE,6,True,TRUE
B4,Q1,0.9,256,256,220,True,TRUE,18,True,TRUE
B4,Q1,0.9,256,256,221,True,TRUE,6,True,TRUE
B4,Q1,0.9,256,256,222,True,TRUE,12,True,TRUE
B4,Q1,0.9,256,256,225,True,TRUE,6,True,TRUE
B4,Q1,0.9,256,256,226,True,TRUE,3,True,TRUE
B4,Q1,0.9,256,256,227,True,TRUE,6,True,TRUE
B4,Q1,0.9,256,256,234,True,TRUE,24,True,TRUE
B4,Q1,0.9,256,256,238,True,TRUE,3,True,TRUE
B4,Q1,0.9,256,256,244,True,TRUE,3,True,TRUE
B4,Q1,0.9,256,256,245,True,TRUE,9,True,TRUE
B4,Q1,0.9,256,256,250,True,TRUE,3,True,TRUE
B4,Q1,0.9,256,256,252,True,TRUE,3,True,TRUE
B4,Q1,0.9,256,256,253,True,TRUE,6,True,TRUE
B4,Q1,0.9,256,256,254,True,TRUE,27,True,TRUE
B4,Q1,0.9,256,256,255,True,TRUE,30,True,TRUE
B4,Q1,0.9,256,256,256,True,TRUE,31234,True,TRUE
B4,Q2,0.9,256,0,0,False,FALSE,35232,False,FALSE
B4,Q2,0.9,256,217,217,False,FALSE,4,False,FALSE
B4,Q2,0.9,256,218,218,False,FALSE,8,False,FALSE
B4,Q2,0.9,256,231,231,False,FALSE,12,False,FALSE
B4,Q2,0.9,256,253,253,False,FALSE,4,False,FALSE
B4,Q2,0.9,256,255,255,False,FALSE,8,False,FALSE
B4,Q2,0.9,256,256,256,False,FALSE,12,False,FALSE
B4,Q2,0.9,256,0,0,True,FALSE,59220,False,FALSE
B4,Q2,0.9,256,1,0,True,FALSE,186,False,FALSE
B4,Q2,0.9,256,1,1,True,FALSE,144,False,FALSE
B4,Q2,0.9,256,2,0,True,FALSE,117,False,FALSE
B4,Q2,0.9,256,2,2,True,FALSE,87,False,FALSE
B4,Q2,0.9,256,3,0,True,FALSE,51,False,FALSE
B4,Q2,0.9,256,3,3,True,FALSE,33,False,FALSE
B4,Q2,0.9,256,4,0,True,FALSE,42,False,FALSE
B4,Q2,0.9,256,4,4,True,FALSE,24,False,FALSE
B4,Q2,0.9,256,5,0,True,FALSE,42,False,FALSE
B4,Q2,0.9,256,5,5,True,FALSE,12,False,FALSE
B4,Q2,0.9,256,6,0,True,FALSE,36,False,FALSE
B4,Q2,0.9,256,6,6,True,FALSE,30,False,FALSE
B4,Q2,0.9,256,7,0,True,FALSE,15,False,FALSE
B4,Q2,0.9,256,7,7,True,FALSE,15,False,FALSE
B4,Q2,0.9,256,8,0,True,FALSE,24,False,FALSE
B4,Q2,0.9,256,8,7,True,FALSE,3,False,FALSE
B4,Q2,0.9,256,8,8,True,FALSE,21,False,FALSE
B4,Q2,0.9,256,9,0,True,FALSE,45,False,FALSE
B4,Q2,0.9,256,9,9,True,FALSE,33,False,FALSE
B4,Q2,0.9,256,10,0,True,FALSE,33,False,FALSE
B4,Q2,0.9,256,10,10,True,FALSE,9,False,FALSE
B4,Q2,0.9,256,11,0,True,FALSE,6,False,FALSE
B4,Q2,0.9,256,11,11,True,FALSE,6,False,FALSE
B4,Q2,0.9,256,12,0,True,FALSE,24,False,FALSE
B4,Q2,0.9,256,12,12,True,FALSE,24,False,FALSE
B4,Q2,0.9,256,13,0,True,FALSE,15,False,FALSE
B4,Q2,0.9,256,13,13,True,FALSE,15,False,FALSE
B4,Q2,0.9,256,14,0,True,FALSE,6,False,FALSE
B4,Q2,0.9,256,14,14,True,FALSE,6,False,FALSE
B4,Q2,0.9,256,15,0,True,FALSE,30,False,FALSE
B4,Q2,0.9,256,15,15,True,FALSE,18,False,FALSE
B4,Q2,0.9,256,16,0,True,FALSE,12,False,FALSE
B4,Q2,0.9,256,16,16,True,FALSE,12,False,FALSE
B4,Q2,0.9,256,18,0,True,FALSE,6,False,FALSE
B4,Q2,0.9,256,18,18,True,FALSE,6,False,FALSE
B4,Q2,0.9,256,19,0,True,FALSE,18,False,FALSE
B4,Q2,0.9,256,19,19,True,FALSE,12,False,FALSE
B4,Q2,0.9,256,20,0,True,FALSE,6,False,FALSE
B4,Q2,0.9,256,20,20,True,FALSE,6,False,FALSE
B4,Q2,0.9,256,21,0,True,FALSE,6,False,FALSE
B4,Q2,0.9,256,21,21,True,FALSE,6,False,FALSE
B4,Q2,0.9,256,22,0,True,FALSE,12,False,FALSE
B4,Q2,0.9,256,22,22,True,FALSE,12,False,FALSE
B4,Q2,0.9,256,23,0,True,FALSE,6,False,FALSE
B4,Q2,0.9,256,23,23,True,FALSE,6,False,FALSE
B4,Q2,0.9,256,24,0,True,FALSE,18,False,FALSE
B4,Q2,0.9,256,24,24,True,FALSE,12,False,FALSE
B4,Q2,0.9,256,25,0,True,FALSE,15,False,FALSE
B4,Q2,0.9,256,25,25,True,FALSE,3,False,FALSE
B4,Q2,0.9,256,26,0,True,FALSE,30,False,FALSE
B4,Q2,0.9,256,26,26,True,FALSE,12,False,FALSE
B4,Q2,0.9,256,28,0,True,FALSE,6,False,FALSE
B4,Q2,0.9,256,28,28,True,FALSE,6,False,FALSE
B4,Q2,0.9,256,29,0,True,FALSE,18,False,FALSE
B4,Q2,0.9,256,29,29,True,FALSE,18,False,FALSE
B4,Q2,0.9,256,30,0,True,FALSE,24,False,FALSE
B4,Q2,0.9,256,30,30,True,FALSE,24,False,FALSE
B4,Q2,0.9,256,31,0,True,FALSE,12,False,FALSE
B4,Q2,0.9,256,31,31,True,FALSE,12,False,FALSE
B4,Q2,0.9,256,32,0,True,FALSE,24,False,FALSE
B4,Q2,0.9,256,32,32,True,FALSE,24,False,FALSE
B4,Q2,0.9,256,33,0,True,FALSE,6,False,FALSE
B4,Q2,0.9,256,33,33,True,FALSE,6,False,FALSE
B4,Q2,0.9,256,35,0,True,FALSE,12,False,FALSE
B4,Q2,0.9,256,35,35,True,FALSE,12,False,FALSE
B4,Q2,0.9,256,36,0,True,FALSE,18,False,FALSE
B4,Q2,0.9,256,36,36,True,FALSE,18,False,FALSE
B4,Q2,0.9,256,37,0,True,FALSE,15,False,FALSE
B4,Q2,0.9,256,37,37,True,FALSE,15,False,FALSE
B4,Q2,0.9,256,38,0,True,FALSE,15,False,FALSE
B4,Q2,0.9,256,38,38,True,FALSE,3,False,FALSE
B4,Q2,0.9,256,39,0,True,FALSE,18,False,FALSE
B4,Q2,0.9,256,39,39,True,FALSE,18,False,FALSE
B4,Q2,0.9,256,40,0,True,FALSE,12,False,FALSE
B4,Q2,0.9,256,40,40,True,FALSE,6,False,FALSE
B4,Q2,0.9,256,41,0,True,FALSE,6,False,FALSE
B4,Q2,0.9,256,41,41,True,FALSE,6,False,FALSE
B4,Q2,0.9,256,42,0,True,FALSE,6,False,FALSE
B4,Q2,0.9,256,42,42,True,FALSE,6,False,FALSE
B4,Q2,0.9,256,43,0,True,FALSE,12,False,FALSE
B4,Q2,0.9,256,44,0,True,FALSE,6,False,FALSE
B4,Q2,0.9,256,44,44,True,FALSE,6,False,FALSE
B4,Q2,0.9,256,46,0,True,FALSE,6,False,FALSE
B4,Q2,0.9,256,46,46,True,FALSE,6,False,FALSE
B4,Q2,0.9,256,47,0,True,FALSE,18,False,FALSE
B4,Q2,0.9,256,47,47,True,FALSE,6,False,FALSE
B4,Q2,0.9,256,48,0,True,FALSE,6,False,FALSE
B4,Q2,0.9,256,48,48,True,FALSE,6,False,FALSE
B4,Q2,0.9,256,49,0,True,FALSE,6,False,FALSE
B4,Q2,0.9,256,49,49,True,FALSE,6,False,FALSE
B4,Q2,0.9,256,51,0,True,FALSE,6,False,FALSE
B4,Q2,0.9,256,51,51,True,FALSE,6,False,FALSE
B4,Q2,0.9,256,52,0,True,FALSE,30,False,FALSE
B4,Q2,0.9,256,52,52,True,FALSE,30,False,FALSE
B4,Q2,0.9,256,53,0,True,FALSE,6,False,FALSE
B4,Q2,0.9,256,53,53,True,FALSE,6,False,FALSE
B4,Q2,0.9,256,54,0,True,FALSE,6,False,FALSE
B4,Q2,0.9,256,54,54,True,FALSE,6,False,FALSE
B4,Q2,0.9,256,55,0,True,FALSE,12,False,FALSE
B4,Q2,0.9,256,55,55,True,FALSE,12,False,FALSE
B4,Q2,0.9,256,57,0,True,FALSE,12,False,FALSE
B4,Q2,0.9,256,57,57,True,FALSE,12,False,FALSE
B4,Q2,0.9,256,58,0,True,FALSE,6,False,FALSE
B4,Q2,0.9,256,58,58,True,FALSE,6,False,FALSE
B4,Q2,0.9,256,59,0,True,FALSE,18,False,FALSE
B4,Q2,0.9,256,59,59,True,FALSE,6,False,FALSE
B4,Q2,0.9,256,61,0,True,FALSE,12,False,FALSE
B4,Q2,0.9,256,61,61,True,FALSE,12,False,FALSE
B4,Q2,0.9,256,62,0,True,FALSE,6,False,FALSE
B4,Q2,0.9,256,62,62,True,FALSE,6,False,FALSE
B4,Q2,0.9,256,63,0,True,FALSE,8,False,FALSE
B4,Q2,0.9,256,63,63,True,FALSE,8,False,FALSE
B4,Q2,0.9,256,64,0,True,FALSE,4,False,FALSE
B4,Q2,0.9,256,64,64,True,FALSE,4,False,FALSE
B4,Q2,0.9,256,65,0,True,FALSE,6,False,FALSE
B4,Q2,0.9,256,65,65,True,FALSE,6,False,FALSE
B4,Q2,0.9,256,68,0,True,FALSE,6,False,FALSE
B4,Q2,0.9,256,68,68,True,FALSE,6,False,FALSE
B4,Q2,0.9,256,69,0,True,FALSE,9,False,FALSE
B4,Q2,0.9,256,69,69,True,FALSE,9,False,FALSE
B4,Q2,0.9,256,72,0,True,FALSE,18,False,FALSE
B4,Q2,0.9,256,72,72,True,FALSE,18,False,FALSE
B4,Q2,0.9,256,73,0,True,FALSE,6,False,FALSE
B4,Q2,0.9,256,73,73,True,FALSE,6,False,FALSE
B4,Q2,0.9,256,74,0,True,FALSE,6,False,FALSE
B4,Q2,0.9,256,74,74,True,FALSE,6,False,FALSE
B4,Q2,0.9,256,76,0,True,FALSE,6,False,FALSE
B4,Q2,0.9,256,76,76,True,FALSE,6,False,FALSE
B4,Q2,0.9,256,80,0,True,FALSE,6,False,FALSE
B4,Q2,0.9,256,80,80,True,FALSE,6,False,FALSE
B4,Q2,0.9,256,84,0,True,FALSE,6,False,FALSE
B4,Q2,0.9,256,84,84,True,FALSE,6,False,FALSE
B4,Q2,0.9,256,85,0,True,FALSE,12,False,FALSE
B4,Q2,0.9,256,85,85,True,FALSE,12,False,FALSE
B4,Q2,0.9,256,86,0,True,FALSE,6,False,FALSE
B4,Q2,0.9,256,86,86,True,FALSE,6,False,FALSE
B4,Q2,0.9,256,88,0,True,FALSE,12,False,FALSE
B4,Q2,0.9,256,88,88,True,FALSE,12,False,FALSE
B4,Q2,0.9,256,91,0,True,FALSE,18,False,FALSE
B4,Q2,0.9,256,91,91,True,FALSE,6,False,FALSE
B4,Q2,0.9,256,92,0,True,FALSE,6,False,FALSE
B4,Q2,0.9,256,92,92,True,FALSE,6,False,FALSE
B4,Q2,0.9,256,93,0,True,FALSE,6,False,FALSE
B4,Q2,0.9,256,93,93,True,FALSE,6,False,FALSE
B4,Q2,0.9,256,97,0,True,FALSE,18,False,FALSE
B4,Q2,0.9,256,97,97,True,FALSE,18,False,FALSE
B4,Q2,0.9,256,98,0,True,FALSE,6,False,FALSE
B4,Q2,0.9,256,98,98,True,FALSE,6,False,FALSE
B4,Q2,0.9,256,102,0,True,FALSE,6,False,FALSE
B4,Q2,0.9,256,102,102,True,FALSE,6,False,FALSE
B4,Q2,0.9,256,105,0,True,FALSE,24,False,FALSE
B4,Q2,0.9,256,106,0,True,FALSE,6,False,FALSE
B4,Q2,0.9,256,106,106,True,FALSE,6,False,FALSE
B4,Q2,0.9,256,110,0,True,FALSE,24,False,FALSE
B4,Q2,0.9,256,110,110,True,FALSE,24,False,FALSE
B4,Q2,0.9,256,111,0,True,FALSE,6,False,FALSE
B4,Q2,0.9,256,111,111,True,FALSE,6,False,FALSE
B4,Q2,0.9,256,112,0,True,FALSE,12,False,FALSE
B4,Q2,0.9,256,112,112,True,FALSE,12,False,FALSE
B4,Q2,0.9,256,115,0,True,FALSE,6,False,FALSE
B4,Q2,0.9,256,115,115,True,FALSE,6,False,FALSE
B4,Q2,0.9,256,116,0,True,FALSE,18,False,FALSE
B4,Q2,0.9,256,116,116,True,FALSE,6,False,FALSE
B4,Q2,0.9,256,122,0,True,FALSE,12,False,FALSE
B4,Q2,0.9,256,124,0,True,FALSE,6,False,FALSE
B4,Q2,0.9,256,124,124,True,FALSE,6,False,FALSE
B4,Q2,0.9,256,127,0,True,FALSE,12,False,FALSE
B4,Q2,0.9,256,127,127,True,FALSE,12,False,FALSE
B4,Q2,0.9,256,128,0,True,FALSE,12,False,FALSE
B4,Q2,0.9,256,129,0,True,FALSE,6,False,FALSE
B4,Q2,0.9,256,129,129,True,FALSE,6,False,FALSE
B4,Q2,0.9,256,133,0,True,FALSE,6,False,FALSE
B4,Q2,0.9,256,133,133,True,FALSE,6,False,FALSE
B4,Q2,0.9,256,135,0,True,FALSE,6,False,FALSE
B4,Q2,0.9,256,135,135,True,FALSE,6,False,FALSE
B4,Q2,0.9,256,136,0,True,FALSE,6,False,FALSE
B4,Q2,0.9,256,137,0,True,FALSE,18,False,FALSE
B4,Q2,0.9,256,141,0,True,FALSE,12,False,FALSE
B4,Q2,0.9,256,144,0,True,FALSE,6,False,FALSE
B4,Q2,0.9,256,144,144,True,FALSE,6,False,FALSE
B4,Q2,0.9,256,146,0,True,FALSE,6,False,FALSE
B4,Q2,0.9,256,146,146,True,FALSE,6,False,FALSE
B4,Q2,0.9,256,148,0,True,FALSE,6,False,FALSE
B4,Q2,0.9,256,148,148,True,FALSE,6,False,FALSE
B4,Q2,0.9,256,151,0,True,FALSE,6,False,FALSE
B4,Q2,0.9,256,151,151,True,FALSE,6,False,FALSE
B4,Q2,0.9,256,157,0,True,FALSE,6,False,FALSE
B4,Q2,0.9,256,157,157,True,FALSE,6,False,FALSE
B4,Q2,0.9,256,158,0,True,FALSE,6,False,FALSE
B4,Q2,0.9,256,158,30,True,FALSE,6,False,FALSE
B4,Q2,0.9,256,161,0,True,FALSE,6,False,FALSE
B4,Q2,0.9,256,161,161,True,FALSE,6,False,FALSE
B4,Q2,0.9,256,163,0,True,FALSE,6,False,FALSE
B4,Q2,0.9,256,163,163,True,FALSE,6,False,FALSE
B4,Q2,0.9,256,169,0,True,FALSE,6,False,FALSE
B4,Q2,0.9,256,169,34,True,FALSE,6,False,FALSE
B4,Q2,0.9,256,170,0,True,FALSE,6,False,FALSE
B4,Q2,0.9,256,171,0,True,FALSE,6,False,FALSE
B4,Q2,0.9,256,171,171,True,FALSE,6,False,FALSE
B4,Q2,0.9,256,173,0,True,FALSE,12,False,FALSE
B4,Q2,0.9,256,173,173,True,FALSE,6,False,FALSE
B4,Q2,0.9,256,174,0,True,FALSE,6,False,FALSE
B4,Q2,0.9,256,174,174,True,FALSE,6,False,FALSE
B4,Q2,0.9,256,177,0,True,FALSE,6,False,FALSE
B4,Q2,0.9,256,177,177,True,FALSE,6,False,FALSE
B4,Q2,0.9,256,181,0,True,FALSE,6,False,FALSE
B4,Q2,0.9,256,181,181,True,FALSE,6,False,FALSE
B4,Q2,0.9,256,182,0,True,FALSE,6,False,FALSE
B4,Q2,0.9,256,182,182,True,FALSE,6,False,FALSE
B4,Q2,0.9,256,185,0,True,FALSE,6,False,FALSE
B4,Q2,0.9,256,185,185,True,FALSE,6,False,FALSE
B4,Q2,0.9,256,186,0,True,FALSE,6,False,FALSE
B4,Q2,0.9,256,186,186,True,FALSE,6,False,FALSE
B4,Q2,0.9,256,190,0,True,FALSE,6,False,FALSE
B4,Q2,0.9,256,190,190,True,FALSE,6,False,FALSE
B4,Q2,0.9,256,191,0,True,FALSE,6,False,FALSE
B4,Q2,0.9,256,191,134,True,FALSE,6,False,FALSE
B4,Q2,0.9,256,193,0,True,FALSE,6,False,FALSE
B4,Q2,0.9,256,193,193,True,FALSE,6,False,FALSE
B4,Q2,0.9,256,194,0,True,FALSE,12,False,FALSE
B4,Q2,0.9,256,194,134,True,FALSE,6,False,FALSE
B4,Q2,0.9,256,194,194,True,FALSE,6,False,FALSE
B4,Q2,0.9,256,200,0,True,FALSE,12,False,FALSE
B4,Q2,0.9,256,200,200,True,FALSE,12,False,FALSE
B4,Q2,0.9,256,205,201,True,FALSE,2,False,FALSE
B4,Q2,0.9,256,205,205,True,FALSE,2,False,FALSE
B4,Q2,0.9,256,207,207,True,FALSE,4,False,FALSE
B4,Q2,0.9,256,211,0,True,FALSE,6,False,FALSE
B4,Q2,0.9,256,211,211,True,FALSE,6,False,FALSE
B4,Q2,0.9,256,212,0,True,FALSE,3,False,FALSE
B4,Q2,0.9,256,212,212,True,FALSE,3,False,FALSE
B4,Q2,0.9,256,213,0,True,FALSE,3,False,FALSE
B4,Q2,0.9,256,213,213,True,FALSE,3,False,FALSE
B4,Q2,0.9,256,218,0,True,FALSE,9,False,FALSE
B4,Q2,0.9,256,218,218,True,FALSE,9,False,FALSE
B4,Q2,0.9,256,219,0,True,FALSE,6,False,FALSE
B4,Q2,0.9,256,219,219,True,FALSE,6,False,FALSE
B4,Q2,0.9,256,220,0,True,FALSE,12,False,FALSE
B4,Q2,0.9,256,220,220,True,MC_UNRESOLVED,12,False,MC_UNRESOLVED
B4,Q2,0.9,256,221,0,True,FALSE,6,False,FALSE
B4,Q2,0.9,256,221,221,True,MC_UNRESOLVED,6,False,MC_UNRESOLVED
B4,Q2,0.9,256,223,0,True,FALSE,12,False,FALSE
B4,Q2,0.9,256,223,223,True,MC_UNRESOLVED,12,False,MC_UNRESOLVED
B4,Q2,0.9,256,224,0,True,FALSE,9,False,FALSE
B4,Q2,0.9,256,224,222,True,MC_UNRESOLVED,2,False,MC_UNRESOLVED
B4,Q2,0.9,256,224,224,True,MC_UNRESOLVED,11,False,MC_UNRESOLVED
B4,Q2,0.9,256,225,0,True,FALSE,18,False,FALSE
B4,Q2,0.9,256,225,225,True,MC_UNRESOLVED,12,False,MC_UNRESOLVED
B4,Q2,0.9,256,226,0,True,FALSE,6,False,FALSE
B4,Q2,0.9,256,226,226,True,MC_UNRESOLVED,6,False,MC_UNRESOLVED
B4,Q2,0.9,256,227,0,True,FALSE,6,False,FALSE
B4,Q2,0.9,256,227,227,True,MC_UNRESOLVED,6,False,MC_UNRESOLVED
B4,Q2,0.9,256,232,227,True,MC_UNRESOLVED,2,False,MC_UNRESOLVED
B4,Q2,0.9,256,232,232,True,MC_UNRESOLVED,6,True,MC_UNRESOLVED
B4,Q2,0.9,256,235,0,True,FALSE,6,False,FALSE
B4,Q2,0.9,256,235,235,True,MC_UNRESOLVED,6,True,MC_UNRESOLVED
B4,Q2,0.9,256,236,0,True,FALSE,6,False,FALSE
B4,Q2,0.9,256,236,234,True,MC_UNRESOLVED,2,True,MC_UNRESOLVED
B4,Q2,0.9,256,236,236,True,MC_UNRESOLVED,2,True,MC_UNRESOLVED
B4,Q2,0.9,256,237,0,True,FALSE,12,False,FALSE
B4,Q2,0.9,256,237,235,True,MC_UNRESOLVED,2,True,MC_UNRESOLVED
B4,Q2,0.9,256,237,237,True,MC_UNRESOLVED,14,True,MC_UNRESOLVED
B4,Q2,0.9,256,238,0,True,FALSE,6,False,FALSE
B4,Q2,0.9,256,238,238,True,MC_UNRESOLVED,6,True,MC_UNRESOLVED
B4,Q2,0.9,256,239,0,True,FALSE,24,False,FALSE
B4,Q2,0.9,256,239,239,True,MC_UNRESOLVED,28,True,MC_UNRESOLVED
B4,Q2,0.9,256,240,240,True,MC_UNRESOLVED,4,True,MC_UNRESOLVED
B4,Q2,0.9,256,241,0,True,FALSE,6,False,FALSE
B4,Q2,0.9,256,241,229,True,MC_UNRESOLVED,2,False,MC_UNRESOLVED
B4,Q2,0.9,256,241,241,True,MC_UNRESOLVED,16,True,MC_UNRESOLVED
B4,Q2,0.9,256,242,0,True,FALSE,6,False,FALSE
B4,Q2,0.9,256,242,237,True,MC_UNRESOLVED,2,True,MC_UNRESOLVED
B4,Q2,0.9,256,242,242,True,TRUE,8,True,TRUE
B4,Q2,0.9,256,243,0,True,FALSE,14,False,FALSE
B4,Q2,0.9,256,243,243,True,TRUE,14,True,TRUE
B4,Q2,0.9,256,244,0,True,FALSE,26,False,FALSE
B4,Q2,0.9,256,244,240,True,MC_UNRESOLVED,2,True,MC_UNRESOLVED
B4,Q2,0.9,256,244,244,True,TRUE,16,True,TRUE
B4,Q2,0.9,256,245,0,True,FALSE,15,False,FALSE
B4,Q2,0.9,256,245,245,True,TRUE,23,True,TRUE
B4,Q2,0.9,256,246,0,True,FALSE,9,False,FALSE
B4,Q2,0.9,256,246,3,True,FALSE,2,False,FALSE
B4,Q2,0.9,256,246,240,True,MC_UNRESOLVED,2,True,MC_UNRESOLVED
B4,Q2,0.9,256,246,246,True,TRUE,13,True,TRUE
B4,Q2,0.9,256,247,0,True,FALSE,6,False,FALSE
B4,Q2,0.9,256,247,222,True,MC_UNRESOLVED,2,False,MC_UNRESOLVED
B4,Q2,0.9,256,247,247,True,TRUE,8,True,TRUE
B4,Q2,0.9,256,248,242,True,TRUE,2,True,TRUE
B4,Q2,0.9,256,248,243,True,TRUE,2,True,TRUE
B4,Q2,0.9,256,248,244,True,TRUE,2,True,TRUE
B4,Q2,0.9,256,248,248,True,TRUE,14,True,TRUE
B4,Q2,0.9,256,249,0,True,FALSE,15,False,FALSE
B4,Q2,0.9,256,249,3,True,FALSE,4,False,FALSE
B4,Q2,0.9,256,249,190,True,FALSE,2,False,FALSE
B4,Q2,0.9,256,249,237,True,MC_UNRESOLVED,2,True,MC_UNRESOLVED
B4,Q2,0.9,256,249,244,True,TRUE,2,True,TRUE
B4,Q2,0.9,256,249,245,True,TRUE,2,True,TRUE
B4,Q2,0.9,256,249,249,True,TRUE,31,True,TRUE
B4,Q2,0.9,256,250,0,True,FALSE,42,False,FALSE
B4,Q2,0.9,256,250,250,True,TRUE,34,True,TRUE
B4,Q2,0.9,256,251,0,True,FALSE,13,False,FALSE
B4,Q2,0.9,256,251,192,True,FALSE,4,False,FALSE
B4,Q2,0.9,256,251,226,True,MC_UNRESOLVED,2,False,MC_UNRESOLVED
B4,Q2,0.9,256,251,232,True,MC_UNRESOLVED,2,True,MC_UNRESOLVED
B4,Q2,0.9,256,251,251,True,TRUE,29,True,TRUE
B4,Q2,0.9,256,252,0,True,FALSE,9,False,FALSE
B4,Q2,0.9,256,252,246,True,TRUE,2,True,TRUE
B4,Q2,0.9,256,252,248,True,TRUE,2,True,TRUE
B4,Q2,0.9,256,252,252,True,TRUE,29,True,TRUE
B4,Q2,0.9,256,253,0,True,FALSE,17,False,FALSE
B4,Q2,0.9,256,253,2,True,FALSE,2,False,FALSE
B4,Q2,0.9,256,253,5,True,FALSE,2,False,FALSE
B4,Q2,0.9,256,253,192,True,FALSE,2,False,FALSE
B4,Q2,0.9,256,253,228,True,MC_UNRESOLVED,2,False,MC_UNRESOLVED
B4,Q2,0.9,256,253,247,True,TRUE,2,True,TRUE
B4,Q2,0.9,256,253,253,True,TRUE,43,True,TRUE
B4,Q2,0.9,256,254,0,True,FALSE,44,False,FALSE
B4,Q2,0.9,256,254,222,True,MC_UNRESOLVED,2,False,MC_UNRESOLVED
B4,Q2,0.9,256,254,254,True,TRUE,52,True,TRUE
B4,Q2,0.9,256,255,0,True,FALSE,46,False,FALSE
B4,Q2,0.9,256,255,2,True,FALSE,4,False,FALSE
B4,Q2,0.9,256,255,10,True,FALSE,4,False,FALSE
B4,Q2,0.9,256,255,14,True,FALSE,2,False,FALSE
B4,Q2,0.9,256,255,22,True,FALSE,2,False,FALSE
B4,Q2,0.9,256,255,88,True,FALSE,2,False,FALSE
B4,Q2,0.9,256,255,194,True,FALSE,4,False,FALSE
B4,Q2,0.9,256,255,223,True,MC_UNRESOLVED,4,False,MC_UNRESOLVED
B4,Q2,0.9,256,255,236,True,MC_UNRESOLVED,2,True,MC_UNRESOLVED
B4,Q2,0.9,256,255,243,True,TRUE,2,True,TRUE
B4,Q2,0.9,256,255,251,True,TRUE,2,True,TRUE
B4,Q2,0.9,256,255,255,True,TRUE,56,True,TRUE
B4,Q2,0.9,256,256,0,True,FALSE,34637,False,FALSE
B4,Q2,0.9,256,256,1,True,FALSE,63,False,FALSE
B4,Q2,0.9,256,256,2,True,FALSE,66,False,FALSE
B4,Q2,0.9,256,256,3,True,FALSE,21,False,FALSE
B4,Q2,0.9,256,256,5,True,FALSE,22,False,FALSE
B4,Q2,0.9,256,256,6,True,FALSE,3,False,FALSE
B4,Q2,0.9,256,256,7,True,FALSE,18,False,FALSE
B4,Q2,0.9,256,256,9,True,FALSE,6,False,FALSE
B4,Q2,0.9,256,256,10,True,FALSE,26,False,FALSE
B4,Q2,0.9,256,256,12,True,FALSE,24,False,FALSE
B4,Q2,0.9,256,256,13,True,FALSE,21,False,FALSE
B4,Q2,0.9,256,256,14,True,FALSE,40,False,FALSE
B4,Q2,0.9,256,256,15,True,FALSE,18,False,FALSE
B4,Q2,0.9,256,256,19,True,FALSE,27,False,FALSE
B4,Q2,0.9,256,256,20,True,FALSE,18,False,FALSE
B4,Q2,0.9,256,256,21,True,FALSE,9,False,FALSE
B4,Q2,0.9,256,256,22,True,FALSE,16,False,FALSE
B4,Q2,0.9,256,256,28,True,FALSE,3,False,FALSE
B4,Q2,0.9,256,256,33,True,FALSE,12,False,FALSE
B4,Q2,0.9,256,256,34,True,FALSE,12,False,FALSE
B4,Q2,0.9,256,256,38,True,FALSE,18,False,FALSE
B4,Q2,0.9,256,256,40,True,FALSE,12,False,FALSE
B4,Q2,0.9,256,256,42,True,FALSE,6,False,FALSE
B4,Q2,0.9,256,256,50,True,FALSE,6,False,FALSE
B4,Q2,0.9,256,256,52,True,FALSE,3,False,FALSE
B4,Q2,0.9,256,256,62,True,FALSE,3,False,FALSE
B4,Q2,0.9,256,256,64,True,FALSE,3,False,FALSE
B4,Q2,0.9,256,256,68,True,FALSE,3,False,FALSE
B4,Q2,0.9,256,256,82,True,FALSE,3,False,FALSE
B4,Q2,0.9,256,256,89,True,FALSE,16,False,FALSE
B4,Q2,0.9,256,256,94,True,FALSE,18,False,FALSE
B4,Q2,0.9,256,256,100,True,FALSE,3,False,FALSE
B4,Q2,0.9,256,256,113,True,FALSE,6,False,FALSE
B4,Q2,0.9,256,256,114,True,FALSE,12,False,FALSE
B4,Q2,0.9,256,256,119,True,FALSE,12,False,FALSE
B4,Q2,0.9,256,256,128,True,FALSE,6,False,FALSE
B4,Q2,0.9,256,256,134,True,FALSE,12,False,FALSE
B4,Q2,0.9,256,256,143,True,FALSE,3,False,FALSE
B4,Q2,0.9,256,256,152,True,FALSE,3,False,FALSE
B4,Q2,0.9,256,256,153,True,FALSE,9,False,FALSE
B4,Q2,0.9,256,256,154,True,FALSE,6,False,FALSE
B4,Q2,0.9,256,256,163,True,FALSE,3,False,FALSE
B4,Q2,0.9,256,256,165,True,FALSE,3,False,FALSE
B4,Q2,0.9,256,256,172,True,FALSE,3,False,FALSE
B4,Q2,0.9,256,256,180,True,FALSE,3,False,FALSE
B4,Q2,0.9,256,256,184,True,FALSE,3,False,FALSE
B4,Q2,0.9,256,256,193,True,FALSE,3,False,FALSE
B4,Q2,0.9,256,256,195,True,FALSE,12,False,FALSE
B4,Q2,0.9,256,256,197,True,FALSE,12,False,FALSE
B4,Q2,0.9,256,256,201,True,FALSE,6,False,FALSE
B4,Q2,0.9,256,256,208,True,FALSE,3,False,FALSE
B4,Q2,0.9,256,256,211,True,FALSE,6,False,FALSE
B4,Q2,0.9,256,256,212,True,FALSE,3,False,FALSE
B4,Q2,0.9,256,256,214,True,FALSE,6,False,FALSE
B4,Q2,0.9,256,256,219,True,FALSE,6,False,FALSE
B4,Q2,0.9,256,256,220,True,MC_UNRESOLVED,18,False,MC_UNRESOLVED
B4,Q2,0.9,256,256,221,True,MC_UNRESOLVED,6,False,MC_UNRESOLVED
B4,Q2,0.9,256,256,222,True,MC_UNRESOLVED,12,False,MC_UNRESOLVED
B4,Q2,0.9,256,256,224,True,MC_UNRESOLVED,12,False,MC_UNRESOLVED
B4,Q2,0.9,256,256,225,True,MC_UNRESOLVED,6,False,MC_UNRESOLVED
B4,Q2,0.9,256,256,226,True,MC_UNRESOLVED,3,False,MC_UNRESOLVED
B4,Q2,0.9,256,256,227,True,MC_UNRESOLVED,6,False,MC_UNRESOLVED
B4,Q2,0.9,256,256,228,True,MC_UNRESOLVED,18,False,MC_UNRESOLVED
B4,Q2,0.9,256,256,231,True,MC_UNRESOLVED,12,True,MC_UNRESOLVED
B4,Q2,0.9,256,256,234,True,MC_UNRESOLVED,24,True,MC_UNRESOLVED
B4,Q2,0.9,256,256,237,True,MC_UNRESOLVED,14,True,MC_UNRESOLVED
B4,Q2,0.9,256,256,238,True,MC_UNRESOLVED,3,True,MC_UNRESOLVED
B4,Q2,0.9,256,256,239,True,MC_UNRESOLVED,18,True,MC_UNRESOLVED
B4,Q2,0.9,256,256,242,True,TRUE,18,True,TRUE
B4,Q2,0.9,256,256,244,True,TRUE,15,True,TRUE
B4,Q2,0.9,256,256,245,True,TRUE,9,True,TRUE
B4,Q2,0.9,256,256,248,True,TRUE,18,True,TRUE
B4,Q2,0.9,256,256,250,True,TRUE,27,True,TRUE
B4,Q2,0.9,256,256,251,True,TRUE,12,True,TRUE
B4,Q2,0.9,256,256,252,True,TRUE,47,True,TRUE
B4,Q2,0.9,256,256,253,True,TRUE,6,True,TRUE
B4,Q2,0.9,256,256,254,True,TRUE,93,True,TRUE
B4,Q2,0.9,256,256,255,True,TRUE,30,True,TRUE
B4,Q2,0.9,256,256,256,True,TRUE,31652,True,TRUE
B4,Q1,1,256,0,0,False,FALSE,17616,False,FALSE
B4,Q1,1,256,217,217,False,FALSE,2,False,FALSE
B4,Q1,1,256,218,218,False,FALSE,4,False,FALSE
B4,Q1,1,256,231,231,False,FALSE,6,False,FALSE
B4,Q1,1,256,253,253,False,FALSE,2,False,FALSE
B4,Q1,1,256,255,255,False,FALSE,4,False,FALSE
B4,Q1,1,256,256,256,False,FALSE,6,False,FALSE
B4,Q1,1,256,0,0,True,FALSE,29610,False,FALSE
B4,Q1,1,256,1,0,True,FALSE,21,False,FALSE
B4,Q1,1,256,1,1,True,FALSE,144,False,FALSE
B4,Q1,1,256,2,0,True,FALSE,15,False,FALSE
B4,Q1,1,256,2,2,True,FALSE,87,False,FALSE
B4,Q1,1,256,3,0,True,FALSE,9,False,FALSE
B4,Q1,1,256,3,3,True,FALSE,33,False,FALSE
B4,Q1,1,256,4,0,True,FALSE,9,False,FALSE
B4,Q1,1,256,4,4,True,FALSE,24,False,FALSE
B4,Q1,1,256,5,0,True,FALSE,15,False,FALSE
B4,Q1,1,256,5,5,True,FALSE,12,False,FALSE
B4,Q1,1,256,6,0,True,FALSE,3,False,FALSE
B4,Q1,1,256,6,6,True,FALSE,30,False,FALSE
B4,Q1,1,256,7,7,True,FALSE,15,False,FALSE
B4,Q1,1,256,8,7,True,FALSE,3,False,FALSE
B4,Q1,1,256,8,8,True,FALSE,21,False,FALSE
B4,Q1,1,256,9,0,True,FALSE,6,False,FALSE
B4,Q1,1,256,9,9,True,FALSE,33,False,FALSE
B4,Q1,1,256,10,0,True,FALSE,12,False,FALSE
B4,Q1,1,256,10,10,True,FALSE,9,False,FALSE
B4,Q1,1,256,11,11,True,FALSE,6,False,FALSE
B4,Q1,1,256,12,12,True,FALSE,24,False,FALSE
B4,Q1,1,256,13,13,True,FALSE,15,False,FALSE
B4,Q1,1,256,14,14,True,FALSE,6,False,FALSE
B4,Q1,1,256,15,0,True,FALSE,6,False,FALSE
B4,Q1,1,256,15,15,True,FALSE,18,False,FALSE
B4,Q1,1,256,16,16,True,FALSE,12,False,FALSE
B4,Q1,1,256,18,18,True,FALSE,6,False,FALSE
B4,Q1,1,256,19,0,True,FALSE,3,False,FALSE
B4,Q1,1,256,19,19,True,FALSE,12,False,FALSE
B4,Q1,1,256,20,20,True,FALSE,6,False,FALSE
B4,Q1,1,256,21,21,True,FALSE,6,False,FALSE
B4,Q1,1,256,22,22,True,FALSE,12,False,FALSE
B4,Q1,1,256,23,23,True,FALSE,6,False,FALSE
B4,Q1,1,256,24,0,True,FALSE,3,False,FALSE
B4,Q1,1,256,24,24,True,FALSE,12,False,FALSE
B4,Q1,1,256,25,0,True,FALSE,6,False,FALSE
B4,Q1,1,256,25,25,True,FALSE,3,False,FALSE
B4,Q1,1,256,26,0,True,FALSE,9,False,FALSE
B4,Q1,1,256,26,26,True,FALSE,12,False,FALSE
B4,Q1,1,256,28,28,True,FALSE,6,False,FALSE
B4,Q1,1,256,29,29,True,FALSE,18,False,FALSE
B4,Q1,1,256,30,30,True,FALSE,24,False,FALSE
B4,Q1,1,256,31,31,True,FALSE,12,False,FALSE
B4,Q1,1,256,32,32,True,FALSE,24,False,FALSE
B4,Q1,1,256,33,33,True,FALSE,6,False,FALSE
B4,Q1,1,256,35,35,True,FALSE,12,False,FALSE
B4,Q1,1,256,36,36,True,FALSE,18,False,FALSE
B4,Q1,1,256,37,37,True,FALSE,15,False,FALSE
B4,Q1,1,256,38,0,True,FALSE,6,False,FALSE
B4,Q1,1,256,38,38,True,FALSE,3,False,FALSE
B4,Q1,1,256,39,39,True,FALSE,18,False,FALSE
B4,Q1,1,256,40,0,True,FALSE,3,False,FALSE
B4,Q1,1,256,40,40,True,FALSE,6,False,FALSE
B4,Q1,1,256,41,41,True,FALSE,6,False,FALSE
B4,Q1,1,256,42,42,True,FALSE,6,False,FALSE
B4,Q1,1,256,43,0,True,FALSE,6,False,FALSE
B4,Q1,1,256,44,44,True,FALSE,6,False,FALSE
B4,Q1,1,256,46,46,True,FALSE,6,False,FALSE
B4,Q1,1,256,47,0,True,FALSE,6,False,FALSE
B4,Q1,1,256,47,47,True,FALSE,6,False,FALSE
B4,Q1,1,256,48,48,True,FALSE,6,False,FALSE
B4,Q1,1,256,49,49,True,FALSE,6,False,FALSE
B4,Q1,1,256,51,51,True,FALSE,6,False,FALSE
B4,Q1,1,256,52,52,True,FALSE,30,False,FALSE
B4,Q1,1,256,53,53,True,FALSE,6,False,FALSE
B4,Q1,1,256,54,54,True,FALSE,6,False,FALSE
B4,Q1,1,256,55,55,True,FALSE,12,False,FALSE
B4,Q1,1,256,57,57,True,FALSE,12,False,FALSE
B4,Q1,1,256,58,58,True,FALSE,6,False,FALSE
B4,Q1,1,256,59,0,True,FALSE,6,False,FALSE
B4,Q1,1,256,59,59,True,FALSE,6,False,FALSE
B4,Q1,1,256,61,61,True,FALSE,12,False,FALSE
B4,Q1,1,256,62,62,True,FALSE,6,False,FALSE
B4,Q1,1,256,63,63,True,FALSE,8,False,FALSE
B4,Q1,1,256,64,64,True,FALSE,4,False,FALSE
B4,Q1,1,256,65,65,True,FALSE,6,False,FALSE
B4,Q1,1,256,68,68,True,FALSE,6,False,FALSE
B4,Q1,1,256,69,69,True,FALSE,9,False,FALSE
B4,Q1,1,256,72,72,True,FALSE,18,False,FALSE
B4,Q1,1,256,73,73,True,FALSE,6,False,FALSE
B4,Q1,1,256,74,74,True,FALSE,6,False,FALSE
B4,Q1,1,256,76,76,True,FALSE,6,False,FALSE
B4,Q1,1,256,80,80,True,FALSE,6,False,FALSE
B4,Q1,1,256,84,84,True,FALSE,6,False,FALSE
B4,Q1,1,256,85,85,True,FALSE,12,False,FALSE
B4,Q1,1,256,86,86,True,FALSE,6,False,FALSE
B4,Q1,1,256,88,88,True,FALSE,12,False,FALSE
B4,Q1,1,256,91,0,True,FALSE,6,False,FALSE
B4,Q1,1,256,91,91,True,FALSE,6,False,FALSE
B4,Q1,1,256,92,92,True,FALSE,6,False,FALSE
B4,Q1,1,256,93,93,True,FALSE,6,False,FALSE
B4,Q1,1,256,97,97,True,FALSE,18,False,FALSE
B4,Q1,1,256,98,98,True,FALSE,6,False,FALSE
B4,Q1,1,256,102,102,True,FALSE,6,False,FALSE
B4,Q1,1,256,105,0,True,FALSE,12,False,FALSE
B4,Q1,1,256,106,106,True,FALSE,6,False,FALSE
B4,Q1,1,256,110,110,True,FALSE,24,False,FALSE
B4,Q1,1,256,111,111,True,FALSE,6,False,FALSE
B4,Q1,1,256,112,112,True,FALSE,12,False,FALSE
B4,Q1,1,256,115,115,True,FALSE,6,False,FALSE
B4,Q1,1,256,116,0,True,FALSE,6,False,FALSE
B4,Q1,1,256,116,116,True,FALSE,6,False,FALSE
B4,Q1,1,256,122,0,True,FALSE,6,False,FALSE
B4,Q1,1,256,124,124,True,FALSE,6,False,FALSE
B4,Q1,1,256,127,127,True,FALSE,12,False,FALSE
B4,Q1,1,256,128,0,True,FALSE,6,False,FALSE
B4,Q1,1,256,129,129,True,FALSE,6,False,FALSE
B4,Q1,1,256,133,133,True,FALSE,6,False,FALSE
B4,Q1,1,256,135,135,True,FALSE,6,False,FALSE
B4,Q1,1,256,136,0,True,FALSE,3,False,FALSE
B4,Q1,1,256,137,0,True,FALSE,9,False,FALSE
B4,Q1,1,256,141,0,True,FALSE,6,False,FALSE
B4,Q1,1,256,144,144,True,FALSE,6,False,FALSE
B4,Q1,1,256,146,146,True,FALSE,6,False,FALSE
B4,Q1,1,256,148,148,True,FALSE,6,False,FALSE
B4,Q1,1,256,151,151,True,FALSE,6,False,FALSE
B4,Q1,1,256,157,157,True,FALSE,6,False,FALSE
B4,Q1,1,256,158,30,True,FALSE,6,False,FALSE
B4,Q1,1,256,161,161,True,FALSE,6,False,FALSE
B4,Q1,1,256,163,163,True,FALSE,6,False,FALSE
B4,Q1,1,256,169,34,True,FALSE,6,False,FALSE
B4,Q1,1,256,170,0,True,FALSE,3,False,FALSE
B4,Q1,1,256,171,171,True,FALSE,6,False,FALSE
B4,Q1,1,256,173,0,True,FALSE,3,False,FALSE
B4,Q1,1,256,173,173,True,FALSE,6,False,FALSE
B4,Q1,1,256,174,174,True,FALSE,6,False,FALSE
B4,Q1,1,256,177,177,True,FALSE,6,False,FALSE
B4,Q1,1,256,181,181,True,FALSE,6,False,FALSE
B4,Q1,1,256,182,182,True,FALSE,6,False,FALSE
B4,Q1,1,256,185,185,True,FALSE,6,False,FALSE
B4,Q1,1,256,186,186,True,FALSE,6,False,FALSE
B4,Q1,1,256,190,190,True,FALSE,6,False,FALSE
B4,Q1,1,256,191,134,True,FALSE,6,False,FALSE
B4,Q1,1,256,193,193,True,FALSE,6,False,FALSE
B4,Q1,1,256,194,134,True,FALSE,6,False,FALSE
B4,Q1,1,256,194,194,True,FALSE,6,False,FALSE
B4,Q1,1,256,200,200,True,FALSE,12,False,FALSE
B4,Q1,1,256,205,205,True,FALSE,2,False,FALSE
B4,Q1,1,256,207,207,True,FALSE,2,False,FALSE
B4,Q1,1,256,211,211,True,FALSE,6,False,FALSE
B4,Q1,1,256,212,212,True,FALSE,3,False,FALSE
B4,Q1,1,256,213,213,True,FALSE,3,False,FALSE
B4,Q1,1,256,218,218,True,FALSE,9,False,FALSE
B4,Q1,1,256,219,219,True,FALSE,6,False,FALSE
B4,Q1,1,256,220,220,True,FALSE,12,False,FALSE
B4,Q1,1,256,221,221,True,FALSE,6,False,FALSE
B4,Q1,1,256,223,223,True,FALSE,12,False,FALSE
B4,Q1,1,256,224,224,True,FALSE,11,False,FALSE
B4,Q1,1,256,225,0,True,FALSE,3,False,FALSE
B4,Q1,1,256,225,225,True,FALSE,12,False,FALSE
B4,Q1,1,256,226,226,True,FALSE,6,False,FALSE
B4,Q1,1,256,227,227,True,FALSE,6,False,FALSE
B4,Q1,1,256,232,232,True,FALSE,4,False,FALSE
B4,Q1,1,256,235,235,True,FALSE,6,False,FALSE
B4,Q1,1,256,236,0,True,FALSE,3,False,FALSE
B4,Q1,1,256,236,236,True,FALSE,2,False,FALSE
B4,Q1,1,256,237,237,True,FALSE,14,False,FALSE
B4,Q1,1,256,238,238,True,FALSE,6,False,FALSE
B4,Q1,1,256,239,239,True,FALSE,26,False,FALSE
B4,Q1,1,256,240,240,True,FALSE,2,False,FALSE
B4,Q1,1,256,241,241,True,FALSE,12,False,FALSE
B4,Q1,1,256,242,242,True,FALSE,8,False,FALSE
B4,Q1,1,256,243,243,True,FALSE,14,False,FALSE
B4,Q1,1,256,244,0,True,FALSE,6,False,FALSE
B4,Q1,1,256,244,244,True,FALSE,16,False,FALSE
B4,Q1,1,256,245,245,True,FALSE,19,False,FALSE
B4,Q1,1,256,246,246,True,FALSE,13,False,FALSE
B4,Q1,1,256,247,247,True,FALSE,8,False,FALSE
B4,Q1,1,256,248,248,True,FALSE,10,False,FALSE
B4,Q1,1,256,249,249,True,FALSE,29,False,FALSE
B4,Q1,1,256,250,0,True,FALSE,6,False,FALSE
B4,Q1,1,256,250,250,True,FALSE,32,False,FALSE
B4,Q1,1,256,251,251,True,FALSE,25,False,FALSE
B4,Q1,1,256,252,252,True,FALSE,21,False,FALSE
B4,Q1,1,256,253,253,True,FALSE,35,False,FALSE
B4,Q1,1,256,254,0,True,FALSE,3,False,FALSE
B4,Q1,1,256,254,254,True,FALSE,46,False,FALSE
B4,Q1,1,256,255,0,True,FALSE,9,False,FALSE
B4,Q1,1,256,255,255,True,FALSE,56,False,FALSE
B4,Q1,1,256,256,0,True,MC_UNRESOLVED,1995,True,MC_UNRESOLVED
B4,Q1,1,256,256,1,True,MC_UNRESOLVED,27,True,MC_UNRESOLVED
B4,Q1,1,256,256,2,True,MC_UNRESOLVED,18,True,MC_UNRESOLVED
B4,Q1,1,256,256,3,True,MC_UNRESOLVED,9,True,MC_UNRESOLVED
B4,Q1,1,256,256,5,True,MC_UNRESOLVED,6,True,MC_UNRESOLVED
B4,Q1,1,256,256,6,True,MC_UNRESOLVED,3,True,MC_UNRESOLVED
B4,Q1,1,256,256,9,True,MC_UNRESOLVED,6,True,MC_UNRESOLVED
B4,Q1,1,256,256,10,True,MC_UNRESOLVED,12,True,MC_UNRESOLVED
B4,Q1,1,256,256,12,True,MC_UNRESOLVED,6,True,MC_UNRESOLVED
B4,Q1,1,256,256,13,True,MC_UNRESOLVED,3,True,MC_UNRESOLVED
B4,Q1,1,256,256,14,True,MC_UNRESOLVED,6,True,MC_UNRESOLVED
B4,Q1,1,256,256,19,True,MC_UNRESOLVED,9,True,MC_UNRESOLVED
B4,Q1,1,256,256,21,True,MC_UNRESOLVED,9,True,MC_UNRESOLVED
B4,Q1,1,256,256,28,True,MC_UNRESOLVED,3,True,MC_UNRESOLVED
B4,Q1,1,256,256,33,True,MC_UNRESOLVED,12,True,MC_UNRESOLVED
B4,Q1,1,256,256,34,True,MC_UNRESOLVED,12,True,MC_UNRESOLVED
B4,Q1,1,256,256,40,True,MC_UNRESOLVED,12,True,MC_UNRESOLVED
B4,Q1,1,256,256,42,True,MC_UNRESOLVED,6,True,MC_UNRESOLVED
B4,Q1,1,256,256,50,True,MC_UNRESOLVED,6,True,MC_UNRESOLVED
B4,Q1,1,256,256,52,True,MC_UNRESOLVED,3,True,MC_UNRESOLVED
B4,Q1,1,256,256,62,True,MC_UNRESOLVED,3,True,MC_UNRESOLVED
B4,Q1,1,256,256,64,True,MC_UNRESOLVED,3,True,MC_UNRESOLVED
B4,Q1,1,256,256,68,True,MC_UNRESOLVED,3,True,MC_UNRESOLVED
B4,Q1,1,256,256,82,True,MC_UNRESOLVED,3,True,MC_UNRESOLVED
B4,Q1,1,256,256,100,True,MC_UNRESOLVED,3,True,MC_UNRESOLVED
B4,Q1,1,256,256,113,True,MC_UNRESOLVED,6,True,MC_UNRESOLVED
B4,Q1,1,256,256,114,True,MC_UNRESOLVED,12,True,MC_UNRESOLVED
B4,Q1,1,256,256,119,True,MC_UNRESOLVED,12,True,MC_UNRESOLVED
B4,Q1,1,256,256,128,True,MC_UNRESOLVED,6,True,MC_UNRESOLVED
B4,Q1,1,256,256,134,True,MC_UNRESOLVED,12,True,MC_UNRESOLVED
B4,Q1,1,256,256,143,True,MC_UNRESOLVED,3,True,MC_UNRESOLVED
B4,Q1,1,256,256,152,True,MC_UNRESOLVED,3,True,MC_UNRESOLVED
B4,Q1,1,256,256,153,True,MC_UNRESOLVED,9,True,MC_UNRESOLVED
B4,Q1,1,256,256,154,True,MC_UNRESOLVED,6,True,MC_UNRESOLVED
B4,Q1,1,256,256,163,True,MC_UNRESOLVED,3,True,MC_UNRESOLVED
B4,Q1,1,256,256,165,True,MC_UNRESOLVED,3,True,MC_UNRESOLVED
B4,Q1,1,256,256,172,True,MC_UNRESOLVED,3,True,MC_UNRESOLVED
B4,Q1,1,256,256,180,True,MC_UNRESOLVED,3,True,MC_UNRESOLVED
B4,Q1,1,256,256,184,True,MC_UNRESOLVED,3,True,MC_UNRESOLVED
B4,Q1,1,256,256,193,True,MC_UNRESOLVED,3,True,MC_UNRESOLVED
B4,Q1,1,256,256,201,True,MC_UNRESOLVED,6,True,MC_UNRESOLVED
B4,Q1,1,256,256,208,True,MC_UNRESOLVED,3,True,MC_UNRESOLVED
B4,Q1,1,256,256,211,True,MC_UNRESOLVED,6,True,MC_UNRESOLVED
B4,Q1,1,256,256,212,True,MC_UNRESOLVED,3,True,MC_UNRESOLVED
B4,Q1,1,256,256,214,True,MC_UNRESOLVED,6,True,MC_UNRESOLVED
B4,Q1,1,256,256,219,True,MC_UNRESOLVED,6,True,MC_UNRESOLVED
B4,Q1,1,256,256,220,True,MC_UNRESOLVED,18,True,MC_UNRESOLVED
B4,Q1,1,256,256,221,True,MC_UNRESOLVED,6,True,MC_UNRESOLVED
B4,Q1,1,256,256,222,True,MC_UNRESOLVED,12,True,MC_UNRESOLVED
B4,Q1,1,256,256,225,True,MC_UNRESOLVED,6,True,MC_UNRESOLVED
B4,Q1,1,256,256,226,True,MC_UNRESOLVED,3,True,MC_UNRESOLVED
B4,Q1,1,256,256,227,True,MC_UNRESOLVED,6,True,MC_UNRESOLVED
B4,Q1,1,256,256,234,True,MC_UNRESOLVED,24,True,MC_UNRESOLVED
B4,Q1,1,256,256,238,True,MC_UNRESOLVED,3,True,MC_UNRESOLVED
B4,Q1,1,256,256,244,True,MC_UNRESOLVED,3,True,MC_UNRESOLVED
B4,Q1,1,256,256,245,True,MC_UNRESOLVED,9,True,MC_UNRESOLVED
B4,Q1,1,256,256,250,True,MC_UNRESOLVED,3,True,MC_UNRESOLVED
B4,Q1,1,256,256,252,True,MC_UNRESOLVED,3,True,MC_UNRESOLVED
B4,Q1,1,256,256,253,True,MC_UNRESOLVED,6,True,MC_UNRESOLVED
B4,Q1,1,256,256,254,True,MC_UNRESOLVED,27,True,MC_UNRESOLVED
B4,Q1,1,256,256,255,True,MC_UNRESOLVED,30,True,MC_UNRESOLVED
B4,Q1,1,256,256,256,True,MC_UNRESOLVED,31234,True,MC_UNRESOLVED
B4,Q2,1,256,0,0,False,FALSE,35232,False,FALSE
B4,Q2,1,256,217,217,False,FALSE,4,False,FALSE
B4,Q2,1,256,218,218,False,FALSE,8,False,FALSE
B4,Q2,1,256,231,231,False,FALSE,12,False,FALSE
B4,Q2,1,256,253,253,False,FALSE,4,False,FALSE
B4,Q2,1,256,255,255,False,FALSE,8,False,FALSE
B4,Q2,1,256,256,256,False,FALSE,12,False,FALSE
B4,Q2,1,256,0,0,True,FALSE,59220,False,FALSE
B4,Q2,1,256,1,0,True,FALSE,186,False,FALSE
B4,Q2,1,256,1,1,True,FALSE,144,False,FALSE
B4,Q2,1,256,2,0,True,FALSE,117,False,FALSE
B4,Q2,1,256,2,2,True,FALSE,87,False,FALSE
B4,Q2,1,256,3,0,True,FALSE,51,False,FALSE
B4,Q2,1,256,3,3,True,FALSE,33,False,FALSE
B4,Q2,1,256,4,0,True,FALSE,42,False,FALSE
B4,Q2,1,256,4,4,True,FALSE,24,False,FALSE
B4,Q2,1,256,5,0,True,FALSE,42,False,FALSE
B4,Q2,1,256,5,5,True,FALSE,12,False,FALSE
B4,Q2,1,256,6,0,True,FALSE,36,False,FALSE
B4,Q2,1,256,6,6,True,FALSE,30,False,FALSE
B4,Q2,1,256,7,0,True,FALSE,15,False,FALSE
B4,Q2,1,256,7,7,True,FALSE,15,False,FALSE
B4,Q2,1,256,8,0,True,FALSE,24,False,FALSE
B4,Q2,1,256,8,7,True,FALSE,3,False,FALSE
B4,Q2,1,256,8,8,True,FALSE,21,False,FALSE
B4,Q2,1,256,9,0,True,FALSE,45,False,FALSE
B4,Q2,1,256,9,9,True,FALSE,33,False,FALSE
B4,Q2,1,256,10,0,True,FALSE,33,False,FALSE
B4,Q2,1,256,10,10,True,FALSE,9,False,FALSE
B4,Q2,1,256,11,0,True,FALSE,6,False,FALSE
B4,Q2,1,256,11,11,True,FALSE,6,False,FALSE
B4,Q2,1,256,12,0,True,FALSE,24,False,FALSE
B4,Q2,1,256,12,12,True,FALSE,24,False,FALSE
B4,Q2,1,256,13,0,True,FALSE,15,False,FALSE
B4,Q2,1,256,13,13,True,FALSE,15,False,FALSE
B4,Q2,1,256,14,0,True,FALSE,6,False,FALSE
B4,Q2,1,256,14,14,True,FALSE,6,False,FALSE
B4,Q2,1,256,15,0,True,FALSE,30,False,FALSE
B4,Q2,1,256,15,15,True,FALSE,18,False,FALSE
B4,Q2,1,256,16,0,True,FALSE,12,False,FALSE
B4,Q2,1,256,16,16,True,FALSE,12,False,FALSE
B4,Q2,1,256,18,0,True,FALSE,6,False,FALSE
B4,Q2,1,256,18,18,True,FALSE,6,False,FALSE
B4,Q2,1,256,19,0,True,FALSE,18,False,FALSE
B4,Q2,1,256,19,19,True,FALSE,12,False,FALSE
B4,Q2,1,256,20,0,True,FALSE,6,False,FALSE
B4,Q2,1,256,20,20,True,FALSE,6,False,FALSE
B4,Q2,1,256,21,0,True,FALSE,6,False,FALSE
B4,Q2,1,256,21,21,True,FALSE,6,False,FALSE
B4,Q2,1,256,22,0,True,FALSE,12,False,FALSE
B4,Q2,1,256,22,22,True,FALSE,12,False,FALSE
B4,Q2,1,256,23,0,True,FALSE,6,False,FALSE
B4,Q2,1,256,23,23,True,FALSE,6,False,FALSE
B4,Q2,1,256,24,0,True,FALSE,18,False,FALSE
B4,Q2,1,256,24,24,True,FALSE,12,False,FALSE
B4,Q2,1,256,25,0,True,FALSE,15,False,FALSE
B4,Q2,1,256,25,25,True,FALSE,3,False,FALSE
B4,Q2,1,256,26,0,True,FALSE,30,False,FALSE
B4,Q2,1,256,26,26,True,FALSE,12,False,FALSE
B4,Q2,1,256,28,0,True,FALSE,6,False,FALSE
B4,Q2,1,256,28,28,True,FALSE,6,False,FALSE
B4,Q2,1,256,29,0,True,FALSE,18,False,FALSE
B4,Q2,1,256,29,29,True,FALSE,18,False,FALSE
B4,Q2,1,256,30,0,True,FALSE,24,False,FALSE
B4,Q2,1,256,30,30,True,FALSE,24,False,FALSE
B4,Q2,1,256,31,0,True,FALSE,12,False,FALSE
B4,Q2,1,256,31,31,True,FALSE,12,False,FALSE
B4,Q2,1,256,32,0,True,FALSE,24,False,FALSE
B4,Q2,1,256,32,32,True,FALSE,24,False,FALSE
B4,Q2,1,256,33,0,True,FALSE,6,False,FALSE
B4,Q2,1,256,33,33,True,FALSE,6,False,FALSE
B4,Q2,1,256,35,0,True,FALSE,12,False,FALSE
B4,Q2,1,256,35,35,True,FALSE,12,False,FALSE
B4,Q2,1,256,36,0,True,FALSE,18,False,FALSE
B4,Q2,1,256,36,36,True,FALSE,18,False,FALSE
B4,Q2,1,256,37,0,True,FALSE,15,False,FALSE
B4,Q2,1,256,37,37,True,FALSE,15,False,FALSE
B4,Q2,1,256,38,0,True,FALSE,15,False,FALSE
B4,Q2,1,256,38,38,True,FALSE,3,False,FALSE
B4,Q2,1,256,39,0,True,FALSE,18,False,FALSE
B4,Q2,1,256,39,39,True,FALSE,18,False,FALSE
B4,Q2,1,256,40,0,True,FALSE,12,False,FALSE
B4,Q2,1,256,40,40,True,FALSE,6,False,FALSE
B4,Q2,1,256,41,0,True,FALSE,6,False,FALSE
B4,Q2,1,256,41,41,True,FALSE,6,False,FALSE
B4,Q2,1,256,42,0,True,FALSE,6,False,FALSE
B4,Q2,1,256,42,42,True,FALSE,6,False,FALSE
B4,Q2,1,256,43,0,True,FALSE,12,False,FALSE
B4,Q2,1,256,44,0,True,FALSE,6,False,FALSE
B4,Q2,1,256,44,44,True,FALSE,6,False,FALSE
B4,Q2,1,256,46,0,True,FALSE,6,False,FALSE
B4,Q2,1,256,46,46,True,FALSE,6,False,FALSE
B4,Q2,1,256,47,0,True,FALSE,18,False,FALSE
B4,Q2,1,256,47,47,True,FALSE,6,False,FALSE
B4,Q2,1,256,48,0,True,FALSE,6,False,FALSE
B4,Q2,1,256,48,48,True,FALSE,6,False,FALSE
B4,Q2,1,256,49,0,True,FALSE,6,False,FALSE
B4,Q2,1,256,49,49,True,FALSE,6,False,FALSE
B4,Q2,1,256,51,0,True,FALSE,6,False,FALSE
B4,Q2,1,256,51,51,True,FALSE,6,False,FALSE
B4,Q2,1,256,52,0,True,FALSE,30,False,FALSE
B4,Q2,1,256,52,52,True,FALSE,30,False,FALSE
B4,Q2,1,256,53,0,True,FALSE,6,False,FALSE
B4,Q2,1,256,53,53,True,FALSE,6,False,FALSE
B4,Q2,1,256,54,0,True,FALSE,6,False,FALSE
B4,Q2,1,256,54,54,True,FALSE,6,False,FALSE
B4,Q2,1,256,55,0,True,FALSE,12,False,FALSE
B4,Q2,1,256,55,55,True,FALSE,12,False,FALSE
B4,Q2,1,256,57,0,True,FALSE,12,False,FALSE
B4,Q2,1,256,57,57,True,FALSE,12,False,FALSE
B4,Q2,1,256,58,0,True,FALSE,6,False,FALSE
B4,Q2,1,256,58,58,True,FALSE,6,False,FALSE
B4,Q2,1,256,59,0,True,FALSE,18,False,FALSE
B4,Q2,1,256,59,59,True,FALSE,6,False,FALSE
B4,Q2,1,256,61,0,True,FALSE,12,False,FALSE
B4,Q2,1,256,61,61,True,FALSE,12,False,FALSE
B4,Q2,1,256,62,0,True,FALSE,6,False,FALSE
B4,Q2,1,256,62,62,True,FALSE,6,False,FALSE
B4,Q2,1,256,63,0,True,FALSE,8,False,FALSE
B4,Q2,1,256,63,63,True,FALSE,8,False,FALSE
B4,Q2,1,256,64,0,True,FALSE,4,False,FALSE
B4,Q2,1,256,64,64,True,FALSE,4,False,FALSE
B4,Q2,1,256,65,0,True,FALSE,6,False,FALSE
B4,Q2,1,256,65,65,True,FALSE,6,False,FALSE
B4,Q2,1,256,68,0,True,FALSE,6,False,FALSE
B4,Q2,1,256,68,68,True,FALSE,6,False,FALSE
B4,Q2,1,256,69,0,True,FALSE,9,False,FALSE
B4,Q2,1,256,69,69,True,FALSE,9,False,FALSE
B4,Q2,1,256,72,0,True,FALSE,18,False,FALSE
B4,Q2,1,256,72,72,True,FALSE,18,False,FALSE
B4,Q2,1,256,73,0,True,FALSE,6,False,FALSE
B4,Q2,1,256,73,73,True,FALSE,6,False,FALSE
B4,Q2,1,256,74,0,True,FALSE,6,False,FALSE
B4,Q2,1,256,74,74,True,FALSE,6,False,FALSE
B4,Q2,1,256,76,0,True,FALSE,6,False,FALSE
B4,Q2,1,256,76,76,True,FALSE,6,False,FALSE
B4,Q2,1,256,80,0,True,FALSE,6,False,FALSE
B4,Q2,1,256,80,80,True,FALSE,6,False,FALSE
B4,Q2,1,256,84,0,True,FALSE,6,False,FALSE
B4,Q2,1,256,84,84,True,FALSE,6,False,FALSE
B4,Q2,1,256,85,0,True,FALSE,12,False,FALSE
B4,Q2,1,256,85,85,True,FALSE,12,False,FALSE
B4,Q2,1,256,86,0,True,FALSE,6,False,FALSE
B4,Q2,1,256,86,86,True,FALSE,6,False,FALSE
B4,Q2,1,256,88,0,True,FALSE,12,False,FALSE
B4,Q2,1,256,88,88,True,FALSE,12,False,FALSE
B4,Q2,1,256,91,0,True,FALSE,18,False,FALSE
B4,Q2,1,256,91,91,True,FALSE,6,False,FALSE
B4,Q2,1,256,92,0,True,FALSE,6,False,FALSE
B4,Q2,1,256,92,92,True,FALSE,6,False,FALSE
B4,Q2,1,256,93,0,True,FALSE,6,False,FALSE
B4,Q2,1,256,93,93,True,FALSE,6,False,FALSE
B4,Q2,1,256,97,0,True,FALSE,18,False,FALSE
B4,Q2,1,256,97,97,True,FALSE,18,False,FALSE
B4,Q2,1,256,98,0,True,FALSE,6,False,FALSE
B4,Q2,1,256,98,98,True,FALSE,6,False,FALSE
B4,Q2,1,256,102,0,True,FALSE,6,False,FALSE
B4,Q2,1,256,102,102,True,FALSE,6,False,FALSE
B4,Q2,1,256,105,0,True,FALSE,24,False,FALSE
B4,Q2,1,256,106,0,True,FALSE,6,False,FALSE
B4,Q2,1,256,106,106,True,FALSE,6,False,FALSE
B4,Q2,1,256,110,0,True,FALSE,24,False,FALSE
B4,Q2,1,256,110,110,True,FALSE,24,False,FALSE
B4,Q2,1,256,111,0,True,FALSE,6,False,FALSE
B4,Q2,1,256,111,111,True,FALSE,6,False,FALSE
B4,Q2,1,256,112,0,True,FALSE,12,False,FALSE
B4,Q2,1,256,112,112,True,FALSE,12,False,FALSE
B4,Q2,1,256,115,0,True,FALSE,6,False,FALSE
B4,Q2,1,256,115,115,True,FALSE,6,False,FALSE
B4,Q2,1,256,116,0,True,FALSE,18,False,FALSE
B4,Q2,1,256,116,116,True,FALSE,6,False,FALSE
B4,Q2,1,256,122,0,True,FALSE,12,False,FALSE
B4,Q2,1,256,124,0,True,FALSE,6,False,FALSE
B4,Q2,1,256,124,124,True,FALSE,6,False,FALSE
B4,Q2,1,256,127,0,True,FALSE,12,False,FALSE
B4,Q2,1,256,127,127,True,FALSE,12,False,FALSE
B4,Q2,1,256,128,0,True,FALSE,12,False,FALSE
B4,Q2,1,256,129,0,True,FALSE,6,False,FALSE
B4,Q2,1,256,129,129,True,FALSE,6,False,FALSE
B4,Q2,1,256,133,0,True,FALSE,6,False,FALSE
B4,Q2,1,256,133,133,True,FALSE,6,False,FALSE
B4,Q2,1,256,135,0,True,FALSE,6,False,FALSE
B4,Q2,1,256,135,135,True,FALSE,6,False,FALSE
B4,Q2,1,256,136,0,True,FALSE,6,False,FALSE
B4,Q2,1,256,137,0,True,FALSE,18,False,FALSE
B4,Q2,1,256,141,0,True,FALSE,12,False,FALSE
B4,Q2,1,256,144,0,True,FALSE,6,False,FALSE
B4,Q2,1,256,144,144,True,FALSE,6,False,FALSE
B4,Q2,1,256,146,0,True,FALSE,6,False,FALSE
B4,Q2,1,256,146,146,True,FALSE,6,False,FALSE
B4,Q2,1,256,148,0,True,FALSE,6,False,FALSE
B4,Q2,1,256,148,148,True,FALSE,6,False,FALSE
B4,Q2,1,256,151,0,True,FALSE,6,False,FALSE
B4,Q2,1,256,151,151,True,FALSE,6,False,FALSE
B4,Q2,1,256,157,0,True,FALSE,6,False,FALSE
B4,Q2,1,256,157,157,True,FALSE,6,False,FALSE
B4,Q2,1,256,158,0,True,FALSE,6,False,FALSE
B4,Q2,1,256,158,30,True,FALSE,6,False,FALSE
B4,Q2,1,256,161,0,True,FALSE,6,False,FALSE
B4,Q2,1,256,161,161,True,FALSE,6,False,FALSE
B4,Q2,1,256,163,0,True,FALSE,6,False,FALSE
B4,Q2,1,256,163,163,True,FALSE,6,False,FALSE
B4,Q2,1,256,169,0,True,FALSE,6,False,FALSE
B4,Q2,1,256,169,34,True,FALSE,6,False,FALSE
B4,Q2,1,256,170,0,True,FALSE,6,False,FALSE
B4,Q2,1,256,171,0,True,FALSE,6,False,FALSE
B4,Q2,1,256,171,171,True,FALSE,6,False,FALSE
B4,Q2,1,256,173,0,True,FALSE,12,False,FALSE
B4,Q2,1,256,173,173,True,FALSE,6,False,FALSE
B4,Q2,1,256,174,0,True,FALSE,6,False,FALSE
B4,Q2,1,256,174,174,True,FALSE,6,False,FALSE
B4,Q2,1,256,177,0,True,FALSE,6,False,FALSE
B4,Q2,1,256,177,177,True,FALSE,6,False,FALSE
B4,Q2,1,256,181,0,True,FALSE,6,False,FALSE
B4,Q2,1,256,181,181,True,FALSE,6,False,FALSE
B4,Q2,1,256,182,0,True,FALSE,6,False,FALSE
B4,Q2,1,256,182,182,True,FALSE,6,False,FALSE
B4,Q2,1,256,185,0,True,FALSE,6,False,FALSE
B4,Q2,1,256,185,185,True,FALSE,6,False,FALSE
B4,Q2,1,256,186,0,True,FALSE,6,False,FALSE
B4,Q2,1,256,186,186,True,FALSE,6,False,FALSE
B4,Q2,1,256,190,0,True,FALSE,6,False,FALSE
B4,Q2,1,256,190,190,True,FALSE,6,False,FALSE
B4,Q2,1,256,191,0,True,FALSE,6,False,FALSE
B4,Q2,1,256,191,134,True,FALSE,6,False,FALSE
B4,Q2,1,256,193,0,True,FALSE,6,False,FALSE
B4,Q2,1,256,193,193,True,FALSE,6,False,FALSE
B4,Q2,1,256,194,0,True,FALSE,12,False,FALSE
B4,Q2,1,256,194,134,True,FALSE,6,False,FALSE
B4,Q2,1,256,194,194,True,FALSE,6,False,FALSE
B4,Q2,1,256,200,0,True,FALSE,12,False,FALSE
B4,Q2,1,256,200,200,True,FALSE,12,False,FALSE
B4,Q2,1,256,205,201,True,FALSE,2,False,FALSE
B4,Q2,1,256,205,205,True,FALSE,2,False,FALSE
B4,Q2,1,256,207,207,True,FALSE,4,False,FALSE
B4,Q2,1,256,211,0,True,FALSE,6,False,FALSE
B4,Q2,1,256,211,211,True,FALSE,6,False,FALSE
B4,Q2,1,256,212,0,True,FALSE,3,False,FALSE
B4,Q2,1,256,212,212,True,FALSE,3,False,FALSE
B4,Q2,1,256,213,0,True,FALSE,3,False,FALSE
B4,Q2,1,256,213,213,True,FALSE,3,False,FALSE
B4,Q2,1,256,218,0,True,FALSE,9,False,FALSE
B4,Q2,1,256,218,218,True,FALSE,9,False,FALSE
B4,Q2,1,256,219,0,True,FALSE,6,False,FALSE
B4,Q2,1,256,219,219,True,FALSE,6,False,FALSE
B4,Q2,1,256,220,0,True,FALSE,12,False,FALSE
B4,Q2,1,256,220,220,True,FALSE,12,False,FALSE
B4,Q2,1,256,221,0,True,FALSE,6,False,FALSE
B4,Q2,1,256,221,221,True,FALSE,6,False,FALSE
B4,Q2,1,256,223,0,True,FALSE,12,False,FALSE
B4,Q2,1,256,223,223,True,FALSE,12,False,FALSE
B4,Q2,1,256,224,0,True,FALSE,9,False,FALSE
B4,Q2,1,256,224,222,True,FALSE,2,False,FALSE
B4,Q2,1,256,224,224,True,FALSE,11,False,FALSE
B4,Q2,1,256,225,0,True,FALSE,18,False,FALSE
B4,Q2,1,256,225,225,True,FALSE,12,False,FALSE
B4,Q2,1,256,226,0,True,FALSE,6,False,FALSE
B4,Q2,1,256,226,226,True,FALSE,6,False,FALSE
B4,Q2,1,256,227,0,True,FALSE,6,False,FALSE
B4,Q2,1,256,227,227,True,FALSE,6,False,FALSE
B4,Q2,1,256,232,227,True,FALSE,2,False,FALSE
B4,Q2,1,256,232,232,True,FALSE,6,False,FALSE
B4,Q2,1,256,235,0,True,FALSE,6,False,FALSE
B4,Q2,1,256,235,235,True,FALSE,6,False,FALSE
B4,Q2,1,256,236,0,True,FALSE,6,False,FALSE
B4,Q2,1,256,236,234,True,FALSE,2,False,FALSE
B4,Q2,1,256,236,236,True,FALSE,2,False,FALSE
B4,Q2,1,256,237,0,True,FALSE,12,False,FALSE
B4,Q2,1,256,237,235,True,FALSE,2,False,FALSE
B4,Q2,1,256,237,237,True,FALSE,14,False,FALSE
B4,Q2,1,256,238,0,True,FALSE,6,False,FALSE
B4,Q2,1,256,238,238,True,FALSE,6,False,FALSE
B4,Q2,1,256,239,0,True,FALSE,24,False,FALSE
B4,Q2,1,256,239,239,True,FALSE,28,False,FALSE
B4,Q2,1,256,240,240,True,FALSE,4,False,FALSE
B4,Q2,1,256,241,0,True,FALSE,6,False,FALSE
B4,Q2,1,256,241,229,True,FALSE,2,False,FALSE
B4,Q2,1,256,241,241,True,FALSE,16,False,FALSE
B4,Q2,1,256,242,0,True,FALSE,6,False,FALSE
B4,Q2,1,256,242,237,True,FALSE,2,False,FALSE
B4,Q2,1,256,242,242,True,FALSE,8,False,FALSE
B4,Q2,1,256,243,0,True,FALSE,14,False,FALSE
B4,Q2,1,256,243,243,True,FALSE,14,False,FALSE
B4,Q2,1,256,244,0,True,FALSE,26,False,FALSE
B4,Q2,1,256,244,240,True,FALSE,2,False,FALSE
B4,Q2,1,256,244,244,True,FALSE,16,False,FALSE
B4,Q2,1,256,245,0,True,FALSE,15,False,FALSE
B4,Q2,1,256,245,245,True,FALSE,23,False,FALSE
B4,Q2,1,256,246,0,True,FALSE,9,False,FALSE
B4,Q2,1,256,246,3,True,FALSE,2,False,FALSE
B4,Q2,1,256,246,240,True,FALSE,2,False,FALSE
B4,Q2,1,256,246,246,True,FALSE,13,False,FALSE
B4,Q2,1,256,247,0,True,FALSE,6,False,FALSE
B4,Q2,1,256,247,222,True,FALSE,2,False,FALSE
B4,Q2,1,256,247,247,True,FALSE,8,False,FALSE
B4,Q2,1,256,248,242,True,FALSE,2,False,FALSE
B4,Q2,1,256,248,243,True,FALSE,2,False,FALSE
B4,Q2,1,256,248,244,True,FALSE,2,False,FALSE
B4,Q2,1,256,248,248,True,FALSE,14,False,FALSE
B4,Q2,1,256,249,0,True,FALSE,15,False,FALSE
B4,Q2,1,256,249,3,True,FALSE,4,False,FALSE
B4,Q2,1,256,249,190,True,FALSE,2,False,FALSE
B4,Q2,1,256,249,237,True,FALSE,2,False,FALSE
B4,Q2,1,256,249,244,True,FALSE,2,False,FALSE
B4,Q2,1,256,249,245,True,FALSE,2,False,FALSE
B4,Q2,1,256,249,249,True,FALSE,31,False,FALSE
B4,Q2,1,256,250,0,True,FALSE,42,False,FALSE
B4,Q2,1,256,250,250,True,FALSE,34,False,FALSE
B4,Q2,1,256,251,0,True,FALSE,13,False,FALSE
B4,Q2,1,256,251,192,True,FALSE,4,False,FALSE
B4,Q2,1,256,251,226,True,FALSE,2,False,FALSE
B4,Q2,1,256,251,232,True,FALSE,2,False,FALSE
B4,Q2,1,256,251,251,True,FALSE,29,False,FALSE
B4,Q2,1,256,252,0,True,FALSE,9,False,FALSE
B4,Q2,1,256,252,246,True,FALSE,2,False,FALSE
B4,Q2,1,256,252,248,True,FALSE,2,False,FALSE
B4,Q2,1,256,252,252,True,FALSE,29,False,FALSE
B4,Q2,1,256,253,0,True,FALSE,17,False,FALSE
B4,Q2,1,256,253,2,True,FALSE,2,False,FALSE
B4,Q2,1,256,253,5,True,FALSE,2,False,FALSE
B4,Q2,1,256,253,192,True,FALSE,2,False,FALSE
B4,Q2,1,256,253,228,True,FALSE,2,False,FALSE
B4,Q2,1,256,253,247,True,FALSE,2,False,FALSE
B4,Q2,1,256,253,253,True,FALSE,43,False,FALSE
B4,Q2,1,256,254,0,True,FALSE,44,False,FALSE
B4,Q2,1,256,254,222,True,FALSE,2,False,FALSE
B4,Q2,1,256,254,254,True,FALSE,52,False,FALSE
B4,Q2,1,256,255,0,True,FALSE,46,False,FALSE
B4,Q2,1,256,255,2,True,FALSE,4,False,FALSE
B4,Q2,1,256,255,10,True,FALSE,4,False,FALSE
B4,Q2,1,256,255,14,True,FALSE,2,False,FALSE
B4,Q2,1,256,255,22,True,FALSE,2,False,FALSE
B4,Q2,1,256,255,88,True,FALSE,2,False,FALSE
B4,Q2,1,256,255,194,True,FALSE,4,False,FALSE
B4,Q2,1,256,255,223,True,FALSE,4,False,FALSE
B4,Q2,1,256,255,236,True,FALSE,2,False,FALSE
B4,Q2,1,256,255,243,True,FALSE,2,False,FALSE
B4,Q2,1,256,255,251,True,FALSE,2,False,FALSE
B4,Q2,1,256,255,255,True,FALSE,56,False,FALSE
B4,Q2,1,256,256,0,True,FALSE,34637,False,FALSE
B4,Q2,1,256,256,1,True,FALSE,63,False,FALSE
B4,Q2,1,256,256,2,True,FALSE,66,False,FALSE
B4,Q2,1,256,256,3,True,FALSE,21,False,FALSE
B4,Q2,1,256,256,5,True,FALSE,22,False,FALSE
B4,Q2,1,256,256,6,True,FALSE,3,False,FALSE
B4,Q2,1,256,256,7,True,FALSE,18,False,FALSE
B4,Q2,1,256,256,9,True,FALSE,6,False,FALSE
B4,Q2,1,256,256,10,True,FALSE,26,False,FALSE
B4,Q2,1,256,256,12,True,FALSE,24,False,FALSE
B4,Q2,1,256,256,13,True,FALSE,21,False,FALSE
B4,Q2,1,256,256,14,True,FALSE,40,False,FALSE
B4,Q2,1,256,256,15,True,FALSE,18,False,FALSE
B4,Q2,1,256,256,19,True,FALSE,27,False,FALSE
B4,Q2,1,256,256,20,True,FALSE,18,False,FALSE
B4,Q2,1,256,256,21,True,FALSE,9,False,FALSE
B4,Q2,1,256,256,22,True,FALSE,16,False,FALSE
B4,Q2,1,256,256,28,True,FALSE,3,False,FALSE
B4,Q2,1,256,256,33,True,FALSE,12,False,FALSE
B4,Q2,1,256,256,34,True,FALSE,12,False,FALSE
B4,Q2,1,256,256,38,True,FALSE,18,False,FALSE
B4,Q2,1,256,256,40,True,FALSE,12,False,FALSE
B4,Q2,1,256,256,42,True,FALSE,6,False,FALSE
B4,Q2,1,256,256,50,True,FALSE,6,False,FALSE
B4,Q2,1,256,256,52,True,FALSE,3,False,FALSE
B4,Q2,1,256,256,62,True,FALSE,3,False,FALSE
B4,Q2,1,256,256,64,True,FALSE,3,False,FALSE
B4,Q2,1,256,256,68,True,FALSE,3,False,FALSE
B4,Q2,1,256,256,82,True,FALSE,3,False,FALSE
B4,Q2,1,256,256,89,True,FALSE,16,False,FALSE
B4,Q2,1,256,256,94,True,FALSE,18,False,FALSE
B4,Q2,1,256,256,100,True,FALSE,3,False,FALSE
B4,Q2,1,256,256,113,True,FALSE,6,False,FALSE
B4,Q2,1,256,256,114,True,FALSE,12,False,FALSE
B4,Q2,1,256,256,119,True,FALSE,12,False,FALSE
B4,Q2,1,256,256,128,True,FALSE,6,False,FALSE
B4,Q2,1,256,256,134,True,FALSE,12,False,FALSE
B4,Q2,1,256,256,143,True,FALSE,3,False,FALSE
B4,Q2,1,256,256,152,True,FALSE,3,False,FALSE
B4,Q2,1,256,256,153,True,FALSE,9,False,FALSE
B4,Q2,1,256,256,154,True,FALSE,6,False,FALSE
B4,Q2,1,256,256,163,True,FALSE,3,False,FALSE
B4,Q2,1,256,256,165,True,FALSE,3,False,FALSE
B4,Q2,1,256,256,172,True,FALSE,3,False,FALSE
B4,Q2,1,256,256,180,True,FALSE,3,False,FALSE
B4,Q2,1,256,256,184,True,FALSE,3,False,FALSE
B4,Q2,1,256,256,193,True,FALSE,3,False,FALSE
B4,Q2,1,256,256,195,True,FALSE,12,False,FALSE
B4,Q2,1,256,256,197,True,FALSE,12,False,FALSE
B4,Q2,1,256,256,201,True,FALSE,6,False,FALSE
B4,Q2,1,256,256,208,True,FALSE,3,False,FALSE
B4,Q2,1,256,256,211,True,FALSE,6,False,FALSE
B4,Q2,1,256,256,212,True,FALSE,3,False,FALSE
B4,Q2,1,256,256,214,True,FALSE,6,False,FALSE
B4,Q2,1,256,256,219,True,FALSE,6,False,FALSE
B4,Q2,1,256,256,220,True,FALSE,18,False,FALSE
B4,Q2,1,256,256,221,True,FALSE,6,False,FALSE
B4,Q2,1,256,256,222,True,FALSE,12,False,FALSE
B4,Q2,1,256,256,224,True,FALSE,12,False,FALSE
B4,Q2,1,256,256,225,True,FALSE,6,False,FALSE
B4,Q2,1,256,256,226,True,FALSE,3,False,FALSE
B4,Q2,1,256,256,227,True,FALSE,6,False,FALSE
B4,Q2,1,256,256,228,True,FALSE,18,False,FALSE
B4,Q2,1,256,256,231,True,FALSE,12,False,FALSE
B4,Q2,1,256,256,234,True,FALSE,24,False,FALSE
B4,Q2,1,256,256,237,True,FALSE,14,False,FALSE
B4,Q2,1,256,256,238,True,FALSE,3,False,FALSE
B4,Q2,1,256,256,239,True,FALSE,18,False,FALSE
B4,Q2,1,256,256,242,True,FALSE,18,False,FALSE
B4,Q2,1,256,256,244,True,FALSE,15,False,FALSE
B4,Q2,1,256,256,245,True,FALSE,9,False,FALSE
B4,Q2,1,256,256,248,True,FALSE,18,False,FALSE
B4,Q2,1,256,256,250,True,FALSE,27,False,FALSE
B4,Q2,1,256,256,251,True,FALSE,12,False,FALSE
B4,Q2,1,256,256,252,True,FALSE,47,False,FALSE
B4,Q2,1,256,256,253,True,FALSE,6,False,FALSE
B4,Q2,1,256,256,254,True,FALSE,93,False,FALSE
B4,Q2,1,256,256,255,True,FALSE,30,False,FALSE
B4,Q2,1,256,256,256,True,MC_UNRESOLVED,31652,True,MC_UNRESOLVED
