scenario,horizon,alpha,beta,tau,rho,nv,nr,K,present,multiplicity
D0,1,0.5,0.1,0,0.5,64,64,64,True,1024
D1,1,0.5,0.1,0,0.5,64,64,64,True,1024
D2,1,0.5,0.1,0,0.5,64,64,64,True,1024
D3,1,0.5,0.1,0,0.5,64,64,64,True,1024
D0,1,0.5,0.1,0,1,64,0,64,True,1020
D0,1,0.5,0.1,0,1,64,1,64,True,3
D0,1,0.5,0.1,0,1,64,7,64,True,1
D1,1,0.5,0.1,0,1,64,0,64,True,1024
D2,1,0.5,0.1,0,1,64,0,64,True,1024
D3,1,0.5,0.1,0,1,64,0,64,True,1024
D0,1,0.5,0.1,2,0.5,64,64,64,True,1024
D1,1,0.5,0.1,2,0.5,64,64,64,True,1024
D2,1,0.5,0.1,2,0.5,64,64,64,True,1024
D3,1,0.5,0.1,2,0.5,64,64,64,True,1024
D0,1,0.5,0.1,2,1,64,0,64,True,1020
D0,1,0.5,0.1,2,1,64,1,64,True,3
D0,1,0.5,0.1,2,1,64,7,64,True,1
D1,1,0.5,0.1,2,1,64,0,64,True,1024
D2,1,0.5,0.1,2,1,64,0,64,True,1024
D3,1,0.5,0.1,2,1,64,0,64,True,1024
D0,1,0.5,0.1,5,0.5,64,64,64,True,1024
D1,1,0.5,0.1,5,0.5,64,64,64,True,1024
D2,1,0.5,0.1,5,0.5,64,64,64,True,1024
D3,1,0.5,0.1,5,0.5,64,64,64,True,1024
D0,1,0.5,0.1,5,1,64,0,64,True,1020
D0,1,0.5,0.1,5,1,64,1,64,True,3
D0,1,0.5,0.1,5,1,64,7,64,True,1
D1,1,0.5,0.1,5,1,64,0,64,True,1024
D2,1,0.5,0.1,5,1,64,0,64,True,1024
D3,1,0.5,0.1,5,1,64,0,64,True,1024
D0,5,0.5,0.1,0,0.5,64,64,64,True,1024
D1,5,0.5,0.1,0,0.5,64,64,64,True,1024
D2,5,0.5,0.1,0,0.5,64,64,64,True,1024
D3,5,0.5,0.1,0,0.5,64,64,64,True,1024
D0,5,0.5,0.1,0,1,64,0,64,True,1024
D1,5,0.5,0.1,0,1,64,0,64,True,1024
D2,5,0.5,0.1,0,1,64,0,64,True,1024
D3,5,0.5,0.1,0,1,64,0,64,True,1024
D0,5,0.5,0.1,2,0.5,64,64,64,True,1024
D1,5,0.5,0.1,2,0.5,64,64,64,True,1024
D2,5,0.5,0.1,2,0.5,64,64,64,True,1024
D3,5,0.5,0.1,2,0.5,64,64,64,True,1024
D0,5,0.5,0.1,2,1,64,0,64,True,1024
D1,5,0.5,0.1,2,1,64,0,64,True,1024
D2,5,0.5,0.1,2,1,64,0,64,True,1024
D3,5,0.5,0.1,2,1,64,0,64,True,1024
D0,5,0.5,0.1,5,0.5,64,64,64,True,1024
D1,5,0.5,0.1,5,0.5,64,64,64,True,1024
D2,5,0.5,0.1,5,0.5,64,64,64,True,1024
D3,5,0.5,0.1,5,0.5,64,64,64,True,1024
D0,5,0.5,0.1,5,1,64,0,64,True,1024
D1,5,0.5,0.1,5,1,64,0,64,True,1024
D2,5,0.5,0.1,5,1,64,0,64,True,1024
D3,5,0.5,0.1,5,1,64,0,64,True,1024
D0,10,0.5,0.1,0,0.5,64,64,64,True,1024
D1,10,0.5,0.1,0,0.5,64,64,64,True,1024
D2,10,0.5,0.1,0,0.5,64,64,64,True,1024
D3,10,0.5,0.1,0,0.5,64,0,64,True,613
D3,10,0.5,0.1,0,0.5,64,1,64,True,11
D3,10,0.5,0.1,0,0.5,64,2,64,True,11
D3,10,0.5,0.1,0,0.5,64,3,64,True,7
D3,10,0.5,0.1,0,0.5,64,4,64,True,5
D3,10,0.5,0.1,0,0.5,64,5,64,True,7
D3,10,0.5,0.1,0,0.5,64,6,64,True,1
D3,10,0.5,0.1,0,0.5,64,7,64,True,5
D3,10,0.5,0.1,0,0.5,64,8,64,True,7
D3,10,0.5,0.1,0,0.5,64,9,64,True,2
D3,10,0.5,0.1,0,0.5,64,10,64,True,1
D3,10,0.5,0.1,0,0.5,64,11,64,True,1
D3,10,0.5,0.1,0,0.5,64,12,64,True,3
D3,10,0.5,0.1,0,0.5,64,13,64,True,3
D3,10,0.5,0.1,0,0.5,64,14,64,True,1
D3,10,0.5,0.1,0,0.5,64,15,64,True,3
D3,10,0.5,0.1,0,0.5,64,16,64,True,3
D3,10,0.5,0.1,0,0.5,64,17,64,True,1
D3,10,0.5,0.1,0,0.5,64,19,64,True,3
D3,10,0.5,0.1,0,0.5,64,20,64,True,1
D3,10,0.5,0.1,0,0.5,64,21,64,True,2
D3,10,0.5,0.1,0,0.5,64,23,64,True,3
D3,10,0.5,0.1,0,0.5,64,24,64,True,3
D3,10,0.5,0.1,0,0.5,64,25,64,True,3
D3,10,0.5,0.1,0,0.5,64,26,64,True,3
D3,10,0.5,0.1,0,0.5,64,27,64,True,1
D3,10,0.5,0.1,0,0.5,64,29,64,True,1
D3,10,0.5,0.1,0,0.5,64,30,64,True,1
D3,10,0.5,0.1,0,0.5,64,31,64,True,2
D3,10,0.5,0.1,0,0.5,64,33,64,True,3
D3,10,0.5,0.1,0,0.5,64,34,64,True,2
D3,10,0.5,0.1,0,0.5,64,35,64,True,3
D3,10,0.5,0.1,0,0.5,64,38,64,True,2
D3,10,0.5,0.1,0,0.5,64,42,64,True,1
D3,10,0.5,0.1,0,0.5,64,43,64,True,2
D3,10,0.5,0.1,0,0.5,64,44,64,True,1
D3,10,0.5,0.1,0,0.5,64,46,64,True,2
D3,10,0.5,0.1,0,0.5,64,48,64,True,1
D3,10,0.5,0.1,0,0.5,64,49,64,True,1
D3,10,0.5,0.1,0,0.5,64,50,64,True,1
D3,10,0.5,0.1,0,0.5,64,51,64,True,1
D3,10,0.5,0.1,0,0.5,64,52,64,True,2
D3,10,0.5,0.1,0,0.5,64,53,64,True,2
D3,10,0.5,0.1,0,0.5,64,55,64,True,3
D3,10,0.5,0.1,0,0.5,64,56,64,True,7
D3,10,0.5,0.1,0,0.5,64,57,64,True,4
D3,10,0.5,0.1,0,0.5,64,58,64,True,1
D3,10,0.5,0.1,0,0.5,64,59,64,True,5
D3,10,0.5,0.1,0,0.5,64,60,64,True,3
D3,10,0.5,0.1,0,0.5,64,61,64,True,3
D3,10,0.5,0.1,0,0.5,64,62,64,True,6
D3,10,0.5,0.1,0,0.5,64,63,64,True,22
D3,10,0.5,0.1,0,0.5,64,64,64,True,238
D0,10,0.5,0.1,0,1,64,0,64,True,1024
D1,10,0.5,0.1,0,1,64,0,64,True,1024
D2,10,0.5,0.1,0,1,64,0,64,True,1024
D3,10,0.5,0.1,0,1,64,0,64,True,1024
D0,10,0.5,0.1,2,0.5,64,64,64,True,1024
D1,10,0.5,0.1,2,0.5,64,64,64,True,1024
D2,10,0.5,0.1,2,0.5,64,64,64,True,1024
D3,10,0.5,0.1,2,0.5,64,0,64,True,613
D3,10,0.5,0.1,2,0.5,64,1,64,True,11
D3,10,0.5,0.1,2,0.5,64,2,64,True,11
D3,10,0.5,0.1,2,0.5,64,3,64,True,7
D3,10,0.5,0.1,2,0.5,64,4,64,True,5
D3,10,0.5,0.1,2,0.5,64,5,64,True,7
D3,10,0.5,0.1,2,0.5,64,6,64,True,1
D3,10,0.5,0.1,2,0.5,64,7,64,True,5
D3,10,0.5,0.1,2,0.5,64,8,64,True,7
D3,10,0.5,0.1,2,0.5,64,9,64,True,2
D3,10,0.5,0.1,2,0.5,64,10,64,True,1
D3,10,0.5,0.1,2,0.5,64,11,64,True,1
D3,10,0.5,0.1,2,0.5,64,12,64,True,3
D3,10,0.5,0.1,2,0.5,64,13,64,True,3
D3,10,0.5,0.1,2,0.5,64,14,64,True,1
D3,10,0.5,0.1,2,0.5,64,15,64,True,3
D3,10,0.5,0.1,2,0.5,64,16,64,True,3
D3,10,0.5,0.1,2,0.5,64,17,64,True,1
D3,10,0.5,0.1,2,0.5,64,19,64,True,3
D3,10,0.5,0.1,2,0.5,64,20,64,True,1
D3,10,0.5,0.1,2,0.5,64,21,64,True,2
D3,10,0.5,0.1,2,0.5,64,23,64,True,3
D3,10,0.5,0.1,2,0.5,64,24,64,True,3
D3,10,0.5,0.1,2,0.5,64,25,64,True,3
D3,10,0.5,0.1,2,0.5,64,26,64,True,3
D3,10,0.5,0.1,2,0.5,64,27,64,True,1
D3,10,0.5,0.1,2,0.5,64,29,64,True,1
D3,10,0.5,0.1,2,0.5,64,30,64,True,1
D3,10,0.5,0.1,2,0.5,64,31,64,True,2
D3,10,0.5,0.1,2,0.5,64,33,64,True,3
D3,10,0.5,0.1,2,0.5,64,34,64,True,2
D3,10,0.5,0.1,2,0.5,64,35,64,True,3
D3,10,0.5,0.1,2,0.5,64,38,64,True,2
D3,10,0.5,0.1,2,0.5,64,42,64,True,1
D3,10,0.5,0.1,2,0.5,64,43,64,True,2
D3,10,0.5,0.1,2,0.5,64,44,64,True,1
D3,10,0.5,0.1,2,0.5,64,46,64,True,2
D3,10,0.5,0.1,2,0.5,64,48,64,True,1
D3,10,0.5,0.1,2,0.5,64,49,64,True,1
D3,10,0.5,0.1,2,0.5,64,50,64,True,1
D3,10,0.5,0.1,2,0.5,64,51,64,True,1
D3,10,0.5,0.1,2,0.5,64,52,64,True,2
D3,10,0.5,0.1,2,0.5,64,53,64,True,2
D3,10,0.5,0.1,2,0.5,64,55,64,True,3
D3,10,0.5,0.1,2,0.5,64,56,64,True,7
D3,10,0.5,0.1,2,0.5,64,57,64,True,4
D3,10,0.5,0.1,2,0.5,64,58,64,True,1
D3,10,0.5,0.1,2,0.5,64,59,64,True,5
D3,10,0.5,0.1,2,0.5,64,60,64,True,3
D3,10,0.5,0.1,2,0.5,64,61,64,True,3
D3,10,0.5,0.1,2,0.5,64,62,64,True,6
D3,10,0.5,0.1,2,0.5,64,63,64,True,22
D3,10,0.5,0.1,2,0.5,64,64,64,True,238
D0,10,0.5,0.1,2,1,64,0,64,True,1024
D1,10,0.5,0.1,2,1,64,0,64,True,1024
D2,10,0.5,0.1,2,1,64,0,64,True,1024
D3,10,0.5,0.1,2,1,64,0,64,True,1024
D0,10,0.5,0.1,5,0.5,64,64,64,True,1024
D1,10,0.5,0.1,5,0.5,64,64,64,True,1024
D2,10,0.5,0.1,5,0.5,64,64,64,True,1024
D3,10,0.5,0.1,5,0.5,64,0,64,True,613
D3,10,0.5,0.1,5,0.5,64,1,64,True,11
D3,10,0.5,0.1,5,0.5,64,2,64,True,11
D3,10,0.5,0.1,5,0.5,64,3,64,True,7
D3,10,0.5,0.1,5,0.5,64,4,64,True,5
D3,10,0.5,0.1,5,0.5,64,5,64,True,7
D3,10,0.5,0.1,5,0.5,64,6,64,True,1
D3,10,0.5,0.1,5,0.5,64,7,64,True,5
D3,10,0.5,0.1,5,0.5,64,8,64,True,7
D3,10,0.5,0.1,5,0.5,64,9,64,True,2
D3,10,0.5,0.1,5,0.5,64,10,64,True,1
D3,10,0.5,0.1,5,0.5,64,11,64,True,1
D3,10,0.5,0.1,5,0.5,64,12,64,True,3
D3,10,0.5,0.1,5,0.5,64,13,64,True,3
D3,10,0.5,0.1,5,0.5,64,14,64,True,1
D3,10,0.5,0.1,5,0.5,64,15,64,True,3
D3,10,0.5,0.1,5,0.5,64,16,64,True,3
D3,10,0.5,0.1,5,0.5,64,17,64,True,1
D3,10,0.5,0.1,5,0.5,64,19,64,True,3
D3,10,0.5,0.1,5,0.5,64,20,64,True,1
D3,10,0.5,0.1,5,0.5,64,21,64,True,2
D3,10,0.5,0.1,5,0.5,64,23,64,True,3
D3,10,0.5,0.1,5,0.5,64,24,64,True,3
D3,10,0.5,0.1,5,0.5,64,25,64,True,3
D3,10,0.5,0.1,5,0.5,64,26,64,True,3
D3,10,0.5,0.1,5,0.5,64,27,64,True,1
D3,10,0.5,0.1,5,0.5,64,29,64,True,1
D3,10,0.5,0.1,5,0.5,64,30,64,True,1
D3,10,0.5,0.1,5,0.5,64,31,64,True,2
D3,10,0.5,0.1,5,0.5,64,33,64,True,3
D3,10,0.5,0.1,5,0.5,64,34,64,True,2
D3,10,0.5,0.1,5,0.5,64,35,64,True,3
D3,10,0.5,0.1,5,0.5,64,38,64,True,2
D3,10,0.5,0.1,5,0.5,64,42,64,True,1
D3,10,0.5,0.1,5,0.5,64,43,64,True,2
D3,10,0.5,0.1,5,0.5,64,44,64,True,1
D3,10,0.5,0.1,5,0.5,64,46,64,True,2
D3,10,0.5,0.1,5,0.5,64,48,64,True,1
D3,10,0.5,0.1,5,0.5,64,49,64,True,1
D3,10,0.5,0.1,5,0.5,64,50,64,True,1
D3,10,0.5,0.1,5,0.5,64,51,64,True,1
D3,10,0.5,0.1,5,0.5,64,52,64,True,2
D3,10,0.5,0.1,5,0.5,64,53,64,True,2
D3,10,0.5,0.1,5,0.5,64,55,64,True,3
D3,10,0.5,0.1,5,0.5,64,56,64,True,7
D3,10,0.5,0.1,5,0.5,64,57,64,True,4
D3,10,0.5,0.1,5,0.5,64,58,64,True,1
D3,10,0.5,0.1,5,0.5,64,59,64,True,5
D3,10,0.5,0.1,5,0.5,64,60,64,True,3
D3,10,0.5,0.1,5,0.5,64,61,64,True,3
D3,10,0.5,0.1,5,0.5,64,62,64,True,6
D3,10,0.5,0.1,5,0.5,64,63,64,True,22
D3,10,0.5,0.1,5,0.5,64,64,64,True,238
D0,10,0.5,0.1,5,1,64,0,64,True,1024
D1,10,0.5,0.1,5,1,64,0,64,True,1024
D2,10,0.5,0.1,5,1,64,0,64,True,1024
D3,10,0.5,0.1,5,1,64,0,64,True,1024
D0,20,0.5,0.1,0,0.5,64,64,64,True,1024
D1,20,0.5,0.1,0,0.5,64,0,64,True,641
D1,20,0.5,0.1,0,0.5,64,1,64,True,15
D1,20,0.5,0.1,0,0.5,64,2,64,True,5
D1,20,0.5,0.1,0,0.5,64,3,64,True,4
D1,20,0.5,0.1,0,0.5,64,5,64,True,5
D1,20,0.5,0.1,0,0.5,64,6,64,True,4
D1,20,0.5,0.1,0,0.5,64,7,64,True,2
D1,20,0.5,0.1,0,0.5,64,9,64,True,3
D1,20,0.5,0.1,0,0.5,64,10,64,True,1
D1,20,0.5,0.1,0,0.5,64,12,64,True,1
D1,20,0.5,0.1,0,0.5,64,13,64,True,1
D1,20,0.5,0.1,0,0.5,64,15,64,True,2
D1,20,0.5,0.1,0,0.5,64,16,64,True,1
D1,20,0.5,0.1,0,0.5,64,17,64,True,1
D1,20,0.5,0.1,0,0.5,64,18,64,True,2
D1,20,0.5,0.1,0,0.5,64,19,64,True,4
D1,20,0.5,0.1,0,0.5,64,21,64,True,2
D1,20,0.5,0.1,0,0.5,64,23,64,True,1
D1,20,0.5,0.1,0,0.5,64,25,64,True,3
D1,20,0.5,0.1,0,0.5,64,26,64,True,2
D1,20,0.5,0.1,0,0.5,64,27,64,True,1
D1,20,0.5,0.1,0,0.5,64,28,64,True,3
D1,20,0.5,0.1,0,0.5,64,30,64,True,1
D1,20,0.5,0.1,0,0.5,64,32,64,True,1
D1,20,0.5,0.1,0,0.5,64,36,64,True,1
D1,20,0.5,0.1,0,0.5,64,37,64,True,1
D1,20,0.5,0.1,0,0.5,64,39,64,True,1
D1,20,0.5,0.1,0,0.5,64,41,64,True,2
D1,20,0.5,0.1,0,0.5,64,45,64,True,3
D1,20,0.5,0.1,0,0.5,64,46,64,True,1
D1,20,0.5,0.1,0,0.5,64,47,64,True,1
D1,20,0.5,0.1,0,0.5,64,48,64,True,6
D1,20,0.5,0.1,0,0.5,64,49,64,True,4
D1,20,0.5,0.1,0,0.5,64,50,64,True,3
D1,20,0.5,0.1,0,0.5,64,51,64,True,1
D1,20,0.5,0.1,0,0.5,64,53,64,True,2
D1,20,0.5,0.1,0,0.5,64,55,64,True,1
D1,20,0.5,0.1,0,0.5,64,56,64,True,2
D1,20,0.5,0.1,0,0.5,64,57,64,True,3
D1,20,0.5,0.1,0,0.5,64,58,64,True,1
D1,20,0.5,0.1,0,0.5,64,59,64,True,1
D1,20,0.5,0.1,0,0.5,64,60,64,True,3
D1,20,0.5,0.1,0,0.5,64,61,64,True,5
D1,20,0.5,0.1,0,0.5,64,62,64,True,5
D1,20,0.5,0.1,0,0.5,64,63,64,True,16
D1,20,0.5,0.1,0,0.5,64,64,64,True,255
D2,20,0.5,0.1,0,0.5,64,64,64,True,1024
D3,20,0.5,0.1,0,0.5,64,0,64,True,1024
D0,20,0.5,0.1,0,1,64,0,64,True,1022
D0,20,0.5,0.1,0,1,64,18,64,True,1
D0,20,0.5,0.1,0,1,64,19,64,True,1
D1,20,0.5,0.1,0,1,64,0,64,True,1024
D2,20,0.5,0.1,0,1,64,0,64,True,1024
D3,20,0.5,0.1,0,1,64,0,64,True,1024
D0,20,0.5,0.1,2,0.5,64,64,64,True,1024
D1,20,0.5,0.1,2,0.5,64,0,64,True,641
D1,20,0.5,0.1,2,0.5,64,1,64,True,15
D1,20,0.5,0.1,2,0.5,64,2,64,True,5
D1,20,0.5,0.1,2,0.5,64,3,64,True,4
D1,20,0.5,0.1,2,0.5,64,5,64,True,5
D1,20,0.5,0.1,2,0.5,64,6,64,True,4
D1,20,0.5,0.1,2,0.5,64,7,64,True,2
D1,20,0.5,0.1,2,0.5,64,9,64,True,3
D1,20,0.5,0.1,2,0.5,64,10,64,True,1
D1,20,0.5,0.1,2,0.5,64,12,64,True,1
D1,20,0.5,0.1,2,0.5,64,13,64,True,1
D1,20,0.5,0.1,2,0.5,64,15,64,True,2
D1,20,0.5,0.1,2,0.5,64,16,64,True,1
D1,20,0.5,0.1,2,0.5,64,17,64,True,1
D1,20,0.5,0.1,2,0.5,64,18,64,True,2
D1,20,0.5,0.1,2,0.5,64,19,64,True,4
D1,20,0.5,0.1,2,0.5,64,21,64,True,2
D1,20,0.5,0.1,2,0.5,64,23,64,True,1
D1,20,0.5,0.1,2,0.5,64,25,64,True,3
D1,20,0.5,0.1,2,0.5,64,26,64,True,2
D1,20,0.5,0.1,2,0.5,64,27,64,True,1
D1,20,0.5,0.1,2,0.5,64,28,64,True,3
D1,20,0.5,0.1,2,0.5,64,30,64,True,1
D1,20,0.5,0.1,2,0.5,64,32,64,True,1
D1,20,0.5,0.1,2,0.5,64,36,64,True,1
D1,20,0.5,0.1,2,0.5,64,37,64,True,1
D1,20,0.5,0.1,2,0.5,64,39,64,True,1
D1,20,0.5,0.1,2,0.5,64,41,64,True,2
D1,20,0.5,0.1,2,0.5,64,45,64,True,3
D1,20,0.5,0.1,2,0.5,64,46,64,True,1
D1,20,0.5,0.1,2,0.5,64,47,64,True,1
D1,20,0.5,0.1,2,0.5,64,48,64,True,6
D1,20,0.5,0.1,2,0.5,64,49,64,True,4
D1,20,0.5,0.1,2,0.5,64,50,64,True,3
D1,20,0.5,0.1,2,0.5,64,51,64,True,1
D1,20,0.5,0.1,2,0.5,64,53,64,True,2
D1,20,0.5,0.1,2,0.5,64,55,64,True,1
D1,20,0.5,0.1,2,0.5,64,56,64,True,2
D1,20,0.5,0.1,2,0.5,64,57,64,True,3
D1,20,0.5,0.1,2,0.5,64,58,64,True,1
D1,20,0.5,0.1,2,0.5,64,59,64,True,1
D1,20,0.5,0.1,2,0.5,64,60,64,True,3
D1,20,0.5,0.1,2,0.5,64,61,64,True,5
D1,20,0.5,0.1,2,0.5,64,62,64,True,5
D1,20,0.5,0.1,2,0.5,64,63,64,True,16
D1,20,0.5,0.1,2,0.5,64,64,64,True,255
D2,20,0.5,0.1,2,0.5,64,64,64,True,1024
D3,20,0.5,0.1,2,0.5,64,0,64,True,1024
D0,20,0.5,0.1,2,1,64,0,64,True,1022
D0,20,0.5,0.1,2,1,64,18,64,True,1
D0,20,0.5,0.1,2,1,64,19,64,True,1
D1,20,0.5,0.1,2,1,64,0,64,True,1024
D2,20,0.5,0.1,2,1,64,0,64,True,1024
D3,20,0.5,0.1,2,1,64,0,64,True,1024
D0,20,0.5,0.1,5,0.5,64,64,64,True,1024
D1,20,0.5,0.1,5,0.5,64,0,64,True,641
D1,20,0.5,0.1,5,0.5,64,1,64,True,15
D1,20,0.5,0.1,5,0.5,64,2,64,True,5
D1,20,0.5,0.1,5,0.5,64,3,64,True,4
D1,20,0.5,0.1,5,0.5,64,5,64,True,5
D1,20,0.5,0.1,5,0.5,64,6,64,True,4
D1,20,0.5,0.1,5,0.5,64,7,64,True,2
D1,20,0.5,0.1,5,0.5,64,9,64,True,3
D1,20,0.5,0.1,5,0.5,64,10,64,True,1
D1,20,0.5,0.1,5,0.5,64,12,64,True,1
D1,20,0.5,0.1,5,0.5,64,13,64,True,1
D1,20,0.5,0.1,5,0.5,64,15,64,True,2
D1,20,0.5,0.1,5,0.5,64,16,64,True,1
D1,20,0.5,0.1,5,0.5,64,17,64,True,1
D1,20,0.5,0.1,5,0.5,64,18,64,True,2
D1,20,0.5,0.1,5,0.5,64,19,64,True,4
D1,20,0.5,0.1,5,0.5,64,21,64,True,2
D1,20,0.5,0.1,5,0.5,64,23,64,True,1
D1,20,0.5,0.1,5,0.5,64,25,64,True,3
D1,20,0.5,0.1,5,0.5,64,26,64,True,2
D1,20,0.5,0.1,5,0.5,64,27,64,True,1
D1,20,0.5,0.1,5,0.5,64,28,64,True,3
D1,20,0.5,0.1,5,0.5,64,30,64,True,1
D1,20,0.5,0.1,5,0.5,64,32,64,True,1
D1,20,0.5,0.1,5,0.5,64,36,64,True,1
D1,20,0.5,0.1,5,0.5,64,37,64,True,1
D1,20,0.5,0.1,5,0.5,64,39,64,True,1
D1,20,0.5,0.1,5,0.5,64,41,64,True,2
D1,20,0.5,0.1,5,0.5,64,45,64,True,3
D1,20,0.5,0.1,5,0.5,64,46,64,True,1
D1,20,0.5,0.1,5,0.5,64,47,64,True,1
D1,20,0.5,0.1,5,0.5,64,48,64,True,6
D1,20,0.5,0.1,5,0.5,64,49,64,True,4
D1,20,0.5,0.1,5,0.5,64,50,64,True,3
D1,20,0.5,0.1,5,0.5,64,51,64,True,1
D1,20,0.5,0.1,5,0.5,64,53,64,True,2
D1,20,0.5,0.1,5,0.5,64,55,64,True,1
D1,20,0.5,0.1,5,0.5,64,56,64,True,2
D1,20,0.5,0.1,5,0.5,64,57,64,True,3
D1,20,0.5,0.1,5,0.5,64,58,64,True,1
D1,20,0.5,0.1,5,0.5,64,59,64,True,1
D1,20,0.5,0.1,5,0.5,64,60,64,True,3
D1,20,0.5,0.1,5,0.5,64,61,64,True,5
D1,20,0.5,0.1,5,0.5,64,62,64,True,5
D1,20,0.5,0.1,5,0.5,64,63,64,True,16
D1,20,0.5,0.1,5,0.5,64,64,64,True,255
D2,20,0.5,0.1,5,0.5,64,64,64,True,1024
D3,20,0.5,0.1,5,0.5,64,0,64,True,1024
D0,20,0.5,0.1,5,1,64,0,64,True,1022
D0,20,0.5,0.1,5,1,64,18,64,True,1
D0,20,0.5,0.1,5,1,64,19,64,True,1
D1,20,0.5,0.1,5,1,64,0,64,True,1024
D2,20,0.5,0.1,5,1,64,0,64,True,1024
D3,20,0.5,0.1,5,1,64,0,64,True,1024
D0,1,0.5,0.4,0,0.5,64,64,64,True,1024
D1,1,0.5,0.4,0,0.5,64,64,64,True,1024
D2,1,0.5,0.4,0,0.5,64,64,64,True,1024
D3,1,0.5,0.4,0,0.5,64,64,64,True,1024
D0,1,0.5,0.4,0,1,64,0,64,True,1020
D0,1,0.5,0.4,0,1,64,1,64,True,3
D0,1,0.5,0.4,0,1,64,7,64,True,1
D1,1,0.5,0.4,0,1,64,0,64,True,1024
D2,1,0.5,0.4,0,1,64,0,64,True,1024
D3,1,0.5,0.4,0,1,64,0,64,True,1024
D0,1,0.5,0.4,2,0.5,64,64,64,True,1024
D1,1,0.5,0.4,2,0.5,64,64,64,True,1024
D2,1,0.5,0.4,2,0.5,64,64,64,True,1024
D3,1,0.5,0.4,2,0.5,64,64,64,True,1024
D0,1,0.5,0.4,2,1,64,0,64,True,1020
D0,1,0.5,0.4,2,1,64,1,64,True,3
D0,1,0.5,0.4,2,1,64,7,64,True,1
D1,1,0.5,0.4,2,1,64,0,64,True,1024
D2,1,0.5,0.4,2,1,64,0,64,True,1024
D3,1,0.5,0.4,2,1,64,0,64,True,1024
D0,1,0.5,0.4,5,0.5,64,64,64,True,1024
D1,1,0.5,0.4,5,0.5,64,64,64,True,1024
D2,1,0.5,0.4,5,0.5,64,64,64,True,1024
D3,1,0.5,0.4,5,0.5,64,64,64,True,1024
D0,1,0.5,0.4,5,1,64,0,64,True,1020
D0,1,0.5,0.4,5,1,64,1,64,True,3
D0,1,0.5,0.4,5,1,64,7,64,True,1
D1,1,0.5,0.4,5,1,64,0,64,True,1024
D2,1,0.5,0.4,5,1,64,0,64,True,1024
D3,1,0.5,0.4,5,1,64,0,64,True,1024
D0,5,0.5,0.4,0,0.5,64,64,64,True,1024
D1,5,0.5,0.4,0,0.5,64,64,64,True,1024
D2,5,0.5,0.4,0,0.5,64,64,64,True,1024
D3,5,0.5,0.4,0,0.5,0,0,64,True,8
D3,5,0.5,0.4,0,0.5,2,2,64,True,2
D3,5,0.5,0.4,0,0.5,63,63,64,True,1
D3,5,0.5,0.4,0,0.5,64,64,64,True,1013
D0,5,0.5,0.4,0,1,64,0,64,True,1024
D1,5,0.5,0.4,0,1,64,0,64,True,1024
D2,5,0.5,0.4,0,1,64,0,64,True,1024
D3,5,0.5,0.4,0,1,0,0,64,True,8
D3,5,0.5,0.4,0,1,2,0,64,True,2
D3,5,0.5,0.4,0,1,63,0,64,True,1
D3,5,0.5,0.4,0,1,64,0,64,True,1013
D0,5,0.5,0.4,2,0.5,64,64,64,True,1024
D1,5,0.5,0.4,2,0.5,64,64,64,True,1024
D2,5,0.5,0.4,2,0.5,64,64,64,True,1024
D3,5,0.5,0.4,2,0.5,0,0,64,True,8
D3,5,0.5,0.4,2,0.5,2,2,64,True,2
D3,5,0.5,0.4,2,0.5,63,63,64,True,1
D3,5,0.5,0.4,2,0.5,64,64,64,True,1013
D0,5,0.5,0.4,2,1,64,0,64,True,1024
D1,5,0.5,0.4,2,1,64,0,64,True,1024
D2,5,0.5,0.4,2,1,64,0,64,True,1024
D3,5,0.5,0.4,2,1,0,0,64,True,8
D3,5,0.5,0.4,2,1,2,0,64,True,2
D3,5,0.5,0.4,2,1,63,0,64,True,1
D3,5,0.5,0.4,2,1,64,0,64,True,1013
D0,5,0.5,0.4,5,0.5,64,64,64,True,1024
D1,5,0.5,0.4,5,0.5,64,64,64,True,1024
D2,5,0.5,0.4,5,0.5,64,64,64,True,1024
D3,5,0.5,0.4,5,0.5,0,0,64,True,8
D3,5,0.5,0.4,5,0.5,2,2,64,True,2
D3,5,0.5,0.4,5,0.5,63,63,64,True,1
D3,5,0.5,0.4,5,0.5,64,64,64,True,1013
D0,5,0.5,0.4,5,1,64,0,64,True,1024
D1,5,0.5,0.4,5,1,64,0,64,True,1024
D2,5,0.5,0.4,5,1,64,0,64,True,1024
D3,5,0.5,0.4,5,1,0,0,64,True,8
D3,5,0.5,0.4,5,1,2,0,64,True,2
D3,5,0.5,0.4,5,1,63,0,64,True,1
D3,5,0.5,0.4,5,1,64,0,64,True,1013
D0,10,0.5,0.4,0,0.5,64,64,64,True,1024
D1,10,0.5,0.4,0,0.5,0,0,64,True,2
D1,10,0.5,0.4,0,0.5,3,3,64,True,1
D1,10,0.5,0.4,0,0.5,4,4,64,True,1
D1,10,0.5,0.4,0,0.5,28,28,64,True,1
D1,10,0.5,0.4,0,0.5,30,30,64,True,1
D1,10,0.5,0.4,0,0.5,41,41,64,True,1
D1,10,0.5,0.4,0,0.5,46,46,64,True,1
D1,10,0.5,0.4,0,0.5,64,64,64,True,1016
D2,10,0.5,0.4,0,0.5,64,64,64,True,1024
D3,10,0.5,0.4,0,0.5,0,0,64,True,629
D3,10,0.5,0.4,0,0.5,1,0,64,True,6
D3,10,0.5,0.4,0,0.5,1,1,64,True,2
D3,10,0.5,0.4,0,0.5,2,0,64,True,1
D3,10,0.5,0.4,0,0.5,2,2,64,True,2
D3,10,0.5,0.4,0,0.5,3,0,64,True,5
D3,10,0.5,0.4,0,0.5,3,3,64,True,1
D3,10,0.5,0.4,0,0.5,5,0,64,True,1
D3,10,0.5,0.4,0,0.5,5,5,64,True,2
D3,10,0.5,0.4,0,0.5,6,0,64,True,1
D3,10,0.5,0.4,0,0.5,7,7,64,True,1
D3,10,0.5,0.4,0,0.5,8,0,64,True,1
D3,10,0.5,0.4,0,0.5,8,4,64,True,1
D3,10,0.5,0.4,0,0.5,9,0,64,True,1
D3,10,0.5,0.4,0,0.5,15,0,64,True,1
D3,10,0.5,0.4,0,0.5,17,0,64,True,1
D3,10,0.5,0.4,0,0.5,19,0,64,True,2
D3,10,0.5,0.4,0,0.5,20,0,64,True,2
D3,10,0.5,0.4,0,0.5,24,0,64,True,1
D3,10,0.5,0.4,0,0.5,25,0,64,True,1
D3,10,0.5,0.4,0,0.5,28,0,64,True,1
D3,10,0.5,0.4,0,0.5,30,0,64,True,1
D3,10,0.5,0.4,0,0.5,32,0,64,True,2
D3,10,0.5,0.4,0,0.5,33,0,64,True,2
D3,10,0.5,0.4,0,0.5,33,33,64,True,1
D3,10,0.5,0.4,0,0.5,34,0,64,True,1
D3,10,0.5,0.4,0,0.5,38,0,64,True,1
D3,10,0.5,0.4,0,0.5,43,0,64,True,1
D3,10,0.5,0.4,0,0.5,43,43,64,True,1
D3,10,0.5,0.4,0,0.5,45,45,64,True,1
D3,10,0.5,0.4,0,0.5,46,0,64,True,2
D3,10,0.5,0.4,0,0.5,46,46,64,True,1
D3,10,0.5,0.4,0,0.5,47,0,64,True,2
D3,10,0.5,0.4,0,0.5,49,49,64,True,1
D3,10,0.5,0.4,0,0.5,50,0,64,True,1
D3,10,0.5,0.4,0,0.5,50,50,64,True,1
D3,10,0.5,0.4,0,0.5,52,0,64,True,1
D3,10,0.5,0.4,0,0.5,54,0,64,True,1
D3,10,0.5,0.4,0,0.5,56,56,64,True,2
D3,10,0.5,0.4,0,0.5,57,20,64,True,1
D3,10,0.5,0.4,0,0.5,57,57,64,True,1
D3,10,0.5,0.4,0,0.5,58,24,64,True,1
D3,10,0.5,0.4,0,0.5,58,58,64,True,1
D3,10,0.5,0.4,0,0.5,59,59,64,True,1
D3,10,0.5,0.4,0,0.5,60,0,64,True,3
D3,10,0.5,0.4,0,0.5,60,60,64,True,1
D3,10,0.5,0.4,0,0.5,61,0,64,True,2
D3,10,0.5,0.4,0,0.5,61,61,64,True,1
D3,10,0.5,0.4,0,0.5,63,0,64,True,3
D3,10,0.5,0.4,0,0.5,63,63,64,True,3
D3,10,0.5,0.4,0,0.5,64,0,64,True,152
D3,10,0.5,0.4,0,0.5,64,1,64,True,5
D3,10,0.5,0.4,0,0.5,64,2,64,True,1
D3,10,0.5,0.4,0,0.5,64,3,64,True,3
D3,10,0.5,0.4,0,0.5,64,4,64,True,3
D3,10,0.5,0.4,0,0.5,64,5,64,True,2
D3,10,0.5,0.4,0,0.5,64,7,64,True,2
D3,10,0.5,0.4,0,0.5,64,8,64,True,1
D3,10,0.5,0.4,0,0.5,64,9,64,True,1
D3,10,0.5,0.4,0,0.5,64,10,64,True,1
D3,10,0.5,0.4,0,0.5,64,13,64,True,1
D3,10,0.5,0.4,0,0.5,64,19,64,True,2
D3,10,0.5,0.4,0,0.5,64,23,64,True,1
D3,10,0.5,0.4,0,0.5,64,24,64,True,1
D3,10,0.5,0.4,0,0.5,64,25,64,True,1
D3,10,0.5,0.4,0,0.5,64,26,64,True,2
D3,10,0.5,0.4,0,0.5,64,31,64,True,2
D3,10,0.5,0.4,0,0.5,64,33,64,True,1
D3,10,0.5,0.4,0,0.5,64,35,64,True,1
D3,10,0.5,0.4,0,0.5,64,42,64,True,1
D3,10,0.5,0.4,0,0.5,64,43,64,True,1
D3,10,0.5,0.4,0,0.5,64,44,64,True,1
D3,10,0.5,0.4,0,0.5,64,56,64,True,3
D3,10,0.5,0.4,0,0.5,64,57,64,True,4
D3,10,0.5,0.4,0,0.5,64,58,64,True,1
D3,10,0.5,0.4,0,0.5,64,59,64,True,3
D3,10,0.5,0.4,0,0.5,64,60,64,True,1
D3,10,0.5,0.4,0,0.5,64,61,64,True,2
D3,10,0.5,0.4,0,0.5,64,62,64,True,5
D3,10,0.5,0.4,0,0.5,64,63,64,True,9
D3,10,0.5,0.4,0,0.5,64,64,64,True,106
D0,10,0.5,0.4,0,1,64,0,64,True,1024
D1,10,0.5,0.4,0,1,0,0,64,True,2
D1,10,0.5,0.4,0,1,3,0,64,True,1
D1,10,0.5,0.4,0,1,4,0,64,True,1
D1,10,0.5,0.4,0,1,28,0,64,True,1
D1,10,0.5,0.4,0,1,30,0,64,True,1
D1,10,0.5,0.4,0,1,41,0,64,True,1
D1,10,0.5,0.4,0,1,46,0,64,True,1
D1,10,0.5,0.4,0,1,64,0,64,True,1016
D2,10,0.5,0.4,0,1,64,0,64,True,1024
D3,10,0.5,0.4,0,1,0,0,64,True,629
D3,10,0.5,0.4,0,1,1,0,64,True,8
D3,10,0.5,0.4,0,1,2,0,64,True,3
D3,10,0.5,0.4,0,1,3,0,64,True,6
D3,10,0.5,0.4,0,1,5,0,64,True,3
D3,10,0.5,0.4,0,1,6,0,64,True,1
D3,10,0.5,0.4,0,1,7,0,64,True,1
D3,10,0.5,0.4,0,1,8,0,64,True,2
D3,10,0.5,0.4,0,1,9,0,64,True,1
D3,10,0.5,0.4,0,1,15,0,64,True,1
D3,10,0.5,0.4,0,1,17,0,64,True,1
D3,10,0.5,0.4,0,1,19,0,64,True,2
D3,10,0.5,0.4,0,1,20,0,64,True,2
D3,10,0.5,0.4,0,1,24,0,64,True,1
D3,10,0.5,0.4,0,1,25,0,64,True,1
D3,10,0.5,0.4,0,1,28,0,64,True,1
D3,10,0.5,0.4,0,1,30,0,64,True,1
D3,10,0.5,0.4,0,1,32,0,64,True,2
D3,10,0.5,0.4,0,1,33,0,64,True,3
D3,10,0.5,0.4,0,1,34,0,64,True,1
D3,10,0.5,0.4,0,1,38,0,64,True,1
D3,10,0.5,0.4,0,1,43,0,64,True,2
D3,10,0.5,0.4,0,1,45,0,64,True,1
D3,10,0.5,0.4,0,1,46,0,64,True,3
D3,10,0.5,0.4,0,1,47,0,64,True,2
D3,10,0.5,0.4,0,1,49,0,64,True,1
D3,10,0.5,0.4,0,1,50,0,64,True,2
D3,10,0.5,0.4,0,1,52,0,64,True,1
D3,10,0.5,0.4,0,1,54,0,64,True,1
D3,10,0.5,0.4,0,1,56,0,64,True,2
D3,10,0.5,0.4,0,1,57,0,64,True,2
D3,10,0.5,0.4,0,1,58,0,64,True,2
D3,10,0.5,0.4,0,1,59,0,64,True,1
D3,10,0.5,0.4,0,1,60,0,64,True,4
D3,10,0.5,0.4,0,1,61,0,64,True,3
D3,10,0.5,0.4,0,1,63,0,64,True,6
D3,10,0.5,0.4,0,1,64,0,64,True,320
D0,10,0.5,0.4,2,0.5,64,64,64,True,1024
D1,10,0.5,0.4,2,0.5,0,0,64,True,2
D1,10,0.5,0.4,2,0.5,3,3,64,True,1
D1,10,0.5,0.4,2,0.5,4,4,64,True,1
D1,10,0.5,0.4,2,0.5,28,28,64,True,1
D1,10,0.5,0.4,2,0.5,30,30,64,True,1
D1,10,0.5,0.4,2,0.5,41,41,64,True,1
D1,10,0.5,0.4,2,0.5,46,46,64,True,1
D1,10,0.5,0.4,2,0.5,64,64,64,True,1016
D2,10,0.5,0.4,2,0.5,64,64,64,True,1024
D3,10,0.5,0.4,2,0.5,0,0,64,True,629
D3,10,0.5,0.4,2,0.5,1,0,64,True,6
D3,10,0.5,0.4,2,0.5,1,1,64,True,2
D3,10,0.5,0.4,2,0.5,2,0,64,True,1
D3,10,0.5,0.4,2,0.5,2,2,64,True,2
D3,10,0.5,0.4,2,0.5,3,0,64,True,5
D3,10,0.5,0.4,2,0.5,3,3,64,True,1
D3,10,0.5,0.4,2,0.5,5,0,64,True,1
D3,10,0.5,0.4,2,0.5,5,5,64,True,2
D3,10,0.5,0.4,2,0.5,6,0,64,True,1
D3,10,0.5,0.4,2,0.5,7,7,64,True,1
D3,10,0.5,0.4,2,0.5,8,0,64,True,1
D3,10,0.5,0.4,2,0.5,8,4,64,True,1
D3,10,0.5,0.4,2,0.5,9,0,64,True,1
D3,10,0.5,0.4,2,0.5,15,0,64,True,1
D3,10,0.5,0.4,2,0.5,17,0,64,True,1
D3,10,0.5,0.4,2,0.5,19,0,64,True,2
D3,10,0.5,0.4,2,0.5,20,0,64,True,2
D3,10,0.5,0.4,2,0.5,24,0,64,True,1
D3,10,0.5,0.4,2,0.5,25,0,64,True,1
D3,10,0.5,0.4,2,0.5,28,0,64,True,1
D3,10,0.5,0.4,2,0.5,30,0,64,True,1
D3,10,0.5,0.4,2,0.5,32,0,64,True,2
D3,10,0.5,0.4,2,0.5,33,0,64,True,2
D3,10,0.5,0.4,2,0.5,33,33,64,True,1
D3,10,0.5,0.4,2,0.5,34,0,64,True,1
D3,10,0.5,0.4,2,0.5,38,0,64,True,1
D3,10,0.5,0.4,2,0.5,43,0,64,True,1
D3,10,0.5,0.4,2,0.5,43,43,64,True,1
D3,10,0.5,0.4,2,0.5,45,45,64,True,1
D3,10,0.5,0.4,2,0.5,46,0,64,True,2
D3,10,0.5,0.4,2,0.5,46,46,64,True,1
D3,10,0.5,0.4,2,0.5,47,0,64,True,2
D3,10,0.5,0.4,2,0.5,49,49,64,True,1
D3,10,0.5,0.4,2,0.5,50,0,64,True,1
D3,10,0.5,0.4,2,0.5,50,50,64,True,1
D3,10,0.5,0.4,2,0.5,52,0,64,True,1
D3,10,0.5,0.4,2,0.5,54,0,64,True,1
D3,10,0.5,0.4,2,0.5,56,56,64,True,2
D3,10,0.5,0.4,2,0.5,57,20,64,True,1
D3,10,0.5,0.4,2,0.5,57,57,64,True,1
D3,10,0.5,0.4,2,0.5,58,24,64,True,1
D3,10,0.5,0.4,2,0.5,58,58,64,True,1
D3,10,0.5,0.4,2,0.5,59,59,64,True,1
D3,10,0.5,0.4,2,0.5,60,0,64,True,3
D3,10,0.5,0.4,2,0.5,60,60,64,True,1
D3,10,0.5,0.4,2,0.5,61,0,64,True,2
D3,10,0.5,0.4,2,0.5,61,61,64,True,1
D3,10,0.5,0.4,2,0.5,63,0,64,True,3
D3,10,0.5,0.4,2,0.5,63,63,64,True,3
D3,10,0.5,0.4,2,0.5,64,0,64,True,152
D3,10,0.5,0.4,2,0.5,64,1,64,True,5
D3,10,0.5,0.4,2,0.5,64,2,64,True,1
D3,10,0.5,0.4,2,0.5,64,3,64,True,3
D3,10,0.5,0.4,2,0.5,64,4,64,True,3
D3,10,0.5,0.4,2,0.5,64,5,64,True,2
D3,10,0.5,0.4,2,0.5,64,7,64,True,2
D3,10,0.5,0.4,2,0.5,64,8,64,True,1
D3,10,0.5,0.4,2,0.5,64,9,64,True,1
D3,10,0.5,0.4,2,0.5,64,10,64,True,1
D3,10,0.5,0.4,2,0.5,64,13,64,True,1
D3,10,0.5,0.4,2,0.5,64,19,64,True,2
D3,10,0.5,0.4,2,0.5,64,23,64,True,1
D3,10,0.5,0.4,2,0.5,64,24,64,True,1
D3,10,0.5,0.4,2,0.5,64,25,64,True,1
D3,10,0.5,0.4,2,0.5,64,26,64,True,2
D3,10,0.5,0.4,2,0.5,64,31,64,True,2
D3,10,0.5,0.4,2,0.5,64,33,64,True,1
D3,10,0.5,0.4,2,0.5,64,35,64,True,1
D3,10,0.5,0.4,2,0.5,64,42,64,True,1
D3,10,0.5,0.4,2,0.5,64,43,64,True,1
D3,10,0.5,0.4,2,0.5,64,44,64,True,1
D3,10,0.5,0.4,2,0.5,64,56,64,True,3
D3,10,0.5,0.4,2,0.5,64,57,64,True,4
D3,10,0.5,0.4,2,0.5,64,58,64,True,1
D3,10,0.5,0.4,2,0.5,64,59,64,True,3
D3,10,0.5,0.4,2,0.5,64,60,64,True,1
D3,10,0.5,0.4,2,0.5,64,61,64,True,2
D3,10,0.5,0.4,2,0.5,64,62,64,True,5
D3,10,0.5,0.4,2,0.5,64,63,64,True,9
D3,10,0.5,0.4,2,0.5,64,64,64,True,106
D0,10,0.5,0.4,2,1,64,0,64,True,1024
D1,10,0.5,0.4,2,1,0,0,64,True,2
D1,10,0.5,0.4,2,1,3,0,64,True,1
D1,10,0.5,0.4,2,1,4,0,64,True,1
D1,10,0.5,0.4,2,1,28,0,64,True,1
D1,10,0.5,0.4,2,1,30,0,64,True,1
D1,10,0.5,0.4,2,1,41,0,64,True,1
D1,10,0.5,0.4,2,1,46,0,64,True,1
D1,10,0.5,0.4,2,1,64,0,64,True,1016
D2,10,0.5,0.4,2,1,64,0,64,True,1024
D3,10,0.5,0.4,2,1,0,0,64,True,629
D3,10,0.5,0.4,2,1,1,0,64,True,8
D3,10,0.5,0.4,2,1,2,0,64,True,3
D3,10,0.5,0.4,2,1,3,0,64,True,6
D3,10,0.5,0.4,2,1,5,0,64,True,3
D3,10,0.5,0.4,2,1,6,0,64,True,1
D3,10,0.5,0.4,2,1,7,0,64,True,1
D3,10,0.5,0.4,2,1,8,0,64,True,2
D3,10,0.5,0.4,2,1,9,0,64,True,1
D3,10,0.5,0.4,2,1,15,0,64,True,1
D3,10,0.5,0.4,2,1,17,0,64,True,1
D3,10,0.5,0.4,2,1,19,0,64,True,2
D3,10,0.5,0.4,2,1,20,0,64,True,2
D3,10,0.5,0.4,2,1,24,0,64,True,1
D3,10,0.5,0.4,2,1,25,0,64,True,1
D3,10,0.5,0.4,2,1,28,0,64,True,1
D3,10,0.5,0.4,2,1,30,0,64,True,1
D3,10,0.5,0.4,2,1,32,0,64,True,2
D3,10,0.5,0.4,2,1,33,0,64,True,3
D3,10,0.5,0.4,2,1,34,0,64,True,1
D3,10,0.5,0.4,2,1,38,0,64,True,1
D3,10,0.5,0.4,2,1,43,0,64,True,2
D3,10,0.5,0.4,2,1,45,0,64,True,1
D3,10,0.5,0.4,2,1,46,0,64,True,3
D3,10,0.5,0.4,2,1,47,0,64,True,2
D3,10,0.5,0.4,2,1,49,0,64,True,1
D3,10,0.5,0.4,2,1,50,0,64,True,2
D3,10,0.5,0.4,2,1,52,0,64,True,1
D3,10,0.5,0.4,2,1,54,0,64,True,1
D3,10,0.5,0.4,2,1,56,0,64,True,2
D3,10,0.5,0.4,2,1,57,0,64,True,2
D3,10,0.5,0.4,2,1,58,0,64,True,2
D3,10,0.5,0.4,2,1,59,0,64,True,1
D3,10,0.5,0.4,2,1,60,0,64,True,4
D3,10,0.5,0.4,2,1,61,0,64,True,3
D3,10,0.5,0.4,2,1,63,0,64,True,6
D3,10,0.5,0.4,2,1,64,0,64,True,320
D0,10,0.5,0.4,5,0.5,64,64,64,True,1024
D1,10,0.5,0.4,5,0.5,0,0,64,True,2
D1,10,0.5,0.4,5,0.5,3,3,64,True,1
D1,10,0.5,0.4,5,0.5,4,4,64,True,1
D1,10,0.5,0.4,5,0.5,28,28,64,True,1
D1,10,0.5,0.4,5,0.5,30,30,64,True,1
D1,10,0.5,0.4,5,0.5,41,41,64,True,1
D1,10,0.5,0.4,5,0.5,46,46,64,True,1
D1,10,0.5,0.4,5,0.5,64,64,64,True,1016
D2,10,0.5,0.4,5,0.5,64,64,64,True,1024
D3,10,0.5,0.4,5,0.5,0,0,64,True,629
D3,10,0.5,0.4,5,0.5,1,0,64,True,6
D3,10,0.5,0.4,5,0.5,1,1,64,True,2
D3,10,0.5,0.4,5,0.5,2,0,64,True,1
D3,10,0.5,0.4,5,0.5,2,2,64,True,2
D3,10,0.5,0.4,5,0.5,3,0,64,True,5
D3,10,0.5,0.4,5,0.5,3,3,64,True,1
D3,10,0.5,0.4,5,0.5,5,0,64,True,1
D3,10,0.5,0.4,5,0.5,5,5,64,True,2
D3,10,0.5,0.4,5,0.5,6,0,64,True,1
D3,10,0.5,0.4,5,0.5,7,7,64,True,1
D3,10,0.5,0.4,5,0.5,8,0,64,True,1
D3,10,0.5,0.4,5,0.5,8,4,64,True,1
D3,10,0.5,0.4,5,0.5,9,0,64,True,1
D3,10,0.5,0.4,5,0.5,15,0,64,True,1
D3,10,0.5,0.4,5,0.5,17,0,64,True,1
D3,10,0.5,0.4,5,0.5,19,0,64,True,2
D3,10,0.5,0.4,5,0.5,20,0,64,True,2
D3,10,0.5,0.4,5,0.5,24,0,64,True,1
D3,10,0.5,0.4,5,0.5,25,0,64,True,1
D3,10,0.5,0.4,5,0.5,28,0,64,True,1
D3,10,0.5,0.4,5,0.5,30,0,64,True,1
D3,10,0.5,0.4,5,0.5,32,0,64,True,2
D3,10,0.5,0.4,5,0.5,33,0,64,True,2
D3,10,0.5,0.4,5,0.5,33,33,64,True,1
D3,10,0.5,0.4,5,0.5,34,0,64,True,1
D3,10,0.5,0.4,5,0.5,38,0,64,True,1
D3,10,0.5,0.4,5,0.5,43,0,64,True,1
D3,10,0.5,0.4,5,0.5,43,43,64,True,1
D3,10,0.5,0.4,5,0.5,45,45,64,True,1
D3,10,0.5,0.4,5,0.5,46,0,64,True,2
D3,10,0.5,0.4,5,0.5,46,46,64,True,1
D3,10,0.5,0.4,5,0.5,47,0,64,True,2
D3,10,0.5,0.4,5,0.5,49,49,64,True,1
D3,10,0.5,0.4,5,0.5,50,0,64,True,1
D3,10,0.5,0.4,5,0.5,50,50,64,True,1
D3,10,0.5,0.4,5,0.5,52,0,64,True,1
D3,10,0.5,0.4,5,0.5,54,0,64,True,1
D3,10,0.5,0.4,5,0.5,56,56,64,True,2
D3,10,0.5,0.4,5,0.5,57,20,64,True,1
D3,10,0.5,0.4,5,0.5,57,57,64,True,1
D3,10,0.5,0.4,5,0.5,58,24,64,True,1
D3,10,0.5,0.4,5,0.5,58,58,64,True,1
D3,10,0.5,0.4,5,0.5,59,59,64,True,1
D3,10,0.5,0.4,5,0.5,60,0,64,True,3
D3,10,0.5,0.4,5,0.5,60,60,64,True,1
D3,10,0.5,0.4,5,0.5,61,0,64,True,2
D3,10,0.5,0.4,5,0.5,61,61,64,True,1
D3,10,0.5,0.4,5,0.5,63,0,64,True,3
D3,10,0.5,0.4,5,0.5,63,63,64,True,3
D3,10,0.5,0.4,5,0.5,64,0,64,True,152
D3,10,0.5,0.4,5,0.5,64,1,64,True,5
D3,10,0.5,0.4,5,0.5,64,2,64,True,1
D3,10,0.5,0.4,5,0.5,64,3,64,True,3
D3,10,0.5,0.4,5,0.5,64,4,64,True,3
D3,10,0.5,0.4,5,0.5,64,5,64,True,2
D3,10,0.5,0.4,5,0.5,64,7,64,True,2
D3,10,0.5,0.4,5,0.5,64,8,64,True,1
D3,10,0.5,0.4,5,0.5,64,9,64,True,1
D3,10,0.5,0.4,5,0.5,64,10,64,True,1
D3,10,0.5,0.4,5,0.5,64,13,64,True,1
D3,10,0.5,0.4,5,0.5,64,19,64,True,2
D3,10,0.5,0.4,5,0.5,64,23,64,True,1
D3,10,0.5,0.4,5,0.5,64,24,64,True,1
D3,10,0.5,0.4,5,0.5,64,25,64,True,1
D3,10,0.5,0.4,5,0.5,64,26,64,True,2
D3,10,0.5,0.4,5,0.5,64,31,64,True,2
D3,10,0.5,0.4,5,0.5,64,33,64,True,1
D3,10,0.5,0.4,5,0.5,64,35,64,True,1
D3,10,0.5,0.4,5,0.5,64,42,64,True,1
D3,10,0.5,0.4,5,0.5,64,43,64,True,1
D3,10,0.5,0.4,5,0.5,64,44,64,True,1
D3,10,0.5,0.4,5,0.5,64,56,64,True,3
D3,10,0.5,0.4,5,0.5,64,57,64,True,4
D3,10,0.5,0.4,5,0.5,64,58,64,True,1
D3,10,0.5,0.4,5,0.5,64,59,64,True,3
D3,10,0.5,0.4,5,0.5,64,60,64,True,1
D3,10,0.5,0.4,5,0.5,64,61,64,True,2
D3,10,0.5,0.4,5,0.5,64,62,64,True,5
D3,10,0.5,0.4,5,0.5,64,63,64,True,9
D3,10,0.5,0.4,5,0.5,64,64,64,True,106
D0,10,0.5,0.4,5,1,64,0,64,True,1024
D1,10,0.5,0.4,5,1,0,0,64,True,2
D1,10,0.5,0.4,5,1,3,0,64,True,1
D1,10,0.5,0.4,5,1,4,0,64,True,1
D1,10,0.5,0.4,5,1,28,0,64,True,1
D1,10,0.5,0.4,5,1,30,0,64,True,1
D1,10,0.5,0.4,5,1,41,0,64,True,1
D1,10,0.5,0.4,5,1,46,0,64,True,1
D1,10,0.5,0.4,5,1,64,0,64,True,1016
D2,10,0.5,0.4,5,1,64,0,64,True,1024
D3,10,0.5,0.4,5,1,0,0,64,True,629
D3,10,0.5,0.4,5,1,1,0,64,True,8
D3,10,0.5,0.4,5,1,2,0,64,True,3
D3,10,0.5,0.4,5,1,3,0,64,True,6
D3,10,0.5,0.4,5,1,5,0,64,True,3
D3,10,0.5,0.4,5,1,6,0,64,True,1
D3,10,0.5,0.4,5,1,7,0,64,True,1
D3,10,0.5,0.4,5,1,8,0,64,True,2
D3,10,0.5,0.4,5,1,9,0,64,True,1
D3,10,0.5,0.4,5,1,15,0,64,True,1
D3,10,0.5,0.4,5,1,17,0,64,True,1
D3,10,0.5,0.4,5,1,19,0,64,True,2
D3,10,0.5,0.4,5,1,20,0,64,True,2
D3,10,0.5,0.4,5,1,24,0,64,True,1
D3,10,0.5,0.4,5,1,25,0,64,True,1
D3,10,0.5,0.4,5,1,28,0,64,True,1
D3,10,0.5,0.4,5,1,30,0,64,True,1
D3,10,0.5,0.4,5,1,32,0,64,True,2
D3,10,0.5,0.4,5,1,33,0,64,True,3
D3,10,0.5,0.4,5,1,34,0,64,True,1
D3,10,0.5,0.4,5,1,38,0,64,True,1
D3,10,0.5,0.4,5,1,43,0,64,True,2
D3,10,0.5,0.4,5,1,45,0,64,True,1
D3,10,0.5,0.4,5,1,46,0,64,True,3
D3,10,0.5,0.4,5,1,47,0,64,True,2
D3,10,0.5,0.4,5,1,49,0,64,True,1
D3,10,0.5,0.4,5,1,50,0,64,True,2
D3,10,0.5,0.4,5,1,52,0,64,True,1
D3,10,0.5,0.4,5,1,54,0,64,True,1
D3,10,0.5,0.4,5,1,56,0,64,True,2
D3,10,0.5,0.4,5,1,57,0,64,True,2
D3,10,0.5,0.4,5,1,58,0,64,True,2
D3,10,0.5,0.4,5,1,59,0,64,True,1
D3,10,0.5,0.4,5,1,60,0,64,True,4
D3,10,0.5,0.4,5,1,61,0,64,True,3
D3,10,0.5,0.4,5,1,63,0,64,True,6
D3,10,0.5,0.4,5,1,64,0,64,True,320
D0,20,0.5,0.4,0,0.5,64,64,64,True,1024
D1,20,0.5,0.4,0,0.5,0,0,64,True,756
D1,20,0.5,0.4,0,0.5,1,0,64,True,10
D1,20,0.5,0.4,0,0.5,1,1,64,True,5
D1,20,0.5,0.4,0,0.5,2,0,64,True,2
D1,20,0.5,0.4,0,0.5,2,2,64,True,4
D1,20,0.5,0.4,0,0.5,3,0,64,True,2
D1,20,0.5,0.4,0,0.5,3,1,64,True,1
D1,20,0.5,0.4,0,0.5,3,3,64,True,2
D1,20,0.5,0.4,0,0.5,4,0,64,True,1
D1,20,0.5,0.4,0,0.5,5,0,64,True,3
D1,20,0.5,0.4,0,0.5,6,6,64,True,1
D1,20,0.5,0.4,0,0.5,7,0,64,True,1
D1,20,0.5,0.4,0,0.5,7,7,64,True,1
D1,20,0.5,0.4,0,0.5,8,0,64,True,1
D1,20,0.5,0.4,0,0.5,8,8,64,True,2
D1,20,0.5,0.4,0,0.5,9,0,64,True,1
D1,20,0.5,0.4,0,0.5,13,0,64,True,1
D1,20,0.5,0.4,0,0.5,15,0,64,True,1
D1,20,0.5,0.4,0,0.5,16,0,64,True,1
D1,20,0.5,0.4,0,0.5,17,0,64,True,1
D1,20,0.5,0.4,0,0.5,21,0,64,True,1
D1,20,0.5,0.4,0,0.5,25,0,64,True,1
D1,20,0.5,0.4,0,0.5,27,27,64,True,1
D1,20,0.5,0.4,0,0.5,28,28,64,True,1
D1,20,0.5,0.4,0,0.5,29,0,64,True,1
D1,20,0.5,0.4,0,0.5,29,29,64,True,2
D1,20,0.5,0.4,0,0.5,30,0,64,True,3
D1,20,0.5,0.4,0,0.5,30,30,64,True,1
D1,20,0.5,0.4,0,0.5,31,0,64,True,1
D1,20,0.5,0.4,0,0.5,34,0,64,True,1
D1,20,0.5,0.4,0,0.5,35,35,64,True,1
D1,20,0.5,0.4,0,0.5,36,0,64,True,1
D1,20,0.5,0.4,0,0.5,39,39,64,True,1
D1,20,0.5,0.4,0,0.5,42,0,64,True,1
D1,20,0.5,0.4,0,0.5,42,1,64,True,1
D1,20,0.5,0.4,0,0.5,43,0,64,True,1
D1,20,0.5,0.4,0,0.5,44,0,64,True,1
D1,20,0.5,0.4,0,0.5,44,44,64,True,1
D1,20,0.5,0.4,0,0.5,45,0,64,True,3
D1,20,0.5,0.4,0,0.5,46,0,64,True,1
D1,20,0.5,0.4,0,0.5,48,1,64,True,1
D1,20,0.5,0.4,0,0.5,48,48,64,True,1
D1,20,0.5,0.4,0,0.5,49,0,64,True,1
D1,20,0.5,0.4,0,0.5,50,0,64,True,1
D1,20,0.5,0.4,0,0.5,51,5,64,True,1
D1,20,0.5,0.4,0,0.5,51,51,64,True,1
D1,20,0.5,0.4,0,0.5,52,0,64,True,3
D1,20,0.5,0.4,0,0.5,52,52,64,True,1
D1,20,0.5,0.4,0,0.5,55,0,64,True,2
D1,20,0.5,0.4,0,0.5,56,56,64,True,1
D1,20,0.5,0.4,0,0.5,57,0,64,True,3
D1,20,0.5,0.4,0,0.5,58,0,64,True,2
D1,20,0.5,0.4,0,0.5,59,0,64,True,3
D1,20,0.5,0.4,0,0.5,60,0,64,True,1
D1,20,0.5,0.4,0,0.5,62,23,64,True,1
D1,20,0.5,0.4,0,0.5,62,62,64,True,2
D1,20,0.5,0.4,0,0.5,63,0,64,True,5
D1,20,0.5,0.4,0,0.5,63,63,64,True,2
D1,20,0.5,0.4,0,0.5,64,0,64,True,84
D1,20,0.5,0.4,0,0.5,64,1,64,True,5
D1,20,0.5,0.4,0,0.5,64,2,64,True,1
D1,20,0.5,0.4,0,0.5,64,3,64,True,2
D1,20,0.5,0.4,0,0.5,64,5,64,True,3
D1,20,0.5,0.4,0,0.5,64,6,64,True,2
D1,20,0.5,0.4,0,0.5,64,9,64,True,2
D1,20,0.5,0.4,0,0.5,64,16,64,True,1
D1,20,0.5,0.4,0,0.5,64,17,64,True,1
D1,20,0.5,0.4,0,0.5,64,19,64,True,2
D1,20,0.5,0.4,0,0.5,64,21,64,True,1
D1,20,0.5,0.4,0,0.5,64,45,64,True,1
D1,20,0.5,0.4,0,0.5,64,48,64,True,1
D1,20,0.5,0.4,0,0.5,64,49,64,True,2
D1,20,0.5,0.4,0,0.5,64,50,64,True,1
D1,20,0.5,0.4,0,0.5,64,53,64,True,1
D1,20,0.5,0.4,0,0.5,64,57,64,True,1
D1,20,0.5,0.4,0,0.5,64,62,64,True,1
D1,20,0.5,0.4,0,0.5,64,63,64,True,8
D1,20,0.5,0.4,0,0.5,64,64,64,True,50
D2,20,0.5,0.4,0,0.5,0,0,64,True,4
D2,20,0.5,0.4,0,0.5,1,1,64,True,1
D2,20,0.5,0.4,0,0.5,2,2,64,True,1
D2,20,0.5,0.4,0,0.5,4,4,64,True,2
D2,20,0.5,0.4,0,0.5,45,45,64,True,1
D2,20,0.5,0.4,0,0.5,47,47,64,True,1
D2,20,0.5,0.4,0,0.5,50,50,64,True,1
D2,20,0.5,0.4,0,0.5,54,54,64,True,1
D2,20,0.5,0.4,0,0.5,63,63,64,True,1
D2,20,0.5,0.4,0,0.5,64,64,64,True,1011
D3,20,0.5,0.4,0,0.5,0,0,64,True,1024
D0,20,0.5,0.4,0,1,64,0,64,True,1022
D0,20,0.5,0.4,0,1,64,18,64,True,1
D0,20,0.5,0.4,0,1,64,19,64,True,1
D1,20,0.5,0.4,0,1,0,0,64,True,756
D1,20,0.5,0.4,0,1,1,0,64,True,15
D1,20,0.5,0.4,0,1,2,0,64,True,6
D1,20,0.5,0.4,0,1,3,0,64,True,5
D1,20,0.5,0.4,0,1,4,0,64,True,1
D1,20,0.5,0.4,0,1,5,0,64,True,3
D1,20,0.5,0.4,0,1,6,0,64,True,1
D1,20,0.5,0.4,0,1,7,0,64,True,2
D1,20,0.5,0.4,0,1,8,0,64,True,3
D1,20,0.5,0.4,0,1,9,0,64,True,1
D1,20,0.5,0.4,0,1,13,0,64,True,1
D1,20,0.5,0.4,0,1,15,0,64,True,1
D1,20,0.5,0.4,0,1,16,0,64,True,1
D1,20,0.5,0.4,0,1,17,0,64,True,1
D1,20,0.5,0.4,0,1,21,0,64,True,1
D1,20,0.5,0.4,0,1,25,0,64,True,1
D1,20,0.5,0.4,0,1,27,0,64,True,1
D1,20,0.5,0.4,0,1,28,0,64,True,1
D1,20,0.5,0.4,0,1,29,0,64,True,3
D1,20,0.5,0.4,0,1,30,0,64,True,4
D1,20,0.5,0.4,0,1,31,0,64,True,1
D1,20,0.5,0.4,0,1,34,0,64,True,1
D1,20,0.5,0.4,0,1,35,0,64,True,1
D1,20,0.5,0.4,0,1,36,0,64,True,1
D1,20,0.5,0.4,0,1,39,0,64,True,1
D1,20,0.5,0.4,0,1,42,0,64,True,2
D1,20,0.5,0.4,0,1,43,0,64,True,1
D1,20,0.5,0.4,0,1,44,0,64,True,2
D1,20,0.5,0.4,0,1,45,0,64,True,3
D1,20,0.5,0.4,0,1,46,0,64,True,1
D1,20,0.5,0.4,0,1,48,0,64,True,2
D1,20,0.5,0.4,0,1,49,0,64,True,1
D1,20,0.5,0.4,0,1,50,0,64,True,1
D1,20,0.5,0.4,0,1,51,0,64,True,2
D1,20,0.5,0.4,0,1,52,0,64,True,4
D1,20,0.5,0.4,0,1,55,0,64,True,2
D1,20,0.5,0.4,0,1,56,0,64,True,1
D1,20,0.5,0.4,0,1,57,0,64,True,3
D1,20,0.5,0.4,0,1,58,0,64,True,2
D1,20,0.5,0.4,0,1,59,0,64,True,3
D1,20,0.5,0.4,0,1,60,0,64,True,1
D1,20,0.5,0.4,0,1,62,0,64,True,3
D1,20,0.5,0.4,0,1,63,0,64,True,7
D1,20,0.5,0.4,0,1,64,0,64,True,170
D2,20,0.5,0.4,0,1,0,0,64,True,4
D2,20,0.5,0.4,0,1,1,0,64,True,1
D2,20,0.5,0.4,0,1,2,0,64,True,1
D2,20,0.5,0.4,0,1,4,0,64,True,2
D2,20,0.5,0.4,0,1,45,0,64,True,1
D2,20,0.5,0.4,0,1,47,0,64,True,1
D2,20,0.5,0.4,0,1,50,0,64,True,1
D2,20,0.5,0.4,0,1,54,0,64,True,1
D2,20,0.5,0.4,0,1,63,0,64,True,1
D2,20,0.5,0.4,0,1,64,0,64,True,1011
D3,20,0.5,0.4,0,1,0,0,64,True,1024
D0,20,0.5,0.4,2,0.5,64,64,64,True,1024
D1,20,0.5,0.4,2,0.5,0,0,64,True,756
D1,20,0.5,0.4,2,0.5,1,0,64,True,10
D1,20,0.5,0.4,2,0.5,1,1,64,True,5
D1,20,0.5,0.4,2,0.5,2,0,64,True,2
D1,20,0.5,0.4,2,0.5,2,2,64,True,4
D1,20,0.5,0.4,2,0.5,3,0,64,True,2
D1,20,0.5,0.4,2,0.5,3,1,64,True,1
D1,20,0.5,0.4,2,0.5,3,3,64,True,2
D1,20,0.5,0.4,2,0.5,4,0,64,True,1
D1,20,0.5,0.4,2,0.5,5,0,64,True,3
D1,20,0.5,0.4,2,0.5,6,6,64,True,1
D1,20,0.5,0.4,2,0.5,7,0,64,True,1
D1,20,0.5,0.4,2,0.5,7,7,64,True,1
D1,20,0.5,0.4,2,0.5,8,0,64,True,1
D1,20,0.5,0.4,2,0.5,8,8,64,True,2
D1,20,0.5,0.4,2,0.5,9,0,64,True,1
D1,20,0.5,0.4,2,0.5,13,0,64,True,1
D1,20,0.5,0.4,2,0.5,15,0,64,True,1
D1,20,0.5,0.4,2,0.5,16,0,64,True,1
D1,20,0.5,0.4,2,0.5,17,0,64,True,1
D1,20,0.5,0.4,2,0.5,21,0,64,True,1
D1,20,0.5,0.4,2,0.5,25,0,64,True,1
D1,20,0.5,0.4,2,0.5,27,27,64,True,1
D1,20,0.5,0.4,2,0.5,28,28,64,True,1
D1,20,0.5,0.4,2,0.5,29,0,64,True,1
D1,20,0.5,0.4,2,0.5,29,29,64,True,2
D1,20,0.5,0.4,2,0.5,30,0,64,True,3
D1,20,0.5,0.4,2,0.5,30,30,64,True,1
D1,20,0.5,0.4,2,0.5,31,0,64,True,1
D1,20,0.5,0.4,2,0.5,34,0,64,True,1
D1,20,0.5,0.4,2,0.5,35,35,64,True,1
D1,20,0.5,0.4,2,0.5,36,0,64,True,1
D1,20,0.5,0.4,2,0.5,39,39,64,True,1
D1,20,0.5,0.4,2,0.5,42,0,64,True,1
D1,20,0.5,0.4,2,0.5,42,1,64,True,1
D1,20,0.5,0.4,2,0.5,43,0,64,True,1
D1,20,0.5,0.4,2,0.5,44,0,64,True,1
D1,20,0.5,0.4,2,0.5,44,44,64,True,1
D1,20,0.5,0.4,2,0.5,45,0,64,True,3
D1,20,0.5,0.4,2,0.5,46,0,64,True,1
D1,20,0.5,0.4,2,0.5,48,1,64,True,1
D1,20,0.5,0.4,2,0.5,48,48,64,True,1
D1,20,0.5,0.4,2,0.5,49,0,64,True,1
D1,20,0.5,0.4,2,0.5,50,0,64,True,1
D1,20,0.5,0.4,2,0.5,51,5,64,True,1
D1,20,0.5,0.4,2,0.5,51,51,64,True,1
D1,20,0.5,0.4,2,0.5,52,0,64,True,3
D1,20,0.5,0.4,2,0.5,52,52,64,True,1
D1,20,0.5,0.4,2,0.5,55,0,64,True,2
D1,20,0.5,0.4,2,0.5,56,56,64,True,1
D1,20,0.5,0.4,2,0.5,57,0,64,True,3
D1,20,0.5,0.4,2,0.5,58,0,64,True,2
D1,20,0.5,0.4,2,0.5,59,0,64,True,3
D1,20,0.5,0.4,2,0.5,60,0,64,True,1
D1,20,0.5,0.4,2,0.5,62,23,64,True,1
D1,20,0.5,0.4,2,0.5,62,62,64,True,2
D1,20,0.5,0.4,2,0.5,63,0,64,True,5
D1,20,0.5,0.4,2,0.5,63,63,64,True,2
D1,20,0.5,0.4,2,0.5,64,0,64,True,84
D1,20,0.5,0.4,2,0.5,64,1,64,True,5
D1,20,0.5,0.4,2,0.5,64,2,64,True,1
D1,20,0.5,0.4,2,0.5,64,3,64,True,2
D1,20,0.5,0.4,2,0.5,64,5,64,True,3
D1,20,0.5,0.4,2,0.5,64,6,64,True,2
D1,20,0.5,0.4,2,0.5,64,9,64,True,2
D1,20,0.5,0.4,2,0.5,64,16,64,True,1
D1,20,0.5,0.4,2,0.5,64,17,64,True,1
D1,20,0.5,0.4,2,0.5,64,19,64,True,2
D1,20,0.5,0.4,2,0.5,64,21,64,True,1
D1,20,0.5,0.4,2,0.5,64,45,64,True,1
D1,20,0.5,0.4,2,0.5,64,48,64,True,1
D1,20,0.5,0.4,2,0.5,64,49,64,True,2
D1,20,0.5,0.4,2,0.5,64,50,64,True,1
D1,20,0.5,0.4,2,0.5,64,53,64,True,1
D1,20,0.5,0.4,2,0.5,64,57,64,True,1
D1,20,0.5,0.4,2,0.5,64,62,64,True,1
D1,20,0.5,0.4,2,0.5,64,63,64,True,8
D1,20,0.5,0.4,2,0.5,64,64,64,True,50
D2,20,0.5,0.4,2,0.5,0,0,64,True,4
D2,20,0.5,0.4,2,0.5,1,1,64,True,1
D2,20,0.5,0.4,2,0.5,2,2,64,True,1
D2,20,0.5,0.4,2,0.5,4,4,64,True,2
D2,20,0.5,0.4,2,0.5,45,45,64,True,1
D2,20,0.5,0.4,2,0.5,47,47,64,True,1
D2,20,0.5,0.4,2,0.5,50,50,64,True,1
D2,20,0.5,0.4,2,0.5,54,54,64,True,1
D2,20,0.5,0.4,2,0.5,63,63,64,True,1
D2,20,0.5,0.4,2,0.5,64,64,64,True,1011
D3,20,0.5,0.4,2,0.5,0,0,64,True,1024
D0,20,0.5,0.4,2,1,64,0,64,True,1022
D0,20,0.5,0.4,2,1,64,18,64,True,1
D0,20,0.5,0.4,2,1,64,19,64,True,1
D1,20,0.5,0.4,2,1,0,0,64,True,756
D1,20,0.5,0.4,2,1,1,0,64,True,15
D1,20,0.5,0.4,2,1,2,0,64,True,6
D1,20,0.5,0.4,2,1,3,0,64,True,5
D1,20,0.5,0.4,2,1,4,0,64,True,1
D1,20,0.5,0.4,2,1,5,0,64,True,3
D1,20,0.5,0.4,2,1,6,0,64,True,1
D1,20,0.5,0.4,2,1,7,0,64,True,2
D1,20,0.5,0.4,2,1,8,0,64,True,3
D1,20,0.5,0.4,2,1,9,0,64,True,1
D1,20,0.5,0.4,2,1,13,0,64,True,1
D1,20,0.5,0.4,2,1,15,0,64,True,1
D1,20,0.5,0.4,2,1,16,0,64,True,1
D1,20,0.5,0.4,2,1,17,0,64,True,1
D1,20,0.5,0.4,2,1,21,0,64,True,1
D1,20,0.5,0.4,2,1,25,0,64,True,1
D1,20,0.5,0.4,2,1,27,0,64,True,1
D1,20,0.5,0.4,2,1,28,0,64,True,1
D1,20,0.5,0.4,2,1,29,0,64,True,3
D1,20,0.5,0.4,2,1,30,0,64,True,4
D1,20,0.5,0.4,2,1,31,0,64,True,1
D1,20,0.5,0.4,2,1,34,0,64,True,1
D1,20,0.5,0.4,2,1,35,0,64,True,1
D1,20,0.5,0.4,2,1,36,0,64,True,1
D1,20,0.5,0.4,2,1,39,0,64,True,1
D1,20,0.5,0.4,2,1,42,0,64,True,2
D1,20,0.5,0.4,2,1,43,0,64,True,1
D1,20,0.5,0.4,2,1,44,0,64,True,2
D1,20,0.5,0.4,2,1,45,0,64,True,3
D1,20,0.5,0.4,2,1,46,0,64,True,1
D1,20,0.5,0.4,2,1,48,0,64,True,2
D1,20,0.5,0.4,2,1,49,0,64,True,1
D1,20,0.5,0.4,2,1,50,0,64,True,1
D1,20,0.5,0.4,2,1,51,0,64,True,2
D1,20,0.5,0.4,2,1,52,0,64,True,4
D1,20,0.5,0.4,2,1,55,0,64,True,2
D1,20,0.5,0.4,2,1,56,0,64,True,1
D1,20,0.5,0.4,2,1,57,0,64,True,3
D1,20,0.5,0.4,2,1,58,0,64,True,2
D1,20,0.5,0.4,2,1,59,0,64,True,3
D1,20,0.5,0.4,2,1,60,0,64,True,1
D1,20,0.5,0.4,2,1,62,0,64,True,3
D1,20,0.5,0.4,2,1,63,0,64,True,7
D1,20,0.5,0.4,2,1,64,0,64,True,170
D2,20,0.5,0.4,2,1,0,0,64,True,4
D2,20,0.5,0.4,2,1,1,0,64,True,1
D2,20,0.5,0.4,2,1,2,0,64,True,1
D2,20,0.5,0.4,2,1,4,0,64,True,2
D2,20,0.5,0.4,2,1,45,0,64,True,1
D2,20,0.5,0.4,2,1,47,0,64,True,1
D2,20,0.5,0.4,2,1,50,0,64,True,1
D2,20,0.5,0.4,2,1,54,0,64,True,1
D2,20,0.5,0.4,2,1,63,0,64,True,1
D2,20,0.5,0.4,2,1,64,0,64,True,1011
D3,20,0.5,0.4,2,1,0,0,64,True,1024
D0,20,0.5,0.4,5,0.5,64,64,64,True,1024
D1,20,0.5,0.4,5,0.5,0,0,64,True,756
D1,20,0.5,0.4,5,0.5,1,0,64,True,10
D1,20,0.5,0.4,5,0.5,1,1,64,True,5
D1,20,0.5,0.4,5,0.5,2,0,64,True,2
D1,20,0.5,0.4,5,0.5,2,2,64,True,4
D1,20,0.5,0.4,5,0.5,3,0,64,True,2
D1,20,0.5,0.4,5,0.5,3,1,64,True,1
D1,20,0.5,0.4,5,0.5,3,3,64,True,2
D1,20,0.5,0.4,5,0.5,4,0,64,True,1
D1,20,0.5,0.4,5,0.5,5,0,64,True,3
D1,20,0.5,0.4,5,0.5,6,6,64,True,1
D1,20,0.5,0.4,5,0.5,7,0,64,True,1
D1,20,0.5,0.4,5,0.5,7,7,64,True,1
D1,20,0.5,0.4,5,0.5,8,0,64,True,1
D1,20,0.5,0.4,5,0.5,8,8,64,True,2
D1,20,0.5,0.4,5,0.5,9,0,64,True,1
D1,20,0.5,0.4,5,0.5,13,0,64,True,1
D1,20,0.5,0.4,5,0.5,15,0,64,True,1
D1,20,0.5,0.4,5,0.5,16,0,64,True,1
D1,20,0.5,0.4,5,0.5,17,0,64,True,1
D1,20,0.5,0.4,5,0.5,21,0,64,True,1
D1,20,0.5,0.4,5,0.5,25,0,64,True,1
D1,20,0.5,0.4,5,0.5,27,27,64,True,1
D1,20,0.5,0.4,5,0.5,28,28,64,True,1
D1,20,0.5,0.4,5,0.5,29,0,64,True,1
D1,20,0.5,0.4,5,0.5,29,29,64,True,2
D1,20,0.5,0.4,5,0.5,30,0,64,True,3
D1,20,0.5,0.4,5,0.5,30,30,64,True,1
D1,20,0.5,0.4,5,0.5,31,0,64,True,1
D1,20,0.5,0.4,5,0.5,34,0,64,True,1
D1,20,0.5,0.4,5,0.5,35,35,64,True,1
D1,20,0.5,0.4,5,0.5,36,0,64,True,1
D1,20,0.5,0.4,5,0.5,39,39,64,True,1
D1,20,0.5,0.4,5,0.5,42,0,64,True,1
D1,20,0.5,0.4,5,0.5,42,1,64,True,1
D1,20,0.5,0.4,5,0.5,43,0,64,True,1
D1,20,0.5,0.4,5,0.5,44,0,64,True,1
D1,20,0.5,0.4,5,0.5,44,44,64,True,1
D1,20,0.5,0.4,5,0.5,45,0,64,True,3
D1,20,0.5,0.4,5,0.5,46,0,64,True,1
D1,20,0.5,0.4,5,0.5,48,1,64,True,1
D1,20,0.5,0.4,5,0.5,48,48,64,True,1
D1,20,0.5,0.4,5,0.5,49,0,64,True,1
D1,20,0.5,0.4,5,0.5,50,0,64,True,1
D1,20,0.5,0.4,5,0.5,51,5,64,True,1
D1,20,0.5,0.4,5,0.5,51,51,64,True,1
D1,20,0.5,0.4,5,0.5,52,0,64,True,3
D1,20,0.5,0.4,5,0.5,52,52,64,True,1
D1,20,0.5,0.4,5,0.5,55,0,64,True,2
D1,20,0.5,0.4,5,0.5,56,56,64,True,1
D1,20,0.5,0.4,5,0.5,57,0,64,True,3
D1,20,0.5,0.4,5,0.5,58,0,64,True,2
D1,20,0.5,0.4,5,0.5,59,0,64,True,3
D1,20,0.5,0.4,5,0.5,60,0,64,True,1
D1,20,0.5,0.4,5,0.5,62,23,64,True,1
D1,20,0.5,0.4,5,0.5,62,62,64,True,2
D1,20,0.5,0.4,5,0.5,63,0,64,True,5
D1,20,0.5,0.4,5,0.5,63,63,64,True,2
D1,20,0.5,0.4,5,0.5,64,0,64,True,84
D1,20,0.5,0.4,5,0.5,64,1,64,True,5
D1,20,0.5,0.4,5,0.5,64,2,64,True,1
D1,20,0.5,0.4,5,0.5,64,3,64,True,2
D1,20,0.5,0.4,5,0.5,64,5,64,True,3
D1,20,0.5,0.4,5,0.5,64,6,64,True,2
D1,20,0.5,0.4,5,0.5,64,9,64,True,2
D1,20,0.5,0.4,5,0.5,64,16,64,True,1
D1,20,0.5,0.4,5,0.5,64,17,64,True,1
D1,20,0.5,0.4,5,0.5,64,19,64,True,2
D1,20,0.5,0.4,5,0.5,64,21,64,True,1
D1,20,0.5,0.4,5,0.5,64,45,64,True,1
D1,20,0.5,0.4,5,0.5,64,48,64,True,1
D1,20,0.5,0.4,5,0.5,64,49,64,True,2
D1,20,0.5,0.4,5,0.5,64,50,64,True,1
D1,20,0.5,0.4,5,0.5,64,53,64,True,1
D1,20,0.5,0.4,5,0.5,64,57,64,True,1
D1,20,0.5,0.4,5,0.5,64,62,64,True,1
D1,20,0.5,0.4,5,0.5,64,63,64,True,8
D1,20,0.5,0.4,5,0.5,64,64,64,True,50
D2,20,0.5,0.4,5,0.5,0,0,64,True,4
D2,20,0.5,0.4,5,0.5,1,1,64,True,1
D2,20,0.5,0.4,5,0.5,2,2,64,True,1
D2,20,0.5,0.4,5,0.5,4,4,64,True,2
D2,20,0.5,0.4,5,0.5,45,45,64,True,1
D2,20,0.5,0.4,5,0.5,47,47,64,True,1
D2,20,0.5,0.4,5,0.5,50,50,64,True,1
D2,20,0.5,0.4,5,0.5,54,54,64,True,1
D2,20,0.5,0.4,5,0.5,63,63,64,True,1
D2,20,0.5,0.4,5,0.5,64,64,64,True,1011
D3,20,0.5,0.4,5,0.5,0,0,64,True,1024
D0,20,0.5,0.4,5,1,64,0,64,True,1022
D0,20,0.5,0.4,5,1,64,18,64,True,1
D0,20,0.5,0.4,5,1,64,19,64,True,1
D1,20,0.5,0.4,5,1,0,0,64,True,756
D1,20,0.5,0.4,5,1,1,0,64,True,15
D1,20,0.5,0.4,5,1,2,0,64,True,6
D1,20,0.5,0.4,5,1,3,0,64,True,5
D1,20,0.5,0.4,5,1,4,0,64,True,1
D1,20,0.5,0.4,5,1,5,0,64,True,3
D1,20,0.5,0.4,5,1,6,0,64,True,1
D1,20,0.5,0.4,5,1,7,0,64,True,2
D1,20,0.5,0.4,5,1,8,0,64,True,3
D1,20,0.5,0.4,5,1,9,0,64,True,1
D1,20,0.5,0.4,5,1,13,0,64,True,1
D1,20,0.5,0.4,5,1,15,0,64,True,1
D1,20,0.5,0.4,5,1,16,0,64,True,1
D1,20,0.5,0.4,5,1,17,0,64,True,1
D1,20,0.5,0.4,5,1,21,0,64,True,1
D1,20,0.5,0.4,5,1,25,0,64,True,1
D1,20,0.5,0.4,5,1,27,0,64,True,1
D1,20,0.5,0.4,5,1,28,0,64,True,1
D1,20,0.5,0.4,5,1,29,0,64,True,3
D1,20,0.5,0.4,5,1,30,0,64,True,4
D1,20,0.5,0.4,5,1,31,0,64,True,1
D1,20,0.5,0.4,5,1,34,0,64,True,1
D1,20,0.5,0.4,5,1,35,0,64,True,1
D1,20,0.5,0.4,5,1,36,0,64,True,1
D1,20,0.5,0.4,5,1,39,0,64,True,1
D1,20,0.5,0.4,5,1,42,0,64,True,2
D1,20,0.5,0.4,5,1,43,0,64,True,1
D1,20,0.5,0.4,5,1,44,0,64,True,2
D1,20,0.5,0.4,5,1,45,0,64,True,3
D1,20,0.5,0.4,5,1,46,0,64,True,1
D1,20,0.5,0.4,5,1,48,0,64,True,2
D1,20,0.5,0.4,5,1,49,0,64,True,1
D1,20,0.5,0.4,5,1,50,0,64,True,1
D1,20,0.5,0.4,5,1,51,0,64,True,2
D1,20,0.5,0.4,5,1,52,0,64,True,4
D1,20,0.5,0.4,5,1,55,0,64,True,2
D1,20,0.5,0.4,5,1,56,0,64,True,1
D1,20,0.5,0.4,5,1,57,0,64,True,3
D1,20,0.5,0.4,5,1,58,0,64,True,2
D1,20,0.5,0.4,5,1,59,0,64,True,3
D1,20,0.5,0.4,5,1,60,0,64,True,1
D1,20,0.5,0.4,5,1,62,0,64,True,3
D1,20,0.5,0.4,5,1,63,0,64,True,7
D1,20,0.5,0.4,5,1,64,0,64,True,170
D2,20,0.5,0.4,5,1,0,0,64,True,4
D2,20,0.5,0.4,5,1,1,0,64,True,1
D2,20,0.5,0.4,5,1,2,0,64,True,1
D2,20,0.5,0.4,5,1,4,0,64,True,2
D2,20,0.5,0.4,5,1,45,0,64,True,1
D2,20,0.5,0.4,5,1,47,0,64,True,1
D2,20,0.5,0.4,5,1,50,0,64,True,1
D2,20,0.5,0.4,5,1,54,0,64,True,1
D2,20,0.5,0.4,5,1,63,0,64,True,1
D2,20,0.5,0.4,5,1,64,0,64,True,1011
D3,20,0.5,0.4,5,1,0,0,64,True,1024
D0,1,0.5,0.8,0,0.5,0,0,64,False,520
D0,1,0.5,0.8,0,0.5,0,0,64,True,63
D0,1,0.5,0.8,0,0.5,1,1,64,True,2
D0,1,0.5,0.8,0,0.5,2,2,64,True,2
D0,1,0.5,0.8,0,0.5,5,5,64,True,2
D0,1,0.5,0.8,0,0.5,11,11,64,True,1
D0,1,0.5,0.8,0,0.5,12,12,64,True,1
D0,1,0.5,0.8,0,0.5,13,13,64,True,1
D0,1,0.5,0.8,0,0.5,16,16,64,True,1
D0,1,0.5,0.8,0,0.5,18,18,64,True,1
D0,1,0.5,0.8,0,0.5,19,19,64,True,1
D0,1,0.5,0.8,0,0.5,22,22,64,True,1
D0,1,0.5,0.8,0,0.5,23,23,64,True,1
D0,1,0.5,0.8,0,0.5,24,24,64,True,1
D0,1,0.5,0.8,0,0.5,44,44,64,True,1
D0,1,0.5,0.8,0,0.5,45,45,64,True,1
D0,1,0.5,0.8,0,0.5,55,55,64,True,1
D0,1,0.5,0.8,0,0.5,60,60,64,True,3
D0,1,0.5,0.8,0,0.5,62,62,64,True,2
D0,1,0.5,0.8,0,0.5,63,63,64,True,3
D0,1,0.5,0.8,0,0.5,64,64,64,True,415
D1,1,0.5,0.8,0,0.5,0,0,64,False,520
D1,1,0.5,0.8,0,0.5,0,0,64,True,228
D1,1,0.5,0.8,0,0.5,1,1,64,True,2
D1,1,0.5,0.8,0,0.5,5,5,64,True,1
D1,1,0.5,0.8,0,0.5,6,6,64,True,1
D1,1,0.5,0.8,0,0.5,7,7,64,True,3
D1,1,0.5,0.8,0,0.5,9,9,64,True,1
D1,1,0.5,0.8,0,0.5,15,15,64,True,1
D1,1,0.5,0.8,0,0.5,18,18,64,True,2
D1,1,0.5,0.8,0,0.5,19,19,64,True,1
D1,1,0.5,0.8,0,0.5,42,42,64,True,1
D1,1,0.5,0.8,0,0.5,43,43,64,True,1
D1,1,0.5,0.8,0,0.5,44,44,64,True,1
D1,1,0.5,0.8,0,0.5,45,45,64,True,1
D1,1,0.5,0.8,0,0.5,46,46,64,True,1
D1,1,0.5,0.8,0,0.5,48,48,64,True,1
D1,1,0.5,0.8,0,0.5,50,50,64,True,1
D1,1,0.5,0.8,0,0.5,54,54,64,True,1
D1,1,0.5,0.8,0,0.5,55,55,64,True,2
D1,1,0.5,0.8,0,0.5,63,63,64,True,4
D1,1,0.5,0.8,0,0.5,64,64,64,True,250
D2,1,0.5,0.8,0,0.5,0,0,64,False,520
D2,1,0.5,0.8,0,0.5,0,0,64,True,149
D2,1,0.5,0.8,0,0.5,1,1,64,True,5
D2,1,0.5,0.8,0,0.5,2,2,64,True,1
D2,1,0.5,0.8,0,0.5,3,3,64,True,3
D2,1,0.5,0.8,0,0.5,4,4,64,True,2
D2,1,0.5,0.8,0,0.5,8,8,64,True,1
D2,1,0.5,0.8,0,0.5,9,9,64,True,1
D2,1,0.5,0.8,0,0.5,11,11,64,True,2
D2,1,0.5,0.8,0,0.5,17,17,64,True,1
D2,1,0.5,0.8,0,0.5,22,22,64,True,1
D2,1,0.5,0.8,0,0.5,25,25,64,True,2
D2,1,0.5,0.8,0,0.5,30,30,64,True,1
D2,1,0.5,0.8,0,0.5,33,33,64,True,1
D2,1,0.5,0.8,0,0.5,34,34,64,True,2
D2,1,0.5,0.8,0,0.5,58,58,64,True,1
D2,1,0.5,0.8,0,0.5,62,62,64,True,1
D2,1,0.5,0.8,0,0.5,63,63,64,True,1
D2,1,0.5,0.8,0,0.5,64,64,64,True,329
D3,1,0.5,0.8,0,0.5,0,0,64,False,520
D3,1,0.5,0.8,0,0.5,0,0,64,True,387
D3,1,0.5,0.8,0,0.5,2,2,64,True,3
D3,1,0.5,0.8,0,0.5,3,3,64,True,2
D3,1,0.5,0.8,0,0.5,5,5,64,True,2
D3,1,0.5,0.8,0,0.5,10,10,64,True,1
D3,1,0.5,0.8,0,0.5,11,11,64,True,1
D3,1,0.5,0.8,0,0.5,15,15,64,True,1
D3,1,0.5,0.8,0,0.5,16,16,64,True,1
D3,1,0.5,0.8,0,0.5,18,18,64,True,1
D3,1,0.5,0.8,0,0.5,22,22,64,True,1
D3,1,0.5,0.8,0,0.5,23,23,64,True,1
D3,1,0.5,0.8,0,0.5,24,24,64,True,1
D3,1,0.5,0.8,0,0.5,27,27,64,True,1
D3,1,0.5,0.8,0,0.5,28,28,64,True,1
D3,1,0.5,0.8,0,0.5,29,29,64,True,1
D3,1,0.5,0.8,0,0.5,34,34,64,True,1
D3,1,0.5,0.8,0,0.5,40,40,64,True,2
D3,1,0.5,0.8,0,0.5,41,41,64,True,1
D3,1,0.5,0.8,0,0.5,48,48,64,True,1
D3,1,0.5,0.8,0,0.5,53,53,64,True,1
D3,1,0.5,0.8,0,0.5,54,54,64,True,1
D3,1,0.5,0.8,0,0.5,57,57,64,True,1
D3,1,0.5,0.8,0,0.5,58,58,64,True,1
D3,1,0.5,0.8,0,0.5,60,60,64,True,2
D3,1,0.5,0.8,0,0.5,63,63,64,True,3
D3,1,0.5,0.8,0,0.5,64,64,64,True,85
D0,1,0.5,0.8,0,1,0,0,64,False,520
D0,1,0.5,0.8,0,1,0,0,64,True,63
D0,1,0.5,0.8,0,1,1,0,64,True,2
D0,1,0.5,0.8,0,1,2,0,64,True,2
D0,1,0.5,0.8,0,1,5,0,64,True,2
D0,1,0.5,0.8,0,1,11,0,64,True,1
D0,1,0.5,0.8,0,1,12,0,64,True,1
D0,1,0.5,0.8,0,1,13,0,64,True,1
D0,1,0.5,0.8,0,1,16,0,64,True,1
D0,1,0.5,0.8,0,1,18,0,64,True,1
D0,1,0.5,0.8,0,1,19,0,64,True,1
D0,1,0.5,0.8,0,1,22,0,64,True,1
D0,1,0.5,0.8,0,1,23,0,64,True,1
D0,1,0.5,0.8,0,1,24,0,64,True,1
D0,1,0.5,0.8,0,1,44,0,64,True,1
D0,1,0.5,0.8,0,1,45,0,64,True,1
D0,1,0.5,0.8,0,1,55,0,64,True,1
D0,1,0.5,0.8,0,1,60,0,64,True,3
D0,1,0.5,0.8,0,1,62,0,64,True,2
D0,1,0.5,0.8,0,1,63,0,64,True,3
D0,1,0.5,0.8,0,1,64,0,64,True,415
D1,1,0.5,0.8,0,1,0,0,64,False,520
D1,1,0.5,0.8,0,1,0,0,64,True,228
D1,1,0.5,0.8,0,1,1,0,64,True,2
D1,1,0.5,0.8,0,1,5,0,64,True,1
D1,1,0.5,0.8,0,1,6,0,64,True,1
D1,1,0.5,0.8,0,1,7,0,64,True,3
D1,1,0.5,0.8,0,1,9,0,64,True,1
D1,1,0.5,0.8,0,1,15,0,64,True,1
D1,1,0.5,0.8,0,1,18,0,64,True,2
D1,1,0.5,0.8,0,1,19,0,64,True,1
D1,1,0.5,0.8,0,1,42,0,64,True,1
D1,1,0.5,0.8,0,1,43,0,64,True,1
D1,1,0.5,0.8,0,1,44,0,64,True,1
D1,1,0.5,0.8,0,1,45,0,64,True,1
D1,1,0.5,0.8,0,1,46,0,64,True,1
D1,1,0.5,0.8,0,1,48,0,64,True,1
D1,1,0.5,0.8,0,1,50,0,64,True,1
D1,1,0.5,0.8,0,1,54,0,64,True,1
D1,1,0.5,0.8,0,1,55,0,64,True,2
D1,1,0.5,0.8,0,1,63,0,64,True,4
D1,1,0.5,0.8,0,1,64,0,64,True,250
D2,1,0.5,0.8,0,1,0,0,64,False,520
D2,1,0.5,0.8,0,1,0,0,64,True,149
D2,1,0.5,0.8,0,1,1,0,64,True,5
D2,1,0.5,0.8,0,1,2,0,64,True,1
D2,1,0.5,0.8,0,1,3,0,64,True,3
D2,1,0.5,0.8,0,1,4,0,64,True,2
D2,1,0.5,0.8,0,1,8,0,64,True,1
D2,1,0.5,0.8,0,1,9,0,64,True,1
D2,1,0.5,0.8,0,1,11,0,64,True,2
D2,1,0.5,0.8,0,1,17,0,64,True,1
D2,1,0.5,0.8,0,1,22,0,64,True,1
D2,1,0.5,0.8,0,1,25,0,64,True,2
D2,1,0.5,0.8,0,1,30,0,64,True,1
D2,1,0.5,0.8,0,1,33,0,64,True,1
D2,1,0.5,0.8,0,1,34,0,64,True,2
D2,1,0.5,0.8,0,1,58,0,64,True,1
D2,1,0.5,0.8,0,1,62,0,64,True,1
D2,1,0.5,0.8,0,1,63,0,64,True,1
D2,1,0.5,0.8,0,1,64,0,64,True,329
D3,1,0.5,0.8,0,1,0,0,64,False,520
D3,1,0.5,0.8,0,1,0,0,64,True,387
D3,1,0.5,0.8,0,1,2,0,64,True,3
D3,1,0.5,0.8,0,1,3,0,64,True,2
D3,1,0.5,0.8,0,1,5,0,64,True,2
D3,1,0.5,0.8,0,1,10,0,64,True,1
D3,1,0.5,0.8,0,1,11,0,64,True,1
D3,1,0.5,0.8,0,1,15,0,64,True,1
D3,1,0.5,0.8,0,1,16,0,64,True,1
D3,1,0.5,0.8,0,1,18,0,64,True,1
D3,1,0.5,0.8,0,1,22,0,64,True,1
D3,1,0.5,0.8,0,1,23,0,64,True,1
D3,1,0.5,0.8,0,1,24,0,64,True,1
D3,1,0.5,0.8,0,1,27,0,64,True,1
D3,1,0.5,0.8,0,1,28,0,64,True,1
D3,1,0.5,0.8,0,1,29,0,64,True,1
D3,1,0.5,0.8,0,1,34,0,64,True,1
D3,1,0.5,0.8,0,1,40,0,64,True,2
D3,1,0.5,0.8,0,1,41,0,64,True,1
D3,1,0.5,0.8,0,1,48,0,64,True,1
D3,1,0.5,0.8,0,1,53,0,64,True,1
D3,1,0.5,0.8,0,1,54,0,64,True,1
D3,1,0.5,0.8,0,1,57,0,64,True,1
D3,1,0.5,0.8,0,1,58,0,64,True,1
D3,1,0.5,0.8,0,1,60,0,64,True,2
D3,1,0.5,0.8,0,1,63,0,64,True,3
D3,1,0.5,0.8,0,1,64,0,64,True,85
D0,1,0.5,0.8,2,0.5,0,0,64,False,520
D0,1,0.5,0.8,2,0.5,0,0,64,True,63
D0,1,0.5,0.8,2,0.5,1,1,64,True,2
D0,1,0.5,0.8,2,0.5,2,2,64,True,2
D0,1,0.5,0.8,2,0.5,5,5,64,True,2
D0,1,0.5,0.8,2,0.5,11,11,64,True,1
D0,1,0.5,0.8,2,0.5,12,12,64,True,1
D0,1,0.5,0.8,2,0.5,13,13,64,True,1
D0,1,0.5,0.8,2,0.5,16,16,64,True,1
D0,1,0.5,0.8,2,0.5,18,18,64,True,1
D0,1,0.5,0.8,2,0.5,19,19,64,True,1
D0,1,0.5,0.8,2,0.5,22,22,64,True,1
D0,1,0.5,0.8,2,0.5,23,23,64,True,1
D0,1,0.5,0.8,2,0.5,24,24,64,True,1
D0,1,0.5,0.8,2,0.5,44,44,64,True,1
D0,1,0.5,0.8,2,0.5,45,45,64,True,1
D0,1,0.5,0.8,2,0.5,55,55,64,True,1
D0,1,0.5,0.8,2,0.5,60,60,64,True,3
D0,1,0.5,0.8,2,0.5,62,62,64,True,2
D0,1,0.5,0.8,2,0.5,63,63,64,True,3
D0,1,0.5,0.8,2,0.5,64,64,64,True,415
D1,1,0.5,0.8,2,0.5,0,0,64,False,520
D1,1,0.5,0.8,2,0.5,0,0,64,True,228
D1,1,0.5,0.8,2,0.5,1,1,64,True,2
D1,1,0.5,0.8,2,0.5,5,5,64,True,1
D1,1,0.5,0.8,2,0.5,6,6,64,True,1
D1,1,0.5,0.8,2,0.5,7,7,64,True,3
D1,1,0.5,0.8,2,0.5,9,9,64,True,1
D1,1,0.5,0.8,2,0.5,15,15,64,True,1
D1,1,0.5,0.8,2,0.5,18,18,64,True,2
D1,1,0.5,0.8,2,0.5,19,19,64,True,1
D1,1,0.5,0.8,2,0.5,42,42,64,True,1
D1,1,0.5,0.8,2,0.5,43,43,64,True,1
D1,1,0.5,0.8,2,0.5,44,44,64,True,1
D1,1,0.5,0.8,2,0.5,45,45,64,True,1
D1,1,0.5,0.8,2,0.5,46,46,64,True,1
D1,1,0.5,0.8,2,0.5,48,48,64,True,1
D1,1,0.5,0.8,2,0.5,50,50,64,True,1
D1,1,0.5,0.8,2,0.5,54,54,64,True,1
D1,1,0.5,0.8,2,0.5,55,55,64,True,2
D1,1,0.5,0.8,2,0.5,63,63,64,True,4
D1,1,0.5,0.8,2,0.5,64,64,64,True,250
D2,1,0.5,0.8,2,0.5,0,0,64,False,520
D2,1,0.5,0.8,2,0.5,0,0,64,True,149
D2,1,0.5,0.8,2,0.5,1,1,64,True,5
D2,1,0.5,0.8,2,0.5,2,2,64,True,1
D2,1,0.5,0.8,2,0.5,3,3,64,True,3
D2,1,0.5,0.8,2,0.5,4,4,64,True,2
D2,1,0.5,0.8,2,0.5,8,8,64,True,1
D2,1,0.5,0.8,2,0.5,9,9,64,True,1
D2,1,0.5,0.8,2,0.5,11,11,64,True,2
D2,1,0.5,0.8,2,0.5,17,17,64,True,1
D2,1,0.5,0.8,2,0.5,22,22,64,True,1
D2,1,0.5,0.8,2,0.5,25,25,64,True,2
D2,1,0.5,0.8,2,0.5,30,30,64,True,1
D2,1,0.5,0.8,2,0.5,33,33,64,True,1
D2,1,0.5,0.8,2,0.5,34,34,64,True,2
D2,1,0.5,0.8,2,0.5,58,58,64,True,1
D2,1,0.5,0.8,2,0.5,62,62,64,True,1
D2,1,0.5,0.8,2,0.5,63,63,64,True,1
D2,1,0.5,0.8,2,0.5,64,64,64,True,329
D3,1,0.5,0.8,2,0.5,0,0,64,False,520
D3,1,0.5,0.8,2,0.5,0,0,64,True,387
D3,1,0.5,0.8,2,0.5,2,2,64,True,3
D3,1,0.5,0.8,2,0.5,3,3,64,True,2
D3,1,0.5,0.8,2,0.5,5,5,64,True,2
D3,1,0.5,0.8,2,0.5,10,10,64,True,1
D3,1,0.5,0.8,2,0.5,11,11,64,True,1
D3,1,0.5,0.8,2,0.5,15,15,64,True,1
D3,1,0.5,0.8,2,0.5,16,16,64,True,1
D3,1,0.5,0.8,2,0.5,18,18,64,True,1
D3,1,0.5,0.8,2,0.5,22,22,64,True,1
D3,1,0.5,0.8,2,0.5,23,23,64,True,1
D3,1,0.5,0.8,2,0.5,24,24,64,True,1
D3,1,0.5,0.8,2,0.5,27,27,64,True,1
D3,1,0.5,0.8,2,0.5,28,28,64,True,1
D3,1,0.5,0.8,2,0.5,29,29,64,True,1
D3,1,0.5,0.8,2,0.5,34,34,64,True,1
D3,1,0.5,0.8,2,0.5,40,40,64,True,2
D3,1,0.5,0.8,2,0.5,41,41,64,True,1
D3,1,0.5,0.8,2,0.5,48,48,64,True,1
D3,1,0.5,0.8,2,0.5,53,53,64,True,1
D3,1,0.5,0.8,2,0.5,54,54,64,True,1
D3,1,0.5,0.8,2,0.5,57,57,64,True,1
D3,1,0.5,0.8,2,0.5,58,58,64,True,1
D3,1,0.5,0.8,2,0.5,60,60,64,True,2
D3,1,0.5,0.8,2,0.5,63,63,64,True,3
D3,1,0.5,0.8,2,0.5,64,64,64,True,85
D0,1,0.5,0.8,2,1,0,0,64,False,520
D0,1,0.5,0.8,2,1,0,0,64,True,63
D0,1,0.5,0.8,2,1,1,0,64,True,2
D0,1,0.5,0.8,2,1,2,0,64,True,2
D0,1,0.5,0.8,2,1,5,0,64,True,2
D0,1,0.5,0.8,2,1,11,0,64,True,1
D0,1,0.5,0.8,2,1,12,0,64,True,1
D0,1,0.5,0.8,2,1,13,0,64,True,1
D0,1,0.5,0.8,2,1,16,0,64,True,1
D0,1,0.5,0.8,2,1,18,0,64,True,1
D0,1,0.5,0.8,2,1,19,0,64,True,1
D0,1,0.5,0.8,2,1,22,0,64,True,1
D0,1,0.5,0.8,2,1,23,0,64,True,1
D0,1,0.5,0.8,2,1,24,0,64,True,1
D0,1,0.5,0.8,2,1,44,0,64,True,1
D0,1,0.5,0.8,2,1,45,0,64,True,1
D0,1,0.5,0.8,2,1,55,0,64,True,1
D0,1,0.5,0.8,2,1,60,0,64,True,3
D0,1,0.5,0.8,2,1,62,0,64,True,2
D0,1,0.5,0.8,2,1,63,0,64,True,3
D0,1,0.5,0.8,2,1,64,0,64,True,415
D1,1,0.5,0.8,2,1,0,0,64,False,520
D1,1,0.5,0.8,2,1,0,0,64,True,228
D1,1,0.5,0.8,2,1,1,0,64,True,2
D1,1,0.5,0.8,2,1,5,0,64,True,1
D1,1,0.5,0.8,2,1,6,0,64,True,1
D1,1,0.5,0.8,2,1,7,0,64,True,3
D1,1,0.5,0.8,2,1,9,0,64,True,1
D1,1,0.5,0.8,2,1,15,0,64,True,1
D1,1,0.5,0.8,2,1,18,0,64,True,2
D1,1,0.5,0.8,2,1,19,0,64,True,1
D1,1,0.5,0.8,2,1,42,0,64,True,1
D1,1,0.5,0.8,2,1,43,0,64,True,1
D1,1,0.5,0.8,2,1,44,0,64,True,1
D1,1,0.5,0.8,2,1,45,0,64,True,1
D1,1,0.5,0.8,2,1,46,0,64,True,1
D1,1,0.5,0.8,2,1,48,0,64,True,1
D1,1,0.5,0.8,2,1,50,0,64,True,1
D1,1,0.5,0.8,2,1,54,0,64,True,1
D1,1,0.5,0.8,2,1,55,0,64,True,2
D1,1,0.5,0.8,2,1,63,0,64,True,4
D1,1,0.5,0.8,2,1,64,0,64,True,250
D2,1,0.5,0.8,2,1,0,0,64,False,520
D2,1,0.5,0.8,2,1,0,0,64,True,149
D2,1,0.5,0.8,2,1,1,0,64,True,5
D2,1,0.5,0.8,2,1,2,0,64,True,1
D2,1,0.5,0.8,2,1,3,0,64,True,3
D2,1,0.5,0.8,2,1,4,0,64,True,2
D2,1,0.5,0.8,2,1,8,0,64,True,1
D2,1,0.5,0.8,2,1,9,0,64,True,1
D2,1,0.5,0.8,2,1,11,0,64,True,2
D2,1,0.5,0.8,2,1,17,0,64,True,1
D2,1,0.5,0.8,2,1,22,0,64,True,1
D2,1,0.5,0.8,2,1,25,0,64,True,2
D2,1,0.5,0.8,2,1,30,0,64,True,1
D2,1,0.5,0.8,2,1,33,0,64,True,1
D2,1,0.5,0.8,2,1,34,0,64,True,2
D2,1,0.5,0.8,2,1,58,0,64,True,1
D2,1,0.5,0.8,2,1,62,0,64,True,1
D2,1,0.5,0.8,2,1,63,0,64,True,1
D2,1,0.5,0.8,2,1,64,0,64,True,329
D3,1,0.5,0.8,2,1,0,0,64,False,520
D3,1,0.5,0.8,2,1,0,0,64,True,387
D3,1,0.5,0.8,2,1,2,0,64,True,3
D3,1,0.5,0.8,2,1,3,0,64,True,2
D3,1,0.5,0.8,2,1,5,0,64,True,2
D3,1,0.5,0.8,2,1,10,0,64,True,1
D3,1,0.5,0.8,2,1,11,0,64,True,1
D3,1,0.5,0.8,2,1,15,0,64,True,1
D3,1,0.5,0.8,2,1,16,0,64,True,1
D3,1,0.5,0.8,2,1,18,0,64,True,1
D3,1,0.5,0.8,2,1,22,0,64,True,1
D3,1,0.5,0.8,2,1,23,0,64,True,1
D3,1,0.5,0.8,2,1,24,0,64,True,1
D3,1,0.5,0.8,2,1,27,0,64,True,1
D3,1,0.5,0.8,2,1,28,0,64,True,1
D3,1,0.5,0.8,2,1,29,0,64,True,1
D3,1,0.5,0.8,2,1,34,0,64,True,1
D3,1,0.5,0.8,2,1,40,0,64,True,2
D3,1,0.5,0.8,2,1,41,0,64,True,1
D3,1,0.5,0.8,2,1,48,0,64,True,1
D3,1,0.5,0.8,2,1,53,0,64,True,1
D3,1,0.5,0.8,2,1,54,0,64,True,1
D3,1,0.5,0.8,2,1,57,0,64,True,1
D3,1,0.5,0.8,2,1,58,0,64,True,1
D3,1,0.5,0.8,2,1,60,0,64,True,2
D3,1,0.5,0.8,2,1,63,0,64,True,3
D3,1,0.5,0.8,2,1,64,0,64,True,85
D0,1,0.5,0.8,5,0.5,0,0,64,False,520
D0,1,0.5,0.8,5,0.5,0,0,64,True,63
D0,1,0.5,0.8,5,0.5,1,1,64,True,2
D0,1,0.5,0.8,5,0.5,2,2,64,True,2
D0,1,0.5,0.8,5,0.5,5,5,64,True,2
D0,1,0.5,0.8,5,0.5,11,11,64,True,1
D0,1,0.5,0.8,5,0.5,12,12,64,True,1
D0,1,0.5,0.8,5,0.5,13,13,64,True,1
D0,1,0.5,0.8,5,0.5,16,16,64,True,1
D0,1,0.5,0.8,5,0.5,18,18,64,True,1
D0,1,0.5,0.8,5,0.5,19,19,64,True,1
D0,1,0.5,0.8,5,0.5,22,22,64,True,1
D0,1,0.5,0.8,5,0.5,23,23,64,True,1
D0,1,0.5,0.8,5,0.5,24,24,64,True,1
D0,1,0.5,0.8,5,0.5,44,44,64,True,1
D0,1,0.5,0.8,5,0.5,45,45,64,True,1
D0,1,0.5,0.8,5,0.5,55,55,64,True,1
D0,1,0.5,0.8,5,0.5,60,60,64,True,3
D0,1,0.5,0.8,5,0.5,62,62,64,True,2
D0,1,0.5,0.8,5,0.5,63,63,64,True,3
D0,1,0.5,0.8,5,0.5,64,64,64,True,415
D1,1,0.5,0.8,5,0.5,0,0,64,False,520
D1,1,0.5,0.8,5,0.5,0,0,64,True,228
D1,1,0.5,0.8,5,0.5,1,1,64,True,2
D1,1,0.5,0.8,5,0.5,5,5,64,True,1
D1,1,0.5,0.8,5,0.5,6,6,64,True,1
D1,1,0.5,0.8,5,0.5,7,7,64,True,3
D1,1,0.5,0.8,5,0.5,9,9,64,True,1
D1,1,0.5,0.8,5,0.5,15,15,64,True,1
D1,1,0.5,0.8,5,0.5,18,18,64,True,2
D1,1,0.5,0.8,5,0.5,19,19,64,True,1
D1,1,0.5,0.8,5,0.5,42,42,64,True,1
D1,1,0.5,0.8,5,0.5,43,43,64,True,1
D1,1,0.5,0.8,5,0.5,44,44,64,True,1
D1,1,0.5,0.8,5,0.5,45,45,64,True,1
D1,1,0.5,0.8,5,0.5,46,46,64,True,1
D1,1,0.5,0.8,5,0.5,48,48,64,True,1
D1,1,0.5,0.8,5,0.5,50,50,64,True,1
D1,1,0.5,0.8,5,0.5,54,54,64,True,1
D1,1,0.5,0.8,5,0.5,55,55,64,True,2
D1,1,0.5,0.8,5,0.5,63,63,64,True,4
D1,1,0.5,0.8,5,0.5,64,64,64,True,250
D2,1,0.5,0.8,5,0.5,0,0,64,False,520
D2,1,0.5,0.8,5,0.5,0,0,64,True,149
D2,1,0.5,0.8,5,0.5,1,1,64,True,5
D2,1,0.5,0.8,5,0.5,2,2,64,True,1
D2,1,0.5,0.8,5,0.5,3,3,64,True,3
D2,1,0.5,0.8,5,0.5,4,4,64,True,2
D2,1,0.5,0.8,5,0.5,8,8,64,True,1
D2,1,0.5,0.8,5,0.5,9,9,64,True,1
D2,1,0.5,0.8,5,0.5,11,11,64,True,2
D2,1,0.5,0.8,5,0.5,17,17,64,True,1
D2,1,0.5,0.8,5,0.5,22,22,64,True,1
D2,1,0.5,0.8,5,0.5,25,25,64,True,2
D2,1,0.5,0.8,5,0.5,30,30,64,True,1
D2,1,0.5,0.8,5,0.5,33,33,64,True,1
D2,1,0.5,0.8,5,0.5,34,34,64,True,2
D2,1,0.5,0.8,5,0.5,58,58,64,True,1
D2,1,0.5,0.8,5,0.5,62,62,64,True,1
D2,1,0.5,0.8,5,0.5,63,63,64,True,1
D2,1,0.5,0.8,5,0.5,64,64,64,True,329
D3,1,0.5,0.8,5,0.5,0,0,64,False,520
D3,1,0.5,0.8,5,0.5,0,0,64,True,387
D3,1,0.5,0.8,5,0.5,2,2,64,True,3
D3,1,0.5,0.8,5,0.5,3,3,64,True,2
D3,1,0.5,0.8,5,0.5,5,5,64,True,2
D3,1,0.5,0.8,5,0.5,10,10,64,True,1
D3,1,0.5,0.8,5,0.5,11,11,64,True,1
D3,1,0.5,0.8,5,0.5,15,15,64,True,1
D3,1,0.5,0.8,5,0.5,16,16,64,True,1
D3,1,0.5,0.8,5,0.5,18,18,64,True,1
D3,1,0.5,0.8,5,0.5,22,22,64,True,1
D3,1,0.5,0.8,5,0.5,23,23,64,True,1
D3,1,0.5,0.8,5,0.5,24,24,64,True,1
D3,1,0.5,0.8,5,0.5,27,27,64,True,1
D3,1,0.5,0.8,5,0.5,28,28,64,True,1
D3,1,0.5,0.8,5,0.5,29,29,64,True,1
D3,1,0.5,0.8,5,0.5,34,34,64,True,1
D3,1,0.5,0.8,5,0.5,40,40,64,True,2
D3,1,0.5,0.8,5,0.5,41,41,64,True,1
D3,1,0.5,0.8,5,0.5,48,48,64,True,1
D3,1,0.5,0.8,5,0.5,53,53,64,True,1
D3,1,0.5,0.8,5,0.5,54,54,64,True,1
D3,1,0.5,0.8,5,0.5,57,57,64,True,1
D3,1,0.5,0.8,5,0.5,58,58,64,True,1
D3,1,0.5,0.8,5,0.5,60,60,64,True,2
D3,1,0.5,0.8,5,0.5,63,63,64,True,3
D3,1,0.5,0.8,5,0.5,64,64,64,True,85
D0,1,0.5,0.8,5,1,0,0,64,False,520
D0,1,0.5,0.8,5,1,0,0,64,True,63
D0,1,0.5,0.8,5,1,1,0,64,True,2
D0,1,0.5,0.8,5,1,2,0,64,True,2
D0,1,0.5,0.8,5,1,5,0,64,True,2
D0,1,0.5,0.8,5,1,11,0,64,True,1
D0,1,0.5,0.8,5,1,12,0,64,True,1
D0,1,0.5,0.8,5,1,13,0,64,True,1
D0,1,0.5,0.8,5,1,16,0,64,True,1
D0,1,0.5,0.8,5,1,18,0,64,True,1
D0,1,0.5,0.8,5,1,19,0,64,True,1
D0,1,0.5,0.8,5,1,22,0,64,True,1
D0,1,0.5,0.8,5,1,23,0,64,True,1
D0,1,0.5,0.8,5,1,24,0,64,True,1
D0,1,0.5,0.8,5,1,44,0,64,True,1
D0,1,0.5,0.8,5,1,45,0,64,True,1
D0,1,0.5,0.8,5,1,55,0,64,True,1
D0,1,0.5,0.8,5,1,60,0,64,True,3
D0,1,0.5,0.8,5,1,62,0,64,True,2
D0,1,0.5,0.8,5,1,63,0,64,True,3
D0,1,0.5,0.8,5,1,64,0,64,True,415
D1,1,0.5,0.8,5,1,0,0,64,False,520
D1,1,0.5,0.8,5,1,0,0,64,True,228
D1,1,0.5,0.8,5,1,1,0,64,True,2
D1,1,0.5,0.8,5,1,5,0,64,True,1
D1,1,0.5,0.8,5,1,6,0,64,True,1
D1,1,0.5,0.8,5,1,7,0,64,True,3
D1,1,0.5,0.8,5,1,9,0,64,True,1
D1,1,0.5,0.8,5,1,15,0,64,True,1
D1,1,0.5,0.8,5,1,18,0,64,True,2
D1,1,0.5,0.8,5,1,19,0,64,True,1
D1,1,0.5,0.8,5,1,42,0,64,True,1
D1,1,0.5,0.8,5,1,43,0,64,True,1
D1,1,0.5,0.8,5,1,44,0,64,True,1
D1,1,0.5,0.8,5,1,45,0,64,True,1
D1,1,0.5,0.8,5,1,46,0,64,True,1
D1,1,0.5,0.8,5,1,48,0,64,True,1
D1,1,0.5,0.8,5,1,50,0,64,True,1
D1,1,0.5,0.8,5,1,54,0,64,True,1
D1,1,0.5,0.8,5,1,55,0,64,True,2
D1,1,0.5,0.8,5,1,63,0,64,True,4
D1,1,0.5,0.8,5,1,64,0,64,True,250
D2,1,0.5,0.8,5,1,0,0,64,False,520
D2,1,0.5,0.8,5,1,0,0,64,True,149
D2,1,0.5,0.8,5,1,1,0,64,True,5
D2,1,0.5,0.8,5,1,2,0,64,True,1
D2,1,0.5,0.8,5,1,3,0,64,True,3
D2,1,0.5,0.8,5,1,4,0,64,True,2
D2,1,0.5,0.8,5,1,8,0,64,True,1
D2,1,0.5,0.8,5,1,9,0,64,True,1
D2,1,0.5,0.8,5,1,11,0,64,True,2
D2,1,0.5,0.8,5,1,17,0,64,True,1
D2,1,0.5,0.8,5,1,22,0,64,True,1
D2,1,0.5,0.8,5,1,25,0,64,True,2
D2,1,0.5,0.8,5,1,30,0,64,True,1
D2,1,0.5,0.8,5,1,33,0,64,True,1
D2,1,0.5,0.8,5,1,34,0,64,True,2
D2,1,0.5,0.8,5,1,58,0,64,True,1
D2,1,0.5,0.8,5,1,62,0,64,True,1
D2,1,0.5,0.8,5,1,63,0,64,True,1
D2,1,0.5,0.8,5,1,64,0,64,True,329
D3,1,0.5,0.8,5,1,0,0,64,False,520
D3,1,0.5,0.8,5,1,0,0,64,True,387
D3,1,0.5,0.8,5,1,2,0,64,True,3
D3,1,0.5,0.8,5,1,3,0,64,True,2
D3,1,0.5,0.8,5,1,5,0,64,True,2
D3,1,0.5,0.8,5,1,10,0,64,True,1
D3,1,0.5,0.8,5,1,11,0,64,True,1
D3,1,0.5,0.8,5,1,15,0,64,True,1
D3,1,0.5,0.8,5,1,16,0,64,True,1
D3,1,0.5,0.8,5,1,18,0,64,True,1
D3,1,0.5,0.8,5,1,22,0,64,True,1
D3,1,0.5,0.8,5,1,23,0,64,True,1
D3,1,0.5,0.8,5,1,24,0,64,True,1
D3,1,0.5,0.8,5,1,27,0,64,True,1
D3,1,0.5,0.8,5,1,28,0,64,True,1
D3,1,0.5,0.8,5,1,29,0,64,True,1
D3,1,0.5,0.8,5,1,34,0,64,True,1
D3,1,0.5,0.8,5,1,40,0,64,True,2
D3,1,0.5,0.8,5,1,41,0,64,True,1
D3,1,0.5,0.8,5,1,48,0,64,True,1
D3,1,0.5,0.8,5,1,53,0,64,True,1
D3,1,0.5,0.8,5,1,54,0,64,True,1
D3,1,0.5,0.8,5,1,57,0,64,True,1
D3,1,0.5,0.8,5,1,58,0,64,True,1
D3,1,0.5,0.8,5,1,60,0,64,True,2
D3,1,0.5,0.8,5,1,63,0,64,True,3
D3,1,0.5,0.8,5,1,64,0,64,True,85
D0,5,0.5,0.8,0,0.5,0,0,64,False,520
D0,5,0.5,0.8,0,0.5,0,0,64,True,378
D0,5,0.5,0.8,0,0.5,1,1,64,True,6
D0,5,0.5,0.8,0,0.5,2,2,64,True,1
D0,5,0.5,0.8,0,0.5,3,3,64,True,1
D0,5,0.5,0.8,0,0.5,4,4,64,True,1
D0,5,0.5,0.8,0,0.5,8,8,64,True,2
D0,5,0.5,0.8,0,0.5,9,9,64,True,2
D0,5,0.5,0.8,0,0.5,10,10,64,True,2
D0,5,0.5,0.8,0,0.5,11,11,64,True,2
D0,5,0.5,0.8,0,0.5,12,12,64,True,1
D0,5,0.5,0.8,0,0.5,13,13,64,True,2
D0,5,0.5,0.8,0,0.5,14,14,64,True,2
D0,5,0.5,0.8,0,0.5,15,15,64,True,1
D0,5,0.5,0.8,0,0.5,16,16,64,True,1
D0,5,0.5,0.8,0,0.5,20,20,64,True,1
D0,5,0.5,0.8,0,0.5,22,22,64,True,1
D0,5,0.5,0.8,0,0.5,24,24,64,True,1
D0,5,0.5,0.8,0,0.5,28,28,64,True,1
D0,5,0.5,0.8,0,0.5,29,29,64,True,2
D0,5,0.5,0.8,0,0.5,40,40,64,True,1
D0,5,0.5,0.8,0,0.5,42,42,64,True,1
D0,5,0.5,0.8,0,0.5,46,46,64,True,2
D0,5,0.5,0.8,0,0.5,47,47,64,True,1
D0,5,0.5,0.8,0,0.5,48,48,64,True,1
D0,5,0.5,0.8,0,0.5,50,50,64,True,2
D0,5,0.5,0.8,0,0.5,53,53,64,True,1
D0,5,0.5,0.8,0,0.5,54,54,64,True,1
D0,5,0.5,0.8,0,0.5,56,56,64,True,3
D0,5,0.5,0.8,0,0.5,58,58,64,True,1
D0,5,0.5,0.8,0,0.5,59,59,64,True,1
D0,5,0.5,0.8,0,0.5,60,60,64,True,1
D0,5,0.5,0.8,0,0.5,61,61,64,True,4
D0,5,0.5,0.8,0,0.5,62,62,64,True,4
D0,5,0.5,0.8,0,0.5,63,63,64,True,1
D0,5,0.5,0.8,0,0.5,64,64,64,True,71
D1,5,0.5,0.8,0,0.5,0,0,64,False,520
D1,5,0.5,0.8,0,0.5,0,0,64,True,504
D2,5,0.5,0.8,0,0.5,0,0,64,False,520
D2,5,0.5,0.8,0,0.5,0,0,64,True,504
D3,5,0.5,0.8,0,0.5,0,0,64,False,520
D3,5,0.5,0.8,0,0.5,0,0,64,True,504
D0,5,0.5,0.8,0,1,0,0,64,False,520
D0,5,0.5,0.8,0,1,0,0,64,True,378
D0,5,0.5,0.8,0,1,1,0,64,True,6
D0,5,0.5,0.8,0,1,2,0,64,True,1
D0,5,0.5,0.8,0,1,3,0,64,True,1
D0,5,0.5,0.8,0,1,4,0,64,True,1
D0,5,0.5,0.8,0,1,8,0,64,True,2
D0,5,0.5,0.8,0,1,9,0,64,True,2
D0,5,0.5,0.8,0,1,10,0,64,True,2
D0,5,0.5,0.8,0,1,11,0,64,True,2
D0,5,0.5,0.8,0,1,12,0,64,True,1
D0,5,0.5,0.8,0,1,13,0,64,True,2
D0,5,0.5,0.8,0,1,14,0,64,True,2
D0,5,0.5,0.8,0,1,15,0,64,True,1
D0,5,0.5,0.8,0,1,16,0,64,True,1
D0,5,0.5,0.8,0,1,20,0,64,True,1
D0,5,0.5,0.8,0,1,22,0,64,True,1
D0,5,0.5,0.8,0,1,24,0,64,True,1
D0,5,0.5,0.8,0,1,28,0,64,True,1
D0,5,0.5,0.8,0,1,29,0,64,True,2
D0,5,0.5,0.8,0,1,40,0,64,True,1
D0,5,0.5,0.8,0,1,42,0,64,True,1
D0,5,0.5,0.8,0,1,46,0,64,True,2
D0,5,0.5,0.8,0,1,47,0,64,True,1
D0,5,0.5,0.8,0,1,48,0,64,True,1
D0,5,0.5,0.8,0,1,50,0,64,True,2
D0,5,0.5,0.8,0,1,53,0,64,True,1
D0,5,0.5,0.8,0,1,54,0,64,True,1
D0,5,0.5,0.8,0,1,56,0,64,True,3
D0,5,0.5,0.8,0,1,58,0,64,True,1
D0,5,0.5,0.8,0,1,59,0,64,True,1
D0,5,0.5,0.8,0,1,60,0,64,True,1
D0,5,0.5,0.8,0,1,61,0,64,True,4
D0,5,0.5,0.8,0,1,62,0,64,True,4
D0,5,0.5,0.8,0,1,63,0,64,True,1
D0,5,0.5,0.8,0,1,64,0,64,True,71
D1,5,0.5,0.8,0,1,0,0,64,False,520
D1,5,0.5,0.8,0,1,0,0,64,True,504
D2,5,0.5,0.8,0,1,0,0,64,False,520
D2,5,0.5,0.8,0,1,0,0,64,True,504
D3,5,0.5,0.8,0,1,0,0,64,False,520
D3,5,0.5,0.8,0,1,0,0,64,True,504
D0,5,0.5,0.8,2,0.5,0,0,64,False,520
D0,5,0.5,0.8,2,0.5,0,0,64,True,378
D0,5,0.5,0.8,2,0.5,1,1,64,True,6
D0,5,0.5,0.8,2,0.5,2,2,64,True,1
D0,5,0.5,0.8,2,0.5,3,3,64,True,1
D0,5,0.5,0.8,2,0.5,4,4,64,True,1
D0,5,0.5,0.8,2,0.5,8,8,64,True,2
D0,5,0.5,0.8,2,0.5,9,9,64,True,2
D0,5,0.5,0.8,2,0.5,10,10,64,True,2
D0,5,0.5,0.8,2,0.5,11,11,64,True,2
D0,5,0.5,0.8,2,0.5,12,12,64,True,1
D0,5,0.5,0.8,2,0.5,13,13,64,True,2
D0,5,0.5,0.8,2,0.5,14,14,64,True,2
D0,5,0.5,0.8,2,0.5,15,15,64,True,1
D0,5,0.5,0.8,2,0.5,16,16,64,True,1
D0,5,0.5,0.8,2,0.5,20,20,64,True,1
D0,5,0.5,0.8,2,0.5,22,22,64,True,1
D0,5,0.5,0.8,2,0.5,24,24,64,True,1
D0,5,0.5,0.8,2,0.5,28,28,64,True,1
D0,5,0.5,0.8,2,0.5,29,29,64,True,2
D0,5,0.5,0.8,2,0.5,40,40,64,True,1
D0,5,0.5,0.8,2,0.5,42,42,64,True,1
D0,5,0.5,0.8,2,0.5,46,46,64,True,2
D0,5,0.5,0.8,2,0.5,47,47,64,True,1
D0,5,0.5,0.8,2,0.5,48,48,64,True,1
D0,5,0.5,0.8,2,0.5,50,50,64,True,2
D0,5,0.5,0.8,2,0.5,53,53,64,True,1
D0,5,0.5,0.8,2,0.5,54,54,64,True,1
D0,5,0.5,0.8,2,0.5,56,56,64,True,3
D0,5,0.5,0.8,2,0.5,58,58,64,True,1
D0,5,0.5,0.8,2,0.5,59,59,64,True,1
D0,5,0.5,0.8,2,0.5,60,60,64,True,1
D0,5,0.5,0.8,2,0.5,61,61,64,True,4
D0,5,0.5,0.8,2,0.5,62,62,64,True,4
D0,5,0.5,0.8,2,0.5,63,63,64,True,1
D0,5,0.5,0.8,2,0.5,64,64,64,True,71
D1,5,0.5,0.8,2,0.5,0,0,64,False,520
D1,5,0.5,0.8,2,0.5,0,0,64,True,504
D2,5,0.5,0.8,2,0.5,0,0,64,False,520
D2,5,0.5,0.8,2,0.5,0,0,64,True,504
D3,5,0.5,0.8,2,0.5,0,0,64,False,520
D3,5,0.5,0.8,2,0.5,0,0,64,True,504
D0,5,0.5,0.8,2,1,0,0,64,False,520
D0,5,0.5,0.8,2,1,0,0,64,True,378
D0,5,0.5,0.8,2,1,1,0,64,True,6
D0,5,0.5,0.8,2,1,2,0,64,True,1
D0,5,0.5,0.8,2,1,3,0,64,True,1
D0,5,0.5,0.8,2,1,4,0,64,True,1
D0,5,0.5,0.8,2,1,8,0,64,True,2
D0,5,0.5,0.8,2,1,9,0,64,True,2
D0,5,0.5,0.8,2,1,10,0,64,True,2
D0,5,0.5,0.8,2,1,11,0,64,True,2
D0,5,0.5,0.8,2,1,12,0,64,True,1
D0,5,0.5,0.8,2,1,13,0,64,True,2
D0,5,0.5,0.8,2,1,14,0,64,True,2
D0,5,0.5,0.8,2,1,15,0,64,True,1
D0,5,0.5,0.8,2,1,16,0,64,True,1
D0,5,0.5,0.8,2,1,20,0,64,True,1
D0,5,0.5,0.8,2,1,22,0,64,True,1
D0,5,0.5,0.8,2,1,24,0,64,True,1
D0,5,0.5,0.8,2,1,28,0,64,True,1
D0,5,0.5,0.8,2,1,29,0,64,True,2
D0,5,0.5,0.8,2,1,40,0,64,True,1
D0,5,0.5,0.8,2,1,42,0,64,True,1
D0,5,0.5,0.8,2,1,46,0,64,True,2
D0,5,0.5,0.8,2,1,47,0,64,True,1
D0,5,0.5,0.8,2,1,48,0,64,True,1
D0,5,0.5,0.8,2,1,50,0,64,True,2
D0,5,0.5,0.8,2,1,53,0,64,True,1
D0,5,0.5,0.8,2,1,54,0,64,True,1
D0,5,0.5,0.8,2,1,56,0,64,True,3
D0,5,0.5,0.8,2,1,58,0,64,True,1
D0,5,0.5,0.8,2,1,59,0,64,True,1
D0,5,0.5,0.8,2,1,60,0,64,True,1
D0,5,0.5,0.8,2,1,61,0,64,True,4
D0,5,0.5,0.8,2,1,62,0,64,True,4
D0,5,0.5,0.8,2,1,63,0,64,True,1
D0,5,0.5,0.8,2,1,64,0,64,True,71
D1,5,0.5,0.8,2,1,0,0,64,False,520
D1,5,0.5,0.8,2,1,0,0,64,True,504
D2,5,0.5,0.8,2,1,0,0,64,False,520
D2,5,0.5,0.8,2,1,0,0,64,True,504
D3,5,0.5,0.8,2,1,0,0,64,False,520
D3,5,0.5,0.8,2,1,0,0,64,True,504
D0,5,0.5,0.8,5,0.5,0,0,64,False,520
D0,5,0.5,0.8,5,0.5,0,0,64,True,378
D0,5,0.5,0.8,5,0.5,1,1,64,True,6
D0,5,0.5,0.8,5,0.5,2,2,64,True,1
D0,5,0.5,0.8,5,0.5,3,3,64,True,1
D0,5,0.5,0.8,5,0.5,4,4,64,True,1
D0,5,0.5,0.8,5,0.5,8,8,64,True,2
D0,5,0.5,0.8,5,0.5,9,9,64,True,2
D0,5,0.5,0.8,5,0.5,10,10,64,True,2
D0,5,0.5,0.8,5,0.5,11,11,64,True,2
D0,5,0.5,0.8,5,0.5,12,12,64,True,1
D0,5,0.5,0.8,5,0.5,13,13,64,True,2
D0,5,0.5,0.8,5,0.5,14,14,64,True,2
D0,5,0.5,0.8,5,0.5,15,15,64,True,1
D0,5,0.5,0.8,5,0.5,16,16,64,True,1
D0,5,0.5,0.8,5,0.5,20,20,64,True,1
D0,5,0.5,0.8,5,0.5,22,22,64,True,1
D0,5,0.5,0.8,5,0.5,24,24,64,True,1
D0,5,0.5,0.8,5,0.5,28,28,64,True,1
D0,5,0.5,0.8,5,0.5,29,29,64,True,2
D0,5,0.5,0.8,5,0.5,40,40,64,True,1
D0,5,0.5,0.8,5,0.5,42,42,64,True,1
D0,5,0.5,0.8,5,0.5,46,46,64,True,2
D0,5,0.5,0.8,5,0.5,47,47,64,True,1
D0,5,0.5,0.8,5,0.5,48,48,64,True,1
D0,5,0.5,0.8,5,0.5,50,50,64,True,2
D0,5,0.5,0.8,5,0.5,53,53,64,True,1
D0,5,0.5,0.8,5,0.5,54,54,64,True,1
D0,5,0.5,0.8,5,0.5,56,56,64,True,3
D0,5,0.5,0.8,5,0.5,58,58,64,True,1
D0,5,0.5,0.8,5,0.5,59,59,64,True,1
D0,5,0.5,0.8,5,0.5,60,60,64,True,1
D0,5,0.5,0.8,5,0.5,61,61,64,True,4
D0,5,0.5,0.8,5,0.5,62,62,64,True,4
D0,5,0.5,0.8,5,0.5,63,63,64,True,1
D0,5,0.5,0.8,5,0.5,64,64,64,True,71
D1,5,0.5,0.8,5,0.5,0,0,64,False,520
D1,5,0.5,0.8,5,0.5,0,0,64,True,504
D2,5,0.5,0.8,5,0.5,0,0,64,False,520
D2,5,0.5,0.8,5,0.5,0,0,64,True,504
D3,5,0.5,0.8,5,0.5,0,0,64,False,520
D3,5,0.5,0.8,5,0.5,0,0,64,True,504
D0,5,0.5,0.8,5,1,0,0,64,False,520
D0,5,0.5,0.8,5,1,0,0,64,True,378
D0,5,0.5,0.8,5,1,1,0,64,True,6
D0,5,0.5,0.8,5,1,2,0,64,True,1
D0,5,0.5,0.8,5,1,3,0,64,True,1
D0,5,0.5,0.8,5,1,4,0,64,True,1
D0,5,0.5,0.8,5,1,8,0,64,True,2
D0,5,0.5,0.8,5,1,9,0,64,True,2
D0,5,0.5,0.8,5,1,10,0,64,True,2
D0,5,0.5,0.8,5,1,11,0,64,True,2
D0,5,0.5,0.8,5,1,12,0,64,True,1
D0,5,0.5,0.8,5,1,13,0,64,True,2
D0,5,0.5,0.8,5,1,14,0,64,True,2
D0,5,0.5,0.8,5,1,15,0,64,True,1
D0,5,0.5,0.8,5,1,16,0,64,True,1
D0,5,0.5,0.8,5,1,20,0,64,True,1
D0,5,0.5,0.8,5,1,22,0,64,True,1
D0,5,0.5,0.8,5,1,24,0,64,True,1
D0,5,0.5,0.8,5,1,28,0,64,True,1
D0,5,0.5,0.8,5,1,29,0,64,True,2
D0,5,0.5,0.8,5,1,40,0,64,True,1
D0,5,0.5,0.8,5,1,42,0,64,True,1
D0,5,0.5,0.8,5,1,46,0,64,True,2
D0,5,0.5,0.8,5,1,47,0,64,True,1
D0,5,0.5,0.8,5,1,48,0,64,True,1
D0,5,0.5,0.8,5,1,50,0,64,True,2
D0,5,0.5,0.8,5,1,53,0,64,True,1
D0,5,0.5,0.8,5,1,54,0,64,True,1
D0,5,0.5,0.8,5,1,56,0,64,True,3
D0,5,0.5,0.8,5,1,58,0,64,True,1
D0,5,0.5,0.8,5,1,59,0,64,True,1
D0,5,0.5,0.8,5,1,60,0,64,True,1
D0,5,0.5,0.8,5,1,61,0,64,True,4
D0,5,0.5,0.8,5,1,62,0,64,True,4
D0,5,0.5,0.8,5,1,63,0,64,True,1
D0,5,0.5,0.8,5,1,64,0,64,True,71
D1,5,0.5,0.8,5,1,0,0,64,False,520
D1,5,0.5,0.8,5,1,0,0,64,True,504
D2,5,0.5,0.8,5,1,0,0,64,False,520
D2,5,0.5,0.8,5,1,0,0,64,True,504
D3,5,0.5,0.8,5,1,0,0,64,False,520
D3,5,0.5,0.8,5,1,0,0,64,True,504
D0,10,0.5,0.8,0,0.5,0,0,64,False,520
D0,10,0.5,0.8,0,0.5,0,0,64,True,504
D1,10,0.5,0.8,0,0.5,0,0,64,False,520
D1,10,0.5,0.8,0,0.5,0,0,64,True,504
D2,10,0.5,0.8,0,0.5,0,0,64,False,520
D2,10,0.5,0.8,0,0.5,0,0,64,True,504
D3,10,0.5,0.8,0,0.5,0,0,64,False,520
D3,10,0.5,0.8,0,0.5,0,0,64,True,504
D0,10,0.5,0.8,0,1,0,0,64,False,520
D0,10,0.5,0.8,0,1,0,0,64,True,504
D1,10,0.5,0.8,0,1,0,0,64,False,520
D1,10,0.5,0.8,0,1,0,0,64,True,504
D2,10,0.5,0.8,0,1,0,0,64,False,520
D2,10,0.5,0.8,0,1,0,0,64,True,504
D3,10,0.5,0.8,0,1,0,0,64,False,520
D3,10,0.5,0.8,0,1,0,0,64,True,504
D0,10,0.5,0.8,2,0.5,0,0,64,False,520
D0,10,0.5,0.8,2,0.5,0,0,64,True,504
D1,10,0.5,0.8,2,0.5,0,0,64,False,520
D1,10,0.5,0.8,2,0.5,0,0,64,True,504
D2,10,0.5,0.8,2,0.5,0,0,64,False,520
D2,10,0.5,0.8,2,0.5,0,0,64,True,504
D3,10,0.5,0.8,2,0.5,0,0,64,False,520
D3,10,0.5,0.8,2,0.5,0,0,64,True,504
D0,10,0.5,0.8,2,1,0,0,64,False,520
D0,10,0.5,0.8,2,1,0,0,64,True,504
D1,10,0.5,0.8,2,1,0,0,64,False,520
D1,10,0.5,0.8,2,1,0,0,64,True,504
D2,10,0.5,0.8,2,1,0,0,64,False,520
D2,10,0.5,0.8,2,1,0,0,64,True,504
D3,10,0.5,0.8,2,1,0,0,64,False,520
D3,10,0.5,0.8,2,1,0,0,64,True,504
D0,10,0.5,0.8,5,0.5,0,0,64,False,520
D0,10,0.5,0.8,5,0.5,0,0,64,True,504
D1,10,0.5,0.8,5,0.5,0,0,64,False,520
D1,10,0.5,0.8,5,0.5,0,0,64,True,504
D2,10,0.5,0.8,5,0.5,0,0,64,False,520
D2,10,0.5,0.8,5,0.5,0,0,64,True,504
D3,10,0.5,0.8,5,0.5,0,0,64,False,520
D3,10,0.5,0.8,5,0.5,0,0,64,True,504
D0,10,0.5,0.8,5,1,0,0,64,False,520
D0,10,0.5,0.8,5,1,0,0,64,True,504
D1,10,0.5,0.8,5,1,0,0,64,False,520
D1,10,0.5,0.8,5,1,0,0,64,True,504
D2,10,0.5,0.8,5,1,0,0,64,False,520
D2,10,0.5,0.8,5,1,0,0,64,True,504
D3,10,0.5,0.8,5,1,0,0,64,False,520
D3,10,0.5,0.8,5,1,0,0,64,True,504
D0,20,0.5,0.8,0,0.5,0,0,64,False,520
D0,20,0.5,0.8,0,0.5,0,0,64,True,504
D1,20,0.5,0.8,0,0.5,0,0,64,False,520
D1,20,0.5,0.8,0,0.5,0,0,64,True,504
D2,20,0.5,0.8,0,0.5,0,0,64,False,520
D2,20,0.5,0.8,0,0.5,0,0,64,True,504
D3,20,0.5,0.8,0,0.5,0,0,64,False,520
D3,20,0.5,0.8,0,0.5,0,0,64,True,504
D0,20,0.5,0.8,0,1,0,0,64,False,520
D0,20,0.5,0.8,0,1,0,0,64,True,504
D1,20,0.5,0.8,0,1,0,0,64,False,520
D1,20,0.5,0.8,0,1,0,0,64,True,504
D2,20,0.5,0.8,0,1,0,0,64,False,520
D2,20,0.5,0.8,0,1,0,0,64,True,504
D3,20,0.5,0.8,0,1,0,0,64,False,520
D3,20,0.5,0.8,0,1,0,0,64,True,504
D0,20,0.5,0.8,2,0.5,0,0,64,False,520
D0,20,0.5,0.8,2,0.5,0,0,64,True,504
D1,20,0.5,0.8,2,0.5,0,0,64,False,520
D1,20,0.5,0.8,2,0.5,0,0,64,True,504
D2,20,0.5,0.8,2,0.5,0,0,64,False,520
D2,20,0.5,0.8,2,0.5,0,0,64,True,504
D3,20,0.5,0.8,2,0.5,0,0,64,False,520
D3,20,0.5,0.8,2,0.5,0,0,64,True,504
D0,20,0.5,0.8,2,1,0,0,64,False,520
D0,20,0.5,0.8,2,1,0,0,64,True,504
D1,20,0.5,0.8,2,1,0,0,64,False,520
D1,20,0.5,0.8,2,1,0,0,64,True,504
D2,20,0.5,0.8,2,1,0,0,64,False,520
D2,20,0.5,0.8,2,1,0,0,64,True,504
D3,20,0.5,0.8,2,1,0,0,64,False,520
D3,20,0.5,0.8,2,1,0,0,64,True,504
D0,20,0.5,0.8,5,0.5,0,0,64,False,520
D0,20,0.5,0.8,5,0.5,0,0,64,True,504
D1,20,0.5,0.8,5,0.5,0,0,64,False,520
D1,20,0.5,0.8,5,0.5,0,0,64,True,504
D2,20,0.5,0.8,5,0.5,0,0,64,False,520
D2,20,0.5,0.8,5,0.5,0,0,64,True,504
D3,20,0.5,0.8,5,0.5,0,0,64,False,520
D3,20,0.5,0.8,5,0.5,0,0,64,True,504
D0,20,0.5,0.8,5,1,0,0,64,False,520
D0,20,0.5,0.8,5,1,0,0,64,True,504
D1,20,0.5,0.8,5,1,0,0,64,False,520
D1,20,0.5,0.8,5,1,0,0,64,True,504
D2,20,0.5,0.8,5,1,0,0,64,False,520
D2,20,0.5,0.8,5,1,0,0,64,True,504
D3,20,0.5,0.8,5,1,0,0,64,False,520
D3,20,0.5,0.8,5,1,0,0,64,True,504
D0,1,0.75,0.1,0,0.5,64,64,64,True,1024
D1,1,0.75,0.1,0,0.5,64,64,64,True,1024
D2,1,0.75,0.1,0,0.5,64,64,64,True,1024
D3,1,0.75,0.1,0,0.5,64,64,64,True,1024
D0,1,0.75,0.1,0,1,64,0,64,True,1020
D0,1,0.75,0.1,0,1,64,1,64,True,3
D0,1,0.75,0.1,0,1,64,7,64,True,1
D1,1,0.75,0.1,0,1,64,0,64,True,1024
D2,1,0.75,0.1,0,1,64,0,64,True,1024
D3,1,0.75,0.1,0,1,64,0,64,True,1024
D0,1,0.75,0.1,2,0.5,64,64,64,True,1024
D1,1,0.75,0.1,2,0.5,64,64,64,True,1024
D2,1,0.75,0.1,2,0.5,64,64,64,True,1024
D3,1,0.75,0.1,2,0.5,64,64,64,True,1024
D0,1,0.75,0.1,2,1,64,0,64,True,1020
D0,1,0.75,0.1,2,1,64,1,64,True,3
D0,1,0.75,0.1,2,1,64,7,64,True,1
D1,1,0.75,0.1,2,1,64,0,64,True,1024
D2,1,0.75,0.1,2,1,64,0,64,True,1024
D3,1,0.75,0.1,2,1,64,0,64,True,1024
D0,1,0.75,0.1,5,0.5,64,64,64,True,1024
D1,1,0.75,0.1,5,0.5,64,64,64,True,1024
D2,1,0.75,0.1,5,0.5,64,64,64,True,1024
D3,1,0.75,0.1,5,0.5,64,64,64,True,1024
D0,1,0.75,0.1,5,1,64,0,64,True,1020
D0,1,0.75,0.1,5,1,64,1,64,True,3
D0,1,0.75,0.1,5,1,64,7,64,True,1
D1,1,0.75,0.1,5,1,64,0,64,True,1024
D2,1,0.75,0.1,5,1,64,0,64,True,1024
D3,1,0.75,0.1,5,1,64,0,64,True,1024
D0,5,0.75,0.1,0,0.5,64,64,64,True,1024
D1,5,0.75,0.1,0,0.5,64,64,64,True,1024
D2,5,0.75,0.1,0,0.5,64,64,64,True,1024
D3,5,0.75,0.1,0,0.5,64,64,64,True,1024
D0,5,0.75,0.1,0,1,64,0,64,True,1024
D1,5,0.75,0.1,0,1,64,0,64,True,1024
D2,5,0.75,0.1,0,1,64,0,64,True,1024
D3,5,0.75,0.1,0,1,64,0,64,True,1024
D0,5,0.75,0.1,2,0.5,64,64,64,True,1024
D1,5,0.75,0.1,2,0.5,64,64,64,True,1024
D2,5,0.75,0.1,2,0.5,64,64,64,True,1024
D3,5,0.75,0.1,2,0.5,64,64,64,True,1024
D0,5,0.75,0.1,2,1,64,0,64,True,1024
D1,5,0.75,0.1,2,1,64,0,64,True,1024
D2,5,0.75,0.1,2,1,64,0,64,True,1024
D3,5,0.75,0.1,2,1,64,0,64,True,1024
D0,5,0.75,0.1,5,0.5,64,64,64,True,1024
D1,5,0.75,0.1,5,0.5,64,64,64,True,1024
D2,5,0.75,0.1,5,0.5,64,64,64,True,1024
D3,5,0.75,0.1,5,0.5,64,64,64,True,1024
D0,5,0.75,0.1,5,1,64,0,64,True,1024
D1,5,0.75,0.1,5,1,64,0,64,True,1024
D2,5,0.75,0.1,5,1,64,0,64,True,1024
D3,5,0.75,0.1,5,1,64,0,64,True,1024
D0,10,0.75,0.1,0,0.5,64,64,64,True,1024
D1,10,0.75,0.1,0,0.5,64,64,64,True,1024
D2,10,0.75,0.1,0,0.5,64,64,64,True,1024
D3,10,0.75,0.1,0,0.5,0,0,64,True,964
D3,10,0.75,0.1,0,0.5,1,0,64,True,16
D3,10,0.75,0.1,0,0.5,1,1,64,True,5
D3,10,0.75,0.1,0,0.5,2,0,64,True,5
D3,10,0.75,0.1,0,0.5,2,2,64,True,2
D3,10,0.75,0.1,0,0.5,3,0,64,True,3
D3,10,0.75,0.1,0,0.5,3,3,64,True,3
D3,10,0.75,0.1,0,0.5,4,0,64,True,3
D3,10,0.75,0.1,0,0.5,4,4,64,True,1
D3,10,0.75,0.1,0,0.5,5,0,64,True,3
D3,10,0.75,0.1,0,0.5,5,1,64,True,1
D3,10,0.75,0.1,0,0.5,6,1,64,True,1
D3,10,0.75,0.1,0,0.5,7,0,64,True,1
D3,10,0.75,0.1,0,0.5,8,0,64,True,1
D3,10,0.75,0.1,0,0.5,9,9,64,True,2
D3,10,0.75,0.1,0,0.5,10,0,64,True,1
D3,10,0.75,0.1,0,0.5,10,10,64,True,1
D3,10,0.75,0.1,0,0.5,11,0,64,True,2
D3,10,0.75,0.1,0,0.5,12,12,64,True,1
D3,10,0.75,0.1,0,0.5,14,0,64,True,1
D3,10,0.75,0.1,0,0.5,15,0,64,True,1
D3,10,0.75,0.1,0,0.5,15,13,64,True,1
D3,10,0.75,0.1,0,0.5,17,17,64,True,1
D3,10,0.75,0.1,0,0.5,20,20,64,True,1
D3,10,0.75,0.1,0,0.5,22,0,64,True,1
D3,10,0.75,0.1,0,0.5,28,0,64,True,1
D3,10,0.75,0.1,0,0.5,30,0,64,True,1
D0,10,0.75,0.1,0,1,64,0,64,True,1024
D1,10,0.75,0.1,0,1,64,0,64,True,1024
D2,10,0.75,0.1,0,1,64,0,64,True,1024
D3,10,0.75,0.1,0,1,0,0,64,True,964
D3,10,0.75,0.1,0,1,1,0,64,True,21
D3,10,0.75,0.1,0,1,2,0,64,True,7
D3,10,0.75,0.1,0,1,3,0,64,True,6
D3,10,0.75,0.1,0,1,4,0,64,True,4
D3,10,0.75,0.1,0,1,5,0,64,True,4
D3,10,0.75,0.1,0,1,6,0,64,True,1
D3,10,0.75,0.1,0,1,7,0,64,True,1
D3,10,0.75,0.1,0,1,8,0,64,True,1
D3,10,0.75,0.1,0,1,9,0,64,True,2
D3,10,0.75,0.1,0,1,10,0,64,True,2
D3,10,0.75,0.1,0,1,11,0,64,True,2
D3,10,0.75,0.1,0,1,12,0,64,True,1
D3,10,0.75,0.1,0,1,14,0,64,True,1
D3,10,0.75,0.1,0,1,15,0,64,True,2
D3,10,0.75,0.1,0,1,17,0,64,True,1
D3,10,0.75,0.1,0,1,20,0,64,True,1
D3,10,0.75,0.1,0,1,22,0,64,True,1
D3,10,0.75,0.1,0,1,28,0,64,True,1
D3,10,0.75,0.1,0,1,30,0,64,True,1
D0,10,0.75,0.1,2,0.5,64,64,64,True,1024
D1,10,0.75,0.1,2,0.5,64,64,64,True,1024
D2,10,0.75,0.1,2,0.5,64,64,64,True,1024
D3,10,0.75,0.1,2,0.5,0,0,64,True,964
D3,10,0.75,0.1,2,0.5,1,0,64,True,16
D3,10,0.75,0.1,2,0.5,1,1,64,True,5
D3,10,0.75,0.1,2,0.5,2,0,64,True,5
D3,10,0.75,0.1,2,0.5,2,2,64,True,2
D3,10,0.75,0.1,2,0.5,3,0,64,True,3
D3,10,0.75,0.1,2,0.5,3,3,64,True,3
D3,10,0.75,0.1,2,0.5,4,0,64,True,3
D3,10,0.75,0.1,2,0.5,4,4,64,True,1
D3,10,0.75,0.1,2,0.5,5,0,64,True,3
D3,10,0.75,0.1,2,0.5,5,1,64,True,1
D3,10,0.75,0.1,2,0.5,6,1,64,True,1
D3,10,0.75,0.1,2,0.5,7,0,64,True,1
D3,10,0.75,0.1,2,0.5,8,0,64,True,1
D3,10,0.75,0.1,2,0.5,9,9,64,True,2
D3,10,0.75,0.1,2,0.5,10,0,64,True,1
D3,10,0.75,0.1,2,0.5,10,10,64,True,1
D3,10,0.75,0.1,2,0.5,11,0,64,True,2
D3,10,0.75,0.1,2,0.5,12,12,64,True,1
D3,10,0.75,0.1,2,0.5,14,0,64,True,1
D3,10,0.75,0.1,2,0.5,15,0,64,True,1
D3,10,0.75,0.1,2,0.5,15,13,64,True,1
D3,10,0.75,0.1,2,0.5,17,17,64,True,1
D3,10,0.75,0.1,2,0.5,20,20,64,True,1
D3,10,0.75,0.1,2,0.5,22,0,64,True,1
D3,10,0.75,0.1,2,0.5,28,0,64,True,1
D3,10,0.75,0.1,2,0.5,30,0,64,True,1
D0,10,0.75,0.1,2,1,64,0,64,True,1024
D1,10,0.75,0.1,2,1,64,0,64,True,1024
D2,10,0.75,0.1,2,1,64,0,64,True,1024
D3,10,0.75,0.1,2,1,0,0,64,True,964
D3,10,0.75,0.1,2,1,1,0,64,True,21
D3,10,0.75,0.1,2,1,2,0,64,True,7
D3,10,0.75,0.1,2,1,3,0,64,True,6
D3,10,0.75,0.1,2,1,4,0,64,True,4
D3,10,0.75,0.1,2,1,5,0,64,True,4
D3,10,0.75,0.1,2,1,6,0,64,True,1
D3,10,0.75,0.1,2,1,7,0,64,True,1
D3,10,0.75,0.1,2,1,8,0,64,True,1
D3,10,0.75,0.1,2,1,9,0,64,True,2
D3,10,0.75,0.1,2,1,10,0,64,True,2
D3,10,0.75,0.1,2,1,11,0,64,True,2
D3,10,0.75,0.1,2,1,12,0,64,True,1
D3,10,0.75,0.1,2,1,14,0,64,True,1
D3,10,0.75,0.1,2,1,15,0,64,True,2
D3,10,0.75,0.1,2,1,17,0,64,True,1
D3,10,0.75,0.1,2,1,20,0,64,True,1
D3,10,0.75,0.1,2,1,22,0,64,True,1
D3,10,0.75,0.1,2,1,28,0,64,True,1
D3,10,0.75,0.1,2,1,30,0,64,True,1
D0,10,0.75,0.1,5,0.5,64,64,64,True,1024
D1,10,0.75,0.1,5,0.5,64,64,64,True,1024
D2,10,0.75,0.1,5,0.5,64,64,64,True,1024
D3,10,0.75,0.1,5,0.5,0,0,64,True,964
D3,10,0.75,0.1,5,0.5,1,0,64,True,16
D3,10,0.75,0.1,5,0.5,1,1,64,True,5
D3,10,0.75,0.1,5,0.5,2,0,64,True,5
D3,10,0.75,0.1,5,0.5,2,2,64,True,2
D3,10,0.75,0.1,5,0.5,3,0,64,True,3
D3,10,0.75,0.1,5,0.5,3,3,64,True,3
D3,10,0.75,0.1,5,0.5,4,0,64,True,3
D3,10,0.75,0.1,5,0.5,4,4,64,True,1
D3,10,0.75,0.1,5,0.5,5,0,64,True,3
D3,10,0.75,0.1,5,0.5,5,1,64,True,1
D3,10,0.75,0.1,5,0.5,6,1,64,True,1
D3,10,0.75,0.1,5,0.5,7,0,64,True,1
D3,10,0.75,0.1,5,0.5,8,0,64,True,1
D3,10,0.75,0.1,5,0.5,9,9,64,True,2
D3,10,0.75,0.1,5,0.5,10,0,64,True,1
D3,10,0.75,0.1,5,0.5,10,10,64,True,1
D3,10,0.75,0.1,5,0.5,11,0,64,True,2
D3,10,0.75,0.1,5,0.5,12,12,64,True,1
D3,10,0.75,0.1,5,0.5,14,0,64,True,1
D3,10,0.75,0.1,5,0.5,15,0,64,True,1
D3,10,0.75,0.1,5,0.5,15,13,64,True,1
D3,10,0.75,0.1,5,0.5,17,17,64,True,1
D3,10,0.75,0.1,5,0.5,20,20,64,True,1
D3,10,0.75,0.1,5,0.5,22,0,64,True,1
D3,10,0.75,0.1,5,0.5,28,0,64,True,1
D3,10,0.75,0.1,5,0.5,30,0,64,True,1
D0,10,0.75,0.1,5,1,64,0,64,True,1024
D1,10,0.75,0.1,5,1,64,0,64,True,1024
D2,10,0.75,0.1,5,1,64,0,64,True,1024
D3,10,0.75,0.1,5,1,0,0,64,True,964
D3,10,0.75,0.1,5,1,1,0,64,True,21
D3,10,0.75,0.1,5,1,2,0,64,True,7
D3,10,0.75,0.1,5,1,3,0,64,True,6
D3,10,0.75,0.1,5,1,4,0,64,True,4
D3,10,0.75,0.1,5,1,5,0,64,True,4
D3,10,0.75,0.1,5,1,6,0,64,True,1
D3,10,0.75,0.1,5,1,7,0,64,True,1
D3,10,0.75,0.1,5,1,8,0,64,True,1
D3,10,0.75,0.1,5,1,9,0,64,True,2
D3,10,0.75,0.1,5,1,10,0,64,True,2
D3,10,0.75,0.1,5,1,11,0,64,True,2
D3,10,0.75,0.1,5,1,12,0,64,True,1
D3,10,0.75,0.1,5,1,14,0,64,True,1
D3,10,0.75,0.1,5,1,15,0,64,True,2
D3,10,0.75,0.1,5,1,17,0,64,True,1
D3,10,0.75,0.1,5,1,20,0,64,True,1
D3,10,0.75,0.1,5,1,22,0,64,True,1
D3,10,0.75,0.1,5,1,28,0,64,True,1
D3,10,0.75,0.1,5,1,30,0,64,True,1
D0,20,0.75,0.1,0,0.5,64,64,64,True,1024
D1,20,0.75,0.1,0,0.5,64,0,64,True,641
D1,20,0.75,0.1,0,0.5,64,1,64,True,15
D1,20,0.75,0.1,0,0.5,64,2,64,True,5
D1,20,0.75,0.1,0,0.5,64,3,64,True,4
D1,20,0.75,0.1,0,0.5,64,5,64,True,5
D1,20,0.75,0.1,0,0.5,64,6,64,True,4
D1,20,0.75,0.1,0,0.5,64,7,64,True,2
D1,20,0.75,0.1,0,0.5,64,9,64,True,3
D1,20,0.75,0.1,0,0.5,64,10,64,True,1
D1,20,0.75,0.1,0,0.5,64,12,64,True,1
D1,20,0.75,0.1,0,0.5,64,13,64,True,1
D1,20,0.75,0.1,0,0.5,64,15,64,True,2
D1,20,0.75,0.1,0,0.5,64,16,64,True,1
D1,20,0.75,0.1,0,0.5,64,17,64,True,1
D1,20,0.75,0.1,0,0.5,64,18,64,True,2
D1,20,0.75,0.1,0,0.5,64,19,64,True,4
D1,20,0.75,0.1,0,0.5,64,21,64,True,2
D1,20,0.75,0.1,0,0.5,64,23,64,True,1
D1,20,0.75,0.1,0,0.5,64,25,64,True,3
D1,20,0.75,0.1,0,0.5,64,26,64,True,2
D1,20,0.75,0.1,0,0.5,64,27,64,True,1
D1,20,0.75,0.1,0,0.5,64,28,64,True,3
D1,20,0.75,0.1,0,0.5,64,30,64,True,1
D1,20,0.75,0.1,0,0.5,64,32,64,True,1
D1,20,0.75,0.1,0,0.5,64,36,64,True,1
D1,20,0.75,0.1,0,0.5,64,37,64,True,1
D1,20,0.75,0.1,0,0.5,64,39,64,True,1
D1,20,0.75,0.1,0,0.5,64,41,64,True,2
D1,20,0.75,0.1,0,0.5,64,45,64,True,3
D1,20,0.75,0.1,0,0.5,64,46,64,True,1
D1,20,0.75,0.1,0,0.5,64,47,64,True,1
D1,20,0.75,0.1,0,0.5,64,48,64,True,6
D1,20,0.75,0.1,0,0.5,64,49,64,True,4
D1,20,0.75,0.1,0,0.5,64,50,64,True,3
D1,20,0.75,0.1,0,0.5,64,51,64,True,1
D1,20,0.75,0.1,0,0.5,64,53,64,True,2
D1,20,0.75,0.1,0,0.5,64,55,64,True,1
D1,20,0.75,0.1,0,0.5,64,56,64,True,2
D1,20,0.75,0.1,0,0.5,64,57,64,True,3
D1,20,0.75,0.1,0,0.5,64,58,64,True,1
D1,20,0.75,0.1,0,0.5,64,59,64,True,1
D1,20,0.75,0.1,0,0.5,64,60,64,True,3
D1,20,0.75,0.1,0,0.5,64,61,64,True,5
D1,20,0.75,0.1,0,0.5,64,62,64,True,5
D1,20,0.75,0.1,0,0.5,64,63,64,True,16
D1,20,0.75,0.1,0,0.5,64,64,64,True,255
D2,20,0.75,0.1,0,0.5,0,0,64,True,206
D2,20,0.75,0.1,0,0.5,1,1,64,True,73
D2,20,0.75,0.1,0,0.5,2,2,64,True,56
D2,20,0.75,0.1,0,0.5,3,3,64,True,29
D2,20,0.75,0.1,0,0.5,4,4,64,True,34
D2,20,0.75,0.1,0,0.5,5,5,64,True,27
D2,20,0.75,0.1,0,0.5,6,6,64,True,28
D2,20,0.75,0.1,0,0.5,7,7,64,True,19
D2,20,0.75,0.1,0,0.5,8,8,64,True,16
D2,20,0.75,0.1,0,0.5,9,9,64,True,12
D2,20,0.75,0.1,0,0.5,10,10,64,True,16
D2,20,0.75,0.1,0,0.5,11,11,64,True,16
D2,20,0.75,0.1,0,0.5,12,12,64,True,14
D2,20,0.75,0.1,0,0.5,13,13,64,True,11
D2,20,0.75,0.1,0,0.5,14,14,64,True,11
D2,20,0.75,0.1,0,0.5,15,15,64,True,23
D2,20,0.75,0.1,0,0.5,16,16,64,True,19
D2,20,0.75,0.1,0,0.5,17,17,64,True,11
D2,20,0.75,0.1,0,0.5,18,18,64,True,10
D2,20,0.75,0.1,0,0.5,19,19,64,True,10
D2,20,0.75,0.1,0,0.5,20,20,64,True,12
D2,20,0.75,0.1,0,0.5,21,21,64,True,10
D2,20,0.75,0.1,0,0.5,22,22,64,True,16
D2,20,0.75,0.1,0,0.5,23,23,64,True,9
D2,20,0.75,0.1,0,0.5,24,24,64,True,15
D2,20,0.75,0.1,0,0.5,25,25,64,True,7
D2,20,0.75,0.1,0,0.5,26,26,64,True,10
D2,20,0.75,0.1,0,0.5,27,27,64,True,6
D2,20,0.75,0.1,0,0.5,28,28,64,True,11
D2,20,0.75,0.1,0,0.5,29,29,64,True,12
D2,20,0.75,0.1,0,0.5,30,30,64,True,3
D2,20,0.75,0.1,0,0.5,31,31,64,True,12
D2,20,0.75,0.1,0,0.5,32,32,64,True,6
D2,20,0.75,0.1,0,0.5,33,33,64,True,11
D2,20,0.75,0.1,0,0.5,34,34,64,True,8
D2,20,0.75,0.1,0,0.5,35,35,64,True,9
D2,20,0.75,0.1,0,0.5,36,36,64,True,9
D2,20,0.75,0.1,0,0.5,37,37,64,True,9
D2,20,0.75,0.1,0,0.5,38,38,64,True,6
D2,20,0.75,0.1,0,0.5,39,39,64,True,3
D2,20,0.75,0.1,0,0.5,40,40,64,True,8
D2,20,0.75,0.1,0,0.5,41,41,64,True,7
D2,20,0.75,0.1,0,0.5,42,42,64,True,10
D2,20,0.75,0.1,0,0.5,43,43,64,True,7
D2,20,0.75,0.1,0,0.5,44,44,64,True,5
D2,20,0.75,0.1,0,0.5,45,45,64,True,9
D2,20,0.75,0.1,0,0.5,46,46,64,True,8
D2,20,0.75,0.1,0,0.5,47,47,64,True,9
D2,20,0.75,0.1,0,0.5,48,48,64,True,9
D2,20,0.75,0.1,0,0.5,49,49,64,True,9
D2,20,0.75,0.1,0,0.5,50,50,64,True,8
D2,20,0.75,0.1,0,0.5,51,51,64,True,3
D2,20,0.75,0.1,0,0.5,52,52,64,True,10
D2,20,0.75,0.1,0,0.5,53,53,64,True,10
D2,20,0.75,0.1,0,0.5,54,54,64,True,4
D2,20,0.75,0.1,0,0.5,55,55,64,True,8
D2,20,0.75,0.1,0,0.5,56,56,64,True,7
D2,20,0.75,0.1,0,0.5,57,57,64,True,3
D2,20,0.75,0.1,0,0.5,58,58,64,True,4
D2,20,0.75,0.1,0,0.5,59,59,64,True,6
D2,20,0.75,0.1,0,0.5,60,60,64,True,6
D2,20,0.75,0.1,0,0.5,61,61,64,True,11
D2,20,0.75,0.1,0,0.5,62,62,64,True,6
D2,20,0.75,0.1,0,0.5,63,63,64,True,11
D2,20,0.75,0.1,0,0.5,64,64,64,True,21
D3,20,0.75,0.1,0,0.5,0,0,64,True,1024
D0,20,0.75,0.1,0,1,64,0,64,True,1022
D0,20,0.75,0.1,0,1,64,18,64,True,1
D0,20,0.75,0.1,0,1,64,19,64,True,1
D1,20,0.75,0.1,0,1,64,0,64,True,1024
D2,20,0.75,0.1,0,1,0,0,64,True,206
D2,20,0.75,0.1,0,1,1,0,64,True,73
D2,20,0.75,0.1,0,1,2,0,64,True,56
D2,20,0.75,0.1,0,1,3,0,64,True,29
D2,20,0.75,0.1,0,1,4,0,64,True,34
D2,20,0.75,0.1,0,1,5,0,64,True,27
D2,20,0.75,0.1,0,1,6,0,64,True,28
D2,20,0.75,0.1,0,1,7,0,64,True,19
D2,20,0.75,0.1,0,1,8,0,64,True,16
D2,20,0.75,0.1,0,1,9,0,64,True,12
D2,20,0.75,0.1,0,1,10,0,64,True,16
D2,20,0.75,0.1,0,1,11,0,64,True,16
D2,20,0.75,0.1,0,1,12,0,64,True,14
D2,20,0.75,0.1,0,1,13,0,64,True,11
D2,20,0.75,0.1,0,1,14,0,64,True,11
D2,20,0.75,0.1,0,1,15,0,64,True,23
D2,20,0.75,0.1,0,1,16,0,64,True,19
D2,20,0.75,0.1,0,1,17,0,64,True,11
D2,20,0.75,0.1,0,1,18,0,64,True,10
D2,20,0.75,0.1,0,1,19,0,64,True,10
D2,20,0.75,0.1,0,1,20,0,64,True,12
D2,20,0.75,0.1,0,1,21,0,64,True,10
D2,20,0.75,0.1,0,1,22,0,64,True,16
D2,20,0.75,0.1,0,1,23,0,64,True,9
D2,20,0.75,0.1,0,1,24,0,64,True,15
D2,20,0.75,0.1,0,1,25,0,64,True,7
D2,20,0.75,0.1,0,1,26,0,64,True,10
D2,20,0.75,0.1,0,1,27,0,64,True,6
D2,20,0.75,0.1,0,1,28,0,64,True,11
D2,20,0.75,0.1,0,1,29,0,64,True,12
D2,20,0.75,0.1,0,1,30,0,64,True,3
D2,20,0.75,0.1,0,1,31,0,64,True,12
D2,20,0.75,0.1,0,1,32,0,64,True,6
D2,20,0.75,0.1,0,1,33,0,64,True,11
D2,20,0.75,0.1,0,1,34,0,64,True,8
D2,20,0.75,0.1,0,1,35,0,64,True,9
D2,20,0.75,0.1,0,1,36,0,64,True,9
D2,20,0.75,0.1,0,1,37,0,64,True,9
D2,20,0.75,0.1,0,1,38,0,64,True,6
D2,20,0.75,0.1,0,1,39,0,64,True,3
D2,20,0.75,0.1,0,1,40,0,64,True,8
D2,20,0.75,0.1,0,1,41,0,64,True,7
D2,20,0.75,0.1,0,1,42,0,64,True,10
D2,20,0.75,0.1,0,1,43,0,64,True,7
D2,20,0.75,0.1,0,1,44,0,64,True,5
D2,20,0.75,0.1,0,1,45,0,64,True,9
D2,20,0.75,0.1,0,1,46,0,64,True,8
D2,20,0.75,0.1,0,1,47,0,64,True,9
D2,20,0.75,0.1,0,1,48,0,64,True,9
D2,20,0.75,0.1,0,1,49,0,64,True,9
D2,20,0.75,0.1,0,1,50,0,64,True,8
D2,20,0.75,0.1,0,1,51,0,64,True,3
D2,20,0.75,0.1,0,1,52,0,64,True,10
D2,20,0.75,0.1,0,1,53,0,64,True,10
D2,20,0.75,0.1,0,1,54,0,64,True,4
D2,20,0.75,0.1,0,1,55,0,64,True,8
D2,20,0.75,0.1,0,1,56,0,64,True,7
D2,20,0.75,0.1,0,1,57,0,64,True,3
D2,20,0.75,0.1,0,1,58,0,64,True,4
D2,20,0.75,0.1,0,1,59,0,64,True,6
D2,20,0.75,0.1,0,1,60,0,64,True,6
D2,20,0.75,0.1,0,1,61,0,64,True,11
D2,20,0.75,0.1,0,1,62,0,64,True,6
D2,20,0.75,0.1,0,1,63,0,64,True,11
D2,20,0.75,0.1,0,1,64,0,64,True,21
D3,20,0.75,0.1,0,1,0,0,64,True,1024
D0,20,0.75,0.1,2,0.5,64,64,64,True,1024
D1,20,0.75,0.1,2,0.5,64,0,64,True,641
D1,20,0.75,0.1,2,0.5,64,1,64,True,15
D1,20,0.75,0.1,2,0.5,64,2,64,True,5
D1,20,0.75,0.1,2,0.5,64,3,64,True,4
D1,20,0.75,0.1,2,0.5,64,5,64,True,5
D1,20,0.75,0.1,2,0.5,64,6,64,True,4
D1,20,0.75,0.1,2,0.5,64,7,64,True,2
D1,20,0.75,0.1,2,0.5,64,9,64,True,3
D1,20,0.75,0.1,2,0.5,64,10,64,True,1
D1,20,0.75,0.1,2,0.5,64,12,64,True,1
D1,20,0.75,0.1,2,0.5,64,13,64,True,1
D1,20,0.75,0.1,2,0.5,64,15,64,True,2
D1,20,0.75,0.1,2,0.5,64,16,64,True,1
D1,20,0.75,0.1,2,0.5,64,17,64,True,1
D1,20,0.75,0.1,2,0.5,64,18,64,True,2
D1,20,0.75,0.1,2,0.5,64,19,64,True,4
D1,20,0.75,0.1,2,0.5,64,21,64,True,2
D1,20,0.75,0.1,2,0.5,64,23,64,True,1
D1,20,0.75,0.1,2,0.5,64,25,64,True,3
D1,20,0.75,0.1,2,0.5,64,26,64,True,2
D1,20,0.75,0.1,2,0.5,64,27,64,True,1
D1,20,0.75,0.1,2,0.5,64,28,64,True,3
D1,20,0.75,0.1,2,0.5,64,30,64,True,1
D1,20,0.75,0.1,2,0.5,64,32,64,True,1
D1,20,0.75,0.1,2,0.5,64,36,64,True,1
D1,20,0.75,0.1,2,0.5,64,37,64,True,1
D1,20,0.75,0.1,2,0.5,64,39,64,True,1
D1,20,0.75,0.1,2,0.5,64,41,64,True,2
D1,20,0.75,0.1,2,0.5,64,45,64,True,3
D1,20,0.75,0.1,2,0.5,64,46,64,True,1
D1,20,0.75,0.1,2,0.5,64,47,64,True,1
D1,20,0.75,0.1,2,0.5,64,48,64,True,6
D1,20,0.75,0.1,2,0.5,64,49,64,True,4
D1,20,0.75,0.1,2,0.5,64,50,64,True,3
D1,20,0.75,0.1,2,0.5,64,51,64,True,1
D1,20,0.75,0.1,2,0.5,64,53,64,True,2
D1,20,0.75,0.1,2,0.5,64,55,64,True,1
D1,20,0.75,0.1,2,0.5,64,56,64,True,2
D1,20,0.75,0.1,2,0.5,64,57,64,True,3
D1,20,0.75,0.1,2,0.5,64,58,64,True,1
D1,20,0.75,0.1,2,0.5,64,59,64,True,1
D1,20,0.75,0.1,2,0.5,64,60,64,True,3
D1,20,0.75,0.1,2,0.5,64,61,64,True,5
D1,20,0.75,0.1,2,0.5,64,62,64,True,5
D1,20,0.75,0.1,2,0.5,64,63,64,True,16
D1,20,0.75,0.1,2,0.5,64,64,64,True,255
D2,20,0.75,0.1,2,0.5,0,0,64,True,206
D2,20,0.75,0.1,2,0.5,1,1,64,True,73
D2,20,0.75,0.1,2,0.5,2,2,64,True,56
D2,20,0.75,0.1,2,0.5,3,3,64,True,28
D2,20,0.75,0.1,2,0.5,4,4,64,True,35
D2,20,0.75,0.1,2,0.5,5,5,64,True,27
D2,20,0.75,0.1,2,0.5,6,6,64,True,28
D2,20,0.75,0.1,2,0.5,7,7,64,True,19
D2,20,0.75,0.1,2,0.5,8,8,64,True,16
D2,20,0.75,0.1,2,0.5,9,9,64,True,12
D2,20,0.75,0.1,2,0.5,10,10,64,True,16
D2,20,0.75,0.1,2,0.5,11,11,64,True,16
D2,20,0.75,0.1,2,0.5,12,12,64,True,14
D2,20,0.75,0.1,2,0.5,13,13,64,True,11
D2,20,0.75,0.1,2,0.5,14,14,64,True,10
D2,20,0.75,0.1,2,0.5,15,15,64,True,24
D2,20,0.75,0.1,2,0.5,16,16,64,True,19
D2,20,0.75,0.1,2,0.5,17,17,64,True,11
D2,20,0.75,0.1,2,0.5,18,18,64,True,10
D2,20,0.75,0.1,2,0.5,19,19,64,True,10
D2,20,0.75,0.1,2,0.5,20,20,64,True,12
D2,20,0.75,0.1,2,0.5,21,21,64,True,10
D2,20,0.75,0.1,2,0.5,22,22,64,True,16
D2,20,0.75,0.1,2,0.5,23,23,64,True,9
D2,20,0.75,0.1,2,0.5,24,24,64,True,15
D2,20,0.75,0.1,2,0.5,25,25,64,True,7
D2,20,0.75,0.1,2,0.5,26,26,64,True,10
D2,20,0.75,0.1,2,0.5,27,27,64,True,6
D2,20,0.75,0.1,2,0.5,28,28,64,True,11
D2,20,0.75,0.1,2,0.5,29,29,64,True,12
D2,20,0.75,0.1,2,0.5,30,30,64,True,3
D2,20,0.75,0.1,2,0.5,31,31,64,True,12
D2,20,0.75,0.1,2,0.5,32,32,64,True,6
D2,20,0.75,0.1,2,0.5,33,33,64,True,11
D2,20,0.75,0.1,2,0.5,34,34,64,True,8
D2,20,0.75,0.1,2,0.5,35,35,64,True,9
D2,20,0.75,0.1,2,0.5,36,36,64,True,9
D2,20,0.75,0.1,2,0.5,37,37,64,True,9
D2,20,0.75,0.1,2,0.5,38,38,64,True,6
D2,20,0.75,0.1,2,0.5,39,39,64,True,3
D2,20,0.75,0.1,2,0.5,40,40,64,True,8
D2,20,0.75,0.1,2,0.5,41,41,64,True,7
D2,20,0.75,0.1,2,0.5,42,42,64,True,10
D2,20,0.75,0.1,2,0.5,43,43,64,True,7
D2,20,0.75,0.1,2,0.5,44,44,64,True,5
D2,20,0.75,0.1,2,0.5,45,45,64,True,8
D2,20,0.75,0.1,2,0.5,46,46,64,True,9
D2,20,0.75,0.1,2,0.5,47,47,64,True,9
D2,20,0.75,0.1,2,0.5,48,48,64,True,9
D2,20,0.75,0.1,2,0.5,49,49,64,True,9
D2,20,0.75,0.1,2,0.5,50,50,64,True,8
D2,20,0.75,0.1,2,0.5,51,51,64,True,3
D2,20,0.75,0.1,2,0.5,52,52,64,True,10
D2,20,0.75,0.1,2,0.5,53,53,64,True,10
D2,20,0.75,0.1,2,0.5,54,54,64,True,4
D2,20,0.75,0.1,2,0.5,55,55,64,True,8
D2,20,0.75,0.1,2,0.5,56,56,64,True,7
D2,20,0.75,0.1,2,0.5,57,57,64,True,3
D2,20,0.75,0.1,2,0.5,58,58,64,True,4
D2,20,0.75,0.1,2,0.5,59,59,64,True,6
D2,20,0.75,0.1,2,0.5,60,60,64,True,6
D2,20,0.75,0.1,2,0.5,61,61,64,True,11
D2,20,0.75,0.1,2,0.5,62,62,64,True,6
D2,20,0.75,0.1,2,0.5,63,63,64,True,11
D2,20,0.75,0.1,2,0.5,64,64,64,True,21
D3,20,0.75,0.1,2,0.5,0,0,64,True,1024
D0,20,0.75,0.1,2,1,64,0,64,True,1022
D0,20,0.75,0.1,2,1,64,18,64,True,1
D0,20,0.75,0.1,2,1,64,19,64,True,1
D1,20,0.75,0.1,2,1,64,0,64,True,1024
D2,20,0.75,0.1,2,1,0,0,64,True,206
D2,20,0.75,0.1,2,1,1,0,64,True,73
D2,20,0.75,0.1,2,1,2,0,64,True,56
D2,20,0.75,0.1,2,1,3,0,64,True,28
D2,20,0.75,0.1,2,1,4,0,64,True,35
D2,20,0.75,0.1,2,1,5,0,64,True,27
D2,20,0.75,0.1,2,1,6,0,64,True,28
D2,20,0.75,0.1,2,1,7,0,64,True,19
D2,20,0.75,0.1,2,1,8,0,64,True,16
D2,20,0.75,0.1,2,1,9,0,64,True,12
D2,20,0.75,0.1,2,1,10,0,64,True,16
D2,20,0.75,0.1,2,1,11,0,64,True,16
D2,20,0.75,0.1,2,1,12,0,64,True,14
D2,20,0.75,0.1,2,1,13,0,64,True,11
D2,20,0.75,0.1,2,1,14,0,64,True,10
D2,20,0.75,0.1,2,1,15,0,64,True,24
D2,20,0.75,0.1,2,1,16,0,64,True,19
D2,20,0.75,0.1,2,1,17,0,64,True,11
D2,20,0.75,0.1,2,1,18,0,64,True,10
D2,20,0.75,0.1,2,1,19,0,64,True,10
D2,20,0.75,0.1,2,1,20,0,64,True,12
D2,20,0.75,0.1,2,1,21,0,64,True,10
D2,20,0.75,0.1,2,1,22,0,64,True,16
D2,20,0.75,0.1,2,1,23,0,64,True,9
D2,20,0.75,0.1,2,1,24,0,64,True,15
D2,20,0.75,0.1,2,1,25,0,64,True,7
D2,20,0.75,0.1,2,1,26,0,64,True,10
D2,20,0.75,0.1,2,1,27,0,64,True,6
D2,20,0.75,0.1,2,1,28,0,64,True,11
D2,20,0.75,0.1,2,1,29,0,64,True,12
D2,20,0.75,0.1,2,1,30,0,64,True,3
D2,20,0.75,0.1,2,1,31,0,64,True,12
D2,20,0.75,0.1,2,1,32,0,64,True,6
D2,20,0.75,0.1,2,1,33,0,64,True,11
D2,20,0.75,0.1,2,1,34,0,64,True,8
D2,20,0.75,0.1,2,1,35,0,64,True,9
D2,20,0.75,0.1,2,1,36,0,64,True,9
D2,20,0.75,0.1,2,1,37,0,64,True,9
D2,20,0.75,0.1,2,1,38,0,64,True,6
D2,20,0.75,0.1,2,1,39,0,64,True,3
D2,20,0.75,0.1,2,1,40,0,64,True,8
D2,20,0.75,0.1,2,1,41,0,64,True,7
D2,20,0.75,0.1,2,1,42,0,64,True,10
D2,20,0.75,0.1,2,1,43,0,64,True,7
D2,20,0.75,0.1,2,1,44,0,64,True,5
D2,20,0.75,0.1,2,1,45,0,64,True,8
D2,20,0.75,0.1,2,1,46,0,64,True,9
D2,20,0.75,0.1,2,1,47,0,64,True,9
D2,20,0.75,0.1,2,1,48,0,64,True,9
D2,20,0.75,0.1,2,1,49,0,64,True,9
D2,20,0.75,0.1,2,1,50,0,64,True,8
D2,20,0.75,0.1,2,1,51,0,64,True,3
D2,20,0.75,0.1,2,1,52,0,64,True,10
D2,20,0.75,0.1,2,1,53,0,64,True,10
D2,20,0.75,0.1,2,1,54,0,64,True,4
D2,20,0.75,0.1,2,1,55,0,64,True,8
D2,20,0.75,0.1,2,1,56,0,64,True,7
D2,20,0.75,0.1,2,1,57,0,64,True,3
D2,20,0.75,0.1,2,1,58,0,64,True,4
D2,20,0.75,0.1,2,1,59,0,64,True,6
D2,20,0.75,0.1,2,1,60,0,64,True,6
D2,20,0.75,0.1,2,1,61,0,64,True,11
D2,20,0.75,0.1,2,1,62,0,64,True,6
D2,20,0.75,0.1,2,1,63,0,64,True,11
D2,20,0.75,0.1,2,1,64,0,64,True,21
D3,20,0.75,0.1,2,1,0,0,64,True,1024
D0,20,0.75,0.1,5,0.5,64,64,64,True,1024
D1,20,0.75,0.1,5,0.5,64,0,64,True,641
D1,20,0.75,0.1,5,0.5,64,1,64,True,15
D1,20,0.75,0.1,5,0.5,64,2,64,True,5
D1,20,0.75,0.1,5,0.5,64,3,64,True,4
D1,20,0.75,0.1,5,0.5,64,5,64,True,5
D1,20,0.75,0.1,5,0.5,64,6,64,True,4
D1,20,0.75,0.1,5,0.5,64,7,64,True,2
D1,20,0.75,0.1,5,0.5,64,9,64,True,3
D1,20,0.75,0.1,5,0.5,64,10,64,True,1
D1,20,0.75,0.1,5,0.5,64,12,64,True,1
D1,20,0.75,0.1,5,0.5,64,13,64,True,1
D1,20,0.75,0.1,5,0.5,64,15,64,True,2
D1,20,0.75,0.1,5,0.5,64,16,64,True,1
D1,20,0.75,0.1,5,0.5,64,17,64,True,1
D1,20,0.75,0.1,5,0.5,64,18,64,True,2
D1,20,0.75,0.1,5,0.5,64,19,64,True,4
D1,20,0.75,0.1,5,0.5,64,21,64,True,2
D1,20,0.75,0.1,5,0.5,64,23,64,True,1
D1,20,0.75,0.1,5,0.5,64,25,64,True,3
D1,20,0.75,0.1,5,0.5,64,26,64,True,2
D1,20,0.75,0.1,5,0.5,64,27,64,True,1
D1,20,0.75,0.1,5,0.5,64,28,64,True,3
D1,20,0.75,0.1,5,0.5,64,30,64,True,1
D1,20,0.75,0.1,5,0.5,64,32,64,True,1
D1,20,0.75,0.1,5,0.5,64,36,64,True,1
D1,20,0.75,0.1,5,0.5,64,37,64,True,1
D1,20,0.75,0.1,5,0.5,64,39,64,True,1
D1,20,0.75,0.1,5,0.5,64,41,64,True,2
D1,20,0.75,0.1,5,0.5,64,45,64,True,3
D1,20,0.75,0.1,5,0.5,64,46,64,True,1
D1,20,0.75,0.1,5,0.5,64,47,64,True,1
D1,20,0.75,0.1,5,0.5,64,48,64,True,6
D1,20,0.75,0.1,5,0.5,64,49,64,True,4
D1,20,0.75,0.1,5,0.5,64,50,64,True,3
D1,20,0.75,0.1,5,0.5,64,51,64,True,1
D1,20,0.75,0.1,5,0.5,64,53,64,True,2
D1,20,0.75,0.1,5,0.5,64,55,64,True,1
D1,20,0.75,0.1,5,0.5,64,56,64,True,2
D1,20,0.75,0.1,5,0.5,64,57,64,True,3
D1,20,0.75,0.1,5,0.5,64,58,64,True,1
D1,20,0.75,0.1,5,0.5,64,59,64,True,1
D1,20,0.75,0.1,5,0.5,64,60,64,True,3
D1,20,0.75,0.1,5,0.5,64,61,64,True,5
D1,20,0.75,0.1,5,0.5,64,62,64,True,5
D1,20,0.75,0.1,5,0.5,64,63,64,True,16
D1,20,0.75,0.1,5,0.5,64,64,64,True,255
D2,20,0.75,0.1,5,0.5,0,0,64,True,206
D2,20,0.75,0.1,5,0.5,1,1,64,True,73
D2,20,0.75,0.1,5,0.5,2,2,64,True,56
D2,20,0.75,0.1,5,0.5,3,3,64,True,28
D2,20,0.75,0.1,5,0.5,4,4,64,True,35
D2,20,0.75,0.1,5,0.5,5,5,64,True,27
D2,20,0.75,0.1,5,0.5,6,6,64,True,28
D2,20,0.75,0.1,5,0.5,7,7,64,True,19
D2,20,0.75,0.1,5,0.5,8,8,64,True,16
D2,20,0.75,0.1,5,0.5,9,9,64,True,12
D2,20,0.75,0.1,5,0.5,10,10,64,True,16
D2,20,0.75,0.1,5,0.5,11,11,64,True,16
D2,20,0.75,0.1,5,0.5,12,12,64,True,14
D2,20,0.75,0.1,5,0.5,13,13,64,True,11
D2,20,0.75,0.1,5,0.5,14,14,64,True,10
D2,20,0.75,0.1,5,0.5,15,15,64,True,24
D2,20,0.75,0.1,5,0.5,16,16,64,True,19
D2,20,0.75,0.1,5,0.5,17,17,64,True,11
D2,20,0.75,0.1,5,0.5,18,18,64,True,10
D2,20,0.75,0.1,5,0.5,19,19,64,True,10
D2,20,0.75,0.1,5,0.5,20,20,64,True,12
D2,20,0.75,0.1,5,0.5,21,21,64,True,10
D2,20,0.75,0.1,5,0.5,22,22,64,True,16
D2,20,0.75,0.1,5,0.5,23,23,64,True,9
D2,20,0.75,0.1,5,0.5,24,24,64,True,15
D2,20,0.75,0.1,5,0.5,25,25,64,True,7
D2,20,0.75,0.1,5,0.5,26,26,64,True,10
D2,20,0.75,0.1,5,0.5,27,27,64,True,6
D2,20,0.75,0.1,5,0.5,28,28,64,True,11
D2,20,0.75,0.1,5,0.5,29,29,64,True,12
D2,20,0.75,0.1,5,0.5,30,30,64,True,3
D2,20,0.75,0.1,5,0.5,31,31,64,True,12
D2,20,0.75,0.1,5,0.5,32,32,64,True,6
D2,20,0.75,0.1,5,0.5,33,33,64,True,11
D2,20,0.75,0.1,5,0.5,34,34,64,True,8
D2,20,0.75,0.1,5,0.5,35,35,64,True,9
D2,20,0.75,0.1,5,0.5,36,36,64,True,9
D2,20,0.75,0.1,5,0.5,37,37,64,True,9
D2,20,0.75,0.1,5,0.5,38,38,64,True,6
D2,20,0.75,0.1,5,0.5,39,39,64,True,3
D2,20,0.75,0.1,5,0.5,40,40,64,True,8
D2,20,0.75,0.1,5,0.5,41,41,64,True,7
D2,20,0.75,0.1,5,0.5,42,42,64,True,10
D2,20,0.75,0.1,5,0.5,43,43,64,True,7
D2,20,0.75,0.1,5,0.5,44,44,64,True,5
D2,20,0.75,0.1,5,0.5,45,45,64,True,8
D2,20,0.75,0.1,5,0.5,46,46,64,True,9
D2,20,0.75,0.1,5,0.5,47,47,64,True,9
D2,20,0.75,0.1,5,0.5,48,48,64,True,9
D2,20,0.75,0.1,5,0.5,49,49,64,True,9
D2,20,0.75,0.1,5,0.5,50,50,64,True,8
D2,20,0.75,0.1,5,0.5,51,51,64,True,3
D2,20,0.75,0.1,5,0.5,52,52,64,True,10
D2,20,0.75,0.1,5,0.5,53,53,64,True,10
D2,20,0.75,0.1,5,0.5,54,54,64,True,4
D2,20,0.75,0.1,5,0.5,55,55,64,True,8
D2,20,0.75,0.1,5,0.5,56,56,64,True,7
D2,20,0.75,0.1,5,0.5,57,57,64,True,3
D2,20,0.75,0.1,5,0.5,58,58,64,True,4
D2,20,0.75,0.1,5,0.5,59,59,64,True,6
D2,20,0.75,0.1,5,0.5,60,60,64,True,6
D2,20,0.75,0.1,5,0.5,61,61,64,True,11
D2,20,0.75,0.1,5,0.5,62,62,64,True,6
D2,20,0.75,0.1,5,0.5,63,63,64,True,11
D2,20,0.75,0.1,5,0.5,64,64,64,True,21
D3,20,0.75,0.1,5,0.5,0,0,64,True,1024
D0,20,0.75,0.1,5,1,64,0,64,True,1022
D0,20,0.75,0.1,5,1,64,18,64,True,1
D0,20,0.75,0.1,5,1,64,19,64,True,1
D1,20,0.75,0.1,5,1,64,0,64,True,1024
D2,20,0.75,0.1,5,1,0,0,64,True,206
D2,20,0.75,0.1,5,1,1,0,64,True,73
D2,20,0.75,0.1,5,1,2,0,64,True,56
D2,20,0.75,0.1,5,1,3,0,64,True,28
D2,20,0.75,0.1,5,1,4,0,64,True,35
D2,20,0.75,0.1,5,1,5,0,64,True,27
D2,20,0.75,0.1,5,1,6,0,64,True,28
D2,20,0.75,0.1,5,1,7,0,64,True,19
D2,20,0.75,0.1,5,1,8,0,64,True,16
D2,20,0.75,0.1,5,1,9,0,64,True,12
D2,20,0.75,0.1,5,1,10,0,64,True,16
D2,20,0.75,0.1,5,1,11,0,64,True,16
D2,20,0.75,0.1,5,1,12,0,64,True,14
D2,20,0.75,0.1,5,1,13,0,64,True,11
D2,20,0.75,0.1,5,1,14,0,64,True,10
D2,20,0.75,0.1,5,1,15,0,64,True,24
D2,20,0.75,0.1,5,1,16,0,64,True,19
D2,20,0.75,0.1,5,1,17,0,64,True,11
D2,20,0.75,0.1,5,1,18,0,64,True,10
D2,20,0.75,0.1,5,1,19,0,64,True,10
D2,20,0.75,0.1,5,1,20,0,64,True,12
D2,20,0.75,0.1,5,1,21,0,64,True,10
D2,20,0.75,0.1,5,1,22,0,64,True,16
D2,20,0.75,0.1,5,1,23,0,64,True,9
D2,20,0.75,0.1,5,1,24,0,64,True,15
D2,20,0.75,0.1,5,1,25,0,64,True,7
D2,20,0.75,0.1,5,1,26,0,64,True,10
D2,20,0.75,0.1,5,1,27,0,64,True,6
D2,20,0.75,0.1,5,1,28,0,64,True,11
D2,20,0.75,0.1,5,1,29,0,64,True,12
D2,20,0.75,0.1,5,1,30,0,64,True,3
D2,20,0.75,0.1,5,1,31,0,64,True,12
D2,20,0.75,0.1,5,1,32,0,64,True,6
D2,20,0.75,0.1,5,1,33,0,64,True,11
D2,20,0.75,0.1,5,1,34,0,64,True,8
D2,20,0.75,0.1,5,1,35,0,64,True,9
D2,20,0.75,0.1,5,1,36,0,64,True,9
D2,20,0.75,0.1,5,1,37,0,64,True,9
D2,20,0.75,0.1,5,1,38,0,64,True,6
D2,20,0.75,0.1,5,1,39,0,64,True,3
D2,20,0.75,0.1,5,1,40,0,64,True,8
D2,20,0.75,0.1,5,1,41,0,64,True,7
D2,20,0.75,0.1,5,1,42,0,64,True,10
D2,20,0.75,0.1,5,1,43,0,64,True,7
D2,20,0.75,0.1,5,1,44,0,64,True,5
D2,20,0.75,0.1,5,1,45,0,64,True,8
D2,20,0.75,0.1,5,1,46,0,64,True,9
D2,20,0.75,0.1,5,1,47,0,64,True,9
D2,20,0.75,0.1,5,1,48,0,64,True,9
D2,20,0.75,0.1,5,1,49,0,64,True,9
D2,20,0.75,0.1,5,1,50,0,64,True,8
D2,20,0.75,0.1,5,1,51,0,64,True,3
D2,20,0.75,0.1,5,1,52,0,64,True,10
D2,20,0.75,0.1,5,1,53,0,64,True,10
D2,20,0.75,0.1,5,1,54,0,64,True,4
D2,20,0.75,0.1,5,1,55,0,64,True,8
D2,20,0.75,0.1,5,1,56,0,64,True,7
D2,20,0.75,0.1,5,1,57,0,64,True,3
D2,20,0.75,0.1,5,1,58,0,64,True,4
D2,20,0.75,0.1,5,1,59,0,64,True,6
D2,20,0.75,0.1,5,1,60,0,64,True,6
D2,20,0.75,0.1,5,1,61,0,64,True,11
D2,20,0.75,0.1,5,1,62,0,64,True,6
D2,20,0.75,0.1,5,1,63,0,64,True,11
D2,20,0.75,0.1,5,1,64,0,64,True,21
D3,20,0.75,0.1,5,1,0,0,64,True,1024
D0,1,0.75,0.4,0,0.5,64,64,64,True,1024
D1,1,0.75,0.4,0,0.5,64,64,64,True,1024
D2,1,0.75,0.4,0,0.5,64,64,64,True,1024
D3,1,0.75,0.4,0,0.5,64,64,64,True,1024
D0,1,0.75,0.4,0,1,64,0,64,True,1020
D0,1,0.75,0.4,0,1,64,1,64,True,3
D0,1,0.75,0.4,0,1,64,7,64,True,1
D1,1,0.75,0.4,0,1,64,0,64,True,1024
D2,1,0.75,0.4,0,1,64,0,64,True,1024
D3,1,0.75,0.4,0,1,64,0,64,True,1024
D0,1,0.75,0.4,2,0.5,64,64,64,True,1024
D1,1,0.75,0.4,2,0.5,64,64,64,True,1024
D2,1,0.75,0.4,2,0.5,64,64,64,True,1024
D3,1,0.75,0.4,2,0.5,64,64,64,True,1024
D0,1,0.75,0.4,2,1,64,0,64,True,1020
D0,1,0.75,0.4,2,1,64,1,64,True,3
D0,1,0.75,0.4,2,1,64,7,64,True,1
D1,1,0.75,0.4,2,1,64,0,64,True,1024
D2,1,0.75,0.4,2,1,64,0,64,True,1024
D3,1,0.75,0.4,2,1,64,0,64,True,1024
D0,1,0.75,0.4,5,0.5,64,64,64,True,1024
D1,1,0.75,0.4,5,0.5,64,64,64,True,1024
D2,1,0.75,0.4,5,0.5,64,64,64,True,1024
D3,1,0.75,0.4,5,0.5,64,64,64,True,1024
D0,1,0.75,0.4,5,1,64,0,64,True,1020
D0,1,0.75,0.4,5,1,64,1,64,True,3
D0,1,0.75,0.4,5,1,64,7,64,True,1
D1,1,0.75,0.4,5,1,64,0,64,True,1024
D2,1,0.75,0.4,5,1,64,0,64,True,1024
D3,1,0.75,0.4,5,1,64,0,64,True,1024
D0,5,0.75,0.4,0,0.5,64,64,64,True,1024
D1,5,0.75,0.4,0,0.5,64,64,64,True,1024
D2,5,0.75,0.4,0,0.5,64,64,64,True,1024
D3,5,0.75,0.4,0,0.5,0,0,64,True,8
D3,5,0.75,0.4,0,0.5,2,2,64,True,2
D3,5,0.75,0.4,0,0.5,63,63,64,True,1
D3,5,0.75,0.4,0,0.5,64,64,64,True,1013
D0,5,0.75,0.4,0,1,64,0,64,True,1024
D1,5,0.75,0.4,0,1,64,0,64,True,1024
D2,5,0.75,0.4,0,1,64,0,64,True,1024
D3,5,0.75,0.4,0,1,0,0,64,True,8
D3,5,0.75,0.4,0,1,2,0,64,True,2
D3,5,0.75,0.4,0,1,63,0,64,True,1
D3,5,0.75,0.4,0,1,64,0,64,True,1013
D0,5,0.75,0.4,2,0.5,64,64,64,True,1024
D1,5,0.75,0.4,2,0.5,64,64,64,True,1024
D2,5,0.75,0.4,2,0.5,64,64,64,True,1024
D3,5,0.75,0.4,2,0.5,0,0,64,True,8
D3,5,0.75,0.4,2,0.5,2,2,64,True,2
D3,5,0.75,0.4,2,0.5,63,63,64,True,1
D3,5,0.75,0.4,2,0.5,64,64,64,True,1013
D0,5,0.75,0.4,2,1,64,0,64,True,1024
D1,5,0.75,0.4,2,1,64,0,64,True,1024
D2,5,0.75,0.4,2,1,64,0,64,True,1024
D3,5,0.75,0.4,2,1,0,0,64,True,8
D3,5,0.75,0.4,2,1,2,0,64,True,2
D3,5,0.75,0.4,2,1,63,0,64,True,1
D3,5,0.75,0.4,2,1,64,0,64,True,1013
D0,5,0.75,0.4,5,0.5,64,64,64,True,1024
D1,5,0.75,0.4,5,0.5,64,64,64,True,1024
D2,5,0.75,0.4,5,0.5,64,64,64,True,1024
D3,5,0.75,0.4,5,0.5,0,0,64,True,8
D3,5,0.75,0.4,5,0.5,2,2,64,True,2
D3,5,0.75,0.4,5,0.5,63,63,64,True,1
D3,5,0.75,0.4,5,0.5,64,64,64,True,1013
D0,5,0.75,0.4,5,1,64,0,64,True,1024
D1,5,0.75,0.4,5,1,64,0,64,True,1024
D2,5,0.75,0.4,5,1,64,0,64,True,1024
D3,5,0.75,0.4,5,1,0,0,64,True,8
D3,5,0.75,0.4,5,1,2,0,64,True,2
D3,5,0.75,0.4,5,1,63,0,64,True,1
D3,5,0.75,0.4,5,1,64,0,64,True,1013
D0,10,0.75,0.4,0,0.5,64,64,64,True,1024
D1,10,0.75,0.4,0,0.5,0,0,64,True,2
D1,10,0.75,0.4,0,0.5,3,3,64,True,1
D1,10,0.75,0.4,0,0.5,4,4,64,True,1
D1,10,0.75,0.4,0,0.5,28,28,64,True,1
D1,10,0.75,0.4,0,0.5,30,30,64,True,1
D1,10,0.75,0.4,0,0.5,41,41,64,True,1
D1,10,0.75,0.4,0,0.5,46,46,64,True,1
D1,10,0.75,0.4,0,0.5,64,64,64,True,1016
D2,10,0.75,0.4,0,0.5,64,64,64,True,1024
D3,10,0.75,0.4,0,0.5,0,0,64,True,989
D3,10,0.75,0.4,0,0.5,1,0,64,True,7
D3,10,0.75,0.4,0,0.5,1,1,64,True,3
D3,10,0.75,0.4,0,0.5,2,0,64,True,4
D3,10,0.75,0.4,0,0.5,2,2,64,True,2
D3,10,0.75,0.4,0,0.5,3,0,64,True,2
D3,10,0.75,0.4,0,0.5,3,3,64,True,2
D3,10,0.75,0.4,0,0.5,4,0,64,True,1
D3,10,0.75,0.4,0,0.5,4,4,64,True,1
D3,10,0.75,0.4,0,0.5,5,0,64,True,1
D3,10,0.75,0.4,0,0.5,5,1,64,True,1
D3,10,0.75,0.4,0,0.5,6,1,64,True,1
D3,10,0.75,0.4,0,0.5,9,9,64,True,1
D3,10,0.75,0.4,0,0.5,10,10,64,True,1
D3,10,0.75,0.4,0,0.5,11,0,64,True,1
D3,10,0.75,0.4,0,0.5,12,12,64,True,1
D3,10,0.75,0.4,0,0.5,14,0,64,True,1
D3,10,0.75,0.4,0,0.5,15,13,64,True,1
D3,10,0.75,0.4,0,0.5,17,17,64,True,1
D3,10,0.75,0.4,0,0.5,20,20,64,True,1
D3,10,0.75,0.4,0,0.5,28,0,64,True,1
D3,10,0.75,0.4,0,0.5,30,0,64,True,1
D0,10,0.75,0.4,0,1,64,0,64,True,1024
D1,10,0.75,0.4,0,1,0,0,64,True,2
D1,10,0.75,0.4,0,1,3,0,64,True,1
D1,10,0.75,0.4,0,1,4,0,64,True,1
D1,10,0.75,0.4,0,1,28,0,64,True,1
D1,10,0.75,0.4,0,1,30,0,64,True,1
D1,10,0.75,0.4,0,1,41,0,64,True,1
D1,10,0.75,0.4,0,1,46,0,64,True,1
D1,10,0.75,0.4,0,1,64,0,64,True,1016
D2,10,0.75,0.4,0,1,64,0,64,True,1024
D3,10,0.75,0.4,0,1,0,0,64,True,989
D3,10,0.75,0.4,0,1,1,0,64,True,10
D3,10,0.75,0.4,0,1,2,0,64,True,6
D3,10,0.75,0.4,0,1,3,0,64,True,4
D3,10,0.75,0.4,0,1,4,0,64,True,2
D3,10,0.75,0.4,0,1,5,0,64,True,2
D3,10,0.75,0.4,0,1,6,0,64,True,1
D3,10,0.75,0.4,0,1,9,0,64,True,1
D3,10,0.75,0.4,0,1,10,0,64,True,1
D3,10,0.75,0.4,0,1,11,0,64,True,1
D3,10,0.75,0.4,0,1,12,0,64,True,1
D3,10,0.75,0.4,0,1,14,0,64,True,1
D3,10,0.75,0.4,0,1,15,0,64,True,1
D3,10,0.75,0.4,0,1,17,0,64,True,1
D3,10,0.75,0.4,0,1,20,0,64,True,1
D3,10,0.75,0.4,0,1,28,0,64,True,1
D3,10,0.75,0.4,0,1,30,0,64,True,1
D0,10,0.75,0.4,2,0.5,64,64,64,True,1024
D1,10,0.75,0.4,2,0.5,0,0,64,True,2
D1,10,0.75,0.4,2,0.5,3,3,64,True,1
D1,10,0.75,0.4,2,0.5,4,4,64,True,1
D1,10,0.75,0.4,2,0.5,28,28,64,True,1
D1,10,0.75,0.4,2,0.5,30,30,64,True,1
D1,10,0.75,0.4,2,0.5,41,41,64,True,1
D1,10,0.75,0.4,2,0.5,46,46,64,True,1
D1,10,0.75,0.4,2,0.5,64,64,64,True,1016
D2,10,0.75,0.4,2,0.5,64,64,64,True,1024
D3,10,0.75,0.4,2,0.5,0,0,64,True,989
D3,10,0.75,0.4,2,0.5,1,0,64,True,7
D3,10,0.75,0.4,2,0.5,1,1,64,True,3
D3,10,0.75,0.4,2,0.5,2,0,64,True,4
D3,10,0.75,0.4,2,0.5,2,2,64,True,2
D3,10,0.75,0.4,2,0.5,3,0,64,True,2
D3,10,0.75,0.4,2,0.5,3,3,64,True,2
D3,10,0.75,0.4,2,0.5,4,0,64,True,1
D3,10,0.75,0.4,2,0.5,4,4,64,True,1
D3,10,0.75,0.4,2,0.5,5,0,64,True,1
D3,10,0.75,0.4,2,0.5,5,1,64,True,1
D3,10,0.75,0.4,2,0.5,6,1,64,True,1
D3,10,0.75,0.4,2,0.5,9,9,64,True,1
D3,10,0.75,0.4,2,0.5,10,10,64,True,1
D3,10,0.75,0.4,2,0.5,11,0,64,True,1
D3,10,0.75,0.4,2,0.5,12,12,64,True,1
D3,10,0.75,0.4,2,0.5,14,0,64,True,1
D3,10,0.75,0.4,2,0.5,15,13,64,True,1
D3,10,0.75,0.4,2,0.5,17,17,64,True,1
D3,10,0.75,0.4,2,0.5,20,20,64,True,1
D3,10,0.75,0.4,2,0.5,28,0,64,True,1
D3,10,0.75,0.4,2,0.5,30,0,64,True,1
D0,10,0.75,0.4,2,1,64,0,64,True,1024
D1,10,0.75,0.4,2,1,0,0,64,True,2
D1,10,0.75,0.4,2,1,3,0,64,True,1
D1,10,0.75,0.4,2,1,4,0,64,True,1
D1,10,0.75,0.4,2,1,28,0,64,True,1
D1,10,0.75,0.4,2,1,30,0,64,True,1
D1,10,0.75,0.4,2,1,41,0,64,True,1
D1,10,0.75,0.4,2,1,46,0,64,True,1
D1,10,0.75,0.4,2,1,64,0,64,True,1016
D2,10,0.75,0.4,2,1,64,0,64,True,1024
D3,10,0.75,0.4,2,1,0,0,64,True,989
D3,10,0.75,0.4,2,1,1,0,64,True,10
D3,10,0.75,0.4,2,1,2,0,64,True,6
D3,10,0.75,0.4,2,1,3,0,64,True,4
D3,10,0.75,0.4,2,1,4,0,64,True,2
D3,10,0.75,0.4,2,1,5,0,64,True,2
D3,10,0.75,0.4,2,1,6,0,64,True,1
D3,10,0.75,0.4,2,1,9,0,64,True,1
D3,10,0.75,0.4,2,1,10,0,64,True,1
D3,10,0.75,0.4,2,1,11,0,64,True,1
D3,10,0.75,0.4,2,1,12,0,64,True,1
D3,10,0.75,0.4,2,1,14,0,64,True,1
D3,10,0.75,0.4,2,1,15,0,64,True,1
D3,10,0.75,0.4,2,1,17,0,64,True,1
D3,10,0.75,0.4,2,1,20,0,64,True,1
D3,10,0.75,0.4,2,1,28,0,64,True,1
D3,10,0.75,0.4,2,1,30,0,64,True,1
D0,10,0.75,0.4,5,0.5,64,64,64,True,1024
D1,10,0.75,0.4,5,0.5,0,0,64,True,2
D1,10,0.75,0.4,5,0.5,3,3,64,True,1
D1,10,0.75,0.4,5,0.5,4,4,64,True,1
D1,10,0.75,0.4,5,0.5,28,28,64,True,1
D1,10,0.75,0.4,5,0.5,30,30,64,True,1
D1,10,0.75,0.4,5,0.5,41,41,64,True,1
D1,10,0.75,0.4,5,0.5,46,46,64,True,1
D1,10,0.75,0.4,5,0.5,64,64,64,True,1016
D2,10,0.75,0.4,5,0.5,64,64,64,True,1024
D3,10,0.75,0.4,5,0.5,0,0,64,True,989
D3,10,0.75,0.4,5,0.5,1,0,64,True,7
D3,10,0.75,0.4,5,0.5,1,1,64,True,3
D3,10,0.75,0.4,5,0.5,2,0,64,True,4
D3,10,0.75,0.4,5,0.5,2,2,64,True,2
D3,10,0.75,0.4,5,0.5,3,0,64,True,2
D3,10,0.75,0.4,5,0.5,3,3,64,True,2
D3,10,0.75,0.4,5,0.5,4,0,64,True,1
D3,10,0.75,0.4,5,0.5,4,4,64,True,1
D3,10,0.75,0.4,5,0.5,5,0,64,True,1
D3,10,0.75,0.4,5,0.5,5,1,64,True,1
D3,10,0.75,0.4,5,0.5,6,1,64,True,1
D3,10,0.75,0.4,5,0.5,9,9,64,True,1
D3,10,0.75,0.4,5,0.5,10,10,64,True,1
D3,10,0.75,0.4,5,0.5,11,0,64,True,1
D3,10,0.75,0.4,5,0.5,12,12,64,True,1
D3,10,0.75,0.4,5,0.5,14,0,64,True,1
D3,10,0.75,0.4,5,0.5,15,13,64,True,1
D3,10,0.75,0.4,5,0.5,17,17,64,True,1
D3,10,0.75,0.4,5,0.5,20,20,64,True,1
D3,10,0.75,0.4,5,0.5,28,0,64,True,1
D3,10,0.75,0.4,5,0.5,30,0,64,True,1
D0,10,0.75,0.4,5,1,64,0,64,True,1024
D1,10,0.75,0.4,5,1,0,0,64,True,2
D1,10,0.75,0.4,5,1,3,0,64,True,1
D1,10,0.75,0.4,5,1,4,0,64,True,1
D1,10,0.75,0.4,5,1,28,0,64,True,1
D1,10,0.75,0.4,5,1,30,0,64,True,1
D1,10,0.75,0.4,5,1,41,0,64,True,1
D1,10,0.75,0.4,5,1,46,0,64,True,1
D1,10,0.75,0.4,5,1,64,0,64,True,1016
D2,10,0.75,0.4,5,1,64,0,64,True,1024
D3,10,0.75,0.4,5,1,0,0,64,True,989
D3,10,0.75,0.4,5,1,1,0,64,True,10
D3,10,0.75,0.4,5,1,2,0,64,True,6
D3,10,0.75,0.4,5,1,3,0,64,True,4
D3,10,0.75,0.4,5,1,4,0,64,True,2
D3,10,0.75,0.4,5,1,5,0,64,True,2
D3,10,0.75,0.4,5,1,6,0,64,True,1
D3,10,0.75,0.4,5,1,9,0,64,True,1
D3,10,0.75,0.4,5,1,10,0,64,True,1
D3,10,0.75,0.4,5,1,11,0,64,True,1
D3,10,0.75,0.4,5,1,12,0,64,True,1
D3,10,0.75,0.4,5,1,14,0,64,True,1
D3,10,0.75,0.4,5,1,15,0,64,True,1
D3,10,0.75,0.4,5,1,17,0,64,True,1
D3,10,0.75,0.4,5,1,20,0,64,True,1
D3,10,0.75,0.4,5,1,28,0,64,True,1
D3,10,0.75,0.4,5,1,30,0,64,True,1
D0,20,0.75,0.4,0,0.5,64,64,64,True,1024
D1,20,0.75,0.4,0,0.5,0,0,64,True,756
D1,20,0.75,0.4,0,0.5,1,0,64,True,10
D1,20,0.75,0.4,0,0.5,1,1,64,True,5
D1,20,0.75,0.4,0,0.5,2,0,64,True,2
D1,20,0.75,0.4,0,0.5,2,2,64,True,4
D1,20,0.75,0.4,0,0.5,3,0,64,True,2
D1,20,0.75,0.4,0,0.5,3,1,64,True,1
D1,20,0.75,0.4,0,0.5,3,3,64,True,2
D1,20,0.75,0.4,0,0.5,4,0,64,True,1
D1,20,0.75,0.4,0,0.5,5,0,64,True,3
D1,20,0.75,0.4,0,0.5,6,6,64,True,1
D1,20,0.75,0.4,0,0.5,7,0,64,True,1
D1,20,0.75,0.4,0,0.5,7,7,64,True,1
D1,20,0.75,0.4,0,0.5,8,0,64,True,1
D1,20,0.75,0.4,0,0.5,8,8,64,True,2
D1,20,0.75,0.4,0,0.5,9,0,64,True,1
D1,20,0.75,0.4,0,0.5,13,0,64,True,1
D1,20,0.75,0.4,0,0.5,15,0,64,True,1
D1,20,0.75,0.4,0,0.5,16,0,64,True,1
D1,20,0.75,0.4,0,0.5,17,0,64,True,1
D1,20,0.75,0.4,0,0.5,21,0,64,True,1
D1,20,0.75,0.4,0,0.5,25,0,64,True,1
D1,20,0.75,0.4,0,0.5,27,27,64,True,1
D1,20,0.75,0.4,0,0.5,28,28,64,True,1
D1,20,0.75,0.4,0,0.5,29,0,64,True,1
D1,20,0.75,0.4,0,0.5,29,29,64,True,2
D1,20,0.75,0.4,0,0.5,30,0,64,True,3
D1,20,0.75,0.4,0,0.5,30,30,64,True,1
D1,20,0.75,0.4,0,0.5,31,0,64,True,1
D1,20,0.75,0.4,0,0.5,34,0,64,True,1
D1,20,0.75,0.4,0,0.5,35,35,64,True,1
D1,20,0.75,0.4,0,0.5,36,0,64,True,1
D1,20,0.75,0.4,0,0.5,39,39,64,True,1
D1,20,0.75,0.4,0,0.5,42,0,64,True,1
D1,20,0.75,0.4,0,0.5,42,1,64,True,1
D1,20,0.75,0.4,0,0.5,43,0,64,True,1
D1,20,0.75,0.4,0,0.5,44,0,64,True,1
D1,20,0.75,0.4,0,0.5,44,44,64,True,1
D1,20,0.75,0.4,0,0.5,45,0,64,True,3
D1,20,0.75,0.4,0,0.5,46,0,64,True,1
D1,20,0.75,0.4,0,0.5,48,1,64,True,1
D1,20,0.75,0.4,0,0.5,48,48,64,True,1
D1,20,0.75,0.4,0,0.5,49,0,64,True,1
D1,20,0.75,0.4,0,0.5,50,0,64,True,1
D1,20,0.75,0.4,0,0.5,51,5,64,True,1
D1,20,0.75,0.4,0,0.5,51,51,64,True,1
D1,20,0.75,0.4,0,0.5,52,0,64,True,3
D1,20,0.75,0.4,0,0.5,52,52,64,True,1
D1,20,0.75,0.4,0,0.5,55,0,64,True,2
D1,20,0.75,0.4,0,0.5,56,56,64,True,1
D1,20,0.75,0.4,0,0.5,57,0,64,True,3
D1,20,0.75,0.4,0,0.5,58,0,64,True,2
D1,20,0.75,0.4,0,0.5,59,0,64,True,3
D1,20,0.75,0.4,0,0.5,60,0,64,True,1
D1,20,0.75,0.4,0,0.5,62,23,64,True,1
D1,20,0.75,0.4,0,0.5,62,62,64,True,2
D1,20,0.75,0.4,0,0.5,63,0,64,True,5
D1,20,0.75,0.4,0,0.5,63,63,64,True,2
D1,20,0.75,0.4,0,0.5,64,0,64,True,84
D1,20,0.75,0.4,0,0.5,64,1,64,True,5
D1,20,0.75,0.4,0,0.5,64,2,64,True,1
D1,20,0.75,0.4,0,0.5,64,3,64,True,2
D1,20,0.75,0.4,0,0.5,64,5,64,True,3
D1,20,0.75,0.4,0,0.5,64,6,64,True,2
D1,20,0.75,0.4,0,0.5,64,9,64,True,2
D1,20,0.75,0.4,0,0.5,64,16,64,True,1
D1,20,0.75,0.4,0,0.5,64,17,64,True,1
D1,20,0.75,0.4,0,0.5,64,19,64,True,2
D1,20,0.75,0.4,0,0.5,64,21,64,True,1
D1,20,0.75,0.4,0,0.5,64,45,64,True,1
D1,20,0.75,0.4,0,0.5,64,48,64,True,1
D1,20,0.75,0.4,0,0.5,64,49,64,True,2
D1,20,0.75,0.4,0,0.5,64,50,64,True,1
D1,20,0.75,0.4,0,0.5,64,53,64,True,1
D1,20,0.75,0.4,0,0.5,64,57,64,True,1
D1,20,0.75,0.4,0,0.5,64,62,64,True,1
D1,20,0.75,0.4,0,0.5,64,63,64,True,8
D1,20,0.75,0.4,0,0.5,64,64,64,True,50
D2,20,0.75,0.4,0,0.5,0,0,64,True,210
D2,20,0.75,0.4,0,0.5,1,1,64,True,75
D2,20,0.75,0.4,0,0.5,2,2,64,True,56
D2,20,0.75,0.4,0,0.5,3,3,64,True,29
D2,20,0.75,0.4,0,0.5,4,4,64,True,34
D2,20,0.75,0.4,0,0.5,5,5,64,True,26
D2,20,0.75,0.4,0,0.5,6,6,64,True,27
D2,20,0.75,0.4,0,0.5,7,7,64,True,20
D2,20,0.75,0.4,0,0.5,8,8,64,True,15
D2,20,0.75,0.4,0,0.5,9,9,64,True,12
D2,20,0.75,0.4,0,0.5,10,10,64,True,16
D2,20,0.75,0.4,0,0.5,11,11,64,True,16
D2,20,0.75,0.4,0,0.5,12,12,64,True,15
D2,20,0.75,0.4,0,0.5,13,13,64,True,11
D2,20,0.75,0.4,0,0.5,14,14,64,True,11
D2,20,0.75,0.4,0,0.5,15,15,64,True,23
D2,20,0.75,0.4,0,0.5,16,16,64,True,19
D2,20,0.75,0.4,0,0.5,17,17,64,True,9
D2,20,0.75,0.4,0,0.5,18,18,64,True,10
D2,20,0.75,0.4,0,0.5,19,19,64,True,10
D2,20,0.75,0.4,0,0.5,20,20,64,True,12
D2,20,0.75,0.4,0,0.5,21,21,64,True,9
D2,20,0.75,0.4,0,0.5,22,22,64,True,16
D2,20,0.75,0.4,0,0.5,23,23,64,True,9
D2,20,0.75,0.4,0,0.5,24,24,64,True,14
D2,20,0.75,0.4,0,0.5,25,25,64,True,7
D2,20,0.75,0.4,0,0.5,26,26,64,True,10
D2,20,0.75,0.4,0,0.5,27,27,64,True,6
D2,20,0.75,0.4,0,0.5,28,28,64,True,11
D2,20,0.75,0.4,0,0.5,29,29,64,True,12
D2,20,0.75,0.4,0,0.5,30,30,64,True,3
D2,20,0.75,0.4,0,0.5,31,31,64,True,12
D2,20,0.75,0.4,0,0.5,32,32,64,True,6
D2,20,0.75,0.4,0,0.5,33,33,64,True,11
D2,20,0.75,0.4,0,0.5,34,34,64,True,8
D2,20,0.75,0.4,0,0.5,35,35,64,True,9
D2,20,0.75,0.4,0,0.5,36,36,64,True,9
D2,20,0.75,0.4,0,0.5,37,37,64,True,9
D2,20,0.75,0.4,0,0.5,38,38,64,True,6
D2,20,0.75,0.4,0,0.5,39,39,64,True,3
D2,20,0.75,0.4,0,0.5,40,40,64,True,8
D2,20,0.75,0.4,0,0.5,41,41,64,True,7
D2,20,0.75,0.4,0,0.5,42,42,64,True,10
D2,20,0.75,0.4,0,0.5,43,43,64,True,7
D2,20,0.75,0.4,0,0.5,44,44,64,True,5
D2,20,0.75,0.4,0,0.5,45,45,64,True,9
D2,20,0.75,0.4,0,0.5,46,46,64,True,8
D2,20,0.75,0.4,0,0.5,47,47,64,True,8
D2,20,0.75,0.4,0,0.5,48,48,64,True,9
D2,20,0.75,0.4,0,0.5,49,49,64,True,9
D2,20,0.75,0.4,0,0.5,50,50,64,True,8
D2,20,0.75,0.4,0,0.5,51,51,64,True,3
D2,20,0.75,0.4,0,0.5,52,52,64,True,10
D2,20,0.75,0.4,0,0.5,53,53,64,True,10
D2,20,0.75,0.4,0,0.5,54,54,64,True,4
D2,20,0.75,0.4,0,0.5,55,55,64,True,8
D2,20,0.75,0.4,0,0.5,56,56,64,True,7
D2,20,0.75,0.4,0,0.5,57,57,64,True,3
D2,20,0.75,0.4,0,0.5,58,58,64,True,4
D2,20,0.75,0.4,0,0.5,59,59,64,True,6
D2,20,0.75,0.4,0,0.5,60,60,64,True,6
D2,20,0.75,0.4,0,0.5,61,61,64,True,11
D2,20,0.75,0.4,0,0.5,62,62,64,True,6
D2,20,0.75,0.4,0,0.5,63,63,64,True,11
D2,20,0.75,0.4,0,0.5,64,64,64,True,21
D3,20,0.75,0.4,0,0.5,0,0,64,True,1024
D0,20,0.75,0.4,0,1,64,0,64,True,1022
D0,20,0.75,0.4,0,1,64,18,64,True,1
D0,20,0.75,0.4,0,1,64,19,64,True,1
D1,20,0.75,0.4,0,1,0,0,64,True,756
D1,20,0.75,0.4,0,1,1,0,64,True,15
D1,20,0.75,0.4,0,1,2,0,64,True,6
D1,20,0.75,0.4,0,1,3,0,64,True,5
D1,20,0.75,0.4,0,1,4,0,64,True,1
D1,20,0.75,0.4,0,1,5,0,64,True,3
D1,20,0.75,0.4,0,1,6,0,64,True,1
D1,20,0.75,0.4,0,1,7,0,64,True,2
D1,20,0.75,0.4,0,1,8,0,64,True,3
D1,20,0.75,0.4,0,1,9,0,64,True,1
D1,20,0.75,0.4,0,1,13,0,64,True,1
D1,20,0.75,0.4,0,1,15,0,64,True,1
D1,20,0.75,0.4,0,1,16,0,64,True,1
D1,20,0.75,0.4,0,1,17,0,64,True,1
D1,20,0.75,0.4,0,1,21,0,64,True,1
D1,20,0.75,0.4,0,1,25,0,64,True,1
D1,20,0.75,0.4,0,1,27,0,64,True,1
D1,20,0.75,0.4,0,1,28,0,64,True,1
D1,20,0.75,0.4,0,1,29,0,64,True,3
D1,20,0.75,0.4,0,1,30,0,64,True,4
D1,20,0.75,0.4,0,1,31,0,64,True,1
D1,20,0.75,0.4,0,1,34,0,64,True,1
D1,20,0.75,0.4,0,1,35,0,64,True,1
D1,20,0.75,0.4,0,1,36,0,64,True,1
D1,20,0.75,0.4,0,1,39,0,64,True,1
D1,20,0.75,0.4,0,1,42,0,64,True,2
D1,20,0.75,0.4,0,1,43,0,64,True,1
D1,20,0.75,0.4,0,1,44,0,64,True,2
D1,20,0.75,0.4,0,1,45,0,64,True,3
D1,20,0.75,0.4,0,1,46,0,64,True,1
D1,20,0.75,0.4,0,1,48,0,64,True,2
D1,20,0.75,0.4,0,1,49,0,64,True,1
D1,20,0.75,0.4,0,1,50,0,64,True,1
D1,20,0.75,0.4,0,1,51,0,64,True,2
D1,20,0.75,0.4,0,1,52,0,64,True,4
D1,20,0.75,0.4,0,1,55,0,64,True,2
D1,20,0.75,0.4,0,1,56,0,64,True,1
D1,20,0.75,0.4,0,1,57,0,64,True,3
D1,20,0.75,0.4,0,1,58,0,64,True,2
D1,20,0.75,0.4,0,1,59,0,64,True,3
D1,20,0.75,0.4,0,1,60,0,64,True,1
D1,20,0.75,0.4,0,1,62,0,64,True,3
D1,20,0.75,0.4,0,1,63,0,64,True,7
D1,20,0.75,0.4,0,1,64,0,64,True,170
D2,20,0.75,0.4,0,1,0,0,64,True,210
D2,20,0.75,0.4,0,1,1,0,64,True,75
D2,20,0.75,0.4,0,1,2,0,64,True,56
D2,20,0.75,0.4,0,1,3,0,64,True,29
D2,20,0.75,0.4,0,1,4,0,64,True,34
D2,20,0.75,0.4,0,1,5,0,64,True,26
D2,20,0.75,0.4,0,1,6,0,64,True,27
D2,20,0.75,0.4,0,1,7,0,64,True,20
D2,20,0.75,0.4,0,1,8,0,64,True,15
D2,20,0.75,0.4,0,1,9,0,64,True,12
D2,20,0.75,0.4,0,1,10,0,64,True,16
D2,20,0.75,0.4,0,1,11,0,64,True,16
D2,20,0.75,0.4,0,1,12,0,64,True,15
D2,20,0.75,0.4,0,1,13,0,64,True,11
D2,20,0.75,0.4,0,1,14,0,64,True,11
D2,20,0.75,0.4,0,1,15,0,64,True,23
D2,20,0.75,0.4,0,1,16,0,64,True,19
D2,20,0.75,0.4,0,1,17,0,64,True,9
D2,20,0.75,0.4,0,1,18,0,64,True,10
D2,20,0.75,0.4,0,1,19,0,64,True,10
D2,20,0.75,0.4,0,1,20,0,64,True,12
D2,20,0.75,0.4,0,1,21,0,64,True,9
D2,20,0.75,0.4,0,1,22,0,64,True,16
D2,20,0.75,0.4,0,1,23,0,64,True,9
D2,20,0.75,0.4,0,1,24,0,64,True,14
D2,20,0.75,0.4,0,1,25,0,64,True,7
D2,20,0.75,0.4,0,1,26,0,64,True,10
D2,20,0.75,0.4,0,1,27,0,64,True,6
D2,20,0.75,0.4,0,1,28,0,64,True,11
D2,20,0.75,0.4,0,1,29,0,64,True,12
D2,20,0.75,0.4,0,1,30,0,64,True,3
D2,20,0.75,0.4,0,1,31,0,64,True,12
D2,20,0.75,0.4,0,1,32,0,64,True,6
D2,20,0.75,0.4,0,1,33,0,64,True,11
D2,20,0.75,0.4,0,1,34,0,64,True,8
D2,20,0.75,0.4,0,1,35,0,64,True,9
D2,20,0.75,0.4,0,1,36,0,64,True,9
D2,20,0.75,0.4,0,1,37,0,64,True,9
D2,20,0.75,0.4,0,1,38,0,64,True,6
D2,20,0.75,0.4,0,1,39,0,64,True,3
D2,20,0.75,0.4,0,1,40,0,64,True,8
D2,20,0.75,0.4,0,1,41,0,64,True,7
D2,20,0.75,0.4,0,1,42,0,64,True,10
D2,20,0.75,0.4,0,1,43,0,64,True,7
D2,20,0.75,0.4,0,1,44,0,64,True,5
D2,20,0.75,0.4,0,1,45,0,64,True,9
D2,20,0.75,0.4,0,1,46,0,64,True,8
D2,20,0.75,0.4,0,1,47,0,64,True,8
D2,20,0.75,0.4,0,1,48,0,64,True,9
D2,20,0.75,0.4,0,1,49,0,64,True,9
D2,20,0.75,0.4,0,1,50,0,64,True,8
D2,20,0.75,0.4,0,1,51,0,64,True,3
D2,20,0.75,0.4,0,1,52,0,64,True,10
D2,20,0.75,0.4,0,1,53,0,64,True,10
D2,20,0.75,0.4,0,1,54,0,64,True,4
D2,20,0.75,0.4,0,1,55,0,64,True,8
D2,20,0.75,0.4,0,1,56,0,64,True,7
D2,20,0.75,0.4,0,1,57,0,64,True,3
D2,20,0.75,0.4,0,1,58,0,64,True,4
D2,20,0.75,0.4,0,1,59,0,64,True,6
D2,20,0.75,0.4,0,1,60,0,64,True,6
D2,20,0.75,0.4,0,1,61,0,64,True,11
D2,20,0.75,0.4,0,1,62,0,64,True,6
D2,20,0.75,0.4,0,1,63,0,64,True,11
D2,20,0.75,0.4,0,1,64,0,64,True,21
D3,20,0.75,0.4,0,1,0,0,64,True,1024
D0,20,0.75,0.4,2,0.5,64,64,64,True,1024
D1,20,0.75,0.4,2,0.5,0,0,64,True,756
D1,20,0.75,0.4,2,0.5,1,0,64,True,10
D1,20,0.75,0.4,2,0.5,1,1,64,True,5
D1,20,0.75,0.4,2,0.5,2,0,64,True,2
D1,20,0.75,0.4,2,0.5,2,2,64,True,4
D1,20,0.75,0.4,2,0.5,3,0,64,True,2
D1,20,0.75,0.4,2,0.5,3,1,64,True,1
D1,20,0.75,0.4,2,0.5,3,3,64,True,2
D1,20,0.75,0.4,2,0.5,4,0,64,True,1
D1,20,0.75,0.4,2,0.5,5,0,64,True,3
D1,20,0.75,0.4,2,0.5,6,6,64,True,1
D1,20,0.75,0.4,2,0.5,7,0,64,True,1
D1,20,0.75,0.4,2,0.5,7,7,64,True,1
D1,20,0.75,0.4,2,0.5,8,0,64,True,1
D1,20,0.75,0.4,2,0.5,8,8,64,True,2
D1,20,0.75,0.4,2,0.5,9,0,64,True,1
D1,20,0.75,0.4,2,0.5,13,0,64,True,1
D1,20,0.75,0.4,2,0.5,15,0,64,True,1
D1,20,0.75,0.4,2,0.5,16,0,64,True,1
D1,20,0.75,0.4,2,0.5,17,0,64,True,1
D1,20,0.75,0.4,2,0.5,21,0,64,True,1
D1,20,0.75,0.4,2,0.5,25,0,64,True,1
D1,20,0.75,0.4,2,0.5,27,27,64,True,1
D1,20,0.75,0.4,2,0.5,28,28,64,True,1
D1,20,0.75,0.4,2,0.5,29,0,64,True,1
D1,20,0.75,0.4,2,0.5,29,29,64,True,2
D1,20,0.75,0.4,2,0.5,30,0,64,True,3
D1,20,0.75,0.4,2,0.5,30,30,64,True,1
D1,20,0.75,0.4,2,0.5,31,0,64,True,1
D1,20,0.75,0.4,2,0.5,34,0,64,True,1
D1,20,0.75,0.4,2,0.5,35,35,64,True,1
D1,20,0.75,0.4,2,0.5,36,0,64,True,1
D1,20,0.75,0.4,2,0.5,39,39,64,True,1
D1,20,0.75,0.4,2,0.5,42,0,64,True,1
D1,20,0.75,0.4,2,0.5,42,1,64,True,1
D1,20,0.75,0.4,2,0.5,43,0,64,True,1
D1,20,0.75,0.4,2,0.5,44,0,64,True,1
D1,20,0.75,0.4,2,0.5,44,44,64,True,1
D1,20,0.75,0.4,2,0.5,45,0,64,True,3
D1,20,0.75,0.4,2,0.5,46,0,64,True,1
D1,20,0.75,0.4,2,0.5,48,1,64,True,1
D1,20,0.75,0.4,2,0.5,48,48,64,True,1
D1,20,0.75,0.4,2,0.5,49,0,64,True,1
D1,20,0.75,0.4,2,0.5,50,0,64,True,1
D1,20,0.75,0.4,2,0.5,51,5,64,True,1
D1,20,0.75,0.4,2,0.5,51,51,64,True,1
D1,20,0.75,0.4,2,0.5,52,0,64,True,3
D1,20,0.75,0.4,2,0.5,52,52,64,True,1
D1,20,0.75,0.4,2,0.5,55,0,64,True,2
D1,20,0.75,0.4,2,0.5,56,56,64,True,1
D1,20,0.75,0.4,2,0.5,57,0,64,True,3
D1,20,0.75,0.4,2,0.5,58,0,64,True,2
D1,20,0.75,0.4,2,0.5,59,0,64,True,3
D1,20,0.75,0.4,2,0.5,60,0,64,True,1
D1,20,0.75,0.4,2,0.5,62,23,64,True,1
D1,20,0.75,0.4,2,0.5,62,62,64,True,2
D1,20,0.75,0.4,2,0.5,63,0,64,True,5
D1,20,0.75,0.4,2,0.5,63,63,64,True,2
D1,20,0.75,0.4,2,0.5,64,0,64,True,84
D1,20,0.75,0.4,2,0.5,64,1,64,True,5
D1,20,0.75,0.4,2,0.5,64,2,64,True,1
D1,20,0.75,0.4,2,0.5,64,3,64,True,2
D1,20,0.75,0.4,2,0.5,64,5,64,True,3
D1,20,0.75,0.4,2,0.5,64,6,64,True,2
D1,20,0.75,0.4,2,0.5,64,9,64,True,2
D1,20,0.75,0.4,2,0.5,64,16,64,True,1
D1,20,0.75,0.4,2,0.5,64,17,64,True,1
D1,20,0.75,0.4,2,0.5,64,19,64,True,2
D1,20,0.75,0.4,2,0.5,64,21,64,True,1
D1,20,0.75,0.4,2,0.5,64,45,64,True,1
D1,20,0.75,0.4,2,0.5,64,48,64,True,1
D1,20,0.75,0.4,2,0.5,64,49,64,True,2
D1,20,0.75,0.4,2,0.5,64,50,64,True,1
D1,20,0.75,0.4,2,0.5,64,53,64,True,1
D1,20,0.75,0.4,2,0.5,64,57,64,True,1
D1,20,0.75,0.4,2,0.5,64,62,64,True,1
D1,20,0.75,0.4,2,0.5,64,63,64,True,8
D1,20,0.75,0.4,2,0.5,64,64,64,True,50
D2,20,0.75,0.4,2,0.5,0,0,64,True,210
D2,20,0.75,0.4,2,0.5,1,1,64,True,75
D2,20,0.75,0.4,2,0.5,2,2,64,True,56
D2,20,0.75,0.4,2,0.5,3,3,64,True,28
D2,20,0.75,0.4,2,0.5,4,4,64,True,35
D2,20,0.75,0.4,2,0.5,5,5,64,True,26
D2,20,0.75,0.4,2,0.5,6,6,64,True,27
D2,20,0.75,0.4,2,0.5,7,7,64,True,20
D2,20,0.75,0.4,2,0.5,8,8,64,True,15
D2,20,0.75,0.4,2,0.5,9,9,64,True,12
D2,20,0.75,0.4,2,0.5,10,10,64,True,16
D2,20,0.75,0.4,2,0.5,11,11,64,True,16
D2,20,0.75,0.4,2,0.5,12,12,64,True,15
D2,20,0.75,0.4,2,0.5,13,13,64,True,11
D2,20,0.75,0.4,2,0.5,14,14,64,True,10
D2,20,0.75,0.4,2,0.5,15,15,64,True,24
D2,20,0.75,0.4,2,0.5,16,16,64,True,19
D2,20,0.75,0.4,2,0.5,17,17,64,True,9
D2,20,0.75,0.4,2,0.5,18,18,64,True,10
D2,20,0.75,0.4,2,0.5,19,19,64,True,10
D2,20,0.75,0.4,2,0.5,20,20,64,True,12
D2,20,0.75,0.4,2,0.5,21,21,64,True,9
D2,20,0.75,0.4,2,0.5,22,22,64,True,16
D2,20,0.75,0.4,2,0.5,23,23,64,True,9
D2,20,0.75,0.4,2,0.5,24,24,64,True,14
D2,20,0.75,0.4,2,0.5,25,25,64,True,7
D2,20,0.75,0.4,2,0.5,26,26,64,True,10
D2,20,0.75,0.4,2,0.5,27,27,64,True,6
D2,20,0.75,0.4,2,0.5,28,28,64,True,11
D2,20,0.75,0.4,2,0.5,29,29,64,True,12
D2,20,0.75,0.4,2,0.5,30,30,64,True,3
D2,20,0.75,0.4,2,0.5,31,31,64,True,12
D2,20,0.75,0.4,2,0.5,32,32,64,True,6
D2,20,0.75,0.4,2,0.5,33,33,64,True,11
D2,20,0.75,0.4,2,0.5,34,34,64,True,8
D2,20,0.75,0.4,2,0.5,35,35,64,True,9
D2,20,0.75,0.4,2,0.5,36,36,64,True,9
D2,20,0.75,0.4,2,0.5,37,37,64,True,9
D2,20,0.75,0.4,2,0.5,38,38,64,True,6
D2,20,0.75,0.4,2,0.5,39,39,64,True,3
D2,20,0.75,0.4,2,0.5,40,40,64,True,8
D2,20,0.75,0.4,2,0.5,41,41,64,True,7
D2,20,0.75,0.4,2,0.5,42,42,64,True,10
D2,20,0.75,0.4,2,0.5,43,43,64,True,7
D2,20,0.75,0.4,2,0.5,44,44,64,True,5
D2,20,0.75,0.4,2,0.5,45,45,64,True,8
D2,20,0.75,0.4,2,0.5,46,46,64,True,9
D2,20,0.75,0.4,2,0.5,47,47,64,True,8
D2,20,0.75,0.4,2,0.5,48,48,64,True,9
D2,20,0.75,0.4,2,0.5,49,49,64,True,9
D2,20,0.75,0.4,2,0.5,50,50,64,True,8
D2,20,0.75,0.4,2,0.5,51,51,64,True,3
D2,20,0.75,0.4,2,0.5,52,52,64,True,10
D2,20,0.75,0.4,2,0.5,53,53,64,True,10
D2,20,0.75,0.4,2,0.5,54,54,64,True,4
D2,20,0.75,0.4,2,0.5,55,55,64,True,8
D2,20,0.75,0.4,2,0.5,56,56,64,True,7
D2,20,0.75,0.4,2,0.5,57,57,64,True,3
D2,20,0.75,0.4,2,0.5,58,58,64,True,4
D2,20,0.75,0.4,2,0.5,59,59,64,True,6
D2,20,0.75,0.4,2,0.5,60,60,64,True,6
D2,20,0.75,0.4,2,0.5,61,61,64,True,11
D2,20,0.75,0.4,2,0.5,62,62,64,True,6
D2,20,0.75,0.4,2,0.5,63,63,64,True,11
D2,20,0.75,0.4,2,0.5,64,64,64,True,21
D3,20,0.75,0.4,2,0.5,0,0,64,True,1024
D0,20,0.75,0.4,2,1,64,0,64,True,1022
D0,20,0.75,0.4,2,1,64,18,64,True,1
D0,20,0.75,0.4,2,1,64,19,64,True,1
D1,20,0.75,0.4,2,1,0,0,64,True,756
D1,20,0.75,0.4,2,1,1,0,64,True,15
D1,20,0.75,0.4,2,1,2,0,64,True,6
D1,20,0.75,0.4,2,1,3,0,64,True,5
D1,20,0.75,0.4,2,1,4,0,64,True,1
D1,20,0.75,0.4,2,1,5,0,64,True,3
D1,20,0.75,0.4,2,1,6,0,64,True,1
D1,20,0.75,0.4,2,1,7,0,64,True,2
D1,20,0.75,0.4,2,1,8,0,64,True,3
D1,20,0.75,0.4,2,1,9,0,64,True,1
D1,20,0.75,0.4,2,1,13,0,64,True,1
D1,20,0.75,0.4,2,1,15,0,64,True,1
D1,20,0.75,0.4,2,1,16,0,64,True,1
D1,20,0.75,0.4,2,1,17,0,64,True,1
D1,20,0.75,0.4,2,1,21,0,64,True,1
D1,20,0.75,0.4,2,1,25,0,64,True,1
D1,20,0.75,0.4,2,1,27,0,64,True,1
D1,20,0.75,0.4,2,1,28,0,64,True,1
D1,20,0.75,0.4,2,1,29,0,64,True,3
D1,20,0.75,0.4,2,1,30,0,64,True,4
D1,20,0.75,0.4,2,1,31,0,64,True,1
D1,20,0.75,0.4,2,1,34,0,64,True,1
D1,20,0.75,0.4,2,1,35,0,64,True,1
D1,20,0.75,0.4,2,1,36,0,64,True,1
D1,20,0.75,0.4,2,1,39,0,64,True,1
D1,20,0.75,0.4,2,1,42,0,64,True,2
D1,20,0.75,0.4,2,1,43,0,64,True,1
D1,20,0.75,0.4,2,1,44,0,64,True,2
D1,20,0.75,0.4,2,1,45,0,64,True,3
D1,20,0.75,0.4,2,1,46,0,64,True,1
D1,20,0.75,0.4,2,1,48,0,64,True,2
D1,20,0.75,0.4,2,1,49,0,64,True,1
D1,20,0.75,0.4,2,1,50,0,64,True,1
D1,20,0.75,0.4,2,1,51,0,64,True,2
D1,20,0.75,0.4,2,1,52,0,64,True,4
D1,20,0.75,0.4,2,1,55,0,64,True,2
D1,20,0.75,0.4,2,1,56,0,64,True,1
D1,20,0.75,0.4,2,1,57,0,64,True,3
D1,20,0.75,0.4,2,1,58,0,64,True,2
D1,20,0.75,0.4,2,1,59,0,64,True,3
D1,20,0.75,0.4,2,1,60,0,64,True,1
D1,20,0.75,0.4,2,1,62,0,64,True,3
D1,20,0.75,0.4,2,1,63,0,64,True,7
D1,20,0.75,0.4,2,1,64,0,64,True,170
D2,20,0.75,0.4,2,1,0,0,64,True,210
D2,20,0.75,0.4,2,1,1,0,64,True,75
D2,20,0.75,0.4,2,1,2,0,64,True,56
D2,20,0.75,0.4,2,1,3,0,64,True,28
D2,20,0.75,0.4,2,1,4,0,64,True,35
D2,20,0.75,0.4,2,1,5,0,64,True,26
D2,20,0.75,0.4,2,1,6,0,64,True,27
D2,20,0.75,0.4,2,1,7,0,64,True,20
D2,20,0.75,0.4,2,1,8,0,64,True,15
D2,20,0.75,0.4,2,1,9,0,64,True,12
D2,20,0.75,0.4,2,1,10,0,64,True,16
D2,20,0.75,0.4,2,1,11,0,64,True,16
D2,20,0.75,0.4,2,1,12,0,64,True,15
D2,20,0.75,0.4,2,1,13,0,64,True,11
D2,20,0.75,0.4,2,1,14,0,64,True,10
D2,20,0.75,0.4,2,1,15,0,64,True,24
D2,20,0.75,0.4,2,1,16,0,64,True,19
D2,20,0.75,0.4,2,1,17,0,64,True,9
D2,20,0.75,0.4,2,1,18,0,64,True,10
D2,20,0.75,0.4,2,1,19,0,64,True,10
D2,20,0.75,0.4,2,1,20,0,64,True,12
D2,20,0.75,0.4,2,1,21,0,64,True,9
D2,20,0.75,0.4,2,1,22,0,64,True,16
D2,20,0.75,0.4,2,1,23,0,64,True,9
D2,20,0.75,0.4,2,1,24,0,64,True,14
D2,20,0.75,0.4,2,1,25,0,64,True,7
D2,20,0.75,0.4,2,1,26,0,64,True,10
D2,20,0.75,0.4,2,1,27,0,64,True,6
D2,20,0.75,0.4,2,1,28,0,64,True,11
D2,20,0.75,0.4,2,1,29,0,64,True,12
D2,20,0.75,0.4,2,1,30,0,64,True,3
D2,20,0.75,0.4,2,1,31,0,64,True,12
D2,20,0.75,0.4,2,1,32,0,64,True,6
D2,20,0.75,0.4,2,1,33,0,64,True,11
D2,20,0.75,0.4,2,1,34,0,64,True,8
D2,20,0.75,0.4,2,1,35,0,64,True,9
D2,20,0.75,0.4,2,1,36,0,64,True,9
D2,20,0.75,0.4,2,1,37,0,64,True,9
D2,20,0.75,0.4,2,1,38,0,64,True,6
D2,20,0.75,0.4,2,1,39,0,64,True,3
D2,20,0.75,0.4,2,1,40,0,64,True,8
D2,20,0.75,0.4,2,1,41,0,64,True,7
D2,20,0.75,0.4,2,1,42,0,64,True,10
D2,20,0.75,0.4,2,1,43,0,64,True,7
D2,20,0.75,0.4,2,1,44,0,64,True,5
D2,20,0.75,0.4,2,1,45,0,64,True,8
D2,20,0.75,0.4,2,1,46,0,64,True,9
D2,20,0.75,0.4,2,1,47,0,64,True,8
D2,20,0.75,0.4,2,1,48,0,64,True,9
D2,20,0.75,0.4,2,1,49,0,64,True,9
D2,20,0.75,0.4,2,1,50,0,64,True,8
D2,20,0.75,0.4,2,1,51,0,64,True,3
D2,20,0.75,0.4,2,1,52,0,64,True,10
D2,20,0.75,0.4,2,1,53,0,64,True,10
D2,20,0.75,0.4,2,1,54,0,64,True,4
D2,20,0.75,0.4,2,1,55,0,64,True,8
D2,20,0.75,0.4,2,1,56,0,64,True,7
D2,20,0.75,0.4,2,1,57,0,64,True,3
D2,20,0.75,0.4,2,1,58,0,64,True,4
D2,20,0.75,0.4,2,1,59,0,64,True,6
D2,20,0.75,0.4,2,1,60,0,64,True,6
D2,20,0.75,0.4,2,1,61,0,64,True,11
D2,20,0.75,0.4,2,1,62,0,64,True,6
D2,20,0.75,0.4,2,1,63,0,64,True,11
D2,20,0.75,0.4,2,1,64,0,64,True,21
D3,20,0.75,0.4,2,1,0,0,64,True,1024
D0,20,0.75,0.4,5,0.5,64,64,64,True,1024
D1,20,0.75,0.4,5,0.5,0,0,64,True,756
D1,20,0.75,0.4,5,0.5,1,0,64,True,10
D1,20,0.75,0.4,5,0.5,1,1,64,True,5
D1,20,0.75,0.4,5,0.5,2,0,64,True,2
D1,20,0.75,0.4,5,0.5,2,2,64,True,4
D1,20,0.75,0.4,5,0.5,3,0,64,True,2
D1,20,0.75,0.4,5,0.5,3,1,64,True,1
D1,20,0.75,0.4,5,0.5,3,3,64,True,2
D1,20,0.75,0.4,5,0.5,4,0,64,True,1
D1,20,0.75,0.4,5,0.5,5,0,64,True,3
D1,20,0.75,0.4,5,0.5,6,6,64,True,1
D1,20,0.75,0.4,5,0.5,7,0,64,True,1
D1,20,0.75,0.4,5,0.5,7,7,64,True,1
D1,20,0.75,0.4,5,0.5,8,0,64,True,1
D1,20,0.75,0.4,5,0.5,8,8,64,True,2
D1,20,0.75,0.4,5,0.5,9,0,64,True,1
D1,20,0.75,0.4,5,0.5,13,0,64,True,1
D1,20,0.75,0.4,5,0.5,15,0,64,True,1
D1,20,0.75,0.4,5,0.5,16,0,64,True,1
D1,20,0.75,0.4,5,0.5,17,0,64,True,1
D1,20,0.75,0.4,5,0.5,21,0,64,True,1
D1,20,0.75,0.4,5,0.5,25,0,64,True,1
D1,20,0.75,0.4,5,0.5,27,27,64,True,1
D1,20,0.75,0.4,5,0.5,28,28,64,True,1
D1,20,0.75,0.4,5,0.5,29,0,64,True,1
D1,20,0.75,0.4,5,0.5,29,29,64,True,2
D1,20,0.75,0.4,5,0.5,30,0,64,True,3
D1,20,0.75,0.4,5,0.5,30,30,64,True,1
D1,20,0.75,0.4,5,0.5,31,0,64,True,1
D1,20,0.75,0.4,5,0.5,34,0,64,True,1
D1,20,0.75,0.4,5,0.5,35,35,64,True,1
D1,20,0.75,0.4,5,0.5,36,0,64,True,1
D1,20,0.75,0.4,5,0.5,39,39,64,True,1
D1,20,0.75,0.4,5,0.5,42,0,64,True,1
D1,20,0.75,0.4,5,0.5,42,1,64,True,1
D1,20,0.75,0.4,5,0.5,43,0,64,True,1
D1,20,0.75,0.4,5,0.5,44,0,64,True,1
D1,20,0.75,0.4,5,0.5,44,44,64,True,1
D1,20,0.75,0.4,5,0.5,45,0,64,True,3
D1,20,0.75,0.4,5,0.5,46,0,64,True,1
D1,20,0.75,0.4,5,0.5,48,1,64,True,1
D1,20,0.75,0.4,5,0.5,48,48,64,True,1
D1,20,0.75,0.4,5,0.5,49,0,64,True,1
D1,20,0.75,0.4,5,0.5,50,0,64,True,1
D1,20,0.75,0.4,5,0.5,51,5,64,True,1
D1,20,0.75,0.4,5,0.5,51,51,64,True,1
D1,20,0.75,0.4,5,0.5,52,0,64,True,3
D1,20,0.75,0.4,5,0.5,52,52,64,True,1
D1,20,0.75,0.4,5,0.5,55,0,64,True,2
D1,20,0.75,0.4,5,0.5,56,56,64,True,1
D1,20,0.75,0.4,5,0.5,57,0,64,True,3
D1,20,0.75,0.4,5,0.5,58,0,64,True,2
D1,20,0.75,0.4,5,0.5,59,0,64,True,3
D1,20,0.75,0.4,5,0.5,60,0,64,True,1
D1,20,0.75,0.4,5,0.5,62,23,64,True,1
D1,20,0.75,0.4,5,0.5,62,62,64,True,2
D1,20,0.75,0.4,5,0.5,63,0,64,True,5
D1,20,0.75,0.4,5,0.5,63,63,64,True,2
D1,20,0.75,0.4,5,0.5,64,0,64,True,84
D1,20,0.75,0.4,5,0.5,64,1,64,True,5
D1,20,0.75,0.4,5,0.5,64,2,64,True,1
D1,20,0.75,0.4,5,0.5,64,3,64,True,2
D1,20,0.75,0.4,5,0.5,64,5,64,True,3
D1,20,0.75,0.4,5,0.5,64,6,64,True,2
D1,20,0.75,0.4,5,0.5,64,9,64,True,2
D1,20,0.75,0.4,5,0.5,64,16,64,True,1
D1,20,0.75,0.4,5,0.5,64,17,64,True,1
D1,20,0.75,0.4,5,0.5,64,19,64,True,2
D1,20,0.75,0.4,5,0.5,64,21,64,True,1
D1,20,0.75,0.4,5,0.5,64,45,64,True,1
D1,20,0.75,0.4,5,0.5,64,48,64,True,1
D1,20,0.75,0.4,5,0.5,64,49,64,True,2
D1,20,0.75,0.4,5,0.5,64,50,64,True,1
D1,20,0.75,0.4,5,0.5,64,53,64,True,1
D1,20,0.75,0.4,5,0.5,64,57,64,True,1
D1,20,0.75,0.4,5,0.5,64,62,64,True,1
D1,20,0.75,0.4,5,0.5,64,63,64,True,8
D1,20,0.75,0.4,5,0.5,64,64,64,True,50
D2,20,0.75,0.4,5,0.5,0,0,64,True,210
D2,20,0.75,0.4,5,0.5,1,1,64,True,75
D2,20,0.75,0.4,5,0.5,2,2,64,True,56
D2,20,0.75,0.4,5,0.5,3,3,64,True,28
D2,20,0.75,0.4,5,0.5,4,4,64,True,35
D2,20,0.75,0.4,5,0.5,5,5,64,True,26
D2,20,0.75,0.4,5,0.5,6,6,64,True,27
D2,20,0.75,0.4,5,0.5,7,7,64,True,20
D2,20,0.75,0.4,5,0.5,8,8,64,True,15
D2,20,0.75,0.4,5,0.5,9,9,64,True,12
D2,20,0.75,0.4,5,0.5,10,10,64,True,16
D2,20,0.75,0.4,5,0.5,11,11,64,True,16
D2,20,0.75,0.4,5,0.5,12,12,64,True,15
D2,20,0.75,0.4,5,0.5,13,13,64,True,11
D2,20,0.75,0.4,5,0.5,14,14,64,True,10
D2,20,0.75,0.4,5,0.5,15,15,64,True,24
D2,20,0.75,0.4,5,0.5,16,16,64,True,19
D2,20,0.75,0.4,5,0.5,17,17,64,True,9
D2,20,0.75,0.4,5,0.5,18,18,64,True,10
D2,20,0.75,0.4,5,0.5,19,19,64,True,10
D2,20,0.75,0.4,5,0.5,20,20,64,True,12
D2,20,0.75,0.4,5,0.5,21,21,64,True,9
D2,20,0.75,0.4,5,0.5,22,22,64,True,16
D2,20,0.75,0.4,5,0.5,23,23,64,True,9
D2,20,0.75,0.4,5,0.5,24,24,64,True,14
D2,20,0.75,0.4,5,0.5,25,25,64,True,7
D2,20,0.75,0.4,5,0.5,26,26,64,True,10
D2,20,0.75,0.4,5,0.5,27,27,64,True,6
D2,20,0.75,0.4,5,0.5,28,28,64,True,11
D2,20,0.75,0.4,5,0.5,29,29,64,True,12
D2,20,0.75,0.4,5,0.5,30,30,64,True,3
D2,20,0.75,0.4,5,0.5,31,31,64,True,12
D2,20,0.75,0.4,5,0.5,32,32,64,True,6
D2,20,0.75,0.4,5,0.5,33,33,64,True,11
D2,20,0.75,0.4,5,0.5,34,34,64,True,8
D2,20,0.75,0.4,5,0.5,35,35,64,True,9
D2,20,0.75,0.4,5,0.5,36,36,64,True,9
D2,20,0.75,0.4,5,0.5,37,37,64,True,9
D2,20,0.75,0.4,5,0.5,38,38,64,True,6
D2,20,0.75,0.4,5,0.5,39,39,64,True,3
D2,20,0.75,0.4,5,0.5,40,40,64,True,8
D2,20,0.75,0.4,5,0.5,41,41,64,True,7
D2,20,0.75,0.4,5,0.5,42,42,64,True,10
D2,20,0.75,0.4,5,0.5,43,43,64,True,7
D2,20,0.75,0.4,5,0.5,44,44,64,True,5
D2,20,0.75,0.4,5,0.5,45,45,64,True,8
D2,20,0.75,0.4,5,0.5,46,46,64,True,9
D2,20,0.75,0.4,5,0.5,47,47,64,True,8
D2,20,0.75,0.4,5,0.5,48,48,64,True,9
D2,20,0.75,0.4,5,0.5,49,49,64,True,9
D2,20,0.75,0.4,5,0.5,50,50,64,True,8
D2,20,0.75,0.4,5,0.5,51,51,64,True,3
D2,20,0.75,0.4,5,0.5,52,52,64,True,10
D2,20,0.75,0.4,5,0.5,53,53,64,True,10
D2,20,0.75,0.4,5,0.5,54,54,64,True,4
D2,20,0.75,0.4,5,0.5,55,55,64,True,8
D2,20,0.75,0.4,5,0.5,56,56,64,True,7
D2,20,0.75,0.4,5,0.5,57,57,64,True,3
D2,20,0.75,0.4,5,0.5,58,58,64,True,4
D2,20,0.75,0.4,5,0.5,59,59,64,True,6
D2,20,0.75,0.4,5,0.5,60,60,64,True,6
D2,20,0.75,0.4,5,0.5,61,61,64,True,11
D2,20,0.75,0.4,5,0.5,62,62,64,True,6
D2,20,0.75,0.4,5,0.5,63,63,64,True,11
D2,20,0.75,0.4,5,0.5,64,64,64,True,21
D3,20,0.75,0.4,5,0.5,0,0,64,True,1024
D0,20,0.75,0.4,5,1,64,0,64,True,1022
D0,20,0.75,0.4,5,1,64,18,64,True,1
D0,20,0.75,0.4,5,1,64,19,64,True,1
D1,20,0.75,0.4,5,1,0,0,64,True,756
D1,20,0.75,0.4,5,1,1,0,64,True,15
D1,20,0.75,0.4,5,1,2,0,64,True,6
D1,20,0.75,0.4,5,1,3,0,64,True,5
D1,20,0.75,0.4,5,1,4,0,64,True,1
D1,20,0.75,0.4,5,1,5,0,64,True,3
D1,20,0.75,0.4,5,1,6,0,64,True,1
D1,20,0.75,0.4,5,1,7,0,64,True,2
D1,20,0.75,0.4,5,1,8,0,64,True,3
D1,20,0.75,0.4,5,1,9,0,64,True,1
D1,20,0.75,0.4,5,1,13,0,64,True,1
D1,20,0.75,0.4,5,1,15,0,64,True,1
D1,20,0.75,0.4,5,1,16,0,64,True,1
D1,20,0.75,0.4,5,1,17,0,64,True,1
D1,20,0.75,0.4,5,1,21,0,64,True,1
D1,20,0.75,0.4,5,1,25,0,64,True,1
D1,20,0.75,0.4,5,1,27,0,64,True,1
D1,20,0.75,0.4,5,1,28,0,64,True,1
D1,20,0.75,0.4,5,1,29,0,64,True,3
D1,20,0.75,0.4,5,1,30,0,64,True,4
D1,20,0.75,0.4,5,1,31,0,64,True,1
D1,20,0.75,0.4,5,1,34,0,64,True,1
D1,20,0.75,0.4,5,1,35,0,64,True,1
D1,20,0.75,0.4,5,1,36,0,64,True,1
D1,20,0.75,0.4,5,1,39,0,64,True,1
D1,20,0.75,0.4,5,1,42,0,64,True,2
D1,20,0.75,0.4,5,1,43,0,64,True,1
D1,20,0.75,0.4,5,1,44,0,64,True,2
D1,20,0.75,0.4,5,1,45,0,64,True,3
D1,20,0.75,0.4,5,1,46,0,64,True,1
D1,20,0.75,0.4,5,1,48,0,64,True,2
D1,20,0.75,0.4,5,1,49,0,64,True,1
D1,20,0.75,0.4,5,1,50,0,64,True,1
D1,20,0.75,0.4,5,1,51,0,64,True,2
D1,20,0.75,0.4,5,1,52,0,64,True,4
D1,20,0.75,0.4,5,1,55,0,64,True,2
D1,20,0.75,0.4,5,1,56,0,64,True,1
D1,20,0.75,0.4,5,1,57,0,64,True,3
D1,20,0.75,0.4,5,1,58,0,64,True,2
D1,20,0.75,0.4,5,1,59,0,64,True,3
D1,20,0.75,0.4,5,1,60,0,64,True,1
D1,20,0.75,0.4,5,1,62,0,64,True,3
D1,20,0.75,0.4,5,1,63,0,64,True,7
D1,20,0.75,0.4,5,1,64,0,64,True,170
D2,20,0.75,0.4,5,1,0,0,64,True,210
D2,20,0.75,0.4,5,1,1,0,64,True,75
D2,20,0.75,0.4,5,1,2,0,64,True,56
D2,20,0.75,0.4,5,1,3,0,64,True,28
D2,20,0.75,0.4,5,1,4,0,64,True,35
D2,20,0.75,0.4,5,1,5,0,64,True,26
D2,20,0.75,0.4,5,1,6,0,64,True,27
D2,20,0.75,0.4,5,1,7,0,64,True,20
D2,20,0.75,0.4,5,1,8,0,64,True,15
D2,20,0.75,0.4,5,1,9,0,64,True,12
D2,20,0.75,0.4,5,1,10,0,64,True,16
D2,20,0.75,0.4,5,1,11,0,64,True,16
D2,20,0.75,0.4,5,1,12,0,64,True,15
D2,20,0.75,0.4,5,1,13,0,64,True,11
D2,20,0.75,0.4,5,1,14,0,64,True,10
D2,20,0.75,0.4,5,1,15,0,64,True,24
D2,20,0.75,0.4,5,1,16,0,64,True,19
D2,20,0.75,0.4,5,1,17,0,64,True,9
D2,20,0.75,0.4,5,1,18,0,64,True,10
D2,20,0.75,0.4,5,1,19,0,64,True,10
D2,20,0.75,0.4,5,1,20,0,64,True,12
D2,20,0.75,0.4,5,1,21,0,64,True,9
D2,20,0.75,0.4,5,1,22,0,64,True,16
D2,20,0.75,0.4,5,1,23,0,64,True,9
D2,20,0.75,0.4,5,1,24,0,64,True,14
D2,20,0.75,0.4,5,1,25,0,64,True,7
D2,20,0.75,0.4,5,1,26,0,64,True,10
D2,20,0.75,0.4,5,1,27,0,64,True,6
D2,20,0.75,0.4,5,1,28,0,64,True,11
D2,20,0.75,0.4,5,1,29,0,64,True,12
D2,20,0.75,0.4,5,1,30,0,64,True,3
D2,20,0.75,0.4,5,1,31,0,64,True,12
D2,20,0.75,0.4,5,1,32,0,64,True,6
D2,20,0.75,0.4,5,1,33,0,64,True,11
D2,20,0.75,0.4,5,1,34,0,64,True,8
D2,20,0.75,0.4,5,1,35,0,64,True,9
D2,20,0.75,0.4,5,1,36,0,64,True,9
D2,20,0.75,0.4,5,1,37,0,64,True,9
D2,20,0.75,0.4,5,1,38,0,64,True,6
D2,20,0.75,0.4,5,1,39,0,64,True,3
D2,20,0.75,0.4,5,1,40,0,64,True,8
D2,20,0.75,0.4,5,1,41,0,64,True,7
D2,20,0.75,0.4,5,1,42,0,64,True,10
D2,20,0.75,0.4,5,1,43,0,64,True,7
D2,20,0.75,0.4,5,1,44,0,64,True,5
D2,20,0.75,0.4,5,1,45,0,64,True,8
D2,20,0.75,0.4,5,1,46,0,64,True,9
D2,20,0.75,0.4,5,1,47,0,64,True,8
D2,20,0.75,0.4,5,1,48,0,64,True,9
D2,20,0.75,0.4,5,1,49,0,64,True,9
D2,20,0.75,0.4,5,1,50,0,64,True,8
D2,20,0.75,0.4,5,1,51,0,64,True,3
D2,20,0.75,0.4,5,1,52,0,64,True,10
D2,20,0.75,0.4,5,1,53,0,64,True,10
D2,20,0.75,0.4,5,1,54,0,64,True,4
D2,20,0.75,0.4,5,1,55,0,64,True,8
D2,20,0.75,0.4,5,1,56,0,64,True,7
D2,20,0.75,0.4,5,1,57,0,64,True,3
D2,20,0.75,0.4,5,1,58,0,64,True,4
D2,20,0.75,0.4,5,1,59,0,64,True,6
D2,20,0.75,0.4,5,1,60,0,64,True,6
D2,20,0.75,0.4,5,1,61,0,64,True,11
D2,20,0.75,0.4,5,1,62,0,64,True,6
D2,20,0.75,0.4,5,1,63,0,64,True,11
D2,20,0.75,0.4,5,1,64,0,64,True,21
D3,20,0.75,0.4,5,1,0,0,64,True,1024
D0,1,0.75,0.8,0,0.5,0,0,64,False,520
D0,1,0.75,0.8,0,0.5,0,0,64,True,63
D0,1,0.75,0.8,0,0.5,1,1,64,True,2
D0,1,0.75,0.8,0,0.5,2,2,64,True,2
D0,1,0.75,0.8,0,0.5,5,5,64,True,2
D0,1,0.75,0.8,0,0.5,11,11,64,True,1
D0,1,0.75,0.8,0,0.5,12,12,64,True,1
D0,1,0.75,0.8,0,0.5,13,13,64,True,1
D0,1,0.75,0.8,0,0.5,16,16,64,True,1
D0,1,0.75,0.8,0,0.5,18,18,64,True,1
D0,1,0.75,0.8,0,0.5,19,19,64,True,1
D0,1,0.75,0.8,0,0.5,22,22,64,True,1
D0,1,0.75,0.8,0,0.5,23,23,64,True,1
D0,1,0.75,0.8,0,0.5,24,24,64,True,1
D0,1,0.75,0.8,0,0.5,44,44,64,True,1
D0,1,0.75,0.8,0,0.5,45,45,64,True,1
D0,1,0.75,0.8,0,0.5,55,55,64,True,1
D0,1,0.75,0.8,0,0.5,60,60,64,True,3
D0,1,0.75,0.8,0,0.5,62,62,64,True,2
D0,1,0.75,0.8,0,0.5,63,63,64,True,3
D0,1,0.75,0.8,0,0.5,64,64,64,True,415
D1,1,0.75,0.8,0,0.5,0,0,64,False,520
D1,1,0.75,0.8,0,0.5,0,0,64,True,228
D1,1,0.75,0.8,0,0.5,1,1,64,True,2
D1,1,0.75,0.8,0,0.5,5,5,64,True,1
D1,1,0.75,0.8,0,0.5,6,6,64,True,1
D1,1,0.75,0.8,0,0.5,7,7,64,True,3
D1,1,0.75,0.8,0,0.5,9,9,64,True,1
D1,1,0.75,0.8,0,0.5,15,15,64,True,1
D1,1,0.75,0.8,0,0.5,18,18,64,True,2
D1,1,0.75,0.8,0,0.5,19,19,64,True,1
D1,1,0.75,0.8,0,0.5,42,42,64,True,1
D1,1,0.75,0.8,0,0.5,43,43,64,True,1
D1,1,0.75,0.8,0,0.5,44,44,64,True,1
D1,1,0.75,0.8,0,0.5,45,45,64,True,1
D1,1,0.75,0.8,0,0.5,46,46,64,True,1
D1,1,0.75,0.8,0,0.5,48,48,64,True,1
D1,1,0.75,0.8,0,0.5,50,50,64,True,1
D1,1,0.75,0.8,0,0.5,54,54,64,True,1
D1,1,0.75,0.8,0,0.5,55,55,64,True,2
D1,1,0.75,0.8,0,0.5,63,63,64,True,4
D1,1,0.75,0.8,0,0.5,64,64,64,True,250
D2,1,0.75,0.8,0,0.5,0,0,64,False,520
D2,1,0.75,0.8,0,0.5,0,0,64,True,149
D2,1,0.75,0.8,0,0.5,1,1,64,True,5
D2,1,0.75,0.8,0,0.5,2,2,64,True,1
D2,1,0.75,0.8,0,0.5,3,3,64,True,3
D2,1,0.75,0.8,0,0.5,4,4,64,True,2
D2,1,0.75,0.8,0,0.5,8,8,64,True,1
D2,1,0.75,0.8,0,0.5,9,9,64,True,1
D2,1,0.75,0.8,0,0.5,11,11,64,True,2
D2,1,0.75,0.8,0,0.5,17,17,64,True,1
D2,1,0.75,0.8,0,0.5,22,22,64,True,1
D2,1,0.75,0.8,0,0.5,25,25,64,True,2
D2,1,0.75,0.8,0,0.5,30,30,64,True,1
D2,1,0.75,0.8,0,0.5,33,33,64,True,1
D2,1,0.75,0.8,0,0.5,34,34,64,True,2
D2,1,0.75,0.8,0,0.5,58,58,64,True,1
D2,1,0.75,0.8,0,0.5,62,62,64,True,1
D2,1,0.75,0.8,0,0.5,63,63,64,True,1
D2,1,0.75,0.8,0,0.5,64,64,64,True,329
D3,1,0.75,0.8,0,0.5,0,0,64,False,520
D3,1,0.75,0.8,0,0.5,0,0,64,True,387
D3,1,0.75,0.8,0,0.5,2,2,64,True,3
D3,1,0.75,0.8,0,0.5,3,3,64,True,2
D3,1,0.75,0.8,0,0.5,5,5,64,True,2
D3,1,0.75,0.8,0,0.5,10,10,64,True,1
D3,1,0.75,0.8,0,0.5,11,11,64,True,1
D3,1,0.75,0.8,0,0.5,15,15,64,True,1
D3,1,0.75,0.8,0,0.5,16,16,64,True,1
D3,1,0.75,0.8,0,0.5,18,18,64,True,1
D3,1,0.75,0.8,0,0.5,22,22,64,True,1
D3,1,0.75,0.8,0,0.5,23,23,64,True,1
D3,1,0.75,0.8,0,0.5,24,24,64,True,1
D3,1,0.75,0.8,0,0.5,27,27,64,True,1
D3,1,0.75,0.8,0,0.5,28,28,64,True,1
D3,1,0.75,0.8,0,0.5,29,29,64,True,1
D3,1,0.75,0.8,0,0.5,34,34,64,True,1
D3,1,0.75,0.8,0,0.5,40,40,64,True,2
D3,1,0.75,0.8,0,0.5,41,41,64,True,1
D3,1,0.75,0.8,0,0.5,48,48,64,True,1
D3,1,0.75,0.8,0,0.5,53,53,64,True,1
D3,1,0.75,0.8,0,0.5,54,54,64,True,1
D3,1,0.75,0.8,0,0.5,57,57,64,True,1
D3,1,0.75,0.8,0,0.5,58,58,64,True,1
D3,1,0.75,0.8,0,0.5,60,60,64,True,2
D3,1,0.75,0.8,0,0.5,63,63,64,True,3
D3,1,0.75,0.8,0,0.5,64,64,64,True,85
D0,1,0.75,0.8,0,1,0,0,64,False,520
D0,1,0.75,0.8,0,1,0,0,64,True,63
D0,1,0.75,0.8,0,1,1,0,64,True,2
D0,1,0.75,0.8,0,1,2,0,64,True,2
D0,1,0.75,0.8,0,1,5,0,64,True,2
D0,1,0.75,0.8,0,1,11,0,64,True,1
D0,1,0.75,0.8,0,1,12,0,64,True,1
D0,1,0.75,0.8,0,1,13,0,64,True,1
D0,1,0.75,0.8,0,1,16,0,64,True,1
D0,1,0.75,0.8,0,1,18,0,64,True,1
D0,1,0.75,0.8,0,1,19,0,64,True,1
D0,1,0.75,0.8,0,1,22,0,64,True,1
D0,1,0.75,0.8,0,1,23,0,64,True,1
D0,1,0.75,0.8,0,1,24,0,64,True,1
D0,1,0.75,0.8,0,1,44,0,64,True,1
D0,1,0.75,0.8,0,1,45,0,64,True,1
D0,1,0.75,0.8,0,1,55,0,64,True,1
D0,1,0.75,0.8,0,1,60,0,64,True,3
D0,1,0.75,0.8,0,1,62,0,64,True,2
D0,1,0.75,0.8,0,1,63,0,64,True,3
D0,1,0.75,0.8,0,1,64,0,64,True,415
D1,1,0.75,0.8,0,1,0,0,64,False,520
D1,1,0.75,0.8,0,1,0,0,64,True,228
D1,1,0.75,0.8,0,1,1,0,64,True,2
D1,1,0.75,0.8,0,1,5,0,64,True,1
D1,1,0.75,0.8,0,1,6,0,64,True,1
D1,1,0.75,0.8,0,1,7,0,64,True,3
D1,1,0.75,0.8,0,1,9,0,64,True,1
D1,1,0.75,0.8,0,1,15,0,64,True,1
D1,1,0.75,0.8,0,1,18,0,64,True,2
D1,1,0.75,0.8,0,1,19,0,64,True,1
D1,1,0.75,0.8,0,1,42,0,64,True,1
D1,1,0.75,0.8,0,1,43,0,64,True,1
D1,1,0.75,0.8,0,1,44,0,64,True,1
D1,1,0.75,0.8,0,1,45,0,64,True,1
D1,1,0.75,0.8,0,1,46,0,64,True,1
D1,1,0.75,0.8,0,1,48,0,64,True,1
D1,1,0.75,0.8,0,1,50,0,64,True,1
D1,1,0.75,0.8,0,1,54,0,64,True,1
D1,1,0.75,0.8,0,1,55,0,64,True,2
D1,1,0.75,0.8,0,1,63,0,64,True,4
D1,1,0.75,0.8,0,1,64,0,64,True,250
D2,1,0.75,0.8,0,1,0,0,64,False,520
D2,1,0.75,0.8,0,1,0,0,64,True,149
D2,1,0.75,0.8,0,1,1,0,64,True,5
D2,1,0.75,0.8,0,1,2,0,64,True,1
D2,1,0.75,0.8,0,1,3,0,64,True,3
D2,1,0.75,0.8,0,1,4,0,64,True,2
D2,1,0.75,0.8,0,1,8,0,64,True,1
D2,1,0.75,0.8,0,1,9,0,64,True,1
D2,1,0.75,0.8,0,1,11,0,64,True,2
D2,1,0.75,0.8,0,1,17,0,64,True,1
D2,1,0.75,0.8,0,1,22,0,64,True,1
D2,1,0.75,0.8,0,1,25,0,64,True,2
D2,1,0.75,0.8,0,1,30,0,64,True,1
D2,1,0.75,0.8,0,1,33,0,64,True,1
D2,1,0.75,0.8,0,1,34,0,64,True,2
D2,1,0.75,0.8,0,1,58,0,64,True,1
D2,1,0.75,0.8,0,1,62,0,64,True,1
D2,1,0.75,0.8,0,1,63,0,64,True,1
D2,1,0.75,0.8,0,1,64,0,64,True,329
D3,1,0.75,0.8,0,1,0,0,64,False,520
D3,1,0.75,0.8,0,1,0,0,64,True,387
D3,1,0.75,0.8,0,1,2,0,64,True,3
D3,1,0.75,0.8,0,1,3,0,64,True,2
D3,1,0.75,0.8,0,1,5,0,64,True,2
D3,1,0.75,0.8,0,1,10,0,64,True,1
D3,1,0.75,0.8,0,1,11,0,64,True,1
D3,1,0.75,0.8,0,1,15,0,64,True,1
D3,1,0.75,0.8,0,1,16,0,64,True,1
D3,1,0.75,0.8,0,1,18,0,64,True,1
D3,1,0.75,0.8,0,1,22,0,64,True,1
D3,1,0.75,0.8,0,1,23,0,64,True,1
D3,1,0.75,0.8,0,1,24,0,64,True,1
D3,1,0.75,0.8,0,1,27,0,64,True,1
D3,1,0.75,0.8,0,1,28,0,64,True,1
D3,1,0.75,0.8,0,1,29,0,64,True,1
D3,1,0.75,0.8,0,1,34,0,64,True,1
D3,1,0.75,0.8,0,1,40,0,64,True,2
D3,1,0.75,0.8,0,1,41,0,64,True,1
D3,1,0.75,0.8,0,1,48,0,64,True,1
D3,1,0.75,0.8,0,1,53,0,64,True,1
D3,1,0.75,0.8,0,1,54,0,64,True,1
D3,1,0.75,0.8,0,1,57,0,64,True,1
D3,1,0.75,0.8,0,1,58,0,64,True,1
D3,1,0.75,0.8,0,1,60,0,64,True,2
D3,1,0.75,0.8,0,1,63,0,64,True,3
D3,1,0.75,0.8,0,1,64,0,64,True,85
D0,1,0.75,0.8,2,0.5,0,0,64,False,520
D0,1,0.75,0.8,2,0.5,0,0,64,True,63
D0,1,0.75,0.8,2,0.5,1,1,64,True,2
D0,1,0.75,0.8,2,0.5,2,2,64,True,2
D0,1,0.75,0.8,2,0.5,5,5,64,True,2
D0,1,0.75,0.8,2,0.5,11,11,64,True,1
D0,1,0.75,0.8,2,0.5,12,12,64,True,1
D0,1,0.75,0.8,2,0.5,13,13,64,True,1
D0,1,0.75,0.8,2,0.5,16,16,64,True,1
D0,1,0.75,0.8,2,0.5,18,18,64,True,1
D0,1,0.75,0.8,2,0.5,19,19,64,True,1
D0,1,0.75,0.8,2,0.5,22,22,64,True,1
D0,1,0.75,0.8,2,0.5,23,23,64,True,1
D0,1,0.75,0.8,2,0.5,24,24,64,True,1
D0,1,0.75,0.8,2,0.5,44,44,64,True,1
D0,1,0.75,0.8,2,0.5,45,45,64,True,1
D0,1,0.75,0.8,2,0.5,55,55,64,True,1
D0,1,0.75,0.8,2,0.5,60,60,64,True,3
D0,1,0.75,0.8,2,0.5,62,62,64,True,2
D0,1,0.75,0.8,2,0.5,63,63,64,True,3
D0,1,0.75,0.8,2,0.5,64,64,64,True,415
D1,1,0.75,0.8,2,0.5,0,0,64,False,520
D1,1,0.75,0.8,2,0.5,0,0,64,True,228
D1,1,0.75,0.8,2,0.5,1,1,64,True,2
D1,1,0.75,0.8,2,0.5,5,5,64,True,1
D1,1,0.75,0.8,2,0.5,6,6,64,True,1
D1,1,0.75,0.8,2,0.5,7,7,64,True,3
D1,1,0.75,0.8,2,0.5,9,9,64,True,1
D1,1,0.75,0.8,2,0.5,15,15,64,True,1
D1,1,0.75,0.8,2,0.5,18,18,64,True,2
D1,1,0.75,0.8,2,0.5,19,19,64,True,1
D1,1,0.75,0.8,2,0.5,42,42,64,True,1
D1,1,0.75,0.8,2,0.5,43,43,64,True,1
D1,1,0.75,0.8,2,0.5,44,44,64,True,1
D1,1,0.75,0.8,2,0.5,45,45,64,True,1
D1,1,0.75,0.8,2,0.5,46,46,64,True,1
D1,1,0.75,0.8,2,0.5,48,48,64,True,1
D1,1,0.75,0.8,2,0.5,50,50,64,True,1
D1,1,0.75,0.8,2,0.5,54,54,64,True,1
D1,1,0.75,0.8,2,0.5,55,55,64,True,2
D1,1,0.75,0.8,2,0.5,63,63,64,True,4
D1,1,0.75,0.8,2,0.5,64,64,64,True,250
D2,1,0.75,0.8,2,0.5,0,0,64,False,520
D2,1,0.75,0.8,2,0.5,0,0,64,True,149
D2,1,0.75,0.8,2,0.5,1,1,64,True,5
D2,1,0.75,0.8,2,0.5,2,2,64,True,1
D2,1,0.75,0.8,2,0.5,3,3,64,True,3
D2,1,0.75,0.8,2,0.5,4,4,64,True,2
D2,1,0.75,0.8,2,0.5,8,8,64,True,1
D2,1,0.75,0.8,2,0.5,9,9,64,True,1
D2,1,0.75,0.8,2,0.5,11,11,64,True,2
D2,1,0.75,0.8,2,0.5,17,17,64,True,1
D2,1,0.75,0.8,2,0.5,22,22,64,True,1
D2,1,0.75,0.8,2,0.5,25,25,64,True,2
D2,1,0.75,0.8,2,0.5,30,30,64,True,1
D2,1,0.75,0.8,2,0.5,33,33,64,True,1
D2,1,0.75,0.8,2,0.5,34,34,64,True,2
D2,1,0.75,0.8,2,0.5,58,58,64,True,1
D2,1,0.75,0.8,2,0.5,62,62,64,True,1
D2,1,0.75,0.8,2,0.5,63,63,64,True,1
D2,1,0.75,0.8,2,0.5,64,64,64,True,329
D3,1,0.75,0.8,2,0.5,0,0,64,False,520
D3,1,0.75,0.8,2,0.5,0,0,64,True,387
D3,1,0.75,0.8,2,0.5,2,2,64,True,3
D3,1,0.75,0.8,2,0.5,3,3,64,True,2
D3,1,0.75,0.8,2,0.5,5,5,64,True,2
D3,1,0.75,0.8,2,0.5,10,10,64,True,1
D3,1,0.75,0.8,2,0.5,11,11,64,True,1
D3,1,0.75,0.8,2,0.5,15,15,64,True,1
D3,1,0.75,0.8,2,0.5,16,16,64,True,1
D3,1,0.75,0.8,2,0.5,18,18,64,True,1
D3,1,0.75,0.8,2,0.5,22,22,64,True,1
D3,1,0.75,0.8,2,0.5,23,23,64,True,1
D3,1,0.75,0.8,2,0.5,24,24,64,True,1
D3,1,0.75,0.8,2,0.5,27,27,64,True,1
D3,1,0.75,0.8,2,0.5,28,28,64,True,1
D3,1,0.75,0.8,2,0.5,29,29,64,True,1
D3,1,0.75,0.8,2,0.5,34,34,64,True,1
D3,1,0.75,0.8,2,0.5,40,40,64,True,2
D3,1,0.75,0.8,2,0.5,41,41,64,True,1
D3,1,0.75,0.8,2,0.5,48,48,64,True,1
D3,1,0.75,0.8,2,0.5,53,53,64,True,1
D3,1,0.75,0.8,2,0.5,54,54,64,True,1
D3,1,0.75,0.8,2,0.5,57,57,64,True,1
D3,1,0.75,0.8,2,0.5,58,58,64,True,1
D3,1,0.75,0.8,2,0.5,60,60,64,True,2
D3,1,0.75,0.8,2,0.5,63,63,64,True,3
D3,1,0.75,0.8,2,0.5,64,64,64,True,85
D0,1,0.75,0.8,2,1,0,0,64,False,520
D0,1,0.75,0.8,2,1,0,0,64,True,63
D0,1,0.75,0.8,2,1,1,0,64,True,2
D0,1,0.75,0.8,2,1,2,0,64,True,2
D0,1,0.75,0.8,2,1,5,0,64,True,2
D0,1,0.75,0.8,2,1,11,0,64,True,1
D0,1,0.75,0.8,2,1,12,0,64,True,1
D0,1,0.75,0.8,2,1,13,0,64,True,1
D0,1,0.75,0.8,2,1,16,0,64,True,1
D0,1,0.75,0.8,2,1,18,0,64,True,1
D0,1,0.75,0.8,2,1,19,0,64,True,1
D0,1,0.75,0.8,2,1,22,0,64,True,1
D0,1,0.75,0.8,2,1,23,0,64,True,1
D0,1,0.75,0.8,2,1,24,0,64,True,1
D0,1,0.75,0.8,2,1,44,0,64,True,1
D0,1,0.75,0.8,2,1,45,0,64,True,1
D0,1,0.75,0.8,2,1,55,0,64,True,1
D0,1,0.75,0.8,2,1,60,0,64,True,3
D0,1,0.75,0.8,2,1,62,0,64,True,2
D0,1,0.75,0.8,2,1,63,0,64,True,3
D0,1,0.75,0.8,2,1,64,0,64,True,415
D1,1,0.75,0.8,2,1,0,0,64,False,520
D1,1,0.75,0.8,2,1,0,0,64,True,228
D1,1,0.75,0.8,2,1,1,0,64,True,2
D1,1,0.75,0.8,2,1,5,0,64,True,1
D1,1,0.75,0.8,2,1,6,0,64,True,1
D1,1,0.75,0.8,2,1,7,0,64,True,3
D1,1,0.75,0.8,2,1,9,0,64,True,1
D1,1,0.75,0.8,2,1,15,0,64,True,1
D1,1,0.75,0.8,2,1,18,0,64,True,2
D1,1,0.75,0.8,2,1,19,0,64,True,1
D1,1,0.75,0.8,2,1,42,0,64,True,1
D1,1,0.75,0.8,2,1,43,0,64,True,1
D1,1,0.75,0.8,2,1,44,0,64,True,1
D1,1,0.75,0.8,2,1,45,0,64,True,1
D1,1,0.75,0.8,2,1,46,0,64,True,1
D1,1,0.75,0.8,2,1,48,0,64,True,1
D1,1,0.75,0.8,2,1,50,0,64,True,1
D1,1,0.75,0.8,2,1,54,0,64,True,1
D1,1,0.75,0.8,2,1,55,0,64,True,2
D1,1,0.75,0.8,2,1,63,0,64,True,4
D1,1,0.75,0.8,2,1,64,0,64,True,250
D2,1,0.75,0.8,2,1,0,0,64,False,520
D2,1,0.75,0.8,2,1,0,0,64,True,149
D2,1,0.75,0.8,2,1,1,0,64,True,5
D2,1,0.75,0.8,2,1,2,0,64,True,1
D2,1,0.75,0.8,2,1,3,0,64,True,3
D2,1,0.75,0.8,2,1,4,0,64,True,2
D2,1,0.75,0.8,2,1,8,0,64,True,1
D2,1,0.75,0.8,2,1,9,0,64,True,1
D2,1,0.75,0.8,2,1,11,0,64,True,2
D2,1,0.75,0.8,2,1,17,0,64,True,1
D2,1,0.75,0.8,2,1,22,0,64,True,1
D2,1,0.75,0.8,2,1,25,0,64,True,2
D2,1,0.75,0.8,2,1,30,0,64,True,1
D2,1,0.75,0.8,2,1,33,0,64,True,1
D2,1,0.75,0.8,2,1,34,0,64,True,2
D2,1,0.75,0.8,2,1,58,0,64,True,1
D2,1,0.75,0.8,2,1,62,0,64,True,1
D2,1,0.75,0.8,2,1,63,0,64,True,1
D2,1,0.75,0.8,2,1,64,0,64,True,329
D3,1,0.75,0.8,2,1,0,0,64,False,520
D3,1,0.75,0.8,2,1,0,0,64,True,387
D3,1,0.75,0.8,2,1,2,0,64,True,3
D3,1,0.75,0.8,2,1,3,0,64,True,2
D3,1,0.75,0.8,2,1,5,0,64,True,2
D3,1,0.75,0.8,2,1,10,0,64,True,1
D3,1,0.75,0.8,2,1,11,0,64,True,1
D3,1,0.75,0.8,2,1,15,0,64,True,1
D3,1,0.75,0.8,2,1,16,0,64,True,1
D3,1,0.75,0.8,2,1,18,0,64,True,1
D3,1,0.75,0.8,2,1,22,0,64,True,1
D3,1,0.75,0.8,2,1,23,0,64,True,1
D3,1,0.75,0.8,2,1,24,0,64,True,1
D3,1,0.75,0.8,2,1,27,0,64,True,1
D3,1,0.75,0.8,2,1,28,0,64,True,1
D3,1,0.75,0.8,2,1,29,0,64,True,1
D3,1,0.75,0.8,2,1,34,0,64,True,1
D3,1,0.75,0.8,2,1,40,0,64,True,2
D3,1,0.75,0.8,2,1,41,0,64,True,1
D3,1,0.75,0.8,2,1,48,0,64,True,1
D3,1,0.75,0.8,2,1,53,0,64,True,1
D3,1,0.75,0.8,2,1,54,0,64,True,1
D3,1,0.75,0.8,2,1,57,0,64,True,1
D3,1,0.75,0.8,2,1,58,0,64,True,1
D3,1,0.75,0.8,2,1,60,0,64,True,2
D3,1,0.75,0.8,2,1,63,0,64,True,3
D3,1,0.75,0.8,2,1,64,0,64,True,85
D0,1,0.75,0.8,5,0.5,0,0,64,False,520
D0,1,0.75,0.8,5,0.5,0,0,64,True,63
D0,1,0.75,0.8,5,0.5,1,1,64,True,2
D0,1,0.75,0.8,5,0.5,2,2,64,True,2
D0,1,0.75,0.8,5,0.5,5,5,64,True,2
D0,1,0.75,0.8,5,0.5,11,11,64,True,1
D0,1,0.75,0.8,5,0.5,12,12,64,True,1
D0,1,0.75,0.8,5,0.5,13,13,64,True,1
D0,1,0.75,0.8,5,0.5,16,16,64,True,1
D0,1,0.75,0.8,5,0.5,18,18,64,True,1
D0,1,0.75,0.8,5,0.5,19,19,64,True,1
D0,1,0.75,0.8,5,0.5,22,22,64,True,1
D0,1,0.75,0.8,5,0.5,23,23,64,True,1
D0,1,0.75,0.8,5,0.5,24,24,64,True,1
D0,1,0.75,0.8,5,0.5,44,44,64,True,1
D0,1,0.75,0.8,5,0.5,45,45,64,True,1
D0,1,0.75,0.8,5,0.5,55,55,64,True,1
D0,1,0.75,0.8,5,0.5,60,60,64,True,3
D0,1,0.75,0.8,5,0.5,62,62,64,True,2
D0,1,0.75,0.8,5,0.5,63,63,64,True,3
D0,1,0.75,0.8,5,0.5,64,64,64,True,415
D1,1,0.75,0.8,5,0.5,0,0,64,False,520
D1,1,0.75,0.8,5,0.5,0,0,64,True,228
D1,1,0.75,0.8,5,0.5,1,1,64,True,2
D1,1,0.75,0.8,5,0.5,5,5,64,True,1
D1,1,0.75,0.8,5,0.5,6,6,64,True,1
D1,1,0.75,0.8,5,0.5,7,7,64,True,3
D1,1,0.75,0.8,5,0.5,9,9,64,True,1
D1,1,0.75,0.8,5,0.5,15,15,64,True,1
D1,1,0.75,0.8,5,0.5,18,18,64,True,2
D1,1,0.75,0.8,5,0.5,19,19,64,True,1
D1,1,0.75,0.8,5,0.5,42,42,64,True,1
D1,1,0.75,0.8,5,0.5,43,43,64,True,1
D1,1,0.75,0.8,5,0.5,44,44,64,True,1
D1,1,0.75,0.8,5,0.5,45,45,64,True,1
D1,1,0.75,0.8,5,0.5,46,46,64,True,1
D1,1,0.75,0.8,5,0.5,48,48,64,True,1
D1,1,0.75,0.8,5,0.5,50,50,64,True,1
D1,1,0.75,0.8,5,0.5,54,54,64,True,1
D1,1,0.75,0.8,5,0.5,55,55,64,True,2
D1,1,0.75,0.8,5,0.5,63,63,64,True,4
D1,1,0.75,0.8,5,0.5,64,64,64,True,250
D2,1,0.75,0.8,5,0.5,0,0,64,False,520
D2,1,0.75,0.8,5,0.5,0,0,64,True,149
D2,1,0.75,0.8,5,0.5,1,1,64,True,5
D2,1,0.75,0.8,5,0.5,2,2,64,True,1
D2,1,0.75,0.8,5,0.5,3,3,64,True,3
D2,1,0.75,0.8,5,0.5,4,4,64,True,2
D2,1,0.75,0.8,5,0.5,8,8,64,True,1
D2,1,0.75,0.8,5,0.5,9,9,64,True,1
D2,1,0.75,0.8,5,0.5,11,11,64,True,2
D2,1,0.75,0.8,5,0.5,17,17,64,True,1
D2,1,0.75,0.8,5,0.5,22,22,64,True,1
D2,1,0.75,0.8,5,0.5,25,25,64,True,2
D2,1,0.75,0.8,5,0.5,30,30,64,True,1
D2,1,0.75,0.8,5,0.5,33,33,64,True,1
D2,1,0.75,0.8,5,0.5,34,34,64,True,2
D2,1,0.75,0.8,5,0.5,58,58,64,True,1
D2,1,0.75,0.8,5,0.5,62,62,64,True,1
D2,1,0.75,0.8,5,0.5,63,63,64,True,1
D2,1,0.75,0.8,5,0.5,64,64,64,True,329
D3,1,0.75,0.8,5,0.5,0,0,64,False,520
D3,1,0.75,0.8,5,0.5,0,0,64,True,387
D3,1,0.75,0.8,5,0.5,2,2,64,True,3
D3,1,0.75,0.8,5,0.5,3,3,64,True,2
D3,1,0.75,0.8,5,0.5,5,5,64,True,2
D3,1,0.75,0.8,5,0.5,10,10,64,True,1
D3,1,0.75,0.8,5,0.5,11,11,64,True,1
D3,1,0.75,0.8,5,0.5,15,15,64,True,1
D3,1,0.75,0.8,5,0.5,16,16,64,True,1
D3,1,0.75,0.8,5,0.5,18,18,64,True,1
D3,1,0.75,0.8,5,0.5,22,22,64,True,1
D3,1,0.75,0.8,5,0.5,23,23,64,True,1
D3,1,0.75,0.8,5,0.5,24,24,64,True,1
D3,1,0.75,0.8,5,0.5,27,27,64,True,1
D3,1,0.75,0.8,5,0.5,28,28,64,True,1
D3,1,0.75,0.8,5,0.5,29,29,64,True,1
D3,1,0.75,0.8,5,0.5,34,34,64,True,1
D3,1,0.75,0.8,5,0.5,40,40,64,True,2
D3,1,0.75,0.8,5,0.5,41,41,64,True,1
D3,1,0.75,0.8,5,0.5,48,48,64,True,1
D3,1,0.75,0.8,5,0.5,53,53,64,True,1
D3,1,0.75,0.8,5,0.5,54,54,64,True,1
D3,1,0.75,0.8,5,0.5,57,57,64,True,1
D3,1,0.75,0.8,5,0.5,58,58,64,True,1
D3,1,0.75,0.8,5,0.5,60,60,64,True,2
D3,1,0.75,0.8,5,0.5,63,63,64,True,3
D3,1,0.75,0.8,5,0.5,64,64,64,True,85
D0,1,0.75,0.8,5,1,0,0,64,False,520
D0,1,0.75,0.8,5,1,0,0,64,True,63
D0,1,0.75,0.8,5,1,1,0,64,True,2
D0,1,0.75,0.8,5,1,2,0,64,True,2
D0,1,0.75,0.8,5,1,5,0,64,True,2
D0,1,0.75,0.8,5,1,11,0,64,True,1
D0,1,0.75,0.8,5,1,12,0,64,True,1
D0,1,0.75,0.8,5,1,13,0,64,True,1
D0,1,0.75,0.8,5,1,16,0,64,True,1
D0,1,0.75,0.8,5,1,18,0,64,True,1
D0,1,0.75,0.8,5,1,19,0,64,True,1
D0,1,0.75,0.8,5,1,22,0,64,True,1
D0,1,0.75,0.8,5,1,23,0,64,True,1
D0,1,0.75,0.8,5,1,24,0,64,True,1
D0,1,0.75,0.8,5,1,44,0,64,True,1
D0,1,0.75,0.8,5,1,45,0,64,True,1
D0,1,0.75,0.8,5,1,55,0,64,True,1
D0,1,0.75,0.8,5,1,60,0,64,True,3
D0,1,0.75,0.8,5,1,62,0,64,True,2
D0,1,0.75,0.8,5,1,63,0,64,True,3
D0,1,0.75,0.8,5,1,64,0,64,True,415
D1,1,0.75,0.8,5,1,0,0,64,False,520
D1,1,0.75,0.8,5,1,0,0,64,True,228
D1,1,0.75,0.8,5,1,1,0,64,True,2
D1,1,0.75,0.8,5,1,5,0,64,True,1
D1,1,0.75,0.8,5,1,6,0,64,True,1
D1,1,0.75,0.8,5,1,7,0,64,True,3
D1,1,0.75,0.8,5,1,9,0,64,True,1
D1,1,0.75,0.8,5,1,15,0,64,True,1
D1,1,0.75,0.8,5,1,18,0,64,True,2
D1,1,0.75,0.8,5,1,19,0,64,True,1
D1,1,0.75,0.8,5,1,42,0,64,True,1
D1,1,0.75,0.8,5,1,43,0,64,True,1
D1,1,0.75,0.8,5,1,44,0,64,True,1
D1,1,0.75,0.8,5,1,45,0,64,True,1
D1,1,0.75,0.8,5,1,46,0,64,True,1
D1,1,0.75,0.8,5,1,48,0,64,True,1
D1,1,0.75,0.8,5,1,50,0,64,True,1
D1,1,0.75,0.8,5,1,54,0,64,True,1
D1,1,0.75,0.8,5,1,55,0,64,True,2
D1,1,0.75,0.8,5,1,63,0,64,True,4
D1,1,0.75,0.8,5,1,64,0,64,True,250
D2,1,0.75,0.8,5,1,0,0,64,False,520
D2,1,0.75,0.8,5,1,0,0,64,True,149
D2,1,0.75,0.8,5,1,1,0,64,True,5
D2,1,0.75,0.8,5,1,2,0,64,True,1
D2,1,0.75,0.8,5,1,3,0,64,True,3
D2,1,0.75,0.8,5,1,4,0,64,True,2
D2,1,0.75,0.8,5,1,8,0,64,True,1
D2,1,0.75,0.8,5,1,9,0,64,True,1
D2,1,0.75,0.8,5,1,11,0,64,True,2
D2,1,0.75,0.8,5,1,17,0,64,True,1
D2,1,0.75,0.8,5,1,22,0,64,True,1
D2,1,0.75,0.8,5,1,25,0,64,True,2
D2,1,0.75,0.8,5,1,30,0,64,True,1
D2,1,0.75,0.8,5,1,33,0,64,True,1
D2,1,0.75,0.8,5,1,34,0,64,True,2
D2,1,0.75,0.8,5,1,58,0,64,True,1
D2,1,0.75,0.8,5,1,62,0,64,True,1
D2,1,0.75,0.8,5,1,63,0,64,True,1
D2,1,0.75,0.8,5,1,64,0,64,True,329
D3,1,0.75,0.8,5,1,0,0,64,False,520
D3,1,0.75,0.8,5,1,0,0,64,True,387
D3,1,0.75,0.8,5,1,2,0,64,True,3
D3,1,0.75,0.8,5,1,3,0,64,True,2
D3,1,0.75,0.8,5,1,5,0,64,True,2
D3,1,0.75,0.8,5,1,10,0,64,True,1
D3,1,0.75,0.8,5,1,11,0,64,True,1
D3,1,0.75,0.8,5,1,15,0,64,True,1
D3,1,0.75,0.8,5,1,16,0,64,True,1
D3,1,0.75,0.8,5,1,18,0,64,True,1
D3,1,0.75,0.8,5,1,22,0,64,True,1
D3,1,0.75,0.8,5,1,23,0,64,True,1
D3,1,0.75,0.8,5,1,24,0,64,True,1
D3,1,0.75,0.8,5,1,27,0,64,True,1
D3,1,0.75,0.8,5,1,28,0,64,True,1
D3,1,0.75,0.8,5,1,29,0,64,True,1
D3,1,0.75,0.8,5,1,34,0,64,True,1
D3,1,0.75,0.8,5,1,40,0,64,True,2
D3,1,0.75,0.8,5,1,41,0,64,True,1
D3,1,0.75,0.8,5,1,48,0,64,True,1
D3,1,0.75,0.8,5,1,53,0,64,True,1
D3,1,0.75,0.8,5,1,54,0,64,True,1
D3,1,0.75,0.8,5,1,57,0,64,True,1
D3,1,0.75,0.8,5,1,58,0,64,True,1
D3,1,0.75,0.8,5,1,60,0,64,True,2
D3,1,0.75,0.8,5,1,63,0,64,True,3
D3,1,0.75,0.8,5,1,64,0,64,True,85
D0,5,0.75,0.8,0,0.5,0,0,64,False,520
D0,5,0.75,0.8,0,0.5,0,0,64,True,378
D0,5,0.75,0.8,0,0.5,1,1,64,True,6
D0,5,0.75,0.8,0,0.5,2,2,64,True,1
D0,5,0.75,0.8,0,0.5,3,3,64,True,1
D0,5,0.75,0.8,0,0.5,4,4,64,True,1
D0,5,0.75,0.8,0,0.5,8,8,64,True,2
D0,5,0.75,0.8,0,0.5,9,9,64,True,2
D0,5,0.75,0.8,0,0.5,10,10,64,True,2
D0,5,0.75,0.8,0,0.5,11,11,64,True,2
D0,5,0.75,0.8,0,0.5,12,12,64,True,1
D0,5,0.75,0.8,0,0.5,13,13,64,True,2
D0,5,0.75,0.8,0,0.5,14,14,64,True,2
D0,5,0.75,0.8,0,0.5,15,15,64,True,1
D0,5,0.75,0.8,0,0.5,16,16,64,True,1
D0,5,0.75,0.8,0,0.5,20,20,64,True,1
D0,5,0.75,0.8,0,0.5,22,22,64,True,1
D0,5,0.75,0.8,0,0.5,24,24,64,True,1
D0,5,0.75,0.8,0,0.5,28,28,64,True,1
D0,5,0.75,0.8,0,0.5,29,29,64,True,2
D0,5,0.75,0.8,0,0.5,40,40,64,True,1
D0,5,0.75,0.8,0,0.5,42,42,64,True,1
D0,5,0.75,0.8,0,0.5,46,46,64,True,2
D0,5,0.75,0.8,0,0.5,47,47,64,True,1
D0,5,0.75,0.8,0,0.5,48,48,64,True,1
D0,5,0.75,0.8,0,0.5,50,50,64,True,2
D0,5,0.75,0.8,0,0.5,53,53,64,True,1
D0,5,0.75,0.8,0,0.5,54,54,64,True,1
D0,5,0.75,0.8,0,0.5,56,56,64,True,3
D0,5,0.75,0.8,0,0.5,58,58,64,True,1
D0,5,0.75,0.8,0,0.5,59,59,64,True,1
D0,5,0.75,0.8,0,0.5,60,60,64,True,1
D0,5,0.75,0.8,0,0.5,61,61,64,True,4
D0,5,0.75,0.8,0,0.5,62,62,64,True,4
D0,5,0.75,0.8,0,0.5,63,63,64,True,1
D0,5,0.75,0.8,0,0.5,64,64,64,True,71
D1,5,0.75,0.8,0,0.5,0,0,64,False,520
D1,5,0.75,0.8,0,0.5,0,0,64,True,504
D2,5,0.75,0.8,0,0.5,0,0,64,False,520
D2,5,0.75,0.8,0,0.5,0,0,64,True,504
D3,5,0.75,0.8,0,0.5,0,0,64,False,520
D3,5,0.75,0.8,0,0.5,0,0,64,True,504
D0,5,0.75,0.8,0,1,0,0,64,False,520
D0,5,0.75,0.8,0,1,0,0,64,True,378
D0,5,0.75,0.8,0,1,1,0,64,True,6
D0,5,0.75,0.8,0,1,2,0,64,True,1
D0,5,0.75,0.8,0,1,3,0,64,True,1
D0,5,0.75,0.8,0,1,4,0,64,True,1
D0,5,0.75,0.8,0,1,8,0,64,True,2
D0,5,0.75,0.8,0,1,9,0,64,True,2
D0,5,0.75,0.8,0,1,10,0,64,True,2
D0,5,0.75,0.8,0,1,11,0,64,True,2
D0,5,0.75,0.8,0,1,12,0,64,True,1
D0,5,0.75,0.8,0,1,13,0,64,True,2
D0,5,0.75,0.8,0,1,14,0,64,True,2
D0,5,0.75,0.8,0,1,15,0,64,True,1
D0,5,0.75,0.8,0,1,16,0,64,True,1
D0,5,0.75,0.8,0,1,20,0,64,True,1
D0,5,0.75,0.8,0,1,22,0,64,True,1
D0,5,0.75,0.8,0,1,24,0,64,True,1
D0,5,0.75,0.8,0,1,28,0,64,True,1
D0,5,0.75,0.8,0,1,29,0,64,True,2
D0,5,0.75,0.8,0,1,40,0,64,True,1
D0,5,0.75,0.8,0,1,42,0,64,True,1
D0,5,0.75,0.8,0,1,46,0,64,True,2
D0,5,0.75,0.8,0,1,47,0,64,True,1
D0,5,0.75,0.8,0,1,48,0,64,True,1
D0,5,0.75,0.8,0,1,50,0,64,True,2
D0,5,0.75,0.8,0,1,53,0,64,True,1
D0,5,0.75,0.8,0,1,54,0,64,True,1
D0,5,0.75,0.8,0,1,56,0,64,True,3
D0,5,0.75,0.8,0,1,58,0,64,True,1
D0,5,0.75,0.8,0,1,59,0,64,True,1
D0,5,0.75,0.8,0,1,60,0,64,True,1
D0,5,0.75,0.8,0,1,61,0,64,True,4
D0,5,0.75,0.8,0,1,62,0,64,True,4
D0,5,0.75,0.8,0,1,63,0,64,True,1
D0,5,0.75,0.8,0,1,64,0,64,True,71
D1,5,0.75,0.8,0,1,0,0,64,False,520
D1,5,0.75,0.8,0,1,0,0,64,True,504
D2,5,0.75,0.8,0,1,0,0,64,False,520
D2,5,0.75,0.8,0,1,0,0,64,True,504
D3,5,0.75,0.8,0,1,0,0,64,False,520
D3,5,0.75,0.8,0,1,0,0,64,True,504
D0,5,0.75,0.8,2,0.5,0,0,64,False,520
D0,5,0.75,0.8,2,0.5,0,0,64,True,378
D0,5,0.75,0.8,2,0.5,1,1,64,True,6
D0,5,0.75,0.8,2,0.5,2,2,64,True,1
D0,5,0.75,0.8,2,0.5,3,3,64,True,1
D0,5,0.75,0.8,2,0.5,4,4,64,True,1
D0,5,0.75,0.8,2,0.5,8,8,64,True,2
D0,5,0.75,0.8,2,0.5,9,9,64,True,2
D0,5,0.75,0.8,2,0.5,10,10,64,True,2
D0,5,0.75,0.8,2,0.5,11,11,64,True,2
D0,5,0.75,0.8,2,0.5,12,12,64,True,1
D0,5,0.75,0.8,2,0.5,13,13,64,True,2
D0,5,0.75,0.8,2,0.5,14,14,64,True,2
D0,5,0.75,0.8,2,0.5,15,15,64,True,1
D0,5,0.75,0.8,2,0.5,16,16,64,True,1
D0,5,0.75,0.8,2,0.5,20,20,64,True,1
D0,5,0.75,0.8,2,0.5,22,22,64,True,1
D0,5,0.75,0.8,2,0.5,24,24,64,True,1
D0,5,0.75,0.8,2,0.5,28,28,64,True,1
D0,5,0.75,0.8,2,0.5,29,29,64,True,2
D0,5,0.75,0.8,2,0.5,40,40,64,True,1
D0,5,0.75,0.8,2,0.5,42,42,64,True,1
D0,5,0.75,0.8,2,0.5,46,46,64,True,2
D0,5,0.75,0.8,2,0.5,47,47,64,True,1
D0,5,0.75,0.8,2,0.5,48,48,64,True,1
D0,5,0.75,0.8,2,0.5,50,50,64,True,2
D0,5,0.75,0.8,2,0.5,53,53,64,True,1
D0,5,0.75,0.8,2,0.5,54,54,64,True,1
D0,5,0.75,0.8,2,0.5,56,56,64,True,3
D0,5,0.75,0.8,2,0.5,58,58,64,True,1
D0,5,0.75,0.8,2,0.5,59,59,64,True,1
D0,5,0.75,0.8,2,0.5,60,60,64,True,1
D0,5,0.75,0.8,2,0.5,61,61,64,True,4
D0,5,0.75,0.8,2,0.5,62,62,64,True,4
D0,5,0.75,0.8,2,0.5,63,63,64,True,1
D0,5,0.75,0.8,2,0.5,64,64,64,True,71
D1,5,0.75,0.8,2,0.5,0,0,64,False,520
D1,5,0.75,0.8,2,0.5,0,0,64,True,504
D2,5,0.75,0.8,2,0.5,0,0,64,False,520
D2,5,0.75,0.8,2,0.5,0,0,64,True,504
D3,5,0.75,0.8,2,0.5,0,0,64,False,520
D3,5,0.75,0.8,2,0.5,0,0,64,True,504
D0,5,0.75,0.8,2,1,0,0,64,False,520
D0,5,0.75,0.8,2,1,0,0,64,True,378
D0,5,0.75,0.8,2,1,1,0,64,True,6
D0,5,0.75,0.8,2,1,2,0,64,True,1
D0,5,0.75,0.8,2,1,3,0,64,True,1
D0,5,0.75,0.8,2,1,4,0,64,True,1
D0,5,0.75,0.8,2,1,8,0,64,True,2
D0,5,0.75,0.8,2,1,9,0,64,True,2
D0,5,0.75,0.8,2,1,10,0,64,True,2
D0,5,0.75,0.8,2,1,11,0,64,True,2
D0,5,0.75,0.8,2,1,12,0,64,True,1
D0,5,0.75,0.8,2,1,13,0,64,True,2
D0,5,0.75,0.8,2,1,14,0,64,True,2
D0,5,0.75,0.8,2,1,15,0,64,True,1
D0,5,0.75,0.8,2,1,16,0,64,True,1
D0,5,0.75,0.8,2,1,20,0,64,True,1
D0,5,0.75,0.8,2,1,22,0,64,True,1
D0,5,0.75,0.8,2,1,24,0,64,True,1
D0,5,0.75,0.8,2,1,28,0,64,True,1
D0,5,0.75,0.8,2,1,29,0,64,True,2
D0,5,0.75,0.8,2,1,40,0,64,True,1
D0,5,0.75,0.8,2,1,42,0,64,True,1
D0,5,0.75,0.8,2,1,46,0,64,True,2
D0,5,0.75,0.8,2,1,47,0,64,True,1
D0,5,0.75,0.8,2,1,48,0,64,True,1
D0,5,0.75,0.8,2,1,50,0,64,True,2
D0,5,0.75,0.8,2,1,53,0,64,True,1
D0,5,0.75,0.8,2,1,54,0,64,True,1
D0,5,0.75,0.8,2,1,56,0,64,True,3
D0,5,0.75,0.8,2,1,58,0,64,True,1
D0,5,0.75,0.8,2,1,59,0,64,True,1
D0,5,0.75,0.8,2,1,60,0,64,True,1
D0,5,0.75,0.8,2,1,61,0,64,True,4
D0,5,0.75,0.8,2,1,62,0,64,True,4
D0,5,0.75,0.8,2,1,63,0,64,True,1
D0,5,0.75,0.8,2,1,64,0,64,True,71
D1,5,0.75,0.8,2,1,0,0,64,False,520
D1,5,0.75,0.8,2,1,0,0,64,True,504
D2,5,0.75,0.8,2,1,0,0,64,False,520
D2,5,0.75,0.8,2,1,0,0,64,True,504
D3,5,0.75,0.8,2,1,0,0,64,False,520
D3,5,0.75,0.8,2,1,0,0,64,True,504
D0,5,0.75,0.8,5,0.5,0,0,64,False,520
D0,5,0.75,0.8,5,0.5,0,0,64,True,378
D0,5,0.75,0.8,5,0.5,1,1,64,True,6
D0,5,0.75,0.8,5,0.5,2,2,64,True,1
D0,5,0.75,0.8,5,0.5,3,3,64,True,1
D0,5,0.75,0.8,5,0.5,4,4,64,True,1
D0,5,0.75,0.8,5,0.5,8,8,64,True,2
D0,5,0.75,0.8,5,0.5,9,9,64,True,2
D0,5,0.75,0.8,5,0.5,10,10,64,True,2
D0,5,0.75,0.8,5,0.5,11,11,64,True,2
D0,5,0.75,0.8,5,0.5,12,12,64,True,1
D0,5,0.75,0.8,5,0.5,13,13,64,True,2
D0,5,0.75,0.8,5,0.5,14,14,64,True,2
D0,5,0.75,0.8,5,0.5,15,15,64,True,1
D0,5,0.75,0.8,5,0.5,16,16,64,True,1
D0,5,0.75,0.8,5,0.5,20,20,64,True,1
D0,5,0.75,0.8,5,0.5,22,22,64,True,1
D0,5,0.75,0.8,5,0.5,24,24,64,True,1
D0,5,0.75,0.8,5,0.5,28,28,64,True,1
D0,5,0.75,0.8,5,0.5,29,29,64,True,2
D0,5,0.75,0.8,5,0.5,40,40,64,True,1
D0,5,0.75,0.8,5,0.5,42,42,64,True,1
D0,5,0.75,0.8,5,0.5,46,46,64,True,2
D0,5,0.75,0.8,5,0.5,47,47,64,True,1
D0,5,0.75,0.8,5,0.5,48,48,64,True,1
D0,5,0.75,0.8,5,0.5,50,50,64,True,2
D0,5,0.75,0.8,5,0.5,53,53,64,True,1
D0,5,0.75,0.8,5,0.5,54,54,64,True,1
D0,5,0.75,0.8,5,0.5,56,56,64,True,3
D0,5,0.75,0.8,5,0.5,58,58,64,True,1
D0,5,0.75,0.8,5,0.5,59,59,64,True,1
D0,5,0.75,0.8,5,0.5,60,60,64,True,1
D0,5,0.75,0.8,5,0.5,61,61,64,True,4
D0,5,0.75,0.8,5,0.5,62,62,64,True,4
D0,5,0.75,0.8,5,0.5,63,63,64,True,1
D0,5,0.75,0.8,5,0.5,64,64,64,True,71
D1,5,0.75,0.8,5,0.5,0,0,64,False,520
D1,5,0.75,0.8,5,0.5,0,0,64,True,504
D2,5,0.75,0.8,5,0.5,0,0,64,False,520
D2,5,0.75,0.8,5,0.5,0,0,64,True,504
D3,5,0.75,0.8,5,0.5,0,0,64,False,520
D3,5,0.75,0.8,5,0.5,0,0,64,True,504
D0,5,0.75,0.8,5,1,0,0,64,False,520
D0,5,0.75,0.8,5,1,0,0,64,True,378
D0,5,0.75,0.8,5,1,1,0,64,True,6
D0,5,0.75,0.8,5,1,2,0,64,True,1
D0,5,0.75,0.8,5,1,3,0,64,True,1
D0,5,0.75,0.8,5,1,4,0,64,True,1
D0,5,0.75,0.8,5,1,8,0,64,True,2
D0,5,0.75,0.8,5,1,9,0,64,True,2
D0,5,0.75,0.8,5,1,10,0,64,True,2
D0,5,0.75,0.8,5,1,11,0,64,True,2
D0,5,0.75,0.8,5,1,12,0,64,True,1
D0,5,0.75,0.8,5,1,13,0,64,True,2
D0,5,0.75,0.8,5,1,14,0,64,True,2
D0,5,0.75,0.8,5,1,15,0,64,True,1
D0,5,0.75,0.8,5,1,16,0,64,True,1
D0,5,0.75,0.8,5,1,20,0,64,True,1
D0,5,0.75,0.8,5,1,22,0,64,True,1
D0,5,0.75,0.8,5,1,24,0,64,True,1
D0,5,0.75,0.8,5,1,28,0,64,True,1
D0,5,0.75,0.8,5,1,29,0,64,True,2
D0,5,0.75,0.8,5,1,40,0,64,True,1
D0,5,0.75,0.8,5,1,42,0,64,True,1
D0,5,0.75,0.8,5,1,46,0,64,True,2
D0,5,0.75,0.8,5,1,47,0,64,True,1
D0,5,0.75,0.8,5,1,48,0,64,True,1
D0,5,0.75,0.8,5,1,50,0,64,True,2
D0,5,0.75,0.8,5,1,53,0,64,True,1
D0,5,0.75,0.8,5,1,54,0,64,True,1
D0,5,0.75,0.8,5,1,56,0,64,True,3
D0,5,0.75,0.8,5,1,58,0,64,True,1
D0,5,0.75,0.8,5,1,59,0,64,True,1
D0,5,0.75,0.8,5,1,60,0,64,True,1
D0,5,0.75,0.8,5,1,61,0,64,True,4
D0,5,0.75,0.8,5,1,62,0,64,True,4
D0,5,0.75,0.8,5,1,63,0,64,True,1
D0,5,0.75,0.8,5,1,64,0,64,True,71
D1,5,0.75,0.8,5,1,0,0,64,False,520
D1,5,0.75,0.8,5,1,0,0,64,True,504
D2,5,0.75,0.8,5,1,0,0,64,False,520
D2,5,0.75,0.8,5,1,0,0,64,True,504
D3,5,0.75,0.8,5,1,0,0,64,False,520
D3,5,0.75,0.8,5,1,0,0,64,True,504
D0,10,0.75,0.8,0,0.5,0,0,64,False,520
D0,10,0.75,0.8,0,0.5,0,0,64,True,504
D1,10,0.75,0.8,0,0.5,0,0,64,False,520
D1,10,0.75,0.8,0,0.5,0,0,64,True,504
D2,10,0.75,0.8,0,0.5,0,0,64,False,520
D2,10,0.75,0.8,0,0.5,0,0,64,True,504
D3,10,0.75,0.8,0,0.5,0,0,64,False,520
D3,10,0.75,0.8,0,0.5,0,0,64,True,504
D0,10,0.75,0.8,0,1,0,0,64,False,520
D0,10,0.75,0.8,0,1,0,0,64,True,504
D1,10,0.75,0.8,0,1,0,0,64,False,520
D1,10,0.75,0.8,0,1,0,0,64,True,504
D2,10,0.75,0.8,0,1,0,0,64,False,520
D2,10,0.75,0.8,0,1,0,0,64,True,504
D3,10,0.75,0.8,0,1,0,0,64,False,520
D3,10,0.75,0.8,0,1,0,0,64,True,504
D0,10,0.75,0.8,2,0.5,0,0,64,False,520
D0,10,0.75,0.8,2,0.5,0,0,64,True,504
D1,10,0.75,0.8,2,0.5,0,0,64,False,520
D1,10,0.75,0.8,2,0.5,0,0,64,True,504
D2,10,0.75,0.8,2,0.5,0,0,64,False,520
D2,10,0.75,0.8,2,0.5,0,0,64,True,504
D3,10,0.75,0.8,2,0.5,0,0,64,False,520
D3,10,0.75,0.8,2,0.5,0,0,64,True,504
D0,10,0.75,0.8,2,1,0,0,64,False,520
D0,10,0.75,0.8,2,1,0,0,64,True,504
D1,10,0.75,0.8,2,1,0,0,64,False,520
D1,10,0.75,0.8,2,1,0,0,64,True,504
D2,10,0.75,0.8,2,1,0,0,64,False,520
D2,10,0.75,0.8,2,1,0,0,64,True,504
D3,10,0.75,0.8,2,1,0,0,64,False,520
D3,10,0.75,0.8,2,1,0,0,64,True,504
D0,10,0.75,0.8,5,0.5,0,0,64,False,520
D0,10,0.75,0.8,5,0.5,0,0,64,True,504
D1,10,0.75,0.8,5,0.5,0,0,64,False,520
D1,10,0.75,0.8,5,0.5,0,0,64,True,504
D2,10,0.75,0.8,5,0.5,0,0,64,False,520
D2,10,0.75,0.8,5,0.5,0,0,64,True,504
D3,10,0.75,0.8,5,0.5,0,0,64,False,520
D3,10,0.75,0.8,5,0.5,0,0,64,True,504
D0,10,0.75,0.8,5,1,0,0,64,False,520
D0,10,0.75,0.8,5,1,0,0,64,True,504
D1,10,0.75,0.8,5,1,0,0,64,False,520
D1,10,0.75,0.8,5,1,0,0,64,True,504
D2,10,0.75,0.8,5,1,0,0,64,False,520
D2,10,0.75,0.8,5,1,0,0,64,True,504
D3,10,0.75,0.8,5,1,0,0,64,False,520
D3,10,0.75,0.8,5,1,0,0,64,True,504
D0,20,0.75,0.8,0,0.5,0,0,64,False,520
D0,20,0.75,0.8,0,0.5,0,0,64,True,504
D1,20,0.75,0.8,0,0.5,0,0,64,False,520
D1,20,0.75,0.8,0,0.5,0,0,64,True,504
D2,20,0.75,0.8,0,0.5,0,0,64,False,520
D2,20,0.75,0.8,0,0.5,0,0,64,True,504
D3,20,0.75,0.8,0,0.5,0,0,64,False,520
D3,20,0.75,0.8,0,0.5,0,0,64,True,504
D0,20,0.75,0.8,0,1,0,0,64,False,520
D0,20,0.75,0.8,0,1,0,0,64,True,504
D1,20,0.75,0.8,0,1,0,0,64,False,520
D1,20,0.75,0.8,0,1,0,0,64,True,504
D2,20,0.75,0.8,0,1,0,0,64,False,520
D2,20,0.75,0.8,0,1,0,0,64,True,504
D3,20,0.75,0.8,0,1,0,0,64,False,520
D3,20,0.75,0.8,0,1,0,0,64,True,504
D0,20,0.75,0.8,2,0.5,0,0,64,False,520
D0,20,0.75,0.8,2,0.5,0,0,64,True,504
D1,20,0.75,0.8,2,0.5,0,0,64,False,520
D1,20,0.75,0.8,2,0.5,0,0,64,True,504
D2,20,0.75,0.8,2,0.5,0,0,64,False,520
D2,20,0.75,0.8,2,0.5,0,0,64,True,504
D3,20,0.75,0.8,2,0.5,0,0,64,False,520
D3,20,0.75,0.8,2,0.5,0,0,64,True,504
D0,20,0.75,0.8,2,1,0,0,64,False,520
D0,20,0.75,0.8,2,1,0,0,64,True,504
D1,20,0.75,0.8,2,1,0,0,64,False,520
D1,20,0.75,0.8,2,1,0,0,64,True,504
D2,20,0.75,0.8,2,1,0,0,64,False,520
D2,20,0.75,0.8,2,1,0,0,64,True,504
D3,20,0.75,0.8,2,1,0,0,64,False,520
D3,20,0.75,0.8,2,1,0,0,64,True,504
D0,20,0.75,0.8,5,0.5,0,0,64,False,520
D0,20,0.75,0.8,5,0.5,0,0,64,True,504
D1,20,0.75,0.8,5,0.5,0,0,64,False,520
D1,20,0.75,0.8,5,0.5,0,0,64,True,504
D2,20,0.75,0.8,5,0.5,0,0,64,False,520
D2,20,0.75,0.8,5,0.5,0,0,64,True,504
D3,20,0.75,0.8,5,0.5,0,0,64,False,520
D3,20,0.75,0.8,5,0.5,0,0,64,True,504
D0,20,0.75,0.8,5,1,0,0,64,False,520
D0,20,0.75,0.8,5,1,0,0,64,True,504
D1,20,0.75,0.8,5,1,0,0,64,False,520
D1,20,0.75,0.8,5,1,0,0,64,True,504
D2,20,0.75,0.8,5,1,0,0,64,False,520
D2,20,0.75,0.8,5,1,0,0,64,True,504
D3,20,0.75,0.8,5,1,0,0,64,False,520
D3,20,0.75,0.8,5,1,0,0,64,True,504
D0,1,1,0.1,0,0.5,64,64,64,True,1024
D1,1,1,0.1,0,0.5,2,2,64,True,1
D1,1,1,0.1,0,0.5,3,3,64,True,1
D1,1,1,0.1,0,0.5,7,7,64,True,2
D1,1,1,0.1,0,0.5,26,26,64,True,1
D1,1,1,0.1,0,0.5,33,33,64,True,1
D1,1,1,0.1,0,0.5,40,40,64,True,1
D1,1,1,0.1,0,0.5,45,45,64,True,1
D1,1,1,0.1,0,0.5,47,47,64,True,1
D1,1,1,0.1,0,0.5,51,51,64,True,1
D1,1,1,0.1,0,0.5,54,54,64,True,1
D1,1,1,0.1,0,0.5,55,55,64,True,1
D1,1,1,0.1,0,0.5,56,56,64,True,2
D1,1,1,0.1,0,0.5,57,57,64,True,2
D1,1,1,0.1,0,0.5,58,58,64,True,1
D1,1,1,0.1,0,0.5,59,59,64,True,2
D1,1,1,0.1,0,0.5,60,60,64,True,1
D1,1,1,0.1,0,0.5,61,61,64,True,1
D1,1,1,0.1,0,0.5,62,62,64,True,2
D1,1,1,0.1,0,0.5,63,63,64,True,4
D1,1,1,0.1,0,0.5,64,64,64,True,997
D2,1,1,0.1,0,0.5,0,0,64,True,228
D2,1,1,0.1,0,0.5,1,1,64,True,58
D2,1,1,0.1,0,0.5,2,2,64,True,47
D2,1,1,0.1,0,0.5,3,3,64,True,45
D2,1,1,0.1,0,0.5,4,4,64,True,22
D2,1,1,0.1,0,0.5,5,5,64,True,28
D2,1,1,0.1,0,0.5,6,6,64,True,18
D2,1,1,0.1,0,0.5,7,7,64,True,12
D2,1,1,0.1,0,0.5,8,8,64,True,15
D2,1,1,0.1,0,0.5,9,9,64,True,17
D2,1,1,0.1,0,0.5,10,10,64,True,6
D2,1,1,0.1,0,0.5,11,11,64,True,8
D2,1,1,0.1,0,0.5,12,12,64,True,8
D2,1,1,0.1,0,0.5,13,13,64,True,9
D2,1,1,0.1,0,0.5,14,14,64,True,5
D2,1,1,0.1,0,0.5,15,15,64,True,8
D2,1,1,0.1,0,0.5,16,16,64,True,6
D2,1,1,0.1,0,0.5,17,17,64,True,9
D2,1,1,0.1,0,0.5,18,18,64,True,7
D2,1,1,0.1,0,0.5,19,19,64,True,6
D2,1,1,0.1,0,0.5,20,20,64,True,6
D2,1,1,0.1,0,0.5,21,21,64,True,7
D2,1,1,0.1,0,0.5,22,22,64,True,6
D2,1,1,0.1,0,0.5,23,23,64,True,8
D2,1,1,0.1,0,0.5,24,24,64,True,6
D2,1,1,0.1,0,0.5,25,25,64,True,8
D2,1,1,0.1,0,0.5,26,26,64,True,7
D2,1,1,0.1,0,0.5,27,27,64,True,9
D2,1,1,0.1,0,0.5,28,28,64,True,2
D2,1,1,0.1,0,0.5,29,29,64,True,2
D2,1,1,0.1,0,0.5,30,30,64,True,6
D2,1,1,0.1,0,0.5,31,31,64,True,4
D2,1,1,0.1,0,0.5,32,32,64,True,4
D2,1,1,0.1,0,0.5,33,33,64,True,5
D2,1,1,0.1,0,0.5,34,34,64,True,5
D2,1,1,0.1,0,0.5,35,35,64,True,9
D2,1,1,0.1,0,0.5,36,36,64,True,5
D2,1,1,0.1,0,0.5,37,37,64,True,7
D2,1,1,0.1,0,0.5,38,38,64,True,8
D2,1,1,0.1,0,0.5,39,39,64,True,8
D2,1,1,0.1,0,0.5,40,40,64,True,4
D2,1,1,0.1,0,0.5,41,41,64,True,10
D2,1,1,0.1,0,0.5,42,42,64,True,6
D2,1,1,0.1,0,0.5,43,43,64,True,5
D2,1,1,0.1,0,0.5,44,44,64,True,4
D2,1,1,0.1,0,0.5,45,45,64,True,6
D2,1,1,0.1,0,0.5,46,46,64,True,11
D2,1,1,0.1,0,0.5,47,47,64,True,3
D2,1,1,0.1,0,0.5,48,48,64,True,3
D2,1,1,0.1,0,0.5,49,49,64,True,9
D2,1,1,0.1,0,0.5,50,50,64,True,6
D2,1,1,0.1,0,0.5,51,51,64,True,7
D2,1,1,0.1,0,0.5,52,52,64,True,11
D2,1,1,0.1,0,0.5,53,53,64,True,13
D2,1,1,0.1,0,0.5,54,54,64,True,5
D2,1,1,0.1,0,0.5,55,55,64,True,7
D2,1,1,0.1,0,0.5,56,56,64,True,11
D2,1,1,0.1,0,0.5,57,57,64,True,9
D2,1,1,0.1,0,0.5,58,58,64,True,7
D2,1,1,0.1,0,0.5,59,59,64,True,18
D2,1,1,0.1,0,0.5,60,60,64,True,11
D2,1,1,0.1,0,0.5,61,61,64,True,19
D2,1,1,0.1,0,0.5,62,62,64,True,19
D2,1,1,0.1,0,0.5,63,63,64,True,31
D2,1,1,0.1,0,0.5,64,64,64,True,105
D3,1,1,0.1,0,0.5,0,0,64,True,1007
D3,1,1,0.1,0,0.5,1,1,64,True,4
D3,1,1,0.1,0,0.5,2,2,64,True,1
D3,1,1,0.1,0,0.5,3,3,64,True,1
D3,1,1,0.1,0,0.5,4,4,64,True,2
D3,1,1,0.1,0,0.5,6,6,64,True,2
D3,1,1,0.1,0,0.5,9,9,64,True,1
D3,1,1,0.1,0,0.5,12,12,64,True,1
D3,1,1,0.1,0,0.5,13,13,64,True,1
D3,1,1,0.1,0,0.5,14,14,64,True,1
D3,1,1,0.1,0,0.5,17,17,64,True,1
D3,1,1,0.1,0,0.5,18,18,64,True,1
D3,1,1,0.1,0,0.5,22,22,64,True,1
D0,1,1,0.1,0,1,64,0,64,True,1020
D0,1,1,0.1,0,1,64,1,64,True,3
D0,1,1,0.1,0,1,64,7,64,True,1
D1,1,1,0.1,0,1,2,0,64,True,1
D1,1,1,0.1,0,1,3,0,64,True,1
D1,1,1,0.1,0,1,7,0,64,True,2
D1,1,1,0.1,0,1,26,0,64,True,1
D1,1,1,0.1,0,1,33,0,64,True,1
D1,1,1,0.1,0,1,40,0,64,True,1
D1,1,1,0.1,0,1,45,0,64,True,1
D1,1,1,0.1,0,1,47,0,64,True,1
D1,1,1,0.1,0,1,51,0,64,True,1
D1,1,1,0.1,0,1,54,0,64,True,1
D1,1,1,0.1,0,1,55,0,64,True,1
D1,1,1,0.1,0,1,56,0,64,True,2
D1,1,1,0.1,0,1,57,0,64,True,2
D1,1,1,0.1,0,1,58,0,64,True,1
D1,1,1,0.1,0,1,59,0,64,True,2
D1,1,1,0.1,0,1,60,0,64,True,1
D1,1,1,0.1,0,1,61,0,64,True,1
D1,1,1,0.1,0,1,62,0,64,True,2
D1,1,1,0.1,0,1,63,0,64,True,4
D1,1,1,0.1,0,1,64,0,64,True,997
D2,1,1,0.1,0,1,0,0,64,True,228
D2,1,1,0.1,0,1,1,0,64,True,58
D2,1,1,0.1,0,1,2,0,64,True,47
D2,1,1,0.1,0,1,3,0,64,True,45
D2,1,1,0.1,0,1,4,0,64,True,22
D2,1,1,0.1,0,1,5,0,64,True,28
D2,1,1,0.1,0,1,6,0,64,True,18
D2,1,1,0.1,0,1,7,0,64,True,12
D2,1,1,0.1,0,1,8,0,64,True,15
D2,1,1,0.1,0,1,9,0,64,True,17
D2,1,1,0.1,0,1,10,0,64,True,6
D2,1,1,0.1,0,1,11,0,64,True,8
D2,1,1,0.1,0,1,12,0,64,True,8
D2,1,1,0.1,0,1,13,0,64,True,9
D2,1,1,0.1,0,1,14,0,64,True,5
D2,1,1,0.1,0,1,15,0,64,True,8
D2,1,1,0.1,0,1,16,0,64,True,6
D2,1,1,0.1,0,1,17,0,64,True,9
D2,1,1,0.1,0,1,18,0,64,True,7
D2,1,1,0.1,0,1,19,0,64,True,6
D2,1,1,0.1,0,1,20,0,64,True,6
D2,1,1,0.1,0,1,21,0,64,True,7
D2,1,1,0.1,0,1,22,0,64,True,6
D2,1,1,0.1,0,1,23,0,64,True,8
D2,1,1,0.1,0,1,24,0,64,True,6
D2,1,1,0.1,0,1,25,0,64,True,8
D2,1,1,0.1,0,1,26,0,64,True,7
D2,1,1,0.1,0,1,27,0,64,True,9
D2,1,1,0.1,0,1,28,0,64,True,2
D2,1,1,0.1,0,1,29,0,64,True,2
D2,1,1,0.1,0,1,30,0,64,True,6
D2,1,1,0.1,0,1,31,0,64,True,4
D2,1,1,0.1,0,1,32,0,64,True,4
D2,1,1,0.1,0,1,33,0,64,True,5
D2,1,1,0.1,0,1,34,0,64,True,5
D2,1,1,0.1,0,1,35,0,64,True,9
D2,1,1,0.1,0,1,36,0,64,True,5
D2,1,1,0.1,0,1,37,0,64,True,7
D2,1,1,0.1,0,1,38,0,64,True,8
D2,1,1,0.1,0,1,39,0,64,True,8
D2,1,1,0.1,0,1,40,0,64,True,4
D2,1,1,0.1,0,1,41,0,64,True,10
D2,1,1,0.1,0,1,42,0,64,True,6
D2,1,1,0.1,0,1,43,0,64,True,5
D2,1,1,0.1,0,1,44,0,64,True,4
D2,1,1,0.1,0,1,45,0,64,True,6
D2,1,1,0.1,0,1,46,0,64,True,11
D2,1,1,0.1,0,1,47,0,64,True,3
D2,1,1,0.1,0,1,48,0,64,True,3
D2,1,1,0.1,0,1,49,0,64,True,9
D2,1,1,0.1,0,1,50,0,64,True,6
D2,1,1,0.1,0,1,51,0,64,True,7
D2,1,1,0.1,0,1,52,0,64,True,11
D2,1,1,0.1,0,1,53,0,64,True,13
D2,1,1,0.1,0,1,54,0,64,True,5
D2,1,1,0.1,0,1,55,0,64,True,7
D2,1,1,0.1,0,1,56,0,64,True,11
D2,1,1,0.1,0,1,57,0,64,True,9
D2,1,1,0.1,0,1,58,0,64,True,7
D2,1,1,0.1,0,1,59,0,64,True,18
D2,1,1,0.1,0,1,60,0,64,True,11
D2,1,1,0.1,0,1,61,0,64,True,19
D2,1,1,0.1,0,1,62,0,64,True,19
D2,1,1,0.1,0,1,63,0,64,True,31
D2,1,1,0.1,0,1,64,0,64,True,105
D3,1,1,0.1,0,1,0,0,64,True,1007
D3,1,1,0.1,0,1,1,0,64,True,4
D3,1,1,0.1,0,1,2,0,64,True,1
D3,1,1,0.1,0,1,3,0,64,True,1
D3,1,1,0.1,0,1,4,0,64,True,2
D3,1,1,0.1,0,1,6,0,64,True,2
D3,1,1,0.1,0,1,9,0,64,True,1
D3,1,1,0.1,0,1,12,0,64,True,1
D3,1,1,0.1,0,1,13,0,64,True,1
D3,1,1,0.1,0,1,14,0,64,True,1
D3,1,1,0.1,0,1,17,0,64,True,1
D3,1,1,0.1,0,1,18,0,64,True,1
D3,1,1,0.1,0,1,22,0,64,True,1
D0,1,1,0.1,2,0.5,64,64,64,True,1024
D1,1,1,0.1,2,0.5,2,2,64,True,1
D1,1,1,0.1,2,0.5,3,3,64,True,1
D1,1,1,0.1,2,0.5,7,7,64,True,2
D1,1,1,0.1,2,0.5,26,26,64,True,1
D1,1,1,0.1,2,0.5,33,33,64,True,1
D1,1,1,0.1,2,0.5,40,40,64,True,1
D1,1,1,0.1,2,0.5,45,45,64,True,1
D1,1,1,0.1,2,0.5,47,47,64,True,1
D1,1,1,0.1,2,0.5,51,51,64,True,1
D1,1,1,0.1,2,0.5,54,54,64,True,1
D1,1,1,0.1,2,0.5,55,55,64,True,1
D1,1,1,0.1,2,0.5,56,56,64,True,2
D1,1,1,0.1,2,0.5,57,57,64,True,2
D1,1,1,0.1,2,0.5,58,58,64,True,1
D1,1,1,0.1,2,0.5,59,59,64,True,2
D1,1,1,0.1,2,0.5,60,60,64,True,1
D1,1,1,0.1,2,0.5,61,61,64,True,1
D1,1,1,0.1,2,0.5,62,62,64,True,2
D1,1,1,0.1,2,0.5,63,63,64,True,4
D1,1,1,0.1,2,0.5,64,64,64,True,997
D2,1,1,0.1,2,0.5,0,0,64,True,228
D2,1,1,0.1,2,0.5,1,1,64,True,58
D2,1,1,0.1,2,0.5,2,2,64,True,47
D2,1,1,0.1,2,0.5,3,3,64,True,45
D2,1,1,0.1,2,0.5,4,4,64,True,22
D2,1,1,0.1,2,0.5,5,5,64,True,28
D2,1,1,0.1,2,0.5,6,6,64,True,18
D2,1,1,0.1,2,0.5,7,7,64,True,12
D2,1,1,0.1,2,0.5,8,8,64,True,15
D2,1,1,0.1,2,0.5,9,9,64,True,17
D2,1,1,0.1,2,0.5,10,10,64,True,6
D2,1,1,0.1,2,0.5,11,11,64,True,8
D2,1,1,0.1,2,0.5,12,12,64,True,8
D2,1,1,0.1,2,0.5,13,13,64,True,9
D2,1,1,0.1,2,0.5,14,14,64,True,5
D2,1,1,0.1,2,0.5,15,15,64,True,8
D2,1,1,0.1,2,0.5,16,16,64,True,6
D2,1,1,0.1,2,0.5,17,17,64,True,9
D2,1,1,0.1,2,0.5,18,18,64,True,7
D2,1,1,0.1,2,0.5,19,19,64,True,6
D2,1,1,0.1,2,0.5,20,20,64,True,6
D2,1,1,0.1,2,0.5,21,21,64,True,7
D2,1,1,0.1,2,0.5,22,22,64,True,6
D2,1,1,0.1,2,0.5,23,23,64,True,8
D2,1,1,0.1,2,0.5,24,24,64,True,6
D2,1,1,0.1,2,0.5,25,25,64,True,8
D2,1,1,0.1,2,0.5,26,26,64,True,7
D2,1,1,0.1,2,0.5,27,27,64,True,9
D2,1,1,0.1,2,0.5,28,28,64,True,2
D2,1,1,0.1,2,0.5,29,29,64,True,2
D2,1,1,0.1,2,0.5,30,30,64,True,6
D2,1,1,0.1,2,0.5,31,31,64,True,4
D2,1,1,0.1,2,0.5,32,32,64,True,4
D2,1,1,0.1,2,0.5,33,33,64,True,5
D2,1,1,0.1,2,0.5,34,34,64,True,5
D2,1,1,0.1,2,0.5,35,35,64,True,9
D2,1,1,0.1,2,0.5,36,36,64,True,5
D2,1,1,0.1,2,0.5,37,37,64,True,7
D2,1,1,0.1,2,0.5,38,38,64,True,8
D2,1,1,0.1,2,0.5,39,39,64,True,8
D2,1,1,0.1,2,0.5,40,40,64,True,4
D2,1,1,0.1,2,0.5,41,41,64,True,10
D2,1,1,0.1,2,0.5,42,42,64,True,6
D2,1,1,0.1,2,0.5,43,43,64,True,5
D2,1,1,0.1,2,0.5,44,44,64,True,4
D2,1,1,0.1,2,0.5,45,45,64,True,6
D2,1,1,0.1,2,0.5,46,46,64,True,11
D2,1,1,0.1,2,0.5,47,47,64,True,3
D2,1,1,0.1,2,0.5,48,48,64,True,3
D2,1,1,0.1,2,0.5,49,49,64,True,9
D2,1,1,0.1,2,0.5,50,50,64,True,6
D2,1,1,0.1,2,0.5,51,51,64,True,7
D2,1,1,0.1,2,0.5,52,52,64,True,11
D2,1,1,0.1,2,0.5,53,53,64,True,13
D2,1,1,0.1,2,0.5,54,54,64,True,5
D2,1,1,0.1,2,0.5,55,55,64,True,7
D2,1,1,0.1,2,0.5,56,56,64,True,11
D2,1,1,0.1,2,0.5,57,57,64,True,9
D2,1,1,0.1,2,0.5,58,58,64,True,7
D2,1,1,0.1,2,0.5,59,59,64,True,18
D2,1,1,0.1,2,0.5,60,60,64,True,11
D2,1,1,0.1,2,0.5,61,61,64,True,19
D2,1,1,0.1,2,0.5,62,62,64,True,19
D2,1,1,0.1,2,0.5,63,63,64,True,31
D2,1,1,0.1,2,0.5,64,64,64,True,105
D3,1,1,0.1,2,0.5,0,0,64,True,1007
D3,1,1,0.1,2,0.5,1,1,64,True,4
D3,1,1,0.1,2,0.5,2,2,64,True,1
D3,1,1,0.1,2,0.5,3,3,64,True,1
D3,1,1,0.1,2,0.5,4,4,64,True,2
D3,1,1,0.1,2,0.5,6,6,64,True,2
D3,1,1,0.1,2,0.5,9,9,64,True,1
D3,1,1,0.1,2,0.5,12,12,64,True,1
D3,1,1,0.1,2,0.5,13,13,64,True,1
D3,1,1,0.1,2,0.5,14,14,64,True,1
D3,1,1,0.1,2,0.5,17,17,64,True,1
D3,1,1,0.1,2,0.5,18,18,64,True,1
D3,1,1,0.1,2,0.5,22,22,64,True,1
D0,1,1,0.1,2,1,64,0,64,True,1020
D0,1,1,0.1,2,1,64,1,64,True,3
D0,1,1,0.1,2,1,64,7,64,True,1
D1,1,1,0.1,2,1,2,0,64,True,1
D1,1,1,0.1,2,1,3,0,64,True,1
D1,1,1,0.1,2,1,7,0,64,True,2
D1,1,1,0.1,2,1,26,0,64,True,1
D1,1,1,0.1,2,1,33,0,64,True,1
D1,1,1,0.1,2,1,40,0,64,True,1
D1,1,1,0.1,2,1,45,0,64,True,1
D1,1,1,0.1,2,1,47,0,64,True,1
D1,1,1,0.1,2,1,51,0,64,True,1
D1,1,1,0.1,2,1,54,0,64,True,1
D1,1,1,0.1,2,1,55,0,64,True,1
D1,1,1,0.1,2,1,56,0,64,True,2
D1,1,1,0.1,2,1,57,0,64,True,2
D1,1,1,0.1,2,1,58,0,64,True,1
D1,1,1,0.1,2,1,59,0,64,True,2
D1,1,1,0.1,2,1,60,0,64,True,1
D1,1,1,0.1,2,1,61,0,64,True,1
D1,1,1,0.1,2,1,62,0,64,True,2
D1,1,1,0.1,2,1,63,0,64,True,4
D1,1,1,0.1,2,1,64,0,64,True,997
D2,1,1,0.1,2,1,0,0,64,True,228
D2,1,1,0.1,2,1,1,0,64,True,58
D2,1,1,0.1,2,1,2,0,64,True,47
D2,1,1,0.1,2,1,3,0,64,True,45
D2,1,1,0.1,2,1,4,0,64,True,22
D2,1,1,0.1,2,1,5,0,64,True,28
D2,1,1,0.1,2,1,6,0,64,True,18
D2,1,1,0.1,2,1,7,0,64,True,12
D2,1,1,0.1,2,1,8,0,64,True,15
D2,1,1,0.1,2,1,9,0,64,True,17
D2,1,1,0.1,2,1,10,0,64,True,6
D2,1,1,0.1,2,1,11,0,64,True,8
D2,1,1,0.1,2,1,12,0,64,True,8
D2,1,1,0.1,2,1,13,0,64,True,9
D2,1,1,0.1,2,1,14,0,64,True,5
D2,1,1,0.1,2,1,15,0,64,True,8
D2,1,1,0.1,2,1,16,0,64,True,6
D2,1,1,0.1,2,1,17,0,64,True,9
D2,1,1,0.1,2,1,18,0,64,True,7
D2,1,1,0.1,2,1,19,0,64,True,6
D2,1,1,0.1,2,1,20,0,64,True,6
D2,1,1,0.1,2,1,21,0,64,True,7
D2,1,1,0.1,2,1,22,0,64,True,6
D2,1,1,0.1,2,1,23,0,64,True,8
D2,1,1,0.1,2,1,24,0,64,True,6
D2,1,1,0.1,2,1,25,0,64,True,8
D2,1,1,0.1,2,1,26,0,64,True,7
D2,1,1,0.1,2,1,27,0,64,True,9
D2,1,1,0.1,2,1,28,0,64,True,2
D2,1,1,0.1,2,1,29,0,64,True,2
D2,1,1,0.1,2,1,30,0,64,True,6
D2,1,1,0.1,2,1,31,0,64,True,4
D2,1,1,0.1,2,1,32,0,64,True,4
D2,1,1,0.1,2,1,33,0,64,True,5
D2,1,1,0.1,2,1,34,0,64,True,5
D2,1,1,0.1,2,1,35,0,64,True,9
D2,1,1,0.1,2,1,36,0,64,True,5
D2,1,1,0.1,2,1,37,0,64,True,7
D2,1,1,0.1,2,1,38,0,64,True,8
D2,1,1,0.1,2,1,39,0,64,True,8
D2,1,1,0.1,2,1,40,0,64,True,4
D2,1,1,0.1,2,1,41,0,64,True,10
D2,1,1,0.1,2,1,42,0,64,True,6
D2,1,1,0.1,2,1,43,0,64,True,5
D2,1,1,0.1,2,1,44,0,64,True,4
D2,1,1,0.1,2,1,45,0,64,True,6
D2,1,1,0.1,2,1,46,0,64,True,11
D2,1,1,0.1,2,1,47,0,64,True,3
D2,1,1,0.1,2,1,48,0,64,True,3
D2,1,1,0.1,2,1,49,0,64,True,9
D2,1,1,0.1,2,1,50,0,64,True,6
D2,1,1,0.1,2,1,51,0,64,True,7
D2,1,1,0.1,2,1,52,0,64,True,11
D2,1,1,0.1,2,1,53,0,64,True,13
D2,1,1,0.1,2,1,54,0,64,True,5
D2,1,1,0.1,2,1,55,0,64,True,7
D2,1,1,0.1,2,1,56,0,64,True,11
D2,1,1,0.1,2,1,57,0,64,True,9
D2,1,1,0.1,2,1,58,0,64,True,7
D2,1,1,0.1,2,1,59,0,64,True,18
D2,1,1,0.1,2,1,60,0,64,True,11
D2,1,1,0.1,2,1,61,0,64,True,19
D2,1,1,0.1,2,1,62,0,64,True,19
D2,1,1,0.1,2,1,63,0,64,True,31
D2,1,1,0.1,2,1,64,0,64,True,105
D3,1,1,0.1,2,1,0,0,64,True,1007
D3,1,1,0.1,2,1,1,0,64,True,4
D3,1,1,0.1,2,1,2,0,64,True,1
D3,1,1,0.1,2,1,3,0,64,True,1
D3,1,1,0.1,2,1,4,0,64,True,2
D3,1,1,0.1,2,1,6,0,64,True,2
D3,1,1,0.1,2,1,9,0,64,True,1
D3,1,1,0.1,2,1,12,0,64,True,1
D3,1,1,0.1,2,1,13,0,64,True,1
D3,1,1,0.1,2,1,14,0,64,True,1
D3,1,1,0.1,2,1,17,0,64,True,1
D3,1,1,0.1,2,1,18,0,64,True,1
D3,1,1,0.1,2,1,22,0,64,True,1
D0,1,1,0.1,5,0.5,64,64,64,True,1024
D1,1,1,0.1,5,0.5,2,2,64,True,1
D1,1,1,0.1,5,0.5,3,3,64,True,1
D1,1,1,0.1,5,0.5,7,7,64,True,2
D1,1,1,0.1,5,0.5,26,26,64,True,1
D1,1,1,0.1,5,0.5,33,33,64,True,1
D1,1,1,0.1,5,0.5,40,40,64,True,1
D1,1,1,0.1,5,0.5,45,45,64,True,1
D1,1,1,0.1,5,0.5,47,47,64,True,1
D1,1,1,0.1,5,0.5,51,51,64,True,1
D1,1,1,0.1,5,0.5,54,54,64,True,1
D1,1,1,0.1,5,0.5,55,55,64,True,1
D1,1,1,0.1,5,0.5,56,56,64,True,2
D1,1,1,0.1,5,0.5,57,57,64,True,2
D1,1,1,0.1,5,0.5,58,58,64,True,1
D1,1,1,0.1,5,0.5,59,59,64,True,2
D1,1,1,0.1,5,0.5,60,60,64,True,1
D1,1,1,0.1,5,0.5,61,61,64,True,1
D1,1,1,0.1,5,0.5,62,62,64,True,2
D1,1,1,0.1,5,0.5,63,63,64,True,4
D1,1,1,0.1,5,0.5,64,64,64,True,997
D2,1,1,0.1,5,0.5,0,0,64,True,228
D2,1,1,0.1,5,0.5,1,1,64,True,58
D2,1,1,0.1,5,0.5,2,2,64,True,47
D2,1,1,0.1,5,0.5,3,3,64,True,45
D2,1,1,0.1,5,0.5,4,4,64,True,22
D2,1,1,0.1,5,0.5,5,5,64,True,28
D2,1,1,0.1,5,0.5,6,6,64,True,18
D2,1,1,0.1,5,0.5,7,7,64,True,12
D2,1,1,0.1,5,0.5,8,8,64,True,15
D2,1,1,0.1,5,0.5,9,9,64,True,17
D2,1,1,0.1,5,0.5,10,10,64,True,6
D2,1,1,0.1,5,0.5,11,11,64,True,8
D2,1,1,0.1,5,0.5,12,12,64,True,8
D2,1,1,0.1,5,0.5,13,13,64,True,9
D2,1,1,0.1,5,0.5,14,14,64,True,5
D2,1,1,0.1,5,0.5,15,15,64,True,8
D2,1,1,0.1,5,0.5,16,16,64,True,6
D2,1,1,0.1,5,0.5,17,17,64,True,9
D2,1,1,0.1,5,0.5,18,18,64,True,7
D2,1,1,0.1,5,0.5,19,19,64,True,6
D2,1,1,0.1,5,0.5,20,20,64,True,6
D2,1,1,0.1,5,0.5,21,21,64,True,7
D2,1,1,0.1,5,0.5,22,22,64,True,6
D2,1,1,0.1,5,0.5,23,23,64,True,8
D2,1,1,0.1,5,0.5,24,24,64,True,6
D2,1,1,0.1,5,0.5,25,25,64,True,8
D2,1,1,0.1,5,0.5,26,26,64,True,7
D2,1,1,0.1,5,0.5,27,27,64,True,9
D2,1,1,0.1,5,0.5,28,28,64,True,2
D2,1,1,0.1,5,0.5,29,29,64,True,2
D2,1,1,0.1,5,0.5,30,30,64,True,6
D2,1,1,0.1,5,0.5,31,31,64,True,4
D2,1,1,0.1,5,0.5,32,32,64,True,4
D2,1,1,0.1,5,0.5,33,33,64,True,5
D2,1,1,0.1,5,0.5,34,34,64,True,5
D2,1,1,0.1,5,0.5,35,35,64,True,9
D2,1,1,0.1,5,0.5,36,36,64,True,5
D2,1,1,0.1,5,0.5,37,37,64,True,7
D2,1,1,0.1,5,0.5,38,38,64,True,8
D2,1,1,0.1,5,0.5,39,39,64,True,8
D2,1,1,0.1,5,0.5,40,40,64,True,4
D2,1,1,0.1,5,0.5,41,41,64,True,10
D2,1,1,0.1,5,0.5,42,42,64,True,6
D2,1,1,0.1,5,0.5,43,43,64,True,5
D2,1,1,0.1,5,0.5,44,44,64,True,4
D2,1,1,0.1,5,0.5,45,45,64,True,6
D2,1,1,0.1,5,0.5,46,46,64,True,11
D2,1,1,0.1,5,0.5,47,47,64,True,3
D2,1,1,0.1,5,0.5,48,48,64,True,3
D2,1,1,0.1,5,0.5,49,49,64,True,9
D2,1,1,0.1,5,0.5,50,50,64,True,6
D2,1,1,0.1,5,0.5,51,51,64,True,7
D2,1,1,0.1,5,0.5,52,52,64,True,11
D2,1,1,0.1,5,0.5,53,53,64,True,13
D2,1,1,0.1,5,0.5,54,54,64,True,5
D2,1,1,0.1,5,0.5,55,55,64,True,7
D2,1,1,0.1,5,0.5,56,56,64,True,11
D2,1,1,0.1,5,0.5,57,57,64,True,9
D2,1,1,0.1,5,0.5,58,58,64,True,7
D2,1,1,0.1,5,0.5,59,59,64,True,18
D2,1,1,0.1,5,0.5,60,60,64,True,11
D2,1,1,0.1,5,0.5,61,61,64,True,19
D2,1,1,0.1,5,0.5,62,62,64,True,19
D2,1,1,0.1,5,0.5,63,63,64,True,31
D2,1,1,0.1,5,0.5,64,64,64,True,105
D3,1,1,0.1,5,0.5,0,0,64,True,1007
D3,1,1,0.1,5,0.5,1,1,64,True,4
D3,1,1,0.1,5,0.5,2,2,64,True,1
D3,1,1,0.1,5,0.5,3,3,64,True,1
D3,1,1,0.1,5,0.5,4,4,64,True,2
D3,1,1,0.1,5,0.5,6,6,64,True,2
D3,1,1,0.1,5,0.5,9,9,64,True,1
D3,1,1,0.1,5,0.5,12,12,64,True,1
D3,1,1,0.1,5,0.5,13,13,64,True,1
D3,1,1,0.1,5,0.5,14,14,64,True,1
D3,1,1,0.1,5,0.5,17,17,64,True,1
D3,1,1,0.1,5,0.5,18,18,64,True,1
D3,1,1,0.1,5,0.5,22,22,64,True,1
D0,1,1,0.1,5,1,64,0,64,True,1020
D0,1,1,0.1,5,1,64,1,64,True,3
D0,1,1,0.1,5,1,64,7,64,True,1
D1,1,1,0.1,5,1,2,0,64,True,1
D1,1,1,0.1,5,1,3,0,64,True,1
D1,1,1,0.1,5,1,7,0,64,True,2
D1,1,1,0.1,5,1,26,0,64,True,1
D1,1,1,0.1,5,1,33,0,64,True,1
D1,1,1,0.1,5,1,40,0,64,True,1
D1,1,1,0.1,5,1,45,0,64,True,1
D1,1,1,0.1,5,1,47,0,64,True,1
D1,1,1,0.1,5,1,51,0,64,True,1
D1,1,1,0.1,5,1,54,0,64,True,1
D1,1,1,0.1,5,1,55,0,64,True,1
D1,1,1,0.1,5,1,56,0,64,True,2
D1,1,1,0.1,5,1,57,0,64,True,2
D1,1,1,0.1,5,1,58,0,64,True,1
D1,1,1,0.1,5,1,59,0,64,True,2
D1,1,1,0.1,5,1,60,0,64,True,1
D1,1,1,0.1,5,1,61,0,64,True,1
D1,1,1,0.1,5,1,62,0,64,True,2
D1,1,1,0.1,5,1,63,0,64,True,4
D1,1,1,0.1,5,1,64,0,64,True,997
D2,1,1,0.1,5,1,0,0,64,True,228
D2,1,1,0.1,5,1,1,0,64,True,58
D2,1,1,0.1,5,1,2,0,64,True,47
D2,1,1,0.1,5,1,3,0,64,True,45
D2,1,1,0.1,5,1,4,0,64,True,22
D2,1,1,0.1,5,1,5,0,64,True,28
D2,1,1,0.1,5,1,6,0,64,True,18
D2,1,1,0.1,5,1,7,0,64,True,12
D2,1,1,0.1,5,1,8,0,64,True,15
D2,1,1,0.1,5,1,9,0,64,True,17
D2,1,1,0.1,5,1,10,0,64,True,6
D2,1,1,0.1,5,1,11,0,64,True,8
D2,1,1,0.1,5,1,12,0,64,True,8
D2,1,1,0.1,5,1,13,0,64,True,9
D2,1,1,0.1,5,1,14,0,64,True,5
D2,1,1,0.1,5,1,15,0,64,True,8
D2,1,1,0.1,5,1,16,0,64,True,6
D2,1,1,0.1,5,1,17,0,64,True,9
D2,1,1,0.1,5,1,18,0,64,True,7
D2,1,1,0.1,5,1,19,0,64,True,6
D2,1,1,0.1,5,1,20,0,64,True,6
D2,1,1,0.1,5,1,21,0,64,True,7
D2,1,1,0.1,5,1,22,0,64,True,6
D2,1,1,0.1,5,1,23,0,64,True,8
D2,1,1,0.1,5,1,24,0,64,True,6
D2,1,1,0.1,5,1,25,0,64,True,8
D2,1,1,0.1,5,1,26,0,64,True,7
D2,1,1,0.1,5,1,27,0,64,True,9
D2,1,1,0.1,5,1,28,0,64,True,2
D2,1,1,0.1,5,1,29,0,64,True,2
D2,1,1,0.1,5,1,30,0,64,True,6
D2,1,1,0.1,5,1,31,0,64,True,4
D2,1,1,0.1,5,1,32,0,64,True,4
D2,1,1,0.1,5,1,33,0,64,True,5
D2,1,1,0.1,5,1,34,0,64,True,5
D2,1,1,0.1,5,1,35,0,64,True,9
D2,1,1,0.1,5,1,36,0,64,True,5
D2,1,1,0.1,5,1,37,0,64,True,7
D2,1,1,0.1,5,1,38,0,64,True,8
D2,1,1,0.1,5,1,39,0,64,True,8
D2,1,1,0.1,5,1,40,0,64,True,4
D2,1,1,0.1,5,1,41,0,64,True,10
D2,1,1,0.1,5,1,42,0,64,True,6
D2,1,1,0.1,5,1,43,0,64,True,5
D2,1,1,0.1,5,1,44,0,64,True,4
D2,1,1,0.1,5,1,45,0,64,True,6
D2,1,1,0.1,5,1,46,0,64,True,11
D2,1,1,0.1,5,1,47,0,64,True,3
D2,1,1,0.1,5,1,48,0,64,True,3
D2,1,1,0.1,5,1,49,0,64,True,9
D2,1,1,0.1,5,1,50,0,64,True,6
D2,1,1,0.1,5,1,51,0,64,True,7
D2,1,1,0.1,5,1,52,0,64,True,11
D2,1,1,0.1,5,1,53,0,64,True,13
D2,1,1,0.1,5,1,54,0,64,True,5
D2,1,1,0.1,5,1,55,0,64,True,7
D2,1,1,0.1,5,1,56,0,64,True,11
D2,1,1,0.1,5,1,57,0,64,True,9
D2,1,1,0.1,5,1,58,0,64,True,7
D2,1,1,0.1,5,1,59,0,64,True,18
D2,1,1,0.1,5,1,60,0,64,True,11
D2,1,1,0.1,5,1,61,0,64,True,19
D2,1,1,0.1,5,1,62,0,64,True,19
D2,1,1,0.1,5,1,63,0,64,True,31
D2,1,1,0.1,5,1,64,0,64,True,105
D3,1,1,0.1,5,1,0,0,64,True,1007
D3,1,1,0.1,5,1,1,0,64,True,4
D3,1,1,0.1,5,1,2,0,64,True,1
D3,1,1,0.1,5,1,3,0,64,True,1
D3,1,1,0.1,5,1,4,0,64,True,2
D3,1,1,0.1,5,1,6,0,64,True,2
D3,1,1,0.1,5,1,9,0,64,True,1
D3,1,1,0.1,5,1,12,0,64,True,1
D3,1,1,0.1,5,1,13,0,64,True,1
D3,1,1,0.1,5,1,14,0,64,True,1
D3,1,1,0.1,5,1,17,0,64,True,1
D3,1,1,0.1,5,1,18,0,64,True,1
D3,1,1,0.1,5,1,22,0,64,True,1
D0,5,1,0.1,0,0.5,64,64,64,True,1024
D1,5,1,0.1,0,0.5,0,0,64,True,1018
D1,5,1,0.1,0,0.5,1,1,64,True,3
D1,5,1,0.1,0,0.5,2,2,64,True,1
D1,5,1,0.1,0,0.5,5,5,64,True,2
D2,5,1,0.1,0,0.5,0,0,64,True,1024
D3,5,1,0.1,0,0.5,0,0,64,True,1024
D0,5,1,0.1,0,1,64,0,64,True,1024
D1,5,1,0.1,0,1,0,0,64,True,1018
D1,5,1,0.1,0,1,1,0,64,True,3
D1,5,1,0.1,0,1,2,0,64,True,1
D1,5,1,0.1,0,1,5,0,64,True,2
D2,5,1,0.1,0,1,0,0,64,True,1024
D3,5,1,0.1,0,1,0,0,64,True,1024
D0,5,1,0.1,2,0.5,64,64,64,True,1024
D1,5,1,0.1,2,0.5,0,0,64,True,1018
D1,5,1,0.1,2,0.5,1,1,64,True,3
D1,5,1,0.1,2,0.5,2,2,64,True,1
D1,5,1,0.1,2,0.5,5,5,64,True,2
D2,5,1,0.1,2,0.5,0,0,64,True,1024
D3,5,1,0.1,2,0.5,0,0,64,True,1024
D0,5,1,0.1,2,1,64,0,64,True,1024
D1,5,1,0.1,2,1,0,0,64,True,1018
D1,5,1,0.1,2,1,1,0,64,True,3
D1,5,1,0.1,2,1,2,0,64,True,1
D1,5,1,0.1,2,1,5,0,64,True,2
D2,5,1,0.1,2,1,0,0,64,True,1024
D3,5,1,0.1,2,1,0,0,64,True,1024
D0,5,1,0.1,5,0.5,64,64,64,True,1024
D1,5,1,0.1,5,0.5,0,0,64,True,1018
D1,5,1,0.1,5,0.5,1,1,64,True,3
D1,5,1,0.1,5,0.5,2,2,64,True,1
D1,5,1,0.1,5,0.5,5,5,64,True,2
D2,5,1,0.1,5,0.5,0,0,64,True,1024
D3,5,1,0.1,5,0.5,0,0,64,True,1024
D0,5,1,0.1,5,1,64,0,64,True,1024
D1,5,1,0.1,5,1,0,0,64,True,1018
D1,5,1,0.1,5,1,1,0,64,True,3
D1,5,1,0.1,5,1,2,0,64,True,1
D1,5,1,0.1,5,1,5,0,64,True,2
D2,5,1,0.1,5,1,0,0,64,True,1024
D3,5,1,0.1,5,1,0,0,64,True,1024
D0,10,1,0.1,0,0.5,61,61,64,True,1
D0,10,1,0.1,0,0.5,63,63,64,True,2
D0,10,1,0.1,0,0.5,64,64,64,True,1021
D1,10,1,0.1,0,0.5,0,0,64,True,1024
D2,10,1,0.1,0,0.5,0,0,64,True,1024
D3,10,1,0.1,0,0.5,0,0,64,True,1024
D0,10,1,0.1,0,1,61,0,64,True,1
D0,10,1,0.1,0,1,63,0,64,True,2
D0,10,1,0.1,0,1,64,0,64,True,1021
D1,10,1,0.1,0,1,0,0,64,True,1024
D2,10,1,0.1,0,1,0,0,64,True,1024
D3,10,1,0.1,0,1,0,0,64,True,1024
D0,10,1,0.1,2,0.5,62,62,64,True,1
D0,10,1,0.1,2,0.5,63,63,64,True,2
D0,10,1,0.1,2,0.5,64,64,64,True,1021
D1,10,1,0.1,2,0.5,0,0,64,True,1024
D2,10,1,0.1,2,0.5,0,0,64,True,1024
D3,10,1,0.1,2,0.5,0,0,64,True,1024
D0,10,1,0.1,2,1,62,0,64,True,1
D0,10,1,0.1,2,1,63,0,64,True,2
D0,10,1,0.1,2,1,64,0,64,True,1021
D1,10,1,0.1,2,1,0,0,64,True,1024
D2,10,1,0.1,2,1,0,0,64,True,1024
D3,10,1,0.1,2,1,0,0,64,True,1024
D0,10,1,0.1,5,0.5,62,62,64,True,1
D0,10,1,0.1,5,0.5,63,63,64,True,1
D0,10,1,0.1,5,0.5,64,64,64,True,1022
D1,10,1,0.1,5,0.5,0,0,64,True,1024
D2,10,1,0.1,5,0.5,0,0,64,True,1024
D3,10,1,0.1,5,0.5,0,0,64,True,1024
D0,10,1,0.1,5,1,62,0,64,True,1
D0,10,1,0.1,5,1,63,0,64,True,1
D0,10,1,0.1,5,1,64,0,64,True,1022
D1,10,1,0.1,5,1,0,0,64,True,1024
D2,10,1,0.1,5,1,0,0,64,True,1024
D3,10,1,0.1,5,1,0,0,64,True,1024
D0,20,1,0.1,0,0.5,55,55,64,True,1
D0,20,1,0.1,0,0.5,58,58,64,True,1
D0,20,1,0.1,0,0.5,61,61,64,True,1
D0,20,1,0.1,0,0.5,62,62,64,True,1
D0,20,1,0.1,0,0.5,63,63,64,True,3
D0,20,1,0.1,0,0.5,64,64,64,True,1017
D1,20,1,0.1,0,0.5,0,0,64,True,1024
D2,20,1,0.1,0,0.5,0,0,64,True,1024
D3,20,1,0.1,0,0.5,0,0,64,True,1024
D0,20,1,0.1,0,1,55,0,64,True,1
D0,20,1,0.1,0,1,58,0,64,True,1
D0,20,1,0.1,0,1,61,0,64,True,1
D0,20,1,0.1,0,1,62,0,64,True,1
D0,20,1,0.1,0,1,63,0,64,True,3
D0,20,1,0.1,0,1,64,0,64,True,1015
D0,20,1,0.1,0,1,64,18,64,True,1
D0,20,1,0.1,0,1,64,19,64,True,1
D1,20,1,0.1,0,1,0,0,64,True,1024
D2,20,1,0.1,0,1,0,0,64,True,1024
D3,20,1,0.1,0,1,0,0,64,True,1024
D0,20,1,0.1,2,0.5,56,56,64,True,1
D0,20,1,0.1,2,0.5,59,59,64,True,1
D0,20,1,0.1,2,0.5,63,63,64,True,2
D0,20,1,0.1,2,0.5,64,64,64,True,1020
D1,20,1,0.1,2,0.5,0,0,64,True,1024
D2,20,1,0.1,2,0.5,0,0,64,True,1024
D3,20,1,0.1,2,0.5,0,0,64,True,1024
D0,20,1,0.1,2,1,56,0,64,True,1
D0,20,1,0.1,2,1,59,0,64,True,1
D0,20,1,0.1,2,1,63,0,64,True,2
D0,20,1,0.1,2,1,64,0,64,True,1018
D0,20,1,0.1,2,1,64,18,64,True,1
D0,20,1,0.1,2,1,64,19,64,True,1
D1,20,1,0.1,2,1,0,0,64,True,1024
D2,20,1,0.1,2,1,0,0,64,True,1024
D3,20,1,0.1,2,1,0,0,64,True,1024
D0,20,1,0.1,5,0.5,56,56,64,True,1
D0,20,1,0.1,5,0.5,59,59,64,True,1
D0,20,1,0.1,5,0.5,63,63,64,True,1
D0,20,1,0.1,5,0.5,64,64,64,True,1021
D1,20,1,0.1,5,0.5,0,0,64,True,1024
D2,20,1,0.1,5,0.5,0,0,64,True,1024
D3,20,1,0.1,5,0.5,0,0,64,True,1024
D0,20,1,0.1,5,1,56,0,64,True,1
D0,20,1,0.1,5,1,59,0,64,True,1
D0,20,1,0.1,5,1,63,0,64,True,1
D0,20,1,0.1,5,1,64,0,64,True,1019
D0,20,1,0.1,5,1,64,18,64,True,1
D0,20,1,0.1,5,1,64,19,64,True,1
D1,20,1,0.1,5,1,0,0,64,True,1024
D2,20,1,0.1,5,1,0,0,64,True,1024
D3,20,1,0.1,5,1,0,0,64,True,1024
D0,1,1,0.4,0,0.5,64,64,64,True,1024
D1,1,1,0.4,0,0.5,2,2,64,True,1
D1,1,1,0.4,0,0.5,3,3,64,True,1
D1,1,1,0.4,0,0.5,7,7,64,True,2
D1,1,1,0.4,0,0.5,26,26,64,True,1
D1,1,1,0.4,0,0.5,33,33,64,True,1
D1,1,1,0.4,0,0.5,40,40,64,True,1
D1,1,1,0.4,0,0.5,45,45,64,True,1
D1,1,1,0.4,0,0.5,47,47,64,True,1
D1,1,1,0.4,0,0.5,51,51,64,True,1
D1,1,1,0.4,0,0.5,54,54,64,True,1
D1,1,1,0.4,0,0.5,55,55,64,True,1
D1,1,1,0.4,0,0.5,56,56,64,True,2
D1,1,1,0.4,0,0.5,57,57,64,True,2
D1,1,1,0.4,0,0.5,58,58,64,True,1
D1,1,1,0.4,0,0.5,59,59,64,True,2
D1,1,1,0.4,0,0.5,60,60,64,True,1
D1,1,1,0.4,0,0.5,61,61,64,True,1
D1,1,1,0.4,0,0.5,62,62,64,True,2
D1,1,1,0.4,0,0.5,63,63,64,True,4
D1,1,1,0.4,0,0.5,64,64,64,True,997
D2,1,1,0.4,0,0.5,0,0,64,True,228
D2,1,1,0.4,0,0.5,1,1,64,True,58
D2,1,1,0.4,0,0.5,2,2,64,True,47
D2,1,1,0.4,0,0.5,3,3,64,True,45
D2,1,1,0.4,0,0.5,4,4,64,True,22
D2,1,1,0.4,0,0.5,5,5,64,True,28
D2,1,1,0.4,0,0.5,6,6,64,True,18
D2,1,1,0.4,0,0.5,7,7,64,True,12
D2,1,1,0.4,0,0.5,8,8,64,True,15
D2,1,1,0.4,0,0.5,9,9,64,True,17
D2,1,1,0.4,0,0.5,10,10,64,True,6
D2,1,1,0.4,0,0.5,11,11,64,True,8
D2,1,1,0.4,0,0.5,12,12,64,True,8
D2,1,1,0.4,0,0.5,13,13,64,True,9
D2,1,1,0.4,0,0.5,14,14,64,True,5
D2,1,1,0.4,0,0.5,15,15,64,True,8
D2,1,1,0.4,0,0.5,16,16,64,True,6
D2,1,1,0.4,0,0.5,17,17,64,True,9
D2,1,1,0.4,0,0.5,18,18,64,True,7
D2,1,1,0.4,0,0.5,19,19,64,True,6
D2,1,1,0.4,0,0.5,20,20,64,True,6
D2,1,1,0.4,0,0.5,21,21,64,True,7
D2,1,1,0.4,0,0.5,22,22,64,True,6
D2,1,1,0.4,0,0.5,23,23,64,True,8
D2,1,1,0.4,0,0.5,24,24,64,True,6
D2,1,1,0.4,0,0.5,25,25,64,True,8
D2,1,1,0.4,0,0.5,26,26,64,True,7
D2,1,1,0.4,0,0.5,27,27,64,True,9
D2,1,1,0.4,0,0.5,28,28,64,True,2
D2,1,1,0.4,0,0.5,29,29,64,True,2
D2,1,1,0.4,0,0.5,30,30,64,True,6
D2,1,1,0.4,0,0.5,31,31,64,True,4
D2,1,1,0.4,0,0.5,32,32,64,True,4
D2,1,1,0.4,0,0.5,33,33,64,True,5
D2,1,1,0.4,0,0.5,34,34,64,True,5
D2,1,1,0.4,0,0.5,35,35,64,True,9
D2,1,1,0.4,0,0.5,36,36,64,True,5
D2,1,1,0.4,0,0.5,37,37,64,True,7
D2,1,1,0.4,0,0.5,38,38,64,True,8
D2,1,1,0.4,0,0.5,39,39,64,True,8
D2,1,1,0.4,0,0.5,40,40,64,True,4
D2,1,1,0.4,0,0.5,41,41,64,True,10
D2,1,1,0.4,0,0.5,42,42,64,True,6
D2,1,1,0.4,0,0.5,43,43,64,True,5
D2,1,1,0.4,0,0.5,44,44,64,True,4
D2,1,1,0.4,0,0.5,45,45,64,True,6
D2,1,1,0.4,0,0.5,46,46,64,True,11
D2,1,1,0.4,0,0.5,47,47,64,True,3
D2,1,1,0.4,0,0.5,48,48,64,True,3
D2,1,1,0.4,0,0.5,49,49,64,True,9
D2,1,1,0.4,0,0.5,50,50,64,True,6
D2,1,1,0.4,0,0.5,51,51,64,True,7
D2,1,1,0.4,0,0.5,52,52,64,True,11
D2,1,1,0.4,0,0.5,53,53,64,True,13
D2,1,1,0.4,0,0.5,54,54,64,True,5
D2,1,1,0.4,0,0.5,55,55,64,True,7
D2,1,1,0.4,0,0.5,56,56,64,True,11
D2,1,1,0.4,0,0.5,57,57,64,True,9
D2,1,1,0.4,0,0.5,58,58,64,True,7
D2,1,1,0.4,0,0.5,59,59,64,True,18
D2,1,1,0.4,0,0.5,60,60,64,True,11
D2,1,1,0.4,0,0.5,61,61,64,True,19
D2,1,1,0.4,0,0.5,62,62,64,True,19
D2,1,1,0.4,0,0.5,63,63,64,True,31
D2,1,1,0.4,0,0.5,64,64,64,True,105
D3,1,1,0.4,0,0.5,0,0,64,True,1007
D3,1,1,0.4,0,0.5,1,1,64,True,4
D3,1,1,0.4,0,0.5,2,2,64,True,1
D3,1,1,0.4,0,0.5,3,3,64,True,1
D3,1,1,0.4,0,0.5,4,4,64,True,2
D3,1,1,0.4,0,0.5,6,6,64,True,2
D3,1,1,0.4,0,0.5,9,9,64,True,1
D3,1,1,0.4,0,0.5,12,12,64,True,1
D3,1,1,0.4,0,0.5,13,13,64,True,1
D3,1,1,0.4,0,0.5,14,14,64,True,1
D3,1,1,0.4,0,0.5,17,17,64,True,1
D3,1,1,0.4,0,0.5,18,18,64,True,1
D3,1,1,0.4,0,0.5,22,22,64,True,1
D0,1,1,0.4,0,1,64,0,64,True,1020
D0,1,1,0.4,0,1,64,1,64,True,3
D0,1,1,0.4,0,1,64,7,64,True,1
D1,1,1,0.4,0,1,2,0,64,True,1
D1,1,1,0.4,0,1,3,0,64,True,1
D1,1,1,0.4,0,1,7,0,64,True,2
D1,1,1,0.4,0,1,26,0,64,True,1
D1,1,1,0.4,0,1,33,0,64,True,1
D1,1,1,0.4,0,1,40,0,64,True,1
D1,1,1,0.4,0,1,45,0,64,True,1
D1,1,1,0.4,0,1,47,0,64,True,1
D1,1,1,0.4,0,1,51,0,64,True,1
D1,1,1,0.4,0,1,54,0,64,True,1
D1,1,1,0.4,0,1,55,0,64,True,1
D1,1,1,0.4,0,1,56,0,64,True,2
D1,1,1,0.4,0,1,57,0,64,True,2
D1,1,1,0.4,0,1,58,0,64,True,1
D1,1,1,0.4,0,1,59,0,64,True,2
D1,1,1,0.4,0,1,60,0,64,True,1
D1,1,1,0.4,0,1,61,0,64,True,1
D1,1,1,0.4,0,1,62,0,64,True,2
D1,1,1,0.4,0,1,63,0,64,True,4
D1,1,1,0.4,0,1,64,0,64,True,997
D2,1,1,0.4,0,1,0,0,64,True,228
D2,1,1,0.4,0,1,1,0,64,True,58
D2,1,1,0.4,0,1,2,0,64,True,47
D2,1,1,0.4,0,1,3,0,64,True,45
D2,1,1,0.4,0,1,4,0,64,True,22
D2,1,1,0.4,0,1,5,0,64,True,28
D2,1,1,0.4,0,1,6,0,64,True,18
D2,1,1,0.4,0,1,7,0,64,True,12
D2,1,1,0.4,0,1,8,0,64,True,15
D2,1,1,0.4,0,1,9,0,64,True,17
D2,1,1,0.4,0,1,10,0,64,True,6
D2,1,1,0.4,0,1,11,0,64,True,8
D2,1,1,0.4,0,1,12,0,64,True,8
D2,1,1,0.4,0,1,13,0,64,True,9
D2,1,1,0.4,0,1,14,0,64,True,5
D2,1,1,0.4,0,1,15,0,64,True,8
D2,1,1,0.4,0,1,16,0,64,True,6
D2,1,1,0.4,0,1,17,0,64,True,9
D2,1,1,0.4,0,1,18,0,64,True,7
D2,1,1,0.4,0,1,19,0,64,True,6
D2,1,1,0.4,0,1,20,0,64,True,6
D2,1,1,0.4,0,1,21,0,64,True,7
D2,1,1,0.4,0,1,22,0,64,True,6
D2,1,1,0.4,0,1,23,0,64,True,8
D2,1,1,0.4,0,1,24,0,64,True,6
D2,1,1,0.4,0,1,25,0,64,True,8
D2,1,1,0.4,0,1,26,0,64,True,7
D2,1,1,0.4,0,1,27,0,64,True,9
D2,1,1,0.4,0,1,28,0,64,True,2
D2,1,1,0.4,0,1,29,0,64,True,2
D2,1,1,0.4,0,1,30,0,64,True,6
D2,1,1,0.4,0,1,31,0,64,True,4
D2,1,1,0.4,0,1,32,0,64,True,4
D2,1,1,0.4,0,1,33,0,64,True,5
D2,1,1,0.4,0,1,34,0,64,True,5
D2,1,1,0.4,0,1,35,0,64,True,9
D2,1,1,0.4,0,1,36,0,64,True,5
D2,1,1,0.4,0,1,37,0,64,True,7
D2,1,1,0.4,0,1,38,0,64,True,8
D2,1,1,0.4,0,1,39,0,64,True,8
D2,1,1,0.4,0,1,40,0,64,True,4
D2,1,1,0.4,0,1,41,0,64,True,10
D2,1,1,0.4,0,1,42,0,64,True,6
D2,1,1,0.4,0,1,43,0,64,True,5
D2,1,1,0.4,0,1,44,0,64,True,4
D2,1,1,0.4,0,1,45,0,64,True,6
D2,1,1,0.4,0,1,46,0,64,True,11
D2,1,1,0.4,0,1,47,0,64,True,3
D2,1,1,0.4,0,1,48,0,64,True,3
D2,1,1,0.4,0,1,49,0,64,True,9
D2,1,1,0.4,0,1,50,0,64,True,6
D2,1,1,0.4,0,1,51,0,64,True,7
D2,1,1,0.4,0,1,52,0,64,True,11
D2,1,1,0.4,0,1,53,0,64,True,13
D2,1,1,0.4,0,1,54,0,64,True,5
D2,1,1,0.4,0,1,55,0,64,True,7
D2,1,1,0.4,0,1,56,0,64,True,11
D2,1,1,0.4,0,1,57,0,64,True,9
D2,1,1,0.4,0,1,58,0,64,True,7
D2,1,1,0.4,0,1,59,0,64,True,18
D2,1,1,0.4,0,1,60,0,64,True,11
D2,1,1,0.4,0,1,61,0,64,True,19
D2,1,1,0.4,0,1,62,0,64,True,19
D2,1,1,0.4,0,1,63,0,64,True,31
D2,1,1,0.4,0,1,64,0,64,True,105
D3,1,1,0.4,0,1,0,0,64,True,1007
D3,1,1,0.4,0,1,1,0,64,True,4
D3,1,1,0.4,0,1,2,0,64,True,1
D3,1,1,0.4,0,1,3,0,64,True,1
D3,1,1,0.4,0,1,4,0,64,True,2
D3,1,1,0.4,0,1,6,0,64,True,2
D3,1,1,0.4,0,1,9,0,64,True,1
D3,1,1,0.4,0,1,12,0,64,True,1
D3,1,1,0.4,0,1,13,0,64,True,1
D3,1,1,0.4,0,1,14,0,64,True,1
D3,1,1,0.4,0,1,17,0,64,True,1
D3,1,1,0.4,0,1,18,0,64,True,1
D3,1,1,0.4,0,1,22,0,64,True,1
D0,1,1,0.4,2,0.5,64,64,64,True,1024
D1,1,1,0.4,2,0.5,2,2,64,True,1
D1,1,1,0.4,2,0.5,3,3,64,True,1
D1,1,1,0.4,2,0.5,7,7,64,True,2
D1,1,1,0.4,2,0.5,26,26,64,True,1
D1,1,1,0.4,2,0.5,33,33,64,True,1
D1,1,1,0.4,2,0.5,40,40,64,True,1
D1,1,1,0.4,2,0.5,45,45,64,True,1
D1,1,1,0.4,2,0.5,47,47,64,True,1
D1,1,1,0.4,2,0.5,51,51,64,True,1
D1,1,1,0.4,2,0.5,54,54,64,True,1
D1,1,1,0.4,2,0.5,55,55,64,True,1
D1,1,1,0.4,2,0.5,56,56,64,True,2
D1,1,1,0.4,2,0.5,57,57,64,True,2
D1,1,1,0.4,2,0.5,58,58,64,True,1
D1,1,1,0.4,2,0.5,59,59,64,True,2
D1,1,1,0.4,2,0.5,60,60,64,True,1
D1,1,1,0.4,2,0.5,61,61,64,True,1
D1,1,1,0.4,2,0.5,62,62,64,True,2
D1,1,1,0.4,2,0.5,63,63,64,True,4
D1,1,1,0.4,2,0.5,64,64,64,True,997
D2,1,1,0.4,2,0.5,0,0,64,True,228
D2,1,1,0.4,2,0.5,1,1,64,True,58
D2,1,1,0.4,2,0.5,2,2,64,True,47
D2,1,1,0.4,2,0.5,3,3,64,True,45
D2,1,1,0.4,2,0.5,4,4,64,True,22
D2,1,1,0.4,2,0.5,5,5,64,True,28
D2,1,1,0.4,2,0.5,6,6,64,True,18
D2,1,1,0.4,2,0.5,7,7,64,True,12
D2,1,1,0.4,2,0.5,8,8,64,True,15
D2,1,1,0.4,2,0.5,9,9,64,True,17
D2,1,1,0.4,2,0.5,10,10,64,True,6
D2,1,1,0.4,2,0.5,11,11,64,True,8
D2,1,1,0.4,2,0.5,12,12,64,True,8
D2,1,1,0.4,2,0.5,13,13,64,True,9
D2,1,1,0.4,2,0.5,14,14,64,True,5
D2,1,1,0.4,2,0.5,15,15,64,True,8
D2,1,1,0.4,2,0.5,16,16,64,True,6
D2,1,1,0.4,2,0.5,17,17,64,True,9
D2,1,1,0.4,2,0.5,18,18,64,True,7
D2,1,1,0.4,2,0.5,19,19,64,True,6
D2,1,1,0.4,2,0.5,20,20,64,True,6
D2,1,1,0.4,2,0.5,21,21,64,True,7
D2,1,1,0.4,2,0.5,22,22,64,True,6
D2,1,1,0.4,2,0.5,23,23,64,True,8
D2,1,1,0.4,2,0.5,24,24,64,True,6
D2,1,1,0.4,2,0.5,25,25,64,True,8
D2,1,1,0.4,2,0.5,26,26,64,True,7
D2,1,1,0.4,2,0.5,27,27,64,True,9
D2,1,1,0.4,2,0.5,28,28,64,True,2
D2,1,1,0.4,2,0.5,29,29,64,True,2
D2,1,1,0.4,2,0.5,30,30,64,True,6
D2,1,1,0.4,2,0.5,31,31,64,True,4
D2,1,1,0.4,2,0.5,32,32,64,True,4
D2,1,1,0.4,2,0.5,33,33,64,True,5
D2,1,1,0.4,2,0.5,34,34,64,True,5
D2,1,1,0.4,2,0.5,35,35,64,True,9
D2,1,1,0.4,2,0.5,36,36,64,True,5
D2,1,1,0.4,2,0.5,37,37,64,True,7
D2,1,1,0.4,2,0.5,38,38,64,True,8
D2,1,1,0.4,2,0.5,39,39,64,True,8
D2,1,1,0.4,2,0.5,40,40,64,True,4
D2,1,1,0.4,2,0.5,41,41,64,True,10
D2,1,1,0.4,2,0.5,42,42,64,True,6
D2,1,1,0.4,2,0.5,43,43,64,True,5
D2,1,1,0.4,2,0.5,44,44,64,True,4
D2,1,1,0.4,2,0.5,45,45,64,True,6
D2,1,1,0.4,2,0.5,46,46,64,True,11
D2,1,1,0.4,2,0.5,47,47,64,True,3
D2,1,1,0.4,2,0.5,48,48,64,True,3
D2,1,1,0.4,2,0.5,49,49,64,True,9
D2,1,1,0.4,2,0.5,50,50,64,True,6
D2,1,1,0.4,2,0.5,51,51,64,True,7
D2,1,1,0.4,2,0.5,52,52,64,True,11
D2,1,1,0.4,2,0.5,53,53,64,True,13
D2,1,1,0.4,2,0.5,54,54,64,True,5
D2,1,1,0.4,2,0.5,55,55,64,True,7
D2,1,1,0.4,2,0.5,56,56,64,True,11
D2,1,1,0.4,2,0.5,57,57,64,True,9
D2,1,1,0.4,2,0.5,58,58,64,True,7
D2,1,1,0.4,2,0.5,59,59,64,True,18
D2,1,1,0.4,2,0.5,60,60,64,True,11
D2,1,1,0.4,2,0.5,61,61,64,True,19
D2,1,1,0.4,2,0.5,62,62,64,True,19
D2,1,1,0.4,2,0.5,63,63,64,True,31
D2,1,1,0.4,2,0.5,64,64,64,True,105
D3,1,1,0.4,2,0.5,0,0,64,True,1007
D3,1,1,0.4,2,0.5,1,1,64,True,4
D3,1,1,0.4,2,0.5,2,2,64,True,1
D3,1,1,0.4,2,0.5,3,3,64,True,1
D3,1,1,0.4,2,0.5,4,4,64,True,2
D3,1,1,0.4,2,0.5,6,6,64,True,2
D3,1,1,0.4,2,0.5,9,9,64,True,1
D3,1,1,0.4,2,0.5,12,12,64,True,1
D3,1,1,0.4,2,0.5,13,13,64,True,1
D3,1,1,0.4,2,0.5,14,14,64,True,1
D3,1,1,0.4,2,0.5,17,17,64,True,1
D3,1,1,0.4,2,0.5,18,18,64,True,1
D3,1,1,0.4,2,0.5,22,22,64,True,1
D0,1,1,0.4,2,1,64,0,64,True,1020
D0,1,1,0.4,2,1,64,1,64,True,3
D0,1,1,0.4,2,1,64,7,64,True,1
D1,1,1,0.4,2,1,2,0,64,True,1
D1,1,1,0.4,2,1,3,0,64,True,1
D1,1,1,0.4,2,1,7,0,64,True,2
D1,1,1,0.4,2,1,26,0,64,True,1
D1,1,1,0.4,2,1,33,0,64,True,1
D1,1,1,0.4,2,1,40,0,64,True,1
D1,1,1,0.4,2,1,45,0,64,True,1
D1,1,1,0.4,2,1,47,0,64,True,1
D1,1,1,0.4,2,1,51,0,64,True,1
D1,1,1,0.4,2,1,54,0,64,True,1
D1,1,1,0.4,2,1,55,0,64,True,1
D1,1,1,0.4,2,1,56,0,64,True,2
D1,1,1,0.4,2,1,57,0,64,True,2
D1,1,1,0.4,2,1,58,0,64,True,1
D1,1,1,0.4,2,1,59,0,64,True,2
D1,1,1,0.4,2,1,60,0,64,True,1
D1,1,1,0.4,2,1,61,0,64,True,1
D1,1,1,0.4,2,1,62,0,64,True,2
D1,1,1,0.4,2,1,63,0,64,True,4
D1,1,1,0.4,2,1,64,0,64,True,997
D2,1,1,0.4,2,1,0,0,64,True,228
D2,1,1,0.4,2,1,1,0,64,True,58
D2,1,1,0.4,2,1,2,0,64,True,47
D2,1,1,0.4,2,1,3,0,64,True,45
D2,1,1,0.4,2,1,4,0,64,True,22
D2,1,1,0.4,2,1,5,0,64,True,28
D2,1,1,0.4,2,1,6,0,64,True,18
D2,1,1,0.4,2,1,7,0,64,True,12
D2,1,1,0.4,2,1,8,0,64,True,15
D2,1,1,0.4,2,1,9,0,64,True,17
D2,1,1,0.4,2,1,10,0,64,True,6
D2,1,1,0.4,2,1,11,0,64,True,8
D2,1,1,0.4,2,1,12,0,64,True,8
D2,1,1,0.4,2,1,13,0,64,True,9
D2,1,1,0.4,2,1,14,0,64,True,5
D2,1,1,0.4,2,1,15,0,64,True,8
D2,1,1,0.4,2,1,16,0,64,True,6
D2,1,1,0.4,2,1,17,0,64,True,9
D2,1,1,0.4,2,1,18,0,64,True,7
D2,1,1,0.4,2,1,19,0,64,True,6
D2,1,1,0.4,2,1,20,0,64,True,6
D2,1,1,0.4,2,1,21,0,64,True,7
D2,1,1,0.4,2,1,22,0,64,True,6
D2,1,1,0.4,2,1,23,0,64,True,8
D2,1,1,0.4,2,1,24,0,64,True,6
D2,1,1,0.4,2,1,25,0,64,True,8
D2,1,1,0.4,2,1,26,0,64,True,7
D2,1,1,0.4,2,1,27,0,64,True,9
D2,1,1,0.4,2,1,28,0,64,True,2
D2,1,1,0.4,2,1,29,0,64,True,2
D2,1,1,0.4,2,1,30,0,64,True,6
D2,1,1,0.4,2,1,31,0,64,True,4
D2,1,1,0.4,2,1,32,0,64,True,4
D2,1,1,0.4,2,1,33,0,64,True,5
D2,1,1,0.4,2,1,34,0,64,True,5
D2,1,1,0.4,2,1,35,0,64,True,9
D2,1,1,0.4,2,1,36,0,64,True,5
D2,1,1,0.4,2,1,37,0,64,True,7
D2,1,1,0.4,2,1,38,0,64,True,8
D2,1,1,0.4,2,1,39,0,64,True,8
D2,1,1,0.4,2,1,40,0,64,True,4
D2,1,1,0.4,2,1,41,0,64,True,10
D2,1,1,0.4,2,1,42,0,64,True,6
D2,1,1,0.4,2,1,43,0,64,True,5
D2,1,1,0.4,2,1,44,0,64,True,4
D2,1,1,0.4,2,1,45,0,64,True,6
D2,1,1,0.4,2,1,46,0,64,True,11
D2,1,1,0.4,2,1,47,0,64,True,3
D2,1,1,0.4,2,1,48,0,64,True,3
D2,1,1,0.4,2,1,49,0,64,True,9
D2,1,1,0.4,2,1,50,0,64,True,6
D2,1,1,0.4,2,1,51,0,64,True,7
D2,1,1,0.4,2,1,52,0,64,True,11
D2,1,1,0.4,2,1,53,0,64,True,13
D2,1,1,0.4,2,1,54,0,64,True,5
D2,1,1,0.4,2,1,55,0,64,True,7
D2,1,1,0.4,2,1,56,0,64,True,11
D2,1,1,0.4,2,1,57,0,64,True,9
D2,1,1,0.4,2,1,58,0,64,True,7
D2,1,1,0.4,2,1,59,0,64,True,18
D2,1,1,0.4,2,1,60,0,64,True,11
D2,1,1,0.4,2,1,61,0,64,True,19
D2,1,1,0.4,2,1,62,0,64,True,19
D2,1,1,0.4,2,1,63,0,64,True,31
D2,1,1,0.4,2,1,64,0,64,True,105
D3,1,1,0.4,2,1,0,0,64,True,1007
D3,1,1,0.4,2,1,1,0,64,True,4
D3,1,1,0.4,2,1,2,0,64,True,1
D3,1,1,0.4,2,1,3,0,64,True,1
D3,1,1,0.4,2,1,4,0,64,True,2
D3,1,1,0.4,2,1,6,0,64,True,2
D3,1,1,0.4,2,1,9,0,64,True,1
D3,1,1,0.4,2,1,12,0,64,True,1
D3,1,1,0.4,2,1,13,0,64,True,1
D3,1,1,0.4,2,1,14,0,64,True,1
D3,1,1,0.4,2,1,17,0,64,True,1
D3,1,1,0.4,2,1,18,0,64,True,1
D3,1,1,0.4,2,1,22,0,64,True,1
D0,1,1,0.4,5,0.5,64,64,64,True,1024
D1,1,1,0.4,5,0.5,2,2,64,True,1
D1,1,1,0.4,5,0.5,3,3,64,True,1
D1,1,1,0.4,5,0.5,7,7,64,True,2
D1,1,1,0.4,5,0.5,26,26,64,True,1
D1,1,1,0.4,5,0.5,33,33,64,True,1
D1,1,1,0.4,5,0.5,40,40,64,True,1
D1,1,1,0.4,5,0.5,45,45,64,True,1
D1,1,1,0.4,5,0.5,47,47,64,True,1
D1,1,1,0.4,5,0.5,51,51,64,True,1
D1,1,1,0.4,5,0.5,54,54,64,True,1
D1,1,1,0.4,5,0.5,55,55,64,True,1
D1,1,1,0.4,5,0.5,56,56,64,True,2
D1,1,1,0.4,5,0.5,57,57,64,True,2
D1,1,1,0.4,5,0.5,58,58,64,True,1
D1,1,1,0.4,5,0.5,59,59,64,True,2
D1,1,1,0.4,5,0.5,60,60,64,True,1
D1,1,1,0.4,5,0.5,61,61,64,True,1
D1,1,1,0.4,5,0.5,62,62,64,True,2
D1,1,1,0.4,5,0.5,63,63,64,True,4
D1,1,1,0.4,5,0.5,64,64,64,True,997
D2,1,1,0.4,5,0.5,0,0,64,True,228
D2,1,1,0.4,5,0.5,1,1,64,True,58
D2,1,1,0.4,5,0.5,2,2,64,True,47
D2,1,1,0.4,5,0.5,3,3,64,True,45
D2,1,1,0.4,5,0.5,4,4,64,True,22
D2,1,1,0.4,5,0.5,5,5,64,True,28
D2,1,1,0.4,5,0.5,6,6,64,True,18
D2,1,1,0.4,5,0.5,7,7,64,True,12
D2,1,1,0.4,5,0.5,8,8,64,True,15
D2,1,1,0.4,5,0.5,9,9,64,True,17
D2,1,1,0.4,5,0.5,10,10,64,True,6
D2,1,1,0.4,5,0.5,11,11,64,True,8
D2,1,1,0.4,5,0.5,12,12,64,True,8
D2,1,1,0.4,5,0.5,13,13,64,True,9
D2,1,1,0.4,5,0.5,14,14,64,True,5
D2,1,1,0.4,5,0.5,15,15,64,True,8
D2,1,1,0.4,5,0.5,16,16,64,True,6
D2,1,1,0.4,5,0.5,17,17,64,True,9
D2,1,1,0.4,5,0.5,18,18,64,True,7
D2,1,1,0.4,5,0.5,19,19,64,True,6
D2,1,1,0.4,5,0.5,20,20,64,True,6
D2,1,1,0.4,5,0.5,21,21,64,True,7
D2,1,1,0.4,5,0.5,22,22,64,True,6
D2,1,1,0.4,5,0.5,23,23,64,True,8
D2,1,1,0.4,5,0.5,24,24,64,True,6
D2,1,1,0.4,5,0.5,25,25,64,True,8
D2,1,1,0.4,5,0.5,26,26,64,True,7
D2,1,1,0.4,5,0.5,27,27,64,True,9
D2,1,1,0.4,5,0.5,28,28,64,True,2
D2,1,1,0.4,5,0.5,29,29,64,True,2
D2,1,1,0.4,5,0.5,30,30,64,True,6
D2,1,1,0.4,5,0.5,31,31,64,True,4
D2,1,1,0.4,5,0.5,32,32,64,True,4
D2,1,1,0.4,5,0.5,33,33,64,True,5
D2,1,1,0.4,5,0.5,34,34,64,True,5
D2,1,1,0.4,5,0.5,35,35,64,True,9
D2,1,1,0.4,5,0.5,36,36,64,True,5
D2,1,1,0.4,5,0.5,37,37,64,True,7
D2,1,1,0.4,5,0.5,38,38,64,True,8
D2,1,1,0.4,5,0.5,39,39,64,True,8
D2,1,1,0.4,5,0.5,40,40,64,True,4
D2,1,1,0.4,5,0.5,41,41,64,True,10
D2,1,1,0.4,5,0.5,42,42,64,True,6
D2,1,1,0.4,5,0.5,43,43,64,True,5
D2,1,1,0.4,5,0.5,44,44,64,True,4
D2,1,1,0.4,5,0.5,45,45,64,True,6
D2,1,1,0.4,5,0.5,46,46,64,True,11
D2,1,1,0.4,5,0.5,47,47,64,True,3
D2,1,1,0.4,5,0.5,48,48,64,True,3
D2,1,1,0.4,5,0.5,49,49,64,True,9
D2,1,1,0.4,5,0.5,50,50,64,True,6
D2,1,1,0.4,5,0.5,51,51,64,True,7
D2,1,1,0.4,5,0.5,52,52,64,True,11
D2,1,1,0.4,5,0.5,53,53,64,True,13
D2,1,1,0.4,5,0.5,54,54,64,True,5
D2,1,1,0.4,5,0.5,55,55,64,True,7
D2,1,1,0.4,5,0.5,56,56,64,True,11
D2,1,1,0.4,5,0.5,57,57,64,True,9
D2,1,1,0.4,5,0.5,58,58,64,True,7
D2,1,1,0.4,5,0.5,59,59,64,True,18
D2,1,1,0.4,5,0.5,60,60,64,True,11
D2,1,1,0.4,5,0.5,61,61,64,True,19
D2,1,1,0.4,5,0.5,62,62,64,True,19
D2,1,1,0.4,5,0.5,63,63,64,True,31
D2,1,1,0.4,5,0.5,64,64,64,True,105
D3,1,1,0.4,5,0.5,0,0,64,True,1007
D3,1,1,0.4,5,0.5,1,1,64,True,4
D3,1,1,0.4,5,0.5,2,2,64,True,1
D3,1,1,0.4,5,0.5,3,3,64,True,1
D3,1,1,0.4,5,0.5,4,4,64,True,2
D3,1,1,0.4,5,0.5,6,6,64,True,2
D3,1,1,0.4,5,0.5,9,9,64,True,1
D3,1,1,0.4,5,0.5,12,12,64,True,1
D3,1,1,0.4,5,0.5,13,13,64,True,1
D3,1,1,0.4,5,0.5,14,14,64,True,1
D3,1,1,0.4,5,0.5,17,17,64,True,1
D3,1,1,0.4,5,0.5,18,18,64,True,1
D3,1,1,0.4,5,0.5,22,22,64,True,1
D0,1,1,0.4,5,1,64,0,64,True,1020
D0,1,1,0.4,5,1,64,1,64,True,3
D0,1,1,0.4,5,1,64,7,64,True,1
D1,1,1,0.4,5,1,2,0,64,True,1
D1,1,1,0.4,5,1,3,0,64,True,1
D1,1,1,0.4,5,1,7,0,64,True,2
D1,1,1,0.4,5,1,26,0,64,True,1
D1,1,1,0.4,5,1,33,0,64,True,1
D1,1,1,0.4,5,1,40,0,64,True,1
D1,1,1,0.4,5,1,45,0,64,True,1
D1,1,1,0.4,5,1,47,0,64,True,1
D1,1,1,0.4,5,1,51,0,64,True,1
D1,1,1,0.4,5,1,54,0,64,True,1
D1,1,1,0.4,5,1,55,0,64,True,1
D1,1,1,0.4,5,1,56,0,64,True,2
D1,1,1,0.4,5,1,57,0,64,True,2
D1,1,1,0.4,5,1,58,0,64,True,1
D1,1,1,0.4,5,1,59,0,64,True,2
D1,1,1,0.4,5,1,60,0,64,True,1
D1,1,1,0.4,5,1,61,0,64,True,1
D1,1,1,0.4,5,1,62,0,64,True,2
D1,1,1,0.4,5,1,63,0,64,True,4
D1,1,1,0.4,5,1,64,0,64,True,997
D2,1,1,0.4,5,1,0,0,64,True,228
D2,1,1,0.4,5,1,1,0,64,True,58
D2,1,1,0.4,5,1,2,0,64,True,47
D2,1,1,0.4,5,1,3,0,64,True,45
D2,1,1,0.4,5,1,4,0,64,True,22
D2,1,1,0.4,5,1,5,0,64,True,28
D2,1,1,0.4,5,1,6,0,64,True,18
D2,1,1,0.4,5,1,7,0,64,True,12
D2,1,1,0.4,5,1,8,0,64,True,15
D2,1,1,0.4,5,1,9,0,64,True,17
D2,1,1,0.4,5,1,10,0,64,True,6
D2,1,1,0.4,5,1,11,0,64,True,8
D2,1,1,0.4,5,1,12,0,64,True,8
D2,1,1,0.4,5,1,13,0,64,True,9
D2,1,1,0.4,5,1,14,0,64,True,5
D2,1,1,0.4,5,1,15,0,64,True,8
D2,1,1,0.4,5,1,16,0,64,True,6
D2,1,1,0.4,5,1,17,0,64,True,9
D2,1,1,0.4,5,1,18,0,64,True,7
D2,1,1,0.4,5,1,19,0,64,True,6
D2,1,1,0.4,5,1,20,0,64,True,6
D2,1,1,0.4,5,1,21,0,64,True,7
D2,1,1,0.4,5,1,22,0,64,True,6
D2,1,1,0.4,5,1,23,0,64,True,8
D2,1,1,0.4,5,1,24,0,64,True,6
D2,1,1,0.4,5,1,25,0,64,True,8
D2,1,1,0.4,5,1,26,0,64,True,7
D2,1,1,0.4,5,1,27,0,64,True,9
D2,1,1,0.4,5,1,28,0,64,True,2
D2,1,1,0.4,5,1,29,0,64,True,2
D2,1,1,0.4,5,1,30,0,64,True,6
D2,1,1,0.4,5,1,31,0,64,True,4
D2,1,1,0.4,5,1,32,0,64,True,4
D2,1,1,0.4,5,1,33,0,64,True,5
D2,1,1,0.4,5,1,34,0,64,True,5
D2,1,1,0.4,5,1,35,0,64,True,9
D2,1,1,0.4,5,1,36,0,64,True,5
D2,1,1,0.4,5,1,37,0,64,True,7
D2,1,1,0.4,5,1,38,0,64,True,8
D2,1,1,0.4,5,1,39,0,64,True,8
D2,1,1,0.4,5,1,40,0,64,True,4
D2,1,1,0.4,5,1,41,0,64,True,10
D2,1,1,0.4,5,1,42,0,64,True,6
D2,1,1,0.4,5,1,43,0,64,True,5
D2,1,1,0.4,5,1,44,0,64,True,4
D2,1,1,0.4,5,1,45,0,64,True,6
D2,1,1,0.4,5,1,46,0,64,True,11
D2,1,1,0.4,5,1,47,0,64,True,3
D2,1,1,0.4,5,1,48,0,64,True,3
D2,1,1,0.4,5,1,49,0,64,True,9
D2,1,1,0.4,5,1,50,0,64,True,6
D2,1,1,0.4,5,1,51,0,64,True,7
D2,1,1,0.4,5,1,52,0,64,True,11
D2,1,1,0.4,5,1,53,0,64,True,13
D2,1,1,0.4,5,1,54,0,64,True,5
D2,1,1,0.4,5,1,55,0,64,True,7
D2,1,1,0.4,5,1,56,0,64,True,11
D2,1,1,0.4,5,1,57,0,64,True,9
D2,1,1,0.4,5,1,58,0,64,True,7
D2,1,1,0.4,5,1,59,0,64,True,18
D2,1,1,0.4,5,1,60,0,64,True,11
D2,1,1,0.4,5,1,61,0,64,True,19
D2,1,1,0.4,5,1,62,0,64,True,19
D2,1,1,0.4,5,1,63,0,64,True,31
D2,1,1,0.4,5,1,64,0,64,True,105
D3,1,1,0.4,5,1,0,0,64,True,1007
D3,1,1,0.4,5,1,1,0,64,True,4
D3,1,1,0.4,5,1,2,0,64,True,1
D3,1,1,0.4,5,1,3,0,64,True,1
D3,1,1,0.4,5,1,4,0,64,True,2
D3,1,1,0.4,5,1,6,0,64,True,2
D3,1,1,0.4,5,1,9,0,64,True,1
D3,1,1,0.4,5,1,12,0,64,True,1
D3,1,1,0.4,5,1,13,0,64,True,1
D3,1,1,0.4,5,1,14,0,64,True,1
D3,1,1,0.4,5,1,17,0,64,True,1
D3,1,1,0.4,5,1,18,0,64,True,1
D3,1,1,0.4,5,1,22,0,64,True,1
D0,5,1,0.4,0,0.5,64,64,64,True,1024
D1,5,1,0.4,0,0.5,0,0,64,True,1018
D1,5,1,0.4,0,0.5,1,1,64,True,3
D1,5,1,0.4,0,0.5,2,2,64,True,1
D1,5,1,0.4,0,0.5,5,5,64,True,2
D2,5,1,0.4,0,0.5,0,0,64,True,1024
D3,5,1,0.4,0,0.5,0,0,64,True,1024
D0,5,1,0.4,0,1,64,0,64,True,1024
D1,5,1,0.4,0,1,0,0,64,True,1018
D1,5,1,0.4,0,1,1,0,64,True,3
D1,5,1,0.4,0,1,2,0,64,True,1
D1,5,1,0.4,0,1,5,0,64,True,2
D2,5,1,0.4,0,1,0,0,64,True,1024
D3,5,1,0.4,0,1,0,0,64,True,1024
D0,5,1,0.4,2,0.5,64,64,64,True,1024
D1,5,1,0.4,2,0.5,0,0,64,True,1018
D1,5,1,0.4,2,0.5,1,1,64,True,3
D1,5,1,0.4,2,0.5,2,2,64,True,1
D1,5,1,0.4,2,0.5,5,5,64,True,2
D2,5,1,0.4,2,0.5,0,0,64,True,1024
D3,5,1,0.4,2,0.5,0,0,64,True,1024
D0,5,1,0.4,2,1,64,0,64,True,1024
D1,5,1,0.4,2,1,0,0,64,True,1018
D1,5,1,0.4,2,1,1,0,64,True,3
D1,5,1,0.4,2,1,2,0,64,True,1
D1,5,1,0.4,2,1,5,0,64,True,2
D2,5,1,0.4,2,1,0,0,64,True,1024
D3,5,1,0.4,2,1,0,0,64,True,1024
D0,5,1,0.4,5,0.5,64,64,64,True,1024
D1,5,1,0.4,5,0.5,0,0,64,True,1018
D1,5,1,0.4,5,0.5,1,1,64,True,3
D1,5,1,0.4,5,0.5,2,2,64,True,1
D1,5,1,0.4,5,0.5,5,5,64,True,2
D2,5,1,0.4,5,0.5,0,0,64,True,1024
D3,5,1,0.4,5,0.5,0,0,64,True,1024
D0,5,1,0.4,5,1,64,0,64,True,1024
D1,5,1,0.4,5,1,0,0,64,True,1018
D1,5,1,0.4,5,1,1,0,64,True,3
D1,5,1,0.4,5,1,2,0,64,True,1
D1,5,1,0.4,5,1,5,0,64,True,2
D2,5,1,0.4,5,1,0,0,64,True,1024
D3,5,1,0.4,5,1,0,0,64,True,1024
D0,10,1,0.4,0,0.5,61,61,64,True,1
D0,10,1,0.4,0,0.5,63,63,64,True,2
D0,10,1,0.4,0,0.5,64,64,64,True,1021
D1,10,1,0.4,0,0.5,0,0,64,True,1024
D2,10,1,0.4,0,0.5,0,0,64,True,1024
D3,10,1,0.4,0,0.5,0,0,64,True,1024
D0,10,1,0.4,0,1,61,0,64,True,1
D0,10,1,0.4,0,1,63,0,64,True,2
D0,10,1,0.4,0,1,64,0,64,True,1021
D1,10,1,0.4,0,1,0,0,64,True,1024
D2,10,1,0.4,0,1,0,0,64,True,1024
D3,10,1,0.4,0,1,0,0,64,True,1024
D0,10,1,0.4,2,0.5,62,62,64,True,1
D0,10,1,0.4,2,0.5,63,63,64,True,2
D0,10,1,0.4,2,0.5,64,64,64,True,1021
D1,10,1,0.4,2,0.5,0,0,64,True,1024
D2,10,1,0.4,2,0.5,0,0,64,True,1024
D3,10,1,0.4,2,0.5,0,0,64,True,1024
D0,10,1,0.4,2,1,62,0,64,True,1
D0,10,1,0.4,2,1,63,0,64,True,2
D0,10,1,0.4,2,1,64,0,64,True,1021
D1,10,1,0.4,2,1,0,0,64,True,1024
D2,10,1,0.4,2,1,0,0,64,True,1024
D3,10,1,0.4,2,1,0,0,64,True,1024
D0,10,1,0.4,5,0.5,62,62,64,True,1
D0,10,1,0.4,5,0.5,63,63,64,True,1
D0,10,1,0.4,5,0.5,64,64,64,True,1022
D1,10,1,0.4,5,0.5,0,0,64,True,1024
D2,10,1,0.4,5,0.5,0,0,64,True,1024
D3,10,1,0.4,5,0.5,0,0,64,True,1024
D0,10,1,0.4,5,1,62,0,64,True,1
D0,10,1,0.4,5,1,63,0,64,True,1
D0,10,1,0.4,5,1,64,0,64,True,1022
D1,10,1,0.4,5,1,0,0,64,True,1024
D2,10,1,0.4,5,1,0,0,64,True,1024
D3,10,1,0.4,5,1,0,0,64,True,1024
D0,20,1,0.4,0,0.5,55,55,64,True,1
D0,20,1,0.4,0,0.5,58,58,64,True,1
D0,20,1,0.4,0,0.5,61,61,64,True,1
D0,20,1,0.4,0,0.5,62,62,64,True,1
D0,20,1,0.4,0,0.5,63,63,64,True,3
D0,20,1,0.4,0,0.5,64,64,64,True,1017
D1,20,1,0.4,0,0.5,0,0,64,True,1024
D2,20,1,0.4,0,0.5,0,0,64,True,1024
D3,20,1,0.4,0,0.5,0,0,64,True,1024
D0,20,1,0.4,0,1,55,0,64,True,1
D0,20,1,0.4,0,1,58,0,64,True,1
D0,20,1,0.4,0,1,61,0,64,True,1
D0,20,1,0.4,0,1,62,0,64,True,1
D0,20,1,0.4,0,1,63,0,64,True,3
D0,20,1,0.4,0,1,64,0,64,True,1015
D0,20,1,0.4,0,1,64,18,64,True,1
D0,20,1,0.4,0,1,64,19,64,True,1
D1,20,1,0.4,0,1,0,0,64,True,1024
D2,20,1,0.4,0,1,0,0,64,True,1024
D3,20,1,0.4,0,1,0,0,64,True,1024
D0,20,1,0.4,2,0.5,56,56,64,True,1
D0,20,1,0.4,2,0.5,59,59,64,True,1
D0,20,1,0.4,2,0.5,63,63,64,True,2
D0,20,1,0.4,2,0.5,64,64,64,True,1020
D1,20,1,0.4,2,0.5,0,0,64,True,1024
D2,20,1,0.4,2,0.5,0,0,64,True,1024
D3,20,1,0.4,2,0.5,0,0,64,True,1024
D0,20,1,0.4,2,1,56,0,64,True,1
D0,20,1,0.4,2,1,59,0,64,True,1
D0,20,1,0.4,2,1,63,0,64,True,2
D0,20,1,0.4,2,1,64,0,64,True,1018
D0,20,1,0.4,2,1,64,18,64,True,1
D0,20,1,0.4,2,1,64,19,64,True,1
D1,20,1,0.4,2,1,0,0,64,True,1024
D2,20,1,0.4,2,1,0,0,64,True,1024
D3,20,1,0.4,2,1,0,0,64,True,1024
D0,20,1,0.4,5,0.5,56,56,64,True,1
D0,20,1,0.4,5,0.5,59,59,64,True,1
D0,20,1,0.4,5,0.5,63,63,64,True,1
D0,20,1,0.4,5,0.5,64,64,64,True,1021
D1,20,1,0.4,5,0.5,0,0,64,True,1024
D2,20,1,0.4,5,0.5,0,0,64,True,1024
D3,20,1,0.4,5,0.5,0,0,64,True,1024
D0,20,1,0.4,5,1,56,0,64,True,1
D0,20,1,0.4,5,1,59,0,64,True,1
D0,20,1,0.4,5,1,63,0,64,True,1
D0,20,1,0.4,5,1,64,0,64,True,1019
D0,20,1,0.4,5,1,64,18,64,True,1
D0,20,1,0.4,5,1,64,19,64,True,1
D1,20,1,0.4,5,1,0,0,64,True,1024
D2,20,1,0.4,5,1,0,0,64,True,1024
D3,20,1,0.4,5,1,0,0,64,True,1024
D0,1,1,0.8,0,0.5,0,0,64,False,520
D0,1,1,0.8,0,0.5,0,0,64,True,63
D0,1,1,0.8,0,0.5,1,1,64,True,2
D0,1,1,0.8,0,0.5,2,2,64,True,2
D0,1,1,0.8,0,0.5,5,5,64,True,2
D0,1,1,0.8,0,0.5,11,11,64,True,1
D0,1,1,0.8,0,0.5,12,12,64,True,1
D0,1,1,0.8,0,0.5,13,13,64,True,1
D0,1,1,0.8,0,0.5,16,16,64,True,1
D0,1,1,0.8,0,0.5,18,18,64,True,1
D0,1,1,0.8,0,0.5,19,19,64,True,1
D0,1,1,0.8,0,0.5,22,22,64,True,1
D0,1,1,0.8,0,0.5,23,23,64,True,1
D0,1,1,0.8,0,0.5,24,24,64,True,1
D0,1,1,0.8,0,0.5,44,44,64,True,1
D0,1,1,0.8,0,0.5,45,45,64,True,1
D0,1,1,0.8,0,0.5,55,55,64,True,1
D0,1,1,0.8,0,0.5,60,60,64,True,3
D0,1,1,0.8,0,0.5,62,62,64,True,2
D0,1,1,0.8,0,0.5,63,63,64,True,3
D0,1,1,0.8,0,0.5,64,64,64,True,415
D1,1,1,0.8,0,0.5,0,0,64,False,520
D1,1,1,0.8,0,0.5,0,0,64,True,228
D1,1,1,0.8,0,0.5,1,1,64,True,2
D1,1,1,0.8,0,0.5,5,5,64,True,1
D1,1,1,0.8,0,0.5,6,6,64,True,1
D1,1,1,0.8,0,0.5,7,7,64,True,3
D1,1,1,0.8,0,0.5,9,9,64,True,1
D1,1,1,0.8,0,0.5,15,15,64,True,1
D1,1,1,0.8,0,0.5,18,18,64,True,2
D1,1,1,0.8,0,0.5,19,19,64,True,1
D1,1,1,0.8,0,0.5,42,42,64,True,1
D1,1,1,0.8,0,0.5,43,43,64,True,1
D1,1,1,0.8,0,0.5,44,44,64,True,1
D1,1,1,0.8,0,0.5,45,45,64,True,1
D1,1,1,0.8,0,0.5,46,46,64,True,1
D1,1,1,0.8,0,0.5,48,48,64,True,1
D1,1,1,0.8,0,0.5,50,50,64,True,1
D1,1,1,0.8,0,0.5,54,54,64,True,1
D1,1,1,0.8,0,0.5,55,55,64,True,2
D1,1,1,0.8,0,0.5,63,63,64,True,4
D1,1,1,0.8,0,0.5,64,64,64,True,250
D2,1,1,0.8,0,0.5,0,0,64,False,520
D2,1,1,0.8,0,0.5,0,0,64,True,171
D2,1,1,0.8,0,0.5,1,1,64,True,9
D2,1,1,0.8,0,0.5,2,2,64,True,9
D2,1,1,0.8,0,0.5,3,3,64,True,7
D2,1,1,0.8,0,0.5,4,4,64,True,5
D2,1,1,0.8,0,0.5,5,5,64,True,2
D2,1,1,0.8,0,0.5,6,6,64,True,2
D2,1,1,0.8,0,0.5,7,7,64,True,4
D2,1,1,0.8,0,0.5,8,8,64,True,8
D2,1,1,0.8,0,0.5,9,9,64,True,5
D2,1,1,0.8,0,0.5,10,10,64,True,3
D2,1,1,0.8,0,0.5,11,11,64,True,5
D2,1,1,0.8,0,0.5,12,12,64,True,3
D2,1,1,0.8,0,0.5,13,13,64,True,2
D2,1,1,0.8,0,0.5,14,14,64,True,3
D2,1,1,0.8,0,0.5,15,15,64,True,2
D2,1,1,0.8,0,0.5,16,16,64,True,2
D2,1,1,0.8,0,0.5,17,17,64,True,5
D2,1,1,0.8,0,0.5,18,18,64,True,2
D2,1,1,0.8,0,0.5,19,19,64,True,3
D2,1,1,0.8,0,0.5,20,20,64,True,5
D2,1,1,0.8,0,0.5,21,21,64,True,2
D2,1,1,0.8,0,0.5,22,22,64,True,4
D2,1,1,0.8,0,0.5,23,23,64,True,4
D2,1,1,0.8,0,0.5,24,24,64,True,3
D2,1,1,0.8,0,0.5,25,25,64,True,7
D2,1,1,0.8,0,0.5,26,26,64,True,3
D2,1,1,0.8,0,0.5,27,27,64,True,4
D2,1,1,0.8,0,0.5,29,29,64,True,1
D2,1,1,0.8,0,0.5,31,31,64,True,1
D2,1,1,0.8,0,0.5,32,32,64,True,2
D2,1,1,0.8,0,0.5,33,33,64,True,4
D2,1,1,0.8,0,0.5,34,34,64,True,2
D2,1,1,0.8,0,0.5,35,35,64,True,4
D2,1,1,0.8,0,0.5,36,36,64,True,4
D2,1,1,0.8,0,0.5,37,37,64,True,5
D2,1,1,0.8,0,0.5,38,38,64,True,4
D2,1,1,0.8,0,0.5,39,39,64,True,7
D2,1,1,0.8,0,0.5,40,40,64,True,1
D2,1,1,0.8,0,0.5,41,41,64,True,5
D2,1,1,0.8,0,0.5,42,42,64,True,1
D2,1,1,0.8,0,0.5,43,43,64,True,2
D2,1,1,0.8,0,0.5,44,44,64,True,1
D2,1,1,0.8,0,0.5,45,45,64,True,2
D2,1,1,0.8,0,0.5,46,46,64,True,6
D2,1,1,0.8,0,0.5,47,47,64,True,2
D2,1,1,0.8,0,0.5,49,49,64,True,6
D2,1,1,0.8,0,0.5,50,50,64,True,2
D2,1,1,0.8,0,0.5,51,51,64,True,2
D2,1,1,0.8,0,0.5,52,52,64,True,6
D2,1,1,0.8,0,0.5,53,53,64,True,5
D2,1,1,0.8,0,0.5,54,54,64,True,2
D2,1,1,0.8,0,0.5,55,55,64,True,5
D2,1,1,0.8,0,0.5,56,56,64,True,5
D2,1,1,0.8,0,0.5,57,57,64,True,6
D2,1,1,0.8,0,0.5,58,58,64,True,2
D2,1,1,0.8,0,0.5,59,59,64,True,9
D2,1,1,0.8,0,0.5,60,60,64,True,7
D2,1,1,0.8,0,0.5,61,61,64,True,11
D2,1,1,0.8,0,0.5,62,62,64,True,11
D2,1,1,0.8,0,0.5,63,63,64,True,21
D2,1,1,0.8,0,0.5,64,64,64,True,66
D3,1,1,0.8,0,0.5,0,0,64,False,520
D3,1,1,0.8,0,0.5,0,0,64,True,498
D3,1,1,0.8,0,0.5,1,1,64,True,1
D3,1,1,0.8,0,0.5,2,2,64,True,1
D3,1,1,0.8,0,0.5,6,6,64,True,2
D3,1,1,0.8,0,0.5,17,17,64,True,1
D3,1,1,0.8,0,0.5,22,22,64,True,1
D0,1,1,0.8,0,1,0,0,64,False,520
D0,1,1,0.8,0,1,0,0,64,True,63
D0,1,1,0.8,0,1,1,0,64,True,2
D0,1,1,0.8,0,1,2,0,64,True,2
D0,1,1,0.8,0,1,5,0,64,True,2
D0,1,1,0.8,0,1,11,0,64,True,1
D0,1,1,0.8,0,1,12,0,64,True,1
D0,1,1,0.8,0,1,13,0,64,True,1
D0,1,1,0.8,0,1,16,0,64,True,1
D0,1,1,0.8,0,1,18,0,64,True,1
D0,1,1,0.8,0,1,19,0,64,True,1
D0,1,1,0.8,0,1,22,0,64,True,1
D0,1,1,0.8,0,1,23,0,64,True,1
D0,1,1,0.8,0,1,24,0,64,True,1
D0,1,1,0.8,0,1,44,0,64,True,1
D0,1,1,0.8,0,1,45,0,64,True,1
D0,1,1,0.8,0,1,55,0,64,True,1
D0,1,1,0.8,0,1,60,0,64,True,3
D0,1,1,0.8,0,1,62,0,64,True,2
D0,1,1,0.8,0,1,63,0,64,True,3
D0,1,1,0.8,0,1,64,0,64,True,415
D1,1,1,0.8,0,1,0,0,64,False,520
D1,1,1,0.8,0,1,0,0,64,True,228
D1,1,1,0.8,0,1,1,0,64,True,2
D1,1,1,0.8,0,1,5,0,64,True,1
D1,1,1,0.8,0,1,6,0,64,True,1
D1,1,1,0.8,0,1,7,0,64,True,3
D1,1,1,0.8,0,1,9,0,64,True,1
D1,1,1,0.8,0,1,15,0,64,True,1
D1,1,1,0.8,0,1,18,0,64,True,2
D1,1,1,0.8,0,1,19,0,64,True,1
D1,1,1,0.8,0,1,42,0,64,True,1
D1,1,1,0.8,0,1,43,0,64,True,1
D1,1,1,0.8,0,1,44,0,64,True,1
D1,1,1,0.8,0,1,45,0,64,True,1
D1,1,1,0.8,0,1,46,0,64,True,1
D1,1,1,0.8,0,1,48,0,64,True,1
D1,1,1,0.8,0,1,50,0,64,True,1
D1,1,1,0.8,0,1,54,0,64,True,1
D1,1,1,0.8,0,1,55,0,64,True,2
D1,1,1,0.8,0,1,63,0,64,True,4
D1,1,1,0.8,0,1,64,0,64,True,250
D2,1,1,0.8,0,1,0,0,64,False,520
D2,1,1,0.8,0,1,0,0,64,True,171
D2,1,1,0.8,0,1,1,0,64,True,9
D2,1,1,0.8,0,1,2,0,64,True,9
D2,1,1,0.8,0,1,3,0,64,True,7
D2,1,1,0.8,0,1,4,0,64,True,5
D2,1,1,0.8,0,1,5,0,64,True,2
D2,1,1,0.8,0,1,6,0,64,True,2
D2,1,1,0.8,0,1,7,0,64,True,4
D2,1,1,0.8,0,1,8,0,64,True,8
D2,1,1,0.8,0,1,9,0,64,True,5
D2,1,1,0.8,0,1,10,0,64,True,3
D2,1,1,0.8,0,1,11,0,64,True,5
D2,1,1,0.8,0,1,12,0,64,True,3
D2,1,1,0.8,0,1,13,0,64,True,2
D2,1,1,0.8,0,1,14,0,64,True,3
D2,1,1,0.8,0,1,15,0,64,True,2
D2,1,1,0.8,0,1,16,0,64,True,2
D2,1,1,0.8,0,1,17,0,64,True,5
D2,1,1,0.8,0,1,18,0,64,True,2
D2,1,1,0.8,0,1,19,0,64,True,3
D2,1,1,0.8,0,1,20,0,64,True,5
D2,1,1,0.8,0,1,21,0,64,True,2
D2,1,1,0.8,0,1,22,0,64,True,4
D2,1,1,0.8,0,1,23,0,64,True,4
D2,1,1,0.8,0,1,24,0,64,True,3
D2,1,1,0.8,0,1,25,0,64,True,7
D2,1,1,0.8,0,1,26,0,64,True,3
D2,1,1,0.8,0,1,27,0,64,True,4
D2,1,1,0.8,0,1,29,0,64,True,1
D2,1,1,0.8,0,1,31,0,64,True,1
D2,1,1,0.8,0,1,32,0,64,True,2
D2,1,1,0.8,0,1,33,0,64,True,4
D2,1,1,0.8,0,1,34,0,64,True,2
D2,1,1,0.8,0,1,35,0,64,True,4
D2,1,1,0.8,0,1,36,0,64,True,4
D2,1,1,0.8,0,1,37,0,64,True,5
D2,1,1,0.8,0,1,38,0,64,True,4
D2,1,1,0.8,0,1,39,0,64,True,7
D2,1,1,0.8,0,1,40,0,64,True,1
D2,1,1,0.8,0,1,41,0,64,True,5
D2,1,1,0.8,0,1,42,0,64,True,1
D2,1,1,0.8,0,1,43,0,64,True,2
D2,1,1,0.8,0,1,44,0,64,True,1
D2,1,1,0.8,0,1,45,0,64,True,2
D2,1,1,0.8,0,1,46,0,64,True,6
D2,1,1,0.8,0,1,47,0,64,True,2
D2,1,1,0.8,0,1,49,0,64,True,6
D2,1,1,0.8,0,1,50,0,64,True,2
D2,1,1,0.8,0,1,51,0,64,True,2
D2,1,1,0.8,0,1,52,0,64,True,6
D2,1,1,0.8,0,1,53,0,64,True,5
D2,1,1,0.8,0,1,54,0,64,True,2
D2,1,1,0.8,0,1,55,0,64,True,5
D2,1,1,0.8,0,1,56,0,64,True,5
D2,1,1,0.8,0,1,57,0,64,True,6
D2,1,1,0.8,0,1,58,0,64,True,2
D2,1,1,0.8,0,1,59,0,64,True,9
D2,1,1,0.8,0,1,60,0,64,True,7
D2,1,1,0.8,0,1,61,0,64,True,11
D2,1,1,0.8,0,1,62,0,64,True,11
D2,1,1,0.8,0,1,63,0,64,True,21
D2,1,1,0.8,0,1,64,0,64,True,66
D3,1,1,0.8,0,1,0,0,64,False,520
D3,1,1,0.8,0,1,0,0,64,True,498
D3,1,1,0.8,0,1,1,0,64,True,1
D3,1,1,0.8,0,1,2,0,64,True,1
D3,1,1,0.8,0,1,6,0,64,True,2
D3,1,1,0.8,0,1,17,0,64,True,1
D3,1,1,0.8,0,1,22,0,64,True,1
D0,1,1,0.8,2,0.5,0,0,64,False,520
D0,1,1,0.8,2,0.5,0,0,64,True,63
D0,1,1,0.8,2,0.5,1,1,64,True,2
D0,1,1,0.8,2,0.5,2,2,64,True,2
D0,1,1,0.8,2,0.5,5,5,64,True,2
D0,1,1,0.8,2,0.5,11,11,64,True,1
D0,1,1,0.8,2,0.5,12,12,64,True,1
D0,1,1,0.8,2,0.5,13,13,64,True,1
D0,1,1,0.8,2,0.5,16,16,64,True,1
D0,1,1,0.8,2,0.5,18,18,64,True,1
D0,1,1,0.8,2,0.5,19,19,64,True,1
D0,1,1,0.8,2,0.5,22,22,64,True,1
D0,1,1,0.8,2,0.5,23,23,64,True,1
D0,1,1,0.8,2,0.5,24,24,64,True,1
D0,1,1,0.8,2,0.5,44,44,64,True,1
D0,1,1,0.8,2,0.5,45,45,64,True,1
D0,1,1,0.8,2,0.5,55,55,64,True,1
D0,1,1,0.8,2,0.5,60,60,64,True,3
D0,1,1,0.8,2,0.5,62,62,64,True,2
D0,1,1,0.8,2,0.5,63,63,64,True,3
D0,1,1,0.8,2,0.5,64,64,64,True,415
D1,1,1,0.8,2,0.5,0,0,64,False,520
D1,1,1,0.8,2,0.5,0,0,64,True,228
D1,1,1,0.8,2,0.5,1,1,64,True,2
D1,1,1,0.8,2,0.5,5,5,64,True,1
D1,1,1,0.8,2,0.5,6,6,64,True,1
D1,1,1,0.8,2,0.5,7,7,64,True,3
D1,1,1,0.8,2,0.5,9,9,64,True,1
D1,1,1,0.8,2,0.5,15,15,64,True,1
D1,1,1,0.8,2,0.5,18,18,64,True,2
D1,1,1,0.8,2,0.5,19,19,64,True,1
D1,1,1,0.8,2,0.5,42,42,64,True,1
D1,1,1,0.8,2,0.5,43,43,64,True,1
D1,1,1,0.8,2,0.5,44,44,64,True,1
D1,1,1,0.8,2,0.5,45,45,64,True,1
D1,1,1,0.8,2,0.5,46,46,64,True,1
D1,1,1,0.8,2,0.5,48,48,64,True,1
D1,1,1,0.8,2,0.5,50,50,64,True,1
D1,1,1,0.8,2,0.5,54,54,64,True,1
D1,1,1,0.8,2,0.5,55,55,64,True,2
D1,1,1,0.8,2,0.5,63,63,64,True,4
D1,1,1,0.8,2,0.5,64,64,64,True,250
D2,1,1,0.8,2,0.5,0,0,64,False,520
D2,1,1,0.8,2,0.5,0,0,64,True,171
D2,1,1,0.8,2,0.5,1,1,64,True,9
D2,1,1,0.8,2,0.5,2,2,64,True,9
D2,1,1,0.8,2,0.5,3,3,64,True,7
D2,1,1,0.8,2,0.5,4,4,64,True,5
D2,1,1,0.8,2,0.5,5,5,64,True,2
D2,1,1,0.8,2,0.5,6,6,64,True,2
D2,1,1,0.8,2,0.5,7,7,64,True,4
D2,1,1,0.8,2,0.5,8,8,64,True,8
D2,1,1,0.8,2,0.5,9,9,64,True,5
D2,1,1,0.8,2,0.5,10,10,64,True,3
D2,1,1,0.8,2,0.5,11,11,64,True,5
D2,1,1,0.8,2,0.5,12,12,64,True,3
D2,1,1,0.8,2,0.5,13,13,64,True,2
D2,1,1,0.8,2,0.5,14,14,64,True,3
D2,1,1,0.8,2,0.5,15,15,64,True,2
D2,1,1,0.8,2,0.5,16,16,64,True,2
D2,1,1,0.8,2,0.5,17,17,64,True,5
D2,1,1,0.8,2,0.5,18,18,64,True,2
D2,1,1,0.8,2,0.5,19,19,64,True,3
D2,1,1,0.8,2,0.5,20,20,64,True,5
D2,1,1,0.8,2,0.5,21,21,64,True,2
D2,1,1,0.8,2,0.5,22,22,64,True,4
D2,1,1,0.8,2,0.5,23,23,64,True,4
D2,1,1,0.8,2,0.5,24,24,64,True,3
D2,1,1,0.8,2,0.5,25,25,64,True,7
D2,1,1,0.8,2,0.5,26,26,64,True,3
D2,1,1,0.8,2,0.5,27,27,64,True,4
D2,1,1,0.8,2,0.5,29,29,64,True,1
D2,1,1,0.8,2,0.5,31,31,64,True,1
D2,1,1,0.8,2,0.5,32,32,64,True,2
D2,1,1,0.8,2,0.5,33,33,64,True,4
D2,1,1,0.8,2,0.5,34,34,64,True,2
D2,1,1,0.8,2,0.5,35,35,64,True,4
D2,1,1,0.8,2,0.5,36,36,64,True,4
D2,1,1,0.8,2,0.5,37,37,64,True,5
D2,1,1,0.8,2,0.5,38,38,64,True,4
D2,1,1,0.8,2,0.5,39,39,64,True,7
D2,1,1,0.8,2,0.5,40,40,64,True,1
D2,1,1,0.8,2,0.5,41,41,64,True,5
D2,1,1,0.8,2,0.5,42,42,64,True,1
D2,1,1,0.8,2,0.5,43,43,64,True,2
D2,1,1,0.8,2,0.5,44,44,64,True,1
D2,1,1,0.8,2,0.5,45,45,64,True,2
D2,1,1,0.8,2,0.5,46,46,64,True,6
D2,1,1,0.8,2,0.5,47,47,64,True,2
D2,1,1,0.8,2,0.5,49,49,64,True,6
D2,1,1,0.8,2,0.5,50,50,64,True,2
D2,1,1,0.8,2,0.5,51,51,64,True,2
D2,1,1,0.8,2,0.5,52,52,64,True,6
D2,1,1,0.8,2,0.5,53,53,64,True,5
D2,1,1,0.8,2,0.5,54,54,64,True,2
D2,1,1,0.8,2,0.5,55,55,64,True,5
D2,1,1,0.8,2,0.5,56,56,64,True,5
D2,1,1,0.8,2,0.5,57,57,64,True,6
D2,1,1,0.8,2,0.5,58,58,64,True,2
D2,1,1,0.8,2,0.5,59,59,64,True,9
D2,1,1,0.8,2,0.5,60,60,64,True,7
D2,1,1,0.8,2,0.5,61,61,64,True,11
D2,1,1,0.8,2,0.5,62,62,64,True,11
D2,1,1,0.8,2,0.5,63,63,64,True,21
D2,1,1,0.8,2,0.5,64,64,64,True,66
D3,1,1,0.8,2,0.5,0,0,64,False,520
D3,1,1,0.8,2,0.5,0,0,64,True,498
D3,1,1,0.8,2,0.5,1,1,64,True,1
D3,1,1,0.8,2,0.5,2,2,64,True,1
D3,1,1,0.8,2,0.5,6,6,64,True,2
D3,1,1,0.8,2,0.5,17,17,64,True,1
D3,1,1,0.8,2,0.5,22,22,64,True,1
D0,1,1,0.8,2,1,0,0,64,False,520
D0,1,1,0.8,2,1,0,0,64,True,63
D0,1,1,0.8,2,1,1,0,64,True,2
D0,1,1,0.8,2,1,2,0,64,True,2
D0,1,1,0.8,2,1,5,0,64,True,2
D0,1,1,0.8,2,1,11,0,64,True,1
D0,1,1,0.8,2,1,12,0,64,True,1
D0,1,1,0.8,2,1,13,0,64,True,1
D0,1,1,0.8,2,1,16,0,64,True,1
D0,1,1,0.8,2,1,18,0,64,True,1
D0,1,1,0.8,2,1,19,0,64,True,1
D0,1,1,0.8,2,1,22,0,64,True,1
D0,1,1,0.8,2,1,23,0,64,True,1
D0,1,1,0.8,2,1,24,0,64,True,1
D0,1,1,0.8,2,1,44,0,64,True,1
D0,1,1,0.8,2,1,45,0,64,True,1
D0,1,1,0.8,2,1,55,0,64,True,1
D0,1,1,0.8,2,1,60,0,64,True,3
D0,1,1,0.8,2,1,62,0,64,True,2
D0,1,1,0.8,2,1,63,0,64,True,3
D0,1,1,0.8,2,1,64,0,64,True,415
D1,1,1,0.8,2,1,0,0,64,False,520
D1,1,1,0.8,2,1,0,0,64,True,228
D1,1,1,0.8,2,1,1,0,64,True,2
D1,1,1,0.8,2,1,5,0,64,True,1
D1,1,1,0.8,2,1,6,0,64,True,1
D1,1,1,0.8,2,1,7,0,64,True,3
D1,1,1,0.8,2,1,9,0,64,True,1
D1,1,1,0.8,2,1,15,0,64,True,1
D1,1,1,0.8,2,1,18,0,64,True,2
D1,1,1,0.8,2,1,19,0,64,True,1
D1,1,1,0.8,2,1,42,0,64,True,1
D1,1,1,0.8,2,1,43,0,64,True,1
D1,1,1,0.8,2,1,44,0,64,True,1
D1,1,1,0.8,2,1,45,0,64,True,1
D1,1,1,0.8,2,1,46,0,64,True,1
D1,1,1,0.8,2,1,48,0,64,True,1
D1,1,1,0.8,2,1,50,0,64,True,1
D1,1,1,0.8,2,1,54,0,64,True,1
D1,1,1,0.8,2,1,55,0,64,True,2
D1,1,1,0.8,2,1,63,0,64,True,4
D1,1,1,0.8,2,1,64,0,64,True,250
D2,1,1,0.8,2,1,0,0,64,False,520
D2,1,1,0.8,2,1,0,0,64,True,171
D2,1,1,0.8,2,1,1,0,64,True,9
D2,1,1,0.8,2,1,2,0,64,True,9
D2,1,1,0.8,2,1,3,0,64,True,7
D2,1,1,0.8,2,1,4,0,64,True,5
D2,1,1,0.8,2,1,5,0,64,True,2
D2,1,1,0.8,2,1,6,0,64,True,2
D2,1,1,0.8,2,1,7,0,64,True,4
D2,1,1,0.8,2,1,8,0,64,True,8
D2,1,1,0.8,2,1,9,0,64,True,5
D2,1,1,0.8,2,1,10,0,64,True,3
D2,1,1,0.8,2,1,11,0,64,True,5
D2,1,1,0.8,2,1,12,0,64,True,3
D2,1,1,0.8,2,1,13,0,64,True,2
D2,1,1,0.8,2,1,14,0,64,True,3
D2,1,1,0.8,2,1,15,0,64,True,2
D2,1,1,0.8,2,1,16,0,64,True,2
D2,1,1,0.8,2,1,17,0,64,True,5
D2,1,1,0.8,2,1,18,0,64,True,2
D2,1,1,0.8,2,1,19,0,64,True,3
D2,1,1,0.8,2,1,20,0,64,True,5
D2,1,1,0.8,2,1,21,0,64,True,2
D2,1,1,0.8,2,1,22,0,64,True,4
D2,1,1,0.8,2,1,23,0,64,True,4
D2,1,1,0.8,2,1,24,0,64,True,3
D2,1,1,0.8,2,1,25,0,64,True,7
D2,1,1,0.8,2,1,26,0,64,True,3
D2,1,1,0.8,2,1,27,0,64,True,4
D2,1,1,0.8,2,1,29,0,64,True,1
D2,1,1,0.8,2,1,31,0,64,True,1
D2,1,1,0.8,2,1,32,0,64,True,2
D2,1,1,0.8,2,1,33,0,64,True,4
D2,1,1,0.8,2,1,34,0,64,True,2
D2,1,1,0.8,2,1,35,0,64,True,4
D2,1,1,0.8,2,1,36,0,64,True,4
D2,1,1,0.8,2,1,37,0,64,True,5
D2,1,1,0.8,2,1,38,0,64,True,4
D2,1,1,0.8,2,1,39,0,64,True,7
D2,1,1,0.8,2,1,40,0,64,True,1
D2,1,1,0.8,2,1,41,0,64,True,5
D2,1,1,0.8,2,1,42,0,64,True,1
D2,1,1,0.8,2,1,43,0,64,True,2
D2,1,1,0.8,2,1,44,0,64,True,1
D2,1,1,0.8,2,1,45,0,64,True,2
D2,1,1,0.8,2,1,46,0,64,True,6
D2,1,1,0.8,2,1,47,0,64,True,2
D2,1,1,0.8,2,1,49,0,64,True,6
D2,1,1,0.8,2,1,50,0,64,True,2
D2,1,1,0.8,2,1,51,0,64,True,2
D2,1,1,0.8,2,1,52,0,64,True,6
D2,1,1,0.8,2,1,53,0,64,True,5
D2,1,1,0.8,2,1,54,0,64,True,2
D2,1,1,0.8,2,1,55,0,64,True,5
D2,1,1,0.8,2,1,56,0,64,True,5
D2,1,1,0.8,2,1,57,0,64,True,6
D2,1,1,0.8,2,1,58,0,64,True,2
D2,1,1,0.8,2,1,59,0,64,True,9
D2,1,1,0.8,2,1,60,0,64,True,7
D2,1,1,0.8,2,1,61,0,64,True,11
D2,1,1,0.8,2,1,62,0,64,True,11
D2,1,1,0.8,2,1,63,0,64,True,21
D2,1,1,0.8,2,1,64,0,64,True,66
D3,1,1,0.8,2,1,0,0,64,False,520
D3,1,1,0.8,2,1,0,0,64,True,498
D3,1,1,0.8,2,1,1,0,64,True,1
D3,1,1,0.8,2,1,2,0,64,True,1
D3,1,1,0.8,2,1,6,0,64,True,2
D3,1,1,0.8,2,1,17,0,64,True,1
D3,1,1,0.8,2,1,22,0,64,True,1
D0,1,1,0.8,5,0.5,0,0,64,False,520
D0,1,1,0.8,5,0.5,0,0,64,True,63
D0,1,1,0.8,5,0.5,1,1,64,True,2
D0,1,1,0.8,5,0.5,2,2,64,True,2
D0,1,1,0.8,5,0.5,5,5,64,True,2
D0,1,1,0.8,5,0.5,11,11,64,True,1
D0,1,1,0.8,5,0.5,12,12,64,True,1
D0,1,1,0.8,5,0.5,13,13,64,True,1
D0,1,1,0.8,5,0.5,16,16,64,True,1
D0,1,1,0.8,5,0.5,18,18,64,True,1
D0,1,1,0.8,5,0.5,19,19,64,True,1
D0,1,1,0.8,5,0.5,22,22,64,True,1
D0,1,1,0.8,5,0.5,23,23,64,True,1
D0,1,1,0.8,5,0.5,24,24,64,True,1
D0,1,1,0.8,5,0.5,44,44,64,True,1
D0,1,1,0.8,5,0.5,45,45,64,True,1
D0,1,1,0.8,5,0.5,55,55,64,True,1
D0,1,1,0.8,5,0.5,60,60,64,True,3
D0,1,1,0.8,5,0.5,62,62,64,True,2
D0,1,1,0.8,5,0.5,63,63,64,True,3
D0,1,1,0.8,5,0.5,64,64,64,True,415
D1,1,1,0.8,5,0.5,0,0,64,False,520
D1,1,1,0.8,5,0.5,0,0,64,True,228
D1,1,1,0.8,5,0.5,1,1,64,True,2
D1,1,1,0.8,5,0.5,5,5,64,True,1
D1,1,1,0.8,5,0.5,6,6,64,True,1
D1,1,1,0.8,5,0.5,7,7,64,True,3
D1,1,1,0.8,5,0.5,9,9,64,True,1
D1,1,1,0.8,5,0.5,15,15,64,True,1
D1,1,1,0.8,5,0.5,18,18,64,True,2
D1,1,1,0.8,5,0.5,19,19,64,True,1
D1,1,1,0.8,5,0.5,42,42,64,True,1
D1,1,1,0.8,5,0.5,43,43,64,True,1
D1,1,1,0.8,5,0.5,44,44,64,True,1
D1,1,1,0.8,5,0.5,45,45,64,True,1
D1,1,1,0.8,5,0.5,46,46,64,True,1
D1,1,1,0.8,5,0.5,48,48,64,True,1
D1,1,1,0.8,5,0.5,50,50,64,True,1
D1,1,1,0.8,5,0.5,54,54,64,True,1
D1,1,1,0.8,5,0.5,55,55,64,True,2
D1,1,1,0.8,5,0.5,63,63,64,True,4
D1,1,1,0.8,5,0.5,64,64,64,True,250
D2,1,1,0.8,5,0.5,0,0,64,False,520
D2,1,1,0.8,5,0.5,0,0,64,True,171
D2,1,1,0.8,5,0.5,1,1,64,True,9
D2,1,1,0.8,5,0.5,2,2,64,True,9
D2,1,1,0.8,5,0.5,3,3,64,True,7
D2,1,1,0.8,5,0.5,4,4,64,True,5
D2,1,1,0.8,5,0.5,5,5,64,True,2
D2,1,1,0.8,5,0.5,6,6,64,True,2
D2,1,1,0.8,5,0.5,7,7,64,True,4
D2,1,1,0.8,5,0.5,8,8,64,True,8
D2,1,1,0.8,5,0.5,9,9,64,True,5
D2,1,1,0.8,5,0.5,10,10,64,True,3
D2,1,1,0.8,5,0.5,11,11,64,True,5
D2,1,1,0.8,5,0.5,12,12,64,True,3
D2,1,1,0.8,5,0.5,13,13,64,True,2
D2,1,1,0.8,5,0.5,14,14,64,True,3
D2,1,1,0.8,5,0.5,15,15,64,True,2
D2,1,1,0.8,5,0.5,16,16,64,True,2
D2,1,1,0.8,5,0.5,17,17,64,True,5
D2,1,1,0.8,5,0.5,18,18,64,True,2
D2,1,1,0.8,5,0.5,19,19,64,True,3
D2,1,1,0.8,5,0.5,20,20,64,True,5
D2,1,1,0.8,5,0.5,21,21,64,True,2
D2,1,1,0.8,5,0.5,22,22,64,True,4
D2,1,1,0.8,5,0.5,23,23,64,True,4
D2,1,1,0.8,5,0.5,24,24,64,True,3
D2,1,1,0.8,5,0.5,25,25,64,True,7
D2,1,1,0.8,5,0.5,26,26,64,True,3
D2,1,1,0.8,5,0.5,27,27,64,True,4
D2,1,1,0.8,5,0.5,29,29,64,True,1
D2,1,1,0.8,5,0.5,31,31,64,True,1
D2,1,1,0.8,5,0.5,32,32,64,True,2
D2,1,1,0.8,5,0.5,33,33,64,True,4
D2,1,1,0.8,5,0.5,34,34,64,True,2
D2,1,1,0.8,5,0.5,35,35,64,True,4
D2,1,1,0.8,5,0.5,36,36,64,True,4
D2,1,1,0.8,5,0.5,37,37,64,True,5
D2,1,1,0.8,5,0.5,38,38,64,True,4
D2,1,1,0.8,5,0.5,39,39,64,True,7
D2,1,1,0.8,5,0.5,40,40,64,True,1
D2,1,1,0.8,5,0.5,41,41,64,True,5
D2,1,1,0.8,5,0.5,42,42,64,True,1
D2,1,1,0.8,5,0.5,43,43,64,True,2
D2,1,1,0.8,5,0.5,44,44,64,True,1
D2,1,1,0.8,5,0.5,45,45,64,True,2
D2,1,1,0.8,5,0.5,46,46,64,True,6
D2,1,1,0.8,5,0.5,47,47,64,True,2
D2,1,1,0.8,5,0.5,49,49,64,True,6
D2,1,1,0.8,5,0.5,50,50,64,True,2
D2,1,1,0.8,5,0.5,51,51,64,True,2
D2,1,1,0.8,5,0.5,52,52,64,True,6
D2,1,1,0.8,5,0.5,53,53,64,True,5
D2,1,1,0.8,5,0.5,54,54,64,True,2
D2,1,1,0.8,5,0.5,55,55,64,True,5
D2,1,1,0.8,5,0.5,56,56,64,True,5
D2,1,1,0.8,5,0.5,57,57,64,True,6
D2,1,1,0.8,5,0.5,58,58,64,True,2
D2,1,1,0.8,5,0.5,59,59,64,True,9
D2,1,1,0.8,5,0.5,60,60,64,True,7
D2,1,1,0.8,5,0.5,61,61,64,True,11
D2,1,1,0.8,5,0.5,62,62,64,True,11
D2,1,1,0.8,5,0.5,63,63,64,True,21
D2,1,1,0.8,5,0.5,64,64,64,True,66
D3,1,1,0.8,5,0.5,0,0,64,False,520
D3,1,1,0.8,5,0.5,0,0,64,True,498
D3,1,1,0.8,5,0.5,1,1,64,True,1
D3,1,1,0.8,5,0.5,2,2,64,True,1
D3,1,1,0.8,5,0.5,6,6,64,True,2
D3,1,1,0.8,5,0.5,17,17,64,True,1
D3,1,1,0.8,5,0.5,22,22,64,True,1
D0,1,1,0.8,5,1,0,0,64,False,520
D0,1,1,0.8,5,1,0,0,64,True,63
D0,1,1,0.8,5,1,1,0,64,True,2
D0,1,1,0.8,5,1,2,0,64,True,2
D0,1,1,0.8,5,1,5,0,64,True,2
D0,1,1,0.8,5,1,11,0,64,True,1
D0,1,1,0.8,5,1,12,0,64,True,1
D0,1,1,0.8,5,1,13,0,64,True,1
D0,1,1,0.8,5,1,16,0,64,True,1
D0,1,1,0.8,5,1,18,0,64,True,1
D0,1,1,0.8,5,1,19,0,64,True,1
D0,1,1,0.8,5,1,22,0,64,True,1
D0,1,1,0.8,5,1,23,0,64,True,1
D0,1,1,0.8,5,1,24,0,64,True,1
D0,1,1,0.8,5,1,44,0,64,True,1
D0,1,1,0.8,5,1,45,0,64,True,1
D0,1,1,0.8,5,1,55,0,64,True,1
D0,1,1,0.8,5,1,60,0,64,True,3
D0,1,1,0.8,5,1,62,0,64,True,2
D0,1,1,0.8,5,1,63,0,64,True,3
D0,1,1,0.8,5,1,64,0,64,True,415
D1,1,1,0.8,5,1,0,0,64,False,520
D1,1,1,0.8,5,1,0,0,64,True,228
D1,1,1,0.8,5,1,1,0,64,True,2
D1,1,1,0.8,5,1,5,0,64,True,1
D1,1,1,0.8,5,1,6,0,64,True,1
D1,1,1,0.8,5,1,7,0,64,True,3
D1,1,1,0.8,5,1,9,0,64,True,1
D1,1,1,0.8,5,1,15,0,64,True,1
D1,1,1,0.8,5,1,18,0,64,True,2
D1,1,1,0.8,5,1,19,0,64,True,1
D1,1,1,0.8,5,1,42,0,64,True,1
D1,1,1,0.8,5,1,43,0,64,True,1
D1,1,1,0.8,5,1,44,0,64,True,1
D1,1,1,0.8,5,1,45,0,64,True,1
D1,1,1,0.8,5,1,46,0,64,True,1
D1,1,1,0.8,5,1,48,0,64,True,1
D1,1,1,0.8,5,1,50,0,64,True,1
D1,1,1,0.8,5,1,54,0,64,True,1
D1,1,1,0.8,5,1,55,0,64,True,2
D1,1,1,0.8,5,1,63,0,64,True,4
D1,1,1,0.8,5,1,64,0,64,True,250
D2,1,1,0.8,5,1,0,0,64,False,520
D2,1,1,0.8,5,1,0,0,64,True,171
D2,1,1,0.8,5,1,1,0,64,True,9
D2,1,1,0.8,5,1,2,0,64,True,9
D2,1,1,0.8,5,1,3,0,64,True,7
D2,1,1,0.8,5,1,4,0,64,True,5
D2,1,1,0.8,5,1,5,0,64,True,2
D2,1,1,0.8,5,1,6,0,64,True,2
D2,1,1,0.8,5,1,7,0,64,True,4
D2,1,1,0.8,5,1,8,0,64,True,8
D2,1,1,0.8,5,1,9,0,64,True,5
D2,1,1,0.8,5,1,10,0,64,True,3
D2,1,1,0.8,5,1,11,0,64,True,5
D2,1,1,0.8,5,1,12,0,64,True,3
D2,1,1,0.8,5,1,13,0,64,True,2
D2,1,1,0.8,5,1,14,0,64,True,3
D2,1,1,0.8,5,1,15,0,64,True,2
D2,1,1,0.8,5,1,16,0,64,True,2
D2,1,1,0.8,5,1,17,0,64,True,5
D2,1,1,0.8,5,1,18,0,64,True,2
D2,1,1,0.8,5,1,19,0,64,True,3
D2,1,1,0.8,5,1,20,0,64,True,5
D2,1,1,0.8,5,1,21,0,64,True,2
D2,1,1,0.8,5,1,22,0,64,True,4
D2,1,1,0.8,5,1,23,0,64,True,4
D2,1,1,0.8,5,1,24,0,64,True,3
D2,1,1,0.8,5,1,25,0,64,True,7
D2,1,1,0.8,5,1,26,0,64,True,3
D2,1,1,0.8,5,1,27,0,64,True,4
D2,1,1,0.8,5,1,29,0,64,True,1
D2,1,1,0.8,5,1,31,0,64,True,1
D2,1,1,0.8,5,1,32,0,64,True,2
D2,1,1,0.8,5,1,33,0,64,True,4
D2,1,1,0.8,5,1,34,0,64,True,2
D2,1,1,0.8,5,1,35,0,64,True,4
D2,1,1,0.8,5,1,36,0,64,True,4
D2,1,1,0.8,5,1,37,0,64,True,5
D2,1,1,0.8,5,1,38,0,64,True,4
D2,1,1,0.8,5,1,39,0,64,True,7
D2,1,1,0.8,5,1,40,0,64,True,1
D2,1,1,0.8,5,1,41,0,64,True,5
D2,1,1,0.8,5,1,42,0,64,True,1
D2,1,1,0.8,5,1,43,0,64,True,2
D2,1,1,0.8,5,1,44,0,64,True,1
D2,1,1,0.8,5,1,45,0,64,True,2
D2,1,1,0.8,5,1,46,0,64,True,6
D2,1,1,0.8,5,1,47,0,64,True,2
D2,1,1,0.8,5,1,49,0,64,True,6
D2,1,1,0.8,5,1,50,0,64,True,2
D2,1,1,0.8,5,1,51,0,64,True,2
D2,1,1,0.8,5,1,52,0,64,True,6
D2,1,1,0.8,5,1,53,0,64,True,5
D2,1,1,0.8,5,1,54,0,64,True,2
D2,1,1,0.8,5,1,55,0,64,True,5
D2,1,1,0.8,5,1,56,0,64,True,5
D2,1,1,0.8,5,1,57,0,64,True,6
D2,1,1,0.8,5,1,58,0,64,True,2
D2,1,1,0.8,5,1,59,0,64,True,9
D2,1,1,0.8,5,1,60,0,64,True,7
D2,1,1,0.8,5,1,61,0,64,True,11
D2,1,1,0.8,5,1,62,0,64,True,11
D2,1,1,0.8,5,1,63,0,64,True,21
D2,1,1,0.8,5,1,64,0,64,True,66
D3,1,1,0.8,5,1,0,0,64,False,520
D3,1,1,0.8,5,1,0,0,64,True,498
D3,1,1,0.8,5,1,1,0,64,True,1
D3,1,1,0.8,5,1,2,0,64,True,1
D3,1,1,0.8,5,1,6,0,64,True,2
D3,1,1,0.8,5,1,17,0,64,True,1
D3,1,1,0.8,5,1,22,0,64,True,1
D0,5,1,0.8,0,0.5,0,0,64,False,520
D0,5,1,0.8,0,0.5,0,0,64,True,378
D0,5,1,0.8,0,0.5,1,1,64,True,6
D0,5,1,0.8,0,0.5,2,2,64,True,1
D0,5,1,0.8,0,0.5,3,3,64,True,1
D0,5,1,0.8,0,0.5,4,4,64,True,1
D0,5,1,0.8,0,0.5,8,8,64,True,2
D0,5,1,0.8,0,0.5,9,9,64,True,2
D0,5,1,0.8,0,0.5,10,10,64,True,2
D0,5,1,0.8,0,0.5,11,11,64,True,2
D0,5,1,0.8,0,0.5,12,12,64,True,1
D0,5,1,0.8,0,0.5,13,13,64,True,2
D0,5,1,0.8,0,0.5,14,14,64,True,2
D0,5,1,0.8,0,0.5,15,15,64,True,1
D0,5,1,0.8,0,0.5,16,16,64,True,1
D0,5,1,0.8,0,0.5,20,20,64,True,1
D0,5,1,0.8,0,0.5,22,22,64,True,1
D0,5,1,0.8,0,0.5,24,24,64,True,1
D0,5,1,0.8,0,0.5,28,28,64,True,1
D0,5,1,0.8,0,0.5,29,29,64,True,2
D0,5,1,0.8,0,0.5,40,40,64,True,1
D0,5,1,0.8,0,0.5,42,42,64,True,1
D0,5,1,0.8,0,0.5,46,46,64,True,2
D0,5,1,0.8,0,0.5,47,47,64,True,1
D0,5,1,0.8,0,0.5,48,48,64,True,1
D0,5,1,0.8,0,0.5,50,50,64,True,2
D0,5,1,0.8,0,0.5,53,53,64,True,1
D0,5,1,0.8,0,0.5,54,54,64,True,1
D0,5,1,0.8,0,0.5,56,56,64,True,3
D0,5,1,0.8,0,0.5,58,58,64,True,1
D0,5,1,0.8,0,0.5,59,59,64,True,1
D0,5,1,0.8,0,0.5,60,60,64,True,1
D0,5,1,0.8,0,0.5,61,61,64,True,4
D0,5,1,0.8,0,0.5,62,62,64,True,4
D0,5,1,0.8,0,0.5,63,63,64,True,1
D0,5,1,0.8,0,0.5,64,64,64,True,71
D1,5,1,0.8,0,0.5,0,0,64,False,520
D1,5,1,0.8,0,0.5,0,0,64,True,504
D2,5,1,0.8,0,0.5,0,0,64,False,520
D2,5,1,0.8,0,0.5,0,0,64,True,504
D3,5,1,0.8,0,0.5,0,0,64,False,520
D3,5,1,0.8,0,0.5,0,0,64,True,504
D0,5,1,0.8,0,1,0,0,64,False,520
D0,5,1,0.8,0,1,0,0,64,True,378
D0,5,1,0.8,0,1,1,0,64,True,6
D0,5,1,0.8,0,1,2,0,64,True,1
D0,5,1,0.8,0,1,3,0,64,True,1
D0,5,1,0.8,0,1,4,0,64,True,1
D0,5,1,0.8,0,1,8,0,64,True,2
D0,5,1,0.8,0,1,9,0,64,True,2
D0,5,1,0.8,0,1,10,0,64,True,2
D0,5,1,0.8,0,1,11,0,64,True,2
D0,5,1,0.8,0,1,12,0,64,True,1
D0,5,1,0.8,0,1,13,0,64,True,2
D0,5,1,0.8,0,1,14,0,64,True,2
D0,5,1,0.8,0,1,15,0,64,True,1
D0,5,1,0.8,0,1,16,0,64,True,1
D0,5,1,0.8,0,1,20,0,64,True,1
D0,5,1,0.8,0,1,22,0,64,True,1
D0,5,1,0.8,0,1,24,0,64,True,1
D0,5,1,0.8,0,1,28,0,64,True,1
D0,5,1,0.8,0,1,29,0,64,True,2
D0,5,1,0.8,0,1,40,0,64,True,1
D0,5,1,0.8,0,1,42,0,64,True,1
D0,5,1,0.8,0,1,46,0,64,True,2
D0,5,1,0.8,0,1,47,0,64,True,1
D0,5,1,0.8,0,1,48,0,64,True,1
D0,5,1,0.8,0,1,50,0,64,True,2
D0,5,1,0.8,0,1,53,0,64,True,1
D0,5,1,0.8,0,1,54,0,64,True,1
D0,5,1,0.8,0,1,56,0,64,True,3
D0,5,1,0.8,0,1,58,0,64,True,1
D0,5,1,0.8,0,1,59,0,64,True,1
D0,5,1,0.8,0,1,60,0,64,True,1
D0,5,1,0.8,0,1,61,0,64,True,4
D0,5,1,0.8,0,1,62,0,64,True,4
D0,5,1,0.8,0,1,63,0,64,True,1
D0,5,1,0.8,0,1,64,0,64,True,71
D1,5,1,0.8,0,1,0,0,64,False,520
D1,5,1,0.8,0,1,0,0,64,True,504
D2,5,1,0.8,0,1,0,0,64,False,520
D2,5,1,0.8,0,1,0,0,64,True,504
D3,5,1,0.8,0,1,0,0,64,False,520
D3,5,1,0.8,0,1,0,0,64,True,504
D0,5,1,0.8,2,0.5,0,0,64,False,520
D0,5,1,0.8,2,0.5,0,0,64,True,378
D0,5,1,0.8,2,0.5,1,1,64,True,6
D0,5,1,0.8,2,0.5,2,2,64,True,1
D0,5,1,0.8,2,0.5,3,3,64,True,1
D0,5,1,0.8,2,0.5,4,4,64,True,1
D0,5,1,0.8,2,0.5,8,8,64,True,2
D0,5,1,0.8,2,0.5,9,9,64,True,2
D0,5,1,0.8,2,0.5,10,10,64,True,2
D0,5,1,0.8,2,0.5,11,11,64,True,2
D0,5,1,0.8,2,0.5,12,12,64,True,1
D0,5,1,0.8,2,0.5,13,13,64,True,2
D0,5,1,0.8,2,0.5,14,14,64,True,2
D0,5,1,0.8,2,0.5,15,15,64,True,1
D0,5,1,0.8,2,0.5,16,16,64,True,1
D0,5,1,0.8,2,0.5,20,20,64,True,1
D0,5,1,0.8,2,0.5,22,22,64,True,1
D0,5,1,0.8,2,0.5,24,24,64,True,1
D0,5,1,0.8,2,0.5,28,28,64,True,1
D0,5,1,0.8,2,0.5,29,29,64,True,2
D0,5,1,0.8,2,0.5,40,40,64,True,1
D0,5,1,0.8,2,0.5,42,42,64,True,1
D0,5,1,0.8,2,0.5,46,46,64,True,2
D0,5,1,0.8,2,0.5,47,47,64,True,1
D0,5,1,0.8,2,0.5,48,48,64,True,1
D0,5,1,0.8,2,0.5,50,50,64,True,2
D0,5,1,0.8,2,0.5,53,53,64,True,1
D0,5,1,0.8,2,0.5,54,54,64,True,1
D0,5,1,0.8,2,0.5,56,56,64,True,3
D0,5,1,0.8,2,0.5,58,58,64,True,1
D0,5,1,0.8,2,0.5,59,59,64,True,1
D0,5,1,0.8,2,0.5,60,60,64,True,1
D0,5,1,0.8,2,0.5,61,61,64,True,4
D0,5,1,0.8,2,0.5,62,62,64,True,4
D0,5,1,0.8,2,0.5,63,63,64,True,1
D0,5,1,0.8,2,0.5,64,64,64,True,71
D1,5,1,0.8,2,0.5,0,0,64,False,520
D1,5,1,0.8,2,0.5,0,0,64,True,504
D2,5,1,0.8,2,0.5,0,0,64,False,520
D2,5,1,0.8,2,0.5,0,0,64,True,504
D3,5,1,0.8,2,0.5,0,0,64,False,520
D3,5,1,0.8,2,0.5,0,0,64,True,504
D0,5,1,0.8,2,1,0,0,64,False,520
D0,5,1,0.8,2,1,0,0,64,True,378
D0,5,1,0.8,2,1,1,0,64,True,6
D0,5,1,0.8,2,1,2,0,64,True,1
D0,5,1,0.8,2,1,3,0,64,True,1
D0,5,1,0.8,2,1,4,0,64,True,1
D0,5,1,0.8,2,1,8,0,64,True,2
D0,5,1,0.8,2,1,9,0,64,True,2
D0,5,1,0.8,2,1,10,0,64,True,2
D0,5,1,0.8,2,1,11,0,64,True,2
D0,5,1,0.8,2,1,12,0,64,True,1
D0,5,1,0.8,2,1,13,0,64,True,2
D0,5,1,0.8,2,1,14,0,64,True,2
D0,5,1,0.8,2,1,15,0,64,True,1
D0,5,1,0.8,2,1,16,0,64,True,1
D0,5,1,0.8,2,1,20,0,64,True,1
D0,5,1,0.8,2,1,22,0,64,True,1
D0,5,1,0.8,2,1,24,0,64,True,1
D0,5,1,0.8,2,1,28,0,64,True,1
D0,5,1,0.8,2,1,29,0,64,True,2
D0,5,1,0.8,2,1,40,0,64,True,1
D0,5,1,0.8,2,1,42,0,64,True,1
D0,5,1,0.8,2,1,46,0,64,True,2
D0,5,1,0.8,2,1,47,0,64,True,1
D0,5,1,0.8,2,1,48,0,64,True,1
D0,5,1,0.8,2,1,50,0,64,True,2
D0,5,1,0.8,2,1,53,0,64,True,1
D0,5,1,0.8,2,1,54,0,64,True,1
D0,5,1,0.8,2,1,56,0,64,True,3
D0,5,1,0.8,2,1,58,0,64,True,1
D0,5,1,0.8,2,1,59,0,64,True,1
D0,5,1,0.8,2,1,60,0,64,True,1
D0,5,1,0.8,2,1,61,0,64,True,4
D0,5,1,0.8,2,1,62,0,64,True,4
D0,5,1,0.8,2,1,63,0,64,True,1
D0,5,1,0.8,2,1,64,0,64,True,71
D1,5,1,0.8,2,1,0,0,64,False,520
D1,5,1,0.8,2,1,0,0,64,True,504
D2,5,1,0.8,2,1,0,0,64,False,520
D2,5,1,0.8,2,1,0,0,64,True,504
D3,5,1,0.8,2,1,0,0,64,False,520
D3,5,1,0.8,2,1,0,0,64,True,504
D0,5,1,0.8,5,0.5,0,0,64,False,520
D0,5,1,0.8,5,0.5,0,0,64,True,378
D0,5,1,0.8,5,0.5,1,1,64,True,6
D0,5,1,0.8,5,0.5,2,2,64,True,1
D0,5,1,0.8,5,0.5,3,3,64,True,1
D0,5,1,0.8,5,0.5,4,4,64,True,1
D0,5,1,0.8,5,0.5,8,8,64,True,2
D0,5,1,0.8,5,0.5,9,9,64,True,2
D0,5,1,0.8,5,0.5,10,10,64,True,2
D0,5,1,0.8,5,0.5,11,11,64,True,2
D0,5,1,0.8,5,0.5,12,12,64,True,1
D0,5,1,0.8,5,0.5,13,13,64,True,2
D0,5,1,0.8,5,0.5,14,14,64,True,2
D0,5,1,0.8,5,0.5,15,15,64,True,1
D0,5,1,0.8,5,0.5,16,16,64,True,1
D0,5,1,0.8,5,0.5,20,20,64,True,1
D0,5,1,0.8,5,0.5,22,22,64,True,1
D0,5,1,0.8,5,0.5,24,24,64,True,1
D0,5,1,0.8,5,0.5,28,28,64,True,1
D0,5,1,0.8,5,0.5,29,29,64,True,2
D0,5,1,0.8,5,0.5,40,40,64,True,1
D0,5,1,0.8,5,0.5,42,42,64,True,1
D0,5,1,0.8,5,0.5,46,46,64,True,2
D0,5,1,0.8,5,0.5,47,47,64,True,1
D0,5,1,0.8,5,0.5,48,48,64,True,1
D0,5,1,0.8,5,0.5,50,50,64,True,2
D0,5,1,0.8,5,0.5,53,53,64,True,1
D0,5,1,0.8,5,0.5,54,54,64,True,1
D0,5,1,0.8,5,0.5,56,56,64,True,3
D0,5,1,0.8,5,0.5,58,58,64,True,1
D0,5,1,0.8,5,0.5,59,59,64,True,1
D0,5,1,0.8,5,0.5,60,60,64,True,1
D0,5,1,0.8,5,0.5,61,61,64,True,4
D0,5,1,0.8,5,0.5,62,62,64,True,4
D0,5,1,0.8,5,0.5,63,63,64,True,1
D0,5,1,0.8,5,0.5,64,64,64,True,71
D1,5,1,0.8,5,0.5,0,0,64,False,520
D1,5,1,0.8,5,0.5,0,0,64,True,504
D2,5,1,0.8,5,0.5,0,0,64,False,520
D2,5,1,0.8,5,0.5,0,0,64,True,504
D3,5,1,0.8,5,0.5,0,0,64,False,520
D3,5,1,0.8,5,0.5,0,0,64,True,504
D0,5,1,0.8,5,1,0,0,64,False,520
D0,5,1,0.8,5,1,0,0,64,True,378
D0,5,1,0.8,5,1,1,0,64,True,6
D0,5,1,0.8,5,1,2,0,64,True,1
D0,5,1,0.8,5,1,3,0,64,True,1
D0,5,1,0.8,5,1,4,0,64,True,1
D0,5,1,0.8,5,1,8,0,64,True,2
D0,5,1,0.8,5,1,9,0,64,True,2
D0,5,1,0.8,5,1,10,0,64,True,2
D0,5,1,0.8,5,1,11,0,64,True,2
D0,5,1,0.8,5,1,12,0,64,True,1
D0,5,1,0.8,5,1,13,0,64,True,2
D0,5,1,0.8,5,1,14,0,64,True,2
D0,5,1,0.8,5,1,15,0,64,True,1
D0,5,1,0.8,5,1,16,0,64,True,1
D0,5,1,0.8,5,1,20,0,64,True,1
D0,5,1,0.8,5,1,22,0,64,True,1
D0,5,1,0.8,5,1,24,0,64,True,1
D0,5,1,0.8,5,1,28,0,64,True,1
D0,5,1,0.8,5,1,29,0,64,True,2
D0,5,1,0.8,5,1,40,0,64,True,1
D0,5,1,0.8,5,1,42,0,64,True,1
D0,5,1,0.8,5,1,46,0,64,True,2
D0,5,1,0.8,5,1,47,0,64,True,1
D0,5,1,0.8,5,1,48,0,64,True,1
D0,5,1,0.8,5,1,50,0,64,True,2
D0,5,1,0.8,5,1,53,0,64,True,1
D0,5,1,0.8,5,1,54,0,64,True,1
D0,5,1,0.8,5,1,56,0,64,True,3
D0,5,1,0.8,5,1,58,0,64,True,1
D0,5,1,0.8,5,1,59,0,64,True,1
D0,5,1,0.8,5,1,60,0,64,True,1
D0,5,1,0.8,5,1,61,0,64,True,4
D0,5,1,0.8,5,1,62,0,64,True,4
D0,5,1,0.8,5,1,63,0,64,True,1
D0,5,1,0.8,5,1,64,0,64,True,71
D1,5,1,0.8,5,1,0,0,64,False,520
D1,5,1,0.8,5,1,0,0,64,True,504
D2,5,1,0.8,5,1,0,0,64,False,520
D2,5,1,0.8,5,1,0,0,64,True,504
D3,5,1,0.8,5,1,0,0,64,False,520
D3,5,1,0.8,5,1,0,0,64,True,504
D0,10,1,0.8,0,0.5,0,0,64,False,520
D0,10,1,0.8,0,0.5,0,0,64,True,504
D1,10,1,0.8,0,0.5,0,0,64,False,520
D1,10,1,0.8,0,0.5,0,0,64,True,504
D2,10,1,0.8,0,0.5,0,0,64,False,520
D2,10,1,0.8,0,0.5,0,0,64,True,504
D3,10,1,0.8,0,0.5,0,0,64,False,520
D3,10,1,0.8,0,0.5,0,0,64,True,504
D0,10,1,0.8,0,1,0,0,64,False,520
D0,10,1,0.8,0,1,0,0,64,True,504
D1,10,1,0.8,0,1,0,0,64,False,520
D1,10,1,0.8,0,1,0,0,64,True,504
D2,10,1,0.8,0,1,0,0,64,False,520
D2,10,1,0.8,0,1,0,0,64,True,504
D3,10,1,0.8,0,1,0,0,64,False,520
D3,10,1,0.8,0,1,0,0,64,True,504
D0,10,1,0.8,2,0.5,0,0,64,False,520
D0,10,1,0.8,2,0.5,0,0,64,True,504
D1,10,1,0.8,2,0.5,0,0,64,False,520
D1,10,1,0.8,2,0.5,0,0,64,True,504
D2,10,1,0.8,2,0.5,0,0,64,False,520
D2,10,1,0.8,2,0.5,0,0,64,True,504
D3,10,1,0.8,2,0.5,0,0,64,False,520
D3,10,1,0.8,2,0.5,0,0,64,True,504
D0,10,1,0.8,2,1,0,0,64,False,520
D0,10,1,0.8,2,1,0,0,64,True,504
D1,10,1,0.8,2,1,0,0,64,False,520
D1,10,1,0.8,2,1,0,0,64,True,504
D2,10,1,0.8,2,1,0,0,64,False,520
D2,10,1,0.8,2,1,0,0,64,True,504
D3,10,1,0.8,2,1,0,0,64,False,520
D3,10,1,0.8,2,1,0,0,64,True,504
D0,10,1,0.8,5,0.5,0,0,64,False,520
D0,10,1,0.8,5,0.5,0,0,64,True,504
D1,10,1,0.8,5,0.5,0,0,64,False,520
D1,10,1,0.8,5,0.5,0,0,64,True,504
D2,10,1,0.8,5,0.5,0,0,64,False,520
D2,10,1,0.8,5,0.5,0,0,64,True,504
D3,10,1,0.8,5,0.5,0,0,64,False,520
D3,10,1,0.8,5,0.5,0,0,64,True,504
D0,10,1,0.8,5,1,0,0,64,False,520
D0,10,1,0.8,5,1,0,0,64,True,504
D1,10,1,0.8,5,1,0,0,64,False,520
D1,10,1,0.8,5,1,0,0,64,True,504
D2,10,1,0.8,5,1,0,0,64,False,520
D2,10,1,0.8,5,1,0,0,64,True,504
D3,10,1,0.8,5,1,0,0,64,False,520
D3,10,1,0.8,5,1,0,0,64,True,504
D0,20,1,0.8,0,0.5,0,0,64,False,520
D0,20,1,0.8,0,0.5,0,0,64,True,504
D1,20,1,0.8,0,0.5,0,0,64,False,520
D1,20,1,0.8,0,0.5,0,0,64,True,504
D2,20,1,0.8,0,0.5,0,0,64,False,520
D2,20,1,0.8,0,0.5,0,0,64,True,504
D3,20,1,0.8,0,0.5,0,0,64,False,520
D3,20,1,0.8,0,0.5,0,0,64,True,504
D0,20,1,0.8,0,1,0,0,64,False,520
D0,20,1,0.8,0,1,0,0,64,True,504
D1,20,1,0.8,0,1,0,0,64,False,520
D1,20,1,0.8,0,1,0,0,64,True,504
D2,20,1,0.8,0,1,0,0,64,False,520
D2,20,1,0.8,0,1,0,0,64,True,504
D3,20,1,0.8,0,1,0,0,64,False,520
D3,20,1,0.8,0,1,0,0,64,True,504
D0,20,1,0.8,2,0.5,0,0,64,False,520
D0,20,1,0.8,2,0.5,0,0,64,True,504
D1,20,1,0.8,2,0.5,0,0,64,False,520
D1,20,1,0.8,2,0.5,0,0,64,True,504
D2,20,1,0.8,2,0.5,0,0,64,False,520
D2,20,1,0.8,2,0.5,0,0,64,True,504
D3,20,1,0.8,2,0.5,0,0,64,False,520
D3,20,1,0.8,2,0.5,0,0,64,True,504
D0,20,1,0.8,2,1,0,0,64,False,520
D0,20,1,0.8,2,1,0,0,64,True,504
D1,20,1,0.8,2,1,0,0,64,False,520
D1,20,1,0.8,2,1,0,0,64,True,504
D2,20,1,0.8,2,1,0,0,64,False,520
D2,20,1,0.8,2,1,0,0,64,True,504
D3,20,1,0.8,2,1,0,0,64,False,520
D3,20,1,0.8,2,1,0,0,64,True,504
D0,20,1,0.8,5,0.5,0,0,64,False,520
D0,20,1,0.8,5,0.5,0,0,64,True,504
D1,20,1,0.8,5,0.5,0,0,64,False,520
D1,20,1,0.8,5,0.5,0,0,64,True,504
D2,20,1,0.8,5,0.5,0,0,64,False,520
D2,20,1,0.8,5,0.5,0,0,64,True,504
D3,20,1,0.8,5,0.5,0,0,64,False,520
D3,20,1,0.8,5,0.5,0,0,64,True,504
D0,20,1,0.8,5,1,0,0,64,False,520
D0,20,1,0.8,5,1,0,0,64,True,504
D1,20,1,0.8,5,1,0,0,64,False,520
D1,20,1,0.8,5,1,0,0,64,True,504
D2,20,1,0.8,5,1,0,0,64,False,520
D2,20,1,0.8,5,1,0,0,64,True,504
D3,20,1,0.8,5,1,0,0,64,False,520
D3,20,1,0.8,5,1,0,0,64,True,504
