state,unknown_log_hazard_shift,entry_membership_multiplier,scenario,horizon,query,theta,K,nv,nr,present,mass,finite_health,MC_status,latent_fate_and_entry_weights,realization_stratum,margin,N,J,measured_projected_ba,imputed_ba
0,-0.5,0,D0,5,Q1,0,1024,1024,1024,True,1.0,True,TRUE,DIAGNOSTIC_NOT_POSTERIOR,PRESENT,1.0,89330,65521,1461.1009417308358,52.91648457863761
0,-0.5,0,D0,5,Q1,0.5,1024,1024,1024,True,1.0,True,TRUE,DIAGNOSTIC_NOT_POSTERIOR,PRESENT,0.5,89330,65521,1461.1009417308358,52.91648457863761
0,-0.5,0,D0,5,Q1,0.75,1024,1024,1024,True,1.0,True,TRUE,DIAGNOSTIC_NOT_POSTERIOR,PRESENT,0.25,89330,65521,1461.1009417308358,52.91648457863761
0,-0.5,0,D0,5,Q1,0.9,1024,1024,1024,True,1.0,True,TRUE,DIAGNOSTIC_NOT_POSTERIOR,PRESENT,0.09999999999999998,89330,65521,1461.1009417308358,52.91648457863761
0,-0.5,0,D0,5,Q1,1,1024,1024,1024,True,1.0,True,MC_UNRESOLVED,DIAGNOSTIC_NOT_POSTERIOR,PRESENT,0.0,89330,65521,1461.1009417308358,52.91648457863761
0,-0.5,0,D0,5,Q2,0,1024,1024,1024,True,1.0,True,TRUE,DIAGNOSTIC_NOT_POSTERIOR,PRESENT,1.0,89330,65521,1461.1009417308358,52.91648457863761
0,-0.5,0,D0,5,Q2,0.5,1024,1024,1024,True,1.0,True,TRUE,DIAGNOSTIC_NOT_POSTERIOR,PRESENT,0.5,89330,65521,1461.1009417308358,52.91648457863761
0,-0.5,0,D0,5,Q2,0.75,1024,1024,1024,True,1.0,True,TRUE,DIAGNOSTIC_NOT_POSTERIOR,PRESENT,0.25,89330,65521,1461.1009417308358,52.91648457863761
0,-0.5,0,D0,5,Q2,0.9,1024,1024,1024,True,1.0,True,TRUE,DIAGNOSTIC_NOT_POSTERIOR,PRESENT,0.09999999999999998,89330,65521,1461.1009417308358,52.91648457863761
0,-0.5,0,D0,5,Q2,1,1024,1024,1024,True,1.0,True,MC_UNRESOLVED,DIAGNOSTIC_NOT_POSTERIOR,PRESENT,0.0,89330,65521,1461.1009417308358,52.91648457863761
0,-0.5,0,D3,5,Q1,0,1024,1024,1024,True,1.0,True,TRUE,DIAGNOSTIC_NOT_POSTERIOR,PRESENT,1.0,89330,65521,1461.1009417308358,52.91648457863761
0,-0.5,0,D3,5,Q1,0.5,1024,1024,1024,True,1.0,True,TRUE,DIAGNOSTIC_NOT_POSTERIOR,PRESENT,0.5,89330,65521,1461.1009417308358,52.91648457863761
0,-0.5,0,D3,5,Q1,0.75,1024,1024,1024,True,1.0,True,TRUE,DIAGNOSTIC_NOT_POSTERIOR,PRESENT,0.25,89330,65521,1461.1009417308358,52.91648457863761
0,-0.5,0,D3,5,Q1,0.9,1024,1024,1024,True,1.0,True,TRUE,DIAGNOSTIC_NOT_POSTERIOR,PRESENT,0.09999999999999998,89330,65521,1461.1009417308358,52.91648457863761
0,-0.5,0,D3,5,Q1,1,1024,1024,1024,True,1.0,True,MC_UNRESOLVED,DIAGNOSTIC_NOT_POSTERIOR,PRESENT,0.0,89330,65521,1461.1009417308358,52.91648457863761
0,-0.5,0,D3,5,Q2,0,1024,1024,1024,True,1.0,True,TRUE,DIAGNOSTIC_NOT_POSTERIOR,PRESENT,1.0,89330,65521,1461.1009417308358,52.91648457863761
0,-0.5,0,D3,5,Q2,0.5,1024,1024,1024,True,1.0,True,TRUE,DIAGNOSTIC_NOT_POSTERIOR,PRESENT,0.5,89330,65521,1461.1009417308358,52.91648457863761
0,-0.5,0,D3,5,Q2,0.75,1024,1024,1024,True,1.0,True,TRUE,DIAGNOSTIC_NOT_POSTERIOR,PRESENT,0.25,89330,65521,1461.1009417308358,52.91648457863761
0,-0.5,0,D3,5,Q2,0.9,1024,1024,1024,True,1.0,True,TRUE,DIAGNOSTIC_NOT_POSTERIOR,PRESENT,0.09999999999999998,89330,65521,1461.1009417308358,52.91648457863761
0,-0.5,0,D3,5,Q2,1,1024,1024,1024,True,1.0,True,MC_UNRESOLVED,DIAGNOSTIC_NOT_POSTERIOR,PRESENT,0.0,89330,65521,1461.1009417308358,52.91648457863761
0,-0.5,0.5,D0,5,Q1,0,1024,1024,1024,True,1.0,True,TRUE,DIAGNOSTIC_NOT_POSTERIOR,PRESENT,1.0,89330,65521,1461.1009417308358,52.91648457863761
0,-0.5,0.5,D0,5,Q1,0.5,1024,1024,1024,True,1.0,True,TRUE,DIAGNOSTIC_NOT_POSTERIOR,PRESENT,0.5,89330,65521,1461.1009417308358,52.91648457863761
0,-0.5,0.5,D0,5,Q1,0.75,1024,1024,1024,True,1.0,True,TRUE,DIAGNOSTIC_NOT_POSTERIOR,PRESENT,0.25,89330,65521,1461.1009417308358,52.91648457863761
0,-0.5,0.5,D0,5,Q1,0.9,1024,1024,1024,True,1.0,True,TRUE,DIAGNOSTIC_NOT_POSTERIOR,PRESENT,0.09999999999999998,89330,65521,1461.1009417308358,52.91648457863761
0,-0.5,0.5,D0,5,Q1,1,1024,1024,1024,True,1.0,True,MC_UNRESOLVED,DIAGNOSTIC_NOT_POSTERIOR,PRESENT,0.0,89330,65521,1461.1009417308358,52.91648457863761
0,-0.5,0.5,D0,5,Q2,0,1024,1024,1024,True,1.0,True,TRUE,DIAGNOSTIC_NOT_POSTERIOR,PRESENT,1.0,89330,65521,1461.1009417308358,52.91648457863761
0,-0.5,0.5,D0,5,Q2,0.5,1024,1024,1024,True,1.0,True,TRUE,DIAGNOSTIC_NOT_POSTERIOR,PRESENT,0.5,89330,65521,1461.1009417308358,52.91648457863761
0,-0.5,0.5,D0,5,Q2,0.75,1024,1024,1024,True,1.0,True,TRUE,DIAGNOSTIC_NOT_POSTERIOR,PRESENT,0.25,89330,65521,1461.1009417308358,52.91648457863761
0,-0.5,0.5,D0,5,Q2,0.9,1024,1024,1024,True,1.0,True,TRUE,DIAGNOSTIC_NOT_POSTERIOR,PRESENT,0.09999999999999998,89330,65521,1461.1009417308358,52.91648457863761
0,-0.5,0.5,D0,5,Q2,1,1024,1024,1024,True,1.0,True,MC_UNRESOLVED,DIAGNOSTIC_NOT_POSTERIOR,PRESENT,0.0,89330,65521,1461.1009417308358,52.91648457863761
0,-0.5,0.5,D3,5,Q1,0,1024,1024,1024,True,1.0,True,TRUE,DIAGNOSTIC_NOT_POSTERIOR,PRESENT,1.0,89330,65521,1461.1009417308358,52.91648457863761
0,-0.5,0.5,D3,5,Q1,0.5,1024,1024,1024,True,1.0,True,TRUE,DIAGNOSTIC_NOT_POSTERIOR,PRESENT,0.5,89330,65521,1461.1009417308358,52.91648457863761
0,-0.5,0.5,D3,5,Q1,0.75,1024,1024,1024,True,1.0,True,TRUE,DIAGNOSTIC_NOT_POSTERIOR,PRESENT,0.25,89330,65521,1461.1009417308358,52.91648457863761
0,-0.5,0.5,D3,5,Q1,0.9,1024,1024,1024,True,1.0,True,TRUE,DIAGNOSTIC_NOT_POSTERIOR,PRESENT,0.09999999999999998,89330,65521,1461.1009417308358,52.91648457863761
0,-0.5,0.5,D3,5,Q1,1,1024,1024,1024,True,1.0,True,MC_UNRESOLVED,DIAGNOSTIC_NOT_POSTERIOR,PRESENT,0.0,89330,65521,1461.1009417308358,52.91648457863761
0,-0.5,0.5,D3,5,Q2,0,1024,1024,1024,True,1.0,True,TRUE,DIAGNOSTIC_NOT_POSTERIOR,PRESENT,1.0,89330,65521,1461.1009417308358,52.91648457863761
0,-0.5,0.5,D3,5,Q2,0.5,1024,1024,1024,True,1.0,True,TRUE,DIAGNOSTIC_NOT_POSTERIOR,PRESENT,0.5,89330,65521,1461.1009417308358,52.91648457863761
0,-0.5,0.5,D3,5,Q2,0.75,1024,1024,1024,True,1.0,True,TRUE,DIAGNOSTIC_NOT_POSTERIOR,PRESENT,0.25,89330,65521,1461.1009417308358,52.91648457863761
0,-0.5,0.5,D3,5,Q2,0.9,1024,1024,1024,True,1.0,True,TRUE,DIAGNOSTIC_NOT_POSTERIOR,PRESENT,0.09999999999999998,89330,65521,1461.1009417308358,52.91648457863761
0,-0.5,0.5,D3,5,Q2,1,1024,1024,1024,True,1.0,True,MC_UNRESOLVED,DIAGNOSTIC_NOT_POSTERIOR,PRESENT,0.0,89330,65521,1461.1009417308358,52.91648457863761
0,-0.5,1,D0,5,Q1,0,1024,1024,1024,True,1.0,True,TRUE,DIAGNOSTIC_NOT_POSTERIOR,PRESENT,1.0,89330,65521,1461.1009417308358,52.91648457863761
0,-0.5,1,D0,5,Q1,0.5,1024,1024,1024,True,1.0,True,TRUE,DIAGNOSTIC_NOT_POSTERIOR,PRESENT,0.5,89330,65521,1461.1009417308358,52.91648457863761
0,-0.5,1,D0,5,Q1,0.75,1024,1024,1024,True,1.0,True,TRUE,DIAGNOSTIC_NOT_POSTERIOR,PRESENT,0.25,89330,65521,1461.1009417308358,52.91648457863761
0,-0.5,1,D0,5,Q1,0.9,1024,1024,1024,True,1.0,True,TRUE,DIAGNOSTIC_NOT_POSTERIOR,PRESENT,0.09999999999999998,89330,65521,1461.1009417308358,52.91648457863761
0,-0.5,1,D0,5,Q1,1,1024,1024,1024,True,1.0,True,MC_UNRESOLVED,DIAGNOSTIC_NOT_POSTERIOR,PRESENT,0.0,89330,65521,1461.1009417308358,52.91648457863761
0,-0.5,1,D0,5,Q2,0,1024,1024,1024,True,1.0,True,TRUE,DIAGNOSTIC_NOT_POSTERIOR,PRESENT,1.0,89330,65521,1461.1009417308358,52.91648457863761
0,-0.5,1,D0,5,Q2,0.5,1024,1024,1024,True,1.0,True,TRUE,DIAGNOSTIC_NOT_POSTERIOR,PRESENT,0.5,89330,65521,1461.1009417308358,52.91648457863761
0,-0.5,1,D0,5,Q2,0.75,1024,1024,1024,True,1.0,True,TRUE,DIAGNOSTIC_NOT_POSTERIOR,PRESENT,0.25,89330,65521,1461.1009417308358,52.91648457863761
0,-0.5,1,D0,5,Q2,0.9,1024,1024,1024,True,1.0,True,TRUE,DIAGNOSTIC_NOT_POSTERIOR,PRESENT,0.09999999999999998,89330,65521,1461.1009417308358,52.91648457863761
0,-0.5,1,D0,5,Q2,1,1024,1024,1024,True,1.0,True,MC_UNRESOLVED,DIAGNOSTIC_NOT_POSTERIOR,PRESENT,0.0,89330,65521,1461.1009417308358,52.91648457863761
0,-0.5,1,D3,5,Q1,0,1024,1024,1024,True,1.0,True,TRUE,DIAGNOSTIC_NOT_POSTERIOR,PRESENT,1.0,89330,65521,1461.1009417308358,52.91648457863761
0,-0.5,1,D3,5,Q1,0.5,1024,1024,1024,True,1.0,True,TRUE,DIAGNOSTIC_NOT_POSTERIOR,PRESENT,0.5,89330,65521,1461.1009417308358,52.91648457863761
0,-0.5,1,D3,5,Q1,0.75,1024,1024,1024,True,1.0,True,TRUE,DIAGNOSTIC_NOT_POSTERIOR,PRESENT,0.25,89330,65521,1461.1009417308358,52.91648457863761
0,-0.5,1,D3,5,Q1,0.9,1024,1024,1024,True,1.0,True,TRUE,DIAGNOSTIC_NOT_POSTERIOR,PRESENT,0.09999999999999998,89330,65521,1461.1009417308358,52.91648457863761
0,-0.5,1,D3,5,Q1,1,1024,1024,1024,True,1.0,True,MC_UNRESOLVED,DIAGNOSTIC_NOT_POSTERIOR,PRESENT,0.0,89330,65521,1461.1009417308358,52.91648457863761
0,-0.5,1,D3,5,Q2,0,1024,1024,1024,True,1.0,True,TRUE,DIAGNOSTIC_NOT_POSTERIOR,PRESENT,1.0,89330,65521,1461.1009417308358,52.91648457863761
0,-0.5,1,D3,5,Q2,0.5,1024,1024,1024,True,1.0,True,TRUE,DIAGNOSTIC_NOT_POSTERIOR,PRESENT,0.5,89330,65521,1461.1009417308358,52.91648457863761
0,-0.5,1,D3,5,Q2,0.75,1024,1024,1024,True,1.0,True,TRUE,DIAGNOSTIC_NOT_POSTERIOR,PRESENT,0.25,89330,65521,1461.1009417308358,52.91648457863761
0,-0.5,1,D3,5,Q2,0.9,1024,1024,1024,True,1.0,True,TRUE,DIAGNOSTIC_NOT_POSTERIOR,PRESENT,0.09999999999999998,89330,65521,1461.1009417308358,52.91648457863761
0,-0.5,1,D3,5,Q2,1,1024,1024,1024,True,1.0,True,MC_UNRESOLVED,DIAGNOSTIC_NOT_POSTERIOR,PRESENT,0.0,89330,65521,1461.1009417308358,52.91648457863761
0,0,0,D0,5,Q1,0,1024,1024,1024,True,1.0,True,TRUE,DIAGNOSTIC_NOT_POSTERIOR,PRESENT,1.0,85113,61337,1461.1009417308358,50.220334527881526
0,0,0,D0,5,Q1,0.5,1024,1024,1024,True,1.0,True,TRUE,DIAGNOSTIC_NOT_POSTERIOR,PRESENT,0.5,85113,61337,1461.1009417308358,50.220334527881526
0,0,0,D0,5,Q1,0.75,1024,1024,1024,True,1.0,True,TRUE,DIAGNOSTIC_NOT_POSTERIOR,PRESENT,0.25,85113,61337,1461.1009417308358,50.220334527881526
0,0,0,D0,5,Q1,0.9,1024,1024,1024,True,1.0,True,TRUE,DIAGNOSTIC_NOT_POSTERIOR,PRESENT,0.09999999999999998,85113,61337,1461.1009417308358,50.220334527881526
0,0,0,D0,5,Q1,1,1024,1024,1024,True,1.0,True,MC_UNRESOLVED,DIAGNOSTIC_NOT_POSTERIOR,PRESENT,0.0,85113,61337,1461.1009417308358,50.220334527881526
0,0,0,D0,5,Q2,0,1024,1024,1024,True,1.0,True,TRUE,DIAGNOSTIC_NOT_POSTERIOR,PRESENT,1.0,85113,61337,1461.1009417308358,50.220334527881526
0,0,0,D0,5,Q2,0.5,1024,1024,1024,True,1.0,True,TRUE,DIAGNOSTIC_NOT_POSTERIOR,PRESENT,0.5,85113,61337,1461.1009417308358,50.220334527881526
0,0,0,D0,5,Q2,0.75,1024,1024,1024,True,1.0,True,TRUE,DIAGNOSTIC_NOT_POSTERIOR,PRESENT,0.25,85113,61337,1461.1009417308358,50.220334527881526
0,0,0,D0,5,Q2,0.9,1024,1024,1024,True,1.0,True,TRUE,DIAGNOSTIC_NOT_POSTERIOR,PRESENT,0.09999999999999998,85113,61337,1461.1009417308358,50.220334527881526
0,0,0,D0,5,Q2,1,1024,1024,1024,True,1.0,True,MC_UNRESOLVED,DIAGNOSTIC_NOT_POSTERIOR,PRESENT,0.0,85113,61337,1461.1009417308358,50.220334527881526
0,0,0,D3,5,Q1,0,1024,1024,1024,True,1.0,True,TRUE,DIAGNOSTIC_NOT_POSTERIOR,PRESENT,1.0,85113,61337,1461.1009417308358,50.220334527881526
0,0,0,D3,5,Q1,0.5,1024,1024,1024,True,1.0,True,TRUE,DIAGNOSTIC_NOT_POSTERIOR,PRESENT,0.5,85113,61337,1461.1009417308358,50.220334527881526
0,0,0,D3,5,Q1,0.75,1024,1024,1024,True,1.0,True,TRUE,DIAGNOSTIC_NOT_POSTERIOR,PRESENT,0.25,85113,61337,1461.1009417308358,50.220334527881526
0,0,0,D3,5,Q1,0.9,1024,1024,1024,True,1.0,True,TRUE,DIAGNOSTIC_NOT_POSTERIOR,PRESENT,0.09999999999999998,85113,61337,1461.1009417308358,50.220334527881526
0,0,0,D3,5,Q1,1,1024,1024,1024,True,1.0,True,MC_UNRESOLVED,DIAGNOSTIC_NOT_POSTERIOR,PRESENT,0.0,85113,61337,1461.1009417308358,50.220334527881526
0,0,0,D3,5,Q2,0,1024,1024,1024,True,1.0,True,TRUE,DIAGNOSTIC_NOT_POSTERIOR,PRESENT,1.0,85113,61337,1461.1009417308358,50.220334527881526
0,0,0,D3,5,Q2,0.5,1024,1024,1024,True,1.0,True,TRUE,DIAGNOSTIC_NOT_POSTERIOR,PRESENT,0.5,85113,61337,1461.1009417308358,50.220334527881526
0,0,0,D3,5,Q2,0.75,1024,1024,1024,True,1.0,True,TRUE,DIAGNOSTIC_NOT_POSTERIOR,PRESENT,0.25,85113,61337,1461.1009417308358,50.220334527881526
0,0,0,D3,5,Q2,0.9,1024,1024,1024,True,1.0,True,TRUE,DIAGNOSTIC_NOT_POSTERIOR,PRESENT,0.09999999999999998,85113,61337,1461.1009417308358,50.220334527881526
0,0,0,D3,5,Q2,1,1024,1024,1024,True,1.0,True,MC_UNRESOLVED,DIAGNOSTIC_NOT_POSTERIOR,PRESENT,0.0,85113,61337,1461.1009417308358,50.220334527881526
0,0,0.5,D0,5,Q1,0,1024,1024,1024,True,1.0,True,TRUE,DIAGNOSTIC_NOT_POSTERIOR,PRESENT,1.0,85113,61337,1461.1009417308358,50.220334527881526
0,0,0.5,D0,5,Q1,0.5,1024,1024,1024,True,1.0,True,TRUE,DIAGNOSTIC_NOT_POSTERIOR,PRESENT,0.5,85113,61337,1461.1009417308358,50.220334527881526
0,0,0.5,D0,5,Q1,0.75,1024,1024,1024,True,1.0,True,TRUE,DIAGNOSTIC_NOT_POSTERIOR,PRESENT,0.25,85113,61337,1461.1009417308358,50.220334527881526
0,0,0.5,D0,5,Q1,0.9,1024,1024,1024,True,1.0,True,TRUE,DIAGNOSTIC_NOT_POSTERIOR,PRESENT,0.09999999999999998,85113,61337,1461.1009417308358,50.220334527881526
0,0,0.5,D0,5,Q1,1,1024,1024,1024,True,1.0,True,MC_UNRESOLVED,DIAGNOSTIC_NOT_POSTERIOR,PRESENT,0.0,85113,61337,1461.1009417308358,50.220334527881526
0,0,0.5,D0,5,Q2,0,1024,1024,1024,True,1.0,True,TRUE,DIAGNOSTIC_NOT_POSTERIOR,PRESENT,1.0,85113,61337,1461.1009417308358,50.220334527881526
0,0,0.5,D0,5,Q2,0.5,1024,1024,1024,True,1.0,True,TRUE,DIAGNOSTIC_NOT_POSTERIOR,PRESENT,0.5,85113,61337,1461.1009417308358,50.220334527881526
0,0,0.5,D0,5,Q2,0.75,1024,1024,1024,True,1.0,True,TRUE,DIAGNOSTIC_NOT_POSTERIOR,PRESENT,0.25,85113,61337,1461.1009417308358,50.220334527881526
0,0,0.5,D0,5,Q2,0.9,1024,1024,1024,True,1.0,True,TRUE,DIAGNOSTIC_NOT_POSTERIOR,PRESENT,0.09999999999999998,85113,61337,1461.1009417308358,50.220334527881526
0,0,0.5,D0,5,Q2,1,1024,1024,1024,True,1.0,True,MC_UNRESOLVED,DIAGNOSTIC_NOT_POSTERIOR,PRESENT,0.0,85113,61337,1461.1009417308358,50.220334527881526
0,0,0.5,D3,5,Q1,0,1024,1024,1024,True,1.0,True,TRUE,DIAGNOSTIC_NOT_POSTERIOR,PRESENT,1.0,85113,61337,1461.1009417308358,50.220334527881526
0,0,0.5,D3,5,Q1,0.5,1024,1024,1024,True,1.0,True,TRUE,DIAGNOSTIC_NOT_POSTERIOR,PRESENT,0.5,85113,61337,1461.1009417308358,50.220334527881526
0,0,0.5,D3,5,Q1,0.75,1024,1024,1024,True,1.0,True,TRUE,DIAGNOSTIC_NOT_POSTERIOR,PRESENT,0.25,85113,61337,1461.1009417308358,50.220334527881526
0,0,0.5,D3,5,Q1,0.9,1024,1024,1024,True,1.0,True,TRUE,DIAGNOSTIC_NOT_POSTERIOR,PRESENT,0.09999999999999998,85113,61337,1461.1009417308358,50.220334527881526
0,0,0.5,D3,5,Q1,1,1024,1024,1024,True,1.0,True,MC_UNRESOLVED,DIAGNOSTIC_NOT_POSTERIOR,PRESENT,0.0,85113,61337,1461.1009417308358,50.220334527881526
0,0,0.5,D3,5,Q2,0,1024,1024,1024,True,1.0,True,TRUE,DIAGNOSTIC_NOT_POSTERIOR,PRESENT,1.0,85113,61337,1461.1009417308358,50.220334527881526
0,0,0.5,D3,5,Q2,0.5,1024,1024,1024,True,1.0,True,TRUE,DIAGNOSTIC_NOT_POSTERIOR,PRESENT,0.5,85113,61337,1461.1009417308358,50.220334527881526
0,0,0.5,D3,5,Q2,0.75,1024,1024,1024,True,1.0,True,TRUE,DIAGNOSTIC_NOT_POSTERIOR,PRESENT,0.25,85113,61337,1461.1009417308358,50.220334527881526
0,0,0.5,D3,5,Q2,0.9,1024,1024,1024,True,1.0,True,TRUE,DIAGNOSTIC_NOT_POSTERIOR,PRESENT,0.09999999999999998,85113,61337,1461.1009417308358,50.220334527881526
0,0,0.5,D3,5,Q2,1,1024,1024,1024,True,1.0,True,MC_UNRESOLVED,DIAGNOSTIC_NOT_POSTERIOR,PRESENT,0.0,85113,61337,1461.1009417308358,50.220334527881526
0,0,1,D0,5,Q1,0,1024,1024,1024,True,1.0,True,TRUE,DIAGNOSTIC_NOT_POSTERIOR,PRESENT,1.0,85113,61337,1461.1009417308358,50.220334527881526
0,0,1,D0,5,Q1,0.5,1024,1024,1024,True,1.0,True,TRUE,DIAGNOSTIC_NOT_POSTERIOR,PRESENT,0.5,85113,61337,1461.1009417308358,50.220334527881526
0,0,1,D0,5,Q1,0.75,1024,1024,1024,True,1.0,True,TRUE,DIAGNOSTIC_NOT_POSTERIOR,PRESENT,0.25,85113,61337,1461.1009417308358,50.220334527881526
0,0,1,D0,5,Q1,0.9,1024,1024,1024,True,1.0,True,TRUE,DIAGNOSTIC_NOT_POSTERIOR,PRESENT,0.09999999999999998,85113,61337,1461.1009417308358,50.220334527881526
0,0,1,D0,5,Q1,1,1024,1024,1024,True,1.0,True,MC_UNRESOLVED,DIAGNOSTIC_NOT_POSTERIOR,PRESENT,0.0,85113,61337,1461.1009417308358,50.220334527881526
0,0,1,D0,5,Q2,0,1024,1024,1024,True,1.0,True,TRUE,DIAGNOSTIC_NOT_POSTERIOR,PRESENT,1.0,85113,61337,1461.1009417308358,50.220334527881526
0,0,1,D0,5,Q2,0.5,1024,1024,1024,True,1.0,True,TRUE,DIAGNOSTIC_NOT_POSTERIOR,PRESENT,0.5,85113,61337,1461.1009417308358,50.220334527881526
0,0,1,D0,5,Q2,0.75,1024,1024,1024,True,1.0,True,TRUE,DIAGNOSTIC_NOT_POSTERIOR,PRESENT,0.25,85113,61337,1461.1009417308358,50.220334527881526
0,0,1,D0,5,Q2,0.9,1024,1024,1024,True,1.0,True,TRUE,DIAGNOSTIC_NOT_POSTERIOR,PRESENT,0.09999999999999998,85113,61337,1461.1009417308358,50.220334527881526
0,0,1,D0,5,Q2,1,1024,1024,1024,True,1.0,True,MC_UNRESOLVED,DIAGNOSTIC_NOT_POSTERIOR,PRESENT,0.0,85113,61337,1461.1009417308358,50.220334527881526
0,0,1,D3,5,Q1,0,1024,1024,1024,True,1.0,True,TRUE,DIAGNOSTIC_NOT_POSTERIOR,PRESENT,1.0,85113,61337,1461.1009417308358,50.220334527881526
0,0,1,D3,5,Q1,0.5,1024,1024,1024,True,1.0,True,TRUE,DIAGNOSTIC_NOT_POSTERIOR,PRESENT,0.5,85113,61337,1461.1009417308358,50.220334527881526
0,0,1,D3,5,Q1,0.75,1024,1024,1024,True,1.0,True,TRUE,DIAGNOSTIC_NOT_POSTERIOR,PRESENT,0.25,85113,61337,1461.1009417308358,50.220334527881526
0,0,1,D3,5,Q1,0.9,1024,1024,1024,True,1.0,True,TRUE,DIAGNOSTIC_NOT_POSTERIOR,PRESENT,0.09999999999999998,85113,61337,1461.1009417308358,50.220334527881526
0,0,1,D3,5,Q1,1,1024,1024,1024,True,1.0,True,MC_UNRESOLVED,DIAGNOSTIC_NOT_POSTERIOR,PRESENT,0.0,85113,61337,1461.1009417308358,50.220334527881526
0,0,1,D3,5,Q2,0,1024,1024,1024,True,1.0,True,TRUE,DIAGNOSTIC_NOT_POSTERIOR,PRESENT,1.0,85113,61337,1461.1009417308358,50.220334527881526
0,0,1,D3,5,Q2,0.5,1024,1024,1024,True,1.0,True,TRUE,DIAGNOSTIC_NOT_POSTERIOR,PRESENT,0.5,85113,61337,1461.1009417308358,50.220334527881526
0,0,1,D3,5,Q2,0.75,1024,1024,1024,True,1.0,True,TRUE,DIAGNOSTIC_NOT_POSTERIOR,PRESENT,0.25,85113,61337,1461.1009417308358,50.220334527881526
0,0,1,D3,5,Q2,0.9,1024,1024,1024,True,1.0,True,TRUE,DIAGNOSTIC_NOT_POSTERIOR,PRESENT,0.09999999999999998,85113,61337,1461.1009417308358,50.220334527881526
0,0,1,D3,5,Q2,1,1024,1024,1024,True,1.0,True,MC_UNRESOLVED,DIAGNOSTIC_NOT_POSTERIOR,PRESENT,0.0,85113,61337,1461.1009417308358,50.220334527881526
0,0.5,0,D0,5,Q1,0,1024,1024,1024,True,1.0,True,TRUE,DIAGNOSTIC_NOT_POSTERIOR,PRESENT,1.0,79711,56004,1461.1009417308358,46.322151930893966
0,0.5,0,D0,5,Q1,0.5,1024,1024,1024,True,1.0,True,TRUE,DIAGNOSTIC_NOT_POSTERIOR,PRESENT,0.5,79711,56004,1461.1009417308358,46.322151930893966
0,0.5,0,D0,5,Q1,0.75,1024,1024,1024,True,1.0,True,TRUE,DIAGNOSTIC_NOT_POSTERIOR,PRESENT,0.25,79711,56004,1461.1009417308358,46.322151930893966
0,0.5,0,D0,5,Q1,0.9,1024,1024,1024,True,1.0,True,TRUE,DIAGNOSTIC_NOT_POSTERIOR,PRESENT,0.09999999999999998,79711,56004,1461.1009417308358,46.322151930893966
0,0.5,0,D0,5,Q1,1,1024,1024,1024,True,1.0,True,MC_UNRESOLVED,DIAGNOSTIC_NOT_POSTERIOR,PRESENT,0.0,79711,56004,1461.1009417308358,46.322151930893966
0,0.5,0,D0,5,Q2,0,1024,1024,1024,True,1.0,True,TRUE,DIAGNOSTIC_NOT_POSTERIOR,PRESENT,1.0,79711,56004,1461.1009417308358,46.322151930893966
0,0.5,0,D0,5,Q2,0.5,1024,1024,1024,True,1.0,True,TRUE,DIAGNOSTIC_NOT_POSTERIOR,PRESENT,0.5,79711,56004,1461.1009417308358,46.322151930893966
0,0.5,0,D0,5,Q2,0.75,1024,1024,1024,True,1.0,True,TRUE,DIAGNOSTIC_NOT_POSTERIOR,PRESENT,0.25,79711,56004,1461.1009417308358,46.322151930893966
0,0.5,0,D0,5,Q2,0.9,1024,1024,1024,True,1.0,True,TRUE,DIAGNOSTIC_NOT_POSTERIOR,PRESENT,0.09999999999999998,79711,56004,1461.1009417308358,46.322151930893966
0,0.5,0,D0,5,Q2,1,1024,1024,1024,True,1.0,True,MC_UNRESOLVED,DIAGNOSTIC_NOT_POSTERIOR,PRESENT,0.0,79711,56004,1461.1009417308358,46.322151930893966
0,0.5,0,D3,5,Q1,0,1024,1024,1024,True,1.0,True,TRUE,DIAGNOSTIC_NOT_POSTERIOR,PRESENT,1.0,79711,56004,1461.1009417308358,46.322151930893966
0,0.5,0,D3,5,Q1,0.5,1024,1024,1024,True,1.0,True,TRUE,DIAGNOSTIC_NOT_POSTERIOR,PRESENT,0.5,79711,56004,1461.1009417308358,46.322151930893966
0,0.5,0,D3,5,Q1,0.75,1024,1024,1024,True,1.0,True,TRUE,DIAGNOSTIC_NOT_POSTERIOR,PRESENT,0.25,79711,56004,1461.1009417308358,46.322151930893966
0,0.5,0,D3,5,Q1,0.9,1024,1024,1024,True,1.0,True,TRUE,DIAGNOSTIC_NOT_POSTERIOR,PRESENT,0.09999999999999998,79711,56004,1461.1009417308358,46.322151930893966
0,0.5,0,D3,5,Q1,1,1024,1024,1024,True,1.0,True,MC_UNRESOLVED,DIAGNOSTIC_NOT_POSTERIOR,PRESENT,0.0,79711,56004,1461.1009417308358,46.322151930893966
0,0.5,0,D3,5,Q2,0,1024,1024,1024,True,1.0,True,TRUE,DIAGNOSTIC_NOT_POSTERIOR,PRESENT,1.0,79711,56004,1461.1009417308358,46.322151930893966
0,0.5,0,D3,5,Q2,0.5,1024,1024,1024,True,1.0,True,TRUE,DIAGNOSTIC_NOT_POSTERIOR,PRESENT,0.5,79711,56004,1461.1009417308358,46.322151930893966
0,0.5,0,D3,5,Q2,0.75,1024,1024,1024,True,1.0,True,TRUE,DIAGNOSTIC_NOT_POSTERIOR,PRESENT,0.25,79711,56004,1461.1009417308358,46.322151930893966
0,0.5,0,D3,5,Q2,0.9,1024,1024,1024,True,1.0,True,TRUE,DIAGNOSTIC_NOT_POSTERIOR,PRESENT,0.09999999999999998,79711,56004,1461.1009417308358,46.322151930893966
0,0.5,0,D3,5,Q2,1,1024,1024,1024,True,1.0,True,MC_UNRESOLVED,DIAGNOSTIC_NOT_POSTERIOR,PRESENT,0.0,79711,56004,1461.1009417308358,46.322151930893966
0,0.5,0.5,D0,5,Q1,0,1024,1024,1024,True,1.0,True,TRUE,DIAGNOSTIC_NOT_POSTERIOR,PRESENT,1.0,79711,56004,1461.1009417308358,46.322151930893966
0,0.5,0.5,D0,5,Q1,0.5,1024,1024,1024,True,1.0,True,TRUE,DIAGNOSTIC_NOT_POSTERIOR,PRESENT,0.5,79711,56004,1461.1009417308358,46.322151930893966
0,0.5,0.5,D0,5,Q1,0.75,1024,1024,1024,True,1.0,True,TRUE,DIAGNOSTIC_NOT_POSTERIOR,PRESENT,0.25,79711,56004,1461.1009417308358,46.322151930893966
0,0.5,0.5,D0,5,Q1,0.9,1024,1024,1024,True,1.0,True,TRUE,DIAGNOSTIC_NOT_POSTERIOR,PRESENT,0.09999999999999998,79711,56004,1461.1009417308358,46.322151930893966
0,0.5,0.5,D0,5,Q1,1,1024,1024,1024,True,1.0,True,MC_UNRESOLVED,DIAGNOSTIC_NOT_POSTERIOR,PRESENT,0.0,79711,56004,1461.1009417308358,46.322151930893966
0,0.5,0.5,D0,5,Q2,0,1024,1024,1024,True,1.0,True,TRUE,DIAGNOSTIC_NOT_POSTERIOR,PRESENT,1.0,79711,56004,1461.1009417308358,46.322151930893966
0,0.5,0.5,D0,5,Q2,0.5,1024,1024,1024,True,1.0,True,TRUE,DIAGNOSTIC_NOT_POSTERIOR,PRESENT,0.5,79711,56004,1461.1009417308358,46.322151930893966
0,0.5,0.5,D0,5,Q2,0.75,1024,1024,1024,True,1.0,True,TRUE,DIAGNOSTIC_NOT_POSTERIOR,PRESENT,0.25,79711,56004,1461.1009417308358,46.322151930893966
0,0.5,0.5,D0,5,Q2,0.9,1024,1024,1024,True,1.0,True,TRUE,DIAGNOSTIC_NOT_POSTERIOR,PRESENT,0.09999999999999998,79711,56004,1461.1009417308358,46.322151930893966
0,0.5,0.5,D0,5,Q2,1,1024,1024,1024,True,1.0,True,MC_UNRESOLVED,DIAGNOSTIC_NOT_POSTERIOR,PRESENT,0.0,79711,56004,1461.1009417308358,46.322151930893966
0,0.5,0.5,D3,5,Q1,0,1024,1024,1024,True,1.0,True,TRUE,DIAGNOSTIC_NOT_POSTERIOR,PRESENT,1.0,79711,56004,1461.1009417308358,46.322151930893966
0,0.5,0.5,D3,5,Q1,0.5,1024,1024,1024,True,1.0,True,TRUE,DIAGNOSTIC_NOT_POSTERIOR,PRESENT,0.5,79711,56004,1461.1009417308358,46.322151930893966
0,0.5,0.5,D3,5,Q1,0.75,1024,1024,1024,True,1.0,True,TRUE,DIAGNOSTIC_NOT_POSTERIOR,PRESENT,0.25,79711,56004,1461.1009417308358,46.322151930893966
0,0.5,0.5,D3,5,Q1,0.9,1024,1024,1024,True,1.0,True,TRUE,DIAGNOSTIC_NOT_POSTERIOR,PRESENT,0.09999999999999998,79711,56004,1461.1009417308358,46.322151930893966
0,0.5,0.5,D3,5,Q1,1,1024,1024,1024,True,1.0,True,MC_UNRESOLVED,DIAGNOSTIC_NOT_POSTERIOR,PRESENT,0.0,79711,56004,1461.1009417308358,46.322151930893966
0,0.5,0.5,D3,5,Q2,0,1024,1024,1024,True,1.0,True,TRUE,DIAGNOSTIC_NOT_POSTERIOR,PRESENT,1.0,79711,56004,1461.1009417308358,46.322151930893966
0,0.5,0.5,D3,5,Q2,0.5,1024,1024,1024,True,1.0,True,TRUE,DIAGNOSTIC_NOT_POSTERIOR,PRESENT,0.5,79711,56004,1461.1009417308358,46.322151930893966
0,0.5,0.5,D3,5,Q2,0.75,1024,1024,1024,True,1.0,True,TRUE,DIAGNOSTIC_NOT_POSTERIOR,PRESENT,0.25,79711,56004,1461.1009417308358,46.322151930893966
0,0.5,0.5,D3,5,Q2,0.9,1024,1024,1024,True,1.0,True,TRUE,DIAGNOSTIC_NOT_POSTERIOR,PRESENT,0.09999999999999998,79711,56004,1461.1009417308358,46.322151930893966
0,0.5,0.5,D3,5,Q2,1,1024,1024,1024,True,1.0,True,MC_UNRESOLVED,DIAGNOSTIC_NOT_POSTERIOR,PRESENT,0.0,79711,56004,1461.1009417308358,46.322151930893966
0,0.5,1,D0,5,Q1,0,1024,1024,1024,True,1.0,True,TRUE,DIAGNOSTIC_NOT_POSTERIOR,PRESENT,1.0,79711,56004,1461.1009417308358,46.322151930893966
0,0.5,1,D0,5,Q1,0.5,1024,1024,1024,True,1.0,True,TRUE,DIAGNOSTIC_NOT_POSTERIOR,PRESENT,0.5,79711,56004,1461.1009417308358,46.322151930893966
0,0.5,1,D0,5,Q1,0.75,1024,1024,1024,True,1.0,True,TRUE,DIAGNOSTIC_NOT_POSTERIOR,PRESENT,0.25,79711,56004,1461.1009417308358,46.322151930893966
0,0.5,1,D0,5,Q1,0.9,1024,1024,1024,True,1.0,True,TRUE,DIAGNOSTIC_NOT_POSTERIOR,PRESENT,0.09999999999999998,79711,56004,1461.1009417308358,46.322151930893966
0,0.5,1,D0,5,Q1,1,1024,1024,1024,True,1.0,True,MC_UNRESOLVED,DIAGNOSTIC_NOT_POSTERIOR,PRESENT,0.0,79711,56004,1461.1009417308358,46.322151930893966
0,0.5,1,D0,5,Q2,0,1024,1024,1024,True,1.0,True,TRUE,DIAGNOSTIC_NOT_POSTERIOR,PRESENT,1.0,79711,56004,1461.1009417308358,46.322151930893966
0,0.5,1,D0,5,Q2,0.5,1024,1024,1024,True,1.0,True,TRUE,DIAGNOSTIC_NOT_POSTERIOR,PRESENT,0.5,79711,56004,1461.1009417308358,46.322151930893966
0,0.5,1,D0,5,Q2,0.75,1024,1024,1024,True,1.0,True,TRUE,DIAGNOSTIC_NOT_POSTERIOR,PRESENT,0.25,79711,56004,1461.1009417308358,46.322151930893966
0,0.5,1,D0,5,Q2,0.9,1024,1024,1024,True,1.0,True,TRUE,DIAGNOSTIC_NOT_POSTERIOR,PRESENT,0.09999999999999998,79711,56004,1461.1009417308358,46.322151930893966
0,0.5,1,D0,5,Q2,1,1024,1024,1024,True,1.0,True,MC_UNRESOLVED,DIAGNOSTIC_NOT_POSTERIOR,PRESENT,0.0,79711,56004,1461.1009417308358,46.322151930893966
0,0.5,1,D3,5,Q1,0,1024,1024,1024,True,1.0,True,TRUE,DIAGNOSTIC_NOT_POSTERIOR,PRESENT,1.0,79711,56004,1461.1009417308358,46.322151930893966
0,0.5,1,D3,5,Q1,0.5,1024,1024,1024,True,1.0,True,TRUE,DIAGNOSTIC_NOT_POSTERIOR,PRESENT,0.5,79711,56004,1461.1009417308358,46.322151930893966
0,0.5,1,D3,5,Q1,0.75,1024,1024,1024,True,1.0,True,TRUE,DIAGNOSTIC_NOT_POSTERIOR,PRESENT,0.25,79711,56004,1461.1009417308358,46.322151930893966
0,0.5,1,D3,5,Q1,0.9,1024,1024,1024,True,1.0,True,TRUE,DIAGNOSTIC_NOT_POSTERIOR,PRESENT,0.09999999999999998,79711,56004,1461.1009417308358,46.322151930893966
0,0.5,1,D3,5,Q1,1,1024,1024,1024,True,1.0,True,MC_UNRESOLVED,DIAGNOSTIC_NOT_POSTERIOR,PRESENT,0.0,79711,56004,1461.1009417308358,46.322151930893966
0,0.5,1,D3,5,Q2,0,1024,1024,1024,True,1.0,True,TRUE,DIAGNOSTIC_NOT_POSTERIOR,PRESENT,1.0,79711,56004,1461.1009417308358,46.322151930893966
0,0.5,1,D3,5,Q2,0.5,1024,1024,1024,True,1.0,True,TRUE,DIAGNOSTIC_NOT_POSTERIOR,PRESENT,0.5,79711,56004,1461.1009417308358,46.322151930893966
0,0.5,1,D3,5,Q2,0.75,1024,1024,1024,True,1.0,True,TRUE,DIAGNOSTIC_NOT_POSTERIOR,PRESENT,0.25,79711,56004,1461.1009417308358,46.322151930893966
0,0.5,1,D3,5,Q2,0.9,1024,1024,1024,True,1.0,True,TRUE,DIAGNOSTIC_NOT_POSTERIOR,PRESENT,0.09999999999999998,79711,56004,1461.1009417308358,46.322151930893966
0,0.5,1,D3,5,Q2,1,1024,1024,1024,True,1.0,True,MC_UNRESOLVED,DIAGNOSTIC_NOT_POSTERIOR,PRESENT,0.0,79711,56004,1461.1009417308358,46.322151930893966
1,-0.5,0,D0,5,Q1,0,1024,1024,1024,True,1.0,True,TRUE,DIAGNOSTIC_NOT_POSTERIOR,PRESENT,1.0,99998,76209,1462.766081626504,60.78973624114967
1,-0.5,0,D0,5,Q1,0.5,1024,1024,1024,True,1.0,True,TRUE,DIAGNOSTIC_NOT_POSTERIOR,PRESENT,0.5,99998,76209,1462.766081626504,60.78973624114967
1,-0.5,0,D0,5,Q1,0.75,1024,1024,1024,True,1.0,True,TRUE,DIAGNOSTIC_NOT_POSTERIOR,PRESENT,0.25,99998,76209,1462.766081626504,60.78973624114967
1,-0.5,0,D0,5,Q1,0.9,1024,1024,1024,True,1.0,True,TRUE,DIAGNOSTIC_NOT_POSTERIOR,PRESENT,0.09999999999999998,99998,76209,1462.766081626504,60.78973624114967
1,-0.5,0,D0,5,Q1,1,1024,1024,1024,True,1.0,True,MC_UNRESOLVED,DIAGNOSTIC_NOT_POSTERIOR,PRESENT,0.0,99998,76209,1462.766081626504,60.78973624114967
1,-0.5,0,D0,5,Q2,0,1024,1024,1024,True,1.0,True,TRUE,DIAGNOSTIC_NOT_POSTERIOR,PRESENT,1.0,99998,76209,1462.766081626504,60.78973624114967
1,-0.5,0,D0,5,Q2,0.5,1024,1024,1024,True,1.0,True,TRUE,DIAGNOSTIC_NOT_POSTERIOR,PRESENT,0.5,99998,76209,1462.766081626504,60.78973624114967
1,-0.5,0,D0,5,Q2,0.75,1024,1024,1024,True,1.0,True,TRUE,DIAGNOSTIC_NOT_POSTERIOR,PRESENT,0.25,99998,76209,1462.766081626504,60.78973624114967
1,-0.5,0,D0,5,Q2,0.9,1024,1024,1024,True,1.0,True,TRUE,DIAGNOSTIC_NOT_POSTERIOR,PRESENT,0.09999999999999998,99998,76209,1462.766081626504,60.78973624114967
1,-0.5,0,D0,5,Q2,1,1024,1024,1024,True,1.0,True,MC_UNRESOLVED,DIAGNOSTIC_NOT_POSTERIOR,PRESENT,0.0,99998,76209,1462.766081626504,60.78973624114967
1,-0.5,0,D3,5,Q1,0,1024,1024,1024,True,1.0,True,TRUE,DIAGNOSTIC_NOT_POSTERIOR,PRESENT,1.0,99998,76209,1462.766081626504,60.78973624114967
1,-0.5,0,D3,5,Q1,0.5,1024,1024,1024,True,1.0,True,TRUE,DIAGNOSTIC_NOT_POSTERIOR,PRESENT,0.5,99998,76209,1462.766081626504,60.78973624114967
1,-0.5,0,D3,5,Q1,0.75,1024,1024,1024,True,1.0,True,TRUE,DIAGNOSTIC_NOT_POSTERIOR,PRESENT,0.25,99998,76209,1462.766081626504,60.78973624114967
1,-0.5,0,D3,5,Q1,0.9,1024,1024,1024,True,1.0,True,TRUE,DIAGNOSTIC_NOT_POSTERIOR,PRESENT,0.09999999999999998,99998,76209,1462.766081626504,60.78973624114967
1,-0.5,0,D3,5,Q1,1,1024,1024,1024,True,1.0,True,MC_UNRESOLVED,DIAGNOSTIC_NOT_POSTERIOR,PRESENT,0.0,99998,76209,1462.766081626504,60.78973624114967
1,-0.5,0,D3,5,Q2,0,1024,1024,1024,True,1.0,True,TRUE,DIAGNOSTIC_NOT_POSTERIOR,PRESENT,1.0,99998,76209,1462.766081626504,60.78973624114967
1,-0.5,0,D3,5,Q2,0.5,1024,1024,1024,True,1.0,True,TRUE,DIAGNOSTIC_NOT_POSTERIOR,PRESENT,0.5,99998,76209,1462.766081626504,60.78973624114967
1,-0.5,0,D3,5,Q2,0.75,1024,1024,1024,True,1.0,True,TRUE,DIAGNOSTIC_NOT_POSTERIOR,PRESENT,0.25,99998,76209,1462.766081626504,60.78973624114967
1,-0.5,0,D3,5,Q2,0.9,1024,1024,1024,True,1.0,True,TRUE,DIAGNOSTIC_NOT_POSTERIOR,PRESENT,0.09999999999999998,99998,76209,1462.766081626504,60.78973624114967
1,-0.5,0,D3,5,Q2,1,1024,1024,1024,True,1.0,True,MC_UNRESOLVED,DIAGNOSTIC_NOT_POSTERIOR,PRESENT,0.0,99998,76209,1462.766081626504,60.78973624114967
1,-0.5,0.5,D0,5,Q1,0,1024,1024,1024,True,1.0,True,TRUE,DIAGNOSTIC_NOT_POSTERIOR,PRESENT,1.0,99998,76209,1462.766081626504,60.78973624114967
1,-0.5,0.5,D0,5,Q1,0.5,1024,1024,1024,True,1.0,True,TRUE,DIAGNOSTIC_NOT_POSTERIOR,PRESENT,0.5,99998,76209,1462.766081626504,60.78973624114967
1,-0.5,0.5,D0,5,Q1,0.75,1024,1024,1024,True,1.0,True,TRUE,DIAGNOSTIC_NOT_POSTERIOR,PRESENT,0.25,99998,76209,1462.766081626504,60.78973624114967
1,-0.5,0.5,D0,5,Q1,0.9,1024,1024,1024,True,1.0,True,TRUE,DIAGNOSTIC_NOT_POSTERIOR,PRESENT,0.09999999999999998,99998,76209,1462.766081626504,60.78973624114967
1,-0.5,0.5,D0,5,Q1,1,1024,1024,1024,True,1.0,True,MC_UNRESOLVED,DIAGNOSTIC_NOT_POSTERIOR,PRESENT,0.0,99998,76209,1462.766081626504,60.78973624114967
1,-0.5,0.5,D0,5,Q2,0,1024,1024,1024,True,1.0,True,TRUE,DIAGNOSTIC_NOT_POSTERIOR,PRESENT,1.0,99998,76209,1462.766081626504,60.78973624114967
1,-0.5,0.5,D0,5,Q2,0.5,1024,1024,1024,True,1.0,True,TRUE,DIAGNOSTIC_NOT_POSTERIOR,PRESENT,0.5,99998,76209,1462.766081626504,60.78973624114967
1,-0.5,0.5,D0,5,Q2,0.75,1024,1024,1024,True,1.0,True,TRUE,DIAGNOSTIC_NOT_POSTERIOR,PRESENT,0.25,99998,76209,1462.766081626504,60.78973624114967
1,-0.5,0.5,D0,5,Q2,0.9,1024,1024,1024,True,1.0,True,TRUE,DIAGNOSTIC_NOT_POSTERIOR,PRESENT,0.09999999999999998,99998,76209,1462.766081626504,60.78973624114967
1,-0.5,0.5,D0,5,Q2,1,1024,1024,1024,True,1.0,True,MC_UNRESOLVED,DIAGNOSTIC_NOT_POSTERIOR,PRESENT,0.0,99998,76209,1462.766081626504,60.78973624114967
1,-0.5,0.5,D3,5,Q1,0,1024,1024,1024,True,1.0,True,TRUE,DIAGNOSTIC_NOT_POSTERIOR,PRESENT,1.0,99998,76209,1462.766081626504,60.78973624114967
1,-0.5,0.5,D3,5,Q1,0.5,1024,1024,1024,True,1.0,True,TRUE,DIAGNOSTIC_NOT_POSTERIOR,PRESENT,0.5,99998,76209,1462.766081626504,60.78973624114967
1,-0.5,0.5,D3,5,Q1,0.75,1024,1024,1024,True,1.0,True,TRUE,DIAGNOSTIC_NOT_POSTERIOR,PRESENT,0.25,99998,76209,1462.766081626504,60.78973624114967
1,-0.5,0.5,D3,5,Q1,0.9,1024,1024,1024,True,1.0,True,TRUE,DIAGNOSTIC_NOT_POSTERIOR,PRESENT,0.09999999999999998,99998,76209,1462.766081626504,60.78973624114967
1,-0.5,0.5,D3,5,Q1,1,1024,1024,1024,True,1.0,True,MC_UNRESOLVED,DIAGNOSTIC_NOT_POSTERIOR,PRESENT,0.0,99998,76209,1462.766081626504,60.78973624114967
1,-0.5,0.5,D3,5,Q2,0,1024,1024,1024,True,1.0,True,TRUE,DIAGNOSTIC_NOT_POSTERIOR,PRESENT,1.0,99998,76209,1462.766081626504,60.78973624114967
1,-0.5,0.5,D3,5,Q2,0.5,1024,1024,1024,True,1.0,True,TRUE,DIAGNOSTIC_NOT_POSTERIOR,PRESENT,0.5,99998,76209,1462.766081626504,60.78973624114967
1,-0.5,0.5,D3,5,Q2,0.75,1024,1024,1024,True,1.0,True,TRUE,DIAGNOSTIC_NOT_POSTERIOR,PRESENT,0.25,99998,76209,1462.766081626504,60.78973624114967
1,-0.5,0.5,D3,5,Q2,0.9,1024,1024,1024,True,1.0,True,TRUE,DIAGNOSTIC_NOT_POSTERIOR,PRESENT,0.09999999999999998,99998,76209,1462.766081626504,60.78973624114967
1,-0.5,0.5,D3,5,Q2,1,1024,1024,1024,True,1.0,True,MC_UNRESOLVED,DIAGNOSTIC_NOT_POSTERIOR,PRESENT,0.0,99998,76209,1462.766081626504,60.78973624114967
1,-0.5,1,D0,5,Q1,0,1024,1024,1024,True,1.0,True,TRUE,DIAGNOSTIC_NOT_POSTERIOR,PRESENT,1.0,99998,76209,1462.766081626504,60.78973624114967
1,-0.5,1,D0,5,Q1,0.5,1024,1024,1024,True,1.0,True,TRUE,DIAGNOSTIC_NOT_POSTERIOR,PRESENT,0.5,99998,76209,1462.766081626504,60.78973624114967
1,-0.5,1,D0,5,Q1,0.75,1024,1024,1024,True,1.0,True,TRUE,DIAGNOSTIC_NOT_POSTERIOR,PRESENT,0.25,99998,76209,1462.766081626504,60.78973624114967
1,-0.5,1,D0,5,Q1,0.9,1024,1024,1024,True,1.0,True,TRUE,DIAGNOSTIC_NOT_POSTERIOR,PRESENT,0.09999999999999998,99998,76209,1462.766081626504,60.78973624114967
1,-0.5,1,D0,5,Q1,1,1024,1024,1024,True,1.0,True,MC_UNRESOLVED,DIAGNOSTIC_NOT_POSTERIOR,PRESENT,0.0,99998,76209,1462.766081626504,60.78973624114967
1,-0.5,1,D0,5,Q2,0,1024,1024,1024,True,1.0,True,TRUE,DIAGNOSTIC_NOT_POSTERIOR,PRESENT,1.0,99998,76209,1462.766081626504,60.78973624114967
1,-0.5,1,D0,5,Q2,0.5,1024,1024,1024,True,1.0,True,TRUE,DIAGNOSTIC_NOT_POSTERIOR,PRESENT,0.5,99998,76209,1462.766081626504,60.78973624114967
1,-0.5,1,D0,5,Q2,0.75,1024,1024,1024,True,1.0,True,TRUE,DIAGNOSTIC_NOT_POSTERIOR,PRESENT,0.25,99998,76209,1462.766081626504,60.78973624114967
1,-0.5,1,D0,5,Q2,0.9,1024,1024,1024,True,1.0,True,TRUE,DIAGNOSTIC_NOT_POSTERIOR,PRESENT,0.09999999999999998,99998,76209,1462.766081626504,60.78973624114967
1,-0.5,1,D0,5,Q2,1,1024,1024,1024,True,1.0,True,MC_UNRESOLVED,DIAGNOSTIC_NOT_POSTERIOR,PRESENT,0.0,99998,76209,1462.766081626504,60.78973624114967
1,-0.5,1,D3,5,Q1,0,1024,1024,1024,True,1.0,True,TRUE,DIAGNOSTIC_NOT_POSTERIOR,PRESENT,1.0,99998,76209,1462.766081626504,60.78973624114967
1,-0.5,1,D3,5,Q1,0.5,1024,1024,1024,True,1.0,True,TRUE,DIAGNOSTIC_NOT_POSTERIOR,PRESENT,0.5,99998,76209,1462.766081626504,60.78973624114967
1,-0.5,1,D3,5,Q1,0.75,1024,1024,1024,True,1.0,True,TRUE,DIAGNOSTIC_NOT_POSTERIOR,PRESENT,0.25,99998,76209,1462.766081626504,60.78973624114967
1,-0.5,1,D3,5,Q1,0.9,1024,1024,1024,True,1.0,True,TRUE,DIAGNOSTIC_NOT_POSTERIOR,PRESENT,0.09999999999999998,99998,76209,1462.766081626504,60.78973624114967
1,-0.5,1,D3,5,Q1,1,1024,1024,1024,True,1.0,True,MC_UNRESOLVED,DIAGNOSTIC_NOT_POSTERIOR,PRESENT,0.0,99998,76209,1462.766081626504,60.78973624114967
1,-0.5,1,D3,5,Q2,0,1024,1024,1024,True,1.0,True,TRUE,DIAGNOSTIC_NOT_POSTERIOR,PRESENT,1.0,99998,76209,1462.766081626504,60.78973624114967
1,-0.5,1,D3,5,Q2,0.5,1024,1024,1024,True,1.0,True,TRUE,DIAGNOSTIC_NOT_POSTERIOR,PRESENT,0.5,99998,76209,1462.766081626504,60.78973624114967
1,-0.5,1,D3,5,Q2,0.75,1024,1024,1024,True,1.0,True,TRUE,DIAGNOSTIC_NOT_POSTERIOR,PRESENT,0.25,99998,76209,1462.766081626504,60.78973624114967
1,-0.5,1,D3,5,Q2,0.9,1024,1024,1024,True,1.0,True,TRUE,DIAGNOSTIC_NOT_POSTERIOR,PRESENT,0.09999999999999998,99998,76209,1462.766081626504,60.78973624114967
1,-0.5,1,D3,5,Q2,1,1024,1024,1024,True,1.0,True,MC_UNRESOLVED,DIAGNOSTIC_NOT_POSTERIOR,PRESENT,0.0,99998,76209,1462.766081626504,60.78973624114967
1,0,0,D0,5,Q1,0,1024,1024,1024,True,1.0,True,TRUE,DIAGNOSTIC_NOT_POSTERIOR,PRESENT,1.0,98335,74569,1462.766081626504,59.63432193255362
1,0,0,D0,5,Q1,0.5,1024,1024,1024,True,1.0,True,TRUE,DIAGNOSTIC_NOT_POSTERIOR,PRESENT,0.5,98335,74569,1462.766081626504,59.63432193255362
1,0,0,D0,5,Q1,0.75,1024,1024,1024,True,1.0,True,TRUE,DIAGNOSTIC_NOT_POSTERIOR,PRESENT,0.25,98335,74569,1462.766081626504,59.63432193255362
1,0,0,D0,5,Q1,0.9,1024,1024,1024,True,1.0,True,TRUE,DIAGNOSTIC_NOT_POSTERIOR,PRESENT,0.09999999999999998,98335,74569,1462.766081626504,59.63432193255362
1,0,0,D0,5,Q1,1,1024,1024,1024,True,1.0,True,MC_UNRESOLVED,DIAGNOSTIC_NOT_POSTERIOR,PRESENT,0.0,98335,74569,1462.766081626504,59.63432193255362
1,0,0,D0,5,Q2,0,1024,1024,1024,True,1.0,True,TRUE,DIAGNOSTIC_NOT_POSTERIOR,PRESENT,1.0,98335,74569,1462.766081626504,59.63432193255362
1,0,0,D0,5,Q2,0.5,1024,1024,1024,True,1.0,True,TRUE,DIAGNOSTIC_NOT_POSTERIOR,PRESENT,0.5,98335,74569,1462.766081626504,59.63432193255362
1,0,0,D0,5,Q2,0.75,1024,1024,1024,True,1.0,True,TRUE,DIAGNOSTIC_NOT_POSTERIOR,PRESENT,0.25,98335,74569,1462.766081626504,59.63432193255362
1,0,0,D0,5,Q2,0.9,1024,1024,1024,True,1.0,True,TRUE,DIAGNOSTIC_NOT_POSTERIOR,PRESENT,0.09999999999999998,98335,74569,1462.766081626504,59.63432193255362
1,0,0,D0,5,Q2,1,1024,1024,1024,True,1.0,True,MC_UNRESOLVED,DIAGNOSTIC_NOT_POSTERIOR,PRESENT,0.0,98335,74569,1462.766081626504,59.63432193255362
1,0,0,D3,5,Q1,0,1024,1024,1024,True,1.0,True,TRUE,DIAGNOSTIC_NOT_POSTERIOR,PRESENT,1.0,98335,74569,1462.766081626504,59.63432193255362
1,0,0,D3,5,Q1,0.5,1024,1024,1024,True,1.0,True,TRUE,DIAGNOSTIC_NOT_POSTERIOR,PRESENT,0.5,98335,74569,1462.766081626504,59.63432193255362
1,0,0,D3,5,Q1,0.75,1024,1024,1024,True,1.0,True,TRUE,DIAGNOSTIC_NOT_POSTERIOR,PRESENT,0.25,98335,74569,1462.766081626504,59.63432193255362
1,0,0,D3,5,Q1,0.9,1024,1024,1024,True,1.0,True,TRUE,DIAGNOSTIC_NOT_POSTERIOR,PRESENT,0.09999999999999998,98335,74569,1462.766081626504,59.63432193255362
1,0,0,D3,5,Q1,1,1024,1024,1024,True,1.0,True,MC_UNRESOLVED,DIAGNOSTIC_NOT_POSTERIOR,PRESENT,0.0,98335,74569,1462.766081626504,59.63432193255362
1,0,0,D3,5,Q2,0,1024,1024,1024,True,1.0,True,TRUE,DIAGNOSTIC_NOT_POSTERIOR,PRESENT,1.0,98335,74569,1462.766081626504,59.63432193255362
1,0,0,D3,5,Q2,0.5,1024,1024,1024,True,1.0,True,TRUE,DIAGNOSTIC_NOT_POSTERIOR,PRESENT,0.5,98335,74569,1462.766081626504,59.63432193255362
1,0,0,D3,5,Q2,0.75,1024,1024,1024,True,1.0,True,TRUE,DIAGNOSTIC_NOT_POSTERIOR,PRESENT,0.25,98335,74569,1462.766081626504,59.63432193255362
1,0,0,D3,5,Q2,0.9,1024,1024,1024,True,1.0,True,TRUE,DIAGNOSTIC_NOT_POSTERIOR,PRESENT,0.09999999999999998,98335,74569,1462.766081626504,59.63432193255362
1,0,0,D3,5,Q2,1,1024,1024,1024,True,1.0,True,MC_UNRESOLVED,DIAGNOSTIC_NOT_POSTERIOR,PRESENT,0.0,98335,74569,1462.766081626504,59.63432193255362
1,0,0.5,D0,5,Q1,0,1024,1024,1024,True,1.0,True,TRUE,DIAGNOSTIC_NOT_POSTERIOR,PRESENT,1.0,98335,74569,1462.766081626504,59.63432193255362
1,0,0.5,D0,5,Q1,0.5,1024,1024,1024,True,1.0,True,TRUE,DIAGNOSTIC_NOT_POSTERIOR,PRESENT,0.5,98335,74569,1462.766081626504,59.63432193255362
1,0,0.5,D0,5,Q1,0.75,1024,1024,1024,True,1.0,True,TRUE,DIAGNOSTIC_NOT_POSTERIOR,PRESENT,0.25,98335,74569,1462.766081626504,59.63432193255362
1,0,0.5,D0,5,Q1,0.9,1024,1024,1024,True,1.0,True,TRUE,DIAGNOSTIC_NOT_POSTERIOR,PRESENT,0.09999999999999998,98335,74569,1462.766081626504,59.63432193255362
1,0,0.5,D0,5,Q1,1,1024,1024,1024,True,1.0,True,MC_UNRESOLVED,DIAGNOSTIC_NOT_POSTERIOR,PRESENT,0.0,98335,74569,1462.766081626504,59.63432193255362
1,0,0.5,D0,5,Q2,0,1024,1024,1024,True,1.0,True,TRUE,DIAGNOSTIC_NOT_POSTERIOR,PRESENT,1.0,98335,74569,1462.766081626504,59.63432193255362
1,0,0.5,D0,5,Q2,0.5,1024,1024,1024,True,1.0,True,TRUE,DIAGNOSTIC_NOT_POSTERIOR,PRESENT,0.5,98335,74569,1462.766081626504,59.63432193255362
1,0,0.5,D0,5,Q2,0.75,1024,1024,1024,True,1.0,True,TRUE,DIAGNOSTIC_NOT_POSTERIOR,PRESENT,0.25,98335,74569,1462.766081626504,59.63432193255362
1,0,0.5,D0,5,Q2,0.9,1024,1024,1024,True,1.0,True,TRUE,DIAGNOSTIC_NOT_POSTERIOR,PRESENT,0.09999999999999998,98335,74569,1462.766081626504,59.63432193255362
1,0,0.5,D0,5,Q2,1,1024,1024,1024,True,1.0,True,MC_UNRESOLVED,DIAGNOSTIC_NOT_POSTERIOR,PRESENT,0.0,98335,74569,1462.766081626504,59.63432193255362
1,0,0.5,D3,5,Q1,0,1024,1024,1024,True,1.0,True,TRUE,DIAGNOSTIC_NOT_POSTERIOR,PRESENT,1.0,98335,74569,1462.766081626504,59.63432193255362
1,0,0.5,D3,5,Q1,0.5,1024,1024,1024,True,1.0,True,TRUE,DIAGNOSTIC_NOT_POSTERIOR,PRESENT,0.5,98335,74569,1462.766081626504,59.63432193255362
1,0,0.5,D3,5,Q1,0.75,1024,1024,1024,True,1.0,True,TRUE,DIAGNOSTIC_NOT_POSTERIOR,PRESENT,0.25,98335,74569,1462.766081626504,59.63432193255362
1,0,0.5,D3,5,Q1,0.9,1024,1024,1024,True,1.0,True,TRUE,DIAGNOSTIC_NOT_POSTERIOR,PRESENT,0.09999999999999998,98335,74569,1462.766081626504,59.63432193255362
1,0,0.5,D3,5,Q1,1,1024,1024,1024,True,1.0,True,MC_UNRESOLVED,DIAGNOSTIC_NOT_POSTERIOR,PRESENT,0.0,98335,74569,1462.766081626504,59.63432193255362
1,0,0.5,D3,5,Q2,0,1024,1024,1024,True,1.0,True,TRUE,DIAGNOSTIC_NOT_POSTERIOR,PRESENT,1.0,98335,74569,1462.766081626504,59.63432193255362
1,0,0.5,D3,5,Q2,0.5,1024,1024,1024,True,1.0,True,TRUE,DIAGNOSTIC_NOT_POSTERIOR,PRESENT,0.5,98335,74569,1462.766081626504,59.63432193255362
1,0,0.5,D3,5,Q2,0.75,1024,1024,1024,True,1.0,True,TRUE,DIAGNOSTIC_NOT_POSTERIOR,PRESENT,0.25,98335,74569,1462.766081626504,59.63432193255362
1,0,0.5,D3,5,Q2,0.9,1024,1024,1024,True,1.0,True,TRUE,DIAGNOSTIC_NOT_POSTERIOR,PRESENT,0.09999999999999998,98335,74569,1462.766081626504,59.63432193255362
1,0,0.5,D3,5,Q2,1,1024,1024,1024,True,1.0,True,MC_UNRESOLVED,DIAGNOSTIC_NOT_POSTERIOR,PRESENT,0.0,98335,74569,1462.766081626504,59.63432193255362
1,0,1,D0,5,Q1,0,1024,1024,1024,True,1.0,True,TRUE,DIAGNOSTIC_NOT_POSTERIOR,PRESENT,1.0,98335,74569,1462.766081626504,59.63432193255362
1,0,1,D0,5,Q1,0.5,1024,1024,1024,True,1.0,True,TRUE,DIAGNOSTIC_NOT_POSTERIOR,PRESENT,0.5,98335,74569,1462.766081626504,59.63432193255362
1,0,1,D0,5,Q1,0.75,1024,1024,1024,True,1.0,True,TRUE,DIAGNOSTIC_NOT_POSTERIOR,PRESENT,0.25,98335,74569,1462.766081626504,59.63432193255362
1,0,1,D0,5,Q1,0.9,1024,1024,1024,True,1.0,True,TRUE,DIAGNOSTIC_NOT_POSTERIOR,PRESENT,0.09999999999999998,98335,74569,1462.766081626504,59.63432193255362
1,0,1,D0,5,Q1,1,1024,1024,1024,True,1.0,True,MC_UNRESOLVED,DIAGNOSTIC_NOT_POSTERIOR,PRESENT,0.0,98335,74569,1462.766081626504,59.63432193255362
1,0,1,D0,5,Q2,0,1024,1024,1024,True,1.0,True,TRUE,DIAGNOSTIC_NOT_POSTERIOR,PRESENT,1.0,98335,74569,1462.766081626504,59.63432193255362
1,0,1,D0,5,Q2,0.5,1024,1024,1024,True,1.0,True,TRUE,DIAGNOSTIC_NOT_POSTERIOR,PRESENT,0.5,98335,74569,1462.766081626504,59.63432193255362
1,0,1,D0,5,Q2,0.75,1024,1024,1024,True,1.0,True,TRUE,DIAGNOSTIC_NOT_POSTERIOR,PRESENT,0.25,98335,74569,1462.766081626504,59.63432193255362
1,0,1,D0,5,Q2,0.9,1024,1024,1024,True,1.0,True,TRUE,DIAGNOSTIC_NOT_POSTERIOR,PRESENT,0.09999999999999998,98335,74569,1462.766081626504,59.63432193255362
1,0,1,D0,5,Q2,1,1024,1024,1024,True,1.0,True,MC_UNRESOLVED,DIAGNOSTIC_NOT_POSTERIOR,PRESENT,0.0,98335,74569,1462.766081626504,59.63432193255362
1,0,1,D3,5,Q1,0,1024,1024,1024,True,1.0,True,TRUE,DIAGNOSTIC_NOT_POSTERIOR,PRESENT,1.0,98335,74569,1462.766081626504,59.63432193255362
1,0,1,D3,5,Q1,0.5,1024,1024,1024,True,1.0,True,TRUE,DIAGNOSTIC_NOT_POSTERIOR,PRESENT,0.5,98335,74569,1462.766081626504,59.63432193255362
1,0,1,D3,5,Q1,0.75,1024,1024,1024,True,1.0,True,TRUE,DIAGNOSTIC_NOT_POSTERIOR,PRESENT,0.25,98335,74569,1462.766081626504,59.63432193255362
1,0,1,D3,5,Q1,0.9,1024,1024,1024,True,1.0,True,TRUE,DIAGNOSTIC_NOT_POSTERIOR,PRESENT,0.09999999999999998,98335,74569,1462.766081626504,59.63432193255362
1,0,1,D3,5,Q1,1,1024,1024,1024,True,1.0,True,MC_UNRESOLVED,DIAGNOSTIC_NOT_POSTERIOR,PRESENT,0.0,98335,74569,1462.766081626504,59.63432193255362
1,0,1,D3,5,Q2,0,1024,1024,1024,True,1.0,True,TRUE,DIAGNOSTIC_NOT_POSTERIOR,PRESENT,1.0,98335,74569,1462.766081626504,59.63432193255362
1,0,1,D3,5,Q2,0.5,1024,1024,1024,True,1.0,True,TRUE,DIAGNOSTIC_NOT_POSTERIOR,PRESENT,0.5,98335,74569,1462.766081626504,59.63432193255362
1,0,1,D3,5,Q2,0.75,1024,1024,1024,True,1.0,True,TRUE,DIAGNOSTIC_NOT_POSTERIOR,PRESENT,0.25,98335,74569,1462.766081626504,59.63432193255362
1,0,1,D3,5,Q2,0.9,1024,1024,1024,True,1.0,True,TRUE,DIAGNOSTIC_NOT_POSTERIOR,PRESENT,0.09999999999999998,98335,74569,1462.766081626504,59.63432193255362
1,0,1,D3,5,Q2,1,1024,1024,1024,True,1.0,True,MC_UNRESOLVED,DIAGNOSTIC_NOT_POSTERIOR,PRESENT,0.0,98335,74569,1462.766081626504,59.63432193255362
1,0.5,0,D0,5,Q1,0,1024,1024,1024,True,1.0,True,TRUE,DIAGNOSTIC_NOT_POSTERIOR,PRESENT,1.0,95718,71989,1462.766081626504,57.656757493412485
1,0.5,0,D0,5,Q1,0.5,1024,1024,1024,True,1.0,True,TRUE,DIAGNOSTIC_NOT_POSTERIOR,PRESENT,0.5,95718,71989,1462.766081626504,57.656757493412485
1,0.5,0,D0,5,Q1,0.75,1024,1024,1024,True,1.0,True,TRUE,DIAGNOSTIC_NOT_POSTERIOR,PRESENT,0.25,95718,71989,1462.766081626504,57.656757493412485
1,0.5,0,D0,5,Q1,0.9,1024,1024,1024,True,1.0,True,TRUE,DIAGNOSTIC_NOT_POSTERIOR,PRESENT,0.09999999999999998,95718,71989,1462.766081626504,57.656757493412485
1,0.5,0,D0,5,Q1,1,1024,1024,1024,True,1.0,True,MC_UNRESOLVED,DIAGNOSTIC_NOT_POSTERIOR,PRESENT,0.0,95718,71989,1462.766081626504,57.656757493412485
1,0.5,0,D0,5,Q2,0,1024,1024,1024,True,1.0,True,TRUE,DIAGNOSTIC_NOT_POSTERIOR,PRESENT,1.0,95718,71989,1462.766081626504,57.656757493412485
1,0.5,0,D0,5,Q2,0.5,1024,1024,1024,True,1.0,True,TRUE,DIAGNOSTIC_NOT_POSTERIOR,PRESENT,0.5,95718,71989,1462.766081626504,57.656757493412485
1,0.5,0,D0,5,Q2,0.75,1024,1024,1024,True,1.0,True,TRUE,DIAGNOSTIC_NOT_POSTERIOR,PRESENT,0.25,95718,71989,1462.766081626504,57.656757493412485
1,0.5,0,D0,5,Q2,0.9,1024,1024,1024,True,1.0,True,TRUE,DIAGNOSTIC_NOT_POSTERIOR,PRESENT,0.09999999999999998,95718,71989,1462.766081626504,57.656757493412485
1,0.5,0,D0,5,Q2,1,1024,1024,1024,True,1.0,True,MC_UNRESOLVED,DIAGNOSTIC_NOT_POSTERIOR,PRESENT,0.0,95718,71989,1462.766081626504,57.656757493412485
1,0.5,0,D3,5,Q1,0,1024,1024,1024,True,1.0,True,TRUE,DIAGNOSTIC_NOT_POSTERIOR,PRESENT,1.0,95718,71989,1462.766081626504,57.656757493412485
1,0.5,0,D3,5,Q1,0.5,1024,1024,1024,True,1.0,True,TRUE,DIAGNOSTIC_NOT_POSTERIOR,PRESENT,0.5,95718,71989,1462.766081626504,57.656757493412485
1,0.5,0,D3,5,Q1,0.75,1024,1024,1024,True,1.0,True,TRUE,DIAGNOSTIC_NOT_POSTERIOR,PRESENT,0.25,95718,71989,1462.766081626504,57.656757493412485
1,0.5,0,D3,5,Q1,0.9,1024,1024,1024,True,1.0,True,TRUE,DIAGNOSTIC_NOT_POSTERIOR,PRESENT,0.09999999999999998,95718,71989,1462.766081626504,57.656757493412485
1,0.5,0,D3,5,Q1,1,1024,1024,1024,True,1.0,True,MC_UNRESOLVED,DIAGNOSTIC_NOT_POSTERIOR,PRESENT,0.0,95718,71989,1462.766081626504,57.656757493412485
1,0.5,0,D3,5,Q2,0,1024,1024,1024,True,1.0,True,TRUE,DIAGNOSTIC_NOT_POSTERIOR,PRESENT,1.0,95718,71989,1462.766081626504,57.656757493412485
1,0.5,0,D3,5,Q2,0.5,1024,1024,1024,True,1.0,True,TRUE,DIAGNOSTIC_NOT_POSTERIOR,PRESENT,0.5,95718,71989,1462.766081626504,57.656757493412485
1,0.5,0,D3,5,Q2,0.75,1024,1024,1024,True,1.0,True,TRUE,DIAGNOSTIC_NOT_POSTERIOR,PRESENT,0.25,95718,71989,1462.766081626504,57.656757493412485
1,0.5,0,D3,5,Q2,0.9,1024,1024,1024,True,1.0,True,TRUE,DIAGNOSTIC_NOT_POSTERIOR,PRESENT,0.09999999999999998,95718,71989,1462.766081626504,57.656757493412485
1,0.5,0,D3,5,Q2,1,1024,1024,1024,True,1.0,True,MC_UNRESOLVED,DIAGNOSTIC_NOT_POSTERIOR,PRESENT,0.0,95718,71989,1462.766081626504,57.656757493412485
1,0.5,0.5,D0,5,Q1,0,1024,1024,1024,True,1.0,True,TRUE,DIAGNOSTIC_NOT_POSTERIOR,PRESENT,1.0,95718,71989,1462.766081626504,57.656757493412485
1,0.5,0.5,D0,5,Q1,0.5,1024,1024,1024,True,1.0,True,TRUE,DIAGNOSTIC_NOT_POSTERIOR,PRESENT,0.5,95718,71989,1462.766081626504,57.656757493412485
1,0.5,0.5,D0,5,Q1,0.75,1024,1024,1024,True,1.0,True,TRUE,DIAGNOSTIC_NOT_POSTERIOR,PRESENT,0.25,95718,71989,1462.766081626504,57.656757493412485
1,0.5,0.5,D0,5,Q1,0.9,1024,1024,1024,True,1.0,True,TRUE,DIAGNOSTIC_NOT_POSTERIOR,PRESENT,0.09999999999999998,95718,71989,1462.766081626504,57.656757493412485
1,0.5,0.5,D0,5,Q1,1,1024,1024,1024,True,1.0,True,MC_UNRESOLVED,DIAGNOSTIC_NOT_POSTERIOR,PRESENT,0.0,95718,71989,1462.766081626504,57.656757493412485
1,0.5,0.5,D0,5,Q2,0,1024,1024,1024,True,1.0,True,TRUE,DIAGNOSTIC_NOT_POSTERIOR,PRESENT,1.0,95718,71989,1462.766081626504,57.656757493412485
1,0.5,0.5,D0,5,Q2,0.5,1024,1024,1024,True,1.0,True,TRUE,DIAGNOSTIC_NOT_POSTERIOR,PRESENT,0.5,95718,71989,1462.766081626504,57.656757493412485
1,0.5,0.5,D0,5,Q2,0.75,1024,1024,1024,True,1.0,True,TRUE,DIAGNOSTIC_NOT_POSTERIOR,PRESENT,0.25,95718,71989,1462.766081626504,57.656757493412485
1,0.5,0.5,D0,5,Q2,0.9,1024,1024,1024,True,1.0,True,TRUE,DIAGNOSTIC_NOT_POSTERIOR,PRESENT,0.09999999999999998,95718,71989,1462.766081626504,57.656757493412485
1,0.5,0.5,D0,5,Q2,1,1024,1024,1024,True,1.0,True,MC_UNRESOLVED,DIAGNOSTIC_NOT_POSTERIOR,PRESENT,0.0,95718,71989,1462.766081626504,57.656757493412485
1,0.5,0.5,D3,5,Q1,0,1024,1024,1024,True,1.0,True,TRUE,DIAGNOSTIC_NOT_POSTERIOR,PRESENT,1.0,95718,71989,1462.766081626504,57.656757493412485
1,0.5,0.5,D3,5,Q1,0.5,1024,1024,1024,True,1.0,True,TRUE,DIAGNOSTIC_NOT_POSTERIOR,PRESENT,0.5,95718,71989,1462.766081626504,57.656757493412485
1,0.5,0.5,D3,5,Q1,0.75,1024,1024,1024,True,1.0,True,TRUE,DIAGNOSTIC_NOT_POSTERIOR,PRESENT,0.25,95718,71989,1462.766081626504,57.656757493412485
1,0.5,0.5,D3,5,Q1,0.9,1024,1024,1024,True,1.0,True,TRUE,DIAGNOSTIC_NOT_POSTERIOR,PRESENT,0.09999999999999998,95718,71989,1462.766081626504,57.656757493412485
1,0.5,0.5,D3,5,Q1,1,1024,1024,1024,True,1.0,True,MC_UNRESOLVED,DIAGNOSTIC_NOT_POSTERIOR,PRESENT,0.0,95718,71989,1462.766081626504,57.656757493412485
1,0.5,0.5,D3,5,Q2,0,1024,1024,1024,True,1.0,True,TRUE,DIAGNOSTIC_NOT_POSTERIOR,PRESENT,1.0,95718,71989,1462.766081626504,57.656757493412485
1,0.5,0.5,D3,5,Q2,0.5,1024,1024,1024,True,1.0,True,TRUE,DIAGNOSTIC_NOT_POSTERIOR,PRESENT,0.5,95718,71989,1462.766081626504,57.656757493412485
1,0.5,0.5,D3,5,Q2,0.75,1024,1024,1024,True,1.0,True,TRUE,DIAGNOSTIC_NOT_POSTERIOR,PRESENT,0.25,95718,71989,1462.766081626504,57.656757493412485
1,0.5,0.5,D3,5,Q2,0.9,1024,1024,1024,True,1.0,True,TRUE,DIAGNOSTIC_NOT_POSTERIOR,PRESENT,0.09999999999999998,95718,71989,1462.766081626504,57.656757493412485
1,0.5,0.5,D3,5,Q2,1,1024,1024,1024,True,1.0,True,MC_UNRESOLVED,DIAGNOSTIC_NOT_POSTERIOR,PRESENT,0.0,95718,71989,1462.766081626504,57.656757493412485
1,0.5,1,D0,5,Q1,0,1024,1024,1024,True,1.0,True,TRUE,DIAGNOSTIC_NOT_POSTERIOR,PRESENT,1.0,95718,71989,1462.766081626504,57.656757493412485
1,0.5,1,D0,5,Q1,0.5,1024,1024,1024,True,1.0,True,TRUE,DIAGNOSTIC_NOT_POSTERIOR,PRESENT,0.5,95718,71989,1462.766081626504,57.656757493412485
1,0.5,1,D0,5,Q1,0.75,1024,1024,1024,True,1.0,True,TRUE,DIAGNOSTIC_NOT_POSTERIOR,PRESENT,0.25,95718,71989,1462.766081626504,57.656757493412485
1,0.5,1,D0,5,Q1,0.9,1024,1024,1024,True,1.0,True,TRUE,DIAGNOSTIC_NOT_POSTERIOR,PRESENT,0.09999999999999998,95718,71989,1462.766081626504,57.656757493412485
1,0.5,1,D0,5,Q1,1,1024,1024,1024,True,1.0,True,MC_UNRESOLVED,DIAGNOSTIC_NOT_POSTERIOR,PRESENT,0.0,95718,71989,1462.766081626504,57.656757493412485
1,0.5,1,D0,5,Q2,0,1024,1024,1024,True,1.0,True,TRUE,DIAGNOSTIC_NOT_POSTERIOR,PRESENT,1.0,95718,71989,1462.766081626504,57.656757493412485
1,0.5,1,D0,5,Q2,0.5,1024,1024,1024,True,1.0,True,TRUE,DIAGNOSTIC_NOT_POSTERIOR,PRESENT,0.5,95718,71989,1462.766081626504,57.656757493412485
1,0.5,1,D0,5,Q2,0.75,1024,1024,1024,True,1.0,True,TRUE,DIAGNOSTIC_NOT_POSTERIOR,PRESENT,0.25,95718,71989,1462.766081626504,57.656757493412485
1,0.5,1,D0,5,Q2,0.9,1024,1024,1024,True,1.0,True,TRUE,DIAGNOSTIC_NOT_POSTERIOR,PRESENT,0.09999999999999998,95718,71989,1462.766081626504,57.656757493412485
1,0.5,1,D0,5,Q2,1,1024,1024,1024,True,1.0,True,MC_UNRESOLVED,DIAGNOSTIC_NOT_POSTERIOR,PRESENT,0.0,95718,71989,1462.766081626504,57.656757493412485
1,0.5,1,D3,5,Q1,0,1024,1024,1024,True,1.0,True,TRUE,DIAGNOSTIC_NOT_POSTERIOR,PRESENT,1.0,95718,71989,1462.766081626504,57.656757493412485
1,0.5,1,D3,5,Q1,0.5,1024,1024,1024,True,1.0,True,TRUE,DIAGNOSTIC_NOT_POSTERIOR,PRESENT,0.5,95718,71989,1462.766081626504,57.656757493412485
1,0.5,1,D3,5,Q1,0.75,1024,1024,1024,True,1.0,True,TRUE,DIAGNOSTIC_NOT_POSTERIOR,PRESENT,0.25,95718,71989,1462.766081626504,57.656757493412485
1,0.5,1,D3,5,Q1,0.9,1024,1024,1024,True,1.0,True,TRUE,DIAGNOSTIC_NOT_POSTERIOR,PRESENT,0.09999999999999998,95718,71989,1462.766081626504,57.656757493412485
1,0.5,1,D3,5,Q1,1,1024,1024,1024,True,1.0,True,MC_UNRESOLVED,DIAGNOSTIC_NOT_POSTERIOR,PRESENT,0.0,95718,71989,1462.766081626504,57.656757493412485
1,0.5,1,D3,5,Q2,0,1024,1024,1024,True,1.0,True,TRUE,DIAGNOSTIC_NOT_POSTERIOR,PRESENT,1.0,95718,71989,1462.766081626504,57.656757493412485
1,0.5,1,D3,5,Q2,0.5,1024,1024,1024,True,1.0,True,TRUE,DIAGNOSTIC_NOT_POSTERIOR,PRESENT,0.5,95718,71989,1462.766081626504,57.656757493412485
1,0.5,1,D3,5,Q2,0.75,1024,1024,1024,True,1.0,True,TRUE,DIAGNOSTIC_NOT_POSTERIOR,PRESENT,0.25,95718,71989,1462.766081626504,57.656757493412485
1,0.5,1,D3,5,Q2,0.9,1024,1024,1024,True,1.0,True,TRUE,DIAGNOSTIC_NOT_POSTERIOR,PRESENT,0.09999999999999998,95718,71989,1462.766081626504,57.656757493412485
1,0.5,1,D3,5,Q2,1,1024,1024,1024,True,1.0,True,MC_UNRESOLVED,DIAGNOSTIC_NOT_POSTERIOR,PRESENT,0.0,95718,71989,1462.766081626504,57.656757493412485
2,-0.5,0,D0,5,Q1,0,1024,1024,1024,True,1.0,True,TRUE,DIAGNOSTIC_NOT_POSTERIOR,PRESENT,1.0,96149,72283,1461.8290421258612,61.186024599095326
2,-0.5,0,D0,5,Q1,0.5,1024,1024,1024,True,1.0,True,TRUE,DIAGNOSTIC_NOT_POSTERIOR,PRESENT,0.5,96149,72283,1461.8290421258612,61.186024599095326
2,-0.5,0,D0,5,Q1,0.75,1024,1024,1024,True,1.0,True,TRUE,DIAGNOSTIC_NOT_POSTERIOR,PRESENT,0.25,96149,72283,1461.8290421258612,61.186024599095326
2,-0.5,0,D0,5,Q1,0.9,1024,1024,1024,True,1.0,True,TRUE,DIAGNOSTIC_NOT_POSTERIOR,PRESENT,0.09999999999999998,96149,72283,1461.8290421258612,61.186024599095326
2,-0.5,0,D0,5,Q1,1,1024,1024,1024,True,1.0,True,MC_UNRESOLVED,DIAGNOSTIC_NOT_POSTERIOR,PRESENT,0.0,96149,72283,1461.8290421258612,61.186024599095326
2,-0.5,0,D0,5,Q2,0,1024,1024,1024,True,1.0,True,TRUE,DIAGNOSTIC_NOT_POSTERIOR,PRESENT,1.0,96149,72283,1461.8290421258612,61.186024599095326
2,-0.5,0,D0,5,Q2,0.5,1024,1024,1024,True,1.0,True,TRUE,DIAGNOSTIC_NOT_POSTERIOR,PRESENT,0.5,96149,72283,1461.8290421258612,61.186024599095326
2,-0.5,0,D0,5,Q2,0.75,1024,1024,1024,True,1.0,True,TRUE,DIAGNOSTIC_NOT_POSTERIOR,PRESENT,0.25,96149,72283,1461.8290421258612,61.186024599095326
2,-0.5,0,D0,5,Q2,0.9,1024,1024,1024,True,1.0,True,TRUE,DIAGNOSTIC_NOT_POSTERIOR,PRESENT,0.09999999999999998,96149,72283,1461.8290421258612,61.186024599095326
2,-0.5,0,D0,5,Q2,1,1024,1024,1024,True,1.0,True,MC_UNRESOLVED,DIAGNOSTIC_NOT_POSTERIOR,PRESENT,0.0,96149,72283,1461.8290421258612,61.186024599095326
2,-0.5,0,D3,5,Q1,0,1024,1024,1024,True,1.0,True,TRUE,DIAGNOSTIC_NOT_POSTERIOR,PRESENT,1.0,96149,72283,1461.8290421258612,61.186024599095326
2,-0.5,0,D3,5,Q1,0.5,1024,1024,1024,True,1.0,True,TRUE,DIAGNOSTIC_NOT_POSTERIOR,PRESENT,0.5,96149,72283,1461.8290421258612,61.186024599095326
2,-0.5,0,D3,5,Q1,0.75,1024,1024,1024,True,1.0,True,TRUE,DIAGNOSTIC_NOT_POSTERIOR,PRESENT,0.25,96149,72283,1461.8290421258612,61.186024599095326
2,-0.5,0,D3,5,Q1,0.9,1024,1024,1024,True,1.0,True,TRUE,DIAGNOSTIC_NOT_POSTERIOR,PRESENT,0.09999999999999998,96149,72283,1461.8290421258612,61.186024599095326
2,-0.5,0,D3,5,Q1,1,1024,1024,1024,True,1.0,True,MC_UNRESOLVED,DIAGNOSTIC_NOT_POSTERIOR,PRESENT,0.0,96149,72283,1461.8290421258612,61.186024599095326
2,-0.5,0,D3,5,Q2,0,1024,1024,1024,True,1.0,True,TRUE,DIAGNOSTIC_NOT_POSTERIOR,PRESENT,1.0,96149,72283,1461.8290421258612,61.186024599095326
2,-0.5,0,D3,5,Q2,0.5,1024,1024,1024,True,1.0,True,TRUE,DIAGNOSTIC_NOT_POSTERIOR,PRESENT,0.5,96149,72283,1461.8290421258612,61.186024599095326
2,-0.5,0,D3,5,Q2,0.75,1024,1024,1024,True,1.0,True,TRUE,DIAGNOSTIC_NOT_POSTERIOR,PRESENT,0.25,96149,72283,1461.8290421258612,61.186024599095326
2,-0.5,0,D3,5,Q2,0.9,1024,1024,1024,True,1.0,True,TRUE,DIAGNOSTIC_NOT_POSTERIOR,PRESENT,0.09999999999999998,96149,72283,1461.8290421258612,61.186024599095326
2,-0.5,0,D3,5,Q2,1,1024,1024,1024,True,1.0,True,MC_UNRESOLVED,DIAGNOSTIC_NOT_POSTERIOR,PRESENT,0.0,96149,72283,1461.8290421258612,61.186024599095326
2,-0.5,0.5,D0,5,Q1,0,1024,1024,1024,True,1.0,True,TRUE,DIAGNOSTIC_NOT_POSTERIOR,PRESENT,1.0,96149,72283,1461.8290421258612,61.186024599095326
2,-0.5,0.5,D0,5,Q1,0.5,1024,1024,1024,True,1.0,True,TRUE,DIAGNOSTIC_NOT_POSTERIOR,PRESENT,0.5,96149,72283,1461.8290421258612,61.186024599095326
2,-0.5,0.5,D0,5,Q1,0.75,1024,1024,1024,True,1.0,True,TRUE,DIAGNOSTIC_NOT_POSTERIOR,PRESENT,0.25,96149,72283,1461.8290421258612,61.186024599095326
2,-0.5,0.5,D0,5,Q1,0.9,1024,1024,1024,True,1.0,True,TRUE,DIAGNOSTIC_NOT_POSTERIOR,PRESENT,0.09999999999999998,96149,72283,1461.8290421258612,61.186024599095326
2,-0.5,0.5,D0,5,Q1,1,1024,1024,1024,True,1.0,True,MC_UNRESOLVED,DIAGNOSTIC_NOT_POSTERIOR,PRESENT,0.0,96149,72283,1461.8290421258612,61.186024599095326
2,-0.5,0.5,D0,5,Q2,0,1024,1024,1024,True,1.0,True,TRUE,DIAGNOSTIC_NOT_POSTERIOR,PRESENT,1.0,96149,72283,1461.8290421258612,61.186024599095326
2,-0.5,0.5,D0,5,Q2,0.5,1024,1024,1024,True,1.0,True,TRUE,DIAGNOSTIC_NOT_POSTERIOR,PRESENT,0.5,96149,72283,1461.8290421258612,61.186024599095326
2,-0.5,0.5,D0,5,Q2,0.75,1024,1024,1024,True,1.0,True,TRUE,DIAGNOSTIC_NOT_POSTERIOR,PRESENT,0.25,96149,72283,1461.8290421258612,61.186024599095326
2,-0.5,0.5,D0,5,Q2,0.9,1024,1024,1024,True,1.0,True,TRUE,DIAGNOSTIC_NOT_POSTERIOR,PRESENT,0.09999999999999998,96149,72283,1461.8290421258612,61.186024599095326
2,-0.5,0.5,D0,5,Q2,1,1024,1024,1024,True,1.0,True,MC_UNRESOLVED,DIAGNOSTIC_NOT_POSTERIOR,PRESENT,0.0,96149,72283,1461.8290421258612,61.186024599095326
2,-0.5,0.5,D3,5,Q1,0,1024,1024,1024,True,1.0,True,TRUE,DIAGNOSTIC_NOT_POSTERIOR,PRESENT,1.0,96149,72283,1461.8290421258612,61.186024599095326
2,-0.5,0.5,D3,5,Q1,0.5,1024,1024,1024,True,1.0,True,TRUE,DIAGNOSTIC_NOT_POSTERIOR,PRESENT,0.5,96149,72283,1461.8290421258612,61.186024599095326
2,-0.5,0.5,D3,5,Q1,0.75,1024,1024,1024,True,1.0,True,TRUE,DIAGNOSTIC_NOT_POSTERIOR,PRESENT,0.25,96149,72283,1461.8290421258612,61.186024599095326
2,-0.5,0.5,D3,5,Q1,0.9,1024,1024,1024,True,1.0,True,TRUE,DIAGNOSTIC_NOT_POSTERIOR,PRESENT,0.09999999999999998,96149,72283,1461.8290421258612,61.186024599095326
2,-0.5,0.5,D3,5,Q1,1,1024,1024,1024,True,1.0,True,MC_UNRESOLVED,DIAGNOSTIC_NOT_POSTERIOR,PRESENT,0.0,96149,72283,1461.8290421258612,61.186024599095326
2,-0.5,0.5,D3,5,Q2,0,1024,1024,1024,True,1.0,True,TRUE,DIAGNOSTIC_NOT_POSTERIOR,PRESENT,1.0,96149,72283,1461.8290421258612,61.186024599095326
2,-0.5,0.5,D3,5,Q2,0.5,1024,1024,1024,True,1.0,True,TRUE,DIAGNOSTIC_NOT_POSTERIOR,PRESENT,0.5,96149,72283,1461.8290421258612,61.186024599095326
2,-0.5,0.5,D3,5,Q2,0.75,1024,1024,1024,True,1.0,True,TRUE,DIAGNOSTIC_NOT_POSTERIOR,PRESENT,0.25,96149,72283,1461.8290421258612,61.186024599095326
2,-0.5,0.5,D3,5,Q2,0.9,1024,1024,1024,True,1.0,True,TRUE,DIAGNOSTIC_NOT_POSTERIOR,PRESENT,0.09999999999999998,96149,72283,1461.8290421258612,61.186024599095326
2,-0.5,0.5,D3,5,Q2,1,1024,1024,1024,True,1.0,True,MC_UNRESOLVED,DIAGNOSTIC_NOT_POSTERIOR,PRESENT,0.0,96149,72283,1461.8290421258612,61.186024599095326
2,-0.5,1,D0,5,Q1,0,1024,1024,1024,True,1.0,True,TRUE,DIAGNOSTIC_NOT_POSTERIOR,PRESENT,1.0,96149,72283,1461.8290421258612,61.186024599095326
2,-0.5,1,D0,5,Q1,0.5,1024,1024,1024,True,1.0,True,TRUE,DIAGNOSTIC_NOT_POSTERIOR,PRESENT,0.5,96149,72283,1461.8290421258612,61.186024599095326
2,-0.5,1,D0,5,Q1,0.75,1024,1024,1024,True,1.0,True,TRUE,DIAGNOSTIC_NOT_POSTERIOR,PRESENT,0.25,96149,72283,1461.8290421258612,61.186024599095326
2,-0.5,1,D0,5,Q1,0.9,1024,1024,1024,True,1.0,True,TRUE,DIAGNOSTIC_NOT_POSTERIOR,PRESENT,0.09999999999999998,96149,72283,1461.8290421258612,61.186024599095326
2,-0.5,1,D0,5,Q1,1,1024,1024,1024,True,1.0,True,MC_UNRESOLVED,DIAGNOSTIC_NOT_POSTERIOR,PRESENT,0.0,96149,72283,1461.8290421258612,61.186024599095326
2,-0.5,1,D0,5,Q2,0,1024,1024,1024,True,1.0,True,TRUE,DIAGNOSTIC_NOT_POSTERIOR,PRESENT,1.0,96149,72283,1461.8290421258612,61.186024599095326
2,-0.5,1,D0,5,Q2,0.5,1024,1024,1024,True,1.0,True,TRUE,DIAGNOSTIC_NOT_POSTERIOR,PRESENT,0.5,96149,72283,1461.8290421258612,61.186024599095326
2,-0.5,1,D0,5,Q2,0.75,1024,1024,1024,True,1.0,True,TRUE,DIAGNOSTIC_NOT_POSTERIOR,PRESENT,0.25,96149,72283,1461.8290421258612,61.186024599095326
2,-0.5,1,D0,5,Q2,0.9,1024,1024,1024,True,1.0,True,TRUE,DIAGNOSTIC_NOT_POSTERIOR,PRESENT,0.09999999999999998,96149,72283,1461.8290421258612,61.186024599095326
2,-0.5,1,D0,5,Q2,1,1024,1024,1024,True,1.0,True,MC_UNRESOLVED,DIAGNOSTIC_NOT_POSTERIOR,PRESENT,0.0,96149,72283,1461.8290421258612,61.186024599095326
2,-0.5,1,D3,5,Q1,0,1024,1024,1024,True,1.0,True,TRUE,DIAGNOSTIC_NOT_POSTERIOR,PRESENT,1.0,96149,72283,1461.8290421258612,61.186024599095326
2,-0.5,1,D3,5,Q1,0.5,1024,1024,1024,True,1.0,True,TRUE,DIAGNOSTIC_NOT_POSTERIOR,PRESENT,0.5,96149,72283,1461.8290421258612,61.186024599095326
2,-0.5,1,D3,5,Q1,0.75,1024,1024,1024,True,1.0,True,TRUE,DIAGNOSTIC_NOT_POSTERIOR,PRESENT,0.25,96149,72283,1461.8290421258612,61.186024599095326
2,-0.5,1,D3,5,Q1,0.9,1024,1024,1024,True,1.0,True,TRUE,DIAGNOSTIC_NOT_POSTERIOR,PRESENT,0.09999999999999998,96149,72283,1461.8290421258612,61.186024599095326
2,-0.5,1,D3,5,Q1,1,1024,1024,1024,True,1.0,True,MC_UNRESOLVED,DIAGNOSTIC_NOT_POSTERIOR,PRESENT,0.0,96149,72283,1461.8290421258612,61.186024599095326
2,-0.5,1,D3,5,Q2,0,1024,1024,1024,True,1.0,True,TRUE,DIAGNOSTIC_NOT_POSTERIOR,PRESENT,1.0,96149,72283,1461.8290421258612,61.186024599095326
2,-0.5,1,D3,5,Q2,0.5,1024,1024,1024,True,1.0,True,TRUE,DIAGNOSTIC_NOT_POSTERIOR,PRESENT,0.5,96149,72283,1461.8290421258612,61.186024599095326
2,-0.5,1,D3,5,Q2,0.75,1024,1024,1024,True,1.0,True,TRUE,DIAGNOSTIC_NOT_POSTERIOR,PRESENT,0.25,96149,72283,1461.8290421258612,61.186024599095326
2,-0.5,1,D3,5,Q2,0.9,1024,1024,1024,True,1.0,True,TRUE,DIAGNOSTIC_NOT_POSTERIOR,PRESENT,0.09999999999999998,96149,72283,1461.8290421258612,61.186024599095326
2,-0.5,1,D3,5,Q2,1,1024,1024,1024,True,1.0,True,MC_UNRESOLVED,DIAGNOSTIC_NOT_POSTERIOR,PRESENT,0.0,96149,72283,1461.8290421258612,61.186024599095326
2,0,0,D0,5,Q1,0,1024,1024,1024,True,1.0,True,TRUE,DIAGNOSTIC_NOT_POSTERIOR,PRESENT,1.0,92328,68507,1461.8290421258612,57.35660059408324
2,0,0,D0,5,Q1,0.5,1024,1024,1024,True,1.0,True,TRUE,DIAGNOSTIC_NOT_POSTERIOR,PRESENT,0.5,92328,68507,1461.8290421258612,57.35660059408324
2,0,0,D0,5,Q1,0.75,1024,1024,1024,True,1.0,True,TRUE,DIAGNOSTIC_NOT_POSTERIOR,PRESENT,0.25,92328,68507,1461.8290421258612,57.35660059408324
2,0,0,D0,5,Q1,0.9,1024,1024,1024,True,1.0,True,TRUE,DIAGNOSTIC_NOT_POSTERIOR,PRESENT,0.09999999999999998,92328,68507,1461.8290421258612,57.35660059408324
2,0,0,D0,5,Q1,1,1024,1024,1024,True,1.0,True,MC_UNRESOLVED,DIAGNOSTIC_NOT_POSTERIOR,PRESENT,0.0,92328,68507,1461.8290421258612,57.35660059408324
2,0,0,D0,5,Q2,0,1024,1024,1024,True,1.0,True,TRUE,DIAGNOSTIC_NOT_POSTERIOR,PRESENT,1.0,92328,68507,1461.8290421258612,57.35660059408324
2,0,0,D0,5,Q2,0.5,1024,1024,1024,True,1.0,True,TRUE,DIAGNOSTIC_NOT_POSTERIOR,PRESENT,0.5,92328,68507,1461.8290421258612,57.35660059408324
2,0,0,D0,5,Q2,0.75,1024,1024,1024,True,1.0,True,TRUE,DIAGNOSTIC_NOT_POSTERIOR,PRESENT,0.25,92328,68507,1461.8290421258612,57.35660059408324
2,0,0,D0,5,Q2,0.9,1024,1024,1024,True,1.0,True,TRUE,DIAGNOSTIC_NOT_POSTERIOR,PRESENT,0.09999999999999998,92328,68507,1461.8290421258612,57.35660059408324
2,0,0,D0,5,Q2,1,1024,1024,1024,True,1.0,True,MC_UNRESOLVED,DIAGNOSTIC_NOT_POSTERIOR,PRESENT,0.0,92328,68507,1461.8290421258612,57.35660059408324
2,0,0,D3,5,Q1,0,1024,1024,1024,True,1.0,True,TRUE,DIAGNOSTIC_NOT_POSTERIOR,PRESENT,1.0,92328,68507,1461.8290421258612,57.35660059408324
2,0,0,D3,5,Q1,0.5,1024,1024,1024,True,1.0,True,TRUE,DIAGNOSTIC_NOT_POSTERIOR,PRESENT,0.5,92328,68507,1461.8290421258612,57.35660059408324
2,0,0,D3,5,Q1,0.75,1024,1024,1024,True,1.0,True,TRUE,DIAGNOSTIC_NOT_POSTERIOR,PRESENT,0.25,92328,68507,1461.8290421258612,57.35660059408324
2,0,0,D3,5,Q1,0.9,1024,1024,1024,True,1.0,True,TRUE,DIAGNOSTIC_NOT_POSTERIOR,PRESENT,0.09999999999999998,92328,68507,1461.8290421258612,57.35660059408324
2,0,0,D3,5,Q1,1,1024,1024,1024,True,1.0,True,MC_UNRESOLVED,DIAGNOSTIC_NOT_POSTERIOR,PRESENT,0.0,92328,68507,1461.8290421258612,57.35660059408324
2,0,0,D3,5,Q2,0,1024,1024,1024,True,1.0,True,TRUE,DIAGNOSTIC_NOT_POSTERIOR,PRESENT,1.0,92328,68507,1461.8290421258612,57.35660059408324
2,0,0,D3,5,Q2,0.5,1024,1024,1024,True,1.0,True,TRUE,DIAGNOSTIC_NOT_POSTERIOR,PRESENT,0.5,92328,68507,1461.8290421258612,57.35660059408324
2,0,0,D3,5,Q2,0.75,1024,1024,1024,True,1.0,True,TRUE,DIAGNOSTIC_NOT_POSTERIOR,PRESENT,0.25,92328,68507,1461.8290421258612,57.35660059408324
2,0,0,D3,5,Q2,0.9,1024,1024,1024,True,1.0,True,TRUE,DIAGNOSTIC_NOT_POSTERIOR,PRESENT,0.09999999999999998,92328,68507,1461.8290421258612,57.35660059408324
2,0,0,D3,5,Q2,1,1024,1024,1024,True,1.0,True,MC_UNRESOLVED,DIAGNOSTIC_NOT_POSTERIOR,PRESENT,0.0,92328,68507,1461.8290421258612,57.35660059408324
2,0,0.5,D0,5,Q1,0,1024,1024,1024,True,1.0,True,TRUE,DIAGNOSTIC_NOT_POSTERIOR,PRESENT,1.0,92328,68507,1461.8290421258612,57.35660059408324
2,0,0.5,D0,5,Q1,0.5,1024,1024,1024,True,1.0,True,TRUE,DIAGNOSTIC_NOT_POSTERIOR,PRESENT,0.5,92328,68507,1461.8290421258612,57.35660059408324
2,0,0.5,D0,5,Q1,0.75,1024,1024,1024,True,1.0,True,TRUE,DIAGNOSTIC_NOT_POSTERIOR,PRESENT,0.25,92328,68507,1461.8290421258612,57.35660059408324
2,0,0.5,D0,5,Q1,0.9,1024,1024,1024,True,1.0,True,TRUE,DIAGNOSTIC_NOT_POSTERIOR,PRESENT,0.09999999999999998,92328,68507,1461.8290421258612,57.35660059408324
2,0,0.5,D0,5,Q1,1,1024,1024,1024,True,1.0,True,MC_UNRESOLVED,DIAGNOSTIC_NOT_POSTERIOR,PRESENT,0.0,92328,68507,1461.8290421258612,57.35660059408324
2,0,0.5,D0,5,Q2,0,1024,1024,1024,True,1.0,True,TRUE,DIAGNOSTIC_NOT_POSTERIOR,PRESENT,1.0,92328,68507,1461.8290421258612,57.35660059408324
2,0,0.5,D0,5,Q2,0.5,1024,1024,1024,True,1.0,True,TRUE,DIAGNOSTIC_NOT_POSTERIOR,PRESENT,0.5,92328,68507,1461.8290421258612,57.35660059408324
2,0,0.5,D0,5,Q2,0.75,1024,1024,1024,True,1.0,True,TRUE,DIAGNOSTIC_NOT_POSTERIOR,PRESENT,0.25,92328,68507,1461.8290421258612,57.35660059408324
2,0,0.5,D0,5,Q2,0.9,1024,1024,1024,True,1.0,True,TRUE,DIAGNOSTIC_NOT_POSTERIOR,PRESENT,0.09999999999999998,92328,68507,1461.8290421258612,57.35660059408324
2,0,0.5,D0,5,Q2,1,1024,1024,1024,True,1.0,True,MC_UNRESOLVED,DIAGNOSTIC_NOT_POSTERIOR,PRESENT,0.0,92328,68507,1461.8290421258612,57.35660059408324
2,0,0.5,D3,5,Q1,0,1024,1024,1024,True,1.0,True,TRUE,DIAGNOSTIC_NOT_POSTERIOR,PRESENT,1.0,92328,68507,1461.8290421258612,57.35660059408324
2,0,0.5,D3,5,Q1,0.5,1024,1024,1024,True,1.0,True,TRUE,DIAGNOSTIC_NOT_POSTERIOR,PRESENT,0.5,92328,68507,1461.8290421258612,57.35660059408324
2,0,0.5,D3,5,Q1,0.75,1024,1024,1024,True,1.0,True,TRUE,DIAGNOSTIC_NOT_POSTERIOR,PRESENT,0.25,92328,68507,1461.8290421258612,57.35660059408324
2,0,0.5,D3,5,Q1,0.9,1024,1024,1024,True,1.0,True,TRUE,DIAGNOSTIC_NOT_POSTERIOR,PRESENT,0.09999999999999998,92328,68507,1461.8290421258612,57.35660059408324
2,0,0.5,D3,5,Q1,1,1024,1024,1024,True,1.0,True,MC_UNRESOLVED,DIAGNOSTIC_NOT_POSTERIOR,PRESENT,0.0,92328,68507,1461.8290421258612,57.35660059408324
2,0,0.5,D3,5,Q2,0,1024,1024,1024,True,1.0,True,TRUE,DIAGNOSTIC_NOT_POSTERIOR,PRESENT,1.0,92328,68507,1461.8290421258612,57.35660059408324
2,0,0.5,D3,5,Q2,0.5,1024,1024,1024,True,1.0,True,TRUE,DIAGNOSTIC_NOT_POSTERIOR,PRESENT,0.5,92328,68507,1461.8290421258612,57.35660059408324
2,0,0.5,D3,5,Q2,0.75,1024,1024,1024,True,1.0,True,TRUE,DIAGNOSTIC_NOT_POSTERIOR,PRESENT,0.25,92328,68507,1461.8290421258612,57.35660059408324
2,0,0.5,D3,5,Q2,0.9,1024,1024,1024,True,1.0,True,TRUE,DIAGNOSTIC_NOT_POSTERIOR,PRESENT,0.09999999999999998,92328,68507,1461.8290421258612,57.35660059408324
2,0,0.5,D3,5,Q2,1,1024,1024,1024,True,1.0,True,MC_UNRESOLVED,DIAGNOSTIC_NOT_POSTERIOR,PRESENT,0.0,92328,68507,1461.8290421258612,57.35660059408324
2,0,1,D0,5,Q1,0,1024,1024,1024,True,1.0,True,TRUE,DIAGNOSTIC_NOT_POSTERIOR,PRESENT,1.0,92328,68507,1461.8290421258612,57.35660059408324
2,0,1,D0,5,Q1,0.5,1024,1024,1024,True,1.0,True,TRUE,DIAGNOSTIC_NOT_POSTERIOR,PRESENT,0.5,92328,68507,1461.8290421258612,57.35660059408324
2,0,1,D0,5,Q1,0.75,1024,1024,1024,True,1.0,True,TRUE,DIAGNOSTIC_NOT_POSTERIOR,PRESENT,0.25,92328,68507,1461.8290421258612,57.35660059408324
2,0,1,D0,5,Q1,0.9,1024,1024,1024,True,1.0,True,TRUE,DIAGNOSTIC_NOT_POSTERIOR,PRESENT,0.09999999999999998,92328,68507,1461.8290421258612,57.35660059408324
2,0,1,D0,5,Q1,1,1024,1024,1024,True,1.0,True,MC_UNRESOLVED,DIAGNOSTIC_NOT_POSTERIOR,PRESENT,0.0,92328,68507,1461.8290421258612,57.35660059408324
2,0,1,D0,5,Q2,0,1024,1024,1024,True,1.0,True,TRUE,DIAGNOSTIC_NOT_POSTERIOR,PRESENT,1.0,92328,68507,1461.8290421258612,57.35660059408324
2,0,1,D0,5,Q2,0.5,1024,1024,1024,True,1.0,True,TRUE,DIAGNOSTIC_NOT_POSTERIOR,PRESENT,0.5,92328,68507,1461.8290421258612,57.35660059408324
2,0,1,D0,5,Q2,0.75,1024,1024,1024,True,1.0,True,TRUE,DIAGNOSTIC_NOT_POSTERIOR,PRESENT,0.25,92328,68507,1461.8290421258612,57.35660059408324
2,0,1,D0,5,Q2,0.9,1024,1024,1024,True,1.0,True,TRUE,DIAGNOSTIC_NOT_POSTERIOR,PRESENT,0.09999999999999998,92328,68507,1461.8290421258612,57.35660059408324
2,0,1,D0,5,Q2,1,1024,1024,1024,True,1.0,True,MC_UNRESOLVED,DIAGNOSTIC_NOT_POSTERIOR,PRESENT,0.0,92328,68507,1461.8290421258612,57.35660059408324
2,0,1,D3,5,Q1,0,1024,1024,1024,True,1.0,True,TRUE,DIAGNOSTIC_NOT_POSTERIOR,PRESENT,1.0,92328,68507,1461.8290421258612,57.35660059408324
2,0,1,D3,5,Q1,0.5,1024,1024,1024,True,1.0,True,TRUE,DIAGNOSTIC_NOT_POSTERIOR,PRESENT,0.5,92328,68507,1461.8290421258612,57.35660059408324
2,0,1,D3,5,Q1,0.75,1024,1024,1024,True,1.0,True,TRUE,DIAGNOSTIC_NOT_POSTERIOR,PRESENT,0.25,92328,68507,1461.8290421258612,57.35660059408324
2,0,1,D3,5,Q1,0.9,1024,1024,1024,True,1.0,True,TRUE,DIAGNOSTIC_NOT_POSTERIOR,PRESENT,0.09999999999999998,92328,68507,1461.8290421258612,57.35660059408324
2,0,1,D3,5,Q1,1,1024,1024,1024,True,1.0,True,MC_UNRESOLVED,DIAGNOSTIC_NOT_POSTERIOR,PRESENT,0.0,92328,68507,1461.8290421258612,57.35660059408324
2,0,1,D3,5,Q2,0,1024,1024,1024,True,1.0,True,TRUE,DIAGNOSTIC_NOT_POSTERIOR,PRESENT,1.0,92328,68507,1461.8290421258612,57.35660059408324
2,0,1,D3,5,Q2,0.5,1024,1024,1024,True,1.0,True,TRUE,DIAGNOSTIC_NOT_POSTERIOR,PRESENT,0.5,92328,68507,1461.8290421258612,57.35660059408324
2,0,1,D3,5,Q2,0.75,1024,1024,1024,True,1.0,True,TRUE,DIAGNOSTIC_NOT_POSTERIOR,PRESENT,0.25,92328,68507,1461.8290421258612,57.35660059408324
2,0,1,D3,5,Q2,0.9,1024,1024,1024,True,1.0,True,TRUE,DIAGNOSTIC_NOT_POSTERIOR,PRESENT,0.09999999999999998,92328,68507,1461.8290421258612,57.35660059408324
2,0,1,D3,5,Q2,1,1024,1024,1024,True,1.0,True,MC_UNRESOLVED,DIAGNOSTIC_NOT_POSTERIOR,PRESENT,0.0,92328,68507,1461.8290421258612,57.35660059408324
2,0.5,0,D0,5,Q1,0,1024,1024,1024,True,1.0,True,TRUE,DIAGNOSTIC_NOT_POSTERIOR,PRESENT,1.0,87523,63772,1461.8290421258612,52.354628551218624
2,0.5,0,D0,5,Q1,0.5,1024,1024,1024,True,1.0,True,TRUE,DIAGNOSTIC_NOT_POSTERIOR,PRESENT,0.5,87523,63772,1461.8290421258612,52.354628551218624
2,0.5,0,D0,5,Q1,0.75,1024,1024,1024,True,1.0,True,TRUE,DIAGNOSTIC_NOT_POSTERIOR,PRESENT,0.25,87523,63772,1461.8290421258612,52.354628551218624
2,0.5,0,D0,5,Q1,0.9,1024,1024,1024,True,1.0,True,TRUE,DIAGNOSTIC_NOT_POSTERIOR,PRESENT,0.09999999999999998,87523,63772,1461.8290421258612,52.354628551218624
2,0.5,0,D0,5,Q1,1,1024,1024,1024,True,1.0,True,MC_UNRESOLVED,DIAGNOSTIC_NOT_POSTERIOR,PRESENT,0.0,87523,63772,1461.8290421258612,52.354628551218624
2,0.5,0,D0,5,Q2,0,1024,1024,1024,True,1.0,True,TRUE,DIAGNOSTIC_NOT_POSTERIOR,PRESENT,1.0,87523,63772,1461.8290421258612,52.354628551218624
2,0.5,0,D0,5,Q2,0.5,1024,1024,1024,True,1.0,True,TRUE,DIAGNOSTIC_NOT_POSTERIOR,PRESENT,0.5,87523,63772,1461.8290421258612,52.354628551218624
2,0.5,0,D0,5,Q2,0.75,1024,1024,1024,True,1.0,True,TRUE,DIAGNOSTIC_NOT_POSTERIOR,PRESENT,0.25,87523,63772,1461.8290421258612,52.354628551218624
2,0.5,0,D0,5,Q2,0.9,1024,1024,1024,True,1.0,True,TRUE,DIAGNOSTIC_NOT_POSTERIOR,PRESENT,0.09999999999999998,87523,63772,1461.8290421258612,52.354628551218624
2,0.5,0,D0,5,Q2,1,1024,1024,1024,True,1.0,True,MC_UNRESOLVED,DIAGNOSTIC_NOT_POSTERIOR,PRESENT,0.0,87523,63772,1461.8290421258612,52.354628551218624
2,0.5,0,D3,5,Q1,0,1024,1024,1024,True,1.0,True,TRUE,DIAGNOSTIC_NOT_POSTERIOR,PRESENT,1.0,87523,63772,1461.8290421258612,52.354628551218624
2,0.5,0,D3,5,Q1,0.5,1024,1024,1024,True,1.0,True,TRUE,DIAGNOSTIC_NOT_POSTERIOR,PRESENT,0.5,87523,63772,1461.8290421258612,52.354628551218624
2,0.5,0,D3,5,Q1,0.75,1024,1024,1024,True,1.0,True,TRUE,DIAGNOSTIC_NOT_POSTERIOR,PRESENT,0.25,87523,63772,1461.8290421258612,52.354628551218624
2,0.5,0,D3,5,Q1,0.9,1024,1024,1024,True,1.0,True,TRUE,DIAGNOSTIC_NOT_POSTERIOR,PRESENT,0.09999999999999998,87523,63772,1461.8290421258612,52.354628551218624
2,0.5,0,D3,5,Q1,1,1024,1024,1024,True,1.0,True,MC_UNRESOLVED,DIAGNOSTIC_NOT_POSTERIOR,PRESENT,0.0,87523,63772,1461.8290421258612,52.354628551218624
2,0.5,0,D3,5,Q2,0,1024,1024,1024,True,1.0,True,TRUE,DIAGNOSTIC_NOT_POSTERIOR,PRESENT,1.0,87523,63772,1461.8290421258612,52.354628551218624
2,0.5,0,D3,5,Q2,0.5,1024,1024,1024,True,1.0,True,TRUE,DIAGNOSTIC_NOT_POSTERIOR,PRESENT,0.5,87523,63772,1461.8290421258612,52.354628551218624
2,0.5,0,D3,5,Q2,0.75,1024,1024,1024,True,1.0,True,TRUE,DIAGNOSTIC_NOT_POSTERIOR,PRESENT,0.25,87523,63772,1461.8290421258612,52.354628551218624
2,0.5,0,D3,5,Q2,0.9,1024,1024,1024,True,1.0,True,TRUE,DIAGNOSTIC_NOT_POSTERIOR,PRESENT,0.09999999999999998,87523,63772,1461.8290421258612,52.354628551218624
2,0.5,0,D3,5,Q2,1,1024,1024,1024,True,1.0,True,MC_UNRESOLVED,DIAGNOSTIC_NOT_POSTERIOR,PRESENT,0.0,87523,63772,1461.8290421258612,52.354628551218624
2,0.5,0.5,D0,5,Q1,0,1024,1024,1024,True,1.0,True,TRUE,DIAGNOSTIC_NOT_POSTERIOR,PRESENT,1.0,87523,63772,1461.8290421258612,52.354628551218624
2,0.5,0.5,D0,5,Q1,0.5,1024,1024,1024,True,1.0,True,TRUE,DIAGNOSTIC_NOT_POSTERIOR,PRESENT,0.5,87523,63772,1461.8290421258612,52.354628551218624
2,0.5,0.5,D0,5,Q1,0.75,1024,1024,1024,True,1.0,True,TRUE,DIAGNOSTIC_NOT_POSTERIOR,PRESENT,0.25,87523,63772,1461.8290421258612,52.354628551218624
2,0.5,0.5,D0,5,Q1,0.9,1024,1024,1024,True,1.0,True,TRUE,DIAGNOSTIC_NOT_POSTERIOR,PRESENT,0.09999999999999998,87523,63772,1461.8290421258612,52.354628551218624
2,0.5,0.5,D0,5,Q1,1,1024,1024,1024,True,1.0,True,MC_UNRESOLVED,DIAGNOSTIC_NOT_POSTERIOR,PRESENT,0.0,87523,63772,1461.8290421258612,52.354628551218624
2,0.5,0.5,D0,5,Q2,0,1024,1024,1024,True,1.0,True,TRUE,DIAGNOSTIC_NOT_POSTERIOR,PRESENT,1.0,87523,63772,1461.8290421258612,52.354628551218624
2,0.5,0.5,D0,5,Q2,0.5,1024,1024,1024,True,1.0,True,TRUE,DIAGNOSTIC_NOT_POSTERIOR,PRESENT,0.5,87523,63772,1461.8290421258612,52.354628551218624
2,0.5,0.5,D0,5,Q2,0.75,1024,1024,1024,True,1.0,True,TRUE,DIAGNOSTIC_NOT_POSTERIOR,PRESENT,0.25,87523,63772,1461.8290421258612,52.354628551218624
2,0.5,0.5,D0,5,Q2,0.9,1024,1024,1024,True,1.0,True,TRUE,DIAGNOSTIC_NOT_POSTERIOR,PRESENT,0.09999999999999998,87523,63772,1461.8290421258612,52.354628551218624
2,0.5,0.5,D0,5,Q2,1,1024,1024,1024,True,1.0,True,MC_UNRESOLVED,DIAGNOSTIC_NOT_POSTERIOR,PRESENT,0.0,87523,63772,1461.8290421258612,52.354628551218624
2,0.5,0.5,D3,5,Q1,0,1024,1024,1024,True,1.0,True,TRUE,DIAGNOSTIC_NOT_POSTERIOR,PRESENT,1.0,87523,63772,1461.8290421258612,52.354628551218624
2,0.5,0.5,D3,5,Q1,0.5,1024,1024,1024,True,1.0,True,TRUE,DIAGNOSTIC_NOT_POSTERIOR,PRESENT,0.5,87523,63772,1461.8290421258612,52.354628551218624
2,0.5,0.5,D3,5,Q1,0.75,1024,1024,1024,True,1.0,True,TRUE,DIAGNOSTIC_NOT_POSTERIOR,PRESENT,0.25,87523,63772,1461.8290421258612,52.354628551218624
2,0.5,0.5,D3,5,Q1,0.9,1024,1024,1024,True,1.0,True,TRUE,DIAGNOSTIC_NOT_POSTERIOR,PRESENT,0.09999999999999998,87523,63772,1461.8290421258612,52.354628551218624
2,0.5,0.5,D3,5,Q1,1,1024,1024,1024,True,1.0,True,MC_UNRESOLVED,DIAGNOSTIC_NOT_POSTERIOR,PRESENT,0.0,87523,63772,1461.8290421258612,52.354628551218624
2,0.5,0.5,D3,5,Q2,0,1024,1024,1024,True,1.0,True,TRUE,DIAGNOSTIC_NOT_POSTERIOR,PRESENT,1.0,87523,63772,1461.8290421258612,52.354628551218624
2,0.5,0.5,D3,5,Q2,0.5,1024,1024,1024,True,1.0,True,TRUE,DIAGNOSTIC_NOT_POSTERIOR,PRESENT,0.5,87523,63772,1461.8290421258612,52.354628551218624
2,0.5,0.5,D3,5,Q2,0.75,1024,1024,1024,True,1.0,True,TRUE,DIAGNOSTIC_NOT_POSTERIOR,PRESENT,0.25,87523,63772,1461.8290421258612,52.354628551218624
2,0.5,0.5,D3,5,Q2,0.9,1024,1024,1024,True,1.0,True,TRUE,DIAGNOSTIC_NOT_POSTERIOR,PRESENT,0.09999999999999998,87523,63772,1461.8290421258612,52.354628551218624
2,0.5,0.5,D3,5,Q2,1,1024,1024,1024,True,1.0,True,MC_UNRESOLVED,DIAGNOSTIC_NOT_POSTERIOR,PRESENT,0.0,87523,63772,1461.8290421258612,52.354628551218624
2,0.5,1,D0,5,Q1,0,1024,1024,1024,True,1.0,True,TRUE,DIAGNOSTIC_NOT_POSTERIOR,PRESENT,1.0,87523,63772,1461.8290421258612,52.354628551218624
2,0.5,1,D0,5,Q1,0.5,1024,1024,1024,True,1.0,True,TRUE,DIAGNOSTIC_NOT_POSTERIOR,PRESENT,0.5,87523,63772,1461.8290421258612,52.354628551218624
2,0.5,1,D0,5,Q1,0.75,1024,1024,1024,True,1.0,True,TRUE,DIAGNOSTIC_NOT_POSTERIOR,PRESENT,0.25,87523,63772,1461.8290421258612,52.354628551218624
2,0.5,1,D0,5,Q1,0.9,1024,1024,1024,True,1.0,True,TRUE,DIAGNOSTIC_NOT_POSTERIOR,PRESENT,0.09999999999999998,87523,63772,1461.8290421258612,52.354628551218624
2,0.5,1,D0,5,Q1,1,1024,1024,1024,True,1.0,True,MC_UNRESOLVED,DIAGNOSTIC_NOT_POSTERIOR,PRESENT,0.0,87523,63772,1461.8290421258612,52.354628551218624
2,0.5,1,D0,5,Q2,0,1024,1024,1024,True,1.0,True,TRUE,DIAGNOSTIC_NOT_POSTERIOR,PRESENT,1.0,87523,63772,1461.8290421258612,52.354628551218624
2,0.5,1,D0,5,Q2,0.5,1024,1024,1024,True,1.0,True,TRUE,DIAGNOSTIC_NOT_POSTERIOR,PRESENT,0.5,87523,63772,1461.8290421258612,52.354628551218624
2,0.5,1,D0,5,Q2,0.75,1024,1024,1024,True,1.0,True,TRUE,DIAGNOSTIC_NOT_POSTERIOR,PRESENT,0.25,87523,63772,1461.8290421258612,52.354628551218624
2,0.5,1,D0,5,Q2,0.9,1024,1024,1024,True,1.0,True,TRUE,DIAGNOSTIC_NOT_POSTERIOR,PRESENT,0.09999999999999998,87523,63772,1461.8290421258612,52.354628551218624
2,0.5,1,D0,5,Q2,1,1024,1024,1024,True,1.0,True,MC_UNRESOLVED,DIAGNOSTIC_NOT_POSTERIOR,PRESENT,0.0,87523,63772,1461.8290421258612,52.354628551218624
2,0.5,1,D3,5,Q1,0,1024,1024,1024,True,1.0,True,TRUE,DIAGNOSTIC_NOT_POSTERIOR,PRESENT,1.0,87523,63772,1461.8290421258612,52.354628551218624
2,0.5,1,D3,5,Q1,0.5,1024,1024,1024,True,1.0,True,TRUE,DIAGNOSTIC_NOT_POSTERIOR,PRESENT,0.5,87523,63772,1461.8290421258612,52.354628551218624
2,0.5,1,D3,5,Q1,0.75,1024,1024,1024,True,1.0,True,TRUE,DIAGNOSTIC_NOT_POSTERIOR,PRESENT,0.25,87523,63772,1461.8290421258612,52.354628551218624
2,0.5,1,D3,5,Q1,0.9,1024,1024,1024,True,1.0,True,TRUE,DIAGNOSTIC_NOT_POSTERIOR,PRESENT,0.09999999999999998,87523,63772,1461.8290421258612,52.354628551218624
2,0.5,1,D3,5,Q1,1,1024,1024,1024,True,1.0,True,MC_UNRESOLVED,DIAGNOSTIC_NOT_POSTERIOR,PRESENT,0.0,87523,63772,1461.8290421258612,52.354628551218624
2,0.5,1,D3,5,Q2,0,1024,1024,1024,True,1.0,True,TRUE,DIAGNOSTIC_NOT_POSTERIOR,PRESENT,1.0,87523,63772,1461.8290421258612,52.354628551218624
2,0.5,1,D3,5,Q2,0.5,1024,1024,1024,True,1.0,True,TRUE,DIAGNOSTIC_NOT_POSTERIOR,PRESENT,0.5,87523,63772,1461.8290421258612,52.354628551218624
2,0.5,1,D3,5,Q2,0.75,1024,1024,1024,True,1.0,True,TRUE,DIAGNOSTIC_NOT_POSTERIOR,PRESENT,0.25,87523,63772,1461.8290421258612,52.354628551218624
2,0.5,1,D3,5,Q2,0.9,1024,1024,1024,True,1.0,True,TRUE,DIAGNOSTIC_NOT_POSTERIOR,PRESENT,0.09999999999999998,87523,63772,1461.8290421258612,52.354628551218624
2,0.5,1,D3,5,Q2,1,1024,1024,1024,True,1.0,True,MC_UNRESOLVED,DIAGNOSTIC_NOT_POSTERIOR,PRESENT,0.0,87523,63772,1461.8290421258612,52.354628551218624
3,-0.5,0,D0,5,Q1,0,1024,1024,1024,True,1.0,True,TRUE,DIAGNOSTIC_NOT_POSTERIOR,PRESENT,1.0,89247,65480,1462.4977152827207,72.77342985906779
3,-0.5,0,D0,5,Q1,0.5,1024,1024,1024,True,1.0,True,TRUE,DIAGNOSTIC_NOT_POSTERIOR,PRESENT,0.5,89247,65480,1462.4977152827207,72.77342985906779
3,-0.5,0,D0,5,Q1,0.75,1024,1024,1024,True,1.0,True,TRUE,DIAGNOSTIC_NOT_POSTERIOR,PRESENT,0.25,89247,65480,1462.4977152827207,72.77342985906779
3,-0.5,0,D0,5,Q1,0.9,1024,1024,1024,True,1.0,True,TRUE,DIAGNOSTIC_NOT_POSTERIOR,PRESENT,0.09999999999999998,89247,65480,1462.4977152827207,72.77342985906779
3,-0.5,0,D0,5,Q1,1,1024,1024,1024,True,1.0,True,MC_UNRESOLVED,DIAGNOSTIC_NOT_POSTERIOR,PRESENT,0.0,89247,65480,1462.4977152827207,72.77342985906779
3,-0.5,0,D0,5,Q2,0,1024,1024,1024,True,1.0,True,TRUE,DIAGNOSTIC_NOT_POSTERIOR,PRESENT,1.0,89247,65480,1462.4977152827207,72.77342985906779
3,-0.5,0,D0,5,Q2,0.5,1024,1024,1024,True,1.0,True,TRUE,DIAGNOSTIC_NOT_POSTERIOR,PRESENT,0.5,89247,65480,1462.4977152827207,72.77342985906779
3,-0.5,0,D0,5,Q2,0.75,1024,1024,1024,True,1.0,True,TRUE,DIAGNOSTIC_NOT_POSTERIOR,PRESENT,0.25,89247,65480,1462.4977152827207,72.77342985906779
3,-0.5,0,D0,5,Q2,0.9,1024,1024,1024,True,1.0,True,TRUE,DIAGNOSTIC_NOT_POSTERIOR,PRESENT,0.09999999999999998,89247,65480,1462.4977152827207,72.77342985906779
3,-0.5,0,D0,5,Q2,1,1024,1024,1024,True,1.0,True,MC_UNRESOLVED,DIAGNOSTIC_NOT_POSTERIOR,PRESENT,0.0,89247,65480,1462.4977152827207,72.77342985906779
3,-0.5,0,D3,5,Q1,0,1024,1024,1024,True,1.0,True,TRUE,DIAGNOSTIC_NOT_POSTERIOR,PRESENT,1.0,89247,65480,1462.4977152827207,72.77342985906779
3,-0.5,0,D3,5,Q1,0.5,1024,1024,1024,True,1.0,True,TRUE,DIAGNOSTIC_NOT_POSTERIOR,PRESENT,0.5,89247,65480,1462.4977152827207,72.77342985906779
3,-0.5,0,D3,5,Q1,0.75,1024,1024,1024,True,1.0,True,TRUE,DIAGNOSTIC_NOT_POSTERIOR,PRESENT,0.25,89247,65480,1462.4977152827207,72.77342985906779
3,-0.5,0,D3,5,Q1,0.9,1024,1024,1024,True,1.0,True,TRUE,DIAGNOSTIC_NOT_POSTERIOR,PRESENT,0.09999999999999998,89247,65480,1462.4977152827207,72.77342985906779
3,-0.5,0,D3,5,Q1,1,1024,1024,1024,True,1.0,True,MC_UNRESOLVED,DIAGNOSTIC_NOT_POSTERIOR,PRESENT,0.0,89247,65480,1462.4977152827207,72.77342985906779
3,-0.5,0,D3,5,Q2,0,1024,1024,1024,True,1.0,True,TRUE,DIAGNOSTIC_NOT_POSTERIOR,PRESENT,1.0,89247,65480,1462.4977152827207,72.77342985906779
3,-0.5,0,D3,5,Q2,0.5,1024,1024,1024,True,1.0,True,TRUE,DIAGNOSTIC_NOT_POSTERIOR,PRESENT,0.5,89247,65480,1462.4977152827207,72.77342985906779
3,-0.5,0,D3,5,Q2,0.75,1024,1024,1024,True,1.0,True,TRUE,DIAGNOSTIC_NOT_POSTERIOR,PRESENT,0.25,89247,65480,1462.4977152827207,72.77342985906779
3,-0.5,0,D3,5,Q2,0.9,1024,1024,1024,True,1.0,True,TRUE,DIAGNOSTIC_NOT_POSTERIOR,PRESENT,0.09999999999999998,89247,65480,1462.4977152827207,72.77342985906779
3,-0.5,0,D3,5,Q2,1,1024,1024,1024,True,1.0,True,MC_UNRESOLVED,DIAGNOSTIC_NOT_POSTERIOR,PRESENT,0.0,89247,65480,1462.4977152827207,72.77342985906779
3,-0.5,0.5,D0,5,Q1,0,1024,1024,1024,True,1.0,True,TRUE,DIAGNOSTIC_NOT_POSTERIOR,PRESENT,1.0,89247,65480,1462.4977152827207,72.77342985906779
3,-0.5,0.5,D0,5,Q1,0.5,1024,1024,1024,True,1.0,True,TRUE,DIAGNOSTIC_NOT_POSTERIOR,PRESENT,0.5,89247,65480,1462.4977152827207,72.77342985906779
3,-0.5,0.5,D0,5,Q1,0.75,1024,1024,1024,True,1.0,True,TRUE,DIAGNOSTIC_NOT_POSTERIOR,PRESENT,0.25,89247,65480,1462.4977152827207,72.77342985906779
3,-0.5,0.5,D0,5,Q1,0.9,1024,1024,1024,True,1.0,True,TRUE,DIAGNOSTIC_NOT_POSTERIOR,PRESENT,0.09999999999999998,89247,65480,1462.4977152827207,72.77342985906779
3,-0.5,0.5,D0,5,Q1,1,1024,1024,1024,True,1.0,True,MC_UNRESOLVED,DIAGNOSTIC_NOT_POSTERIOR,PRESENT,0.0,89247,65480,1462.4977152827207,72.77342985906779
3,-0.5,0.5,D0,5,Q2,0,1024,1024,1024,True,1.0,True,TRUE,DIAGNOSTIC_NOT_POSTERIOR,PRESENT,1.0,89247,65480,1462.4977152827207,72.77342985906779
3,-0.5,0.5,D0,5,Q2,0.5,1024,1024,1024,True,1.0,True,TRUE,DIAGNOSTIC_NOT_POSTERIOR,PRESENT,0.5,89247,65480,1462.4977152827207,72.77342985906779
3,-0.5,0.5,D0,5,Q2,0.75,1024,1024,1024,True,1.0,True,TRUE,DIAGNOSTIC_NOT_POSTERIOR,PRESENT,0.25,89247,65480,1462.4977152827207,72.77342985906779
3,-0.5,0.5,D0,5,Q2,0.9,1024,1024,1024,True,1.0,True,TRUE,DIAGNOSTIC_NOT_POSTERIOR,PRESENT,0.09999999999999998,89247,65480,1462.4977152827207,72.77342985906779
3,-0.5,0.5,D0,5,Q2,1,1024,1024,1024,True,1.0,True,MC_UNRESOLVED,DIAGNOSTIC_NOT_POSTERIOR,PRESENT,0.0,89247,65480,1462.4977152827207,72.77342985906779
3,-0.5,0.5,D3,5,Q1,0,1024,1024,1024,True,1.0,True,TRUE,DIAGNOSTIC_NOT_POSTERIOR,PRESENT,1.0,89247,65480,1462.4977152827207,72.77342985906779
3,-0.5,0.5,D3,5,Q1,0.5,1024,1024,1024,True,1.0,True,TRUE,DIAGNOSTIC_NOT_POSTERIOR,PRESENT,0.5,89247,65480,1462.4977152827207,72.77342985906779
3,-0.5,0.5,D3,5,Q1,0.75,1024,1024,1024,True,1.0,True,TRUE,DIAGNOSTIC_NOT_POSTERIOR,PRESENT,0.25,89247,65480,1462.4977152827207,72.77342985906779
3,-0.5,0.5,D3,5,Q1,0.9,1024,1024,1024,True,1.0,True,TRUE,DIAGNOSTIC_NOT_POSTERIOR,PRESENT,0.09999999999999998,89247,65480,1462.4977152827207,72.77342985906779
3,-0.5,0.5,D3,5,Q1,1,1024,1024,1024,True,1.0,True,MC_UNRESOLVED,DIAGNOSTIC_NOT_POSTERIOR,PRESENT,0.0,89247,65480,1462.4977152827207,72.77342985906779
3,-0.5,0.5,D3,5,Q2,0,1024,1024,1024,True,1.0,True,TRUE,DIAGNOSTIC_NOT_POSTERIOR,PRESENT,1.0,89247,65480,1462.4977152827207,72.77342985906779
3,-0.5,0.5,D3,5,Q2,0.5,1024,1024,1024,True,1.0,True,TRUE,DIAGNOSTIC_NOT_POSTERIOR,PRESENT,0.5,89247,65480,1462.4977152827207,72.77342985906779
3,-0.5,0.5,D3,5,Q2,0.75,1024,1024,1024,True,1.0,True,TRUE,DIAGNOSTIC_NOT_POSTERIOR,PRESENT,0.25,89247,65480,1462.4977152827207,72.77342985906779
3,-0.5,0.5,D3,5,Q2,0.9,1024,1024,1024,True,1.0,True,TRUE,DIAGNOSTIC_NOT_POSTERIOR,PRESENT,0.09999999999999998,89247,65480,1462.4977152827207,72.77342985906779
3,-0.5,0.5,D3,5,Q2,1,1024,1024,1024,True,1.0,True,MC_UNRESOLVED,DIAGNOSTIC_NOT_POSTERIOR,PRESENT,0.0,89247,65480,1462.4977152827207,72.77342985906779
3,-0.5,1,D0,5,Q1,0,1024,1024,1024,True,1.0,True,TRUE,DIAGNOSTIC_NOT_POSTERIOR,PRESENT,1.0,89247,65480,1462.4977152827207,72.77342985906779
3,-0.5,1,D0,5,Q1,0.5,1024,1024,1024,True,1.0,True,TRUE,DIAGNOSTIC_NOT_POSTERIOR,PRESENT,0.5,89247,65480,1462.4977152827207,72.77342985906779
3,-0.5,1,D0,5,Q1,0.75,1024,1024,1024,True,1.0,True,TRUE,DIAGNOSTIC_NOT_POSTERIOR,PRESENT,0.25,89247,65480,1462.4977152827207,72.77342985906779
3,-0.5,1,D0,5,Q1,0.9,1024,1024,1024,True,1.0,True,TRUE,DIAGNOSTIC_NOT_POSTERIOR,PRESENT,0.09999999999999998,89247,65480,1462.4977152827207,72.77342985906779
3,-0.5,1,D0,5,Q1,1,1024,1024,1024,True,1.0,True,MC_UNRESOLVED,DIAGNOSTIC_NOT_POSTERIOR,PRESENT,0.0,89247,65480,1462.4977152827207,72.77342985906779
3,-0.5,1,D0,5,Q2,0,1024,1024,1024,True,1.0,True,TRUE,DIAGNOSTIC_NOT_POSTERIOR,PRESENT,1.0,89247,65480,1462.4977152827207,72.77342985906779
3,-0.5,1,D0,5,Q2,0.5,1024,1024,1024,True,1.0,True,TRUE,DIAGNOSTIC_NOT_POSTERIOR,PRESENT,0.5,89247,65480,1462.4977152827207,72.77342985906779
3,-0.5,1,D0,5,Q2,0.75,1024,1024,1024,True,1.0,True,TRUE,DIAGNOSTIC_NOT_POSTERIOR,PRESENT,0.25,89247,65480,1462.4977152827207,72.77342985906779
3,-0.5,1,D0,5,Q2,0.9,1024,1024,1024,True,1.0,True,TRUE,DIAGNOSTIC_NOT_POSTERIOR,PRESENT,0.09999999999999998,89247,65480,1462.4977152827207,72.77342985906779
3,-0.5,1,D0,5,Q2,1,1024,1024,1024,True,1.0,True,MC_UNRESOLVED,DIAGNOSTIC_NOT_POSTERIOR,PRESENT,0.0,89247,65480,1462.4977152827207,72.77342985906779
3,-0.5,1,D3,5,Q1,0,1024,1024,1024,True,1.0,True,TRUE,DIAGNOSTIC_NOT_POSTERIOR,PRESENT,1.0,89247,65480,1462.4977152827207,72.77342985906779
3,-0.5,1,D3,5,Q1,0.5,1024,1024,1024,True,1.0,True,TRUE,DIAGNOSTIC_NOT_POSTERIOR,PRESENT,0.5,89247,65480,1462.4977152827207,72.77342985906779
3,-0.5,1,D3,5,Q1,0.75,1024,1024,1024,True,1.0,True,TRUE,DIAGNOSTIC_NOT_POSTERIOR,PRESENT,0.25,89247,65480,1462.4977152827207,72.77342985906779
3,-0.5,1,D3,5,Q1,0.9,1024,1024,1024,True,1.0,True,TRUE,DIAGNOSTIC_NOT_POSTERIOR,PRESENT,0.09999999999999998,89247,65480,1462.4977152827207,72.77342985906779
3,-0.5,1,D3,5,Q1,1,1024,1024,1024,True,1.0,True,MC_UNRESOLVED,DIAGNOSTIC_NOT_POSTERIOR,PRESENT,0.0,89247,65480,1462.4977152827207,72.77342985906779
3,-0.5,1,D3,5,Q2,0,1024,1024,1024,True,1.0,True,TRUE,DIAGNOSTIC_NOT_POSTERIOR,PRESENT,1.0,89247,65480,1462.4977152827207,72.77342985906779
3,-0.5,1,D3,5,Q2,0.5,1024,1024,1024,True,1.0,True,TRUE,DIAGNOSTIC_NOT_POSTERIOR,PRESENT,0.5,89247,65480,1462.4977152827207,72.77342985906779
3,-0.5,1,D3,5,Q2,0.75,1024,1024,1024,True,1.0,True,TRUE,DIAGNOSTIC_NOT_POSTERIOR,PRESENT,0.25,89247,65480,1462.4977152827207,72.77342985906779
3,-0.5,1,D3,5,Q2,0.9,1024,1024,1024,True,1.0,True,TRUE,DIAGNOSTIC_NOT_POSTERIOR,PRESENT,0.09999999999999998,89247,65480,1462.4977152827207,72.77342985906779
3,-0.5,1,D3,5,Q2,1,1024,1024,1024,True,1.0,True,MC_UNRESOLVED,DIAGNOSTIC_NOT_POSTERIOR,PRESENT,0.0,89247,65480,1462.4977152827207,72.77342985906779
3,0,0,D0,5,Q1,0,1024,1024,1024,True,1.0,True,TRUE,DIAGNOSTIC_NOT_POSTERIOR,PRESENT,1.0,84269,60602,1462.4977152827207,63.07617924132039
3,0,0,D0,5,Q1,0.5,1024,1024,1024,True,1.0,True,TRUE,DIAGNOSTIC_NOT_POSTERIOR,PRESENT,0.5,84269,60602,1462.4977152827207,63.07617924132039
3,0,0,D0,5,Q1,0.75,1024,1024,1024,True,1.0,True,TRUE,DIAGNOSTIC_NOT_POSTERIOR,PRESENT,0.25,84269,60602,1462.4977152827207,63.07617924132039
3,0,0,D0,5,Q1,0.9,1024,1024,1024,True,1.0,True,TRUE,DIAGNOSTIC_NOT_POSTERIOR,PRESENT,0.09999999999999998,84269,60602,1462.4977152827207,63.07617924132039
3,0,0,D0,5,Q1,1,1024,1024,1024,True,1.0,True,MC_UNRESOLVED,DIAGNOSTIC_NOT_POSTERIOR,PRESENT,0.0,84269,60602,1462.4977152827207,63.07617924132039
3,0,0,D0,5,Q2,0,1024,1024,1024,True,1.0,True,TRUE,DIAGNOSTIC_NOT_POSTERIOR,PRESENT,1.0,84269,60602,1462.4977152827207,63.07617924132039
3,0,0,D0,5,Q2,0.5,1024,1024,1024,True,1.0,True,TRUE,DIAGNOSTIC_NOT_POSTERIOR,PRESENT,0.5,84269,60602,1462.4977152827207,63.07617924132039
3,0,0,D0,5,Q2,0.75,1024,1024,1024,True,1.0,True,TRUE,DIAGNOSTIC_NOT_POSTERIOR,PRESENT,0.25,84269,60602,1462.4977152827207,63.07617924132039
3,0,0,D0,5,Q2,0.9,1024,1024,1024,True,1.0,True,TRUE,DIAGNOSTIC_NOT_POSTERIOR,PRESENT,0.09999999999999998,84269,60602,1462.4977152827207,63.07617924132039
3,0,0,D0,5,Q2,1,1024,1024,1024,True,1.0,True,MC_UNRESOLVED,DIAGNOSTIC_NOT_POSTERIOR,PRESENT,0.0,84269,60602,1462.4977152827207,63.07617924132039
3,0,0,D3,5,Q1,0,1024,1024,1024,True,1.0,True,TRUE,DIAGNOSTIC_NOT_POSTERIOR,PRESENT,1.0,84269,60602,1462.4977152827207,63.07617924132039
3,0,0,D3,5,Q1,0.5,1024,1024,1024,True,1.0,True,TRUE,DIAGNOSTIC_NOT_POSTERIOR,PRESENT,0.5,84269,60602,1462.4977152827207,63.07617924132039
3,0,0,D3,5,Q1,0.75,1024,1024,1024,True,1.0,True,TRUE,DIAGNOSTIC_NOT_POSTERIOR,PRESENT,0.25,84269,60602,1462.4977152827207,63.07617924132039
3,0,0,D3,5,Q1,0.9,1024,1024,1024,True,1.0,True,TRUE,DIAGNOSTIC_NOT_POSTERIOR,PRESENT,0.09999999999999998,84269,60602,1462.4977152827207,63.07617924132039
3,0,0,D3,5,Q1,1,1024,1024,1024,True,1.0,True,MC_UNRESOLVED,DIAGNOSTIC_NOT_POSTERIOR,PRESENT,0.0,84269,60602,1462.4977152827207,63.07617924132039
3,0,0,D3,5,Q2,0,1024,1024,1024,True,1.0,True,TRUE,DIAGNOSTIC_NOT_POSTERIOR,PRESENT,1.0,84269,60602,1462.4977152827207,63.07617924132039
3,0,0,D3,5,Q2,0.5,1024,1024,1024,True,1.0,True,TRUE,DIAGNOSTIC_NOT_POSTERIOR,PRESENT,0.5,84269,60602,1462.4977152827207,63.07617924132039
3,0,0,D3,5,Q2,0.75,1024,1024,1024,True,1.0,True,TRUE,DIAGNOSTIC_NOT_POSTERIOR,PRESENT,0.25,84269,60602,1462.4977152827207,63.07617924132039
3,0,0,D3,5,Q2,0.9,1024,1024,1024,True,1.0,True,TRUE,DIAGNOSTIC_NOT_POSTERIOR,PRESENT,0.09999999999999998,84269,60602,1462.4977152827207,63.07617924132039
3,0,0,D3,5,Q2,1,1024,1024,1024,True,1.0,True,MC_UNRESOLVED,DIAGNOSTIC_NOT_POSTERIOR,PRESENT,0.0,84269,60602,1462.4977152827207,63.07617924132039
3,0,0.5,D0,5,Q1,0,1024,1024,1024,True,1.0,True,TRUE,DIAGNOSTIC_NOT_POSTERIOR,PRESENT,1.0,84269,60602,1462.4977152827207,63.07617924132039
3,0,0.5,D0,5,Q1,0.5,1024,1024,1024,True,1.0,True,TRUE,DIAGNOSTIC_NOT_POSTERIOR,PRESENT,0.5,84269,60602,1462.4977152827207,63.07617924132039
3,0,0.5,D0,5,Q1,0.75,1024,1024,1024,True,1.0,True,TRUE,DIAGNOSTIC_NOT_POSTERIOR,PRESENT,0.25,84269,60602,1462.4977152827207,63.07617924132039
3,0,0.5,D0,5,Q1,0.9,1024,1024,1024,True,1.0,True,TRUE,DIAGNOSTIC_NOT_POSTERIOR,PRESENT,0.09999999999999998,84269,60602,1462.4977152827207,63.07617924132039
3,0,0.5,D0,5,Q1,1,1024,1024,1024,True,1.0,True,MC_UNRESOLVED,DIAGNOSTIC_NOT_POSTERIOR,PRESENT,0.0,84269,60602,1462.4977152827207,63.07617924132039
3,0,0.5,D0,5,Q2,0,1024,1024,1024,True,1.0,True,TRUE,DIAGNOSTIC_NOT_POSTERIOR,PRESENT,1.0,84269,60602,1462.4977152827207,63.07617924132039
3,0,0.5,D0,5,Q2,0.5,1024,1024,1024,True,1.0,True,TRUE,DIAGNOSTIC_NOT_POSTERIOR,PRESENT,0.5,84269,60602,1462.4977152827207,63.07617924132039
3,0,0.5,D0,5,Q2,0.75,1024,1024,1024,True,1.0,True,TRUE,DIAGNOSTIC_NOT_POSTERIOR,PRESENT,0.25,84269,60602,1462.4977152827207,63.07617924132039
3,0,0.5,D0,5,Q2,0.9,1024,1024,1024,True,1.0,True,TRUE,DIAGNOSTIC_NOT_POSTERIOR,PRESENT,0.09999999999999998,84269,60602,1462.4977152827207,63.07617924132039
3,0,0.5,D0,5,Q2,1,1024,1024,1024,True,1.0,True,MC_UNRESOLVED,DIAGNOSTIC_NOT_POSTERIOR,PRESENT,0.0,84269,60602,1462.4977152827207,63.07617924132039
3,0,0.5,D3,5,Q1,0,1024,1024,1024,True,1.0,True,TRUE,DIAGNOSTIC_NOT_POSTERIOR,PRESENT,1.0,84269,60602,1462.4977152827207,63.07617924132039
3,0,0.5,D3,5,Q1,0.5,1024,1024,1024,True,1.0,True,TRUE,DIAGNOSTIC_NOT_POSTERIOR,PRESENT,0.5,84269,60602,1462.4977152827207,63.07617924132039
3,0,0.5,D3,5,Q1,0.75,1024,1024,1024,True,1.0,True,TRUE,DIAGNOSTIC_NOT_POSTERIOR,PRESENT,0.25,84269,60602,1462.4977152827207,63.07617924132039
3,0,0.5,D3,5,Q1,0.9,1024,1024,1024,True,1.0,True,TRUE,DIAGNOSTIC_NOT_POSTERIOR,PRESENT,0.09999999999999998,84269,60602,1462.4977152827207,63.07617924132039
3,0,0.5,D3,5,Q1,1,1024,1024,1024,True,1.0,True,MC_UNRESOLVED,DIAGNOSTIC_NOT_POSTERIOR,PRESENT,0.0,84269,60602,1462.4977152827207,63.07617924132039
3,0,0.5,D3,5,Q2,0,1024,1024,1024,True,1.0,True,TRUE,DIAGNOSTIC_NOT_POSTERIOR,PRESENT,1.0,84269,60602,1462.4977152827207,63.07617924132039
3,0,0.5,D3,5,Q2,0.5,1024,1024,1024,True,1.0,True,TRUE,DIAGNOSTIC_NOT_POSTERIOR,PRESENT,0.5,84269,60602,1462.4977152827207,63.07617924132039
3,0,0.5,D3,5,Q2,0.75,1024,1024,1024,True,1.0,True,TRUE,DIAGNOSTIC_NOT_POSTERIOR,PRESENT,0.25,84269,60602,1462.4977152827207,63.07617924132039
3,0,0.5,D3,5,Q2,0.9,1024,1024,1024,True,1.0,True,TRUE,DIAGNOSTIC_NOT_POSTERIOR,PRESENT,0.09999999999999998,84269,60602,1462.4977152827207,63.07617924132039
3,0,0.5,D3,5,Q2,1,1024,1024,1024,True,1.0,True,MC_UNRESOLVED,DIAGNOSTIC_NOT_POSTERIOR,PRESENT,0.0,84269,60602,1462.4977152827207,63.07617924132039
3,0,1,D0,5,Q1,0,1024,1024,1024,True,1.0,True,TRUE,DIAGNOSTIC_NOT_POSTERIOR,PRESENT,1.0,84269,60602,1462.4977152827207,63.07617924132039
3,0,1,D0,5,Q1,0.5,1024,1024,1024,True,1.0,True,TRUE,DIAGNOSTIC_NOT_POSTERIOR,PRESENT,0.5,84269,60602,1462.4977152827207,63.07617924132039
3,0,1,D0,5,Q1,0.75,1024,1024,1024,True,1.0,True,TRUE,DIAGNOSTIC_NOT_POSTERIOR,PRESENT,0.25,84269,60602,1462.4977152827207,63.07617924132039
3,0,1,D0,5,Q1,0.9,1024,1024,1024,True,1.0,True,TRUE,DIAGNOSTIC_NOT_POSTERIOR,PRESENT,0.09999999999999998,84269,60602,1462.4977152827207,63.07617924132039
3,0,1,D0,5,Q1,1,1024,1024,1024,True,1.0,True,MC_UNRESOLVED,DIAGNOSTIC_NOT_POSTERIOR,PRESENT,0.0,84269,60602,1462.4977152827207,63.07617924132039
3,0,1,D0,5,Q2,0,1024,1024,1024,True,1.0,True,TRUE,DIAGNOSTIC_NOT_POSTERIOR,PRESENT,1.0,84269,60602,1462.4977152827207,63.07617924132039
3,0,1,D0,5,Q2,0.5,1024,1024,1024,True,1.0,True,TRUE,DIAGNOSTIC_NOT_POSTERIOR,PRESENT,0.5,84269,60602,1462.4977152827207,63.07617924132039
3,0,1,D0,5,Q2,0.75,1024,1024,1024,True,1.0,True,TRUE,DIAGNOSTIC_NOT_POSTERIOR,PRESENT,0.25,84269,60602,1462.4977152827207,63.07617924132039
3,0,1,D0,5,Q2,0.9,1024,1024,1024,True,1.0,True,TRUE,DIAGNOSTIC_NOT_POSTERIOR,PRESENT,0.09999999999999998,84269,60602,1462.4977152827207,63.07617924132039
3,0,1,D0,5,Q2,1,1024,1024,1024,True,1.0,True,MC_UNRESOLVED,DIAGNOSTIC_NOT_POSTERIOR,PRESENT,0.0,84269,60602,1462.4977152827207,63.07617924132039
3,0,1,D3,5,Q1,0,1024,1024,1024,True,1.0,True,TRUE,DIAGNOSTIC_NOT_POSTERIOR,PRESENT,1.0,84269,60602,1462.4977152827207,63.07617924132039
3,0,1,D3,5,Q1,0.5,1024,1024,1024,True,1.0,True,TRUE,DIAGNOSTIC_NOT_POSTERIOR,PRESENT,0.5,84269,60602,1462.4977152827207,63.07617924132039
3,0,1,D3,5,Q1,0.75,1024,1024,1024,True,1.0,True,TRUE,DIAGNOSTIC_NOT_POSTERIOR,PRESENT,0.25,84269,60602,1462.4977152827207,63.07617924132039
3,0,1,D3,5,Q1,0.9,1024,1024,1024,True,1.0,True,TRUE,DIAGNOSTIC_NOT_POSTERIOR,PRESENT,0.09999999999999998,84269,60602,1462.4977152827207,63.07617924132039
3,0,1,D3,5,Q1,1,1024,1024,1024,True,1.0,True,MC_UNRESOLVED,DIAGNOSTIC_NOT_POSTERIOR,PRESENT,0.0,84269,60602,1462.4977152827207,63.07617924132039
3,0,1,D3,5,Q2,0,1024,1024,1024,True,1.0,True,TRUE,DIAGNOSTIC_NOT_POSTERIOR,PRESENT,1.0,84269,60602,1462.4977152827207,63.07617924132039
3,0,1,D3,5,Q2,0.5,1024,1024,1024,True,1.0,True,TRUE,DIAGNOSTIC_NOT_POSTERIOR,PRESENT,0.5,84269,60602,1462.4977152827207,63.07617924132039
3,0,1,D3,5,Q2,0.75,1024,1024,1024,True,1.0,True,TRUE,DIAGNOSTIC_NOT_POSTERIOR,PRESENT,0.25,84269,60602,1462.4977152827207,63.07617924132039
3,0,1,D3,5,Q2,0.9,1024,1024,1024,True,1.0,True,TRUE,DIAGNOSTIC_NOT_POSTERIOR,PRESENT,0.09999999999999998,84269,60602,1462.4977152827207,63.07617924132039
3,0,1,D3,5,Q2,1,1024,1024,1024,True,1.0,True,MC_UNRESOLVED,DIAGNOSTIC_NOT_POSTERIOR,PRESENT,0.0,84269,60602,1462.4977152827207,63.07617924132039
3,0.5,0,D0,5,Q1,0,1024,1024,1024,True,1.0,True,TRUE,DIAGNOSTIC_NOT_POSTERIOR,PRESENT,1.0,77854,54308,1462.4977152827207,51.160951188076034
3,0.5,0,D0,5,Q1,0.5,1024,1024,1024,True,1.0,True,TRUE,DIAGNOSTIC_NOT_POSTERIOR,PRESENT,0.5,77854,54308,1462.4977152827207,51.160951188076034
3,0.5,0,D0,5,Q1,0.75,1024,1024,1024,True,1.0,True,TRUE,DIAGNOSTIC_NOT_POSTERIOR,PRESENT,0.25,77854,54308,1462.4977152827207,51.160951188076034
3,0.5,0,D0,5,Q1,0.9,1024,1024,1024,True,1.0,True,TRUE,DIAGNOSTIC_NOT_POSTERIOR,PRESENT,0.09999999999999998,77854,54308,1462.4977152827207,51.160951188076034
3,0.5,0,D0,5,Q1,1,1024,1024,1024,True,1.0,True,MC_UNRESOLVED,DIAGNOSTIC_NOT_POSTERIOR,PRESENT,0.0,77854,54308,1462.4977152827207,51.160951188076034
3,0.5,0,D0,5,Q2,0,1024,1024,1024,True,1.0,True,TRUE,DIAGNOSTIC_NOT_POSTERIOR,PRESENT,1.0,77854,54308,1462.4977152827207,51.160951188076034
3,0.5,0,D0,5,Q2,0.5,1024,1024,1024,True,1.0,True,TRUE,DIAGNOSTIC_NOT_POSTERIOR,PRESENT,0.5,77854,54308,1462.4977152827207,51.160951188076034
3,0.5,0,D0,5,Q2,0.75,1024,1024,1024,True,1.0,True,TRUE,DIAGNOSTIC_NOT_POSTERIOR,PRESENT,0.25,77854,54308,1462.4977152827207,51.160951188076034
3,0.5,0,D0,5,Q2,0.9,1024,1024,1024,True,1.0,True,TRUE,DIAGNOSTIC_NOT_POSTERIOR,PRESENT,0.09999999999999998,77854,54308,1462.4977152827207,51.160951188076034
3,0.5,0,D0,5,Q2,1,1024,1024,1024,True,1.0,True,MC_UNRESOLVED,DIAGNOSTIC_NOT_POSTERIOR,PRESENT,0.0,77854,54308,1462.4977152827207,51.160951188076034
3,0.5,0,D3,5,Q1,0,1024,936,936,True,0.9140625,True,TRUE,DIAGNOSTIC_NOT_POSTERIOR,PRESENT,0.9140625,77854,54308,1462.4977152827207,51.160951188076034
3,0.5,0,D3,5,Q1,0.5,1024,936,936,True,0.9140625,True,TRUE,DIAGNOSTIC_NOT_POSTERIOR,PRESENT,0.4140625,77854,54308,1462.4977152827207,51.160951188076034
3,0.5,0,D3,5,Q1,0.75,1024,936,936,True,0.9140625,True,TRUE,DIAGNOSTIC_NOT_POSTERIOR,PRESENT,0.1640625,77854,54308,1462.4977152827207,51.160951188076034
3,0.5,0,D3,5,Q1,0.9,1024,936,936,True,0.9140625,True,MC_UNRESOLVED,DIAGNOSTIC_NOT_POSTERIOR,PRESENT,0.014062499999999978,77854,54308,1462.4977152827207,51.160951188076034
3,0.5,0,D3,5,Q1,1,1024,936,936,True,0.9140625,False,FALSE,DIAGNOSTIC_NOT_POSTERIOR,PRESENT,-0.0859375,77854,54308,1462.4977152827207,51.160951188076034
3,0.5,0,D3,5,Q2,0,1024,936,936,True,0.9140625,True,TRUE,DIAGNOSTIC_NOT_POSTERIOR,PRESENT,0.9140625,77854,54308,1462.4977152827207,51.160951188076034
3,0.5,0,D3,5,Q2,0.5,1024,936,936,True,0.9140625,True,TRUE,DIAGNOSTIC_NOT_POSTERIOR,PRESENT,0.4140625,77854,54308,1462.4977152827207,51.160951188076034
3,0.5,0,D3,5,Q2,0.75,1024,936,936,True,0.9140625,True,TRUE,DIAGNOSTIC_NOT_POSTERIOR,PRESENT,0.1640625,77854,54308,1462.4977152827207,51.160951188076034
3,0.5,0,D3,5,Q2,0.9,1024,936,936,True,0.9140625,True,MC_UNRESOLVED,DIAGNOSTIC_NOT_POSTERIOR,PRESENT,0.014062499999999978,77854,54308,1462.4977152827207,51.160951188076034
3,0.5,0,D3,5,Q2,1,1024,936,936,True,0.9140625,False,FALSE,DIAGNOSTIC_NOT_POSTERIOR,PRESENT,-0.0859375,77854,54308,1462.4977152827207,51.160951188076034
3,0.5,0.5,D0,5,Q1,0,1024,1024,1024,True,1.0,True,TRUE,DIAGNOSTIC_NOT_POSTERIOR,PRESENT,1.0,77854,54308,1462.4977152827207,51.160951188076034
3,0.5,0.5,D0,5,Q1,0.5,1024,1024,1024,True,1.0,True,TRUE,DIAGNOSTIC_NOT_POSTERIOR,PRESENT,0.5,77854,54308,1462.4977152827207,51.160951188076034
3,0.5,0.5,D0,5,Q1,0.75,1024,1024,1024,True,1.0,True,TRUE,DIAGNOSTIC_NOT_POSTERIOR,PRESENT,0.25,77854,54308,1462.4977152827207,51.160951188076034
3,0.5,0.5,D0,5,Q1,0.9,1024,1024,1024,True,1.0,True,TRUE,DIAGNOSTIC_NOT_POSTERIOR,PRESENT,0.09999999999999998,77854,54308,1462.4977152827207,51.160951188076034
3,0.5,0.5,D0,5,Q1,1,1024,1024,1024,True,1.0,True,MC_UNRESOLVED,DIAGNOSTIC_NOT_POSTERIOR,PRESENT,0.0,77854,54308,1462.4977152827207,51.160951188076034
3,0.5,0.5,D0,5,Q2,0,1024,1024,1024,True,1.0,True,TRUE,DIAGNOSTIC_NOT_POSTERIOR,PRESENT,1.0,77854,54308,1462.4977152827207,51.160951188076034
3,0.5,0.5,D0,5,Q2,0.5,1024,1024,1024,True,1.0,True,TRUE,DIAGNOSTIC_NOT_POSTERIOR,PRESENT,0.5,77854,54308,1462.4977152827207,51.160951188076034
3,0.5,0.5,D0,5,Q2,0.75,1024,1024,1024,True,1.0,True,TRUE,DIAGNOSTIC_NOT_POSTERIOR,PRESENT,0.25,77854,54308,1462.4977152827207,51.160951188076034
3,0.5,0.5,D0,5,Q2,0.9,1024,1024,1024,True,1.0,True,TRUE,DIAGNOSTIC_NOT_POSTERIOR,PRESENT,0.09999999999999998,77854,54308,1462.4977152827207,51.160951188076034
3,0.5,0.5,D0,5,Q2,1,1024,1024,1024,True,1.0,True,MC_UNRESOLVED,DIAGNOSTIC_NOT_POSTERIOR,PRESENT,0.0,77854,54308,1462.4977152827207,51.160951188076034
3,0.5,0.5,D3,5,Q1,0,1024,1024,1024,True,1.0,True,TRUE,DIAGNOSTIC_NOT_POSTERIOR,PRESENT,1.0,77854,54308,1462.4977152827207,51.160951188076034
3,0.5,0.5,D3,5,Q1,0.5,1024,1024,1024,True,1.0,True,TRUE,DIAGNOSTIC_NOT_POSTERIOR,PRESENT,0.5,77854,54308,1462.4977152827207,51.160951188076034
3,0.5,0.5,D3,5,Q1,0.75,1024,1024,1024,True,1.0,True,TRUE,DIAGNOSTIC_NOT_POSTERIOR,PRESENT,0.25,77854,54308,1462.4977152827207,51.160951188076034
3,0.5,0.5,D3,5,Q1,0.9,1024,1024,1024,True,1.0,True,TRUE,DIAGNOSTIC_NOT_POSTERIOR,PRESENT,0.09999999999999998,77854,54308,1462.4977152827207,51.160951188076034
3,0.5,0.5,D3,5,Q1,1,1024,1024,1024,True,1.0,True,MC_UNRESOLVED,DIAGNOSTIC_NOT_POSTERIOR,PRESENT,0.0,77854,54308,1462.4977152827207,51.160951188076034
3,0.5,0.5,D3,5,Q2,0,1024,1024,1024,True,1.0,True,TRUE,DIAGNOSTIC_NOT_POSTERIOR,PRESENT,1.0,77854,54308,1462.4977152827207,51.160951188076034
3,0.5,0.5,D3,5,Q2,0.5,1024,1024,1024,True,1.0,True,TRUE,DIAGNOSTIC_NOT_POSTERIOR,PRESENT,0.5,77854,54308,1462.4977152827207,51.160951188076034
3,0.5,0.5,D3,5,Q2,0.75,1024,1024,1024,True,1.0,True,TRUE,DIAGNOSTIC_NOT_POSTERIOR,PRESENT,0.25,77854,54308,1462.4977152827207,51.160951188076034
3,0.5,0.5,D3,5,Q2,0.9,1024,1024,1024,True,1.0,True,TRUE,DIAGNOSTIC_NOT_POSTERIOR,PRESENT,0.09999999999999998,77854,54308,1462.4977152827207,51.160951188076034
3,0.5,0.5,D3,5,Q2,1,1024,1024,1024,True,1.0,True,MC_UNRESOLVED,DIAGNOSTIC_NOT_POSTERIOR,PRESENT,0.0,77854,54308,1462.4977152827207,51.160951188076034
3,0.5,1,D0,5,Q1,0,1024,1024,1024,True,1.0,True,TRUE,DIAGNOSTIC_NOT_POSTERIOR,PRESENT,1.0,77854,54308,1462.4977152827207,51.160951188076034
3,0.5,1,D0,5,Q1,0.5,1024,1024,1024,True,1.0,True,TRUE,DIAGNOSTIC_NOT_POSTERIOR,PRESENT,0.5,77854,54308,1462.4977152827207,51.160951188076034
3,0.5,1,D0,5,Q1,0.75,1024,1024,1024,True,1.0,True,TRUE,DIAGNOSTIC_NOT_POSTERIOR,PRESENT,0.25,77854,54308,1462.4977152827207,51.160951188076034
3,0.5,1,D0,5,Q1,0.9,1024,1024,1024,True,1.0,True,TRUE,DIAGNOSTIC_NOT_POSTERIOR,PRESENT,0.09999999999999998,77854,54308,1462.4977152827207,51.160951188076034
3,0.5,1,D0,5,Q1,1,1024,1024,1024,True,1.0,True,MC_UNRESOLVED,DIAGNOSTIC_NOT_POSTERIOR,PRESENT,0.0,77854,54308,1462.4977152827207,51.160951188076034
3,0.5,1,D0,5,Q2,0,1024,1024,1024,True,1.0,True,TRUE,DIAGNOSTIC_NOT_POSTERIOR,PRESENT,1.0,77854,54308,1462.4977152827207,51.160951188076034
3,0.5,1,D0,5,Q2,0.5,1024,1024,1024,True,1.0,True,TRUE,DIAGNOSTIC_NOT_POSTERIOR,PRESENT,0.5,77854,54308,1462.4977152827207,51.160951188076034
3,0.5,1,D0,5,Q2,0.75,1024,1024,1024,True,1.0,True,TRUE,DIAGNOSTIC_NOT_POSTERIOR,PRESENT,0.25,77854,54308,1462.4977152827207,51.160951188076034
3,0.5,1,D0,5,Q2,0.9,1024,1024,1024,True,1.0,True,TRUE,DIAGNOSTIC_NOT_POSTERIOR,PRESENT,0.09999999999999998,77854,54308,1462.4977152827207,51.160951188076034
3,0.5,1,D0,5,Q2,1,1024,1024,1024,True,1.0,True,MC_UNRESOLVED,DIAGNOSTIC_NOT_POSTERIOR,PRESENT,0.0,77854,54308,1462.4977152827207,51.160951188076034
3,0.5,1,D3,5,Q1,0,1024,1024,1024,True,1.0,True,TRUE,DIAGNOSTIC_NOT_POSTERIOR,PRESENT,1.0,77854,54308,1462.4977152827207,51.160951188076034
3,0.5,1,D3,5,Q1,0.5,1024,1024,1024,True,1.0,True,TRUE,DIAGNOSTIC_NOT_POSTERIOR,PRESENT,0.5,77854,54308,1462.4977152827207,51.160951188076034
3,0.5,1,D3,5,Q1,0.75,1024,1024,1024,True,1.0,True,TRUE,DIAGNOSTIC_NOT_POSTERIOR,PRESENT,0.25,77854,54308,1462.4977152827207,51.160951188076034
3,0.5,1,D3,5,Q1,0.9,1024,1024,1024,True,1.0,True,TRUE,DIAGNOSTIC_NOT_POSTERIOR,PRESENT,0.09999999999999998,77854,54308,1462.4977152827207,51.160951188076034
3,0.5,1,D3,5,Q1,1,1024,1024,1024,True,1.0,True,MC_UNRESOLVED,DIAGNOSTIC_NOT_POSTERIOR,PRESENT,0.0,77854,54308,1462.4977152827207,51.160951188076034
3,0.5,1,D3,5,Q2,0,1024,1024,1024,True,1.0,True,TRUE,DIAGNOSTIC_NOT_POSTERIOR,PRESENT,1.0,77854,54308,1462.4977152827207,51.160951188076034
3,0.5,1,D3,5,Q2,0.5,1024,1024,1024,True,1.0,True,TRUE,DIAGNOSTIC_NOT_POSTERIOR,PRESENT,0.5,77854,54308,1462.4977152827207,51.160951188076034
3,0.5,1,D3,5,Q2,0.75,1024,1024,1024,True,1.0,True,TRUE,DIAGNOSTIC_NOT_POSTERIOR,PRESENT,0.25,77854,54308,1462.4977152827207,51.160951188076034
3,0.5,1,D3,5,Q2,0.9,1024,1024,1024,True,1.0,True,TRUE,DIAGNOSTIC_NOT_POSTERIOR,PRESENT,0.09999999999999998,77854,54308,1462.4977152827207,51.160951188076034
3,0.5,1,D3,5,Q2,1,1024,1024,1024,True,1.0,True,MC_UNRESOLVED,DIAGNOSTIC_NOT_POSTERIOR,PRESENT,0.0,77854,54308,1462.4977152827207,51.160951188076034
4,-0.5,0,D0,5,Q1,0,1024,1024,1024,True,1.0,True,TRUE,DIAGNOSTIC_NOT_POSTERIOR,PRESENT,1.0,90347,66506,1465.0846672807033,64.8291144186886
4,-0.5,0,D0,5,Q1,0.5,1024,1024,1024,True,1.0,True,TRUE,DIAGNOSTIC_NOT_POSTERIOR,PRESENT,0.5,90347,66506,1465.0846672807033,64.8291144186886
4,-0.5,0,D0,5,Q1,0.75,1024,1024,1024,True,1.0,True,TRUE,DIAGNOSTIC_NOT_POSTERIOR,PRESENT,0.25,90347,66506,1465.0846672807033,64.8291144186886
4,-0.5,0,D0,5,Q1,0.9,1024,1024,1024,True,1.0,True,TRUE,DIAGNOSTIC_NOT_POSTERIOR,PRESENT,0.09999999999999998,90347,66506,1465.0846672807033,64.8291144186886
4,-0.5,0,D0,5,Q1,1,1024,1024,1024,True,1.0,True,MC_UNRESOLVED,DIAGNOSTIC_NOT_POSTERIOR,PRESENT,0.0,90347,66506,1465.0846672807033,64.8291144186886
4,-0.5,0,D0,5,Q2,0,1024,1024,1024,True,1.0,True,TRUE,DIAGNOSTIC_NOT_POSTERIOR,PRESENT,1.0,90347,66506,1465.0846672807033,64.8291144186886
4,-0.5,0,D0,5,Q2,0.5,1024,1024,1024,True,1.0,True,TRUE,DIAGNOSTIC_NOT_POSTERIOR,PRESENT,0.5,90347,66506,1465.0846672807033,64.8291144186886
4,-0.5,0,D0,5,Q2,0.75,1024,1024,1024,True,1.0,True,TRUE,DIAGNOSTIC_NOT_POSTERIOR,PRESENT,0.25,90347,66506,1465.0846672807033,64.8291144186886
4,-0.5,0,D0,5,Q2,0.9,1024,1024,1024,True,1.0,True,TRUE,DIAGNOSTIC_NOT_POSTERIOR,PRESENT,0.09999999999999998,90347,66506,1465.0846672807033,64.8291144186886
4,-0.5,0,D0,5,Q2,1,1024,1024,1024,True,1.0,True,MC_UNRESOLVED,DIAGNOSTIC_NOT_POSTERIOR,PRESENT,0.0,90347,66506,1465.0846672807033,64.8291144186886
4,-0.5,0,D3,5,Q1,0,1024,1024,1024,True,1.0,True,TRUE,DIAGNOSTIC_NOT_POSTERIOR,PRESENT,1.0,90347,66506,1465.0846672807033,64.8291144186886
4,-0.5,0,D3,5,Q1,0.5,1024,1024,1024,True,1.0,True,TRUE,DIAGNOSTIC_NOT_POSTERIOR,PRESENT,0.5,90347,66506,1465.0846672807033,64.8291144186886
4,-0.5,0,D3,5,Q1,0.75,1024,1024,1024,True,1.0,True,TRUE,DIAGNOSTIC_NOT_POSTERIOR,PRESENT,0.25,90347,66506,1465.0846672807033,64.8291144186886
4,-0.5,0,D3,5,Q1,0.9,1024,1024,1024,True,1.0,True,TRUE,DIAGNOSTIC_NOT_POSTERIOR,PRESENT,0.09999999999999998,90347,66506,1465.0846672807033,64.8291144186886
4,-0.5,0,D3,5,Q1,1,1024,1024,1024,True,1.0,True,MC_UNRESOLVED,DIAGNOSTIC_NOT_POSTERIOR,PRESENT,0.0,90347,66506,1465.0846672807033,64.8291144186886
4,-0.5,0,D3,5,Q2,0,1024,1024,1024,True,1.0,True,TRUE,DIAGNOSTIC_NOT_POSTERIOR,PRESENT,1.0,90347,66506,1465.0846672807033,64.8291144186886
4,-0.5,0,D3,5,Q2,0.5,1024,1024,1024,True,1.0,True,TRUE,DIAGNOSTIC_NOT_POSTERIOR,PRESENT,0.5,90347,66506,1465.0846672807033,64.8291144186886
4,-0.5,0,D3,5,Q2,0.75,1024,1024,1024,True,1.0,True,TRUE,DIAGNOSTIC_NOT_POSTERIOR,PRESENT,0.25,90347,66506,1465.0846672807033,64.8291144186886
4,-0.5,0,D3,5,Q2,0.9,1024,1024,1024,True,1.0,True,TRUE,DIAGNOSTIC_NOT_POSTERIOR,PRESENT,0.09999999999999998,90347,66506,1465.0846672807033,64.8291144186886
4,-0.5,0,D3,5,Q2,1,1024,1024,1024,True,1.0,True,MC_UNRESOLVED,DIAGNOSTIC_NOT_POSTERIOR,PRESENT,0.0,90347,66506,1465.0846672807033,64.8291144186886
4,-0.5,0.5,D0,5,Q1,0,1024,1024,1024,True,1.0,True,TRUE,DIAGNOSTIC_NOT_POSTERIOR,PRESENT,1.0,90347,66506,1465.0846672807033,64.8291144186886
4,-0.5,0.5,D0,5,Q1,0.5,1024,1024,1024,True,1.0,True,TRUE,DIAGNOSTIC_NOT_POSTERIOR,PRESENT,0.5,90347,66506,1465.0846672807033,64.8291144186886
4,-0.5,0.5,D0,5,Q1,0.75,1024,1024,1024,True,1.0,True,TRUE,DIAGNOSTIC_NOT_POSTERIOR,PRESENT,0.25,90347,66506,1465.0846672807033,64.8291144186886
4,-0.5,0.5,D0,5,Q1,0.9,1024,1024,1024,True,1.0,True,TRUE,DIAGNOSTIC_NOT_POSTERIOR,PRESENT,0.09999999999999998,90347,66506,1465.0846672807033,64.8291144186886
4,-0.5,0.5,D0,5,Q1,1,1024,1024,1024,True,1.0,True,MC_UNRESOLVED,DIAGNOSTIC_NOT_POSTERIOR,PRESENT,0.0,90347,66506,1465.0846672807033,64.8291144186886
4,-0.5,0.5,D0,5,Q2,0,1024,1024,1024,True,1.0,True,TRUE,DIAGNOSTIC_NOT_POSTERIOR,PRESENT,1.0,90347,66506,1465.0846672807033,64.8291144186886
4,-0.5,0.5,D0,5,Q2,0.5,1024,1024,1024,True,1.0,True,TRUE,DIAGNOSTIC_NOT_POSTERIOR,PRESENT,0.5,90347,66506,1465.0846672807033,64.8291144186886
4,-0.5,0.5,D0,5,Q2,0.75,1024,1024,1024,True,1.0,True,TRUE,DIAGNOSTIC_NOT_POSTERIOR,PRESENT,0.25,90347,66506,1465.0846672807033,64.8291144186886
4,-0.5,0.5,D0,5,Q2,0.9,1024,1024,1024,True,1.0,True,TRUE,DIAGNOSTIC_NOT_POSTERIOR,PRESENT,0.09999999999999998,90347,66506,1465.0846672807033,64.8291144186886
4,-0.5,0.5,D0,5,Q2,1,1024,1024,1024,True,1.0,True,MC_UNRESOLVED,DIAGNOSTIC_NOT_POSTERIOR,PRESENT,0.0,90347,66506,1465.0846672807033,64.8291144186886
4,-0.5,0.5,D3,5,Q1,0,1024,1024,1024,True,1.0,True,TRUE,DIAGNOSTIC_NOT_POSTERIOR,PRESENT,1.0,90347,66506,1465.0846672807033,64.8291144186886
4,-0.5,0.5,D3,5,Q1,0.5,1024,1024,1024,True,1.0,True,TRUE,DIAGNOSTIC_NOT_POSTERIOR,PRESENT,0.5,90347,66506,1465.0846672807033,64.8291144186886
4,-0.5,0.5,D3,5,Q1,0.75,1024,1024,1024,True,1.0,True,TRUE,DIAGNOSTIC_NOT_POSTERIOR,PRESENT,0.25,90347,66506,1465.0846672807033,64.8291144186886
4,-0.5,0.5,D3,5,Q1,0.9,1024,1024,1024,True,1.0,True,TRUE,DIAGNOSTIC_NOT_POSTERIOR,PRESENT,0.09999999999999998,90347,66506,1465.0846672807033,64.8291144186886
4,-0.5,0.5,D3,5,Q1,1,1024,1024,1024,True,1.0,True,MC_UNRESOLVED,DIAGNOSTIC_NOT_POSTERIOR,PRESENT,0.0,90347,66506,1465.0846672807033,64.8291144186886
4,-0.5,0.5,D3,5,Q2,0,1024,1024,1024,True,1.0,True,TRUE,DIAGNOSTIC_NOT_POSTERIOR,PRESENT,1.0,90347,66506,1465.0846672807033,64.8291144186886
4,-0.5,0.5,D3,5,Q2,0.5,1024,1024,1024,True,1.0,True,TRUE,DIAGNOSTIC_NOT_POSTERIOR,PRESENT,0.5,90347,66506,1465.0846672807033,64.8291144186886
4,-0.5,0.5,D3,5,Q2,0.75,1024,1024,1024,True,1.0,True,TRUE,DIAGNOSTIC_NOT_POSTERIOR,PRESENT,0.25,90347,66506,1465.0846672807033,64.8291144186886
4,-0.5,0.5,D3,5,Q2,0.9,1024,1024,1024,True,1.0,True,TRUE,DIAGNOSTIC_NOT_POSTERIOR,PRESENT,0.09999999999999998,90347,66506,1465.0846672807033,64.8291144186886
4,-0.5,0.5,D3,5,Q2,1,1024,1024,1024,True,1.0,True,MC_UNRESOLVED,DIAGNOSTIC_NOT_POSTERIOR,PRESENT,0.0,90347,66506,1465.0846672807033,64.8291144186886
4,-0.5,1,D0,5,Q1,0,1024,1024,1024,True,1.0,True,TRUE,DIAGNOSTIC_NOT_POSTERIOR,PRESENT,1.0,90347,66506,1465.0846672807033,64.8291144186886
4,-0.5,1,D0,5,Q1,0.5,1024,1024,1024,True,1.0,True,TRUE,DIAGNOSTIC_NOT_POSTERIOR,PRESENT,0.5,90347,66506,1465.0846672807033,64.8291144186886
4,-0.5,1,D0,5,Q1,0.75,1024,1024,1024,True,1.0,True,TRUE,DIAGNOSTIC_NOT_POSTERIOR,PRESENT,0.25,90347,66506,1465.0846672807033,64.8291144186886
4,-0.5,1,D0,5,Q1,0.9,1024,1024,1024,True,1.0,True,TRUE,DIAGNOSTIC_NOT_POSTERIOR,PRESENT,0.09999999999999998,90347,66506,1465.0846672807033,64.8291144186886
4,-0.5,1,D0,5,Q1,1,1024,1024,1024,True,1.0,True,MC_UNRESOLVED,DIAGNOSTIC_NOT_POSTERIOR,PRESENT,0.0,90347,66506,1465.0846672807033,64.8291144186886
4,-0.5,1,D0,5,Q2,0,1024,1024,1024,True,1.0,True,TRUE,DIAGNOSTIC_NOT_POSTERIOR,PRESENT,1.0,90347,66506,1465.0846672807033,64.8291144186886
4,-0.5,1,D0,5,Q2,0.5,1024,1024,1024,True,1.0,True,TRUE,DIAGNOSTIC_NOT_POSTERIOR,PRESENT,0.5,90347,66506,1465.0846672807033,64.8291144186886
4,-0.5,1,D0,5,Q2,0.75,1024,1024,1024,True,1.0,True,TRUE,DIAGNOSTIC_NOT_POSTERIOR,PRESENT,0.25,90347,66506,1465.0846672807033,64.8291144186886
4,-0.5,1,D0,5,Q2,0.9,1024,1024,1024,True,1.0,True,TRUE,DIAGNOSTIC_NOT_POSTERIOR,PRESENT,0.09999999999999998,90347,66506,1465.0846672807033,64.8291144186886
4,-0.5,1,D0,5,Q2,1,1024,1024,1024,True,1.0,True,MC_UNRESOLVED,DIAGNOSTIC_NOT_POSTERIOR,PRESENT,0.0,90347,66506,1465.0846672807033,64.8291144186886
4,-0.5,1,D3,5,Q1,0,1024,1024,1024,True,1.0,True,TRUE,DIAGNOSTIC_NOT_POSTERIOR,PRESENT,1.0,90347,66506,1465.0846672807033,64.8291144186886
4,-0.5,1,D3,5,Q1,0.5,1024,1024,1024,True,1.0,True,TRUE,DIAGNOSTIC_NOT_POSTERIOR,PRESENT,0.5,90347,66506,1465.0846672807033,64.8291144186886
4,-0.5,1,D3,5,Q1,0.75,1024,1024,1024,True,1.0,True,TRUE,DIAGNOSTIC_NOT_POSTERIOR,PRESENT,0.25,90347,66506,1465.0846672807033,64.8291144186886
4,-0.5,1,D3,5,Q1,0.9,1024,1024,1024,True,1.0,True,TRUE,DIAGNOSTIC_NOT_POSTERIOR,PRESENT,0.09999999999999998,90347,66506,1465.0846672807033,64.8291144186886
4,-0.5,1,D3,5,Q1,1,1024,1024,1024,True,1.0,True,MC_UNRESOLVED,DIAGNOSTIC_NOT_POSTERIOR,PRESENT,0.0,90347,66506,1465.0846672807033,64.8291144186886
4,-0.5,1,D3,5,Q2,0,1024,1024,1024,True,1.0,True,TRUE,DIAGNOSTIC_NOT_POSTERIOR,PRESENT,1.0,90347,66506,1465.0846672807033,64.8291144186886
4,-0.5,1,D3,5,Q2,0.5,1024,1024,1024,True,1.0,True,TRUE,DIAGNOSTIC_NOT_POSTERIOR,PRESENT,0.5,90347,66506,1465.0846672807033,64.8291144186886
4,-0.5,1,D3,5,Q2,0.75,1024,1024,1024,True,1.0,True,TRUE,DIAGNOSTIC_NOT_POSTERIOR,PRESENT,0.25,90347,66506,1465.0846672807033,64.8291144186886
4,-0.5,1,D3,5,Q2,0.9,1024,1024,1024,True,1.0,True,TRUE,DIAGNOSTIC_NOT_POSTERIOR,PRESENT,0.09999999999999998,90347,66506,1465.0846672807033,64.8291144186886
4,-0.5,1,D3,5,Q2,1,1024,1024,1024,True,1.0,True,MC_UNRESOLVED,DIAGNOSTIC_NOT_POSTERIOR,PRESENT,0.0,90347,66506,1465.0846672807033,64.8291144186886
4,0,0,D0,5,Q1,0,1024,1024,1024,True,1.0,True,TRUE,DIAGNOSTIC_NOT_POSTERIOR,PRESENT,1.0,85806,62015,1465.0846672807033,59.83554417089422
4,0,0,D0,5,Q1,0.5,1024,1024,1024,True,1.0,True,TRUE,DIAGNOSTIC_NOT_POSTERIOR,PRESENT,0.5,85806,62015,1465.0846672807033,59.83554417089422
4,0,0,D0,5,Q1,0.75,1024,1024,1024,True,1.0,True,TRUE,DIAGNOSTIC_NOT_POSTERIOR,PRESENT,0.25,85806,62015,1465.0846672807033,59.83554417089422
4,0,0,D0,5,Q1,0.9,1024,1024,1024,True,1.0,True,TRUE,DIAGNOSTIC_NOT_POSTERIOR,PRESENT,0.09999999999999998,85806,62015,1465.0846672807033,59.83554417089422
4,0,0,D0,5,Q1,1,1024,1024,1024,True,1.0,True,MC_UNRESOLVED,DIAGNOSTIC_NOT_POSTERIOR,PRESENT,0.0,85806,62015,1465.0846672807033,59.83554417089422
4,0,0,D0,5,Q2,0,1024,1024,1024,True,1.0,True,TRUE,DIAGNOSTIC_NOT_POSTERIOR,PRESENT,1.0,85806,62015,1465.0846672807033,59.83554417089422
4,0,0,D0,5,Q2,0.5,1024,1024,1024,True,1.0,True,TRUE,DIAGNOSTIC_NOT_POSTERIOR,PRESENT,0.5,85806,62015,1465.0846672807033,59.83554417089422
4,0,0,D0,5,Q2,0.75,1024,1024,1024,True,1.0,True,TRUE,DIAGNOSTIC_NOT_POSTERIOR,PRESENT,0.25,85806,62015,1465.0846672807033,59.83554417089422
4,0,0,D0,5,Q2,0.9,1024,1024,1024,True,1.0,True,TRUE,DIAGNOSTIC_NOT_POSTERIOR,PRESENT,0.09999999999999998,85806,62015,1465.0846672807033,59.83554417089422
4,0,0,D0,5,Q2,1,1024,1024,1024,True,1.0,True,MC_UNRESOLVED,DIAGNOSTIC_NOT_POSTERIOR,PRESENT,0.0,85806,62015,1465.0846672807033,59.83554417089422
4,0,0,D3,5,Q1,0,1024,1024,1024,True,1.0,True,TRUE,DIAGNOSTIC_NOT_POSTERIOR,PRESENT,1.0,85806,62015,1465.0846672807033,59.83554417089422
4,0,0,D3,5,Q1,0.5,1024,1024,1024,True,1.0,True,TRUE,DIAGNOSTIC_NOT_POSTERIOR,PRESENT,0.5,85806,62015,1465.0846672807033,59.83554417089422
4,0,0,D3,5,Q1,0.75,1024,1024,1024,True,1.0,True,TRUE,DIAGNOSTIC_NOT_POSTERIOR,PRESENT,0.25,85806,62015,1465.0846672807033,59.83554417089422
4,0,0,D3,5,Q1,0.9,1024,1024,1024,True,1.0,True,TRUE,DIAGNOSTIC_NOT_POSTERIOR,PRESENT,0.09999999999999998,85806,62015,1465.0846672807033,59.83554417089422
4,0,0,D3,5,Q1,1,1024,1024,1024,True,1.0,True,MC_UNRESOLVED,DIAGNOSTIC_NOT_POSTERIOR,PRESENT,0.0,85806,62015,1465.0846672807033,59.83554417089422
4,0,0,D3,5,Q2,0,1024,1024,1024,True,1.0,True,TRUE,DIAGNOSTIC_NOT_POSTERIOR,PRESENT,1.0,85806,62015,1465.0846672807033,59.83554417089422
4,0,0,D3,5,Q2,0.5,1024,1024,1024,True,1.0,True,TRUE,DIAGNOSTIC_NOT_POSTERIOR,PRESENT,0.5,85806,62015,1465.0846672807033,59.83554417089422
4,0,0,D3,5,Q2,0.75,1024,1024,1024,True,1.0,True,TRUE,DIAGNOSTIC_NOT_POSTERIOR,PRESENT,0.25,85806,62015,1465.0846672807033,59.83554417089422
4,0,0,D3,5,Q2,0.9,1024,1024,1024,True,1.0,True,TRUE,DIAGNOSTIC_NOT_POSTERIOR,PRESENT,0.09999999999999998,85806,62015,1465.0846672807033,59.83554417089422
4,0,0,D3,5,Q2,1,1024,1024,1024,True,1.0,True,MC_UNRESOLVED,DIAGNOSTIC_NOT_POSTERIOR,PRESENT,0.0,85806,62015,1465.0846672807033,59.83554417089422
4,0,0.5,D0,5,Q1,0,1024,1024,1024,True,1.0,True,TRUE,DIAGNOSTIC_NOT_POSTERIOR,PRESENT,1.0,85806,62015,1465.0846672807033,59.83554417089422
4,0,0.5,D0,5,Q1,0.5,1024,1024,1024,True,1.0,True,TRUE,DIAGNOSTIC_NOT_POSTERIOR,PRESENT,0.5,85806,62015,1465.0846672807033,59.83554417089422
4,0,0.5,D0,5,Q1,0.75,1024,1024,1024,True,1.0,True,TRUE,DIAGNOSTIC_NOT_POSTERIOR,PRESENT,0.25,85806,62015,1465.0846672807033,59.83554417089422
4,0,0.5,D0,5,Q1,0.9,1024,1024,1024,True,1.0,True,TRUE,DIAGNOSTIC_NOT_POSTERIOR,PRESENT,0.09999999999999998,85806,62015,1465.0846672807033,59.83554417089422
4,0,0.5,D0,5,Q1,1,1024,1024,1024,True,1.0,True,MC_UNRESOLVED,DIAGNOSTIC_NOT_POSTERIOR,PRESENT,0.0,85806,62015,1465.0846672807033,59.83554417089422
4,0,0.5,D0,5,Q2,0,1024,1024,1024,True,1.0,True,TRUE,DIAGNOSTIC_NOT_POSTERIOR,PRESENT,1.0,85806,62015,1465.0846672807033,59.83554417089422
4,0,0.5,D0,5,Q2,0.5,1024,1024,1024,True,1.0,True,TRUE,DIAGNOSTIC_NOT_POSTERIOR,PRESENT,0.5,85806,62015,1465.0846672807033,59.83554417089422
4,0,0.5,D0,5,Q2,0.75,1024,1024,1024,True,1.0,True,TRUE,DIAGNOSTIC_NOT_POSTERIOR,PRESENT,0.25,85806,62015,1465.0846672807033,59.83554417089422
4,0,0.5,D0,5,Q2,0.9,1024,1024,1024,True,1.0,True,TRUE,DIAGNOSTIC_NOT_POSTERIOR,PRESENT,0.09999999999999998,85806,62015,1465.0846672807033,59.83554417089422
4,0,0.5,D0,5,Q2,1,1024,1024,1024,True,1.0,True,MC_UNRESOLVED,DIAGNOSTIC_NOT_POSTERIOR,PRESENT,0.0,85806,62015,1465.0846672807033,59.83554417089422
4,0,0.5,D3,5,Q1,0,1024,1024,1024,True,1.0,True,TRUE,DIAGNOSTIC_NOT_POSTERIOR,PRESENT,1.0,85806,62015,1465.0846672807033,59.83554417089422
4,0,0.5,D3,5,Q1,0.5,1024,1024,1024,True,1.0,True,TRUE,DIAGNOSTIC_NOT_POSTERIOR,PRESENT,0.5,85806,62015,1465.0846672807033,59.83554417089422
4,0,0.5,D3,5,Q1,0.75,1024,1024,1024,True,1.0,True,TRUE,DIAGNOSTIC_NOT_POSTERIOR,PRESENT,0.25,85806,62015,1465.0846672807033,59.83554417089422
4,0,0.5,D3,5,Q1,0.9,1024,1024,1024,True,1.0,True,TRUE,DIAGNOSTIC_NOT_POSTERIOR,PRESENT,0.09999999999999998,85806,62015,1465.0846672807033,59.83554417089422
4,0,0.5,D3,5,Q1,1,1024,1024,1024,True,1.0,True,MC_UNRESOLVED,DIAGNOSTIC_NOT_POSTERIOR,PRESENT,0.0,85806,62015,1465.0846672807033,59.83554417089422
4,0,0.5,D3,5,Q2,0,1024,1024,1024,True,1.0,True,TRUE,DIAGNOSTIC_NOT_POSTERIOR,PRESENT,1.0,85806,62015,1465.0846672807033,59.83554417089422
4,0,0.5,D3,5,Q2,0.5,1024,1024,1024,True,1.0,True,TRUE,DIAGNOSTIC_NOT_POSTERIOR,PRESENT,0.5,85806,62015,1465.0846672807033,59.83554417089422
4,0,0.5,D3,5,Q2,0.75,1024,1024,1024,True,1.0,True,TRUE,DIAGNOSTIC_NOT_POSTERIOR,PRESENT,0.25,85806,62015,1465.0846672807033,59.83554417089422
4,0,0.5,D3,5,Q2,0.9,1024,1024,1024,True,1.0,True,TRUE,DIAGNOSTIC_NOT_POSTERIOR,PRESENT,0.09999999999999998,85806,62015,1465.0846672807033,59.83554417089422
4,0,0.5,D3,5,Q2,1,1024,1024,1024,True,1.0,True,MC_UNRESOLVED,DIAGNOSTIC_NOT_POSTERIOR,PRESENT,0.0,85806,62015,1465.0846672807033,59.83554417089422
4,0,1,D0,5,Q1,0,1024,1024,1024,True,1.0,True,TRUE,DIAGNOSTIC_NOT_POSTERIOR,PRESENT,1.0,85806,62015,1465.0846672807033,59.83554417089422
4,0,1,D0,5,Q1,0.5,1024,1024,1024,True,1.0,True,TRUE,DIAGNOSTIC_NOT_POSTERIOR,PRESENT,0.5,85806,62015,1465.0846672807033,59.83554417089422
4,0,1,D0,5,Q1,0.75,1024,1024,1024,True,1.0,True,TRUE,DIAGNOSTIC_NOT_POSTERIOR,PRESENT,0.25,85806,62015,1465.0846672807033,59.83554417089422
4,0,1,D0,5,Q1,0.9,1024,1024,1024,True,1.0,True,TRUE,DIAGNOSTIC_NOT_POSTERIOR,PRESENT,0.09999999999999998,85806,62015,1465.0846672807033,59.83554417089422
4,0,1,D0,5,Q1,1,1024,1024,1024,True,1.0,True,MC_UNRESOLVED,DIAGNOSTIC_NOT_POSTERIOR,PRESENT,0.0,85806,62015,1465.0846672807033,59.83554417089422
4,0,1,D0,5,Q2,0,1024,1024,1024,True,1.0,True,TRUE,DIAGNOSTIC_NOT_POSTERIOR,PRESENT,1.0,85806,62015,1465.0846672807033,59.83554417089422
4,0,1,D0,5,Q2,0.5,1024,1024,1024,True,1.0,True,TRUE,DIAGNOSTIC_NOT_POSTERIOR,PRESENT,0.5,85806,62015,1465.0846672807033,59.83554417089422
4,0,1,D0,5,Q2,0.75,1024,1024,1024,True,1.0,True,TRUE,DIAGNOSTIC_NOT_POSTERIOR,PRESENT,0.25,85806,62015,1465.0846672807033,59.83554417089422
4,0,1,D0,5,Q2,0.9,1024,1024,1024,True,1.0,True,TRUE,DIAGNOSTIC_NOT_POSTERIOR,PRESENT,0.09999999999999998,85806,62015,1465.0846672807033,59.83554417089422
4,0,1,D0,5,Q2,1,1024,1024,1024,True,1.0,True,MC_UNRESOLVED,DIAGNOSTIC_NOT_POSTERIOR,PRESENT,0.0,85806,62015,1465.0846672807033,59.83554417089422
4,0,1,D3,5,Q1,0,1024,1024,1024,True,1.0,True,TRUE,DIAGNOSTIC_NOT_POSTERIOR,PRESENT,1.0,85806,62015,1465.0846672807033,59.83554417089422
4,0,1,D3,5,Q1,0.5,1024,1024,1024,True,1.0,True,TRUE,DIAGNOSTIC_NOT_POSTERIOR,PRESENT,0.5,85806,62015,1465.0846672807033,59.83554417089422
4,0,1,D3,5,Q1,0.75,1024,1024,1024,True,1.0,True,TRUE,DIAGNOSTIC_NOT_POSTERIOR,PRESENT,0.25,85806,62015,1465.0846672807033,59.83554417089422
4,0,1,D3,5,Q1,0.9,1024,1024,1024,True,1.0,True,TRUE,DIAGNOSTIC_NOT_POSTERIOR,PRESENT,0.09999999999999998,85806,62015,1465.0846672807033,59.83554417089422
4,0,1,D3,5,Q1,1,1024,1024,1024,True,1.0,True,MC_UNRESOLVED,DIAGNOSTIC_NOT_POSTERIOR,PRESENT,0.0,85806,62015,1465.0846672807033,59.83554417089422
4,0,1,D3,5,Q2,0,1024,1024,1024,True,1.0,True,TRUE,DIAGNOSTIC_NOT_POSTERIOR,PRESENT,1.0,85806,62015,1465.0846672807033,59.83554417089422
4,0,1,D3,5,Q2,0.5,1024,1024,1024,True,1.0,True,TRUE,DIAGNOSTIC_NOT_POSTERIOR,PRESENT,0.5,85806,62015,1465.0846672807033,59.83554417089422
4,0,1,D3,5,Q2,0.75,1024,1024,1024,True,1.0,True,TRUE,DIAGNOSTIC_NOT_POSTERIOR,PRESENT,0.25,85806,62015,1465.0846672807033,59.83554417089422
4,0,1,D3,5,Q2,0.9,1024,1024,1024,True,1.0,True,TRUE,DIAGNOSTIC_NOT_POSTERIOR,PRESENT,0.09999999999999998,85806,62015,1465.0846672807033,59.83554417089422
4,0,1,D3,5,Q2,1,1024,1024,1024,True,1.0,True,MC_UNRESOLVED,DIAGNOSTIC_NOT_POSTERIOR,PRESENT,0.0,85806,62015,1465.0846672807033,59.83554417089422
4,0.5,0,D0,5,Q1,0,1024,1024,1024,True,1.0,True,TRUE,DIAGNOSTIC_NOT_POSTERIOR,PRESENT,1.0,79749,56044,1465.0846672807033,52.07312464371972
4,0.5,0,D0,5,Q1,0.5,1024,1024,1024,True,1.0,True,TRUE,DIAGNOSTIC_NOT_POSTERIOR,PRESENT,0.5,79749,56044,1465.0846672807033,52.07312464371972
4,0.5,0,D0,5,Q1,0.75,1024,1024,1024,True,1.0,True,TRUE,DIAGNOSTIC_NOT_POSTERIOR,PRESENT,0.25,79749,56044,1465.0846672807033,52.07312464371972
4,0.5,0,D0,5,Q1,0.9,1024,1024,1024,True,1.0,True,TRUE,DIAGNOSTIC_NOT_POSTERIOR,PRESENT,0.09999999999999998,79749,56044,1465.0846672807033,52.07312464371972
4,0.5,0,D0,5,Q1,1,1024,1024,1024,True,1.0,True,MC_UNRESOLVED,DIAGNOSTIC_NOT_POSTERIOR,PRESENT,0.0,79749,56044,1465.0846672807033,52.07312464371972
4,0.5,0,D0,5,Q2,0,1024,1024,1024,True,1.0,True,TRUE,DIAGNOSTIC_NOT_POSTERIOR,PRESENT,1.0,79749,56044,1465.0846672807033,52.07312464371972
4,0.5,0,D0,5,Q2,0.5,1024,1024,1024,True,1.0,True,TRUE,DIAGNOSTIC_NOT_POSTERIOR,PRESENT,0.5,79749,56044,1465.0846672807033,52.07312464371972
4,0.5,0,D0,5,Q2,0.75,1024,1024,1024,True,1.0,True,TRUE,DIAGNOSTIC_NOT_POSTERIOR,PRESENT,0.25,79749,56044,1465.0846672807033,52.07312464371972
4,0.5,0,D0,5,Q2,0.9,1024,1024,1024,True,1.0,True,TRUE,DIAGNOSTIC_NOT_POSTERIOR,PRESENT,0.09999999999999998,79749,56044,1465.0846672807033,52.07312464371972
4,0.5,0,D0,5,Q2,1,1024,1024,1024,True,1.0,True,MC_UNRESOLVED,DIAGNOSTIC_NOT_POSTERIOR,PRESENT,0.0,79749,56044,1465.0846672807033,52.07312464371972
4,0.5,0,D3,5,Q1,0,1024,1024,1024,True,1.0,True,TRUE,DIAGNOSTIC_NOT_POSTERIOR,PRESENT,1.0,79749,56044,1465.0846672807033,52.07312464371972
4,0.5,0,D3,5,Q1,0.5,1024,1024,1024,True,1.0,True,TRUE,DIAGNOSTIC_NOT_POSTERIOR,PRESENT,0.5,79749,56044,1465.0846672807033,52.07312464371972
4,0.5,0,D3,5,Q1,0.75,1024,1024,1024,True,1.0,True,TRUE,DIAGNOSTIC_NOT_POSTERIOR,PRESENT,0.25,79749,56044,1465.0846672807033,52.07312464371972
4,0.5,0,D3,5,Q1,0.9,1024,1024,1024,True,1.0,True,TRUE,DIAGNOSTIC_NOT_POSTERIOR,PRESENT,0.09999999999999998,79749,56044,1465.0846672807033,52.07312464371972
4,0.5,0,D3,5,Q1,1,1024,1024,1024,True,1.0,True,MC_UNRESOLVED,DIAGNOSTIC_NOT_POSTERIOR,PRESENT,0.0,79749,56044,1465.0846672807033,52.07312464371972
4,0.5,0,D3,5,Q2,0,1024,1024,1024,True,1.0,True,TRUE,DIAGNOSTIC_NOT_POSTERIOR,PRESENT,1.0,79749,56044,1465.0846672807033,52.07312464371972
4,0.5,0,D3,5,Q2,0.5,1024,1024,1024,True,1.0,True,TRUE,DIAGNOSTIC_NOT_POSTERIOR,PRESENT,0.5,79749,56044,1465.0846672807033,52.07312464371972
4,0.5,0,D3,5,Q2,0.75,1024,1024,1024,True,1.0,True,TRUE,DIAGNOSTIC_NOT_POSTERIOR,PRESENT,0.25,79749,56044,1465.0846672807033,52.07312464371972
4,0.5,0,D3,5,Q2,0.9,1024,1024,1024,True,1.0,True,TRUE,DIAGNOSTIC_NOT_POSTERIOR,PRESENT,0.09999999999999998,79749,56044,1465.0846672807033,52.07312464371972
4,0.5,0,D3,5,Q2,1,1024,1024,1024,True,1.0,True,MC_UNRESOLVED,DIAGNOSTIC_NOT_POSTERIOR,PRESENT,0.0,79749,56044,1465.0846672807033,52.07312464371972
4,0.5,0.5,D0,5,Q1,0,1024,1024,1024,True,1.0,True,TRUE,DIAGNOSTIC_NOT_POSTERIOR,PRESENT,1.0,79749,56044,1465.0846672807033,52.07312464371972
4,0.5,0.5,D0,5,Q1,0.5,1024,1024,1024,True,1.0,True,TRUE,DIAGNOSTIC_NOT_POSTERIOR,PRESENT,0.5,79749,56044,1465.0846672807033,52.07312464371972
4,0.5,0.5,D0,5,Q1,0.75,1024,1024,1024,True,1.0,True,TRUE,DIAGNOSTIC_NOT_POSTERIOR,PRESENT,0.25,79749,56044,1465.0846672807033,52.07312464371972
4,0.5,0.5,D0,5,Q1,0.9,1024,1024,1024,True,1.0,True,TRUE,DIAGNOSTIC_NOT_POSTERIOR,PRESENT,0.09999999999999998,79749,56044,1465.0846672807033,52.07312464371972
4,0.5,0.5,D0,5,Q1,1,1024,1024,1024,True,1.0,True,MC_UNRESOLVED,DIAGNOSTIC_NOT_POSTERIOR,PRESENT,0.0,79749,56044,1465.0846672807033,52.07312464371972
4,0.5,0.5,D0,5,Q2,0,1024,1024,1024,True,1.0,True,TRUE,DIAGNOSTIC_NOT_POSTERIOR,PRESENT,1.0,79749,56044,1465.0846672807033,52.07312464371972
4,0.5,0.5,D0,5,Q2,0.5,1024,1024,1024,True,1.0,True,TRUE,DIAGNOSTIC_NOT_POSTERIOR,PRESENT,0.5,79749,56044,1465.0846672807033,52.07312464371972
4,0.5,0.5,D0,5,Q2,0.75,1024,1024,1024,True,1.0,True,TRUE,DIAGNOSTIC_NOT_POSTERIOR,PRESENT,0.25,79749,56044,1465.0846672807033,52.07312464371972
4,0.5,0.5,D0,5,Q2,0.9,1024,1024,1024,True,1.0,True,TRUE,DIAGNOSTIC_NOT_POSTERIOR,PRESENT,0.09999999999999998,79749,56044,1465.0846672807033,52.07312464371972
4,0.5,0.5,D0,5,Q2,1,1024,1024,1024,True,1.0,True,MC_UNRESOLVED,DIAGNOSTIC_NOT_POSTERIOR,PRESENT,0.0,79749,56044,1465.0846672807033,52.07312464371972
4,0.5,0.5,D3,5,Q1,0,1024,1024,1024,True,1.0,True,TRUE,DIAGNOSTIC_NOT_POSTERIOR,PRESENT,1.0,79749,56044,1465.0846672807033,52.07312464371972
4,0.5,0.5,D3,5,Q1,0.5,1024,1024,1024,True,1.0,True,TRUE,DIAGNOSTIC_NOT_POSTERIOR,PRESENT,0.5,79749,56044,1465.0846672807033,52.07312464371972
4,0.5,0.5,D3,5,Q1,0.75,1024,1024,1024,True,1.0,True,TRUE,DIAGNOSTIC_NOT_POSTERIOR,PRESENT,0.25,79749,56044,1465.0846672807033,52.07312464371972
4,0.5,0.5,D3,5,Q1,0.9,1024,1024,1024,True,1.0,True,TRUE,DIAGNOSTIC_NOT_POSTERIOR,PRESENT,0.09999999999999998,79749,56044,1465.0846672807033,52.07312464371972
4,0.5,0.5,D3,5,Q1,1,1024,1024,1024,True,1.0,True,MC_UNRESOLVED,DIAGNOSTIC_NOT_POSTERIOR,PRESENT,0.0,79749,56044,1465.0846672807033,52.07312464371972
4,0.5,0.5,D3,5,Q2,0,1024,1024,1024,True,1.0,True,TRUE,DIAGNOSTIC_NOT_POSTERIOR,PRESENT,1.0,79749,56044,1465.0846672807033,52.07312464371972
4,0.5,0.5,D3,5,Q2,0.5,1024,1024,1024,True,1.0,True,TRUE,DIAGNOSTIC_NOT_POSTERIOR,PRESENT,0.5,79749,56044,1465.0846672807033,52.07312464371972
4,0.5,0.5,D3,5,Q2,0.75,1024,1024,1024,True,1.0,True,TRUE,DIAGNOSTIC_NOT_POSTERIOR,PRESENT,0.25,79749,56044,1465.0846672807033,52.07312464371972
4,0.5,0.5,D3,5,Q2,0.9,1024,1024,1024,True,1.0,True,TRUE,DIAGNOSTIC_NOT_POSTERIOR,PRESENT,0.09999999999999998,79749,56044,1465.0846672807033,52.07312464371972
4,0.5,0.5,D3,5,Q2,1,1024,1024,1024,True,1.0,True,MC_UNRESOLVED,DIAGNOSTIC_NOT_POSTERIOR,PRESENT,0.0,79749,56044,1465.0846672807033,52.07312464371972
4,0.5,1,D0,5,Q1,0,1024,1024,1024,True,1.0,True,TRUE,DIAGNOSTIC_NOT_POSTERIOR,PRESENT,1.0,79749,56044,1465.0846672807033,52.07312464371972
4,0.5,1,D0,5,Q1,0.5,1024,1024,1024,True,1.0,True,TRUE,DIAGNOSTIC_NOT_POSTERIOR,PRESENT,0.5,79749,56044,1465.0846672807033,52.07312464371972
4,0.5,1,D0,5,Q1,0.75,1024,1024,1024,True,1.0,True,TRUE,DIAGNOSTIC_NOT_POSTERIOR,PRESENT,0.25,79749,56044,1465.0846672807033,52.07312464371972
4,0.5,1,D0,5,Q1,0.9,1024,1024,1024,True,1.0,True,TRUE,DIAGNOSTIC_NOT_POSTERIOR,PRESENT,0.09999999999999998,79749,56044,1465.0846672807033,52.07312464371972
4,0.5,1,D0,5,Q1,1,1024,1024,1024,True,1.0,True,MC_UNRESOLVED,DIAGNOSTIC_NOT_POSTERIOR,PRESENT,0.0,79749,56044,1465.0846672807033,52.07312464371972
4,0.5,1,D0,5,Q2,0,1024,1024,1024,True,1.0,True,TRUE,DIAGNOSTIC_NOT_POSTERIOR,PRESENT,1.0,79749,56044,1465.0846672807033,52.07312464371972
4,0.5,1,D0,5,Q2,0.5,1024,1024,1024,True,1.0,True,TRUE,DIAGNOSTIC_NOT_POSTERIOR,PRESENT,0.5,79749,56044,1465.0846672807033,52.07312464371972
4,0.5,1,D0,5,Q2,0.75,1024,1024,1024,True,1.0,True,TRUE,DIAGNOSTIC_NOT_POSTERIOR,PRESENT,0.25,79749,56044,1465.0846672807033,52.07312464371972
4,0.5,1,D0,5,Q2,0.9,1024,1024,1024,True,1.0,True,TRUE,DIAGNOSTIC_NOT_POSTERIOR,PRESENT,0.09999999999999998,79749,56044,1465.0846672807033,52.07312464371972
4,0.5,1,D0,5,Q2,1,1024,1024,1024,True,1.0,True,MC_UNRESOLVED,DIAGNOSTIC_NOT_POSTERIOR,PRESENT,0.0,79749,56044,1465.0846672807033,52.07312464371972
4,0.5,1,D3,5,Q1,0,1024,1024,1024,True,1.0,True,TRUE,DIAGNOSTIC_NOT_POSTERIOR,PRESENT,1.0,79749,56044,1465.0846672807033,52.07312464371972
4,0.5,1,D3,5,Q1,0.5,1024,1024,1024,True,1.0,True,TRUE,DIAGNOSTIC_NOT_POSTERIOR,PRESENT,0.5,79749,56044,1465.0846672807033,52.07312464371972
4,0.5,1,D3,5,Q1,0.75,1024,1024,1024,True,1.0,True,TRUE,DIAGNOSTIC_NOT_POSTERIOR,PRESENT,0.25,79749,56044,1465.0846672807033,52.07312464371972
4,0.5,1,D3,5,Q1,0.9,1024,1024,1024,True,1.0,True,TRUE,DIAGNOSTIC_NOT_POSTERIOR,PRESENT,0.09999999999999998,79749,56044,1465.0846672807033,52.07312464371972
4,0.5,1,D3,5,Q1,1,1024,1024,1024,True,1.0,True,MC_UNRESOLVED,DIAGNOSTIC_NOT_POSTERIOR,PRESENT,0.0,79749,56044,1465.0846672807033,52.07312464371972
4,0.5,1,D3,5,Q2,0,1024,1024,1024,True,1.0,True,TRUE,DIAGNOSTIC_NOT_POSTERIOR,PRESENT,1.0,79749,56044,1465.0846672807033,52.07312464371972
4,0.5,1,D3,5,Q2,0.5,1024,1024,1024,True,1.0,True,TRUE,DIAGNOSTIC_NOT_POSTERIOR,PRESENT,0.5,79749,56044,1465.0846672807033,52.07312464371972
4,0.5,1,D3,5,Q2,0.75,1024,1024,1024,True,1.0,True,TRUE,DIAGNOSTIC_NOT_POSTERIOR,PRESENT,0.25,79749,56044,1465.0846672807033,52.07312464371972
4,0.5,1,D3,5,Q2,0.9,1024,1024,1024,True,1.0,True,TRUE,DIAGNOSTIC_NOT_POSTERIOR,PRESENT,0.09999999999999998,79749,56044,1465.0846672807033,52.07312464371972
4,0.5,1,D3,5,Q2,1,1024,1024,1024,True,1.0,True,MC_UNRESOLVED,DIAGNOSTIC_NOT_POSTERIOR,PRESENT,0.0,79749,56044,1465.0846672807033,52.07312464371972
5,-0.5,0,D0,5,Q1,0,1024,1024,1024,True,1.0,True,TRUE,DIAGNOSTIC_NOT_POSTERIOR,PRESENT,1.0,93445,69535,1464.4750438840663,67.1400628429828
5,-0.5,0,D0,5,Q1,0.5,1024,1024,1024,True,1.0,True,TRUE,DIAGNOSTIC_NOT_POSTERIOR,PRESENT,0.5,93445,69535,1464.4750438840663,67.1400628429828
5,-0.5,0,D0,5,Q1,0.75,1024,1024,1024,True,1.0,True,TRUE,DIAGNOSTIC_NOT_POSTERIOR,PRESENT,0.25,93445,69535,1464.4750438840663,67.1400628429828
5,-0.5,0,D0,5,Q1,0.9,1024,1024,1024,True,1.0,True,TRUE,DIAGNOSTIC_NOT_POSTERIOR,PRESENT,0.09999999999999998,93445,69535,1464.4750438840663,67.1400628429828
5,-0.5,0,D0,5,Q1,1,1024,1024,1024,True,1.0,True,MC_UNRESOLVED,DIAGNOSTIC_NOT_POSTERIOR,PRESENT,0.0,93445,69535,1464.4750438840663,67.1400628429828
5,-0.5,0,D0,5,Q2,0,1024,1024,1024,True,1.0,True,TRUE,DIAGNOSTIC_NOT_POSTERIOR,PRESENT,1.0,93445,69535,1464.4750438840663,67.1400628429828
5,-0.5,0,D0,5,Q2,0.5,1024,1024,1024,True,1.0,True,TRUE,DIAGNOSTIC_NOT_POSTERIOR,PRESENT,0.5,93445,69535,1464.4750438840663,67.1400628429828
5,-0.5,0,D0,5,Q2,0.75,1024,1024,1024,True,1.0,True,TRUE,DIAGNOSTIC_NOT_POSTERIOR,PRESENT,0.25,93445,69535,1464.4750438840663,67.1400628429828
5,-0.5,0,D0,5,Q2,0.9,1024,1024,1024,True,1.0,True,TRUE,DIAGNOSTIC_NOT_POSTERIOR,PRESENT,0.09999999999999998,93445,69535,1464.4750438840663,67.1400628429828
5,-0.5,0,D0,5,Q2,1,1024,1024,1024,True,1.0,True,MC_UNRESOLVED,DIAGNOSTIC_NOT_POSTERIOR,PRESENT,0.0,93445,69535,1464.4750438840663,67.1400628429828
5,-0.5,0,D3,5,Q1,0,1024,1024,1024,True,1.0,True,TRUE,DIAGNOSTIC_NOT_POSTERIOR,PRESENT,1.0,93445,69535,1464.4750438840663,67.1400628429828
5,-0.5,0,D3,5,Q1,0.5,1024,1024,1024,True,1.0,True,TRUE,DIAGNOSTIC_NOT_POSTERIOR,PRESENT,0.5,93445,69535,1464.4750438840663,67.1400628429828
5,-0.5,0,D3,5,Q1,0.75,1024,1024,1024,True,1.0,True,TRUE,DIAGNOSTIC_NOT_POSTERIOR,PRESENT,0.25,93445,69535,1464.4750438840663,67.1400628429828
5,-0.5,0,D3,5,Q1,0.9,1024,1024,1024,True,1.0,True,TRUE,DIAGNOSTIC_NOT_POSTERIOR,PRESENT,0.09999999999999998,93445,69535,1464.4750438840663,67.1400628429828
5,-0.5,0,D3,5,Q1,1,1024,1024,1024,True,1.0,True,MC_UNRESOLVED,DIAGNOSTIC_NOT_POSTERIOR,PRESENT,0.0,93445,69535,1464.4750438840663,67.1400628429828
5,-0.5,0,D3,5,Q2,0,1024,1024,1024,True,1.0,True,TRUE,DIAGNOSTIC_NOT_POSTERIOR,PRESENT,1.0,93445,69535,1464.4750438840663,67.1400628429828
5,-0.5,0,D3,5,Q2,0.5,1024,1024,1024,True,1.0,True,TRUE,DIAGNOSTIC_NOT_POSTERIOR,PRESENT,0.5,93445,69535,1464.4750438840663,67.1400628429828
5,-0.5,0,D3,5,Q2,0.75,1024,1024,1024,True,1.0,True,TRUE,DIAGNOSTIC_NOT_POSTERIOR,PRESENT,0.25,93445,69535,1464.4750438840663,67.1400628429828
5,-0.5,0,D3,5,Q2,0.9,1024,1024,1024,True,1.0,True,TRUE,DIAGNOSTIC_NOT_POSTERIOR,PRESENT,0.09999999999999998,93445,69535,1464.4750438840663,67.1400628429828
5,-0.5,0,D3,5,Q2,1,1024,1024,1024,True,1.0,True,MC_UNRESOLVED,DIAGNOSTIC_NOT_POSTERIOR,PRESENT,0.0,93445,69535,1464.4750438840663,67.1400628429828
5,-0.5,0.5,D0,5,Q1,0,1024,1024,1024,True,1.0,True,TRUE,DIAGNOSTIC_NOT_POSTERIOR,PRESENT,1.0,93445,69535,1464.4750438840663,67.1400628429828
5,-0.5,0.5,D0,5,Q1,0.5,1024,1024,1024,True,1.0,True,TRUE,DIAGNOSTIC_NOT_POSTERIOR,PRESENT,0.5,93445,69535,1464.4750438840663,67.1400628429828
5,-0.5,0.5,D0,5,Q1,0.75,1024,1024,1024,True,1.0,True,TRUE,DIAGNOSTIC_NOT_POSTERIOR,PRESENT,0.25,93445,69535,1464.4750438840663,67.1400628429828
5,-0.5,0.5,D0,5,Q1,0.9,1024,1024,1024,True,1.0,True,TRUE,DIAGNOSTIC_NOT_POSTERIOR,PRESENT,0.09999999999999998,93445,69535,1464.4750438840663,67.1400628429828
5,-0.5,0.5,D0,5,Q1,1,1024,1024,1024,True,1.0,True,MC_UNRESOLVED,DIAGNOSTIC_NOT_POSTERIOR,PRESENT,0.0,93445,69535,1464.4750438840663,67.1400628429828
5,-0.5,0.5,D0,5,Q2,0,1024,1024,1024,True,1.0,True,TRUE,DIAGNOSTIC_NOT_POSTERIOR,PRESENT,1.0,93445,69535,1464.4750438840663,67.1400628429828
5,-0.5,0.5,D0,5,Q2,0.5,1024,1024,1024,True,1.0,True,TRUE,DIAGNOSTIC_NOT_POSTERIOR,PRESENT,0.5,93445,69535,1464.4750438840663,67.1400628429828
5,-0.5,0.5,D0,5,Q2,0.75,1024,1024,1024,True,1.0,True,TRUE,DIAGNOSTIC_NOT_POSTERIOR,PRESENT,0.25,93445,69535,1464.4750438840663,67.1400628429828
5,-0.5,0.5,D0,5,Q2,0.9,1024,1024,1024,True,1.0,True,TRUE,DIAGNOSTIC_NOT_POSTERIOR,PRESENT,0.09999999999999998,93445,69535,1464.4750438840663,67.1400628429828
5,-0.5,0.5,D0,5,Q2,1,1024,1024,1024,True,1.0,True,MC_UNRESOLVED,DIAGNOSTIC_NOT_POSTERIOR,PRESENT,0.0,93445,69535,1464.4750438840663,67.1400628429828
5,-0.5,0.5,D3,5,Q1,0,1024,1024,1024,True,1.0,True,TRUE,DIAGNOSTIC_NOT_POSTERIOR,PRESENT,1.0,93445,69535,1464.4750438840663,67.1400628429828
5,-0.5,0.5,D3,5,Q1,0.5,1024,1024,1024,True,1.0,True,TRUE,DIAGNOSTIC_NOT_POSTERIOR,PRESENT,0.5,93445,69535,1464.4750438840663,67.1400628429828
5,-0.5,0.5,D3,5,Q1,0.75,1024,1024,1024,True,1.0,True,TRUE,DIAGNOSTIC_NOT_POSTERIOR,PRESENT,0.25,93445,69535,1464.4750438840663,67.1400628429828
5,-0.5,0.5,D3,5,Q1,0.9,1024,1024,1024,True,1.0,True,TRUE,DIAGNOSTIC_NOT_POSTERIOR,PRESENT,0.09999999999999998,93445,69535,1464.4750438840663,67.1400628429828
5,-0.5,0.5,D3,5,Q1,1,1024,1024,1024,True,1.0,True,MC_UNRESOLVED,DIAGNOSTIC_NOT_POSTERIOR,PRESENT,0.0,93445,69535,1464.4750438840663,67.1400628429828
5,-0.5,0.5,D3,5,Q2,0,1024,1024,1024,True,1.0,True,TRUE,DIAGNOSTIC_NOT_POSTERIOR,PRESENT,1.0,93445,69535,1464.4750438840663,67.1400628429828
5,-0.5,0.5,D3,5,Q2,0.5,1024,1024,1024,True,1.0,True,TRUE,DIAGNOSTIC_NOT_POSTERIOR,PRESENT,0.5,93445,69535,1464.4750438840663,67.1400628429828
5,-0.5,0.5,D3,5,Q2,0.75,1024,1024,1024,True,1.0,True,TRUE,DIAGNOSTIC_NOT_POSTERIOR,PRESENT,0.25,93445,69535,1464.4750438840663,67.1400628429828
5,-0.5,0.5,D3,5,Q2,0.9,1024,1024,1024,True,1.0,True,TRUE,DIAGNOSTIC_NOT_POSTERIOR,PRESENT,0.09999999999999998,93445,69535,1464.4750438840663,67.1400628429828
5,-0.5,0.5,D3,5,Q2,1,1024,1024,1024,True,1.0,True,MC_UNRESOLVED,DIAGNOSTIC_NOT_POSTERIOR,PRESENT,0.0,93445,69535,1464.4750438840663,67.1400628429828
5,-0.5,1,D0,5,Q1,0,1024,1024,1024,True,1.0,True,TRUE,DIAGNOSTIC_NOT_POSTERIOR,PRESENT,1.0,93445,69535,1464.4750438840663,67.1400628429828
5,-0.5,1,D0,5,Q1,0.5,1024,1024,1024,True,1.0,True,TRUE,DIAGNOSTIC_NOT_POSTERIOR,PRESENT,0.5,93445,69535,1464.4750438840663,67.1400628429828
5,-0.5,1,D0,5,Q1,0.75,1024,1024,1024,True,1.0,True,TRUE,DIAGNOSTIC_NOT_POSTERIOR,PRESENT,0.25,93445,69535,1464.4750438840663,67.1400628429828
5,-0.5,1,D0,5,Q1,0.9,1024,1024,1024,True,1.0,True,TRUE,DIAGNOSTIC_NOT_POSTERIOR,PRESENT,0.09999999999999998,93445,69535,1464.4750438840663,67.1400628429828
5,-0.5,1,D0,5,Q1,1,1024,1024,1024,True,1.0,True,MC_UNRESOLVED,DIAGNOSTIC_NOT_POSTERIOR,PRESENT,0.0,93445,69535,1464.4750438840663,67.1400628429828
5,-0.5,1,D0,5,Q2,0,1024,1024,1024,True,1.0,True,TRUE,DIAGNOSTIC_NOT_POSTERIOR,PRESENT,1.0,93445,69535,1464.4750438840663,67.1400628429828
5,-0.5,1,D0,5,Q2,0.5,1024,1024,1024,True,1.0,True,TRUE,DIAGNOSTIC_NOT_POSTERIOR,PRESENT,0.5,93445,69535,1464.4750438840663,67.1400628429828
5,-0.5,1,D0,5,Q2,0.75,1024,1024,1024,True,1.0,True,TRUE,DIAGNOSTIC_NOT_POSTERIOR,PRESENT,0.25,93445,69535,1464.4750438840663,67.1400628429828
5,-0.5,1,D0,5,Q2,0.9,1024,1024,1024,True,1.0,True,TRUE,DIAGNOSTIC_NOT_POSTERIOR,PRESENT,0.09999999999999998,93445,69535,1464.4750438840663,67.1400628429828
5,-0.5,1,D0,5,Q2,1,1024,1024,1024,True,1.0,True,MC_UNRESOLVED,DIAGNOSTIC_NOT_POSTERIOR,PRESENT,0.0,93445,69535,1464.4750438840663,67.1400628429828
5,-0.5,1,D3,5,Q1,0,1024,1024,1024,True,1.0,True,TRUE,DIAGNOSTIC_NOT_POSTERIOR,PRESENT,1.0,93445,69535,1464.4750438840663,67.1400628429828
5,-0.5,1,D3,5,Q1,0.5,1024,1024,1024,True,1.0,True,TRUE,DIAGNOSTIC_NOT_POSTERIOR,PRESENT,0.5,93445,69535,1464.4750438840663,67.1400628429828
5,-0.5,1,D3,5,Q1,0.75,1024,1024,1024,True,1.0,True,TRUE,DIAGNOSTIC_NOT_POSTERIOR,PRESENT,0.25,93445,69535,1464.4750438840663,67.1400628429828
5,-0.5,1,D3,5,Q1,0.9,1024,1024,1024,True,1.0,True,TRUE,DIAGNOSTIC_NOT_POSTERIOR,PRESENT,0.09999999999999998,93445,69535,1464.4750438840663,67.1400628429828
5,-0.5,1,D3,5,Q1,1,1024,1024,1024,True,1.0,True,MC_UNRESOLVED,DIAGNOSTIC_NOT_POSTERIOR,PRESENT,0.0,93445,69535,1464.4750438840663,67.1400628429828
5,-0.5,1,D3,5,Q2,0,1024,1024,1024,True,1.0,True,TRUE,DIAGNOSTIC_NOT_POSTERIOR,PRESENT,1.0,93445,69535,1464.4750438840663,67.1400628429828
5,-0.5,1,D3,5,Q2,0.5,1024,1024,1024,True,1.0,True,TRUE,DIAGNOSTIC_NOT_POSTERIOR,PRESENT,0.5,93445,69535,1464.4750438840663,67.1400628429828
5,-0.5,1,D3,5,Q2,0.75,1024,1024,1024,True,1.0,True,TRUE,DIAGNOSTIC_NOT_POSTERIOR,PRESENT,0.25,93445,69535,1464.4750438840663,67.1400628429828
5,-0.5,1,D3,5,Q2,0.9,1024,1024,1024,True,1.0,True,TRUE,DIAGNOSTIC_NOT_POSTERIOR,PRESENT,0.09999999999999998,93445,69535,1464.4750438840663,67.1400628429828
5,-0.5,1,D3,5,Q2,1,1024,1024,1024,True,1.0,True,MC_UNRESOLVED,DIAGNOSTIC_NOT_POSTERIOR,PRESENT,0.0,93445,69535,1464.4750438840663,67.1400628429828
5,0,0,D0,5,Q1,0,1024,1024,1024,True,1.0,True,TRUE,DIAGNOSTIC_NOT_POSTERIOR,PRESENT,1.0,89153,65270,1464.4750438840663,62.252035386386
5,0,0,D0,5,Q1,0.5,1024,1024,1024,True,1.0,True,TRUE,DIAGNOSTIC_NOT_POSTERIOR,PRESENT,0.5,89153,65270,1464.4750438840663,62.252035386386
5,0,0,D0,5,Q1,0.75,1024,1024,1024,True,1.0,True,TRUE,DIAGNOSTIC_NOT_POSTERIOR,PRESENT,0.25,89153,65270,1464.4750438840663,62.252035386386
5,0,0,D0,5,Q1,0.9,1024,1024,1024,True,1.0,True,TRUE,DIAGNOSTIC_NOT_POSTERIOR,PRESENT,0.09999999999999998,89153,65270,1464.4750438840663,62.252035386386
5,0,0,D0,5,Q1,1,1024,1024,1024,True,1.0,True,MC_UNRESOLVED,DIAGNOSTIC_NOT_POSTERIOR,PRESENT,0.0,89153,65270,1464.4750438840663,62.252035386386
5,0,0,D0,5,Q2,0,1024,1024,1024,True,1.0,True,TRUE,DIAGNOSTIC_NOT_POSTERIOR,PRESENT,1.0,89153,65270,1464.4750438840663,62.252035386386
5,0,0,D0,5,Q2,0.5,1024,1024,1024,True,1.0,True,TRUE,DIAGNOSTIC_NOT_POSTERIOR,PRESENT,0.5,89153,65270,1464.4750438840663,62.252035386386
5,0,0,D0,5,Q2,0.75,1024,1024,1024,True,1.0,True,TRUE,DIAGNOSTIC_NOT_POSTERIOR,PRESENT,0.25,89153,65270,1464.4750438840663,62.252035386386
5,0,0,D0,5,Q2,0.9,1024,1024,1024,True,1.0,True,TRUE,DIAGNOSTIC_NOT_POSTERIOR,PRESENT,0.09999999999999998,89153,65270,1464.4750438840663,62.252035386386
5,0,0,D0,5,Q2,1,1024,1024,1024,True,1.0,True,MC_UNRESOLVED,DIAGNOSTIC_NOT_POSTERIOR,PRESENT,0.0,89153,65270,1464.4750438840663,62.252035386386
5,0,0,D3,5,Q1,0,1024,1024,1024,True,1.0,True,TRUE,DIAGNOSTIC_NOT_POSTERIOR,PRESENT,1.0,89153,65270,1464.4750438840663,62.252035386386
5,0,0,D3,5,Q1,0.5,1024,1024,1024,True,1.0,True,TRUE,DIAGNOSTIC_NOT_POSTERIOR,PRESENT,0.5,89153,65270,1464.4750438840663,62.252035386386
5,0,0,D3,5,Q1,0.75,1024,1024,1024,True,1.0,True,TRUE,DIAGNOSTIC_NOT_POSTERIOR,PRESENT,0.25,89153,65270,1464.4750438840663,62.252035386386
5,0,0,D3,5,Q1,0.9,1024,1024,1024,True,1.0,True,TRUE,DIAGNOSTIC_NOT_POSTERIOR,PRESENT,0.09999999999999998,89153,65270,1464.4750438840663,62.252035386386
5,0,0,D3,5,Q1,1,1024,1024,1024,True,1.0,True,MC_UNRESOLVED,DIAGNOSTIC_NOT_POSTERIOR,PRESENT,0.0,89153,65270,1464.4750438840663,62.252035386386
5,0,0,D3,5,Q2,0,1024,1024,1024,True,1.0,True,TRUE,DIAGNOSTIC_NOT_POSTERIOR,PRESENT,1.0,89153,65270,1464.4750438840663,62.252035386386
5,0,0,D3,5,Q2,0.5,1024,1024,1024,True,1.0,True,TRUE,DIAGNOSTIC_NOT_POSTERIOR,PRESENT,0.5,89153,65270,1464.4750438840663,62.252035386386
5,0,0,D3,5,Q2,0.75,1024,1024,1024,True,1.0,True,TRUE,DIAGNOSTIC_NOT_POSTERIOR,PRESENT,0.25,89153,65270,1464.4750438840663,62.252035386386
5,0,0,D3,5,Q2,0.9,1024,1024,1024,True,1.0,True,TRUE,DIAGNOSTIC_NOT_POSTERIOR,PRESENT,0.09999999999999998,89153,65270,1464.4750438840663,62.252035386386
5,0,0,D3,5,Q2,1,1024,1024,1024,True,1.0,True,MC_UNRESOLVED,DIAGNOSTIC_NOT_POSTERIOR,PRESENT,0.0,89153,65270,1464.4750438840663,62.252035386386
5,0,0.5,D0,5,Q1,0,1024,1024,1024,True,1.0,True,TRUE,DIAGNOSTIC_NOT_POSTERIOR,PRESENT,1.0,89153,65270,1464.4750438840663,62.252035386386
5,0,0.5,D0,5,Q1,0.5,1024,1024,1024,True,1.0,True,TRUE,DIAGNOSTIC_NOT_POSTERIOR,PRESENT,0.5,89153,65270,1464.4750438840663,62.252035386386
5,0,0.5,D0,5,Q1,0.75,1024,1024,1024,True,1.0,True,TRUE,DIAGNOSTIC_NOT_POSTERIOR,PRESENT,0.25,89153,65270,1464.4750438840663,62.252035386386
5,0,0.5,D0,5,Q1,0.9,1024,1024,1024,True,1.0,True,TRUE,DIAGNOSTIC_NOT_POSTERIOR,PRESENT,0.09999999999999998,89153,65270,1464.4750438840663,62.252035386386
5,0,0.5,D0,5,Q1,1,1024,1024,1024,True,1.0,True,MC_UNRESOLVED,DIAGNOSTIC_NOT_POSTERIOR,PRESENT,0.0,89153,65270,1464.4750438840663,62.252035386386
5,0,0.5,D0,5,Q2,0,1024,1024,1024,True,1.0,True,TRUE,DIAGNOSTIC_NOT_POSTERIOR,PRESENT,1.0,89153,65270,1464.4750438840663,62.252035386386
5,0,0.5,D0,5,Q2,0.5,1024,1024,1024,True,1.0,True,TRUE,DIAGNOSTIC_NOT_POSTERIOR,PRESENT,0.5,89153,65270,1464.4750438840663,62.252035386386
5,0,0.5,D0,5,Q2,0.75,1024,1024,1024,True,1.0,True,TRUE,DIAGNOSTIC_NOT_POSTERIOR,PRESENT,0.25,89153,65270,1464.4750438840663,62.252035386386
5,0,0.5,D0,5,Q2,0.9,1024,1024,1024,True,1.0,True,TRUE,DIAGNOSTIC_NOT_POSTERIOR,PRESENT,0.09999999999999998,89153,65270,1464.4750438840663,62.252035386386
5,0,0.5,D0,5,Q2,1,1024,1024,1024,True,1.0,True,MC_UNRESOLVED,DIAGNOSTIC_NOT_POSTERIOR,PRESENT,0.0,89153,65270,1464.4750438840663,62.252035386386
5,0,0.5,D3,5,Q1,0,1024,1024,1024,True,1.0,True,TRUE,DIAGNOSTIC_NOT_POSTERIOR,PRESENT,1.0,89153,65270,1464.4750438840663,62.252035386386
5,0,0.5,D3,5,Q1,0.5,1024,1024,1024,True,1.0,True,TRUE,DIAGNOSTIC_NOT_POSTERIOR,PRESENT,0.5,89153,65270,1464.4750438840663,62.252035386386
5,0,0.5,D3,5,Q1,0.75,1024,1024,1024,True,1.0,True,TRUE,DIAGNOSTIC_NOT_POSTERIOR,PRESENT,0.25,89153,65270,1464.4750438840663,62.252035386386
5,0,0.5,D3,5,Q1,0.9,1024,1024,1024,True,1.0,True,TRUE,DIAGNOSTIC_NOT_POSTERIOR,PRESENT,0.09999999999999998,89153,65270,1464.4750438840663,62.252035386386
5,0,0.5,D3,5,Q1,1,1024,1024,1024,True,1.0,True,MC_UNRESOLVED,DIAGNOSTIC_NOT_POSTERIOR,PRESENT,0.0,89153,65270,1464.4750438840663,62.252035386386
5,0,0.5,D3,5,Q2,0,1024,1024,1024,True,1.0,True,TRUE,DIAGNOSTIC_NOT_POSTERIOR,PRESENT,1.0,89153,65270,1464.4750438840663,62.252035386386
5,0,0.5,D3,5,Q2,0.5,1024,1024,1024,True,1.0,True,TRUE,DIAGNOSTIC_NOT_POSTERIOR,PRESENT,0.5,89153,65270,1464.4750438840663,62.252035386386
5,0,0.5,D3,5,Q2,0.75,1024,1024,1024,True,1.0,True,TRUE,DIAGNOSTIC_NOT_POSTERIOR,PRESENT,0.25,89153,65270,1464.4750438840663,62.252035386386
5,0,0.5,D3,5,Q2,0.9,1024,1024,1024,True,1.0,True,TRUE,DIAGNOSTIC_NOT_POSTERIOR,PRESENT,0.09999999999999998,89153,65270,1464.4750438840663,62.252035386386
5,0,0.5,D3,5,Q2,1,1024,1024,1024,True,1.0,True,MC_UNRESOLVED,DIAGNOSTIC_NOT_POSTERIOR,PRESENT,0.0,89153,65270,1464.4750438840663,62.252035386386
5,0,1,D0,5,Q1,0,1024,1024,1024,True,1.0,True,TRUE,DIAGNOSTIC_NOT_POSTERIOR,PRESENT,1.0,89153,65270,1464.4750438840663,62.252035386386
5,0,1,D0,5,Q1,0.5,1024,1024,1024,True,1.0,True,TRUE,DIAGNOSTIC_NOT_POSTERIOR,PRESENT,0.5,89153,65270,1464.4750438840663,62.252035386386
5,0,1,D0,5,Q1,0.75,1024,1024,1024,True,1.0,True,TRUE,DIAGNOSTIC_NOT_POSTERIOR,PRESENT,0.25,89153,65270,1464.4750438840663,62.252035386386
5,0,1,D0,5,Q1,0.9,1024,1024,1024,True,1.0,True,TRUE,DIAGNOSTIC_NOT_POSTERIOR,PRESENT,0.09999999999999998,89153,65270,1464.4750438840663,62.252035386386
5,0,1,D0,5,Q1,1,1024,1024,1024,True,1.0,True,MC_UNRESOLVED,DIAGNOSTIC_NOT_POSTERIOR,PRESENT,0.0,89153,65270,1464.4750438840663,62.252035386386
5,0,1,D0,5,Q2,0,1024,1024,1024,True,1.0,True,TRUE,DIAGNOSTIC_NOT_POSTERIOR,PRESENT,1.0,89153,65270,1464.4750438840663,62.252035386386
5,0,1,D0,5,Q2,0.5,1024,1024,1024,True,1.0,True,TRUE,DIAGNOSTIC_NOT_POSTERIOR,PRESENT,0.5,89153,65270,1464.4750438840663,62.252035386386
5,0,1,D0,5,Q2,0.75,1024,1024,1024,True,1.0,True,TRUE,DIAGNOSTIC_NOT_POSTERIOR,PRESENT,0.25,89153,65270,1464.4750438840663,62.252035386386
5,0,1,D0,5,Q2,0.9,1024,1024,1024,True,1.0,True,TRUE,DIAGNOSTIC_NOT_POSTERIOR,PRESENT,0.09999999999999998,89153,65270,1464.4750438840663,62.252035386386
5,0,1,D0,5,Q2,1,1024,1024,1024,True,1.0,True,MC_UNRESOLVED,DIAGNOSTIC_NOT_POSTERIOR,PRESENT,0.0,89153,65270,1464.4750438840663,62.252035386386
5,0,1,D3,5,Q1,0,1024,1024,1024,True,1.0,True,TRUE,DIAGNOSTIC_NOT_POSTERIOR,PRESENT,1.0,89153,65270,1464.4750438840663,62.252035386386
5,0,1,D3,5,Q1,0.5,1024,1024,1024,True,1.0,True,TRUE,DIAGNOSTIC_NOT_POSTERIOR,PRESENT,0.5,89153,65270,1464.4750438840663,62.252035386386
5,0,1,D3,5,Q1,0.75,1024,1024,1024,True,1.0,True,TRUE,DIAGNOSTIC_NOT_POSTERIOR,PRESENT,0.25,89153,65270,1464.4750438840663,62.252035386386
5,0,1,D3,5,Q1,0.9,1024,1024,1024,True,1.0,True,TRUE,DIAGNOSTIC_NOT_POSTERIOR,PRESENT,0.09999999999999998,89153,65270,1464.4750438840663,62.252035386386
5,0,1,D3,5,Q1,1,1024,1024,1024,True,1.0,True,MC_UNRESOLVED,DIAGNOSTIC_NOT_POSTERIOR,PRESENT,0.0,89153,65270,1464.4750438840663,62.252035386386
5,0,1,D3,5,Q2,0,1024,1024,1024,True,1.0,True,TRUE,DIAGNOSTIC_NOT_POSTERIOR,PRESENT,1.0,89153,65270,1464.4750438840663,62.252035386386
5,0,1,D3,5,Q2,0.5,1024,1024,1024,True,1.0,True,TRUE,DIAGNOSTIC_NOT_POSTERIOR,PRESENT,0.5,89153,65270,1464.4750438840663,62.252035386386
5,0,1,D3,5,Q2,0.75,1024,1024,1024,True,1.0,True,TRUE,DIAGNOSTIC_NOT_POSTERIOR,PRESENT,0.25,89153,65270,1464.4750438840663,62.252035386386
5,0,1,D3,5,Q2,0.9,1024,1024,1024,True,1.0,True,TRUE,DIAGNOSTIC_NOT_POSTERIOR,PRESENT,0.09999999999999998,89153,65270,1464.4750438840663,62.252035386386
5,0,1,D3,5,Q2,1,1024,1024,1024,True,1.0,True,MC_UNRESOLVED,DIAGNOSTIC_NOT_POSTERIOR,PRESENT,0.0,89153,65270,1464.4750438840663,62.252035386386
5,0.5,0,D0,5,Q1,0,1024,1024,1024,True,1.0,True,TRUE,DIAGNOSTIC_NOT_POSTERIOR,PRESENT,1.0,83442,59616,1464.4750438840663,54.92264851677685
5,0.5,0,D0,5,Q1,0.5,1024,1024,1024,True,1.0,True,TRUE,DIAGNOSTIC_NOT_POSTERIOR,PRESENT,0.5,83442,59616,1464.4750438840663,54.92264851677685
5,0.5,0,D0,5,Q1,0.75,1024,1024,1024,True,1.0,True,TRUE,DIAGNOSTIC_NOT_POSTERIOR,PRESENT,0.25,83442,59616,1464.4750438840663,54.92264851677685
5,0.5,0,D0,5,Q1,0.9,1024,1024,1024,True,1.0,True,TRUE,DIAGNOSTIC_NOT_POSTERIOR,PRESENT,0.09999999999999998,83442,59616,1464.4750438840663,54.92264851677685
5,0.5,0,D0,5,Q1,1,1024,1024,1024,True,1.0,True,MC_UNRESOLVED,DIAGNOSTIC_NOT_POSTERIOR,PRESENT,0.0,83442,59616,1464.4750438840663,54.92264851677685
5,0.5,0,D0,5,Q2,0,1024,1024,1024,True,1.0,True,TRUE,DIAGNOSTIC_NOT_POSTERIOR,PRESENT,1.0,83442,59616,1464.4750438840663,54.92264851677685
5,0.5,0,D0,5,Q2,0.5,1024,1024,1024,True,1.0,True,TRUE,DIAGNOSTIC_NOT_POSTERIOR,PRESENT,0.5,83442,59616,1464.4750438840663,54.92264851677685
5,0.5,0,D0,5,Q2,0.75,1024,1024,1024,True,1.0,True,TRUE,DIAGNOSTIC_NOT_POSTERIOR,PRESENT,0.25,83442,59616,1464.4750438840663,54.92264851677685
5,0.5,0,D0,5,Q2,0.9,1024,1024,1024,True,1.0,True,TRUE,DIAGNOSTIC_NOT_POSTERIOR,PRESENT,0.09999999999999998,83442,59616,1464.4750438840663,54.92264851677685
5,0.5,0,D0,5,Q2,1,1024,1024,1024,True,1.0,True,MC_UNRESOLVED,DIAGNOSTIC_NOT_POSTERIOR,PRESENT,0.0,83442,59616,1464.4750438840663,54.92264851677685
5,0.5,0,D3,5,Q1,0,1024,1024,1024,True,1.0,True,TRUE,DIAGNOSTIC_NOT_POSTERIOR,PRESENT,1.0,83442,59616,1464.4750438840663,54.92264851677685
5,0.5,0,D3,5,Q1,0.5,1024,1024,1024,True,1.0,True,TRUE,DIAGNOSTIC_NOT_POSTERIOR,PRESENT,0.5,83442,59616,1464.4750438840663,54.92264851677685
5,0.5,0,D3,5,Q1,0.75,1024,1024,1024,True,1.0,True,TRUE,DIAGNOSTIC_NOT_POSTERIOR,PRESENT,0.25,83442,59616,1464.4750438840663,54.92264851677685
5,0.5,0,D3,5,Q1,0.9,1024,1024,1024,True,1.0,True,TRUE,DIAGNOSTIC_NOT_POSTERIOR,PRESENT,0.09999999999999998,83442,59616,1464.4750438840663,54.92264851677685
5,0.5,0,D3,5,Q1,1,1024,1024,1024,True,1.0,True,MC_UNRESOLVED,DIAGNOSTIC_NOT_POSTERIOR,PRESENT,0.0,83442,59616,1464.4750438840663,54.92264851677685
5,0.5,0,D3,5,Q2,0,1024,1024,1024,True,1.0,True,TRUE,DIAGNOSTIC_NOT_POSTERIOR,PRESENT,1.0,83442,59616,1464.4750438840663,54.92264851677685
5,0.5,0,D3,5,Q2,0.5,1024,1024,1024,True,1.0,True,TRUE,DIAGNOSTIC_NOT_POSTERIOR,PRESENT,0.5,83442,59616,1464.4750438840663,54.92264851677685
5,0.5,0,D3,5,Q2,0.75,1024,1024,1024,True,1.0,True,TRUE,DIAGNOSTIC_NOT_POSTERIOR,PRESENT,0.25,83442,59616,1464.4750438840663,54.92264851677685
5,0.5,0,D3,5,Q2,0.9,1024,1024,1024,True,1.0,True,TRUE,DIAGNOSTIC_NOT_POSTERIOR,PRESENT,0.09999999999999998,83442,59616,1464.4750438840663,54.92264851677685
5,0.5,0,D3,5,Q2,1,1024,1024,1024,True,1.0,True,MC_UNRESOLVED,DIAGNOSTIC_NOT_POSTERIOR,PRESENT,0.0,83442,59616,1464.4750438840663,54.92264851677685
5,0.5,0.5,D0,5,Q1,0,1024,1024,1024,True,1.0,True,TRUE,DIAGNOSTIC_NOT_POSTERIOR,PRESENT,1.0,83442,59616,1464.4750438840663,54.92264851677685
5,0.5,0.5,D0,5,Q1,0.5,1024,1024,1024,True,1.0,True,TRUE,DIAGNOSTIC_NOT_POSTERIOR,PRESENT,0.5,83442,59616,1464.4750438840663,54.92264851677685
5,0.5,0.5,D0,5,Q1,0.75,1024,1024,1024,True,1.0,True,TRUE,DIAGNOSTIC_NOT_POSTERIOR,PRESENT,0.25,83442,59616,1464.4750438840663,54.92264851677685
5,0.5,0.5,D0,5,Q1,0.9,1024,1024,1024,True,1.0,True,TRUE,DIAGNOSTIC_NOT_POSTERIOR,PRESENT,0.09999999999999998,83442,59616,1464.4750438840663,54.92264851677685
5,0.5,0.5,D0,5,Q1,1,1024,1024,1024,True,1.0,True,MC_UNRESOLVED,DIAGNOSTIC_NOT_POSTERIOR,PRESENT,0.0,83442,59616,1464.4750438840663,54.92264851677685
5,0.5,0.5,D0,5,Q2,0,1024,1024,1024,True,1.0,True,TRUE,DIAGNOSTIC_NOT_POSTERIOR,PRESENT,1.0,83442,59616,1464.4750438840663,54.92264851677685
5,0.5,0.5,D0,5,Q2,0.5,1024,1024,1024,True,1.0,True,TRUE,DIAGNOSTIC_NOT_POSTERIOR,PRESENT,0.5,83442,59616,1464.4750438840663,54.92264851677685
5,0.5,0.5,D0,5,Q2,0.75,1024,1024,1024,True,1.0,True,TRUE,DIAGNOSTIC_NOT_POSTERIOR,PRESENT,0.25,83442,59616,1464.4750438840663,54.92264851677685
5,0.5,0.5,D0,5,Q2,0.9,1024,1024,1024,True,1.0,True,TRUE,DIAGNOSTIC_NOT_POSTERIOR,PRESENT,0.09999999999999998,83442,59616,1464.4750438840663,54.92264851677685
5,0.5,0.5,D0,5,Q2,1,1024,1024,1024,True,1.0,True,MC_UNRESOLVED,DIAGNOSTIC_NOT_POSTERIOR,PRESENT,0.0,83442,59616,1464.4750438840663,54.92264851677685
5,0.5,0.5,D3,5,Q1,0,1024,1024,1024,True,1.0,True,TRUE,DIAGNOSTIC_NOT_POSTERIOR,PRESENT,1.0,83442,59616,1464.4750438840663,54.92264851677685
5,0.5,0.5,D3,5,Q1,0.5,1024,1024,1024,True,1.0,True,TRUE,DIAGNOSTIC_NOT_POSTERIOR,PRESENT,0.5,83442,59616,1464.4750438840663,54.92264851677685
5,0.5,0.5,D3,5,Q1,0.75,1024,1024,1024,True,1.0,True,TRUE,DIAGNOSTIC_NOT_POSTERIOR,PRESENT,0.25,83442,59616,1464.4750438840663,54.92264851677685
5,0.5,0.5,D3,5,Q1,0.9,1024,1024,1024,True,1.0,True,TRUE,DIAGNOSTIC_NOT_POSTERIOR,PRESENT,0.09999999999999998,83442,59616,1464.4750438840663,54.92264851677685
5,0.5,0.5,D3,5,Q1,1,1024,1024,1024,True,1.0,True,MC_UNRESOLVED,DIAGNOSTIC_NOT_POSTERIOR,PRESENT,0.0,83442,59616,1464.4750438840663,54.92264851677685
5,0.5,0.5,D3,5,Q2,0,1024,1024,1024,True,1.0,True,TRUE,DIAGNOSTIC_NOT_POSTERIOR,PRESENT,1.0,83442,59616,1464.4750438840663,54.92264851677685
5,0.5,0.5,D3,5,Q2,0.5,1024,1024,1024,True,1.0,True,TRUE,DIAGNOSTIC_NOT_POSTERIOR,PRESENT,0.5,83442,59616,1464.4750438840663,54.92264851677685
5,0.5,0.5,D3,5,Q2,0.75,1024,1024,1024,True,1.0,True,TRUE,DIAGNOSTIC_NOT_POSTERIOR,PRESENT,0.25,83442,59616,1464.4750438840663,54.92264851677685
5,0.5,0.5,D3,5,Q2,0.9,1024,1024,1024,True,1.0,True,TRUE,DIAGNOSTIC_NOT_POSTERIOR,PRESENT,0.09999999999999998,83442,59616,1464.4750438840663,54.92264851677685
5,0.5,0.5,D3,5,Q2,1,1024,1024,1024,True,1.0,True,MC_UNRESOLVED,DIAGNOSTIC_NOT_POSTERIOR,PRESENT,0.0,83442,59616,1464.4750438840663,54.92264851677685
5,0.5,1,D0,5,Q1,0,1024,1024,1024,True,1.0,True,TRUE,DIAGNOSTIC_NOT_POSTERIOR,PRESENT,1.0,83442,59616,1464.4750438840663,54.92264851677685
5,0.5,1,D0,5,Q1,0.5,1024,1024,1024,True,1.0,True,TRUE,DIAGNOSTIC_NOT_POSTERIOR,PRESENT,0.5,83442,59616,1464.4750438840663,54.92264851677685
5,0.5,1,D0,5,Q1,0.75,1024,1024,1024,True,1.0,True,TRUE,DIAGNOSTIC_NOT_POSTERIOR,PRESENT,0.25,83442,59616,1464.4750438840663,54.92264851677685
5,0.5,1,D0,5,Q1,0.9,1024,1024,1024,True,1.0,True,TRUE,DIAGNOSTIC_NOT_POSTERIOR,PRESENT,0.09999999999999998,83442,59616,1464.4750438840663,54.92264851677685
5,0.5,1,D0,5,Q1,1,1024,1024,1024,True,1.0,True,MC_UNRESOLVED,DIAGNOSTIC_NOT_POSTERIOR,PRESENT,0.0,83442,59616,1464.4750438840663,54.92264851677685
5,0.5,1,D0,5,Q2,0,1024,1024,1024,True,1.0,True,TRUE,DIAGNOSTIC_NOT_POSTERIOR,PRESENT,1.0,83442,59616,1464.4750438840663,54.92264851677685
5,0.5,1,D0,5,Q2,0.5,1024,1024,1024,True,1.0,True,TRUE,DIAGNOSTIC_NOT_POSTERIOR,PRESENT,0.5,83442,59616,1464.4750438840663,54.92264851677685
5,0.5,1,D0,5,Q2,0.75,1024,1024,1024,True,1.0,True,TRUE,DIAGNOSTIC_NOT_POSTERIOR,PRESENT,0.25,83442,59616,1464.4750438840663,54.92264851677685
5,0.5,1,D0,5,Q2,0.9,1024,1024,1024,True,1.0,True,TRUE,DIAGNOSTIC_NOT_POSTERIOR,PRESENT,0.09999999999999998,83442,59616,1464.4750438840663,54.92264851677685
5,0.5,1,D0,5,Q2,1,1024,1024,1024,True,1.0,True,MC_UNRESOLVED,DIAGNOSTIC_NOT_POSTERIOR,PRESENT,0.0,83442,59616,1464.4750438840663,54.92264851677685
5,0.5,1,D3,5,Q1,0,1024,1024,1024,True,1.0,True,TRUE,DIAGNOSTIC_NOT_POSTERIOR,PRESENT,1.0,83442,59616,1464.4750438840663,54.92264851677685
5,0.5,1,D3,5,Q1,0.5,1024,1024,1024,True,1.0,True,TRUE,DIAGNOSTIC_NOT_POSTERIOR,PRESENT,0.5,83442,59616,1464.4750438840663,54.92264851677685
5,0.5,1,D3,5,Q1,0.75,1024,1024,1024,True,1.0,True,TRUE,DIAGNOSTIC_NOT_POSTERIOR,PRESENT,0.25,83442,59616,1464.4750438840663,54.92264851677685
5,0.5,1,D3,5,Q1,0.9,1024,1024,1024,True,1.0,True,TRUE,DIAGNOSTIC_NOT_POSTERIOR,PRESENT,0.09999999999999998,83442,59616,1464.4750438840663,54.92264851677685
5,0.5,1,D3,5,Q1,1,1024,1024,1024,True,1.0,True,MC_UNRESOLVED,DIAGNOSTIC_NOT_POSTERIOR,PRESENT,0.0,83442,59616,1464.4750438840663,54.92264851677685
5,0.5,1,D3,5,Q2,0,1024,1024,1024,True,1.0,True,TRUE,DIAGNOSTIC_NOT_POSTERIOR,PRESENT,1.0,83442,59616,1464.4750438840663,54.92264851677685
5,0.5,1,D3,5,Q2,0.5,1024,1024,1024,True,1.0,True,TRUE,DIAGNOSTIC_NOT_POSTERIOR,PRESENT,0.5,83442,59616,1464.4750438840663,54.92264851677685
5,0.5,1,D3,5,Q2,0.75,1024,1024,1024,True,1.0,True,TRUE,DIAGNOSTIC_NOT_POSTERIOR,PRESENT,0.25,83442,59616,1464.4750438840663,54.92264851677685
5,0.5,1,D3,5,Q2,0.9,1024,1024,1024,True,1.0,True,TRUE,DIAGNOSTIC_NOT_POSTERIOR,PRESENT,0.09999999999999998,83442,59616,1464.4750438840663,54.92264851677685
5,0.5,1,D3,5,Q2,1,1024,1024,1024,True,1.0,True,MC_UNRESOLVED,DIAGNOSTIC_NOT_POSTERIOR,PRESENT,0.0,83442,59616,1464.4750438840663,54.92264851677685
6,-0.5,0,D0,5,Q1,0,1024,1024,1024,True,1.0,True,TRUE,DIAGNOSTIC_NOT_POSTERIOR,PRESENT,1.0,94918,71047,1459.1239894298014,68.72351614935883
6,-0.5,0,D0,5,Q1,0.5,1024,1024,1024,True,1.0,True,TRUE,DIAGNOSTIC_NOT_POSTERIOR,PRESENT,0.5,94918,71047,1459.1239894298014,68.72351614935883
6,-0.5,0,D0,5,Q1,0.75,1024,1024,1024,True,1.0,True,TRUE,DIAGNOSTIC_NOT_POSTERIOR,PRESENT,0.25,94918,71047,1459.1239894298014,68.72351614935883
6,-0.5,0,D0,5,Q1,0.9,1024,1024,1024,True,1.0,True,TRUE,DIAGNOSTIC_NOT_POSTERIOR,PRESENT,0.09999999999999998,94918,71047,1459.1239894298014,68.72351614935883
6,-0.5,0,D0,5,Q1,1,1024,1024,1024,True,1.0,True,MC_UNRESOLVED,DIAGNOSTIC_NOT_POSTERIOR,PRESENT,0.0,94918,71047,1459.1239894298014,68.72351614935883
6,-0.5,0,D0,5,Q2,0,1024,1024,1024,True,1.0,True,TRUE,DIAGNOSTIC_NOT_POSTERIOR,PRESENT,1.0,94918,71047,1459.1239894298014,68.72351614935883
6,-0.5,0,D0,5,Q2,0.5,1024,1024,1024,True,1.0,True,TRUE,DIAGNOSTIC_NOT_POSTERIOR,PRESENT,0.5,94918,71047,1459.1239894298014,68.72351614935883
6,-0.5,0,D0,5,Q2,0.75,1024,1024,1024,True,1.0,True,TRUE,DIAGNOSTIC_NOT_POSTERIOR,PRESENT,0.25,94918,71047,1459.1239894298014,68.72351614935883
6,-0.5,0,D0,5,Q2,0.9,1024,1024,1024,True,1.0,True,TRUE,DIAGNOSTIC_NOT_POSTERIOR,PRESENT,0.09999999999999998,94918,71047,1459.1239894298014,68.72351614935883
6,-0.5,0,D0,5,Q2,1,1024,1024,1024,True,1.0,True,MC_UNRESOLVED,DIAGNOSTIC_NOT_POSTERIOR,PRESENT,0.0,94918,71047,1459.1239894298014,68.72351614935883
6,-0.5,0,D3,5,Q1,0,1024,1024,1024,True,1.0,True,TRUE,DIAGNOSTIC_NOT_POSTERIOR,PRESENT,1.0,94918,71047,1459.1239894298014,68.72351614935883
6,-0.5,0,D3,5,Q1,0.5,1024,1024,1024,True,1.0,True,TRUE,DIAGNOSTIC_NOT_POSTERIOR,PRESENT,0.5,94918,71047,1459.1239894298014,68.72351614935883
6,-0.5,0,D3,5,Q1,0.75,1024,1024,1024,True,1.0,True,TRUE,DIAGNOSTIC_NOT_POSTERIOR,PRESENT,0.25,94918,71047,1459.1239894298014,68.72351614935883
6,-0.5,0,D3,5,Q1,0.9,1024,1024,1024,True,1.0,True,TRUE,DIAGNOSTIC_NOT_POSTERIOR,PRESENT,0.09999999999999998,94918,71047,1459.1239894298014,68.72351614935883
6,-0.5,0,D3,5,Q1,1,1024,1024,1024,True,1.0,True,MC_UNRESOLVED,DIAGNOSTIC_NOT_POSTERIOR,PRESENT,0.0,94918,71047,1459.1239894298014,68.72351614935883
6,-0.5,0,D3,5,Q2,0,1024,1024,1024,True,1.0,True,TRUE,DIAGNOSTIC_NOT_POSTERIOR,PRESENT,1.0,94918,71047,1459.1239894298014,68.72351614935883
6,-0.5,0,D3,5,Q2,0.5,1024,1024,1024,True,1.0,True,TRUE,DIAGNOSTIC_NOT_POSTERIOR,PRESENT,0.5,94918,71047,1459.1239894298014,68.72351614935883
6,-0.5,0,D3,5,Q2,0.75,1024,1024,1024,True,1.0,True,TRUE,DIAGNOSTIC_NOT_POSTERIOR,PRESENT,0.25,94918,71047,1459.1239894298014,68.72351614935883
6,-0.5,0,D3,5,Q2,0.9,1024,1024,1024,True,1.0,True,TRUE,DIAGNOSTIC_NOT_POSTERIOR,PRESENT,0.09999999999999998,94918,71047,1459.1239894298014,68.72351614935883
6,-0.5,0,D3,5,Q2,1,1024,1024,1024,True,1.0,True,MC_UNRESOLVED,DIAGNOSTIC_NOT_POSTERIOR,PRESENT,0.0,94918,71047,1459.1239894298014,68.72351614935883
6,-0.5,0.5,D0,5,Q1,0,1024,1024,1024,True,1.0,True,TRUE,DIAGNOSTIC_NOT_POSTERIOR,PRESENT,1.0,94918,71047,1459.1239894298014,68.72351614935883
6,-0.5,0.5,D0,5,Q1,0.5,1024,1024,1024,True,1.0,True,TRUE,DIAGNOSTIC_NOT_POSTERIOR,PRESENT,0.5,94918,71047,1459.1239894298014,68.72351614935883
6,-0.5,0.5,D0,5,Q1,0.75,1024,1024,1024,True,1.0,True,TRUE,DIAGNOSTIC_NOT_POSTERIOR,PRESENT,0.25,94918,71047,1459.1239894298014,68.72351614935883
6,-0.5,0.5,D0,5,Q1,0.9,1024,1024,1024,True,1.0,True,TRUE,DIAGNOSTIC_NOT_POSTERIOR,PRESENT,0.09999999999999998,94918,71047,1459.1239894298014,68.72351614935883
6,-0.5,0.5,D0,5,Q1,1,1024,1024,1024,True,1.0,True,MC_UNRESOLVED,DIAGNOSTIC_NOT_POSTERIOR,PRESENT,0.0,94918,71047,1459.1239894298014,68.72351614935883
6,-0.5,0.5,D0,5,Q2,0,1024,1024,1024,True,1.0,True,TRUE,DIAGNOSTIC_NOT_POSTERIOR,PRESENT,1.0,94918,71047,1459.1239894298014,68.72351614935883
6,-0.5,0.5,D0,5,Q2,0.5,1024,1024,1024,True,1.0,True,TRUE,DIAGNOSTIC_NOT_POSTERIOR,PRESENT,0.5,94918,71047,1459.1239894298014,68.72351614935883
6,-0.5,0.5,D0,5,Q2,0.75,1024,1024,1024,True,1.0,True,TRUE,DIAGNOSTIC_NOT_POSTERIOR,PRESENT,0.25,94918,71047,1459.1239894298014,68.72351614935883
6,-0.5,0.5,D0,5,Q2,0.9,1024,1024,1024,True,1.0,True,TRUE,DIAGNOSTIC_NOT_POSTERIOR,PRESENT,0.09999999999999998,94918,71047,1459.1239894298014,68.72351614935883
6,-0.5,0.5,D0,5,Q2,1,1024,1024,1024,True,1.0,True,MC_UNRESOLVED,DIAGNOSTIC_NOT_POSTERIOR,PRESENT,0.0,94918,71047,1459.1239894298014,68.72351614935883
6,-0.5,0.5,D3,5,Q1,0,1024,1024,1024,True,1.0,True,TRUE,DIAGNOSTIC_NOT_POSTERIOR,PRESENT,1.0,94918,71047,1459.1239894298014,68.72351614935883
6,-0.5,0.5,D3,5,Q1,0.5,1024,1024,1024,True,1.0,True,TRUE,DIAGNOSTIC_NOT_POSTERIOR,PRESENT,0.5,94918,71047,1459.1239894298014,68.72351614935883
6,-0.5,0.5,D3,5,Q1,0.75,1024,1024,1024,True,1.0,True,TRUE,DIAGNOSTIC_NOT_POSTERIOR,PRESENT,0.25,94918,71047,1459.1239894298014,68.72351614935883
6,-0.5,0.5,D3,5,Q1,0.9,1024,1024,1024,True,1.0,True,TRUE,DIAGNOSTIC_NOT_POSTERIOR,PRESENT,0.09999999999999998,94918,71047,1459.1239894298014,68.72351614935883
6,-0.5,0.5,D3,5,Q1,1,1024,1024,1024,True,1.0,True,MC_UNRESOLVED,DIAGNOSTIC_NOT_POSTERIOR,PRESENT,0.0,94918,71047,1459.1239894298014,68.72351614935883
6,-0.5,0.5,D3,5,Q2,0,1024,1024,1024,True,1.0,True,TRUE,DIAGNOSTIC_NOT_POSTERIOR,PRESENT,1.0,94918,71047,1459.1239894298014,68.72351614935883
6,-0.5,0.5,D3,5,Q2,0.5,1024,1024,1024,True,1.0,True,TRUE,DIAGNOSTIC_NOT_POSTERIOR,PRESENT,0.5,94918,71047,1459.1239894298014,68.72351614935883
6,-0.5,0.5,D3,5,Q2,0.75,1024,1024,1024,True,1.0,True,TRUE,DIAGNOSTIC_NOT_POSTERIOR,PRESENT,0.25,94918,71047,1459.1239894298014,68.72351614935883
6,-0.5,0.5,D3,5,Q2,0.9,1024,1024,1024,True,1.0,True,TRUE,DIAGNOSTIC_NOT_POSTERIOR,PRESENT,0.09999999999999998,94918,71047,1459.1239894298014,68.72351614935883
6,-0.5,0.5,D3,5,Q2,1,1024,1024,1024,True,1.0,True,MC_UNRESOLVED,DIAGNOSTIC_NOT_POSTERIOR,PRESENT,0.0,94918,71047,1459.1239894298014,68.72351614935883
6,-0.5,1,D0,5,Q1,0,1024,1024,1024,True,1.0,True,TRUE,DIAGNOSTIC_NOT_POSTERIOR,PRESENT,1.0,94918,71047,1459.1239894298014,68.72351614935883
6,-0.5,1,D0,5,Q1,0.5,1024,1024,1024,True,1.0,True,TRUE,DIAGNOSTIC_NOT_POSTERIOR,PRESENT,0.5,94918,71047,1459.1239894298014,68.72351614935883
6,-0.5,1,D0,5,Q1,0.75,1024,1024,1024,True,1.0,True,TRUE,DIAGNOSTIC_NOT_POSTERIOR,PRESENT,0.25,94918,71047,1459.1239894298014,68.72351614935883
6,-0.5,1,D0,5,Q1,0.9,1024,1024,1024,True,1.0,True,TRUE,DIAGNOSTIC_NOT_POSTERIOR,PRESENT,0.09999999999999998,94918,71047,1459.1239894298014,68.72351614935883
6,-0.5,1,D0,5,Q1,1,1024,1024,1024,True,1.0,True,MC_UNRESOLVED,DIAGNOSTIC_NOT_POSTERIOR,PRESENT,0.0,94918,71047,1459.1239894298014,68.72351614935883
6,-0.5,1,D0,5,Q2,0,1024,1024,1024,True,1.0,True,TRUE,DIAGNOSTIC_NOT_POSTERIOR,PRESENT,1.0,94918,71047,1459.1239894298014,68.72351614935883
6,-0.5,1,D0,5,Q2,0.5,1024,1024,1024,True,1.0,True,TRUE,DIAGNOSTIC_NOT_POSTERIOR,PRESENT,0.5,94918,71047,1459.1239894298014,68.72351614935883
6,-0.5,1,D0,5,Q2,0.75,1024,1024,1024,True,1.0,True,TRUE,DIAGNOSTIC_NOT_POSTERIOR,PRESENT,0.25,94918,71047,1459.1239894298014,68.72351614935883
6,-0.5,1,D0,5,Q2,0.9,1024,1024,1024,True,1.0,True,TRUE,DIAGNOSTIC_NOT_POSTERIOR,PRESENT,0.09999999999999998,94918,71047,1459.1239894298014,68.72351614935883
6,-0.5,1,D0,5,Q2,1,1024,1024,1024,True,1.0,True,MC_UNRESOLVED,DIAGNOSTIC_NOT_POSTERIOR,PRESENT,0.0,94918,71047,1459.1239894298014,68.72351614935883
6,-0.5,1,D3,5,Q1,0,1024,1024,1024,True,1.0,True,TRUE,DIAGNOSTIC_NOT_POSTERIOR,PRESENT,1.0,94918,71047,1459.1239894298014,68.72351614935883
6,-0.5,1,D3,5,Q1,0.5,1024,1024,1024,True,1.0,True,TRUE,DIAGNOSTIC_NOT_POSTERIOR,PRESENT,0.5,94918,71047,1459.1239894298014,68.72351614935883
6,-0.5,1,D3,5,Q1,0.75,1024,1024,1024,True,1.0,True,TRUE,DIAGNOSTIC_NOT_POSTERIOR,PRESENT,0.25,94918,71047,1459.1239894298014,68.72351614935883
6,-0.5,1,D3,5,Q1,0.9,1024,1024,1024,True,1.0,True,TRUE,DIAGNOSTIC_NOT_POSTERIOR,PRESENT,0.09999999999999998,94918,71047,1459.1239894298014,68.72351614935883
6,-0.5,1,D3,5,Q1,1,1024,1024,1024,True,1.0,True,MC_UNRESOLVED,DIAGNOSTIC_NOT_POSTERIOR,PRESENT,0.0,94918,71047,1459.1239894298014,68.72351614935883
6,-0.5,1,D3,5,Q2,0,1024,1024,1024,True,1.0,True,TRUE,DIAGNOSTIC_NOT_POSTERIOR,PRESENT,1.0,94918,71047,1459.1239894298014,68.72351614935883
6,-0.5,1,D3,5,Q2,0.5,1024,1024,1024,True,1.0,True,TRUE,DIAGNOSTIC_NOT_POSTERIOR,PRESENT,0.5,94918,71047,1459.1239894298014,68.72351614935883
6,-0.5,1,D3,5,Q2,0.75,1024,1024,1024,True,1.0,True,TRUE,DIAGNOSTIC_NOT_POSTERIOR,PRESENT,0.25,94918,71047,1459.1239894298014,68.72351614935883
6,-0.5,1,D3,5,Q2,0.9,1024,1024,1024,True,1.0,True,TRUE,DIAGNOSTIC_NOT_POSTERIOR,PRESENT,0.09999999999999998,94918,71047,1459.1239894298014,68.72351614935883
6,-0.5,1,D3,5,Q2,1,1024,1024,1024,True,1.0,True,MC_UNRESOLVED,DIAGNOSTIC_NOT_POSTERIOR,PRESENT,0.0,94918,71047,1459.1239894298014,68.72351614935883
6,0,0,D0,5,Q1,0,1024,1024,1024,True,1.0,True,TRUE,DIAGNOSTIC_NOT_POSTERIOR,PRESENT,1.0,92639,68791,1459.1239894298014,66.26708326582687
6,0,0,D0,5,Q1,0.5,1024,1024,1024,True,1.0,True,TRUE,DIAGNOSTIC_NOT_POSTERIOR,PRESENT,0.5,92639,68791,1459.1239894298014,66.26708326582687
6,0,0,D0,5,Q1,0.75,1024,1024,1024,True,1.0,True,TRUE,DIAGNOSTIC_NOT_POSTERIOR,PRESENT,0.25,92639,68791,1459.1239894298014,66.26708326582687
6,0,0,D0,5,Q1,0.9,1024,1024,1024,True,1.0,True,TRUE,DIAGNOSTIC_NOT_POSTERIOR,PRESENT,0.09999999999999998,92639,68791,1459.1239894298014,66.26708326582687
6,0,0,D0,5,Q1,1,1024,1024,1024,True,1.0,True,MC_UNRESOLVED,DIAGNOSTIC_NOT_POSTERIOR,PRESENT,0.0,92639,68791,1459.1239894298014,66.26708326582687
6,0,0,D0,5,Q2,0,1024,1024,1024,True,1.0,True,TRUE,DIAGNOSTIC_NOT_POSTERIOR,PRESENT,1.0,92639,68791,1459.1239894298014,66.26708326582687
6,0,0,D0,5,Q2,0.5,1024,1024,1024,True,1.0,True,TRUE,DIAGNOSTIC_NOT_POSTERIOR,PRESENT,0.5,92639,68791,1459.1239894298014,66.26708326582687
6,0,0,D0,5,Q2,0.75,1024,1024,1024,True,1.0,True,TRUE,DIAGNOSTIC_NOT_POSTERIOR,PRESENT,0.25,92639,68791,1459.1239894298014,66.26708326582687
6,0,0,D0,5,Q2,0.9,1024,1024,1024,True,1.0,True,TRUE,DIAGNOSTIC_NOT_POSTERIOR,PRESENT,0.09999999999999998,92639,68791,1459.1239894298014,66.26708326582687
6,0,0,D0,5,Q2,1,1024,1024,1024,True,1.0,True,MC_UNRESOLVED,DIAGNOSTIC_NOT_POSTERIOR,PRESENT,0.0,92639,68791,1459.1239894298014,66.26708326582687
6,0,0,D3,5,Q1,0,1024,1024,1024,True,1.0,True,TRUE,DIAGNOSTIC_NOT_POSTERIOR,PRESENT,1.0,92639,68791,1459.1239894298014,66.26708326582687
6,0,0,D3,5,Q1,0.5,1024,1024,1024,True,1.0,True,TRUE,DIAGNOSTIC_NOT_POSTERIOR,PRESENT,0.5,92639,68791,1459.1239894298014,66.26708326582687
6,0,0,D3,5,Q1,0.75,1024,1024,1024,True,1.0,True,TRUE,DIAGNOSTIC_NOT_POSTERIOR,PRESENT,0.25,92639,68791,1459.1239894298014,66.26708326582687
6,0,0,D3,5,Q1,0.9,1024,1024,1024,True,1.0,True,TRUE,DIAGNOSTIC_NOT_POSTERIOR,PRESENT,0.09999999999999998,92639,68791,1459.1239894298014,66.26708326582687
6,0,0,D3,5,Q1,1,1024,1024,1024,True,1.0,True,MC_UNRESOLVED,DIAGNOSTIC_NOT_POSTERIOR,PRESENT,0.0,92639,68791,1459.1239894298014,66.26708326582687
6,0,0,D3,5,Q2,0,1024,1024,1024,True,1.0,True,TRUE,DIAGNOSTIC_NOT_POSTERIOR,PRESENT,1.0,92639,68791,1459.1239894298014,66.26708326582687
6,0,0,D3,5,Q2,0.5,1024,1024,1024,True,1.0,True,TRUE,DIAGNOSTIC_NOT_POSTERIOR,PRESENT,0.5,92639,68791,1459.1239894298014,66.26708326582687
6,0,0,D3,5,Q2,0.75,1024,1024,1024,True,1.0,True,TRUE,DIAGNOSTIC_NOT_POSTERIOR,PRESENT,0.25,92639,68791,1459.1239894298014,66.26708326582687
6,0,0,D3,5,Q2,0.9,1024,1024,1024,True,1.0,True,TRUE,DIAGNOSTIC_NOT_POSTERIOR,PRESENT,0.09999999999999998,92639,68791,1459.1239894298014,66.26708326582687
6,0,0,D3,5,Q2,1,1024,1024,1024,True,1.0,True,MC_UNRESOLVED,DIAGNOSTIC_NOT_POSTERIOR,PRESENT,0.0,92639,68791,1459.1239894298014,66.26708326582687
6,0,0.5,D0,5,Q1,0,1024,1024,1024,True,1.0,True,TRUE,DIAGNOSTIC_NOT_POSTERIOR,PRESENT,1.0,92639,68791,1459.1239894298014,66.26708326582687
6,0,0.5,D0,5,Q1,0.5,1024,1024,1024,True,1.0,True,TRUE,DIAGNOSTIC_NOT_POSTERIOR,PRESENT,0.5,92639,68791,1459.1239894298014,66.26708326582687
6,0,0.5,D0,5,Q1,0.75,1024,1024,1024,True,1.0,True,TRUE,DIAGNOSTIC_NOT_POSTERIOR,PRESENT,0.25,92639,68791,1459.1239894298014,66.26708326582687
6,0,0.5,D0,5,Q1,0.9,1024,1024,1024,True,1.0,True,TRUE,DIAGNOSTIC_NOT_POSTERIOR,PRESENT,0.09999999999999998,92639,68791,1459.1239894298014,66.26708326582687
6,0,0.5,D0,5,Q1,1,1024,1024,1024,True,1.0,True,MC_UNRESOLVED,DIAGNOSTIC_NOT_POSTERIOR,PRESENT,0.0,92639,68791,1459.1239894298014,66.26708326582687
6,0,0.5,D0,5,Q2,0,1024,1024,1024,True,1.0,True,TRUE,DIAGNOSTIC_NOT_POSTERIOR,PRESENT,1.0,92639,68791,1459.1239894298014,66.26708326582687
6,0,0.5,D0,5,Q2,0.5,1024,1024,1024,True,1.0,True,TRUE,DIAGNOSTIC_NOT_POSTERIOR,PRESENT,0.5,92639,68791,1459.1239894298014,66.26708326582687
6,0,0.5,D0,5,Q2,0.75,1024,1024,1024,True,1.0,True,TRUE,DIAGNOSTIC_NOT_POSTERIOR,PRESENT,0.25,92639,68791,1459.1239894298014,66.26708326582687
6,0,0.5,D0,5,Q2,0.9,1024,1024,1024,True,1.0,True,TRUE,DIAGNOSTIC_NOT_POSTERIOR,PRESENT,0.09999999999999998,92639,68791,1459.1239894298014,66.26708326582687
6,0,0.5,D0,5,Q2,1,1024,1024,1024,True,1.0,True,MC_UNRESOLVED,DIAGNOSTIC_NOT_POSTERIOR,PRESENT,0.0,92639,68791,1459.1239894298014,66.26708326582687
6,0,0.5,D3,5,Q1,0,1024,1024,1024,True,1.0,True,TRUE,DIAGNOSTIC_NOT_POSTERIOR,PRESENT,1.0,92639,68791,1459.1239894298014,66.26708326582687
6,0,0.5,D3,5,Q1,0.5,1024,1024,1024,True,1.0,True,TRUE,DIAGNOSTIC_NOT_POSTERIOR,PRESENT,0.5,92639,68791,1459.1239894298014,66.26708326582687
6,0,0.5,D3,5,Q1,0.75,1024,1024,1024,True,1.0,True,TRUE,DIAGNOSTIC_NOT_POSTERIOR,PRESENT,0.25,92639,68791,1459.1239894298014,66.26708326582687
6,0,0.5,D3,5,Q1,0.9,1024,1024,1024,True,1.0,True,TRUE,DIAGNOSTIC_NOT_POSTERIOR,PRESENT,0.09999999999999998,92639,68791,1459.1239894298014,66.26708326582687
6,0,0.5,D3,5,Q1,1,1024,1024,1024,True,1.0,True,MC_UNRESOLVED,DIAGNOSTIC_NOT_POSTERIOR,PRESENT,0.0,92639,68791,1459.1239894298014,66.26708326582687
6,0,0.5,D3,5,Q2,0,1024,1024,1024,True,1.0,True,TRUE,DIAGNOSTIC_NOT_POSTERIOR,PRESENT,1.0,92639,68791,1459.1239894298014,66.26708326582687
6,0,0.5,D3,5,Q2,0.5,1024,1024,1024,True,1.0,True,TRUE,DIAGNOSTIC_NOT_POSTERIOR,PRESENT,0.5,92639,68791,1459.1239894298014,66.26708326582687
6,0,0.5,D3,5,Q2,0.75,1024,1024,1024,True,1.0,True,TRUE,DIAGNOSTIC_NOT_POSTERIOR,PRESENT,0.25,92639,68791,1459.1239894298014,66.26708326582687
6,0,0.5,D3,5,Q2,0.9,1024,1024,1024,True,1.0,True,TRUE,DIAGNOSTIC_NOT_POSTERIOR,PRESENT,0.09999999999999998,92639,68791,1459.1239894298014,66.26708326582687
6,0,0.5,D3,5,Q2,1,1024,1024,1024,True,1.0,True,MC_UNRESOLVED,DIAGNOSTIC_NOT_POSTERIOR,PRESENT,0.0,92639,68791,1459.1239894298014,66.26708326582687
6,0,1,D0,5,Q1,0,1024,1024,1024,True,1.0,True,TRUE,DIAGNOSTIC_NOT_POSTERIOR,PRESENT,1.0,92639,68791,1459.1239894298014,66.26708326582687
6,0,1,D0,5,Q1,0.5,1024,1024,1024,True,1.0,True,TRUE,DIAGNOSTIC_NOT_POSTERIOR,PRESENT,0.5,92639,68791,1459.1239894298014,66.26708326582687
6,0,1,D0,5,Q1,0.75,1024,1024,1024,True,1.0,True,TRUE,DIAGNOSTIC_NOT_POSTERIOR,PRESENT,0.25,92639,68791,1459.1239894298014,66.26708326582687
6,0,1,D0,5,Q1,0.9,1024,1024,1024,True,1.0,True,TRUE,DIAGNOSTIC_NOT_POSTERIOR,PRESENT,0.09999999999999998,92639,68791,1459.1239894298014,66.26708326582687
6,0,1,D0,5,Q1,1,1024,1024,1024,True,1.0,True,MC_UNRESOLVED,DIAGNOSTIC_NOT_POSTERIOR,PRESENT,0.0,92639,68791,1459.1239894298014,66.26708326582687
6,0,1,D0,5,Q2,0,1024,1024,1024,True,1.0,True,TRUE,DIAGNOSTIC_NOT_POSTERIOR,PRESENT,1.0,92639,68791,1459.1239894298014,66.26708326582687
6,0,1,D0,5,Q2,0.5,1024,1024,1024,True,1.0,True,TRUE,DIAGNOSTIC_NOT_POSTERIOR,PRESENT,0.5,92639,68791,1459.1239894298014,66.26708326582687
6,0,1,D0,5,Q2,0.75,1024,1024,1024,True,1.0,True,TRUE,DIAGNOSTIC_NOT_POSTERIOR,PRESENT,0.25,92639,68791,1459.1239894298014,66.26708326582687
6,0,1,D0,5,Q2,0.9,1024,1024,1024,True,1.0,True,TRUE,DIAGNOSTIC_NOT_POSTERIOR,PRESENT,0.09999999999999998,92639,68791,1459.1239894298014,66.26708326582687
6,0,1,D0,5,Q2,1,1024,1024,1024,True,1.0,True,MC_UNRESOLVED,DIAGNOSTIC_NOT_POSTERIOR,PRESENT,0.0,92639,68791,1459.1239894298014,66.26708326582687
6,0,1,D3,5,Q1,0,1024,1024,1024,True,1.0,True,TRUE,DIAGNOSTIC_NOT_POSTERIOR,PRESENT,1.0,92639,68791,1459.1239894298014,66.26708326582687
6,0,1,D3,5,Q1,0.5,1024,1024,1024,True,1.0,True,TRUE,DIAGNOSTIC_NOT_POSTERIOR,PRESENT,0.5,92639,68791,1459.1239894298014,66.26708326582687
6,0,1,D3,5,Q1,0.75,1024,1024,1024,True,1.0,True,TRUE,DIAGNOSTIC_NOT_POSTERIOR,PRESENT,0.25,92639,68791,1459.1239894298014,66.26708326582687
6,0,1,D3,5,Q1,0.9,1024,1024,1024,True,1.0,True,TRUE,DIAGNOSTIC_NOT_POSTERIOR,PRESENT,0.09999999999999998,92639,68791,1459.1239894298014,66.26708326582687
6,0,1,D3,5,Q1,1,1024,1024,1024,True,1.0,True,MC_UNRESOLVED,DIAGNOSTIC_NOT_POSTERIOR,PRESENT,0.0,92639,68791,1459.1239894298014,66.26708326582687
6,0,1,D3,5,Q2,0,1024,1024,1024,True,1.0,True,TRUE,DIAGNOSTIC_NOT_POSTERIOR,PRESENT,1.0,92639,68791,1459.1239894298014,66.26708326582687
6,0,1,D3,5,Q2,0.5,1024,1024,1024,True,1.0,True,TRUE,DIAGNOSTIC_NOT_POSTERIOR,PRESENT,0.5,92639,68791,1459.1239894298014,66.26708326582687
6,0,1,D3,5,Q2,0.75,1024,1024,1024,True,1.0,True,TRUE,DIAGNOSTIC_NOT_POSTERIOR,PRESENT,0.25,92639,68791,1459.1239894298014,66.26708326582687
6,0,1,D3,5,Q2,0.9,1024,1024,1024,True,1.0,True,TRUE,DIAGNOSTIC_NOT_POSTERIOR,PRESENT,0.09999999999999998,92639,68791,1459.1239894298014,66.26708326582687
6,0,1,D3,5,Q2,1,1024,1024,1024,True,1.0,True,MC_UNRESOLVED,DIAGNOSTIC_NOT_POSTERIOR,PRESENT,0.0,92639,68791,1459.1239894298014,66.26708326582687
6,0.5,0,D0,5,Q1,0,1024,1024,1024,True,1.0,True,TRUE,DIAGNOSTIC_NOT_POSTERIOR,PRESENT,1.0,89338,65516,1459.1239894298014,63.05316560007435
6,0.5,0,D0,5,Q1,0.5,1024,1024,1024,True,1.0,True,TRUE,DIAGNOSTIC_NOT_POSTERIOR,PRESENT,0.5,89338,65516,1459.1239894298014,63.05316560007435
6,0.5,0,D0,5,Q1,0.75,1024,1024,1024,True,1.0,True,TRUE,DIAGNOSTIC_NOT_POSTERIOR,PRESENT,0.25,89338,65516,1459.1239894298014,63.05316560007435
6,0.5,0,D0,5,Q1,0.9,1024,1024,1024,True,1.0,True,TRUE,DIAGNOSTIC_NOT_POSTERIOR,PRESENT,0.09999999999999998,89338,65516,1459.1239894298014,63.05316560007435
6,0.5,0,D0,5,Q1,1,1024,1024,1024,True,1.0,True,MC_UNRESOLVED,DIAGNOSTIC_NOT_POSTERIOR,PRESENT,0.0,89338,65516,1459.1239894298014,63.05316560007435
6,0.5,0,D0,5,Q2,0,1024,1024,1024,True,1.0,True,TRUE,DIAGNOSTIC_NOT_POSTERIOR,PRESENT,1.0,89338,65516,1459.1239894298014,63.05316560007435
6,0.5,0,D0,5,Q2,0.5,1024,1024,1024,True,1.0,True,TRUE,DIAGNOSTIC_NOT_POSTERIOR,PRESENT,0.5,89338,65516,1459.1239894298014,63.05316560007435
6,0.5,0,D0,5,Q2,0.75,1024,1024,1024,True,1.0,True,TRUE,DIAGNOSTIC_NOT_POSTERIOR,PRESENT,0.25,89338,65516,1459.1239894298014,63.05316560007435
6,0.5,0,D0,5,Q2,0.9,1024,1024,1024,True,1.0,True,TRUE,DIAGNOSTIC_NOT_POSTERIOR,PRESENT,0.09999999999999998,89338,65516,1459.1239894298014,63.05316560007435
6,0.5,0,D0,5,Q2,1,1024,1024,1024,True,1.0,True,MC_UNRESOLVED,DIAGNOSTIC_NOT_POSTERIOR,PRESENT,0.0,89338,65516,1459.1239894298014,63.05316560007435
6,0.5,0,D3,5,Q1,0,1024,1024,1024,True,1.0,True,TRUE,DIAGNOSTIC_NOT_POSTERIOR,PRESENT,1.0,89338,65516,1459.1239894298014,63.05316560007435
6,0.5,0,D3,5,Q1,0.5,1024,1024,1024,True,1.0,True,TRUE,DIAGNOSTIC_NOT_POSTERIOR,PRESENT,0.5,89338,65516,1459.1239894298014,63.05316560007435
6,0.5,0,D3,5,Q1,0.75,1024,1024,1024,True,1.0,True,TRUE,DIAGNOSTIC_NOT_POSTERIOR,PRESENT,0.25,89338,65516,1459.1239894298014,63.05316560007435
6,0.5,0,D3,5,Q1,0.9,1024,1024,1024,True,1.0,True,TRUE,DIAGNOSTIC_NOT_POSTERIOR,PRESENT,0.09999999999999998,89338,65516,1459.1239894298014,63.05316560007435
6,0.5,0,D3,5,Q1,1,1024,1024,1024,True,1.0,True,MC_UNRESOLVED,DIAGNOSTIC_NOT_POSTERIOR,PRESENT,0.0,89338,65516,1459.1239894298014,63.05316560007435
6,0.5,0,D3,5,Q2,0,1024,1024,1024,True,1.0,True,TRUE,DIAGNOSTIC_NOT_POSTERIOR,PRESENT,1.0,89338,65516,1459.1239894298014,63.05316560007435
6,0.5,0,D3,5,Q2,0.5,1024,1024,1024,True,1.0,True,TRUE,DIAGNOSTIC_NOT_POSTERIOR,PRESENT,0.5,89338,65516,1459.1239894298014,63.05316560007435
6,0.5,0,D3,5,Q2,0.75,1024,1024,1024,True,1.0,True,TRUE,DIAGNOSTIC_NOT_POSTERIOR,PRESENT,0.25,89338,65516,1459.1239894298014,63.05316560007435
6,0.5,0,D3,5,Q2,0.9,1024,1024,1024,True,1.0,True,TRUE,DIAGNOSTIC_NOT_POSTERIOR,PRESENT,0.09999999999999998,89338,65516,1459.1239894298014,63.05316560007435
6,0.5,0,D3,5,Q2,1,1024,1024,1024,True,1.0,True,MC_UNRESOLVED,DIAGNOSTIC_NOT_POSTERIOR,PRESENT,0.0,89338,65516,1459.1239894298014,63.05316560007435
6,0.5,0.5,D0,5,Q1,0,1024,1024,1024,True,1.0,True,TRUE,DIAGNOSTIC_NOT_POSTERIOR,PRESENT,1.0,89338,65516,1459.1239894298014,63.05316560007435
6,0.5,0.5,D0,5,Q1,0.5,1024,1024,1024,True,1.0,True,TRUE,DIAGNOSTIC_NOT_POSTERIOR,PRESENT,0.5,89338,65516,1459.1239894298014,63.05316560007435
6,0.5,0.5,D0,5,Q1,0.75,1024,1024,1024,True,1.0,True,TRUE,DIAGNOSTIC_NOT_POSTERIOR,PRESENT,0.25,89338,65516,1459.1239894298014,63.05316560007435
6,0.5,0.5,D0,5,Q1,0.9,1024,1024,1024,True,1.0,True,TRUE,DIAGNOSTIC_NOT_POSTERIOR,PRESENT,0.09999999999999998,89338,65516,1459.1239894298014,63.05316560007435
6,0.5,0.5,D0,5,Q1,1,1024,1024,1024,True,1.0,True,MC_UNRESOLVED,DIAGNOSTIC_NOT_POSTERIOR,PRESENT,0.0,89338,65516,1459.1239894298014,63.05316560007435
6,0.5,0.5,D0,5,Q2,0,1024,1024,1024,True,1.0,True,TRUE,DIAGNOSTIC_NOT_POSTERIOR,PRESENT,1.0,89338,65516,1459.1239894298014,63.05316560007435
6,0.5,0.5,D0,5,Q2,0.5,1024,1024,1024,True,1.0,True,TRUE,DIAGNOSTIC_NOT_POSTERIOR,PRESENT,0.5,89338,65516,1459.1239894298014,63.05316560007435
6,0.5,0.5,D0,5,Q2,0.75,1024,1024,1024,True,1.0,True,TRUE,DIAGNOSTIC_NOT_POSTERIOR,PRESENT,0.25,89338,65516,1459.1239894298014,63.05316560007435
6,0.5,0.5,D0,5,Q2,0.9,1024,1024,1024,True,1.0,True,TRUE,DIAGNOSTIC_NOT_POSTERIOR,PRESENT,0.09999999999999998,89338,65516,1459.1239894298014,63.05316560007435
6,0.5,0.5,D0,5,Q2,1,1024,1024,1024,True,1.0,True,MC_UNRESOLVED,DIAGNOSTIC_NOT_POSTERIOR,PRESENT,0.0,89338,65516,1459.1239894298014,63.05316560007435
6,0.5,0.5,D3,5,Q1,0,1024,1024,1024,True,1.0,True,TRUE,DIAGNOSTIC_NOT_POSTERIOR,PRESENT,1.0,89338,65516,1459.1239894298014,63.05316560007435
6,0.5,0.5,D3,5,Q1,0.5,1024,1024,1024,True,1.0,True,TRUE,DIAGNOSTIC_NOT_POSTERIOR,PRESENT,0.5,89338,65516,1459.1239894298014,63.05316560007435
6,0.5,0.5,D3,5,Q1,0.75,1024,1024,1024,True,1.0,True,TRUE,DIAGNOSTIC_NOT_POSTERIOR,PRESENT,0.25,89338,65516,1459.1239894298014,63.05316560007435
6,0.5,0.5,D3,5,Q1,0.9,1024,1024,1024,True,1.0,True,TRUE,DIAGNOSTIC_NOT_POSTERIOR,PRESENT,0.09999999999999998,89338,65516,1459.1239894298014,63.05316560007435
6,0.5,0.5,D3,5,Q1,1,1024,1024,1024,True,1.0,True,MC_UNRESOLVED,DIAGNOSTIC_NOT_POSTERIOR,PRESENT,0.0,89338,65516,1459.1239894298014,63.05316560007435
6,0.5,0.5,D3,5,Q2,0,1024,1024,1024,True,1.0,True,TRUE,DIAGNOSTIC_NOT_POSTERIOR,PRESENT,1.0,89338,65516,1459.1239894298014,63.05316560007435
6,0.5,0.5,D3,5,Q2,0.5,1024,1024,1024,True,1.0,True,TRUE,DIAGNOSTIC_NOT_POSTERIOR,PRESENT,0.5,89338,65516,1459.1239894298014,63.05316560007435
6,0.5,0.5,D3,5,Q2,0.75,1024,1024,1024,True,1.0,True,TRUE,DIAGNOSTIC_NOT_POSTERIOR,PRESENT,0.25,89338,65516,1459.1239894298014,63.05316560007435
6,0.5,0.5,D3,5,Q2,0.9,1024,1024,1024,True,1.0,True,TRUE,DIAGNOSTIC_NOT_POSTERIOR,PRESENT,0.09999999999999998,89338,65516,1459.1239894298014,63.05316560007435
6,0.5,0.5,D3,5,Q2,1,1024,1024,1024,True,1.0,True,MC_UNRESOLVED,DIAGNOSTIC_NOT_POSTERIOR,PRESENT,0.0,89338,65516,1459.1239894298014,63.05316560007435
6,0.5,1,D0,5,Q1,0,1024,1024,1024,True,1.0,True,TRUE,DIAGNOSTIC_NOT_POSTERIOR,PRESENT,1.0,89338,65516,1459.1239894298014,63.05316560007435
6,0.5,1,D0,5,Q1,0.5,1024,1024,1024,True,1.0,True,TRUE,DIAGNOSTIC_NOT_POSTERIOR,PRESENT,0.5,89338,65516,1459.1239894298014,63.05316560007435
6,0.5,1,D0,5,Q1,0.75,1024,1024,1024,True,1.0,True,TRUE,DIAGNOSTIC_NOT_POSTERIOR,PRESENT,0.25,89338,65516,1459.1239894298014,63.05316560007435
6,0.5,1,D0,5,Q1,0.9,1024,1024,1024,True,1.0,True,TRUE,DIAGNOSTIC_NOT_POSTERIOR,PRESENT,0.09999999999999998,89338,65516,1459.1239894298014,63.05316560007435
6,0.5,1,D0,5,Q1,1,1024,1024,1024,True,1.0,True,MC_UNRESOLVED,DIAGNOSTIC_NOT_POSTERIOR,PRESENT,0.0,89338,65516,1459.1239894298014,63.05316560007435
6,0.5,1,D0,5,Q2,0,1024,1024,1024,True,1.0,True,TRUE,DIAGNOSTIC_NOT_POSTERIOR,PRESENT,1.0,89338,65516,1459.1239894298014,63.05316560007435
6,0.5,1,D0,5,Q2,0.5,1024,1024,1024,True,1.0,True,TRUE,DIAGNOSTIC_NOT_POSTERIOR,PRESENT,0.5,89338,65516,1459.1239894298014,63.05316560007435
6,0.5,1,D0,5,Q2,0.75,1024,1024,1024,True,1.0,True,TRUE,DIAGNOSTIC_NOT_POSTERIOR,PRESENT,0.25,89338,65516,1459.1239894298014,63.05316560007435
6,0.5,1,D0,5,Q2,0.9,1024,1024,1024,True,1.0,True,TRUE,DIAGNOSTIC_NOT_POSTERIOR,PRESENT,0.09999999999999998,89338,65516,1459.1239894298014,63.05316560007435
6,0.5,1,D0,5,Q2,1,1024,1024,1024,True,1.0,True,MC_UNRESOLVED,DIAGNOSTIC_NOT_POSTERIOR,PRESENT,0.0,89338,65516,1459.1239894298014,63.05316560007435
6,0.5,1,D3,5,Q1,0,1024,1024,1024,True,1.0,True,TRUE,DIAGNOSTIC_NOT_POSTERIOR,PRESENT,1.0,89338,65516,1459.1239894298014,63.05316560007435
6,0.5,1,D3,5,Q1,0.5,1024,1024,1024,True,1.0,True,TRUE,DIAGNOSTIC_NOT_POSTERIOR,PRESENT,0.5,89338,65516,1459.1239894298014,63.05316560007435
6,0.5,1,D3,5,Q1,0.75,1024,1024,1024,True,1.0,True,TRUE,DIAGNOSTIC_NOT_POSTERIOR,PRESENT,0.25,89338,65516,1459.1239894298014,63.05316560007435
6,0.5,1,D3,5,Q1,0.9,1024,1024,1024,True,1.0,True,TRUE,DIAGNOSTIC_NOT_POSTERIOR,PRESENT,0.09999999999999998,89338,65516,1459.1239894298014,63.05316560007435
6,0.5,1,D3,5,Q1,1,1024,1024,1024,True,1.0,True,MC_UNRESOLVED,DIAGNOSTIC_NOT_POSTERIOR,PRESENT,0.0,89338,65516,1459.1239894298014,63.05316560007435
6,0.5,1,D3,5,Q2,0,1024,1024,1024,True,1.0,True,TRUE,DIAGNOSTIC_NOT_POSTERIOR,PRESENT,1.0,89338,65516,1459.1239894298014,63.05316560007435
6,0.5,1,D3,5,Q2,0.5,1024,1024,1024,True,1.0,True,TRUE,DIAGNOSTIC_NOT_POSTERIOR,PRESENT,0.5,89338,65516,1459.1239894298014,63.05316560007435
6,0.5,1,D3,5,Q2,0.75,1024,1024,1024,True,1.0,True,TRUE,DIAGNOSTIC_NOT_POSTERIOR,PRESENT,0.25,89338,65516,1459.1239894298014,63.05316560007435
6,0.5,1,D3,5,Q2,0.9,1024,1024,1024,True,1.0,True,TRUE,DIAGNOSTIC_NOT_POSTERIOR,PRESENT,0.09999999999999998,89338,65516,1459.1239894298014,63.05316560007435
6,0.5,1,D3,5,Q2,1,1024,1024,1024,True,1.0,True,MC_UNRESOLVED,DIAGNOSTIC_NOT_POSTERIOR,PRESENT,0.0,89338,65516,1459.1239894298014,63.05316560007435
7,-0.5,0,D0,5,Q1,0,1024,1024,1024,True,1.0,True,TRUE,DIAGNOSTIC_NOT_POSTERIOR,PRESENT,1.0,91390,67605,1459.1551141018676,55.646057361988085
7,-0.5,0,D0,5,Q1,0.5,1024,1024,1024,True,1.0,True,TRUE,DIAGNOSTIC_NOT_POSTERIOR,PRESENT,0.5,91390,67605,1459.1551141018676,55.646057361988085
7,-0.5,0,D0,5,Q1,0.75,1024,1024,1024,True,1.0,True,TRUE,DIAGNOSTIC_NOT_POSTERIOR,PRESENT,0.25,91390,67605,1459.1551141018676,55.646057361988085
7,-0.5,0,D0,5,Q1,0.9,1024,1024,1024,True,1.0,True,TRUE,DIAGNOSTIC_NOT_POSTERIOR,PRESENT,0.09999999999999998,91390,67605,1459.1551141018676,55.646057361988085
7,-0.5,0,D0,5,Q1,1,1024,1024,1024,True,1.0,True,MC_UNRESOLVED,DIAGNOSTIC_NOT_POSTERIOR,PRESENT,0.0,91390,67605,1459.1551141018676,55.646057361988085
7,-0.5,0,D0,5,Q2,0,1024,1024,1024,True,1.0,True,TRUE,DIAGNOSTIC_NOT_POSTERIOR,PRESENT,1.0,91390,67605,1459.1551141018676,55.646057361988085
7,-0.5,0,D0,5,Q2,0.5,1024,1024,1024,True,1.0,True,TRUE,DIAGNOSTIC_NOT_POSTERIOR,PRESENT,0.5,91390,67605,1459.1551141018676,55.646057361988085
7,-0.5,0,D0,5,Q2,0.75,1024,1024,1024,True,1.0,True,TRUE,DIAGNOSTIC_NOT_POSTERIOR,PRESENT,0.25,91390,67605,1459.1551141018676,55.646057361988085
7,-0.5,0,D0,5,Q2,0.9,1024,1024,1024,True,1.0,True,TRUE,DIAGNOSTIC_NOT_POSTERIOR,PRESENT,0.09999999999999998,91390,67605,1459.1551141018676,55.646057361988085
7,-0.5,0,D0,5,Q2,1,1024,1024,1024,True,1.0,True,MC_UNRESOLVED,DIAGNOSTIC_NOT_POSTERIOR,PRESENT,0.0,91390,67605,1459.1551141018676,55.646057361988085
7,-0.5,0,D3,5,Q1,0,1024,1024,1024,True,1.0,True,TRUE,DIAGNOSTIC_NOT_POSTERIOR,PRESENT,1.0,91390,67605,1459.1551141018676,55.646057361988085
7,-0.5,0,D3,5,Q1,0.5,1024,1024,1024,True,1.0,True,TRUE,DIAGNOSTIC_NOT_POSTERIOR,PRESENT,0.5,91390,67605,1459.1551141018676,55.646057361988085
7,-0.5,0,D3,5,Q1,0.75,1024,1024,1024,True,1.0,True,TRUE,DIAGNOSTIC_NOT_POSTERIOR,PRESENT,0.25,91390,67605,1459.1551141018676,55.646057361988085
7,-0.5,0,D3,5,Q1,0.9,1024,1024,1024,True,1.0,True,TRUE,DIAGNOSTIC_NOT_POSTERIOR,PRESENT,0.09999999999999998,91390,67605,1459.1551141018676,55.646057361988085
7,-0.5,0,D3,5,Q1,1,1024,1024,1024,True,1.0,True,MC_UNRESOLVED,DIAGNOSTIC_NOT_POSTERIOR,PRESENT,0.0,91390,67605,1459.1551141018676,55.646057361988085
7,-0.5,0,D3,5,Q2,0,1024,1024,1024,True,1.0,True,TRUE,DIAGNOSTIC_NOT_POSTERIOR,PRESENT,1.0,91390,67605,1459.1551141018676,55.646057361988085
7,-0.5,0,D3,5,Q2,0.5,1024,1024,1024,True,1.0,True,TRUE,DIAGNOSTIC_NOT_POSTERIOR,PRESENT,0.5,91390,67605,1459.1551141018676,55.646057361988085
7,-0.5,0,D3,5,Q2,0.75,1024,1024,1024,True,1.0,True,TRUE,DIAGNOSTIC_NOT_POSTERIOR,PRESENT,0.25,91390,67605,1459.1551141018676,55.646057361988085
7,-0.5,0,D3,5,Q2,0.9,1024,1024,1024,True,1.0,True,TRUE,DIAGNOSTIC_NOT_POSTERIOR,PRESENT,0.09999999999999998,91390,67605,1459.1551141018676,55.646057361988085
7,-0.5,0,D3,5,Q2,1,1024,1024,1024,True,1.0,True,MC_UNRESOLVED,DIAGNOSTIC_NOT_POSTERIOR,PRESENT,0.0,91390,67605,1459.1551141018676,55.646057361988085
7,-0.5,0.5,D0,5,Q1,0,1024,1024,1024,True,1.0,True,TRUE,DIAGNOSTIC_NOT_POSTERIOR,PRESENT,1.0,91390,67605,1459.1551141018676,55.646057361988085
7,-0.5,0.5,D0,5,Q1,0.5,1024,1024,1024,True,1.0,True,TRUE,DIAGNOSTIC_NOT_POSTERIOR,PRESENT,0.5,91390,67605,1459.1551141018676,55.646057361988085
7,-0.5,0.5,D0,5,Q1,0.75,1024,1024,1024,True,1.0,True,TRUE,DIAGNOSTIC_NOT_POSTERIOR,PRESENT,0.25,91390,67605,1459.1551141018676,55.646057361988085
7,-0.5,0.5,D0,5,Q1,0.9,1024,1024,1024,True,1.0,True,TRUE,DIAGNOSTIC_NOT_POSTERIOR,PRESENT,0.09999999999999998,91390,67605,1459.1551141018676,55.646057361988085
7,-0.5,0.5,D0,5,Q1,1,1024,1024,1024,True,1.0,True,MC_UNRESOLVED,DIAGNOSTIC_NOT_POSTERIOR,PRESENT,0.0,91390,67605,1459.1551141018676,55.646057361988085
7,-0.5,0.5,D0,5,Q2,0,1024,1024,1024,True,1.0,True,TRUE,DIAGNOSTIC_NOT_POSTERIOR,PRESENT,1.0,91390,67605,1459.1551141018676,55.646057361988085
7,-0.5,0.5,D0,5,Q2,0.5,1024,1024,1024,True,1.0,True,TRUE,DIAGNOSTIC_NOT_POSTERIOR,PRESENT,0.5,91390,67605,1459.1551141018676,55.646057361988085
7,-0.5,0.5,D0,5,Q2,0.75,1024,1024,1024,True,1.0,True,TRUE,DIAGNOSTIC_NOT_POSTERIOR,PRESENT,0.25,91390,67605,1459.1551141018676,55.646057361988085
7,-0.5,0.5,D0,5,Q2,0.9,1024,1024,1024,True,1.0,True,TRUE,DIAGNOSTIC_NOT_POSTERIOR,PRESENT,0.09999999999999998,91390,67605,1459.1551141018676,55.646057361988085
7,-0.5,0.5,D0,5,Q2,1,1024,1024,1024,True,1.0,True,MC_UNRESOLVED,DIAGNOSTIC_NOT_POSTERIOR,PRESENT,0.0,91390,67605,1459.1551141018676,55.646057361988085
7,-0.5,0.5,D3,5,Q1,0,1024,1024,1024,True,1.0,True,TRUE,DIAGNOSTIC_NOT_POSTERIOR,PRESENT,1.0,91390,67605,1459.1551141018676,55.646057361988085
7,-0.5,0.5,D3,5,Q1,0.5,1024,1024,1024,True,1.0,True,TRUE,DIAGNOSTIC_NOT_POSTERIOR,PRESENT,0.5,91390,67605,1459.1551141018676,55.646057361988085
7,-0.5,0.5,D3,5,Q1,0.75,1024,1024,1024,True,1.0,True,TRUE,DIAGNOSTIC_NOT_POSTERIOR,PRESENT,0.25,91390,67605,1459.1551141018676,55.646057361988085
7,-0.5,0.5,D3,5,Q1,0.9,1024,1024,1024,True,1.0,True,TRUE,DIAGNOSTIC_NOT_POSTERIOR,PRESENT,0.09999999999999998,91390,67605,1459.1551141018676,55.646057361988085
7,-0.5,0.5,D3,5,Q1,1,1024,1024,1024,True,1.0,True,MC_UNRESOLVED,DIAGNOSTIC_NOT_POSTERIOR,PRESENT,0.0,91390,67605,1459.1551141018676,55.646057361988085
7,-0.5,0.5,D3,5,Q2,0,1024,1024,1024,True,1.0,True,TRUE,DIAGNOSTIC_NOT_POSTERIOR,PRESENT,1.0,91390,67605,1459.1551141018676,55.646057361988085
7,-0.5,0.5,D3,5,Q2,0.5,1024,1024,1024,True,1.0,True,TRUE,DIAGNOSTIC_NOT_POSTERIOR,PRESENT,0.5,91390,67605,1459.1551141018676,55.646057361988085
7,-0.5,0.5,D3,5,Q2,0.75,1024,1024,1024,True,1.0,True,TRUE,DIAGNOSTIC_NOT_POSTERIOR,PRESENT,0.25,91390,67605,1459.1551141018676,55.646057361988085
7,-0.5,0.5,D3,5,Q2,0.9,1024,1024,1024,True,1.0,True,TRUE,DIAGNOSTIC_NOT_POSTERIOR,PRESENT,0.09999999999999998,91390,67605,1459.1551141018676,55.646057361988085
7,-0.5,0.5,D3,5,Q2,1,1024,1024,1024,True,1.0,True,MC_UNRESOLVED,DIAGNOSTIC_NOT_POSTERIOR,PRESENT,0.0,91390,67605,1459.1551141018676,55.646057361988085
7,-0.5,1,D0,5,Q1,0,1024,1024,1024,True,1.0,True,TRUE,DIAGNOSTIC_NOT_POSTERIOR,PRESENT,1.0,91390,67605,1459.1551141018676,55.646057361988085
7,-0.5,1,D0,5,Q1,0.5,1024,1024,1024,True,1.0,True,TRUE,DIAGNOSTIC_NOT_POSTERIOR,PRESENT,0.5,91390,67605,1459.1551141018676,55.646057361988085
7,-0.5,1,D0,5,Q1,0.75,1024,1024,1024,True,1.0,True,TRUE,DIAGNOSTIC_NOT_POSTERIOR,PRESENT,0.25,91390,67605,1459.1551141018676,55.646057361988085
7,-0.5,1,D0,5,Q1,0.9,1024,1024,1024,True,1.0,True,TRUE,DIAGNOSTIC_NOT_POSTERIOR,PRESENT,0.09999999999999998,91390,67605,1459.1551141018676,55.646057361988085
7,-0.5,1,D0,5,Q1,1,1024,1024,1024,True,1.0,True,MC_UNRESOLVED,DIAGNOSTIC_NOT_POSTERIOR,PRESENT,0.0,91390,67605,1459.1551141018676,55.646057361988085
7,-0.5,1,D0,5,Q2,0,1024,1024,1024,True,1.0,True,TRUE,DIAGNOSTIC_NOT_POSTERIOR,PRESENT,1.0,91390,67605,1459.1551141018676,55.646057361988085
7,-0.5,1,D0,5,Q2,0.5,1024,1024,1024,True,1.0,True,TRUE,DIAGNOSTIC_NOT_POSTERIOR,PRESENT,0.5,91390,67605,1459.1551141018676,55.646057361988085
7,-0.5,1,D0,5,Q2,0.75,1024,1024,1024,True,1.0,True,TRUE,DIAGNOSTIC_NOT_POSTERIOR,PRESENT,0.25,91390,67605,1459.1551141018676,55.646057361988085
7,-0.5,1,D0,5,Q2,0.9,1024,1024,1024,True,1.0,True,TRUE,DIAGNOSTIC_NOT_POSTERIOR,PRESENT,0.09999999999999998,91390,67605,1459.1551141018676,55.646057361988085
7,-0.5,1,D0,5,Q2,1,1024,1024,1024,True,1.0,True,MC_UNRESOLVED,DIAGNOSTIC_NOT_POSTERIOR,PRESENT,0.0,91390,67605,1459.1551141018676,55.646057361988085
7,-0.5,1,D3,5,Q1,0,1024,1024,1024,True,1.0,True,TRUE,DIAGNOSTIC_NOT_POSTERIOR,PRESENT,1.0,91390,67605,1459.1551141018676,55.646057361988085
7,-0.5,1,D3,5,Q1,0.5,1024,1024,1024,True,1.0,True,TRUE,DIAGNOSTIC_NOT_POSTERIOR,PRESENT,0.5,91390,67605,1459.1551141018676,55.646057361988085
7,-0.5,1,D3,5,Q1,0.75,1024,1024,1024,True,1.0,True,TRUE,DIAGNOSTIC_NOT_POSTERIOR,PRESENT,0.25,91390,67605,1459.1551141018676,55.646057361988085
7,-0.5,1,D3,5,Q1,0.9,1024,1024,1024,True,1.0,True,TRUE,DIAGNOSTIC_NOT_POSTERIOR,PRESENT,0.09999999999999998,91390,67605,1459.1551141018676,55.646057361988085
7,-0.5,1,D3,5,Q1,1,1024,1024,1024,True,1.0,True,MC_UNRESOLVED,DIAGNOSTIC_NOT_POSTERIOR,PRESENT,0.0,91390,67605,1459.1551141018676,55.646057361988085
7,-0.5,1,D3,5,Q2,0,1024,1024,1024,True,1.0,True,TRUE,DIAGNOSTIC_NOT_POSTERIOR,PRESENT,1.0,91390,67605,1459.1551141018676,55.646057361988085
7,-0.5,1,D3,5,Q2,0.5,1024,1024,1024,True,1.0,True,TRUE,DIAGNOSTIC_NOT_POSTERIOR,PRESENT,0.5,91390,67605,1459.1551141018676,55.646057361988085
7,-0.5,1,D3,5,Q2,0.75,1024,1024,1024,True,1.0,True,TRUE,DIAGNOSTIC_NOT_POSTERIOR,PRESENT,0.25,91390,67605,1459.1551141018676,55.646057361988085
7,-0.5,1,D3,5,Q2,0.9,1024,1024,1024,True,1.0,True,TRUE,DIAGNOSTIC_NOT_POSTERIOR,PRESENT,0.09999999999999998,91390,67605,1459.1551141018676,55.646057361988085
7,-0.5,1,D3,5,Q2,1,1024,1024,1024,True,1.0,True,MC_UNRESOLVED,DIAGNOSTIC_NOT_POSTERIOR,PRESENT,0.0,91390,67605,1459.1551141018676,55.646057361988085
7,0,0,D0,5,Q1,0,1024,1024,1024,True,1.0,True,TRUE,DIAGNOSTIC_NOT_POSTERIOR,PRESENT,1.0,87322,63599,1459.1551141018676,51.75949173281638
7,0,0,D0,5,Q1,0.5,1024,1024,1024,True,1.0,True,TRUE,DIAGNOSTIC_NOT_POSTERIOR,PRESENT,0.5,87322,63599,1459.1551141018676,51.75949173281638
7,0,0,D0,5,Q1,0.75,1024,1024,1024,True,1.0,True,TRUE,DIAGNOSTIC_NOT_POSTERIOR,PRESENT,0.25,87322,63599,1459.1551141018676,51.75949173281638
7,0,0,D0,5,Q1,0.9,1024,1024,1024,True,1.0,True,TRUE,DIAGNOSTIC_NOT_POSTERIOR,PRESENT,0.09999999999999998,87322,63599,1459.1551141018676,51.75949173281638
7,0,0,D0,5,Q1,1,1024,1024,1024,True,1.0,True,MC_UNRESOLVED,DIAGNOSTIC_NOT_POSTERIOR,PRESENT,0.0,87322,63599,1459.1551141018676,51.75949173281638
7,0,0,D0,5,Q2,0,1024,1024,1024,True,1.0,True,TRUE,DIAGNOSTIC_NOT_POSTERIOR,PRESENT,1.0,87322,63599,1459.1551141018676,51.75949173281638
7,0,0,D0,5,Q2,0.5,1024,1024,1024,True,1.0,True,TRUE,DIAGNOSTIC_NOT_POSTERIOR,PRESENT,0.5,87322,63599,1459.1551141018676,51.75949173281638
7,0,0,D0,5,Q2,0.75,1024,1024,1024,True,1.0,True,TRUE,DIAGNOSTIC_NOT_POSTERIOR,PRESENT,0.25,87322,63599,1459.1551141018676,51.75949173281638
7,0,0,D0,5,Q2,0.9,1024,1024,1024,True,1.0,True,TRUE,DIAGNOSTIC_NOT_POSTERIOR,PRESENT,0.09999999999999998,87322,63599,1459.1551141018676,51.75949173281638
7,0,0,D0,5,Q2,1,1024,1024,1024,True,1.0,True,MC_UNRESOLVED,DIAGNOSTIC_NOT_POSTERIOR,PRESENT,0.0,87322,63599,1459.1551141018676,51.75949173281638
7,0,0,D3,5,Q1,0,1024,1024,1024,True,1.0,True,TRUE,DIAGNOSTIC_NOT_POSTERIOR,PRESENT,1.0,87322,63599,1459.1551141018676,51.75949173281638
7,0,0,D3,5,Q1,0.5,1024,1024,1024,True,1.0,True,TRUE,DIAGNOSTIC_NOT_POSTERIOR,PRESENT,0.5,87322,63599,1459.1551141018676,51.75949173281638
7,0,0,D3,5,Q1,0.75,1024,1024,1024,True,1.0,True,TRUE,DIAGNOSTIC_NOT_POSTERIOR,PRESENT,0.25,87322,63599,1459.1551141018676,51.75949173281638
7,0,0,D3,5,Q1,0.9,1024,1024,1024,True,1.0,True,TRUE,DIAGNOSTIC_NOT_POSTERIOR,PRESENT,0.09999999999999998,87322,63599,1459.1551141018676,51.75949173281638
7,0,0,D3,5,Q1,1,1024,1024,1024,True,1.0,True,MC_UNRESOLVED,DIAGNOSTIC_NOT_POSTERIOR,PRESENT,0.0,87322,63599,1459.1551141018676,51.75949173281638
7,0,0,D3,5,Q2,0,1024,1024,1024,True,1.0,True,TRUE,DIAGNOSTIC_NOT_POSTERIOR,PRESENT,1.0,87322,63599,1459.1551141018676,51.75949173281638
7,0,0,D3,5,Q2,0.5,1024,1024,1024,True,1.0,True,TRUE,DIAGNOSTIC_NOT_POSTERIOR,PRESENT,0.5,87322,63599,1459.1551141018676,51.75949173281638
7,0,0,D3,5,Q2,0.75,1024,1024,1024,True,1.0,True,TRUE,DIAGNOSTIC_NOT_POSTERIOR,PRESENT,0.25,87322,63599,1459.1551141018676,51.75949173281638
7,0,0,D3,5,Q2,0.9,1024,1024,1024,True,1.0,True,TRUE,DIAGNOSTIC_NOT_POSTERIOR,PRESENT,0.09999999999999998,87322,63599,1459.1551141018676,51.75949173281638
7,0,0,D3,5,Q2,1,1024,1024,1024,True,1.0,True,MC_UNRESOLVED,DIAGNOSTIC_NOT_POSTERIOR,PRESENT,0.0,87322,63599,1459.1551141018676,51.75949173281638
7,0,0.5,D0,5,Q1,0,1024,1024,1024,True,1.0,True,TRUE,DIAGNOSTIC_NOT_POSTERIOR,PRESENT,1.0,87322,63599,1459.1551141018676,51.75949173281638
7,0,0.5,D0,5,Q1,0.5,1024,1024,1024,True,1.0,True,TRUE,DIAGNOSTIC_NOT_POSTERIOR,PRESENT,0.5,87322,63599,1459.1551141018676,51.75949173281638
7,0,0.5,D0,5,Q1,0.75,1024,1024,1024,True,1.0,True,TRUE,DIAGNOSTIC_NOT_POSTERIOR,PRESENT,0.25,87322,63599,1459.1551141018676,51.75949173281638
7,0,0.5,D0,5,Q1,0.9,1024,1024,1024,True,1.0,True,TRUE,DIAGNOSTIC_NOT_POSTERIOR,PRESENT,0.09999999999999998,87322,63599,1459.1551141018676,51.75949173281638
7,0,0.5,D0,5,Q1,1,1024,1024,1024,True,1.0,True,MC_UNRESOLVED,DIAGNOSTIC_NOT_POSTERIOR,PRESENT,0.0,87322,63599,1459.1551141018676,51.75949173281638
7,0,0.5,D0,5,Q2,0,1024,1024,1024,True,1.0,True,TRUE,DIAGNOSTIC_NOT_POSTERIOR,PRESENT,1.0,87322,63599,1459.1551141018676,51.75949173281638
7,0,0.5,D0,5,Q2,0.5,1024,1024,1024,True,1.0,True,TRUE,DIAGNOSTIC_NOT_POSTERIOR,PRESENT,0.5,87322,63599,1459.1551141018676,51.75949173281638
7,0,0.5,D0,5,Q2,0.75,1024,1024,1024,True,1.0,True,TRUE,DIAGNOSTIC_NOT_POSTERIOR,PRESENT,0.25,87322,63599,1459.1551141018676,51.75949173281638
7,0,0.5,D0,5,Q2,0.9,1024,1024,1024,True,1.0,True,TRUE,DIAGNOSTIC_NOT_POSTERIOR,PRESENT,0.09999999999999998,87322,63599,1459.1551141018676,51.75949173281638
7,0,0.5,D0,5,Q2,1,1024,1024,1024,True,1.0,True,MC_UNRESOLVED,DIAGNOSTIC_NOT_POSTERIOR,PRESENT,0.0,87322,63599,1459.1551141018676,51.75949173281638
7,0,0.5,D3,5,Q1,0,1024,1024,1024,True,1.0,True,TRUE,DIAGNOSTIC_NOT_POSTERIOR,PRESENT,1.0,87322,63599,1459.1551141018676,51.75949173281638
7,0,0.5,D3,5,Q1,0.5,1024,1024,1024,True,1.0,True,TRUE,DIAGNOSTIC_NOT_POSTERIOR,PRESENT,0.5,87322,63599,1459.1551141018676,51.75949173281638
7,0,0.5,D3,5,Q1,0.75,1024,1024,1024,True,1.0,True,TRUE,DIAGNOSTIC_NOT_POSTERIOR,PRESENT,0.25,87322,63599,1459.1551141018676,51.75949173281638
7,0,0.5,D3,5,Q1,0.9,1024,1024,1024,True,1.0,True,TRUE,DIAGNOSTIC_NOT_POSTERIOR,PRESENT,0.09999999999999998,87322,63599,1459.1551141018676,51.75949173281638
7,0,0.5,D3,5,Q1,1,1024,1024,1024,True,1.0,True,MC_UNRESOLVED,DIAGNOSTIC_NOT_POSTERIOR,PRESENT,0.0,87322,63599,1459.1551141018676,51.75949173281638
7,0,0.5,D3,5,Q2,0,1024,1024,1024,True,1.0,True,TRUE,DIAGNOSTIC_NOT_POSTERIOR,PRESENT,1.0,87322,63599,1459.1551141018676,51.75949173281638
7,0,0.5,D3,5,Q2,0.5,1024,1024,1024,True,1.0,True,TRUE,DIAGNOSTIC_NOT_POSTERIOR,PRESENT,0.5,87322,63599,1459.1551141018676,51.75949173281638
7,0,0.5,D3,5,Q2,0.75,1024,1024,1024,True,1.0,True,TRUE,DIAGNOSTIC_NOT_POSTERIOR,PRESENT,0.25,87322,63599,1459.1551141018676,51.75949173281638
7,0,0.5,D3,5,Q2,0.9,1024,1024,1024,True,1.0,True,TRUE,DIAGNOSTIC_NOT_POSTERIOR,PRESENT,0.09999999999999998,87322,63599,1459.1551141018676,51.75949173281638
7,0,0.5,D3,5,Q2,1,1024,1024,1024,True,1.0,True,MC_UNRESOLVED,DIAGNOSTIC_NOT_POSTERIOR,PRESENT,0.0,87322,63599,1459.1551141018676,51.75949173281638
7,0,1,D0,5,Q1,0,1024,1024,1024,True,1.0,True,TRUE,DIAGNOSTIC_NOT_POSTERIOR,PRESENT,1.0,87322,63599,1459.1551141018676,51.75949173281638
7,0,1,D0,5,Q1,0.5,1024,1024,1024,True,1.0,True,TRUE,DIAGNOSTIC_NOT_POSTERIOR,PRESENT,0.5,87322,63599,1459.1551141018676,51.75949173281638
7,0,1,D0,5,Q1,0.75,1024,1024,1024,True,1.0,True,TRUE,DIAGNOSTIC_NOT_POSTERIOR,PRESENT,0.25,87322,63599,1459.1551141018676,51.75949173281638
7,0,1,D0,5,Q1,0.9,1024,1024,1024,True,1.0,True,TRUE,DIAGNOSTIC_NOT_POSTERIOR,PRESENT,0.09999999999999998,87322,63599,1459.1551141018676,51.75949173281638
7,0,1,D0,5,Q1,1,1024,1024,1024,True,1.0,True,MC_UNRESOLVED,DIAGNOSTIC_NOT_POSTERIOR,PRESENT,0.0,87322,63599,1459.1551141018676,51.75949173281638
7,0,1,D0,5,Q2,0,1024,1024,1024,True,1.0,True,TRUE,DIAGNOSTIC_NOT_POSTERIOR,PRESENT,1.0,87322,63599,1459.1551141018676,51.75949173281638
7,0,1,D0,5,Q2,0.5,1024,1024,1024,True,1.0,True,TRUE,DIAGNOSTIC_NOT_POSTERIOR,PRESENT,0.5,87322,63599,1459.1551141018676,51.75949173281638
7,0,1,D0,5,Q2,0.75,1024,1024,1024,True,1.0,True,TRUE,DIAGNOSTIC_NOT_POSTERIOR,PRESENT,0.25,87322,63599,1459.1551141018676,51.75949173281638
7,0,1,D0,5,Q2,0.9,1024,1024,1024,True,1.0,True,TRUE,DIAGNOSTIC_NOT_POSTERIOR,PRESENT,0.09999999999999998,87322,63599,1459.1551141018676,51.75949173281638
7,0,1,D0,5,Q2,1,1024,1024,1024,True,1.0,True,MC_UNRESOLVED,DIAGNOSTIC_NOT_POSTERIOR,PRESENT,0.0,87322,63599,1459.1551141018676,51.75949173281638
7,0,1,D3,5,Q1,0,1024,1024,1024,True,1.0,True,TRUE,DIAGNOSTIC_NOT_POSTERIOR,PRESENT,1.0,87322,63599,1459.1551141018676,51.75949173281638
7,0,1,D3,5,Q1,0.5,1024,1024,1024,True,1.0,True,TRUE,DIAGNOSTIC_NOT_POSTERIOR,PRESENT,0.5,87322,63599,1459.1551141018676,51.75949173281638
7,0,1,D3,5,Q1,0.75,1024,1024,1024,True,1.0,True,TRUE,DIAGNOSTIC_NOT_POSTERIOR,PRESENT,0.25,87322,63599,1459.1551141018676,51.75949173281638
7,0,1,D3,5,Q1,0.9,1024,1024,1024,True,1.0,True,TRUE,DIAGNOSTIC_NOT_POSTERIOR,PRESENT,0.09999999999999998,87322,63599,1459.1551141018676,51.75949173281638
7,0,1,D3,5,Q1,1,1024,1024,1024,True,1.0,True,MC_UNRESOLVED,DIAGNOSTIC_NOT_POSTERIOR,PRESENT,0.0,87322,63599,1459.1551141018676,51.75949173281638
7,0,1,D3,5,Q2,0,1024,1024,1024,True,1.0,True,TRUE,DIAGNOSTIC_NOT_POSTERIOR,PRESENT,1.0,87322,63599,1459.1551141018676,51.75949173281638
7,0,1,D3,5,Q2,0.5,1024,1024,1024,True,1.0,True,TRUE,DIAGNOSTIC_NOT_POSTERIOR,PRESENT,0.5,87322,63599,1459.1551141018676,51.75949173281638
7,0,1,D3,5,Q2,0.75,1024,1024,1024,True,1.0,True,TRUE,DIAGNOSTIC_NOT_POSTERIOR,PRESENT,0.25,87322,63599,1459.1551141018676,51.75949173281638
7,0,1,D3,5,Q2,0.9,1024,1024,1024,True,1.0,True,TRUE,DIAGNOSTIC_NOT_POSTERIOR,PRESENT,0.09999999999999998,87322,63599,1459.1551141018676,51.75949173281638
7,0,1,D3,5,Q2,1,1024,1024,1024,True,1.0,True,MC_UNRESOLVED,DIAGNOSTIC_NOT_POSTERIOR,PRESENT,0.0,87322,63599,1459.1551141018676,51.75949173281638
7,0.5,0,D0,5,Q1,0,1024,1024,1024,True,1.0,True,TRUE,DIAGNOSTIC_NOT_POSTERIOR,PRESENT,1.0,82021,58376,1459.1551141018676,46.99556101447114
7,0.5,0,D0,5,Q1,0.5,1024,1024,1024,True,1.0,True,TRUE,DIAGNOSTIC_NOT_POSTERIOR,PRESENT,0.5,82021,58376,1459.1551141018676,46.99556101447114
7,0.5,0,D0,5,Q1,0.75,1024,1024,1024,True,1.0,True,TRUE,DIAGNOSTIC_NOT_POSTERIOR,PRESENT,0.25,82021,58376,1459.1551141018676,46.99556101447114
7,0.5,0,D0,5,Q1,0.9,1024,1024,1024,True,1.0,True,TRUE,DIAGNOSTIC_NOT_POSTERIOR,PRESENT,0.09999999999999998,82021,58376,1459.1551141018676,46.99556101447114
7,0.5,0,D0,5,Q1,1,1024,1024,1024,True,1.0,True,MC_UNRESOLVED,DIAGNOSTIC_NOT_POSTERIOR,PRESENT,0.0,82021,58376,1459.1551141018676,46.99556101447114
7,0.5,0,D0,5,Q2,0,1024,1024,1024,True,1.0,True,TRUE,DIAGNOSTIC_NOT_POSTERIOR,PRESENT,1.0,82021,58376,1459.1551141018676,46.99556101447114
7,0.5,0,D0,5,Q2,0.5,1024,1024,1024,True,1.0,True,TRUE,DIAGNOSTIC_NOT_POSTERIOR,PRESENT,0.5,82021,58376,1459.1551141018676,46.99556101447114
7,0.5,0,D0,5,Q2,0.75,1024,1024,1024,True,1.0,True,TRUE,DIAGNOSTIC_NOT_POSTERIOR,PRESENT,0.25,82021,58376,1459.1551141018676,46.99556101447114
7,0.5,0,D0,5,Q2,0.9,1024,1024,1024,True,1.0,True,TRUE,DIAGNOSTIC_NOT_POSTERIOR,PRESENT,0.09999999999999998,82021,58376,1459.1551141018676,46.99556101447114
7,0.5,0,D0,5,Q2,1,1024,1024,1024,True,1.0,True,MC_UNRESOLVED,DIAGNOSTIC_NOT_POSTERIOR,PRESENT,0.0,82021,58376,1459.1551141018676,46.99556101447114
7,0.5,0,D3,5,Q1,0,1024,1024,1024,True,1.0,True,TRUE,DIAGNOSTIC_NOT_POSTERIOR,PRESENT,1.0,82021,58376,1459.1551141018676,46.99556101447114
7,0.5,0,D3,5,Q1,0.5,1024,1024,1024,True,1.0,True,TRUE,DIAGNOSTIC_NOT_POSTERIOR,PRESENT,0.5,82021,58376,1459.1551141018676,46.99556101447114
7,0.5,0,D3,5,Q1,0.75,1024,1024,1024,True,1.0,True,TRUE,DIAGNOSTIC_NOT_POSTERIOR,PRESENT,0.25,82021,58376,1459.1551141018676,46.99556101447114
7,0.5,0,D3,5,Q1,0.9,1024,1024,1024,True,1.0,True,TRUE,DIAGNOSTIC_NOT_POSTERIOR,PRESENT,0.09999999999999998,82021,58376,1459.1551141018676,46.99556101447114
7,0.5,0,D3,5,Q1,1,1024,1024,1024,True,1.0,True,MC_UNRESOLVED,DIAGNOSTIC_NOT_POSTERIOR,PRESENT,0.0,82021,58376,1459.1551141018676,46.99556101447114
7,0.5,0,D3,5,Q2,0,1024,1024,1024,True,1.0,True,TRUE,DIAGNOSTIC_NOT_POSTERIOR,PRESENT,1.0,82021,58376,1459.1551141018676,46.99556101447114
7,0.5,0,D3,5,Q2,0.5,1024,1024,1024,True,1.0,True,TRUE,DIAGNOSTIC_NOT_POSTERIOR,PRESENT,0.5,82021,58376,1459.1551141018676,46.99556101447114
7,0.5,0,D3,5,Q2,0.75,1024,1024,1024,True,1.0,True,TRUE,DIAGNOSTIC_NOT_POSTERIOR,PRESENT,0.25,82021,58376,1459.1551141018676,46.99556101447114
7,0.5,0,D3,5,Q2,0.9,1024,1024,1024,True,1.0,True,TRUE,DIAGNOSTIC_NOT_POSTERIOR,PRESENT,0.09999999999999998,82021,58376,1459.1551141018676,46.99556101447114
7,0.5,0,D3,5,Q2,1,1024,1024,1024,True,1.0,True,MC_UNRESOLVED,DIAGNOSTIC_NOT_POSTERIOR,PRESENT,0.0,82021,58376,1459.1551141018676,46.99556101447114
7,0.5,0.5,D0,5,Q1,0,1024,1024,1024,True,1.0,True,TRUE,DIAGNOSTIC_NOT_POSTERIOR,PRESENT,1.0,82021,58376,1459.1551141018676,46.99556101447114
7,0.5,0.5,D0,5,Q1,0.5,1024,1024,1024,True,1.0,True,TRUE,DIAGNOSTIC_NOT_POSTERIOR,PRESENT,0.5,82021,58376,1459.1551141018676,46.99556101447114
7,0.5,0.5,D0,5,Q1,0.75,1024,1024,1024,True,1.0,True,TRUE,DIAGNOSTIC_NOT_POSTERIOR,PRESENT,0.25,82021,58376,1459.1551141018676,46.99556101447114
7,0.5,0.5,D0,5,Q1,0.9,1024,1024,1024,True,1.0,True,TRUE,DIAGNOSTIC_NOT_POSTERIOR,PRESENT,0.09999999999999998,82021,58376,1459.1551141018676,46.99556101447114
7,0.5,0.5,D0,5,Q1,1,1024,1024,1024,True,1.0,True,MC_UNRESOLVED,DIAGNOSTIC_NOT_POSTERIOR,PRESENT,0.0,82021,58376,1459.1551141018676,46.99556101447114
7,0.5,0.5,D0,5,Q2,0,1024,1024,1024,True,1.0,True,TRUE,DIAGNOSTIC_NOT_POSTERIOR,PRESENT,1.0,82021,58376,1459.1551141018676,46.99556101447114
7,0.5,0.5,D0,5,Q2,0.5,1024,1024,1024,True,1.0,True,TRUE,DIAGNOSTIC_NOT_POSTERIOR,PRESENT,0.5,82021,58376,1459.1551141018676,46.99556101447114
7,0.5,0.5,D0,5,Q2,0.75,1024,1024,1024,True,1.0,True,TRUE,DIAGNOSTIC_NOT_POSTERIOR,PRESENT,0.25,82021,58376,1459.1551141018676,46.99556101447114
7,0.5,0.5,D0,5,Q2,0.9,1024,1024,1024,True,1.0,True,TRUE,DIAGNOSTIC_NOT_POSTERIOR,PRESENT,0.09999999999999998,82021,58376,1459.1551141018676,46.99556101447114
7,0.5,0.5,D0,5,Q2,1,1024,1024,1024,True,1.0,True,MC_UNRESOLVED,DIAGNOSTIC_NOT_POSTERIOR,PRESENT,0.0,82021,58376,1459.1551141018676,46.99556101447114
7,0.5,0.5,D3,5,Q1,0,1024,1024,1024,True,1.0,True,TRUE,DIAGNOSTIC_NOT_POSTERIOR,PRESENT,1.0,82021,58376,1459.1551141018676,46.99556101447114
7,0.5,0.5,D3,5,Q1,0.5,1024,1024,1024,True,1.0,True,TRUE,DIAGNOSTIC_NOT_POSTERIOR,PRESENT,0.5,82021,58376,1459.1551141018676,46.99556101447114
7,0.5,0.5,D3,5,Q1,0.75,1024,1024,1024,True,1.0,True,TRUE,DIAGNOSTIC_NOT_POSTERIOR,PRESENT,0.25,82021,58376,1459.1551141018676,46.99556101447114
7,0.5,0.5,D3,5,Q1,0.9,1024,1024,1024,True,1.0,True,TRUE,DIAGNOSTIC_NOT_POSTERIOR,PRESENT,0.09999999999999998,82021,58376,1459.1551141018676,46.99556101447114
7,0.5,0.5,D3,5,Q1,1,1024,1024,1024,True,1.0,True,MC_UNRESOLVED,DIAGNOSTIC_NOT_POSTERIOR,PRESENT,0.0,82021,58376,1459.1551141018676,46.99556101447114
7,0.5,0.5,D3,5,Q2,0,1024,1024,1024,True,1.0,True,TRUE,DIAGNOSTIC_NOT_POSTERIOR,PRESENT,1.0,82021,58376,1459.1551141018676,46.99556101447114
7,0.5,0.5,D3,5,Q2,0.5,1024,1024,1024,True,1.0,True,TRUE,DIAGNOSTIC_NOT_POSTERIOR,PRESENT,0.5,82021,58376,1459.1551141018676,46.99556101447114
7,0.5,0.5,D3,5,Q2,0.75,1024,1024,1024,True,1.0,True,TRUE,DIAGNOSTIC_NOT_POSTERIOR,PRESENT,0.25,82021,58376,1459.1551141018676,46.99556101447114
7,0.5,0.5,D3,5,Q2,0.9,1024,1024,1024,True,1.0,True,TRUE,DIAGNOSTIC_NOT_POSTERIOR,PRESENT,0.09999999999999998,82021,58376,1459.1551141018676,46.99556101447114
7,0.5,0.5,D3,5,Q2,1,1024,1024,1024,True,1.0,True,MC_UNRESOLVED,DIAGNOSTIC_NOT_POSTERIOR,PRESENT,0.0,82021,58376,1459.1551141018676,46.99556101447114
7,0.5,1,D0,5,Q1,0,1024,1024,1024,True,1.0,True,TRUE,DIAGNOSTIC_NOT_POSTERIOR,PRESENT,1.0,82021,58376,1459.1551141018676,46.99556101447114
7,0.5,1,D0,5,Q1,0.5,1024,1024,1024,True,1.0,True,TRUE,DIAGNOSTIC_NOT_POSTERIOR,PRESENT,0.5,82021,58376,1459.1551141018676,46.99556101447114
7,0.5,1,D0,5,Q1,0.75,1024,1024,1024,True,1.0,True,TRUE,DIAGNOSTIC_NOT_POSTERIOR,PRESENT,0.25,82021,58376,1459.1551141018676,46.99556101447114
7,0.5,1,D0,5,Q1,0.9,1024,1024,1024,True,1.0,True,TRUE,DIAGNOSTIC_NOT_POSTERIOR,PRESENT,0.09999999999999998,82021,58376,1459.1551141018676,46.99556101447114
7,0.5,1,D0,5,Q1,1,1024,1024,1024,True,1.0,True,MC_UNRESOLVED,DIAGNOSTIC_NOT_POSTERIOR,PRESENT,0.0,82021,58376,1459.1551141018676,46.99556101447114
7,0.5,1,D0,5,Q2,0,1024,1024,1024,True,1.0,True,TRUE,DIAGNOSTIC_NOT_POSTERIOR,PRESENT,1.0,82021,58376,1459.1551141018676,46.99556101447114
7,0.5,1,D0,5,Q2,0.5,1024,1024,1024,True,1.0,True,TRUE,DIAGNOSTIC_NOT_POSTERIOR,PRESENT,0.5,82021,58376,1459.1551141018676,46.99556101447114
7,0.5,1,D0,5,Q2,0.75,1024,1024,1024,True,1.0,True,TRUE,DIAGNOSTIC_NOT_POSTERIOR,PRESENT,0.25,82021,58376,1459.1551141018676,46.99556101447114
7,0.5,1,D0,5,Q2,0.9,1024,1024,1024,True,1.0,True,TRUE,DIAGNOSTIC_NOT_POSTERIOR,PRESENT,0.09999999999999998,82021,58376,1459.1551141018676,46.99556101447114
7,0.5,1,D0,5,Q2,1,1024,1024,1024,True,1.0,True,MC_UNRESOLVED,DIAGNOSTIC_NOT_POSTERIOR,PRESENT,0.0,82021,58376,1459.1551141018676,46.99556101447114
7,0.5,1,D3,5,Q1,0,1024,1024,1024,True,1.0,True,TRUE,DIAGNOSTIC_NOT_POSTERIOR,PRESENT,1.0,82021,58376,1459.1551141018676,46.99556101447114
7,0.5,1,D3,5,Q1,0.5,1024,1024,1024,True,1.0,True,TRUE,DIAGNOSTIC_NOT_POSTERIOR,PRESENT,0.5,82021,58376,1459.1551141018676,46.99556101447114
7,0.5,1,D3,5,Q1,0.75,1024,1024,1024,True,1.0,True,TRUE,DIAGNOSTIC_NOT_POSTERIOR,PRESENT,0.25,82021,58376,1459.1551141018676,46.99556101447114
7,0.5,1,D3,5,Q1,0.9,1024,1024,1024,True,1.0,True,TRUE,DIAGNOSTIC_NOT_POSTERIOR,PRESENT,0.09999999999999998,82021,58376,1459.1551141018676,46.99556101447114
7,0.5,1,D3,5,Q1,1,1024,1024,1024,True,1.0,True,MC_UNRESOLVED,DIAGNOSTIC_NOT_POSTERIOR,PRESENT,0.0,82021,58376,1459.1551141018676,46.99556101447114
7,0.5,1,D3,5,Q2,0,1024,1024,1024,True,1.0,True,TRUE,DIAGNOSTIC_NOT_POSTERIOR,PRESENT,1.0,82021,58376,1459.1551141018676,46.99556101447114
7,0.5,1,D3,5,Q2,0.5,1024,1024,1024,True,1.0,True,TRUE,DIAGNOSTIC_NOT_POSTERIOR,PRESENT,0.5,82021,58376,1459.1551141018676,46.99556101447114
7,0.5,1,D3,5,Q2,0.75,1024,1024,1024,True,1.0,True,TRUE,DIAGNOSTIC_NOT_POSTERIOR,PRESENT,0.25,82021,58376,1459.1551141018676,46.99556101447114
7,0.5,1,D3,5,Q2,0.9,1024,1024,1024,True,1.0,True,TRUE,DIAGNOSTIC_NOT_POSTERIOR,PRESENT,0.09999999999999998,82021,58376,1459.1551141018676,46.99556101447114
7,0.5,1,D3,5,Q2,1,1024,1024,1024,True,1.0,True,MC_UNRESOLVED,DIAGNOSTIC_NOT_POSTERIOR,PRESENT,0.0,82021,58376,1459.1551141018676,46.99556101447114
8,-0.5,0,D0,5,Q1,0,1024,1024,1024,True,1.0,True,TRUE,DIAGNOSTIC_NOT_POSTERIOR,PRESENT,1.0,89470,65687,1458.1136793817955,63.5857730371729
8,-0.5,0,D0,5,Q1,0.5,1024,1024,1024,True,1.0,True,TRUE,DIAGNOSTIC_NOT_POSTERIOR,PRESENT,0.5,89470,65687,1458.1136793817955,63.5857730371729
8,-0.5,0,D0,5,Q1,0.75,1024,1024,1024,True,1.0,True,TRUE,DIAGNOSTIC_NOT_POSTERIOR,PRESENT,0.25,89470,65687,1458.1136793817955,63.5857730371729
8,-0.5,0,D0,5,Q1,0.9,1024,1024,1024,True,1.0,True,TRUE,DIAGNOSTIC_NOT_POSTERIOR,PRESENT,0.09999999999999998,89470,65687,1458.1136793817955,63.5857730371729
8,-0.5,0,D0,5,Q1,1,1024,1024,1024,True,1.0,True,MC_UNRESOLVED,DIAGNOSTIC_NOT_POSTERIOR,PRESENT,0.0,89470,65687,1458.1136793817955,63.5857730371729
8,-0.5,0,D0,5,Q2,0,1024,1024,1024,True,1.0,True,TRUE,DIAGNOSTIC_NOT_POSTERIOR,PRESENT,1.0,89470,65687,1458.1136793817955,63.5857730371729
8,-0.5,0,D0,5,Q2,0.5,1024,1024,1024,True,1.0,True,TRUE,DIAGNOSTIC_NOT_POSTERIOR,PRESENT,0.5,89470,65687,1458.1136793817955,63.5857730371729
8,-0.5,0,D0,5,Q2,0.75,1024,1024,1024,True,1.0,True,TRUE,DIAGNOSTIC_NOT_POSTERIOR,PRESENT,0.25,89470,65687,1458.1136793817955,63.5857730371729
8,-0.5,0,D0,5,Q2,0.9,1024,1024,1024,True,1.0,True,TRUE,DIAGNOSTIC_NOT_POSTERIOR,PRESENT,0.09999999999999998,89470,65687,1458.1136793817955,63.5857730371729
8,-0.5,0,D0,5,Q2,1,1024,1024,1024,True,1.0,True,MC_UNRESOLVED,DIAGNOSTIC_NOT_POSTERIOR,PRESENT,0.0,89470,65687,1458.1136793817955,63.5857730371729
8,-0.5,0,D3,5,Q1,0,1024,1024,1024,True,1.0,True,TRUE,DIAGNOSTIC_NOT_POSTERIOR,PRESENT,1.0,89470,65687,1458.1136793817955,63.5857730371729
8,-0.5,0,D3,5,Q1,0.5,1024,1024,1024,True,1.0,True,TRUE,DIAGNOSTIC_NOT_POSTERIOR,PRESENT,0.5,89470,65687,1458.1136793817955,63.5857730371729
8,-0.5,0,D3,5,Q1,0.75,1024,1024,1024,True,1.0,True,TRUE,DIAGNOSTIC_NOT_POSTERIOR,PRESENT,0.25,89470,65687,1458.1136793817955,63.5857730371729
8,-0.5,0,D3,5,Q1,0.9,1024,1024,1024,True,1.0,True,TRUE,DIAGNOSTIC_NOT_POSTERIOR,PRESENT,0.09999999999999998,89470,65687,1458.1136793817955,63.5857730371729
8,-0.5,0,D3,5,Q1,1,1024,1024,1024,True,1.0,True,MC_UNRESOLVED,DIAGNOSTIC_NOT_POSTERIOR,PRESENT,0.0,89470,65687,1458.1136793817955,63.5857730371729
8,-0.5,0,D3,5,Q2,0,1024,1024,1024,True,1.0,True,TRUE,DIAGNOSTIC_NOT_POSTERIOR,PRESENT,1.0,89470,65687,1458.1136793817955,63.5857730371729
8,-0.5,0,D3,5,Q2,0.5,1024,1024,1024,True,1.0,True,TRUE,DIAGNOSTIC_NOT_POSTERIOR,PRESENT,0.5,89470,65687,1458.1136793817955,63.5857730371729
8,-0.5,0,D3,5,Q2,0.75,1024,1024,1024,True,1.0,True,TRUE,DIAGNOSTIC_NOT_POSTERIOR,PRESENT,0.25,89470,65687,1458.1136793817955,63.5857730371729
8,-0.5,0,D3,5,Q2,0.9,1024,1024,1024,True,1.0,True,TRUE,DIAGNOSTIC_NOT_POSTERIOR,PRESENT,0.09999999999999998,89470,65687,1458.1136793817955,63.5857730371729
8,-0.5,0,D3,5,Q2,1,1024,1024,1024,True,1.0,True,MC_UNRESOLVED,DIAGNOSTIC_NOT_POSTERIOR,PRESENT,0.0,89470,65687,1458.1136793817955,63.5857730371729
8,-0.5,0.5,D0,5,Q1,0,1024,1024,1024,True,1.0,True,TRUE,DIAGNOSTIC_NOT_POSTERIOR,PRESENT,1.0,89470,65687,1458.1136793817955,63.5857730371729
8,-0.5,0.5,D0,5,Q1,0.5,1024,1024,1024,True,1.0,True,TRUE,DIAGNOSTIC_NOT_POSTERIOR,PRESENT,0.5,89470,65687,1458.1136793817955,63.5857730371729
8,-0.5,0.5,D0,5,Q1,0.75,1024,1024,1024,True,1.0,True,TRUE,DIAGNOSTIC_NOT_POSTERIOR,PRESENT,0.25,89470,65687,1458.1136793817955,63.5857730371729
8,-0.5,0.5,D0,5,Q1,0.9,1024,1024,1024,True,1.0,True,TRUE,DIAGNOSTIC_NOT_POSTERIOR,PRESENT,0.09999999999999998,89470,65687,1458.1136793817955,63.5857730371729
8,-0.5,0.5,D0,5,Q1,1,1024,1024,1024,True,1.0,True,MC_UNRESOLVED,DIAGNOSTIC_NOT_POSTERIOR,PRESENT,0.0,89470,65687,1458.1136793817955,63.5857730371729
8,-0.5,0.5,D0,5,Q2,0,1024,1024,1024,True,1.0,True,TRUE,DIAGNOSTIC_NOT_POSTERIOR,PRESENT,1.0,89470,65687,1458.1136793817955,63.5857730371729
8,-0.5,0.5,D0,5,Q2,0.5,1024,1024,1024,True,1.0,True,TRUE,DIAGNOSTIC_NOT_POSTERIOR,PRESENT,0.5,89470,65687,1458.1136793817955,63.5857730371729
8,-0.5,0.5,D0,5,Q2,0.75,1024,1024,1024,True,1.0,True,TRUE,DIAGNOSTIC_NOT_POSTERIOR,PRESENT,0.25,89470,65687,1458.1136793817955,63.5857730371729
8,-0.5,0.5,D0,5,Q2,0.9,1024,1024,1024,True,1.0,True,TRUE,DIAGNOSTIC_NOT_POSTERIOR,PRESENT,0.09999999999999998,89470,65687,1458.1136793817955,63.5857730371729
8,-0.5,0.5,D0,5,Q2,1,1024,1024,1024,True,1.0,True,MC_UNRESOLVED,DIAGNOSTIC_NOT_POSTERIOR,PRESENT,0.0,89470,65687,1458.1136793817955,63.5857730371729
8,-0.5,0.5,D3,5,Q1,0,1024,1024,1024,True,1.0,True,TRUE,DIAGNOSTIC_NOT_POSTERIOR,PRESENT,1.0,89470,65687,1458.1136793817955,63.5857730371729
8,-0.5,0.5,D3,5,Q1,0.5,1024,1024,1024,True,1.0,True,TRUE,DIAGNOSTIC_NOT_POSTERIOR,PRESENT,0.5,89470,65687,1458.1136793817955,63.5857730371729
8,-0.5,0.5,D3,5,Q1,0.75,1024,1024,1024,True,1.0,True,TRUE,DIAGNOSTIC_NOT_POSTERIOR,PRESENT,0.25,89470,65687,1458.1136793817955,63.5857730371729
8,-0.5,0.5,D3,5,Q1,0.9,1024,1024,1024,True,1.0,True,TRUE,DIAGNOSTIC_NOT_POSTERIOR,PRESENT,0.09999999999999998,89470,65687,1458.1136793817955,63.5857730371729
8,-0.5,0.5,D3,5,Q1,1,1024,1024,1024,True,1.0,True,MC_UNRESOLVED,DIAGNOSTIC_NOT_POSTERIOR,PRESENT,0.0,89470,65687,1458.1136793817955,63.5857730371729
8,-0.5,0.5,D3,5,Q2,0,1024,1024,1024,True,1.0,True,TRUE,DIAGNOSTIC_NOT_POSTERIOR,PRESENT,1.0,89470,65687,1458.1136793817955,63.5857730371729
8,-0.5,0.5,D3,5,Q2,0.5,1024,1024,1024,True,1.0,True,TRUE,DIAGNOSTIC_NOT_POSTERIOR,PRESENT,0.5,89470,65687,1458.1136793817955,63.5857730371729
8,-0.5,0.5,D3,5,Q2,0.75,1024,1024,1024,True,1.0,True,TRUE,DIAGNOSTIC_NOT_POSTERIOR,PRESENT,0.25,89470,65687,1458.1136793817955,63.5857730371729
8,-0.5,0.5,D3,5,Q2,0.9,1024,1024,1024,True,1.0,True,TRUE,DIAGNOSTIC_NOT_POSTERIOR,PRESENT,0.09999999999999998,89470,65687,1458.1136793817955,63.5857730371729
8,-0.5,0.5,D3,5,Q2,1,1024,1024,1024,True,1.0,True,MC_UNRESOLVED,DIAGNOSTIC_NOT_POSTERIOR,PRESENT,0.0,89470,65687,1458.1136793817955,63.5857730371729
8,-0.5,1,D0,5,Q1,0,1024,1024,1024,True,1.0,True,TRUE,DIAGNOSTIC_NOT_POSTERIOR,PRESENT,1.0,89470,65687,1458.1136793817955,63.5857730371729
8,-0.5,1,D0,5,Q1,0.5,1024,1024,1024,True,1.0,True,TRUE,DIAGNOSTIC_NOT_POSTERIOR,PRESENT,0.5,89470,65687,1458.1136793817955,63.5857730371729
8,-0.5,1,D0,5,Q1,0.75,1024,1024,1024,True,1.0,True,TRUE,DIAGNOSTIC_NOT_POSTERIOR,PRESENT,0.25,89470,65687,1458.1136793817955,63.5857730371729
8,-0.5,1,D0,5,Q1,0.9,1024,1024,1024,True,1.0,True,TRUE,DIAGNOSTIC_NOT_POSTERIOR,PRESENT,0.09999999999999998,89470,65687,1458.1136793817955,63.5857730371729
8,-0.5,1,D0,5,Q1,1,1024,1024,1024,True,1.0,True,MC_UNRESOLVED,DIAGNOSTIC_NOT_POSTERIOR,PRESENT,0.0,89470,65687,1458.1136793817955,63.5857730371729
8,-0.5,1,D0,5,Q2,0,1024,1024,1024,True,1.0,True,TRUE,DIAGNOSTIC_NOT_POSTERIOR,PRESENT,1.0,89470,65687,1458.1136793817955,63.5857730371729
8,-0.5,1,D0,5,Q2,0.5,1024,1024,1024,True,1.0,True,TRUE,DIAGNOSTIC_NOT_POSTERIOR,PRESENT,0.5,89470,65687,1458.1136793817955,63.5857730371729
8,-0.5,1,D0,5,Q2,0.75,1024,1024,1024,True,1.0,True,TRUE,DIAGNOSTIC_NOT_POSTERIOR,PRESENT,0.25,89470,65687,1458.1136793817955,63.5857730371729
8,-0.5,1,D0,5,Q2,0.9,1024,1024,1024,True,1.0,True,TRUE,DIAGNOSTIC_NOT_POSTERIOR,PRESENT,0.09999999999999998,89470,65687,1458.1136793817955,63.5857730371729
8,-0.5,1,D0,5,Q2,1,1024,1024,1024,True,1.0,True,MC_UNRESOLVED,DIAGNOSTIC_NOT_POSTERIOR,PRESENT,0.0,89470,65687,1458.1136793817955,63.5857730371729
8,-0.5,1,D3,5,Q1,0,1024,1024,1024,True,1.0,True,TRUE,DIAGNOSTIC_NOT_POSTERIOR,PRESENT,1.0,89470,65687,1458.1136793817955,63.5857730371729
8,-0.5,1,D3,5,Q1,0.5,1024,1024,1024,True,1.0,True,TRUE,DIAGNOSTIC_NOT_POSTERIOR,PRESENT,0.5,89470,65687,1458.1136793817955,63.5857730371729
8,-0.5,1,D3,5,Q1,0.75,1024,1024,1024,True,1.0,True,TRUE,DIAGNOSTIC_NOT_POSTERIOR,PRESENT,0.25,89470,65687,1458.1136793817955,63.5857730371729
8,-0.5,1,D3,5,Q1,0.9,1024,1024,1024,True,1.0,True,TRUE,DIAGNOSTIC_NOT_POSTERIOR,PRESENT,0.09999999999999998,89470,65687,1458.1136793817955,63.5857730371729
8,-0.5,1,D3,5,Q1,1,1024,1024,1024,True,1.0,True,MC_UNRESOLVED,DIAGNOSTIC_NOT_POSTERIOR,PRESENT,0.0,89470,65687,1458.1136793817955,63.5857730371729
8,-0.5,1,D3,5,Q2,0,1024,1024,1024,True,1.0,True,TRUE,DIAGNOSTIC_NOT_POSTERIOR,PRESENT,1.0,89470,65687,1458.1136793817955,63.5857730371729
8,-0.5,1,D3,5,Q2,0.5,1024,1024,1024,True,1.0,True,TRUE,DIAGNOSTIC_NOT_POSTERIOR,PRESENT,0.5,89470,65687,1458.1136793817955,63.5857730371729
8,-0.5,1,D3,5,Q2,0.75,1024,1024,1024,True,1.0,True,TRUE,DIAGNOSTIC_NOT_POSTERIOR,PRESENT,0.25,89470,65687,1458.1136793817955,63.5857730371729
8,-0.5,1,D3,5,Q2,0.9,1024,1024,1024,True,1.0,True,TRUE,DIAGNOSTIC_NOT_POSTERIOR,PRESENT,0.09999999999999998,89470,65687,1458.1136793817955,63.5857730371729
8,-0.5,1,D3,5,Q2,1,1024,1024,1024,True,1.0,True,MC_UNRESOLVED,DIAGNOSTIC_NOT_POSTERIOR,PRESENT,0.0,89470,65687,1458.1136793817955,63.5857730371729
8,0,0,D0,5,Q1,0,1024,1024,1024,True,1.0,True,TRUE,DIAGNOSTIC_NOT_POSTERIOR,PRESENT,1.0,85002,61282,1458.1136793817955,58.04371773309928
8,0,0,D0,5,Q1,0.5,1024,1024,1024,True,1.0,True,TRUE,DIAGNOSTIC_NOT_POSTERIOR,PRESENT,0.5,85002,61282,1458.1136793817955,58.04371773309928
8,0,0,D0,5,Q1,0.75,1024,1024,1024,True,1.0,True,TRUE,DIAGNOSTIC_NOT_POSTERIOR,PRESENT,0.25,85002,61282,1458.1136793817955,58.04371773309928
8,0,0,D0,5,Q1,0.9,1024,1024,1024,True,1.0,True,TRUE,DIAGNOSTIC_NOT_POSTERIOR,PRESENT,0.09999999999999998,85002,61282,1458.1136793817955,58.04371773309928
8,0,0,D0,5,Q1,1,1024,1024,1024,True,1.0,True,MC_UNRESOLVED,DIAGNOSTIC_NOT_POSTERIOR,PRESENT,0.0,85002,61282,1458.1136793817955,58.04371773309928
8,0,0,D0,5,Q2,0,1024,1024,1024,True,1.0,True,TRUE,DIAGNOSTIC_NOT_POSTERIOR,PRESENT,1.0,85002,61282,1458.1136793817955,58.04371773309928
8,0,0,D0,5,Q2,0.5,1024,1024,1024,True,1.0,True,TRUE,DIAGNOSTIC_NOT_POSTERIOR,PRESENT,0.5,85002,61282,1458.1136793817955,58.04371773309928
8,0,0,D0,5,Q2,0.75,1024,1024,1024,True,1.0,True,TRUE,DIAGNOSTIC_NOT_POSTERIOR,PRESENT,0.25,85002,61282,1458.1136793817955,58.04371773309928
8,0,0,D0,5,Q2,0.9,1024,1024,1024,True,1.0,True,TRUE,DIAGNOSTIC_NOT_POSTERIOR,PRESENT,0.09999999999999998,85002,61282,1458.1136793817955,58.04371773309928
8,0,0,D0,5,Q2,1,1024,1024,1024,True,1.0,True,MC_UNRESOLVED,DIAGNOSTIC_NOT_POSTERIOR,PRESENT,0.0,85002,61282,1458.1136793817955,58.04371773309928
8,0,0,D3,5,Q1,0,1024,1024,1024,True,1.0,True,TRUE,DIAGNOSTIC_NOT_POSTERIOR,PRESENT,1.0,85002,61282,1458.1136793817955,58.04371773309928
8,0,0,D3,5,Q1,0.5,1024,1024,1024,True,1.0,True,TRUE,DIAGNOSTIC_NOT_POSTERIOR,PRESENT,0.5,85002,61282,1458.1136793817955,58.04371773309928
8,0,0,D3,5,Q1,0.75,1024,1024,1024,True,1.0,True,TRUE,DIAGNOSTIC_NOT_POSTERIOR,PRESENT,0.25,85002,61282,1458.1136793817955,58.04371773309928
8,0,0,D3,5,Q1,0.9,1024,1024,1024,True,1.0,True,TRUE,DIAGNOSTIC_NOT_POSTERIOR,PRESENT,0.09999999999999998,85002,61282,1458.1136793817955,58.04371773309928
8,0,0,D3,5,Q1,1,1024,1024,1024,True,1.0,True,MC_UNRESOLVED,DIAGNOSTIC_NOT_POSTERIOR,PRESENT,0.0,85002,61282,1458.1136793817955,58.04371773309928
8,0,0,D3,5,Q2,0,1024,1024,1024,True,1.0,True,TRUE,DIAGNOSTIC_NOT_POSTERIOR,PRESENT,1.0,85002,61282,1458.1136793817955,58.04371773309928
8,0,0,D3,5,Q2,0.5,1024,1024,1024,True,1.0,True,TRUE,DIAGNOSTIC_NOT_POSTERIOR,PRESENT,0.5,85002,61282,1458.1136793817955,58.04371773309928
8,0,0,D3,5,Q2,0.75,1024,1024,1024,True,1.0,True,TRUE,DIAGNOSTIC_NOT_POSTERIOR,PRESENT,0.25,85002,61282,1458.1136793817955,58.04371773309928
8,0,0,D3,5,Q2,0.9,1024,1024,1024,True,1.0,True,TRUE,DIAGNOSTIC_NOT_POSTERIOR,PRESENT,0.09999999999999998,85002,61282,1458.1136793817955,58.04371773309928
8,0,0,D3,5,Q2,1,1024,1024,1024,True,1.0,True,MC_UNRESOLVED,DIAGNOSTIC_NOT_POSTERIOR,PRESENT,0.0,85002,61282,1458.1136793817955,58.04371773309928
8,0,0.5,D0,5,Q1,0,1024,1024,1024,True,1.0,True,TRUE,DIAGNOSTIC_NOT_POSTERIOR,PRESENT,1.0,85002,61282,1458.1136793817955,58.04371773309928
8,0,0.5,D0,5,Q1,0.5,1024,1024,1024,True,1.0,True,TRUE,DIAGNOSTIC_NOT_POSTERIOR,PRESENT,0.5,85002,61282,1458.1136793817955,58.04371773309928
8,0,0.5,D0,5,Q1,0.75,1024,1024,1024,True,1.0,True,TRUE,DIAGNOSTIC_NOT_POSTERIOR,PRESENT,0.25,85002,61282,1458.1136793817955,58.04371773309928
8,0,0.5,D0,5,Q1,0.9,1024,1024,1024,True,1.0,True,TRUE,DIAGNOSTIC_NOT_POSTERIOR,PRESENT,0.09999999999999998,85002,61282,1458.1136793817955,58.04371773309928
8,0,0.5,D0,5,Q1,1,1024,1024,1024,True,1.0,True,MC_UNRESOLVED,DIAGNOSTIC_NOT_POSTERIOR,PRESENT,0.0,85002,61282,1458.1136793817955,58.04371773309928
8,0,0.5,D0,5,Q2,0,1024,1024,1024,True,1.0,True,TRUE,DIAGNOSTIC_NOT_POSTERIOR,PRESENT,1.0,85002,61282,1458.1136793817955,58.04371773309928
8,0,0.5,D0,5,Q2,0.5,1024,1024,1024,True,1.0,True,TRUE,DIAGNOSTIC_NOT_POSTERIOR,PRESENT,0.5,85002,61282,1458.1136793817955,58.04371773309928
8,0,0.5,D0,5,Q2,0.75,1024,1024,1024,True,1.0,True,TRUE,DIAGNOSTIC_NOT_POSTERIOR,PRESENT,0.25,85002,61282,1458.1136793817955,58.04371773309928
8,0,0.5,D0,5,Q2,0.9,1024,1024,1024,True,1.0,True,TRUE,DIAGNOSTIC_NOT_POSTERIOR,PRESENT,0.09999999999999998,85002,61282,1458.1136793817955,58.04371773309928
8,0,0.5,D0,5,Q2,1,1024,1024,1024,True,1.0,True,MC_UNRESOLVED,DIAGNOSTIC_NOT_POSTERIOR,PRESENT,0.0,85002,61282,1458.1136793817955,58.04371773309928
8,0,0.5,D3,5,Q1,0,1024,1024,1024,True,1.0,True,TRUE,DIAGNOSTIC_NOT_POSTERIOR,PRESENT,1.0,85002,61282,1458.1136793817955,58.04371773309928
8,0,0.5,D3,5,Q1,0.5,1024,1024,1024,True,1.0,True,TRUE,DIAGNOSTIC_NOT_POSTERIOR,PRESENT,0.5,85002,61282,1458.1136793817955,58.04371773309928
8,0,0.5,D3,5,Q1,0.75,1024,1024,1024,True,1.0,True,TRUE,DIAGNOSTIC_NOT_POSTERIOR,PRESENT,0.25,85002,61282,1458.1136793817955,58.04371773309928
8,0,0.5,D3,5,Q1,0.9,1024,1024,1024,True,1.0,True,TRUE,DIAGNOSTIC_NOT_POSTERIOR,PRESENT,0.09999999999999998,85002,61282,1458.1136793817955,58.04371773309928
8,0,0.5,D3,5,Q1,1,1024,1024,1024,True,1.0,True,MC_UNRESOLVED,DIAGNOSTIC_NOT_POSTERIOR,PRESENT,0.0,85002,61282,1458.1136793817955,58.04371773309928
8,0,0.5,D3,5,Q2,0,1024,1024,1024,True,1.0,True,TRUE,DIAGNOSTIC_NOT_POSTERIOR,PRESENT,1.0,85002,61282,1458.1136793817955,58.04371773309928
8,0,0.5,D3,5,Q2,0.5,1024,1024,1024,True,1.0,True,TRUE,DIAGNOSTIC_NOT_POSTERIOR,PRESENT,0.5,85002,61282,1458.1136793817955,58.04371773309928
8,0,0.5,D3,5,Q2,0.75,1024,1024,1024,True,1.0,True,TRUE,DIAGNOSTIC_NOT_POSTERIOR,PRESENT,0.25,85002,61282,1458.1136793817955,58.04371773309928
8,0,0.5,D3,5,Q2,0.9,1024,1024,1024,True,1.0,True,TRUE,DIAGNOSTIC_NOT_POSTERIOR,PRESENT,0.09999999999999998,85002,61282,1458.1136793817955,58.04371773309928
8,0,0.5,D3,5,Q2,1,1024,1024,1024,True,1.0,True,MC_UNRESOLVED,DIAGNOSTIC_NOT_POSTERIOR,PRESENT,0.0,85002,61282,1458.1136793817955,58.04371773309928
8,0,1,D0,5,Q1,0,1024,1024,1024,True,1.0,True,TRUE,DIAGNOSTIC_NOT_POSTERIOR,PRESENT,1.0,85002,61282,1458.1136793817955,58.04371773309928
8,0,1,D0,5,Q1,0.5,1024,1024,1024,True,1.0,True,TRUE,DIAGNOSTIC_NOT_POSTERIOR,PRESENT,0.5,85002,61282,1458.1136793817955,58.04371773309928
8,0,1,D0,5,Q1,0.75,1024,1024,1024,True,1.0,True,TRUE,DIAGNOSTIC_NOT_POSTERIOR,PRESENT,0.25,85002,61282,1458.1136793817955,58.04371773309928
8,0,1,D0,5,Q1,0.9,1024,1024,1024,True,1.0,True,TRUE,DIAGNOSTIC_NOT_POSTERIOR,PRESENT,0.09999999999999998,85002,61282,1458.1136793817955,58.04371773309928
8,0,1,D0,5,Q1,1,1024,1024,1024,True,1.0,True,MC_UNRESOLVED,DIAGNOSTIC_NOT_POSTERIOR,PRESENT,0.0,85002,61282,1458.1136793817955,58.04371773309928
8,0,1,D0,5,Q2,0,1024,1024,1024,True,1.0,True,TRUE,DIAGNOSTIC_NOT_POSTERIOR,PRESENT,1.0,85002,61282,1458.1136793817955,58.04371773309928
8,0,1,D0,5,Q2,0.5,1024,1024,1024,True,1.0,True,TRUE,DIAGNOSTIC_NOT_POSTERIOR,PRESENT,0.5,85002,61282,1458.1136793817955,58.04371773309928
8,0,1,D0,5,Q2,0.75,1024,1024,1024,True,1.0,True,TRUE,DIAGNOSTIC_NOT_POSTERIOR,PRESENT,0.25,85002,61282,1458.1136793817955,58.04371773309928
8,0,1,D0,5,Q2,0.9,1024,1024,1024,True,1.0,True,TRUE,DIAGNOSTIC_NOT_POSTERIOR,PRESENT,0.09999999999999998,85002,61282,1458.1136793817955,58.04371773309928
8,0,1,D0,5,Q2,1,1024,1024,1024,True,1.0,True,MC_UNRESOLVED,DIAGNOSTIC_NOT_POSTERIOR,PRESENT,0.0,85002,61282,1458.1136793817955,58.04371773309928
8,0,1,D3,5,Q1,0,1024,1024,1024,True,1.0,True,TRUE,DIAGNOSTIC_NOT_POSTERIOR,PRESENT,1.0,85002,61282,1458.1136793817955,58.04371773309928
8,0,1,D3,5,Q1,0.5,1024,1024,1024,True,1.0,True,TRUE,DIAGNOSTIC_NOT_POSTERIOR,PRESENT,0.5,85002,61282,1458.1136793817955,58.04371773309928
8,0,1,D3,5,Q1,0.75,1024,1024,1024,True,1.0,True,TRUE,DIAGNOSTIC_NOT_POSTERIOR,PRESENT,0.25,85002,61282,1458.1136793817955,58.04371773309928
8,0,1,D3,5,Q1,0.9,1024,1024,1024,True,1.0,True,TRUE,DIAGNOSTIC_NOT_POSTERIOR,PRESENT,0.09999999999999998,85002,61282,1458.1136793817955,58.04371773309928
8,0,1,D3,5,Q1,1,1024,1024,1024,True,1.0,True,MC_UNRESOLVED,DIAGNOSTIC_NOT_POSTERIOR,PRESENT,0.0,85002,61282,1458.1136793817955,58.04371773309928
8,0,1,D3,5,Q2,0,1024,1024,1024,True,1.0,True,TRUE,DIAGNOSTIC_NOT_POSTERIOR,PRESENT,1.0,85002,61282,1458.1136793817955,58.04371773309928
8,0,1,D3,5,Q2,0.5,1024,1024,1024,True,1.0,True,TRUE,DIAGNOSTIC_NOT_POSTERIOR,PRESENT,0.5,85002,61282,1458.1136793817955,58.04371773309928
8,0,1,D3,5,Q2,0.75,1024,1024,1024,True,1.0,True,TRUE,DIAGNOSTIC_NOT_POSTERIOR,PRESENT,0.25,85002,61282,1458.1136793817955,58.04371773309928
8,0,1,D3,5,Q2,0.9,1024,1024,1024,True,1.0,True,TRUE,DIAGNOSTIC_NOT_POSTERIOR,PRESENT,0.09999999999999998,85002,61282,1458.1136793817955,58.04371773309928
8,0,1,D3,5,Q2,1,1024,1024,1024,True,1.0,True,MC_UNRESOLVED,DIAGNOSTIC_NOT_POSTERIOR,PRESENT,0.0,85002,61282,1458.1136793817955,58.04371773309928
8,0.5,0,D0,5,Q1,0,1024,1024,1024,True,1.0,True,TRUE,DIAGNOSTIC_NOT_POSTERIOR,PRESENT,1.0,79427,55786,1458.1136793817955,51.51019464155402
8,0.5,0,D0,5,Q1,0.5,1024,1024,1024,True,1.0,True,TRUE,DIAGNOSTIC_NOT_POSTERIOR,PRESENT,0.5,79427,55786,1458.1136793817955,51.51019464155402
8,0.5,0,D0,5,Q1,0.75,1024,1024,1024,True,1.0,True,TRUE,DIAGNOSTIC_NOT_POSTERIOR,PRESENT,0.25,79427,55786,1458.1136793817955,51.51019464155402
8,0.5,0,D0,5,Q1,0.9,1024,1024,1024,True,1.0,True,TRUE,DIAGNOSTIC_NOT_POSTERIOR,PRESENT,0.09999999999999998,79427,55786,1458.1136793817955,51.51019464155402
8,0.5,0,D0,5,Q1,1,1024,1024,1024,True,1.0,True,MC_UNRESOLVED,DIAGNOSTIC_NOT_POSTERIOR,PRESENT,0.0,79427,55786,1458.1136793817955,51.51019464155402
8,0.5,0,D0,5,Q2,0,1024,1024,1024,True,1.0,True,TRUE,DIAGNOSTIC_NOT_POSTERIOR,PRESENT,1.0,79427,55786,1458.1136793817955,51.51019464155402
8,0.5,0,D0,5,Q2,0.5,1024,1024,1024,True,1.0,True,TRUE,DIAGNOSTIC_NOT_POSTERIOR,PRESENT,0.5,79427,55786,1458.1136793817955,51.51019464155402
8,0.5,0,D0,5,Q2,0.75,1024,1024,1024,True,1.0,True,TRUE,DIAGNOSTIC_NOT_POSTERIOR,PRESENT,0.25,79427,55786,1458.1136793817955,51.51019464155402
8,0.5,0,D0,5,Q2,0.9,1024,1024,1024,True,1.0,True,TRUE,DIAGNOSTIC_NOT_POSTERIOR,PRESENT,0.09999999999999998,79427,55786,1458.1136793817955,51.51019464155402
8,0.5,0,D0,5,Q2,1,1024,1024,1024,True,1.0,True,MC_UNRESOLVED,DIAGNOSTIC_NOT_POSTERIOR,PRESENT,0.0,79427,55786,1458.1136793817955,51.51019464155402
8,0.5,0,D3,5,Q1,0,1024,1024,1024,True,1.0,True,TRUE,DIAGNOSTIC_NOT_POSTERIOR,PRESENT,1.0,79427,55786,1458.1136793817955,51.51019464155402
8,0.5,0,D3,5,Q1,0.5,1024,1024,1024,True,1.0,True,TRUE,DIAGNOSTIC_NOT_POSTERIOR,PRESENT,0.5,79427,55786,1458.1136793817955,51.51019464155402
8,0.5,0,D3,5,Q1,0.75,1024,1024,1024,True,1.0,True,TRUE,DIAGNOSTIC_NOT_POSTERIOR,PRESENT,0.25,79427,55786,1458.1136793817955,51.51019464155402
8,0.5,0,D3,5,Q1,0.9,1024,1024,1024,True,1.0,True,TRUE,DIAGNOSTIC_NOT_POSTERIOR,PRESENT,0.09999999999999998,79427,55786,1458.1136793817955,51.51019464155402
8,0.5,0,D3,5,Q1,1,1024,1024,1024,True,1.0,True,MC_UNRESOLVED,DIAGNOSTIC_NOT_POSTERIOR,PRESENT,0.0,79427,55786,1458.1136793817955,51.51019464155402
8,0.5,0,D3,5,Q2,0,1024,1024,1024,True,1.0,True,TRUE,DIAGNOSTIC_NOT_POSTERIOR,PRESENT,1.0,79427,55786,1458.1136793817955,51.51019464155402
8,0.5,0,D3,5,Q2,0.5,1024,1024,1024,True,1.0,True,TRUE,DIAGNOSTIC_NOT_POSTERIOR,PRESENT,0.5,79427,55786,1458.1136793817955,51.51019464155402
8,0.5,0,D3,5,Q2,0.75,1024,1024,1024,True,1.0,True,TRUE,DIAGNOSTIC_NOT_POSTERIOR,PRESENT,0.25,79427,55786,1458.1136793817955,51.51019464155402
8,0.5,0,D3,5,Q2,0.9,1024,1024,1024,True,1.0,True,TRUE,DIAGNOSTIC_NOT_POSTERIOR,PRESENT,0.09999999999999998,79427,55786,1458.1136793817955,51.51019464155402
8,0.5,0,D3,5,Q2,1,1024,1024,1024,True,1.0,True,MC_UNRESOLVED,DIAGNOSTIC_NOT_POSTERIOR,PRESENT,0.0,79427,55786,1458.1136793817955,51.51019464155402
8,0.5,0.5,D0,5,Q1,0,1024,1024,1024,True,1.0,True,TRUE,DIAGNOSTIC_NOT_POSTERIOR,PRESENT,1.0,79427,55786,1458.1136793817955,51.51019464155402
8,0.5,0.5,D0,5,Q1,0.5,1024,1024,1024,True,1.0,True,TRUE,DIAGNOSTIC_NOT_POSTERIOR,PRESENT,0.5,79427,55786,1458.1136793817955,51.51019464155402
8,0.5,0.5,D0,5,Q1,0.75,1024,1024,1024,True,1.0,True,TRUE,DIAGNOSTIC_NOT_POSTERIOR,PRESENT,0.25,79427,55786,1458.1136793817955,51.51019464155402
8,0.5,0.5,D0,5,Q1,0.9,1024,1024,1024,True,1.0,True,TRUE,DIAGNOSTIC_NOT_POSTERIOR,PRESENT,0.09999999999999998,79427,55786,1458.1136793817955,51.51019464155402
8,0.5,0.5,D0,5,Q1,1,1024,1024,1024,True,1.0,True,MC_UNRESOLVED,DIAGNOSTIC_NOT_POSTERIOR,PRESENT,0.0,79427,55786,1458.1136793817955,51.51019464155402
8,0.5,0.5,D0,5,Q2,0,1024,1024,1024,True,1.0,True,TRUE,DIAGNOSTIC_NOT_POSTERIOR,PRESENT,1.0,79427,55786,1458.1136793817955,51.51019464155402
8,0.5,0.5,D0,5,Q2,0.5,1024,1024,1024,True,1.0,True,TRUE,DIAGNOSTIC_NOT_POSTERIOR,PRESENT,0.5,79427,55786,1458.1136793817955,51.51019464155402
8,0.5,0.5,D0,5,Q2,0.75,1024,1024,1024,True,1.0,True,TRUE,DIAGNOSTIC_NOT_POSTERIOR,PRESENT,0.25,79427,55786,1458.1136793817955,51.51019464155402
8,0.5,0.5,D0,5,Q2,0.9,1024,1024,1024,True,1.0,True,TRUE,DIAGNOSTIC_NOT_POSTERIOR,PRESENT,0.09999999999999998,79427,55786,1458.1136793817955,51.51019464155402
8,0.5,0.5,D0,5,Q2,1,1024,1024,1024,True,1.0,True,MC_UNRESOLVED,DIAGNOSTIC_NOT_POSTERIOR,PRESENT,0.0,79427,55786,1458.1136793817955,51.51019464155402
8,0.5,0.5,D3,5,Q1,0,1024,1024,1024,True,1.0,True,TRUE,DIAGNOSTIC_NOT_POSTERIOR,PRESENT,1.0,79427,55786,1458.1136793817955,51.51019464155402
8,0.5,0.5,D3,5,Q1,0.5,1024,1024,1024,True,1.0,True,TRUE,DIAGNOSTIC_NOT_POSTERIOR,PRESENT,0.5,79427,55786,1458.1136793817955,51.51019464155402
8,0.5,0.5,D3,5,Q1,0.75,1024,1024,1024,True,1.0,True,TRUE,DIAGNOSTIC_NOT_POSTERIOR,PRESENT,0.25,79427,55786,1458.1136793817955,51.51019464155402
8,0.5,0.5,D3,5,Q1,0.9,1024,1024,1024,True,1.0,True,TRUE,DIAGNOSTIC_NOT_POSTERIOR,PRESENT,0.09999999999999998,79427,55786,1458.1136793817955,51.51019464155402
8,0.5,0.5,D3,5,Q1,1,1024,1024,1024,True,1.0,True,MC_UNRESOLVED,DIAGNOSTIC_NOT_POSTERIOR,PRESENT,0.0,79427,55786,1458.1136793817955,51.51019464155402
8,0.5,0.5,D3,5,Q2,0,1024,1024,1024,True,1.0,True,TRUE,DIAGNOSTIC_NOT_POSTERIOR,PRESENT,1.0,79427,55786,1458.1136793817955,51.51019464155402
8,0.5,0.5,D3,5,Q2,0.5,1024,1024,1024,True,1.0,True,TRUE,DIAGNOSTIC_NOT_POSTERIOR,PRESENT,0.5,79427,55786,1458.1136793817955,51.51019464155402
8,0.5,0.5,D3,5,Q2,0.75,1024,1024,1024,True,1.0,True,TRUE,DIAGNOSTIC_NOT_POSTERIOR,PRESENT,0.25,79427,55786,1458.1136793817955,51.51019464155402
8,0.5,0.5,D3,5,Q2,0.9,1024,1024,1024,True,1.0,True,TRUE,DIAGNOSTIC_NOT_POSTERIOR,PRESENT,0.09999999999999998,79427,55786,1458.1136793817955,51.51019464155402
8,0.5,0.5,D3,5,Q2,1,1024,1024,1024,True,1.0,True,MC_UNRESOLVED,DIAGNOSTIC_NOT_POSTERIOR,PRESENT,0.0,79427,55786,1458.1136793817955,51.51019464155402
8,0.5,1,D0,5,Q1,0,1024,1024,1024,True,1.0,True,TRUE,DIAGNOSTIC_NOT_POSTERIOR,PRESENT,1.0,79427,55786,1458.1136793817955,51.51019464155402
8,0.5,1,D0,5,Q1,0.5,1024,1024,1024,True,1.0,True,TRUE,DIAGNOSTIC_NOT_POSTERIOR,PRESENT,0.5,79427,55786,1458.1136793817955,51.51019464155402
8,0.5,1,D0,5,Q1,0.75,1024,1024,1024,True,1.0,True,TRUE,DIAGNOSTIC_NOT_POSTERIOR,PRESENT,0.25,79427,55786,1458.1136793817955,51.51019464155402
8,0.5,1,D0,5,Q1,0.9,1024,1024,1024,True,1.0,True,TRUE,DIAGNOSTIC_NOT_POSTERIOR,PRESENT,0.09999999999999998,79427,55786,1458.1136793817955,51.51019464155402
8,0.5,1,D0,5,Q1,1,1024,1024,1024,True,1.0,True,MC_UNRESOLVED,DIAGNOSTIC_NOT_POSTERIOR,PRESENT,0.0,79427,55786,1458.1136793817955,51.51019464155402
8,0.5,1,D0,5,Q2,0,1024,1024,1024,True,1.0,True,TRUE,DIAGNOSTIC_NOT_POSTERIOR,PRESENT,1.0,79427,55786,1458.1136793817955,51.51019464155402
8,0.5,1,D0,5,Q2,0.5,1024,1024,1024,True,1.0,True,TRUE,DIAGNOSTIC_NOT_POSTERIOR,PRESENT,0.5,79427,55786,1458.1136793817955,51.51019464155402
8,0.5,1,D0,5,Q2,0.75,1024,1024,1024,True,1.0,True,TRUE,DIAGNOSTIC_NOT_POSTERIOR,PRESENT,0.25,79427,55786,1458.1136793817955,51.51019464155402
8,0.5,1,D0,5,Q2,0.9,1024,1024,1024,True,1.0,True,TRUE,DIAGNOSTIC_NOT_POSTERIOR,PRESENT,0.09999999999999998,79427,55786,1458.1136793817955,51.51019464155402
8,0.5,1,D0,5,Q2,1,1024,1024,1024,True,1.0,True,MC_UNRESOLVED,DIAGNOSTIC_NOT_POSTERIOR,PRESENT,0.0,79427,55786,1458.1136793817955,51.51019464155402
8,0.5,1,D3,5,Q1,0,1024,1024,1024,True,1.0,True,TRUE,DIAGNOSTIC_NOT_POSTERIOR,PRESENT,1.0,79427,55786,1458.1136793817955,51.51019464155402
8,0.5,1,D3,5,Q1,0.5,1024,1024,1024,True,1.0,True,TRUE,DIAGNOSTIC_NOT_POSTERIOR,PRESENT,0.5,79427,55786,1458.1136793817955,51.51019464155402
8,0.5,1,D3,5,Q1,0.75,1024,1024,1024,True,1.0,True,TRUE,DIAGNOSTIC_NOT_POSTERIOR,PRESENT,0.25,79427,55786,1458.1136793817955,51.51019464155402
8,0.5,1,D3,5,Q1,0.9,1024,1024,1024,True,1.0,True,TRUE,DIAGNOSTIC_NOT_POSTERIOR,PRESENT,0.09999999999999998,79427,55786,1458.1136793817955,51.51019464155402
8,0.5,1,D3,5,Q1,1,1024,1024,1024,True,1.0,True,MC_UNRESOLVED,DIAGNOSTIC_NOT_POSTERIOR,PRESENT,0.0,79427,55786,1458.1136793817955,51.51019464155402
8,0.5,1,D3,5,Q2,0,1024,1024,1024,True,1.0,True,TRUE,DIAGNOSTIC_NOT_POSTERIOR,PRESENT,1.0,79427,55786,1458.1136793817955,51.51019464155402
8,0.5,1,D3,5,Q2,0.5,1024,1024,1024,True,1.0,True,TRUE,DIAGNOSTIC_NOT_POSTERIOR,PRESENT,0.5,79427,55786,1458.1136793817955,51.51019464155402
8,0.5,1,D3,5,Q2,0.75,1024,1024,1024,True,1.0,True,TRUE,DIAGNOSTIC_NOT_POSTERIOR,PRESENT,0.25,79427,55786,1458.1136793817955,51.51019464155402
8,0.5,1,D3,5,Q2,0.9,1024,1024,1024,True,1.0,True,TRUE,DIAGNOSTIC_NOT_POSTERIOR,PRESENT,0.09999999999999998,79427,55786,1458.1136793817955,51.51019464155402
8,0.5,1,D3,5,Q2,1,1024,1024,1024,True,1.0,True,MC_UNRESOLVED,DIAGNOSTIC_NOT_POSTERIOR,PRESENT,0.0,79427,55786,1458.1136793817955,51.51019464155402
9,-0.5,0,D0,5,Q1,0,1024,1024,1024,True,1.0,True,TRUE,DIAGNOSTIC_NOT_POSTERIOR,PRESENT,1.0,96763,72945,1465.0686055967938,63.76247603647038
9,-0.5,0,D0,5,Q1,0.5,1024,1024,1024,True,1.0,True,TRUE,DIAGNOSTIC_NOT_POSTERIOR,PRESENT,0.5,96763,72945,1465.0686055967938,63.76247603647038
9,-0.5,0,D0,5,Q1,0.75,1024,1024,1024,True,1.0,True,TRUE,DIAGNOSTIC_NOT_POSTERIOR,PRESENT,0.25,96763,72945,1465.0686055967938,63.76247603647038
9,-0.5,0,D0,5,Q1,0.9,1024,1024,1024,True,1.0,True,TRUE,DIAGNOSTIC_NOT_POSTERIOR,PRESENT,0.09999999999999998,96763,72945,1465.0686055967938,63.76247603647038
9,-0.5,0,D0,5,Q1,1,1024,1024,1024,True,1.0,True,MC_UNRESOLVED,DIAGNOSTIC_NOT_POSTERIOR,PRESENT,0.0,96763,72945,1465.0686055967938,63.76247603647038
9,-0.5,0,D0,5,Q2,0,1024,1024,1024,True,1.0,True,TRUE,DIAGNOSTIC_NOT_POSTERIOR,PRESENT,1.0,96763,72945,1465.0686055967938,63.76247603647038
9,-0.5,0,D0,5,Q2,0.5,1024,1024,1024,True,1.0,True,TRUE,DIAGNOSTIC_NOT_POSTERIOR,PRESENT,0.5,96763,72945,1465.0686055967938,63.76247603647038
9,-0.5,0,D0,5,Q2,0.75,1024,1024,1024,True,1.0,True,TRUE,DIAGNOSTIC_NOT_POSTERIOR,PRESENT,0.25,96763,72945,1465.0686055967938,63.76247603647038
9,-0.5,0,D0,5,Q2,0.9,1024,1024,1024,True,1.0,True,TRUE,DIAGNOSTIC_NOT_POSTERIOR,PRESENT,0.09999999999999998,96763,72945,1465.0686055967938,63.76247603647038
9,-0.5,0,D0,5,Q2,1,1024,1024,1024,True,1.0,True,MC_UNRESOLVED,DIAGNOSTIC_NOT_POSTERIOR,PRESENT,0.0,96763,72945,1465.0686055967938,63.76247603647038
9,-0.5,0,D3,5,Q1,0,1024,1024,1024,True,1.0,True,TRUE,DIAGNOSTIC_NOT_POSTERIOR,PRESENT,1.0,96763,72945,1465.0686055967938,63.76247603647038
9,-0.5,0,D3,5,Q1,0.5,1024,1024,1024,True,1.0,True,TRUE,DIAGNOSTIC_NOT_POSTERIOR,PRESENT,0.5,96763,72945,1465.0686055967938,63.76247603647038
9,-0.5,0,D3,5,Q1,0.75,1024,1024,1024,True,1.0,True,TRUE,DIAGNOSTIC_NOT_POSTERIOR,PRESENT,0.25,96763,72945,1465.0686055967938,63.76247603647038
9,-0.5,0,D3,5,Q1,0.9,1024,1024,1024,True,1.0,True,TRUE,DIAGNOSTIC_NOT_POSTERIOR,PRESENT,0.09999999999999998,96763,72945,1465.0686055967938,63.76247603647038
9,-0.5,0,D3,5,Q1,1,1024,1024,1024,True,1.0,True,MC_UNRESOLVED,DIAGNOSTIC_NOT_POSTERIOR,PRESENT,0.0,96763,72945,1465.0686055967938,63.76247603647038
9,-0.5,0,D3,5,Q2,0,1024,1024,1024,True,1.0,True,TRUE,DIAGNOSTIC_NOT_POSTERIOR,PRESENT,1.0,96763,72945,1465.0686055967938,63.76247603647038
9,-0.5,0,D3,5,Q2,0.5,1024,1024,1024,True,1.0,True,TRUE,DIAGNOSTIC_NOT_POSTERIOR,PRESENT,0.5,96763,72945,1465.0686055967938,63.76247603647038
9,-0.5,0,D3,5,Q2,0.75,1024,1024,1024,True,1.0,True,TRUE,DIAGNOSTIC_NOT_POSTERIOR,PRESENT,0.25,96763,72945,1465.0686055967938,63.76247603647038
9,-0.5,0,D3,5,Q2,0.9,1024,1024,1024,True,1.0,True,TRUE,DIAGNOSTIC_NOT_POSTERIOR,PRESENT,0.09999999999999998,96763,72945,1465.0686055967938,63.76247603647038
9,-0.5,0,D3,5,Q2,1,1024,1024,1024,True,1.0,True,MC_UNRESOLVED,DIAGNOSTIC_NOT_POSTERIOR,PRESENT,0.0,96763,72945,1465.0686055967938,63.76247603647038
9,-0.5,0.5,D0,5,Q1,0,1024,1024,1024,True,1.0,True,TRUE,DIAGNOSTIC_NOT_POSTERIOR,PRESENT,1.0,96763,72945,1465.0686055967938,63.76247603647038
9,-0.5,0.5,D0,5,Q1,0.5,1024,1024,1024,True,1.0,True,TRUE,DIAGNOSTIC_NOT_POSTERIOR,PRESENT,0.5,96763,72945,1465.0686055967938,63.76247603647038
9,-0.5,0.5,D0,5,Q1,0.75,1024,1024,1024,True,1.0,True,TRUE,DIAGNOSTIC_NOT_POSTERIOR,PRESENT,0.25,96763,72945,1465.0686055967938,63.76247603647038
9,-0.5,0.5,D0,5,Q1,0.9,1024,1024,1024,True,1.0,True,TRUE,DIAGNOSTIC_NOT_POSTERIOR,PRESENT,0.09999999999999998,96763,72945,1465.0686055967938,63.76247603647038
9,-0.5,0.5,D0,5,Q1,1,1024,1024,1024,True,1.0,True,MC_UNRESOLVED,DIAGNOSTIC_NOT_POSTERIOR,PRESENT,0.0,96763,72945,1465.0686055967938,63.76247603647038
9,-0.5,0.5,D0,5,Q2,0,1024,1024,1024,True,1.0,True,TRUE,DIAGNOSTIC_NOT_POSTERIOR,PRESENT,1.0,96763,72945,1465.0686055967938,63.76247603647038
9,-0.5,0.5,D0,5,Q2,0.5,1024,1024,1024,True,1.0,True,TRUE,DIAGNOSTIC_NOT_POSTERIOR,PRESENT,0.5,96763,72945,1465.0686055967938,63.76247603647038
9,-0.5,0.5,D0,5,Q2,0.75,1024,1024,1024,True,1.0,True,TRUE,DIAGNOSTIC_NOT_POSTERIOR,PRESENT,0.25,96763,72945,1465.0686055967938,63.76247603647038
9,-0.5,0.5,D0,5,Q2,0.9,1024,1024,1024,True,1.0,True,TRUE,DIAGNOSTIC_NOT_POSTERIOR,PRESENT,0.09999999999999998,96763,72945,1465.0686055967938,63.76247603647038
9,-0.5,0.5,D0,5,Q2,1,1024,1024,1024,True,1.0,True,MC_UNRESOLVED,DIAGNOSTIC_NOT_POSTERIOR,PRESENT,0.0,96763,72945,1465.0686055967938,63.76247603647038
9,-0.5,0.5,D3,5,Q1,0,1024,1024,1024,True,1.0,True,TRUE,DIAGNOSTIC_NOT_POSTERIOR,PRESENT,1.0,96763,72945,1465.0686055967938,63.76247603647038
9,-0.5,0.5,D3,5,Q1,0.5,1024,1024,1024,True,1.0,True,TRUE,DIAGNOSTIC_NOT_POSTERIOR,PRESENT,0.5,96763,72945,1465.0686055967938,63.76247603647038
9,-0.5,0.5,D3,5,Q1,0.75,1024,1024,1024,True,1.0,True,TRUE,DIAGNOSTIC_NOT_POSTERIOR,PRESENT,0.25,96763,72945,1465.0686055967938,63.76247603647038
9,-0.5,0.5,D3,5,Q1,0.9,1024,1024,1024,True,1.0,True,TRUE,DIAGNOSTIC_NOT_POSTERIOR,PRESENT,0.09999999999999998,96763,72945,1465.0686055967938,63.76247603647038
9,-0.5,0.5,D3,5,Q1,1,1024,1024,1024,True,1.0,True,MC_UNRESOLVED,DIAGNOSTIC_NOT_POSTERIOR,PRESENT,0.0,96763,72945,1465.0686055967938,63.76247603647038
9,-0.5,0.5,D3,5,Q2,0,1024,1024,1024,True,1.0,True,TRUE,DIAGNOSTIC_NOT_POSTERIOR,PRESENT,1.0,96763,72945,1465.0686055967938,63.76247603647038
9,-0.5,0.5,D3,5,Q2,0.5,1024,1024,1024,True,1.0,True,TRUE,DIAGNOSTIC_NOT_POSTERIOR,PRESENT,0.5,96763,72945,1465.0686055967938,63.76247603647038
9,-0.5,0.5,D3,5,Q2,0.75,1024,1024,1024,True,1.0,True,TRUE,DIAGNOSTIC_NOT_POSTERIOR,PRESENT,0.25,96763,72945,1465.0686055967938,63.76247603647038
9,-0.5,0.5,D3,5,Q2,0.9,1024,1024,1024,True,1.0,True,TRUE,DIAGNOSTIC_NOT_POSTERIOR,PRESENT,0.09999999999999998,96763,72945,1465.0686055967938,63.76247603647038
9,-0.5,0.5,D3,5,Q2,1,1024,1024,1024,True,1.0,True,MC_UNRESOLVED,DIAGNOSTIC_NOT_POSTERIOR,PRESENT,0.0,96763,72945,1465.0686055967938,63.76247603647038
9,-0.5,1,D0,5,Q1,0,1024,1024,1024,True,1.0,True,TRUE,DIAGNOSTIC_NOT_POSTERIOR,PRESENT,1.0,96763,72945,1465.0686055967938,63.76247603647038
9,-0.5,1,D0,5,Q1,0.5,1024,1024,1024,True,1.0,True,TRUE,DIAGNOSTIC_NOT_POSTERIOR,PRESENT,0.5,96763,72945,1465.0686055967938,63.76247603647038
9,-0.5,1,D0,5,Q1,0.75,1024,1024,1024,True,1.0,True,TRUE,DIAGNOSTIC_NOT_POSTERIOR,PRESENT,0.25,96763,72945,1465.0686055967938,63.76247603647038
9,-0.5,1,D0,5,Q1,0.9,1024,1024,1024,True,1.0,True,TRUE,DIAGNOSTIC_NOT_POSTERIOR,PRESENT,0.09999999999999998,96763,72945,1465.0686055967938,63.76247603647038
9,-0.5,1,D0,5,Q1,1,1024,1024,1024,True,1.0,True,MC_UNRESOLVED,DIAGNOSTIC_NOT_POSTERIOR,PRESENT,0.0,96763,72945,1465.0686055967938,63.76247603647038
9,-0.5,1,D0,5,Q2,0,1024,1024,1024,True,1.0,True,TRUE,DIAGNOSTIC_NOT_POSTERIOR,PRESENT,1.0,96763,72945,1465.0686055967938,63.76247603647038
9,-0.5,1,D0,5,Q2,0.5,1024,1024,1024,True,1.0,True,TRUE,DIAGNOSTIC_NOT_POSTERIOR,PRESENT,0.5,96763,72945,1465.0686055967938,63.76247603647038
9,-0.5,1,D0,5,Q2,0.75,1024,1024,1024,True,1.0,True,TRUE,DIAGNOSTIC_NOT_POSTERIOR,PRESENT,0.25,96763,72945,1465.0686055967938,63.76247603647038
9,-0.5,1,D0,5,Q2,0.9,1024,1024,1024,True,1.0,True,TRUE,DIAGNOSTIC_NOT_POSTERIOR,PRESENT,0.09999999999999998,96763,72945,1465.0686055967938,63.76247603647038
9,-0.5,1,D0,5,Q2,1,1024,1024,1024,True,1.0,True,MC_UNRESOLVED,DIAGNOSTIC_NOT_POSTERIOR,PRESENT,0.0,96763,72945,1465.0686055967938,63.76247603647038
9,-0.5,1,D3,5,Q1,0,1024,1024,1024,True,1.0,True,TRUE,DIAGNOSTIC_NOT_POSTERIOR,PRESENT,1.0,96763,72945,1465.0686055967938,63.76247603647038
9,-0.5,1,D3,5,Q1,0.5,1024,1024,1024,True,1.0,True,TRUE,DIAGNOSTIC_NOT_POSTERIOR,PRESENT,0.5,96763,72945,1465.0686055967938,63.76247603647038
9,-0.5,1,D3,5,Q1,0.75,1024,1024,1024,True,1.0,True,TRUE,DIAGNOSTIC_NOT_POSTERIOR,PRESENT,0.25,96763,72945,1465.0686055967938,63.76247603647038
9,-0.5,1,D3,5,Q1,0.9,1024,1024,1024,True,1.0,True,TRUE,DIAGNOSTIC_NOT_POSTERIOR,PRESENT,0.09999999999999998,96763,72945,1465.0686055967938,63.76247603647038
9,-0.5,1,D3,5,Q1,1,1024,1024,1024,True,1.0,True,MC_UNRESOLVED,DIAGNOSTIC_NOT_POSTERIOR,PRESENT,0.0,96763,72945,1465.0686055967938,63.76247603647038
9,-0.5,1,D3,5,Q2,0,1024,1024,1024,True,1.0,True,TRUE,DIAGNOSTIC_NOT_POSTERIOR,PRESENT,1.0,96763,72945,1465.0686055967938,63.76247603647038
9,-0.5,1,D3,5,Q2,0.5,1024,1024,1024,True,1.0,True,TRUE,DIAGNOSTIC_NOT_POSTERIOR,PRESENT,0.5,96763,72945,1465.0686055967938,63.76247603647038
9,-0.5,1,D3,5,Q2,0.75,1024,1024,1024,True,1.0,True,TRUE,DIAGNOSTIC_NOT_POSTERIOR,PRESENT,0.25,96763,72945,1465.0686055967938,63.76247603647038
9,-0.5,1,D3,5,Q2,0.9,1024,1024,1024,True,1.0,True,TRUE,DIAGNOSTIC_NOT_POSTERIOR,PRESENT,0.09999999999999998,96763,72945,1465.0686055967938,63.76247603647038
9,-0.5,1,D3,5,Q2,1,1024,1024,1024,True,1.0,True,MC_UNRESOLVED,DIAGNOSTIC_NOT_POSTERIOR,PRESENT,0.0,96763,72945,1465.0686055967938,63.76247603647038
9,0,0,D0,5,Q1,0,1024,1024,1024,True,1.0,True,TRUE,DIAGNOSTIC_NOT_POSTERIOR,PRESENT,1.0,93702,69931,1465.0686055967938,60.72982468862003
9,0,0,D0,5,Q1,0.5,1024,1024,1024,True,1.0,True,TRUE,DIAGNOSTIC_NOT_POSTERIOR,PRESENT,0.5,93702,69931,1465.0686055967938,60.72982468862003
9,0,0,D0,5,Q1,0.75,1024,1024,1024,True,1.0,True,TRUE,DIAGNOSTIC_NOT_POSTERIOR,PRESENT,0.25,93702,69931,1465.0686055967938,60.72982468862003
9,0,0,D0,5,Q1,0.9,1024,1024,1024,True,1.0,True,TRUE,DIAGNOSTIC_NOT_POSTERIOR,PRESENT,0.09999999999999998,93702,69931,1465.0686055967938,60.72982468862003
9,0,0,D0,5,Q1,1,1024,1024,1024,True,1.0,True,MC_UNRESOLVED,DIAGNOSTIC_NOT_POSTERIOR,PRESENT,0.0,93702,69931,1465.0686055967938,60.72982468862003
9,0,0,D0,5,Q2,0,1024,1024,1024,True,1.0,True,TRUE,DIAGNOSTIC_NOT_POSTERIOR,PRESENT,1.0,93702,69931,1465.0686055967938,60.72982468862003
9,0,0,D0,5,Q2,0.5,1024,1024,1024,True,1.0,True,TRUE,DIAGNOSTIC_NOT_POSTERIOR,PRESENT,0.5,93702,69931,1465.0686055967938,60.72982468862003
9,0,0,D0,5,Q2,0.75,1024,1024,1024,True,1.0,True,TRUE,DIAGNOSTIC_NOT_POSTERIOR,PRESENT,0.25,93702,69931,1465.0686055967938,60.72982468862003
9,0,0,D0,5,Q2,0.9,1024,1024,1024,True,1.0,True,TRUE,DIAGNOSTIC_NOT_POSTERIOR,PRESENT,0.09999999999999998,93702,69931,1465.0686055967938,60.72982468862003
9,0,0,D0,5,Q2,1,1024,1024,1024,True,1.0,True,MC_UNRESOLVED,DIAGNOSTIC_NOT_POSTERIOR,PRESENT,0.0,93702,69931,1465.0686055967938,60.72982468862003
9,0,0,D3,5,Q1,0,1024,1024,1024,True,1.0,True,TRUE,DIAGNOSTIC_NOT_POSTERIOR,PRESENT,1.0,93702,69931,1465.0686055967938,60.72982468862003
9,0,0,D3,5,Q1,0.5,1024,1024,1024,True,1.0,True,TRUE,DIAGNOSTIC_NOT_POSTERIOR,PRESENT,0.5,93702,69931,1465.0686055967938,60.72982468862003
9,0,0,D3,5,Q1,0.75,1024,1024,1024,True,1.0,True,TRUE,DIAGNOSTIC_NOT_POSTERIOR,PRESENT,0.25,93702,69931,1465.0686055967938,60.72982468862003
9,0,0,D3,5,Q1,0.9,1024,1024,1024,True,1.0,True,TRUE,DIAGNOSTIC_NOT_POSTERIOR,PRESENT,0.09999999999999998,93702,69931,1465.0686055967938,60.72982468862003
9,0,0,D3,5,Q1,1,1024,1024,1024,True,1.0,True,MC_UNRESOLVED,DIAGNOSTIC_NOT_POSTERIOR,PRESENT,0.0,93702,69931,1465.0686055967938,60.72982468862003
9,0,0,D3,5,Q2,0,1024,1024,1024,True,1.0,True,TRUE,DIAGNOSTIC_NOT_POSTERIOR,PRESENT,1.0,93702,69931,1465.0686055967938,60.72982468862003
9,0,0,D3,5,Q2,0.5,1024,1024,1024,True,1.0,True,TRUE,DIAGNOSTIC_NOT_POSTERIOR,PRESENT,0.5,93702,69931,1465.0686055967938,60.72982468862003
9,0,0,D3,5,Q2,0.75,1024,1024,1024,True,1.0,True,TRUE,DIAGNOSTIC_NOT_POSTERIOR,PRESENT,0.25,93702,69931,1465.0686055967938,60.72982468862003
9,0,0,D3,5,Q2,0.9,1024,1024,1024,True,1.0,True,TRUE,DIAGNOSTIC_NOT_POSTERIOR,PRESENT,0.09999999999999998,93702,69931,1465.0686055967938,60.72982468862003
9,0,0,D3,5,Q2,1,1024,1024,1024,True,1.0,True,MC_UNRESOLVED,DIAGNOSTIC_NOT_POSTERIOR,PRESENT,0.0,93702,69931,1465.0686055967938,60.72982468862003
9,0,0.5,D0,5,Q1,0,1024,1024,1024,True,1.0,True,TRUE,DIAGNOSTIC_NOT_POSTERIOR,PRESENT,1.0,93702,69931,1465.0686055967938,60.72982468862003
9,0,0.5,D0,5,Q1,0.5,1024,1024,1024,True,1.0,True,TRUE,DIAGNOSTIC_NOT_POSTERIOR,PRESENT,0.5,93702,69931,1465.0686055967938,60.72982468862003
9,0,0.5,D0,5,Q1,0.75,1024,1024,1024,True,1.0,True,TRUE,DIAGNOSTIC_NOT_POSTERIOR,PRESENT,0.25,93702,69931,1465.0686055967938,60.72982468862003
9,0,0.5,D0,5,Q1,0.9,1024,1024,1024,True,1.0,True,TRUE,DIAGNOSTIC_NOT_POSTERIOR,PRESENT,0.09999999999999998,93702,69931,1465.0686055967938,60.72982468862003
9,0,0.5,D0,5,Q1,1,1024,1024,1024,True,1.0,True,MC_UNRESOLVED,DIAGNOSTIC_NOT_POSTERIOR,PRESENT,0.0,93702,69931,1465.0686055967938,60.72982468862003
9,0,0.5,D0,5,Q2,0,1024,1024,1024,True,1.0,True,TRUE,DIAGNOSTIC_NOT_POSTERIOR,PRESENT,1.0,93702,69931,1465.0686055967938,60.72982468862003
9,0,0.5,D0,5,Q2,0.5,1024,1024,1024,True,1.0,True,TRUE,DIAGNOSTIC_NOT_POSTERIOR,PRESENT,0.5,93702,69931,1465.0686055967938,60.72982468862003
9,0,0.5,D0,5,Q2,0.75,1024,1024,1024,True,1.0,True,TRUE,DIAGNOSTIC_NOT_POSTERIOR,PRESENT,0.25,93702,69931,1465.0686055967938,60.72982468862003
9,0,0.5,D0,5,Q2,0.9,1024,1024,1024,True,1.0,True,TRUE,DIAGNOSTIC_NOT_POSTERIOR,PRESENT,0.09999999999999998,93702,69931,1465.0686055967938,60.72982468862003
9,0,0.5,D0,5,Q2,1,1024,1024,1024,True,1.0,True,MC_UNRESOLVED,DIAGNOSTIC_NOT_POSTERIOR,PRESENT,0.0,93702,69931,1465.0686055967938,60.72982468862003
9,0,0.5,D3,5,Q1,0,1024,1024,1024,True,1.0,True,TRUE,DIAGNOSTIC_NOT_POSTERIOR,PRESENT,1.0,93702,69931,1465.0686055967938,60.72982468862003
9,0,0.5,D3,5,Q1,0.5,1024,1024,1024,True,1.0,True,TRUE,DIAGNOSTIC_NOT_POSTERIOR,PRESENT,0.5,93702,69931,1465.0686055967938,60.72982468862003
9,0,0.5,D3,5,Q1,0.75,1024,1024,1024,True,1.0,True,TRUE,DIAGNOSTIC_NOT_POSTERIOR,PRESENT,0.25,93702,69931,1465.0686055967938,60.72982468862003
9,0,0.5,D3,5,Q1,0.9,1024,1024,1024,True,1.0,True,TRUE,DIAGNOSTIC_NOT_POSTERIOR,PRESENT,0.09999999999999998,93702,69931,1465.0686055967938,60.72982468862003
9,0,0.5,D3,5,Q1,1,1024,1024,1024,True,1.0,True,MC_UNRESOLVED,DIAGNOSTIC_NOT_POSTERIOR,PRESENT,0.0,93702,69931,1465.0686055967938,60.72982468862003
9,0,0.5,D3,5,Q2,0,1024,1024,1024,True,1.0,True,TRUE,DIAGNOSTIC_NOT_POSTERIOR,PRESENT,1.0,93702,69931,1465.0686055967938,60.72982468862003
9,0,0.5,D3,5,Q2,0.5,1024,1024,1024,True,1.0,True,TRUE,DIAGNOSTIC_NOT_POSTERIOR,PRESENT,0.5,93702,69931,1465.0686055967938,60.72982468862003
9,0,0.5,D3,5,Q2,0.75,1024,1024,1024,True,1.0,True,TRUE,DIAGNOSTIC_NOT_POSTERIOR,PRESENT,0.25,93702,69931,1465.0686055967938,60.72982468862003
9,0,0.5,D3,5,Q2,0.9,1024,1024,1024,True,1.0,True,TRUE,DIAGNOSTIC_NOT_POSTERIOR,PRESENT,0.09999999999999998,93702,69931,1465.0686055967938,60.72982468862003
9,0,0.5,D3,5,Q2,1,1024,1024,1024,True,1.0,True,MC_UNRESOLVED,DIAGNOSTIC_NOT_POSTERIOR,PRESENT,0.0,93702,69931,1465.0686055967938,60.72982468862003
9,0,1,D0,5,Q1,0,1024,1024,1024,True,1.0,True,TRUE,DIAGNOSTIC_NOT_POSTERIOR,PRESENT,1.0,93702,69931,1465.0686055967938,60.72982468862003
9,0,1,D0,5,Q1,0.5,1024,1024,1024,True,1.0,True,TRUE,DIAGNOSTIC_NOT_POSTERIOR,PRESENT,0.5,93702,69931,1465.0686055967938,60.72982468862003
9,0,1,D0,5,Q1,0.75,1024,1024,1024,True,1.0,True,TRUE,DIAGNOSTIC_NOT_POSTERIOR,PRESENT,0.25,93702,69931,1465.0686055967938,60.72982468862003
9,0,1,D0,5,Q1,0.9,1024,1024,1024,True,1.0,True,TRUE,DIAGNOSTIC_NOT_POSTERIOR,PRESENT,0.09999999999999998,93702,69931,1465.0686055967938,60.72982468862003
9,0,1,D0,5,Q1,1,1024,1024,1024,True,1.0,True,MC_UNRESOLVED,DIAGNOSTIC_NOT_POSTERIOR,PRESENT,0.0,93702,69931,1465.0686055967938,60.72982468862003
9,0,1,D0,5,Q2,0,1024,1024,1024,True,1.0,True,TRUE,DIAGNOSTIC_NOT_POSTERIOR,PRESENT,1.0,93702,69931,1465.0686055967938,60.72982468862003
9,0,1,D0,5,Q2,0.5,1024,1024,1024,True,1.0,True,TRUE,DIAGNOSTIC_NOT_POSTERIOR,PRESENT,0.5,93702,69931,1465.0686055967938,60.72982468862003
9,0,1,D0,5,Q2,0.75,1024,1024,1024,True,1.0,True,TRUE,DIAGNOSTIC_NOT_POSTERIOR,PRESENT,0.25,93702,69931,1465.0686055967938,60.72982468862003
9,0,1,D0,5,Q2,0.9,1024,1024,1024,True,1.0,True,TRUE,DIAGNOSTIC_NOT_POSTERIOR,PRESENT,0.09999999999999998,93702,69931,1465.0686055967938,60.72982468862003
9,0,1,D0,5,Q2,1,1024,1024,1024,True,1.0,True,MC_UNRESOLVED,DIAGNOSTIC_NOT_POSTERIOR,PRESENT,0.0,93702,69931,1465.0686055967938,60.72982468862003
9,0,1,D3,5,Q1,0,1024,1024,1024,True,1.0,True,TRUE,DIAGNOSTIC_NOT_POSTERIOR,PRESENT,1.0,93702,69931,1465.0686055967938,60.72982468862003
9,0,1,D3,5,Q1,0.5,1024,1024,1024,True,1.0,True,TRUE,DIAGNOSTIC_NOT_POSTERIOR,PRESENT,0.5,93702,69931,1465.0686055967938,60.72982468862003
9,0,1,D3,5,Q1,0.75,1024,1024,1024,True,1.0,True,TRUE,DIAGNOSTIC_NOT_POSTERIOR,PRESENT,0.25,93702,69931,1465.0686055967938,60.72982468862003
9,0,1,D3,5,Q1,0.9,1024,1024,1024,True,1.0,True,TRUE,DIAGNOSTIC_NOT_POSTERIOR,PRESENT,0.09999999999999998,93702,69931,1465.0686055967938,60.72982468862003
9,0,1,D3,5,Q1,1,1024,1024,1024,True,1.0,True,MC_UNRESOLVED,DIAGNOSTIC_NOT_POSTERIOR,PRESENT,0.0,93702,69931,1465.0686055967938,60.72982468862003
9,0,1,D3,5,Q2,0,1024,1024,1024,True,1.0,True,TRUE,DIAGNOSTIC_NOT_POSTERIOR,PRESENT,1.0,93702,69931,1465.0686055967938,60.72982468862003
9,0,1,D3,5,Q2,0.5,1024,1024,1024,True,1.0,True,TRUE,DIAGNOSTIC_NOT_POSTERIOR,PRESENT,0.5,93702,69931,1465.0686055967938,60.72982468862003
9,0,1,D3,5,Q2,0.75,1024,1024,1024,True,1.0,True,TRUE,DIAGNOSTIC_NOT_POSTERIOR,PRESENT,0.25,93702,69931,1465.0686055967938,60.72982468862003
9,0,1,D3,5,Q2,0.9,1024,1024,1024,True,1.0,True,TRUE,DIAGNOSTIC_NOT_POSTERIOR,PRESENT,0.09999999999999998,93702,69931,1465.0686055967938,60.72982468862003
9,0,1,D3,5,Q2,1,1024,1024,1024,True,1.0,True,MC_UNRESOLVED,DIAGNOSTIC_NOT_POSTERIOR,PRESENT,0.0,93702,69931,1465.0686055967938,60.72982468862003
9,0.5,0,D0,5,Q1,0,1024,1024,1024,True,1.0,True,TRUE,DIAGNOSTIC_NOT_POSTERIOR,PRESENT,1.0,89312,65615,1465.0686055967938,55.74624861487486
9,0.5,0,D0,5,Q1,0.5,1024,1024,1024,True,1.0,True,TRUE,DIAGNOSTIC_NOT_POSTERIOR,PRESENT,0.5,89312,65615,1465.0686055967938,55.74624861487486
9,0.5,0,D0,5,Q1,0.75,1024,1024,1024,True,1.0,True,TRUE,DIAGNOSTIC_NOT_POSTERIOR,PRESENT,0.25,89312,65615,1465.0686055967938,55.74624861487486
9,0.5,0,D0,5,Q1,0.9,1024,1024,1024,True,1.0,True,TRUE,DIAGNOSTIC_NOT_POSTERIOR,PRESENT,0.09999999999999998,89312,65615,1465.0686055967938,55.74624861487486
9,0.5,0,D0,5,Q1,1,1024,1024,1024,True,1.0,True,MC_UNRESOLVED,DIAGNOSTIC_NOT_POSTERIOR,PRESENT,0.0,89312,65615,1465.0686055967938,55.74624861487486
9,0.5,0,D0,5,Q2,0,1024,1024,1024,True,1.0,True,TRUE,DIAGNOSTIC_NOT_POSTERIOR,PRESENT,1.0,89312,65615,1465.0686055967938,55.74624861487486
9,0.5,0,D0,5,Q2,0.5,1024,1024,1024,True,1.0,True,TRUE,DIAGNOSTIC_NOT_POSTERIOR,PRESENT,0.5,89312,65615,1465.0686055967938,55.74624861487486
9,0.5,0,D0,5,Q2,0.75,1024,1024,1024,True,1.0,True,TRUE,DIAGNOSTIC_NOT_POSTERIOR,PRESENT,0.25,89312,65615,1465.0686055967938,55.74624861487486
9,0.5,0,D0,5,Q2,0.9,1024,1024,1024,True,1.0,True,TRUE,DIAGNOSTIC_NOT_POSTERIOR,PRESENT,0.09999999999999998,89312,65615,1465.0686055967938,55.74624861487486
9,0.5,0,D0,5,Q2,1,1024,1024,1024,True,1.0,True,MC_UNRESOLVED,DIAGNOSTIC_NOT_POSTERIOR,PRESENT,0.0,89312,65615,1465.0686055967938,55.74624861487486
9,0.5,0,D3,5,Q1,0,1024,1024,1024,True,1.0,True,TRUE,DIAGNOSTIC_NOT_POSTERIOR,PRESENT,1.0,89312,65615,1465.0686055967938,55.74624861487486
9,0.5,0,D3,5,Q1,0.5,1024,1024,1024,True,1.0,True,TRUE,DIAGNOSTIC_NOT_POSTERIOR,PRESENT,0.5,89312,65615,1465.0686055967938,55.74624861487486
9,0.5,0,D3,5,Q1,0.75,1024,1024,1024,True,1.0,True,TRUE,DIAGNOSTIC_NOT_POSTERIOR,PRESENT,0.25,89312,65615,1465.0686055967938,55.74624861487486
9,0.5,0,D3,5,Q1,0.9,1024,1024,1024,True,1.0,True,TRUE,DIAGNOSTIC_NOT_POSTERIOR,PRESENT,0.09999999999999998,89312,65615,1465.0686055967938,55.74624861487486
9,0.5,0,D3,5,Q1,1,1024,1024,1024,True,1.0,True,MC_UNRESOLVED,DIAGNOSTIC_NOT_POSTERIOR,PRESENT,0.0,89312,65615,1465.0686055967938,55.74624861487486
9,0.5,0,D3,5,Q2,0,1024,1024,1024,True,1.0,True,TRUE,DIAGNOSTIC_NOT_POSTERIOR,PRESENT,1.0,89312,65615,1465.0686055967938,55.74624861487486
9,0.5,0,D3,5,Q2,0.5,1024,1024,1024,True,1.0,True,TRUE,DIAGNOSTIC_NOT_POSTERIOR,PRESENT,0.5,89312,65615,1465.0686055967938,55.74624861487486
9,0.5,0,D3,5,Q2,0.75,1024,1024,1024,True,1.0,True,TRUE,DIAGNOSTIC_NOT_POSTERIOR,PRESENT,0.25,89312,65615,1465.0686055967938,55.74624861487486
9,0.5,0,D3,5,Q2,0.9,1024,1024,1024,True,1.0,True,TRUE,DIAGNOSTIC_NOT_POSTERIOR,PRESENT,0.09999999999999998,89312,65615,1465.0686055967938,55.74624861487486
9,0.5,0,D3,5,Q2,1,1024,1024,1024,True,1.0,True,MC_UNRESOLVED,DIAGNOSTIC_NOT_POSTERIOR,PRESENT,0.0,89312,65615,1465.0686055967938,55.74624861487486
9,0.5,0.5,D0,5,Q1,0,1024,1024,1024,True,1.0,True,TRUE,DIAGNOSTIC_NOT_POSTERIOR,PRESENT,1.0,89312,65615,1465.0686055967938,55.74624861487486
9,0.5,0.5,D0,5,Q1,0.5,1024,1024,1024,True,1.0,True,TRUE,DIAGNOSTIC_NOT_POSTERIOR,PRESENT,0.5,89312,65615,1465.0686055967938,55.74624861487486
9,0.5,0.5,D0,5,Q1,0.75,1024,1024,1024,True,1.0,True,TRUE,DIAGNOSTIC_NOT_POSTERIOR,PRESENT,0.25,89312,65615,1465.0686055967938,55.74624861487486
9,0.5,0.5,D0,5,Q1,0.9,1024,1024,1024,True,1.0,True,TRUE,DIAGNOSTIC_NOT_POSTERIOR,PRESENT,0.09999999999999998,89312,65615,1465.0686055967938,55.74624861487486
9,0.5,0.5,D0,5,Q1,1,1024,1024,1024,True,1.0,True,MC_UNRESOLVED,DIAGNOSTIC_NOT_POSTERIOR,PRESENT,0.0,89312,65615,1465.0686055967938,55.74624861487486
9,0.5,0.5,D0,5,Q2,0,1024,1024,1024,True,1.0,True,TRUE,DIAGNOSTIC_NOT_POSTERIOR,PRESENT,1.0,89312,65615,1465.0686055967938,55.74624861487486
9,0.5,0.5,D0,5,Q2,0.5,1024,1024,1024,True,1.0,True,TRUE,DIAGNOSTIC_NOT_POSTERIOR,PRESENT,0.5,89312,65615,1465.0686055967938,55.74624861487486
9,0.5,0.5,D0,5,Q2,0.75,1024,1024,1024,True,1.0,True,TRUE,DIAGNOSTIC_NOT_POSTERIOR,PRESENT,0.25,89312,65615,1465.0686055967938,55.74624861487486
9,0.5,0.5,D0,5,Q2,0.9,1024,1024,1024,True,1.0,True,TRUE,DIAGNOSTIC_NOT_POSTERIOR,PRESENT,0.09999999999999998,89312,65615,1465.0686055967938,55.74624861487486
9,0.5,0.5,D0,5,Q2,1,1024,1024,1024,True,1.0,True,MC_UNRESOLVED,DIAGNOSTIC_NOT_POSTERIOR,PRESENT,0.0,89312,65615,1465.0686055967938,55.74624861487486
9,0.5,0.5,D3,5,Q1,0,1024,1024,1024,True,1.0,True,TRUE,DIAGNOSTIC_NOT_POSTERIOR,PRESENT,1.0,89312,65615,1465.0686055967938,55.74624861487486
9,0.5,0.5,D3,5,Q1,0.5,1024,1024,1024,True,1.0,True,TRUE,DIAGNOSTIC_NOT_POSTERIOR,PRESENT,0.5,89312,65615,1465.0686055967938,55.74624861487486
9,0.5,0.5,D3,5,Q1,0.75,1024,1024,1024,True,1.0,True,TRUE,DIAGNOSTIC_NOT_POSTERIOR,PRESENT,0.25,89312,65615,1465.0686055967938,55.74624861487486
9,0.5,0.5,D3,5,Q1,0.9,1024,1024,1024,True,1.0,True,TRUE,DIAGNOSTIC_NOT_POSTERIOR,PRESENT,0.09999999999999998,89312,65615,1465.0686055967938,55.74624861487486
9,0.5,0.5,D3,5,Q1,1,1024,1024,1024,True,1.0,True,MC_UNRESOLVED,DIAGNOSTIC_NOT_POSTERIOR,PRESENT,0.0,89312,65615,1465.0686055967938,55.74624861487486
9,0.5,0.5,D3,5,Q2,0,1024,1024,1024,True,1.0,True,TRUE,DIAGNOSTIC_NOT_POSTERIOR,PRESENT,1.0,89312,65615,1465.0686055967938,55.74624861487486
9,0.5,0.5,D3,5,Q2,0.5,1024,1024,1024,True,1.0,True,TRUE,DIAGNOSTIC_NOT_POSTERIOR,PRESENT,0.5,89312,65615,1465.0686055967938,55.74624861487486
9,0.5,0.5,D3,5,Q2,0.75,1024,1024,1024,True,1.0,True,TRUE,DIAGNOSTIC_NOT_POSTERIOR,PRESENT,0.25,89312,65615,1465.0686055967938,55.74624861487486
9,0.5,0.5,D3,5,Q2,0.9,1024,1024,1024,True,1.0,True,TRUE,DIAGNOSTIC_NOT_POSTERIOR,PRESENT,0.09999999999999998,89312,65615,1465.0686055967938,55.74624861487486
9,0.5,0.5,D3,5,Q2,1,1024,1024,1024,True,1.0,True,MC_UNRESOLVED,DIAGNOSTIC_NOT_POSTERIOR,PRESENT,0.0,89312,65615,1465.0686055967938,55.74624861487486
9,0.5,1,D0,5,Q1,0,1024,1024,1024,True,1.0,True,TRUE,DIAGNOSTIC_NOT_POSTERIOR,PRESENT,1.0,89312,65615,1465.0686055967938,55.74624861487486
9,0.5,1,D0,5,Q1,0.5,1024,1024,1024,True,1.0,True,TRUE,DIAGNOSTIC_NOT_POSTERIOR,PRESENT,0.5,89312,65615,1465.0686055967938,55.74624861487486
9,0.5,1,D0,5,Q1,0.75,1024,1024,1024,True,1.0,True,TRUE,DIAGNOSTIC_NOT_POSTERIOR,PRESENT,0.25,89312,65615,1465.0686055967938,55.74624861487486
9,0.5,1,D0,5,Q1,0.9,1024,1024,1024,True,1.0,True,TRUE,DIAGNOSTIC_NOT_POSTERIOR,PRESENT,0.09999999999999998,89312,65615,1465.0686055967938,55.74624861487486
9,0.5,1,D0,5,Q1,1,1024,1024,1024,True,1.0,True,MC_UNRESOLVED,DIAGNOSTIC_NOT_POSTERIOR,PRESENT,0.0,89312,65615,1465.0686055967938,55.74624861487486
9,0.5,1,D0,5,Q2,0,1024,1024,1024,True,1.0,True,TRUE,DIAGNOSTIC_NOT_POSTERIOR,PRESENT,1.0,89312,65615,1465.0686055967938,55.74624861487486
9,0.5,1,D0,5,Q2,0.5,1024,1024,1024,True,1.0,True,TRUE,DIAGNOSTIC_NOT_POSTERIOR,PRESENT,0.5,89312,65615,1465.0686055967938,55.74624861487486
9,0.5,1,D0,5,Q2,0.75,1024,1024,1024,True,1.0,True,TRUE,DIAGNOSTIC_NOT_POSTERIOR,PRESENT,0.25,89312,65615,1465.0686055967938,55.74624861487486
9,0.5,1,D0,5,Q2,0.9,1024,1024,1024,True,1.0,True,TRUE,DIAGNOSTIC_NOT_POSTERIOR,PRESENT,0.09999999999999998,89312,65615,1465.0686055967938,55.74624861487486
9,0.5,1,D0,5,Q2,1,1024,1024,1024,True,1.0,True,MC_UNRESOLVED,DIAGNOSTIC_NOT_POSTERIOR,PRESENT,0.0,89312,65615,1465.0686055967938,55.74624861487486
9,0.5,1,D3,5,Q1,0,1024,1024,1024,True,1.0,True,TRUE,DIAGNOSTIC_NOT_POSTERIOR,PRESENT,1.0,89312,65615,1465.0686055967938,55.74624861487486
9,0.5,1,D3,5,Q1,0.5,1024,1024,1024,True,1.0,True,TRUE,DIAGNOSTIC_NOT_POSTERIOR,PRESENT,0.5,89312,65615,1465.0686055967938,55.74624861487486
9,0.5,1,D3,5,Q1,0.75,1024,1024,1024,True,1.0,True,TRUE,DIAGNOSTIC_NOT_POSTERIOR,PRESENT,0.25,89312,65615,1465.0686055967938,55.74624861487486
9,0.5,1,D3,5,Q1,0.9,1024,1024,1024,True,1.0,True,TRUE,DIAGNOSTIC_NOT_POSTERIOR,PRESENT,0.09999999999999998,89312,65615,1465.0686055967938,55.74624861487486
9,0.5,1,D3,5,Q1,1,1024,1024,1024,True,1.0,True,MC_UNRESOLVED,DIAGNOSTIC_NOT_POSTERIOR,PRESENT,0.0,89312,65615,1465.0686055967938,55.74624861487486
9,0.5,1,D3,5,Q2,0,1024,1024,1024,True,1.0,True,TRUE,DIAGNOSTIC_NOT_POSTERIOR,PRESENT,1.0,89312,65615,1465.0686055967938,55.74624861487486
9,0.5,1,D3,5,Q2,0.5,1024,1024,1024,True,1.0,True,TRUE,DIAGNOSTIC_NOT_POSTERIOR,PRESENT,0.5,89312,65615,1465.0686055967938,55.74624861487486
9,0.5,1,D3,5,Q2,0.75,1024,1024,1024,True,1.0,True,TRUE,DIAGNOSTIC_NOT_POSTERIOR,PRESENT,0.25,89312,65615,1465.0686055967938,55.74624861487486
9,0.5,1,D3,5,Q2,0.9,1024,1024,1024,True,1.0,True,TRUE,DIAGNOSTIC_NOT_POSTERIOR,PRESENT,0.09999999999999998,89312,65615,1465.0686055967938,55.74624861487486
9,0.5,1,D3,5,Q2,1,1024,1024,1024,True,1.0,True,MC_UNRESOLVED,DIAGNOSTIC_NOT_POSTERIOR,PRESENT,0.0,89312,65615,1465.0686055967938,55.74624861487486
10,-0.5,0,D0,5,Q1,0,1024,1024,1024,True,1.0,True,TRUE,DIAGNOSTIC_NOT_POSTERIOR,PRESENT,1.0,85329,61560,1461.0434079442862,48.942213235208705
10,-0.5,0,D0,5,Q1,0.5,1024,1024,1024,True,1.0,True,TRUE,DIAGNOSTIC_NOT_POSTERIOR,PRESENT,0.5,85329,61560,1461.0434079442862,48.942213235208705
10,-0.5,0,D0,5,Q1,0.75,1024,1024,1024,True,1.0,True,TRUE,DIAGNOSTIC_NOT_POSTERIOR,PRESENT,0.25,85329,61560,1461.0434079442862,48.942213235208705
10,-0.5,0,D0,5,Q1,0.9,1024,1024,1024,True,1.0,True,TRUE,DIAGNOSTIC_NOT_POSTERIOR,PRESENT,0.09999999999999998,85329,61560,1461.0434079442862,48.942213235208705
10,-0.5,0,D0,5,Q1,1,1024,1024,1024,True,1.0,True,MC_UNRESOLVED,DIAGNOSTIC_NOT_POSTERIOR,PRESENT,0.0,85329,61560,1461.0434079442862,48.942213235208705
10,-0.5,0,D0,5,Q2,0,1024,1024,1024,True,1.0,True,TRUE,DIAGNOSTIC_NOT_POSTERIOR,PRESENT,1.0,85329,61560,1461.0434079442862,48.942213235208705
10,-0.5,0,D0,5,Q2,0.5,1024,1024,1024,True,1.0,True,TRUE,DIAGNOSTIC_NOT_POSTERIOR,PRESENT,0.5,85329,61560,1461.0434079442862,48.942213235208705
10,-0.5,0,D0,5,Q2,0.75,1024,1024,1024,True,1.0,True,TRUE,DIAGNOSTIC_NOT_POSTERIOR,PRESENT,0.25,85329,61560,1461.0434079442862,48.942213235208705
10,-0.5,0,D0,5,Q2,0.9,1024,1024,1024,True,1.0,True,TRUE,DIAGNOSTIC_NOT_POSTERIOR,PRESENT,0.09999999999999998,85329,61560,1461.0434079442862,48.942213235208705
10,-0.5,0,D0,5,Q2,1,1024,1024,1024,True,1.0,True,MC_UNRESOLVED,DIAGNOSTIC_NOT_POSTERIOR,PRESENT,0.0,85329,61560,1461.0434079442862,48.942213235208705
10,-0.5,0,D3,5,Q1,0,1024,1024,1024,True,1.0,True,TRUE,DIAGNOSTIC_NOT_POSTERIOR,PRESENT,1.0,85329,61560,1461.0434079442862,48.942213235208705
10,-0.5,0,D3,5,Q1,0.5,1024,1024,1024,True,1.0,True,TRUE,DIAGNOSTIC_NOT_POSTERIOR,PRESENT,0.5,85329,61560,1461.0434079442862,48.942213235208705
10,-0.5,0,D3,5,Q1,0.75,1024,1024,1024,True,1.0,True,TRUE,DIAGNOSTIC_NOT_POSTERIOR,PRESENT,0.25,85329,61560,1461.0434079442862,48.942213235208705
10,-0.5,0,D3,5,Q1,0.9,1024,1024,1024,True,1.0,True,TRUE,DIAGNOSTIC_NOT_POSTERIOR,PRESENT,0.09999999999999998,85329,61560,1461.0434079442862,48.942213235208705
10,-0.5,0,D3,5,Q1,1,1024,1024,1024,True,1.0,True,MC_UNRESOLVED,DIAGNOSTIC_NOT_POSTERIOR,PRESENT,0.0,85329,61560,1461.0434079442862,48.942213235208705
10,-0.5,0,D3,5,Q2,0,1024,1024,1024,True,1.0,True,TRUE,DIAGNOSTIC_NOT_POSTERIOR,PRESENT,1.0,85329,61560,1461.0434079442862,48.942213235208705
10,-0.5,0,D3,5,Q2,0.5,1024,1024,1024,True,1.0,True,TRUE,DIAGNOSTIC_NOT_POSTERIOR,PRESENT,0.5,85329,61560,1461.0434079442862,48.942213235208705
10,-0.5,0,D3,5,Q2,0.75,1024,1024,1024,True,1.0,True,TRUE,DIAGNOSTIC_NOT_POSTERIOR,PRESENT,0.25,85329,61560,1461.0434079442862,48.942213235208705
10,-0.5,0,D3,5,Q2,0.9,1024,1024,1024,True,1.0,True,TRUE,DIAGNOSTIC_NOT_POSTERIOR,PRESENT,0.09999999999999998,85329,61560,1461.0434079442862,48.942213235208705
10,-0.5,0,D3,5,Q2,1,1024,1024,1024,True,1.0,True,MC_UNRESOLVED,DIAGNOSTIC_NOT_POSTERIOR,PRESENT,0.0,85329,61560,1461.0434079442862,48.942213235208705
10,-0.5,0.5,D0,5,Q1,0,1024,1024,1024,True,1.0,True,TRUE,DIAGNOSTIC_NOT_POSTERIOR,PRESENT,1.0,85329,61560,1461.0434079442862,48.942213235208705
10,-0.5,0.5,D0,5,Q1,0.5,1024,1024,1024,True,1.0,True,TRUE,DIAGNOSTIC_NOT_POSTERIOR,PRESENT,0.5,85329,61560,1461.0434079442862,48.942213235208705
10,-0.5,0.5,D0,5,Q1,0.75,1024,1024,1024,True,1.0,True,TRUE,DIAGNOSTIC_NOT_POSTERIOR,PRESENT,0.25,85329,61560,1461.0434079442862,48.942213235208705
10,-0.5,0.5,D0,5,Q1,0.9,1024,1024,1024,True,1.0,True,TRUE,DIAGNOSTIC_NOT_POSTERIOR,PRESENT,0.09999999999999998,85329,61560,1461.0434079442862,48.942213235208705
10,-0.5,0.5,D0,5,Q1,1,1024,1024,1024,True,1.0,True,MC_UNRESOLVED,DIAGNOSTIC_NOT_POSTERIOR,PRESENT,0.0,85329,61560,1461.0434079442862,48.942213235208705
10,-0.5,0.5,D0,5,Q2,0,1024,1024,1024,True,1.0,True,TRUE,DIAGNOSTIC_NOT_POSTERIOR,PRESENT,1.0,85329,61560,1461.0434079442862,48.942213235208705
10,-0.5,0.5,D0,5,Q2,0.5,1024,1024,1024,True,1.0,True,TRUE,DIAGNOSTIC_NOT_POSTERIOR,PRESENT,0.5,85329,61560,1461.0434079442862,48.942213235208705
10,-0.5,0.5,D0,5,Q2,0.75,1024,1024,1024,True,1.0,True,TRUE,DIAGNOSTIC_NOT_POSTERIOR,PRESENT,0.25,85329,61560,1461.0434079442862,48.942213235208705
10,-0.5,0.5,D0,5,Q2,0.9,1024,1024,1024,True,1.0,True,TRUE,DIAGNOSTIC_NOT_POSTERIOR,PRESENT,0.09999999999999998,85329,61560,1461.0434079442862,48.942213235208705
10,-0.5,0.5,D0,5,Q2,1,1024,1024,1024,True,1.0,True,MC_UNRESOLVED,DIAGNOSTIC_NOT_POSTERIOR,PRESENT,0.0,85329,61560,1461.0434079442862,48.942213235208705
10,-0.5,0.5,D3,5,Q1,0,1024,1024,1024,True,1.0,True,TRUE,DIAGNOSTIC_NOT_POSTERIOR,PRESENT,1.0,85329,61560,1461.0434079442862,48.942213235208705
10,-0.5,0.5,D3,5,Q1,0.5,1024,1024,1024,True,1.0,True,TRUE,DIAGNOSTIC_NOT_POSTERIOR,PRESENT,0.5,85329,61560,1461.0434079442862,48.942213235208705
10,-0.5,0.5,D3,5,Q1,0.75,1024,1024,1024,True,1.0,True,TRUE,DIAGNOSTIC_NOT_POSTERIOR,PRESENT,0.25,85329,61560,1461.0434079442862,48.942213235208705
10,-0.5,0.5,D3,5,Q1,0.9,1024,1024,1024,True,1.0,True,TRUE,DIAGNOSTIC_NOT_POSTERIOR,PRESENT,0.09999999999999998,85329,61560,1461.0434079442862,48.942213235208705
10,-0.5,0.5,D3,5,Q1,1,1024,1024,1024,True,1.0,True,MC_UNRESOLVED,DIAGNOSTIC_NOT_POSTERIOR,PRESENT,0.0,85329,61560,1461.0434079442862,48.942213235208705
10,-0.5,0.5,D3,5,Q2,0,1024,1024,1024,True,1.0,True,TRUE,DIAGNOSTIC_NOT_POSTERIOR,PRESENT,1.0,85329,61560,1461.0434079442862,48.942213235208705
10,-0.5,0.5,D3,5,Q2,0.5,1024,1024,1024,True,1.0,True,TRUE,DIAGNOSTIC_NOT_POSTERIOR,PRESENT,0.5,85329,61560,1461.0434079442862,48.942213235208705
10,-0.5,0.5,D3,5,Q2,0.75,1024,1024,1024,True,1.0,True,TRUE,DIAGNOSTIC_NOT_POSTERIOR,PRESENT,0.25,85329,61560,1461.0434079442862,48.942213235208705
10,-0.5,0.5,D3,5,Q2,0.9,1024,1024,1024,True,1.0,True,TRUE,DIAGNOSTIC_NOT_POSTERIOR,PRESENT,0.09999999999999998,85329,61560,1461.0434079442862,48.942213235208705
10,-0.5,0.5,D3,5,Q2,1,1024,1024,1024,True,1.0,True,MC_UNRESOLVED,DIAGNOSTIC_NOT_POSTERIOR,PRESENT,0.0,85329,61560,1461.0434079442862,48.942213235208705
10,-0.5,1,D0,5,Q1,0,1024,1024,1024,True,1.0,True,TRUE,DIAGNOSTIC_NOT_POSTERIOR,PRESENT,1.0,85329,61560,1461.0434079442862,48.942213235208705
10,-0.5,1,D0,5,Q1,0.5,1024,1024,1024,True,1.0,True,TRUE,DIAGNOSTIC_NOT_POSTERIOR,PRESENT,0.5,85329,61560,1461.0434079442862,48.942213235208705
10,-0.5,1,D0,5,Q1,0.75,1024,1024,1024,True,1.0,True,TRUE,DIAGNOSTIC_NOT_POSTERIOR,PRESENT,0.25,85329,61560,1461.0434079442862,48.942213235208705
10,-0.5,1,D0,5,Q1,0.9,1024,1024,1024,True,1.0,True,TRUE,DIAGNOSTIC_NOT_POSTERIOR,PRESENT,0.09999999999999998,85329,61560,1461.0434079442862,48.942213235208705
10,-0.5,1,D0,5,Q1,1,1024,1024,1024,True,1.0,True,MC_UNRESOLVED,DIAGNOSTIC_NOT_POSTERIOR,PRESENT,0.0,85329,61560,1461.0434079442862,48.942213235208705
10,-0.5,1,D0,5,Q2,0,1024,1024,1024,True,1.0,True,TRUE,DIAGNOSTIC_NOT_POSTERIOR,PRESENT,1.0,85329,61560,1461.0434079442862,48.942213235208705
10,-0.5,1,D0,5,Q2,0.5,1024,1024,1024,True,1.0,True,TRUE,DIAGNOSTIC_NOT_POSTERIOR,PRESENT,0.5,85329,61560,1461.0434079442862,48.942213235208705
10,-0.5,1,D0,5,Q2,0.75,1024,1024,1024,True,1.0,True,TRUE,DIAGNOSTIC_NOT_POSTERIOR,PRESENT,0.25,85329,61560,1461.0434079442862,48.942213235208705
10,-0.5,1,D0,5,Q2,0.9,1024,1024,1024,True,1.0,True,TRUE,DIAGNOSTIC_NOT_POSTERIOR,PRESENT,0.09999999999999998,85329,61560,1461.0434079442862,48.942213235208705
10,-0.5,1,D0,5,Q2,1,1024,1024,1024,True,1.0,True,MC_UNRESOLVED,DIAGNOSTIC_NOT_POSTERIOR,PRESENT,0.0,85329,61560,1461.0434079442862,48.942213235208705
10,-0.5,1,D3,5,Q1,0,1024,1024,1024,True,1.0,True,TRUE,DIAGNOSTIC_NOT_POSTERIOR,PRESENT,1.0,85329,61560,1461.0434079442862,48.942213235208705
10,-0.5,1,D3,5,Q1,0.5,1024,1024,1024,True,1.0,True,TRUE,DIAGNOSTIC_NOT_POSTERIOR,PRESENT,0.5,85329,61560,1461.0434079442862,48.942213235208705
10,-0.5,1,D3,5,Q1,0.75,1024,1024,1024,True,1.0,True,TRUE,DIAGNOSTIC_NOT_POSTERIOR,PRESENT,0.25,85329,61560,1461.0434079442862,48.942213235208705
10,-0.5,1,D3,5,Q1,0.9,1024,1024,1024,True,1.0,True,TRUE,DIAGNOSTIC_NOT_POSTERIOR,PRESENT,0.09999999999999998,85329,61560,1461.0434079442862,48.942213235208705
10,-0.5,1,D3,5,Q1,1,1024,1024,1024,True,1.0,True,MC_UNRESOLVED,DIAGNOSTIC_NOT_POSTERIOR,PRESENT,0.0,85329,61560,1461.0434079442862,48.942213235208705
10,-0.5,1,D3,5,Q2,0,1024,1024,1024,True,1.0,True,TRUE,DIAGNOSTIC_NOT_POSTERIOR,PRESENT,1.0,85329,61560,1461.0434079442862,48.942213235208705
10,-0.5,1,D3,5,Q2,0.5,1024,1024,1024,True,1.0,True,TRUE,DIAGNOSTIC_NOT_POSTERIOR,PRESENT,0.5,85329,61560,1461.0434079442862,48.942213235208705
10,-0.5,1,D3,5,Q2,0.75,1024,1024,1024,True,1.0,True,TRUE,DIAGNOSTIC_NOT_POSTERIOR,PRESENT,0.25,85329,61560,1461.0434079442862,48.942213235208705
10,-0.5,1,D3,5,Q2,0.9,1024,1024,1024,True,1.0,True,TRUE,DIAGNOSTIC_NOT_POSTERIOR,PRESENT,0.09999999999999998,85329,61560,1461.0434079442862,48.942213235208705
10,-0.5,1,D3,5,Q2,1,1024,1024,1024,True,1.0,True,MC_UNRESOLVED,DIAGNOSTIC_NOT_POSTERIOR,PRESENT,0.0,85329,61560,1461.0434079442862,48.942213235208705
10,0,0,D0,5,Q1,0,1024,1024,1024,True,1.0,True,TRUE,DIAGNOSTIC_NOT_POSTERIOR,PRESENT,1.0,79797,56107,1461.0434079442862,44.38117261366391
10,0,0,D0,5,Q1,0.5,1024,1024,1024,True,1.0,True,TRUE,DIAGNOSTIC_NOT_POSTERIOR,PRESENT,0.5,79797,56107,1461.0434079442862,44.38117261366391
10,0,0,D0,5,Q1,0.75,1024,1024,1024,True,1.0,True,TRUE,DIAGNOSTIC_NOT_POSTERIOR,PRESENT,0.25,79797,56107,1461.0434079442862,44.38117261366391
10,0,0,D0,5,Q1,0.9,1024,1024,1024,True,1.0,True,TRUE,DIAGNOSTIC_NOT_POSTERIOR,PRESENT,0.09999999999999998,79797,56107,1461.0434079442862,44.38117261366391
10,0,0,D0,5,Q1,1,1024,1024,1024,True,1.0,True,MC_UNRESOLVED,DIAGNOSTIC_NOT_POSTERIOR,PRESENT,0.0,79797,56107,1461.0434079442862,44.38117261366391
10,0,0,D0,5,Q2,0,1024,1024,1024,True,1.0,True,TRUE,DIAGNOSTIC_NOT_POSTERIOR,PRESENT,1.0,79797,56107,1461.0434079442862,44.38117261366391
10,0,0,D0,5,Q2,0.5,1024,1024,1024,True,1.0,True,TRUE,DIAGNOSTIC_NOT_POSTERIOR,PRESENT,0.5,79797,56107,1461.0434079442862,44.38117261366391
10,0,0,D0,5,Q2,0.75,1024,1024,1024,True,1.0,True,TRUE,DIAGNOSTIC_NOT_POSTERIOR,PRESENT,0.25,79797,56107,1461.0434079442862,44.38117261366391
10,0,0,D0,5,Q2,0.9,1024,1024,1024,True,1.0,True,TRUE,DIAGNOSTIC_NOT_POSTERIOR,PRESENT,0.09999999999999998,79797,56107,1461.0434079442862,44.38117261366391
10,0,0,D0,5,Q2,1,1024,1024,1024,True,1.0,True,MC_UNRESOLVED,DIAGNOSTIC_NOT_POSTERIOR,PRESENT,0.0,79797,56107,1461.0434079442862,44.38117261366391
10,0,0,D3,5,Q1,0,1024,1024,1024,True,1.0,True,TRUE,DIAGNOSTIC_NOT_POSTERIOR,PRESENT,1.0,79797,56107,1461.0434079442862,44.38117261366391
10,0,0,D3,5,Q1,0.5,1024,1024,1024,True,1.0,True,TRUE,DIAGNOSTIC_NOT_POSTERIOR,PRESENT,0.5,79797,56107,1461.0434079442862,44.38117261366391
10,0,0,D3,5,Q1,0.75,1024,1024,1024,True,1.0,True,TRUE,DIAGNOSTIC_NOT_POSTERIOR,PRESENT,0.25,79797,56107,1461.0434079442862,44.38117261366391
10,0,0,D3,5,Q1,0.9,1024,1024,1024,True,1.0,True,TRUE,DIAGNOSTIC_NOT_POSTERIOR,PRESENT,0.09999999999999998,79797,56107,1461.0434079442862,44.38117261366391
10,0,0,D3,5,Q1,1,1024,1024,1024,True,1.0,True,MC_UNRESOLVED,DIAGNOSTIC_NOT_POSTERIOR,PRESENT,0.0,79797,56107,1461.0434079442862,44.38117261366391
10,0,0,D3,5,Q2,0,1024,1024,1024,True,1.0,True,TRUE,DIAGNOSTIC_NOT_POSTERIOR,PRESENT,1.0,79797,56107,1461.0434079442862,44.38117261366391
10,0,0,D3,5,Q2,0.5,1024,1024,1024,True,1.0,True,TRUE,DIAGNOSTIC_NOT_POSTERIOR,PRESENT,0.5,79797,56107,1461.0434079442862,44.38117261366391
10,0,0,D3,5,Q2,0.75,1024,1024,1024,True,1.0,True,TRUE,DIAGNOSTIC_NOT_POSTERIOR,PRESENT,0.25,79797,56107,1461.0434079442862,44.38117261366391
10,0,0,D3,5,Q2,0.9,1024,1024,1024,True,1.0,True,TRUE,DIAGNOSTIC_NOT_POSTERIOR,PRESENT,0.09999999999999998,79797,56107,1461.0434079442862,44.38117261366391
10,0,0,D3,5,Q2,1,1024,1024,1024,True,1.0,True,MC_UNRESOLVED,DIAGNOSTIC_NOT_POSTERIOR,PRESENT,0.0,79797,56107,1461.0434079442862,44.38117261366391
10,0,0.5,D0,5,Q1,0,1024,1024,1024,True,1.0,True,TRUE,DIAGNOSTIC_NOT_POSTERIOR,PRESENT,1.0,79797,56107,1461.0434079442862,44.38117261366391
10,0,0.5,D0,5,Q1,0.5,1024,1024,1024,True,1.0,True,TRUE,DIAGNOSTIC_NOT_POSTERIOR,PRESENT,0.5,79797,56107,1461.0434079442862,44.38117261366391
10,0,0.5,D0,5,Q1,0.75,1024,1024,1024,True,1.0,True,TRUE,DIAGNOSTIC_NOT_POSTERIOR,PRESENT,0.25,79797,56107,1461.0434079442862,44.38117261366391
10,0,0.5,D0,5,Q1,0.9,1024,1024,1024,True,1.0,True,TRUE,DIAGNOSTIC_NOT_POSTERIOR,PRESENT,0.09999999999999998,79797,56107,1461.0434079442862,44.38117261366391
10,0,0.5,D0,5,Q1,1,1024,1024,1024,True,1.0,True,MC_UNRESOLVED,DIAGNOSTIC_NOT_POSTERIOR,PRESENT,0.0,79797,56107,1461.0434079442862,44.38117261366391
10,0,0.5,D0,5,Q2,0,1024,1024,1024,True,1.0,True,TRUE,DIAGNOSTIC_NOT_POSTERIOR,PRESENT,1.0,79797,56107,1461.0434079442862,44.38117261366391
10,0,0.5,D0,5,Q2,0.5,1024,1024,1024,True,1.0,True,TRUE,DIAGNOSTIC_NOT_POSTERIOR,PRESENT,0.5,79797,56107,1461.0434079442862,44.38117261366391
10,0,0.5,D0,5,Q2,0.75,1024,1024,1024,True,1.0,True,TRUE,DIAGNOSTIC_NOT_POSTERIOR,PRESENT,0.25,79797,56107,1461.0434079442862,44.38117261366391
10,0,0.5,D0,5,Q2,0.9,1024,1024,1024,True,1.0,True,TRUE,DIAGNOSTIC_NOT_POSTERIOR,PRESENT,0.09999999999999998,79797,56107,1461.0434079442862,44.38117261366391
10,0,0.5,D0,5,Q2,1,1024,1024,1024,True,1.0,True,MC_UNRESOLVED,DIAGNOSTIC_NOT_POSTERIOR,PRESENT,0.0,79797,56107,1461.0434079442862,44.38117261366391
10,0,0.5,D3,5,Q1,0,1024,1024,1024,True,1.0,True,TRUE,DIAGNOSTIC_NOT_POSTERIOR,PRESENT,1.0,79797,56107,1461.0434079442862,44.38117261366391
10,0,0.5,D3,5,Q1,0.5,1024,1024,1024,True,1.0,True,TRUE,DIAGNOSTIC_NOT_POSTERIOR,PRESENT,0.5,79797,56107,1461.0434079442862,44.38117261366391
10,0,0.5,D3,5,Q1,0.75,1024,1024,1024,True,1.0,True,TRUE,DIAGNOSTIC_NOT_POSTERIOR,PRESENT,0.25,79797,56107,1461.0434079442862,44.38117261366391
10,0,0.5,D3,5,Q1,0.9,1024,1024,1024,True,1.0,True,TRUE,DIAGNOSTIC_NOT_POSTERIOR,PRESENT,0.09999999999999998,79797,56107,1461.0434079442862,44.38117261366391
10,0,0.5,D3,5,Q1,1,1024,1024,1024,True,1.0,True,MC_UNRESOLVED,DIAGNOSTIC_NOT_POSTERIOR,PRESENT,0.0,79797,56107,1461.0434079442862,44.38117261366391
10,0,0.5,D3,5,Q2,0,1024,1024,1024,True,1.0,True,TRUE,DIAGNOSTIC_NOT_POSTERIOR,PRESENT,1.0,79797,56107,1461.0434079442862,44.38117261366391
10,0,0.5,D3,5,Q2,0.5,1024,1024,1024,True,1.0,True,TRUE,DIAGNOSTIC_NOT_POSTERIOR,PRESENT,0.5,79797,56107,1461.0434079442862,44.38117261366391
10,0,0.5,D3,5,Q2,0.75,1024,1024,1024,True,1.0,True,TRUE,DIAGNOSTIC_NOT_POSTERIOR,PRESENT,0.25,79797,56107,1461.0434079442862,44.38117261366391
10,0,0.5,D3,5,Q2,0.9,1024,1024,1024,True,1.0,True,TRUE,DIAGNOSTIC_NOT_POSTERIOR,PRESENT,0.09999999999999998,79797,56107,1461.0434079442862,44.38117261366391
10,0,0.5,D3,5,Q2,1,1024,1024,1024,True,1.0,True,MC_UNRESOLVED,DIAGNOSTIC_NOT_POSTERIOR,PRESENT,0.0,79797,56107,1461.0434079442862,44.38117261366391
10,0,1,D0,5,Q1,0,1024,1024,1024,True,1.0,True,TRUE,DIAGNOSTIC_NOT_POSTERIOR,PRESENT,1.0,79797,56107,1461.0434079442862,44.38117261366391
10,0,1,D0,5,Q1,0.5,1024,1024,1024,True,1.0,True,TRUE,DIAGNOSTIC_NOT_POSTERIOR,PRESENT,0.5,79797,56107,1461.0434079442862,44.38117261366391
10,0,1,D0,5,Q1,0.75,1024,1024,1024,True,1.0,True,TRUE,DIAGNOSTIC_NOT_POSTERIOR,PRESENT,0.25,79797,56107,1461.0434079442862,44.38117261366391
10,0,1,D0,5,Q1,0.9,1024,1024,1024,True,1.0,True,TRUE,DIAGNOSTIC_NOT_POSTERIOR,PRESENT,0.09999999999999998,79797,56107,1461.0434079442862,44.38117261366391
10,0,1,D0,5,Q1,1,1024,1024,1024,True,1.0,True,MC_UNRESOLVED,DIAGNOSTIC_NOT_POSTERIOR,PRESENT,0.0,79797,56107,1461.0434079442862,44.38117261366391
10,0,1,D0,5,Q2,0,1024,1024,1024,True,1.0,True,TRUE,DIAGNOSTIC_NOT_POSTERIOR,PRESENT,1.0,79797,56107,1461.0434079442862,44.38117261366391
10,0,1,D0,5,Q2,0.5,1024,1024,1024,True,1.0,True,TRUE,DIAGNOSTIC_NOT_POSTERIOR,PRESENT,0.5,79797,56107,1461.0434079442862,44.38117261366391
10,0,1,D0,5,Q2,0.75,1024,1024,1024,True,1.0,True,TRUE,DIAGNOSTIC_NOT_POSTERIOR,PRESENT,0.25,79797,56107,1461.0434079442862,44.38117261366391
10,0,1,D0,5,Q2,0.9,1024,1024,1024,True,1.0,True,TRUE,DIAGNOSTIC_NOT_POSTERIOR,PRESENT,0.09999999999999998,79797,56107,1461.0434079442862,44.38117261366391
10,0,1,D0,5,Q2,1,1024,1024,1024,True,1.0,True,MC_UNRESOLVED,DIAGNOSTIC_NOT_POSTERIOR,PRESENT,0.0,79797,56107,1461.0434079442862,44.38117261366391
10,0,1,D3,5,Q1,0,1024,1024,1024,True,1.0,True,TRUE,DIAGNOSTIC_NOT_POSTERIOR,PRESENT,1.0,79797,56107,1461.0434079442862,44.38117261366391
10,0,1,D3,5,Q1,0.5,1024,1024,1024,True,1.0,True,TRUE,DIAGNOSTIC_NOT_POSTERIOR,PRESENT,0.5,79797,56107,1461.0434079442862,44.38117261366391
10,0,1,D3,5,Q1,0.75,1024,1024,1024,True,1.0,True,TRUE,DIAGNOSTIC_NOT_POSTERIOR,PRESENT,0.25,79797,56107,1461.0434079442862,44.38117261366391
10,0,1,D3,5,Q1,0.9,1024,1024,1024,True,1.0,True,TRUE,DIAGNOSTIC_NOT_POSTERIOR,PRESENT,0.09999999999999998,79797,56107,1461.0434079442862,44.38117261366391
10,0,1,D3,5,Q1,1,1024,1024,1024,True,1.0,True,MC_UNRESOLVED,DIAGNOSTIC_NOT_POSTERIOR,PRESENT,0.0,79797,56107,1461.0434079442862,44.38117261366391
10,0,1,D3,5,Q2,0,1024,1024,1024,True,1.0,True,TRUE,DIAGNOSTIC_NOT_POSTERIOR,PRESENT,1.0,79797,56107,1461.0434079442862,44.38117261366391
10,0,1,D3,5,Q2,0.5,1024,1024,1024,True,1.0,True,TRUE,DIAGNOSTIC_NOT_POSTERIOR,PRESENT,0.5,79797,56107,1461.0434079442862,44.38117261366391
10,0,1,D3,5,Q2,0.75,1024,1024,1024,True,1.0,True,TRUE,DIAGNOSTIC_NOT_POSTERIOR,PRESENT,0.25,79797,56107,1461.0434079442862,44.38117261366391
10,0,1,D3,5,Q2,0.9,1024,1024,1024,True,1.0,True,TRUE,DIAGNOSTIC_NOT_POSTERIOR,PRESENT,0.09999999999999998,79797,56107,1461.0434079442862,44.38117261366391
10,0,1,D3,5,Q2,1,1024,1024,1024,True,1.0,True,MC_UNRESOLVED,DIAGNOSTIC_NOT_POSTERIOR,PRESENT,0.0,79797,56107,1461.0434079442862,44.38117261366391
10,0.5,0,D0,5,Q1,0,1024,1024,1024,True,1.0,True,TRUE,DIAGNOSTIC_NOT_POSTERIOR,PRESENT,1.0,73363,49788,1461.0434079442862,38.11093762402149
10,0.5,0,D0,5,Q1,0.5,1024,1024,1024,True,1.0,True,TRUE,DIAGNOSTIC_NOT_POSTERIOR,PRESENT,0.5,73363,49788,1461.0434079442862,38.11093762402149
10,0.5,0,D0,5,Q1,0.75,1024,1024,1024,True,1.0,True,TRUE,DIAGNOSTIC_NOT_POSTERIOR,PRESENT,0.25,73363,49788,1461.0434079442862,38.11093762402149
10,0.5,0,D0,5,Q1,0.9,1024,1024,1024,True,1.0,True,TRUE,DIAGNOSTIC_NOT_POSTERIOR,PRESENT,0.09999999999999998,73363,49788,1461.0434079442862,38.11093762402149
10,0.5,0,D0,5,Q1,1,1024,1024,1024,True,1.0,True,MC_UNRESOLVED,DIAGNOSTIC_NOT_POSTERIOR,PRESENT,0.0,73363,49788,1461.0434079442862,38.11093762402149
10,0.5,0,D0,5,Q2,0,1024,1024,1024,True,1.0,True,TRUE,DIAGNOSTIC_NOT_POSTERIOR,PRESENT,1.0,73363,49788,1461.0434079442862,38.11093762402149
10,0.5,0,D0,5,Q2,0.5,1024,1024,1024,True,1.0,True,TRUE,DIAGNOSTIC_NOT_POSTERIOR,PRESENT,0.5,73363,49788,1461.0434079442862,38.11093762402149
10,0.5,0,D0,5,Q2,0.75,1024,1024,1024,True,1.0,True,TRUE,DIAGNOSTIC_NOT_POSTERIOR,PRESENT,0.25,73363,49788,1461.0434079442862,38.11093762402149
10,0.5,0,D0,5,Q2,0.9,1024,1024,1024,True,1.0,True,TRUE,DIAGNOSTIC_NOT_POSTERIOR,PRESENT,0.09999999999999998,73363,49788,1461.0434079442862,38.11093762402149
10,0.5,0,D0,5,Q2,1,1024,1024,1024,True,1.0,True,MC_UNRESOLVED,DIAGNOSTIC_NOT_POSTERIOR,PRESENT,0.0,73363,49788,1461.0434079442862,38.11093762402149
10,0.5,0,D3,5,Q1,0,1024,0,0,True,0.0,True,TRUE,DIAGNOSTIC_NOT_POSTERIOR,PRESENT,0.0,73363,49788,1461.0434079442862,38.11093762402149
10,0.5,0,D3,5,Q1,0.5,1024,0,0,True,0.0,False,FALSE,DIAGNOSTIC_NOT_POSTERIOR,PRESENT,-0.5,73363,49788,1461.0434079442862,38.11093762402149
10,0.5,0,D3,5,Q1,0.75,1024,0,0,True,0.0,False,FALSE,DIAGNOSTIC_NOT_POSTERIOR,PRESENT,-0.75,73363,49788,1461.0434079442862,38.11093762402149
10,0.5,0,D3,5,Q1,0.9,1024,0,0,True,0.0,False,FALSE,DIAGNOSTIC_NOT_POSTERIOR,PRESENT,-0.9,73363,49788,1461.0434079442862,38.11093762402149
10,0.5,0,D3,5,Q1,1,1024,0,0,True,0.0,False,FALSE,DIAGNOSTIC_NOT_POSTERIOR,PRESENT,-1.0,73363,49788,1461.0434079442862,38.11093762402149
10,0.5,0,D3,5,Q2,0,1024,0,0,True,0.0,True,TRUE,DIAGNOSTIC_NOT_POSTERIOR,PRESENT,0.0,73363,49788,1461.0434079442862,38.11093762402149
10,0.5,0,D3,5,Q2,0.5,1024,0,0,True,0.0,False,FALSE,DIAGNOSTIC_NOT_POSTERIOR,PRESENT,-0.5,73363,49788,1461.0434079442862,38.11093762402149
10,0.5,0,D3,5,Q2,0.75,1024,0,0,True,0.0,False,FALSE,DIAGNOSTIC_NOT_POSTERIOR,PRESENT,-0.75,73363,49788,1461.0434079442862,38.11093762402149
10,0.5,0,D3,5,Q2,0.9,1024,0,0,True,0.0,False,FALSE,DIAGNOSTIC_NOT_POSTERIOR,PRESENT,-0.9,73363,49788,1461.0434079442862,38.11093762402149
10,0.5,0,D3,5,Q2,1,1024,0,0,True,0.0,False,FALSE,DIAGNOSTIC_NOT_POSTERIOR,PRESENT,-1.0,73363,49788,1461.0434079442862,38.11093762402149
10,0.5,0.5,D0,5,Q1,0,1024,1024,1024,True,1.0,True,TRUE,DIAGNOSTIC_NOT_POSTERIOR,PRESENT,1.0,73363,49788,1461.0434079442862,38.11093762402149
10,0.5,0.5,D0,5,Q1,0.5,1024,1024,1024,True,1.0,True,TRUE,DIAGNOSTIC_NOT_POSTERIOR,PRESENT,0.5,73363,49788,1461.0434079442862,38.11093762402149
10,0.5,0.5,D0,5,Q1,0.75,1024,1024,1024,True,1.0,True,TRUE,DIAGNOSTIC_NOT_POSTERIOR,PRESENT,0.25,73363,49788,1461.0434079442862,38.11093762402149
10,0.5,0.5,D0,5,Q1,0.9,1024,1024,1024,True,1.0,True,TRUE,DIAGNOSTIC_NOT_POSTERIOR,PRESENT,0.09999999999999998,73363,49788,1461.0434079442862,38.11093762402149
10,0.5,0.5,D0,5,Q1,1,1024,1024,1024,True,1.0,True,MC_UNRESOLVED,DIAGNOSTIC_NOT_POSTERIOR,PRESENT,0.0,73363,49788,1461.0434079442862,38.11093762402149
10,0.5,0.5,D0,5,Q2,0,1024,1024,1024,True,1.0,True,TRUE,DIAGNOSTIC_NOT_POSTERIOR,PRESENT,1.0,73363,49788,1461.0434079442862,38.11093762402149
10,0.5,0.5,D0,5,Q2,0.5,1024,1024,1024,True,1.0,True,TRUE,DIAGNOSTIC_NOT_POSTERIOR,PRESENT,0.5,73363,49788,1461.0434079442862,38.11093762402149
10,0.5,0.5,D0,5,Q2,0.75,1024,1024,1024,True,1.0,True,TRUE,DIAGNOSTIC_NOT_POSTERIOR,PRESENT,0.25,73363,49788,1461.0434079442862,38.11093762402149
10,0.5,0.5,D0,5,Q2,0.9,1024,1024,1024,True,1.0,True,TRUE,DIAGNOSTIC_NOT_POSTERIOR,PRESENT,0.09999999999999998,73363,49788,1461.0434079442862,38.11093762402149
10,0.5,0.5,D0,5,Q2,1,1024,1024,1024,True,1.0,True,MC_UNRESOLVED,DIAGNOSTIC_NOT_POSTERIOR,PRESENT,0.0,73363,49788,1461.0434079442862,38.11093762402149
10,0.5,0.5,D3,5,Q1,0,1024,0,0,True,0.0,True,TRUE,DIAGNOSTIC_NOT_POSTERIOR,PRESENT,0.0,73363,49788,1461.0434079442862,38.11093762402149
10,0.5,0.5,D3,5,Q1,0.5,1024,0,0,True,0.0,False,FALSE,DIAGNOSTIC_NOT_POSTERIOR,PRESENT,-0.5,73363,49788,1461.0434079442862,38.11093762402149
10,0.5,0.5,D3,5,Q1,0.75,1024,0,0,True,0.0,False,FALSE,DIAGNOSTIC_NOT_POSTERIOR,PRESENT,-0.75,73363,49788,1461.0434079442862,38.11093762402149
10,0.5,0.5,D3,5,Q1,0.9,1024,0,0,True,0.0,False,FALSE,DIAGNOSTIC_NOT_POSTERIOR,PRESENT,-0.9,73363,49788,1461.0434079442862,38.11093762402149
10,0.5,0.5,D3,5,Q1,1,1024,0,0,True,0.0,False,FALSE,DIAGNOSTIC_NOT_POSTERIOR,PRESENT,-1.0,73363,49788,1461.0434079442862,38.11093762402149
10,0.5,0.5,D3,5,Q2,0,1024,0,0,True,0.0,True,TRUE,DIAGNOSTIC_NOT_POSTERIOR,PRESENT,0.0,73363,49788,1461.0434079442862,38.11093762402149
10,0.5,0.5,D3,5,Q2,0.5,1024,0,0,True,0.0,False,FALSE,DIAGNOSTIC_NOT_POSTERIOR,PRESENT,-0.5,73363,49788,1461.0434079442862,38.11093762402149
10,0.5,0.5,D3,5,Q2,0.75,1024,0,0,True,0.0,False,FALSE,DIAGNOSTIC_NOT_POSTERIOR,PRESENT,-0.75,73363,49788,1461.0434079442862,38.11093762402149
10,0.5,0.5,D3,5,Q2,0.9,1024,0,0,True,0.0,False,FALSE,DIAGNOSTIC_NOT_POSTERIOR,PRESENT,-0.9,73363,49788,1461.0434079442862,38.11093762402149
10,0.5,0.5,D3,5,Q2,1,1024,0,0,True,0.0,False,FALSE,DIAGNOSTIC_NOT_POSTERIOR,PRESENT,-1.0,73363,49788,1461.0434079442862,38.11093762402149
10,0.5,1,D0,5,Q1,0,1024,1024,1024,True,1.0,True,TRUE,DIAGNOSTIC_NOT_POSTERIOR,PRESENT,1.0,73363,49788,1461.0434079442862,38.11093762402149
10,0.5,1,D0,5,Q1,0.5,1024,1024,1024,True,1.0,True,TRUE,DIAGNOSTIC_NOT_POSTERIOR,PRESENT,0.5,73363,49788,1461.0434079442862,38.11093762402149
10,0.5,1,D0,5,Q1,0.75,1024,1024,1024,True,1.0,True,TRUE,DIAGNOSTIC_NOT_POSTERIOR,PRESENT,0.25,73363,49788,1461.0434079442862,38.11093762402149
10,0.5,1,D0,5,Q1,0.9,1024,1024,1024,True,1.0,True,TRUE,DIAGNOSTIC_NOT_POSTERIOR,PRESENT,0.09999999999999998,73363,49788,1461.0434079442862,38.11093762402149
10,0.5,1,D0,5,Q1,1,1024,1024,1024,True,1.0,True,MC_UNRESOLVED,DIAGNOSTIC_NOT_POSTERIOR,PRESENT,0.0,73363,49788,1461.0434079442862,38.11093762402149
10,0.5,1,D0,5,Q2,0,1024,1024,1024,True,1.0,True,TRUE,DIAGNOSTIC_NOT_POSTERIOR,PRESENT,1.0,73363,49788,1461.0434079442862,38.11093762402149
10,0.5,1,D0,5,Q2,0.5,1024,1024,1024,True,1.0,True,TRUE,DIAGNOSTIC_NOT_POSTERIOR,PRESENT,0.5,73363,49788,1461.0434079442862,38.11093762402149
10,0.5,1,D0,5,Q2,0.75,1024,1024,1024,True,1.0,True,TRUE,DIAGNOSTIC_NOT_POSTERIOR,PRESENT,0.25,73363,49788,1461.0434079442862,38.11093762402149
10,0.5,1,D0,5,Q2,0.9,1024,1024,1024,True,1.0,True,TRUE,DIAGNOSTIC_NOT_POSTERIOR,PRESENT,0.09999999999999998,73363,49788,1461.0434079442862,38.11093762402149
10,0.5,1,D0,5,Q2,1,1024,1024,1024,True,1.0,True,MC_UNRESOLVED,DIAGNOSTIC_NOT_POSTERIOR,PRESENT,0.0,73363,49788,1461.0434079442862,38.11093762402149
10,0.5,1,D3,5,Q1,0,1024,1024,1024,True,1.0,True,TRUE,DIAGNOSTIC_NOT_POSTERIOR,PRESENT,1.0,73363,49788,1461.0434079442862,38.11093762402149
10,0.5,1,D3,5,Q1,0.5,1024,1024,1024,True,1.0,True,TRUE,DIAGNOSTIC_NOT_POSTERIOR,PRESENT,0.5,73363,49788,1461.0434079442862,38.11093762402149
10,0.5,1,D3,5,Q1,0.75,1024,1024,1024,True,1.0,True,TRUE,DIAGNOSTIC_NOT_POSTERIOR,PRESENT,0.25,73363,49788,1461.0434079442862,38.11093762402149
10,0.5,1,D3,5,Q1,0.9,1024,1024,1024,True,1.0,True,TRUE,DIAGNOSTIC_NOT_POSTERIOR,PRESENT,0.09999999999999998,73363,49788,1461.0434079442862,38.11093762402149
10,0.5,1,D3,5,Q1,1,1024,1024,1024,True,1.0,True,MC_UNRESOLVED,DIAGNOSTIC_NOT_POSTERIOR,PRESENT,0.0,73363,49788,1461.0434079442862,38.11093762402149
10,0.5,1,D3,5,Q2,0,1024,1024,1024,True,1.0,True,TRUE,DIAGNOSTIC_NOT_POSTERIOR,PRESENT,1.0,73363,49788,1461.0434079442862,38.11093762402149
10,0.5,1,D3,5,Q2,0.5,1024,1024,1024,True,1.0,True,TRUE,DIAGNOSTIC_NOT_POSTERIOR,PRESENT,0.5,73363,49788,1461.0434079442862,38.11093762402149
10,0.5,1,D3,5,Q2,0.75,1024,1024,1024,True,1.0,True,TRUE,DIAGNOSTIC_NOT_POSTERIOR,PRESENT,0.25,73363,49788,1461.0434079442862,38.11093762402149
10,0.5,1,D3,5,Q2,0.9,1024,1024,1024,True,1.0,True,TRUE,DIAGNOSTIC_NOT_POSTERIOR,PRESENT,0.09999999999999998,73363,49788,1461.0434079442862,38.11093762402149
10,0.5,1,D3,5,Q2,1,1024,1024,1024,True,1.0,True,MC_UNRESOLVED,DIAGNOSTIC_NOT_POSTERIOR,PRESENT,0.0,73363,49788,1461.0434079442862,38.11093762402149
11,-0.5,0,D0,5,Q1,0,1024,1024,1024,True,1.0,True,TRUE,DIAGNOSTIC_NOT_POSTERIOR,PRESENT,1.0,94321,70401,1464.0953527696506,59.30275033510106
11,-0.5,0,D0,5,Q1,0.5,1024,1024,1024,True,1.0,True,TRUE,DIAGNOSTIC_NOT_POSTERIOR,PRESENT,0.5,94321,70401,1464.0953527696506,59.30275033510106
11,-0.5,0,D0,5,Q1,0.75,1024,1024,1024,True,1.0,True,TRUE,DIAGNOSTIC_NOT_POSTERIOR,PRESENT,0.25,94321,70401,1464.0953527696506,59.30275033510106
11,-0.5,0,D0,5,Q1,0.9,1024,1024,1024,True,1.0,True,TRUE,DIAGNOSTIC_NOT_POSTERIOR,PRESENT,0.09999999999999998,94321,70401,1464.0953527696506,59.30275033510106
11,-0.5,0,D0,5,Q1,1,1024,1024,1024,True,1.0,True,MC_UNRESOLVED,DIAGNOSTIC_NOT_POSTERIOR,PRESENT,0.0,94321,70401,1464.0953527696506,59.30275033510106
11,-0.5,0,D0,5,Q2,0,1024,1024,1024,True,1.0,True,TRUE,DIAGNOSTIC_NOT_POSTERIOR,PRESENT,1.0,94321,70401,1464.0953527696506,59.30275033510106
11,-0.5,0,D0,5,Q2,0.5,1024,1024,1024,True,1.0,True,TRUE,DIAGNOSTIC_NOT_POSTERIOR,PRESENT,0.5,94321,70401,1464.0953527696506,59.30275033510106
11,-0.5,0,D0,5,Q2,0.75,1024,1024,1024,True,1.0,True,TRUE,DIAGNOSTIC_NOT_POSTERIOR,PRESENT,0.25,94321,70401,1464.0953527696506,59.30275033510106
11,-0.5,0,D0,5,Q2,0.9,1024,1024,1024,True,1.0,True,TRUE,DIAGNOSTIC_NOT_POSTERIOR,PRESENT,0.09999999999999998,94321,70401,1464.0953527696506,59.30275033510106
11,-0.5,0,D0,5,Q2,1,1024,1024,1024,True,1.0,True,MC_UNRESOLVED,DIAGNOSTIC_NOT_POSTERIOR,PRESENT,0.0,94321,70401,1464.0953527696506,59.30275033510106
11,-0.5,0,D3,5,Q1,0,1024,1024,1024,True,1.0,True,TRUE,DIAGNOSTIC_NOT_POSTERIOR,PRESENT,1.0,94321,70401,1464.0953527696506,59.30275033510106
11,-0.5,0,D3,5,Q1,0.5,1024,1024,1024,True,1.0,True,TRUE,DIAGNOSTIC_NOT_POSTERIOR,PRESENT,0.5,94321,70401,1464.0953527696506,59.30275033510106
11,-0.5,0,D3,5,Q1,0.75,1024,1024,1024,True,1.0,True,TRUE,DIAGNOSTIC_NOT_POSTERIOR,PRESENT,0.25,94321,70401,1464.0953527696506,59.30275033510106
11,-0.5,0,D3,5,Q1,0.9,1024,1024,1024,True,1.0,True,TRUE,DIAGNOSTIC_NOT_POSTERIOR,PRESENT,0.09999999999999998,94321,70401,1464.0953527696506,59.30275033510106
11,-0.5,0,D3,5,Q1,1,1024,1024,1024,True,1.0,True,MC_UNRESOLVED,DIAGNOSTIC_NOT_POSTERIOR,PRESENT,0.0,94321,70401,1464.0953527696506,59.30275033510106
11,-0.5,0,D3,5,Q2,0,1024,1024,1024,True,1.0,True,TRUE,DIAGNOSTIC_NOT_POSTERIOR,PRESENT,1.0,94321,70401,1464.0953527696506,59.30275033510106
11,-0.5,0,D3,5,Q2,0.5,1024,1024,1024,True,1.0,True,TRUE,DIAGNOSTIC_NOT_POSTERIOR,PRESENT,0.5,94321,70401,1464.0953527696506,59.30275033510106
11,-0.5,0,D3,5,Q2,0.75,1024,1024,1024,True,1.0,True,TRUE,DIAGNOSTIC_NOT_POSTERIOR,PRESENT,0.25,94321,70401,1464.0953527696506,59.30275033510106
11,-0.5,0,D3,5,Q2,0.9,1024,1024,1024,True,1.0,True,TRUE,DIAGNOSTIC_NOT_POSTERIOR,PRESENT,0.09999999999999998,94321,70401,1464.0953527696506,59.30275033510106
11,-0.5,0,D3,5,Q2,1,1024,1024,1024,True,1.0,True,MC_UNRESOLVED,DIAGNOSTIC_NOT_POSTERIOR,PRESENT,0.0,94321,70401,1464.0953527696506,59.30275033510106
11,-0.5,0.5,D0,5,Q1,0,1024,1024,1024,True,1.0,True,TRUE,DIAGNOSTIC_NOT_POSTERIOR,PRESENT,1.0,94321,70401,1464.0953527696506,59.30275033510106
11,-0.5,0.5,D0,5,Q1,0.5,1024,1024,1024,True,1.0,True,TRUE,DIAGNOSTIC_NOT_POSTERIOR,PRESENT,0.5,94321,70401,1464.0953527696506,59.30275033510106
11,-0.5,0.5,D0,5,Q1,0.75,1024,1024,1024,True,1.0,True,TRUE,DIAGNOSTIC_NOT_POSTERIOR,PRESENT,0.25,94321,70401,1464.0953527696506,59.30275033510106
11,-0.5,0.5,D0,5,Q1,0.9,1024,1024,1024,True,1.0,True,TRUE,DIAGNOSTIC_NOT_POSTERIOR,PRESENT,0.09999999999999998,94321,70401,1464.0953527696506,59.30275033510106
11,-0.5,0.5,D0,5,Q1,1,1024,1024,1024,True,1.0,True,MC_UNRESOLVED,DIAGNOSTIC_NOT_POSTERIOR,PRESENT,0.0,94321,70401,1464.0953527696506,59.30275033510106
11,-0.5,0.5,D0,5,Q2,0,1024,1024,1024,True,1.0,True,TRUE,DIAGNOSTIC_NOT_POSTERIOR,PRESENT,1.0,94321,70401,1464.0953527696506,59.30275033510106
11,-0.5,0.5,D0,5,Q2,0.5,1024,1024,1024,True,1.0,True,TRUE,DIAGNOSTIC_NOT_POSTERIOR,PRESENT,0.5,94321,70401,1464.0953527696506,59.30275033510106
11,-0.5,0.5,D0,5,Q2,0.75,1024,1024,1024,True,1.0,True,TRUE,DIAGNOSTIC_NOT_POSTERIOR,PRESENT,0.25,94321,70401,1464.0953527696506,59.30275033510106
11,-0.5,0.5,D0,5,Q2,0.9,1024,1024,1024,True,1.0,True,TRUE,DIAGNOSTIC_NOT_POSTERIOR,PRESENT,0.09999999999999998,94321,70401,1464.0953527696506,59.30275033510106
11,-0.5,0.5,D0,5,Q2,1,1024,1024,1024,True,1.0,True,MC_UNRESOLVED,DIAGNOSTIC_NOT_POSTERIOR,PRESENT,0.0,94321,70401,1464.0953527696506,59.30275033510106
11,-0.5,0.5,D3,5,Q1,0,1024,1024,1024,True,1.0,True,TRUE,DIAGNOSTIC_NOT_POSTERIOR,PRESENT,1.0,94321,70401,1464.0953527696506,59.30275033510106
11,-0.5,0.5,D3,5,Q1,0.5,1024,1024,1024,True,1.0,True,TRUE,DIAGNOSTIC_NOT_POSTERIOR,PRESENT,0.5,94321,70401,1464.0953527696506,59.30275033510106
11,-0.5,0.5,D3,5,Q1,0.75,1024,1024,1024,True,1.0,True,TRUE,DIAGNOSTIC_NOT_POSTERIOR,PRESENT,0.25,94321,70401,1464.0953527696506,59.30275033510106
11,-0.5,0.5,D3,5,Q1,0.9,1024,1024,1024,True,1.0,True,TRUE,DIAGNOSTIC_NOT_POSTERIOR,PRESENT,0.09999999999999998,94321,70401,1464.0953527696506,59.30275033510106
11,-0.5,0.5,D3,5,Q1,1,1024,1024,1024,True,1.0,True,MC_UNRESOLVED,DIAGNOSTIC_NOT_POSTERIOR,PRESENT,0.0,94321,70401,1464.0953527696506,59.30275033510106
11,-0.5,0.5,D3,5,Q2,0,1024,1024,1024,True,1.0,True,TRUE,DIAGNOSTIC_NOT_POSTERIOR,PRESENT,1.0,94321,70401,1464.0953527696506,59.30275033510106
11,-0.5,0.5,D3,5,Q2,0.5,1024,1024,1024,True,1.0,True,TRUE,DIAGNOSTIC_NOT_POSTERIOR,PRESENT,0.5,94321,70401,1464.0953527696506,59.30275033510106
11,-0.5,0.5,D3,5,Q2,0.75,1024,1024,1024,True,1.0,True,TRUE,DIAGNOSTIC_NOT_POSTERIOR,PRESENT,0.25,94321,70401,1464.0953527696506,59.30275033510106
11,-0.5,0.5,D3,5,Q2,0.9,1024,1024,1024,True,1.0,True,TRUE,DIAGNOSTIC_NOT_POSTERIOR,PRESENT,0.09999999999999998,94321,70401,1464.0953527696506,59.30275033510106
11,-0.5,0.5,D3,5,Q2,1,1024,1024,1024,True,1.0,True,MC_UNRESOLVED,DIAGNOSTIC_NOT_POSTERIOR,PRESENT,0.0,94321,70401,1464.0953527696506,59.30275033510106
11,-0.5,1,D0,5,Q1,0,1024,1024,1024,True,1.0,True,TRUE,DIAGNOSTIC_NOT_POSTERIOR,PRESENT,1.0,94321,70401,1464.0953527696506,59.30275033510106
11,-0.5,1,D0,5,Q1,0.5,1024,1024,1024,True,1.0,True,TRUE,DIAGNOSTIC_NOT_POSTERIOR,PRESENT,0.5,94321,70401,1464.0953527696506,59.30275033510106
11,-0.5,1,D0,5,Q1,0.75,1024,1024,1024,True,1.0,True,TRUE,DIAGNOSTIC_NOT_POSTERIOR,PRESENT,0.25,94321,70401,1464.0953527696506,59.30275033510106
11,-0.5,1,D0,5,Q1,0.9,1024,1024,1024,True,1.0,True,TRUE,DIAGNOSTIC_NOT_POSTERIOR,PRESENT,0.09999999999999998,94321,70401,1464.0953527696506,59.30275033510106
11,-0.5,1,D0,5,Q1,1,1024,1024,1024,True,1.0,True,MC_UNRESOLVED,DIAGNOSTIC_NOT_POSTERIOR,PRESENT,0.0,94321,70401,1464.0953527696506,59.30275033510106
11,-0.5,1,D0,5,Q2,0,1024,1024,1024,True,1.0,True,TRUE,DIAGNOSTIC_NOT_POSTERIOR,PRESENT,1.0,94321,70401,1464.0953527696506,59.30275033510106
11,-0.5,1,D0,5,Q2,0.5,1024,1024,1024,True,1.0,True,TRUE,DIAGNOSTIC_NOT_POSTERIOR,PRESENT,0.5,94321,70401,1464.0953527696506,59.30275033510106
11,-0.5,1,D0,5,Q2,0.75,1024,1024,1024,True,1.0,True,TRUE,DIAGNOSTIC_NOT_POSTERIOR,PRESENT,0.25,94321,70401,1464.0953527696506,59.30275033510106
11,-0.5,1,D0,5,Q2,0.9,1024,1024,1024,True,1.0,True,TRUE,DIAGNOSTIC_NOT_POSTERIOR,PRESENT,0.09999999999999998,94321,70401,1464.0953527696506,59.30275033510106
11,-0.5,1,D0,5,Q2,1,1024,1024,1024,True,1.0,True,MC_UNRESOLVED,DIAGNOSTIC_NOT_POSTERIOR,PRESENT,0.0,94321,70401,1464.0953527696506,59.30275033510106
11,-0.5,1,D3,5,Q1,0,1024,1024,1024,True,1.0,True,TRUE,DIAGNOSTIC_NOT_POSTERIOR,PRESENT,1.0,94321,70401,1464.0953527696506,59.30275033510106
11,-0.5,1,D3,5,Q1,0.5,1024,1024,1024,True,1.0,True,TRUE,DIAGNOSTIC_NOT_POSTERIOR,PRESENT,0.5,94321,70401,1464.0953527696506,59.30275033510106
11,-0.5,1,D3,5,Q1,0.75,1024,1024,1024,True,1.0,True,TRUE,DIAGNOSTIC_NOT_POSTERIOR,PRESENT,0.25,94321,70401,1464.0953527696506,59.30275033510106
11,-0.5,1,D3,5,Q1,0.9,1024,1024,1024,True,1.0,True,TRUE,DIAGNOSTIC_NOT_POSTERIOR,PRESENT,0.09999999999999998,94321,70401,1464.0953527696506,59.30275033510106
11,-0.5,1,D3,5,Q1,1,1024,1024,1024,True,1.0,True,MC_UNRESOLVED,DIAGNOSTIC_NOT_POSTERIOR,PRESENT,0.0,94321,70401,1464.0953527696506,59.30275033510106
11,-0.5,1,D3,5,Q2,0,1024,1024,1024,True,1.0,True,TRUE,DIAGNOSTIC_NOT_POSTERIOR,PRESENT,1.0,94321,70401,1464.0953527696506,59.30275033510106
11,-0.5,1,D3,5,Q2,0.5,1024,1024,1024,True,1.0,True,TRUE,DIAGNOSTIC_NOT_POSTERIOR,PRESENT,0.5,94321,70401,1464.0953527696506,59.30275033510106
11,-0.5,1,D3,5,Q2,0.75,1024,1024,1024,True,1.0,True,TRUE,DIAGNOSTIC_NOT_POSTERIOR,PRESENT,0.25,94321,70401,1464.0953527696506,59.30275033510106
11,-0.5,1,D3,5,Q2,0.9,1024,1024,1024,True,1.0,True,TRUE,DIAGNOSTIC_NOT_POSTERIOR,PRESENT,0.09999999999999998,94321,70401,1464.0953527696506,59.30275033510106
11,-0.5,1,D3,5,Q2,1,1024,1024,1024,True,1.0,True,MC_UNRESOLVED,DIAGNOSTIC_NOT_POSTERIOR,PRESENT,0.0,94321,70401,1464.0953527696506,59.30275033510106
11,0,0,D0,5,Q1,0,1024,1024,1024,True,1.0,True,TRUE,DIAGNOSTIC_NOT_POSTERIOR,PRESENT,1.0,91551,67651,1464.0953527696506,57.356127634206835
11,0,0,D0,5,Q1,0.5,1024,1024,1024,True,1.0,True,TRUE,DIAGNOSTIC_NOT_POSTERIOR,PRESENT,0.5,91551,67651,1464.0953527696506,57.356127634206835
11,0,0,D0,5,Q1,0.75,1024,1024,1024,True,1.0,True,TRUE,DIAGNOSTIC_NOT_POSTERIOR,PRESENT,0.25,91551,67651,1464.0953527696506,57.356127634206835
11,0,0,D0,5,Q1,0.9,1024,1024,1024,True,1.0,True,TRUE,DIAGNOSTIC_NOT_POSTERIOR,PRESENT,0.09999999999999998,91551,67651,1464.0953527696506,57.356127634206835
11,0,0,D0,5,Q1,1,1024,1024,1024,True,1.0,True,MC_UNRESOLVED,DIAGNOSTIC_NOT_POSTERIOR,PRESENT,0.0,91551,67651,1464.0953527696506,57.356127634206835
11,0,0,D0,5,Q2,0,1024,1024,1024,True,1.0,True,TRUE,DIAGNOSTIC_NOT_POSTERIOR,PRESENT,1.0,91551,67651,1464.0953527696506,57.356127634206835
11,0,0,D0,5,Q2,0.5,1024,1024,1024,True,1.0,True,TRUE,DIAGNOSTIC_NOT_POSTERIOR,PRESENT,0.5,91551,67651,1464.0953527696506,57.356127634206835
11,0,0,D0,5,Q2,0.75,1024,1024,1024,True,1.0,True,TRUE,DIAGNOSTIC_NOT_POSTERIOR,PRESENT,0.25,91551,67651,1464.0953527696506,57.356127634206835
11,0,0,D0,5,Q2,0.9,1024,1024,1024,True,1.0,True,TRUE,DIAGNOSTIC_NOT_POSTERIOR,PRESENT,0.09999999999999998,91551,67651,1464.0953527696506,57.356127634206835
11,0,0,D0,5,Q2,1,1024,1024,1024,True,1.0,True,MC_UNRESOLVED,DIAGNOSTIC_NOT_POSTERIOR,PRESENT,0.0,91551,67651,1464.0953527696506,57.356127634206835
11,0,0,D3,5,Q1,0,1024,1024,1024,True,1.0,True,TRUE,DIAGNOSTIC_NOT_POSTERIOR,PRESENT,1.0,91551,67651,1464.0953527696506,57.356127634206835
11,0,0,D3,5,Q1,0.5,1024,1024,1024,True,1.0,True,TRUE,DIAGNOSTIC_NOT_POSTERIOR,PRESENT,0.5,91551,67651,1464.0953527696506,57.356127634206835
11,0,0,D3,5,Q1,0.75,1024,1024,1024,True,1.0,True,TRUE,DIAGNOSTIC_NOT_POSTERIOR,PRESENT,0.25,91551,67651,1464.0953527696506,57.356127634206835
11,0,0,D3,5,Q1,0.9,1024,1024,1024,True,1.0,True,TRUE,DIAGNOSTIC_NOT_POSTERIOR,PRESENT,0.09999999999999998,91551,67651,1464.0953527696506,57.356127634206835
11,0,0,D3,5,Q1,1,1024,1024,1024,True,1.0,True,MC_UNRESOLVED,DIAGNOSTIC_NOT_POSTERIOR,PRESENT,0.0,91551,67651,1464.0953527696506,57.356127634206835
11,0,0,D3,5,Q2,0,1024,1024,1024,True,1.0,True,TRUE,DIAGNOSTIC_NOT_POSTERIOR,PRESENT,1.0,91551,67651,1464.0953527696506,57.356127634206835
11,0,0,D3,5,Q2,0.5,1024,1024,1024,True,1.0,True,TRUE,DIAGNOSTIC_NOT_POSTERIOR,PRESENT,0.5,91551,67651,1464.0953527696506,57.356127634206835
11,0,0,D3,5,Q2,0.75,1024,1024,1024,True,1.0,True,TRUE,DIAGNOSTIC_NOT_POSTERIOR,PRESENT,0.25,91551,67651,1464.0953527696506,57.356127634206835
11,0,0,D3,5,Q2,0.9,1024,1024,1024,True,1.0,True,TRUE,DIAGNOSTIC_NOT_POSTERIOR,PRESENT,0.09999999999999998,91551,67651,1464.0953527696506,57.356127634206835
11,0,0,D3,5,Q2,1,1024,1024,1024,True,1.0,True,MC_UNRESOLVED,DIAGNOSTIC_NOT_POSTERIOR,PRESENT,0.0,91551,67651,1464.0953527696506,57.356127634206835
11,0,0.5,D0,5,Q1,0,1024,1024,1024,True,1.0,True,TRUE,DIAGNOSTIC_NOT_POSTERIOR,PRESENT,1.0,91551,67651,1464.0953527696506,57.356127634206835
11,0,0.5,D0,5,Q1,0.5,1024,1024,1024,True,1.0,True,TRUE,DIAGNOSTIC_NOT_POSTERIOR,PRESENT,0.5,91551,67651,1464.0953527696506,57.356127634206835
11,0,0.5,D0,5,Q1,0.75,1024,1024,1024,True,1.0,True,TRUE,DIAGNOSTIC_NOT_POSTERIOR,PRESENT,0.25,91551,67651,1464.0953527696506,57.356127634206835
11,0,0.5,D0,5,Q1,0.9,1024,1024,1024,True,1.0,True,TRUE,DIAGNOSTIC_NOT_POSTERIOR,PRESENT,0.09999999999999998,91551,67651,1464.0953527696506,57.356127634206835
11,0,0.5,D0,5,Q1,1,1024,1024,1024,True,1.0,True,MC_UNRESOLVED,DIAGNOSTIC_NOT_POSTERIOR,PRESENT,0.0,91551,67651,1464.0953527696506,57.356127634206835
11,0,0.5,D0,5,Q2,0,1024,1024,1024,True,1.0,True,TRUE,DIAGNOSTIC_NOT_POSTERIOR,PRESENT,1.0,91551,67651,1464.0953527696506,57.356127634206835
11,0,0.5,D0,5,Q2,0.5,1024,1024,1024,True,1.0,True,TRUE,DIAGNOSTIC_NOT_POSTERIOR,PRESENT,0.5,91551,67651,1464.0953527696506,57.356127634206835
11,0,0.5,D0,5,Q2,0.75,1024,1024,1024,True,1.0,True,TRUE,DIAGNOSTIC_NOT_POSTERIOR,PRESENT,0.25,91551,67651,1464.0953527696506,57.356127634206835
11,0,0.5,D0,5,Q2,0.9,1024,1024,1024,True,1.0,True,TRUE,DIAGNOSTIC_NOT_POSTERIOR,PRESENT,0.09999999999999998,91551,67651,1464.0953527696506,57.356127634206835
11,0,0.5,D0,5,Q2,1,1024,1024,1024,True,1.0,True,MC_UNRESOLVED,DIAGNOSTIC_NOT_POSTERIOR,PRESENT,0.0,91551,67651,1464.0953527696506,57.356127634206835
11,0,0.5,D3,5,Q1,0,1024,1024,1024,True,1.0,True,TRUE,DIAGNOSTIC_NOT_POSTERIOR,PRESENT,1.0,91551,67651,1464.0953527696506,57.356127634206835
11,0,0.5,D3,5,Q1,0.5,1024,1024,1024,True,1.0,True,TRUE,DIAGNOSTIC_NOT_POSTERIOR,PRESENT,0.5,91551,67651,1464.0953527696506,57.356127634206835
11,0,0.5,D3,5,Q1,0.75,1024,1024,1024,True,1.0,True,TRUE,DIAGNOSTIC_NOT_POSTERIOR,PRESENT,0.25,91551,67651,1464.0953527696506,57.356127634206835
11,0,0.5,D3,5,Q1,0.9,1024,1024,1024,True,1.0,True,TRUE,DIAGNOSTIC_NOT_POSTERIOR,PRESENT,0.09999999999999998,91551,67651,1464.0953527696506,57.356127634206835
11,0,0.5,D3,5,Q1,1,1024,1024,1024,True,1.0,True,MC_UNRESOLVED,DIAGNOSTIC_NOT_POSTERIOR,PRESENT,0.0,91551,67651,1464.0953527696506,57.356127634206835
11,0,0.5,D3,5,Q2,0,1024,1024,1024,True,1.0,True,TRUE,DIAGNOSTIC_NOT_POSTERIOR,PRESENT,1.0,91551,67651,1464.0953527696506,57.356127634206835
11,0,0.5,D3,5,Q2,0.5,1024,1024,1024,True,1.0,True,TRUE,DIAGNOSTIC_NOT_POSTERIOR,PRESENT,0.5,91551,67651,1464.0953527696506,57.356127634206835
11,0,0.5,D3,5,Q2,0.75,1024,1024,1024,True,1.0,True,TRUE,DIAGNOSTIC_NOT_POSTERIOR,PRESENT,0.25,91551,67651,1464.0953527696506,57.356127634206835
11,0,0.5,D3,5,Q2,0.9,1024,1024,1024,True,1.0,True,TRUE,DIAGNOSTIC_NOT_POSTERIOR,PRESENT,0.09999999999999998,91551,67651,1464.0953527696506,57.356127634206835
11,0,0.5,D3,5,Q2,1,1024,1024,1024,True,1.0,True,MC_UNRESOLVED,DIAGNOSTIC_NOT_POSTERIOR,PRESENT,0.0,91551,67651,1464.0953527696506,57.356127634206835
11,0,1,D0,5,Q1,0,1024,1024,1024,True,1.0,True,TRUE,DIAGNOSTIC_NOT_POSTERIOR,PRESENT,1.0,91551,67651,1464.0953527696506,57.356127634206835
11,0,1,D0,5,Q1,0.5,1024,1024,1024,True,1.0,True,TRUE,DIAGNOSTIC_NOT_POSTERIOR,PRESENT,0.5,91551,67651,1464.0953527696506,57.356127634206835
11,0,1,D0,5,Q1,0.75,1024,1024,1024,True,1.0,True,TRUE,DIAGNOSTIC_NOT_POSTERIOR,PRESENT,0.25,91551,67651,1464.0953527696506,57.356127634206835
11,0,1,D0,5,Q1,0.9,1024,1024,1024,True,1.0,True,TRUE,DIAGNOSTIC_NOT_POSTERIOR,PRESENT,0.09999999999999998,91551,67651,1464.0953527696506,57.356127634206835
11,0,1,D0,5,Q1,1,1024,1024,1024,True,1.0,True,MC_UNRESOLVED,DIAGNOSTIC_NOT_POSTERIOR,PRESENT,0.0,91551,67651,1464.0953527696506,57.356127634206835
11,0,1,D0,5,Q2,0,1024,1024,1024,True,1.0,True,TRUE,DIAGNOSTIC_NOT_POSTERIOR,PRESENT,1.0,91551,67651,1464.0953527696506,57.356127634206835
11,0,1,D0,5,Q2,0.5,1024,1024,1024,True,1.0,True,TRUE,DIAGNOSTIC_NOT_POSTERIOR,PRESENT,0.5,91551,67651,1464.0953527696506,57.356127634206835
11,0,1,D0,5,Q2,0.75,1024,1024,1024,True,1.0,True,TRUE,DIAGNOSTIC_NOT_POSTERIOR,PRESENT,0.25,91551,67651,1464.0953527696506,57.356127634206835
11,0,1,D0,5,Q2,0.9,1024,1024,1024,True,1.0,True,TRUE,DIAGNOSTIC_NOT_POSTERIOR,PRESENT,0.09999999999999998,91551,67651,1464.0953527696506,57.356127634206835
11,0,1,D0,5,Q2,1,1024,1024,1024,True,1.0,True,MC_UNRESOLVED,DIAGNOSTIC_NOT_POSTERIOR,PRESENT,0.0,91551,67651,1464.0953527696506,57.356127634206835
11,0,1,D3,5,Q1,0,1024,1024,1024,True,1.0,True,TRUE,DIAGNOSTIC_NOT_POSTERIOR,PRESENT,1.0,91551,67651,1464.0953527696506,57.356127634206835
11,0,1,D3,5,Q1,0.5,1024,1024,1024,True,1.0,True,TRUE,DIAGNOSTIC_NOT_POSTERIOR,PRESENT,0.5,91551,67651,1464.0953527696506,57.356127634206835
11,0,1,D3,5,Q1,0.75,1024,1024,1024,True,1.0,True,TRUE,DIAGNOSTIC_NOT_POSTERIOR,PRESENT,0.25,91551,67651,1464.0953527696506,57.356127634206835
11,0,1,D3,5,Q1,0.9,1024,1024,1024,True,1.0,True,TRUE,DIAGNOSTIC_NOT_POSTERIOR,PRESENT,0.09999999999999998,91551,67651,1464.0953527696506,57.356127634206835
11,0,1,D3,5,Q1,1,1024,1024,1024,True,1.0,True,MC_UNRESOLVED,DIAGNOSTIC_NOT_POSTERIOR,PRESENT,0.0,91551,67651,1464.0953527696506,57.356127634206835
11,0,1,D3,5,Q2,0,1024,1024,1024,True,1.0,True,TRUE,DIAGNOSTIC_NOT_POSTERIOR,PRESENT,1.0,91551,67651,1464.0953527696506,57.356127634206835
11,0,1,D3,5,Q2,0.5,1024,1024,1024,True,1.0,True,TRUE,DIAGNOSTIC_NOT_POSTERIOR,PRESENT,0.5,91551,67651,1464.0953527696506,57.356127634206835
11,0,1,D3,5,Q2,0.75,1024,1024,1024,True,1.0,True,TRUE,DIAGNOSTIC_NOT_POSTERIOR,PRESENT,0.25,91551,67651,1464.0953527696506,57.356127634206835
11,0,1,D3,5,Q2,0.9,1024,1024,1024,True,1.0,True,TRUE,DIAGNOSTIC_NOT_POSTERIOR,PRESENT,0.09999999999999998,91551,67651,1464.0953527696506,57.356127634206835
11,0,1,D3,5,Q2,1,1024,1024,1024,True,1.0,True,MC_UNRESOLVED,DIAGNOSTIC_NOT_POSTERIOR,PRESENT,0.0,91551,67651,1464.0953527696506,57.356127634206835
11,0.5,0,D0,5,Q1,0,1024,1024,1024,True,1.0,True,TRUE,DIAGNOSTIC_NOT_POSTERIOR,PRESENT,1.0,87506,63635,1464.0953527696506,54.509288819820235
11,0.5,0,D0,5,Q1,0.5,1024,1024,1024,True,1.0,True,TRUE,DIAGNOSTIC_NOT_POSTERIOR,PRESENT,0.5,87506,63635,1464.0953527696506,54.509288819820235
11,0.5,0,D0,5,Q1,0.75,1024,1024,1024,True,1.0,True,TRUE,DIAGNOSTIC_NOT_POSTERIOR,PRESENT,0.25,87506,63635,1464.0953527696506,54.509288819820235
11,0.5,0,D0,5,Q1,0.9,1024,1024,1024,True,1.0,True,TRUE,DIAGNOSTIC_NOT_POSTERIOR,PRESENT,0.09999999999999998,87506,63635,1464.0953527696506,54.509288819820235
11,0.5,0,D0,5,Q1,1,1024,1024,1024,True,1.0,True,MC_UNRESOLVED,DIAGNOSTIC_NOT_POSTERIOR,PRESENT,0.0,87506,63635,1464.0953527696506,54.509288819820235
11,0.5,0,D0,5,Q2,0,1024,1024,1024,True,1.0,True,TRUE,DIAGNOSTIC_NOT_POSTERIOR,PRESENT,1.0,87506,63635,1464.0953527696506,54.509288819820235
11,0.5,0,D0,5,Q2,0.5,1024,1024,1024,True,1.0,True,TRUE,DIAGNOSTIC_NOT_POSTERIOR,PRESENT,0.5,87506,63635,1464.0953527696506,54.509288819820235
11,0.5,0,D0,5,Q2,0.75,1024,1024,1024,True,1.0,True,TRUE,DIAGNOSTIC_NOT_POSTERIOR,PRESENT,0.25,87506,63635,1464.0953527696506,54.509288819820235
11,0.5,0,D0,5,Q2,0.9,1024,1024,1024,True,1.0,True,TRUE,DIAGNOSTIC_NOT_POSTERIOR,PRESENT,0.09999999999999998,87506,63635,1464.0953527696506,54.509288819820235
11,0.5,0,D0,5,Q2,1,1024,1024,1024,True,1.0,True,MC_UNRESOLVED,DIAGNOSTIC_NOT_POSTERIOR,PRESENT,0.0,87506,63635,1464.0953527696506,54.509288819820235
11,0.5,0,D3,5,Q1,0,1024,1024,1024,True,1.0,True,TRUE,DIAGNOSTIC_NOT_POSTERIOR,PRESENT,1.0,87506,63635,1464.0953527696506,54.509288819820235
11,0.5,0,D3,5,Q1,0.5,1024,1024,1024,True,1.0,True,TRUE,DIAGNOSTIC_NOT_POSTERIOR,PRESENT,0.5,87506,63635,1464.0953527696506,54.509288819820235
11,0.5,0,D3,5,Q1,0.75,1024,1024,1024,True,1.0,True,TRUE,DIAGNOSTIC_NOT_POSTERIOR,PRESENT,0.25,87506,63635,1464.0953527696506,54.509288819820235
11,0.5,0,D3,5,Q1,0.9,1024,1024,1024,True,1.0,True,TRUE,DIAGNOSTIC_NOT_POSTERIOR,PRESENT,0.09999999999999998,87506,63635,1464.0953527696506,54.509288819820235
11,0.5,0,D3,5,Q1,1,1024,1024,1024,True,1.0,True,MC_UNRESOLVED,DIAGNOSTIC_NOT_POSTERIOR,PRESENT,0.0,87506,63635,1464.0953527696506,54.509288819820235
11,0.5,0,D3,5,Q2,0,1024,1024,1024,True,1.0,True,TRUE,DIAGNOSTIC_NOT_POSTERIOR,PRESENT,1.0,87506,63635,1464.0953527696506,54.509288819820235
11,0.5,0,D3,5,Q2,0.5,1024,1024,1024,True,1.0,True,TRUE,DIAGNOSTIC_NOT_POSTERIOR,PRESENT,0.5,87506,63635,1464.0953527696506,54.509288819820235
11,0.5,0,D3,5,Q2,0.75,1024,1024,1024,True,1.0,True,TRUE,DIAGNOSTIC_NOT_POSTERIOR,PRESENT,0.25,87506,63635,1464.0953527696506,54.509288819820235
11,0.5,0,D3,5,Q2,0.9,1024,1024,1024,True,1.0,True,TRUE,DIAGNOSTIC_NOT_POSTERIOR,PRESENT,0.09999999999999998,87506,63635,1464.0953527696506,54.509288819820235
11,0.5,0,D3,5,Q2,1,1024,1024,1024,True,1.0,True,MC_UNRESOLVED,DIAGNOSTIC_NOT_POSTERIOR,PRESENT,0.0,87506,63635,1464.0953527696506,54.509288819820235
11,0.5,0.5,D0,5,Q1,0,1024,1024,1024,True,1.0,True,TRUE,DIAGNOSTIC_NOT_POSTERIOR,PRESENT,1.0,87506,63635,1464.0953527696506,54.509288819820235
11,0.5,0.5,D0,5,Q1,0.5,1024,1024,1024,True,1.0,True,TRUE,DIAGNOSTIC_NOT_POSTERIOR,PRESENT,0.5,87506,63635,1464.0953527696506,54.509288819820235
11,0.5,0.5,D0,5,Q1,0.75,1024,1024,1024,True,1.0,True,TRUE,DIAGNOSTIC_NOT_POSTERIOR,PRESENT,0.25,87506,63635,1464.0953527696506,54.509288819820235
11,0.5,0.5,D0,5,Q1,0.9,1024,1024,1024,True,1.0,True,TRUE,DIAGNOSTIC_NOT_POSTERIOR,PRESENT,0.09999999999999998,87506,63635,1464.0953527696506,54.509288819820235
11,0.5,0.5,D0,5,Q1,1,1024,1024,1024,True,1.0,True,MC_UNRESOLVED,DIAGNOSTIC_NOT_POSTERIOR,PRESENT,0.0,87506,63635,1464.0953527696506,54.509288819820235
11,0.5,0.5,D0,5,Q2,0,1024,1024,1024,True,1.0,True,TRUE,DIAGNOSTIC_NOT_POSTERIOR,PRESENT,1.0,87506,63635,1464.0953527696506,54.509288819820235
11,0.5,0.5,D0,5,Q2,0.5,1024,1024,1024,True,1.0,True,TRUE,DIAGNOSTIC_NOT_POSTERIOR,PRESENT,0.5,87506,63635,1464.0953527696506,54.509288819820235
11,0.5,0.5,D0,5,Q2,0.75,1024,1024,1024,True,1.0,True,TRUE,DIAGNOSTIC_NOT_POSTERIOR,PRESENT,0.25,87506,63635,1464.0953527696506,54.509288819820235
11,0.5,0.5,D0,5,Q2,0.9,1024,1024,1024,True,1.0,True,TRUE,DIAGNOSTIC_NOT_POSTERIOR,PRESENT,0.09999999999999998,87506,63635,1464.0953527696506,54.509288819820235
11,0.5,0.5,D0,5,Q2,1,1024,1024,1024,True,1.0,True,MC_UNRESOLVED,DIAGNOSTIC_NOT_POSTERIOR,PRESENT,0.0,87506,63635,1464.0953527696506,54.509288819820235
11,0.5,0.5,D3,5,Q1,0,1024,1024,1024,True,1.0,True,TRUE,DIAGNOSTIC_NOT_POSTERIOR,PRESENT,1.0,87506,63635,1464.0953527696506,54.509288819820235
11,0.5,0.5,D3,5,Q1,0.5,1024,1024,1024,True,1.0,True,TRUE,DIAGNOSTIC_NOT_POSTERIOR,PRESENT,0.5,87506,63635,1464.0953527696506,54.509288819820235
11,0.5,0.5,D3,5,Q1,0.75,1024,1024,1024,True,1.0,True,TRUE,DIAGNOSTIC_NOT_POSTERIOR,PRESENT,0.25,87506,63635,1464.0953527696506,54.509288819820235
11,0.5,0.5,D3,5,Q1,0.9,1024,1024,1024,True,1.0,True,TRUE,DIAGNOSTIC_NOT_POSTERIOR,PRESENT,0.09999999999999998,87506,63635,1464.0953527696506,54.509288819820235
11,0.5,0.5,D3,5,Q1,1,1024,1024,1024,True,1.0,True,MC_UNRESOLVED,DIAGNOSTIC_NOT_POSTERIOR,PRESENT,0.0,87506,63635,1464.0953527696506,54.509288819820235
11,0.5,0.5,D3,5,Q2,0,1024,1024,1024,True,1.0,True,TRUE,DIAGNOSTIC_NOT_POSTERIOR,PRESENT,1.0,87506,63635,1464.0953527696506,54.509288819820235
11,0.5,0.5,D3,5,Q2,0.5,1024,1024,1024,True,1.0,True,TRUE,DIAGNOSTIC_NOT_POSTERIOR,PRESENT,0.5,87506,63635,1464.0953527696506,54.509288819820235
11,0.5,0.5,D3,5,Q2,0.75,1024,1024,1024,True,1.0,True,TRUE,DIAGNOSTIC_NOT_POSTERIOR,PRESENT,0.25,87506,63635,1464.0953527696506,54.509288819820235
11,0.5,0.5,D3,5,Q2,0.9,1024,1024,1024,True,1.0,True,TRUE,DIAGNOSTIC_NOT_POSTERIOR,PRESENT,0.09999999999999998,87506,63635,1464.0953527696506,54.509288819820235
11,0.5,0.5,D3,5,Q2,1,1024,1024,1024,True,1.0,True,MC_UNRESOLVED,DIAGNOSTIC_NOT_POSTERIOR,PRESENT,0.0,87506,63635,1464.0953527696506,54.509288819820235
11,0.5,1,D0,5,Q1,0,1024,1024,1024,True,1.0,True,TRUE,DIAGNOSTIC_NOT_POSTERIOR,PRESENT,1.0,87506,63635,1464.0953527696506,54.509288819820235
11,0.5,1,D0,5,Q1,0.5,1024,1024,1024,True,1.0,True,TRUE,DIAGNOSTIC_NOT_POSTERIOR,PRESENT,0.5,87506,63635,1464.0953527696506,54.509288819820235
11,0.5,1,D0,5,Q1,0.75,1024,1024,1024,True,1.0,True,TRUE,DIAGNOSTIC_NOT_POSTERIOR,PRESENT,0.25,87506,63635,1464.0953527696506,54.509288819820235
11,0.5,1,D0,5,Q1,0.9,1024,1024,1024,True,1.0,True,TRUE,DIAGNOSTIC_NOT_POSTERIOR,PRESENT,0.09999999999999998,87506,63635,1464.0953527696506,54.509288819820235
11,0.5,1,D0,5,Q1,1,1024,1024,1024,True,1.0,True,MC_UNRESOLVED,DIAGNOSTIC_NOT_POSTERIOR,PRESENT,0.0,87506,63635,1464.0953527696506,54.509288819820235
11,0.5,1,D0,5,Q2,0,1024,1024,1024,True,1.0,True,TRUE,DIAGNOSTIC_NOT_POSTERIOR,PRESENT,1.0,87506,63635,1464.0953527696506,54.509288819820235
11,0.5,1,D0,5,Q2,0.5,1024,1024,1024,True,1.0,True,TRUE,DIAGNOSTIC_NOT_POSTERIOR,PRESENT,0.5,87506,63635,1464.0953527696506,54.509288819820235
11,0.5,1,D0,5,Q2,0.75,1024,1024,1024,True,1.0,True,TRUE,DIAGNOSTIC_NOT_POSTERIOR,PRESENT,0.25,87506,63635,1464.0953527696506,54.509288819820235
11,0.5,1,D0,5,Q2,0.9,1024,1024,1024,True,1.0,True,TRUE,DIAGNOSTIC_NOT_POSTERIOR,PRESENT,0.09999999999999998,87506,63635,1464.0953527696506,54.509288819820235
11,0.5,1,D0,5,Q2,1,1024,1024,1024,True,1.0,True,MC_UNRESOLVED,DIAGNOSTIC_NOT_POSTERIOR,PRESENT,0.0,87506,63635,1464.0953527696506,54.509288819820235
11,0.5,1,D3,5,Q1,0,1024,1024,1024,True,1.0,True,TRUE,DIAGNOSTIC_NOT_POSTERIOR,PRESENT,1.0,87506,63635,1464.0953527696506,54.509288819820235
11,0.5,1,D3,5,Q1,0.5,1024,1024,1024,True,1.0,True,TRUE,DIAGNOSTIC_NOT_POSTERIOR,PRESENT,0.5,87506,63635,1464.0953527696506,54.509288819820235
11,0.5,1,D3,5,Q1,0.75,1024,1024,1024,True,1.0,True,TRUE,DIAGNOSTIC_NOT_POSTERIOR,PRESENT,0.25,87506,63635,1464.0953527696506,54.509288819820235
11,0.5,1,D3,5,Q1,0.9,1024,1024,1024,True,1.0,True,TRUE,DIAGNOSTIC_NOT_POSTERIOR,PRESENT,0.09999999999999998,87506,63635,1464.0953527696506,54.509288819820235
11,0.5,1,D3,5,Q1,1,1024,1024,1024,True,1.0,True,MC_UNRESOLVED,DIAGNOSTIC_NOT_POSTERIOR,PRESENT,0.0,87506,63635,1464.0953527696506,54.509288819820235
11,0.5,1,D3,5,Q2,0,1024,1024,1024,True,1.0,True,TRUE,DIAGNOSTIC_NOT_POSTERIOR,PRESENT,1.0,87506,63635,1464.0953527696506,54.509288819820235
11,0.5,1,D3,5,Q2,0.5,1024,1024,1024,True,1.0,True,TRUE,DIAGNOSTIC_NOT_POSTERIOR,PRESENT,0.5,87506,63635,1464.0953527696506,54.509288819820235
11,0.5,1,D3,5,Q2,0.75,1024,1024,1024,True,1.0,True,TRUE,DIAGNOSTIC_NOT_POSTERIOR,PRESENT,0.25,87506,63635,1464.0953527696506,54.509288819820235
11,0.5,1,D3,5,Q2,0.9,1024,1024,1024,True,1.0,True,TRUE,DIAGNOSTIC_NOT_POSTERIOR,PRESENT,0.09999999999999998,87506,63635,1464.0953527696506,54.509288819820235
11,0.5,1,D3,5,Q2,1,1024,1024,1024,True,1.0,True,MC_UNRESOLVED,DIAGNOSTIC_NOT_POSTERIOR,PRESENT,0.0,87506,63635,1464.0953527696506,54.509288819820235
12,-0.5,0,D0,5,Q1,0,1024,1024,1024,True,1.0,True,TRUE,DIAGNOSTIC_NOT_POSTERIOR,PRESENT,1.0,95682,71911,1457.4275888448014,75.26206687591043
12,-0.5,0,D0,5,Q1,0.5,1024,1024,1024,True,1.0,True,TRUE,DIAGNOSTIC_NOT_POSTERIOR,PRESENT,0.5,95682,71911,1457.4275888448014,75.26206687591043
12,-0.5,0,D0,5,Q1,0.75,1024,1024,1024,True,1.0,True,TRUE,DIAGNOSTIC_NOT_POSTERIOR,PRESENT,0.25,95682,71911,1457.4275888448014,75.26206687591043
12,-0.5,0,D0,5,Q1,0.9,1024,1024,1024,True,1.0,True,TRUE,DIAGNOSTIC_NOT_POSTERIOR,PRESENT,0.09999999999999998,95682,71911,1457.4275888448014,75.26206687591043
12,-0.5,0,D0,5,Q1,1,1024,1024,1024,True,1.0,True,MC_UNRESOLVED,DIAGNOSTIC_NOT_POSTERIOR,PRESENT,0.0,95682,71911,1457.4275888448014,75.26206687591043
12,-0.5,0,D0,5,Q2,0,1024,1024,1024,True,1.0,True,TRUE,DIAGNOSTIC_NOT_POSTERIOR,PRESENT,1.0,95682,71911,1457.4275888448014,75.26206687591043
12,-0.5,0,D0,5,Q2,0.5,1024,1024,1024,True,1.0,True,TRUE,DIAGNOSTIC_NOT_POSTERIOR,PRESENT,0.5,95682,71911,1457.4275888448014,75.26206687591043
12,-0.5,0,D0,5,Q2,0.75,1024,1024,1024,True,1.0,True,TRUE,DIAGNOSTIC_NOT_POSTERIOR,PRESENT,0.25,95682,71911,1457.4275888448014,75.26206687591043
12,-0.5,0,D0,5,Q2,0.9,1024,1024,1024,True,1.0,True,TRUE,DIAGNOSTIC_NOT_POSTERIOR,PRESENT,0.09999999999999998,95682,71911,1457.4275888448014,75.26206687591043
12,-0.5,0,D0,5,Q2,1,1024,1024,1024,True,1.0,True,MC_UNRESOLVED,DIAGNOSTIC_NOT_POSTERIOR,PRESENT,0.0,95682,71911,1457.4275888448014,75.26206687591043
12,-0.5,0,D3,5,Q1,0,1024,1024,1024,True,1.0,True,TRUE,DIAGNOSTIC_NOT_POSTERIOR,PRESENT,1.0,95682,71911,1457.4275888448014,75.26206687591043
12,-0.5,0,D3,5,Q1,0.5,1024,1024,1024,True,1.0,True,TRUE,DIAGNOSTIC_NOT_POSTERIOR,PRESENT,0.5,95682,71911,1457.4275888448014,75.26206687591043
12,-0.5,0,D3,5,Q1,0.75,1024,1024,1024,True,1.0,True,TRUE,DIAGNOSTIC_NOT_POSTERIOR,PRESENT,0.25,95682,71911,1457.4275888448014,75.26206687591043
12,-0.5,0,D3,5,Q1,0.9,1024,1024,1024,True,1.0,True,TRUE,DIAGNOSTIC_NOT_POSTERIOR,PRESENT,0.09999999999999998,95682,71911,1457.4275888448014,75.26206687591043
12,-0.5,0,D3,5,Q1,1,1024,1024,1024,True,1.0,True,MC_UNRESOLVED,DIAGNOSTIC_NOT_POSTERIOR,PRESENT,0.0,95682,71911,1457.4275888448014,75.26206687591043
12,-0.5,0,D3,5,Q2,0,1024,1024,1024,True,1.0,True,TRUE,DIAGNOSTIC_NOT_POSTERIOR,PRESENT,1.0,95682,71911,1457.4275888448014,75.26206687591043
12,-0.5,0,D3,5,Q2,0.5,1024,1024,1024,True,1.0,True,TRUE,DIAGNOSTIC_NOT_POSTERIOR,PRESENT,0.5,95682,71911,1457.4275888448014,75.26206687591043
12,-0.5,0,D3,5,Q2,0.75,1024,1024,1024,True,1.0,True,TRUE,DIAGNOSTIC_NOT_POSTERIOR,PRESENT,0.25,95682,71911,1457.4275888448014,75.26206687591043
12,-0.5,0,D3,5,Q2,0.9,1024,1024,1024,True,1.0,True,TRUE,DIAGNOSTIC_NOT_POSTERIOR,PRESENT,0.09999999999999998,95682,71911,1457.4275888448014,75.26206687591043
12,-0.5,0,D3,5,Q2,1,1024,1024,1024,True,1.0,True,MC_UNRESOLVED,DIAGNOSTIC_NOT_POSTERIOR,PRESENT,0.0,95682,71911,1457.4275888448014,75.26206687591043
12,-0.5,0.5,D0,5,Q1,0,1024,1024,1024,True,1.0,True,TRUE,DIAGNOSTIC_NOT_POSTERIOR,PRESENT,1.0,95682,71911,1457.4275888448014,75.26206687591043
12,-0.5,0.5,D0,5,Q1,0.5,1024,1024,1024,True,1.0,True,TRUE,DIAGNOSTIC_NOT_POSTERIOR,PRESENT,0.5,95682,71911,1457.4275888448014,75.26206687591043
12,-0.5,0.5,D0,5,Q1,0.75,1024,1024,1024,True,1.0,True,TRUE,DIAGNOSTIC_NOT_POSTERIOR,PRESENT,0.25,95682,71911,1457.4275888448014,75.26206687591043
12,-0.5,0.5,D0,5,Q1,0.9,1024,1024,1024,True,1.0,True,TRUE,DIAGNOSTIC_NOT_POSTERIOR,PRESENT,0.09999999999999998,95682,71911,1457.4275888448014,75.26206687591043
12,-0.5,0.5,D0,5,Q1,1,1024,1024,1024,True,1.0,True,MC_UNRESOLVED,DIAGNOSTIC_NOT_POSTERIOR,PRESENT,0.0,95682,71911,1457.4275888448014,75.26206687591043
12,-0.5,0.5,D0,5,Q2,0,1024,1024,1024,True,1.0,True,TRUE,DIAGNOSTIC_NOT_POSTERIOR,PRESENT,1.0,95682,71911,1457.4275888448014,75.26206687591043
12,-0.5,0.5,D0,5,Q2,0.5,1024,1024,1024,True,1.0,True,TRUE,DIAGNOSTIC_NOT_POSTERIOR,PRESENT,0.5,95682,71911,1457.4275888448014,75.26206687591043
12,-0.5,0.5,D0,5,Q2,0.75,1024,1024,1024,True,1.0,True,TRUE,DIAGNOSTIC_NOT_POSTERIOR,PRESENT,0.25,95682,71911,1457.4275888448014,75.26206687591043
12,-0.5,0.5,D0,5,Q2,0.9,1024,1024,1024,True,1.0,True,TRUE,DIAGNOSTIC_NOT_POSTERIOR,PRESENT,0.09999999999999998,95682,71911,1457.4275888448014,75.26206687591043
12,-0.5,0.5,D0,5,Q2,1,1024,1024,1024,True,1.0,True,MC_UNRESOLVED,DIAGNOSTIC_NOT_POSTERIOR,PRESENT,0.0,95682,71911,1457.4275888448014,75.26206687591043
12,-0.5,0.5,D3,5,Q1,0,1024,1024,1024,True,1.0,True,TRUE,DIAGNOSTIC_NOT_POSTERIOR,PRESENT,1.0,95682,71911,1457.4275888448014,75.26206687591043
12,-0.5,0.5,D3,5,Q1,0.5,1024,1024,1024,True,1.0,True,TRUE,DIAGNOSTIC_NOT_POSTERIOR,PRESENT,0.5,95682,71911,1457.4275888448014,75.26206687591043
12,-0.5,0.5,D3,5,Q1,0.75,1024,1024,1024,True,1.0,True,TRUE,DIAGNOSTIC_NOT_POSTERIOR,PRESENT,0.25,95682,71911,1457.4275888448014,75.26206687591043
12,-0.5,0.5,D3,5,Q1,0.9,1024,1024,1024,True,1.0,True,TRUE,DIAGNOSTIC_NOT_POSTERIOR,PRESENT,0.09999999999999998,95682,71911,1457.4275888448014,75.26206687591043
12,-0.5,0.5,D3,5,Q1,1,1024,1024,1024,True,1.0,True,MC_UNRESOLVED,DIAGNOSTIC_NOT_POSTERIOR,PRESENT,0.0,95682,71911,1457.4275888448014,75.26206687591043
12,-0.5,0.5,D3,5,Q2,0,1024,1024,1024,True,1.0,True,TRUE,DIAGNOSTIC_NOT_POSTERIOR,PRESENT,1.0,95682,71911,1457.4275888448014,75.26206687591043
12,-0.5,0.5,D3,5,Q2,0.5,1024,1024,1024,True,1.0,True,TRUE,DIAGNOSTIC_NOT_POSTERIOR,PRESENT,0.5,95682,71911,1457.4275888448014,75.26206687591043
12,-0.5,0.5,D3,5,Q2,0.75,1024,1024,1024,True,1.0,True,TRUE,DIAGNOSTIC_NOT_POSTERIOR,PRESENT,0.25,95682,71911,1457.4275888448014,75.26206687591043
12,-0.5,0.5,D3,5,Q2,0.9,1024,1024,1024,True,1.0,True,TRUE,DIAGNOSTIC_NOT_POSTERIOR,PRESENT,0.09999999999999998,95682,71911,1457.4275888448014,75.26206687591043
12,-0.5,0.5,D3,5,Q2,1,1024,1024,1024,True,1.0,True,MC_UNRESOLVED,DIAGNOSTIC_NOT_POSTERIOR,PRESENT,0.0,95682,71911,1457.4275888448014,75.26206687591043
12,-0.5,1,D0,5,Q1,0,1024,1024,1024,True,1.0,True,TRUE,DIAGNOSTIC_NOT_POSTERIOR,PRESENT,1.0,95682,71911,1457.4275888448014,75.26206687591043
12,-0.5,1,D0,5,Q1,0.5,1024,1024,1024,True,1.0,True,TRUE,DIAGNOSTIC_NOT_POSTERIOR,PRESENT,0.5,95682,71911,1457.4275888448014,75.26206687591043
12,-0.5,1,D0,5,Q1,0.75,1024,1024,1024,True,1.0,True,TRUE,DIAGNOSTIC_NOT_POSTERIOR,PRESENT,0.25,95682,71911,1457.4275888448014,75.26206687591043
12,-0.5,1,D0,5,Q1,0.9,1024,1024,1024,True,1.0,True,TRUE,DIAGNOSTIC_NOT_POSTERIOR,PRESENT,0.09999999999999998,95682,71911,1457.4275888448014,75.26206687591043
12,-0.5,1,D0,5,Q1,1,1024,1024,1024,True,1.0,True,MC_UNRESOLVED,DIAGNOSTIC_NOT_POSTERIOR,PRESENT,0.0,95682,71911,1457.4275888448014,75.26206687591043
12,-0.5,1,D0,5,Q2,0,1024,1024,1024,True,1.0,True,TRUE,DIAGNOSTIC_NOT_POSTERIOR,PRESENT,1.0,95682,71911,1457.4275888448014,75.26206687591043
12,-0.5,1,D0,5,Q2,0.5,1024,1024,1024,True,1.0,True,TRUE,DIAGNOSTIC_NOT_POSTERIOR,PRESENT,0.5,95682,71911,1457.4275888448014,75.26206687591043
12,-0.5,1,D0,5,Q2,0.75,1024,1024,1024,True,1.0,True,TRUE,DIAGNOSTIC_NOT_POSTERIOR,PRESENT,0.25,95682,71911,1457.4275888448014,75.26206687591043
12,-0.5,1,D0,5,Q2,0.9,1024,1024,1024,True,1.0,True,TRUE,DIAGNOSTIC_NOT_POSTERIOR,PRESENT,0.09999999999999998,95682,71911,1457.4275888448014,75.26206687591043
12,-0.5,1,D0,5,Q2,1,1024,1024,1024,True,1.0,True,MC_UNRESOLVED,DIAGNOSTIC_NOT_POSTERIOR,PRESENT,0.0,95682,71911,1457.4275888448014,75.26206687591043
12,-0.5,1,D3,5,Q1,0,1024,1024,1024,True,1.0,True,TRUE,DIAGNOSTIC_NOT_POSTERIOR,PRESENT,1.0,95682,71911,1457.4275888448014,75.26206687591043
12,-0.5,1,D3,5,Q1,0.5,1024,1024,1024,True,1.0,True,TRUE,DIAGNOSTIC_NOT_POSTERIOR,PRESENT,0.5,95682,71911,1457.4275888448014,75.26206687591043
12,-0.5,1,D3,5,Q1,0.75,1024,1024,1024,True,1.0,True,TRUE,DIAGNOSTIC_NOT_POSTERIOR,PRESENT,0.25,95682,71911,1457.4275888448014,75.26206687591043
12,-0.5,1,D3,5,Q1,0.9,1024,1024,1024,True,1.0,True,TRUE,DIAGNOSTIC_NOT_POSTERIOR,PRESENT,0.09999999999999998,95682,71911,1457.4275888448014,75.26206687591043
12,-0.5,1,D3,5,Q1,1,1024,1024,1024,True,1.0,True,MC_UNRESOLVED,DIAGNOSTIC_NOT_POSTERIOR,PRESENT,0.0,95682,71911,1457.4275888448014,75.26206687591043
12,-0.5,1,D3,5,Q2,0,1024,1024,1024,True,1.0,True,TRUE,DIAGNOSTIC_NOT_POSTERIOR,PRESENT,1.0,95682,71911,1457.4275888448014,75.26206687591043
12,-0.5,1,D3,5,Q2,0.5,1024,1024,1024,True,1.0,True,TRUE,DIAGNOSTIC_NOT_POSTERIOR,PRESENT,0.5,95682,71911,1457.4275888448014,75.26206687591043
12,-0.5,1,D3,5,Q2,0.75,1024,1024,1024,True,1.0,True,TRUE,DIAGNOSTIC_NOT_POSTERIOR,PRESENT,0.25,95682,71911,1457.4275888448014,75.26206687591043
12,-0.5,1,D3,5,Q2,0.9,1024,1024,1024,True,1.0,True,TRUE,DIAGNOSTIC_NOT_POSTERIOR,PRESENT,0.09999999999999998,95682,71911,1457.4275888448014,75.26206687591043
12,-0.5,1,D3,5,Q2,1,1024,1024,1024,True,1.0,True,MC_UNRESOLVED,DIAGNOSTIC_NOT_POSTERIOR,PRESENT,0.0,95682,71911,1457.4275888448014,75.26206687591043
12,0,0,D0,5,Q1,0,1024,1024,1024,True,1.0,True,TRUE,DIAGNOSTIC_NOT_POSTERIOR,PRESENT,1.0,91678,67938,1457.4275888448014,70.2216108851338
12,0,0,D0,5,Q1,0.5,1024,1024,1024,True,1.0,True,TRUE,DIAGNOSTIC_NOT_POSTERIOR,PRESENT,0.5,91678,67938,1457.4275888448014,70.2216108851338
12,0,0,D0,5,Q1,0.75,1024,1024,1024,True,1.0,True,TRUE,DIAGNOSTIC_NOT_POSTERIOR,PRESENT,0.25,91678,67938,1457.4275888448014,70.2216108851338
12,0,0,D0,5,Q1,0.9,1024,1024,1024,True,1.0,True,TRUE,DIAGNOSTIC_NOT_POSTERIOR,PRESENT,0.09999999999999998,91678,67938,1457.4275888448014,70.2216108851338
12,0,0,D0,5,Q1,1,1024,1024,1024,True,1.0,True,MC_UNRESOLVED,DIAGNOSTIC_NOT_POSTERIOR,PRESENT,0.0,91678,67938,1457.4275888448014,70.2216108851338
12,0,0,D0,5,Q2,0,1024,1024,1024,True,1.0,True,TRUE,DIAGNOSTIC_NOT_POSTERIOR,PRESENT,1.0,91678,67938,1457.4275888448014,70.2216108851338
12,0,0,D0,5,Q2,0.5,1024,1024,1024,True,1.0,True,TRUE,DIAGNOSTIC_NOT_POSTERIOR,PRESENT,0.5,91678,67938,1457.4275888448014,70.2216108851338
12,0,0,D0,5,Q2,0.75,1024,1024,1024,True,1.0,True,TRUE,DIAGNOSTIC_NOT_POSTERIOR,PRESENT,0.25,91678,67938,1457.4275888448014,70.2216108851338
12,0,0,D0,5,Q2,0.9,1024,1024,1024,True,1.0,True,TRUE,DIAGNOSTIC_NOT_POSTERIOR,PRESENT,0.09999999999999998,91678,67938,1457.4275888448014,70.2216108851338
12,0,0,D0,5,Q2,1,1024,1024,1024,True,1.0,True,MC_UNRESOLVED,DIAGNOSTIC_NOT_POSTERIOR,PRESENT,0.0,91678,67938,1457.4275888448014,70.2216108851338
12,0,0,D3,5,Q1,0,1024,1024,1024,True,1.0,True,TRUE,DIAGNOSTIC_NOT_POSTERIOR,PRESENT,1.0,91678,67938,1457.4275888448014,70.2216108851338
12,0,0,D3,5,Q1,0.5,1024,1024,1024,True,1.0,True,TRUE,DIAGNOSTIC_NOT_POSTERIOR,PRESENT,0.5,91678,67938,1457.4275888448014,70.2216108851338
12,0,0,D3,5,Q1,0.75,1024,1024,1024,True,1.0,True,TRUE,DIAGNOSTIC_NOT_POSTERIOR,PRESENT,0.25,91678,67938,1457.4275888448014,70.2216108851338
12,0,0,D3,5,Q1,0.9,1024,1024,1024,True,1.0,True,TRUE,DIAGNOSTIC_NOT_POSTERIOR,PRESENT,0.09999999999999998,91678,67938,1457.4275888448014,70.2216108851338
12,0,0,D3,5,Q1,1,1024,1024,1024,True,1.0,True,MC_UNRESOLVED,DIAGNOSTIC_NOT_POSTERIOR,PRESENT,0.0,91678,67938,1457.4275888448014,70.2216108851338
12,0,0,D3,5,Q2,0,1024,1024,1024,True,1.0,True,TRUE,DIAGNOSTIC_NOT_POSTERIOR,PRESENT,1.0,91678,67938,1457.4275888448014,70.2216108851338
12,0,0,D3,5,Q2,0.5,1024,1024,1024,True,1.0,True,TRUE,DIAGNOSTIC_NOT_POSTERIOR,PRESENT,0.5,91678,67938,1457.4275888448014,70.2216108851338
12,0,0,D3,5,Q2,0.75,1024,1024,1024,True,1.0,True,TRUE,DIAGNOSTIC_NOT_POSTERIOR,PRESENT,0.25,91678,67938,1457.4275888448014,70.2216108851338
12,0,0,D3,5,Q2,0.9,1024,1024,1024,True,1.0,True,TRUE,DIAGNOSTIC_NOT_POSTERIOR,PRESENT,0.09999999999999998,91678,67938,1457.4275888448014,70.2216108851338
12,0,0,D3,5,Q2,1,1024,1024,1024,True,1.0,True,MC_UNRESOLVED,DIAGNOSTIC_NOT_POSTERIOR,PRESENT,0.0,91678,67938,1457.4275888448014,70.2216108851338
12,0,0.5,D0,5,Q1,0,1024,1024,1024,True,1.0,True,TRUE,DIAGNOSTIC_NOT_POSTERIOR,PRESENT,1.0,91678,67938,1457.4275888448014,70.2216108851338
12,0,0.5,D0,5,Q1,0.5,1024,1024,1024,True,1.0,True,TRUE,DIAGNOSTIC_NOT_POSTERIOR,PRESENT,0.5,91678,67938,1457.4275888448014,70.2216108851338
12,0,0.5,D0,5,Q1,0.75,1024,1024,1024,True,1.0,True,TRUE,DIAGNOSTIC_NOT_POSTERIOR,PRESENT,0.25,91678,67938,1457.4275888448014,70.2216108851338
12,0,0.5,D0,5,Q1,0.9,1024,1024,1024,True,1.0,True,TRUE,DIAGNOSTIC_NOT_POSTERIOR,PRESENT,0.09999999999999998,91678,67938,1457.4275888448014,70.2216108851338
12,0,0.5,D0,5,Q1,1,1024,1024,1024,True,1.0,True,MC_UNRESOLVED,DIAGNOSTIC_NOT_POSTERIOR,PRESENT,0.0,91678,67938,1457.4275888448014,70.2216108851338
12,0,0.5,D0,5,Q2,0,1024,1024,1024,True,1.0,True,TRUE,DIAGNOSTIC_NOT_POSTERIOR,PRESENT,1.0,91678,67938,1457.4275888448014,70.2216108851338
12,0,0.5,D0,5,Q2,0.5,1024,1024,1024,True,1.0,True,TRUE,DIAGNOSTIC_NOT_POSTERIOR,PRESENT,0.5,91678,67938,1457.4275888448014,70.2216108851338
12,0,0.5,D0,5,Q2,0.75,1024,1024,1024,True,1.0,True,TRUE,DIAGNOSTIC_NOT_POSTERIOR,PRESENT,0.25,91678,67938,1457.4275888448014,70.2216108851338
12,0,0.5,D0,5,Q2,0.9,1024,1024,1024,True,1.0,True,TRUE,DIAGNOSTIC_NOT_POSTERIOR,PRESENT,0.09999999999999998,91678,67938,1457.4275888448014,70.2216108851338
12,0,0.5,D0,5,Q2,1,1024,1024,1024,True,1.0,True,MC_UNRESOLVED,DIAGNOSTIC_NOT_POSTERIOR,PRESENT,0.0,91678,67938,1457.4275888448014,70.2216108851338
12,0,0.5,D3,5,Q1,0,1024,1024,1024,True,1.0,True,TRUE,DIAGNOSTIC_NOT_POSTERIOR,PRESENT,1.0,91678,67938,1457.4275888448014,70.2216108851338
12,0,0.5,D3,5,Q1,0.5,1024,1024,1024,True,1.0,True,TRUE,DIAGNOSTIC_NOT_POSTERIOR,PRESENT,0.5,91678,67938,1457.4275888448014,70.2216108851338
12,0,0.5,D3,5,Q1,0.75,1024,1024,1024,True,1.0,True,TRUE,DIAGNOSTIC_NOT_POSTERIOR,PRESENT,0.25,91678,67938,1457.4275888448014,70.2216108851338
12,0,0.5,D3,5,Q1,0.9,1024,1024,1024,True,1.0,True,TRUE,DIAGNOSTIC_NOT_POSTERIOR,PRESENT,0.09999999999999998,91678,67938,1457.4275888448014,70.2216108851338
12,0,0.5,D3,5,Q1,1,1024,1024,1024,True,1.0,True,MC_UNRESOLVED,DIAGNOSTIC_NOT_POSTERIOR,PRESENT,0.0,91678,67938,1457.4275888448014,70.2216108851338
12,0,0.5,D3,5,Q2,0,1024,1024,1024,True,1.0,True,TRUE,DIAGNOSTIC_NOT_POSTERIOR,PRESENT,1.0,91678,67938,1457.4275888448014,70.2216108851338
12,0,0.5,D3,5,Q2,0.5,1024,1024,1024,True,1.0,True,TRUE,DIAGNOSTIC_NOT_POSTERIOR,PRESENT,0.5,91678,67938,1457.4275888448014,70.2216108851338
12,0,0.5,D3,5,Q2,0.75,1024,1024,1024,True,1.0,True,TRUE,DIAGNOSTIC_NOT_POSTERIOR,PRESENT,0.25,91678,67938,1457.4275888448014,70.2216108851338
12,0,0.5,D3,5,Q2,0.9,1024,1024,1024,True,1.0,True,TRUE,DIAGNOSTIC_NOT_POSTERIOR,PRESENT,0.09999999999999998,91678,67938,1457.4275888448014,70.2216108851338
12,0,0.5,D3,5,Q2,1,1024,1024,1024,True,1.0,True,MC_UNRESOLVED,DIAGNOSTIC_NOT_POSTERIOR,PRESENT,0.0,91678,67938,1457.4275888448014,70.2216108851338
12,0,1,D0,5,Q1,0,1024,1024,1024,True,1.0,True,TRUE,DIAGNOSTIC_NOT_POSTERIOR,PRESENT,1.0,91678,67938,1457.4275888448014,70.2216108851338
12,0,1,D0,5,Q1,0.5,1024,1024,1024,True,1.0,True,TRUE,DIAGNOSTIC_NOT_POSTERIOR,PRESENT,0.5,91678,67938,1457.4275888448014,70.2216108851338
12,0,1,D0,5,Q1,0.75,1024,1024,1024,True,1.0,True,TRUE,DIAGNOSTIC_NOT_POSTERIOR,PRESENT,0.25,91678,67938,1457.4275888448014,70.2216108851338
12,0,1,D0,5,Q1,0.9,1024,1024,1024,True,1.0,True,TRUE,DIAGNOSTIC_NOT_POSTERIOR,PRESENT,0.09999999999999998,91678,67938,1457.4275888448014,70.2216108851338
12,0,1,D0,5,Q1,1,1024,1024,1024,True,1.0,True,MC_UNRESOLVED,DIAGNOSTIC_NOT_POSTERIOR,PRESENT,0.0,91678,67938,1457.4275888448014,70.2216108851338
12,0,1,D0,5,Q2,0,1024,1024,1024,True,1.0,True,TRUE,DIAGNOSTIC_NOT_POSTERIOR,PRESENT,1.0,91678,67938,1457.4275888448014,70.2216108851338
12,0,1,D0,5,Q2,0.5,1024,1024,1024,True,1.0,True,TRUE,DIAGNOSTIC_NOT_POSTERIOR,PRESENT,0.5,91678,67938,1457.4275888448014,70.2216108851338
12,0,1,D0,5,Q2,0.75,1024,1024,1024,True,1.0,True,TRUE,DIAGNOSTIC_NOT_POSTERIOR,PRESENT,0.25,91678,67938,1457.4275888448014,70.2216108851338
12,0,1,D0,5,Q2,0.9,1024,1024,1024,True,1.0,True,TRUE,DIAGNOSTIC_NOT_POSTERIOR,PRESENT,0.09999999999999998,91678,67938,1457.4275888448014,70.2216108851338
12,0,1,D0,5,Q2,1,1024,1024,1024,True,1.0,True,MC_UNRESOLVED,DIAGNOSTIC_NOT_POSTERIOR,PRESENT,0.0,91678,67938,1457.4275888448014,70.2216108851338
12,0,1,D3,5,Q1,0,1024,1024,1024,True,1.0,True,TRUE,DIAGNOSTIC_NOT_POSTERIOR,PRESENT,1.0,91678,67938,1457.4275888448014,70.2216108851338
12,0,1,D3,5,Q1,0.5,1024,1024,1024,True,1.0,True,TRUE,DIAGNOSTIC_NOT_POSTERIOR,PRESENT,0.5,91678,67938,1457.4275888448014,70.2216108851338
12,0,1,D3,5,Q1,0.75,1024,1024,1024,True,1.0,True,TRUE,DIAGNOSTIC_NOT_POSTERIOR,PRESENT,0.25,91678,67938,1457.4275888448014,70.2216108851338
12,0,1,D3,5,Q1,0.9,1024,1024,1024,True,1.0,True,TRUE,DIAGNOSTIC_NOT_POSTERIOR,PRESENT,0.09999999999999998,91678,67938,1457.4275888448014,70.2216108851338
12,0,1,D3,5,Q1,1,1024,1024,1024,True,1.0,True,MC_UNRESOLVED,DIAGNOSTIC_NOT_POSTERIOR,PRESENT,0.0,91678,67938,1457.4275888448014,70.2216108851338
12,0,1,D3,5,Q2,0,1024,1024,1024,True,1.0,True,TRUE,DIAGNOSTIC_NOT_POSTERIOR,PRESENT,1.0,91678,67938,1457.4275888448014,70.2216108851338
12,0,1,D3,5,Q2,0.5,1024,1024,1024,True,1.0,True,TRUE,DIAGNOSTIC_NOT_POSTERIOR,PRESENT,0.5,91678,67938,1457.4275888448014,70.2216108851338
12,0,1,D3,5,Q2,0.75,1024,1024,1024,True,1.0,True,TRUE,DIAGNOSTIC_NOT_POSTERIOR,PRESENT,0.25,91678,67938,1457.4275888448014,70.2216108851338
12,0,1,D3,5,Q2,0.9,1024,1024,1024,True,1.0,True,TRUE,DIAGNOSTIC_NOT_POSTERIOR,PRESENT,0.09999999999999998,91678,67938,1457.4275888448014,70.2216108851338
12,0,1,D3,5,Q2,1,1024,1024,1024,True,1.0,True,MC_UNRESOLVED,DIAGNOSTIC_NOT_POSTERIOR,PRESENT,0.0,91678,67938,1457.4275888448014,70.2216108851338
12,0.5,0,D0,5,Q1,0,1024,1024,1024,True,1.0,True,TRUE,DIAGNOSTIC_NOT_POSTERIOR,PRESENT,1.0,86390,62716,1457.4275888448014,62.51772218485417
12,0.5,0,D0,5,Q1,0.5,1024,1024,1024,True,1.0,True,TRUE,DIAGNOSTIC_NOT_POSTERIOR,PRESENT,0.5,86390,62716,1457.4275888448014,62.51772218485417
12,0.5,0,D0,5,Q1,0.75,1024,1024,1024,True,1.0,True,TRUE,DIAGNOSTIC_NOT_POSTERIOR,PRESENT,0.25,86390,62716,1457.4275888448014,62.51772218485417
12,0.5,0,D0,5,Q1,0.9,1024,1024,1024,True,1.0,True,TRUE,DIAGNOSTIC_NOT_POSTERIOR,PRESENT,0.09999999999999998,86390,62716,1457.4275888448014,62.51772218485417
12,0.5,0,D0,5,Q1,1,1024,1024,1024,True,1.0,True,MC_UNRESOLVED,DIAGNOSTIC_NOT_POSTERIOR,PRESENT,0.0,86390,62716,1457.4275888448014,62.51772218485417
12,0.5,0,D0,5,Q2,0,1024,1024,1024,True,1.0,True,TRUE,DIAGNOSTIC_NOT_POSTERIOR,PRESENT,1.0,86390,62716,1457.4275888448014,62.51772218485417
12,0.5,0,D0,5,Q2,0.5,1024,1024,1024,True,1.0,True,TRUE,DIAGNOSTIC_NOT_POSTERIOR,PRESENT,0.5,86390,62716,1457.4275888448014,62.51772218485417
12,0.5,0,D0,5,Q2,0.75,1024,1024,1024,True,1.0,True,TRUE,DIAGNOSTIC_NOT_POSTERIOR,PRESENT,0.25,86390,62716,1457.4275888448014,62.51772218485417
12,0.5,0,D0,5,Q2,0.9,1024,1024,1024,True,1.0,True,TRUE,DIAGNOSTIC_NOT_POSTERIOR,PRESENT,0.09999999999999998,86390,62716,1457.4275888448014,62.51772218485417
12,0.5,0,D0,5,Q2,1,1024,1024,1024,True,1.0,True,MC_UNRESOLVED,DIAGNOSTIC_NOT_POSTERIOR,PRESENT,0.0,86390,62716,1457.4275888448014,62.51772218485417
12,0.5,0,D3,5,Q1,0,1024,1024,1024,True,1.0,True,TRUE,DIAGNOSTIC_NOT_POSTERIOR,PRESENT,1.0,86390,62716,1457.4275888448014,62.51772218485417
12,0.5,0,D3,5,Q1,0.5,1024,1024,1024,True,1.0,True,TRUE,DIAGNOSTIC_NOT_POSTERIOR,PRESENT,0.5,86390,62716,1457.4275888448014,62.51772218485417
12,0.5,0,D3,5,Q1,0.75,1024,1024,1024,True,1.0,True,TRUE,DIAGNOSTIC_NOT_POSTERIOR,PRESENT,0.25,86390,62716,1457.4275888448014,62.51772218485417
12,0.5,0,D3,5,Q1,0.9,1024,1024,1024,True,1.0,True,TRUE,DIAGNOSTIC_NOT_POSTERIOR,PRESENT,0.09999999999999998,86390,62716,1457.4275888448014,62.51772218485417
12,0.5,0,D3,5,Q1,1,1024,1024,1024,True,1.0,True,MC_UNRESOLVED,DIAGNOSTIC_NOT_POSTERIOR,PRESENT,0.0,86390,62716,1457.4275888448014,62.51772218485417
12,0.5,0,D3,5,Q2,0,1024,1024,1024,True,1.0,True,TRUE,DIAGNOSTIC_NOT_POSTERIOR,PRESENT,1.0,86390,62716,1457.4275888448014,62.51772218485417
12,0.5,0,D3,5,Q2,0.5,1024,1024,1024,True,1.0,True,TRUE,DIAGNOSTIC_NOT_POSTERIOR,PRESENT,0.5,86390,62716,1457.4275888448014,62.51772218485417
12,0.5,0,D3,5,Q2,0.75,1024,1024,1024,True,1.0,True,TRUE,DIAGNOSTIC_NOT_POSTERIOR,PRESENT,0.25,86390,62716,1457.4275888448014,62.51772218485417
12,0.5,0,D3,5,Q2,0.9,1024,1024,1024,True,1.0,True,TRUE,DIAGNOSTIC_NOT_POSTERIOR,PRESENT,0.09999999999999998,86390,62716,1457.4275888448014,62.51772218485417
12,0.5,0,D3,5,Q2,1,1024,1024,1024,True,1.0,True,MC_UNRESOLVED,DIAGNOSTIC_NOT_POSTERIOR,PRESENT,0.0,86390,62716,1457.4275888448014,62.51772218485417
12,0.5,0.5,D0,5,Q1,0,1024,1024,1024,True,1.0,True,TRUE,DIAGNOSTIC_NOT_POSTERIOR,PRESENT,1.0,86390,62716,1457.4275888448014,62.51772218485417
12,0.5,0.5,D0,5,Q1,0.5,1024,1024,1024,True,1.0,True,TRUE,DIAGNOSTIC_NOT_POSTERIOR,PRESENT,0.5,86390,62716,1457.4275888448014,62.51772218485417
12,0.5,0.5,D0,5,Q1,0.75,1024,1024,1024,True,1.0,True,TRUE,DIAGNOSTIC_NOT_POSTERIOR,PRESENT,0.25,86390,62716,1457.4275888448014,62.51772218485417
12,0.5,0.5,D0,5,Q1,0.9,1024,1024,1024,True,1.0,True,TRUE,DIAGNOSTIC_NOT_POSTERIOR,PRESENT,0.09999999999999998,86390,62716,1457.4275888448014,62.51772218485417
12,0.5,0.5,D0,5,Q1,1,1024,1024,1024,True,1.0,True,MC_UNRESOLVED,DIAGNOSTIC_NOT_POSTERIOR,PRESENT,0.0,86390,62716,1457.4275888448014,62.51772218485417
12,0.5,0.5,D0,5,Q2,0,1024,1024,1024,True,1.0,True,TRUE,DIAGNOSTIC_NOT_POSTERIOR,PRESENT,1.0,86390,62716,1457.4275888448014,62.51772218485417
12,0.5,0.5,D0,5,Q2,0.5,1024,1024,1024,True,1.0,True,TRUE,DIAGNOSTIC_NOT_POSTERIOR,PRESENT,0.5,86390,62716,1457.4275888448014,62.51772218485417
12,0.5,0.5,D0,5,Q2,0.75,1024,1024,1024,True,1.0,True,TRUE,DIAGNOSTIC_NOT_POSTERIOR,PRESENT,0.25,86390,62716,1457.4275888448014,62.51772218485417
12,0.5,0.5,D0,5,Q2,0.9,1024,1024,1024,True,1.0,True,TRUE,DIAGNOSTIC_NOT_POSTERIOR,PRESENT,0.09999999999999998,86390,62716,1457.4275888448014,62.51772218485417
12,0.5,0.5,D0,5,Q2,1,1024,1024,1024,True,1.0,True,MC_UNRESOLVED,DIAGNOSTIC_NOT_POSTERIOR,PRESENT,0.0,86390,62716,1457.4275888448014,62.51772218485417
12,0.5,0.5,D3,5,Q1,0,1024,1024,1024,True,1.0,True,TRUE,DIAGNOSTIC_NOT_POSTERIOR,PRESENT,1.0,86390,62716,1457.4275888448014,62.51772218485417
12,0.5,0.5,D3,5,Q1,0.5,1024,1024,1024,True,1.0,True,TRUE,DIAGNOSTIC_NOT_POSTERIOR,PRESENT,0.5,86390,62716,1457.4275888448014,62.51772218485417
12,0.5,0.5,D3,5,Q1,0.75,1024,1024,1024,True,1.0,True,TRUE,DIAGNOSTIC_NOT_POSTERIOR,PRESENT,0.25,86390,62716,1457.4275888448014,62.51772218485417
12,0.5,0.5,D3,5,Q1,0.9,1024,1024,1024,True,1.0,True,TRUE,DIAGNOSTIC_NOT_POSTERIOR,PRESENT,0.09999999999999998,86390,62716,1457.4275888448014,62.51772218485417
12,0.5,0.5,D3,5,Q1,1,1024,1024,1024,True,1.0,True,MC_UNRESOLVED,DIAGNOSTIC_NOT_POSTERIOR,PRESENT,0.0,86390,62716,1457.4275888448014,62.51772218485417
12,0.5,0.5,D3,5,Q2,0,1024,1024,1024,True,1.0,True,TRUE,DIAGNOSTIC_NOT_POSTERIOR,PRESENT,1.0,86390,62716,1457.4275888448014,62.51772218485417
12,0.5,0.5,D3,5,Q2,0.5,1024,1024,1024,True,1.0,True,TRUE,DIAGNOSTIC_NOT_POSTERIOR,PRESENT,0.5,86390,62716,1457.4275888448014,62.51772218485417
12,0.5,0.5,D3,5,Q2,0.75,1024,1024,1024,True,1.0,True,TRUE,DIAGNOSTIC_NOT_POSTERIOR,PRESENT,0.25,86390,62716,1457.4275888448014,62.51772218485417
12,0.5,0.5,D3,5,Q2,0.9,1024,1024,1024,True,1.0,True,TRUE,DIAGNOSTIC_NOT_POSTERIOR,PRESENT,0.09999999999999998,86390,62716,1457.4275888448014,62.51772218485417
12,0.5,0.5,D3,5,Q2,1,1024,1024,1024,True,1.0,True,MC_UNRESOLVED,DIAGNOSTIC_NOT_POSTERIOR,PRESENT,0.0,86390,62716,1457.4275888448014,62.51772218485417
12,0.5,1,D0,5,Q1,0,1024,1024,1024,True,1.0,True,TRUE,DIAGNOSTIC_NOT_POSTERIOR,PRESENT,1.0,86390,62716,1457.4275888448014,62.51772218485417
12,0.5,1,D0,5,Q1,0.5,1024,1024,1024,True,1.0,True,TRUE,DIAGNOSTIC_NOT_POSTERIOR,PRESENT,0.5,86390,62716,1457.4275888448014,62.51772218485417
12,0.5,1,D0,5,Q1,0.75,1024,1024,1024,True,1.0,True,TRUE,DIAGNOSTIC_NOT_POSTERIOR,PRESENT,0.25,86390,62716,1457.4275888448014,62.51772218485417
12,0.5,1,D0,5,Q1,0.9,1024,1024,1024,True,1.0,True,TRUE,DIAGNOSTIC_NOT_POSTERIOR,PRESENT,0.09999999999999998,86390,62716,1457.4275888448014,62.51772218485417
12,0.5,1,D0,5,Q1,1,1024,1024,1024,True,1.0,True,MC_UNRESOLVED,DIAGNOSTIC_NOT_POSTERIOR,PRESENT,0.0,86390,62716,1457.4275888448014,62.51772218485417
12,0.5,1,D0,5,Q2,0,1024,1024,1024,True,1.0,True,TRUE,DIAGNOSTIC_NOT_POSTERIOR,PRESENT,1.0,86390,62716,1457.4275888448014,62.51772218485417
12,0.5,1,D0,5,Q2,0.5,1024,1024,1024,True,1.0,True,TRUE,DIAGNOSTIC_NOT_POSTERIOR,PRESENT,0.5,86390,62716,1457.4275888448014,62.51772218485417
12,0.5,1,D0,5,Q2,0.75,1024,1024,1024,True,1.0,True,TRUE,DIAGNOSTIC_NOT_POSTERIOR,PRESENT,0.25,86390,62716,1457.4275888448014,62.51772218485417
12,0.5,1,D0,5,Q2,0.9,1024,1024,1024,True,1.0,True,TRUE,DIAGNOSTIC_NOT_POSTERIOR,PRESENT,0.09999999999999998,86390,62716,1457.4275888448014,62.51772218485417
12,0.5,1,D0,5,Q2,1,1024,1024,1024,True,1.0,True,MC_UNRESOLVED,DIAGNOSTIC_NOT_POSTERIOR,PRESENT,0.0,86390,62716,1457.4275888448014,62.51772218485417
12,0.5,1,D3,5,Q1,0,1024,1024,1024,True,1.0,True,TRUE,DIAGNOSTIC_NOT_POSTERIOR,PRESENT,1.0,86390,62716,1457.4275888448014,62.51772218485417
12,0.5,1,D3,5,Q1,0.5,1024,1024,1024,True,1.0,True,TRUE,DIAGNOSTIC_NOT_POSTERIOR,PRESENT,0.5,86390,62716,1457.4275888448014,62.51772218485417
12,0.5,1,D3,5,Q1,0.75,1024,1024,1024,True,1.0,True,TRUE,DIAGNOSTIC_NOT_POSTERIOR,PRESENT,0.25,86390,62716,1457.4275888448014,62.51772218485417
12,0.5,1,D3,5,Q1,0.9,1024,1024,1024,True,1.0,True,TRUE,DIAGNOSTIC_NOT_POSTERIOR,PRESENT,0.09999999999999998,86390,62716,1457.4275888448014,62.51772218485417
12,0.5,1,D3,5,Q1,1,1024,1024,1024,True,1.0,True,MC_UNRESOLVED,DIAGNOSTIC_NOT_POSTERIOR,PRESENT,0.0,86390,62716,1457.4275888448014,62.51772218485417
12,0.5,1,D3,5,Q2,0,1024,1024,1024,True,1.0,True,TRUE,DIAGNOSTIC_NOT_POSTERIOR,PRESENT,1.0,86390,62716,1457.4275888448014,62.51772218485417
12,0.5,1,D3,5,Q2,0.5,1024,1024,1024,True,1.0,True,TRUE,DIAGNOSTIC_NOT_POSTERIOR,PRESENT,0.5,86390,62716,1457.4275888448014,62.51772218485417
12,0.5,1,D3,5,Q2,0.75,1024,1024,1024,True,1.0,True,TRUE,DIAGNOSTIC_NOT_POSTERIOR,PRESENT,0.25,86390,62716,1457.4275888448014,62.51772218485417
12,0.5,1,D3,5,Q2,0.9,1024,1024,1024,True,1.0,True,TRUE,DIAGNOSTIC_NOT_POSTERIOR,PRESENT,0.09999999999999998,86390,62716,1457.4275888448014,62.51772218485417
12,0.5,1,D3,5,Q2,1,1024,1024,1024,True,1.0,True,MC_UNRESOLVED,DIAGNOSTIC_NOT_POSTERIOR,PRESENT,0.0,86390,62716,1457.4275888448014,62.51772218485417
13,-0.5,0,D0,5,Q1,0,1024,1024,1024,True,1.0,True,TRUE,DIAGNOSTIC_NOT_POSTERIOR,PRESENT,1.0,94158,70253,1464.560783289263,55.4293191694238
13,-0.5,0,D0,5,Q1,0.5,1024,1024,1024,True,1.0,True,TRUE,DIAGNOSTIC_NOT_POSTERIOR,PRESENT,0.5,94158,70253,1464.560783289263,55.4293191694238
13,-0.5,0,D0,5,Q1,0.75,1024,1024,1024,True,1.0,True,TRUE,DIAGNOSTIC_NOT_POSTERIOR,PRESENT,0.25,94158,70253,1464.560783289263,55.4293191694238
13,-0.5,0,D0,5,Q1,0.9,1024,1024,1024,True,1.0,True,TRUE,DIAGNOSTIC_NOT_POSTERIOR,PRESENT,0.09999999999999998,94158,70253,1464.560783289263,55.4293191694238
13,-0.5,0,D0,5,Q1,1,1024,1024,1024,True,1.0,True,MC_UNRESOLVED,DIAGNOSTIC_NOT_POSTERIOR,PRESENT,0.0,94158,70253,1464.560783289263,55.4293191694238
13,-0.5,0,D0,5,Q2,0,1024,1024,1024,True,1.0,True,TRUE,DIAGNOSTIC_NOT_POSTERIOR,PRESENT,1.0,94158,70253,1464.560783289263,55.4293191694238
13,-0.5,0,D0,5,Q2,0.5,1024,1024,1024,True,1.0,True,TRUE,DIAGNOSTIC_NOT_POSTERIOR,PRESENT,0.5,94158,70253,1464.560783289263,55.4293191694238
13,-0.5,0,D0,5,Q2,0.75,1024,1024,1024,True,1.0,True,TRUE,DIAGNOSTIC_NOT_POSTERIOR,PRESENT,0.25,94158,70253,1464.560783289263,55.4293191694238
13,-0.5,0,D0,5,Q2,0.9,1024,1024,1024,True,1.0,True,TRUE,DIAGNOSTIC_NOT_POSTERIOR,PRESENT,0.09999999999999998,94158,70253,1464.560783289263,55.4293191694238
13,-0.5,0,D0,5,Q2,1,1024,1024,1024,True,1.0,True,MC_UNRESOLVED,DIAGNOSTIC_NOT_POSTERIOR,PRESENT,0.0,94158,70253,1464.560783289263,55.4293191694238
13,-0.5,0,D3,5,Q1,0,1024,1024,1024,True,1.0,True,TRUE,DIAGNOSTIC_NOT_POSTERIOR,PRESENT,1.0,94158,70253,1464.560783289263,55.4293191694238
13,-0.5,0,D3,5,Q1,0.5,1024,1024,1024,True,1.0,True,TRUE,DIAGNOSTIC_NOT_POSTERIOR,PRESENT,0.5,94158,70253,1464.560783289263,55.4293191694238
13,-0.5,0,D3,5,Q1,0.75,1024,1024,1024,True,1.0,True,TRUE,DIAGNOSTIC_NOT_POSTERIOR,PRESENT,0.25,94158,70253,1464.560783289263,55.4293191694238
13,-0.5,0,D3,5,Q1,0.9,1024,1024,1024,True,1.0,True,TRUE,DIAGNOSTIC_NOT_POSTERIOR,PRESENT,0.09999999999999998,94158,70253,1464.560783289263,55.4293191694238
13,-0.5,0,D3,5,Q1,1,1024,1024,1024,True,1.0,True,MC_UNRESOLVED,DIAGNOSTIC_NOT_POSTERIOR,PRESENT,0.0,94158,70253,1464.560783289263,55.4293191694238
13,-0.5,0,D3,5,Q2,0,1024,1024,1024,True,1.0,True,TRUE,DIAGNOSTIC_NOT_POSTERIOR,PRESENT,1.0,94158,70253,1464.560783289263,55.4293191694238
13,-0.5,0,D3,5,Q2,0.5,1024,1024,1024,True,1.0,True,TRUE,DIAGNOSTIC_NOT_POSTERIOR,PRESENT,0.5,94158,70253,1464.560783289263,55.4293191694238
13,-0.5,0,D3,5,Q2,0.75,1024,1024,1024,True,1.0,True,TRUE,DIAGNOSTIC_NOT_POSTERIOR,PRESENT,0.25,94158,70253,1464.560783289263,55.4293191694238
13,-0.5,0,D3,5,Q2,0.9,1024,1024,1024,True,1.0,True,TRUE,DIAGNOSTIC_NOT_POSTERIOR,PRESENT,0.09999999999999998,94158,70253,1464.560783289263,55.4293191694238
13,-0.5,0,D3,5,Q2,1,1024,1024,1024,True,1.0,True,MC_UNRESOLVED,DIAGNOSTIC_NOT_POSTERIOR,PRESENT,0.0,94158,70253,1464.560783289263,55.4293191694238
13,-0.5,0.5,D0,5,Q1,0,1024,1024,1024,True,1.0,True,TRUE,DIAGNOSTIC_NOT_POSTERIOR,PRESENT,1.0,94158,70253,1464.560783289263,55.4293191694238
13,-0.5,0.5,D0,5,Q1,0.5,1024,1024,1024,True,1.0,True,TRUE,DIAGNOSTIC_NOT_POSTERIOR,PRESENT,0.5,94158,70253,1464.560783289263,55.4293191694238
13,-0.5,0.5,D0,5,Q1,0.75,1024,1024,1024,True,1.0,True,TRUE,DIAGNOSTIC_NOT_POSTERIOR,PRESENT,0.25,94158,70253,1464.560783289263,55.4293191694238
13,-0.5,0.5,D0,5,Q1,0.9,1024,1024,1024,True,1.0,True,TRUE,DIAGNOSTIC_NOT_POSTERIOR,PRESENT,0.09999999999999998,94158,70253,1464.560783289263,55.4293191694238
13,-0.5,0.5,D0,5,Q1,1,1024,1024,1024,True,1.0,True,MC_UNRESOLVED,DIAGNOSTIC_NOT_POSTERIOR,PRESENT,0.0,94158,70253,1464.560783289263,55.4293191694238
13,-0.5,0.5,D0,5,Q2,0,1024,1024,1024,True,1.0,True,TRUE,DIAGNOSTIC_NOT_POSTERIOR,PRESENT,1.0,94158,70253,1464.560783289263,55.4293191694238
13,-0.5,0.5,D0,5,Q2,0.5,1024,1024,1024,True,1.0,True,TRUE,DIAGNOSTIC_NOT_POSTERIOR,PRESENT,0.5,94158,70253,1464.560783289263,55.4293191694238
13,-0.5,0.5,D0,5,Q2,0.75,1024,1024,1024,True,1.0,True,TRUE,DIAGNOSTIC_NOT_POSTERIOR,PRESENT,0.25,94158,70253,1464.560783289263,55.4293191694238
13,-0.5,0.5,D0,5,Q2,0.9,1024,1024,1024,True,1.0,True,TRUE,DIAGNOSTIC_NOT_POSTERIOR,PRESENT,0.09999999999999998,94158,70253,1464.560783289263,55.4293191694238
13,-0.5,0.5,D0,5,Q2,1,1024,1024,1024,True,1.0,True,MC_UNRESOLVED,DIAGNOSTIC_NOT_POSTERIOR,PRESENT,0.0,94158,70253,1464.560783289263,55.4293191694238
13,-0.5,0.5,D3,5,Q1,0,1024,1024,1024,True,1.0,True,TRUE,DIAGNOSTIC_NOT_POSTERIOR,PRESENT,1.0,94158,70253,1464.560783289263,55.4293191694238
13,-0.5,0.5,D3,5,Q1,0.5,1024,1024,1024,True,1.0,True,TRUE,DIAGNOSTIC_NOT_POSTERIOR,PRESENT,0.5,94158,70253,1464.560783289263,55.4293191694238
13,-0.5,0.5,D3,5,Q1,0.75,1024,1024,1024,True,1.0,True,TRUE,DIAGNOSTIC_NOT_POSTERIOR,PRESENT,0.25,94158,70253,1464.560783289263,55.4293191694238
13,-0.5,0.5,D3,5,Q1,0.9,1024,1024,1024,True,1.0,True,TRUE,DIAGNOSTIC_NOT_POSTERIOR,PRESENT,0.09999999999999998,94158,70253,1464.560783289263,55.4293191694238
13,-0.5,0.5,D3,5,Q1,1,1024,1024,1024,True,1.0,True,MC_UNRESOLVED,DIAGNOSTIC_NOT_POSTERIOR,PRESENT,0.0,94158,70253,1464.560783289263,55.4293191694238
13,-0.5,0.5,D3,5,Q2,0,1024,1024,1024,True,1.0,True,TRUE,DIAGNOSTIC_NOT_POSTERIOR,PRESENT,1.0,94158,70253,1464.560783289263,55.4293191694238
13,-0.5,0.5,D3,5,Q2,0.5,1024,1024,1024,True,1.0,True,TRUE,DIAGNOSTIC_NOT_POSTERIOR,PRESENT,0.5,94158,70253,1464.560783289263,55.4293191694238
13,-0.5,0.5,D3,5,Q2,0.75,1024,1024,1024,True,1.0,True,TRUE,DIAGNOSTIC_NOT_POSTERIOR,PRESENT,0.25,94158,70253,1464.560783289263,55.4293191694238
13,-0.5,0.5,D3,5,Q2,0.9,1024,1024,1024,True,1.0,True,TRUE,DIAGNOSTIC_NOT_POSTERIOR,PRESENT,0.09999999999999998,94158,70253,1464.560783289263,55.4293191694238
13,-0.5,0.5,D3,5,Q2,1,1024,1024,1024,True,1.0,True,MC_UNRESOLVED,DIAGNOSTIC_NOT_POSTERIOR,PRESENT,0.0,94158,70253,1464.560783289263,55.4293191694238
13,-0.5,1,D0,5,Q1,0,1024,1024,1024,True,1.0,True,TRUE,DIAGNOSTIC_NOT_POSTERIOR,PRESENT,1.0,94158,70253,1464.560783289263,55.4293191694238
13,-0.5,1,D0,5,Q1,0.5,1024,1024,1024,True,1.0,True,TRUE,DIAGNOSTIC_NOT_POSTERIOR,PRESENT,0.5,94158,70253,1464.560783289263,55.4293191694238
13,-0.5,1,D0,5,Q1,0.75,1024,1024,1024,True,1.0,True,TRUE,DIAGNOSTIC_NOT_POSTERIOR,PRESENT,0.25,94158,70253,1464.560783289263,55.4293191694238
13,-0.5,1,D0,5,Q1,0.9,1024,1024,1024,True,1.0,True,TRUE,DIAGNOSTIC_NOT_POSTERIOR,PRESENT,0.09999999999999998,94158,70253,1464.560783289263,55.4293191694238
13,-0.5,1,D0,5,Q1,1,1024,1024,1024,True,1.0,True,MC_UNRESOLVED,DIAGNOSTIC_NOT_POSTERIOR,PRESENT,0.0,94158,70253,1464.560783289263,55.4293191694238
13,-0.5,1,D0,5,Q2,0,1024,1024,1024,True,1.0,True,TRUE,DIAGNOSTIC_NOT_POSTERIOR,PRESENT,1.0,94158,70253,1464.560783289263,55.4293191694238
13,-0.5,1,D0,5,Q2,0.5,1024,1024,1024,True,1.0,True,TRUE,DIAGNOSTIC_NOT_POSTERIOR,PRESENT,0.5,94158,70253,1464.560783289263,55.4293191694238
13,-0.5,1,D0,5,Q2,0.75,1024,1024,1024,True,1.0,True,TRUE,DIAGNOSTIC_NOT_POSTERIOR,PRESENT,0.25,94158,70253,1464.560783289263,55.4293191694238
13,-0.5,1,D0,5,Q2,0.9,1024,1024,1024,True,1.0,True,TRUE,DIAGNOSTIC_NOT_POSTERIOR,PRESENT,0.09999999999999998,94158,70253,1464.560783289263,55.4293191694238
13,-0.5,1,D0,5,Q2,1,1024,1024,1024,True,1.0,True,MC_UNRESOLVED,DIAGNOSTIC_NOT_POSTERIOR,PRESENT,0.0,94158,70253,1464.560783289263,55.4293191694238
13,-0.5,1,D3,5,Q1,0,1024,1024,1024,True,1.0,True,TRUE,DIAGNOSTIC_NOT_POSTERIOR,PRESENT,1.0,94158,70253,1464.560783289263,55.4293191694238
13,-0.5,1,D3,5,Q1,0.5,1024,1024,1024,True,1.0,True,TRUE,DIAGNOSTIC_NOT_POSTERIOR,PRESENT,0.5,94158,70253,1464.560783289263,55.4293191694238
13,-0.5,1,D3,5,Q1,0.75,1024,1024,1024,True,1.0,True,TRUE,DIAGNOSTIC_NOT_POSTERIOR,PRESENT,0.25,94158,70253,1464.560783289263,55.4293191694238
13,-0.5,1,D3,5,Q1,0.9,1024,1024,1024,True,1.0,True,TRUE,DIAGNOSTIC_NOT_POSTERIOR,PRESENT,0.09999999999999998,94158,70253,1464.560783289263,55.4293191694238
13,-0.5,1,D3,5,Q1,1,1024,1024,1024,True,1.0,True,MC_UNRESOLVED,DIAGNOSTIC_NOT_POSTERIOR,PRESENT,0.0,94158,70253,1464.560783289263,55.4293191694238
13,-0.5,1,D3,5,Q2,0,1024,1024,1024,True,1.0,True,TRUE,DIAGNOSTIC_NOT_POSTERIOR,PRESENT,1.0,94158,70253,1464.560783289263,55.4293191694238
13,-0.5,1,D3,5,Q2,0.5,1024,1024,1024,True,1.0,True,TRUE,DIAGNOSTIC_NOT_POSTERIOR,PRESENT,0.5,94158,70253,1464.560783289263,55.4293191694238
13,-0.5,1,D3,5,Q2,0.75,1024,1024,1024,True,1.0,True,TRUE,DIAGNOSTIC_NOT_POSTERIOR,PRESENT,0.25,94158,70253,1464.560783289263,55.4293191694238
13,-0.5,1,D3,5,Q2,0.9,1024,1024,1024,True,1.0,True,TRUE,DIAGNOSTIC_NOT_POSTERIOR,PRESENT,0.09999999999999998,94158,70253,1464.560783289263,55.4293191694238
13,-0.5,1,D3,5,Q2,1,1024,1024,1024,True,1.0,True,MC_UNRESOLVED,DIAGNOSTIC_NOT_POSTERIOR,PRESENT,0.0,94158,70253,1464.560783289263,55.4293191694238
13,0,0,D0,5,Q1,0,1024,1024,1024,True,1.0,True,TRUE,DIAGNOSTIC_NOT_POSTERIOR,PRESENT,1.0,90672,66793,1464.560783289263,52.79039351045259
13,0,0,D0,5,Q1,0.5,1024,1024,1024,True,1.0,True,TRUE,DIAGNOSTIC_NOT_POSTERIOR,PRESENT,0.5,90672,66793,1464.560783289263,52.79039351045259
13,0,0,D0,5,Q1,0.75,1024,1024,1024,True,1.0,True,TRUE,DIAGNOSTIC_NOT_POSTERIOR,PRESENT,0.25,90672,66793,1464.560783289263,52.79039351045259
13,0,0,D0,5,Q1,0.9,1024,1024,1024,True,1.0,True,TRUE,DIAGNOSTIC_NOT_POSTERIOR,PRESENT,0.09999999999999998,90672,66793,1464.560783289263,52.79039351045259
13,0,0,D0,5,Q1,1,1024,1024,1024,True,1.0,True,MC_UNRESOLVED,DIAGNOSTIC_NOT_POSTERIOR,PRESENT,0.0,90672,66793,1464.560783289263,52.79039351045259
13,0,0,D0,5,Q2,0,1024,1024,1024,True,1.0,True,TRUE,DIAGNOSTIC_NOT_POSTERIOR,PRESENT,1.0,90672,66793,1464.560783289263,52.79039351045259
13,0,0,D0,5,Q2,0.5,1024,1024,1024,True,1.0,True,TRUE,DIAGNOSTIC_NOT_POSTERIOR,PRESENT,0.5,90672,66793,1464.560783289263,52.79039351045259
13,0,0,D0,5,Q2,0.75,1024,1024,1024,True,1.0,True,TRUE,DIAGNOSTIC_NOT_POSTERIOR,PRESENT,0.25,90672,66793,1464.560783289263,52.79039351045259
13,0,0,D0,5,Q2,0.9,1024,1024,1024,True,1.0,True,TRUE,DIAGNOSTIC_NOT_POSTERIOR,PRESENT,0.09999999999999998,90672,66793,1464.560783289263,52.79039351045259
13,0,0,D0,5,Q2,1,1024,1024,1024,True,1.0,True,MC_UNRESOLVED,DIAGNOSTIC_NOT_POSTERIOR,PRESENT,0.0,90672,66793,1464.560783289263,52.79039351045259
13,0,0,D3,5,Q1,0,1024,1024,1024,True,1.0,True,TRUE,DIAGNOSTIC_NOT_POSTERIOR,PRESENT,1.0,90672,66793,1464.560783289263,52.79039351045259
13,0,0,D3,5,Q1,0.5,1024,1024,1024,True,1.0,True,TRUE,DIAGNOSTIC_NOT_POSTERIOR,PRESENT,0.5,90672,66793,1464.560783289263,52.79039351045259
13,0,0,D3,5,Q1,0.75,1024,1024,1024,True,1.0,True,TRUE,DIAGNOSTIC_NOT_POSTERIOR,PRESENT,0.25,90672,66793,1464.560783289263,52.79039351045259
13,0,0,D3,5,Q1,0.9,1024,1024,1024,True,1.0,True,TRUE,DIAGNOSTIC_NOT_POSTERIOR,PRESENT,0.09999999999999998,90672,66793,1464.560783289263,52.79039351045259
13,0,0,D3,5,Q1,1,1024,1024,1024,True,1.0,True,MC_UNRESOLVED,DIAGNOSTIC_NOT_POSTERIOR,PRESENT,0.0,90672,66793,1464.560783289263,52.79039351045259
13,0,0,D3,5,Q2,0,1024,1024,1024,True,1.0,True,TRUE,DIAGNOSTIC_NOT_POSTERIOR,PRESENT,1.0,90672,66793,1464.560783289263,52.79039351045259
13,0,0,D3,5,Q2,0.5,1024,1024,1024,True,1.0,True,TRUE,DIAGNOSTIC_NOT_POSTERIOR,PRESENT,0.5,90672,66793,1464.560783289263,52.79039351045259
13,0,0,D3,5,Q2,0.75,1024,1024,1024,True,1.0,True,TRUE,DIAGNOSTIC_NOT_POSTERIOR,PRESENT,0.25,90672,66793,1464.560783289263,52.79039351045259
13,0,0,D3,5,Q2,0.9,1024,1024,1024,True,1.0,True,TRUE,DIAGNOSTIC_NOT_POSTERIOR,PRESENT,0.09999999999999998,90672,66793,1464.560783289263,52.79039351045259
13,0,0,D3,5,Q2,1,1024,1024,1024,True,1.0,True,MC_UNRESOLVED,DIAGNOSTIC_NOT_POSTERIOR,PRESENT,0.0,90672,66793,1464.560783289263,52.79039351045259
13,0,0.5,D0,5,Q1,0,1024,1024,1024,True,1.0,True,TRUE,DIAGNOSTIC_NOT_POSTERIOR,PRESENT,1.0,90672,66793,1464.560783289263,52.79039351045259
13,0,0.5,D0,5,Q1,0.5,1024,1024,1024,True,1.0,True,TRUE,DIAGNOSTIC_NOT_POSTERIOR,PRESENT,0.5,90672,66793,1464.560783289263,52.79039351045259
13,0,0.5,D0,5,Q1,0.75,1024,1024,1024,True,1.0,True,TRUE,DIAGNOSTIC_NOT_POSTERIOR,PRESENT,0.25,90672,66793,1464.560783289263,52.79039351045259
13,0,0.5,D0,5,Q1,0.9,1024,1024,1024,True,1.0,True,TRUE,DIAGNOSTIC_NOT_POSTERIOR,PRESENT,0.09999999999999998,90672,66793,1464.560783289263,52.79039351045259
13,0,0.5,D0,5,Q1,1,1024,1024,1024,True,1.0,True,MC_UNRESOLVED,DIAGNOSTIC_NOT_POSTERIOR,PRESENT,0.0,90672,66793,1464.560783289263,52.79039351045259
13,0,0.5,D0,5,Q2,0,1024,1024,1024,True,1.0,True,TRUE,DIAGNOSTIC_NOT_POSTERIOR,PRESENT,1.0,90672,66793,1464.560783289263,52.79039351045259
13,0,0.5,D0,5,Q2,0.5,1024,1024,1024,True,1.0,True,TRUE,DIAGNOSTIC_NOT_POSTERIOR,PRESENT,0.5,90672,66793,1464.560783289263,52.79039351045259
13,0,0.5,D0,5,Q2,0.75,1024,1024,1024,True,1.0,True,TRUE,DIAGNOSTIC_NOT_POSTERIOR,PRESENT,0.25,90672,66793,1464.560783289263,52.79039351045259
13,0,0.5,D0,5,Q2,0.9,1024,1024,1024,True,1.0,True,TRUE,DIAGNOSTIC_NOT_POSTERIOR,PRESENT,0.09999999999999998,90672,66793,1464.560783289263,52.79039351045259
13,0,0.5,D0,5,Q2,1,1024,1024,1024,True,1.0,True,MC_UNRESOLVED,DIAGNOSTIC_NOT_POSTERIOR,PRESENT,0.0,90672,66793,1464.560783289263,52.79039351045259
13,0,0.5,D3,5,Q1,0,1024,1024,1024,True,1.0,True,TRUE,DIAGNOSTIC_NOT_POSTERIOR,PRESENT,1.0,90672,66793,1464.560783289263,52.79039351045259
13,0,0.5,D3,5,Q1,0.5,1024,1024,1024,True,1.0,True,TRUE,DIAGNOSTIC_NOT_POSTERIOR,PRESENT,0.5,90672,66793,1464.560783289263,52.79039351045259
13,0,0.5,D3,5,Q1,0.75,1024,1024,1024,True,1.0,True,TRUE,DIAGNOSTIC_NOT_POSTERIOR,PRESENT,0.25,90672,66793,1464.560783289263,52.79039351045259
13,0,0.5,D3,5,Q1,0.9,1024,1024,1024,True,1.0,True,TRUE,DIAGNOSTIC_NOT_POSTERIOR,PRESENT,0.09999999999999998,90672,66793,1464.560783289263,52.79039351045259
13,0,0.5,D3,5,Q1,1,1024,1024,1024,True,1.0,True,MC_UNRESOLVED,DIAGNOSTIC_NOT_POSTERIOR,PRESENT,0.0,90672,66793,1464.560783289263,52.79039351045259
13,0,0.5,D3,5,Q2,0,1024,1024,1024,True,1.0,True,TRUE,DIAGNOSTIC_NOT_POSTERIOR,PRESENT,1.0,90672,66793,1464.560783289263,52.79039351045259
13,0,0.5,D3,5,Q2,0.5,1024,1024,1024,True,1.0,True,TRUE,DIAGNOSTIC_NOT_POSTERIOR,PRESENT,0.5,90672,66793,1464.560783289263,52.79039351045259
13,0,0.5,D3,5,Q2,0.75,1024,1024,1024,True,1.0,True,TRUE,DIAGNOSTIC_NOT_POSTERIOR,PRESENT,0.25,90672,66793,1464.560783289263,52.79039351045259
13,0,0.5,D3,5,Q2,0.9,1024,1024,1024,True,1.0,True,TRUE,DIAGNOSTIC_NOT_POSTERIOR,PRESENT,0.09999999999999998,90672,66793,1464.560783289263,52.79039351045259
13,0,0.5,D3,5,Q2,1,1024,1024,1024,True,1.0,True,MC_UNRESOLVED,DIAGNOSTIC_NOT_POSTERIOR,PRESENT,0.0,90672,66793,1464.560783289263,52.79039351045259
13,0,1,D0,5,Q1,0,1024,1024,1024,True,1.0,True,TRUE,DIAGNOSTIC_NOT_POSTERIOR,PRESENT,1.0,90672,66793,1464.560783289263,52.79039351045259
13,0,1,D0,5,Q1,0.5,1024,1024,1024,True,1.0,True,TRUE,DIAGNOSTIC_NOT_POSTERIOR,PRESENT,0.5,90672,66793,1464.560783289263,52.79039351045259
13,0,1,D0,5,Q1,0.75,1024,1024,1024,True,1.0,True,TRUE,DIAGNOSTIC_NOT_POSTERIOR,PRESENT,0.25,90672,66793,1464.560783289263,52.79039351045259
13,0,1,D0,5,Q1,0.9,1024,1024,1024,True,1.0,True,TRUE,DIAGNOSTIC_NOT_POSTERIOR,PRESENT,0.09999999999999998,90672,66793,1464.560783289263,52.79039351045259
13,0,1,D0,5,Q1,1,1024,1024,1024,True,1.0,True,MC_UNRESOLVED,DIAGNOSTIC_NOT_POSTERIOR,PRESENT,0.0,90672,66793,1464.560783289263,52.79039351045259
13,0,1,D0,5,Q2,0,1024,1024,1024,True,1.0,True,TRUE,DIAGNOSTIC_NOT_POSTERIOR,PRESENT,1.0,90672,66793,1464.560783289263,52.79039351045259
13,0,1,D0,5,Q2,0.5,1024,1024,1024,True,1.0,True,TRUE,DIAGNOSTIC_NOT_POSTERIOR,PRESENT,0.5,90672,66793,1464.560783289263,52.79039351045259
13,0,1,D0,5,Q2,0.75,1024,1024,1024,True,1.0,True,TRUE,DIAGNOSTIC_NOT_POSTERIOR,PRESENT,0.25,90672,66793,1464.560783289263,52.79039351045259
13,0,1,D0,5,Q2,0.9,1024,1024,1024,True,1.0,True,TRUE,DIAGNOSTIC_NOT_POSTERIOR,PRESENT,0.09999999999999998,90672,66793,1464.560783289263,52.79039351045259
13,0,1,D0,5,Q2,1,1024,1024,1024,True,1.0,True,MC_UNRESOLVED,DIAGNOSTIC_NOT_POSTERIOR,PRESENT,0.0,90672,66793,1464.560783289263,52.79039351045259
13,0,1,D3,5,Q1,0,1024,1024,1024,True,1.0,True,TRUE,DIAGNOSTIC_NOT_POSTERIOR,PRESENT,1.0,90672,66793,1464.560783289263,52.79039351045259
13,0,1,D3,5,Q1,0.5,1024,1024,1024,True,1.0,True,TRUE,DIAGNOSTIC_NOT_POSTERIOR,PRESENT,0.5,90672,66793,1464.560783289263,52.79039351045259
13,0,1,D3,5,Q1,0.75,1024,1024,1024,True,1.0,True,TRUE,DIAGNOSTIC_NOT_POSTERIOR,PRESENT,0.25,90672,66793,1464.560783289263,52.79039351045259
13,0,1,D3,5,Q1,0.9,1024,1024,1024,True,1.0,True,TRUE,DIAGNOSTIC_NOT_POSTERIOR,PRESENT,0.09999999999999998,90672,66793,1464.560783289263,52.79039351045259
13,0,1,D3,5,Q1,1,1024,1024,1024,True,1.0,True,MC_UNRESOLVED,DIAGNOSTIC_NOT_POSTERIOR,PRESENT,0.0,90672,66793,1464.560783289263,52.79039351045259
13,0,1,D3,5,Q2,0,1024,1024,1024,True,1.0,True,TRUE,DIAGNOSTIC_NOT_POSTERIOR,PRESENT,1.0,90672,66793,1464.560783289263,52.79039351045259
13,0,1,D3,5,Q2,0.5,1024,1024,1024,True,1.0,True,TRUE,DIAGNOSTIC_NOT_POSTERIOR,PRESENT,0.5,90672,66793,1464.560783289263,52.79039351045259
13,0,1,D3,5,Q2,0.75,1024,1024,1024,True,1.0,True,TRUE,DIAGNOSTIC_NOT_POSTERIOR,PRESENT,0.25,90672,66793,1464.560783289263,52.79039351045259
13,0,1,D3,5,Q2,0.9,1024,1024,1024,True,1.0,True,TRUE,DIAGNOSTIC_NOT_POSTERIOR,PRESENT,0.09999999999999998,90672,66793,1464.560783289263,52.79039351045259
13,0,1,D3,5,Q2,1,1024,1024,1024,True,1.0,True,MC_UNRESOLVED,DIAGNOSTIC_NOT_POSTERIOR,PRESENT,0.0,90672,66793,1464.560783289263,52.79039351045259
13,0.5,0,D0,5,Q1,0,1024,1024,1024,True,1.0,True,TRUE,DIAGNOSTIC_NOT_POSTERIOR,PRESENT,1.0,85857,62035,1464.560783289263,48.63402758299867
13,0.5,0,D0,5,Q1,0.5,1024,1024,1024,True,1.0,True,TRUE,DIAGNOSTIC_NOT_POSTERIOR,PRESENT,0.5,85857,62035,1464.560783289263,48.63402758299867
13,0.5,0,D0,5,Q1,0.75,1024,1024,1024,True,1.0,True,TRUE,DIAGNOSTIC_NOT_POSTERIOR,PRESENT,0.25,85857,62035,1464.560783289263,48.63402758299867
13,0.5,0,D0,5,Q1,0.9,1024,1024,1024,True,1.0,True,TRUE,DIAGNOSTIC_NOT_POSTERIOR,PRESENT,0.09999999999999998,85857,62035,1464.560783289263,48.63402758299867
13,0.5,0,D0,5,Q1,1,1024,1024,1024,True,1.0,True,MC_UNRESOLVED,DIAGNOSTIC_NOT_POSTERIOR,PRESENT,0.0,85857,62035,1464.560783289263,48.63402758299867
13,0.5,0,D0,5,Q2,0,1024,1024,1024,True,1.0,True,TRUE,DIAGNOSTIC_NOT_POSTERIOR,PRESENT,1.0,85857,62035,1464.560783289263,48.63402758299867
13,0.5,0,D0,5,Q2,0.5,1024,1024,1024,True,1.0,True,TRUE,DIAGNOSTIC_NOT_POSTERIOR,PRESENT,0.5,85857,62035,1464.560783289263,48.63402758299867
13,0.5,0,D0,5,Q2,0.75,1024,1024,1024,True,1.0,True,TRUE,DIAGNOSTIC_NOT_POSTERIOR,PRESENT,0.25,85857,62035,1464.560783289263,48.63402758299867
13,0.5,0,D0,5,Q2,0.9,1024,1024,1024,True,1.0,True,TRUE,DIAGNOSTIC_NOT_POSTERIOR,PRESENT,0.09999999999999998,85857,62035,1464.560783289263,48.63402758299867
13,0.5,0,D0,5,Q2,1,1024,1024,1024,True,1.0,True,MC_UNRESOLVED,DIAGNOSTIC_NOT_POSTERIOR,PRESENT,0.0,85857,62035,1464.560783289263,48.63402758299867
13,0.5,0,D3,5,Q1,0,1024,1024,1024,True,1.0,True,TRUE,DIAGNOSTIC_NOT_POSTERIOR,PRESENT,1.0,85857,62035,1464.560783289263,48.63402758299867
13,0.5,0,D3,5,Q1,0.5,1024,1024,1024,True,1.0,True,TRUE,DIAGNOSTIC_NOT_POSTERIOR,PRESENT,0.5,85857,62035,1464.560783289263,48.63402758299867
13,0.5,0,D3,5,Q1,0.75,1024,1024,1024,True,1.0,True,TRUE,DIAGNOSTIC_NOT_POSTERIOR,PRESENT,0.25,85857,62035,1464.560783289263,48.63402758299867
13,0.5,0,D3,5,Q1,0.9,1024,1024,1024,True,1.0,True,TRUE,DIAGNOSTIC_NOT_POSTERIOR,PRESENT,0.09999999999999998,85857,62035,1464.560783289263,48.63402758299867
13,0.5,0,D3,5,Q1,1,1024,1024,1024,True,1.0,True,MC_UNRESOLVED,DIAGNOSTIC_NOT_POSTERIOR,PRESENT,0.0,85857,62035,1464.560783289263,48.63402758299867
13,0.5,0,D3,5,Q2,0,1024,1024,1024,True,1.0,True,TRUE,DIAGNOSTIC_NOT_POSTERIOR,PRESENT,1.0,85857,62035,1464.560783289263,48.63402758299867
13,0.5,0,D3,5,Q2,0.5,1024,1024,1024,True,1.0,True,TRUE,DIAGNOSTIC_NOT_POSTERIOR,PRESENT,0.5,85857,62035,1464.560783289263,48.63402758299867
13,0.5,0,D3,5,Q2,0.75,1024,1024,1024,True,1.0,True,TRUE,DIAGNOSTIC_NOT_POSTERIOR,PRESENT,0.25,85857,62035,1464.560783289263,48.63402758299867
13,0.5,0,D3,5,Q2,0.9,1024,1024,1024,True,1.0,True,TRUE,DIAGNOSTIC_NOT_POSTERIOR,PRESENT,0.09999999999999998,85857,62035,1464.560783289263,48.63402758299867
13,0.5,0,D3,5,Q2,1,1024,1024,1024,True,1.0,True,MC_UNRESOLVED,DIAGNOSTIC_NOT_POSTERIOR,PRESENT,0.0,85857,62035,1464.560783289263,48.63402758299867
13,0.5,0.5,D0,5,Q1,0,1024,1024,1024,True,1.0,True,TRUE,DIAGNOSTIC_NOT_POSTERIOR,PRESENT,1.0,85857,62035,1464.560783289263,48.63402758299867
13,0.5,0.5,D0,5,Q1,0.5,1024,1024,1024,True,1.0,True,TRUE,DIAGNOSTIC_NOT_POSTERIOR,PRESENT,0.5,85857,62035,1464.560783289263,48.63402758299867
13,0.5,0.5,D0,5,Q1,0.75,1024,1024,1024,True,1.0,True,TRUE,DIAGNOSTIC_NOT_POSTERIOR,PRESENT,0.25,85857,62035,1464.560783289263,48.63402758299867
13,0.5,0.5,D0,5,Q1,0.9,1024,1024,1024,True,1.0,True,TRUE,DIAGNOSTIC_NOT_POSTERIOR,PRESENT,0.09999999999999998,85857,62035,1464.560783289263,48.63402758299867
13,0.5,0.5,D0,5,Q1,1,1024,1024,1024,True,1.0,True,MC_UNRESOLVED,DIAGNOSTIC_NOT_POSTERIOR,PRESENT,0.0,85857,62035,1464.560783289263,48.63402758299867
13,0.5,0.5,D0,5,Q2,0,1024,1024,1024,True,1.0,True,TRUE,DIAGNOSTIC_NOT_POSTERIOR,PRESENT,1.0,85857,62035,1464.560783289263,48.63402758299867
13,0.5,0.5,D0,5,Q2,0.5,1024,1024,1024,True,1.0,True,TRUE,DIAGNOSTIC_NOT_POSTERIOR,PRESENT,0.5,85857,62035,1464.560783289263,48.63402758299867
13,0.5,0.5,D0,5,Q2,0.75,1024,1024,1024,True,1.0,True,TRUE,DIAGNOSTIC_NOT_POSTERIOR,PRESENT,0.25,85857,62035,1464.560783289263,48.63402758299867
13,0.5,0.5,D0,5,Q2,0.9,1024,1024,1024,True,1.0,True,TRUE,DIAGNOSTIC_NOT_POSTERIOR,PRESENT,0.09999999999999998,85857,62035,1464.560783289263,48.63402758299867
13,0.5,0.5,D0,5,Q2,1,1024,1024,1024,True,1.0,True,MC_UNRESOLVED,DIAGNOSTIC_NOT_POSTERIOR,PRESENT,0.0,85857,62035,1464.560783289263,48.63402758299867
13,0.5,0.5,D3,5,Q1,0,1024,1024,1024,True,1.0,True,TRUE,DIAGNOSTIC_NOT_POSTERIOR,PRESENT,1.0,85857,62035,1464.560783289263,48.63402758299867
13,0.5,0.5,D3,5,Q1,0.5,1024,1024,1024,True,1.0,True,TRUE,DIAGNOSTIC_NOT_POSTERIOR,PRESENT,0.5,85857,62035,1464.560783289263,48.63402758299867
13,0.5,0.5,D3,5,Q1,0.75,1024,1024,1024,True,1.0,True,TRUE,DIAGNOSTIC_NOT_POSTERIOR,PRESENT,0.25,85857,62035,1464.560783289263,48.63402758299867
13,0.5,0.5,D3,5,Q1,0.9,1024,1024,1024,True,1.0,True,TRUE,DIAGNOSTIC_NOT_POSTERIOR,PRESENT,0.09999999999999998,85857,62035,1464.560783289263,48.63402758299867
13,0.5,0.5,D3,5,Q1,1,1024,1024,1024,True,1.0,True,MC_UNRESOLVED,DIAGNOSTIC_NOT_POSTERIOR,PRESENT,0.0,85857,62035,1464.560783289263,48.63402758299867
13,0.5,0.5,D3,5,Q2,0,1024,1024,1024,True,1.0,True,TRUE,DIAGNOSTIC_NOT_POSTERIOR,PRESENT,1.0,85857,62035,1464.560783289263,48.63402758299867
13,0.5,0.5,D3,5,Q2,0.5,1024,1024,1024,True,1.0,True,TRUE,DIAGNOSTIC_NOT_POSTERIOR,PRESENT,0.5,85857,62035,1464.560783289263,48.63402758299867
13,0.5,0.5,D3,5,Q2,0.75,1024,1024,1024,True,1.0,True,TRUE,DIAGNOSTIC_NOT_POSTERIOR,PRESENT,0.25,85857,62035,1464.560783289263,48.63402758299867
13,0.5,0.5,D3,5,Q2,0.9,1024,1024,1024,True,1.0,True,TRUE,DIAGNOSTIC_NOT_POSTERIOR,PRESENT,0.09999999999999998,85857,62035,1464.560783289263,48.63402758299867
13,0.5,0.5,D3,5,Q2,1,1024,1024,1024,True,1.0,True,MC_UNRESOLVED,DIAGNOSTIC_NOT_POSTERIOR,PRESENT,0.0,85857,62035,1464.560783289263,48.63402758299867
13,0.5,1,D0,5,Q1,0,1024,1024,1024,True,1.0,True,TRUE,DIAGNOSTIC_NOT_POSTERIOR,PRESENT,1.0,85857,62035,1464.560783289263,48.63402758299867
13,0.5,1,D0,5,Q1,0.5,1024,1024,1024,True,1.0,True,TRUE,DIAGNOSTIC_NOT_POSTERIOR,PRESENT,0.5,85857,62035,1464.560783289263,48.63402758299867
13,0.5,1,D0,5,Q1,0.75,1024,1024,1024,True,1.0,True,TRUE,DIAGNOSTIC_NOT_POSTERIOR,PRESENT,0.25,85857,62035,1464.560783289263,48.63402758299867
13,0.5,1,D0,5,Q1,0.9,1024,1024,1024,True,1.0,True,TRUE,DIAGNOSTIC_NOT_POSTERIOR,PRESENT,0.09999999999999998,85857,62035,1464.560783289263,48.63402758299867
13,0.5,1,D0,5,Q1,1,1024,1024,1024,True,1.0,True,MC_UNRESOLVED,DIAGNOSTIC_NOT_POSTERIOR,PRESENT,0.0,85857,62035,1464.560783289263,48.63402758299867
13,0.5,1,D0,5,Q2,0,1024,1024,1024,True,1.0,True,TRUE,DIAGNOSTIC_NOT_POSTERIOR,PRESENT,1.0,85857,62035,1464.560783289263,48.63402758299867
13,0.5,1,D0,5,Q2,0.5,1024,1024,1024,True,1.0,True,TRUE,DIAGNOSTIC_NOT_POSTERIOR,PRESENT,0.5,85857,62035,1464.560783289263,48.63402758299867
13,0.5,1,D0,5,Q2,0.75,1024,1024,1024,True,1.0,True,TRUE,DIAGNOSTIC_NOT_POSTERIOR,PRESENT,0.25,85857,62035,1464.560783289263,48.63402758299867
13,0.5,1,D0,5,Q2,0.9,1024,1024,1024,True,1.0,True,TRUE,DIAGNOSTIC_NOT_POSTERIOR,PRESENT,0.09999999999999998,85857,62035,1464.560783289263,48.63402758299867
13,0.5,1,D0,5,Q2,1,1024,1024,1024,True,1.0,True,MC_UNRESOLVED,DIAGNOSTIC_NOT_POSTERIOR,PRESENT,0.0,85857,62035,1464.560783289263,48.63402758299867
13,0.5,1,D3,5,Q1,0,1024,1024,1024,True,1.0,True,TRUE,DIAGNOSTIC_NOT_POSTERIOR,PRESENT,1.0,85857,62035,1464.560783289263,48.63402758299867
13,0.5,1,D3,5,Q1,0.5,1024,1024,1024,True,1.0,True,TRUE,DIAGNOSTIC_NOT_POSTERIOR,PRESENT,0.5,85857,62035,1464.560783289263,48.63402758299867
13,0.5,1,D3,5,Q1,0.75,1024,1024,1024,True,1.0,True,TRUE,DIAGNOSTIC_NOT_POSTERIOR,PRESENT,0.25,85857,62035,1464.560783289263,48.63402758299867
13,0.5,1,D3,5,Q1,0.9,1024,1024,1024,True,1.0,True,TRUE,DIAGNOSTIC_NOT_POSTERIOR,PRESENT,0.09999999999999998,85857,62035,1464.560783289263,48.63402758299867
13,0.5,1,D3,5,Q1,1,1024,1024,1024,True,1.0,True,MC_UNRESOLVED,DIAGNOSTIC_NOT_POSTERIOR,PRESENT,0.0,85857,62035,1464.560783289263,48.63402758299867
13,0.5,1,D3,5,Q2,0,1024,1024,1024,True,1.0,True,TRUE,DIAGNOSTIC_NOT_POSTERIOR,PRESENT,1.0,85857,62035,1464.560783289263,48.63402758299867
13,0.5,1,D3,5,Q2,0.5,1024,1024,1024,True,1.0,True,TRUE,DIAGNOSTIC_NOT_POSTERIOR,PRESENT,0.5,85857,62035,1464.560783289263,48.63402758299867
13,0.5,1,D3,5,Q2,0.75,1024,1024,1024,True,1.0,True,TRUE,DIAGNOSTIC_NOT_POSTERIOR,PRESENT,0.25,85857,62035,1464.560783289263,48.63402758299867
13,0.5,1,D3,5,Q2,0.9,1024,1024,1024,True,1.0,True,TRUE,DIAGNOSTIC_NOT_POSTERIOR,PRESENT,0.09999999999999998,85857,62035,1464.560783289263,48.63402758299867
13,0.5,1,D3,5,Q2,1,1024,1024,1024,True,1.0,True,MC_UNRESOLVED,DIAGNOSTIC_NOT_POSTERIOR,PRESENT,0.0,85857,62035,1464.560783289263,48.63402758299867
14,-0.5,0,D0,5,Q1,0,1024,1024,1024,True,1.0,True,TRUE,DIAGNOSTIC_NOT_POSTERIOR,PRESENT,1.0,73711,50254,1463.2977232651751,38.798091080000574
14,-0.5,0,D0,5,Q1,0.5,1024,1024,1024,True,1.0,True,TRUE,DIAGNOSTIC_NOT_POSTERIOR,PRESENT,0.5,73711,50254,1463.2977232651751,38.798091080000574
14,-0.5,0,D0,5,Q1,0.75,1024,1024,1024,True,1.0,True,TRUE,DIAGNOSTIC_NOT_POSTERIOR,PRESENT,0.25,73711,50254,1463.2977232651751,38.798091080000574
14,-0.5,0,D0,5,Q1,0.9,1024,1024,1024,True,1.0,True,TRUE,DIAGNOSTIC_NOT_POSTERIOR,PRESENT,0.09999999999999998,73711,50254,1463.2977232651751,38.798091080000574
14,-0.5,0,D0,5,Q1,1,1024,1024,1024,True,1.0,True,MC_UNRESOLVED,DIAGNOSTIC_NOT_POSTERIOR,PRESENT,0.0,73711,50254,1463.2977232651751,38.798091080000574
14,-0.5,0,D0,5,Q2,0,1024,1024,1024,True,1.0,True,TRUE,DIAGNOSTIC_NOT_POSTERIOR,PRESENT,1.0,73711,50254,1463.2977232651751,38.798091080000574
14,-0.5,0,D0,5,Q2,0.5,1024,1024,1024,True,1.0,True,TRUE,DIAGNOSTIC_NOT_POSTERIOR,PRESENT,0.5,73711,50254,1463.2977232651751,38.798091080000574
14,-0.5,0,D0,5,Q2,0.75,1024,1024,1024,True,1.0,True,TRUE,DIAGNOSTIC_NOT_POSTERIOR,PRESENT,0.25,73711,50254,1463.2977232651751,38.798091080000574
14,-0.5,0,D0,5,Q2,0.9,1024,1024,1024,True,1.0,True,TRUE,DIAGNOSTIC_NOT_POSTERIOR,PRESENT,0.09999999999999998,73711,50254,1463.2977232651751,38.798091080000574
14,-0.5,0,D0,5,Q2,1,1024,1024,1024,True,1.0,True,MC_UNRESOLVED,DIAGNOSTIC_NOT_POSTERIOR,PRESENT,0.0,73711,50254,1463.2977232651751,38.798091080000574
14,-0.5,0,D3,5,Q1,0,1024,0,0,True,0.0,True,TRUE,DIAGNOSTIC_NOT_POSTERIOR,PRESENT,0.0,73711,50254,1463.2977232651751,38.798091080000574
14,-0.5,0,D3,5,Q1,0.5,1024,0,0,True,0.0,False,FALSE,DIAGNOSTIC_NOT_POSTERIOR,PRESENT,-0.5,73711,50254,1463.2977232651751,38.798091080000574
14,-0.5,0,D3,5,Q1,0.75,1024,0,0,True,0.0,False,FALSE,DIAGNOSTIC_NOT_POSTERIOR,PRESENT,-0.75,73711,50254,1463.2977232651751,38.798091080000574
14,-0.5,0,D3,5,Q1,0.9,1024,0,0,True,0.0,False,FALSE,DIAGNOSTIC_NOT_POSTERIOR,PRESENT,-0.9,73711,50254,1463.2977232651751,38.798091080000574
14,-0.5,0,D3,5,Q1,1,1024,0,0,True,0.0,False,FALSE,DIAGNOSTIC_NOT_POSTERIOR,PRESENT,-1.0,73711,50254,1463.2977232651751,38.798091080000574
14,-0.5,0,D3,5,Q2,0,1024,0,0,True,0.0,True,TRUE,DIAGNOSTIC_NOT_POSTERIOR,PRESENT,0.0,73711,50254,1463.2977232651751,38.798091080000574
14,-0.5,0,D3,5,Q2,0.5,1024,0,0,True,0.0,False,FALSE,DIAGNOSTIC_NOT_POSTERIOR,PRESENT,-0.5,73711,50254,1463.2977232651751,38.798091080000574
14,-0.5,0,D3,5,Q2,0.75,1024,0,0,True,0.0,False,FALSE,DIAGNOSTIC_NOT_POSTERIOR,PRESENT,-0.75,73711,50254,1463.2977232651751,38.798091080000574
14,-0.5,0,D3,5,Q2,0.9,1024,0,0,True,0.0,False,FALSE,DIAGNOSTIC_NOT_POSTERIOR,PRESENT,-0.9,73711,50254,1463.2977232651751,38.798091080000574
14,-0.5,0,D3,5,Q2,1,1024,0,0,True,0.0,False,FALSE,DIAGNOSTIC_NOT_POSTERIOR,PRESENT,-1.0,73711,50254,1463.2977232651751,38.798091080000574
14,-0.5,0.5,D0,5,Q1,0,1024,1024,1024,True,1.0,True,TRUE,DIAGNOSTIC_NOT_POSTERIOR,PRESENT,1.0,73711,50254,1463.2977232651751,38.798091080000574
14,-0.5,0.5,D0,5,Q1,0.5,1024,1024,1024,True,1.0,True,TRUE,DIAGNOSTIC_NOT_POSTERIOR,PRESENT,0.5,73711,50254,1463.2977232651751,38.798091080000574
14,-0.5,0.5,D0,5,Q1,0.75,1024,1024,1024,True,1.0,True,TRUE,DIAGNOSTIC_NOT_POSTERIOR,PRESENT,0.25,73711,50254,1463.2977232651751,38.798091080000574
14,-0.5,0.5,D0,5,Q1,0.9,1024,1024,1024,True,1.0,True,TRUE,DIAGNOSTIC_NOT_POSTERIOR,PRESENT,0.09999999999999998,73711,50254,1463.2977232651751,38.798091080000574
14,-0.5,0.5,D0,5,Q1,1,1024,1024,1024,True,1.0,True,MC_UNRESOLVED,DIAGNOSTIC_NOT_POSTERIOR,PRESENT,0.0,73711,50254,1463.2977232651751,38.798091080000574
14,-0.5,0.5,D0,5,Q2,0,1024,1024,1024,True,1.0,True,TRUE,DIAGNOSTIC_NOT_POSTERIOR,PRESENT,1.0,73711,50254,1463.2977232651751,38.798091080000574
14,-0.5,0.5,D0,5,Q2,0.5,1024,1024,1024,True,1.0,True,TRUE,DIAGNOSTIC_NOT_POSTERIOR,PRESENT,0.5,73711,50254,1463.2977232651751,38.798091080000574
14,-0.5,0.5,D0,5,Q2,0.75,1024,1024,1024,True,1.0,True,TRUE,DIAGNOSTIC_NOT_POSTERIOR,PRESENT,0.25,73711,50254,1463.2977232651751,38.798091080000574
14,-0.5,0.5,D0,5,Q2,0.9,1024,1024,1024,True,1.0,True,TRUE,DIAGNOSTIC_NOT_POSTERIOR,PRESENT,0.09999999999999998,73711,50254,1463.2977232651751,38.798091080000574
14,-0.5,0.5,D0,5,Q2,1,1024,1024,1024,True,1.0,True,MC_UNRESOLVED,DIAGNOSTIC_NOT_POSTERIOR,PRESENT,0.0,73711,50254,1463.2977232651751,38.798091080000574
14,-0.5,0.5,D3,5,Q1,0,1024,1024,1024,True,1.0,True,TRUE,DIAGNOSTIC_NOT_POSTERIOR,PRESENT,1.0,73711,50254,1463.2977232651751,38.798091080000574
14,-0.5,0.5,D3,5,Q1,0.5,1024,1024,1024,True,1.0,True,TRUE,DIAGNOSTIC_NOT_POSTERIOR,PRESENT,0.5,73711,50254,1463.2977232651751,38.798091080000574
14,-0.5,0.5,D3,5,Q1,0.75,1024,1024,1024,True,1.0,True,TRUE,DIAGNOSTIC_NOT_POSTERIOR,PRESENT,0.25,73711,50254,1463.2977232651751,38.798091080000574
14,-0.5,0.5,D3,5,Q1,0.9,1024,1024,1024,True,1.0,True,TRUE,DIAGNOSTIC_NOT_POSTERIOR,PRESENT,0.09999999999999998,73711,50254,1463.2977232651751,38.798091080000574
14,-0.5,0.5,D3,5,Q1,1,1024,1024,1024,True,1.0,True,MC_UNRESOLVED,DIAGNOSTIC_NOT_POSTERIOR,PRESENT,0.0,73711,50254,1463.2977232651751,38.798091080000574
14,-0.5,0.5,D3,5,Q2,0,1024,1024,1024,True,1.0,True,TRUE,DIAGNOSTIC_NOT_POSTERIOR,PRESENT,1.0,73711,50254,1463.2977232651751,38.798091080000574
14,-0.5,0.5,D3,5,Q2,0.5,1024,1024,1024,True,1.0,True,TRUE,DIAGNOSTIC_NOT_POSTERIOR,PRESENT,0.5,73711,50254,1463.2977232651751,38.798091080000574
14,-0.5,0.5,D3,5,Q2,0.75,1024,1024,1024,True,1.0,True,TRUE,DIAGNOSTIC_NOT_POSTERIOR,PRESENT,0.25,73711,50254,1463.2977232651751,38.798091080000574
14,-0.5,0.5,D3,5,Q2,0.9,1024,1024,1024,True,1.0,True,TRUE,DIAGNOSTIC_NOT_POSTERIOR,PRESENT,0.09999999999999998,73711,50254,1463.2977232651751,38.798091080000574
14,-0.5,0.5,D3,5,Q2,1,1024,1024,1024,True,1.0,True,MC_UNRESOLVED,DIAGNOSTIC_NOT_POSTERIOR,PRESENT,0.0,73711,50254,1463.2977232651751,38.798091080000574
14,-0.5,1,D0,5,Q1,0,1024,1024,1024,True,1.0,True,TRUE,DIAGNOSTIC_NOT_POSTERIOR,PRESENT,1.0,73711,50254,1463.2977232651751,38.798091080000574
14,-0.5,1,D0,5,Q1,0.5,1024,1024,1024,True,1.0,True,TRUE,DIAGNOSTIC_NOT_POSTERIOR,PRESENT,0.5,73711,50254,1463.2977232651751,38.798091080000574
14,-0.5,1,D0,5,Q1,0.75,1024,1024,1024,True,1.0,True,TRUE,DIAGNOSTIC_NOT_POSTERIOR,PRESENT,0.25,73711,50254,1463.2977232651751,38.798091080000574
14,-0.5,1,D0,5,Q1,0.9,1024,1024,1024,True,1.0,True,TRUE,DIAGNOSTIC_NOT_POSTERIOR,PRESENT,0.09999999999999998,73711,50254,1463.2977232651751,38.798091080000574
14,-0.5,1,D0,5,Q1,1,1024,1024,1024,True,1.0,True,MC_UNRESOLVED,DIAGNOSTIC_NOT_POSTERIOR,PRESENT,0.0,73711,50254,1463.2977232651751,38.798091080000574
14,-0.5,1,D0,5,Q2,0,1024,1024,1024,True,1.0,True,TRUE,DIAGNOSTIC_NOT_POSTERIOR,PRESENT,1.0,73711,50254,1463.2977232651751,38.798091080000574
14,-0.5,1,D0,5,Q2,0.5,1024,1024,1024,True,1.0,True,TRUE,DIAGNOSTIC_NOT_POSTERIOR,PRESENT,0.5,73711,50254,1463.2977232651751,38.798091080000574
14,-0.5,1,D0,5,Q2,0.75,1024,1024,1024,True,1.0,True,TRUE,DIAGNOSTIC_NOT_POSTERIOR,PRESENT,0.25,73711,50254,1463.2977232651751,38.798091080000574
14,-0.5,1,D0,5,Q2,0.9,1024,1024,1024,True,1.0,True,TRUE,DIAGNOSTIC_NOT_POSTERIOR,PRESENT,0.09999999999999998,73711,50254,1463.2977232651751,38.798091080000574
14,-0.5,1,D0,5,Q2,1,1024,1024,1024,True,1.0,True,MC_UNRESOLVED,DIAGNOSTIC_NOT_POSTERIOR,PRESENT,0.0,73711,50254,1463.2977232651751,38.798091080000574
14,-0.5,1,D3,5,Q1,0,1024,1024,1024,True,1.0,True,TRUE,DIAGNOSTIC_NOT_POSTERIOR,PRESENT,1.0,73711,50254,1463.2977232651751,38.798091080000574
14,-0.5,1,D3,5,Q1,0.5,1024,1024,1024,True,1.0,True,TRUE,DIAGNOSTIC_NOT_POSTERIOR,PRESENT,0.5,73711,50254,1463.2977232651751,38.798091080000574
14,-0.5,1,D3,5,Q1,0.75,1024,1024,1024,True,1.0,True,TRUE,DIAGNOSTIC_NOT_POSTERIOR,PRESENT,0.25,73711,50254,1463.2977232651751,38.798091080000574
14,-0.5,1,D3,5,Q1,0.9,1024,1024,1024,True,1.0,True,TRUE,DIAGNOSTIC_NOT_POSTERIOR,PRESENT,0.09999999999999998,73711,50254,1463.2977232651751,38.798091080000574
14,-0.5,1,D3,5,Q1,1,1024,1024,1024,True,1.0,True,MC_UNRESOLVED,DIAGNOSTIC_NOT_POSTERIOR,PRESENT,0.0,73711,50254,1463.2977232651751,38.798091080000574
14,-0.5,1,D3,5,Q2,0,1024,1024,1024,True,1.0,True,TRUE,DIAGNOSTIC_NOT_POSTERIOR,PRESENT,1.0,73711,50254,1463.2977232651751,38.798091080000574
14,-0.5,1,D3,5,Q2,0.5,1024,1024,1024,True,1.0,True,TRUE,DIAGNOSTIC_NOT_POSTERIOR,PRESENT,0.5,73711,50254,1463.2977232651751,38.798091080000574
14,-0.5,1,D3,5,Q2,0.75,1024,1024,1024,True,1.0,True,TRUE,DIAGNOSTIC_NOT_POSTERIOR,PRESENT,0.25,73711,50254,1463.2977232651751,38.798091080000574
14,-0.5,1,D3,5,Q2,0.9,1024,1024,1024,True,1.0,True,TRUE,DIAGNOSTIC_NOT_POSTERIOR,PRESENT,0.09999999999999998,73711,50254,1463.2977232651751,38.798091080000574
14,-0.5,1,D3,5,Q2,1,1024,1024,1024,True,1.0,True,MC_UNRESOLVED,DIAGNOSTIC_NOT_POSTERIOR,PRESENT,0.0,73711,50254,1463.2977232651751,38.798091080000574
14,0,0,D0,5,Q1,0,1024,1024,1024,True,1.0,True,TRUE,DIAGNOSTIC_NOT_POSTERIOR,PRESENT,1.0,68010,44723,1463.2977232651751,28.707625594572864
14,0,0,D0,5,Q1,0.5,1024,1024,1024,True,1.0,True,TRUE,DIAGNOSTIC_NOT_POSTERIOR,PRESENT,0.5,68010,44723,1463.2977232651751,28.707625594572864
14,0,0,D0,5,Q1,0.75,1024,1024,1024,True,1.0,True,TRUE,DIAGNOSTIC_NOT_POSTERIOR,PRESENT,0.25,68010,44723,1463.2977232651751,28.707625594572864
14,0,0,D0,5,Q1,0.9,1024,1024,1024,True,1.0,True,TRUE,DIAGNOSTIC_NOT_POSTERIOR,PRESENT,0.09999999999999998,68010,44723,1463.2977232651751,28.707625594572864
14,0,0,D0,5,Q1,1,1024,1024,1024,True,1.0,True,MC_UNRESOLVED,DIAGNOSTIC_NOT_POSTERIOR,PRESENT,0.0,68010,44723,1463.2977232651751,28.707625594572864
14,0,0,D0,5,Q2,0,1024,1024,1024,True,1.0,True,TRUE,DIAGNOSTIC_NOT_POSTERIOR,PRESENT,1.0,68010,44723,1463.2977232651751,28.707625594572864
14,0,0,D0,5,Q2,0.5,1024,1024,1024,True,1.0,True,TRUE,DIAGNOSTIC_NOT_POSTERIOR,PRESENT,0.5,68010,44723,1463.2977232651751,28.707625594572864
14,0,0,D0,5,Q2,0.75,1024,1024,1024,True,1.0,True,TRUE,DIAGNOSTIC_NOT_POSTERIOR,PRESENT,0.25,68010,44723,1463.2977232651751,28.707625594572864
14,0,0,D0,5,Q2,0.9,1024,1024,1024,True,1.0,True,TRUE,DIAGNOSTIC_NOT_POSTERIOR,PRESENT,0.09999999999999998,68010,44723,1463.2977232651751,28.707625594572864
14,0,0,D0,5,Q2,1,1024,1024,1024,True,1.0,True,MC_UNRESOLVED,DIAGNOSTIC_NOT_POSTERIOR,PRESENT,0.0,68010,44723,1463.2977232651751,28.707625594572864
14,0,0,D3,5,Q1,0,1024,0,0,True,0.0,True,TRUE,DIAGNOSTIC_NOT_POSTERIOR,PRESENT,0.0,68010,44723,1463.2977232651751,28.707625594572864
14,0,0,D3,5,Q1,0.5,1024,0,0,True,0.0,False,FALSE,DIAGNOSTIC_NOT_POSTERIOR,PRESENT,-0.5,68010,44723,1463.2977232651751,28.707625594572864
14,0,0,D3,5,Q1,0.75,1024,0,0,True,0.0,False,FALSE,DIAGNOSTIC_NOT_POSTERIOR,PRESENT,-0.75,68010,44723,1463.2977232651751,28.707625594572864
14,0,0,D3,5,Q1,0.9,1024,0,0,True,0.0,False,FALSE,DIAGNOSTIC_NOT_POSTERIOR,PRESENT,-0.9,68010,44723,1463.2977232651751,28.707625594572864
14,0,0,D3,5,Q1,1,1024,0,0,True,0.0,False,FALSE,DIAGNOSTIC_NOT_POSTERIOR,PRESENT,-1.0,68010,44723,1463.2977232651751,28.707625594572864
14,0,0,D3,5,Q2,0,1024,0,0,True,0.0,True,TRUE,DIAGNOSTIC_NOT_POSTERIOR,PRESENT,0.0,68010,44723,1463.2977232651751,28.707625594572864
14,0,0,D3,5,Q2,0.5,1024,0,0,True,0.0,False,FALSE,DIAGNOSTIC_NOT_POSTERIOR,PRESENT,-0.5,68010,44723,1463.2977232651751,28.707625594572864
14,0,0,D3,5,Q2,0.75,1024,0,0,True,0.0,False,FALSE,DIAGNOSTIC_NOT_POSTERIOR,PRESENT,-0.75,68010,44723,1463.2977232651751,28.707625594572864
14,0,0,D3,5,Q2,0.9,1024,0,0,True,0.0,False,FALSE,DIAGNOSTIC_NOT_POSTERIOR,PRESENT,-0.9,68010,44723,1463.2977232651751,28.707625594572864
14,0,0,D3,5,Q2,1,1024,0,0,True,0.0,False,FALSE,DIAGNOSTIC_NOT_POSTERIOR,PRESENT,-1.0,68010,44723,1463.2977232651751,28.707625594572864
14,0,0.5,D0,5,Q1,0,1024,1024,1024,True,1.0,True,TRUE,DIAGNOSTIC_NOT_POSTERIOR,PRESENT,1.0,68010,44723,1463.2977232651751,28.707625594572864
14,0,0.5,D0,5,Q1,0.5,1024,1024,1024,True,1.0,True,TRUE,DIAGNOSTIC_NOT_POSTERIOR,PRESENT,0.5,68010,44723,1463.2977232651751,28.707625594572864
14,0,0.5,D0,5,Q1,0.75,1024,1024,1024,True,1.0,True,TRUE,DIAGNOSTIC_NOT_POSTERIOR,PRESENT,0.25,68010,44723,1463.2977232651751,28.707625594572864
14,0,0.5,D0,5,Q1,0.9,1024,1024,1024,True,1.0,True,TRUE,DIAGNOSTIC_NOT_POSTERIOR,PRESENT,0.09999999999999998,68010,44723,1463.2977232651751,28.707625594572864
14,0,0.5,D0,5,Q1,1,1024,1024,1024,True,1.0,True,MC_UNRESOLVED,DIAGNOSTIC_NOT_POSTERIOR,PRESENT,0.0,68010,44723,1463.2977232651751,28.707625594572864
14,0,0.5,D0,5,Q2,0,1024,1024,1024,True,1.0,True,TRUE,DIAGNOSTIC_NOT_POSTERIOR,PRESENT,1.0,68010,44723,1463.2977232651751,28.707625594572864
14,0,0.5,D0,5,Q2,0.5,1024,1024,1024,True,1.0,True,TRUE,DIAGNOSTIC_NOT_POSTERIOR,PRESENT,0.5,68010,44723,1463.2977232651751,28.707625594572864
14,0,0.5,D0,5,Q2,0.75,1024,1024,1024,True,1.0,True,TRUE,DIAGNOSTIC_NOT_POSTERIOR,PRESENT,0.25,68010,44723,1463.2977232651751,28.707625594572864
14,0,0.5,D0,5,Q2,0.9,1024,1024,1024,True,1.0,True,TRUE,DIAGNOSTIC_NOT_POSTERIOR,PRESENT,0.09999999999999998,68010,44723,1463.2977232651751,28.707625594572864
14,0,0.5,D0,5,Q2,1,1024,1024,1024,True,1.0,True,MC_UNRESOLVED,DIAGNOSTIC_NOT_POSTERIOR,PRESENT,0.0,68010,44723,1463.2977232651751,28.707625594572864
14,0,0.5,D3,5,Q1,0,1024,0,0,True,0.0,True,TRUE,DIAGNOSTIC_NOT_POSTERIOR,PRESENT,0.0,68010,44723,1463.2977232651751,28.707625594572864
14,0,0.5,D3,5,Q1,0.5,1024,0,0,True,0.0,False,FALSE,DIAGNOSTIC_NOT_POSTERIOR,PRESENT,-0.5,68010,44723,1463.2977232651751,28.707625594572864
14,0,0.5,D3,5,Q1,0.75,1024,0,0,True,0.0,False,FALSE,DIAGNOSTIC_NOT_POSTERIOR,PRESENT,-0.75,68010,44723,1463.2977232651751,28.707625594572864
14,0,0.5,D3,5,Q1,0.9,1024,0,0,True,0.0,False,FALSE,DIAGNOSTIC_NOT_POSTERIOR,PRESENT,-0.9,68010,44723,1463.2977232651751,28.707625594572864
14,0,0.5,D3,5,Q1,1,1024,0,0,True,0.0,False,FALSE,DIAGNOSTIC_NOT_POSTERIOR,PRESENT,-1.0,68010,44723,1463.2977232651751,28.707625594572864
14,0,0.5,D3,5,Q2,0,1024,0,0,True,0.0,True,TRUE,DIAGNOSTIC_NOT_POSTERIOR,PRESENT,0.0,68010,44723,1463.2977232651751,28.707625594572864
14,0,0.5,D3,5,Q2,0.5,1024,0,0,True,0.0,False,FALSE,DIAGNOSTIC_NOT_POSTERIOR,PRESENT,-0.5,68010,44723,1463.2977232651751,28.707625594572864
14,0,0.5,D3,5,Q2,0.75,1024,0,0,True,0.0,False,FALSE,DIAGNOSTIC_NOT_POSTERIOR,PRESENT,-0.75,68010,44723,1463.2977232651751,28.707625594572864
14,0,0.5,D3,5,Q2,0.9,1024,0,0,True,0.0,False,FALSE,DIAGNOSTIC_NOT_POSTERIOR,PRESENT,-0.9,68010,44723,1463.2977232651751,28.707625594572864
14,0,0.5,D3,5,Q2,1,1024,0,0,True,0.0,False,FALSE,DIAGNOSTIC_NOT_POSTERIOR,PRESENT,-1.0,68010,44723,1463.2977232651751,28.707625594572864
14,0,1,D0,5,Q1,0,1024,1024,1024,True,1.0,True,TRUE,DIAGNOSTIC_NOT_POSTERIOR,PRESENT,1.0,68010,44723,1463.2977232651751,28.707625594572864
14,0,1,D0,5,Q1,0.5,1024,1024,1024,True,1.0,True,TRUE,DIAGNOSTIC_NOT_POSTERIOR,PRESENT,0.5,68010,44723,1463.2977232651751,28.707625594572864
14,0,1,D0,5,Q1,0.75,1024,1024,1024,True,1.0,True,TRUE,DIAGNOSTIC_NOT_POSTERIOR,PRESENT,0.25,68010,44723,1463.2977232651751,28.707625594572864
14,0,1,D0,5,Q1,0.9,1024,1024,1024,True,1.0,True,TRUE,DIAGNOSTIC_NOT_POSTERIOR,PRESENT,0.09999999999999998,68010,44723,1463.2977232651751,28.707625594572864
14,0,1,D0,5,Q1,1,1024,1024,1024,True,1.0,True,MC_UNRESOLVED,DIAGNOSTIC_NOT_POSTERIOR,PRESENT,0.0,68010,44723,1463.2977232651751,28.707625594572864
14,0,1,D0,5,Q2,0,1024,1024,1024,True,1.0,True,TRUE,DIAGNOSTIC_NOT_POSTERIOR,PRESENT,1.0,68010,44723,1463.2977232651751,28.707625594572864
14,0,1,D0,5,Q2,0.5,1024,1024,1024,True,1.0,True,TRUE,DIAGNOSTIC_NOT_POSTERIOR,PRESENT,0.5,68010,44723,1463.2977232651751,28.707625594572864
14,0,1,D0,5,Q2,0.75,1024,1024,1024,True,1.0,True,TRUE,DIAGNOSTIC_NOT_POSTERIOR,PRESENT,0.25,68010,44723,1463.2977232651751,28.707625594572864
14,0,1,D0,5,Q2,0.9,1024,1024,1024,True,1.0,True,TRUE,DIAGNOSTIC_NOT_POSTERIOR,PRESENT,0.09999999999999998,68010,44723,1463.2977232651751,28.707625594572864
14,0,1,D0,5,Q2,1,1024,1024,1024,True,1.0,True,MC_UNRESOLVED,DIAGNOSTIC_NOT_POSTERIOR,PRESENT,0.0,68010,44723,1463.2977232651751,28.707625594572864
14,0,1,D3,5,Q1,0,1024,0,0,True,0.0,True,TRUE,DIAGNOSTIC_NOT_POSTERIOR,PRESENT,0.0,68010,44723,1463.2977232651751,28.707625594572864
14,0,1,D3,5,Q1,0.5,1024,0,0,True,0.0,False,FALSE,DIAGNOSTIC_NOT_POSTERIOR,PRESENT,-0.5,68010,44723,1463.2977232651751,28.707625594572864
14,0,1,D3,5,Q1,0.75,1024,0,0,True,0.0,False,FALSE,DIAGNOSTIC_NOT_POSTERIOR,PRESENT,-0.75,68010,44723,1463.2977232651751,28.707625594572864
14,0,1,D3,5,Q1,0.9,1024,0,0,True,0.0,False,FALSE,DIAGNOSTIC_NOT_POSTERIOR,PRESENT,-0.9,68010,44723,1463.2977232651751,28.707625594572864
14,0,1,D3,5,Q1,1,1024,0,0,True,0.0,False,FALSE,DIAGNOSTIC_NOT_POSTERIOR,PRESENT,-1.0,68010,44723,1463.2977232651751,28.707625594572864
14,0,1,D3,5,Q2,0,1024,0,0,True,0.0,True,TRUE,DIAGNOSTIC_NOT_POSTERIOR,PRESENT,0.0,68010,44723,1463.2977232651751,28.707625594572864
14,0,1,D3,5,Q2,0.5,1024,0,0,True,0.0,False,FALSE,DIAGNOSTIC_NOT_POSTERIOR,PRESENT,-0.5,68010,44723,1463.2977232651751,28.707625594572864
14,0,1,D3,5,Q2,0.75,1024,0,0,True,0.0,False,FALSE,DIAGNOSTIC_NOT_POSTERIOR,PRESENT,-0.75,68010,44723,1463.2977232651751,28.707625594572864
14,0,1,D3,5,Q2,0.9,1024,0,0,True,0.0,False,FALSE,DIAGNOSTIC_NOT_POSTERIOR,PRESENT,-0.9,68010,44723,1463.2977232651751,28.707625594572864
14,0,1,D3,5,Q2,1,1024,0,0,True,0.0,False,FALSE,DIAGNOSTIC_NOT_POSTERIOR,PRESENT,-1.0,68010,44723,1463.2977232651751,28.707625594572864
14,0.5,0,D0,5,Q1,0,1024,1024,1024,True,1.0,True,TRUE,DIAGNOSTIC_NOT_POSTERIOR,PRESENT,1.0,64529,41369,1463.2977232651751,22.486140534025136
14,0.5,0,D0,5,Q1,0.5,1024,1024,1024,True,1.0,True,TRUE,DIAGNOSTIC_NOT_POSTERIOR,PRESENT,0.5,64529,41369,1463.2977232651751,22.486140534025136
14,0.5,0,D0,5,Q1,0.75,1024,1024,1024,True,1.0,True,TRUE,DIAGNOSTIC_NOT_POSTERIOR,PRESENT,0.25,64529,41369,1463.2977232651751,22.486140534025136
14,0.5,0,D0,5,Q1,0.9,1024,1024,1024,True,1.0,True,TRUE,DIAGNOSTIC_NOT_POSTERIOR,PRESENT,0.09999999999999998,64529,41369,1463.2977232651751,22.486140534025136
14,0.5,0,D0,5,Q1,1,1024,1024,1024,True,1.0,True,MC_UNRESOLVED,DIAGNOSTIC_NOT_POSTERIOR,PRESENT,0.0,64529,41369,1463.2977232651751,22.486140534025136
14,0.5,0,D0,5,Q2,0,1024,1024,1024,True,1.0,True,TRUE,DIAGNOSTIC_NOT_POSTERIOR,PRESENT,1.0,64529,41369,1463.2977232651751,22.486140534025136
14,0.5,0,D0,5,Q2,0.5,1024,1024,1024,True,1.0,True,TRUE,DIAGNOSTIC_NOT_POSTERIOR,PRESENT,0.5,64529,41369,1463.2977232651751,22.486140534025136
14,0.5,0,D0,5,Q2,0.75,1024,1024,1024,True,1.0,True,TRUE,DIAGNOSTIC_NOT_POSTERIOR,PRESENT,0.25,64529,41369,1463.2977232651751,22.486140534025136
14,0.5,0,D0,5,Q2,0.9,1024,1024,1024,True,1.0,True,TRUE,DIAGNOSTIC_NOT_POSTERIOR,PRESENT,0.09999999999999998,64529,41369,1463.2977232651751,22.486140534025136
14,0.5,0,D0,5,Q2,1,1024,1024,1024,True,1.0,True,MC_UNRESOLVED,DIAGNOSTIC_NOT_POSTERIOR,PRESENT,0.0,64529,41369,1463.2977232651751,22.486140534025136
14,0.5,0,D3,5,Q1,0,1024,0,0,True,0.0,True,TRUE,DIAGNOSTIC_NOT_POSTERIOR,PRESENT,0.0,64529,41369,1463.2977232651751,22.486140534025136
14,0.5,0,D3,5,Q1,0.5,1024,0,0,True,0.0,False,FALSE,DIAGNOSTIC_NOT_POSTERIOR,PRESENT,-0.5,64529,41369,1463.2977232651751,22.486140534025136
14,0.5,0,D3,5,Q1,0.75,1024,0,0,True,0.0,False,FALSE,DIAGNOSTIC_NOT_POSTERIOR,PRESENT,-0.75,64529,41369,1463.2977232651751,22.486140534025136
14,0.5,0,D3,5,Q1,0.9,1024,0,0,True,0.0,False,FALSE,DIAGNOSTIC_NOT_POSTERIOR,PRESENT,-0.9,64529,41369,1463.2977232651751,22.486140534025136
14,0.5,0,D3,5,Q1,1,1024,0,0,True,0.0,False,FALSE,DIAGNOSTIC_NOT_POSTERIOR,PRESENT,-1.0,64529,41369,1463.2977232651751,22.486140534025136
14,0.5,0,D3,5,Q2,0,1024,0,0,True,0.0,True,TRUE,DIAGNOSTIC_NOT_POSTERIOR,PRESENT,0.0,64529,41369,1463.2977232651751,22.486140534025136
14,0.5,0,D3,5,Q2,0.5,1024,0,0,True,0.0,False,FALSE,DIAGNOSTIC_NOT_POSTERIOR,PRESENT,-0.5,64529,41369,1463.2977232651751,22.486140534025136
14,0.5,0,D3,5,Q2,0.75,1024,0,0,True,0.0,False,FALSE,DIAGNOSTIC_NOT_POSTERIOR,PRESENT,-0.75,64529,41369,1463.2977232651751,22.486140534025136
14,0.5,0,D3,5,Q2,0.9,1024,0,0,True,0.0,False,FALSE,DIAGNOSTIC_NOT_POSTERIOR,PRESENT,-0.9,64529,41369,1463.2977232651751,22.486140534025136
14,0.5,0,D3,5,Q2,1,1024,0,0,True,0.0,False,FALSE,DIAGNOSTIC_NOT_POSTERIOR,PRESENT,-1.0,64529,41369,1463.2977232651751,22.486140534025136
14,0.5,0.5,D0,5,Q1,0,1024,1024,1024,True,1.0,True,TRUE,DIAGNOSTIC_NOT_POSTERIOR,PRESENT,1.0,64529,41369,1463.2977232651751,22.486140534025136
14,0.5,0.5,D0,5,Q1,0.5,1024,1024,1024,True,1.0,True,TRUE,DIAGNOSTIC_NOT_POSTERIOR,PRESENT,0.5,64529,41369,1463.2977232651751,22.486140534025136
14,0.5,0.5,D0,5,Q1,0.75,1024,1024,1024,True,1.0,True,TRUE,DIAGNOSTIC_NOT_POSTERIOR,PRESENT,0.25,64529,41369,1463.2977232651751,22.486140534025136
14,0.5,0.5,D0,5,Q1,0.9,1024,1024,1024,True,1.0,True,TRUE,DIAGNOSTIC_NOT_POSTERIOR,PRESENT,0.09999999999999998,64529,41369,1463.2977232651751,22.486140534025136
14,0.5,0.5,D0,5,Q1,1,1024,1024,1024,True,1.0,True,MC_UNRESOLVED,DIAGNOSTIC_NOT_POSTERIOR,PRESENT,0.0,64529,41369,1463.2977232651751,22.486140534025136
14,0.5,0.5,D0,5,Q2,0,1024,1024,1024,True,1.0,True,TRUE,DIAGNOSTIC_NOT_POSTERIOR,PRESENT,1.0,64529,41369,1463.2977232651751,22.486140534025136
14,0.5,0.5,D0,5,Q2,0.5,1024,1024,1024,True,1.0,True,TRUE,DIAGNOSTIC_NOT_POSTERIOR,PRESENT,0.5,64529,41369,1463.2977232651751,22.486140534025136
14,0.5,0.5,D0,5,Q2,0.75,1024,1024,1024,True,1.0,True,TRUE,DIAGNOSTIC_NOT_POSTERIOR,PRESENT,0.25,64529,41369,1463.2977232651751,22.486140534025136
14,0.5,0.5,D0,5,Q2,0.9,1024,1024,1024,True,1.0,True,TRUE,DIAGNOSTIC_NOT_POSTERIOR,PRESENT,0.09999999999999998,64529,41369,1463.2977232651751,22.486140534025136
14,0.5,0.5,D0,5,Q2,1,1024,1024,1024,True,1.0,True,MC_UNRESOLVED,DIAGNOSTIC_NOT_POSTERIOR,PRESENT,0.0,64529,41369,1463.2977232651751,22.486140534025136
14,0.5,0.5,D3,5,Q1,0,1024,0,0,True,0.0,True,TRUE,DIAGNOSTIC_NOT_POSTERIOR,PRESENT,0.0,64529,41369,1463.2977232651751,22.486140534025136
14,0.5,0.5,D3,5,Q1,0.5,1024,0,0,True,0.0,False,FALSE,DIAGNOSTIC_NOT_POSTERIOR,PRESENT,-0.5,64529,41369,1463.2977232651751,22.486140534025136
14,0.5,0.5,D3,5,Q1,0.75,1024,0,0,True,0.0,False,FALSE,DIAGNOSTIC_NOT_POSTERIOR,PRESENT,-0.75,64529,41369,1463.2977232651751,22.486140534025136
14,0.5,0.5,D3,5,Q1,0.9,1024,0,0,True,0.0,False,FALSE,DIAGNOSTIC_NOT_POSTERIOR,PRESENT,-0.9,64529,41369,1463.2977232651751,22.486140534025136
14,0.5,0.5,D3,5,Q1,1,1024,0,0,True,0.0,False,FALSE,DIAGNOSTIC_NOT_POSTERIOR,PRESENT,-1.0,64529,41369,1463.2977232651751,22.486140534025136
14,0.5,0.5,D3,5,Q2,0,1024,0,0,True,0.0,True,TRUE,DIAGNOSTIC_NOT_POSTERIOR,PRESENT,0.0,64529,41369,1463.2977232651751,22.486140534025136
14,0.5,0.5,D3,5,Q2,0.5,1024,0,0,True,0.0,False,FALSE,DIAGNOSTIC_NOT_POSTERIOR,PRESENT,-0.5,64529,41369,1463.2977232651751,22.486140534025136
14,0.5,0.5,D3,5,Q2,0.75,1024,0,0,True,0.0,False,FALSE,DIAGNOSTIC_NOT_POSTERIOR,PRESENT,-0.75,64529,41369,1463.2977232651751,22.486140534025136
14,0.5,0.5,D3,5,Q2,0.9,1024,0,0,True,0.0,False,FALSE,DIAGNOSTIC_NOT_POSTERIOR,PRESENT,-0.9,64529,41369,1463.2977232651751,22.486140534025136
14,0.5,0.5,D3,5,Q2,1,1024,0,0,True,0.0,False,FALSE,DIAGNOSTIC_NOT_POSTERIOR,PRESENT,-1.0,64529,41369,1463.2977232651751,22.486140534025136
14,0.5,1,D0,5,Q1,0,1024,1024,1024,True,1.0,True,TRUE,DIAGNOSTIC_NOT_POSTERIOR,PRESENT,1.0,64529,41369,1463.2977232651751,22.486140534025136
14,0.5,1,D0,5,Q1,0.5,1024,1024,1024,True,1.0,True,TRUE,DIAGNOSTIC_NOT_POSTERIOR,PRESENT,0.5,64529,41369,1463.2977232651751,22.486140534025136
14,0.5,1,D0,5,Q1,0.75,1024,1024,1024,True,1.0,True,TRUE,DIAGNOSTIC_NOT_POSTERIOR,PRESENT,0.25,64529,41369,1463.2977232651751,22.486140534025136
14,0.5,1,D0,5,Q1,0.9,1024,1024,1024,True,1.0,True,TRUE,DIAGNOSTIC_NOT_POSTERIOR,PRESENT,0.09999999999999998,64529,41369,1463.2977232651751,22.486140534025136
14,0.5,1,D0,5,Q1,1,1024,1024,1024,True,1.0,True,MC_UNRESOLVED,DIAGNOSTIC_NOT_POSTERIOR,PRESENT,0.0,64529,41369,1463.2977232651751,22.486140534025136
14,0.5,1,D0,5,Q2,0,1024,1024,1024,True,1.0,True,TRUE,DIAGNOSTIC_NOT_POSTERIOR,PRESENT,1.0,64529,41369,1463.2977232651751,22.486140534025136
14,0.5,1,D0,5,Q2,0.5,1024,1024,1024,True,1.0,True,TRUE,DIAGNOSTIC_NOT_POSTERIOR,PRESENT,0.5,64529,41369,1463.2977232651751,22.486140534025136
14,0.5,1,D0,5,Q2,0.75,1024,1024,1024,True,1.0,True,TRUE,DIAGNOSTIC_NOT_POSTERIOR,PRESENT,0.25,64529,41369,1463.2977232651751,22.486140534025136
14,0.5,1,D0,5,Q2,0.9,1024,1024,1024,True,1.0,True,TRUE,DIAGNOSTIC_NOT_POSTERIOR,PRESENT,0.09999999999999998,64529,41369,1463.2977232651751,22.486140534025136
14,0.5,1,D0,5,Q2,1,1024,1024,1024,True,1.0,True,MC_UNRESOLVED,DIAGNOSTIC_NOT_POSTERIOR,PRESENT,0.0,64529,41369,1463.2977232651751,22.486140534025136
14,0.5,1,D3,5,Q1,0,1024,0,0,True,0.0,True,TRUE,DIAGNOSTIC_NOT_POSTERIOR,PRESENT,0.0,64529,41369,1463.2977232651751,22.486140534025136
14,0.5,1,D3,5,Q1,0.5,1024,0,0,True,0.0,False,FALSE,DIAGNOSTIC_NOT_POSTERIOR,PRESENT,-0.5,64529,41369,1463.2977232651751,22.486140534025136
14,0.5,1,D3,5,Q1,0.75,1024,0,0,True,0.0,False,FALSE,DIAGNOSTIC_NOT_POSTERIOR,PRESENT,-0.75,64529,41369,1463.2977232651751,22.486140534025136
14,0.5,1,D3,5,Q1,0.9,1024,0,0,True,0.0,False,FALSE,DIAGNOSTIC_NOT_POSTERIOR,PRESENT,-0.9,64529,41369,1463.2977232651751,22.486140534025136
14,0.5,1,D3,5,Q1,1,1024,0,0,True,0.0,False,FALSE,DIAGNOSTIC_NOT_POSTERIOR,PRESENT,-1.0,64529,41369,1463.2977232651751,22.486140534025136
14,0.5,1,D3,5,Q2,0,1024,0,0,True,0.0,True,TRUE,DIAGNOSTIC_NOT_POSTERIOR,PRESENT,0.0,64529,41369,1463.2977232651751,22.486140534025136
14,0.5,1,D3,5,Q2,0.5,1024,0,0,True,0.0,False,FALSE,DIAGNOSTIC_NOT_POSTERIOR,PRESENT,-0.5,64529,41369,1463.2977232651751,22.486140534025136
14,0.5,1,D3,5,Q2,0.75,1024,0,0,True,0.0,False,FALSE,DIAGNOSTIC_NOT_POSTERIOR,PRESENT,-0.75,64529,41369,1463.2977232651751,22.486140534025136
14,0.5,1,D3,5,Q2,0.9,1024,0,0,True,0.0,False,FALSE,DIAGNOSTIC_NOT_POSTERIOR,PRESENT,-0.9,64529,41369,1463.2977232651751,22.486140534025136
14,0.5,1,D3,5,Q2,1,1024,0,0,True,0.0,False,FALSE,DIAGNOSTIC_NOT_POSTERIOR,PRESENT,-1.0,64529,41369,1463.2977232651751,22.486140534025136
15,-0.5,0,D0,5,Q1,0,1024,1024,1024,True,1.0,True,TRUE,DIAGNOSTIC_NOT_POSTERIOR,PRESENT,1.0,95398,71532,1457.4019614438143,56.338314606970734
15,-0.5,0,D0,5,Q1,0.5,1024,1024,1024,True,1.0,True,TRUE,DIAGNOSTIC_NOT_POSTERIOR,PRESENT,0.5,95398,71532,1457.4019614438143,56.338314606970734
15,-0.5,0,D0,5,Q1,0.75,1024,1024,1024,True,1.0,True,TRUE,DIAGNOSTIC_NOT_POSTERIOR,PRESENT,0.25,95398,71532,1457.4019614438143,56.338314606970734
15,-0.5,0,D0,5,Q1,0.9,1024,1024,1024,True,1.0,True,TRUE,DIAGNOSTIC_NOT_POSTERIOR,PRESENT,0.09999999999999998,95398,71532,1457.4019614438143,56.338314606970734
15,-0.5,0,D0,5,Q1,1,1024,1024,1024,True,1.0,True,MC_UNRESOLVED,DIAGNOSTIC_NOT_POSTERIOR,PRESENT,0.0,95398,71532,1457.4019614438143,56.338314606970734
15,-0.5,0,D0,5,Q2,0,1024,1024,1024,True,1.0,True,TRUE,DIAGNOSTIC_NOT_POSTERIOR,PRESENT,1.0,95398,71532,1457.4019614438143,56.338314606970734
15,-0.5,0,D0,5,Q2,0.5,1024,1024,1024,True,1.0,True,TRUE,DIAGNOSTIC_NOT_POSTERIOR,PRESENT,0.5,95398,71532,1457.4019614438143,56.338314606970734
15,-0.5,0,D0,5,Q2,0.75,1024,1024,1024,True,1.0,True,TRUE,DIAGNOSTIC_NOT_POSTERIOR,PRESENT,0.25,95398,71532,1457.4019614438143,56.338314606970734
15,-0.5,0,D0,5,Q2,0.9,1024,1024,1024,True,1.0,True,TRUE,DIAGNOSTIC_NOT_POSTERIOR,PRESENT,0.09999999999999998,95398,71532,1457.4019614438143,56.338314606970734
15,-0.5,0,D0,5,Q2,1,1024,1024,1024,True,1.0,True,MC_UNRESOLVED,DIAGNOSTIC_NOT_POSTERIOR,PRESENT,0.0,95398,71532,1457.4019614438143,56.338314606970734
15,-0.5,0,D3,5,Q1,0,1024,1024,1024,True,1.0,True,TRUE,DIAGNOSTIC_NOT_POSTERIOR,PRESENT,1.0,95398,71532,1457.4019614438143,56.338314606970734
15,-0.5,0,D3,5,Q1,0.5,1024,1024,1024,True,1.0,True,TRUE,DIAGNOSTIC_NOT_POSTERIOR,PRESENT,0.5,95398,71532,1457.4019614438143,56.338314606970734
15,-0.5,0,D3,5,Q1,0.75,1024,1024,1024,True,1.0,True,TRUE,DIAGNOSTIC_NOT_POSTERIOR,PRESENT,0.25,95398,71532,1457.4019614438143,56.338314606970734
15,-0.5,0,D3,5,Q1,0.9,1024,1024,1024,True,1.0,True,TRUE,DIAGNOSTIC_NOT_POSTERIOR,PRESENT,0.09999999999999998,95398,71532,1457.4019614438143,56.338314606970734
15,-0.5,0,D3,5,Q1,1,1024,1024,1024,True,1.0,True,MC_UNRESOLVED,DIAGNOSTIC_NOT_POSTERIOR,PRESENT,0.0,95398,71532,1457.4019614438143,56.338314606970734
15,-0.5,0,D3,5,Q2,0,1024,1024,1024,True,1.0,True,TRUE,DIAGNOSTIC_NOT_POSTERIOR,PRESENT,1.0,95398,71532,1457.4019614438143,56.338314606970734
15,-0.5,0,D3,5,Q2,0.5,1024,1024,1024,True,1.0,True,TRUE,DIAGNOSTIC_NOT_POSTERIOR,PRESENT,0.5,95398,71532,1457.4019614438143,56.338314606970734
15,-0.5,0,D3,5,Q2,0.75,1024,1024,1024,True,1.0,True,TRUE,DIAGNOSTIC_NOT_POSTERIOR,PRESENT,0.25,95398,71532,1457.4019614438143,56.338314606970734
15,-0.5,0,D3,5,Q2,0.9,1024,1024,1024,True,1.0,True,TRUE,DIAGNOSTIC_NOT_POSTERIOR,PRESENT,0.09999999999999998,95398,71532,1457.4019614438143,56.338314606970734
15,-0.5,0,D3,5,Q2,1,1024,1024,1024,True,1.0,True,MC_UNRESOLVED,DIAGNOSTIC_NOT_POSTERIOR,PRESENT,0.0,95398,71532,1457.4019614438143,56.338314606970734
15,-0.5,0.5,D0,5,Q1,0,1024,1024,1024,True,1.0,True,TRUE,DIAGNOSTIC_NOT_POSTERIOR,PRESENT,1.0,95398,71532,1457.4019614438143,56.338314606970734
15,-0.5,0.5,D0,5,Q1,0.5,1024,1024,1024,True,1.0,True,TRUE,DIAGNOSTIC_NOT_POSTERIOR,PRESENT,0.5,95398,71532,1457.4019614438143,56.338314606970734
15,-0.5,0.5,D0,5,Q1,0.75,1024,1024,1024,True,1.0,True,TRUE,DIAGNOSTIC_NOT_POSTERIOR,PRESENT,0.25,95398,71532,1457.4019614438143,56.338314606970734
15,-0.5,0.5,D0,5,Q1,0.9,1024,1024,1024,True,1.0,True,TRUE,DIAGNOSTIC_NOT_POSTERIOR,PRESENT,0.09999999999999998,95398,71532,1457.4019614438143,56.338314606970734
15,-0.5,0.5,D0,5,Q1,1,1024,1024,1024,True,1.0,True,MC_UNRESOLVED,DIAGNOSTIC_NOT_POSTERIOR,PRESENT,0.0,95398,71532,1457.4019614438143,56.338314606970734
15,-0.5,0.5,D0,5,Q2,0,1024,1024,1024,True,1.0,True,TRUE,DIAGNOSTIC_NOT_POSTERIOR,PRESENT,1.0,95398,71532,1457.4019614438143,56.338314606970734
15,-0.5,0.5,D0,5,Q2,0.5,1024,1024,1024,True,1.0,True,TRUE,DIAGNOSTIC_NOT_POSTERIOR,PRESENT,0.5,95398,71532,1457.4019614438143,56.338314606970734
15,-0.5,0.5,D0,5,Q2,0.75,1024,1024,1024,True,1.0,True,TRUE,DIAGNOSTIC_NOT_POSTERIOR,PRESENT,0.25,95398,71532,1457.4019614438143,56.338314606970734
15,-0.5,0.5,D0,5,Q2,0.9,1024,1024,1024,True,1.0,True,TRUE,DIAGNOSTIC_NOT_POSTERIOR,PRESENT,0.09999999999999998,95398,71532,1457.4019614438143,56.338314606970734
15,-0.5,0.5,D0,5,Q2,1,1024,1024,1024,True,1.0,True,MC_UNRESOLVED,DIAGNOSTIC_NOT_POSTERIOR,PRESENT,0.0,95398,71532,1457.4019614438143,56.338314606970734
15,-0.5,0.5,D3,5,Q1,0,1024,1024,1024,True,1.0,True,TRUE,DIAGNOSTIC_NOT_POSTERIOR,PRESENT,1.0,95398,71532,1457.4019614438143,56.338314606970734
15,-0.5,0.5,D3,5,Q1,0.5,1024,1024,1024,True,1.0,True,TRUE,DIAGNOSTIC_NOT_POSTERIOR,PRESENT,0.5,95398,71532,1457.4019614438143,56.338314606970734
15,-0.5,0.5,D3,5,Q1,0.75,1024,1024,1024,True,1.0,True,TRUE,DIAGNOSTIC_NOT_POSTERIOR,PRESENT,0.25,95398,71532,1457.4019614438143,56.338314606970734
15,-0.5,0.5,D3,5,Q1,0.9,1024,1024,1024,True,1.0,True,TRUE,DIAGNOSTIC_NOT_POSTERIOR,PRESENT,0.09999999999999998,95398,71532,1457.4019614438143,56.338314606970734
15,-0.5,0.5,D3,5,Q1,1,1024,1024,1024,True,1.0,True,MC_UNRESOLVED,DIAGNOSTIC_NOT_POSTERIOR,PRESENT,0.0,95398,71532,1457.4019614438143,56.338314606970734
15,-0.5,0.5,D3,5,Q2,0,1024,1024,1024,True,1.0,True,TRUE,DIAGNOSTIC_NOT_POSTERIOR,PRESENT,1.0,95398,71532,1457.4019614438143,56.338314606970734
15,-0.5,0.5,D3,5,Q2,0.5,1024,1024,1024,True,1.0,True,TRUE,DIAGNOSTIC_NOT_POSTERIOR,PRESENT,0.5,95398,71532,1457.4019614438143,56.338314606970734
15,-0.5,0.5,D3,5,Q2,0.75,1024,1024,1024,True,1.0,True,TRUE,DIAGNOSTIC_NOT_POSTERIOR,PRESENT,0.25,95398,71532,1457.4019614438143,56.338314606970734
15,-0.5,0.5,D3,5,Q2,0.9,1024,1024,1024,True,1.0,True,TRUE,DIAGNOSTIC_NOT_POSTERIOR,PRESENT,0.09999999999999998,95398,71532,1457.4019614438143,56.338314606970734
15,-0.5,0.5,D3,5,Q2,1,1024,1024,1024,True,1.0,True,MC_UNRESOLVED,DIAGNOSTIC_NOT_POSTERIOR,PRESENT,0.0,95398,71532,1457.4019614438143,56.338314606970734
15,-0.5,1,D0,5,Q1,0,1024,1024,1024,True,1.0,True,TRUE,DIAGNOSTIC_NOT_POSTERIOR,PRESENT,1.0,95398,71532,1457.4019614438143,56.338314606970734
15,-0.5,1,D0,5,Q1,0.5,1024,1024,1024,True,1.0,True,TRUE,DIAGNOSTIC_NOT_POSTERIOR,PRESENT,0.5,95398,71532,1457.4019614438143,56.338314606970734
15,-0.5,1,D0,5,Q1,0.75,1024,1024,1024,True,1.0,True,TRUE,DIAGNOSTIC_NOT_POSTERIOR,PRESENT,0.25,95398,71532,1457.4019614438143,56.338314606970734
15,-0.5,1,D0,5,Q1,0.9,1024,1024,1024,True,1.0,True,TRUE,DIAGNOSTIC_NOT_POSTERIOR,PRESENT,0.09999999999999998,95398,71532,1457.4019614438143,56.338314606970734
15,-0.5,1,D0,5,Q1,1,1024,1024,1024,True,1.0,True,MC_UNRESOLVED,DIAGNOSTIC_NOT_POSTERIOR,PRESENT,0.0,95398,71532,1457.4019614438143,56.338314606970734
15,-0.5,1,D0,5,Q2,0,1024,1024,1024,True,1.0,True,TRUE,DIAGNOSTIC_NOT_POSTERIOR,PRESENT,1.0,95398,71532,1457.4019614438143,56.338314606970734
15,-0.5,1,D0,5,Q2,0.5,1024,1024,1024,True,1.0,True,TRUE,DIAGNOSTIC_NOT_POSTERIOR,PRESENT,0.5,95398,71532,1457.4019614438143,56.338314606970734
15,-0.5,1,D0,5,Q2,0.75,1024,1024,1024,True,1.0,True,TRUE,DIAGNOSTIC_NOT_POSTERIOR,PRESENT,0.25,95398,71532,1457.4019614438143,56.338314606970734
15,-0.5,1,D0,5,Q2,0.9,1024,1024,1024,True,1.0,True,TRUE,DIAGNOSTIC_NOT_POSTERIOR,PRESENT,0.09999999999999998,95398,71532,1457.4019614438143,56.338314606970734
15,-0.5,1,D0,5,Q2,1,1024,1024,1024,True,1.0,True,MC_UNRESOLVED,DIAGNOSTIC_NOT_POSTERIOR,PRESENT,0.0,95398,71532,1457.4019614438143,56.338314606970734
15,-0.5,1,D3,5,Q1,0,1024,1024,1024,True,1.0,True,TRUE,DIAGNOSTIC_NOT_POSTERIOR,PRESENT,1.0,95398,71532,1457.4019614438143,56.338314606970734
15,-0.5,1,D3,5,Q1,0.5,1024,1024,1024,True,1.0,True,TRUE,DIAGNOSTIC_NOT_POSTERIOR,PRESENT,0.5,95398,71532,1457.4019614438143,56.338314606970734
15,-0.5,1,D3,5,Q1,0.75,1024,1024,1024,True,1.0,True,TRUE,DIAGNOSTIC_NOT_POSTERIOR,PRESENT,0.25,95398,71532,1457.4019614438143,56.338314606970734
15,-0.5,1,D3,5,Q1,0.9,1024,1024,1024,True,1.0,True,TRUE,DIAGNOSTIC_NOT_POSTERIOR,PRESENT,0.09999999999999998,95398,71532,1457.4019614438143,56.338314606970734
15,-0.5,1,D3,5,Q1,1,1024,1024,1024,True,1.0,True,MC_UNRESOLVED,DIAGNOSTIC_NOT_POSTERIOR,PRESENT,0.0,95398,71532,1457.4019614438143,56.338314606970734
15,-0.5,1,D3,5,Q2,0,1024,1024,1024,True,1.0,True,TRUE,DIAGNOSTIC_NOT_POSTERIOR,PRESENT,1.0,95398,71532,1457.4019614438143,56.338314606970734
15,-0.5,1,D3,5,Q2,0.5,1024,1024,1024,True,1.0,True,TRUE,DIAGNOSTIC_NOT_POSTERIOR,PRESENT,0.5,95398,71532,1457.4019614438143,56.338314606970734
15,-0.5,1,D3,5,Q2,0.75,1024,1024,1024,True,1.0,True,TRUE,DIAGNOSTIC_NOT_POSTERIOR,PRESENT,0.25,95398,71532,1457.4019614438143,56.338314606970734
15,-0.5,1,D3,5,Q2,0.9,1024,1024,1024,True,1.0,True,TRUE,DIAGNOSTIC_NOT_POSTERIOR,PRESENT,0.09999999999999998,95398,71532,1457.4019614438143,56.338314606970734
15,-0.5,1,D3,5,Q2,1,1024,1024,1024,True,1.0,True,MC_UNRESOLVED,DIAGNOSTIC_NOT_POSTERIOR,PRESENT,0.0,95398,71532,1457.4019614438143,56.338314606970734
15,0,0,D0,5,Q1,0,1024,1024,1024,True,1.0,True,TRUE,DIAGNOSTIC_NOT_POSTERIOR,PRESENT,1.0,93083,69248,1457.4019614438143,54.5247475613053
15,0,0,D0,5,Q1,0.5,1024,1024,1024,True,1.0,True,TRUE,DIAGNOSTIC_NOT_POSTERIOR,PRESENT,0.5,93083,69248,1457.4019614438143,54.5247475613053
15,0,0,D0,5,Q1,0.75,1024,1024,1024,True,1.0,True,TRUE,DIAGNOSTIC_NOT_POSTERIOR,PRESENT,0.25,93083,69248,1457.4019614438143,54.5247475613053
15,0,0,D0,5,Q1,0.9,1024,1024,1024,True,1.0,True,TRUE,DIAGNOSTIC_NOT_POSTERIOR,PRESENT,0.09999999999999998,93083,69248,1457.4019614438143,54.5247475613053
15,0,0,D0,5,Q1,1,1024,1024,1024,True,1.0,True,MC_UNRESOLVED,DIAGNOSTIC_NOT_POSTERIOR,PRESENT,0.0,93083,69248,1457.4019614438143,54.5247475613053
15,0,0,D0,5,Q2,0,1024,1024,1024,True,1.0,True,TRUE,DIAGNOSTIC_NOT_POSTERIOR,PRESENT,1.0,93083,69248,1457.4019614438143,54.5247475613053
15,0,0,D0,5,Q2,0.5,1024,1024,1024,True,1.0,True,TRUE,DIAGNOSTIC_NOT_POSTERIOR,PRESENT,0.5,93083,69248,1457.4019614438143,54.5247475613053
15,0,0,D0,5,Q2,0.75,1024,1024,1024,True,1.0,True,TRUE,DIAGNOSTIC_NOT_POSTERIOR,PRESENT,0.25,93083,69248,1457.4019614438143,54.5247475613053
15,0,0,D0,5,Q2,0.9,1024,1024,1024,True,1.0,True,TRUE,DIAGNOSTIC_NOT_POSTERIOR,PRESENT,0.09999999999999998,93083,69248,1457.4019614438143,54.5247475613053
15,0,0,D0,5,Q2,1,1024,1024,1024,True,1.0,True,MC_UNRESOLVED,DIAGNOSTIC_NOT_POSTERIOR,PRESENT,0.0,93083,69248,1457.4019614438143,54.5247475613053
15,0,0,D3,5,Q1,0,1024,1024,1024,True,1.0,True,TRUE,DIAGNOSTIC_NOT_POSTERIOR,PRESENT,1.0,93083,69248,1457.4019614438143,54.5247475613053
15,0,0,D3,5,Q1,0.5,1024,1024,1024,True,1.0,True,TRUE,DIAGNOSTIC_NOT_POSTERIOR,PRESENT,0.5,93083,69248,1457.4019614438143,54.5247475613053
15,0,0,D3,5,Q1,0.75,1024,1024,1024,True,1.0,True,TRUE,DIAGNOSTIC_NOT_POSTERIOR,PRESENT,0.25,93083,69248,1457.4019614438143,54.5247475613053
15,0,0,D3,5,Q1,0.9,1024,1024,1024,True,1.0,True,TRUE,DIAGNOSTIC_NOT_POSTERIOR,PRESENT,0.09999999999999998,93083,69248,1457.4019614438143,54.5247475613053
15,0,0,D3,5,Q1,1,1024,1024,1024,True,1.0,True,MC_UNRESOLVED,DIAGNOSTIC_NOT_POSTERIOR,PRESENT,0.0,93083,69248,1457.4019614438143,54.5247475613053
15,0,0,D3,5,Q2,0,1024,1024,1024,True,1.0,True,TRUE,DIAGNOSTIC_NOT_POSTERIOR,PRESENT,1.0,93083,69248,1457.4019614438143,54.5247475613053
15,0,0,D3,5,Q2,0.5,1024,1024,1024,True,1.0,True,TRUE,DIAGNOSTIC_NOT_POSTERIOR,PRESENT,0.5,93083,69248,1457.4019614438143,54.5247475613053
15,0,0,D3,5,Q2,0.75,1024,1024,1024,True,1.0,True,TRUE,DIAGNOSTIC_NOT_POSTERIOR,PRESENT,0.25,93083,69248,1457.4019614438143,54.5247475613053
15,0,0,D3,5,Q2,0.9,1024,1024,1024,True,1.0,True,TRUE,DIAGNOSTIC_NOT_POSTERIOR,PRESENT,0.09999999999999998,93083,69248,1457.4019614438143,54.5247475613053
15,0,0,D3,5,Q2,1,1024,1024,1024,True,1.0,True,MC_UNRESOLVED,DIAGNOSTIC_NOT_POSTERIOR,PRESENT,0.0,93083,69248,1457.4019614438143,54.5247475613053
15,0,0.5,D0,5,Q1,0,1024,1024,1024,True,1.0,True,TRUE,DIAGNOSTIC_NOT_POSTERIOR,PRESENT,1.0,93083,69248,1457.4019614438143,54.5247475613053
15,0,0.5,D0,5,Q1,0.5,1024,1024,1024,True,1.0,True,TRUE,DIAGNOSTIC_NOT_POSTERIOR,PRESENT,0.5,93083,69248,1457.4019614438143,54.5247475613053
15,0,0.5,D0,5,Q1,0.75,1024,1024,1024,True,1.0,True,TRUE,DIAGNOSTIC_NOT_POSTERIOR,PRESENT,0.25,93083,69248,1457.4019614438143,54.5247475613053
15,0,0.5,D0,5,Q1,0.9,1024,1024,1024,True,1.0,True,TRUE,DIAGNOSTIC_NOT_POSTERIOR,PRESENT,0.09999999999999998,93083,69248,1457.4019614438143,54.5247475613053
15,0,0.5,D0,5,Q1,1,1024,1024,1024,True,1.0,True,MC_UNRESOLVED,DIAGNOSTIC_NOT_POSTERIOR,PRESENT,0.0,93083,69248,1457.4019614438143,54.5247475613053
15,0,0.5,D0,5,Q2,0,1024,1024,1024,True,1.0,True,TRUE,DIAGNOSTIC_NOT_POSTERIOR,PRESENT,1.0,93083,69248,1457.4019614438143,54.5247475613053
15,0,0.5,D0,5,Q2,0.5,1024,1024,1024,True,1.0,True,TRUE,DIAGNOSTIC_NOT_POSTERIOR,PRESENT,0.5,93083,69248,1457.4019614438143,54.5247475613053
15,0,0.5,D0,5,Q2,0.75,1024,1024,1024,True,1.0,True,TRUE,DIAGNOSTIC_NOT_POSTERIOR,PRESENT,0.25,93083,69248,1457.4019614438143,54.5247475613053
15,0,0.5,D0,5,Q2,0.9,1024,1024,1024,True,1.0,True,TRUE,DIAGNOSTIC_NOT_POSTERIOR,PRESENT,0.09999999999999998,93083,69248,1457.4019614438143,54.5247475613053
15,0,0.5,D0,5,Q2,1,1024,1024,1024,True,1.0,True,MC_UNRESOLVED,DIAGNOSTIC_NOT_POSTERIOR,PRESENT,0.0,93083,69248,1457.4019614438143,54.5247475613053
15,0,0.5,D3,5,Q1,0,1024,1024,1024,True,1.0,True,TRUE,DIAGNOSTIC_NOT_POSTERIOR,PRESENT,1.0,93083,69248,1457.4019614438143,54.5247475613053
15,0,0.5,D3,5,Q1,0.5,1024,1024,1024,True,1.0,True,TRUE,DIAGNOSTIC_NOT_POSTERIOR,PRESENT,0.5,93083,69248,1457.4019614438143,54.5247475613053
15,0,0.5,D3,5,Q1,0.75,1024,1024,1024,True,1.0,True,TRUE,DIAGNOSTIC_NOT_POSTERIOR,PRESENT,0.25,93083,69248,1457.4019614438143,54.5247475613053
15,0,0.5,D3,5,Q1,0.9,1024,1024,1024,True,1.0,True,TRUE,DIAGNOSTIC_NOT_POSTERIOR,PRESENT,0.09999999999999998,93083,69248,1457.4019614438143,54.5247475613053
15,0,0.5,D3,5,Q1,1,1024,1024,1024,True,1.0,True,MC_UNRESOLVED,DIAGNOSTIC_NOT_POSTERIOR,PRESENT,0.0,93083,69248,1457.4019614438143,54.5247475613053
15,0,0.5,D3,5,Q2,0,1024,1024,1024,True,1.0,True,TRUE,DIAGNOSTIC_NOT_POSTERIOR,PRESENT,1.0,93083,69248,1457.4019614438143,54.5247475613053
15,0,0.5,D3,5,Q2,0.5,1024,1024,1024,True,1.0,True,TRUE,DIAGNOSTIC_NOT_POSTERIOR,PRESENT,0.5,93083,69248,1457.4019614438143,54.5247475613053
15,0,0.5,D3,5,Q2,0.75,1024,1024,1024,True,1.0,True,TRUE,DIAGNOSTIC_NOT_POSTERIOR,PRESENT,0.25,93083,69248,1457.4019614438143,54.5247475613053
15,0,0.5,D3,5,Q2,0.9,1024,1024,1024,True,1.0,True,TRUE,DIAGNOSTIC_NOT_POSTERIOR,PRESENT,0.09999999999999998,93083,69248,1457.4019614438143,54.5247475613053
15,0,0.5,D3,5,Q2,1,1024,1024,1024,True,1.0,True,MC_UNRESOLVED,DIAGNOSTIC_NOT_POSTERIOR,PRESENT,0.0,93083,69248,1457.4019614438143,54.5247475613053
15,0,1,D0,5,Q1,0,1024,1024,1024,True,1.0,True,TRUE,DIAGNOSTIC_NOT_POSTERIOR,PRESENT,1.0,93083,69248,1457.4019614438143,54.5247475613053
15,0,1,D0,5,Q1,0.5,1024,1024,1024,True,1.0,True,TRUE,DIAGNOSTIC_NOT_POSTERIOR,PRESENT,0.5,93083,69248,1457.4019614438143,54.5247475613053
15,0,1,D0,5,Q1,0.75,1024,1024,1024,True,1.0,True,TRUE,DIAGNOSTIC_NOT_POSTERIOR,PRESENT,0.25,93083,69248,1457.4019614438143,54.5247475613053
15,0,1,D0,5,Q1,0.9,1024,1024,1024,True,1.0,True,TRUE,DIAGNOSTIC_NOT_POSTERIOR,PRESENT,0.09999999999999998,93083,69248,1457.4019614438143,54.5247475613053
15,0,1,D0,5,Q1,1,1024,1024,1024,True,1.0,True,MC_UNRESOLVED,DIAGNOSTIC_NOT_POSTERIOR,PRESENT,0.0,93083,69248,1457.4019614438143,54.5247475613053
15,0,1,D0,5,Q2,0,1024,1024,1024,True,1.0,True,TRUE,DIAGNOSTIC_NOT_POSTERIOR,PRESENT,1.0,93083,69248,1457.4019614438143,54.5247475613053
15,0,1,D0,5,Q2,0.5,1024,1024,1024,True,1.0,True,TRUE,DIAGNOSTIC_NOT_POSTERIOR,PRESENT,0.5,93083,69248,1457.4019614438143,54.5247475613053
15,0,1,D0,5,Q2,0.75,1024,1024,1024,True,1.0,True,TRUE,DIAGNOSTIC_NOT_POSTERIOR,PRESENT,0.25,93083,69248,1457.4019614438143,54.5247475613053
15,0,1,D0,5,Q2,0.9,1024,1024,1024,True,1.0,True,TRUE,DIAGNOSTIC_NOT_POSTERIOR,PRESENT,0.09999999999999998,93083,69248,1457.4019614438143,54.5247475613053
15,0,1,D0,5,Q2,1,1024,1024,1024,True,1.0,True,MC_UNRESOLVED,DIAGNOSTIC_NOT_POSTERIOR,PRESENT,0.0,93083,69248,1457.4019614438143,54.5247475613053
15,0,1,D3,5,Q1,0,1024,1024,1024,True,1.0,True,TRUE,DIAGNOSTIC_NOT_POSTERIOR,PRESENT,1.0,93083,69248,1457.4019614438143,54.5247475613053
15,0,1,D3,5,Q1,0.5,1024,1024,1024,True,1.0,True,TRUE,DIAGNOSTIC_NOT_POSTERIOR,PRESENT,0.5,93083,69248,1457.4019614438143,54.5247475613053
15,0,1,D3,5,Q1,0.75,1024,1024,1024,True,1.0,True,TRUE,DIAGNOSTIC_NOT_POSTERIOR,PRESENT,0.25,93083,69248,1457.4019614438143,54.5247475613053
15,0,1,D3,5,Q1,0.9,1024,1024,1024,True,1.0,True,TRUE,DIAGNOSTIC_NOT_POSTERIOR,PRESENT,0.09999999999999998,93083,69248,1457.4019614438143,54.5247475613053
15,0,1,D3,5,Q1,1,1024,1024,1024,True,1.0,True,MC_UNRESOLVED,DIAGNOSTIC_NOT_POSTERIOR,PRESENT,0.0,93083,69248,1457.4019614438143,54.5247475613053
15,0,1,D3,5,Q2,0,1024,1024,1024,True,1.0,True,TRUE,DIAGNOSTIC_NOT_POSTERIOR,PRESENT,1.0,93083,69248,1457.4019614438143,54.5247475613053
15,0,1,D3,5,Q2,0.5,1024,1024,1024,True,1.0,True,TRUE,DIAGNOSTIC_NOT_POSTERIOR,PRESENT,0.5,93083,69248,1457.4019614438143,54.5247475613053
15,0,1,D3,5,Q2,0.75,1024,1024,1024,True,1.0,True,TRUE,DIAGNOSTIC_NOT_POSTERIOR,PRESENT,0.25,93083,69248,1457.4019614438143,54.5247475613053
15,0,1,D3,5,Q2,0.9,1024,1024,1024,True,1.0,True,TRUE,DIAGNOSTIC_NOT_POSTERIOR,PRESENT,0.09999999999999998,93083,69248,1457.4019614438143,54.5247475613053
15,0,1,D3,5,Q2,1,1024,1024,1024,True,1.0,True,MC_UNRESOLVED,DIAGNOSTIC_NOT_POSTERIOR,PRESENT,0.0,93083,69248,1457.4019614438143,54.5247475613053
15,0.5,0,D0,5,Q1,0,1024,1024,1024,True,1.0,True,TRUE,DIAGNOSTIC_NOT_POSTERIOR,PRESENT,1.0,89726,65928,1457.4019614438143,52.22989647353566
15,0.5,0,D0,5,Q1,0.5,1024,1024,1024,True,1.0,True,TRUE,DIAGNOSTIC_NOT_POSTERIOR,PRESENT,0.5,89726,65928,1457.4019614438143,52.22989647353566
15,0.5,0,D0,5,Q1,0.75,1024,1024,1024,True,1.0,True,TRUE,DIAGNOSTIC_NOT_POSTERIOR,PRESENT,0.25,89726,65928,1457.4019614438143,52.22989647353566
15,0.5,0,D0,5,Q1,0.9,1024,1024,1024,True,1.0,True,TRUE,DIAGNOSTIC_NOT_POSTERIOR,PRESENT,0.09999999999999998,89726,65928,1457.4019614438143,52.22989647353566
15,0.5,0,D0,5,Q1,1,1024,1024,1024,True,1.0,True,MC_UNRESOLVED,DIAGNOSTIC_NOT_POSTERIOR,PRESENT,0.0,89726,65928,1457.4019614438143,52.22989647353566
15,0.5,0,D0,5,Q2,0,1024,1024,1024,True,1.0,True,TRUE,DIAGNOSTIC_NOT_POSTERIOR,PRESENT,1.0,89726,65928,1457.4019614438143,52.22989647353566
15,0.5,0,D0,5,Q2,0.5,1024,1024,1024,True,1.0,True,TRUE,DIAGNOSTIC_NOT_POSTERIOR,PRESENT,0.5,89726,65928,1457.4019614438143,52.22989647353566
15,0.5,0,D0,5,Q2,0.75,1024,1024,1024,True,1.0,True,TRUE,DIAGNOSTIC_NOT_POSTERIOR,PRESENT,0.25,89726,65928,1457.4019614438143,52.22989647353566
15,0.5,0,D0,5,Q2,0.9,1024,1024,1024,True,1.0,True,TRUE,DIAGNOSTIC_NOT_POSTERIOR,PRESENT,0.09999999999999998,89726,65928,1457.4019614438143,52.22989647353566
15,0.5,0,D0,5,Q2,1,1024,1024,1024,True,1.0,True,MC_UNRESOLVED,DIAGNOSTIC_NOT_POSTERIOR,PRESENT,0.0,89726,65928,1457.4019614438143,52.22989647353566
15,0.5,0,D3,5,Q1,0,1024,1024,1024,True,1.0,True,TRUE,DIAGNOSTIC_NOT_POSTERIOR,PRESENT,1.0,89726,65928,1457.4019614438143,52.22989647353566
15,0.5,0,D3,5,Q1,0.5,1024,1024,1024,True,1.0,True,TRUE,DIAGNOSTIC_NOT_POSTERIOR,PRESENT,0.5,89726,65928,1457.4019614438143,52.22989647353566
15,0.5,0,D3,5,Q1,0.75,1024,1024,1024,True,1.0,True,TRUE,DIAGNOSTIC_NOT_POSTERIOR,PRESENT,0.25,89726,65928,1457.4019614438143,52.22989647353566
15,0.5,0,D3,5,Q1,0.9,1024,1024,1024,True,1.0,True,TRUE,DIAGNOSTIC_NOT_POSTERIOR,PRESENT,0.09999999999999998,89726,65928,1457.4019614438143,52.22989647353566
15,0.5,0,D3,5,Q1,1,1024,1024,1024,True,1.0,True,MC_UNRESOLVED,DIAGNOSTIC_NOT_POSTERIOR,PRESENT,0.0,89726,65928,1457.4019614438143,52.22989647353566
15,0.5,0,D3,5,Q2,0,1024,1024,1024,True,1.0,True,TRUE,DIAGNOSTIC_NOT_POSTERIOR,PRESENT,1.0,89726,65928,1457.4019614438143,52.22989647353566
15,0.5,0,D3,5,Q2,0.5,1024,1024,1024,True,1.0,True,TRUE,DIAGNOSTIC_NOT_POSTERIOR,PRESENT,0.5,89726,65928,1457.4019614438143,52.22989647353566
15,0.5,0,D3,5,Q2,0.75,1024,1024,1024,True,1.0,True,TRUE,DIAGNOSTIC_NOT_POSTERIOR,PRESENT,0.25,89726,65928,1457.4019614438143,52.22989647353566
15,0.5,0,D3,5,Q2,0.9,1024,1024,1024,True,1.0,True,TRUE,DIAGNOSTIC_NOT_POSTERIOR,PRESENT,0.09999999999999998,89726,65928,1457.4019614438143,52.22989647353566
15,0.5,0,D3,5,Q2,1,1024,1024,1024,True,1.0,True,MC_UNRESOLVED,DIAGNOSTIC_NOT_POSTERIOR,PRESENT,0.0,89726,65928,1457.4019614438143,52.22989647353566
15,0.5,0.5,D0,5,Q1,0,1024,1024,1024,True,1.0,True,TRUE,DIAGNOSTIC_NOT_POSTERIOR,PRESENT,1.0,89726,65928,1457.4019614438143,52.22989647353566
15,0.5,0.5,D0,5,Q1,0.5,1024,1024,1024,True,1.0,True,TRUE,DIAGNOSTIC_NOT_POSTERIOR,PRESENT,0.5,89726,65928,1457.4019614438143,52.22989647353566
15,0.5,0.5,D0,5,Q1,0.75,1024,1024,1024,True,1.0,True,TRUE,DIAGNOSTIC_NOT_POSTERIOR,PRESENT,0.25,89726,65928,1457.4019614438143,52.22989647353566
15,0.5,0.5,D0,5,Q1,0.9,1024,1024,1024,True,1.0,True,TRUE,DIAGNOSTIC_NOT_POSTERIOR,PRESENT,0.09999999999999998,89726,65928,1457.4019614438143,52.22989647353566
15,0.5,0.5,D0,5,Q1,1,1024,1024,1024,True,1.0,True,MC_UNRESOLVED,DIAGNOSTIC_NOT_POSTERIOR,PRESENT,0.0,89726,65928,1457.4019614438143,52.22989647353566
15,0.5,0.5,D0,5,Q2,0,1024,1024,1024,True,1.0,True,TRUE,DIAGNOSTIC_NOT_POSTERIOR,PRESENT,1.0,89726,65928,1457.4019614438143,52.22989647353566
15,0.5,0.5,D0,5,Q2,0.5,1024,1024,1024,True,1.0,True,TRUE,DIAGNOSTIC_NOT_POSTERIOR,PRESENT,0.5,89726,65928,1457.4019614438143,52.22989647353566
15,0.5,0.5,D0,5,Q2,0.75,1024,1024,1024,True,1.0,True,TRUE,DIAGNOSTIC_NOT_POSTERIOR,PRESENT,0.25,89726,65928,1457.4019614438143,52.22989647353566
15,0.5,0.5,D0,5,Q2,0.9,1024,1024,1024,True,1.0,True,TRUE,DIAGNOSTIC_NOT_POSTERIOR,PRESENT,0.09999999999999998,89726,65928,1457.4019614438143,52.22989647353566
15,0.5,0.5,D0,5,Q2,1,1024,1024,1024,True,1.0,True,MC_UNRESOLVED,DIAGNOSTIC_NOT_POSTERIOR,PRESENT,0.0,89726,65928,1457.4019614438143,52.22989647353566
15,0.5,0.5,D3,5,Q1,0,1024,1024,1024,True,1.0,True,TRUE,DIAGNOSTIC_NOT_POSTERIOR,PRESENT,1.0,89726,65928,1457.4019614438143,52.22989647353566
15,0.5,0.5,D3,5,Q1,0.5,1024,1024,1024,True,1.0,True,TRUE,DIAGNOSTIC_NOT_POSTERIOR,PRESENT,0.5,89726,65928,1457.4019614438143,52.22989647353566
15,0.5,0.5,D3,5,Q1,0.75,1024,1024,1024,True,1.0,True,TRUE,DIAGNOSTIC_NOT_POSTERIOR,PRESENT,0.25,89726,65928,1457.4019614438143,52.22989647353566
15,0.5,0.5,D3,5,Q1,0.9,1024,1024,1024,True,1.0,True,TRUE,DIAGNOSTIC_NOT_POSTERIOR,PRESENT,0.09999999999999998,89726,65928,1457.4019614438143,52.22989647353566
15,0.5,0.5,D3,5,Q1,1,1024,1024,1024,True,1.0,True,MC_UNRESOLVED,DIAGNOSTIC_NOT_POSTERIOR,PRESENT,0.0,89726,65928,1457.4019614438143,52.22989647353566
15,0.5,0.5,D3,5,Q2,0,1024,1024,1024,True,1.0,True,TRUE,DIAGNOSTIC_NOT_POSTERIOR,PRESENT,1.0,89726,65928,1457.4019614438143,52.22989647353566
15,0.5,0.5,D3,5,Q2,0.5,1024,1024,1024,True,1.0,True,TRUE,DIAGNOSTIC_NOT_POSTERIOR,PRESENT,0.5,89726,65928,1457.4019614438143,52.22989647353566
15,0.5,0.5,D3,5,Q2,0.75,1024,1024,1024,True,1.0,True,TRUE,DIAGNOSTIC_NOT_POSTERIOR,PRESENT,0.25,89726,65928,1457.4019614438143,52.22989647353566
15,0.5,0.5,D3,5,Q2,0.9,1024,1024,1024,True,1.0,True,TRUE,DIAGNOSTIC_NOT_POSTERIOR,PRESENT,0.09999999999999998,89726,65928,1457.4019614438143,52.22989647353566
15,0.5,0.5,D3,5,Q2,1,1024,1024,1024,True,1.0,True,MC_UNRESOLVED,DIAGNOSTIC_NOT_POSTERIOR,PRESENT,0.0,89726,65928,1457.4019614438143,52.22989647353566
15,0.5,1,D0,5,Q1,0,1024,1024,1024,True,1.0,True,TRUE,DIAGNOSTIC_NOT_POSTERIOR,PRESENT,1.0,89726,65928,1457.4019614438143,52.22989647353566
15,0.5,1,D0,5,Q1,0.5,1024,1024,1024,True,1.0,True,TRUE,DIAGNOSTIC_NOT_POSTERIOR,PRESENT,0.5,89726,65928,1457.4019614438143,52.22989647353566
15,0.5,1,D0,5,Q1,0.75,1024,1024,1024,True,1.0,True,TRUE,DIAGNOSTIC_NOT_POSTERIOR,PRESENT,0.25,89726,65928,1457.4019614438143,52.22989647353566
15,0.5,1,D0,5,Q1,0.9,1024,1024,1024,True,1.0,True,TRUE,DIAGNOSTIC_NOT_POSTERIOR,PRESENT,0.09999999999999998,89726,65928,1457.4019614438143,52.22989647353566
15,0.5,1,D0,5,Q1,1,1024,1024,1024,True,1.0,True,MC_UNRESOLVED,DIAGNOSTIC_NOT_POSTERIOR,PRESENT,0.0,89726,65928,1457.4019614438143,52.22989647353566
15,0.5,1,D0,5,Q2,0,1024,1024,1024,True,1.0,True,TRUE,DIAGNOSTIC_NOT_POSTERIOR,PRESENT,1.0,89726,65928,1457.4019614438143,52.22989647353566
15,0.5,1,D0,5,Q2,0.5,1024,1024,1024,True,1.0,True,TRUE,DIAGNOSTIC_NOT_POSTERIOR,PRESENT,0.5,89726,65928,1457.4019614438143,52.22989647353566
15,0.5,1,D0,5,Q2,0.75,1024,1024,1024,True,1.0,True,TRUE,DIAGNOSTIC_NOT_POSTERIOR,PRESENT,0.25,89726,65928,1457.4019614438143,52.22989647353566
15,0.5,1,D0,5,Q2,0.9,1024,1024,1024,True,1.0,True,TRUE,DIAGNOSTIC_NOT_POSTERIOR,PRESENT,0.09999999999999998,89726,65928,1457.4019614438143,52.22989647353566
15,0.5,1,D0,5,Q2,1,1024,1024,1024,True,1.0,True,MC_UNRESOLVED,DIAGNOSTIC_NOT_POSTERIOR,PRESENT,0.0,89726,65928,1457.4019614438143,52.22989647353566
15,0.5,1,D3,5,Q1,0,1024,1024,1024,True,1.0,True,TRUE,DIAGNOSTIC_NOT_POSTERIOR,PRESENT,1.0,89726,65928,1457.4019614438143,52.22989647353566
15,0.5,1,D3,5,Q1,0.5,1024,1024,1024,True,1.0,True,TRUE,DIAGNOSTIC_NOT_POSTERIOR,PRESENT,0.5,89726,65928,1457.4019614438143,52.22989647353566
15,0.5,1,D3,5,Q1,0.75,1024,1024,1024,True,1.0,True,TRUE,DIAGNOSTIC_NOT_POSTERIOR,PRESENT,0.25,89726,65928,1457.4019614438143,52.22989647353566
15,0.5,1,D3,5,Q1,0.9,1024,1024,1024,True,1.0,True,TRUE,DIAGNOSTIC_NOT_POSTERIOR,PRESENT,0.09999999999999998,89726,65928,1457.4019614438143,52.22989647353566
15,0.5,1,D3,5,Q1,1,1024,1024,1024,True,1.0,True,MC_UNRESOLVED,DIAGNOSTIC_NOT_POSTERIOR,PRESENT,0.0,89726,65928,1457.4019614438143,52.22989647353566
15,0.5,1,D3,5,Q2,0,1024,1024,1024,True,1.0,True,TRUE,DIAGNOSTIC_NOT_POSTERIOR,PRESENT,1.0,89726,65928,1457.4019614438143,52.22989647353566
15,0.5,1,D3,5,Q2,0.5,1024,1024,1024,True,1.0,True,TRUE,DIAGNOSTIC_NOT_POSTERIOR,PRESENT,0.5,89726,65928,1457.4019614438143,52.22989647353566
15,0.5,1,D3,5,Q2,0.75,1024,1024,1024,True,1.0,True,TRUE,DIAGNOSTIC_NOT_POSTERIOR,PRESENT,0.25,89726,65928,1457.4019614438143,52.22989647353566
15,0.5,1,D3,5,Q2,0.9,1024,1024,1024,True,1.0,True,TRUE,DIAGNOSTIC_NOT_POSTERIOR,PRESENT,0.09999999999999998,89726,65928,1457.4019614438143,52.22989647353566
15,0.5,1,D3,5,Q2,1,1024,1024,1024,True,1.0,True,MC_UNRESOLVED,DIAGNOSTIC_NOT_POSTERIOR,PRESENT,0.0,89726,65928,1457.4019614438143,52.22989647353566
