target,start_year,end_year,scheme,axis,label,bootstrap_unit,replicates,cluster_units,mortality_gap_lower,mortality_gap_upper,brier_lower,brier_upper,scope
CUMULATIVE,2021,2022,STRICT,ALL,ALL,spatial_cluster,1000,799,0.001670602236594859,0.006646023687391118,0.01807397820566323,0.02280212962115634,"Conditional source-support cluster bootstrap; descriptive, not unbiased ecological population interval"
CUMULATIVE,2021,2022,STRICT,ALL,ALL,external_tag,1000,21576,0.0022065873549978357,0.0059398833064898465,0.018573116167882816,0.022252514818077728,"Conditional source-support cluster bootstrap; descriptive, not unbiased ecological population interval"
CUMULATIVE,2021,2022,STRICT,taxon,0,spatial_cluster,1000,722,0.007681128881673212,0.015801790924846702,0.019797376981635414,0.0276196136167403,"Conditional source-support cluster bootstrap; descriptive, not unbiased ecological population interval"
CUMULATIVE,2021,2022,STRICT,taxon,0,external_tag,1000,7557,0.008267167181782078,0.015408375921743293,0.020274571504995755,0.027229925448215585,"Conditional source-support cluster bootstrap; descriptive, not unbiased ecological population interval"
CUMULATIVE,2021,2022,STRICT,taxon,1,spatial_cluster,1000,793,-0.004336261058266292,-7.785418234251574e-05,0.011683354040067729,0.0156931355556005,"Conditional source-support cluster bootstrap; descriptive, not unbiased ecological population interval"
CUMULATIVE,2021,2022,STRICT,taxon,1,external_tag,1000,13042,-0.004237368478156666,-0.00030979561087511246,0.01167380197914483,0.01553184894275771,"Conditional source-support cluster bootstrap; descriptive, not unbiased ecological population interval"
CUMULATIVE,2021,2022,STRICT,taxon,2,spatial_cluster,1000,5,-0.041390885700847105,-0.02033837731959755,0.0004138230838348295,0.0018368268889253337,"Conditional source-support cluster bootstrap; descriptive, not unbiased ecological population interval"
CUMULATIVE,2021,2022,STRICT,taxon,2,external_tag,1000,5,-0.04156216694093338,-0.020334785513595154,0.00041367455902142133,0.0018437660101557449,"Conditional source-support cluster bootstrap; descriptive, not unbiased ecological population interval"
CUMULATIVE,2021,2022,STRICT,taxon,3,spatial_cluster,1000,340,0.0014843569796096359,0.061539547840274655,0.06166982525720212,0.11328373352314987,"Conditional source-support cluster bootstrap; descriptive, not unbiased ecological population interval"
CUMULATIVE,2021,2022,STRICT,taxon,3,external_tag,1000,972,0.012143342047214668,0.050165702517254995,0.070417286589183,0.10363835490985965,"Conditional source-support cluster bootstrap; descriptive, not unbiased ecological population interval"
CUMULATIVE,2021,2022,STRICT,hemlock,HEMLOCK,spatial_cluster,1000,722,0.007711974218742809,0.015787811464354002,0.019805139423683116,0.027801306030555924,"Conditional source-support cluster bootstrap; descriptive, not unbiased ecological population interval"
CUMULATIVE,2021,2022,STRICT,hemlock,HEMLOCK,external_tag,1000,7557,0.008188870767767443,0.01522113232971689,0.020168509125115818,0.0270051260637033,"Conditional source-support cluster bootstrap; descriptive, not unbiased ecological population interval"
CUMULATIVE,2021,2022,STRICT,hemlock,OTHER,spatial_cluster,1000,793,-0.002855470499925488,0.0030355284284985227,0.01597152139975417,0.021424037629770312,"Conditional source-support cluster bootstrap; descriptive, not unbiased ecological population interval"
CUMULATIVE,2021,2022,STRICT,hemlock,OTHER,external_tag,1000,14019,-0.0023799014721402134,0.0023454458010049185,0.016574839856611644,0.02086572166400285,"Conditional source-support cluster bootstrap; descriptive, not unbiased ecological population interval"
CUMULATIVE,2021,2022,STRICT,sector_proxy,0,spatial_cluster,1000,300,0.010210573509750052,0.02138338454690196,0.027255120184724185,0.03808432231103128,"Conditional source-support cluster bootstrap; descriptive, not unbiased ecological population interval"
CUMULATIVE,2021,2022,STRICT,sector_proxy,0,external_tag,1000,7512,0.011983416149961111,0.019866310954121898,0.02897406269780003,0.03651216632642493,"Conditional source-support cluster bootstrap; descriptive, not unbiased ecological population interval"
CUMULATIVE,2021,2022,STRICT,sector_proxy,1,spatial_cluster,1000,261,-0.009043113597068995,-0.002205603980224564,0.01040123355068302,0.016697064749989526,"Conditional source-support cluster bootstrap; descriptive, not unbiased ecological population interval"
CUMULATIVE,2021,2022,STRICT,sector_proxy,1,external_tag,1000,6081,-0.008646592395061188,-0.0025829681553158324,0.010701497810771454,0.01626303731054169,"Conditional source-support cluster bootstrap; descriptive, not unbiased ecological population interval"
CUMULATIVE,2021,2022,STRICT,sector_proxy,2,spatial_cluster,1000,277,-0.0020468767091141628,0.0032394106312521207,0.011917544348419653,0.01687680600366005,"Conditional source-support cluster bootstrap; descriptive, not unbiased ecological population interval"
CUMULATIVE,2021,2022,STRICT,sector_proxy,2,external_tag,1000,7899,-0.001987713098850448,0.0031532465431419175,0.011872872936480261,0.016856908215609624,"Conditional source-support cluster bootstrap; descriptive, not unbiased ecological population interval"
CUMULATIVE,2021,2022,STRICT,sector_proxy,3,spatial_cluster,1000,6,-0.016346263663751928,0.010406624092876026,0.00021696447238110937,0.029203150201288306,"Conditional source-support cluster bootstrap; descriptive, not unbiased ecological population interval"
CUMULATIVE,2021,2022,STRICT,sector_proxy,3,external_tag,1000,84,-0.018431065376925466,0.02005317919467287,0.00029300698274187215,0.03504437983810927,"Conditional source-support cluster bootstrap; descriptive, not unbiased ecological population interval"
CUMULATIVE,2021,2022,STRICT,size_group,10_TO_30,spatial_cluster,1000,798,0.0007794227391118431,0.006714022600773017,0.020707271394463704,0.02632972880925239,"Conditional source-support cluster bootstrap; descriptive, not unbiased ecological population interval"
CUMULATIVE,2021,2022,STRICT,size_group,10_TO_30,external_tag,1000,15167,0.0011366354396583913,0.00608215166150265,0.02109672220816207,0.02587679657020368,"Conditional source-support cluster bootstrap; descriptive, not unbiased ecological population interval"
CUMULATIVE,2021,2022,STRICT,size_group,30_PLUS,spatial_cluster,1000,788,0.0009064344882959403,0.010132011076020879,0.008847882550468188,0.01798231431402379,"Conditional source-support cluster bootstrap; descriptive, not unbiased ecological population interval"
CUMULATIVE,2021,2022,STRICT,size_group,30_PLUS,external_tag,1000,6409,0.0023854659328785533,0.00782867936791067,0.01020581726812547,0.01568670264087801,"Conditional source-support cluster bootstrap; descriptive, not unbiased ecological population interval"
CUMULATIVE,2021,2022,STRICT,damage,RECORDED_DAMAGE,spatial_cluster,1000,652,0.009226037949022606,0.0263358648904545,0.027097640148024803,0.04345851392090556,"Conditional source-support cluster bootstrap; descriptive, not unbiased ecological population interval"
CUMULATIVE,2021,2022,STRICT,damage,RECORDED_DAMAGE,external_tag,1000,1974,0.009808480803531451,0.026167372432376716,0.027441536068460722,0.04339171886386918,"Conditional source-support cluster bootstrap; descriptive, not unbiased ecological population interval"
CUMULATIVE,2021,2022,STRICT,damage,NO_RECORDED_DAMAGE,spatial_cluster,1000,0,,,,,"Conditional source-support cluster bootstrap; descriptive, not unbiased ecological population interval"
CUMULATIVE,2021,2022,STRICT,damage,NO_RECORDED_DAMAGE,external_tag,1000,0,,,,,"Conditional source-support cluster bootstrap; descriptive, not unbiased ecological population interval"
CUMULATIVE,2021,2022,STRICT,damage,UNKNOWN,spatial_cluster,1000,799,0.00037070943579002965,0.005117663942426526,0.016529822895959532,0.021228624622366493,"Conditional source-support cluster bootstrap; descriptive, not unbiased ecological population interval"
CUMULATIVE,2021,2022,STRICT,damage,UNKNOWN,external_tag,1000,19602,0.0009499959500614559,0.0046638023362427115,0.017236871384141643,0.020799158869039158,"Conditional source-support cluster bootstrap; descriptive, not unbiased ecological population interval"
CUMULATIVE,2021,2022,DN_DEATH,ALL,ALL,spatial_cluster,1000,799,0.0017737270616961591,0.00669047624976723,0.018185959919901084,0.022937443867634934,"Conditional source-support cluster bootstrap; descriptive, not unbiased ecological population interval"
CUMULATIVE,2021,2022,DN_DEATH,ALL,ALL,external_tag,1000,21578,0.0023618694340129345,0.006010805666184811,0.018775312855853512,0.022296053886495543,"Conditional source-support cluster bootstrap; descriptive, not unbiased ecological population interval"
CUMULATIVE,2021,2022,DN_DEATH,taxon,0,spatial_cluster,1000,722,0.008126596770828633,0.01568099162497417,0.02021427803451436,0.02771611667330162,"Conditional source-support cluster bootstrap; descriptive, not unbiased ecological population interval"
CUMULATIVE,2021,2022,DN_DEATH,taxon,0,external_tag,1000,7558,0.008466944537278375,0.015442221890546039,0.020519961050271148,0.027311028734238286,"Conditional source-support cluster bootstrap; descriptive, not unbiased ecological population interval"
CUMULATIVE,2021,2022,DN_DEATH,taxon,1,spatial_cluster,1000,793,-0.004423492637253211,-0.00017993279362382483,0.011598864252060434,0.015653778918294798,"Conditional source-support cluster bootstrap; descriptive, not unbiased ecological population interval"
CUMULATIVE,2021,2022,DN_DEATH,taxon,1,external_tag,1000,13043,-0.0043210118969475375,-0.00027824761840653076,0.011662766222445912,0.015527733356297937,"Conditional source-support cluster bootstrap; descriptive, not unbiased ecological population interval"
CUMULATIVE,2021,2022,DN_DEATH,taxon,2,spatial_cluster,1000,5,-0.04155848303734118,-0.020331101610002955,0.0004135222258794642,0.001843613677013788,"Conditional source-support cluster bootstrap; descriptive, not unbiased ecological population interval"
CUMULATIVE,2021,2022,DN_DEATH,taxon,2,external_tag,1000,5,-0.04156216694093338,-0.020334785513595154,0.00041367455902142133,0.0018437660101557449,"Conditional source-support cluster bootstrap; descriptive, not unbiased ecological population interval"
CUMULATIVE,2021,2022,DN_DEATH,taxon,3,spatial_cluster,1000,340,0.0016790338607335573,0.06315080718143455,0.06149258783215489,0.11547640038932597,"Conditional source-support cluster bootstrap; descriptive, not unbiased ecological population interval"
CUMULATIVE,2021,2022,DN_DEATH,taxon,3,external_tag,1000,972,0.013778282117944617,0.04984124213805087,0.0714412875092949,0.1025681921511487,"Conditional source-support cluster bootstrap; descriptive, not unbiased ecological population interval"
CUMULATIVE,2021,2022,DN_DEATH,hemlock,HEMLOCK,spatial_cluster,1000,722,0.007801458961384454,0.015844618428073505,0.019853797721579493,0.027649787146140442,"Conditional source-support cluster bootstrap; descriptive, not unbiased ecological population interval"
CUMULATIVE,2021,2022,DN_DEATH,hemlock,HEMLOCK,external_tag,1000,7558,0.00815525176773332,0.015065416481487638,0.020250955557842662,0.026868208419957705,"Conditional source-support cluster bootstrap; descriptive, not unbiased ecological population interval"
CUMULATIVE,2021,2022,DN_DEATH,hemlock,OTHER,spatial_cluster,1000,793,-0.0027407848714254067,0.0030356618504305535,0.01603389404674584,0.021585575928872225,"Conditional source-support cluster bootstrap; descriptive, not unbiased ecological population interval"
CUMULATIVE,2021,2022,DN_DEATH,hemlock,OTHER,external_tag,1000,14020,-0.0022082151666633124,0.0022568286298803434,0.016497175158251727,0.02075560597549628,"Conditional source-support cluster bootstrap; descriptive, not unbiased ecological population interval"
CUMULATIVE,2021,2022,DN_DEATH,sector_proxy,0,spatial_cluster,1000,300,0.011201709048931195,0.02144145018499007,0.02811292986007679,0.037924416884554994,"Conditional source-support cluster bootstrap; descriptive, not unbiased ecological population interval"
CUMULATIVE,2021,2022,DN_DEATH,sector_proxy,0,external_tag,1000,7514,0.012068879974126357,0.020581923816516245,0.0290478988852848,0.037164766771922805,"Conditional source-support cluster bootstrap; descriptive, not unbiased ecological population interval"
CUMULATIVE,2021,2022,DN_DEATH,sector_proxy,1,spatial_cluster,1000,261,-0.009218345569153656,-0.0023191935767501886,0.010231792382680677,0.016365759588647638,"Conditional source-support cluster bootstrap; descriptive, not unbiased ecological population interval"
CUMULATIVE,2021,2022,DN_DEATH,sector_proxy,1,external_tag,1000,6081,-0.008540213142847787,-0.00309615121872394,0.010695752204443796,0.015816026642061113,"Conditional source-support cluster bootstrap; descriptive, not unbiased ecological population interval"
CUMULATIVE,2021,2022,DN_DEATH,sector_proxy,2,spatial_cluster,1000,277,-0.0022571238352890426,0.0032729005655727423,0.011726890173554643,0.016899066851308483,"Conditional source-support cluster bootstrap; descriptive, not unbiased ecological population interval"
CUMULATIVE,2021,2022,DN_DEATH,sector_proxy,2,external_tag,1000,7899,-0.00196585751207285,0.0032654645706860193,0.011857744009337562,0.01693158060885274,"Conditional source-support cluster bootstrap; descriptive, not unbiased ecological population interval"
CUMULATIVE,2021,2022,DN_DEATH,sector_proxy,3,spatial_cluster,1000,6,-0.016400247482625648,0.01135847891806179,0.00022441934278995151,0.030128898665764,"Conditional source-support cluster bootstrap; descriptive, not unbiased ecological population interval"
CUMULATIVE,2021,2022,DN_DEATH,sector_proxy,3,external_tag,1000,84,-0.018371474368354016,0.019690385558378452,0.0002948870960771231,0.035026209936297965,"Conditional source-support cluster bootstrap; descriptive, not unbiased ecological population interval"
CUMULATIVE,2021,2022,DN_DEATH,size_group,10_TO_30,spatial_cluster,1000,798,0.0010345824568018054,0.006621511077920407,0.02112423470203229,0.026624230411654088,"Conditional source-support cluster bootstrap; descriptive, not unbiased ecological population interval"
CUMULATIVE,2021,2022,DN_DEATH,size_group,10_TO_30,external_tag,1000,15168,0.001125638760068551,0.006231503671090194,0.021129062092817227,0.025941810021628767,"Conditional source-support cluster bootstrap; descriptive, not unbiased ecological population interval"
CUMULATIVE,2021,2022,DN_DEATH,size_group,30_PLUS,spatial_cluster,1000,788,0.0007537685849158076,0.010294399416227817,0.008773541341327473,0.018013702674143928,"Conditional source-support cluster bootstrap; descriptive, not unbiased ecological population interval"
CUMULATIVE,2021,2022,DN_DEATH,size_group,30_PLUS,external_tag,1000,6410,0.0023443346151751044,0.00812348094309508,0.01036325396466952,0.015878221218779222,"Conditional source-support cluster bootstrap; descriptive, not unbiased ecological population interval"
CUMULATIVE,2021,2022,DN_DEATH,damage,RECORDED_DAMAGE,spatial_cluster,1000,652,0.009864150478516152,0.02595150054626294,0.027656576619732445,0.04338006997896077,"Conditional source-support cluster bootstrap; descriptive, not unbiased ecological population interval"
CUMULATIVE,2021,2022,DN_DEATH,damage,RECORDED_DAMAGE,external_tag,1000,1974,0.009816191355777918,0.025315927195836693,0.027407938440477054,0.04252591749822977,"Conditional source-support cluster bootstrap; descriptive, not unbiased ecological population interval"
CUMULATIVE,2021,2022,DN_DEATH,damage,NO_RECORDED_DAMAGE,spatial_cluster,1000,0,,,,,"Conditional source-support cluster bootstrap; descriptive, not unbiased ecological population interval"
CUMULATIVE,2021,2022,DN_DEATH,damage,NO_RECORDED_DAMAGE,external_tag,1000,0,,,,,"Conditional source-support cluster bootstrap; descriptive, not unbiased ecological population interval"
CUMULATIVE,2021,2022,DN_DEATH,damage,UNKNOWN,spatial_cluster,1000,799,0.0002758875870621207,0.005368287563377602,0.01662588748614651,0.021520016610160154,"Conditional source-support cluster bootstrap; descriptive, not unbiased ecological population interval"
CUMULATIVE,2021,2022,DN_DEATH,damage,UNKNOWN,external_tag,1000,19604,0.0007751930491085943,0.004763714167444522,0.017026293297060527,0.02082822780959975,"Conditional source-support cluster bootstrap; descriptive, not unbiased ecological population interval"
CUMULATIVE,2021,2022,DN_ALIVE,ALL,ALL,spatial_cluster,1000,799,0.0017262927074415358,0.006652959647815759,0.018130951684730473,0.022849017022043165,"Conditional source-support cluster bootstrap; descriptive, not unbiased ecological population interval"
CUMULATIVE,2021,2022,DN_ALIVE,ALL,ALL,external_tag,1000,21578,0.002176042914468966,0.005975271765680083,0.018556408674418587,0.022240623704276655,"Conditional source-support cluster bootstrap; descriptive, not unbiased ecological population interval"
CUMULATIVE,2021,2022,DN_ALIVE,taxon,0,spatial_cluster,1000,722,0.007699851555580162,0.01597081458655704,0.019670221034331966,0.027782487861949454,"Conditional source-support cluster bootstrap; descriptive, not unbiased ecological population interval"
CUMULATIVE,2021,2022,DN_ALIVE,taxon,0,external_tag,1000,7558,0.008133382997207486,0.015361680698351532,0.02024154906123443,0.02718610894090863,"Conditional source-support cluster bootstrap; descriptive, not unbiased ecological population interval"
CUMULATIVE,2021,2022,DN_ALIVE,taxon,1,spatial_cluster,1000,793,-0.0042947814906647746,-0.0003087478797093662,0.01165357786278883,0.015504501052318416,"Conditional source-support cluster bootstrap; descriptive, not unbiased ecological population interval"
CUMULATIVE,2021,2022,DN_ALIVE,taxon,1,external_tag,1000,13043,-0.004262614119630574,-0.0002386505722211227,0.01173856357206981,0.015583636584946178,"Conditional source-support cluster bootstrap; descriptive, not unbiased ecological population interval"
CUMULATIVE,2021,2022,DN_ALIVE,taxon,2,spatial_cluster,1000,5,-0.04155848303734118,-0.020494693208264293,0.00042014696092280453,0.001843613677013788,"Conditional source-support cluster bootstrap; descriptive, not unbiased ecological population interval"
CUMULATIVE,2021,2022,DN_ALIVE,taxon,2,external_tag,1000,5,-0.04155848303734118,-0.020334785513595154,0.00041367455902142133,0.001843613677013788,"Conditional source-support cluster bootstrap; descriptive, not unbiased ecological population interval"
CUMULATIVE,2021,2022,DN_ALIVE,taxon,3,spatial_cluster,1000,340,0.0011516861897917928,0.06374467727247907,0.061543397896686475,0.11628797645993007,"Conditional source-support cluster bootstrap; descriptive, not unbiased ecological population interval"
CUMULATIVE,2021,2022,DN_ALIVE,taxon,3,external_tag,1000,972,0.012705599082659226,0.050340376153966374,0.07044346938137307,0.10465933582042028,"Conditional source-support cluster bootstrap; descriptive, not unbiased ecological population interval"
CUMULATIVE,2021,2022,DN_ALIVE,hemlock,HEMLOCK,spatial_cluster,1000,722,0.007856322035617824,0.01591348082610289,0.019953425973934492,0.027669373820458563,"Conditional source-support cluster bootstrap; descriptive, not unbiased ecological population interval"
CUMULATIVE,2021,2022,DN_ALIVE,hemlock,HEMLOCK,external_tag,1000,7558,0.008125655295060229,0.015238457127884929,0.02026962919266761,0.027152294176286593,"Conditional source-support cluster bootstrap; descriptive, not unbiased ecological population interval"
CUMULATIVE,2021,2022,DN_ALIVE,hemlock,OTHER,spatial_cluster,1000,793,-0.0029712949386496764,0.003075155566902952,0.01579002470436128,0.021773278079829813,"Conditional source-support cluster bootstrap; descriptive, not unbiased ecological population interval"
CUMULATIVE,2021,2022,DN_ALIVE,hemlock,OTHER,external_tag,1000,14020,-0.0022385276049160163,0.0023430944503871317,0.01655781932777571,0.0209587092782091,"Conditional source-support cluster bootstrap; descriptive, not unbiased ecological population interval"
CUMULATIVE,2021,2022,DN_ALIVE,sector_proxy,0,spatial_cluster,1000,300,0.010504715570233756,0.021670867311786916,0.027548561800694697,0.038362261420961705,"Conditional source-support cluster bootstrap; descriptive, not unbiased ecological population interval"
CUMULATIVE,2021,2022,DN_ALIVE,sector_proxy,0,external_tag,1000,7514,0.011786785949436806,0.020162206323964756,0.028752652044944055,0.036726315807391725,"Conditional source-support cluster bootstrap; descriptive, not unbiased ecological population interval"
CUMULATIVE,2021,2022,DN_ALIVE,sector_proxy,1,spatial_cluster,1000,261,-0.008988755224181638,-0.0022958211307007393,0.010423984037162073,0.016486098256328036,"Conditional source-support cluster bootstrap; descriptive, not unbiased ecological population interval"
CUMULATIVE,2021,2022,DN_ALIVE,sector_proxy,1,external_tag,1000,6081,-0.008506548307129318,-0.0029663360972764586,0.010767475122367273,0.01583291338531563,"Conditional source-support cluster bootstrap; descriptive, not unbiased ecological population interval"
CUMULATIVE,2021,2022,DN_ALIVE,sector_proxy,2,spatial_cluster,1000,277,-0.002154668048297616,0.003458249516836081,0.011746842437301239,0.01698004606117075,"Conditional source-support cluster bootstrap; descriptive, not unbiased ecological population interval"
CUMULATIVE,2021,2022,DN_ALIVE,sector_proxy,2,external_tag,1000,7899,-0.0020735136996975906,0.0033710082782325715,0.011691630257257963,0.01700165996620224,"Conditional source-support cluster bootstrap; descriptive, not unbiased ecological population interval"
CUMULATIVE,2021,2022,DN_ALIVE,sector_proxy,3,spatial_cluster,1000,6,-0.016596618878606313,0.00981908775995938,0.00021696447238110937,0.027717342991453647,"Conditional source-support cluster bootstrap; descriptive, not unbiased ecological population interval"
CUMULATIVE,2021,2022,DN_ALIVE,sector_proxy,3,external_tag,1000,84,-0.01835355084305583,0.019845219425355554,0.0002821700271304061,0.035047715157374364,"Conditional source-support cluster bootstrap; descriptive, not unbiased ecological population interval"
CUMULATIVE,2021,2022,DN_ALIVE,size_group,10_TO_30,spatial_cluster,1000,798,0.0008653759455458986,0.006415555513007017,0.020805246249719515,0.026259752152321684,"Conditional source-support cluster bootstrap; descriptive, not unbiased ecological population interval"
CUMULATIVE,2021,2022,DN_ALIVE,size_group,10_TO_30,external_tag,1000,15168,0.001157958124280869,0.0061722105240325014,0.02114871091234311,0.02590361076983704,"Conditional source-support cluster bootstrap; descriptive, not unbiased ecological population interval"
CUMULATIVE,2021,2022,DN_ALIVE,size_group,30_PLUS,spatial_cluster,1000,788,0.0006624684431298443,0.009793642459082196,0.00865188558009842,0.017617167000246164,"Conditional source-support cluster bootstrap; descriptive, not unbiased ecological population interval"
CUMULATIVE,2021,2022,DN_ALIVE,size_group,30_PLUS,external_tag,1000,6410,0.0023329995522510796,0.007751420272023527,0.010233453200297421,0.015491986908354126,"Conditional source-support cluster bootstrap; descriptive, not unbiased ecological population interval"
CUMULATIVE,2021,2022,DN_ALIVE,damage,RECORDED_DAMAGE,spatial_cluster,1000,652,0.00927761858692313,0.02637121529495833,0.026986182394129813,0.04371020961181032,"Conditional source-support cluster bootstrap; descriptive, not unbiased ecological population interval"
CUMULATIVE,2021,2022,DN_ALIVE,damage,RECORDED_DAMAGE,external_tag,1000,1974,0.00950127828626335,0.026800643834588835,0.027403277997780733,0.04385394944649636,"Conditional source-support cluster bootstrap; descriptive, not unbiased ecological population interval"
CUMULATIVE,2021,2022,DN_ALIVE,damage,NO_RECORDED_DAMAGE,spatial_cluster,1000,0,,,,,"Conditional source-support cluster bootstrap; descriptive, not unbiased ecological population interval"
CUMULATIVE,2021,2022,DN_ALIVE,damage,NO_RECORDED_DAMAGE,external_tag,1000,0,,,,,"Conditional source-support cluster bootstrap; descriptive, not unbiased ecological population interval"
CUMULATIVE,2021,2022,DN_ALIVE,damage,UNKNOWN,spatial_cluster,1000,799,0.00018001491461580252,0.005114318231606004,0.016413048115781443,0.02120337903131498,"Conditional source-support cluster bootstrap; descriptive, not unbiased ecological population interval"
CUMULATIVE,2021,2022,DN_ALIVE,damage,UNKNOWN,external_tag,1000,19604,0.0007938742221827186,0.0047634100693487,0.0170248665233703,0.02083802966586806,"Conditional source-support cluster bootstrap; descriptive, not unbiased ecological population interval"
CUMULATIVE,2021,2023,STRICT,ALL,ALL,spatial_cluster,1000,799,0.008019868000859808,0.01548726008174804,0.039294581323912406,0.04612014249987394,"Conditional source-support cluster bootstrap; descriptive, not unbiased ecological population interval"
CUMULATIVE,2021,2023,STRICT,ALL,ALL,external_tag,1000,21574,0.009129934399664195,0.01468478319000154,0.04025703191740032,0.04548736767024087,"Conditional source-support cluster bootstrap; descriptive, not unbiased ecological population interval"
CUMULATIVE,2021,2023,STRICT,taxon,0,spatial_cluster,1000,722,0.02320097638754337,0.03648637256470089,0.04575366138502196,0.0582099188327925,"Conditional source-support cluster bootstrap; descriptive, not unbiased ecological population interval"
CUMULATIVE,2021,2023,STRICT,taxon,0,external_tag,1000,7556,0.02418596943421698,0.03421023331126324,0.04671577814234023,0.05618236918861067,"Conditional source-support cluster bootstrap; descriptive, not unbiased ecological population interval"
CUMULATIVE,2021,2023,STRICT,taxon,1,spatial_cluster,1000,793,-0.005600251163562194,0.0003161386475499289,0.02557976482363367,0.03101537467955501,"Conditional source-support cluster bootstrap; descriptive, not unbiased ecological population interval"
CUMULATIVE,2021,2023,STRICT,taxon,1,external_tag,1000,13041,-0.005687441261330261,-0.00019954250829759445,0.025463970287628455,0.030633070525680112,"Conditional source-support cluster bootstrap; descriptive, not unbiased ecological population interval"
CUMULATIVE,2021,2023,STRICT,taxon,2,spatial_cluster,1000,5,-0.08116099475614895,-0.039992698110136615,0.0015997831696230348,0.007027855750781992,"Conditional source-support cluster bootstrap; descriptive, not unbiased ecological population interval"
CUMULATIVE,2021,2023,STRICT,taxon,2,external_tag,1000,5,-0.0809159987268068,-0.039999768824855494,0.001600355802714528,0.007008323133951122,"Conditional source-support cluster bootstrap; descriptive, not unbiased ecological population interval"
CUMULATIVE,2021,2023,STRICT,taxon,3,spatial_cluster,1000,340,0.02211343480668435,0.12152893153604005,0.13565836265114295,0.21190085892503338,"Conditional source-support cluster bootstrap; descriptive, not unbiased ecological population interval"
CUMULATIVE,2021,2023,STRICT,taxon,3,external_tag,1000,972,0.049277397278752626,0.09828561495360316,0.15294247803181577,0.19350447012994465,"Conditional source-support cluster bootstrap; descriptive, not unbiased ecological population interval"
CUMULATIVE,2021,2023,STRICT,hemlock,HEMLOCK,spatial_cluster,1000,722,0.022898957651565303,0.03565915935924422,0.04571315802137358,0.05744073482016138,"Conditional source-support cluster bootstrap; descriptive, not unbiased ecological population interval"
CUMULATIVE,2021,2023,STRICT,hemlock,HEMLOCK,external_tag,1000,7556,0.024296694573663537,0.03488687911883033,0.046863045289015026,0.05676078821240742,"Conditional source-support cluster bootstrap; descriptive, not unbiased ecological population interval"
CUMULATIVE,2021,2023,STRICT,hemlock,OTHER,spatial_cluster,1000,793,-0.0020841863599479677,0.007093519639167556,0.03413988013504902,0.04255831662609783,"Conditional source-support cluster bootstrap; descriptive, not unbiased ecological population interval"
CUMULATIVE,2021,2023,STRICT,hemlock,OTHER,external_tag,1000,14018,-0.0006316987754705373,0.005501625131466739,0.03538471276684387,0.04098876783434493,"Conditional source-support cluster bootstrap; descriptive, not unbiased ecological population interval"
CUMULATIVE,2021,2023,STRICT,sector_proxy,0,spatial_cluster,1000,300,0.026930250200002885,0.043164391222228725,0.05817556142651142,0.07369514977943123,"Conditional source-support cluster bootstrap; descriptive, not unbiased ecological population interval"
CUMULATIVE,2021,2023,STRICT,sector_proxy,0,external_tag,1000,7512,0.029129267063129276,0.04020705572924519,0.06044350015646531,0.07070428651751161,"Conditional source-support cluster bootstrap; descriptive, not unbiased ecological population interval"
CUMULATIVE,2021,2023,STRICT,sector_proxy,1,spatial_cluster,1000,261,-0.008870746990898943,0.0011079534201692332,0.028384137723850657,0.03686959399761783,"Conditional source-support cluster bootstrap; descriptive, not unbiased ecological population interval"
CUMULATIVE,2021,2023,STRICT,sector_proxy,1,external_tag,1000,6081,-0.008039127117744814,0.0007035888202744233,0.029008179392414755,0.036795812082204726,"Conditional source-support cluster bootstrap; descriptive, not unbiased ecological population interval"
CUMULATIVE,2021,2023,STRICT,sector_proxy,2,spatial_cluster,1000,277,-0.001963235260058646,0.006417048900231796,0.025468488285382875,0.03275369303122305,"Conditional source-support cluster bootstrap; descriptive, not unbiased ecological population interval"
CUMULATIVE,2021,2023,STRICT,sector_proxy,2,external_tag,1000,7897,-0.001446370550157616,0.006222386611776262,0.025763722326807403,0.03273646112597535,"Conditional source-support cluster bootstrap; descriptive, not unbiased ecological population interval"
CUMULATIVE,2021,2023,STRICT,sector_proxy,3,spatial_cluster,1000,6,-0.025407873792088503,0.03832819438579127,0.010224433422622931,0.06357220189837513,"Conditional source-support cluster bootstrap; descriptive, not unbiased ecological population interval"
CUMULATIVE,2021,2023,STRICT,sector_proxy,3,external_tag,1000,84,-0.034047149044000455,0.049268224581733085,0.0014043416039178282,0.07956459364314637,"Conditional source-support cluster bootstrap; descriptive, not unbiased ecological population interval"
CUMULATIVE,2021,2023,STRICT,size_group,10_TO_30,spatial_cluster,1000,798,0.006823897175177065,0.015542370118422974,0.04506680856326301,0.052851618531329365,"Conditional source-support cluster bootstrap; descriptive, not unbiased ecological population interval"
CUMULATIVE,2021,2023,STRICT,size_group,10_TO_30,external_tag,1000,15165,0.007935555115466376,0.014441331177669011,0.045978465691787616,0.05200145553368876,"Conditional source-support cluster bootstrap; descriptive, not unbiased ecological population interval"
CUMULATIVE,2021,2023,STRICT,size_group,30_PLUS,spatial_cluster,1000,788,0.006456658392989222,0.02062152790209769,0.02179928891037912,0.035370495781636625,"Conditional source-support cluster bootstrap; descriptive, not unbiased ecological population interval"
CUMULATIVE,2021,2023,STRICT,size_group,30_PLUS,external_tag,1000,6409,0.009242076652396217,0.017388782643417672,0.024429192980803257,0.03221023032127833,"Conditional source-support cluster bootstrap; descriptive, not unbiased ecological population interval"
CUMULATIVE,2021,2023,STRICT,damage,RECORDED_DAMAGE,spatial_cluster,1000,652,0.03560063130022344,0.060316647602771584,0.06805441678705347,0.0910057655602233,"Conditional source-support cluster bootstrap; descriptive, not unbiased ecological population interval"
CUMULATIVE,2021,2023,STRICT,damage,RECORDED_DAMAGE,external_tag,1000,1973,0.03527711829587922,0.060180885076675524,0.06805671101222344,0.09058380594388978,"Conditional source-support cluster bootstrap; descriptive, not unbiased ecological population interval"
CUMULATIVE,2021,2023,STRICT,damage,NO_RECORDED_DAMAGE,spatial_cluster,1000,0,,,,,"Conditional source-support cluster bootstrap; descriptive, not unbiased ecological population interval"
CUMULATIVE,2021,2023,STRICT,damage,NO_RECORDED_DAMAGE,external_tag,1000,0,,,,,"Conditional source-support cluster bootstrap; descriptive, not unbiased ecological population interval"
CUMULATIVE,2021,2023,STRICT,damage,UNKNOWN,spatial_cluster,1000,799,0.004277376327746692,0.012298664323907544,0.03548599249781741,0.042906473693612474,"Conditional source-support cluster bootstrap; descriptive, not unbiased ecological population interval"
CUMULATIVE,2021,2023,STRICT,damage,UNKNOWN,external_tag,1000,19601,0.00542049479587488,0.010908443912097915,0.03655838165230778,0.04162716529157035,"Conditional source-support cluster bootstrap; descriptive, not unbiased ecological population interval"
CUMULATIVE,2021,2023,DN_DEATH,ALL,ALL,spatial_cluster,1000,799,0.008309782876200713,0.0155998503000558,0.03962279741460994,0.046416560447176985,"Conditional source-support cluster bootstrap; descriptive, not unbiased ecological population interval"
CUMULATIVE,2021,2023,DN_DEATH,ALL,ALL,external_tag,1000,21578,0.009153519318592658,0.01488126978756491,0.04040223171178515,0.045559117264121464,"Conditional source-support cluster bootstrap; descriptive, not unbiased ecological population interval"
CUMULATIVE,2021,2023,DN_DEATH,taxon,0,spatial_cluster,1000,722,0.023071641011436512,0.036327150698560025,0.04566960244088515,0.058114691579013576,"Conditional source-support cluster bootstrap; descriptive, not unbiased ecological population interval"
CUMULATIVE,2021,2023,DN_DEATH,taxon,0,external_tag,1000,7558,0.02453263651948809,0.03491963362069674,0.04698816772342876,0.0569045642612688,"Conditional source-support cluster bootstrap; descriptive, not unbiased ecological population interval"
CUMULATIVE,2021,2023,DN_DEATH,taxon,1,spatial_cluster,1000,793,-0.005942772145967846,9.438736813539115e-05,0.02527122997307955,0.031039667027234565,"Conditional source-support cluster bootstrap; descriptive, not unbiased ecological population interval"
CUMULATIVE,2021,2023,DN_DEATH,taxon,1,external_tag,1000,13043,-0.005567480392725277,2.940520310159144e-05,0.025627937956220547,0.030771455464757826,"Conditional source-support cluster bootstrap; descriptive, not unbiased ecological population interval"
CUMULATIVE,2021,2023,DN_DEATH,taxon,2,spatial_cluster,1000,5,-0.08116099475614895,-0.039992698110136615,0.0015997831696230348,0.007027855750781992,"Conditional source-support cluster bootstrap; descriptive, not unbiased ecological population interval"
CUMULATIVE,2021,2023,DN_DEATH,taxon,2,external_tag,1000,5,-0.0809159987268068,-0.039992698110136615,0.0015997831696230348,0.007008323133951122,"Conditional source-support cluster bootstrap; descriptive, not unbiased ecological population interval"
CUMULATIVE,2021,2023,DN_DEATH,taxon,3,spatial_cluster,1000,340,0.024797909784948807,0.12088131845031616,0.1337488097920728,0.21059785884031368,"Conditional source-support cluster bootstrap; descriptive, not unbiased ecological population interval"
CUMULATIVE,2021,2023,DN_DEATH,taxon,3,external_tag,1000,972,0.04651067174484808,0.09977263414420637,0.15124703826679156,0.1948268286345842,"Conditional source-support cluster bootstrap; descriptive, not unbiased ecological population interval"
CUMULATIVE,2021,2023,DN_DEATH,hemlock,HEMLOCK,spatial_cluster,1000,722,0.023624525959679,0.03602216625174133,0.046159800791381135,0.05803899583487509,"Conditional source-support cluster bootstrap; descriptive, not unbiased ecological population interval"
CUMULATIVE,2021,2023,DN_DEATH,hemlock,HEMLOCK,external_tag,1000,7558,0.024594683126568585,0.034513130682714936,0.04712949103777594,0.05645086803904312,"Conditional source-support cluster bootstrap; descriptive, not unbiased ecological population interval"
CUMULATIVE,2021,2023,DN_DEATH,hemlock,OTHER,spatial_cluster,1000,793,-0.0018182381154063308,0.00731451519011676,0.034112499759290364,0.042682774462482025,"Conditional source-support cluster bootstrap; descriptive, not unbiased ecological population interval"
CUMULATIVE,2021,2023,DN_DEATH,hemlock,OTHER,external_tag,1000,14020,-0.0006363532698380324,0.005863617559254279,0.035305597829657226,0.04133969271990313,"Conditional source-support cluster bootstrap; descriptive, not unbiased ecological population interval"
CUMULATIVE,2021,2023,DN_DEATH,sector_proxy,0,spatial_cluster,1000,300,0.027026899568714628,0.04291332182010625,0.05855660951479848,0.07343840917068094,"Conditional source-support cluster bootstrap; descriptive, not unbiased ecological population interval"
CUMULATIVE,2021,2023,DN_DEATH,sector_proxy,0,external_tag,1000,7514,0.029519818825997413,0.04070664939017428,0.0605424682158937,0.0711217108161207,"Conditional source-support cluster bootstrap; descriptive, not unbiased ecological population interval"
CUMULATIVE,2021,2023,DN_DEATH,sector_proxy,1,spatial_cluster,1000,261,-0.008924691178559627,0.0011798133766100728,0.02837346518670907,0.03691583346283741,"Conditional source-support cluster bootstrap; descriptive, not unbiased ecological population interval"
CUMULATIVE,2021,2023,DN_DEATH,sector_proxy,1,external_tag,1000,6081,-0.008265052151342737,0.0005753891542645306,0.028675744279755735,0.03681169136643152,"Conditional source-support cluster bootstrap; descriptive, not unbiased ecological population interval"
CUMULATIVE,2021,2023,DN_DEATH,sector_proxy,2,spatial_cluster,1000,277,-0.0016751284871241597,0.006447216037714918,0.02545683159673518,0.03282502331856619,"Conditional source-support cluster bootstrap; descriptive, not unbiased ecological population interval"
CUMULATIVE,2021,2023,DN_DEATH,sector_proxy,2,external_tag,1000,7899,-0.001486036671080388,0.006348725049673546,0.025649228675805,0.032923444735895556,"Conditional source-support cluster bootstrap; descriptive, not unbiased ecological population interval"
CUMULATIVE,2021,2023,DN_DEATH,sector_proxy,3,spatial_cluster,1000,6,-0.025300718947944348,0.03816528390992022,0.009154788950289235,0.06357220189837513,"Conditional source-support cluster bootstrap; descriptive, not unbiased ecological population interval"
CUMULATIVE,2021,2023,DN_DEATH,sector_proxy,3,external_tag,1000,84,-0.0329313633183683,0.04966580472044994,0.001348624324930465,0.07962414894619589,"Conditional source-support cluster bootstrap; descriptive, not unbiased ecological population interval"
CUMULATIVE,2021,2023,DN_DEATH,size_group,10_TO_30,spatial_cluster,1000,798,0.00709168864825692,0.01570117092212653,0.04532295868660798,0.053155593584389,"Conditional source-support cluster bootstrap; descriptive, not unbiased ecological population interval"
CUMULATIVE,2021,2023,DN_DEATH,size_group,10_TO_30,external_tag,1000,15168,0.0079325175738581,0.015082359712728425,0.045926030619642615,0.052318903554888704,"Conditional source-support cluster bootstrap; descriptive, not unbiased ecological population interval"
CUMULATIVE,2021,2023,DN_DEATH,size_group,30_PLUS,spatial_cluster,1000,788,0.005986791481174858,0.02032803418217858,0.02140564429018547,0.03521154516295126,"Conditional source-support cluster bootstrap; descriptive, not unbiased ecological population interval"
CUMULATIVE,2021,2023,DN_DEATH,size_group,30_PLUS,external_tag,1000,6410,0.009263060355059843,0.01745995684591396,0.02459202403788769,0.032471006809180525,"Conditional source-support cluster bootstrap; descriptive, not unbiased ecological population interval"
CUMULATIVE,2021,2023,DN_DEATH,damage,RECORDED_DAMAGE,spatial_cluster,1000,652,0.03712959428371853,0.06118687068072833,0.06946953675241212,0.09185085772133239,"Conditional source-support cluster bootstrap; descriptive, not unbiased ecological population interval"
CUMULATIVE,2021,2023,DN_DEATH,damage,RECORDED_DAMAGE,external_tag,1000,1974,0.03648475830304736,0.060493944027138605,0.06899714274686815,0.09126068704234136,"Conditional source-support cluster bootstrap; descriptive, not unbiased ecological population interval"
CUMULATIVE,2021,2023,DN_DEATH,damage,NO_RECORDED_DAMAGE,spatial_cluster,1000,0,,,,,"Conditional source-support cluster bootstrap; descriptive, not unbiased ecological population interval"
CUMULATIVE,2021,2023,DN_DEATH,damage,NO_RECORDED_DAMAGE,external_tag,1000,0,,,,,"Conditional source-support cluster bootstrap; descriptive, not unbiased ecological population interval"
CUMULATIVE,2021,2023,DN_DEATH,damage,UNKNOWN,spatial_cluster,1000,799,0.004715056512077048,0.012235616034887011,0.035973860293488445,0.04283295086751349,"Conditional source-support cluster bootstrap; descriptive, not unbiased ecological population interval"
CUMULATIVE,2021,2023,DN_DEATH,damage,UNKNOWN,external_tag,1000,19604,0.00559487720907624,0.01110509254096673,0.03680905242961877,0.041801744677488456,"Conditional source-support cluster bootstrap; descriptive, not unbiased ecological population interval"
CUMULATIVE,2021,2023,DN_ALIVE,ALL,ALL,spatial_cluster,1000,799,0.008234235908879608,0.0158165052178006,0.03955376712316236,0.04640062284960277,"Conditional source-support cluster bootstrap; descriptive, not unbiased ecological population interval"
CUMULATIVE,2021,2023,DN_ALIVE,ALL,ALL,external_tag,1000,21578,0.009084769965698816,0.014491484036195608,0.04035922035375307,0.04540507622335596,"Conditional source-support cluster bootstrap; descriptive, not unbiased ecological population interval"
CUMULATIVE,2021,2023,DN_ALIVE,taxon,0,spatial_cluster,1000,722,0.02299789245013601,0.03538452585034765,0.04550168304418762,0.05729006587888954,"Conditional source-support cluster bootstrap; descriptive, not unbiased ecological population interval"
CUMULATIVE,2021,2023,DN_ALIVE,taxon,0,external_tag,1000,7558,0.02440643190845063,0.03413624876913571,0.04688573494816494,0.05610502217926707,"Conditional source-support cluster bootstrap; descriptive, not unbiased ecological population interval"
CUMULATIVE,2021,2023,DN_ALIVE,taxon,1,spatial_cluster,1000,793,-0.0055988101599057285,0.0001559067472558401,0.025559264637932518,0.0309386844244345,"Conditional source-support cluster bootstrap; descriptive, not unbiased ecological population interval"
CUMULATIVE,2021,2023,DN_ALIVE,taxon,1,external_tag,1000,13043,-0.005713016554974718,6.888240629552357e-05,0.025519715713012953,0.030884864220831403,"Conditional source-support cluster bootstrap; descriptive, not unbiased ecological population interval"
CUMULATIVE,2021,2023,DN_ALIVE,taxon,2,spatial_cluster,1000,5,-0.08092212362754035,-0.03999959205698752,0.0016003414868872407,0.007008811449371893,"Conditional source-support cluster bootstrap; descriptive, not unbiased ecological population interval"
CUMULATIVE,2021,2023,DN_ALIVE,taxon,2,external_tag,1000,5,-0.0809159987268068,-0.039992698110136615,0.0015997831696230348,0.007008323133951122,"Conditional source-support cluster bootstrap; descriptive, not unbiased ecological population interval"
CUMULATIVE,2021,2023,DN_ALIVE,taxon,3,spatial_cluster,1000,340,0.027485332791736303,0.12170273892917541,0.13811022526466027,0.21084498224206866,"Conditional source-support cluster bootstrap; descriptive, not unbiased ecological population interval"
CUMULATIVE,2021,2023,DN_ALIVE,taxon,3,external_tag,1000,972,0.04863572741545608,0.09994874917614975,0.15278282861317594,0.1938759776299095,"Conditional source-support cluster bootstrap; descriptive, not unbiased ecological population interval"
CUMULATIVE,2021,2023,DN_ALIVE,hemlock,HEMLOCK,spatial_cluster,1000,722,0.0227867230368907,0.035834977341413214,0.045252004924887804,0.05748238457126894,"Conditional source-support cluster bootstrap; descriptive, not unbiased ecological population interval"
CUMULATIVE,2021,2023,DN_ALIVE,hemlock,HEMLOCK,external_tag,1000,7558,0.02455342389063049,0.03466495637824436,0.0470250642848818,0.05649024730632146,"Conditional source-support cluster bootstrap; descriptive, not unbiased ecological population interval"
CUMULATIVE,2021,2023,DN_ALIVE,hemlock,OTHER,spatial_cluster,1000,793,-0.002297496564020866,0.007297916338692018,0.03385172540367611,0.04254929718448167,"Conditional source-support cluster bootstrap; descriptive, not unbiased ecological population interval"
CUMULATIVE,2021,2023,DN_ALIVE,hemlock,OTHER,external_tag,1000,14020,-0.0007016752365476866,0.005490901094341969,0.03534325945652753,0.04093013448544143,"Conditional source-support cluster bootstrap; descriptive, not unbiased ecological population interval"
CUMULATIVE,2021,2023,DN_ALIVE,sector_proxy,0,spatial_cluster,1000,300,0.02698600591462503,0.04290245370094976,0.058029858313341176,0.07316422401502695,"Conditional source-support cluster bootstrap; descriptive, not unbiased ecological population interval"
CUMULATIVE,2021,2023,DN_ALIVE,sector_proxy,0,external_tag,1000,7514,0.02876831859421241,0.04110354335268878,0.06019704210650803,0.07130012022026878,"Conditional source-support cluster bootstrap; descriptive, not unbiased ecological population interval"
CUMULATIVE,2021,2023,DN_ALIVE,sector_proxy,1,spatial_cluster,1000,261,-0.009075871639156234,0.0015510728762449214,0.02824031525279429,0.03707098581676202,"Conditional source-support cluster bootstrap; descriptive, not unbiased ecological population interval"
CUMULATIVE,2021,2023,DN_ALIVE,sector_proxy,1,external_tag,1000,6081,-0.008321522507896657,0.0007822987685277957,0.028708012125335212,0.036707171613017696,"Conditional source-support cluster bootstrap; descriptive, not unbiased ecological population interval"
CUMULATIVE,2021,2023,DN_ALIVE,sector_proxy,2,spatial_cluster,1000,277,-0.0017499744215620885,0.006486054176552245,0.025665246523347913,0.03288715132568896,"Conditional source-support cluster bootstrap; descriptive, not unbiased ecological population interval"
CUMULATIVE,2021,2023,DN_ALIVE,sector_proxy,2,external_tag,1000,7899,-0.0014632090828603514,0.006090584185667053,0.025686771822865634,0.03271604991751672,"Conditional source-support cluster bootstrap; descriptive, not unbiased ecological population interval"
CUMULATIVE,2021,2023,DN_ALIVE,sector_proxy,3,spatial_cluster,1000,6,-0.02271719598730606,0.03800868936612073,0.011239554477820718,0.06326720557049362,"Conditional source-support cluster bootstrap; descriptive, not unbiased ecological population interval"
CUMULATIVE,2021,2023,DN_ALIVE,sector_proxy,3,external_tag,1000,84,-0.0336035342226623,0.049880286856755746,0.0014170189135437675,0.0796899853908453,"Conditional source-support cluster bootstrap; descriptive, not unbiased ecological population interval"
CUMULATIVE,2021,2023,DN_ALIVE,size_group,10_TO_30,spatial_cluster,1000,798,0.0068445359149008934,0.015617474005867207,0.04498735598438201,0.05283051883364237,"Conditional source-support cluster bootstrap; descriptive, not unbiased ecological population interval"
CUMULATIVE,2021,2023,DN_ALIVE,size_group,10_TO_30,external_tag,1000,15168,0.007645463367830127,0.014518734605509759,0.04578961125626017,0.0519754369404205,"Conditional source-support cluster bootstrap; descriptive, not unbiased ecological population interval"
CUMULATIVE,2021,2023,DN_ALIVE,size_group,30_PLUS,spatial_cluster,1000,788,0.0061309735655531135,0.020261386454626194,0.021600981541426437,0.03513837832603872,"Conditional source-support cluster bootstrap; descriptive, not unbiased ecological population interval"
CUMULATIVE,2021,2023,DN_ALIVE,size_group,30_PLUS,external_tag,1000,6410,0.0092336884781497,0.017119115235056465,0.024562217313798793,0.032055702617329894,"Conditional source-support cluster bootstrap; descriptive, not unbiased ecological population interval"
CUMULATIVE,2021,2023,DN_ALIVE,damage,RECORDED_DAMAGE,spatial_cluster,1000,652,0.035126332033673845,0.06034985359705897,0.06795911932437701,0.09081644577714135,"Conditional source-support cluster bootstrap; descriptive, not unbiased ecological population interval"
CUMULATIVE,2021,2023,DN_ALIVE,damage,RECORDED_DAMAGE,external_tag,1000,1974,0.03527773547455024,0.06003098498150668,0.06834562155465808,0.09059703624619914,"Conditional source-support cluster bootstrap; descriptive, not unbiased ecological population interval"
CUMULATIVE,2021,2023,DN_ALIVE,damage,NO_RECORDED_DAMAGE,spatial_cluster,1000,0,,,,,"Conditional source-support cluster bootstrap; descriptive, not unbiased ecological population interval"
CUMULATIVE,2021,2023,DN_ALIVE,damage,NO_RECORDED_DAMAGE,external_tag,1000,0,,,,,"Conditional source-support cluster bootstrap; descriptive, not unbiased ecological population interval"
CUMULATIVE,2021,2023,DN_ALIVE,damage,UNKNOWN,spatial_cluster,1000,799,0.004627667769363169,0.012081537612357425,0.03588319137354794,0.04281511428603548,"Conditional source-support cluster bootstrap; descriptive, not unbiased ecological population interval"
CUMULATIVE,2021,2023,DN_ALIVE,damage,UNKNOWN,external_tag,1000,19604,0.0054226163282958696,0.010992656247209787,0.0365974116337894,0.04167923010053907,"Conditional source-support cluster bootstrap; descriptive, not unbiased ecological population interval"
CUMULATIVE,2021,2024,STRICT,ALL,ALL,spatial_cluster,1000,799,0.015009853104645289,0.024723309163836436,0.05988543741259095,0.06847730762553819,"Conditional source-support cluster bootstrap; descriptive, not unbiased ecological population interval"
CUMULATIVE,2021,2024,STRICT,ALL,ALL,external_tag,1000,21576,0.016236494427843657,0.02306014495066084,0.060872550570951534,0.0668527682591019,"Conditional source-support cluster bootstrap; descriptive, not unbiased ecological population interval"
CUMULATIVE,2021,2024,STRICT,taxon,0,spatial_cluster,1000,722,0.045152085234772495,0.06156743154532847,0.07617571751918258,0.0911478692610296,"Conditional source-support cluster bootstrap; descriptive, not unbiased ecological population interval"
CUMULATIVE,2021,2024,STRICT,taxon,0,external_tag,1000,7557,0.04716029371313789,0.06044981357495281,0.07785868472449876,0.09006610137492574,"Conditional source-support cluster bootstrap; descriptive, not unbiased ecological population interval"
CUMULATIVE,2021,2024,STRICT,taxon,1,spatial_cluster,1000,793,-0.00745373724844665,-0.00034760023342415126,0.03807713846104478,0.0444069879751383,"Conditional source-support cluster bootstrap; descriptive, not unbiased ecological population interval"
CUMULATIVE,2021,2024,STRICT,taxon,1,external_tag,1000,13042,-0.0075022226106036954,-0.0005442464846752798,0.03815082733533716,0.04424708831777236,"Conditional source-support cluster bootstrap; descriptive, not unbiased ecological population interval"
CUMULATIVE,2021,2024,STRICT,taxon,2,spatial_cluster,1000,5,-0.1151672476859253,-0.05901858932035764,0.003483562289436336,0.014091873222233018,"Conditional source-support cluster bootstrap; descriptive, not unbiased ecological population interval"
CUMULATIVE,2021,2024,STRICT,taxon,2,external_tag,1000,5,-0.11866372183611788,-0.05900840226258856,0.0034823499185109045,0.01504797663323627,"Conditional source-support cluster bootstrap; descriptive, not unbiased ecological population interval"
CUMULATIVE,2021,2024,STRICT,taxon,3,spatial_cluster,1000,340,0.012992846682851755,0.13175705625039344,0.17191894508733657,0.2531367438259656,"Conditional source-support cluster bootstrap; descriptive, not unbiased ecological population interval"
CUMULATIVE,2021,2024,STRICT,taxon,3,external_tag,1000,972,0.04532056968123819,0.10735242376813178,0.1914895275778809,0.23601101838629238,"Conditional source-support cluster bootstrap; descriptive, not unbiased ecological population interval"
CUMULATIVE,2021,2024,STRICT,hemlock,HEMLOCK,spatial_cluster,1000,722,0.045572416478923676,0.06175080354962137,0.07633744652570854,0.09191911816144235,"Conditional source-support cluster bootstrap; descriptive, not unbiased ecological population interval"
CUMULATIVE,2021,2024,STRICT,hemlock,HEMLOCK,external_tag,1000,7557,0.04683406688049118,0.06031574992239486,0.07771810832500556,0.0900771294493866,"Conditional source-support cluster bootstrap; descriptive, not unbiased ecological population interval"
CUMULATIVE,2021,2024,STRICT,hemlock,OTHER,spatial_cluster,1000,793,-0.0035812724046749766,0.007247066435223941,0.04875073125040095,0.05801948029226492,"Conditional source-support cluster bootstrap; descriptive, not unbiased ecological population interval"
CUMULATIVE,2021,2024,STRICT,hemlock,OTHER,external_tag,1000,14019,-0.0019124746195618107,0.005629149449462729,0.05016556528594389,0.056563099538658644,"Conditional source-support cluster bootstrap; descriptive, not unbiased ecological population interval"
CUMULATIVE,2021,2024,STRICT,sector_proxy,0,spatial_cluster,1000,300,0.04086048301160168,0.060151348029665645,0.08485754074740705,0.10204998155533289,"Conditional source-support cluster bootstrap; descriptive, not unbiased ecological population interval"
CUMULATIVE,2021,2024,STRICT,sector_proxy,0,external_tag,1000,7512,0.043604093364462165,0.05772721529983656,0.08735601328306702,0.09977244204365102,"Conditional source-support cluster bootstrap; descriptive, not unbiased ecological population interval"
CUMULATIVE,2021,2024,STRICT,sector_proxy,1,spatial_cluster,1000,261,-0.008333514169579677,0.003936669790108971,0.04525158656317803,0.05506692339193633,"Conditional source-support cluster bootstrap; descriptive, not unbiased ecological population interval"
CUMULATIVE,2021,2024,STRICT,sector_proxy,1,external_tag,1000,6081,-0.007854908449542296,0.003620088982518268,0.04493036465191397,0.0548189710722013,"Conditional source-support cluster bootstrap; descriptive, not unbiased ecological population interval"
CUMULATIVE,2021,2024,STRICT,sector_proxy,2,spatial_cluster,1000,277,0.0022837910306806007,0.013399913190929971,0.04214139202951496,0.051901411797681034,"Conditional source-support cluster bootstrap; descriptive, not unbiased ecological population interval"
CUMULATIVE,2021,2024,STRICT,sector_proxy,2,external_tag,1000,7899,0.0028222836726134112,0.012308211516163806,0.04241253102609793,0.05125317650971535,"Conditional source-support cluster bootstrap; descriptive, not unbiased ecological population interval"
CUMULATIVE,2021,2024,STRICT,sector_proxy,3,spatial_cluster,1000,6,-0.0379904949559702,0.024644324316526682,0.01240817389115422,0.06489806661411153,"Conditional source-support cluster bootstrap; descriptive, not unbiased ecological population interval"
CUMULATIVE,2021,2024,STRICT,sector_proxy,3,external_tag,1000,84,-0.03992027725784306,0.051439444227784514,0.012287278578347901,0.091305289263905,"Conditional source-support cluster bootstrap; descriptive, not unbiased ecological population interval"
CUMULATIVE,2021,2024,STRICT,size_group,10_TO_30,spatial_cluster,1000,798,0.015217051172076657,0.026178270835835203,0.06958172160370377,0.07881950680989538,"Conditional source-support cluster bootstrap; descriptive, not unbiased ecological population interval"
CUMULATIVE,2021,2024,STRICT,size_group,10_TO_30,external_tag,1000,15167,0.016461148968587445,0.02465845330300528,0.07053834707076423,0.07774787166759439,"Conditional source-support cluster bootstrap; descriptive, not unbiased ecological population interval"
CUMULATIVE,2021,2024,STRICT,size_group,30_PLUS,spatial_cluster,1000,788,0.01007140763237891,0.02699414486775829,0.032547349988214916,0.04846014893441131,"Conditional source-support cluster bootstrap; descriptive, not unbiased ecological population interval"
CUMULATIVE,2021,2024,STRICT,size_group,30_PLUS,external_tag,1000,6409,0.012910190274071105,0.022333653766459464,0.03536473575446692,0.044187862970250597,"Conditional source-support cluster bootstrap; descriptive, not unbiased ecological population interval"
CUMULATIVE,2021,2024,STRICT,damage,RECORDED_DAMAGE,spatial_cluster,1000,652,0.050294737702800164,0.08037329779689331,0.09671147577440016,0.12212117167481719,"Conditional source-support cluster bootstrap; descriptive, not unbiased ecological population interval"
CUMULATIVE,2021,2024,STRICT,damage,RECORDED_DAMAGE,external_tag,1000,1974,0.05144661816915604,0.07981680258767,0.09740495400809264,0.12246305814237882,"Conditional source-support cluster bootstrap; descriptive, not unbiased ecological population interval"
CUMULATIVE,2021,2024,STRICT,damage,NO_RECORDED_DAMAGE,spatial_cluster,1000,0,,,,,"Conditional source-support cluster bootstrap; descriptive, not unbiased ecological population interval"
CUMULATIVE,2021,2024,STRICT,damage,NO_RECORDED_DAMAGE,external_tag,1000,0,,,,,"Conditional source-support cluster bootstrap; descriptive, not unbiased ecological population interval"
CUMULATIVE,2021,2024,STRICT,damage,UNKNOWN,spatial_cluster,1000,799,0.010312966040596101,0.019911512954967268,0.05523283529788488,0.06338088094448432,"Conditional source-support cluster bootstrap; descriptive, not unbiased ecological population interval"
CUMULATIVE,2021,2024,STRICT,damage,UNKNOWN,external_tag,1000,19602,0.011903453180984925,0.018318555178754838,0.05652781936221275,0.06209552169276602,"Conditional source-support cluster bootstrap; descriptive, not unbiased ecological population interval"
CUMULATIVE,2021,2024,DN_DEATH,ALL,ALL,spatial_cluster,1000,799,0.015402491613356117,0.02500914855581416,0.06024987913662425,0.0685572357554694,"Conditional source-support cluster bootstrap; descriptive, not unbiased ecological population interval"
CUMULATIVE,2021,2024,DN_DEATH,ALL,ALL,external_tag,1000,21578,0.01670690611113365,0.023025866259149316,0.06120867989552809,0.06682720564462874,"Conditional source-support cluster bootstrap; descriptive, not unbiased ecological population interval"
CUMULATIVE,2021,2024,DN_DEATH,taxon,0,spatial_cluster,1000,722,0.04549274048152483,0.062138106371988897,0.07631798977719302,0.09184715403645881,"Conditional source-support cluster bootstrap; descriptive, not unbiased ecological population interval"
CUMULATIVE,2021,2024,DN_DEATH,taxon,0,external_tag,1000,7558,0.04760261363483411,0.06006720893496226,0.07832480492182961,0.08992610238781586,"Conditional source-support cluster bootstrap; descriptive, not unbiased ecological population interval"
CUMULATIVE,2021,2024,DN_DEATH,taxon,1,spatial_cluster,1000,793,-0.007634379337220337,-0.0005323557883706321,0.0380454464573647,0.044386594418667116,"Conditional source-support cluster bootstrap; descriptive, not unbiased ecological population interval"
CUMULATIVE,2021,2024,DN_DEATH,taxon,1,external_tag,1000,13043,-0.0073615364144002824,-0.00041684176548061123,0.03823474886792196,0.04440630345238921,"Conditional source-support cluster bootstrap; descriptive, not unbiased ecological population interval"
CUMULATIVE,2021,2024,DN_DEATH,taxon,2,spatial_cluster,1000,5,-0.11866372183611788,-0.058998215204819494,0.0034811375475854735,0.01504797663323627,"Conditional source-support cluster bootstrap; descriptive, not unbiased ecological population interval"
CUMULATIVE,2021,2024,DN_DEATH,taxon,2,external_tag,1000,5,-0.11866974393285337,-0.05899270246097246,0.003480489030839339,0.015048685768528676,"Conditional source-support cluster bootstrap; descriptive, not unbiased ecological population interval"
CUMULATIVE,2021,2024,DN_DEATH,taxon,3,spatial_cluster,1000,340,0.01892405252578847,0.13042275397805053,0.17328512002204902,0.2526617534309015,"Conditional source-support cluster bootstrap; descriptive, not unbiased ecological population interval"
CUMULATIVE,2021,2024,DN_DEATH,taxon,3,external_tag,1000,972,0.0488322596974288,0.10506813802223054,0.19307384880232745,0.23473466587103817,"Conditional source-support cluster bootstrap; descriptive, not unbiased ecological population interval"
CUMULATIVE,2021,2024,DN_DEATH,hemlock,HEMLOCK,spatial_cluster,1000,722,0.04549163715042108,0.062388796438461264,0.07626213668490651,0.09185821807078555,"Conditional source-support cluster bootstrap; descriptive, not unbiased ecological population interval"
CUMULATIVE,2021,2024,DN_DEATH,hemlock,HEMLOCK,external_tag,1000,7558,0.04692662774220618,0.05989886343155116,0.0779013980908918,0.08963076333272113,"Conditional source-support cluster bootstrap; descriptive, not unbiased ecological population interval"
CUMULATIVE,2021,2024,DN_DEATH,hemlock,OTHER,spatial_cluster,1000,793,-0.003447496827869804,0.007152754827817873,0.048692072257282476,0.058244447276501736,"Conditional source-support cluster bootstrap; descriptive, not unbiased ecological population interval"
CUMULATIVE,2021,2024,DN_DEATH,hemlock,OTHER,external_tag,1000,14020,-0.0021243640885815294,0.0055400638709925225,0.04998316361437713,0.0569566073880172,"Conditional source-support cluster bootstrap; descriptive, not unbiased ecological population interval"
CUMULATIVE,2021,2024,DN_DEATH,sector_proxy,0,spatial_cluster,1000,300,0.041051289251925825,0.06088071541391973,0.08467175467038868,0.10249182004824932,"Conditional source-support cluster bootstrap; descriptive, not unbiased ecological population interval"
CUMULATIVE,2021,2024,DN_DEATH,sector_proxy,0,external_tag,1000,7514,0.043803234776164886,0.05784994832444791,0.08741071473750549,0.09982675808856321,"Conditional source-support cluster bootstrap; descriptive, not unbiased ecological population interval"
CUMULATIVE,2021,2024,DN_DEATH,sector_proxy,1,spatial_cluster,1000,261,-0.008977420460629592,0.004320293717947492,0.04539786872195477,0.05500206341088535,"Conditional source-support cluster bootstrap; descriptive, not unbiased ecological population interval"
CUMULATIVE,2021,2024,DN_DEATH,sector_proxy,1,external_tag,1000,6081,-0.007886915401011984,0.0035472180791463704,0.04532128289784012,0.0553465120708746,"Conditional source-support cluster bootstrap; descriptive, not unbiased ecological population interval"
CUMULATIVE,2021,2024,DN_DEATH,sector_proxy,2,spatial_cluster,1000,277,0.0021421921140648424,0.012807995154887699,0.04219763296115725,0.05121157769557137,"Conditional source-support cluster bootstrap; descriptive, not unbiased ecological population interval"
CUMULATIVE,2021,2024,DN_DEATH,sector_proxy,2,external_tag,1000,7899,0.0030565310111543946,0.012314289782807287,0.042554447886460144,0.05104495923975383,"Conditional source-support cluster bootstrap; descriptive, not unbiased ecological population interval"
CUMULATIVE,2021,2024,DN_DEATH,sector_proxy,3,spatial_cluster,1000,6,-0.03676547084706106,0.02656104959019344,0.012499755871075673,0.06489806661411153,"Conditional source-support cluster bootstrap; descriptive, not unbiased ecological population interval"
CUMULATIVE,2021,2024,DN_DEATH,sector_proxy,3,external_tag,1000,84,-0.03980598326796869,0.04851493159881191,0.012241416265184364,0.0875349298166334,"Conditional source-support cluster bootstrap; descriptive, not unbiased ecological population interval"
CUMULATIVE,2021,2024,DN_DEATH,size_group,10_TO_30,spatial_cluster,1000,798,0.015201171180216135,0.02637030083647683,0.06940942263678507,0.07920372165001087,"Conditional source-support cluster bootstrap; descriptive, not unbiased ecological population interval"
CUMULATIVE,2021,2024,DN_DEATH,size_group,10_TO_30,external_tag,1000,15168,0.01663660336421305,0.024914671687575305,0.07051670599404711,0.07791553485887892,"Conditional source-support cluster bootstrap; descriptive, not unbiased ecological population interval"
CUMULATIVE,2021,2024,DN_DEATH,size_group,30_PLUS,spatial_cluster,1000,788,0.009885990461576661,0.025646644533949724,0.03230119636068156,0.04731317146709778,"Conditional source-support cluster bootstrap; descriptive, not unbiased ecological population interval"
CUMULATIVE,2021,2024,DN_DEATH,size_group,30_PLUS,external_tag,1000,6410,0.012805259678160978,0.022528685316470065,0.03530098791684785,0.04396663490443958,"Conditional source-support cluster bootstrap; descriptive, not unbiased ecological population interval"
CUMULATIVE,2021,2024,DN_DEATH,damage,RECORDED_DAMAGE,spatial_cluster,1000,652,0.05116789313934708,0.07911443079509102,0.09707898021927937,0.12233295636070923,"Conditional source-support cluster bootstrap; descriptive, not unbiased ecological population interval"
CUMULATIVE,2021,2024,DN_DEATH,damage,RECORDED_DAMAGE,external_tag,1000,1974,0.050739771798476815,0.07891841263507894,0.09665036730272006,0.12145058799444952,"Conditional source-support cluster bootstrap; descriptive, not unbiased ecological population interval"
CUMULATIVE,2021,2024,DN_DEATH,damage,NO_RECORDED_DAMAGE,spatial_cluster,1000,0,,,,,"Conditional source-support cluster bootstrap; descriptive, not unbiased ecological population interval"
CUMULATIVE,2021,2024,DN_DEATH,damage,NO_RECORDED_DAMAGE,external_tag,1000,0,,,,,"Conditional source-support cluster bootstrap; descriptive, not unbiased ecological population interval"
CUMULATIVE,2021,2024,DN_DEATH,damage,UNKNOWN,spatial_cluster,1000,799,0.010191183465058847,0.02024296320172409,0.05496709228285861,0.06387731117998531,"Conditional source-support cluster bootstrap; descriptive, not unbiased ecological population interval"
CUMULATIVE,2021,2024,DN_DEATH,damage,UNKNOWN,external_tag,1000,19604,0.011766849220064636,0.018742184369165846,0.056374740358742396,0.06249097087345461,"Conditional source-support cluster bootstrap; descriptive, not unbiased ecological population interval"
CUMULATIVE,2021,2024,DN_ALIVE,ALL,ALL,spatial_cluster,1000,799,0.015511358354951503,0.02474118075277195,0.06000747128394667,0.06822998104510596,"Conditional source-support cluster bootstrap; descriptive, not unbiased ecological population interval"
CUMULATIVE,2021,2024,DN_ALIVE,ALL,ALL,external_tag,1000,21578,0.016458394531857077,0.023222255014664985,0.06097514352014345,0.06689265990726405,"Conditional source-support cluster bootstrap; descriptive, not unbiased ecological population interval"
CUMULATIVE,2021,2024,DN_ALIVE,taxon,0,spatial_cluster,1000,722,0.045469658561866064,0.06165138790433298,0.07620360205359351,0.09137743497220549,"Conditional source-support cluster bootstrap; descriptive, not unbiased ecological population interval"
CUMULATIVE,2021,2024,DN_ALIVE,taxon,0,external_tag,1000,7558,0.047064025470749817,0.059659379992369664,0.07796678915069913,0.08943250259687119,"Conditional source-support cluster bootstrap; descriptive, not unbiased ecological population interval"
CUMULATIVE,2021,2024,DN_ALIVE,taxon,1,spatial_cluster,1000,793,-0.007647528815427941,-0.0004957075090432276,0.037938608047531665,0.04430863729257409,"Conditional source-support cluster bootstrap; descriptive, not unbiased ecological population interval"
CUMULATIVE,2021,2024,DN_ALIVE,taxon,1,external_tag,1000,13043,-0.007390090217040594,-0.0006598173696456278,0.038184760998957235,0.044254010308307695,"Conditional source-support cluster bootstrap; descriptive, not unbiased ecological population interval"
CUMULATIVE,2021,2024,DN_ALIVE,taxon,2,spatial_cluster,1000,5,-0.11866372183611788,-0.05877770545093801,0.0034551968777401043,0.01504797663323627,"Conditional source-support cluster bootstrap; descriptive, not unbiased ecological population interval"
CUMULATIVE,2021,2024,DN_ALIVE,taxon,2,external_tag,1000,5,-0.11890486038198174,-0.05899270246097246,0.003480489030839339,0.01507637235420564,"Conditional source-support cluster bootstrap; descriptive, not unbiased ecological population interval"
CUMULATIVE,2021,2024,DN_ALIVE,taxon,3,spatial_cluster,1000,340,0.019192144972912953,0.13314376424838,0.1745591848712211,0.2554532405678269,"Conditional source-support cluster bootstrap; descriptive, not unbiased ecological population interval"
CUMULATIVE,2021,2024,DN_ALIVE,taxon,3,external_tag,1000,972,0.048968561405412885,0.10633469072717368,0.1923866670729097,0.2348794920986322,"Conditional source-support cluster bootstrap; descriptive, not unbiased ecological population interval"
CUMULATIVE,2021,2024,DN_ALIVE,hemlock,HEMLOCK,spatial_cluster,1000,722,0.045765049772933476,0.06194176463618343,0.07676002695229106,0.09149527991830736,"Conditional source-support cluster bootstrap; descriptive, not unbiased ecological population interval"
CUMULATIVE,2021,2024,DN_ALIVE,hemlock,HEMLOCK,external_tag,1000,7558,0.04702864259655889,0.06036007923739963,0.07797079918225365,0.08992170901845178,"Conditional source-support cluster bootstrap; descriptive, not unbiased ecological population interval"
CUMULATIVE,2021,2024,DN_ALIVE,hemlock,OTHER,spatial_cluster,1000,793,-0.0038896374482744337,0.007218987277313911,0.048659329879793926,0.058027587196333046,"Conditional source-support cluster bootstrap; descriptive, not unbiased ecological population interval"
CUMULATIVE,2021,2024,DN_ALIVE,hemlock,OTHER,external_tag,1000,14020,-0.0022141078234362084,0.005488923239004153,0.05003826697739779,0.05668833303319982,"Conditional source-support cluster bootstrap; descriptive, not unbiased ecological population interval"
CUMULATIVE,2021,2024,DN_ALIVE,sector_proxy,0,spatial_cluster,1000,300,0.04070322226241237,0.0608171476086078,0.08465330754759402,0.10293579794438973,"Conditional source-support cluster bootstrap; descriptive, not unbiased ecological population interval"
CUMULATIVE,2021,2024,DN_ALIVE,sector_proxy,0,external_tag,1000,7514,0.04409018296933779,0.05777808934717059,0.08766506978752613,0.09963798901245843,"Conditional source-support cluster bootstrap; descriptive, not unbiased ecological population interval"
CUMULATIVE,2021,2024,DN_ALIVE,sector_proxy,1,spatial_cluster,1000,261,-0.008369745876058373,0.003959007885915739,0.0451471413791121,0.055068231784230946,"Conditional source-support cluster bootstrap; descriptive, not unbiased ecological population interval"
CUMULATIVE,2021,2024,DN_ALIVE,sector_proxy,1,external_tag,1000,6081,-0.0075140352329285676,0.003933036231464739,0.045356483874480026,0.055118114258740705,"Conditional source-support cluster bootstrap; descriptive, not unbiased ecological population interval"
CUMULATIVE,2021,2024,DN_ALIVE,sector_proxy,2,spatial_cluster,1000,277,0.0024973505621854446,0.013087095377508772,0.042506110164140506,0.05153128110462786,"Conditional source-support cluster bootstrap; descriptive, not unbiased ecological population interval"
CUMULATIVE,2021,2024,DN_ALIVE,sector_proxy,2,external_tag,1000,7899,0.0027600417339865633,0.012444778590730536,0.04226714733257078,0.05117911078522117,"Conditional source-support cluster bootstrap; descriptive, not unbiased ecological population interval"
CUMULATIVE,2021,2024,DN_ALIVE,sector_proxy,3,spatial_cluster,1000,6,-0.034168033371263694,0.02458307599716355,0.015766274460760513,0.06491093186106683,"Conditional source-support cluster bootstrap; descriptive, not unbiased ecological population interval"
CUMULATIVE,2021,2024,DN_ALIVE,sector_proxy,3,external_tag,1000,84,-0.03890254248365206,0.046922908119337914,0.012181435887908114,0.08764125192121448,"Conditional source-support cluster bootstrap; descriptive, not unbiased ecological population interval"
CUMULATIVE,2021,2024,DN_ALIVE,size_group,10_TO_30,spatial_cluster,1000,798,0.015526600720862123,0.026132385532962946,0.06978982898655123,0.07900351937293613,"Conditional source-support cluster bootstrap; descriptive, not unbiased ecological population interval"
CUMULATIVE,2021,2024,DN_ALIVE,size_group,10_TO_30,external_tag,1000,15168,0.016718279187655716,0.025169650317389474,0.07066895022399379,0.07790940901614064,"Conditional source-support cluster bootstrap; descriptive, not unbiased ecological population interval"
CUMULATIVE,2021,2024,DN_ALIVE,size_group,30_PLUS,spatial_cluster,1000,788,0.009688564232024783,0.025925909471988817,0.032302101859877703,0.04749240805381622,"Conditional source-support cluster bootstrap; descriptive, not unbiased ecological population interval"
CUMULATIVE,2021,2024,DN_ALIVE,size_group,30_PLUS,external_tag,1000,6410,0.013137265527558815,0.022458040580105868,0.035439712145327665,0.04441459672538966,"Conditional source-support cluster bootstrap; descriptive, not unbiased ecological population interval"
CUMULATIVE,2021,2024,DN_ALIVE,damage,RECORDED_DAMAGE,spatial_cluster,1000,652,0.05058080799170096,0.07932418017291898,0.09724038838145153,0.12173998582998866,"Conditional source-support cluster bootstrap; descriptive, not unbiased ecological population interval"
CUMULATIVE,2021,2024,DN_ALIVE,damage,RECORDED_DAMAGE,external_tag,1000,1974,0.050306887180460426,0.07889023063107958,0.09647045054222736,0.12160891597493942,"Conditional source-support cluster bootstrap; descriptive, not unbiased ecological population interval"
CUMULATIVE,2021,2024,DN_ALIVE,damage,NO_RECORDED_DAMAGE,spatial_cluster,1000,0,,,,,"Conditional source-support cluster bootstrap; descriptive, not unbiased ecological population interval"
CUMULATIVE,2021,2024,DN_ALIVE,damage,NO_RECORDED_DAMAGE,external_tag,1000,0,,,,,"Conditional source-support cluster bootstrap; descriptive, not unbiased ecological population interval"
CUMULATIVE,2021,2024,DN_ALIVE,damage,UNKNOWN,spatial_cluster,1000,799,0.010703311815957683,0.020151491083633833,0.05547100068898605,0.0636834452498759,"Conditional source-support cluster bootstrap; descriptive, not unbiased ecological population interval"
CUMULATIVE,2021,2024,DN_ALIVE,damage,UNKNOWN,external_tag,1000,19604,0.011728957176865402,0.018695985828684925,0.05625338616642051,0.06227893961102934,"Conditional source-support cluster bootstrap; descriptive, not unbiased ecological population interval"
ANNUAL,2021,2022,STRICT,ALL,ALL,spatial_cluster,1000,799,0.001801652279268229,0.0062241421578268195,0.018235040733821362,0.02253820324896441,"Conditional source-support cluster bootstrap; descriptive, not unbiased ecological population interval"
ANNUAL,2021,2022,STRICT,ALL,ALL,external_tag,1000,21576,0.0021887671344761406,0.0057815480291940145,0.0186083901708363,0.022049321428250574,"Conditional source-support cluster bootstrap; descriptive, not unbiased ecological population interval"
ANNUAL,2021,2022,STRICT,taxon,0,spatial_cluster,1000,722,0.007252974143420427,0.015837070798170982,0.019442054364487687,0.027770455404005502,"Conditional source-support cluster bootstrap; descriptive, not unbiased ecological population interval"
ANNUAL,2021,2022,STRICT,taxon,0,external_tag,1000,7557,0.008196177708248546,0.014834063006027489,0.020253659073722015,0.026733358489424403,"Conditional source-support cluster bootstrap; descriptive, not unbiased ecological population interval"
ANNUAL,2021,2022,STRICT,taxon,1,spatial_cluster,1000,793,-0.00450465317918115,-9.932062760692955e-05,0.011493690398762631,0.01569363338765122,"Conditional source-support cluster bootstrap; descriptive, not unbiased ecological population interval"
ANNUAL,2021,2022,STRICT,taxon,1,external_tag,1000,13042,-0.00433913271335968,-0.0004632984968452938,0.011616443986648349,0.015374972934621192,"Conditional source-support cluster bootstrap; descriptive, not unbiased ecological population interval"
ANNUAL,2021,2022,STRICT,taxon,2,spatial_cluster,1000,5,-0.04155857513493098,-0.020334785513595154,0.00041367455902142133,0.001843617485342337,"Conditional source-support cluster bootstrap; descriptive, not unbiased ecological population interval"
ANNUAL,2021,2022,STRICT,taxon,2,external_tag,1000,5,-0.04156216694093338,-0.020334785513595154,0.00041367455902142133,0.0018437660101557449,"Conditional source-support cluster bootstrap; descriptive, not unbiased ecological population interval"
ANNUAL,2021,2022,STRICT,taxon,3,spatial_cluster,1000,340,-0.0014689040351295883,0.06285439203343655,0.05852613279960696,0.11442872264088812,"Conditional source-support cluster bootstrap; descriptive, not unbiased ecological population interval"
ANNUAL,2021,2022,STRICT,taxon,3,external_tag,1000,972,0.01168925241877666,0.04942639074736766,0.06999932681004256,0.10296582937165727,"Conditional source-support cluster bootstrap; descriptive, not unbiased ecological population interval"
ANNUAL,2021,2022,STRICT,hemlock,HEMLOCK,spatial_cluster,1000,722,0.007728397373131535,0.015992324236950704,0.019812845875293625,0.027916968216887505,"Conditional source-support cluster bootstrap; descriptive, not unbiased ecological population interval"
ANNUAL,2021,2022,STRICT,hemlock,HEMLOCK,external_tag,1000,7557,0.008028556177693148,0.015289438548641975,0.020089265921420445,0.02704348357418215,"Conditional source-support cluster bootstrap; descriptive, not unbiased ecological population interval"
ANNUAL,2021,2022,STRICT,hemlock,OTHER,spatial_cluster,1000,793,-0.00312753115669679,0.002842053833705764,0.01565649207128073,0.02144124968481726,"Conditional source-support cluster bootstrap; descriptive, not unbiased ecological population interval"
ANNUAL,2021,2022,STRICT,hemlock,OTHER,external_tag,1000,14019,-0.0022473566335491717,0.0023867333753192165,0.01657559948430115,0.020914982333012016,"Conditional source-support cluster bootstrap; descriptive, not unbiased ecological population interval"
ANNUAL,2021,2022,STRICT,sector_proxy,0,spatial_cluster,1000,300,0.010540329572861249,0.021365453262214194,0.02760148538133627,0.037868216472125384,"Conditional source-support cluster bootstrap; descriptive, not unbiased ecological population interval"
ANNUAL,2021,2022,STRICT,sector_proxy,0,external_tag,1000,7512,0.011889522430738103,0.01983363810909612,0.028874101398194015,0.03643516295846695,"Conditional source-support cluster bootstrap; descriptive, not unbiased ecological population interval"
ANNUAL,2021,2022,STRICT,sector_proxy,1,spatial_cluster,1000,261,-0.008980560177169535,-0.002075657623055678,0.010354207762142156,0.016596802735699766,"Conditional source-support cluster bootstrap; descriptive, not unbiased ecological population interval"
ANNUAL,2021,2022,STRICT,sector_proxy,1,external_tag,1000,6081,-0.008565104170027371,-0.0029690664622287967,0.010647257378084776,0.01590524044484593,"Conditional source-support cluster bootstrap; descriptive, not unbiased ecological population interval"
ANNUAL,2021,2022,STRICT,sector_proxy,2,spatial_cluster,1000,277,-0.0021648526250169276,0.0032256360123236833,0.011752428452165094,0.01689660080040604,"Conditional source-support cluster bootstrap; descriptive, not unbiased ecological population interval"
ANNUAL,2021,2022,STRICT,sector_proxy,2,external_tag,1000,7899,-0.0018644710107559269,0.00310383985127527,0.011977568932594693,0.016809250338302606,"Conditional source-support cluster bootstrap; descriptive, not unbiased ecological population interval"
ANNUAL,2021,2022,STRICT,sector_proxy,3,spatial_cluster,1000,6,-0.01648283588419288,0.011408312304826697,0.00022725030842008485,0.030130196137606324,"Conditional source-support cluster bootstrap; descriptive, not unbiased ecological population interval"
ANNUAL,2021,2022,STRICT,sector_proxy,3,external_tag,1000,84,-0.018569045119244763,0.01994609646737803,0.00028981683419547434,0.03501870552260828,"Conditional source-support cluster bootstrap; descriptive, not unbiased ecological population interval"
ANNUAL,2021,2022,STRICT,size_group,10_TO_30,spatial_cluster,1000,798,0.0006623795584813142,0.006533449679336485,0.02072901426185334,0.026292520976396897,"Conditional source-support cluster bootstrap; descriptive, not unbiased ecological population interval"
ANNUAL,2021,2022,STRICT,size_group,10_TO_30,external_tag,1000,15167,0.001216168843253625,0.005858523263615235,0.02121731108357458,0.025700582820464026,"Conditional source-support cluster bootstrap; descriptive, not unbiased ecological population interval"
ANNUAL,2021,2022,STRICT,size_group,30_PLUS,spatial_cluster,1000,788,0.0009072007408463027,0.010508936252046594,0.008904153246882587,0.018418142351066508,"Conditional source-support cluster bootstrap; descriptive, not unbiased ecological population interval"
ANNUAL,2021,2022,STRICT,size_group,30_PLUS,external_tag,1000,6409,0.0023121346438232456,0.007983493701665258,0.010294157487598763,0.015803867731875774,"Conditional source-support cluster bootstrap; descriptive, not unbiased ecological population interval"
ANNUAL,2021,2022,STRICT,damage,RECORDED_DAMAGE,spatial_cluster,1000,652,0.009406967528099157,0.025685657714602503,0.027296403431610113,0.042955712550005735,"Conditional source-support cluster bootstrap; descriptive, not unbiased ecological population interval"
ANNUAL,2021,2022,STRICT,damage,RECORDED_DAMAGE,external_tag,1000,1974,0.009931340620829005,0.02570765892981428,0.02767165997491545,0.04299358154931496,"Conditional source-support cluster bootstrap; descriptive, not unbiased ecological population interval"
ANNUAL,2021,2022,STRICT,damage,NO_RECORDED_DAMAGE,spatial_cluster,1000,0,,,,,"Conditional source-support cluster bootstrap; descriptive, not unbiased ecological population interval"
ANNUAL,2021,2022,STRICT,damage,NO_RECORDED_DAMAGE,external_tag,1000,0,,,,,"Conditional source-support cluster bootstrap; descriptive, not unbiased ecological population interval"
ANNUAL,2021,2022,STRICT,damage,UNKNOWN,spatial_cluster,1000,799,0.0006151724321524543,0.00536731088900766,0.016834425420991464,0.021351058380178707,"Conditional source-support cluster bootstrap; descriptive, not unbiased ecological population interval"
ANNUAL,2021,2022,STRICT,damage,UNKNOWN,external_tag,1000,19602,0.0007852191905978311,0.0046657773597301565,0.017123509978473582,0.02079346845323995,"Conditional source-support cluster bootstrap; descriptive, not unbiased ecological population interval"
ANNUAL,2021,2022,DN_DEATH,ALL,ALL,spatial_cluster,1000,799,0.001768976144535762,0.006461511673983509,0.018147219702061165,0.022707763932914724,"Conditional source-support cluster bootstrap; descriptive, not unbiased ecological population interval"
ANNUAL,2021,2022,DN_DEATH,ALL,ALL,external_tag,1000,21578,0.0024525152599573167,0.006003599697066345,0.01881261001423447,0.022302059702152988,"Conditional source-support cluster bootstrap; descriptive, not unbiased ecological population interval"
ANNUAL,2021,2022,DN_DEATH,taxon,0,spatial_cluster,1000,722,0.0076818936874646195,0.016081872859199025,0.019895845688706983,0.027957330513256395,"Conditional source-support cluster bootstrap; descriptive, not unbiased ecological population interval"
ANNUAL,2021,2022,DN_DEATH,taxon,0,external_tag,1000,7558,0.008402402814018849,0.015303552862600309,0.020375132448727684,0.027131911306565115,"Conditional source-support cluster bootstrap; descriptive, not unbiased ecological population interval"
ANNUAL,2021,2022,DN_DEATH,taxon,1,spatial_cluster,1000,793,-0.0043063002585117935,-0.00011383073576271296,0.011690580902035622,0.015718527533880887,"Conditional source-support cluster bootstrap; descriptive, not unbiased ecological population interval"
ANNUAL,2021,2022,DN_DEATH,taxon,1,external_tag,1000,13043,-0.004143466257657986,-0.00028651933370585754,0.011830383647056518,0.01557436004127305,"Conditional source-support cluster bootstrap; descriptive, not unbiased ecological population interval"
ANNUAL,2021,2022,DN_DEATH,taxon,2,spatial_cluster,1000,5,-0.04155848303734118,-0.020334785513595154,0.00041367455902142133,0.001843613677013788,"Conditional source-support cluster bootstrap; descriptive, not unbiased ecological population interval"
ANNUAL,2021,2022,DN_DEATH,taxon,2,external_tag,1000,5,-0.04156216694093338,-0.020334785513595154,0.00041367455902142133,0.0018437660101557449,"Conditional source-support cluster bootstrap; descriptive, not unbiased ecological population interval"
ANNUAL,2021,2022,DN_DEATH,taxon,3,spatial_cluster,1000,340,0.0018026690536808233,0.06439859121866154,0.061902372144622846,0.11578599888252449,"Conditional source-support cluster bootstrap; descriptive, not unbiased ecological population interval"
ANNUAL,2021,2022,DN_DEATH,taxon,3,external_tag,1000,972,0.013019517407031058,0.05001698945535507,0.0708982060635586,0.1029885950266728,"Conditional source-support cluster bootstrap; descriptive, not unbiased ecological population interval"
ANNUAL,2021,2022,DN_DEATH,hemlock,HEMLOCK,spatial_cluster,1000,722,0.007645672618132188,0.01562761304994759,0.019748483108746988,0.027535701678048776,"Conditional source-support cluster bootstrap; descriptive, not unbiased ecological population interval"
ANNUAL,2021,2022,DN_DEATH,hemlock,HEMLOCK,external_tag,1000,7558,0.00846899117212492,0.015078994970802756,0.020502983213944066,0.026786083540992656,"Conditional source-support cluster bootstrap; descriptive, not unbiased ecological population interval"
ANNUAL,2021,2022,DN_DEATH,hemlock,OTHER,spatial_cluster,1000,793,-0.0027579918428774883,0.0030337660916220435,0.01603038499679631,0.02163549267772727,"Conditional source-support cluster bootstrap; descriptive, not unbiased ecological population interval"
ANNUAL,2021,2022,DN_DEATH,hemlock,OTHER,external_tag,1000,14020,-0.0022552191545571715,0.002310006774259443,0.016545823285169892,0.02081712773225987,"Conditional source-support cluster bootstrap; descriptive, not unbiased ecological population interval"
ANNUAL,2021,2022,DN_DEATH,sector_proxy,0,spatial_cluster,1000,300,0.01081011630251352,0.02166531140943344,0.027755297626940012,0.03837075459418804,"Conditional source-support cluster bootstrap; descriptive, not unbiased ecological population interval"
ANNUAL,2021,2022,DN_DEATH,sector_proxy,0,external_tag,1000,7514,0.011912888815009978,0.02019914791038917,0.02882093256222435,0.03676749587416859,"Conditional source-support cluster bootstrap; descriptive, not unbiased ecological population interval"
ANNUAL,2021,2022,DN_DEATH,sector_proxy,1,spatial_cluster,1000,261,-0.008785552827196489,-0.002313924671203404,0.010392052758861792,0.016416234299269278,"Conditional source-support cluster bootstrap; descriptive, not unbiased ecological population interval"
ANNUAL,2021,2022,DN_DEATH,sector_proxy,1,external_tag,1000,6081,-0.008784007034682602,-0.0029332678927195075,0.010539753644437764,0.01588437274295584,"Conditional source-support cluster bootstrap; descriptive, not unbiased ecological population interval"
ANNUAL,2021,2022,DN_DEATH,sector_proxy,2,spatial_cluster,1000,277,-0.002035524271207139,0.003450726827912379,0.011836861375786087,0.01698989881790823,"Conditional source-support cluster bootstrap; descriptive, not unbiased ecological population interval"
ANNUAL,2021,2022,DN_DEATH,sector_proxy,2,external_tag,1000,7899,-0.0018571221400552713,0.003368523229942075,0.01190572507593021,0.017113676515708054,"Conditional source-support cluster bootstrap; descriptive, not unbiased ecological population interval"
ANNUAL,2021,2022,DN_DEATH,sector_proxy,3,spatial_cluster,1000,6,-0.016513679411753347,0.011458145691591603,0.00022725030842008485,0.030130163700810265,"Conditional source-support cluster bootstrap; descriptive, not unbiased ecological population interval"
ANNUAL,2021,2022,DN_DEATH,sector_proxy,3,external_tag,1000,84,-0.018501226240091734,0.01978747326030052,0.0002830889595968285,0.03506269831289803,"Conditional source-support cluster bootstrap; descriptive, not unbiased ecological population interval"
ANNUAL,2021,2022,DN_DEATH,size_group,10_TO_30,spatial_cluster,1000,798,0.0010663937963041712,0.00652425265348152,0.02096204182066285,0.026271329449878544,"Conditional source-support cluster bootstrap; descriptive, not unbiased ecological population interval"
ANNUAL,2021,2022,DN_DEATH,size_group,10_TO_30,external_tag,1000,15168,0.00138891648401558,0.006141895704198281,0.021360806676463423,0.02588110823876339,"Conditional source-support cluster bootstrap; descriptive, not unbiased ecological population interval"
ANNUAL,2021,2022,DN_DEATH,size_group,30_PLUS,spatial_cluster,1000,788,0.0010582712368795517,0.01000987851099116,0.009012844332540904,0.01780471029761155,"Conditional source-support cluster bootstrap; descriptive, not unbiased ecological population interval"
ANNUAL,2021,2022,DN_DEATH,size_group,30_PLUS,external_tag,1000,6410,0.002422949503127916,0.008185399601237046,0.010345310581969481,0.015972710341000836,"Conditional source-support cluster bootstrap; descriptive, not unbiased ecological population interval"
ANNUAL,2021,2022,DN_DEATH,damage,RECORDED_DAMAGE,spatial_cluster,1000,652,0.009350989840796511,0.026785294960517007,0.027166582455205885,0.0438303146023939,"Conditional source-support cluster bootstrap; descriptive, not unbiased ecological population interval"
ANNUAL,2021,2022,DN_DEATH,damage,RECORDED_DAMAGE,external_tag,1000,1974,0.009671037485904307,0.025995227618417764,0.02738065760664247,0.04339830533194197,"Conditional source-support cluster bootstrap; descriptive, not unbiased ecological population interval"
ANNUAL,2021,2022,DN_DEATH,damage,NO_RECORDED_DAMAGE,spatial_cluster,1000,0,,,,,"Conditional source-support cluster bootstrap; descriptive, not unbiased ecological population interval"
ANNUAL,2021,2022,DN_DEATH,damage,NO_RECORDED_DAMAGE,external_tag,1000,0,,,,,"Conditional source-support cluster bootstrap; descriptive, not unbiased ecological population interval"
ANNUAL,2021,2022,DN_DEATH,damage,UNKNOWN,spatial_cluster,1000,799,0.0003579794546140391,0.005039273627295783,0.016633109534348992,0.021128605694019646,"Conditional source-support cluster bootstrap; descriptive, not unbiased ecological population interval"
ANNUAL,2021,2022,DN_DEATH,damage,UNKNOWN,external_tag,1000,19604,0.0007935475588631156,0.004759103525277302,0.01704739121504183,0.020863296434420676,"Conditional source-support cluster bootstrap; descriptive, not unbiased ecological population interval"
ANNUAL,2021,2022,DN_ALIVE,ALL,ALL,spatial_cluster,1000,799,0.0018319897347035248,0.006186298099285878,0.01820185522607412,0.022568233648553846,"Conditional source-support cluster bootstrap; descriptive, not unbiased ecological population interval"
ANNUAL,2021,2022,DN_ALIVE,ALL,ALL,external_tag,1000,21578,0.0022131074934236246,0.0058814960899494844,0.018709975879172048,0.022136017263343362,"Conditional source-support cluster bootstrap; descriptive, not unbiased ecological population interval"
ANNUAL,2021,2022,DN_ALIVE,taxon,0,spatial_cluster,1000,722,0.007600588044219668,0.01610866056041095,0.019647975940699343,0.027816127505080765,"Conditional source-support cluster bootstrap; descriptive, not unbiased ecological population interval"
ANNUAL,2021,2022,DN_ALIVE,taxon,0,external_tag,1000,7558,0.00843851362946592,0.015051627149849922,0.0205080805287209,0.026917154548008797,"Conditional source-support cluster bootstrap; descriptive, not unbiased ecological population interval"
ANNUAL,2021,2022,DN_ALIVE,taxon,1,spatial_cluster,1000,793,-0.0044094775328588276,-0.00014453730372871224,0.01155757706616262,0.015683940246290537,"Conditional source-support cluster bootstrap; descriptive, not unbiased ecological population interval"
ANNUAL,2021,2022,DN_ALIVE,taxon,1,external_tag,1000,13043,-0.004419152502090635,-0.0002599577662478168,0.011650668307031934,0.015584869587255822,"Conditional source-support cluster bootstrap; descriptive, not unbiased ecological population interval"
ANNUAL,2021,2022,DN_ALIVE,taxon,2,spatial_cluster,1000,5,-0.04155848303734118,-0.020334785513595154,0.00041367455902142133,0.001843613677013788,"Conditional source-support cluster bootstrap; descriptive, not unbiased ecological population interval"
ANNUAL,2021,2022,DN_ALIVE,taxon,2,external_tag,1000,5,-0.041390885700847105,-0.020334785513595154,0.00041367455902142133,0.0018368268889253337,"Conditional source-support cluster bootstrap; descriptive, not unbiased ecological population interval"
ANNUAL,2021,2022,DN_ALIVE,taxon,3,spatial_cluster,1000,340,0.0010700419187263854,0.0643231744664936,0.061794739294868846,0.11663349678226378,"Conditional source-support cluster bootstrap; descriptive, not unbiased ecological population interval"
ANNUAL,2021,2022,DN_ALIVE,taxon,3,external_tag,1000,972,0.012274746610694828,0.049565243475088894,0.07056139311170123,0.10335863491640646,"Conditional source-support cluster bootstrap; descriptive, not unbiased ecological population interval"
ANNUAL,2021,2022,DN_ALIVE,hemlock,HEMLOCK,spatial_cluster,1000,722,0.007495701336464258,0.015699851635893425,0.0196554567075162,0.027508971089584597,"Conditional source-support cluster bootstrap; descriptive, not unbiased ecological population interval"
ANNUAL,2021,2022,DN_ALIVE,hemlock,HEMLOCK,external_tag,1000,7558,0.008439579729670785,0.01518925554137801,0.0204977214866966,0.02701283926641243,"Conditional source-support cluster bootstrap; descriptive, not unbiased ecological population interval"
ANNUAL,2021,2022,DN_ALIVE,hemlock,OTHER,spatial_cluster,1000,793,-0.002988450549496857,0.0031190373829304116,0.01586560027019602,0.021692084598670853,"Conditional source-support cluster bootstrap; descriptive, not unbiased ecological population interval"
ANNUAL,2021,2022,DN_ALIVE,hemlock,OTHER,external_tag,1000,14020,-0.002351670337725041,0.0022743914912656295,0.016453866093665694,0.020861143943809852,"Conditional source-support cluster bootstrap; descriptive, not unbiased ecological population interval"
ANNUAL,2021,2022,DN_ALIVE,sector_proxy,0,spatial_cluster,1000,300,0.01065605990065551,0.021179359744793732,0.02764121290398596,0.03786358568883914,"Conditional source-support cluster bootstrap; descriptive, not unbiased ecological population interval"
ANNUAL,2021,2022,DN_ALIVE,sector_proxy,0,external_tag,1000,7514,0.01166747667018534,0.020101443695567156,0.028586409555361087,0.03666193511762903,"Conditional source-support cluster bootstrap; descriptive, not unbiased ecological population interval"
ANNUAL,2021,2022,DN_ALIVE,sector_proxy,1,spatial_cluster,1000,261,-0.009089670656279771,-0.002649197027177348,0.010269755578830387,0.01633837512688579,"Conditional source-support cluster bootstrap; descriptive, not unbiased ecological population interval"
ANNUAL,2021,2022,DN_ALIVE,sector_proxy,1,external_tag,1000,6081,-0.008685164971239006,-0.0029568201115543714,0.010678118303346947,0.01581695524976216,"Conditional source-support cluster bootstrap; descriptive, not unbiased ecological population interval"
ANNUAL,2021,2022,DN_ALIVE,sector_proxy,2,spatial_cluster,1000,277,-0.0021857780697156427,0.0032958214870169316,0.011684042417881955,0.016895061114878283,"Conditional source-support cluster bootstrap; descriptive, not unbiased ecological population interval"
ANNUAL,2021,2022,DN_ALIVE,sector_proxy,2,external_tag,1000,7899,-0.002023961510836944,0.003160650579065046,0.011831660663350393,0.016802428517838187,"Conditional source-support cluster bootstrap; descriptive, not unbiased ecological population interval"
ANNUAL,2021,2022,DN_ALIVE,sector_proxy,3,spatial_cluster,1000,6,-0.016497520398805057,0.01038093977974911,0.0002419497083419964,0.028750409242225716,"Conditional source-support cluster bootstrap; descriptive, not unbiased ecological population interval"
ANNUAL,2021,2022,DN_ALIVE,sector_proxy,3,external_tag,1000,84,-0.018475229393690302,0.019529711301434733,0.0002951310445770072,0.0350306969929823,"Conditional source-support cluster bootstrap; descriptive, not unbiased ecological population interval"
ANNUAL,2021,2022,DN_ALIVE,size_group,10_TO_30,spatial_cluster,1000,798,0.0009795501866528764,0.006263751321441544,0.020914702886092273,0.02608537444728549,"Conditional source-support cluster bootstrap; descriptive, not unbiased ecological population interval"
ANNUAL,2021,2022,DN_ALIVE,size_group,10_TO_30,external_tag,1000,15168,0.0012980343002877343,0.006068104885220999,0.021300439200262918,0.025720277606250622,"Conditional source-support cluster bootstrap; descriptive, not unbiased ecological population interval"
ANNUAL,2021,2022,DN_ALIVE,size_group,30_PLUS,spatial_cluster,1000,788,0.0007715735579136264,0.010040390198196742,0.008668842061015978,0.017784406560355546,"Conditional source-support cluster bootstrap; descriptive, not unbiased ecological population interval"
ANNUAL,2021,2022,DN_ALIVE,size_group,30_PLUS,external_tag,1000,6410,0.002647639948121487,0.00802822792077454,0.010526103820463853,0.015846839451799148,"Conditional source-support cluster bootstrap; descriptive, not unbiased ecological population interval"
ANNUAL,2021,2022,DN_ALIVE,damage,RECORDED_DAMAGE,spatial_cluster,1000,652,0.009040219201103379,0.026664839326534528,0.026933465994826326,0.0434740512955041,"Conditional source-support cluster bootstrap; descriptive, not unbiased ecological population interval"
ANNUAL,2021,2022,DN_ALIVE,damage,RECORDED_DAMAGE,external_tag,1000,1974,0.0096824002860182,0.02677439686001967,0.027750097714276726,0.04394881576194137,"Conditional source-support cluster bootstrap; descriptive, not unbiased ecological population interval"
ANNUAL,2021,2022,DN_ALIVE,damage,NO_RECORDED_DAMAGE,spatial_cluster,1000,0,,,,,"Conditional source-support cluster bootstrap; descriptive, not unbiased ecological population interval"
ANNUAL,2021,2022,DN_ALIVE,damage,NO_RECORDED_DAMAGE,external_tag,1000,0,,,,,"Conditional source-support cluster bootstrap; descriptive, not unbiased ecological population interval"
ANNUAL,2021,2022,DN_ALIVE,damage,UNKNOWN,spatial_cluster,1000,799,0.00032064763425445687,0.005198074477267663,0.016698885420860426,0.021494125310607445,"Conditional source-support cluster bootstrap; descriptive, not unbiased ecological population interval"
ANNUAL,2021,2022,DN_ALIVE,damage,UNKNOWN,external_tag,1000,19604,0.0008861327778208778,0.004542520233051952,0.017157001430646652,0.020681518668458018,"Conditional source-support cluster bootstrap; descriptive, not unbiased ecological population interval"
ANNUAL,2022,2023,STRICT,ALL,ALL,spatial_cluster,1000,799,0.005454826903882001,0.010324418035078605,0.02150912255960474,0.02627266206708784,"Conditional source-support cluster bootstrap; descriptive, not unbiased ecological population interval"
ANNUAL,2022,2023,STRICT,ALL,ALL,external_tag,1000,21124,0.005762099301944708,0.009860139382132154,0.0218990452546307,0.02589648221367837,"Conditional source-support cluster bootstrap; descriptive, not unbiased ecological population interval"
ANNUAL,2022,2023,STRICT,taxon,0,spatial_cluster,1000,722,0.01363365130751247,0.02308454537800674,0.02540509680621237,0.034677788307203264,"Conditional source-support cluster bootstrap; descriptive, not unbiased ecological population interval"
ANNUAL,2022,2023,STRICT,taxon,0,external_tag,1000,7372,0.014461683218113763,0.022036405555570328,0.026347016398298947,0.03360020188918053,"Conditional source-support cluster bootstrap; descriptive, not unbiased ecological population interval"
ANNUAL,2022,2023,STRICT,taxon,1,spatial_cluster,1000,793,-0.002700940864682341,0.0015844640140645096,0.013215512699023097,0.01726829193943978,"Conditional source-support cluster bootstrap; descriptive, not unbiased ecological population interval"
ANNUAL,2022,2023,STRICT,taxon,1,external_tag,1000,12861,-0.002600349367505764,0.0015011238601833055,0.013252474374543147,0.017276988502939596,"Conditional source-support cluster bootstrap; descriptive, not unbiased ecological population interval"
ANNUAL,2022,2023,STRICT,taxon,2,spatial_cluster,1000,5,-0.04155848303734118,-0.020334785513595154,0.00041367455902142133,0.001843613677013788,"Conditional source-support cluster bootstrap; descriptive, not unbiased ecological population interval"
ANNUAL,2022,2023,STRICT,taxon,2,external_tag,1000,5,-0.04155848303734118,-0.020334785513595154,0.00041367455902142133,0.001843613677013788,"Conditional source-support cluster bootstrap; descriptive, not unbiased ecological population interval"
ANNUAL,2022,2023,STRICT,taxon,3,spatial_cluster,1000,330,0.010657502101938169,0.07459384381174136,0.0724541978179063,0.12594970078235243,"Conditional source-support cluster bootstrap; descriptive, not unbiased ecological population interval"
ANNUAL,2022,2023,STRICT,taxon,3,external_tag,1000,886,0.02470627172143607,0.06391992991552725,0.0834131816557082,0.11798750805835491,"Conditional source-support cluster bootstrap; descriptive, not unbiased ecological population interval"
ANNUAL,2022,2023,STRICT,hemlock,HEMLOCK,spatial_cluster,1000,722,0.013723427581270459,0.02314640708687924,0.02552700709971393,0.034682832485373585,"Conditional source-support cluster bootstrap; descriptive, not unbiased ecological population interval"
ANNUAL,2022,2023,STRICT,hemlock,HEMLOCK,external_tag,1000,7372,0.01433764212297234,0.022071485854445645,0.026119783771409787,0.033669925864693,"Conditional source-support cluster bootstrap; descriptive, not unbiased ecological population interval"
ANNUAL,2022,2023,STRICT,hemlock,OTHER,spatial_cluster,1000,793,-0.00041717726713117343,0.0053344914601246496,0.017994395852978892,0.023670453908129642,"Conditional source-support cluster bootstrap; descriptive, not unbiased ecological population interval"
ANNUAL,2022,2023,STRICT,hemlock,OTHER,external_tag,1000,13752,3.8140825577722245e-07,0.0045118875521735005,0.01845129438399484,0.02278287042493658,"Conditional source-support cluster bootstrap; descriptive, not unbiased ecological population interval"
ANNUAL,2022,2023,STRICT,sector_proxy,0,spatial_cluster,1000,300,0.014637958442134159,0.02551794711797477,0.031196715318939094,0.041649148476111876,"Conditional source-support cluster bootstrap; descriptive, not unbiased ecological population interval"
ANNUAL,2022,2023,STRICT,sector_proxy,0,external_tag,1000,7259,0.015389877811603022,0.024456369826033313,0.03196343709102166,0.04069852595103451,"Conditional source-support cluster bootstrap; descriptive, not unbiased ecological population interval"
ANNUAL,2022,2023,STRICT,sector_proxy,1,spatial_cluster,1000,261,-0.0018891839628276694,0.005548624708206332,0.016854637590241188,0.02365053324853813,"Conditional source-support cluster bootstrap; descriptive, not unbiased ecological population interval"
ANNUAL,2022,2023,STRICT,sector_proxy,1,external_tag,1000,6000,-0.002039077722890299,0.005137775970868159,0.016594996440874758,0.023543274132994882,"Conditional source-support cluster bootstrap; descriptive, not unbiased ecological population interval"
ANNUAL,2022,2023,STRICT,sector_proxy,2,spatial_cluster,1000,277,-0.0012518903711971948,0.004561550269962519,0.01267587545051504,0.01813801887093887,"Conditional source-support cluster bootstrap; descriptive, not unbiased ecological population interval"
ANNUAL,2022,2023,STRICT,sector_proxy,2,external_tag,1000,7782,-0.0011840105409731015,0.004066207243205028,0.012602115289491086,0.01777610019572029,"Conditional source-support cluster bootstrap; descriptive, not unbiased ecological population interval"
ANNUAL,2022,2023,STRICT,sector_proxy,3,spatial_cluster,1000,6,-0.018871386445434426,0.05144872392767209,0.00039683317277476577,0.06385043438753397,"Conditional source-support cluster bootstrap; descriptive, not unbiased ecological population interval"
ANNUAL,2022,2023,STRICT,sector_proxy,3,external_tag,1000,83,-0.01778161307345472,0.04366381121070112,0.0003252508828764804,0.05875842672319612,"Conditional source-support cluster bootstrap; descriptive, not unbiased ecological population interval"
ANNUAL,2022,2023,STRICT,size_group,10_TO_30,spatial_cluster,1000,797,0.004735946653767004,0.010693037582605643,0.02456289442251529,0.0300422664166027,"Conditional source-support cluster bootstrap; descriptive, not unbiased ecological population interval"
ANNUAL,2022,2023,STRICT,size_group,10_TO_30,external_tag,1000,14799,0.004977280190009303,0.010373226752889854,0.02469663051544031,0.02981296905368137,"Conditional source-support cluster bootstrap; descriptive, not unbiased ecological population interval"
ANNUAL,2022,2023,STRICT,size_group,30_PLUS,spatial_cluster,1000,788,0.004378241064139401,0.012218598725127653,0.012209942166972857,0.020012144124539603,"Conditional source-support cluster bootstrap; descriptive, not unbiased ecological population interval"
ANNUAL,2022,2023,STRICT,size_group,30_PLUS,external_tag,1000,6325,0.005037733946132056,0.011106405774003713,0.01283732387913898,0.018848825523713447,"Conditional source-support cluster bootstrap; descriptive, not unbiased ecological population interval"
ANNUAL,2022,2023,STRICT,damage,RECORDED_DAMAGE,spatial_cluster,1000,642,0.021838755078919404,0.04102626630347742,0.0390177365159983,0.05745618304122064,"Conditional source-support cluster bootstrap; descriptive, not unbiased ecological population interval"
ANNUAL,2022,2023,STRICT,damage,RECORDED_DAMAGE,external_tag,1000,1902,0.021466256316852,0.04113933667715637,0.038468200566089024,0.057574573366026845,"Conditional source-support cluster bootstrap; descriptive, not unbiased ecological population interval"
ANNUAL,2022,2023,STRICT,damage,NO_RECORDED_DAMAGE,spatial_cluster,1000,0,,,,,"Conditional source-support cluster bootstrap; descriptive, not unbiased ecological population interval"
ANNUAL,2022,2023,STRICT,damage,NO_RECORDED_DAMAGE,external_tag,1000,0,,,,,"Conditional source-support cluster bootstrap; descriptive, not unbiased ecological population interval"
ANNUAL,2022,2023,STRICT,damage,UNKNOWN,spatial_cluster,1000,799,0.003029925244802555,0.007967067766606271,0.019138653486351926,0.023909407735295887,"Conditional source-support cluster bootstrap; descriptive, not unbiased ecological population interval"
ANNUAL,2022,2023,STRICT,damage,UNKNOWN,external_tag,1000,19222,0.0035490735384950027,0.007534174355270011,0.019602607971189935,0.0235036681387432,"Conditional source-support cluster bootstrap; descriptive, not unbiased ecological population interval"
ANNUAL,2022,2023,DN_DEATH,ALL,ALL,spatial_cluster,1000,799,0.005514777022671971,0.01030430337127513,0.021679542826483825,0.02638566248402377,"Conditional source-support cluster bootstrap; descriptive, not unbiased ecological population interval"
ANNUAL,2022,2023,DN_DEATH,ALL,ALL,external_tag,1000,21127,0.006028539945606423,0.010064781176170616,0.022209289976146344,0.026054124773796955,"Conditional source-support cluster bootstrap; descriptive, not unbiased ecological population interval"
ANNUAL,2022,2023,DN_DEATH,taxon,0,spatial_cluster,1000,722,0.01390175973638285,0.023264767502196075,0.02561349633341861,0.03471301326386778,"Conditional source-support cluster bootstrap; descriptive, not unbiased ecological population interval"
ANNUAL,2022,2023,DN_DEATH,taxon,0,external_tag,1000,7374,0.014748713236713673,0.022322931421033334,0.026627183249435322,0.0339212011003915,"Conditional source-support cluster bootstrap; descriptive, not unbiased ecological population interval"
ANNUAL,2022,2023,DN_DEATH,taxon,1,spatial_cluster,1000,793,-0.0027191913959985813,0.0018575788929182683,0.013150162339833158,0.017510021233847907,"Conditional source-support cluster bootstrap; descriptive, not unbiased ecological population interval"
ANNUAL,2022,2023,DN_DEATH,taxon,1,external_tag,1000,12862,-0.002574961232276495,0.0015948803957890794,0.013334280684185405,0.01728036196834221,"Conditional source-support cluster bootstrap; descriptive, not unbiased ecological population interval"
ANNUAL,2022,2023,DN_DEATH,taxon,2,spatial_cluster,1000,5,-0.04155848303734118,-0.020334785513595154,0.00041367455902142133,0.001843613677013788,"Conditional source-support cluster bootstrap; descriptive, not unbiased ecological population interval"
ANNUAL,2022,2023,DN_DEATH,taxon,2,external_tag,1000,5,-0.04159296885166186,-0.020334785513595154,0.00041367455902142133,0.0018439268888153428,"Conditional source-support cluster bootstrap; descriptive, not unbiased ecological population interval"
ANNUAL,2022,2023,DN_DEATH,taxon,3,spatial_cluster,1000,330,0.012586410092293233,0.07454900259834633,0.07328603657426697,0.12588725601716727,"Conditional source-support cluster bootstrap; descriptive, not unbiased ecological population interval"
ANNUAL,2022,2023,DN_DEATH,taxon,3,external_tag,1000,886,0.022754809358672193,0.0643409152980517,0.0819119430046156,0.11824825272188792,"Conditional source-support cluster bootstrap; descriptive, not unbiased ecological population interval"
ANNUAL,2022,2023,DN_DEATH,hemlock,HEMLOCK,spatial_cluster,1000,722,0.014051814103552348,0.02320691557880047,0.025853175301942647,0.03494731381432795,"Conditional source-support cluster bootstrap; descriptive, not unbiased ecological population interval"
ANNUAL,2022,2023,DN_DEATH,hemlock,HEMLOCK,external_tag,1000,7374,0.014758394150104295,0.02248108244575185,0.026481738375105177,0.034009270538434416,"Conditional source-support cluster bootstrap; descriptive, not unbiased ecological population interval"
ANNUAL,2022,2023,DN_DEATH,hemlock,OTHER,spatial_cluster,1000,793,-0.00041093985676297505,0.005140274475383633,0.018128131323836044,0.023490124413443312,"Conditional source-support cluster bootstrap; descriptive, not unbiased ecological population interval"
ANNUAL,2022,2023,DN_DEATH,hemlock,OTHER,external_tag,1000,13753,3.92728359874647e-05,0.004552467888022886,0.018551365789756805,0.022859835474419967,"Conditional source-support cluster bootstrap; descriptive, not unbiased ecological population interval"
ANNUAL,2022,2023,DN_DEATH,sector_proxy,0,spatial_cluster,1000,300,0.014811388664460082,0.025676141852756462,0.031231943855950014,0.041904947288539385,"Conditional source-support cluster bootstrap; descriptive, not unbiased ecological population interval"
ANNUAL,2022,2023,DN_DEATH,sector_proxy,0,external_tag,1000,7260,0.0157607730968661,0.024464108128354093,0.032291724546704474,0.040658163782501235,"Conditional source-support cluster bootstrap; descriptive, not unbiased ecological population interval"
ANNUAL,2022,2023,DN_DEATH,sector_proxy,1,spatial_cluster,1000,261,-0.0022195550485553245,0.005254535629016511,0.016786064028397944,0.023572129792553298,"Conditional source-support cluster bootstrap; descriptive, not unbiased ecological population interval"
ANNUAL,2022,2023,DN_DEATH,sector_proxy,1,external_tag,1000,6000,-0.002095103359528884,0.005198852114837151,0.016814929908004376,0.023454971492320117,"Conditional source-support cluster bootstrap; descriptive, not unbiased ecological population interval"
ANNUAL,2022,2023,DN_DEATH,sector_proxy,2,spatial_cluster,1000,277,-0.0011833490721229458,0.004678240877991535,0.01258266620795241,0.018327254131308774,"Conditional source-support cluster bootstrap; descriptive, not unbiased ecological population interval"
ANNUAL,2022,2023,DN_DEATH,sector_proxy,2,external_tag,1000,7784,-0.0010864805963800232,0.004629648667399242,0.012781472248976954,0.01827031262863783,"Conditional source-support cluster bootstrap; descriptive, not unbiased ecological population interval"
ANNUAL,2022,2023,DN_DEATH,sector_proxy,3,spatial_cluster,1000,6,-0.018930202744948253,0.052253512119152905,0.0003953026365459512,0.06486033404710015,"Conditional source-support cluster bootstrap; descriptive, not unbiased ecological population interval"
ANNUAL,2022,2023,DN_DEATH,sector_proxy,3,external_tag,1000,83,-0.0181606554307974,0.04384097012959092,0.0003336368899875296,0.05875496843286523,"Conditional source-support cluster bootstrap; descriptive, not unbiased ecological population interval"
ANNUAL,2022,2023,DN_DEATH,size_group,10_TO_30,spatial_cluster,1000,797,0.004880576384956819,0.01079025628217992,0.024706301195737284,0.03021885169780697,"Conditional source-support cluster bootstrap; descriptive, not unbiased ecological population interval"
ANNUAL,2022,2023,DN_DEATH,size_group,10_TO_30,external_tag,1000,14802,0.005277230753055218,0.010460270692423739,0.025040878995050173,0.029922812692477117,"Conditional source-support cluster bootstrap; descriptive, not unbiased ecological population interval"
ANNUAL,2022,2023,DN_DEATH,size_group,30_PLUS,spatial_cluster,1000,788,0.004453232597423578,0.012265164656759812,0.012255692407721607,0.019893131843568976,"Conditional source-support cluster bootstrap; descriptive, not unbiased ecological population interval"
ANNUAL,2022,2023,DN_DEATH,size_group,30_PLUS,external_tag,1000,6325,0.0048332551258729395,0.011405316897717527,0.012711499963779897,0.019037211986132292,"Conditional source-support cluster bootstrap; descriptive, not unbiased ecological population interval"
ANNUAL,2022,2023,DN_DEATH,damage,RECORDED_DAMAGE,spatial_cluster,1000,642,0.02211500190189066,0.041585263782069434,0.03938935004192633,0.05789607269680665,"Conditional source-support cluster bootstrap; descriptive, not unbiased ecological population interval"
ANNUAL,2022,2023,DN_DEATH,damage,RECORDED_DAMAGE,external_tag,1000,1903,0.02202162623958999,0.041863361483246084,0.039486797431856444,0.05847164714372035,"Conditional source-support cluster bootstrap; descriptive, not unbiased ecological population interval"
ANNUAL,2022,2023,DN_DEATH,damage,NO_RECORDED_DAMAGE,spatial_cluster,1000,0,,,,,"Conditional source-support cluster bootstrap; descriptive, not unbiased ecological population interval"
ANNUAL,2022,2023,DN_DEATH,damage,NO_RECORDED_DAMAGE,external_tag,1000,0,,,,,"Conditional source-support cluster bootstrap; descriptive, not unbiased ecological population interval"
ANNUAL,2022,2023,DN_DEATH,damage,UNKNOWN,spatial_cluster,1000,799,0.0030498202216312264,0.008087433492437157,0.01913315782387733,0.023996519573086236,"Conditional source-support cluster bootstrap; descriptive, not unbiased ecological population interval"
ANNUAL,2022,2023,DN_DEATH,damage,UNKNOWN,external_tag,1000,19224,0.0035962940741766885,0.007677404139093424,0.01967975649897745,0.02351910071334959,"Conditional source-support cluster bootstrap; descriptive, not unbiased ecological population interval"
ANNUAL,2022,2023,DN_ALIVE,ALL,ALL,spatial_cluster,1000,799,0.005179843161051693,0.010374277745004379,0.02132517281114194,0.02628167324534951,"Conditional source-support cluster bootstrap; descriptive, not unbiased ecological population interval"
ANNUAL,2022,2023,DN_ALIVE,ALL,ALL,external_tag,1000,21127,0.005723601892926628,0.00987950746367385,0.02190578429066273,0.0258802438231932,"Conditional source-support cluster bootstrap; descriptive, not unbiased ecological population interval"
ANNUAL,2022,2023,DN_ALIVE,taxon,0,spatial_cluster,1000,722,0.013785914713665226,0.022834255888388905,0.025645799792154984,0.034420853545071,"Conditional source-support cluster bootstrap; descriptive, not unbiased ecological population interval"
ANNUAL,2022,2023,DN_ALIVE,taxon,0,external_tag,1000,7374,0.01438937236391959,0.02216601651045761,0.0261182069691433,0.033798623691007584,"Conditional source-support cluster bootstrap; descriptive, not unbiased ecological population interval"
ANNUAL,2022,2023,DN_ALIVE,taxon,1,spatial_cluster,1000,793,-0.002621944598300713,0.0014873320421438174,0.013279859172266414,0.01721493516053761,"Conditional source-support cluster bootstrap; descriptive, not unbiased ecological population interval"
ANNUAL,2022,2023,DN_ALIVE,taxon,1,external_tag,1000,12862,-0.002840886578631168,0.0014928367309942577,0.013034906692389044,0.017216149515712105,"Conditional source-support cluster bootstrap; descriptive, not unbiased ecological population interval"
ANNUAL,2022,2023,DN_ALIVE,taxon,2,spatial_cluster,1000,5,-0.04155848303734118,-0.020334785513595154,0.00041367455902142133,0.001843613677013788,"Conditional source-support cluster bootstrap; descriptive, not unbiased ecological population interval"
ANNUAL,2022,2023,DN_ALIVE,taxon,2,external_tag,1000,5,-0.04155848303734118,-0.020334785513595154,0.00041367455902142133,0.001843613677013788,"Conditional source-support cluster bootstrap; descriptive, not unbiased ecological population interval"
ANNUAL,2022,2023,DN_ALIVE,taxon,3,spatial_cluster,1000,330,0.013396598894674849,0.07566610588057049,0.0739315040062785,0.12695892646885343,"Conditional source-support cluster bootstrap; descriptive, not unbiased ecological population interval"
ANNUAL,2022,2023,DN_ALIVE,taxon,3,external_tag,1000,886,0.02398848935316942,0.06421861177225134,0.08223582714269538,0.11746329802233847,"Conditional source-support cluster bootstrap; descriptive, not unbiased ecological population interval"
ANNUAL,2022,2023,DN_ALIVE,hemlock,HEMLOCK,spatial_cluster,1000,722,0.014379559781407883,0.022881731097259883,0.026033148969876407,0.03435520142518474,"Conditional source-support cluster bootstrap; descriptive, not unbiased ecological population interval"
ANNUAL,2022,2023,DN_ALIVE,hemlock,HEMLOCK,external_tag,1000,7374,0.014372332709369728,0.022299968256159472,0.026207291538386156,0.03385935756212563,"Conditional source-support cluster bootstrap; descriptive, not unbiased ecological population interval"
ANNUAL,2022,2023,DN_ALIVE,hemlock,OTHER,spatial_cluster,1000,793,-0.0006369845974902533,0.005453826274711618,0.017916478980417268,0.023631367640057164,"Conditional source-support cluster bootstrap; descriptive, not unbiased ecological population interval"
ANNUAL,2022,2023,DN_ALIVE,hemlock,OTHER,external_tag,1000,13753,-0.00013408128228730543,0.004628365474245797,0.01837543042155093,0.022933465733165074,"Conditional source-support cluster bootstrap; descriptive, not unbiased ecological population interval"
ANNUAL,2022,2023,DN_ALIVE,sector_proxy,0,spatial_cluster,1000,300,0.01501240467533204,0.025451196140277514,0.03162411476617741,0.04170640630617582,"Conditional source-support cluster bootstrap; descriptive, not unbiased ecological population interval"
ANNUAL,2022,2023,DN_ALIVE,sector_proxy,0,external_tag,1000,7260,0.015644079184118673,0.023972509121574184,0.03222025060836485,0.04015221502840412,"Conditional source-support cluster bootstrap; descriptive, not unbiased ecological population interval"
ANNUAL,2022,2023,DN_ALIVE,sector_proxy,1,spatial_cluster,1000,261,-0.0020928103518916717,0.0053979360606528255,0.016878000660977083,0.02373762050489267,"Conditional source-support cluster bootstrap; descriptive, not unbiased ecological population interval"
ANNUAL,2022,2023,DN_ALIVE,sector_proxy,1,external_tag,1000,6000,-0.0020134765347478716,0.005217684260613692,0.016856083315841444,0.023919522841471003,"Conditional source-support cluster bootstrap; descriptive, not unbiased ecological population interval"
ANNUAL,2022,2023,DN_ALIVE,sector_proxy,2,spatial_cluster,1000,277,-0.0013635956340587638,0.004520468149343656,0.012523039641694947,0.018062455353513866,"Conditional source-support cluster bootstrap; descriptive, not unbiased ecological population interval"
ANNUAL,2022,2023,DN_ALIVE,sector_proxy,2,external_tag,1000,7784,-0.0010017297866862988,0.004429632193042353,0.012832222548770086,0.018133601239078534,"Conditional source-support cluster bootstrap; descriptive, not unbiased ecological population interval"
ANNUAL,2022,2023,DN_ALIVE,sector_proxy,3,spatial_cluster,1000,6,-0.01841199951481673,0.052253512119152905,0.00039683317277476577,0.06486245325110927,"Conditional source-support cluster bootstrap; descriptive, not unbiased ecological population interval"
ANNUAL,2022,2023,DN_ALIVE,sector_proxy,3,external_tag,1000,83,-0.017937608760620317,0.04418524865686355,0.0003296945507472779,0.05878041911632744,"Conditional source-support cluster bootstrap; descriptive, not unbiased ecological population interval"
ANNUAL,2022,2023,DN_ALIVE,size_group,10_TO_30,spatial_cluster,1000,797,0.004688477320084949,0.010894780449974212,0.024404252898558725,0.030342246317711756,"Conditional source-support cluster bootstrap; descriptive, not unbiased ecological population interval"
ANNUAL,2022,2023,DN_ALIVE,size_group,10_TO_30,external_tag,1000,14802,0.005082006637977565,0.010363211605157345,0.024782333345097243,0.029836752828653456,"Conditional source-support cluster bootstrap; descriptive, not unbiased ecological population interval"
ANNUAL,2022,2023,DN_ALIVE,size_group,30_PLUS,spatial_cluster,1000,788,0.004386391972954353,0.012630670289011409,0.0121977935846554,0.020306761203214927,"Conditional source-support cluster bootstrap; descriptive, not unbiased ecological population interval"
ANNUAL,2022,2023,DN_ALIVE,size_group,30_PLUS,external_tag,1000,6325,0.005013901489430881,0.011199361325189018,0.012838546455306962,0.018874294859051528,"Conditional source-support cluster bootstrap; descriptive, not unbiased ecological population interval"
ANNUAL,2022,2023,DN_ALIVE,damage,RECORDED_DAMAGE,spatial_cluster,1000,642,0.0216165872108869,0.04183763644675411,0.0390710034084001,0.058173931273973634,"Conditional source-support cluster bootstrap; descriptive, not unbiased ecological population interval"
ANNUAL,2022,2023,DN_ALIVE,damage,RECORDED_DAMAGE,external_tag,1000,1903,0.021294516612067813,0.04069776546152185,0.03885783406947762,0.057099849864723225,"Conditional source-support cluster bootstrap; descriptive, not unbiased ecological population interval"
ANNUAL,2022,2023,DN_ALIVE,damage,NO_RECORDED_DAMAGE,spatial_cluster,1000,0,,,,,"Conditional source-support cluster bootstrap; descriptive, not unbiased ecological population interval"
ANNUAL,2022,2023,DN_ALIVE,damage,NO_RECORDED_DAMAGE,external_tag,1000,0,,,,,"Conditional source-support cluster bootstrap; descriptive, not unbiased ecological population interval"
ANNUAL,2022,2023,DN_ALIVE,damage,UNKNOWN,spatial_cluster,1000,799,0.003107767964176745,0.008112645026638653,0.0191259015325713,0.02394572547807647,"Conditional source-support cluster bootstrap; descriptive, not unbiased ecological population interval"
ANNUAL,2022,2023,DN_ALIVE,damage,UNKNOWN,external_tag,1000,19224,0.003492773681037614,0.0075535036233733786,0.01961159056951485,0.02341405007501485,"Conditional source-support cluster bootstrap; descriptive, not unbiased ecological population interval"
ANNUAL,2023,2024,STRICT,ALL,ALL,spatial_cluster,1000,799,0.005823745408689399,0.010794453244688909,0.021792544062348915,0.02663760670866039,"Conditional source-support cluster bootstrap; descriptive, not unbiased ecological population interval"
ANNUAL,2023,2024,STRICT,ALL,ALL,external_tag,1000,20608,0.006161127378072377,0.010177128102019248,0.02214856067951499,0.026051681065161616,"Conditional source-support cluster bootstrap; descriptive, not unbiased ecological population interval"
ANNUAL,2023,2024,STRICT,taxon,0,spatial_cluster,1000,721,0.020859295768014444,0.03198247369072171,0.032294056013877984,0.043230293616193724,"Conditional source-support cluster bootstrap; descriptive, not unbiased ecological population interval"
ANNUAL,2023,2024,STRICT,taxon,0,external_tag,1000,7146,0.021711840326004282,0.030569230602435087,0.03315109736327285,0.0417899310612597,"Conditional source-support cluster bootstrap; descriptive, not unbiased ecological population interval"
ANNUAL,2023,2024,STRICT,taxon,1,spatial_cluster,1000,793,-0.0032585988446909727,0.0009177482037225311,0.0125597715313022,0.01659205071992957,"Conditional source-support cluster bootstrap; descriptive, not unbiased ecological population interval"
ANNUAL,2023,2024,STRICT,taxon,1,external_tag,1000,12662,-0.0032513161800831226,0.000834402775777108,0.01261402554581073,0.016560683313096326,"Conditional source-support cluster bootstrap; descriptive, not unbiased ecological population interval"
ANNUAL,2023,2024,STRICT,taxon,2,spatial_cluster,1000,5,-0.04155848303734118,-0.020334785513595154,0.00041367455902142133,0.001843613677013788,"Conditional source-support cluster bootstrap; descriptive, not unbiased ecological population interval"
ANNUAL,2023,2024,STRICT,taxon,2,external_tag,1000,5,-0.04155848303734118,-0.020334785513595154,0.00041367455902142133,0.001843613677013788,"Conditional source-support cluster bootstrap; descriptive, not unbiased ecological population interval"
ANNUAL,2023,2024,STRICT,taxon,3,spatial_cluster,1000,324,-0.020729632605775674,0.02495738385142145,0.04263105996868128,0.08085955954650313,"Conditional source-support cluster bootstrap; descriptive, not unbiased ecological population interval"
ANNUAL,2023,2024,STRICT,taxon,3,external_tag,1000,795,-0.016495111895836655,0.01826937233268377,0.04566363379476463,0.0761390364230054,"Conditional source-support cluster bootstrap; descriptive, not unbiased ecological population interval"
ANNUAL,2023,2024,STRICT,hemlock,HEMLOCK,spatial_cluster,1000,721,0.020481736823166785,0.031107745694541947,0.03200166799756017,0.042386975528473286,"Conditional source-support cluster bootstrap; descriptive, not unbiased ecological population interval"
ANNUAL,2023,2024,STRICT,hemlock,HEMLOCK,external_tag,1000,7146,0.021660656970199962,0.030545691758623938,0.03316336688629125,0.0417759889579597,"Conditional source-support cluster bootstrap; descriptive, not unbiased ecological population interval"
ANNUAL,2023,2024,STRICT,hemlock,OTHER,spatial_cluster,1000,793,-0.0035242229084294046,0.0013411103218360276,0.015009752464008382,0.019492248441937282,"Conditional source-support cluster bootstrap; descriptive, not unbiased ecological population interval"
ANNUAL,2023,2024,STRICT,hemlock,OTHER,external_tag,1000,13462,-0.0033879518840287805,0.001048611472561528,0.015057498770210969,0.019357351960943407,"Conditional source-support cluster bootstrap; descriptive, not unbiased ecological population interval"
ANNUAL,2023,2024,STRICT,sector_proxy,0,spatial_cluster,1000,300,0.012113855403258407,0.023468157331348462,0.02873479563657134,0.039563201939092144,"Conditional source-support cluster bootstrap; descriptive, not unbiased ecological population interval"
ANNUAL,2023,2024,STRICT,sector_proxy,0,external_tag,1000,6987,0.013401562795227459,0.02217621130319208,0.029939030540920206,0.038467824464950624,"Conditional source-support cluster bootstrap; descriptive, not unbiased ecological population interval"
ANNUAL,2023,2024,STRICT,sector_proxy,1,spatial_cluster,1000,261,-0.0025530970784331756,0.0049967374454112845,0.015904606253396847,0.02299953877121974,"Conditional source-support cluster bootstrap; descriptive, not unbiased ecological population interval"
ANNUAL,2023,2024,STRICT,sector_proxy,1,external_tag,1000,5878,-0.00243107358736114,0.004434524731443436,0.016216507183178158,0.02257109481666666,"Conditional source-support cluster bootstrap; descriptive, not unbiased ecological population interval"
ANNUAL,2023,2024,STRICT,sector_proxy,2,spatial_cluster,1000,277,0.0019540640736629205,0.009177513511874243,0.01574230441880916,0.022581194116174985,"Conditional source-support cluster bootstrap; descriptive, not unbiased ecological population interval"
ANNUAL,2023,2024,STRICT,sector_proxy,2,external_tag,1000,7662,0.0020570576595865626,0.00853297705134279,0.01585703450502564,0.02210965492766205,"Conditional source-support cluster bootstrap; descriptive, not unbiased ecological population interval"
ANNUAL,2023,2024,STRICT,sector_proxy,3,spatial_cluster,1000,6,-0.016528951082594157,0.012551641940084741,0.0002416037305445959,0.029592456963590322,"Conditional source-support cluster bootstrap; descriptive, not unbiased ecological population interval"
ANNUAL,2023,2024,STRICT,sector_proxy,3,external_tag,1000,81,-0.018253576334443085,0.02102864008665294,0.00027639571129770197,0.03427753915090688,"Conditional source-support cluster bootstrap; descriptive, not unbiased ecological population interval"
ANNUAL,2023,2024,STRICT,size_group,10_TO_30,spatial_cluster,1000,797,0.006601183018617731,0.01307782454669446,0.026108081658322818,0.03234972616225517,"Conditional source-support cluster bootstrap; descriptive, not unbiased ecological population interval"
ANNUAL,2023,2024,STRICT,size_group,10_TO_30,external_tag,1000,14385,0.0068193024118422966,0.012523159069531793,0.026392471929352644,0.03180393938036662,"Conditional source-support cluster bootstrap; descriptive, not unbiased ecological population interval"
ANNUAL,2023,2024,STRICT,size_group,30_PLUS,spatial_cluster,1000,788,0.0014158809873610688,0.007695885302701621,0.009309898489935584,0.015535516035736531,"Conditional source-support cluster bootstrap; descriptive, not unbiased ecological population interval"
ANNUAL,2023,2024,STRICT,size_group,30_PLUS,external_tag,1000,6223,0.001847770462530568,0.007531650777084436,0.00971731775734376,0.015256933350531418,"Conditional source-support cluster bootstrap; descriptive, not unbiased ecological population interval"
ANNUAL,2023,2024,STRICT,damage,RECORDED_DAMAGE,spatial_cluster,1000,635,0.009845607066080122,0.028234176121410732,0.027752626310104687,0.04520130597425642,"Conditional source-support cluster bootstrap; descriptive, not unbiased ecological population interval"
ANNUAL,2023,2024,STRICT,damage,RECORDED_DAMAGE,external_tag,1000,1808,0.010980664279646347,0.028792960877938277,0.028625136940661083,0.04571089216638697,"Conditional source-support cluster bootstrap; descriptive, not unbiased ecological population interval"
ANNUAL,2023,2024,STRICT,damage,NO_RECORDED_DAMAGE,spatial_cluster,1000,0,,,,,"Conditional source-support cluster bootstrap; descriptive, not unbiased ecological population interval"
ANNUAL,2023,2024,STRICT,damage,NO_RECORDED_DAMAGE,external_tag,1000,0,,,,,"Conditional source-support cluster bootstrap; descriptive, not unbiased ecological population interval"
ANNUAL,2023,2024,STRICT,damage,UNKNOWN,spatial_cluster,1000,799,0.004673318681838007,0.009841263368193508,0.02050176928854257,0.02559160152204429,"Conditional source-support cluster bootstrap; descriptive, not unbiased ecological population interval"
ANNUAL,2023,2024,STRICT,damage,UNKNOWN,external_tag,1000,18800,0.005184431708881388,0.009310943489750378,0.021078546022689146,0.02506552431420888,"Conditional source-support cluster bootstrap; descriptive, not unbiased ecological population interval"
ANNUAL,2023,2024,DN_DEATH,ALL,ALL,spatial_cluster,1000,799,0.005737183440751056,0.010784932487502915,0.02177830242544098,0.026634450542897578,"Conditional source-support cluster bootstrap; descriptive, not unbiased ecological population interval"
ANNUAL,2023,2024,DN_DEATH,ALL,ALL,external_tag,1000,20608,0.006102694509046003,0.01029838504426606,0.022178693572632427,0.026203073685862957,"Conditional source-support cluster bootstrap; descriptive, not unbiased ecological population interval"
ANNUAL,2023,2024,DN_DEATH,taxon,0,spatial_cluster,1000,721,0.02056874971199038,0.032320864938008516,0.03201466481176857,0.04349109009769283,"Conditional source-support cluster bootstrap; descriptive, not unbiased ecological population interval"
ANNUAL,2023,2024,DN_DEATH,taxon,0,external_tag,1000,7146,0.021653819919120475,0.030681762368103112,0.033252187787537656,0.041831153323551744,"Conditional source-support cluster bootstrap; descriptive, not unbiased ecological population interval"
ANNUAL,2023,2024,DN_DEATH,taxon,1,spatial_cluster,1000,793,-0.0032955949389293303,0.0009491018343811937,0.0125461649152383,0.016648470841611494,"Conditional source-support cluster bootstrap; descriptive, not unbiased ecological population interval"
ANNUAL,2023,2024,DN_DEATH,taxon,1,external_tag,1000,12662,-0.0033621212892377852,0.0007280000892605001,0.012509196098350613,0.0164220446897863,"Conditional source-support cluster bootstrap; descriptive, not unbiased ecological population interval"
ANNUAL,2023,2024,DN_DEATH,taxon,2,spatial_cluster,1000,5,-0.04155848303734118,-0.02033469341600535,0.0004136707506928724,0.001843613677013788,"Conditional source-support cluster bootstrap; descriptive, not unbiased ecological population interval"
ANNUAL,2023,2024,DN_DEATH,taxon,2,external_tag,1000,5,-0.04155848303734118,-0.020334785513595154,0.00041367455902142133,0.001843613677013788,"Conditional source-support cluster bootstrap; descriptive, not unbiased ecological population interval"
ANNUAL,2023,2024,DN_DEATH,taxon,3,spatial_cluster,1000,324,-0.02077642694351462,0.02464134939139182,0.04287501401986356,0.08043712466171209,"Conditional source-support cluster bootstrap; descriptive, not unbiased ecological population interval"
ANNUAL,2023,2024,DN_DEATH,taxon,3,external_tag,1000,795,-0.015582235629476894,0.018264398619058382,0.045990060619930793,0.07588332102052757,"Conditional source-support cluster bootstrap; descriptive, not unbiased ecological population interval"
ANNUAL,2023,2024,DN_DEATH,hemlock,HEMLOCK,spatial_cluster,1000,721,0.02031096709936762,0.03151453871024331,0.03193826874701802,0.04288047719607709,"Conditional source-support cluster bootstrap; descriptive, not unbiased ecological population interval"
ANNUAL,2023,2024,DN_DEATH,hemlock,HEMLOCK,external_tag,1000,7146,0.021487601829970348,0.030447384036884257,0.03297796177333059,0.04172866424057911,"Conditional source-support cluster bootstrap; descriptive, not unbiased ecological population interval"
ANNUAL,2023,2024,DN_DEATH,hemlock,OTHER,spatial_cluster,1000,793,-0.0035468994303499285,0.0011999465485464532,0.014756456098163595,0.019420524228985672,"Conditional source-support cluster bootstrap; descriptive, not unbiased ecological population interval"
ANNUAL,2023,2024,DN_DEATH,hemlock,OTHER,external_tag,1000,13462,-0.003429781759563189,0.0010127488182607423,0.015110269620750382,0.019246237870754915,"Conditional source-support cluster bootstrap; descriptive, not unbiased ecological population interval"
ANNUAL,2023,2024,DN_DEATH,sector_proxy,0,spatial_cluster,1000,300,0.01204437048226158,0.023430136164800816,0.028842646110195387,0.039480757300050684,"Conditional source-support cluster bootstrap; descriptive, not unbiased ecological population interval"
ANNUAL,2023,2024,DN_DEATH,sector_proxy,0,external_tag,1000,6987,0.013216215983659612,0.02220055501692185,0.029762244256655253,0.03850303785733436,"Conditional source-support cluster bootstrap; descriptive, not unbiased ecological population interval"
ANNUAL,2023,2024,DN_DEATH,sector_proxy,1,spatial_cluster,1000,261,-0.00280250657317194,0.004690512960432658,0.01589466610844212,0.022810694437472266,"Conditional source-support cluster bootstrap; descriptive, not unbiased ecological population interval"
ANNUAL,2023,2024,DN_DEATH,sector_proxy,1,external_tag,1000,5878,-0.002559072126042983,0.004344268872352064,0.01603843250449802,0.022589073328060608,"Conditional source-support cluster bootstrap; descriptive, not unbiased ecological population interval"
ANNUAL,2023,2024,DN_DEATH,sector_proxy,2,spatial_cluster,1000,277,0.0018809803844492305,0.00894673128444799,0.01576721132053971,0.02242285592159275,"Conditional source-support cluster bootstrap; descriptive, not unbiased ecological population interval"
ANNUAL,2023,2024,DN_DEATH,sector_proxy,2,external_tag,1000,7662,0.002352265388846245,0.008349156536015399,0.01601600295792556,0.021941672658712903,"Conditional source-support cluster bootstrap; descriptive, not unbiased ecological population interval"
ANNUAL,2023,2024,DN_DEATH,sector_proxy,3,spatial_cluster,1000,6,-0.01650989896753839,0.012552940788995102,0.00023189520356873587,0.029593843464085657,"Conditional source-support cluster bootstrap; descriptive, not unbiased ecological population interval"
ANNUAL,2023,2024,DN_DEATH,sector_proxy,3,external_tag,1000,81,-0.01821034298094645,0.02053684149078503,0.00027791569151376064,0.03426902174019862,"Conditional source-support cluster bootstrap; descriptive, not unbiased ecological population interval"
ANNUAL,2023,2024,DN_DEATH,size_group,10_TO_30,spatial_cluster,1000,797,0.006664603081608115,0.01337079973347137,0.026184931521323257,0.03260706356585577,"Conditional source-support cluster bootstrap; descriptive, not unbiased ecological population interval"
ANNUAL,2023,2024,DN_DEATH,size_group,10_TO_30,external_tag,1000,14385,0.00708400251864462,0.012542487732356312,0.02663121647043932,0.03191037944426911,"Conditional source-support cluster bootstrap; descriptive, not unbiased ecological population interval"
ANNUAL,2023,2024,DN_DEATH,size_group,30_PLUS,spatial_cluster,1000,788,0.0016909900650671362,0.007892672837432531,0.009578990997346862,0.015651990139085775,"Conditional source-support cluster bootstrap; descriptive, not unbiased ecological population interval"
ANNUAL,2023,2024,DN_DEATH,size_group,30_PLUS,external_tag,1000,6223,0.0018683823847064258,0.00742222944403289,0.009724487071229563,0.01520163931083424,"Conditional source-support cluster bootstrap; descriptive, not unbiased ecological population interval"
ANNUAL,2023,2024,DN_DEATH,damage,RECORDED_DAMAGE,spatial_cluster,1000,635,0.010704996129706688,0.02801403662050185,0.02837241723668993,0.044845165426925834,"Conditional source-support cluster bootstrap; descriptive, not unbiased ecological population interval"
ANNUAL,2023,2024,DN_DEATH,damage,RECORDED_DAMAGE,external_tag,1000,1808,0.011050544894705215,0.027859151903886107,0.02857478892865053,0.045072367684978305,"Conditional source-support cluster bootstrap; descriptive, not unbiased ecological population interval"
ANNUAL,2023,2024,DN_DEATH,damage,NO_RECORDED_DAMAGE,spatial_cluster,1000,0,,,,,"Conditional source-support cluster bootstrap; descriptive, not unbiased ecological population interval"
ANNUAL,2023,2024,DN_DEATH,damage,NO_RECORDED_DAMAGE,external_tag,1000,0,,,,,"Conditional source-support cluster bootstrap; descriptive, not unbiased ecological population interval"
ANNUAL,2023,2024,DN_DEATH,damage,UNKNOWN,spatial_cluster,1000,799,0.004562293931160299,0.009746893155501814,0.020455259480845773,0.02545999111266732,"Conditional source-support cluster bootstrap; descriptive, not unbiased ecological population interval"
ANNUAL,2023,2024,DN_DEATH,damage,UNKNOWN,external_tag,1000,18800,0.005085877610246438,0.009243149174650515,0.0209302582063685,0.025024802813550878,"Conditional source-support cluster bootstrap; descriptive, not unbiased ecological population interval"
ANNUAL,2023,2024,DN_ALIVE,ALL,ALL,spatial_cluster,1000,799,0.0057986532492162995,0.0108924734528193,0.021758185870907693,0.026690316018081712,"Conditional source-support cluster bootstrap; descriptive, not unbiased ecological population interval"
ANNUAL,2023,2024,DN_ALIVE,ALL,ALL,external_tag,1000,20608,0.006024380681602426,0.01034511366486284,0.022066949720367532,0.026181778419866464,"Conditional source-support cluster bootstrap; descriptive, not unbiased ecological population interval"
ANNUAL,2023,2024,DN_ALIVE,taxon,0,spatial_cluster,1000,721,0.02027210095005293,0.03168259790554063,0.0316940247258791,0.04273575095414195,"Conditional source-support cluster bootstrap; descriptive, not unbiased ecological population interval"
ANNUAL,2023,2024,DN_ALIVE,taxon,0,external_tag,1000,7146,0.021514922373963297,0.030379363086806336,0.03299378162446639,0.04169200212915438,"Conditional source-support cluster bootstrap; descriptive, not unbiased ecological population interval"
ANNUAL,2023,2024,DN_ALIVE,taxon,1,spatial_cluster,1000,793,-0.003444359750623565,0.0008254426804240043,0.012436829563263368,0.01654558796632491,"Conditional source-support cluster bootstrap; descriptive, not unbiased ecological population interval"
ANNUAL,2023,2024,DN_ALIVE,taxon,1,external_tag,1000,12662,-0.0033531104233378187,0.0008870195857358388,0.012530907387272042,0.016641170975540697,"Conditional source-support cluster bootstrap; descriptive, not unbiased ecological population interval"
ANNUAL,2023,2024,DN_ALIVE,taxon,2,spatial_cluster,1000,5,-0.04155848303734118,-0.020334785513595154,0.00041367455902142133,0.001843613677013788,"Conditional source-support cluster bootstrap; descriptive, not unbiased ecological population interval"
ANNUAL,2023,2024,DN_ALIVE,taxon,2,external_tag,1000,5,-0.04155848303734118,-0.020338469417187355,0.00041382689216337844,0.001843613677013788,"Conditional source-support cluster bootstrap; descriptive, not unbiased ecological population interval"
ANNUAL,2023,2024,DN_ALIVE,taxon,3,spatial_cluster,1000,324,-0.01988321699257009,0.027318627962349802,0.04186730365562871,0.0827332346861064,"Conditional source-support cluster bootstrap; descriptive, not unbiased ecological population interval"
ANNUAL,2023,2024,DN_ALIVE,taxon,3,external_tag,1000,795,-0.01559194472973608,0.018305009693051287,0.04637320117340222,0.07576721570441358,"Conditional source-support cluster bootstrap; descriptive, not unbiased ecological population interval"
ANNUAL,2023,2024,DN_ALIVE,hemlock,HEMLOCK,spatial_cluster,1000,721,0.020411139728101175,0.03246736815656655,0.03186409611628673,0.043652378120722174,"Conditional source-support cluster bootstrap; descriptive, not unbiased ecological population interval"
ANNUAL,2023,2024,DN_ALIVE,hemlock,HEMLOCK,external_tag,1000,7146,0.021706698616381637,0.03026348088029474,0.03315438164904717,0.04146300697110644,"Conditional source-support cluster bootstrap; descriptive, not unbiased ecological population interval"
ANNUAL,2023,2024,DN_ALIVE,hemlock,OTHER,spatial_cluster,1000,793,-0.0036194537814643983,0.001347014103052979,0.014844245329481613,0.019510912660451022,"Conditional source-support cluster bootstrap; descriptive, not unbiased ecological population interval"
ANNUAL,2023,2024,DN_ALIVE,hemlock,OTHER,external_tag,1000,13462,-0.0032511179309937933,0.0011176039056376803,0.015238232456789085,0.019419934234725652,"Conditional source-support cluster bootstrap; descriptive, not unbiased ecological population interval"
ANNUAL,2023,2024,DN_ALIVE,sector_proxy,0,spatial_cluster,1000,300,0.012371110320197637,0.023185075252878988,0.029198148192949212,0.03941965247055994,"Conditional source-support cluster bootstrap; descriptive, not unbiased ecological population interval"
ANNUAL,2023,2024,DN_ALIVE,sector_proxy,0,external_tag,1000,6987,0.013250064541008577,0.02184407408300271,0.030079551316667827,0.03805514089605644,"Conditional source-support cluster bootstrap; descriptive, not unbiased ecological population interval"
ANNUAL,2023,2024,DN_ALIVE,sector_proxy,1,spatial_cluster,1000,261,-0.0028425643208146133,0.005160704312334762,0.016048138819102338,0.023001452896219517,"Conditional source-support cluster bootstrap; descriptive, not unbiased ecological population interval"
ANNUAL,2023,2024,DN_ALIVE,sector_proxy,1,external_tag,1000,5878,-0.002619138040106109,0.004246203979179739,0.01603136319108767,0.022502183819843743,"Conditional source-support cluster bootstrap; descriptive, not unbiased ecological population interval"
ANNUAL,2023,2024,DN_ALIVE,sector_proxy,2,spatial_cluster,1000,277,0.0019386503943828075,0.008884215209642858,0.015807719614399297,0.022387111695132675,"Conditional source-support cluster bootstrap; descriptive, not unbiased ecological population interval"
ANNUAL,2023,2024,DN_ALIVE,sector_proxy,2,external_tag,1000,7662,0.002262280188082816,0.008312098685352596,0.01602609616107775,0.021833910550160786,"Conditional source-support cluster bootstrap; descriptive, not unbiased ecological population interval"
ANNUAL,2023,2024,DN_ALIVE,sector_proxy,3,spatial_cluster,1000,6,-0.016583225009880444,0.012551641940084741,0.0002265038210234116,0.029595162330410485,"Conditional source-support cluster bootstrap; descriptive, not unbiased ecological population interval"
ANNUAL,2023,2024,DN_ALIVE,sector_proxy,3,external_tag,1000,81,-0.01817502029772743,0.020554833892060427,0.0002795679000640986,0.034270941055833455,"Conditional source-support cluster bootstrap; descriptive, not unbiased ecological population interval"
ANNUAL,2023,2024,DN_ALIVE,size_group,10_TO_30,spatial_cluster,1000,797,0.0066400195855267465,0.01336943560748869,0.026217641449525885,0.03258728551679622,"Conditional source-support cluster bootstrap; descriptive, not unbiased ecological population interval"
ANNUAL,2023,2024,DN_ALIVE,size_group,10_TO_30,external_tag,1000,14385,0.006907892684585087,0.012850085807880513,0.026446990682695723,0.032041563243447764,"Conditional source-support cluster bootstrap; descriptive, not unbiased ecological population interval"
ANNUAL,2023,2024,DN_ALIVE,size_group,30_PLUS,spatial_cluster,1000,788,0.0016434797213849667,0.008014948009258034,0.00951720004197063,0.01570108414146037,"Conditional source-support cluster bootstrap; descriptive, not unbiased ecological population interval"
ANNUAL,2023,2024,DN_ALIVE,size_group,30_PLUS,external_tag,1000,6223,0.0019942096627615412,0.007516500818466522,0.009854746506711993,0.015212128875020216,"Conditional source-support cluster bootstrap; descriptive, not unbiased ecological population interval"
ANNUAL,2023,2024,DN_ALIVE,damage,RECORDED_DAMAGE,spatial_cluster,1000,635,0.01082520100738894,0.029026752622116764,0.028599357711464966,0.0455126841438474,"Conditional source-support cluster bootstrap; descriptive, not unbiased ecological population interval"
ANNUAL,2023,2024,DN_ALIVE,damage,RECORDED_DAMAGE,external_tag,1000,1808,0.011226021495549762,0.028504705916862792,0.028783327948919652,0.045666291304575106,"Conditional source-support cluster bootstrap; descriptive, not unbiased ecological population interval"
ANNUAL,2023,2024,DN_ALIVE,damage,NO_RECORDED_DAMAGE,spatial_cluster,1000,0,,,,,"Conditional source-support cluster bootstrap; descriptive, not unbiased ecological population interval"
ANNUAL,2023,2024,DN_ALIVE,damage,NO_RECORDED_DAMAGE,external_tag,1000,0,,,,,"Conditional source-support cluster bootstrap; descriptive, not unbiased ecological population interval"
ANNUAL,2023,2024,DN_ALIVE,damage,UNKNOWN,spatial_cluster,1000,799,0.0046633131200824116,0.009869068310897977,0.0205707368565304,0.02565884651500103,"Conditional source-support cluster bootstrap; descriptive, not unbiased ecological population interval"
ANNUAL,2023,2024,DN_ALIVE,damage,UNKNOWN,external_tag,1000,18800,0.0050756585316557145,0.00962768047894966,0.021011471126539442,0.025322866615917126,"Conditional source-support cluster bootstrap; descriptive, not unbiased ecological population interval"
