world,panel,replicate,K,suite,query,state_gain,parameter_gain,interaction,joint_gain,no_additive_causal_partition
0,BASELINE32,0,256,correct,Q1,0.25927734375,0.0,-0.02215576171875,0.28143310546875,True
0,BASELINE32,0,256,hemlock_extra_hazard_0.12,Q1,0.25927734375,0.0,-0.0244140625,0.28369140625,True
0,BASELINE32,0,256,entry_lognormal_annual_sd_1.2,Q1,0.25927734375,0.0,-0.0244140625,0.28369140625,True
0,PREFIX8,0,256,correct,Q1,0.25341796875,0.0,-0.02410888671875,0.27752685546875,True
0,PREFIX8,0,256,hemlock_extra_hazard_0.12,Q1,0.25341796875,0.0,-0.0341796875,0.28759765625,True
0,PREFIX8,0,256,entry_lognormal_annual_sd_1.2,Q1,0.25341796875,0.0,-0.0341796875,0.28759765625,True
0,BASELINE32,0,256,correct,Q2,0.25927734375,0.0,-0.02215576171875,0.28143310546875,True
0,BASELINE32,0,256,hemlock_extra_hazard_0.12,Q2,0.25927734375,0.0,-0.0244140625,0.28369140625,True
0,BASELINE32,0,256,entry_lognormal_annual_sd_1.2,Q2,0.25927734375,0.0,-0.0244140625,0.28369140625,True
0,PREFIX8,0,256,correct,Q2,0.25341796875,0.0,-0.02410888671875,0.27752685546875,True
0,PREFIX8,0,256,hemlock_extra_hazard_0.12,Q2,0.25341796875,0.0,-0.0341796875,0.28759765625,True
0,PREFIX8,0,256,entry_lognormal_annual_sd_1.2,Q2,0.25341796875,0.0,-0.0341796875,0.28759765625,True
0,PREFIX8,0,1024,correct,Q1,0.250244140625,0.0,-0.03216552734375,0.28240966796875,True
0,PREFIX8,0,1024,hemlock_extra_hazard_0.12,Q1,0.250244140625,0.0,-0.032470703125,0.28271484375,True
0,PREFIX8,0,1024,entry_lognormal_annual_sd_1.2,Q1,0.250244140625,0.0,-0.032470703125,0.28271484375,True
0,PREFIX8,0,1024,correct,Q2,0.250244140625,0.0,-0.03216552734375,0.28240966796875,True
0,PREFIX8,0,1024,hemlock_extra_hazard_0.12,Q2,0.250244140625,0.0,-0.032470703125,0.28271484375,True
0,PREFIX8,0,1024,entry_lognormal_annual_sd_1.2,Q2,0.250244140625,0.0,-0.032470703125,0.28271484375,True
0,PREFIX8,0,4096,correct,Q1,0.25531005859375,0.0,-0.02459716796875,0.2799072265625,True
0,PREFIX8,0,4096,hemlock_extra_hazard_0.12,Q1,0.25531005859375,0.0,-0.0299072265625,0.28521728515625,True
0,PREFIX8,0,4096,entry_lognormal_annual_sd_1.2,Q1,0.25531005859375,0.0,-0.0299072265625,0.28521728515625,True
0,PREFIX8,0,4096,correct,Q2,0.25531005859375,0.0,-0.02459716796875,0.2799072265625,True
0,PREFIX8,0,4096,hemlock_extra_hazard_0.12,Q2,0.25531005859375,0.0,-0.0299072265625,0.28521728515625,True
0,PREFIX8,0,4096,entry_lognormal_annual_sd_1.2,Q2,0.25531005859375,0.0,-0.0299072265625,0.28521728515625,True
0,OBSERVATION_ONLY8,1,1024,correct,Q1,0.250244140625,0.0,-0.03216552734375,0.28240966796875,True
0,OBSERVATION_ONLY8,1,1024,hemlock_extra_hazard_0.12,Q1,0.250244140625,0.0,-0.032470703125,0.28271484375,True
0,OBSERVATION_ONLY8,1,1024,entry_lognormal_annual_sd_1.2,Q1,0.250244140625,0.0,-0.032470703125,0.28271484375,True
0,OBSERVATION_ONLY8,1,1024,correct,Q2,0.250244140625,0.0,-0.03216552734375,0.28240966796875,True
0,OBSERVATION_ONLY8,1,1024,hemlock_extra_hazard_0.12,Q2,0.250244140625,0.0,-0.032470703125,0.28271484375,True
0,OBSERVATION_ONLY8,1,1024,entry_lognormal_annual_sd_1.2,Q2,0.250244140625,0.0,-0.032470703125,0.28271484375,True
0,OBSERVATION_ONLY8,2,1024,correct,Q1,0.212158203125,0.001220703125,-0.03094482421875,0.24432373046875,True
0,OBSERVATION_ONLY8,2,1024,hemlock_extra_hazard_0.12,Q1,0.212158203125,0.001220703125,-0.03125,0.24462890625,True
0,OBSERVATION_ONLY8,2,1024,entry_lognormal_annual_sd_1.2,Q1,0.212158203125,0.001220703125,-0.03125,0.24462890625,True
0,OBSERVATION_ONLY8,2,1024,correct,Q2,0.212158203125,0.001220703125,-0.03094482421875,0.24432373046875,True
0,OBSERVATION_ONLY8,2,1024,hemlock_extra_hazard_0.12,Q2,0.212158203125,0.001220703125,-0.03125,0.24462890625,True
0,OBSERVATION_ONLY8,2,1024,entry_lognormal_annual_sd_1.2,Q2,0.212158203125,0.001220703125,-0.03125,0.24462890625,True
0,INFERENCE_ONLY8,3,1024,correct,Q1,0.27239990234375,0.0,-0.010009765625,0.28240966796875,True
0,INFERENCE_ONLY8,3,1024,hemlock_extra_hazard_0.12,Q1,0.292724609375,0.0,0.010009765625,0.28271484375,True
0,INFERENCE_ONLY8,3,1024,entry_lognormal_annual_sd_1.2,Q1,0.292724609375,0.0,0.010009765625,0.28271484375,True
0,INFERENCE_ONLY8,3,1024,correct,Q2,0.27239990234375,0.0,-0.010009765625,0.28240966796875,True
0,INFERENCE_ONLY8,3,1024,hemlock_extra_hazard_0.12,Q2,0.292724609375,0.0,0.010009765625,0.28271484375,True
0,INFERENCE_ONLY8,3,1024,entry_lognormal_annual_sd_1.2,Q2,0.292724609375,0.0,0.010009765625,0.28271484375,True
0,INFERENCE_ONLY8,4,1024,correct,Q1,0.24951171875,0.0,-0.03289794921875,0.28240966796875,True
0,INFERENCE_ONLY8,4,1024,hemlock_extra_hazard_0.12,Q1,0.24951171875,0.0,-0.033203125,0.28271484375,True
0,INFERENCE_ONLY8,4,1024,entry_lognormal_annual_sd_1.2,Q1,0.24951171875,0.0,-0.033203125,0.28271484375,True
0,INFERENCE_ONLY8,4,1024,correct,Q2,0.24951171875,0.0,-0.03289794921875,0.28240966796875,True
0,INFERENCE_ONLY8,4,1024,hemlock_extra_hazard_0.12,Q2,0.24951171875,0.0,-0.033203125,0.28271484375,True
0,INFERENCE_ONLY8,4,1024,entry_lognormal_annual_sd_1.2,Q2,0.24951171875,0.0,-0.033203125,0.28271484375,True
0,FUTURE_ONLY8,5,1024,correct,Q1,0.26123046875,0.0,-0.01397705078125,0.27520751953125,True
0,FUTURE_ONLY8,5,1024,hemlock_extra_hazard_0.12,Q1,0.26123046875,0.0,-0.0286865234375,0.2899169921875,True
0,FUTURE_ONLY8,5,1024,entry_lognormal_annual_sd_1.2,Q1,0.26123046875,0.0,-0.0286865234375,0.2899169921875,True
0,FUTURE_ONLY8,5,1024,correct,Q2,0.26123046875,0.0,-0.01397705078125,0.27520751953125,True
0,FUTURE_ONLY8,5,1024,hemlock_extra_hazard_0.12,Q2,0.26123046875,0.0,-0.0286865234375,0.2899169921875,True
0,FUTURE_ONLY8,5,1024,entry_lognormal_annual_sd_1.2,Q2,0.26123046875,0.0,-0.0286865234375,0.2899169921875,True
0,FUTURE_ONLY8,6,1024,correct,Q1,0.2569580078125,0.0,-0.0242919921875,0.28125,True
0,FUTURE_ONLY8,6,1024,hemlock_extra_hazard_0.12,Q1,0.2569580078125,0.0,-0.0242919921875,0.28125,True
0,FUTURE_ONLY8,6,1024,entry_lognormal_annual_sd_1.2,Q1,0.2569580078125,0.0,-0.0242919921875,0.28125,True
0,FUTURE_ONLY8,6,1024,correct,Q2,0.2569580078125,0.0,-0.0242919921875,0.28125,True
0,FUTURE_ONLY8,6,1024,hemlock_extra_hazard_0.12,Q2,0.2569580078125,0.0,-0.0242919921875,0.28125,True
0,FUTURE_ONLY8,6,1024,entry_lognormal_annual_sd_1.2,Q2,0.2569580078125,0.0,-0.0242919921875,0.28125,True
1,BASELINE32,0,256,correct,Q1,0.3082275390625,-0.006103515625,-0.1260986328125,0.42822265625,True
1,BASELINE32,0,256,hemlock_extra_hazard_0.12,Q1,0.55859375,-0.006103515625,0.1138916015625,0.4385986328125,True
1,BASELINE32,0,256,entry_lognormal_annual_sd_1.2,Q1,0.319854736328125,-0.006103515625,-0.124847412109375,0.4385986328125,True
1,PREFIX8,0,256,correct,Q1,0.3319091796875,0.0,-0.1015625,0.4334716796875,True
1,PREFIX8,0,256,hemlock_extra_hazard_0.12,Q1,0.55029296875,0.0,0.1015625,0.44873046875,True
1,PREFIX8,0,256,entry_lognormal_annual_sd_1.2,Q1,0.343536376953125,0.0,-0.1015625,0.445098876953125,True
1,BASELINE32,0,256,correct,Q2,0.3082275390625,-0.006103515625,-0.1260986328125,0.42822265625,True
1,BASELINE32,0,256,hemlock_extra_hazard_0.12,Q2,0.55859375,-0.006103515625,0.1138916015625,0.4385986328125,True
1,BASELINE32,0,256,entry_lognormal_annual_sd_1.2,Q2,0.319854736328125,-0.006103515625,-0.124847412109375,0.4385986328125,True
1,PREFIX8,0,256,correct,Q2,0.3319091796875,0.0,-0.1015625,0.4334716796875,True
1,PREFIX8,0,256,hemlock_extra_hazard_0.12,Q2,0.55029296875,0.0,0.1015625,0.44873046875,True
1,PREFIX8,0,256,entry_lognormal_annual_sd_1.2,Q2,0.343536376953125,0.0,-0.1015625,0.445098876953125,True
1,PREFIX8,0,1024,correct,Q1,0.31689453125,-0.0003662109375,-0.116943359375,0.4334716796875,True
1,PREFIX8,0,1024,hemlock_extra_hazard_0.12,Q1,0.5645751953125,-0.0003662109375,0.1162109375,0.447998046875,True
1,PREFIX8,0,1024,entry_lognormal_annual_sd_1.2,Q1,0.328521728515625,-0.0003662109375,-0.116943359375,0.445098876953125,True
1,PREFIX8,0,1024,correct,Q2,0.31689453125,-0.0003662109375,-0.116943359375,0.4334716796875,True
1,PREFIX8,0,1024,hemlock_extra_hazard_0.12,Q2,0.5645751953125,-0.0003662109375,0.1162109375,0.447998046875,True
1,PREFIX8,0,1024,entry_lognormal_annual_sd_1.2,Q2,0.328521728515625,-0.0003662109375,-0.116943359375,0.445098876953125,True
1,PREFIX8,0,4096,correct,Q1,0.3138427734375,-0.00018310546875,-0.118255615234375,0.431915283203125,True
1,PREFIX8,0,4096,hemlock_extra_hazard_0.12,Q1,0.5679931640625,-0.00018310546875,0.117889404296875,0.449920654296875,True
1,PREFIX8,0,4096,entry_lognormal_annual_sd_1.2,Q1,0.325469970703125,-0.00018310546875,-0.118255615234375,0.44354248046875,True
1,PREFIX8,0,4096,correct,Q2,0.3138427734375,-0.00018310546875,-0.118255615234375,0.431915283203125,True
1,PREFIX8,0,4096,hemlock_extra_hazard_0.12,Q2,0.5679931640625,-0.00018310546875,0.117889404296875,0.449920654296875,True
1,PREFIX8,0,4096,entry_lognormal_annual_sd_1.2,Q2,0.325469970703125,-0.00018310546875,-0.118255615234375,0.44354248046875,True
2,BASELINE32,0,256,correct,Q1,0.1634521484375,0.0,-0.033050537109375,0.196502685546875,True
2,BASELINE32,0,256,hemlock_extra_hazard_0.12,Q1,0.1634521484375,0.0,-0.0361328125,0.1995849609375,True
2,BASELINE32,0,256,entry_lognormal_annual_sd_1.2,Q1,0.1634521484375,0.0,-0.0361328125,0.1995849609375,True
2,PREFIX8,0,256,correct,Q1,0.16455078125,0.0,-0.02685546875,0.19140625,True
2,PREFIX8,0,256,hemlock_extra_hazard_0.12,Q1,0.16455078125,0.0,-0.02685546875,0.19140625,True
2,PREFIX8,0,256,entry_lognormal_annual_sd_1.2,Q1,0.16455078125,0.0,-0.02685546875,0.19140625,True
2,BASELINE32,0,256,correct,Q2,0.1634521484375,0.0,-0.033050537109375,0.196502685546875,True
2,BASELINE32,0,256,hemlock_extra_hazard_0.12,Q2,0.1634521484375,0.0,-0.0361328125,0.1995849609375,True
2,BASELINE32,0,256,entry_lognormal_annual_sd_1.2,Q2,0.1634521484375,0.0,-0.0361328125,0.1995849609375,True
2,PREFIX8,0,256,correct,Q2,0.16455078125,0.0,-0.02685546875,0.19140625,True
2,PREFIX8,0,256,hemlock_extra_hazard_0.12,Q2,0.16455078125,0.0,-0.02685546875,0.19140625,True
2,PREFIX8,0,256,entry_lognormal_annual_sd_1.2,Q2,0.16455078125,0.0,-0.02685546875,0.19140625,True
2,PREFIX8,0,1024,correct,Q1,0.1649169921875,0.0,-0.0286865234375,0.193603515625,True
2,PREFIX8,0,1024,hemlock_extra_hazard_0.12,Q1,0.1649169921875,0.0,-0.0286865234375,0.193603515625,True
2,PREFIX8,0,1024,entry_lognormal_annual_sd_1.2,Q1,0.1649169921875,0.0,-0.0286865234375,0.193603515625,True
2,PREFIX8,0,1024,correct,Q2,0.1649169921875,0.0,-0.0286865234375,0.193603515625,True
2,PREFIX8,0,1024,hemlock_extra_hazard_0.12,Q2,0.1649169921875,0.0,-0.0286865234375,0.193603515625,True
2,PREFIX8,0,1024,entry_lognormal_annual_sd_1.2,Q2,0.1649169921875,0.0,-0.0286865234375,0.193603515625,True
2,PREFIX8,0,4096,correct,Q1,0.160552978515625,0.0,-0.032257080078125,0.19281005859375,True
2,PREFIX8,0,4096,hemlock_extra_hazard_0.12,Q1,0.160552978515625,0.0,-0.032257080078125,0.19281005859375,True
2,PREFIX8,0,4096,entry_lognormal_annual_sd_1.2,Q1,0.160552978515625,0.0,-0.032257080078125,0.19281005859375,True
2,PREFIX8,0,4096,correct,Q2,0.160552978515625,0.0,-0.032257080078125,0.19281005859375,True
2,PREFIX8,0,4096,hemlock_extra_hazard_0.12,Q2,0.160552978515625,0.0,-0.032257080078125,0.19281005859375,True
2,PREFIX8,0,4096,entry_lognormal_annual_sd_1.2,Q2,0.160552978515625,0.0,-0.032257080078125,0.19281005859375,True
3,BASELINE32,0,256,correct,Q1,0.2767333984375,0.0,0.0009765625,0.2757568359375,True
3,BASELINE32,0,256,hemlock_extra_hazard_0.12,Q1,0.2767333984375,0.0,-0.006591796875,0.2833251953125,True
3,BASELINE32,0,256,entry_lognormal_annual_sd_1.2,Q1,0.2767333984375,0.0,-0.006591796875,0.2833251953125,True
3,PREFIX8,0,256,correct,Q1,0.267578125,0.0,-0.00732421875,0.27490234375,True
3,PREFIX8,0,256,hemlock_extra_hazard_0.12,Q1,0.267578125,0.0,-0.0166015625,0.2841796875,True
3,PREFIX8,0,256,entry_lognormal_annual_sd_1.2,Q1,0.267578125,0.0,-0.0166015625,0.2841796875,True
3,BASELINE32,0,256,correct,Q2,0.2767333984375,0.0,0.0009765625,0.2757568359375,True
3,BASELINE32,0,256,hemlock_extra_hazard_0.12,Q2,0.2767333984375,0.0,-0.006591796875,0.2833251953125,True
3,BASELINE32,0,256,entry_lognormal_annual_sd_1.2,Q2,0.2767333984375,0.0,-0.006591796875,0.2833251953125,True
3,PREFIX8,0,256,correct,Q2,0.267578125,0.0,-0.00732421875,0.27490234375,True
3,PREFIX8,0,256,hemlock_extra_hazard_0.12,Q2,0.267578125,0.0,-0.0166015625,0.2841796875,True
3,PREFIX8,0,256,entry_lognormal_annual_sd_1.2,Q2,0.267578125,0.0,-0.0166015625,0.2841796875,True
3,PREFIX8,0,1024,correct,Q1,0.27197265625,0.0,-0.0037841796875,0.2757568359375,True
3,PREFIX8,0,1024,hemlock_extra_hazard_0.12,Q1,0.27197265625,0.0,-0.0037841796875,0.2757568359375,True
3,PREFIX8,0,1024,entry_lognormal_annual_sd_1.2,Q1,0.27197265625,0.0,-0.0037841796875,0.2757568359375,True
3,PREFIX8,0,1024,correct,Q2,0.27197265625,0.0,-0.0037841796875,0.2757568359375,True
3,PREFIX8,0,1024,hemlock_extra_hazard_0.12,Q2,0.27197265625,0.0,-0.0037841796875,0.2757568359375,True
3,PREFIX8,0,1024,entry_lognormal_annual_sd_1.2,Q2,0.27197265625,0.0,-0.0037841796875,0.2757568359375,True
3,PREFIX8,0,4096,correct,Q1,0.277679443359375,0.0,-0.000946044921875,0.27862548828125,True
3,PREFIX8,0,4096,hemlock_extra_hazard_0.12,Q1,0.277679443359375,0.0,-0.000946044921875,0.27862548828125,True
3,PREFIX8,0,4096,entry_lognormal_annual_sd_1.2,Q1,0.277679443359375,0.0,-0.000946044921875,0.27862548828125,True
3,PREFIX8,0,4096,correct,Q2,0.277679443359375,0.0,-0.000946044921875,0.27862548828125,True
3,PREFIX8,0,4096,hemlock_extra_hazard_0.12,Q2,0.277679443359375,0.0,-0.000946044921875,0.27862548828125,True
3,PREFIX8,0,4096,entry_lognormal_annual_sd_1.2,Q2,0.277679443359375,0.0,-0.000946044921875,0.27862548828125,True
4,BASELINE32,0,256,correct,Q1,0.21722412109375,0.0,-0.0325927734375,0.24981689453125,True
4,BASELINE32,0,256,hemlock_extra_hazard_0.12,Q1,0.2833251953125,0.0,0.0325927734375,0.250732421875,True
4,BASELINE32,0,256,entry_lognormal_annual_sd_1.2,Q1,0.235992431640625,0.0,-0.014739990234375,0.250732421875,True
4,PREFIX8,0,256,correct,Q1,0.24078369140625,0.0,-0.0009765625,0.24176025390625,True
4,PREFIX8,0,256,hemlock_extra_hazard_0.12,Q1,0.259765625,0.0,0.0009765625,0.2587890625,True
4,PREFIX8,0,256,entry_lognormal_annual_sd_1.2,Q1,0.259552001953125,0.0,0.000762939453125,0.2587890625,True
4,BASELINE32,0,256,correct,Q2,0.21722412109375,0.0,-0.0325927734375,0.24981689453125,True
4,BASELINE32,0,256,hemlock_extra_hazard_0.12,Q2,0.2833251953125,0.0,0.0325927734375,0.250732421875,True
4,BASELINE32,0,256,entry_lognormal_annual_sd_1.2,Q2,0.235992431640625,0.0,-0.014739990234375,0.250732421875,True
4,PREFIX8,0,256,correct,Q2,0.24078369140625,0.0,-0.0009765625,0.24176025390625,True
4,PREFIX8,0,256,hemlock_extra_hazard_0.12,Q2,0.259765625,0.0,0.0009765625,0.2587890625,True
4,PREFIX8,0,256,entry_lognormal_annual_sd_1.2,Q2,0.259552001953125,0.0,0.000762939453125,0.2587890625,True
4,PREFIX8,0,1024,correct,Q1,0.24078369140625,0.0,-0.009033203125,0.24981689453125,True
4,PREFIX8,0,1024,hemlock_extra_hazard_0.12,Q1,0.259765625,0.0,0.009033203125,0.250732421875,True
4,PREFIX8,0,1024,entry_lognormal_annual_sd_1.2,Q1,0.259552001953125,0.0,0.008819580078125,0.250732421875,True
4,PREFIX8,0,1024,correct,Q2,0.24078369140625,0.0,-0.009033203125,0.24981689453125,True
4,PREFIX8,0,1024,hemlock_extra_hazard_0.12,Q2,0.259765625,0.0,0.009033203125,0.250732421875,True
4,PREFIX8,0,1024,entry_lognormal_annual_sd_1.2,Q2,0.259552001953125,0.0,0.008819580078125,0.250732421875,True
4,PREFIX8,0,4096,correct,Q1,0.238739013671875,0.0,-0.00836181640625,0.247100830078125,True
4,PREFIX8,0,4096,hemlock_extra_hazard_0.12,Q1,0.261810302734375,0.0,0.00836181640625,0.253448486328125,True
4,PREFIX8,0,4096,entry_lognormal_annual_sd_1.2,Q1,0.25750732421875,0.0,0.004058837890625,0.253448486328125,True
4,PREFIX8,0,4096,correct,Q2,0.238739013671875,0.0,-0.00836181640625,0.247100830078125,True
4,PREFIX8,0,4096,hemlock_extra_hazard_0.12,Q2,0.261810302734375,0.0,0.00836181640625,0.253448486328125,True
4,PREFIX8,0,4096,entry_lognormal_annual_sd_1.2,Q2,0.25750732421875,0.0,0.004058837890625,0.253448486328125,True
5,BASELINE32,0,256,correct,Q1,0.183319091796875,-0.0001220703125,-0.017578125,0.200775146484375,True
5,BASELINE32,0,256,hemlock_extra_hazard_0.12,Q1,0.2222900390625,-0.0001220703125,0.017333984375,0.204833984375,True
5,BASELINE32,0,256,entry_lognormal_annual_sd_1.2,Q1,0.210205078125,-0.0001220703125,0.0052490234375,0.204833984375,True
5,PREFIX8,0,256,correct,Q1,0.190032958984375,0.0,-0.01171875,0.201751708984375,True
5,PREFIX8,0,256,hemlock_extra_hazard_0.12,Q1,0.2158203125,0.0,0.01171875,0.2041015625,True
5,PREFIX8,0,256,entry_lognormal_annual_sd_1.2,Q1,0.2158203125,0.0,0.01171875,0.2041015625,True
5,BASELINE32,0,256,correct,Q2,0.183319091796875,-0.0001220703125,-0.017578125,0.200775146484375,True
5,BASELINE32,0,256,hemlock_extra_hazard_0.12,Q2,0.2222900390625,-0.0001220703125,0.017333984375,0.204833984375,True
5,BASELINE32,0,256,entry_lognormal_annual_sd_1.2,Q2,0.210205078125,-0.0001220703125,0.0052490234375,0.204833984375,True
5,PREFIX8,0,256,correct,Q2,0.190032958984375,0.0,-0.01171875,0.201751708984375,True
5,PREFIX8,0,256,hemlock_extra_hazard_0.12,Q2,0.2158203125,0.0,0.01171875,0.2041015625,True
5,PREFIX8,0,256,entry_lognormal_annual_sd_1.2,Q2,0.2158203125,0.0,0.01171875,0.2041015625,True
5,PREFIX8,0,1024,correct,Q1,0.180877685546875,0.0,-0.02099609375,0.201873779296875,True
5,PREFIX8,0,1024,hemlock_extra_hazard_0.12,Q1,0.2249755859375,0.0,0.02099609375,0.2039794921875,True
5,PREFIX8,0,1024,entry_lognormal_annual_sd_1.2,Q1,0.207763671875,0.0,0.0037841796875,0.2039794921875,True
5,PREFIX8,0,1024,correct,Q2,0.180877685546875,0.0,-0.02099609375,0.201873779296875,True
5,PREFIX8,0,1024,hemlock_extra_hazard_0.12,Q2,0.2249755859375,0.0,0.02099609375,0.2039794921875,True
5,PREFIX8,0,1024,entry_lognormal_annual_sd_1.2,Q2,0.207763671875,0.0,0.0037841796875,0.2039794921875,True
5,PREFIX8,0,4096,correct,Q1,0.18341064453125,0.0,-0.0179443359375,0.20135498046875,True
5,PREFIX8,0,4096,hemlock_extra_hazard_0.12,Q1,0.222442626953125,0.0,0.0179443359375,0.204498291015625,True
5,PREFIX8,0,4096,entry_lognormal_annual_sd_1.2,Q1,0.210296630859375,0.0,0.00579833984375,0.204498291015625,True
5,PREFIX8,0,4096,correct,Q2,0.18341064453125,0.0,-0.0179443359375,0.20135498046875,True
5,PREFIX8,0,4096,hemlock_extra_hazard_0.12,Q2,0.222442626953125,0.0,0.0179443359375,0.204498291015625,True
5,PREFIX8,0,4096,entry_lognormal_annual_sd_1.2,Q2,0.210296630859375,0.0,0.00579833984375,0.204498291015625,True
6,BASELINE32,0,256,correct,Q1,0.35455322265625,0.0001220703125,-0.04400634765625,0.398681640625,True
6,BASELINE32,0,256,hemlock_extra_hazard_0.12,Q1,0.447265625,0.0001220703125,0.0487060546875,0.398681640625,True
6,BASELINE32,0,256,entry_lognormal_annual_sd_1.2,Q1,0.348907470703125,0.0001220703125,-0.0484619140625,0.397491455078125,True
6,PREFIX8,0,256,correct,Q1,0.32843017578125,0.0,-0.07098388671875,0.3994140625,True
6,PREFIX8,0,256,hemlock_extra_hazard_0.12,Q1,0.4736328125,0.0,0.07421875,0.3994140625,True
6,PREFIX8,0,256,entry_lognormal_annual_sd_1.2,Q1,0.322784423828125,0.0,-0.07421875,0.397003173828125,True
6,BASELINE32,0,256,correct,Q2,0.35455322265625,0.0001220703125,-0.04400634765625,0.398681640625,True
6,BASELINE32,0,256,hemlock_extra_hazard_0.12,Q2,0.447265625,0.0001220703125,0.0487060546875,0.398681640625,True
6,BASELINE32,0,256,entry_lognormal_annual_sd_1.2,Q2,0.348907470703125,0.0001220703125,-0.0484619140625,0.397491455078125,True
6,PREFIX8,0,256,correct,Q2,0.32843017578125,0.0,-0.07098388671875,0.3994140625,True
6,PREFIX8,0,256,hemlock_extra_hazard_0.12,Q2,0.4736328125,0.0,0.07421875,0.3994140625,True
6,PREFIX8,0,256,entry_lognormal_annual_sd_1.2,Q2,0.322784423828125,0.0,-0.07421875,0.397003173828125,True
6,PREFIX8,0,1024,correct,Q1,0.32623291015625,0.0,-0.07159423828125,0.3978271484375,True
6,PREFIX8,0,1024,hemlock_extra_hazard_0.12,Q1,0.475830078125,0.0,0.0780029296875,0.3978271484375,True
6,PREFIX8,0,1024,entry_lognormal_annual_sd_1.2,Q1,0.320587158203125,0.0,-0.077239990234375,0.3978271484375,True
6,PREFIX8,0,1024,correct,Q2,0.32623291015625,0.0,-0.07159423828125,0.3978271484375,True
6,PREFIX8,0,1024,hemlock_extra_hazard_0.12,Q2,0.475830078125,0.0,0.0780029296875,0.3978271484375,True
6,PREFIX8,0,1024,entry_lognormal_annual_sd_1.2,Q2,0.320587158203125,0.0,-0.077239990234375,0.3978271484375,True
6,PREFIX8,0,4096,correct,Q1,0.3255615234375,0.0,-0.074615478515625,0.400177001953125,True
6,PREFIX8,0,4096,hemlock_extra_hazard_0.12,Q1,0.47650146484375,0.0,0.076324462890625,0.400177001953125,True
6,PREFIX8,0,4096,entry_lognormal_annual_sd_1.2,Q1,0.319915771484375,0.0,-0.076324462890625,0.396240234375,True
6,PREFIX8,0,4096,correct,Q2,0.3255615234375,0.0,-0.074615478515625,0.400177001953125,True
6,PREFIX8,0,4096,hemlock_extra_hazard_0.12,Q2,0.47650146484375,0.0,0.076324462890625,0.400177001953125,True
6,PREFIX8,0,4096,entry_lognormal_annual_sd_1.2,Q2,0.319915771484375,0.0,-0.076324462890625,0.396240234375,True
7,BASELINE32,0,256,correct,Q1,0.22314453125,0.0,-0.0181884765625,0.2413330078125,True
7,BASELINE32,0,256,hemlock_extra_hazard_0.12,Q1,0.22314453125,0.0,-0.0181884765625,0.2413330078125,True
7,BASELINE32,0,256,entry_lognormal_annual_sd_1.2,Q1,0.22314453125,0.0,-0.0181884765625,0.2413330078125,True
7,PREFIX8,0,256,correct,Q1,0.236328125,0.0,0.00439453125,0.23193359375,True
7,PREFIX8,0,256,hemlock_extra_hazard_0.12,Q1,0.236328125,0.0,0.00439453125,0.23193359375,True
7,PREFIX8,0,256,entry_lognormal_annual_sd_1.2,Q1,0.236328125,0.0,0.00439453125,0.23193359375,True
7,BASELINE32,0,256,correct,Q2,0.22314453125,0.0,-0.0181884765625,0.2413330078125,True
7,BASELINE32,0,256,hemlock_extra_hazard_0.12,Q2,0.22314453125,0.0,-0.0181884765625,0.2413330078125,True
7,BASELINE32,0,256,entry_lognormal_annual_sd_1.2,Q2,0.22314453125,0.0,-0.0181884765625,0.2413330078125,True
7,PREFIX8,0,256,correct,Q2,0.236328125,0.0,0.00439453125,0.23193359375,True
7,PREFIX8,0,256,hemlock_extra_hazard_0.12,Q2,0.236328125,0.0,0.00439453125,0.23193359375,True
7,PREFIX8,0,256,entry_lognormal_annual_sd_1.2,Q2,0.236328125,0.0,0.00439453125,0.23193359375,True
7,PREFIX8,0,1024,correct,Q1,0.24090576171875,0.0,-0.001953125,0.24285888671875,True
7,PREFIX8,0,1024,hemlock_extra_hazard_0.12,Q1,0.2454833984375,0.0,0.001953125,0.2435302734375,True
7,PREFIX8,0,1024,entry_lognormal_annual_sd_1.2,Q1,0.244110107421875,0.0,0.000579833984375,0.2435302734375,True
7,PREFIX8,0,1024,correct,Q2,0.24090576171875,0.0,-0.001953125,0.24285888671875,True
7,PREFIX8,0,1024,hemlock_extra_hazard_0.12,Q2,0.2454833984375,0.0,0.001953125,0.2435302734375,True
7,PREFIX8,0,1024,entry_lognormal_annual_sd_1.2,Q2,0.244110107421875,0.0,0.000579833984375,0.2435302734375,True
7,PREFIX8,0,4096,correct,Q1,0.2413330078125,0.0,0.001739501953125,0.239593505859375,True
7,PREFIX8,0,4096,hemlock_extra_hazard_0.12,Q1,0.24505615234375,0.0,0.005462646484375,0.239593505859375,True
7,PREFIX8,0,4096,entry_lognormal_annual_sd_1.2,Q1,0.244537353515625,0.0,0.00494384765625,0.239593505859375,True
7,PREFIX8,0,4096,correct,Q2,0.2413330078125,0.0,0.001739501953125,0.239593505859375,True
7,PREFIX8,0,4096,hemlock_extra_hazard_0.12,Q2,0.24505615234375,0.0,0.005462646484375,0.239593505859375,True
7,PREFIX8,0,4096,entry_lognormal_annual_sd_1.2,Q2,0.244537353515625,0.0,0.00494384765625,0.239593505859375,True
8,BASELINE32,0,256,correct,Q1,0.24700927734375,0.0,-0.03851318359375,0.2855224609375,True
8,BASELINE32,0,256,hemlock_extra_hazard_0.12,Q1,0.3316650390625,0.0,0.046142578125,0.2855224609375,True
8,BASELINE32,0,256,entry_lognormal_annual_sd_1.2,Q1,0.24920654296875,0.0,-0.03631591796875,0.2855224609375,True
8,PREFIX8,0,256,correct,Q1,0.23077392578125,0.0,-0.05828857421875,0.2890625,True
8,PREFIX8,0,256,hemlock_extra_hazard_0.12,Q1,0.35009765625,0.0,0.06103515625,0.2890625,True
8,PREFIX8,0,256,entry_lognormal_annual_sd_1.2,Q1,0.23297119140625,0.0,-0.05609130859375,0.2890625,True
8,BASELINE32,0,256,correct,Q2,0.24700927734375,0.0,-0.03851318359375,0.2855224609375,True
8,BASELINE32,0,256,hemlock_extra_hazard_0.12,Q2,0.3316650390625,0.0,0.046142578125,0.2855224609375,True
8,BASELINE32,0,256,entry_lognormal_annual_sd_1.2,Q2,0.24920654296875,0.0,-0.03631591796875,0.2855224609375,True
8,PREFIX8,0,256,correct,Q2,0.23077392578125,0.0,-0.05828857421875,0.2890625,True
8,PREFIX8,0,256,hemlock_extra_hazard_0.12,Q2,0.35009765625,0.0,0.06103515625,0.2890625,True
8,PREFIX8,0,256,entry_lognormal_annual_sd_1.2,Q2,0.23297119140625,0.0,-0.05609130859375,0.2890625,True
8,PREFIX8,0,1024,correct,Q1,0.23687744140625,0.0,-0.05059814453125,0.2874755859375,True
8,PREFIX8,0,1024,hemlock_extra_hazard_0.12,Q1,0.343994140625,0.0,0.0565185546875,0.2874755859375,True
8,PREFIX8,0,1024,entry_lognormal_annual_sd_1.2,Q1,0.23907470703125,0.0,-0.04840087890625,0.2874755859375,True
8,PREFIX8,0,1024,correct,Q2,0.23687744140625,0.0,-0.05059814453125,0.2874755859375,True
8,PREFIX8,0,1024,hemlock_extra_hazard_0.12,Q2,0.343994140625,0.0,0.0565185546875,0.2874755859375,True
8,PREFIX8,0,1024,entry_lognormal_annual_sd_1.2,Q2,0.23907470703125,0.0,-0.04840087890625,0.2874755859375,True
8,PREFIX8,0,4096,correct,Q1,0.241668701171875,3.0517578125e-05,-0.04376220703125,0.28546142578125,True
8,PREFIX8,0,4096,hemlock_extra_hazard_0.12,Q1,0.339202880859375,3.0517578125e-05,0.0438232421875,0.29541015625,True
8,PREFIX8,0,4096,entry_lognormal_annual_sd_1.2,Q1,0.243865966796875,3.0517578125e-05,-0.04376220703125,0.28765869140625,True
8,PREFIX8,0,4096,correct,Q2,0.241668701171875,3.0517578125e-05,-0.04376220703125,0.28546142578125,True
8,PREFIX8,0,4096,hemlock_extra_hazard_0.12,Q2,0.339202880859375,3.0517578125e-05,0.0438232421875,0.29541015625,True
8,PREFIX8,0,4096,entry_lognormal_annual_sd_1.2,Q2,0.243865966796875,3.0517578125e-05,-0.04376220703125,0.28765869140625,True
9,BASELINE32,0,256,correct,Q1,0.269073486328125,0.0,-0.039398193359375,0.3084716796875,True
9,BASELINE32,0,256,hemlock_extra_hazard_0.12,Q1,0.3599853515625,0.0,0.051513671875,0.3084716796875,True
9,BASELINE32,0,256,entry_lognormal_annual_sd_1.2,Q1,0.265777587890625,0.0,-0.042694091796875,0.3084716796875,True
9,PREFIX8,0,256,correct,Q1,0.293609619140625,0.0,0.010894775390625,0.28271484375,True
9,PREFIX8,0,256,hemlock_extra_hazard_0.12,Q1,0.33544921875,0.0,0.052734375,0.28271484375,True
9,PREFIX8,0,256,entry_lognormal_annual_sd_1.2,Q1,0.290313720703125,0.0,0.007598876953125,0.28271484375,True
9,BASELINE32,0,256,correct,Q2,0.269073486328125,0.0,-0.039398193359375,0.3084716796875,True
9,BASELINE32,0,256,hemlock_extra_hazard_0.12,Q2,0.3599853515625,0.0,0.051513671875,0.3084716796875,True
9,BASELINE32,0,256,entry_lognormal_annual_sd_1.2,Q2,0.265777587890625,0.0,-0.042694091796875,0.3084716796875,True
9,PREFIX8,0,256,correct,Q2,0.293609619140625,0.0,0.010894775390625,0.28271484375,True
9,PREFIX8,0,256,hemlock_extra_hazard_0.12,Q2,0.33544921875,0.0,0.052734375,0.28271484375,True
9,PREFIX8,0,256,entry_lognormal_annual_sd_1.2,Q2,0.290313720703125,0.0,0.007598876953125,0.28271484375,True
9,PREFIX8,0,1024,correct,Q1,0.279449462890625,0.0,-0.032684326171875,0.3121337890625,True
9,PREFIX8,0,1024,hemlock_extra_hazard_0.12,Q1,0.349609375,0.0,0.0374755859375,0.3121337890625,True
9,PREFIX8,0,1024,entry_lognormal_annual_sd_1.2,Q1,0.276153564453125,0.0,-0.035980224609375,0.3121337890625,True
9,PREFIX8,0,1024,correct,Q2,0.279449462890625,0.0,-0.032684326171875,0.3121337890625,True
9,PREFIX8,0,1024,hemlock_extra_hazard_0.12,Q2,0.349609375,0.0,0.0374755859375,0.3121337890625,True
9,PREFIX8,0,1024,entry_lognormal_annual_sd_1.2,Q2,0.276153564453125,0.0,-0.035980224609375,0.3121337890625,True
9,PREFIX8,0,4096,correct,Q1,0.279571533203125,0.0,-0.034423828125,0.313995361328125,True
9,PREFIX8,0,4096,hemlock_extra_hazard_0.12,Q1,0.3494873046875,0.0,0.034423828125,0.3150634765625,True
9,PREFIX8,0,4096,entry_lognormal_annual_sd_1.2,Q1,0.276275634765625,0.0,-0.034423828125,0.310699462890625,True
9,PREFIX8,0,4096,correct,Q2,0.279571533203125,0.0,-0.034423828125,0.313995361328125,True
9,PREFIX8,0,4096,hemlock_extra_hazard_0.12,Q2,0.3494873046875,0.0,0.034423828125,0.3150634765625,True
9,PREFIX8,0,4096,entry_lognormal_annual_sd_1.2,Q2,0.276275634765625,0.0,-0.034423828125,0.310699462890625,True
10,BASELINE32,0,256,correct,Q1,0.0621337890625,0.0048828125,-0.033935546875,0.1009521484375,True
10,BASELINE32,0,256,hemlock_extra_hazard_0.12,Q1,0.0621337890625,0.0048828125,-0.033935546875,0.1009521484375,True
10,BASELINE32,0,256,entry_lognormal_annual_sd_1.2,Q1,0.0621337890625,0.0048828125,-0.033935546875,0.1009521484375,True
10,PREFIX8,0,256,correct,Q1,0.0361328125,0.01171875,-0.02587890625,0.07373046875,True
10,PREFIX8,0,256,hemlock_extra_hazard_0.12,Q1,0.0361328125,0.01171875,-0.02587890625,0.07373046875,True
10,PREFIX8,0,256,entry_lognormal_annual_sd_1.2,Q1,0.0361328125,0.01171875,-0.02587890625,0.07373046875,True
10,BASELINE32,0,256,correct,Q2,0.0621337890625,0.0048828125,-0.033935546875,0.1009521484375,True
10,BASELINE32,0,256,hemlock_extra_hazard_0.12,Q2,0.0621337890625,0.0048828125,-0.033935546875,0.1009521484375,True
10,BASELINE32,0,256,entry_lognormal_annual_sd_1.2,Q2,0.0621337890625,0.0048828125,-0.033935546875,0.1009521484375,True
10,PREFIX8,0,256,correct,Q2,0.0361328125,0.01171875,-0.02587890625,0.07373046875,True
10,PREFIX8,0,256,hemlock_extra_hazard_0.12,Q2,0.0361328125,0.01171875,-0.02587890625,0.07373046875,True
10,PREFIX8,0,256,entry_lognormal_annual_sd_1.2,Q2,0.0361328125,0.01171875,-0.02587890625,0.07373046875,True
10,PREFIX8,0,1024,correct,Q1,0.049072265625,0.0120849609375,-0.030029296875,0.0911865234375,True
10,PREFIX8,0,1024,hemlock_extra_hazard_0.12,Q1,0.049072265625,0.0120849609375,-0.030029296875,0.0911865234375,True
10,PREFIX8,0,1024,entry_lognormal_annual_sd_1.2,Q1,0.049072265625,0.0120849609375,-0.030029296875,0.0911865234375,True
10,PREFIX8,0,1024,correct,Q2,0.049072265625,0.0120849609375,-0.030029296875,0.0911865234375,True
10,PREFIX8,0,1024,hemlock_extra_hazard_0.12,Q2,0.049072265625,0.0120849609375,-0.030029296875,0.0911865234375,True
10,PREFIX8,0,1024,entry_lognormal_annual_sd_1.2,Q2,0.049072265625,0.0120849609375,-0.030029296875,0.0911865234375,True
10,PREFIX8,0,4096,correct,Q1,0.051849365234375,0.011383056640625,-0.027435302734375,0.090667724609375,True
10,PREFIX8,0,4096,hemlock_extra_hazard_0.12,Q1,0.051849365234375,0.011383056640625,-0.027435302734375,0.090667724609375,True
10,PREFIX8,0,4096,entry_lognormal_annual_sd_1.2,Q1,0.051849365234375,0.011383056640625,-0.027435302734375,0.090667724609375,True
10,PREFIX8,0,4096,correct,Q2,0.051849365234375,0.011383056640625,-0.027435302734375,0.090667724609375,True
10,PREFIX8,0,4096,hemlock_extra_hazard_0.12,Q2,0.051849365234375,0.011383056640625,-0.027435302734375,0.090667724609375,True
10,PREFIX8,0,4096,entry_lognormal_annual_sd_1.2,Q2,0.051849365234375,0.011383056640625,-0.027435302734375,0.090667724609375,True
11,BASELINE32,0,256,correct,Q1,0.17572021484375,0.0,-0.02325439453125,0.198974609375,True
11,BASELINE32,0,256,hemlock_extra_hazard_0.12,Q1,0.23095703125,0.0,0.031982421875,0.198974609375,True
11,BASELINE32,0,256,entry_lognormal_annual_sd_1.2,Q1,0.17596435546875,0.0,-0.02301025390625,0.198974609375,True
11,PREFIX8,0,256,correct,Q1,0.16546630859375,0.0,-0.03668212890625,0.2021484375,True
11,PREFIX8,0,256,hemlock_extra_hazard_0.12,Q1,0.2412109375,0.0,0.0390625,0.2021484375,True
11,PREFIX8,0,256,entry_lognormal_annual_sd_1.2,Q1,0.16571044921875,0.0,-0.03643798828125,0.2021484375,True
11,BASELINE32,0,256,correct,Q2,0.17572021484375,0.0,-0.02325439453125,0.198974609375,True
11,BASELINE32,0,256,hemlock_extra_hazard_0.12,Q2,0.23095703125,0.0,0.031982421875,0.198974609375,True
11,BASELINE32,0,256,entry_lognormal_annual_sd_1.2,Q2,0.17596435546875,0.0,-0.02301025390625,0.198974609375,True
11,PREFIX8,0,256,correct,Q2,0.16546630859375,0.0,-0.03668212890625,0.2021484375,True
11,PREFIX8,0,256,hemlock_extra_hazard_0.12,Q2,0.2412109375,0.0,0.0390625,0.2021484375,True
11,PREFIX8,0,256,entry_lognormal_annual_sd_1.2,Q2,0.16571044921875,0.0,-0.03643798828125,0.2021484375,True
11,PREFIX8,0,1024,correct,Q1,0.16485595703125,0.0,-0.03033447265625,0.1951904296875,True
11,PREFIX8,0,1024,hemlock_extra_hazard_0.12,Q1,0.2418212890625,0.0,0.046630859375,0.1951904296875,True
11,PREFIX8,0,1024,entry_lognormal_annual_sd_1.2,Q1,0.16510009765625,0.0,-0.03009033203125,0.1951904296875,True
11,PREFIX8,0,1024,correct,Q2,0.16485595703125,0.0,-0.03033447265625,0.1951904296875,True
11,PREFIX8,0,1024,hemlock_extra_hazard_0.12,Q2,0.2418212890625,0.0,0.046630859375,0.1951904296875,True
11,PREFIX8,0,1024,entry_lognormal_annual_sd_1.2,Q2,0.16510009765625,0.0,-0.03009033203125,0.1951904296875,True
11,PREFIX8,0,4096,correct,Q1,0.162933349609375,0.0,-0.039398193359375,0.20233154296875,True
11,PREFIX8,0,4096,hemlock_extra_hazard_0.12,Q1,0.243743896484375,0.0,0.041412353515625,0.20233154296875,True
11,PREFIX8,0,4096,entry_lognormal_annual_sd_1.2,Q1,0.163177490234375,0.0,-0.039154052734375,0.20233154296875,True
11,PREFIX8,0,4096,correct,Q2,0.162933349609375,0.0,-0.039398193359375,0.20233154296875,True
11,PREFIX8,0,4096,hemlock_extra_hazard_0.12,Q2,0.243743896484375,0.0,0.041412353515625,0.20233154296875,True
11,PREFIX8,0,4096,entry_lognormal_annual_sd_1.2,Q2,0.163177490234375,0.0,-0.039154052734375,0.20233154296875,True
12,BASELINE32,0,256,correct,Q1,0.1678466796875,0.0006103515625,-0.0611572265625,0.2296142578125,True
12,BASELINE32,0,256,hemlock_extra_hazard_0.12,Q1,0.1678466796875,0.0006103515625,-0.0611572265625,0.2296142578125,True
12,BASELINE32,0,256,entry_lognormal_annual_sd_1.2,Q1,0.1678466796875,0.0006103515625,-0.0611572265625,0.2296142578125,True
12,PREFIX8,0,256,correct,Q1,0.1552734375,0.0009765625,-0.07720947265625,0.23345947265625,True
12,PREFIX8,0,256,hemlock_extra_hazard_0.12,Q1,0.1552734375,0.0009765625,-0.08154296875,0.23779296875,True
12,PREFIX8,0,256,entry_lognormal_annual_sd_1.2,Q1,0.1552734375,0.0009765625,-0.077239990234375,0.233489990234375,True
12,BASELINE32,0,256,correct,Q2,0.1678466796875,0.0006103515625,-0.0611572265625,0.2296142578125,True
12,BASELINE32,0,256,hemlock_extra_hazard_0.12,Q2,0.1678466796875,0.0006103515625,-0.0611572265625,0.2296142578125,True
12,BASELINE32,0,256,entry_lognormal_annual_sd_1.2,Q2,0.1678466796875,0.0006103515625,-0.0611572265625,0.2296142578125,True
12,PREFIX8,0,256,correct,Q2,0.1552734375,0.0009765625,-0.07720947265625,0.23345947265625,True
12,PREFIX8,0,256,hemlock_extra_hazard_0.12,Q2,0.1552734375,0.0009765625,-0.08154296875,0.23779296875,True
12,PREFIX8,0,256,entry_lognormal_annual_sd_1.2,Q2,0.1552734375,0.0009765625,-0.077239990234375,0.233489990234375,True
12,PREFIX8,0,1024,correct,Q1,0.152099609375,0.001220703125,-0.07977294921875,0.23309326171875,True
12,PREFIX8,0,1024,hemlock_extra_hazard_0.12,Q1,0.152099609375,0.001220703125,-0.0848388671875,0.2381591796875,True
12,PREFIX8,0,1024,entry_lognormal_annual_sd_1.2,Q1,0.152099609375,0.001220703125,-0.079803466796875,0.233123779296875,True
12,PREFIX8,0,1024,correct,Q2,0.152099609375,0.001220703125,-0.07977294921875,0.23309326171875,True
12,PREFIX8,0,1024,hemlock_extra_hazard_0.12,Q2,0.152099609375,0.001220703125,-0.0848388671875,0.2381591796875,True
12,PREFIX8,0,1024,entry_lognormal_annual_sd_1.2,Q2,0.152099609375,0.001220703125,-0.079803466796875,0.233123779296875,True
12,PREFIX8,0,4096,correct,Q1,0.154449462890625,0.00054931640625,-0.0804443359375,0.235443115234375,True
12,PREFIX8,0,4096,hemlock_extra_hazard_0.12,Q1,0.154449462890625,0.00054931640625,-0.0804443359375,0.235443115234375,True
12,PREFIX8,0,4096,entry_lognormal_annual_sd_1.2,Q1,0.154449462890625,0.00054931640625,-0.0804443359375,0.235443115234375,True
12,PREFIX8,0,4096,correct,Q2,0.154449462890625,0.00054931640625,-0.0804443359375,0.235443115234375,True
12,PREFIX8,0,4096,hemlock_extra_hazard_0.12,Q2,0.154449462890625,0.00054931640625,-0.0804443359375,0.235443115234375,True
12,PREFIX8,0,4096,entry_lognormal_annual_sd_1.2,Q2,0.154449462890625,0.00054931640625,-0.0804443359375,0.235443115234375,True
12,OBSERVATION_ONLY8,1,1024,correct,Q1,0.152099609375,0.0,-0.08099365234375,0.23309326171875,True
12,OBSERVATION_ONLY8,1,1024,hemlock_extra_hazard_0.12,Q1,0.152099609375,0.0,-0.0860595703125,0.2381591796875,True
12,OBSERVATION_ONLY8,1,1024,entry_lognormal_annual_sd_1.2,Q1,0.152099609375,0.0,-0.081024169921875,0.233123779296875,True
12,OBSERVATION_ONLY8,1,1024,correct,Q2,0.152099609375,0.0,-0.08099365234375,0.23309326171875,True
12,OBSERVATION_ONLY8,1,1024,hemlock_extra_hazard_0.12,Q2,0.152099609375,0.0,-0.0860595703125,0.2381591796875,True
12,OBSERVATION_ONLY8,1,1024,entry_lognormal_annual_sd_1.2,Q2,0.152099609375,0.0,-0.081024169921875,0.233123779296875,True
12,OBSERVATION_ONLY8,2,1024,correct,Q1,0.152099609375,0.0,-0.08099365234375,0.23309326171875,True
12,OBSERVATION_ONLY8,2,1024,hemlock_extra_hazard_0.12,Q1,0.152099609375,0.0,-0.0860595703125,0.2381591796875,True
12,OBSERVATION_ONLY8,2,1024,entry_lognormal_annual_sd_1.2,Q1,0.152099609375,0.0,-0.081024169921875,0.233123779296875,True
12,OBSERVATION_ONLY8,2,1024,correct,Q2,0.152099609375,0.0,-0.08099365234375,0.23309326171875,True
12,OBSERVATION_ONLY8,2,1024,hemlock_extra_hazard_0.12,Q2,0.152099609375,0.0,-0.0860595703125,0.2381591796875,True
12,OBSERVATION_ONLY8,2,1024,entry_lognormal_annual_sd_1.2,Q2,0.152099609375,0.0,-0.081024169921875,0.233123779296875,True
12,INFERENCE_ONLY8,3,1024,correct,Q1,0.047607421875,0.011962890625,-0.04779052734375,0.10736083984375,True
12,INFERENCE_ONLY8,3,1024,hemlock_extra_hazard_0.12,Q1,0.047607421875,0.011962890625,-0.0528564453125,0.1124267578125,True
12,INFERENCE_ONLY8,3,1024,entry_lognormal_annual_sd_1.2,Q1,0.047607421875,0.011962890625,-0.047821044921875,0.107391357421875,True
12,INFERENCE_ONLY8,3,1024,correct,Q2,0.047607421875,0.011962890625,-0.04779052734375,0.10736083984375,True
12,INFERENCE_ONLY8,3,1024,hemlock_extra_hazard_0.12,Q2,0.047607421875,0.011962890625,-0.0528564453125,0.1124267578125,True
12,INFERENCE_ONLY8,3,1024,entry_lognormal_annual_sd_1.2,Q2,0.047607421875,0.011962890625,-0.047821044921875,0.107391357421875,True
12,INFERENCE_ONLY8,4,1024,correct,Q1,0.1929931640625,0.0,-0.04010009765625,0.23309326171875,True
12,INFERENCE_ONLY8,4,1024,hemlock_extra_hazard_0.12,Q1,0.1929931640625,0.0,-0.045166015625,0.2381591796875,True
12,INFERENCE_ONLY8,4,1024,entry_lognormal_annual_sd_1.2,Q1,0.1929931640625,0.0,-0.040130615234375,0.233123779296875,True
12,INFERENCE_ONLY8,4,1024,correct,Q2,0.1929931640625,0.0,-0.04010009765625,0.23309326171875,True
12,INFERENCE_ONLY8,4,1024,hemlock_extra_hazard_0.12,Q2,0.1929931640625,0.0,-0.045166015625,0.2381591796875,True
12,INFERENCE_ONLY8,4,1024,entry_lognormal_annual_sd_1.2,Q2,0.1929931640625,0.0,-0.040130615234375,0.233123779296875,True
12,FUTURE_ONLY8,5,1024,correct,Q1,0.161865234375,0.0006103515625,-0.06787109375,0.2303466796875,True
12,FUTURE_ONLY8,5,1024,hemlock_extra_hazard_0.12,Q1,0.161865234375,0.0006103515625,-0.06787109375,0.2303466796875,True
12,FUTURE_ONLY8,5,1024,entry_lognormal_annual_sd_1.2,Q1,0.161865234375,0.0006103515625,-0.06787109375,0.2303466796875,True
12,FUTURE_ONLY8,5,1024,correct,Q2,0.161865234375,0.0006103515625,-0.06787109375,0.2303466796875,True
12,FUTURE_ONLY8,5,1024,hemlock_extra_hazard_0.12,Q2,0.161865234375,0.0006103515625,-0.06787109375,0.2303466796875,True
12,FUTURE_ONLY8,5,1024,entry_lognormal_annual_sd_1.2,Q2,0.161865234375,0.0006103515625,-0.06787109375,0.2303466796875,True
12,FUTURE_ONLY8,6,1024,correct,Q1,0.1510009765625,0.0001220703125,-0.08270263671875,0.23382568359375,True
12,FUTURE_ONLY8,6,1024,hemlock_extra_hazard_0.12,Q1,0.1510009765625,0.0001220703125,-0.0860595703125,0.2371826171875,True
12,FUTURE_ONLY8,6,1024,entry_lognormal_annual_sd_1.2,Q1,0.1510009765625,0.0001220703125,-0.082733154296875,0.233856201171875,True
12,FUTURE_ONLY8,6,1024,correct,Q2,0.1510009765625,0.0001220703125,-0.08270263671875,0.23382568359375,True
12,FUTURE_ONLY8,6,1024,hemlock_extra_hazard_0.12,Q2,0.1510009765625,0.0001220703125,-0.0860595703125,0.2371826171875,True
12,FUTURE_ONLY8,6,1024,entry_lognormal_annual_sd_1.2,Q2,0.1510009765625,0.0001220703125,-0.082733154296875,0.233856201171875,True
13,BASELINE32,0,256,correct,Q1,0.219482421875,-0.0003662109375,-0.015838623046875,0.234954833984375,True
13,BASELINE32,0,256,hemlock_extra_hazard_0.12,Q1,0.219482421875,-0.0003662109375,-0.0361328125,0.2552490234375,True
13,BASELINE32,0,256,entry_lognormal_annual_sd_1.2,Q1,0.219482421875,-0.0003662109375,-0.019775390625,0.2388916015625,True
13,PREFIX8,0,256,correct,Q1,0.21044921875,0.0,-0.014129638671875,0.224578857421875,True
13,PREFIX8,0,256,hemlock_extra_hazard_0.12,Q1,0.21044921875,0.0,-0.0576171875,0.26806640625,True
13,PREFIX8,0,256,entry_lognormal_annual_sd_1.2,Q1,0.21044921875,0.0,-0.01806640625,0.228515625,True
13,BASELINE32,0,256,correct,Q2,0.219482421875,-0.0003662109375,-0.015838623046875,0.234954833984375,True
13,BASELINE32,0,256,hemlock_extra_hazard_0.12,Q2,0.219482421875,-0.0003662109375,-0.0361328125,0.2552490234375,True
13,BASELINE32,0,256,entry_lognormal_annual_sd_1.2,Q2,0.219482421875,-0.0003662109375,-0.019775390625,0.2388916015625,True
13,PREFIX8,0,256,correct,Q2,0.21044921875,0.0,-0.014129638671875,0.224578857421875,True
13,PREFIX8,0,256,hemlock_extra_hazard_0.12,Q2,0.21044921875,0.0,-0.0576171875,0.26806640625,True
13,PREFIX8,0,256,entry_lognormal_annual_sd_1.2,Q2,0.21044921875,0.0,-0.01806640625,0.228515625,True
13,PREFIX8,0,1024,correct,Q1,0.2069091796875,0.0,-0.030975341796875,0.237884521484375,True
13,PREFIX8,0,1024,hemlock_extra_hazard_0.12,Q1,0.2069091796875,0.0,-0.0478515625,0.2547607421875,True
13,PREFIX8,0,1024,entry_lognormal_annual_sd_1.2,Q1,0.2069091796875,0.0,-0.034912109375,0.2418212890625,True
13,PREFIX8,0,1024,correct,Q2,0.2069091796875,0.0,-0.030975341796875,0.237884521484375,True
13,PREFIX8,0,1024,hemlock_extra_hazard_0.12,Q2,0.2069091796875,0.0,-0.0478515625,0.2547607421875,True
13,PREFIX8,0,1024,entry_lognormal_annual_sd_1.2,Q2,0.2069091796875,0.0,-0.034912109375,0.2418212890625,True
13,PREFIX8,0,4096,correct,Q1,0.2110595703125,0.0,-0.033294677734375,0.244354248046875,True
13,PREFIX8,0,4096,hemlock_extra_hazard_0.12,Q1,0.2110595703125,0.0,-0.0372314453125,0.248291015625,True
13,PREFIX8,0,4096,entry_lognormal_annual_sd_1.2,Q1,0.2110595703125,0.0,-0.0372314453125,0.248291015625,True
13,PREFIX8,0,4096,correct,Q2,0.2110595703125,0.0,-0.033294677734375,0.244354248046875,True
13,PREFIX8,0,4096,hemlock_extra_hazard_0.12,Q2,0.2110595703125,0.0,-0.0372314453125,0.248291015625,True
13,PREFIX8,0,4096,entry_lognormal_annual_sd_1.2,Q2,0.2110595703125,0.0,-0.0372314453125,0.248291015625,True
14,BASELINE32,0,256,correct,Q1,0.14794921875,0.0001220703125,-0.0413818359375,0.189453125,True
14,BASELINE32,0,256,hemlock_extra_hazard_0.12,Q1,0.14794921875,0.0001220703125,-0.0413818359375,0.189453125,True
14,BASELINE32,0,256,entry_lognormal_annual_sd_1.2,Q1,0.14794921875,0.0001220703125,-0.0413818359375,0.189453125,True
14,PREFIX8,0,256,correct,Q1,0.14111328125,0.0,-0.04248046875,0.18359375,True
14,PREFIX8,0,256,hemlock_extra_hazard_0.12,Q1,0.14111328125,0.0,-0.04248046875,0.18359375,True
14,PREFIX8,0,256,entry_lognormal_annual_sd_1.2,Q1,0.14111328125,0.0,-0.04248046875,0.18359375,True
14,BASELINE32,0,256,correct,Q2,0.14794921875,0.0001220703125,-0.0413818359375,0.189453125,True
14,BASELINE32,0,256,hemlock_extra_hazard_0.12,Q2,0.14794921875,0.0001220703125,-0.0413818359375,0.189453125,True
14,BASELINE32,0,256,entry_lognormal_annual_sd_1.2,Q2,0.14794921875,0.0001220703125,-0.0413818359375,0.189453125,True
14,PREFIX8,0,256,correct,Q2,0.14111328125,0.0,-0.04248046875,0.18359375,True
14,PREFIX8,0,256,hemlock_extra_hazard_0.12,Q2,0.14111328125,0.0,-0.04248046875,0.18359375,True
14,PREFIX8,0,256,entry_lognormal_annual_sd_1.2,Q2,0.14111328125,0.0,-0.04248046875,0.18359375,True
14,PREFIX8,0,1024,correct,Q1,0.1527099609375,0.0,-0.0335693359375,0.186279296875,True
14,PREFIX8,0,1024,hemlock_extra_hazard_0.12,Q1,0.1527099609375,0.0,-0.0335693359375,0.186279296875,True
14,PREFIX8,0,1024,entry_lognormal_annual_sd_1.2,Q1,0.1527099609375,0.0,-0.0335693359375,0.186279296875,True
14,PREFIX8,0,1024,correct,Q2,0.1527099609375,0.0,-0.0335693359375,0.186279296875,True
14,PREFIX8,0,1024,hemlock_extra_hazard_0.12,Q2,0.1527099609375,0.0,-0.0335693359375,0.186279296875,True
14,PREFIX8,0,1024,entry_lognormal_annual_sd_1.2,Q2,0.1527099609375,0.0,-0.0335693359375,0.186279296875,True
14,PREFIX8,0,4096,correct,Q1,0.146942138671875,0.0,-0.0433349609375,0.190277099609375,True
14,PREFIX8,0,4096,hemlock_extra_hazard_0.12,Q1,0.146942138671875,0.0,-0.0433349609375,0.190277099609375,True
14,PREFIX8,0,4096,entry_lognormal_annual_sd_1.2,Q1,0.146942138671875,0.0,-0.0433349609375,0.190277099609375,True
14,PREFIX8,0,4096,correct,Q2,0.146942138671875,0.0,-0.0433349609375,0.190277099609375,True
14,PREFIX8,0,4096,hemlock_extra_hazard_0.12,Q2,0.146942138671875,0.0,-0.0433349609375,0.190277099609375,True
14,PREFIX8,0,4096,entry_lognormal_annual_sd_1.2,Q2,0.146942138671875,0.0,-0.0433349609375,0.190277099609375,True
15,BASELINE32,0,256,correct,Q1,0.1844482421875,-0.0010986328125,-0.01953125,0.202880859375,True
15,BASELINE32,0,256,hemlock_extra_hazard_0.12,Q1,0.1844482421875,-0.0010986328125,-0.01953125,0.202880859375,True
15,BASELINE32,0,256,entry_lognormal_annual_sd_1.2,Q1,0.1844482421875,-0.0010986328125,-0.01666259765625,0.20001220703125,True
15,PREFIX8,0,256,correct,Q1,0.19482421875,-0.00341796875,-0.009765625,0.201171875,True
15,PREFIX8,0,256,hemlock_extra_hazard_0.12,Q1,0.19482421875,-0.00341796875,-0.009765625,0.201171875,True
15,PREFIX8,0,256,entry_lognormal_annual_sd_1.2,Q1,0.19482421875,-0.00341796875,-0.009765625,0.201171875,True
15,BASELINE32,0,256,correct,Q2,0.1844482421875,-0.0010986328125,-0.01953125,0.202880859375,True
15,BASELINE32,0,256,hemlock_extra_hazard_0.12,Q2,0.1844482421875,-0.0010986328125,-0.01953125,0.202880859375,True
15,BASELINE32,0,256,entry_lognormal_annual_sd_1.2,Q2,0.1844482421875,-0.0010986328125,-0.01666259765625,0.20001220703125,True
15,PREFIX8,0,256,correct,Q2,0.19482421875,-0.00341796875,-0.009765625,0.201171875,True
15,PREFIX8,0,256,hemlock_extra_hazard_0.12,Q2,0.19482421875,-0.00341796875,-0.009765625,0.201171875,True
15,PREFIX8,0,256,entry_lognormal_annual_sd_1.2,Q2,0.19482421875,-0.00341796875,-0.009765625,0.201171875,True
15,PREFIX8,0,1024,correct,Q1,0.2010498046875,-0.0018310546875,-0.0087890625,0.2080078125,True
15,PREFIX8,0,1024,hemlock_extra_hazard_0.12,Q1,0.2010498046875,-0.0018310546875,-0.0087890625,0.2080078125,True
15,PREFIX8,0,1024,entry_lognormal_annual_sd_1.2,Q1,0.2010498046875,-0.0018310546875,-0.0087890625,0.2080078125,True
15,PREFIX8,0,1024,correct,Q2,0.2010498046875,-0.0018310546875,-0.0087890625,0.2080078125,True
15,PREFIX8,0,1024,hemlock_extra_hazard_0.12,Q2,0.2010498046875,-0.0018310546875,-0.0087890625,0.2080078125,True
15,PREFIX8,0,1024,entry_lognormal_annual_sd_1.2,Q2,0.2010498046875,-0.0018310546875,-0.0087890625,0.2080078125,True
15,PREFIX8,0,4096,correct,Q1,0.19927978515625,-0.003265380859375,-0.012908935546875,0.20892333984375,True
15,PREFIX8,0,4096,hemlock_extra_hazard_0.12,Q1,0.19927978515625,-0.003265380859375,-0.012908935546875,0.20892333984375,True
15,PREFIX8,0,4096,entry_lognormal_annual_sd_1.2,Q1,0.19927978515625,-0.003265380859375,-0.011444091796875,0.20745849609375,True
15,PREFIX8,0,4096,correct,Q2,0.19927978515625,-0.003265380859375,-0.012908935546875,0.20892333984375,True
15,PREFIX8,0,4096,hemlock_extra_hazard_0.12,Q2,0.19927978515625,-0.003265380859375,-0.012908935546875,0.20892333984375,True
15,PREFIX8,0,4096,entry_lognormal_annual_sd_1.2,Q2,0.19927978515625,-0.003265380859375,-0.011444091796875,0.20745849609375,True
16,BASELINE32,0,256,correct,Q1,0.199981689453125,-0.0023193359375,-0.0068359375,0.204498291015625,True
16,BASELINE32,0,256,hemlock_extra_hazard_0.12,Q1,0.2171630859375,-0.0023193359375,0.002197265625,0.212646484375,True
16,BASELINE32,0,256,entry_lognormal_annual_sd_1.2,Q1,0.202850341796875,-0.0023193359375,-0.0068359375,0.207366943359375,True
16,PREFIX8,0,256,correct,Q1,0.208404541015625,0.0,-0.0009765625,0.209381103515625,True
16,PREFIX8,0,256,hemlock_extra_hazard_0.12,Q1,0.2275390625,0.0,0.0009765625,0.2265625,True
16,PREFIX8,0,256,entry_lognormal_annual_sd_1.2,Q1,0.211273193359375,0.0,-0.0009765625,0.212249755859375,True
16,BASELINE32,0,256,correct,Q2,0.199981689453125,-0.0023193359375,-0.0068359375,0.204498291015625,True
16,BASELINE32,0,256,hemlock_extra_hazard_0.12,Q2,0.2171630859375,-0.0023193359375,0.002197265625,0.212646484375,True
16,BASELINE32,0,256,entry_lognormal_annual_sd_1.2,Q2,0.202850341796875,-0.0023193359375,-0.0068359375,0.207366943359375,True
16,PREFIX8,0,256,correct,Q2,0.208404541015625,0.0,-0.0009765625,0.209381103515625,True
16,PREFIX8,0,256,hemlock_extra_hazard_0.12,Q2,0.2275390625,0.0,0.0009765625,0.2265625,True
16,PREFIX8,0,256,entry_lognormal_annual_sd_1.2,Q2,0.211273193359375,0.0,-0.0009765625,0.212249755859375,True
16,PREFIX8,0,1024,correct,Q1,0.210845947265625,0.0,-0.006927490234375,0.2177734375,True
16,PREFIX8,0,1024,hemlock_extra_hazard_0.12,Q1,0.22509765625,0.0,0.00732421875,0.2177734375,True
16,PREFIX8,0,1024,entry_lognormal_annual_sd_1.2,Q1,0.213714599609375,0.0,-0.004058837890625,0.2177734375,True
16,PREFIX8,0,1024,correct,Q2,0.210845947265625,0.0,-0.006927490234375,0.2177734375,True
16,PREFIX8,0,1024,hemlock_extra_hazard_0.12,Q2,0.22509765625,0.0,0.00732421875,0.2177734375,True
16,PREFIX8,0,1024,entry_lognormal_annual_sd_1.2,Q2,0.213714599609375,0.0,-0.004058837890625,0.2177734375,True
16,PREFIX8,0,4096,correct,Q1,0.210357666015625,0.0,-0.00604248046875,0.216400146484375,True
16,PREFIX8,0,4096,hemlock_extra_hazard_0.12,Q1,0.2255859375,0.0,0.00604248046875,0.21954345703125,True
16,PREFIX8,0,4096,entry_lognormal_annual_sd_1.2,Q1,0.213226318359375,0.0,-0.00604248046875,0.219268798828125,True
16,PREFIX8,0,4096,correct,Q2,0.210357666015625,0.0,-0.00604248046875,0.216400146484375,True
16,PREFIX8,0,4096,hemlock_extra_hazard_0.12,Q2,0.2255859375,0.0,0.00604248046875,0.21954345703125,True
16,PREFIX8,0,4096,entry_lognormal_annual_sd_1.2,Q2,0.213226318359375,0.0,-0.00604248046875,0.219268798828125,True
17,BASELINE32,0,256,correct,Q1,0.148101806640625,0.0009765625,-0.0064697265625,0.155548095703125,True
17,BASELINE32,0,256,hemlock_extra_hazard_0.12,Q1,0.1807861328125,0.0009765625,0.0084228515625,0.17333984375,True
17,BASELINE32,0,256,entry_lognormal_annual_sd_1.2,Q1,0.144805908203125,0.0009765625,-0.0064697265625,0.152252197265625,True
17,PREFIX8,0,256,correct,Q1,0.182159423828125,0.0078125,0.01123046875,0.178741455078125,True
17,PREFIX8,0,256,hemlock_extra_hazard_0.12,Q1,0.19091796875,0.0078125,0.00439453125,0.1943359375,True
17,PREFIX8,0,256,entry_lognormal_annual_sd_1.2,Q1,0.178863525390625,0.0078125,0.01123046875,0.175445556640625,True
17,BASELINE32,0,256,correct,Q2,0.148101806640625,0.0009765625,-0.0064697265625,0.155548095703125,True
17,BASELINE32,0,256,hemlock_extra_hazard_0.12,Q2,0.1807861328125,0.0009765625,0.0084228515625,0.17333984375,True
17,BASELINE32,0,256,entry_lognormal_annual_sd_1.2,Q2,0.144805908203125,0.0009765625,-0.0064697265625,0.152252197265625,True
17,PREFIX8,0,256,correct,Q2,0.182159423828125,0.0078125,0.01123046875,0.178741455078125,True
17,PREFIX8,0,256,hemlock_extra_hazard_0.12,Q2,0.19091796875,0.0078125,0.00439453125,0.1943359375,True
17,PREFIX8,0,256,entry_lognormal_annual_sd_1.2,Q2,0.178863525390625,0.0078125,0.01123046875,0.175445556640625,True
17,PREFIX8,0,1024,correct,Q1,0.178985595703125,0.0093994140625,0.0113525390625,0.177032470703125,True
17,PREFIX8,0,1024,hemlock_extra_hazard_0.12,Q1,0.191650390625,0.0093994140625,0.0074462890625,0.193603515625,True
17,PREFIX8,0,1024,entry_lognormal_annual_sd_1.2,Q1,0.175689697265625,0.0093994140625,0.0113525390625,0.173736572265625,True
17,PREFIX8,0,1024,correct,Q2,0.178985595703125,0.0093994140625,0.0113525390625,0.177032470703125,True
17,PREFIX8,0,1024,hemlock_extra_hazard_0.12,Q2,0.191650390625,0.0093994140625,0.0074462890625,0.193603515625,True
17,PREFIX8,0,1024,entry_lognormal_annual_sd_1.2,Q2,0.175689697265625,0.0093994140625,0.0113525390625,0.173736572265625,True
17,PREFIX8,0,4096,correct,Q1,0.183258056640625,0.00787353515625,0.0098876953125,0.181243896484375,True
17,PREFIX8,0,4096,hemlock_extra_hazard_0.12,Q1,0.183258056640625,0.00787353515625,0.0098876953125,0.181243896484375,True
17,PREFIX8,0,4096,entry_lognormal_annual_sd_1.2,Q1,0.18121337890625,0.00787353515625,0.007843017578125,0.181243896484375,True
17,PREFIX8,0,4096,correct,Q2,0.183258056640625,0.00787353515625,0.0098876953125,0.181243896484375,True
17,PREFIX8,0,4096,hemlock_extra_hazard_0.12,Q2,0.183258056640625,0.00787353515625,0.0098876953125,0.181243896484375,True
17,PREFIX8,0,4096,entry_lognormal_annual_sd_1.2,Q2,0.18121337890625,0.00787353515625,0.007843017578125,0.181243896484375,True
18,BASELINE32,0,256,correct,Q1,-0.30462646484375,-0.130615234375,-0.61602783203125,0.1807861328125,True
18,BASELINE32,0,256,hemlock_extra_hazard_0.12,Q1,0.6680908203125,-0.130615234375,0.356689453125,0.1807861328125,True
18,BASELINE32,0,256,entry_lognormal_annual_sd_1.2,Q1,-0.283660888671875,-0.130615234375,-0.595062255859375,0.1807861328125,True
18,PREFIX8,0,256,correct,Q1,-0.10430908203125,-0.05419921875,-0.41259765625,0.25408935546875,True
18,PREFIX8,0,256,hemlock_extra_hazard_0.12,Q1,0.61962890625,-0.05419921875,0.30419921875,0.26123046875,True
18,PREFIX8,0,256,entry_lognormal_annual_sd_1.2,Q1,-0.083343505859375,-0.05419921875,-0.398773193359375,0.26123046875,True
18,BASELINE32,0,256,correct,Q2,-0.30462646484375,-0.130615234375,-0.61602783203125,0.1807861328125,True
18,BASELINE32,0,256,hemlock_extra_hazard_0.12,Q2,0.6680908203125,-0.130615234375,0.356689453125,0.1807861328125,True
18,BASELINE32,0,256,entry_lognormal_annual_sd_1.2,Q2,-0.283660888671875,-0.130615234375,-0.595062255859375,0.1807861328125,True
18,PREFIX8,0,256,correct,Q2,-0.10430908203125,-0.05419921875,-0.41259765625,0.25408935546875,True
18,PREFIX8,0,256,hemlock_extra_hazard_0.12,Q2,0.61962890625,-0.05419921875,0.30419921875,0.26123046875,True
18,PREFIX8,0,256,entry_lognormal_annual_sd_1.2,Q2,-0.083343505859375,-0.05419921875,-0.398773193359375,0.26123046875,True
18,PREFIX8,0,1024,correct,Q1,-0.10565185546875,-0.054931640625,-0.4149169921875,0.25433349609375,True
18,PREFIX8,0,1024,hemlock_extra_hazard_0.12,Q1,0.6224365234375,-0.054931640625,0.3050537109375,0.262451171875,True
18,PREFIX8,0,1024,entry_lognormal_annual_sd_1.2,Q1,-0.084686279296875,-0.054931640625,-0.402069091796875,0.262451171875,True
18,PREFIX8,0,1024,correct,Q2,-0.10565185546875,-0.054931640625,-0.4149169921875,0.25433349609375,True
18,PREFIX8,0,1024,hemlock_extra_hazard_0.12,Q2,0.6224365234375,-0.054931640625,0.3050537109375,0.262451171875,True
18,PREFIX8,0,1024,entry_lognormal_annual_sd_1.2,Q2,-0.084686279296875,-0.054931640625,-0.402069091796875,0.262451171875,True
18,PREFIX8,0,4096,correct,Q1,-0.100677490234375,-0.052978515625,-0.408447265625,0.254791259765625,True
18,PREFIX8,0,4096,hemlock_extra_hazard_0.12,Q1,0.620941162109375,-0.052978515625,0.302490234375,0.265472412109375,True
18,PREFIX8,0,4096,entry_lognormal_annual_sd_1.2,Q1,-0.0797119140625,-0.052978515625,-0.398162841796875,0.265472412109375,True
18,PREFIX8,0,4096,correct,Q2,-0.100677490234375,-0.052978515625,-0.408447265625,0.254791259765625,True
18,PREFIX8,0,4096,hemlock_extra_hazard_0.12,Q2,0.620941162109375,-0.052978515625,0.302490234375,0.265472412109375,True
18,PREFIX8,0,4096,entry_lognormal_annual_sd_1.2,Q2,-0.0797119140625,-0.052978515625,-0.398162841796875,0.265472412109375,True
19,BASELINE32,0,256,correct,Q1,0.049072265625,-0.0111083984375,-0.0096435546875,0.047607421875,True
19,BASELINE32,0,256,hemlock_extra_hazard_0.12,Q1,0.049072265625,-0.0111083984375,-0.0096435546875,0.047607421875,True
19,BASELINE32,0,256,entry_lognormal_annual_sd_1.2,Q1,0.049072265625,-0.0111083984375,-0.0096435546875,0.047607421875,True
19,PREFIX8,0,256,correct,Q1,0.0498046875,0.02392578125,-0.064697265625,0.138427734375,True
19,PREFIX8,0,256,hemlock_extra_hazard_0.12,Q1,0.0498046875,0.02392578125,-0.0712890625,0.14501953125,True
19,PREFIX8,0,256,entry_lognormal_annual_sd_1.2,Q1,0.0498046875,0.02392578125,-0.0712890625,0.14501953125,True
19,BASELINE32,0,256,correct,Q2,0.049072265625,-0.0111083984375,-0.0096435546875,0.047607421875,True
19,BASELINE32,0,256,hemlock_extra_hazard_0.12,Q2,0.049072265625,-0.0111083984375,-0.0096435546875,0.047607421875,True
19,BASELINE32,0,256,entry_lognormal_annual_sd_1.2,Q2,0.049072265625,-0.0111083984375,-0.0096435546875,0.047607421875,True
19,PREFIX8,0,256,correct,Q2,0.0498046875,0.02392578125,-0.064697265625,0.138427734375,True
19,PREFIX8,0,256,hemlock_extra_hazard_0.12,Q2,0.0498046875,0.02392578125,-0.0712890625,0.14501953125,True
19,PREFIX8,0,256,entry_lognormal_annual_sd_1.2,Q2,0.0498046875,0.02392578125,-0.0712890625,0.14501953125,True
19,PREFIX8,0,1024,correct,Q1,0.0584716796875,0.0189208984375,-0.04638671875,0.123779296875,True
19,PREFIX8,0,1024,hemlock_extra_hazard_0.12,Q1,0.0584716796875,0.0189208984375,-0.06689453125,0.144287109375,True
19,PREFIX8,0,1024,entry_lognormal_annual_sd_1.2,Q1,0.0584716796875,0.0189208984375,-0.060821533203125,0.138214111328125,True
19,PREFIX8,0,1024,correct,Q2,0.0584716796875,0.0189208984375,-0.04638671875,0.123779296875,True
19,PREFIX8,0,1024,hemlock_extra_hazard_0.12,Q2,0.0584716796875,0.0189208984375,-0.06689453125,0.144287109375,True
19,PREFIX8,0,1024,entry_lognormal_annual_sd_1.2,Q2,0.0584716796875,0.0189208984375,-0.060821533203125,0.138214111328125,True
19,PREFIX8,0,4096,correct,Q1,0.051788330078125,0.0213623046875,-0.059112548828125,0.13226318359375,True
19,PREFIX8,0,4096,hemlock_extra_hazard_0.12,Q1,0.051788330078125,0.0213623046875,-0.060272216796875,0.1334228515625,True
19,PREFIX8,0,4096,entry_lognormal_annual_sd_1.2,Q1,0.051788330078125,0.0213623046875,-0.060272216796875,0.1334228515625,True
19,PREFIX8,0,4096,correct,Q2,0.051788330078125,0.0213623046875,-0.059112548828125,0.13226318359375,True
19,PREFIX8,0,4096,hemlock_extra_hazard_0.12,Q2,0.051788330078125,0.0213623046875,-0.060272216796875,0.1334228515625,True
19,PREFIX8,0,4096,entry_lognormal_annual_sd_1.2,Q2,0.051788330078125,0.0213623046875,-0.060272216796875,0.1334228515625,True
20,BASELINE32,0,256,correct,Q1,0.2154541015625,0.0126953125,0.01190185546875,0.21624755859375,True
20,BASELINE32,0,256,hemlock_extra_hazard_0.12,Q1,0.2154541015625,0.0126953125,-0.00048828125,0.2286376953125,True
20,BASELINE32,0,256,entry_lognormal_annual_sd_1.2,Q1,0.2154541015625,0.0126953125,-0.00048828125,0.2286376953125,True
20,PREFIX8,0,256,correct,Q1,0.19921875,0.06494140625,0.05999755859375,0.20416259765625,True
20,PREFIX8,0,256,hemlock_extra_hazard_0.12,Q1,0.19921875,0.06494140625,0.02001953125,0.244140625,True
20,PREFIX8,0,256,entry_lognormal_annual_sd_1.2,Q1,0.19921875,0.06494140625,0.040069580078125,0.224090576171875,True
20,BASELINE32,0,256,correct,Q2,0.2154541015625,0.0126953125,0.01190185546875,0.21624755859375,True
20,BASELINE32,0,256,hemlock_extra_hazard_0.12,Q2,0.2154541015625,0.0126953125,-0.00048828125,0.2286376953125,True
20,BASELINE32,0,256,entry_lognormal_annual_sd_1.2,Q2,0.2154541015625,0.0126953125,-0.00048828125,0.2286376953125,True
20,PREFIX8,0,256,correct,Q2,0.19921875,0.06494140625,0.05999755859375,0.20416259765625,True
20,PREFIX8,0,256,hemlock_extra_hazard_0.12,Q2,0.19921875,0.06494140625,0.02001953125,0.244140625,True
20,PREFIX8,0,256,entry_lognormal_annual_sd_1.2,Q2,0.19921875,0.06494140625,0.040069580078125,0.224090576171875,True
20,PREFIX8,0,1024,correct,Q1,0.1978759765625,0.055908203125,0.03472900390625,0.21905517578125,True
20,PREFIX8,0,1024,hemlock_extra_hazard_0.12,Q1,0.1978759765625,0.055908203125,0.0311279296875,0.22265625,True
20,PREFIX8,0,1024,entry_lognormal_annual_sd_1.2,Q1,0.1978759765625,0.055908203125,0.0311279296875,0.22265625,True
20,PREFIX8,0,1024,correct,Q2,0.1978759765625,0.055908203125,0.03472900390625,0.21905517578125,True
20,PREFIX8,0,1024,hemlock_extra_hazard_0.12,Q2,0.1978759765625,0.055908203125,0.0311279296875,0.22265625,True
20,PREFIX8,0,1024,entry_lognormal_annual_sd_1.2,Q2,0.1978759765625,0.055908203125,0.0311279296875,0.22265625,True
20,PREFIX8,0,4096,correct,Q1,0.201873779296875,0.055023193359375,0.036163330078125,0.220733642578125,True
20,PREFIX8,0,4096,hemlock_extra_hazard_0.12,Q1,0.201873779296875,0.055023193359375,0.036163330078125,0.220733642578125,True
20,PREFIX8,0,4096,entry_lognormal_annual_sd_1.2,Q1,0.201873779296875,0.055023193359375,0.036163330078125,0.220733642578125,True
20,PREFIX8,0,4096,correct,Q2,0.201873779296875,0.055023193359375,0.036163330078125,0.220733642578125,True
20,PREFIX8,0,4096,hemlock_extra_hazard_0.12,Q2,0.201873779296875,0.055023193359375,0.036163330078125,0.220733642578125,True
20,PREFIX8,0,4096,entry_lognormal_annual_sd_1.2,Q2,0.201873779296875,0.055023193359375,0.036163330078125,0.220733642578125,True
21,BASELINE32,0,256,correct,Q1,-0.297637939453125,-0.146728515625,-0.480377197265625,0.0360107421875,True
21,BASELINE32,0,256,hemlock_extra_hazard_0.12,Q1,0.371826171875,-0.146728515625,0.1890869140625,0.0360107421875,True
21,BASELINE32,0,256,entry_lognormal_annual_sd_1.2,Q1,-0.279632568359375,-0.146728515625,-0.462371826171875,0.0360107421875,True
21,PREFIX8,0,256,correct,Q1,-0.35546875,-0.186492919921875,-0.53369140625,-0.008270263671875,True
21,PREFIX8,0,256,hemlock_extra_hazard_0.12,Q1,0.35546875,-0.18896484375,0.17724609375,-0.0107421875,True
21,PREFIX8,0,256,entry_lognormal_annual_sd_1.2,Q1,-0.339935302734375,-0.18896484375,-0.518157958984375,-0.0107421875,True
21,BASELINE32,0,256,correct,Q2,-0.297637939453125,-0.146728515625,-0.480377197265625,0.0360107421875,True
21,BASELINE32,0,256,hemlock_extra_hazard_0.12,Q2,0.371826171875,-0.146728515625,0.1890869140625,0.0360107421875,True
21,BASELINE32,0,256,entry_lognormal_annual_sd_1.2,Q2,-0.279632568359375,-0.146728515625,-0.462371826171875,0.0360107421875,True
21,PREFIX8,0,256,correct,Q2,-0.35546875,-0.186492919921875,-0.53369140625,-0.008270263671875,True
21,PREFIX8,0,256,hemlock_extra_hazard_0.12,Q2,0.35546875,-0.18896484375,0.17724609375,-0.0107421875,True
21,PREFIX8,0,256,entry_lognormal_annual_sd_1.2,Q2,-0.339935302734375,-0.18896484375,-0.518157958984375,-0.0107421875,True
21,PREFIX8,0,1024,correct,Q1,-0.359527587890625,-0.18212890625,-0.539825439453125,-0.0018310546875,True
21,PREFIX8,0,1024,hemlock_extra_hazard_0.12,Q1,0.3612060546875,-0.18212890625,0.180908203125,-0.0018310546875,True
21,PREFIX8,0,1024,entry_lognormal_annual_sd_1.2,Q1,-0.341522216796875,-0.18212890625,-0.521820068359375,-0.0018310546875,True
21,PREFIX8,0,1024,correct,Q2,-0.359527587890625,-0.18212890625,-0.539825439453125,-0.0018310546875,True
21,PREFIX8,0,1024,hemlock_extra_hazard_0.12,Q2,0.3612060546875,-0.18212890625,0.180908203125,-0.0018310546875,True
21,PREFIX8,0,1024,entry_lognormal_annual_sd_1.2,Q2,-0.341522216796875,-0.18212890625,-0.521820068359375,-0.0018310546875,True
21,PREFIX8,0,4096,correct,Q1,-0.357330322265625,-0.17718505859375,-0.534088134765625,-0.00042724609375,True
21,PREFIX8,0,4096,hemlock_extra_hazard_0.12,Q1,0.357330322265625,-0.182098388671875,0.180572509765625,-0.005340576171875,True
21,PREFIX8,0,4096,entry_lognormal_annual_sd_1.2,Q1,-0.34423828125,-0.182098388671875,-0.52099609375,-0.005340576171875,True
21,PREFIX8,0,4096,correct,Q2,-0.357330322265625,-0.17718505859375,-0.534088134765625,-0.00042724609375,True
21,PREFIX8,0,4096,hemlock_extra_hazard_0.12,Q2,0.357330322265625,-0.182098388671875,0.180572509765625,-0.005340576171875,True
21,PREFIX8,0,4096,entry_lognormal_annual_sd_1.2,Q2,-0.34423828125,-0.182098388671875,-0.52099609375,-0.005340576171875,True
22,BASELINE32,0,256,correct,Q1,-0.047607421875,-0.07366943359375,-0.20269775390625,0.0814208984375,True
22,BASELINE32,0,256,hemlock_extra_hazard_0.12,Q1,-0.047607421875,0.240478515625,0.1114501953125,0.0814208984375,True
22,BASELINE32,0,256,entry_lognormal_annual_sd_1.2,Q1,-0.047607421875,-0.05963134765625,-0.18865966796875,0.0814208984375,True
22,PREFIX8,0,256,correct,Q1,-0.087890625,-0.08074951171875,-0.23944091796875,0.07080078125,True
22,PREFIX8,0,256,hemlock_extra_hazard_0.12,Q1,-0.087890625,0.22509765625,0.06640625,0.07080078125,True
22,PREFIX8,0,256,entry_lognormal_annual_sd_1.2,Q1,-0.087890625,-0.06671142578125,-0.22540283203125,0.07080078125,True
22,BASELINE32,0,256,correct,Q2,-0.047607421875,-0.07366943359375,-0.20269775390625,0.0814208984375,True
22,BASELINE32,0,256,hemlock_extra_hazard_0.12,Q2,-0.047607421875,0.240478515625,0.1114501953125,0.0814208984375,True
22,BASELINE32,0,256,entry_lognormal_annual_sd_1.2,Q2,-0.047607421875,-0.05963134765625,-0.18865966796875,0.0814208984375,True
22,PREFIX8,0,256,correct,Q2,-0.087890625,-0.08074951171875,-0.23944091796875,0.07080078125,True
22,PREFIX8,0,256,hemlock_extra_hazard_0.12,Q2,-0.087890625,0.22509765625,0.06640625,0.07080078125,True
22,PREFIX8,0,256,entry_lognormal_annual_sd_1.2,Q2,-0.087890625,-0.06671142578125,-0.22540283203125,0.07080078125,True
22,PREFIX8,0,1024,correct,Q1,-0.0848388671875,-0.07086181640625,-0.228271484375,0.07257080078125,True
22,PREFIX8,0,1024,hemlock_extra_hazard_0.12,Q1,-0.0848388671875,0.2196044921875,0.05859375,0.076171875,True
22,PREFIX8,0,1024,entry_lognormal_annual_sd_1.2,Q1,-0.0848388671875,-0.05682373046875,-0.21783447265625,0.076171875,True
22,PREFIX8,0,1024,correct,Q2,-0.0848388671875,-0.07086181640625,-0.228271484375,0.07257080078125,True
22,PREFIX8,0,1024,hemlock_extra_hazard_0.12,Q2,-0.0848388671875,0.2196044921875,0.05859375,0.076171875,True
22,PREFIX8,0,1024,entry_lognormal_annual_sd_1.2,Q2,-0.0848388671875,-0.05682373046875,-0.21783447265625,0.076171875,True
22,PREFIX8,0,4096,correct,Q1,-0.083648681640625,-0.069915771484375,-0.226593017578125,0.073028564453125,True
22,PREFIX8,0,4096,hemlock_extra_hazard_0.12,Q1,-0.083648681640625,0.221649169921875,0.064971923828125,0.073028564453125,True
22,PREFIX8,0,4096,entry_lognormal_annual_sd_1.2,Q1,-0.083648681640625,-0.055877685546875,-0.212554931640625,0.073028564453125,True
22,PREFIX8,0,4096,correct,Q2,-0.083648681640625,-0.069915771484375,-0.226593017578125,0.073028564453125,True
22,PREFIX8,0,4096,hemlock_extra_hazard_0.12,Q2,-0.083648681640625,0.221649169921875,0.064971923828125,0.073028564453125,True
22,PREFIX8,0,4096,entry_lognormal_annual_sd_1.2,Q2,-0.083648681640625,-0.055877685546875,-0.212554931640625,0.073028564453125,True
23,BASELINE32,0,256,correct,Q1,0.0968017578125,0.004150390625,-0.064300537109375,0.165252685546875,True
23,BASELINE32,0,256,hemlock_extra_hazard_0.12,Q1,0.0968017578125,0.004150390625,-0.07275390625,0.1737060546875,True
23,BASELINE32,0,256,entry_lognormal_annual_sd_1.2,Q1,0.0968017578125,0.004150390625,-0.07275390625,0.1737060546875,True
23,PREFIX8,0,256,correct,Q1,0.16015625,0.00439453125,-0.01220703125,0.1767578125,True
23,PREFIX8,0,256,hemlock_extra_hazard_0.12,Q1,0.16015625,0.00439453125,-0.01220703125,0.1767578125,True
23,PREFIX8,0,256,entry_lognormal_annual_sd_1.2,Q1,0.16015625,0.00439453125,-0.01220703125,0.1767578125,True
23,BASELINE32,0,256,correct,Q2,0.0968017578125,0.004150390625,-0.064300537109375,0.165252685546875,True
23,BASELINE32,0,256,hemlock_extra_hazard_0.12,Q2,0.0968017578125,0.004150390625,-0.07275390625,0.1737060546875,True
23,BASELINE32,0,256,entry_lognormal_annual_sd_1.2,Q2,0.0968017578125,0.004150390625,-0.07275390625,0.1737060546875,True
23,PREFIX8,0,256,correct,Q2,0.16015625,0.00439453125,-0.01220703125,0.1767578125,True
23,PREFIX8,0,256,hemlock_extra_hazard_0.12,Q2,0.16015625,0.00439453125,-0.01220703125,0.1767578125,True
23,PREFIX8,0,256,entry_lognormal_annual_sd_1.2,Q2,0.16015625,0.00439453125,-0.01220703125,0.1767578125,True
23,PREFIX8,0,1024,correct,Q1,0.168212890625,0.0037841796875,-0.0052490234375,0.17724609375,True
23,PREFIX8,0,1024,hemlock_extra_hazard_0.12,Q1,0.168212890625,0.0037841796875,-0.0052490234375,0.17724609375,True
23,PREFIX8,0,1024,entry_lognormal_annual_sd_1.2,Q1,0.168212890625,0.0037841796875,-0.0052490234375,0.17724609375,True
23,PREFIX8,0,1024,correct,Q2,0.168212890625,0.0037841796875,-0.0052490234375,0.17724609375,True
23,PREFIX8,0,1024,hemlock_extra_hazard_0.12,Q2,0.168212890625,0.0037841796875,-0.0052490234375,0.17724609375,True
23,PREFIX8,0,1024,entry_lognormal_annual_sd_1.2,Q2,0.168212890625,0.0037841796875,-0.0052490234375,0.17724609375,True
23,PREFIX8,0,4096,correct,Q1,0.16778564453125,0.004364013671875,-0.00579833984375,0.177947998046875,True
23,PREFIX8,0,4096,hemlock_extra_hazard_0.12,Q1,0.16778564453125,0.004364013671875,-0.00579833984375,0.177947998046875,True
23,PREFIX8,0,4096,entry_lognormal_annual_sd_1.2,Q1,0.16778564453125,0.004364013671875,-0.00579833984375,0.177947998046875,True
23,PREFIX8,0,4096,correct,Q2,0.16778564453125,0.004364013671875,-0.00579833984375,0.177947998046875,True
23,PREFIX8,0,4096,hemlock_extra_hazard_0.12,Q2,0.16778564453125,0.004364013671875,-0.00579833984375,0.177947998046875,True
23,PREFIX8,0,4096,entry_lognormal_annual_sd_1.2,Q2,0.16778564453125,0.004364013671875,-0.00579833984375,0.177947998046875,True
24,BASELINE32,0,256,correct,Q1,-0.135467529296875,-0.137451171875,-0.4429931640625,0.170074462890625,True
24,BASELINE32,0,256,hemlock_extra_hazard_0.12,Q1,0.48486328125,-0.137451171875,0.1680908203125,0.1793212890625,True
24,BASELINE32,0,256,entry_lognormal_annual_sd_1.2,Q1,-0.12298583984375,-0.137451171875,-0.43975830078125,0.1793212890625,True
24,PREFIX8,0,256,correct,Q1,-0.124237060546875,-0.12646484375,-0.4384765625,0.187774658203125,True
24,PREFIX8,0,256,hemlock_extra_hazard_0.12,Q1,0.52978515625,-0.12646484375,0.185546875,0.2177734375,True
24,PREFIX8,0,256,entry_lognormal_annual_sd_1.2,Q1,-0.11175537109375,-0.12646484375,-0.4384765625,0.20025634765625,True
24,BASELINE32,0,256,correct,Q2,-0.135467529296875,-0.137451171875,-0.4429931640625,0.170074462890625,True
24,BASELINE32,0,256,hemlock_extra_hazard_0.12,Q2,0.48486328125,-0.137451171875,0.1680908203125,0.1793212890625,True
24,BASELINE32,0,256,entry_lognormal_annual_sd_1.2,Q2,-0.12298583984375,-0.137451171875,-0.43975830078125,0.1793212890625,True
24,PREFIX8,0,256,correct,Q2,-0.124237060546875,-0.12646484375,-0.4384765625,0.187774658203125,True
24,PREFIX8,0,256,hemlock_extra_hazard_0.12,Q2,0.52978515625,-0.12646484375,0.185546875,0.2177734375,True
24,PREFIX8,0,256,entry_lognormal_annual_sd_1.2,Q2,-0.11175537109375,-0.12646484375,-0.4384765625,0.20025634765625,True
24,PREFIX8,0,1024,correct,Q1,-0.111785888671875,-0.1246337890625,-0.43603515625,0.199615478515625,True
24,PREFIX8,0,1024,hemlock_extra_hazard_0.12,Q1,0.5224609375,-0.1246337890625,0.186767578125,0.2110595703125,True
24,PREFIX8,0,1024,entry_lognormal_annual_sd_1.2,Q1,-0.09930419921875,-0.1246337890625,-0.43499755859375,0.2110595703125,True
24,PREFIX8,0,1024,correct,Q2,-0.111785888671875,-0.1246337890625,-0.43603515625,0.199615478515625,True
24,PREFIX8,0,1024,hemlock_extra_hazard_0.12,Q2,0.5224609375,-0.1246337890625,0.186767578125,0.2110595703125,True
24,PREFIX8,0,1024,entry_lognormal_annual_sd_1.2,Q2,-0.09930419921875,-0.1246337890625,-0.43499755859375,0.2110595703125,True
24,PREFIX8,0,4096,correct,Q1,-0.1190185546875,-0.130035400390625,-0.445404052734375,0.19635009765625,True
24,PREFIX8,0,4096,hemlock_extra_hazard_0.12,Q1,0.519927978515625,-0.130035400390625,0.185333251953125,0.204559326171875,True
24,PREFIX8,0,4096,entry_lognormal_annual_sd_1.2,Q1,-0.106536865234375,-0.130035400390625,-0.441131591796875,0.204559326171875,True
24,PREFIX8,0,4096,correct,Q2,-0.1190185546875,-0.130035400390625,-0.445404052734375,0.19635009765625,True
24,PREFIX8,0,4096,hemlock_extra_hazard_0.12,Q2,0.519927978515625,-0.130035400390625,0.185333251953125,0.204559326171875,True
24,PREFIX8,0,4096,entry_lognormal_annual_sd_1.2,Q2,-0.106536865234375,-0.130035400390625,-0.441131591796875,0.204559326171875,True
24,OBSERVATION_ONLY8,1,1024,correct,Q1,-0.063690185546875,-0.077880859375,-0.3892822265625,0.247711181640625,True
24,OBSERVATION_ONLY8,1,1024,hemlock_extra_hazard_0.12,Q1,0.570556640625,-0.077880859375,0.2335205078125,0.2591552734375,True
24,OBSERVATION_ONLY8,1,1024,entry_lognormal_annual_sd_1.2,Q1,-0.05120849609375,-0.077880859375,-0.38824462890625,0.2591552734375,True
24,OBSERVATION_ONLY8,1,1024,correct,Q2,-0.063690185546875,-0.077880859375,-0.3892822265625,0.247711181640625,True
24,OBSERVATION_ONLY8,1,1024,hemlock_extra_hazard_0.12,Q2,0.570556640625,-0.077880859375,0.2335205078125,0.2591552734375,True
24,OBSERVATION_ONLY8,1,1024,entry_lognormal_annual_sd_1.2,Q2,-0.05120849609375,-0.077880859375,-0.38824462890625,0.2591552734375,True
24,OBSERVATION_ONLY8,2,1024,correct,Q1,0.016998291015625,-0.00244140625,-0.3138427734375,0.328399658203125,True
24,OBSERVATION_ONLY8,2,1024,hemlock_extra_hazard_0.12,Q1,0.6512451171875,-0.00244140625,0.3089599609375,0.33984375,True
24,OBSERVATION_ONLY8,2,1024,entry_lognormal_annual_sd_1.2,Q1,0.02947998046875,-0.00244140625,-0.31280517578125,0.33984375,True
24,OBSERVATION_ONLY8,2,1024,correct,Q2,0.016998291015625,-0.00244140625,-0.3138427734375,0.328399658203125,True
24,OBSERVATION_ONLY8,2,1024,hemlock_extra_hazard_0.12,Q2,0.6512451171875,-0.00244140625,0.3089599609375,0.33984375,True
24,OBSERVATION_ONLY8,2,1024,entry_lognormal_annual_sd_1.2,Q2,0.02947998046875,-0.00244140625,-0.31280517578125,0.33984375,True
24,INFERENCE_ONLY8,3,1024,correct,Q1,0.219024658203125,-0.007080078125,-0.1112060546875,0.323150634765625,True
24,INFERENCE_ONLY8,3,1024,hemlock_extra_hazard_0.12,Q1,0.438720703125,-0.007080078125,0.0970458984375,0.3345947265625,True
24,INFERENCE_ONLY8,3,1024,entry_lognormal_annual_sd_1.2,Q1,0.23150634765625,-0.007080078125,-0.11016845703125,0.3345947265625,True
24,INFERENCE_ONLY8,3,1024,correct,Q2,0.219024658203125,-0.007080078125,-0.1112060546875,0.323150634765625,True
24,INFERENCE_ONLY8,3,1024,hemlock_extra_hazard_0.12,Q2,0.438720703125,-0.007080078125,0.0970458984375,0.3345947265625,True
24,INFERENCE_ONLY8,3,1024,entry_lognormal_annual_sd_1.2,Q2,0.23150634765625,-0.007080078125,-0.11016845703125,0.3345947265625,True
24,INFERENCE_ONLY8,4,1024,correct,Q1,-0.009124755859375,-0.0985107421875,-0.285400390625,0.177764892578125,True
24,INFERENCE_ONLY8,4,1024,hemlock_extra_hazard_0.12,Q1,0.3760986328125,-0.0985107421875,0.08837890625,0.189208984375,True
24,INFERENCE_ONLY8,4,1024,entry_lognormal_annual_sd_1.2,Q1,0.00335693359375,-0.0985107421875,-0.28436279296875,0.189208984375,True
24,INFERENCE_ONLY8,4,1024,correct,Q2,-0.009124755859375,-0.0985107421875,-0.285400390625,0.177764892578125,True
24,INFERENCE_ONLY8,4,1024,hemlock_extra_hazard_0.12,Q2,0.3760986328125,-0.0985107421875,0.08837890625,0.189208984375,True
24,INFERENCE_ONLY8,4,1024,entry_lognormal_annual_sd_1.2,Q2,0.00335693359375,-0.0985107421875,-0.28436279296875,0.189208984375,True
24,FUTURE_ONLY8,5,1024,correct,Q1,-0.122039794921875,-0.1297607421875,-0.4498291015625,0.198028564453125,True
24,FUTURE_ONLY8,5,1024,hemlock_extra_hazard_0.12,Q1,0.52490234375,-0.1297607421875,0.1903076171875,0.204833984375,True
24,FUTURE_ONLY8,5,1024,entry_lognormal_annual_sd_1.2,Q1,-0.10955810546875,-0.1297607421875,-0.44415283203125,0.204833984375,True
24,FUTURE_ONLY8,5,1024,correct,Q2,-0.122039794921875,-0.1297607421875,-0.4498291015625,0.198028564453125,True
24,FUTURE_ONLY8,5,1024,hemlock_extra_hazard_0.12,Q2,0.52490234375,-0.1297607421875,0.1903076171875,0.204833984375,True
24,FUTURE_ONLY8,5,1024,entry_lognormal_annual_sd_1.2,Q2,-0.10955810546875,-0.1297607421875,-0.44415283203125,0.204833984375,True
24,FUTURE_ONLY8,6,1024,correct,Q1,-0.115081787109375,-0.1297607421875,-0.4442138671875,0.199371337890625,True
24,FUTURE_ONLY8,6,1024,hemlock_extra_hazard_0.12,Q1,0.5155029296875,-0.1297607421875,0.1846923828125,0.2010498046875,True
24,FUTURE_ONLY8,6,1024,entry_lognormal_annual_sd_1.2,Q1,-0.10260009765625,-0.1297607421875,-0.43341064453125,0.2010498046875,True
24,FUTURE_ONLY8,6,1024,correct,Q2,-0.115081787109375,-0.1297607421875,-0.4442138671875,0.199371337890625,True
24,FUTURE_ONLY8,6,1024,hemlock_extra_hazard_0.12,Q2,0.5155029296875,-0.1297607421875,0.1846923828125,0.2010498046875,True
24,FUTURE_ONLY8,6,1024,entry_lognormal_annual_sd_1.2,Q2,-0.10260009765625,-0.1297607421875,-0.43341064453125,0.2010498046875,True
25,BASELINE32,0,256,correct,Q1,-0.054473876953125,-0.0211181640625,-0.333404541015625,0.2578125,True
25,BASELINE32,0,256,hemlock_extra_hazard_0.12,Q1,0.5845947265625,-0.0211181640625,0.3056640625,0.2578125,True
25,BASELINE32,0,256,entry_lognormal_annual_sd_1.2,Q1,-0.056488037109375,-0.0211181640625,-0.335418701171875,0.2578125,True
25,PREFIX8,0,256,correct,Q1,0.099700927734375,-0.01318359375,-0.1845703125,0.271087646484375,True
25,PREFIX8,0,256,hemlock_extra_hazard_0.12,Q1,0.44384765625,-0.01318359375,0.158203125,0.2724609375,True
25,PREFIX8,0,256,entry_lognormal_annual_sd_1.2,Q1,0.097686767578125,-0.01318359375,-0.1845703125,0.269073486328125,True
25,BASELINE32,0,256,correct,Q2,-0.054473876953125,-0.0211181640625,-0.333404541015625,0.2578125,True
25,BASELINE32,0,256,hemlock_extra_hazard_0.12,Q2,0.5845947265625,-0.0211181640625,0.3056640625,0.2578125,True
25,BASELINE32,0,256,entry_lognormal_annual_sd_1.2,Q2,-0.056488037109375,-0.0211181640625,-0.335418701171875,0.2578125,True
25,PREFIX8,0,256,correct,Q2,0.099700927734375,-0.01318359375,-0.1845703125,0.271087646484375,True
25,PREFIX8,0,256,hemlock_extra_hazard_0.12,Q2,0.44384765625,-0.01318359375,0.158203125,0.2724609375,True
25,PREFIX8,0,256,entry_lognormal_annual_sd_1.2,Q2,0.097686767578125,-0.01318359375,-0.1845703125,0.269073486328125,True
25,PREFIX8,0,1024,correct,Q1,0.109832763671875,-0.01123046875,-0.168975830078125,0.267578125,True
25,PREFIX8,0,1024,hemlock_extra_hazard_0.12,Q1,0.4378662109375,-0.01123046875,0.1590576171875,0.267578125,True
25,PREFIX8,0,1024,entry_lognormal_annual_sd_1.2,Q1,0.107818603515625,-0.01123046875,-0.170989990234375,0.267578125,True
25,PREFIX8,0,1024,correct,Q2,0.109832763671875,-0.01123046875,-0.168975830078125,0.267578125,True
25,PREFIX8,0,1024,hemlock_extra_hazard_0.12,Q2,0.4378662109375,-0.01123046875,0.1590576171875,0.267578125,True
25,PREFIX8,0,1024,entry_lognormal_annual_sd_1.2,Q2,0.107818603515625,-0.01123046875,-0.170989990234375,0.267578125,True
25,PREFIX8,0,4096,correct,Q1,0.101531982421875,-0.01055908203125,-0.180694580078125,0.27166748046875,True
25,PREFIX8,0,4096,hemlock_extra_hazard_0.12,Q1,0.44793701171875,-0.01055908203125,0.16571044921875,0.27166748046875,True
25,PREFIX8,0,4096,entry_lognormal_annual_sd_1.2,Q1,0.099517822265625,-0.01055908203125,-0.182708740234375,0.27166748046875,True
25,PREFIX8,0,4096,correct,Q2,0.101531982421875,-0.01055908203125,-0.180694580078125,0.27166748046875,True
25,PREFIX8,0,4096,hemlock_extra_hazard_0.12,Q2,0.44793701171875,-0.01055908203125,0.16571044921875,0.27166748046875,True
25,PREFIX8,0,4096,entry_lognormal_annual_sd_1.2,Q2,0.099517822265625,-0.01055908203125,-0.182708740234375,0.27166748046875,True
26,BASELINE32,0,256,correct,Q1,0.1182861328125,0.0186767578125,-0.088043212890625,0.225006103515625,True
26,BASELINE32,0,256,hemlock_extra_hazard_0.12,Q1,0.1182861328125,0.0186767578125,-0.1055908203125,0.2425537109375,True
26,BASELINE32,0,256,entry_lognormal_annual_sd_1.2,Q1,0.1182861328125,0.0186767578125,-0.087127685546875,0.224090576171875,True
26,PREFIX8,0,256,correct,Q1,0.1669921875,0.0439453125,-0.0302734375,0.2412109375,True
26,PREFIX8,0,256,hemlock_extra_hazard_0.12,Q1,0.1669921875,0.0439453125,-0.0302734375,0.2412109375,True
26,PREFIX8,0,256,entry_lognormal_annual_sd_1.2,Q1,0.1669921875,0.0439453125,-0.0302734375,0.2412109375,True
26,BASELINE32,0,256,correct,Q2,0.1182861328125,0.0186767578125,-0.088043212890625,0.225006103515625,True
26,BASELINE32,0,256,hemlock_extra_hazard_0.12,Q2,0.1182861328125,0.0186767578125,-0.1055908203125,0.2425537109375,True
26,BASELINE32,0,256,entry_lognormal_annual_sd_1.2,Q2,0.1182861328125,0.0186767578125,-0.087127685546875,0.224090576171875,True
26,PREFIX8,0,256,correct,Q2,0.1669921875,0.0439453125,-0.0302734375,0.2412109375,True
26,PREFIX8,0,256,hemlock_extra_hazard_0.12,Q2,0.1669921875,0.0439453125,-0.0302734375,0.2412109375,True
26,PREFIX8,0,256,entry_lognormal_annual_sd_1.2,Q2,0.1669921875,0.0439453125,-0.0302734375,0.2412109375,True
26,PREFIX8,0,1024,correct,Q1,0.16357421875,0.045654296875,-0.035797119140625,0.245025634765625,True
26,PREFIX8,0,1024,hemlock_extra_hazard_0.12,Q1,0.16357421875,0.045654296875,-0.0360107421875,0.2452392578125,True
26,PREFIX8,0,1024,entry_lognormal_annual_sd_1.2,Q1,0.16357421875,0.045654296875,-0.034881591796875,0.244110107421875,True
26,PREFIX8,0,1024,correct,Q2,0.16357421875,0.045654296875,-0.035797119140625,0.245025634765625,True
26,PREFIX8,0,1024,hemlock_extra_hazard_0.12,Q2,0.16357421875,0.045654296875,-0.0360107421875,0.2452392578125,True
26,PREFIX8,0,1024,entry_lognormal_annual_sd_1.2,Q2,0.16357421875,0.045654296875,-0.034881591796875,0.244110107421875,True
26,PREFIX8,0,4096,correct,Q1,0.16180419921875,0.04547119140625,-0.03619384765625,0.24346923828125,True
26,PREFIX8,0,4096,hemlock_extra_hazard_0.12,Q1,0.16180419921875,0.04547119140625,-0.036773681640625,0.244049072265625,True
26,PREFIX8,0,4096,entry_lognormal_annual_sd_1.2,Q1,0.16180419921875,0.04547119140625,-0.0352783203125,0.2425537109375,True
26,PREFIX8,0,4096,correct,Q2,0.16180419921875,0.04547119140625,-0.03619384765625,0.24346923828125,True
26,PREFIX8,0,4096,hemlock_extra_hazard_0.12,Q2,0.16180419921875,0.04547119140625,-0.036773681640625,0.244049072265625,True
26,PREFIX8,0,4096,entry_lognormal_annual_sd_1.2,Q2,0.16180419921875,0.04547119140625,-0.0352783203125,0.2425537109375,True
27,BASELINE32,0,256,correct,Q1,-0.15252685546875,-0.1065673828125,-0.370361328125,0.11126708984375,True
27,BASELINE32,0,256,hemlock_extra_hazard_0.12,Q1,0.3792724609375,-0.1065673828125,0.1572265625,0.115478515625,True
27,BASELINE32,0,256,entry_lognormal_annual_sd_1.2,Q1,-0.15447998046875,-0.1065673828125,-0.370361328125,0.10931396484375,True
27,PREFIX8,0,256,correct,Q1,-0.27618408203125,-0.16552734375,-0.453125,0.01141357421875,True
27,PREFIX8,0,256,hemlock_extra_hazard_0.12,Q1,0.31884765625,-0.16552734375,0.1220703125,0.03125,True
27,PREFIX8,0,256,entry_lognormal_annual_sd_1.2,Q1,-0.27813720703125,-0.16552734375,-0.453125,0.00946044921875,True
27,BASELINE32,0,256,correct,Q2,-0.15252685546875,-0.1065673828125,-0.370361328125,0.11126708984375,True
27,BASELINE32,0,256,hemlock_extra_hazard_0.12,Q2,0.3792724609375,-0.1065673828125,0.1572265625,0.115478515625,True
27,BASELINE32,0,256,entry_lognormal_annual_sd_1.2,Q2,-0.15447998046875,-0.1065673828125,-0.370361328125,0.10931396484375,True
27,PREFIX8,0,256,correct,Q2,-0.27618408203125,-0.16552734375,-0.453125,0.01141357421875,True
27,PREFIX8,0,256,hemlock_extra_hazard_0.12,Q2,0.31884765625,-0.16552734375,0.1220703125,0.03125,True
27,PREFIX8,0,256,entry_lognormal_annual_sd_1.2,Q2,-0.27813720703125,-0.16552734375,-0.453125,0.00946044921875,True
27,PREFIX8,0,1024,correct,Q1,-0.28289794921875,-0.1651611328125,-0.4619140625,0.01385498046875,True
27,PREFIX8,0,1024,hemlock_extra_hazard_0.12,Q1,0.3167724609375,-0.1651611328125,0.131591796875,0.02001953125,True
27,PREFIX8,0,1024,entry_lognormal_annual_sd_1.2,Q1,-0.28485107421875,-0.1651611328125,-0.4619140625,0.01190185546875,True
27,PREFIX8,0,1024,correct,Q2,-0.28289794921875,-0.1651611328125,-0.4619140625,0.01385498046875,True
27,PREFIX8,0,1024,hemlock_extra_hazard_0.12,Q2,0.3167724609375,-0.1651611328125,0.131591796875,0.02001953125,True
27,PREFIX8,0,1024,entry_lognormal_annual_sd_1.2,Q2,-0.28485107421875,-0.1651611328125,-0.4619140625,0.01190185546875,True
27,PREFIX8,0,4096,correct,Q1,-0.287200927734375,-0.166351318359375,-0.4652099609375,0.01165771484375,True
27,PREFIX8,0,4096,hemlock_extra_hazard_0.12,Q1,0.315887451171875,-0.166351318359375,0.13250732421875,0.01702880859375,True
27,PREFIX8,0,4096,entry_lognormal_annual_sd_1.2,Q1,-0.289154052734375,-0.166351318359375,-0.4652099609375,0.00970458984375,True
27,PREFIX8,0,4096,correct,Q2,-0.287200927734375,-0.166351318359375,-0.4652099609375,0.01165771484375,True
27,PREFIX8,0,4096,hemlock_extra_hazard_0.12,Q2,0.315887451171875,-0.166351318359375,0.13250732421875,0.01702880859375,True
27,PREFIX8,0,4096,entry_lognormal_annual_sd_1.2,Q2,-0.289154052734375,-0.166351318359375,-0.4652099609375,0.00970458984375,True
28,BASELINE32,0,256,correct,Q1,0.04931640625,0.0028076171875,-0.113372802734375,0.165496826171875,True
28,BASELINE32,0,256,hemlock_extra_hazard_0.12,Q1,0.04931640625,0.0028076171875,-0.11572265625,0.1678466796875,True
28,BASELINE32,0,256,entry_lognormal_annual_sd_1.2,Q1,0.04931640625,0.0028076171875,-0.11572265625,0.1678466796875,True
28,PREFIX8,0,256,correct,Q1,0.0947265625,0.01025390625,-0.081634521484375,0.186614990234375,True
28,PREFIX8,0,256,hemlock_extra_hazard_0.12,Q1,0.0947265625,0.01025390625,-0.09716796875,0.2021484375,True
28,PREFIX8,0,256,entry_lognormal_annual_sd_1.2,Q1,0.0947265625,0.01025390625,-0.08709716796875,0.19207763671875,True
28,BASELINE32,0,256,correct,Q2,0.04931640625,0.0028076171875,-0.113372802734375,0.165496826171875,True
28,BASELINE32,0,256,hemlock_extra_hazard_0.12,Q2,0.04931640625,0.0028076171875,-0.11572265625,0.1678466796875,True
28,BASELINE32,0,256,entry_lognormal_annual_sd_1.2,Q2,0.04931640625,0.0028076171875,-0.11572265625,0.1678466796875,True
28,PREFIX8,0,256,correct,Q2,0.0947265625,0.01025390625,-0.081634521484375,0.186614990234375,True
28,PREFIX8,0,256,hemlock_extra_hazard_0.12,Q2,0.0947265625,0.01025390625,-0.09716796875,0.2021484375,True
28,PREFIX8,0,256,entry_lognormal_annual_sd_1.2,Q2,0.0947265625,0.01025390625,-0.08709716796875,0.19207763671875,True
28,PREFIX8,0,1024,correct,Q1,0.094482421875,0.005859375,-0.085906982421875,0.186248779296875,True
28,PREFIX8,0,1024,hemlock_extra_hazard_0.12,Q1,0.094482421875,0.005859375,-0.1009521484375,0.2012939453125,True
28,PREFIX8,0,1024,entry_lognormal_annual_sd_1.2,Q1,0.094482421875,0.005859375,-0.09136962890625,0.19171142578125,True
28,PREFIX8,0,1024,correct,Q2,0.094482421875,0.005859375,-0.085906982421875,0.186248779296875,True
28,PREFIX8,0,1024,hemlock_extra_hazard_0.12,Q2,0.094482421875,0.005859375,-0.1009521484375,0.2012939453125,True
28,PREFIX8,0,1024,entry_lognormal_annual_sd_1.2,Q2,0.094482421875,0.005859375,-0.09136962890625,0.19171142578125,True
28,PREFIX8,0,4096,correct,Q1,0.0950927734375,0.005615234375,-0.0936279296875,0.1943359375,True
28,PREFIX8,0,4096,hemlock_extra_hazard_0.12,Q1,0.0950927734375,0.005615234375,-0.094390869140625,0.195098876953125,True
28,PREFIX8,0,4096,entry_lognormal_annual_sd_1.2,Q1,0.0950927734375,0.005615234375,-0.094390869140625,0.195098876953125,True
28,PREFIX8,0,4096,correct,Q2,0.0950927734375,0.005615234375,-0.0936279296875,0.1943359375,True
28,PREFIX8,0,4096,hemlock_extra_hazard_0.12,Q2,0.0950927734375,0.005615234375,-0.094390869140625,0.195098876953125,True
28,PREFIX8,0,4096,entry_lognormal_annual_sd_1.2,Q2,0.0950927734375,0.005615234375,-0.094390869140625,0.195098876953125,True
29,BASELINE32,0,256,correct,Q1,-0.25164794921875,-0.0994873046875,-0.40972900390625,0.05859375,True
29,BASELINE32,0,256,hemlock_extra_hazard_0.12,Q1,0.3702392578125,-0.0994873046875,0.212158203125,0.05859375,True
29,BASELINE32,0,256,entry_lognormal_annual_sd_1.2,Q1,-0.255279541015625,-0.0994873046875,-0.4111328125,0.056365966796875,True
29,PREFIX8,0,256,correct,Q1,0.04193115234375,-0.01953125,-0.13287353515625,0.1552734375,True
29,PREFIX8,0,256,hemlock_extra_hazard_0.12,Q1,0.27001953125,-0.01953125,0.09521484375,0.1552734375,True
29,PREFIX8,0,256,entry_lognormal_annual_sd_1.2,Q1,0.038299560546875,-0.01953125,-0.13427734375,0.153045654296875,True
29,BASELINE32,0,256,correct,Q2,-0.25164794921875,-0.0994873046875,-0.40972900390625,0.05859375,True
29,BASELINE32,0,256,hemlock_extra_hazard_0.12,Q2,0.3702392578125,-0.0994873046875,0.212158203125,0.05859375,True
29,BASELINE32,0,256,entry_lognormal_annual_sd_1.2,Q2,-0.255279541015625,-0.0994873046875,-0.4111328125,0.056365966796875,True
29,PREFIX8,0,256,correct,Q2,0.04193115234375,-0.01953125,-0.13287353515625,0.1552734375,True
29,PREFIX8,0,256,hemlock_extra_hazard_0.12,Q2,0.27001953125,-0.01953125,0.09521484375,0.1552734375,True
29,PREFIX8,0,256,entry_lognormal_annual_sd_1.2,Q2,0.038299560546875,-0.01953125,-0.13427734375,0.153045654296875,True
29,PREFIX8,0,1024,correct,Q1,0.04266357421875,-0.023193359375,-0.12835693359375,0.1478271484375,True
29,PREFIX8,0,1024,hemlock_extra_hazard_0.12,Q1,0.261962890625,-0.023193359375,0.0909423828125,0.1478271484375,True
29,PREFIX8,0,1024,entry_lognormal_annual_sd_1.2,Q1,0.039031982421875,-0.023193359375,-0.131988525390625,0.1478271484375,True
29,PREFIX8,0,1024,correct,Q2,0.04266357421875,-0.023193359375,-0.12835693359375,0.1478271484375,True
29,PREFIX8,0,1024,hemlock_extra_hazard_0.12,Q2,0.261962890625,-0.023193359375,0.0909423828125,0.1478271484375,True
29,PREFIX8,0,1024,entry_lognormal_annual_sd_1.2,Q2,0.039031982421875,-0.023193359375,-0.131988525390625,0.1478271484375,True
29,PREFIX8,0,4096,correct,Q1,0.045745849609375,-0.02313232421875,-0.12725830078125,0.149871826171875,True
29,PREFIX8,0,4096,hemlock_extra_hazard_0.12,Q1,0.258880615234375,-0.02313232421875,0.08587646484375,0.149871826171875,True
29,PREFIX8,0,4096,entry_lognormal_annual_sd_1.2,Q1,0.0421142578125,-0.02313232421875,-0.130889892578125,0.149871826171875,True
29,PREFIX8,0,4096,correct,Q2,0.045745849609375,-0.02313232421875,-0.12725830078125,0.149871826171875,True
29,PREFIX8,0,4096,hemlock_extra_hazard_0.12,Q2,0.258880615234375,-0.02313232421875,0.08587646484375,0.149871826171875,True
29,PREFIX8,0,4096,entry_lognormal_annual_sd_1.2,Q2,0.0421142578125,-0.02313232421875,-0.130889892578125,0.149871826171875,True
30,BASELINE32,0,256,correct,Q1,0.212890625,0.0152587890625,-0.060302734375,0.2884521484375,True
30,BASELINE32,0,256,hemlock_extra_hazard_0.12,Q1,0.212890625,0.0152587890625,-0.060302734375,0.2884521484375,True
30,BASELINE32,0,256,entry_lognormal_annual_sd_1.2,Q1,0.212890625,0.0152587890625,-0.060302734375,0.2884521484375,True
30,PREFIX8,0,256,correct,Q1,0.25537109375,-0.02685546875,-0.049591064453125,0.278106689453125,True
30,PREFIX8,0,256,hemlock_extra_hazard_0.12,Q1,0.25537109375,-0.02685546875,-0.056640625,0.28515625,True
30,PREFIX8,0,256,entry_lognormal_annual_sd_1.2,Q1,0.25537109375,-0.02685546875,-0.045989990234375,0.274505615234375,True
30,BASELINE32,0,256,correct,Q2,0.212890625,0.0152587890625,-0.060302734375,0.2884521484375,True
30,BASELINE32,0,256,hemlock_extra_hazard_0.12,Q2,0.212890625,0.0152587890625,-0.060302734375,0.2884521484375,True
30,BASELINE32,0,256,entry_lognormal_annual_sd_1.2,Q2,0.212890625,0.0152587890625,-0.060302734375,0.2884521484375,True
30,PREFIX8,0,256,correct,Q2,0.25537109375,-0.02685546875,-0.049591064453125,0.278106689453125,True
30,PREFIX8,0,256,hemlock_extra_hazard_0.12,Q2,0.25537109375,-0.02685546875,-0.056640625,0.28515625,True
30,PREFIX8,0,256,entry_lognormal_annual_sd_1.2,Q2,0.25537109375,-0.02685546875,-0.045989990234375,0.274505615234375,True
30,PREFIX8,0,1024,correct,Q1,0.255859375,-0.0186767578125,-0.044586181640625,0.281768798828125,True
30,PREFIX8,0,1024,hemlock_extra_hazard_0.12,Q1,0.255859375,-0.0186767578125,-0.0494384765625,0.28662109375,True
30,PREFIX8,0,1024,entry_lognormal_annual_sd_1.2,Q1,0.255859375,-0.0186767578125,-0.040985107421875,0.278167724609375,True
30,PREFIX8,0,1024,correct,Q2,0.255859375,-0.0186767578125,-0.044586181640625,0.281768798828125,True
30,PREFIX8,0,1024,hemlock_extra_hazard_0.12,Q2,0.255859375,-0.0186767578125,-0.0494384765625,0.28662109375,True
30,PREFIX8,0,1024,entry_lognormal_annual_sd_1.2,Q2,0.255859375,-0.0186767578125,-0.040985107421875,0.278167724609375,True
30,PREFIX8,0,4096,correct,Q1,0.2510986328125,-0.018829345703125,-0.046539306640625,0.27880859375,True
30,PREFIX8,0,4096,hemlock_extra_hazard_0.12,Q1,0.2510986328125,-0.018829345703125,-0.046539306640625,0.27880859375,True
30,PREFIX8,0,4096,entry_lognormal_annual_sd_1.2,Q1,0.2510986328125,-0.018829345703125,-0.046539306640625,0.27880859375,True
30,PREFIX8,0,4096,correct,Q2,0.2510986328125,-0.018829345703125,-0.046539306640625,0.27880859375,True
30,PREFIX8,0,4096,hemlock_extra_hazard_0.12,Q2,0.2510986328125,-0.018829345703125,-0.046539306640625,0.27880859375,True
30,PREFIX8,0,4096,entry_lognormal_annual_sd_1.2,Q2,0.2510986328125,-0.018829345703125,-0.046539306640625,0.27880859375,True
31,BASELINE32,0,256,correct,Q1,-0.434326171875,-0.129974365234375,-0.653656005859375,0.08935546875,True
31,BASELINE32,0,256,hemlock_extra_hazard_0.12,Q1,0.434326171875,-0.3150634765625,0.2086181640625,-0.08935546875,True
31,BASELINE32,0,256,entry_lognormal_annual_sd_1.2,Q1,-0.434326171875,-0.13232421875,-0.656005859375,0.08935546875,True
31,PREFIX8,0,256,correct,Q1,-0.205108642578125,-0.08251953125,-0.475128173828125,0.1875,True
31,PREFIX8,0,256,hemlock_extra_hazard_0.12,Q1,0.5888671875,-0.08251953125,0.31884765625,0.1875,True
31,PREFIX8,0,256,entry_lognormal_annual_sd_1.2,Q1,-0.2027587890625,-0.08251953125,-0.4727783203125,0.1875,True
31,BASELINE32,0,256,correct,Q2,-0.434326171875,-0.129974365234375,-0.653656005859375,0.08935546875,True
31,BASELINE32,0,256,hemlock_extra_hazard_0.12,Q2,0.434326171875,-0.3150634765625,0.2086181640625,-0.08935546875,True
31,BASELINE32,0,256,entry_lognormal_annual_sd_1.2,Q2,-0.434326171875,-0.13232421875,-0.656005859375,0.08935546875,True
31,PREFIX8,0,256,correct,Q2,-0.205108642578125,-0.08251953125,-0.475128173828125,0.1875,True
31,PREFIX8,0,256,hemlock_extra_hazard_0.12,Q2,0.5888671875,-0.08251953125,0.31884765625,0.1875,True
31,PREFIX8,0,256,entry_lognormal_annual_sd_1.2,Q2,-0.2027587890625,-0.08251953125,-0.4727783203125,0.1875,True
31,PREFIX8,0,1024,correct,Q1,-0.208282470703125,-0.087158203125,-0.481475830078125,0.18603515625,True
31,PREFIX8,0,1024,hemlock_extra_hazard_0.12,Q1,0.58447265625,-0.087158203125,0.311279296875,0.18603515625,True
31,PREFIX8,0,1024,entry_lognormal_annual_sd_1.2,Q1,-0.2059326171875,-0.087158203125,-0.4791259765625,0.18603515625,True
31,PREFIX8,0,1024,correct,Q2,-0.208282470703125,-0.087158203125,-0.481475830078125,0.18603515625,True
31,PREFIX8,0,1024,hemlock_extra_hazard_0.12,Q2,0.58447265625,-0.087158203125,0.311279296875,0.18603515625,True
31,PREFIX8,0,1024,entry_lognormal_annual_sd_1.2,Q2,-0.2059326171875,-0.087158203125,-0.4791259765625,0.18603515625,True
31,PREFIX8,0,4096,correct,Q1,-0.211090087890625,-0.085723876953125,-0.485504150390625,0.188690185546875,True
31,PREFIX8,0,4096,hemlock_extra_hazard_0.12,Q1,0.5911865234375,-0.085723876953125,0.314056396484375,0.19140625,True
31,PREFIX8,0,4096,entry_lognormal_annual_sd_1.2,Q1,-0.208740234375,-0.085723876953125,-0.485504150390625,0.1910400390625,True
31,PREFIX8,0,4096,correct,Q2,-0.211090087890625,-0.085723876953125,-0.485504150390625,0.188690185546875,True
31,PREFIX8,0,4096,hemlock_extra_hazard_0.12,Q2,0.5911865234375,-0.085723876953125,0.314056396484375,0.19140625,True
31,PREFIX8,0,4096,entry_lognormal_annual_sd_1.2,Q2,-0.208740234375,-0.085723876953125,-0.485504150390625,0.1910400390625,True
32,BASELINE32,0,256,correct,Q1,-0.009490966796875,-0.055419921875,-0.192718505859375,0.1278076171875,True
32,BASELINE32,0,256,hemlock_extra_hazard_0.12,Q1,0.2713623046875,-0.055419921875,0.088134765625,0.1278076171875,True
32,BASELINE32,0,256,entry_lognormal_annual_sd_1.2,Q1,-0.00714111328125,-0.055419921875,-0.19036865234375,0.1278076171875,True
32,PREFIX8,0,256,correct,Q1,0.128570556640625,-0.005859375,-0.035491943359375,0.158203125,True
32,PREFIX8,0,256,hemlock_extra_hazard_0.12,Q1,0.21337890625,-0.005859375,0.04931640625,0.158203125,True
32,PREFIX8,0,256,entry_lognormal_annual_sd_1.2,Q1,0.13092041015625,-0.005859375,-0.03314208984375,0.158203125,True
32,BASELINE32,0,256,correct,Q2,-0.009490966796875,-0.055419921875,-0.192718505859375,0.1278076171875,True
32,BASELINE32,0,256,hemlock_extra_hazard_0.12,Q2,0.2713623046875,-0.055419921875,0.088134765625,0.1278076171875,True
32,BASELINE32,0,256,entry_lognormal_annual_sd_1.2,Q2,-0.00714111328125,-0.055419921875,-0.19036865234375,0.1278076171875,True
32,PREFIX8,0,256,correct,Q2,0.128570556640625,-0.005859375,-0.035491943359375,0.158203125,True
32,PREFIX8,0,256,hemlock_extra_hazard_0.12,Q2,0.21337890625,-0.005859375,0.04931640625,0.158203125,True
32,PREFIX8,0,256,entry_lognormal_annual_sd_1.2,Q2,0.13092041015625,-0.005859375,-0.03314208984375,0.158203125,True
32,PREFIX8,0,1024,correct,Q1,0.129058837890625,-0.0115966796875,-0.040863037109375,0.1583251953125,True
32,PREFIX8,0,1024,hemlock_extra_hazard_0.12,Q1,0.2021484375,-0.0115966796875,0.0322265625,0.1583251953125,True
32,PREFIX8,0,1024,entry_lognormal_annual_sd_1.2,Q1,0.13140869140625,-0.0115966796875,-0.03851318359375,0.1583251953125,True
32,PREFIX8,0,1024,correct,Q2,0.129058837890625,-0.0115966796875,-0.040863037109375,0.1583251953125,True
32,PREFIX8,0,1024,hemlock_extra_hazard_0.12,Q2,0.2021484375,-0.0115966796875,0.0322265625,0.1583251953125,True
32,PREFIX8,0,1024,entry_lognormal_annual_sd_1.2,Q2,0.13140869140625,-0.0115966796875,-0.03851318359375,0.1583251953125,True
32,PREFIX8,0,4096,correct,Q1,0.12762451171875,-0.0128173828125,-0.050048828125,0.16485595703125,True
32,PREFIX8,0,4096,hemlock_extra_hazard_0.12,Q1,0.202239990234375,-0.0128173828125,0.024566650390625,0.16485595703125,True
32,PREFIX8,0,4096,entry_lognormal_annual_sd_1.2,Q1,0.129974365234375,-0.0128173828125,-0.047698974609375,0.16485595703125,True
32,PREFIX8,0,4096,correct,Q2,0.12762451171875,-0.0128173828125,-0.050048828125,0.16485595703125,True
32,PREFIX8,0,4096,hemlock_extra_hazard_0.12,Q2,0.202239990234375,-0.0128173828125,0.024566650390625,0.16485595703125,True
32,PREFIX8,0,4096,entry_lognormal_annual_sd_1.2,Q2,0.129974365234375,-0.0128173828125,-0.047698974609375,0.16485595703125,True
33,BASELINE32,0,256,correct,Q1,0.1083984375,0.013916015625,-0.1148681640625,0.2371826171875,True
33,BASELINE32,0,256,hemlock_extra_hazard_0.12,Q1,0.1083984375,0.013916015625,-0.1148681640625,0.2371826171875,True
33,BASELINE32,0,256,entry_lognormal_annual_sd_1.2,Q1,0.1083984375,0.013916015625,-0.1148681640625,0.2371826171875,True
33,PREFIX8,0,256,correct,Q1,0.08642578125,0.033203125,-0.11328125,0.23291015625,True
33,PREFIX8,0,256,hemlock_extra_hazard_0.12,Q1,0.08642578125,0.033203125,-0.11328125,0.23291015625,True
33,PREFIX8,0,256,entry_lognormal_annual_sd_1.2,Q1,0.08642578125,0.033203125,-0.11328125,0.23291015625,True
33,BASELINE32,0,256,correct,Q2,0.1083984375,0.013916015625,-0.1148681640625,0.2371826171875,True
33,BASELINE32,0,256,hemlock_extra_hazard_0.12,Q2,0.1083984375,0.013916015625,-0.1148681640625,0.2371826171875,True
33,BASELINE32,0,256,entry_lognormal_annual_sd_1.2,Q2,0.1083984375,0.013916015625,-0.1148681640625,0.2371826171875,True
33,PREFIX8,0,256,correct,Q2,0.08642578125,0.033203125,-0.11328125,0.23291015625,True
33,PREFIX8,0,256,hemlock_extra_hazard_0.12,Q2,0.08642578125,0.033203125,-0.11328125,0.23291015625,True
33,PREFIX8,0,256,entry_lognormal_annual_sd_1.2,Q2,0.08642578125,0.033203125,-0.11328125,0.23291015625,True
33,PREFIX8,0,1024,correct,Q1,0.09765625,0.0325927734375,-0.1025390625,0.2327880859375,True
33,PREFIX8,0,1024,hemlock_extra_hazard_0.12,Q1,0.09765625,0.0325927734375,-0.1025390625,0.2327880859375,True
33,PREFIX8,0,1024,entry_lognormal_annual_sd_1.2,Q1,0.09765625,0.0325927734375,-0.1025390625,0.2327880859375,True
33,PREFIX8,0,1024,correct,Q2,0.09765625,0.0325927734375,-0.1025390625,0.2327880859375,True
33,PREFIX8,0,1024,hemlock_extra_hazard_0.12,Q2,0.09765625,0.0325927734375,-0.1025390625,0.2327880859375,True
33,PREFIX8,0,1024,entry_lognormal_annual_sd_1.2,Q2,0.09765625,0.0325927734375,-0.1025390625,0.2327880859375,True
33,PREFIX8,0,4096,correct,Q1,0.0987548828125,0.033447265625,-0.098724365234375,0.230926513671875,True
33,PREFIX8,0,4096,hemlock_extra_hazard_0.12,Q1,0.0987548828125,0.033447265625,-0.098724365234375,0.230926513671875,True
33,PREFIX8,0,4096,entry_lognormal_annual_sd_1.2,Q1,0.0987548828125,0.033447265625,-0.098724365234375,0.230926513671875,True
33,PREFIX8,0,4096,correct,Q2,0.0987548828125,0.033447265625,-0.098724365234375,0.230926513671875,True
33,PREFIX8,0,4096,hemlock_extra_hazard_0.12,Q2,0.0987548828125,0.033447265625,-0.098724365234375,0.230926513671875,True
33,PREFIX8,0,4096,entry_lognormal_annual_sd_1.2,Q2,0.0987548828125,0.033447265625,-0.098724365234375,0.230926513671875,True
34,BASELINE32,0,256,correct,Q1,0.0953369140625,0.001953125,-0.099151611328125,0.196441650390625,True
34,BASELINE32,0,256,hemlock_extra_hazard_0.12,Q1,0.0953369140625,0.001953125,-0.1201171875,0.2174072265625,True
34,BASELINE32,0,256,entry_lognormal_annual_sd_1.2,Q1,0.0953369140625,0.001953125,-0.097076416015625,0.194366455078125,True
34,PREFIX8,0,256,correct,Q1,0.0712890625,0.0107421875,-0.113555908203125,0.195587158203125,True
34,PREFIX8,0,256,hemlock_extra_hazard_0.12,Q1,0.0712890625,0.0107421875,-0.1435546875,0.2255859375,True
34,PREFIX8,0,256,entry_lognormal_annual_sd_1.2,Q1,0.0712890625,0.0107421875,-0.111480712890625,0.193511962890625,True
34,BASELINE32,0,256,correct,Q2,0.0953369140625,0.001953125,-0.099151611328125,0.196441650390625,True
34,BASELINE32,0,256,hemlock_extra_hazard_0.12,Q2,0.0953369140625,0.001953125,-0.1201171875,0.2174072265625,True
34,BASELINE32,0,256,entry_lognormal_annual_sd_1.2,Q2,0.0953369140625,0.001953125,-0.097076416015625,0.194366455078125,True
34,PREFIX8,0,256,correct,Q2,0.0712890625,0.0107421875,-0.113555908203125,0.195587158203125,True
34,PREFIX8,0,256,hemlock_extra_hazard_0.12,Q2,0.0712890625,0.0107421875,-0.1435546875,0.2255859375,True
34,PREFIX8,0,256,entry_lognormal_annual_sd_1.2,Q2,0.0712890625,0.0107421875,-0.111480712890625,0.193511962890625,True
34,PREFIX8,0,1024,correct,Q1,0.07373046875,0.0087890625,-0.121612548828125,0.204132080078125,True
34,PREFIX8,0,1024,hemlock_extra_hazard_0.12,Q1,0.07373046875,0.0087890625,-0.13427734375,0.216796875,True
34,PREFIX8,0,1024,entry_lognormal_annual_sd_1.2,Q1,0.07373046875,0.0087890625,-0.119537353515625,0.202056884765625,True
34,PREFIX8,0,1024,correct,Q2,0.07373046875,0.0087890625,-0.121612548828125,0.204132080078125,True
34,PREFIX8,0,1024,hemlock_extra_hazard_0.12,Q2,0.07373046875,0.0087890625,-0.13427734375,0.216796875,True
34,PREFIX8,0,1024,entry_lognormal_annual_sd_1.2,Q2,0.07373046875,0.0087890625,-0.119537353515625,0.202056884765625,True
34,PREFIX8,0,4096,correct,Q1,0.075042724609375,0.00872802734375,-0.1236572265625,0.207427978515625,True
34,PREFIX8,0,4096,hemlock_extra_hazard_0.12,Q1,0.075042724609375,0.00872802734375,-0.129852294921875,0.213623046875,True
34,PREFIX8,0,4096,entry_lognormal_annual_sd_1.2,Q1,0.075042724609375,0.00872802734375,-0.12158203125,0.205352783203125,True
34,PREFIX8,0,4096,correct,Q2,0.075042724609375,0.00872802734375,-0.1236572265625,0.207427978515625,True
34,PREFIX8,0,4096,hemlock_extra_hazard_0.12,Q2,0.075042724609375,0.00872802734375,-0.129852294921875,0.213623046875,True
34,PREFIX8,0,4096,entry_lognormal_annual_sd_1.2,Q2,0.075042724609375,0.00872802734375,-0.12158203125,0.205352783203125,True
35,BASELINE32,0,256,correct,Q1,-0.12744140625,-0.0445556640625,-0.1717529296875,-0.000244140625,True
35,BASELINE32,0,256,hemlock_extra_hazard_0.12,Q1,0.12744140625,-0.04833984375,0.0831298828125,-0.0040283203125,True
35,BASELINE32,0,256,entry_lognormal_annual_sd_1.2,Q1,-0.12744140625,-0.037322998046875,-0.168792724609375,0.0040283203125,True
35,PREFIX8,0,256,correct,Q1,0.0048828125,0.0048828125,-0.00830078125,0.01806640625,True
35,PREFIX8,0,256,hemlock_extra_hazard_0.12,Q1,0.0048828125,0.0048828125,-0.00830078125,0.01806640625,True
35,PREFIX8,0,256,entry_lognormal_annual_sd_1.2,Q1,0.0048828125,0.0048828125,-0.004608154296875,0.014373779296875,True
35,BASELINE32,0,256,correct,Q2,-0.12744140625,-0.0445556640625,-0.1717529296875,-0.000244140625,True
35,BASELINE32,0,256,hemlock_extra_hazard_0.12,Q2,0.12744140625,-0.04833984375,0.0831298828125,-0.0040283203125,True
35,BASELINE32,0,256,entry_lognormal_annual_sd_1.2,Q2,-0.12744140625,-0.037322998046875,-0.168792724609375,0.0040283203125,True
35,PREFIX8,0,256,correct,Q2,0.0048828125,0.0048828125,-0.00830078125,0.01806640625,True
35,PREFIX8,0,256,hemlock_extra_hazard_0.12,Q2,0.0048828125,0.0048828125,-0.00830078125,0.01806640625,True
35,PREFIX8,0,256,entry_lognormal_annual_sd_1.2,Q2,0.0048828125,0.0048828125,-0.004608154296875,0.014373779296875,True
35,PREFIX8,0,1024,correct,Q1,0.0068359375,0.0001220703125,-0.011962890625,0.0189208984375,True
35,PREFIX8,0,1024,hemlock_extra_hazard_0.12,Q1,0.0068359375,0.0001220703125,-0.011962890625,0.0189208984375,True
35,PREFIX8,0,1024,entry_lognormal_annual_sd_1.2,Q1,0.0068359375,0.0001220703125,-0.008758544921875,0.015716552734375,True
35,PREFIX8,0,1024,correct,Q2,0.0068359375,0.0001220703125,-0.011962890625,0.0189208984375,True
35,PREFIX8,0,1024,hemlock_extra_hazard_0.12,Q2,0.0068359375,0.0001220703125,-0.011962890625,0.0189208984375,True
35,PREFIX8,0,1024,entry_lognormal_annual_sd_1.2,Q2,0.0068359375,0.0001220703125,-0.008758544921875,0.015716552734375,True
35,PREFIX8,0,4096,correct,Q1,0.012969970703125,0.0089111328125,-0.00360107421875,0.025482177734375,True
35,PREFIX8,0,4096,hemlock_extra_hazard_0.12,Q1,0.012969970703125,0.0089111328125,-0.00360107421875,0.025482177734375,True
35,PREFIX8,0,4096,entry_lognormal_annual_sd_1.2,Q1,0.012969970703125,0.0089111328125,0.001007080078125,0.0208740234375,True
35,PREFIX8,0,4096,correct,Q2,0.012969970703125,0.0089111328125,-0.00360107421875,0.025482177734375,True
35,PREFIX8,0,4096,hemlock_extra_hazard_0.12,Q2,0.012969970703125,0.0089111328125,-0.00360107421875,0.025482177734375,True
35,PREFIX8,0,4096,entry_lognormal_annual_sd_1.2,Q2,0.012969970703125,0.0089111328125,0.001007080078125,0.0208740234375,True
36,BASELINE32,0,256,correct,Q1,0.209716796875,-0.209716796875,-0.4046630859375,0.4046630859375,True
36,BASELINE32,0,256,hemlock_extra_hazard_0.12,Q1,-0.209716796875,0.209716796875,0.4046630859375,-0.4046630859375,True
36,BASELINE32,0,256,entry_lognormal_annual_sd_1.2,Q1,0.209716796875,-0.209716796875,-0.40460205078125,0.40460205078125,True
36,PREFIX8,0,256,correct,Q1,0.142578125,-0.34130859375,-0.45166015625,0.2529296875,True
36,PREFIX8,0,256,hemlock_extra_hazard_0.12,Q1,-0.142578125,0.34130859375,0.45166015625,-0.2529296875,True
36,PREFIX8,0,256,entry_lognormal_annual_sd_1.2,Q1,0.142578125,-0.34130859375,-0.45166015625,0.2529296875,True
36,BASELINE32,0,256,correct,Q2,0.209716796875,-0.209716796875,-0.4046630859375,0.4046630859375,True
36,BASELINE32,0,256,hemlock_extra_hazard_0.12,Q2,-0.209716796875,0.209716796875,0.4046630859375,-0.4046630859375,True
36,BASELINE32,0,256,entry_lognormal_annual_sd_1.2,Q2,0.209716796875,-0.209716796875,-0.40460205078125,0.40460205078125,True
36,PREFIX8,0,256,correct,Q2,0.142578125,-0.34130859375,-0.45166015625,0.2529296875,True
36,PREFIX8,0,256,hemlock_extra_hazard_0.12,Q2,-0.142578125,0.34130859375,0.45166015625,-0.2529296875,True
36,PREFIX8,0,256,entry_lognormal_annual_sd_1.2,Q2,0.142578125,-0.34130859375,-0.45166015625,0.2529296875,True
36,PREFIX8,0,1024,correct,Q1,0.142822265625,-0.3372802734375,-0.45263671875,0.2581787109375,True
36,PREFIX8,0,1024,hemlock_extra_hazard_0.12,Q1,-0.142822265625,0.3372802734375,0.4547119140625,-0.26025390625,True
36,PREFIX8,0,1024,entry_lognormal_annual_sd_1.2,Q1,0.142822265625,-0.3372802734375,-0.44927978515625,0.25482177734375,True
36,PREFIX8,0,1024,correct,Q2,0.142822265625,-0.3372802734375,-0.45263671875,0.2581787109375,True
36,PREFIX8,0,1024,hemlock_extra_hazard_0.12,Q2,-0.142822265625,0.3372802734375,0.4547119140625,-0.26025390625,True
36,PREFIX8,0,1024,entry_lognormal_annual_sd_1.2,Q2,0.142822265625,-0.3372802734375,-0.44927978515625,0.25482177734375,True
36,PREFIX8,0,4096,correct,Q1,0.1419677734375,-0.339996337890625,-0.455291748046875,0.25726318359375,True
36,PREFIX8,0,4096,hemlock_extra_hazard_0.12,Q1,-0.1419677734375,0.339996337890625,0.458099365234375,-0.26007080078125,True
36,PREFIX8,0,4096,entry_lognormal_annual_sd_1.2,Q1,0.1419677734375,-0.339996337890625,-0.451934814453125,0.25390625,True
36,PREFIX8,0,4096,correct,Q2,0.1419677734375,-0.339996337890625,-0.455291748046875,0.25726318359375,True
36,PREFIX8,0,4096,hemlock_extra_hazard_0.12,Q2,-0.1419677734375,0.339996337890625,0.458099365234375,-0.26007080078125,True
36,PREFIX8,0,4096,entry_lognormal_annual_sd_1.2,Q2,0.1419677734375,-0.339996337890625,-0.451934814453125,0.25390625,True
36,OBSERVATION_ONLY8,1,1024,correct,Q1,0.0897216796875,-0.2867431640625,-0.402099609375,0.205078125,True
36,OBSERVATION_ONLY8,1,1024,hemlock_extra_hazard_0.12,Q1,-0.0897216796875,0.2867431640625,0.4041748046875,-0.2071533203125,True
36,OBSERVATION_ONLY8,1,1024,entry_lognormal_annual_sd_1.2,Q1,0.0897216796875,-0.2867431640625,-0.39874267578125,0.20172119140625,True
36,OBSERVATION_ONLY8,1,1024,correct,Q2,0.0897216796875,-0.2867431640625,-0.402099609375,0.205078125,True
36,OBSERVATION_ONLY8,1,1024,hemlock_extra_hazard_0.12,Q2,-0.0897216796875,0.2867431640625,0.4041748046875,-0.2071533203125,True
36,OBSERVATION_ONLY8,1,1024,entry_lognormal_annual_sd_1.2,Q2,0.0897216796875,-0.2867431640625,-0.39874267578125,0.20172119140625,True
36,OBSERVATION_ONLY8,2,1024,correct,Q1,0.0460205078125,-0.05810546875,-0.1734619140625,0.161376953125,True
36,OBSERVATION_ONLY8,2,1024,hemlock_extra_hazard_0.12,Q1,-0.0460205078125,0.05810546875,0.175537109375,-0.1634521484375,True
36,OBSERVATION_ONLY8,2,1024,entry_lognormal_annual_sd_1.2,Q1,0.0460205078125,-0.05810546875,-0.17010498046875,0.15802001953125,True
36,OBSERVATION_ONLY8,2,1024,correct,Q2,0.0460205078125,-0.05810546875,-0.1734619140625,0.161376953125,True
36,OBSERVATION_ONLY8,2,1024,hemlock_extra_hazard_0.12,Q2,-0.0460205078125,0.05810546875,0.175537109375,-0.1634521484375,True
36,OBSERVATION_ONLY8,2,1024,entry_lognormal_annual_sd_1.2,Q2,0.0460205078125,-0.05810546875,-0.17010498046875,0.15802001953125,True
36,INFERENCE_ONLY8,3,1024,correct,Q1,0.221923828125,-0.15087890625,-0.3974609375,0.468505859375,True
36,INFERENCE_ONLY8,3,1024,hemlock_extra_hazard_0.12,Q1,-0.221923828125,0.15087890625,0.3995361328125,-0.4705810546875,True
36,INFERENCE_ONLY8,3,1024,entry_lognormal_annual_sd_1.2,Q1,0.221923828125,-0.15087890625,-0.39410400390625,0.46514892578125,True
36,INFERENCE_ONLY8,3,1024,correct,Q2,0.221923828125,-0.15087890625,-0.3974609375,0.468505859375,True
36,INFERENCE_ONLY8,3,1024,hemlock_extra_hazard_0.12,Q2,-0.221923828125,0.15087890625,0.3995361328125,-0.4705810546875,True
36,INFERENCE_ONLY8,3,1024,entry_lognormal_annual_sd_1.2,Q2,0.221923828125,-0.15087890625,-0.39410400390625,0.46514892578125,True
36,INFERENCE_ONLY8,4,1024,correct,Q1,0.4515380859375,0.01220703125,-0.177734375,0.6414794921875,True
36,INFERENCE_ONLY8,4,1024,hemlock_extra_hazard_0.12,Q1,-0.4515380859375,-0.01220703125,0.1798095703125,-0.6435546875,True
36,INFERENCE_ONLY8,4,1024,entry_lognormal_annual_sd_1.2,Q1,0.4515380859375,0.01220703125,-0.17437744140625,0.63812255859375,True
36,INFERENCE_ONLY8,4,1024,correct,Q2,0.4515380859375,0.01220703125,-0.177734375,0.6414794921875,True
36,INFERENCE_ONLY8,4,1024,hemlock_extra_hazard_0.12,Q2,-0.4515380859375,-0.01220703125,0.1798095703125,-0.6435546875,True
36,INFERENCE_ONLY8,4,1024,entry_lognormal_annual_sd_1.2,Q2,0.4515380859375,0.01220703125,-0.17437744140625,0.63812255859375,True
36,FUTURE_ONLY8,5,1024,correct,Q1,0.1390380859375,-0.3363037109375,-0.450927734375,0.253662109375,True
36,FUTURE_ONLY8,5,1024,hemlock_extra_hazard_0.12,Q1,-0.1390380859375,0.3363037109375,0.450927734375,-0.253662109375,True
36,FUTURE_ONLY8,5,1024,entry_lognormal_annual_sd_1.2,Q1,0.1390380859375,-0.3363037109375,-0.45013427734375,0.25286865234375,True
36,FUTURE_ONLY8,5,1024,correct,Q2,0.1390380859375,-0.3363037109375,-0.450927734375,0.253662109375,True
36,FUTURE_ONLY8,5,1024,hemlock_extra_hazard_0.12,Q2,-0.1390380859375,0.3363037109375,0.450927734375,-0.253662109375,True
36,FUTURE_ONLY8,5,1024,entry_lognormal_annual_sd_1.2,Q2,0.1390380859375,-0.3363037109375,-0.45013427734375,0.25286865234375,True
36,FUTURE_ONLY8,6,1024,correct,Q1,0.13623046875,-0.339599609375,-0.456787109375,0.25341796875,True
36,FUTURE_ONLY8,6,1024,hemlock_extra_hazard_0.12,Q1,-0.13623046875,0.339599609375,0.4632568359375,-0.2598876953125,True
36,FUTURE_ONLY8,6,1024,entry_lognormal_annual_sd_1.2,Q1,0.13623046875,-0.339599609375,-0.45343017578125,0.25006103515625,True
36,FUTURE_ONLY8,6,1024,correct,Q2,0.13623046875,-0.339599609375,-0.456787109375,0.25341796875,True
36,FUTURE_ONLY8,6,1024,hemlock_extra_hazard_0.12,Q2,-0.13623046875,0.339599609375,0.4632568359375,-0.2598876953125,True
36,FUTURE_ONLY8,6,1024,entry_lognormal_annual_sd_1.2,Q2,0.13623046875,-0.339599609375,-0.45343017578125,0.25006103515625,True
37,BASELINE32,0,256,correct,Q1,0.1201171875,0.097412109375,-0.3865966796875,0.6041259765625,True
37,BASELINE32,0,256,hemlock_extra_hazard_0.12,Q1,-0.1201171875,-0.097412109375,0.4034423828125,-0.6209716796875,True
37,BASELINE32,0,256,entry_lognormal_annual_sd_1.2,Q1,0.1201171875,0.097412109375,-0.384124755859375,0.601654052734375,True
37,PREFIX8,0,256,correct,Q1,0.10986328125,0.21044921875,-0.34619140625,0.66650390625,True
37,PREFIX8,0,256,hemlock_extra_hazard_0.12,Q1,-0.10986328125,-0.21044921875,0.37744140625,-0.69775390625,True
37,PREFIX8,0,256,entry_lognormal_annual_sd_1.2,Q1,0.10986328125,0.21044921875,-0.343719482421875,0.664031982421875,True
37,BASELINE32,0,256,correct,Q2,0.1201171875,0.097412109375,-0.3865966796875,0.6041259765625,True
37,BASELINE32,0,256,hemlock_extra_hazard_0.12,Q2,-0.1201171875,-0.097412109375,0.4034423828125,-0.6209716796875,True
37,BASELINE32,0,256,entry_lognormal_annual_sd_1.2,Q2,0.1201171875,0.097412109375,-0.384124755859375,0.601654052734375,True
37,PREFIX8,0,256,correct,Q2,0.10986328125,0.21044921875,-0.34619140625,0.66650390625,True
37,PREFIX8,0,256,hemlock_extra_hazard_0.12,Q2,-0.10986328125,-0.21044921875,0.37744140625,-0.69775390625,True
37,PREFIX8,0,256,entry_lognormal_annual_sd_1.2,Q2,0.10986328125,0.21044921875,-0.343719482421875,0.664031982421875,True
37,PREFIX8,0,1024,correct,Q1,0.1058349609375,0.2169189453125,-0.3529052734375,0.6756591796875,True
37,PREFIX8,0,1024,hemlock_extra_hazard_0.12,Q1,-0.1058349609375,-0.2169189453125,0.3594970703125,-0.6822509765625,True
37,PREFIX8,0,1024,entry_lognormal_annual_sd_1.2,Q1,0.1058349609375,0.2169189453125,-0.350433349609375,0.673187255859375,True
37,PREFIX8,0,1024,correct,Q2,0.1058349609375,0.2169189453125,-0.3529052734375,0.6756591796875,True
37,PREFIX8,0,1024,hemlock_extra_hazard_0.12,Q2,-0.1058349609375,-0.2169189453125,0.3594970703125,-0.6822509765625,True
37,PREFIX8,0,1024,entry_lognormal_annual_sd_1.2,Q2,0.1058349609375,0.2169189453125,-0.350433349609375,0.673187255859375,True
37,PREFIX8,0,4096,correct,Q1,0.10821533203125,0.21905517578125,-0.35186767578125,0.67913818359375,True
37,PREFIX8,0,4096,hemlock_extra_hazard_0.12,Q1,-0.10821533203125,-0.21905517578125,0.35577392578125,-0.68304443359375,True
37,PREFIX8,0,4096,entry_lognormal_annual_sd_1.2,Q1,0.10821533203125,0.21905517578125,-0.349395751953125,0.676666259765625,True
37,PREFIX8,0,4096,correct,Q2,0.10821533203125,0.21905517578125,-0.35186767578125,0.67913818359375,True
37,PREFIX8,0,4096,hemlock_extra_hazard_0.12,Q2,-0.10821533203125,-0.21905517578125,0.35577392578125,-0.68304443359375,True
37,PREFIX8,0,4096,entry_lognormal_annual_sd_1.2,Q2,0.10821533203125,0.21905517578125,-0.349395751953125,0.676666259765625,True
38,BASELINE32,0,256,correct,Q1,0.1268310546875,0.14013671875,-0.296234130859375,0.563201904296875,True
38,BASELINE32,0,256,hemlock_extra_hazard_0.12,Q1,-0.1268310546875,-0.14013671875,0.3084716796875,-0.575439453125,True
38,BASELINE32,0,256,entry_lognormal_annual_sd_1.2,Q1,0.1268310546875,0.14013671875,-0.28021240234375,0.54718017578125,True
38,PREFIX8,0,256,correct,Q1,0.2412109375,-0.009765625,-0.252410888671875,0.483856201171875,True
38,PREFIX8,0,256,hemlock_extra_hazard_0.12,Q1,-0.2412109375,0.009765625,0.265625,-0.4970703125,True
38,PREFIX8,0,256,entry_lognormal_annual_sd_1.2,Q1,0.2412109375,-0.009765625,-0.23638916015625,0.46783447265625,True
38,BASELINE32,0,256,correct,Q2,0.1268310546875,0.14013671875,-0.296234130859375,0.563201904296875,True
38,BASELINE32,0,256,hemlock_extra_hazard_0.12,Q2,-0.1268310546875,-0.14013671875,0.3084716796875,-0.575439453125,True
38,BASELINE32,0,256,entry_lognormal_annual_sd_1.2,Q2,0.1268310546875,0.14013671875,-0.28021240234375,0.54718017578125,True
38,PREFIX8,0,256,correct,Q2,0.2412109375,-0.009765625,-0.252410888671875,0.483856201171875,True
38,PREFIX8,0,256,hemlock_extra_hazard_0.12,Q2,-0.2412109375,0.009765625,0.265625,-0.4970703125,True
38,PREFIX8,0,256,entry_lognormal_annual_sd_1.2,Q2,0.2412109375,-0.009765625,-0.23638916015625,0.46783447265625,True
38,PREFIX8,0,1024,correct,Q1,0.2601318359375,-0.0047607421875,-0.23388671875,0.4892578125,True
38,PREFIX8,0,1024,hemlock_extra_hazard_0.12,Q1,-0.2601318359375,0.0047607421875,0.23388671875,-0.4892578125,True
38,PREFIX8,0,1024,entry_lognormal_annual_sd_1.2,Q1,0.2601318359375,-0.0047607421875,-0.22637939453125,0.48175048828125,True
38,PREFIX8,0,1024,correct,Q2,0.2601318359375,-0.0047607421875,-0.23388671875,0.4892578125,True
38,PREFIX8,0,1024,hemlock_extra_hazard_0.12,Q2,-0.2601318359375,0.0047607421875,0.23388671875,-0.4892578125,True
38,PREFIX8,0,1024,entry_lognormal_annual_sd_1.2,Q2,0.2601318359375,-0.0047607421875,-0.22637939453125,0.48175048828125,True
38,PREFIX8,0,4096,correct,Q1,0.2568359375,-0.0035400390625,-0.236846923828125,0.490142822265625,True
38,PREFIX8,0,4096,hemlock_extra_hazard_0.12,Q1,-0.2568359375,0.0035400390625,0.236846923828125,-0.490142822265625,True
38,PREFIX8,0,4096,entry_lognormal_annual_sd_1.2,Q1,0.2568359375,-0.0035400390625,-0.228240966796875,0.481536865234375,True
38,PREFIX8,0,4096,correct,Q2,0.2568359375,-0.0035400390625,-0.236846923828125,0.490142822265625,True
38,PREFIX8,0,4096,hemlock_extra_hazard_0.12,Q2,-0.2568359375,0.0035400390625,0.236846923828125,-0.490142822265625,True
38,PREFIX8,0,4096,entry_lognormal_annual_sd_1.2,Q2,0.2568359375,-0.0035400390625,-0.228240966796875,0.481536865234375,True
39,BASELINE32,0,256,correct,Q1,0.064910888671875,-0.3951416015625,-0.4384765625,0.108245849609375,True
39,BASELINE32,0,256,hemlock_extra_hazard_0.12,Q1,-0.1591796875,0.3951416015625,0.351806640625,-0.1158447265625,True
39,BASELINE32,0,256,entry_lognormal_annual_sd_1.2,Q1,0.06231689453125,-0.3951416015625,-0.4384765625,0.10565185546875,True
39,PREFIX8,0,256,correct,Q1,0.168914794921875,-0.28662109375,-0.2802734375,0.162567138671875,True
39,PREFIX8,0,256,hemlock_extra_hazard_0.12,Q1,-0.1875,0.28662109375,0.29296875,-0.19384765625,True
39,PREFIX8,0,256,entry_lognormal_annual_sd_1.2,Q1,0.16632080078125,-0.28662109375,-0.2802734375,0.15997314453125,True
39,BASELINE32,0,256,correct,Q2,0.064910888671875,-0.3951416015625,-0.4384765625,0.108245849609375,True
39,BASELINE32,0,256,hemlock_extra_hazard_0.12,Q2,-0.1591796875,0.3951416015625,0.351806640625,-0.1158447265625,True
39,BASELINE32,0,256,entry_lognormal_annual_sd_1.2,Q2,0.06231689453125,-0.3951416015625,-0.4384765625,0.10565185546875,True
39,PREFIX8,0,256,correct,Q2,0.168914794921875,-0.28662109375,-0.2802734375,0.162567138671875,True
39,PREFIX8,0,256,hemlock_extra_hazard_0.12,Q2,-0.1875,0.28662109375,0.29296875,-0.19384765625,True
39,PREFIX8,0,256,entry_lognormal_annual_sd_1.2,Q2,0.16632080078125,-0.28662109375,-0.2802734375,0.15997314453125,True
39,PREFIX8,0,1024,correct,Q1,0.162078857421875,-0.294189453125,-0.2957763671875,0.163665771484375,True
39,PREFIX8,0,1024,hemlock_extra_hazard_0.12,Q1,-0.177490234375,0.294189453125,0.2926025390625,-0.1759033203125,True
39,PREFIX8,0,1024,entry_lognormal_annual_sd_1.2,Q1,0.15948486328125,-0.294189453125,-0.2957763671875,0.16107177734375,True
39,PREFIX8,0,1024,correct,Q2,0.162078857421875,-0.294189453125,-0.2957763671875,0.163665771484375,True
39,PREFIX8,0,1024,hemlock_extra_hazard_0.12,Q2,-0.177490234375,0.294189453125,0.2926025390625,-0.1759033203125,True
39,PREFIX8,0,1024,entry_lognormal_annual_sd_1.2,Q2,0.15948486328125,-0.294189453125,-0.2957763671875,0.16107177734375,True
39,PREFIX8,0,4096,correct,Q1,0.161865234375,-0.290435791015625,-0.2899169921875,0.161346435546875,True
39,PREFIX8,0,4096,hemlock_extra_hazard_0.12,Q1,-0.175567626953125,0.290435791015625,0.29095458984375,-0.17608642578125,True
39,PREFIX8,0,4096,entry_lognormal_annual_sd_1.2,Q1,0.159271240234375,-0.290435791015625,-0.2899169921875,0.15875244140625,True
39,PREFIX8,0,4096,correct,Q2,0.161865234375,-0.290435791015625,-0.2899169921875,0.161346435546875,True
39,PREFIX8,0,4096,hemlock_extra_hazard_0.12,Q2,-0.175567626953125,0.290435791015625,0.29095458984375,-0.17608642578125,True
39,PREFIX8,0,4096,entry_lognormal_annual_sd_1.2,Q2,0.159271240234375,-0.290435791015625,-0.2899169921875,0.15875244140625,True
40,BASELINE32,0,256,correct,Q1,0.090118408203125,-0.4390869140625,-0.556243896484375,0.207275390625,True
40,BASELINE32,0,256,hemlock_extra_hazard_0.12,Q1,-0.33642578125,0.4390869140625,0.3099365234375,-0.207275390625,True
40,BASELINE32,0,256,entry_lognormal_annual_sd_1.2,Q1,0.0828857421875,-0.4390869140625,-0.5634765625,0.207275390625,True
40,PREFIX8,0,256,correct,Q1,0.358673095703125,-0.267578125,-0.343475341796875,0.4345703125,True
40,PREFIX8,0,256,hemlock_extra_hazard_0.12,Q1,-0.52880859375,0.267578125,0.17333984375,-0.4345703125,True
40,PREFIX8,0,256,entry_lognormal_annual_sd_1.2,Q1,0.3514404296875,-0.267578125,-0.3507080078125,0.4345703125,True
40,BASELINE32,0,256,correct,Q2,0.090118408203125,-0.4390869140625,-0.556243896484375,0.207275390625,True
40,BASELINE32,0,256,hemlock_extra_hazard_0.12,Q2,-0.33642578125,0.4390869140625,0.3099365234375,-0.207275390625,True
40,BASELINE32,0,256,entry_lognormal_annual_sd_1.2,Q2,0.0828857421875,-0.4390869140625,-0.5634765625,0.207275390625,True
40,PREFIX8,0,256,correct,Q2,0.358673095703125,-0.267578125,-0.343475341796875,0.4345703125,True
40,PREFIX8,0,256,hemlock_extra_hazard_0.12,Q2,-0.52880859375,0.267578125,0.17333984375,-0.4345703125,True
40,PREFIX8,0,256,entry_lognormal_annual_sd_1.2,Q2,0.3514404296875,-0.267578125,-0.3507080078125,0.4345703125,True
40,PREFIX8,0,1024,correct,Q1,0.359771728515625,-0.250244140625,-0.34033203125,0.449859619140625,True
40,PREFIX8,0,1024,hemlock_extra_hazard_0.12,Q1,-0.5440673828125,0.250244140625,0.16015625,-0.4539794921875,True
40,PREFIX8,0,1024,entry_lognormal_annual_sd_1.2,Q1,0.3525390625,-0.250244140625,-0.34033203125,0.442626953125,True
40,PREFIX8,0,1024,correct,Q2,0.359771728515625,-0.250244140625,-0.34033203125,0.449859619140625,True
40,PREFIX8,0,1024,hemlock_extra_hazard_0.12,Q2,-0.5440673828125,0.250244140625,0.16015625,-0.4539794921875,True
40,PREFIX8,0,1024,entry_lognormal_annual_sd_1.2,Q2,0.3525390625,-0.250244140625,-0.34033203125,0.442626953125,True
40,PREFIX8,0,4096,correct,Q1,0.355743408203125,-0.2518310546875,-0.34759521484375,0.451507568359375,True
40,PREFIX8,0,4096,hemlock_extra_hazard_0.12,Q1,-0.54803466796875,0.2518310546875,0.155303955078125,-0.451507568359375,True
40,PREFIX8,0,4096,entry_lognormal_annual_sd_1.2,Q1,0.3485107421875,-0.2518310546875,-0.348358154296875,0.445037841796875,True
40,PREFIX8,0,4096,correct,Q2,0.355743408203125,-0.2518310546875,-0.34759521484375,0.451507568359375,True
40,PREFIX8,0,4096,hemlock_extra_hazard_0.12,Q2,-0.54803466796875,0.2518310546875,0.155303955078125,-0.451507568359375,True
40,PREFIX8,0,4096,entry_lognormal_annual_sd_1.2,Q2,0.3485107421875,-0.2518310546875,-0.348358154296875,0.445037841796875,True
41,BASELINE32,0,256,correct,Q1,0.2200927734375,-0.009033203125,-0.211669921875,0.4227294921875,True
41,BASELINE32,0,256,hemlock_extra_hazard_0.12,Q1,-0.2200927734375,0.009033203125,0.211669921875,-0.4227294921875,True
41,BASELINE32,0,256,entry_lognormal_annual_sd_1.2,Q1,0.2200927734375,-0.009033203125,-0.2109375,0.4219970703125,True
41,PREFIX8,0,256,correct,Q1,0.294921875,-0.0244140625,-0.1171875,0.3876953125,True
41,PREFIX8,0,256,hemlock_extra_hazard_0.12,Q1,-0.294921875,0.0244140625,0.1171875,-0.3876953125,True
41,PREFIX8,0,256,entry_lognormal_annual_sd_1.2,Q1,0.294921875,-0.0244140625,-0.1171875,0.3876953125,True
41,BASELINE32,0,256,correct,Q2,0.2200927734375,-0.009033203125,-0.211669921875,0.4227294921875,True
41,BASELINE32,0,256,hemlock_extra_hazard_0.12,Q2,-0.2200927734375,0.009033203125,0.211669921875,-0.4227294921875,True
41,BASELINE32,0,256,entry_lognormal_annual_sd_1.2,Q2,0.2200927734375,-0.009033203125,-0.2109375,0.4219970703125,True
41,PREFIX8,0,256,correct,Q2,0.294921875,-0.0244140625,-0.1171875,0.3876953125,True
41,PREFIX8,0,256,hemlock_extra_hazard_0.12,Q2,-0.294921875,0.0244140625,0.1171875,-0.3876953125,True
41,PREFIX8,0,256,entry_lognormal_annual_sd_1.2,Q2,0.294921875,-0.0244140625,-0.1171875,0.3876953125,True
41,PREFIX8,0,1024,correct,Q1,0.29345703125,-0.0340576171875,-0.131103515625,0.3905029296875,True
41,PREFIX8,0,1024,hemlock_extra_hazard_0.12,Q1,-0.29345703125,0.0340576171875,0.131103515625,-0.3905029296875,True
41,PREFIX8,0,1024,entry_lognormal_annual_sd_1.2,Q1,0.29345703125,-0.0340576171875,-0.131103515625,0.3905029296875,True
41,PREFIX8,0,1024,correct,Q2,0.29345703125,-0.0340576171875,-0.131103515625,0.3905029296875,True
41,PREFIX8,0,1024,hemlock_extra_hazard_0.12,Q2,-0.29345703125,0.0340576171875,0.131103515625,-0.3905029296875,True
41,PREFIX8,0,1024,entry_lognormal_annual_sd_1.2,Q2,0.29345703125,-0.0340576171875,-0.131103515625,0.3905029296875,True
41,PREFIX8,0,4096,correct,Q1,0.294189453125,-0.023773193359375,-0.125,0.395416259765625,True
41,PREFIX8,0,4096,hemlock_extra_hazard_0.12,Q1,-0.294189453125,0.023773193359375,0.130828857421875,-0.4012451171875,True
41,PREFIX8,0,4096,entry_lognormal_annual_sd_1.2,Q1,0.294189453125,-0.023773193359375,-0.121490478515625,0.39190673828125,True
41,PREFIX8,0,4096,correct,Q2,0.294189453125,-0.023773193359375,-0.125,0.395416259765625,True
41,PREFIX8,0,4096,hemlock_extra_hazard_0.12,Q2,-0.294189453125,0.023773193359375,0.130828857421875,-0.4012451171875,True
41,PREFIX8,0,4096,entry_lognormal_annual_sd_1.2,Q2,0.294189453125,-0.023773193359375,-0.121490478515625,0.39190673828125,True
42,BASELINE32,0,256,correct,Q1,-0.003143310546875,-0.477783203125,-0.635833740234375,0.1549072265625,True
42,BASELINE32,0,256,hemlock_extra_hazard_0.12,Q1,-0.3192138671875,0.477783203125,0.3134765625,-0.1549072265625,True
42,BASELINE32,0,256,entry_lognormal_annual_sd_1.2,Q1,-0.001861572265625,-0.477783203125,-0.634552001953125,0.1549072265625,True
42,PREFIX8,0,256,correct,Q1,0.136138916015625,-0.36181640625,-0.48779296875,0.262115478515625,True
42,PREFIX8,0,256,hemlock_extra_hazard_0.12,Q1,-0.400390625,0.36181640625,0.23583984375,-0.2744140625,True
42,PREFIX8,0,256,entry_lognormal_annual_sd_1.2,Q1,0.137420654296875,-0.36181640625,-0.48779296875,0.263397216796875,True
42,BASELINE32,0,256,correct,Q2,-0.003143310546875,-0.477783203125,-0.635833740234375,0.1549072265625,True
42,BASELINE32,0,256,hemlock_extra_hazard_0.12,Q2,-0.3192138671875,0.477783203125,0.3134765625,-0.1549072265625,True
42,BASELINE32,0,256,entry_lognormal_annual_sd_1.2,Q2,-0.001861572265625,-0.477783203125,-0.634552001953125,0.1549072265625,True
42,PREFIX8,0,256,correct,Q2,0.136138916015625,-0.36181640625,-0.48779296875,0.262115478515625,True
42,PREFIX8,0,256,hemlock_extra_hazard_0.12,Q2,-0.400390625,0.36181640625,0.23583984375,-0.2744140625,True
42,PREFIX8,0,256,entry_lognormal_annual_sd_1.2,Q2,0.137420654296875,-0.36181640625,-0.48779296875,0.263397216796875,True
42,PREFIX8,0,1024,correct,Q1,0.134063720703125,-0.359619140625,-0.4964599609375,0.270904541015625,True
42,PREFIX8,0,1024,hemlock_extra_hazard_0.12,Q1,-0.4093017578125,0.359619140625,0.2227783203125,-0.2724609375,True
42,PREFIX8,0,1024,entry_lognormal_annual_sd_1.2,Q1,0.135345458984375,-0.359619140625,-0.4964599609375,0.272186279296875,True
42,PREFIX8,0,1024,correct,Q2,0.134063720703125,-0.359619140625,-0.4964599609375,0.270904541015625,True
42,PREFIX8,0,1024,hemlock_extra_hazard_0.12,Q2,-0.4093017578125,0.359619140625,0.2227783203125,-0.2724609375,True
42,PREFIX8,0,1024,entry_lognormal_annual_sd_1.2,Q2,0.135345458984375,-0.359619140625,-0.4964599609375,0.272186279296875,True
42,PREFIX8,0,4096,correct,Q1,0.133270263671875,-0.362091064453125,-0.50091552734375,0.2720947265625,True
42,PREFIX8,0,4096,hemlock_extra_hazard_0.12,Q1,-0.41094970703125,0.362091064453125,0.223236083984375,-0.2720947265625,True
42,PREFIX8,0,4096,entry_lognormal_annual_sd_1.2,Q1,0.134552001953125,-0.362091064453125,-0.4996337890625,0.2720947265625,True
42,PREFIX8,0,4096,correct,Q2,0.133270263671875,-0.362091064453125,-0.50091552734375,0.2720947265625,True
42,PREFIX8,0,4096,hemlock_extra_hazard_0.12,Q2,-0.41094970703125,0.362091064453125,0.223236083984375,-0.2720947265625,True
42,PREFIX8,0,4096,entry_lognormal_annual_sd_1.2,Q2,0.134552001953125,-0.362091064453125,-0.4996337890625,0.2720947265625,True
43,BASELINE32,0,256,correct,Q1,0.030029296875,0.2669677734375,-0.347625732421875,0.644622802734375,True
43,BASELINE32,0,256,hemlock_extra_hazard_0.12,Q1,-0.030029296875,-0.2669677734375,0.36181640625,-0.6588134765625,True
43,BASELINE32,0,256,entry_lognormal_annual_sd_1.2,Q1,0.030029296875,0.2669677734375,-0.34588623046875,0.64288330078125,True
43,PREFIX8,0,256,correct,Q1,0.07470703125,0.2587890625,-0.234832763671875,0.568328857421875,True
43,PREFIX8,0,256,hemlock_extra_hazard_0.12,Q1,-0.07470703125,-0.2587890625,0.25830078125,-0.591796875,True
43,PREFIX8,0,256,entry_lognormal_annual_sd_1.2,Q1,0.07470703125,0.2587890625,-0.23309326171875,0.56658935546875,True
43,BASELINE32,0,256,correct,Q2,0.030029296875,0.2669677734375,-0.347625732421875,0.644622802734375,True
43,BASELINE32,0,256,hemlock_extra_hazard_0.12,Q2,-0.030029296875,-0.2669677734375,0.36181640625,-0.6588134765625,True
43,BASELINE32,0,256,entry_lognormal_annual_sd_1.2,Q2,0.030029296875,0.2669677734375,-0.34588623046875,0.64288330078125,True
43,PREFIX8,0,256,correct,Q2,0.07470703125,0.2587890625,-0.234832763671875,0.568328857421875,True
43,PREFIX8,0,256,hemlock_extra_hazard_0.12,Q2,-0.07470703125,-0.2587890625,0.25830078125,-0.591796875,True
43,PREFIX8,0,256,entry_lognormal_annual_sd_1.2,Q2,0.07470703125,0.2587890625,-0.23309326171875,0.56658935546875,True
43,PREFIX8,0,1024,correct,Q1,0.0616455078125,0.24267578125,-0.267547607421875,0.571868896484375,True
43,PREFIX8,0,1024,hemlock_extra_hazard_0.12,Q1,-0.0616455078125,-0.24267578125,0.271484375,-0.5758056640625,True
43,PREFIX8,0,1024,entry_lognormal_annual_sd_1.2,Q1,0.0616455078125,0.24267578125,-0.26580810546875,0.57012939453125,True
43,PREFIX8,0,1024,correct,Q2,0.0616455078125,0.24267578125,-0.267547607421875,0.571868896484375,True
43,PREFIX8,0,1024,hemlock_extra_hazard_0.12,Q2,-0.0616455078125,-0.24267578125,0.271484375,-0.5758056640625,True
43,PREFIX8,0,1024,entry_lognormal_annual_sd_1.2,Q2,0.0616455078125,0.24267578125,-0.26580810546875,0.57012939453125,True
43,PREFIX8,0,4096,correct,Q1,0.061553955078125,0.2418212890625,-0.264984130859375,0.568359375,True
43,PREFIX8,0,4096,hemlock_extra_hazard_0.12,Q1,-0.061553955078125,-0.2418212890625,0.264984130859375,-0.568359375,True
43,PREFIX8,0,4096,entry_lognormal_annual_sd_1.2,Q1,0.061553955078125,0.2418212890625,-0.264984130859375,0.568359375,True
43,PREFIX8,0,4096,correct,Q2,0.061553955078125,0.2418212890625,-0.264984130859375,0.568359375,True
43,PREFIX8,0,4096,hemlock_extra_hazard_0.12,Q2,-0.061553955078125,-0.2418212890625,0.264984130859375,-0.568359375,True
43,PREFIX8,0,4096,entry_lognormal_annual_sd_1.2,Q2,0.061553955078125,0.2418212890625,-0.264984130859375,0.568359375,True
44,BASELINE32,0,256,correct,Q1,0.1075439453125,0.02392578125,-0.6148681640625,0.746337890625,True
44,BASELINE32,0,256,hemlock_extra_hazard_0.12,Q1,-0.1075439453125,-0.02392578125,0.6148681640625,-0.746337890625,True
44,BASELINE32,0,256,entry_lognormal_annual_sd_1.2,Q1,0.1075439453125,0.02392578125,-0.61212158203125,0.74359130859375,True
44,PREFIX8,0,256,correct,Q1,0.04931640625,0.02783203125,-0.665283203125,0.742431640625,True
44,PREFIX8,0,256,hemlock_extra_hazard_0.12,Q1,-0.04931640625,-0.02783203125,0.6845703125,-0.76171875,True
44,PREFIX8,0,256,entry_lognormal_annual_sd_1.2,Q1,0.04931640625,0.02783203125,-0.66204833984375,0.73919677734375,True
44,BASELINE32,0,256,correct,Q2,0.1075439453125,0.02392578125,-0.6148681640625,0.746337890625,True
44,BASELINE32,0,256,hemlock_extra_hazard_0.12,Q2,-0.1075439453125,-0.02392578125,0.6148681640625,-0.746337890625,True
44,BASELINE32,0,256,entry_lognormal_annual_sd_1.2,Q2,0.1075439453125,0.02392578125,-0.61212158203125,0.74359130859375,True
44,PREFIX8,0,256,correct,Q2,0.04931640625,0.02783203125,-0.665283203125,0.742431640625,True
44,PREFIX8,0,256,hemlock_extra_hazard_0.12,Q2,-0.04931640625,-0.02783203125,0.6845703125,-0.76171875,True
44,PREFIX8,0,256,entry_lognormal_annual_sd_1.2,Q2,0.04931640625,0.02783203125,-0.66204833984375,0.73919677734375,True
44,PREFIX8,0,1024,correct,Q1,0.0452880859375,0.02685546875,-0.6710205078125,0.7431640625,True
44,PREFIX8,0,1024,hemlock_extra_hazard_0.12,Q1,-0.0452880859375,-0.02685546875,0.6885986328125,-0.7607421875,True
44,PREFIX8,0,1024,entry_lognormal_annual_sd_1.2,Q1,0.0452880859375,0.02685546875,-0.66778564453125,0.73992919921875,True
44,PREFIX8,0,1024,correct,Q2,0.0452880859375,0.02685546875,-0.6710205078125,0.7431640625,True
44,PREFIX8,0,1024,hemlock_extra_hazard_0.12,Q2,-0.0452880859375,-0.02685546875,0.6885986328125,-0.7607421875,True
44,PREFIX8,0,1024,entry_lognormal_annual_sd_1.2,Q2,0.0452880859375,0.02685546875,-0.66778564453125,0.73992919921875,True
44,PREFIX8,0,4096,correct,Q1,0.044036865234375,0.028594970703125,-0.6771240234375,0.749755859375,True
44,PREFIX8,0,4096,hemlock_extra_hazard_0.12,Q1,-0.044036865234375,-0.028594970703125,0.6771240234375,-0.749755859375,True
44,PREFIX8,0,4096,entry_lognormal_annual_sd_1.2,Q1,0.044036865234375,0.028594970703125,-0.6771240234375,0.749755859375,True
44,PREFIX8,0,4096,correct,Q2,0.044036865234375,0.028594970703125,-0.6771240234375,0.749755859375,True
44,PREFIX8,0,4096,hemlock_extra_hazard_0.12,Q2,-0.044036865234375,-0.028594970703125,0.6771240234375,-0.749755859375,True
44,PREFIX8,0,4096,entry_lognormal_annual_sd_1.2,Q2,0.044036865234375,0.028594970703125,-0.6771240234375,0.749755859375,True
45,BASELINE32,0,256,correct,Q1,-0.1383056640625,-0.529937744140625,-0.712890625,0.044647216796875,True
45,BASELINE32,0,256,hemlock_extra_hazard_0.12,Q1,-0.1383056640625,0.6231689453125,0.436279296875,0.048583984375,True
45,BASELINE32,0,256,entry_lognormal_annual_sd_1.2,Q1,-0.1383056640625,-0.525604248046875,-0.712493896484375,0.048583984375,True
45,PREFIX8,0,256,correct,Q1,-0.198699951171875,-0.5849609375,-0.792938232421875,0.00927734375,True
45,PREFIX8,0,256,hemlock_extra_hazard_0.12,Q1,-0.2275390625,0.5849609375,0.36669921875,-0.00927734375,True
45,PREFIX8,0,256,entry_lognormal_annual_sd_1.2,Q1,-0.203033447265625,-0.5849609375,-0.797271728515625,0.00927734375,True
45,BASELINE32,0,256,correct,Q2,-0.1383056640625,-0.529937744140625,-0.712890625,0.044647216796875,True
45,BASELINE32,0,256,hemlock_extra_hazard_0.12,Q2,-0.1383056640625,0.6231689453125,0.436279296875,0.048583984375,True
45,BASELINE32,0,256,entry_lognormal_annual_sd_1.2,Q2,-0.1383056640625,-0.525604248046875,-0.712493896484375,0.048583984375,True
45,PREFIX8,0,256,correct,Q2,-0.198699951171875,-0.5849609375,-0.792938232421875,0.00927734375,True
45,PREFIX8,0,256,hemlock_extra_hazard_0.12,Q2,-0.2275390625,0.5849609375,0.36669921875,-0.00927734375,True
45,PREFIX8,0,256,entry_lognormal_annual_sd_1.2,Q2,-0.203033447265625,-0.5849609375,-0.797271728515625,0.00927734375,True
45,PREFIX8,0,1024,correct,Q1,-0.194305419921875,-0.5672607421875,-0.770843505859375,0.00927734375,True
45,PREFIX8,0,1024,hemlock_extra_hazard_0.12,Q1,-0.231689453125,0.5672607421875,0.3448486328125,-0.00927734375,True
45,PREFIX8,0,1024,entry_lognormal_annual_sd_1.2,Q1,-0.198638916015625,-0.5672607421875,-0.775177001953125,0.00927734375,True
45,PREFIX8,0,1024,correct,Q2,-0.194305419921875,-0.5672607421875,-0.770843505859375,0.00927734375,True
45,PREFIX8,0,1024,hemlock_extra_hazard_0.12,Q2,-0.231689453125,0.5672607421875,0.3448486328125,-0.00927734375,True
45,PREFIX8,0,1024,entry_lognormal_annual_sd_1.2,Q2,-0.198638916015625,-0.5672607421875,-0.775177001953125,0.00927734375,True
45,PREFIX8,0,4096,correct,Q1,-0.195587158203125,-0.56793212890625,-0.779296875,0.015777587890625,True
45,PREFIX8,0,4096,hemlock_extra_hazard_0.12,Q1,-0.23150634765625,0.56793212890625,0.352203369140625,-0.015777587890625,True
45,PREFIX8,0,4096,entry_lognormal_annual_sd_1.2,Q1,-0.199920654296875,-0.56793212890625,-0.78363037109375,0.015777587890625,True
45,PREFIX8,0,4096,correct,Q2,-0.195587158203125,-0.56793212890625,-0.779296875,0.015777587890625,True
45,PREFIX8,0,4096,hemlock_extra_hazard_0.12,Q2,-0.23150634765625,0.56793212890625,0.352203369140625,-0.015777587890625,True
45,PREFIX8,0,4096,entry_lognormal_annual_sd_1.2,Q2,-0.199920654296875,-0.56793212890625,-0.78363037109375,0.015777587890625,True
46,BASELINE32,0,256,correct,Q1,-0.09893798828125,-0.6751708984375,-0.84381103515625,0.0697021484375,True
46,BASELINE32,0,256,hemlock_extra_hazard_0.12,Q1,-0.24169921875,0.6751708984375,0.503173828125,-0.0697021484375,True
46,BASELINE32,0,256,entry_lognormal_annual_sd_1.2,Q1,-0.099456787109375,-0.6751708984375,-0.844329833984375,0.0697021484375,True
46,PREFIX8,0,256,correct,Q1,-0.06573486328125,-0.70556640625,-0.8203125,0.04901123046875,True
46,PREFIX8,0,256,hemlock_extra_hazard_0.12,Q1,-0.16845703125,0.70556640625,0.5908203125,-0.0537109375,True
46,PREFIX8,0,256,entry_lognormal_annual_sd_1.2,Q1,-0.066253662109375,-0.70556640625,-0.8203125,0.048492431640625,True
46,BASELINE32,0,256,correct,Q2,-0.09893798828125,-0.6751708984375,-0.84381103515625,0.0697021484375,True
46,BASELINE32,0,256,hemlock_extra_hazard_0.12,Q2,-0.24169921875,0.6751708984375,0.503173828125,-0.0697021484375,True
46,BASELINE32,0,256,entry_lognormal_annual_sd_1.2,Q2,-0.099456787109375,-0.6751708984375,-0.844329833984375,0.0697021484375,True
46,PREFIX8,0,256,correct,Q2,-0.06573486328125,-0.70556640625,-0.8203125,0.04901123046875,True
46,PREFIX8,0,256,hemlock_extra_hazard_0.12,Q2,-0.16845703125,0.70556640625,0.5908203125,-0.0537109375,True
46,PREFIX8,0,256,entry_lognormal_annual_sd_1.2,Q2,-0.066253662109375,-0.70556640625,-0.8203125,0.048492431640625,True
46,PREFIX8,0,1024,correct,Q1,-0.05755615234375,-0.69677734375,-0.802978515625,0.04864501953125,True
46,PREFIX8,0,1024,hemlock_extra_hazard_0.12,Q1,-0.1719970703125,0.69677734375,0.590576171875,-0.0657958984375,True
46,PREFIX8,0,1024,entry_lognormal_annual_sd_1.2,Q1,-0.058074951171875,-0.69677734375,-0.802978515625,0.048126220703125,True
46,PREFIX8,0,1024,correct,Q2,-0.05755615234375,-0.69677734375,-0.802978515625,0.04864501953125,True
46,PREFIX8,0,1024,hemlock_extra_hazard_0.12,Q2,-0.1719970703125,0.69677734375,0.590576171875,-0.0657958984375,True
46,PREFIX8,0,1024,entry_lognormal_annual_sd_1.2,Q2,-0.058074951171875,-0.69677734375,-0.802978515625,0.048126220703125,True
46,PREFIX8,0,4096,correct,Q1,-0.05987548828125,-0.7005615234375,-0.813629150390625,0.053192138671875,True
46,PREFIX8,0,4096,hemlock_extra_hazard_0.12,Q1,-0.17047119140625,0.7005615234375,0.587493896484375,-0.057403564453125,True
46,PREFIX8,0,4096,entry_lognormal_annual_sd_1.2,Q1,-0.060394287109375,-0.7005615234375,-0.813629150390625,0.05267333984375,True
46,PREFIX8,0,4096,correct,Q2,-0.05987548828125,-0.7005615234375,-0.813629150390625,0.053192138671875,True
46,PREFIX8,0,4096,hemlock_extra_hazard_0.12,Q2,-0.17047119140625,0.7005615234375,0.587493896484375,-0.057403564453125,True
46,PREFIX8,0,4096,entry_lognormal_annual_sd_1.2,Q2,-0.060394287109375,-0.7005615234375,-0.813629150390625,0.05267333984375,True
47,BASELINE32,0,256,correct,Q1,-0.036376953125,-0.579193115234375,-0.7391357421875,0.123565673828125,True
47,BASELINE32,0,256,hemlock_extra_hazard_0.12,Q1,-0.036376953125,0.82763671875,0.6663818359375,0.1248779296875,True
47,BASELINE32,0,256,entry_lognormal_annual_sd_1.2,Q1,-0.036376953125,-0.5782470703125,-0.7391357421875,0.12451171875,True
47,PREFIX8,0,256,correct,Q1,-0.01708984375,-0.582611083984375,-0.763275146484375,0.16357421875,True
47,PREFIX8,0,256,hemlock_extra_hazard_0.12,Q1,-0.01708984375,0.9150390625,0.734375,0.16357421875,True
47,PREFIX8,0,256,entry_lognormal_annual_sd_1.2,Q1,-0.01708984375,-0.5816650390625,-0.7623291015625,0.16357421875,True
47,BASELINE32,0,256,correct,Q2,-0.036376953125,-0.579193115234375,-0.7391357421875,0.123565673828125,True
47,BASELINE32,0,256,hemlock_extra_hazard_0.12,Q2,-0.036376953125,0.82763671875,0.6663818359375,0.1248779296875,True
47,BASELINE32,0,256,entry_lognormal_annual_sd_1.2,Q2,-0.036376953125,-0.5782470703125,-0.7391357421875,0.12451171875,True
47,PREFIX8,0,256,correct,Q2,-0.01708984375,-0.582611083984375,-0.763275146484375,0.16357421875,True
47,PREFIX8,0,256,hemlock_extra_hazard_0.12,Q2,-0.01708984375,0.9150390625,0.734375,0.16357421875,True
47,PREFIX8,0,256,entry_lognormal_annual_sd_1.2,Q2,-0.01708984375,-0.5816650390625,-0.7623291015625,0.16357421875,True
47,PREFIX8,0,1024,correct,Q1,-0.0146484375,-0.572357177734375,-0.753753662109375,0.166748046875,True
47,PREFIX8,0,1024,hemlock_extra_hazard_0.12,Q1,-0.0146484375,0.90966796875,0.728271484375,0.166748046875,True
47,PREFIX8,0,1024,entry_lognormal_annual_sd_1.2,Q1,-0.0146484375,-0.5714111328125,-0.7528076171875,0.166748046875,True
47,PREFIX8,0,1024,correct,Q2,-0.0146484375,-0.572357177734375,-0.753753662109375,0.166748046875,True
47,PREFIX8,0,1024,hemlock_extra_hazard_0.12,Q2,-0.0146484375,0.90966796875,0.728271484375,0.166748046875,True
47,PREFIX8,0,1024,entry_lognormal_annual_sd_1.2,Q2,-0.0146484375,-0.5714111328125,-0.7528076171875,0.166748046875,True
47,PREFIX8,0,4096,correct,Q1,-0.013214111328125,-0.56591796875,-0.748382568359375,0.16925048828125,True
47,PREFIX8,0,4096,hemlock_extra_hazard_0.12,Q1,-0.013214111328125,0.906097412109375,0.721954345703125,0.170928955078125,True
47,PREFIX8,0,4096,entry_lognormal_annual_sd_1.2,Q1,-0.013214111328125,-0.564971923828125,-0.748382568359375,0.170196533203125,True
47,PREFIX8,0,4096,correct,Q2,-0.013214111328125,-0.56591796875,-0.748382568359375,0.16925048828125,True
47,PREFIX8,0,4096,hemlock_extra_hazard_0.12,Q2,-0.013214111328125,0.906097412109375,0.721954345703125,0.170928955078125,True
47,PREFIX8,0,4096,entry_lognormal_annual_sd_1.2,Q2,-0.013214111328125,-0.564971923828125,-0.748382568359375,0.170196533203125,True
48,BASELINE32,0,256,correct,Q1,0.1580810546875,0.0166015625,-0.34661865234375,0.52130126953125,True
48,BASELINE32,0,256,hemlock_extra_hazard_0.12,Q1,-0.1580810546875,-0.0166015625,0.346923828125,-0.5216064453125,True
48,BASELINE32,0,256,entry_lognormal_annual_sd_1.2,Q1,0.1580810546875,0.0166015625,-0.346923828125,0.5216064453125,True
48,PREFIX8,0,256,correct,Q1,0.13427734375,-0.07568359375,-0.41033935546875,0.46893310546875,True
48,PREFIX8,0,256,hemlock_extra_hazard_0.12,Q1,-0.13427734375,0.07568359375,0.4248046875,-0.4833984375,True
48,PREFIX8,0,256,entry_lognormal_annual_sd_1.2,Q1,0.13427734375,-0.07568359375,-0.417083740234375,0.475677490234375,True
48,BASELINE32,0,256,correct,Q2,0.1580810546875,0.0166015625,-0.34661865234375,0.52130126953125,True
48,BASELINE32,0,256,hemlock_extra_hazard_0.12,Q2,-0.1580810546875,-0.0166015625,0.346923828125,-0.5216064453125,True
48,BASELINE32,0,256,entry_lognormal_annual_sd_1.2,Q2,0.1580810546875,0.0166015625,-0.346923828125,0.5216064453125,True
48,PREFIX8,0,256,correct,Q2,0.13427734375,-0.07568359375,-0.41033935546875,0.46893310546875,True
48,PREFIX8,0,256,hemlock_extra_hazard_0.12,Q2,-0.13427734375,0.07568359375,0.4248046875,-0.4833984375,True
48,PREFIX8,0,256,entry_lognormal_annual_sd_1.2,Q2,0.13427734375,-0.07568359375,-0.417083740234375,0.475677490234375,True
48,PREFIX8,0,1024,correct,Q1,0.128173828125,-0.0718994140625,-0.41058349609375,0.46685791015625,True
48,PREFIX8,0,1024,hemlock_extra_hazard_0.12,Q1,-0.128173828125,0.0718994140625,0.42578125,-0.4820556640625,True
48,PREFIX8,0,1024,entry_lognormal_annual_sd_1.2,Q1,0.128173828125,-0.0718994140625,-0.417327880859375,0.473602294921875,True
48,PREFIX8,0,1024,correct,Q2,0.128173828125,-0.0718994140625,-0.41058349609375,0.46685791015625,True
48,PREFIX8,0,1024,hemlock_extra_hazard_0.12,Q2,-0.128173828125,0.0718994140625,0.42578125,-0.4820556640625,True
48,PREFIX8,0,1024,entry_lognormal_annual_sd_1.2,Q2,0.128173828125,-0.0718994140625,-0.417327880859375,0.473602294921875,True
48,PREFIX8,0,4096,correct,Q1,0.126800537109375,-0.0704345703125,-0.41473388671875,0.471099853515625,True
48,PREFIX8,0,4096,hemlock_extra_hazard_0.12,Q1,-0.126800537109375,0.0704345703125,0.424560546875,-0.480926513671875,True
48,PREFIX8,0,4096,entry_lognormal_annual_sd_1.2,Q1,0.126800537109375,-0.0704345703125,-0.421478271484375,0.47784423828125,True
48,PREFIX8,0,4096,correct,Q2,0.126800537109375,-0.0704345703125,-0.41473388671875,0.471099853515625,True
48,PREFIX8,0,4096,hemlock_extra_hazard_0.12,Q2,-0.126800537109375,0.0704345703125,0.424560546875,-0.480926513671875,True
48,PREFIX8,0,4096,entry_lognormal_annual_sd_1.2,Q2,0.126800537109375,-0.0704345703125,-0.421478271484375,0.47784423828125,True
48,OBSERVATION_ONLY8,1,1024,correct,Q1,0.1297607421875,-0.066162109375,-0.40484619140625,0.46844482421875,True
48,OBSERVATION_ONLY8,1,1024,hemlock_extra_hazard_0.12,Q1,-0.1297607421875,0.066162109375,0.4200439453125,-0.483642578125,True
48,OBSERVATION_ONLY8,1,1024,entry_lognormal_annual_sd_1.2,Q1,0.1297607421875,-0.066162109375,-0.411590576171875,0.475189208984375,True
48,OBSERVATION_ONLY8,1,1024,correct,Q2,0.1297607421875,-0.066162109375,-0.40484619140625,0.46844482421875,True
48,OBSERVATION_ONLY8,1,1024,hemlock_extra_hazard_0.12,Q2,-0.1297607421875,0.066162109375,0.4200439453125,-0.483642578125,True
48,OBSERVATION_ONLY8,1,1024,entry_lognormal_annual_sd_1.2,Q2,0.1297607421875,-0.066162109375,-0.411590576171875,0.475189208984375,True
48,OBSERVATION_ONLY8,2,1024,correct,Q1,0.2628173828125,-0.03173828125,-0.37042236328125,0.60150146484375,True
48,OBSERVATION_ONLY8,2,1024,hemlock_extra_hazard_0.12,Q1,-0.2628173828125,0.03173828125,0.3856201171875,-0.61669921875,True
48,OBSERVATION_ONLY8,2,1024,entry_lognormal_annual_sd_1.2,Q1,0.2628173828125,-0.03173828125,-0.377166748046875,0.608245849609375,True
48,OBSERVATION_ONLY8,2,1024,correct,Q2,0.2628173828125,-0.03173828125,-0.37042236328125,0.60150146484375,True
48,OBSERVATION_ONLY8,2,1024,hemlock_extra_hazard_0.12,Q2,-0.2628173828125,0.03173828125,0.3856201171875,-0.61669921875,True
48,OBSERVATION_ONLY8,2,1024,entry_lognormal_annual_sd_1.2,Q2,0.2628173828125,-0.03173828125,-0.377166748046875,0.608245849609375,True
48,INFERENCE_ONLY8,3,1024,correct,Q1,0.0948486328125,0.17431640625,-0.38812255859375,0.65728759765625,True
48,INFERENCE_ONLY8,3,1024,hemlock_extra_hazard_0.12,Q1,-0.0948486328125,-0.17431640625,0.4033203125,-0.6724853515625,True
48,INFERENCE_ONLY8,3,1024,entry_lognormal_annual_sd_1.2,Q1,0.0948486328125,0.17431640625,-0.394866943359375,0.664031982421875,True
48,INFERENCE_ONLY8,3,1024,correct,Q2,0.0948486328125,0.17431640625,-0.38812255859375,0.65728759765625,True
48,INFERENCE_ONLY8,3,1024,hemlock_extra_hazard_0.12,Q2,-0.0948486328125,-0.17431640625,0.4033203125,-0.6724853515625,True
48,INFERENCE_ONLY8,3,1024,entry_lognormal_annual_sd_1.2,Q2,0.0948486328125,0.17431640625,-0.394866943359375,0.664031982421875,True
48,INFERENCE_ONLY8,4,1024,correct,Q1,0.064453125,-0.01025390625,-0.42767333984375,0.48187255859375,True
48,INFERENCE_ONLY8,4,1024,hemlock_extra_hazard_0.12,Q1,-0.064453125,0.01025390625,0.44287109375,-0.4970703125,True
48,INFERENCE_ONLY8,4,1024,entry_lognormal_annual_sd_1.2,Q1,0.064453125,-0.01025390625,-0.434417724609375,0.488616943359375,True
48,INFERENCE_ONLY8,4,1024,correct,Q2,0.064453125,-0.01025390625,-0.42767333984375,0.48187255859375,True
48,INFERENCE_ONLY8,4,1024,hemlock_extra_hazard_0.12,Q2,-0.064453125,0.01025390625,0.44287109375,-0.4970703125,True
48,INFERENCE_ONLY8,4,1024,entry_lognormal_annual_sd_1.2,Q2,0.064453125,-0.01025390625,-0.434417724609375,0.488616943359375,True
48,FUTURE_ONLY8,5,1024,correct,Q1,0.1346435546875,-0.0738525390625,-0.41314697265625,0.47393798828125,True
48,FUTURE_ONLY8,5,1024,hemlock_extra_hazard_0.12,Q1,-0.1346435546875,0.0738525390625,0.4149169921875,-0.4757080078125,True
48,FUTURE_ONLY8,5,1024,entry_lognormal_annual_sd_1.2,Q1,0.1346435546875,-0.0738525390625,-0.4149169921875,0.4757080078125,True
48,FUTURE_ONLY8,5,1024,correct,Q2,0.1346435546875,-0.0738525390625,-0.41314697265625,0.47393798828125,True
48,FUTURE_ONLY8,5,1024,hemlock_extra_hazard_0.12,Q2,-0.1346435546875,0.0738525390625,0.4149169921875,-0.4757080078125,True
48,FUTURE_ONLY8,5,1024,entry_lognormal_annual_sd_1.2,Q2,0.1346435546875,-0.0738525390625,-0.4149169921875,0.4757080078125,True
48,FUTURE_ONLY8,6,1024,correct,Q1,0.137451171875,-0.0709228515625,-0.412109375,0.4786376953125,True
48,FUTURE_ONLY8,6,1024,hemlock_extra_hazard_0.12,Q1,-0.137451171875,0.0709228515625,0.412109375,-0.4786376953125,True
48,FUTURE_ONLY8,6,1024,entry_lognormal_annual_sd_1.2,Q1,0.137451171875,-0.0709228515625,-0.412109375,0.4786376953125,True
48,FUTURE_ONLY8,6,1024,correct,Q2,0.137451171875,-0.0709228515625,-0.412109375,0.4786376953125,True
48,FUTURE_ONLY8,6,1024,hemlock_extra_hazard_0.12,Q2,-0.137451171875,0.0709228515625,0.412109375,-0.4786376953125,True
48,FUTURE_ONLY8,6,1024,entry_lognormal_annual_sd_1.2,Q2,0.137451171875,-0.0709228515625,-0.412109375,0.4786376953125,True
49,BASELINE32,0,256,correct,Q1,0.0692138671875,0.223388671875,-0.2332763671875,0.52587890625,True
49,BASELINE32,0,256,hemlock_extra_hazard_0.12,Q1,-0.0692138671875,-0.223388671875,0.2332763671875,-0.52587890625,True
49,BASELINE32,0,256,entry_lognormal_annual_sd_1.2,Q1,0.0692138671875,0.223388671875,-0.2332763671875,0.52587890625,True
49,PREFIX8,0,256,correct,Q1,0.0283203125,0.2861328125,-0.2548828125,0.5693359375,True
49,PREFIX8,0,256,hemlock_extra_hazard_0.12,Q1,-0.0283203125,-0.2861328125,0.2548828125,-0.5693359375,True
49,PREFIX8,0,256,entry_lognormal_annual_sd_1.2,Q1,0.0283203125,0.2861328125,-0.2548828125,0.5693359375,True
49,BASELINE32,0,256,correct,Q2,0.0692138671875,0.223388671875,-0.2332763671875,0.52587890625,True
49,BASELINE32,0,256,hemlock_extra_hazard_0.12,Q2,-0.0692138671875,-0.223388671875,0.2332763671875,-0.52587890625,True
49,BASELINE32,0,256,entry_lognormal_annual_sd_1.2,Q2,0.0692138671875,0.223388671875,-0.2332763671875,0.52587890625,True
49,PREFIX8,0,256,correct,Q2,0.0283203125,0.2861328125,-0.2548828125,0.5693359375,True
49,PREFIX8,0,256,hemlock_extra_hazard_0.12,Q2,-0.0283203125,-0.2861328125,0.2548828125,-0.5693359375,True
49,PREFIX8,0,256,entry_lognormal_annual_sd_1.2,Q2,0.0283203125,0.2861328125,-0.2548828125,0.5693359375,True
49,PREFIX8,0,1024,correct,Q1,0.0240478515625,0.300048828125,-0.2490234375,0.5731201171875,True
49,PREFIX8,0,1024,hemlock_extra_hazard_0.12,Q1,-0.0240478515625,-0.300048828125,0.2490234375,-0.5731201171875,True
49,PREFIX8,0,1024,entry_lognormal_annual_sd_1.2,Q1,0.0240478515625,0.300048828125,-0.2490234375,0.5731201171875,True
49,PREFIX8,0,1024,correct,Q2,0.0240478515625,0.300048828125,-0.2490234375,0.5731201171875,True
49,PREFIX8,0,1024,hemlock_extra_hazard_0.12,Q2,-0.0240478515625,-0.300048828125,0.2490234375,-0.5731201171875,True
49,PREFIX8,0,1024,entry_lognormal_annual_sd_1.2,Q2,0.0240478515625,0.300048828125,-0.2490234375,0.5731201171875,True
49,PREFIX8,0,4096,correct,Q1,0.024871826171875,0.300567626953125,-0.25128173828125,0.57672119140625,True
49,PREFIX8,0,4096,hemlock_extra_hazard_0.12,Q1,-0.024871826171875,-0.300567626953125,0.25128173828125,-0.57672119140625,True
49,PREFIX8,0,4096,entry_lognormal_annual_sd_1.2,Q1,0.024871826171875,0.300567626953125,-0.250701904296875,0.576141357421875,True
49,PREFIX8,0,4096,correct,Q2,0.024871826171875,0.300567626953125,-0.25128173828125,0.57672119140625,True
49,PREFIX8,0,4096,hemlock_extra_hazard_0.12,Q2,-0.024871826171875,-0.300567626953125,0.25128173828125,-0.57672119140625,True
49,PREFIX8,0,4096,entry_lognormal_annual_sd_1.2,Q2,0.024871826171875,0.300567626953125,-0.250701904296875,0.576141357421875,True
50,BASELINE32,0,256,correct,Q1,0.01837158203125,-0.4129638671875,-0.4742431640625,0.07965087890625,True
50,BASELINE32,0,256,hemlock_extra_hazard_0.12,Q1,-0.1458740234375,0.4129638671875,0.3516845703125,-0.0845947265625,True
50,BASELINE32,0,256,entry_lognormal_annual_sd_1.2,Q1,0.013427734375,-0.4129638671875,-0.4742431640625,0.07470703125,True
50,PREFIX8,0,256,correct,Q1,0.0869140625,-0.2666015625,-0.40179443359375,0.22210693359375,True
50,PREFIX8,0,256,hemlock_extra_hazard_0.12,Q1,-0.0869140625,0.2666015625,0.43994140625,-0.26025390625,True
50,PREFIX8,0,256,entry_lognormal_annual_sd_1.2,Q1,0.0869140625,-0.2666015625,-0.3968505859375,0.2171630859375,True
50,BASELINE32,0,256,correct,Q2,0.01837158203125,-0.4129638671875,-0.4742431640625,0.07965087890625,True
50,BASELINE32,0,256,hemlock_extra_hazard_0.12,Q2,-0.1458740234375,0.4129638671875,0.3516845703125,-0.0845947265625,True
50,BASELINE32,0,256,entry_lognormal_annual_sd_1.2,Q2,0.013427734375,-0.4129638671875,-0.4742431640625,0.07470703125,True
50,PREFIX8,0,256,correct,Q2,0.0869140625,-0.2666015625,-0.40179443359375,0.22210693359375,True
50,PREFIX8,0,256,hemlock_extra_hazard_0.12,Q2,-0.0869140625,0.2666015625,0.43994140625,-0.26025390625,True
50,PREFIX8,0,256,entry_lognormal_annual_sd_1.2,Q2,0.0869140625,-0.2666015625,-0.3968505859375,0.2171630859375,True
50,PREFIX8,0,1024,correct,Q1,0.0902099609375,-0.2647705078125,-0.40997314453125,0.23541259765625,True
50,PREFIX8,0,1024,hemlock_extra_hazard_0.12,Q1,-0.0902099609375,0.2647705078125,0.4193115234375,-0.2447509765625,True
50,PREFIX8,0,1024,entry_lognormal_annual_sd_1.2,Q1,0.0902099609375,-0.2647705078125,-0.405029296875,0.23046875,True
50,PREFIX8,0,1024,correct,Q2,0.0902099609375,-0.2647705078125,-0.40997314453125,0.23541259765625,True
50,PREFIX8,0,1024,hemlock_extra_hazard_0.12,Q2,-0.0902099609375,0.2647705078125,0.4193115234375,-0.2447509765625,True
50,PREFIX8,0,1024,entry_lognormal_annual_sd_1.2,Q2,0.0902099609375,-0.2647705078125,-0.405029296875,0.23046875,True
50,PREFIX8,0,4096,correct,Q1,0.08697509765625,-0.261474609375,-0.414642333984375,0.240142822265625,True
50,PREFIX8,0,4096,hemlock_extra_hazard_0.12,Q1,-0.08697509765625,0.261474609375,0.414642333984375,-0.240142822265625,True
50,PREFIX8,0,4096,entry_lognormal_annual_sd_1.2,Q1,0.08697509765625,-0.261474609375,-0.410064697265625,0.235565185546875,True
50,PREFIX8,0,4096,correct,Q2,0.08697509765625,-0.261474609375,-0.414642333984375,0.240142822265625,True
50,PREFIX8,0,4096,hemlock_extra_hazard_0.12,Q2,-0.08697509765625,0.261474609375,0.414642333984375,-0.240142822265625,True
50,PREFIX8,0,4096,entry_lognormal_annual_sd_1.2,Q2,0.08697509765625,-0.261474609375,-0.410064697265625,0.235565185546875,True
51,BASELINE32,0,256,correct,Q1,-0.055419921875,-0.379852294921875,-0.623779296875,0.188507080078125,True
51,BASELINE32,0,256,hemlock_extra_hazard_0.12,Q1,-0.055419921875,0.760009765625,0.512939453125,0.191650390625,True
51,BASELINE32,0,256,entry_lognormal_annual_sd_1.2,Q1,-0.055419921875,-0.381988525390625,-0.623779296875,0.186370849609375,True
51,PREFIX8,0,256,correct,Q1,-0.09375,-0.425506591796875,-0.655487060546875,0.13623046875,True
51,PREFIX8,0,256,hemlock_extra_hazard_0.12,Q1,-0.09375,0.71630859375,0.486328125,0.13623046875,True
51,PREFIX8,0,256,entry_lognormal_annual_sd_1.2,Q1,-0.09375,-0.427642822265625,-0.657623291015625,0.13623046875,True
51,BASELINE32,0,256,correct,Q2,-0.055419921875,-0.379852294921875,-0.623779296875,0.188507080078125,True
51,BASELINE32,0,256,hemlock_extra_hazard_0.12,Q2,-0.055419921875,0.760009765625,0.512939453125,0.191650390625,True
51,BASELINE32,0,256,entry_lognormal_annual_sd_1.2,Q2,-0.055419921875,-0.381988525390625,-0.623779296875,0.186370849609375,True
51,PREFIX8,0,256,correct,Q2,-0.09375,-0.425506591796875,-0.655487060546875,0.13623046875,True
51,PREFIX8,0,256,hemlock_extra_hazard_0.12,Q2,-0.09375,0.71630859375,0.486328125,0.13623046875,True
51,PREFIX8,0,256,entry_lognormal_annual_sd_1.2,Q2,-0.09375,-0.427642822265625,-0.657623291015625,0.13623046875,True
51,PREFIX8,0,1024,correct,Q1,-0.0958251953125,-0.421112060546875,-0.659393310546875,0.1424560546875,True
51,PREFIX8,0,1024,hemlock_extra_hazard_0.12,Q1,-0.0958251953125,0.71044921875,0.47216796875,0.1424560546875,True
51,PREFIX8,0,1024,entry_lognormal_annual_sd_1.2,Q1,-0.0958251953125,-0.423248291015625,-0.661529541015625,0.1424560546875,True
51,PREFIX8,0,1024,correct,Q2,-0.0958251953125,-0.421112060546875,-0.659393310546875,0.1424560546875,True
51,PREFIX8,0,1024,hemlock_extra_hazard_0.12,Q2,-0.0958251953125,0.71044921875,0.47216796875,0.1424560546875,True
51,PREFIX8,0,1024,entry_lognormal_annual_sd_1.2,Q2,-0.0958251953125,-0.423248291015625,-0.661529541015625,0.1424560546875,True
51,PREFIX8,0,4096,correct,Q1,-0.098297119140625,-0.41864013671875,-0.66107177734375,0.144134521484375,True
51,PREFIX8,0,4096,hemlock_extra_hazard_0.12,Q1,-0.098297119140625,0.707611083984375,0.465179443359375,0.144134521484375,True
51,PREFIX8,0,4096,entry_lognormal_annual_sd_1.2,Q1,-0.098297119140625,-0.4207763671875,-0.661773681640625,0.1427001953125,True
51,PREFIX8,0,4096,correct,Q2,-0.098297119140625,-0.41864013671875,-0.66107177734375,0.144134521484375,True
51,PREFIX8,0,4096,hemlock_extra_hazard_0.12,Q2,-0.098297119140625,0.707611083984375,0.465179443359375,0.144134521484375,True
51,PREFIX8,0,4096,entry_lognormal_annual_sd_1.2,Q2,-0.098297119140625,-0.4207763671875,-0.661773681640625,0.1427001953125,True
52,BASELINE32,0,256,correct,Q1,0.108154296875,0.1627197265625,-0.460205078125,0.7310791015625,True
52,BASELINE32,0,256,hemlock_extra_hazard_0.12,Q1,-0.108154296875,-0.1627197265625,0.460205078125,-0.7310791015625,True
52,BASELINE32,0,256,entry_lognormal_annual_sd_1.2,Q1,0.108154296875,0.1627197265625,-0.460205078125,0.7310791015625,True
52,PREFIX8,0,256,correct,Q1,0.2158203125,0.16259765625,-0.39208984375,0.7705078125,True
52,PREFIX8,0,256,hemlock_extra_hazard_0.12,Q1,-0.2158203125,-0.16259765625,0.39208984375,-0.7705078125,True
52,PREFIX8,0,256,entry_lognormal_annual_sd_1.2,Q1,0.2158203125,0.16259765625,-0.39208984375,0.7705078125,True
52,BASELINE32,0,256,correct,Q2,0.108154296875,0.1627197265625,-0.460205078125,0.7310791015625,True
52,BASELINE32,0,256,hemlock_extra_hazard_0.12,Q2,-0.108154296875,-0.1627197265625,0.460205078125,-0.7310791015625,True
52,BASELINE32,0,256,entry_lognormal_annual_sd_1.2,Q2,0.108154296875,0.1627197265625,-0.460205078125,0.7310791015625,True
52,PREFIX8,0,256,correct,Q2,0.2158203125,0.16259765625,-0.39208984375,0.7705078125,True
52,PREFIX8,0,256,hemlock_extra_hazard_0.12,Q2,-0.2158203125,-0.16259765625,0.39208984375,-0.7705078125,True
52,PREFIX8,0,256,entry_lognormal_annual_sd_1.2,Q2,0.2158203125,0.16259765625,-0.39208984375,0.7705078125,True
52,PREFIX8,0,1024,correct,Q1,0.2130126953125,0.162353515625,-0.4058837890625,0.78125,True
52,PREFIX8,0,1024,hemlock_extra_hazard_0.12,Q1,-0.2130126953125,-0.162353515625,0.4058837890625,-0.78125,True
52,PREFIX8,0,1024,entry_lognormal_annual_sd_1.2,Q1,0.2130126953125,0.162353515625,-0.4058837890625,0.78125,True
52,PREFIX8,0,1024,correct,Q2,0.2130126953125,0.162353515625,-0.4058837890625,0.78125,True
52,PREFIX8,0,1024,hemlock_extra_hazard_0.12,Q2,-0.2130126953125,-0.162353515625,0.4058837890625,-0.78125,True
52,PREFIX8,0,1024,entry_lognormal_annual_sd_1.2,Q2,0.2130126953125,0.162353515625,-0.4058837890625,0.78125,True
52,PREFIX8,0,4096,correct,Q1,0.214447021484375,0.158935546875,-0.40557861328125,0.778961181640625,True
52,PREFIX8,0,4096,hemlock_extra_hazard_0.12,Q1,-0.214447021484375,-0.158935546875,0.40557861328125,-0.778961181640625,True
52,PREFIX8,0,4096,entry_lognormal_annual_sd_1.2,Q1,0.214447021484375,0.158935546875,-0.40557861328125,0.778961181640625,True
52,PREFIX8,0,4096,correct,Q2,0.214447021484375,0.158935546875,-0.40557861328125,0.778961181640625,True
52,PREFIX8,0,4096,hemlock_extra_hazard_0.12,Q2,-0.214447021484375,-0.158935546875,0.40557861328125,-0.778961181640625,True
52,PREFIX8,0,4096,entry_lognormal_annual_sd_1.2,Q2,0.214447021484375,0.158935546875,-0.40557861328125,0.778961181640625,True
53,BASELINE32,0,256,correct,Q1,0.260009765625,-0.2357177734375,-0.312744140625,0.3370361328125,True
53,BASELINE32,0,256,hemlock_extra_hazard_0.12,Q1,-0.260009765625,0.2357177734375,0.312744140625,-0.3370361328125,True
53,BASELINE32,0,256,entry_lognormal_annual_sd_1.2,Q1,0.260009765625,-0.2357177734375,-0.312744140625,0.3370361328125,True
53,PREFIX8,0,256,correct,Q1,0.26611328125,-0.14599609375,-0.26513671875,0.38525390625,True
53,PREFIX8,0,256,hemlock_extra_hazard_0.12,Q1,-0.26611328125,0.14599609375,0.26513671875,-0.38525390625,True
53,PREFIX8,0,256,entry_lognormal_annual_sd_1.2,Q1,0.26611328125,-0.14599609375,-0.26513671875,0.38525390625,True
53,BASELINE32,0,256,correct,Q2,0.257080078125,-0.23291015625,-0.315673828125,0.33984375,True
53,BASELINE32,0,256,hemlock_extra_hazard_0.12,Q2,-0.257080078125,0.23291015625,0.315673828125,-0.33984375,True
53,BASELINE32,0,256,entry_lognormal_annual_sd_1.2,Q2,0.257080078125,-0.23291015625,-0.315673828125,0.33984375,True
53,PREFIX8,0,256,correct,Q2,0.26611328125,-0.14599609375,-0.26513671875,0.38525390625,True
53,PREFIX8,0,256,hemlock_extra_hazard_0.12,Q2,-0.26611328125,0.14599609375,0.26513671875,-0.38525390625,True
53,PREFIX8,0,256,entry_lognormal_annual_sd_1.2,Q2,0.26611328125,-0.14599609375,-0.26513671875,0.38525390625,True
53,PREFIX8,0,1024,correct,Q1,0.266357421875,-0.15478515625,-0.277587890625,0.38916015625,True
53,PREFIX8,0,1024,hemlock_extra_hazard_0.12,Q1,-0.266357421875,0.15478515625,0.277587890625,-0.38916015625,True
53,PREFIX8,0,1024,entry_lognormal_annual_sd_1.2,Q1,0.266357421875,-0.15478515625,-0.275604248046875,0.387176513671875,True
53,PREFIX8,0,1024,correct,Q2,0.266357421875,-0.15478515625,-0.277587890625,0.38916015625,True
53,PREFIX8,0,1024,hemlock_extra_hazard_0.12,Q2,-0.266357421875,0.15478515625,0.277587890625,-0.38916015625,True
53,PREFIX8,0,1024,entry_lognormal_annual_sd_1.2,Q2,0.266357421875,-0.15478515625,-0.275604248046875,0.387176513671875,True
53,PREFIX8,0,4096,correct,Q1,0.263885498046875,-0.154144287109375,-0.274810791015625,0.384552001953125,True
53,PREFIX8,0,4096,hemlock_extra_hazard_0.12,Q1,-0.263885498046875,0.154144287109375,0.274810791015625,-0.384552001953125,True
53,PREFIX8,0,4096,entry_lognormal_annual_sd_1.2,Q1,0.263885498046875,-0.154144287109375,-0.274810791015625,0.384552001953125,True
53,PREFIX8,0,4096,correct,Q2,0.263885498046875,-0.154144287109375,-0.274810791015625,0.384552001953125,True
53,PREFIX8,0,4096,hemlock_extra_hazard_0.12,Q2,-0.263885498046875,0.154144287109375,0.274810791015625,-0.384552001953125,True
53,PREFIX8,0,4096,entry_lognormal_annual_sd_1.2,Q2,0.263885498046875,-0.154144287109375,-0.274810791015625,0.384552001953125,True
54,BASELINE32,0,256,correct,Q1,-0.00048828125,-0.0234375,-0.0281982421875,0.0042724609375,True
54,BASELINE32,0,256,hemlock_extra_hazard_0.12,Q1,0.00048828125,-0.0570068359375,-0.0272216796875,-0.029296875,True
54,BASELINE32,0,256,entry_lognormal_annual_sd_1.2,Q1,0.00048828125,-0.0570068359375,-0.0272216796875,-0.029296875,True
54,PREFIX8,0,256,correct,Q1,0.0101318359375,-0.0703125,-0.08349609375,0.0233154296875,True
54,PREFIX8,0,256,hemlock_extra_hazard_0.12,Q1,0.052734375,-0.0703125,-0.05712890625,0.03955078125,True
54,PREFIX8,0,256,entry_lognormal_annual_sd_1.2,Q1,0.0494384765625,-0.0703125,-0.0604248046875,0.03955078125,True
54,BASELINE32,0,256,correct,Q2,-0.09320068359375,-0.017822265625,-0.12860107421875,0.017578125,True
54,BASELINE32,0,256,hemlock_extra_hazard_0.12,Q2,0.1510009765625,-0.017822265625,0.1156005859375,0.017578125,True
54,BASELINE32,0,256,entry_lognormal_annual_sd_1.2,Q2,0.1510009765625,-0.017822265625,0.1156005859375,0.017578125,True
54,PREFIX8,0,256,correct,Q2,-0.04034423828125,-0.0419921875,-0.16943359375,0.08709716796875,True
54,PREFIX8,0,256,hemlock_extra_hazard_0.12,Q2,0.2275390625,-0.0419921875,0.08544921875,0.10009765625,True
54,PREFIX8,0,256,entry_lognormal_annual_sd_1.2,Q2,0.2275390625,-0.0419921875,0.08544921875,0.10009765625,True
54,PREFIX8,0,1024,correct,Q1,-0.0029296875,-0.068115234375,-0.097900390625,0.02685546875,True
54,PREFIX8,0,1024,hemlock_extra_hazard_0.12,Q1,0.039764404296875,-0.068115234375,-0.067535400390625,0.0391845703125,True
54,PREFIX8,0,1024,entry_lognormal_annual_sd_1.2,Q1,0.036376953125,-0.068115234375,-0.0709228515625,0.0391845703125,True
54,PREFIX8,0,1024,correct,Q2,-0.04608154296875,-0.03564453125,-0.1727294921875,0.09100341796875,True
54,PREFIX8,0,1024,hemlock_extra_hazard_0.12,Q2,0.2344970703125,-0.03564453125,0.1014404296875,0.097412109375,True
54,PREFIX8,0,1024,entry_lognormal_annual_sd_1.2,Q2,0.2344970703125,-0.03564453125,0.1014404296875,0.097412109375,True
54,PREFIX8,0,4096,correct,Q1,-0.006744384765625,-0.0706787109375,-0.1041259765625,0.026702880859375,True
54,PREFIX8,0,4096,hemlock_extra_hazard_0.12,Q1,0.03594970703125,-0.0706787109375,-0.068084716796875,0.033355712890625,True
54,PREFIX8,0,4096,entry_lognormal_annual_sd_1.2,Q1,0.032562255859375,-0.0706787109375,-0.07147216796875,0.033355712890625,True
54,PREFIX8,0,4096,correct,Q2,-0.050018310546875,-0.040313720703125,-0.179656982421875,0.089324951171875,True
54,PREFIX8,0,4096,hemlock_extra_hazard_0.12,Q2,0.232208251953125,-0.040313720703125,0.099029541015625,0.092864990234375,True
54,PREFIX8,0,4096,entry_lognormal_annual_sd_1.2,Q2,0.232208251953125,-0.040313720703125,0.099029541015625,0.092864990234375,True
55,BASELINE32,0,256,correct,Q1,0.0721435546875,0.0050048828125,-0.0220947265625,0.0992431640625,True
55,BASELINE32,0,256,hemlock_extra_hazard_0.12,Q1,0.0721435546875,0.0050048828125,-0.0220947265625,0.0992431640625,True
55,BASELINE32,0,256,entry_lognormal_annual_sd_1.2,Q1,0.0721435546875,0.0050048828125,-0.0220947265625,0.0992431640625,True
55,PREFIX8,0,256,correct,Q1,0.1123046875,0.00048828125,-0.0263671875,0.13916015625,True
55,PREFIX8,0,256,hemlock_extra_hazard_0.12,Q1,0.1123046875,0.00048828125,-0.0263671875,0.13916015625,True
55,PREFIX8,0,256,entry_lognormal_annual_sd_1.2,Q1,0.1123046875,0.00048828125,-0.0263671875,0.13916015625,True
55,BASELINE32,0,256,correct,Q2,0.1240234375,0.0181884765625,-0.1514892578125,0.293701171875,True
55,BASELINE32,0,256,hemlock_extra_hazard_0.12,Q2,0.1240234375,0.0181884765625,-0.1514892578125,0.293701171875,True
55,BASELINE32,0,256,entry_lognormal_annual_sd_1.2,Q2,0.1240234375,0.0181884765625,-0.1514892578125,0.293701171875,True
55,PREFIX8,0,256,correct,Q2,0.17529296875,0.00146484375,-0.1572265625,0.333984375,True
55,PREFIX8,0,256,hemlock_extra_hazard_0.12,Q2,0.17529296875,0.00146484375,-0.1572265625,0.333984375,True
55,PREFIX8,0,256,entry_lognormal_annual_sd_1.2,Q2,0.17529296875,0.00146484375,-0.1572265625,0.333984375,True
55,PREFIX8,0,1024,correct,Q1,0.1041259765625,-0.0008544921875,-0.032470703125,0.1357421875,True
55,PREFIX8,0,1024,hemlock_extra_hazard_0.12,Q1,0.1041259765625,-0.0008544921875,-0.032470703125,0.1357421875,True
55,PREFIX8,0,1024,entry_lognormal_annual_sd_1.2,Q1,0.1041259765625,-0.0008544921875,-0.032470703125,0.1357421875,True
55,PREFIX8,0,1024,correct,Q2,0.167236328125,0.0009765625,-0.16717529296875,0.33538818359375,True
55,PREFIX8,0,1024,hemlock_extra_hazard_0.12,Q2,0.167236328125,0.0009765625,-0.168701171875,0.3369140625,True
55,PREFIX8,0,1024,entry_lognormal_annual_sd_1.2,Q2,0.167236328125,0.0009765625,-0.168701171875,0.3369140625,True
55,PREFIX8,0,4096,correct,Q1,0.10125732421875,-0.000274658203125,-0.03594970703125,0.136932373046875,True
55,PREFIX8,0,4096,hemlock_extra_hazard_0.12,Q1,0.10125732421875,-0.000274658203125,-0.03594970703125,0.136932373046875,True
55,PREFIX8,0,4096,entry_lognormal_annual_sd_1.2,Q1,0.10125732421875,-0.000274658203125,-0.03594970703125,0.136932373046875,True
55,PREFIX8,0,4096,correct,Q2,0.165252685546875,0.003082275390625,-0.16632080078125,0.33465576171875,True
55,PREFIX8,0,4096,hemlock_extra_hazard_0.12,Q2,0.165252685546875,0.003082275390625,-0.16632080078125,0.33465576171875,True
55,PREFIX8,0,4096,entry_lognormal_annual_sd_1.2,Q2,0.165252685546875,0.003082275390625,-0.16632080078125,0.33465576171875,True
56,BASELINE32,0,256,correct,Q1,0.0439453125,0.0032958984375,0.0052490234375,0.0419921875,True
56,BASELINE32,0,256,hemlock_extra_hazard_0.12,Q1,0.0439453125,0.0032958984375,0.0052490234375,0.0419921875,True
56,BASELINE32,0,256,entry_lognormal_annual_sd_1.2,Q1,0.0439453125,0.0032958984375,0.0052490234375,0.0419921875,True
56,PREFIX8,0,256,correct,Q1,0.11279296875,0.001953125,-0.00244140625,0.1171875,True
56,PREFIX8,0,256,hemlock_extra_hazard_0.12,Q1,0.11279296875,0.001953125,-0.00244140625,0.1171875,True
56,PREFIX8,0,256,entry_lognormal_annual_sd_1.2,Q1,0.11279296875,0.001953125,-0.00244140625,0.1171875,True
56,BASELINE32,0,256,correct,Q2,0.1026611328125,-0.0029296875,-0.04876708984375,0.14849853515625,True
56,BASELINE32,0,256,hemlock_extra_hazard_0.12,Q2,0.1026611328125,-0.0029296875,-0.051025390625,0.1507568359375,True
56,BASELINE32,0,256,entry_lognormal_annual_sd_1.2,Q2,0.1026611328125,-0.0029296875,-0.051025390625,0.1507568359375,True
56,PREFIX8,0,256,correct,Q2,0.18408203125,0.00146484375,-0.04510498046875,0.23065185546875,True
56,PREFIX8,0,256,hemlock_extra_hazard_0.12,Q2,0.18408203125,0.00146484375,-0.07275390625,0.25830078125,True
56,PREFIX8,0,256,entry_lognormal_annual_sd_1.2,Q2,0.18408203125,0.00146484375,-0.07275390625,0.25830078125,True
56,PREFIX8,0,1024,correct,Q1,0.11669921875,0.0087890625,0.00762939453125,0.11785888671875,True
56,PREFIX8,0,1024,hemlock_extra_hazard_0.12,Q1,0.11669921875,0.0087890625,-0.0048828125,0.13037109375,True
56,PREFIX8,0,1024,entry_lognormal_annual_sd_1.2,Q1,0.11669921875,0.0087890625,-0.0048828125,0.13037109375,True
56,PREFIX8,0,1024,correct,Q2,0.198486328125,0.009765625,-0.02777099609375,0.23602294921875,True
56,PREFIX8,0,1024,hemlock_extra_hazard_0.12,Q2,0.198486328125,0.009765625,-0.04931640625,0.257568359375,True
56,PREFIX8,0,1024,entry_lognormal_annual_sd_1.2,Q2,0.198486328125,0.009765625,-0.04931640625,0.257568359375,True
56,PREFIX8,0,4096,correct,Q1,0.111419677734375,0.00958251953125,-6.103515625e-05,0.121063232421875,True
56,PREFIX8,0,4096,hemlock_extra_hazard_0.12,Q1,0.111419677734375,0.00958251953125,-0.00604248046875,0.127044677734375,True
56,PREFIX8,0,4096,entry_lognormal_annual_sd_1.2,Q1,0.111419677734375,0.00958251953125,-0.00604248046875,0.127044677734375,True
56,PREFIX8,0,4096,correct,Q2,0.195587158203125,0.00982666015625,-0.03948974609375,0.244903564453125,True
56,PREFIX8,0,4096,hemlock_extra_hazard_0.12,Q2,0.195587158203125,0.00982666015625,-0.04156494140625,0.246978759765625,True
56,PREFIX8,0,4096,entry_lognormal_annual_sd_1.2,Q2,0.195587158203125,0.00982666015625,-0.04156494140625,0.246978759765625,True
57,BASELINE32,0,256,correct,Q1,-0.0546875,0.00018310546875,-0.06231689453125,0.0078125,True
57,BASELINE32,0,256,hemlock_extra_hazard_0.12,Q1,-0.010894775390625,-0.0167236328125,-0.019805908203125,-0.0078125,True
57,BASELINE32,0,256,entry_lognormal_annual_sd_1.2,Q1,0.048431396484375,-0.0167236328125,0.039520263671875,-0.0078125,True
57,PREFIX8,0,256,correct,Q1,-0.009765625,0.05279541015625,-0.01416015625,0.05718994140625,True
57,PREFIX8,0,256,hemlock_extra_hazard_0.12,Q1,-0.009765625,-0.007904052734375,-0.01416015625,-0.003509521484375,True
57,PREFIX8,0,256,entry_lognormal_annual_sd_1.2,Q1,-0.006011962890625,-0.0634765625,-0.010406494140625,-0.05908203125,True
57,BASELINE32,0,256,correct,Q2,0.03729248046875,-0.0233154296875,-0.08746337890625,0.1014404296875,True
57,BASELINE32,0,256,hemlock_extra_hazard_0.12,Q2,0.172607421875,-0.0233154296875,0.0478515625,0.1014404296875,True
57,BASELINE32,0,256,entry_lognormal_annual_sd_1.2,Q2,0.172607421875,-0.0233154296875,0.0478515625,0.1014404296875,True
57,PREFIX8,0,256,correct,Q2,-0.01080322265625,-0.05859375,-0.13287353515625,0.0634765625,True
57,PREFIX8,0,256,hemlock_extra_hazard_0.12,Q2,0.15087890625,-0.05859375,0.02880859375,0.0634765625,True
57,PREFIX8,0,256,entry_lognormal_annual_sd_1.2,Q2,0.15087890625,-0.05859375,0.02880859375,0.0634765625,True
57,PREFIX8,0,1024,correct,Q1,-0.0091552734375,0.04425048828125,-0.01202392578125,0.047119140625,True
57,PREFIX8,0,1024,hemlock_extra_hazard_0.12,Q1,-0.0091552734375,-0.016448974609375,-0.0225830078125,-0.003021240234375,True
57,PREFIX8,0,1024,entry_lognormal_annual_sd_1.2,Q1,0.006072998046875,-0.060546875,-0.007354736328125,-0.047119140625,True
57,PREFIX8,0,1024,correct,Q2,0.00921630859375,-0.0535888671875,-0.11767578125,0.07330322265625,True
57,PREFIX8,0,1024,hemlock_extra_hazard_0.12,Q2,0.1416015625,-0.0535888671875,0.010498046875,0.0775146484375,True
57,PREFIX8,0,1024,entry_lognormal_annual_sd_1.2,Q2,0.1416015625,-0.0535888671875,0.010498046875,0.0775146484375,True
57,PREFIX8,0,4096,correct,Q1,-0.009246826171875,0.04388427734375,-0.0146484375,0.049285888671875,True
57,PREFIX8,0,4096,hemlock_extra_hazard_0.12,Q1,-0.009246826171875,-0.016815185546875,-0.0218505859375,-0.00421142578125,True
57,PREFIX8,0,4096,entry_lognormal_annual_sd_1.2,Q1,0.0050048828125,-0.0618896484375,-0.007598876953125,-0.049285888671875,True
57,PREFIX8,0,4096,correct,Q2,0.0057373046875,-0.054443359375,-0.12286376953125,0.07415771484375,True
57,PREFIX8,0,4096,hemlock_extra_hazard_0.12,Q2,0.14501953125,-0.054443359375,0.01397705078125,0.07659912109375,True
57,PREFIX8,0,4096,entry_lognormal_annual_sd_1.2,Q2,0.14501953125,-0.054443359375,0.01397705078125,0.07659912109375,True
58,BASELINE32,0,256,correct,Q1,0.0821533203125,0.0008544921875,0.005950927734375,0.077056884765625,True
58,BASELINE32,0,256,hemlock_extra_hazard_0.12,Q1,0.0821533203125,0.0008544921875,-0.0045166015625,0.0875244140625,True
58,BASELINE32,0,256,entry_lognormal_annual_sd_1.2,Q1,0.0821533203125,0.0008544921875,-0.0045166015625,0.0875244140625,True
58,PREFIX8,0,256,correct,Q1,0.009307861328125,0.00341796875,-0.0048828125,0.017608642578125,True
58,PREFIX8,0,256,hemlock_extra_hazard_0.12,Q1,0.03125,0.00341796875,0.01171875,0.02294921875,True
58,PREFIX8,0,256,entry_lognormal_annual_sd_1.2,Q1,0.03125,0.00341796875,0.01171875,0.02294921875,True
58,BASELINE32,0,256,correct,Q2,0.13592529296875,0.000244140625,-0.00927734375,0.14544677734375,True
58,BASELINE32,0,256,hemlock_extra_hazard_0.12,Q2,0.165283203125,0.000244140625,0.009765625,0.15576171875,True
58,BASELINE32,0,256,entry_lognormal_annual_sd_1.2,Q2,0.165283203125,0.000244140625,0.009765625,0.15576171875,True
58,PREFIX8,0,256,correct,Q2,0.05682373046875,-0.00390625,-0.03057861328125,0.08349609375,True
58,PREFIX8,0,256,hemlock_extra_hazard_0.12,Q2,0.1142578125,-0.00390625,0.02685546875,0.08349609375,True
58,PREFIX8,0,256,entry_lognormal_annual_sd_1.2,Q2,0.1142578125,-0.00390625,0.02685546875,0.08349609375,True
58,PREFIX8,0,1024,correct,Q1,0.011383056640625,0.0035400390625,0.0018310546875,0.013092041015625,True
58,PREFIX8,0,1024,hemlock_extra_hazard_0.12,Q1,0.0274658203125,0.0035400390625,0.0052490234375,0.0257568359375,True
58,PREFIX8,0,1024,entry_lognormal_annual_sd_1.2,Q1,0.0274658203125,0.0035400390625,0.0052490234375,0.0257568359375,True
58,PREFIX8,0,1024,correct,Q2,0.06463623046875,-0.0023193359375,-0.0196533203125,0.08197021484375,True
58,PREFIX8,0,1024,hemlock_extra_hazard_0.12,Q2,0.107177734375,-0.0023193359375,0.0150146484375,0.08984375,True
58,PREFIX8,0,1024,entry_lognormal_annual_sd_1.2,Q2,0.107177734375,-0.0023193359375,0.0150146484375,0.08984375,True
58,PREFIX8,0,4096,correct,Q1,0.011627197265625,0.002777099609375,0.00048828125,0.013916015625,True
58,PREFIX8,0,4096,hemlock_extra_hazard_0.12,Q1,0.024658203125,0.002777099609375,0.00506591796875,0.022369384765625,True
58,PREFIX8,0,4096,entry_lognormal_annual_sd_1.2,Q1,0.024658203125,0.002777099609375,0.00506591796875,0.022369384765625,True
58,PREFIX8,0,4096,correct,Q2,0.063934326171875,-0.002471923828125,-0.02099609375,0.08245849609375,True
58,PREFIX8,0,4096,hemlock_extra_hazard_0.12,Q2,0.106658935546875,-0.002471923828125,0.01605224609375,0.088134765625,True
58,PREFIX8,0,4096,entry_lognormal_annual_sd_1.2,Q2,0.106658935546875,-0.002471923828125,0.01605224609375,0.088134765625,True
59,BASELINE32,0,256,correct,Q1,0.03387451171875,0.0125732421875,-0.00653076171875,0.052978515625,True
59,BASELINE32,0,256,hemlock_extra_hazard_0.12,Q1,0.0657958984375,0.0125732421875,0.025390625,0.052978515625,True
59,BASELINE32,0,256,entry_lognormal_annual_sd_1.2,Q1,0.073486328125,0.0125732421875,0.0330810546875,0.052978515625,True
59,PREFIX8,0,256,correct,Q1,0.06488037109375,0.0,-0.00689697265625,0.07177734375,True
59,PREFIX8,0,256,hemlock_extra_hazard_0.12,Q1,0.0869140625,0.0,0.01513671875,0.07177734375,True
59,PREFIX8,0,256,entry_lognormal_annual_sd_1.2,Q1,0.0869140625,0.0,0.01513671875,0.07177734375,True
59,BASELINE32,0,256,correct,Q2,0.075927734375,-0.01220703125,-0.0406494140625,0.1043701171875,True
59,BASELINE32,0,256,hemlock_extra_hazard_0.12,Q2,0.075927734375,-0.01220703125,-0.0406494140625,0.1043701171875,True
59,BASELINE32,0,256,entry_lognormal_annual_sd_1.2,Q2,0.075927734375,-0.01220703125,-0.0406494140625,0.1043701171875,True
59,PREFIX8,0,256,correct,Q2,0.11083984375,0.0,-0.046966552734375,0.157806396484375,True
59,PREFIX8,0,256,hemlock_extra_hazard_0.12,Q2,0.11083984375,0.0,-0.06494140625,0.17578125,True
59,PREFIX8,0,256,entry_lognormal_annual_sd_1.2,Q2,0.11083984375,0.0,-0.06494140625,0.17578125,True
59,PREFIX8,0,1024,correct,Q1,0.06060791015625,0.0003662109375,-0.013916015625,0.07489013671875,True
59,PREFIX8,0,1024,hemlock_extra_hazard_0.12,Q1,0.0911865234375,0.0003662109375,0.0146484375,0.076904296875,True
59,PREFIX8,0,1024,entry_lognormal_annual_sd_1.2,Q1,0.0911865234375,0.0003662109375,0.0146484375,0.076904296875,True
59,PREFIX8,0,1024,correct,Q2,0.1136474609375,-0.0015869140625,-0.050750732421875,0.162811279296875,True
59,PREFIX8,0,1024,hemlock_extra_hazard_0.12,Q2,0.1136474609375,-0.0015869140625,-0.0538330078125,0.1658935546875,True
59,PREFIX8,0,1024,entry_lognormal_annual_sd_1.2,Q2,0.1136474609375,-0.0015869140625,-0.0538330078125,0.1658935546875,True
59,PREFIX8,0,4096,correct,Q1,0.064666748046875,0.0006103515625,-0.0087890625,0.074066162109375,True
59,PREFIX8,0,4096,hemlock_extra_hazard_0.12,Q1,0.086822509765625,0.0006103515625,0.010009765625,0.077423095703125,True
59,PREFIX8,0,4096,entry_lognormal_annual_sd_1.2,Q1,0.086822509765625,0.0006103515625,0.010009765625,0.077423095703125,True
59,PREFIX8,0,4096,correct,Q2,0.109771728515625,-0.0013427734375,-0.05255126953125,0.160980224609375,True
59,PREFIX8,0,4096,hemlock_extra_hazard_0.12,Q2,0.109771728515625,-0.0013427734375,-0.059295654296875,0.167724609375,True
59,PREFIX8,0,4096,entry_lognormal_annual_sd_1.2,Q2,0.109771728515625,-0.0013427734375,-0.059295654296875,0.167724609375,True
60,BASELINE32,0,256,correct,Q1,0.0408935546875,-0.0001220703125,-0.0103759765625,0.0511474609375,True
60,BASELINE32,0,256,hemlock_extra_hazard_0.12,Q1,0.0408935546875,-0.0001220703125,-0.0103759765625,0.0511474609375,True
60,BASELINE32,0,256,entry_lognormal_annual_sd_1.2,Q1,0.0408935546875,-0.0001220703125,-0.0103759765625,0.0511474609375,True
60,PREFIX8,0,256,correct,Q1,0.04052734375,0.0,-0.01123046875,0.0517578125,True
60,PREFIX8,0,256,hemlock_extra_hazard_0.12,Q1,0.04052734375,0.0,-0.01123046875,0.0517578125,True
60,PREFIX8,0,256,entry_lognormal_annual_sd_1.2,Q1,0.04052734375,0.0,-0.01123046875,0.0517578125,True
60,BASELINE32,0,256,correct,Q2,0.250244140625,0.00634765625,-0.051513671875,0.30810546875,True
60,BASELINE32,0,256,hemlock_extra_hazard_0.12,Q2,0.250244140625,0.00634765625,-0.051513671875,0.30810546875,True
60,BASELINE32,0,256,entry_lognormal_annual_sd_1.2,Q2,0.250244140625,0.00634765625,-0.051513671875,0.30810546875,True
60,PREFIX8,0,256,correct,Q2,0.2861328125,0.02490234375,0.02880859375,0.2822265625,True
60,PREFIX8,0,256,hemlock_extra_hazard_0.12,Q2,0.2861328125,0.02490234375,0.02880859375,0.2822265625,True
60,PREFIX8,0,256,entry_lognormal_annual_sd_1.2,Q2,0.2861328125,0.02490234375,0.02880859375,0.2822265625,True
60,PREFIX8,0,1024,correct,Q1,0.045654296875,0.0001220703125,-0.007598876953125,0.053375244140625,True
60,PREFIX8,0,1024,hemlock_extra_hazard_0.12,Q1,0.045654296875,0.0001220703125,-0.0079345703125,0.0537109375,True
60,PREFIX8,0,1024,entry_lognormal_annual_sd_1.2,Q1,0.045654296875,0.0001220703125,-0.0079345703125,0.0537109375,True
60,PREFIX8,0,1024,correct,Q2,0.285491943359375,0.0184326171875,0.0185546875,0.285369873046875,True
60,PREFIX8,0,1024,hemlock_extra_hazard_0.12,Q2,0.28955078125,0.0184326171875,0.018310546875,0.2896728515625,True
60,PREFIX8,0,1024,entry_lognormal_annual_sd_1.2,Q2,0.28955078125,0.0184326171875,0.018310546875,0.2896728515625,True
60,PREFIX8,0,4096,correct,Q1,0.0477294921875,3.0517578125e-05,-0.0050048828125,0.052764892578125,True
60,PREFIX8,0,4096,hemlock_extra_hazard_0.12,Q1,0.0477294921875,3.0517578125e-05,-0.0050048828125,0.052764892578125,True
60,PREFIX8,0,4096,entry_lognormal_annual_sd_1.2,Q1,0.0477294921875,3.0517578125e-05,-0.0050048828125,0.052764892578125,True
60,PREFIX8,0,4096,correct,Q2,0.27484130859375,0.018035888671875,0.005889892578125,0.2869873046875,True
60,PREFIX8,0,4096,hemlock_extra_hazard_0.12,Q2,0.302764892578125,0.018035888671875,0.030181884765625,0.290618896484375,True
60,PREFIX8,0,4096,entry_lognormal_annual_sd_1.2,Q2,0.302764892578125,0.018035888671875,0.030181884765625,0.290618896484375,True
60,OBSERVATION_ONLY8,1,1024,correct,Q1,0.0433349609375,-0.0001220703125,-0.007843017578125,0.051055908203125,True
60,OBSERVATION_ONLY8,1,1024,hemlock_extra_hazard_0.12,Q1,0.0433349609375,-0.0001220703125,-0.0081787109375,0.0513916015625,True
60,OBSERVATION_ONLY8,1,1024,entry_lognormal_annual_sd_1.2,Q1,0.0433349609375,-0.0001220703125,-0.0081787109375,0.0513916015625,True
60,OBSERVATION_ONLY8,1,1024,correct,Q2,0.299163818359375,-0.0048828125,-0.0047607421875,0.299041748046875,True
60,OBSERVATION_ONLY8,1,1024,hemlock_extra_hazard_0.12,Q2,0.30322265625,-0.0048828125,-0.0050048828125,0.3033447265625,True
60,OBSERVATION_ONLY8,1,1024,entry_lognormal_annual_sd_1.2,Q2,0.30322265625,-0.0048828125,-0.0050048828125,0.3033447265625,True
60,OBSERVATION_ONLY8,2,1024,correct,Q1,0.000823974609375,-0.0035400390625,-0.011260986328125,0.008544921875,True
60,OBSERVATION_ONLY8,2,1024,hemlock_extra_hazard_0.12,Q1,-0.0166015625,0.0035400390625,-0.0045166015625,-0.008544921875,True
60,OBSERVATION_ONLY8,2,1024,entry_lognormal_annual_sd_1.2,Q1,-0.0166015625,0.0035400390625,-0.0045166015625,-0.008544921875,True
60,OBSERVATION_ONLY8,2,1024,correct,Q2,0.178070068359375,0.0423583984375,0.04248046875,0.177947998046875,True
60,OBSERVATION_ONLY8,2,1024,hemlock_extra_hazard_0.12,Q2,0.18212890625,0.0423583984375,0.042236328125,0.1822509765625,True
60,OBSERVATION_ONLY8,2,1024,entry_lognormal_annual_sd_1.2,Q2,0.18212890625,0.0423583984375,0.042236328125,0.1822509765625,True
60,INFERENCE_ONLY8,3,1024,correct,Q1,0.0426025390625,-0.0001220703125,-0.010650634765625,0.053131103515625,True
60,INFERENCE_ONLY8,3,1024,hemlock_extra_hazard_0.12,Q1,0.0426025390625,-0.0001220703125,-0.010986328125,0.053466796875,True
60,INFERENCE_ONLY8,3,1024,entry_lognormal_annual_sd_1.2,Q1,0.0426025390625,-0.0001220703125,-0.010986328125,0.053466796875,True
60,INFERENCE_ONLY8,3,1024,correct,Q2,0.2244873046875,-0.01708984375,-0.075897216796875,0.283294677734375,True
60,INFERENCE_ONLY8,3,1024,hemlock_extra_hazard_0.12,Q2,0.2244873046875,-0.01708984375,-0.0802001953125,0.28759765625,True
60,INFERENCE_ONLY8,3,1024,entry_lognormal_annual_sd_1.2,Q2,0.2244873046875,-0.01708984375,-0.0802001953125,0.28759765625,True
60,INFERENCE_ONLY8,4,1024,correct,Q1,0.037353515625,-0.0001220703125,-0.016021728515625,0.053253173828125,True
60,INFERENCE_ONLY8,4,1024,hemlock_extra_hazard_0.12,Q1,0.037353515625,-0.0001220703125,-0.016357421875,0.0535888671875,True
60,INFERENCE_ONLY8,4,1024,entry_lognormal_annual_sd_1.2,Q1,0.037353515625,-0.0001220703125,-0.016357421875,0.0535888671875,True
60,INFERENCE_ONLY8,4,1024,correct,Q2,0.2059326171875,0.0244140625,-0.064544677734375,0.294891357421875,True
60,INFERENCE_ONLY8,4,1024,hemlock_extra_hazard_0.12,Q2,0.2059326171875,0.0244140625,-0.06884765625,0.2991943359375,True
60,INFERENCE_ONLY8,4,1024,entry_lognormal_annual_sd_1.2,Q2,0.2059326171875,0.0244140625,-0.06884765625,0.2991943359375,True
60,FUTURE_ONLY8,5,1024,correct,Q1,0.04833984375,0.0001220703125,-0.004913330078125,0.053375244140625,True
60,FUTURE_ONLY8,5,1024,hemlock_extra_hazard_0.12,Q1,0.04833984375,0.0001220703125,-0.0052490234375,0.0537109375,True
60,FUTURE_ONLY8,5,1024,entry_lognormal_annual_sd_1.2,Q1,0.04833984375,0.0001220703125,-0.0052490234375,0.0537109375,True
60,FUTURE_ONLY8,5,1024,correct,Q2,0.270721435546875,0.0118408203125,0.0009765625,0.281585693359375,True
60,FUTURE_ONLY8,5,1024,hemlock_extra_hazard_0.12,Q2,0.2982177734375,0.0118408203125,0.022705078125,0.287353515625,True
60,FUTURE_ONLY8,5,1024,entry_lognormal_annual_sd_1.2,Q2,0.2982177734375,0.0118408203125,0.022705078125,0.287353515625,True
60,FUTURE_ONLY8,6,1024,correct,Q1,0.0482177734375,0.0,-0.004180908203125,0.052398681640625,True
60,FUTURE_ONLY8,6,1024,hemlock_extra_hazard_0.12,Q1,0.0482177734375,0.0,-0.0064697265625,0.0546875,True
60,FUTURE_ONLY8,6,1024,entry_lognormal_annual_sd_1.2,Q1,0.0482177734375,0.0,-0.0064697265625,0.0546875,True
60,FUTURE_ONLY8,6,1024,correct,Q2,0.273529052734375,0.018798828125,0.019775390625,0.272552490234375,True
60,FUTURE_ONLY8,6,1024,hemlock_extra_hazard_0.12,Q2,0.2939453125,0.018798828125,0.017822265625,0.294921875,True
60,FUTURE_ONLY8,6,1024,entry_lognormal_annual_sd_1.2,Q2,0.2939453125,0.018798828125,0.017822265625,0.294921875,True
61,BASELINE32,0,256,correct,Q1,0.032562255859375,-0.0015869140625,-0.062255859375,0.093231201171875,True
61,BASELINE32,0,256,hemlock_extra_hazard_0.12,Q1,0.089447021484375,-0.0015869140625,-0.010894775390625,0.0987548828125,True
61,BASELINE32,0,256,entry_lognormal_annual_sd_1.2,Q1,0.044952392578125,-0.0015869140625,-0.055389404296875,0.0987548828125,True
61,PREFIX8,0,256,correct,Q1,0.017669677734375,-0.00537109375,-0.0751953125,0.087493896484375,True
61,PREFIX8,0,256,hemlock_extra_hazard_0.12,Q1,0.074554443359375,-0.00537109375,-0.020172119140625,0.08935546875,True
61,PREFIX8,0,256,entry_lognormal_annual_sd_1.2,Q1,0.030059814453125,-0.00537109375,-0.064666748046875,0.08935546875,True
61,BASELINE32,0,256,correct,Q2,-0.268280029296875,-0.16357421875,-0.490325927734375,0.0584716796875,True
61,BASELINE32,0,256,hemlock_extra_hazard_0.12,Q2,0.3883056640625,-0.16357421875,0.166259765625,0.0584716796875,True
61,BASELINE32,0,256,entry_lognormal_annual_sd_1.2,Q2,-0.1397705078125,-0.16357421875,-0.36181640625,0.0584716796875,True
61,PREFIX8,0,256,correct,Q2,-0.342132568359375,-0.2119140625,-0.560394287109375,0.00634765625,True
61,PREFIX8,0,256,hemlock_extra_hazard_0.12,Q2,0.3597412109375,-0.2119140625,0.1414794921875,0.00634765625,True
61,PREFIX8,0,256,entry_lognormal_annual_sd_1.2,Q2,-0.213623046875,-0.2119140625,-0.431884765625,0.00634765625,True
61,PREFIX8,0,1024,correct,Q1,0.033905029296875,-0.0028076171875,-0.05712890625,0.088226318359375,True
61,PREFIX8,0,1024,hemlock_extra_hazard_0.12,Q1,0.090789794921875,-0.0028076171875,-0.001373291015625,0.08935546875,True
61,PREFIX8,0,1024,entry_lognormal_annual_sd_1.2,Q1,0.046295166015625,-0.0028076171875,-0.045867919921875,0.08935546875,True
61,PREFIX8,0,1024,correct,Q2,-0.333709716796875,-0.2095947265625,-0.553802490234375,0.010498046875,True
61,PREFIX8,0,1024,hemlock_extra_hazard_0.12,Q2,0.3570556640625,-0.2095947265625,0.136962890625,0.010498046875,True
61,PREFIX8,0,1024,entry_lognormal_annual_sd_1.2,Q2,-0.2052001953125,-0.2095947265625,-0.42529296875,0.010498046875,True
61,PREFIX8,0,4096,correct,Q1,0.030853271484375,-0.001617431640625,-0.057098388671875,0.086334228515625,True
61,PREFIX8,0,4096,hemlock_extra_hazard_0.12,Q1,0.087738037109375,-0.001617431640625,-0.006103515625,0.09222412109375,True
61,PREFIX8,0,4096,entry_lognormal_annual_sd_1.2,Q1,0.043243408203125,-0.001617431640625,-0.05059814453125,0.09222412109375,True
61,PREFIX8,0,4096,correct,Q2,-0.3338623046875,-0.2099609375,-0.551025390625,0.0072021484375,True
61,PREFIX8,0,4096,hemlock_extra_hazard_0.12,Q2,0.356170654296875,-0.2099609375,0.131103515625,0.015106201171875,True
61,PREFIX8,0,4096,entry_lognormal_annual_sd_1.2,Q2,-0.205352783203125,-0.2099609375,-0.430419921875,0.015106201171875,True
62,BASELINE32,0,256,correct,Q1,0.2791748046875,0.00048828125,-0.0093994140625,0.2890625,True
62,BASELINE32,0,256,hemlock_extra_hazard_0.12,Q1,0.225006103515625,0.00048828125,0.0103759765625,0.215118408203125,True
62,BASELINE32,0,256,entry_lognormal_annual_sd_1.2,Q1,0.2791748046875,0.00048828125,0.00482177734375,0.27484130859375,True
62,PREFIX8,0,256,correct,Q1,0.16015625,-0.0029296875,-0.01171875,0.1689453125,True
62,PREFIX8,0,256,hemlock_extra_hazard_0.12,Q1,0.105010986328125,-0.0029296875,0.005859375,0.096221923828125,True
62,PREFIX8,0,256,entry_lognormal_annual_sd_1.2,Q1,0.16015625,-0.0029296875,0.00128173828125,0.15594482421875,True
62,BASELINE32,0,256,correct,Q2,0.0460205078125,0.0079345703125,-0.0501708984375,0.1041259765625,True
62,BASELINE32,0,256,hemlock_extra_hazard_0.12,Q2,-0.0460205078125,-0.0079345703125,0.0501708984375,-0.1041259765625,True
62,BASELINE32,0,256,entry_lognormal_annual_sd_1.2,Q2,0.022552490234375,0.0079345703125,0.0660400390625,-0.035552978515625,True
62,PREFIX8,0,256,correct,Q2,0.002410888671875,0.0009765625,-0.00048828125,0.003875732421875,True
62,PREFIX8,0,256,hemlock_extra_hazard_0.12,Q2,0.02978515625,0.0009765625,0.00244140625,0.0283203125,True
62,PREFIX8,0,256,entry_lognormal_annual_sd_1.2,Q2,0.02978515625,0.0009765625,0.00244140625,0.0283203125,True
62,PREFIX8,0,1024,correct,Q1,0.16015625,-0.0078125,-0.0184326171875,0.1707763671875,True
62,PREFIX8,0,1024,hemlock_extra_hazard_0.12,Q1,0.106719970703125,-0.0078125,0.0028076171875,0.096099853515625,True
62,PREFIX8,0,1024,entry_lognormal_annual_sd_1.2,Q1,0.16015625,-0.0078125,-0.00347900390625,0.15582275390625,True
62,PREFIX8,0,1024,correct,Q2,0.001800537109375,0.0072021484375,-0.0025634765625,0.011566162109375,True
62,PREFIX8,0,1024,hemlock_extra_hazard_0.12,Q2,0.0335693359375,0.0072021484375,0.0169677734375,0.0238037109375,True
62,PREFIX8,0,1024,entry_lognormal_annual_sd_1.2,Q2,0.0335693359375,0.0072021484375,0.0169677734375,0.0238037109375,True
62,PREFIX8,0,4096,correct,Q1,0.16082763671875,-0.008514404296875,-0.017181396484375,0.16949462890625,True
62,PREFIX8,0,4096,hemlock_extra_hazard_0.12,Q1,0.103424072265625,-0.008514404296875,0.00103759765625,0.0938720703125,True
62,PREFIX8,0,4096,entry_lognormal_annual_sd_1.2,Q1,0.16082763671875,-0.008514404296875,-0.00128173828125,0.153594970703125,True
62,PREFIX8,0,4096,correct,Q2,0.00103759765625,0.00653076171875,-0.0093994140625,0.0169677734375,True
62,PREFIX8,0,4096,hemlock_extra_hazard_0.12,Q2,0.036834716796875,0.00653076171875,0.0224609375,0.020904541015625,True
62,PREFIX8,0,4096,entry_lognormal_annual_sd_1.2,Q2,0.036834716796875,0.00653076171875,0.0224609375,0.020904541015625,True
63,BASELINE32,0,256,correct,Q1,0.052001953125,0.0,0.002197265625,0.0498046875,True
63,BASELINE32,0,256,hemlock_extra_hazard_0.12,Q1,0.052001953125,0.0,-0.0042724609375,0.0562744140625,True
63,BASELINE32,0,256,entry_lognormal_annual_sd_1.2,Q1,0.052001953125,0.0,-0.0042724609375,0.0562744140625,True
63,PREFIX8,0,256,correct,Q1,0.04833984375,0.00048828125,0.0045166015625,0.0443115234375,True
63,PREFIX8,0,256,hemlock_extra_hazard_0.12,Q1,0.04833984375,0.00048828125,-0.01318359375,0.06201171875,True
63,PREFIX8,0,256,entry_lognormal_annual_sd_1.2,Q1,0.04833984375,0.00048828125,-0.01318359375,0.06201171875,True
63,BASELINE32,0,256,correct,Q2,0.1575927734375,-0.0123291015625,-0.0638427734375,0.2091064453125,True
63,BASELINE32,0,256,hemlock_extra_hazard_0.12,Q2,0.2705078125,-0.0123291015625,0.049072265625,0.2091064453125,True
63,BASELINE32,0,256,entry_lognormal_annual_sd_1.2,Q2,0.2705078125,-0.0123291015625,0.049072265625,0.2091064453125,True
63,PREFIX8,0,256,correct,Q2,0.1644287109375,-0.017578125,-0.0679931640625,0.21484375,True
63,PREFIX8,0,256,hemlock_extra_hazard_0.12,Q2,0.2763671875,-0.017578125,0.0439453125,0.21484375,True
63,PREFIX8,0,256,entry_lognormal_annual_sd_1.2,Q2,0.2763671875,-0.017578125,0.0439453125,0.21484375,True
63,PREFIX8,0,1024,correct,Q1,0.0517578125,0.0001220703125,0.0018310546875,0.050048828125,True
63,PREFIX8,0,1024,hemlock_extra_hazard_0.12,Q1,0.0517578125,0.0001220703125,-0.00439453125,0.0562744140625,True
63,PREFIX8,0,1024,entry_lognormal_annual_sd_1.2,Q1,0.0517578125,0.0001220703125,-0.00439453125,0.0562744140625,True
63,PREFIX8,0,1024,correct,Q2,0.1434326171875,-0.019775390625,-0.0887451171875,0.21240234375,True
63,PREFIX8,0,1024,hemlock_extra_hazard_0.12,Q2,0.2919921875,-0.019775390625,0.0491943359375,0.2230224609375,True
63,PREFIX8,0,1024,entry_lognormal_annual_sd_1.2,Q2,0.258392333984375,-0.019775390625,0.015594482421875,0.2230224609375,True
63,PREFIX8,0,4096,correct,Q1,0.049957275390625,3.0517578125e-05,-0.00244140625,0.05242919921875,True
63,PREFIX8,0,4096,hemlock_extra_hazard_0.12,Q1,0.049957275390625,3.0517578125e-05,-0.00390625,0.05389404296875,True
63,PREFIX8,0,4096,entry_lognormal_annual_sd_1.2,Q1,0.049957275390625,3.0517578125e-05,-0.00390625,0.05389404296875,True
63,PREFIX8,0,4096,correct,Q2,0.146331787109375,-0.018341064453125,-0.089324951171875,0.217315673828125,True
63,PREFIX8,0,4096,hemlock_extra_hazard_0.12,Q2,0.290069580078125,-0.018341064453125,0.054412841796875,0.217315673828125,True
63,PREFIX8,0,4096,entry_lognormal_annual_sd_1.2,Q2,0.26129150390625,-0.018341064453125,0.025634765625,0.217315673828125,True
64,BASELINE32,0,256,correct,Q1,0.039154052734375,-0.0003662109375,-0.001953125,0.040740966796875,True
64,BASELINE32,0,256,hemlock_extra_hazard_0.12,Q1,0.044921875,-0.0003662109375,0.001220703125,0.0433349609375,True
64,BASELINE32,0,256,entry_lognormal_annual_sd_1.2,Q1,0.044921875,-0.0003662109375,0.001220703125,0.0433349609375,True
64,PREFIX8,0,256,correct,Q1,0.020111083984375,-0.00146484375,-0.00830078125,0.026947021484375,True
64,PREFIX8,0,256,hemlock_extra_hazard_0.12,Q1,0.05322265625,-0.00146484375,0.00537109375,0.04638671875,True
64,PREFIX8,0,256,entry_lognormal_annual_sd_1.2,Q1,0.035064697265625,-0.00146484375,-0.00830078125,0.041900634765625,True
64,BASELINE32,0,256,correct,Q2,0.097259521484375,-0.0308837890625,-0.0916748046875,0.158050537109375,True
64,BASELINE32,0,256,hemlock_extra_hazard_0.12,Q2,0.221435546875,-0.0308837890625,0.0299072265625,0.16064453125,True
64,BASELINE32,0,256,entry_lognormal_annual_sd_1.2,Q2,0.221435546875,-0.0308837890625,0.0299072265625,0.16064453125,True
64,PREFIX8,0,256,correct,Q2,0.024261474609375,-0.04541015625,-0.17138671875,0.150238037109375,True
64,PREFIX8,0,256,hemlock_extra_hazard_0.12,Q2,0.28466796875,-0.04541015625,0.08056640625,0.15869140625,True
64,PREFIX8,0,256,entry_lognormal_annual_sd_1.2,Q2,0.164093017578125,-0.04541015625,-0.040008544921875,0.15869140625,True
64,PREFIX8,0,1024,correct,Q1,0.018157958984375,0.0008544921875,-0.0096435546875,0.028656005859375,True
64,PREFIX8,0,1024,hemlock_extra_hazard_0.12,Q1,0.0546875,0.0008544921875,0.0113525390625,0.044189453125,True
64,PREFIX8,0,1024,entry_lognormal_annual_sd_1.2,Q1,0.033111572265625,0.0008544921875,-0.0096435546875,0.043609619140625,True
64,PREFIX8,0,1024,correct,Q2,0.025726318359375,-0.03369140625,-0.166900634765625,0.158935546875,True
64,PREFIX8,0,1024,hemlock_extra_hazard_0.12,Q2,0.294677734375,-0.03369140625,0.10205078125,0.158935546875,True
64,PREFIX8,0,1024,entry_lognormal_annual_sd_1.2,Q2,0.165557861328125,-0.03369140625,-0.027069091796875,0.158935546875,True
64,PREFIX8,0,4096,correct,Q1,0.01324462890625,0.000885009765625,-0.018035888671875,0.03216552734375,True
64,PREFIX8,0,4096,hemlock_extra_hazard_0.12,Q1,0.057769775390625,0.000885009765625,0.019805908203125,0.038848876953125,True
64,PREFIX8,0,4096,entry_lognormal_annual_sd_1.2,Q1,0.0281982421875,0.000885009765625,-0.009765625,0.038848876953125,True
64,PREFIX8,0,4096,correct,Q2,0.024078369140625,-0.03173828125,-0.16717529296875,0.159515380859375,True
64,PREFIX8,0,4096,hemlock_extra_hazard_0.12,Q2,0.29827880859375,-0.03173828125,0.107025146484375,0.159515380859375,True
64,PREFIX8,0,4096,entry_lognormal_annual_sd_1.2,Q2,0.163909912109375,-0.03173828125,-0.02734375,0.159515380859375,True
65,BASELINE32,0,256,correct,Q1,0.0194091796875,0.0003662109375,-0.0107421875,0.030517578125,True
65,BASELINE32,0,256,hemlock_extra_hazard_0.12,Q1,0.0194091796875,0.0003662109375,-0.0157470703125,0.0355224609375,True
65,BASELINE32,0,256,entry_lognormal_annual_sd_1.2,Q1,0.0194091796875,0.0003662109375,-0.0157470703125,0.0355224609375,True
65,PREFIX8,0,256,correct,Q1,0.02001953125,-0.00146484375,-0.0107421875,0.029296875,True
65,PREFIX8,0,256,hemlock_extra_hazard_0.12,Q1,0.02001953125,-0.00146484375,-0.0107421875,0.029296875,True
65,PREFIX8,0,256,entry_lognormal_annual_sd_1.2,Q1,0.02001953125,-0.00146484375,-0.0107421875,0.029296875,True
65,BASELINE32,0,256,correct,Q2,0.12255859375,-0.0020751953125,-0.025146484375,0.1456298828125,True
65,BASELINE32,0,256,hemlock_extra_hazard_0.12,Q2,0.12255859375,-0.0020751953125,-0.025146484375,0.1456298828125,True
65,BASELINE32,0,256,entry_lognormal_annual_sd_1.2,Q2,0.12255859375,-0.0020751953125,-0.025146484375,0.1456298828125,True
65,PREFIX8,0,256,correct,Q2,0.12640380859375,-0.009765625,0.00579833984375,0.11083984375,True
65,PREFIX8,0,256,hemlock_extra_hazard_0.12,Q2,0.130859375,-0.009765625,0.01025390625,0.11083984375,True
65,PREFIX8,0,256,entry_lognormal_annual_sd_1.2,Q2,0.130859375,-0.009765625,0.01025390625,0.11083984375,True
65,PREFIX8,0,1024,correct,Q1,0.021484375,0.0008544921875,-0.0091552734375,0.031494140625,True
65,PREFIX8,0,1024,hemlock_extra_hazard_0.12,Q1,0.021484375,0.0008544921875,-0.0107421875,0.0330810546875,True
65,PREFIX8,0,1024,entry_lognormal_annual_sd_1.2,Q1,0.021484375,0.0008544921875,-0.0107421875,0.0330810546875,True
65,PREFIX8,0,1024,correct,Q2,0.1243896484375,-0.0128173828125,-0.0159912109375,0.1275634765625,True
65,PREFIX8,0,1024,hemlock_extra_hazard_0.12,Q2,0.1243896484375,-0.0128173828125,-0.0159912109375,0.1275634765625,True
65,PREFIX8,0,1024,entry_lognormal_annual_sd_1.2,Q2,0.1243896484375,-0.0128173828125,-0.0159912109375,0.1275634765625,True
65,PREFIX8,0,4096,correct,Q1,0.019317626953125,0.001434326171875,-0.0103759765625,0.0311279296875,True
65,PREFIX8,0,4096,hemlock_extra_hazard_0.12,Q1,0.019317626953125,0.001434326171875,-0.0103759765625,0.0311279296875,True
65,PREFIX8,0,4096,entry_lognormal_annual_sd_1.2,Q1,0.019317626953125,0.001434326171875,-0.0103759765625,0.0311279296875,True
65,PREFIX8,0,4096,correct,Q2,0.126220703125,-0.00897216796875,-0.01055908203125,0.1278076171875,True
65,PREFIX8,0,4096,hemlock_extra_hazard_0.12,Q2,0.126220703125,-0.00897216796875,-0.01055908203125,0.1278076171875,True
65,PREFIX8,0,4096,entry_lognormal_annual_sd_1.2,Q2,0.126220703125,-0.00897216796875,-0.01055908203125,0.1278076171875,True
66,BASELINE32,0,256,correct,Q1,0.004913330078125,-0.00146484375,-0.0303955078125,0.033843994140625,True
66,BASELINE32,0,256,hemlock_extra_hazard_0.12,Q1,0.063232421875,-0.00146484375,0.0274658203125,0.0343017578125,True
66,BASELINE32,0,256,entry_lognormal_annual_sd_1.2,Q1,0.007293701171875,-0.00146484375,-0.028472900390625,0.0343017578125,True
66,PREFIX8,0,256,correct,Q1,0.013702392578125,0.0,-0.019500732421875,0.033203125,True
66,PREFIX8,0,256,hemlock_extra_hazard_0.12,Q1,0.0576171875,0.0,0.0244140625,0.033203125,True
66,PREFIX8,0,256,entry_lognormal_annual_sd_1.2,Q1,0.016082763671875,0.0,-0.017120361328125,0.033203125,True
66,BASELINE32,0,256,correct,Q2,0.07781982421875,-0.08740234375,-0.210693359375,0.20111083984375,True
66,BASELINE32,0,256,hemlock_extra_hazard_0.12,Q2,0.332275390625,-0.08740234375,0.035888671875,0.208984375,True
66,BASELINE32,0,256,entry_lognormal_annual_sd_1.2,Q2,0.08038330078125,-0.08740234375,-0.210693359375,0.20367431640625,True
66,PREFIX8,0,256,correct,Q2,0.09027099609375,-0.09765625,-0.20751953125,0.20013427734375,True
66,PREFIX8,0,256,hemlock_extra_hazard_0.12,Q2,0.31884765625,-0.09765625,0.01220703125,0.208984375,True
66,PREFIX8,0,256,entry_lognormal_annual_sd_1.2,Q2,0.09283447265625,-0.09765625,-0.20751953125,0.20269775390625,True
66,PREFIX8,0,1024,correct,Q1,0.016632080078125,0.0001220703125,-0.0177001953125,0.034454345703125,True
66,PREFIX8,0,1024,hemlock_extra_hazard_0.12,Q1,0.0546875,0.0001220703125,0.0179443359375,0.036865234375,True
66,PREFIX8,0,1024,entry_lognormal_annual_sd_1.2,Q1,0.019012451171875,0.0001220703125,-0.0177001953125,0.036834716796875,True
66,PREFIX8,0,1024,correct,Q2,0.09503173828125,-0.0982666015625,-0.198486328125,0.19525146484375,True
66,PREFIX8,0,1024,hemlock_extra_hazard_0.12,Q2,0.3096923828125,-0.0982666015625,0.001953125,0.20947265625,True
66,PREFIX8,0,1024,entry_lognormal_annual_sd_1.2,Q2,0.09759521484375,-0.0982666015625,-0.198486328125,0.19781494140625,True
66,PREFIX8,0,4096,correct,Q1,0.01531982421875,0.00018310546875,-0.01861572265625,0.03411865234375,True
66,PREFIX8,0,4096,hemlock_extra_hazard_0.12,Q1,0.055816650390625,0.00018310546875,0.01898193359375,0.037017822265625,True
66,PREFIX8,0,4096,entry_lognormal_annual_sd_1.2,Q1,0.0177001953125,0.00018310546875,-0.01861572265625,0.0364990234375,True
66,PREFIX8,0,4096,correct,Q2,0.093414306640625,-0.094696044921875,-0.202972412109375,0.201690673828125,True
66,PREFIX8,0,4096,hemlock_extra_hazard_0.12,Q2,0.316131591796875,-0.094696044921875,0.013580322265625,0.207855224609375,True
66,PREFIX8,0,4096,entry_lognormal_annual_sd_1.2,Q2,0.095977783203125,-0.094696044921875,-0.202972412109375,0.204254150390625,True
67,BASELINE32,0,256,correct,Q1,0.006591796875,0.0040283203125,0.001434326171875,0.009185791015625,True
67,BASELINE32,0,256,hemlock_extra_hazard_0.12,Q1,-0.006591796875,-0.0040283203125,-0.0010986328125,-0.009521484375,True
67,BASELINE32,0,256,entry_lognormal_annual_sd_1.2,Q1,0.006591796875,0.0040283203125,0.0010986328125,0.009521484375,True
67,PREFIX8,0,256,correct,Q1,0.005462646484375,-0.001953125,-0.0009765625,0.004486083984375,True
67,PREFIX8,0,256,hemlock_extra_hazard_0.12,Q1,0.00634765625,-0.001953125,-0.0029296875,0.00732421875,True
67,PREFIX8,0,256,entry_lognormal_annual_sd_1.2,Q1,0.00445556640625,-0.001953125,-0.0009765625,0.00347900390625,True
67,BASELINE32,0,256,correct,Q2,0.1121826171875,0.0186767578125,-0.063079833984375,0.193939208984375,True
67,BASELINE32,0,256,hemlock_extra_hazard_0.12,Q2,0.1121826171875,0.0186767578125,-0.0643310546875,0.1951904296875,True
67,BASELINE32,0,256,entry_lognormal_annual_sd_1.2,Q2,0.1121826171875,0.0186767578125,-0.0643310546875,0.1951904296875,True
67,PREFIX8,0,256,correct,Q2,0.0556640625,-0.0498046875,-0.10888671875,0.11474609375,True
67,PREFIX8,0,256,hemlock_extra_hazard_0.12,Q2,0.0556640625,-0.0498046875,-0.10888671875,0.11474609375,True
67,PREFIX8,0,256,entry_lognormal_annual_sd_1.2,Q2,0.0556640625,-0.0498046875,-0.10888671875,0.11474609375,True
67,PREFIX8,0,1024,correct,Q1,0.000823974609375,-0.002197265625,-0.005889892578125,0.0045166015625,True
67,PREFIX8,0,1024,hemlock_extra_hazard_0.12,Q1,0.009521484375,-0.002197265625,0.0028076171875,0.0045166015625,True
67,PREFIX8,0,1024,entry_lognormal_annual_sd_1.2,Q1,-0.00018310546875,-0.002197265625,-0.00689697265625,0.0045166015625,True
67,PREFIX8,0,1024,correct,Q2,0.07275390625,-0.0343017578125,-0.089813232421875,0.128265380859375,True
67,PREFIX8,0,1024,hemlock_extra_hazard_0.12,Q2,0.07275390625,-0.0343017578125,-0.090087890625,0.1285400390625,True
67,PREFIX8,0,1024,entry_lognormal_annual_sd_1.2,Q2,0.07275390625,-0.0343017578125,-0.090087890625,0.1285400390625,True
67,PREFIX8,0,4096,correct,Q1,0.001556396484375,-0.002166748046875,-0.0054931640625,0.0048828125,True
67,PREFIX8,0,4096,hemlock_extra_hazard_0.12,Q1,0.00909423828125,-0.002166748046875,0.002044677734375,0.0048828125,True
67,PREFIX8,0,4096,entry_lognormal_annual_sd_1.2,Q1,0.00054931640625,-0.002166748046875,-0.006378173828125,0.0047607421875,True
67,PREFIX8,0,4096,correct,Q2,0.071502685546875,-0.03350830078125,-0.08966064453125,0.127655029296875,True
67,PREFIX8,0,4096,hemlock_extra_hazard_0.12,Q2,0.071502685546875,-0.03350830078125,-0.096771240234375,0.134765625,True
67,PREFIX8,0,4096,entry_lognormal_annual_sd_1.2,Q2,0.071502685546875,-0.03350830078125,-0.096527099609375,0.134521484375,True
68,BASELINE32,0,256,correct,Q1,-0.048492431640625,-0.0294189453125,-0.0787353515625,0.000823974609375,True
68,BASELINE32,0,256,hemlock_extra_hazard_0.12,Q1,0.032867431640625,-0.0294189453125,0.000885009765625,0.0025634765625,True
68,BASELINE32,0,256,entry_lognormal_annual_sd_1.2,Q1,-0.046722412109375,-0.0294189453125,-0.078704833984375,0.0025634765625,True
68,PREFIX8,0,256,correct,Q1,0.010223388671875,-0.001953125,-0.02392578125,0.032196044921875,True
68,PREFIX8,0,256,hemlock_extra_hazard_0.12,Q1,0.0546875,-0.001953125,0.02001953125,0.03271484375,True
68,PREFIX8,0,256,entry_lognormal_annual_sd_1.2,Q1,0.011993408203125,-0.001953125,-0.022674560546875,0.03271484375,True
68,BASELINE32,0,256,correct,Q2,-0.1907958984375,-0.072784423828125,-0.368316650390625,0.104736328125,True
68,BASELINE32,0,256,hemlock_extra_hazard_0.12,Q2,0.1907958984375,-0.2950439453125,0.00048828125,-0.104736328125,True
68,BASELINE32,0,256,entry_lognormal_annual_sd_1.2,Q2,-0.1907958984375,-0.07666015625,-0.3721923828125,0.104736328125,True
68,PREFIX8,0,256,correct,Q2,-0.174163818359375,-0.16259765625,-0.398284912109375,0.0615234375,True
68,PREFIX8,0,256,hemlock_extra_hazard_0.12,Q2,0.302734375,-0.16259765625,0.07861328125,0.0615234375,True
68,PREFIX8,0,256,entry_lognormal_annual_sd_1.2,Q2,-0.1702880859375,-0.16259765625,-0.3944091796875,0.0615234375,True
68,PREFIX8,0,1024,correct,Q1,0.005462646484375,-0.0015869140625,-0.027984619140625,0.0318603515625,True
68,PREFIX8,0,1024,hemlock_extra_hazard_0.12,Q1,0.0601806640625,-0.0015869140625,0.0267333984375,0.0318603515625,True
68,PREFIX8,0,1024,entry_lognormal_annual_sd_1.2,Q1,0.007232666015625,-0.0015869140625,-0.026214599609375,0.0318603515625,True
68,PREFIX8,0,1024,correct,Q2,-0.162078857421875,-0.1591796875,-0.386077880859375,0.0648193359375,True
68,PREFIX8,0,1024,hemlock_extra_hazard_0.12,Q2,0.2943115234375,-0.1591796875,0.0703125,0.0648193359375,True
68,PREFIX8,0,1024,entry_lognormal_annual_sd_1.2,Q2,-0.158203125,-0.1591796875,-0.3822021484375,0.0648193359375,True
68,PREFIX8,0,4096,correct,Q1,0.0035400390625,-0.001861572265625,-0.029388427734375,0.03106689453125,True
68,PREFIX8,0,4096,hemlock_extra_hazard_0.12,Q1,0.061431884765625,-0.001861572265625,0.025665283203125,0.033905029296875,True
68,PREFIX8,0,4096,entry_lognormal_annual_sd_1.2,Q1,0.00531005859375,-0.001861572265625,-0.029388427734375,0.0328369140625,True
68,PREFIX8,0,4096,correct,Q2,-0.15966796875,-0.158416748046875,-0.38372802734375,0.065643310546875,True
68,PREFIX8,0,4096,hemlock_extra_hazard_0.12,Q2,0.292694091796875,-0.158416748046875,0.068634033203125,0.065643310546875,True
68,PREFIX8,0,4096,entry_lognormal_annual_sd_1.2,Q2,-0.155792236328125,-0.158416748046875,-0.379852294921875,0.065643310546875,True
69,BASELINE32,0,256,correct,Q1,-3.0517578125e-05,-0.0001220703125,-0.0001220703125,-3.0517578125e-05,True
69,BASELINE32,0,256,hemlock_extra_hazard_0.12,Q1,0.0003662109375,-0.0001220703125,-0.0001220703125,0.0003662109375,True
69,BASELINE32,0,256,entry_lognormal_annual_sd_1.2,Q1,0.000152587890625,-0.0001220703125,-0.0001220703125,0.000152587890625,True
69,PREFIX8,0,256,correct,Q1,0.000885009765625,0.000396728515625,0.000396728515625,0.000885009765625,True
69,PREFIX8,0,256,hemlock_extra_hazard_0.12,Q1,-0.0009765625,-0.00146484375,-0.00146484375,-0.0009765625,True
69,PREFIX8,0,256,entry_lognormal_annual_sd_1.2,Q1,0.000701904296875,0.000213623046875,0.000213623046875,0.000701904296875,True
69,BASELINE32,0,256,correct,Q2,-0.004150390625,0.042724609375,-0.06671142578125,0.10528564453125,True
69,BASELINE32,0,256,hemlock_extra_hazard_0.12,Q2,-0.004150390625,0.042724609375,-0.07275390625,0.111328125,True
69,BASELINE32,0,256,entry_lognormal_annual_sd_1.2,Q2,-0.004150390625,0.042724609375,-0.07275390625,0.111328125,True
69,PREFIX8,0,256,correct,Q2,-0.04833984375,0.00439453125,-0.09033203125,0.04638671875,True
69,PREFIX8,0,256,hemlock_extra_hazard_0.12,Q2,-0.04833984375,0.00439453125,-0.09033203125,0.04638671875,True
69,PREFIX8,0,256,entry_lognormal_annual_sd_1.2,Q2,-0.04833984375,0.00439453125,-0.09033203125,0.04638671875,True
69,PREFIX8,0,1024,correct,Q1,0.001251220703125,0.001495361328125,0.00128173828125,0.00146484375,True
69,PREFIX8,0,1024,hemlock_extra_hazard_0.12,Q1,-0.0018310546875,-0.0015869140625,-0.001953125,-0.00146484375,True
69,PREFIX8,0,1024,entry_lognormal_annual_sd_1.2,Q1,0.001068115234375,0.001312255859375,0.000946044921875,0.001434326171875,True
69,PREFIX8,0,1024,correct,Q2,-0.0416259765625,0.006103515625,-0.0870361328125,0.051513671875,True
69,PREFIX8,0,1024,hemlock_extra_hazard_0.12,Q2,-0.0416259765625,0.006103515625,-0.0870361328125,0.051513671875,True
69,PREFIX8,0,1024,entry_lognormal_annual_sd_1.2,Q2,-0.0416259765625,0.006103515625,-0.0870361328125,0.051513671875,True
69,PREFIX8,0,4096,correct,Q1,0.001678466796875,0.001708984375,0.00164794921875,0.001739501953125,True
69,PREFIX8,0,4096,hemlock_extra_hazard_0.12,Q1,-0.0018310546875,-0.001708984375,-0.001800537109375,-0.001739501953125,True
69,PREFIX8,0,4096,entry_lognormal_annual_sd_1.2,Q1,0.001495361328125,0.001617431640625,0.00152587890625,0.0015869140625,True
69,PREFIX8,0,4096,correct,Q2,-0.043365478515625,0.00579833984375,-0.08935546875,0.051788330078125,True
69,PREFIX8,0,4096,hemlock_extra_hazard_0.12,Q2,-0.043365478515625,0.00579833984375,-0.08935546875,0.051788330078125,True
69,PREFIX8,0,4096,entry_lognormal_annual_sd_1.2,Q2,-0.043365478515625,0.00579833984375,-0.08935546875,0.051788330078125,True
70,BASELINE32,0,256,correct,Q1,-0.023712158203125,-0.0015869140625,-0.036529541015625,0.01123046875,True
70,BASELINE32,0,256,hemlock_extra_hazard_0.12,Q1,0.0478515625,-0.0015869140625,0.0350341796875,0.01123046875,True
70,BASELINE32,0,256,entry_lognormal_annual_sd_1.2,Q1,-0.022613525390625,-0.0015869140625,-0.035430908203125,0.01123046875,True
70,PREFIX8,0,256,correct,Q1,0.004364013671875,-0.00048828125,-0.015655517578125,0.01953125,True
70,PREFIX8,0,256,hemlock_extra_hazard_0.12,Q1,0.04248046875,-0.00048828125,0.0224609375,0.01953125,True
70,PREFIX8,0,256,entry_lognormal_annual_sd_1.2,Q1,0.005462646484375,-0.00048828125,-0.014556884765625,0.01953125,True
70,BASELINE32,0,256,correct,Q2,-0.194183349609375,-0.1553955078125,-0.3846435546875,0.035064697265625,True
70,BASELINE32,0,256,hemlock_extra_hazard_0.12,Q2,0.265380859375,-0.1553955078125,0.0738525390625,0.0361328125,True
70,BASELINE32,0,256,entry_lognormal_annual_sd_1.2,Q2,-0.19329833984375,-0.1553955078125,-0.3846435546875,0.03594970703125,True
70,PREFIX8,0,256,correct,Q2,-0.060394287109375,-0.09716796875,-0.232757568359375,0.0751953125,True
70,PREFIX8,0,256,hemlock_extra_hazard_0.12,Q2,0.2529296875,-0.09716796875,0.08056640625,0.0751953125,True
70,PREFIX8,0,256,entry_lognormal_annual_sd_1.2,Q2,-0.05950927734375,-0.09716796875,-0.23187255859375,0.0751953125,True
70,PREFIX8,0,1024,correct,Q1,0.000701904296875,-0.0009765625,-0.021514892578125,0.021240234375,True
70,PREFIX8,0,1024,hemlock_extra_hazard_0.12,Q1,0.044677734375,-0.0009765625,0.0224609375,0.021240234375,True
70,PREFIX8,0,1024,entry_lognormal_annual_sd_1.2,Q1,0.001800537109375,-0.0009765625,-0.020416259765625,0.021240234375,True
70,PREFIX8,0,1024,correct,Q2,-0.062225341796875,-0.0906982421875,-0.248992919921875,0.0960693359375,True
70,PREFIX8,0,1024,hemlock_extra_hazard_0.12,Q2,0.2635498046875,-0.0906982421875,0.0767822265625,0.0960693359375,True
70,PREFIX8,0,1024,entry_lognormal_annual_sd_1.2,Q2,-0.06134033203125,-0.0906982421875,-0.24810791015625,0.0960693359375,True
70,PREFIX8,0,4096,correct,Q1,0.001678466796875,-0.001251220703125,-0.02032470703125,0.020751953125,True
70,PREFIX8,0,4096,hemlock_extra_hazard_0.12,Q1,0.04254150390625,-0.001251220703125,0.017822265625,0.023468017578125,True
70,PREFIX8,0,4096,entry_lognormal_annual_sd_1.2,Q1,0.002777099609375,-0.001251220703125,-0.02032470703125,0.0218505859375,True
70,PREFIX8,0,4096,correct,Q2,-0.05706787109375,-0.089935302734375,-0.24554443359375,0.098541259765625,True
70,PREFIX8,0,4096,hemlock_extra_hazard_0.12,Q2,0.255279541015625,-0.089935302734375,0.066802978515625,0.098541259765625,True
70,PREFIX8,0,4096,entry_lognormal_annual_sd_1.2,Q2,-0.056182861328125,-0.089935302734375,-0.244659423828125,0.098541259765625,True
71,BASELINE32,0,256,correct,Q1,0.000732421875,0.0,-0.000244140625,0.0009765625,True
71,BASELINE32,0,256,hemlock_extra_hazard_0.12,Q1,0.0015869140625,0.0,0.0006103515625,0.0009765625,True
71,BASELINE32,0,256,entry_lognormal_annual_sd_1.2,Q1,0.000732421875,0.0,-0.000244140625,0.0009765625,True
71,PREFIX8,0,256,correct,Q1,0.0003662109375,0.0,-0.0001220703125,0.00048828125,True
71,PREFIX8,0,256,hemlock_extra_hazard_0.12,Q1,0.001953125,0.0,0.00146484375,0.00048828125,True
71,PREFIX8,0,256,entry_lognormal_annual_sd_1.2,Q1,0.0003662109375,0.0,-0.0001220703125,0.00048828125,True
71,BASELINE32,0,256,correct,Q2,0.0130615234375,0.01953125,-0.034912109375,0.0675048828125,True
71,BASELINE32,0,256,hemlock_extra_hazard_0.12,Q2,0.0130615234375,0.01953125,-0.0484619140625,0.0810546875,True
71,BASELINE32,0,256,entry_lognormal_annual_sd_1.2,Q2,0.0130615234375,0.01953125,-0.0430908203125,0.07568359375,True
71,PREFIX8,0,256,correct,Q2,0.00634765625,0.068359375,-0.0008544921875,0.0755615234375,True
71,PREFIX8,0,256,hemlock_extra_hazard_0.12,Q2,0.00634765625,0.068359375,-0.013671875,0.08837890625,True
71,PREFIX8,0,256,entry_lognormal_annual_sd_1.2,Q2,0.00634765625,0.068359375,-0.009033203125,0.083740234375,True
71,PREFIX8,0,1024,correct,Q1,0.0008544921875,0.0,0.0003662109375,0.00048828125,True
71,PREFIX8,0,1024,hemlock_extra_hazard_0.12,Q1,0.0008544921875,0.0,0.0003662109375,0.00048828125,True
71,PREFIX8,0,1024,entry_lognormal_annual_sd_1.2,Q1,0.0008544921875,0.0,0.0003662109375,0.00048828125,True
71,PREFIX8,0,1024,correct,Q2,0.0054931640625,0.067138671875,-0.003173828125,0.0758056640625,True
71,PREFIX8,0,1024,hemlock_extra_hazard_0.12,Q2,0.0054931640625,0.067138671875,-0.0169677734375,0.089599609375,True
71,PREFIX8,0,1024,entry_lognormal_annual_sd_1.2,Q2,0.0054931640625,0.067138671875,-0.0113525390625,0.083984375,True
71,PREFIX8,0,4096,correct,Q1,0.000885009765625,6.103515625e-05,6.103515625e-05,0.000885009765625,True
71,PREFIX8,0,4096,hemlock_extra_hazard_0.12,Q1,0.000885009765625,6.103515625e-05,-6.103515625e-05,0.001007080078125,True
71,PREFIX8,0,4096,entry_lognormal_annual_sd_1.2,Q1,0.000885009765625,6.103515625e-05,6.103515625e-05,0.000885009765625,True
71,PREFIX8,0,4096,correct,Q2,0.004791259765625,0.06488037109375,-0.00634765625,0.076019287109375,True
71,PREFIX8,0,4096,hemlock_extra_hazard_0.12,Q2,0.004791259765625,0.06488037109375,-0.01641845703125,0.086090087890625,True
71,PREFIX8,0,4096,entry_lognormal_annual_sd_1.2,Q2,0.004791259765625,0.06488037109375,-0.0145263671875,0.084197998046875,True
72,BASELINE32,0,256,correct,Q1,0.0,0.0,0.0,0.0,True
72,BASELINE32,0,256,hemlock_extra_hazard_0.12,Q1,0.0,0.0,0.0,0.0,True
72,BASELINE32,0,256,entry_lognormal_annual_sd_1.2,Q1,0.0,0.0,0.0,0.0,True
72,PREFIX8,0,256,correct,Q1,0.0,0.0,0.0,0.0,True
72,PREFIX8,0,256,hemlock_extra_hazard_0.12,Q1,0.0,0.0,0.0,0.0,True
72,PREFIX8,0,256,entry_lognormal_annual_sd_1.2,Q1,0.0,0.0,0.0,0.0,True
72,BASELINE32,0,256,correct,Q2,0.0,0.0,0.0,0.0,True
72,BASELINE32,0,256,hemlock_extra_hazard_0.12,Q2,0.0,0.0,0.0,0.0,True
72,BASELINE32,0,256,entry_lognormal_annual_sd_1.2,Q2,0.0,0.0,0.0,0.0,True
72,PREFIX8,0,256,correct,Q2,0.0,0.0,0.0,0.0,True
72,PREFIX8,0,256,hemlock_extra_hazard_0.12,Q2,0.0,0.0,0.0,0.0,True
72,PREFIX8,0,256,entry_lognormal_annual_sd_1.2,Q2,0.0,0.0,0.0,0.0,True
72,PREFIX8,0,1024,correct,Q1,0.0,0.0,0.0,0.0,True
72,PREFIX8,0,1024,hemlock_extra_hazard_0.12,Q1,0.0,0.0,0.0,0.0,True
72,PREFIX8,0,1024,entry_lognormal_annual_sd_1.2,Q1,0.0,0.0,0.0,0.0,True
72,PREFIX8,0,1024,correct,Q2,0.0,0.0,0.0,0.0,True
72,PREFIX8,0,1024,hemlock_extra_hazard_0.12,Q2,0.0,0.0,0.0,0.0,True
72,PREFIX8,0,1024,entry_lognormal_annual_sd_1.2,Q2,0.0,0.0,0.0,0.0,True
72,PREFIX8,0,4096,correct,Q1,0.0,0.0,0.0,0.0,True
72,PREFIX8,0,4096,hemlock_extra_hazard_0.12,Q1,0.0,0.0,0.0,0.0,True
72,PREFIX8,0,4096,entry_lognormal_annual_sd_1.2,Q1,0.0,0.0,0.0,0.0,True
72,PREFIX8,0,4096,correct,Q2,0.0,0.0,0.0,0.0,True
72,PREFIX8,0,4096,hemlock_extra_hazard_0.12,Q2,0.0,0.0,0.0,0.0,True
72,PREFIX8,0,4096,entry_lognormal_annual_sd_1.2,Q2,0.0,0.0,0.0,0.0,True
72,OBSERVATION_ONLY8,1,1024,correct,Q1,0.0,0.0,0.0,0.0,True
72,OBSERVATION_ONLY8,1,1024,hemlock_extra_hazard_0.12,Q1,0.0,0.0,0.0,0.0,True
72,OBSERVATION_ONLY8,1,1024,entry_lognormal_annual_sd_1.2,Q1,0.0,0.0,0.0,0.0,True
72,OBSERVATION_ONLY8,1,1024,correct,Q2,0.0,0.0,0.0,0.0,True
72,OBSERVATION_ONLY8,1,1024,hemlock_extra_hazard_0.12,Q2,0.0,0.0,0.0,0.0,True
72,OBSERVATION_ONLY8,1,1024,entry_lognormal_annual_sd_1.2,Q2,0.0,0.0,0.0,0.0,True
72,OBSERVATION_ONLY8,2,1024,correct,Q1,0.0,0.0,0.0,0.0,True
72,OBSERVATION_ONLY8,2,1024,hemlock_extra_hazard_0.12,Q1,0.0,0.0,0.0,0.0,True
72,OBSERVATION_ONLY8,2,1024,entry_lognormal_annual_sd_1.2,Q1,0.0,0.0,0.0,0.0,True
72,OBSERVATION_ONLY8,2,1024,correct,Q2,0.0,0.0,0.0,0.0,True
72,OBSERVATION_ONLY8,2,1024,hemlock_extra_hazard_0.12,Q2,0.0,0.0,0.0,0.0,True
72,OBSERVATION_ONLY8,2,1024,entry_lognormal_annual_sd_1.2,Q2,0.0,0.0,0.0,0.0,True
72,INFERENCE_ONLY8,3,1024,correct,Q1,0.0,0.0,0.0,0.0,True
72,INFERENCE_ONLY8,3,1024,hemlock_extra_hazard_0.12,Q1,0.0,0.0,0.0,0.0,True
72,INFERENCE_ONLY8,3,1024,entry_lognormal_annual_sd_1.2,Q1,0.0,0.0,0.0,0.0,True
72,INFERENCE_ONLY8,3,1024,correct,Q2,0.0,0.0,0.0,0.0,True
72,INFERENCE_ONLY8,3,1024,hemlock_extra_hazard_0.12,Q2,0.0,0.0,0.0,0.0,True
72,INFERENCE_ONLY8,3,1024,entry_lognormal_annual_sd_1.2,Q2,0.0,0.0,0.0,0.0,True
72,INFERENCE_ONLY8,4,1024,correct,Q1,0.0,0.0,0.0,0.0,True
72,INFERENCE_ONLY8,4,1024,hemlock_extra_hazard_0.12,Q1,0.0,0.0,0.0,0.0,True
72,INFERENCE_ONLY8,4,1024,entry_lognormal_annual_sd_1.2,Q1,0.0,0.0,0.0,0.0,True
72,INFERENCE_ONLY8,4,1024,correct,Q2,0.0,0.0,0.0,0.0,True
72,INFERENCE_ONLY8,4,1024,hemlock_extra_hazard_0.12,Q2,0.0,0.0,0.0,0.0,True
72,INFERENCE_ONLY8,4,1024,entry_lognormal_annual_sd_1.2,Q2,0.0,0.0,0.0,0.0,True
72,FUTURE_ONLY8,5,1024,correct,Q1,0.0,0.0,0.0,0.0,True
72,FUTURE_ONLY8,5,1024,hemlock_extra_hazard_0.12,Q1,0.0,0.0,0.0,0.0,True
72,FUTURE_ONLY8,5,1024,entry_lognormal_annual_sd_1.2,Q1,0.0,0.0,0.0,0.0,True
72,FUTURE_ONLY8,5,1024,correct,Q2,0.0,0.0,0.0,0.0,True
72,FUTURE_ONLY8,5,1024,hemlock_extra_hazard_0.12,Q2,0.0,0.0,0.0,0.0,True
72,FUTURE_ONLY8,5,1024,entry_lognormal_annual_sd_1.2,Q2,0.0,0.0,0.0,0.0,True
72,FUTURE_ONLY8,6,1024,correct,Q1,0.0,0.0,0.0,0.0,True
72,FUTURE_ONLY8,6,1024,hemlock_extra_hazard_0.12,Q1,0.0,0.0,0.0,0.0,True
72,FUTURE_ONLY8,6,1024,entry_lognormal_annual_sd_1.2,Q1,0.0,0.0,0.0,0.0,True
72,FUTURE_ONLY8,6,1024,correct,Q2,0.0,0.0,0.0,0.0,True
72,FUTURE_ONLY8,6,1024,hemlock_extra_hazard_0.12,Q2,0.0,0.0,0.0,0.0,True
72,FUTURE_ONLY8,6,1024,entry_lognormal_annual_sd_1.2,Q2,0.0,0.0,0.0,0.0,True
73,BASELINE32,0,256,correct,Q1,0.0,0.0,0.0,0.0,True
73,BASELINE32,0,256,hemlock_extra_hazard_0.12,Q1,0.0,0.0,0.0,0.0,True
73,BASELINE32,0,256,entry_lognormal_annual_sd_1.2,Q1,0.0,0.0,0.0,0.0,True
73,PREFIX8,0,256,correct,Q1,0.0,0.0,0.0,0.0,True
73,PREFIX8,0,256,hemlock_extra_hazard_0.12,Q1,0.0,0.0,0.0,0.0,True
73,PREFIX8,0,256,entry_lognormal_annual_sd_1.2,Q1,0.0,0.0,0.0,0.0,True
73,BASELINE32,0,256,correct,Q2,0.0,0.0,0.0,0.0,True
73,BASELINE32,0,256,hemlock_extra_hazard_0.12,Q2,0.0,0.0,0.0,0.0,True
73,BASELINE32,0,256,entry_lognormal_annual_sd_1.2,Q2,0.0,0.0,0.0,0.0,True
73,PREFIX8,0,256,correct,Q2,0.0,0.0,0.0,0.0,True
73,PREFIX8,0,256,hemlock_extra_hazard_0.12,Q2,0.0,0.0,0.0,0.0,True
73,PREFIX8,0,256,entry_lognormal_annual_sd_1.2,Q2,0.0,0.0,0.0,0.0,True
73,PREFIX8,0,1024,correct,Q1,0.0,0.0,0.0,0.0,True
73,PREFIX8,0,1024,hemlock_extra_hazard_0.12,Q1,0.0,0.0,0.0,0.0,True
73,PREFIX8,0,1024,entry_lognormal_annual_sd_1.2,Q1,0.0,0.0,0.0,0.0,True
73,PREFIX8,0,1024,correct,Q2,0.0,0.0,0.0,0.0,True
73,PREFIX8,0,1024,hemlock_extra_hazard_0.12,Q2,0.0,0.0,0.0,0.0,True
73,PREFIX8,0,1024,entry_lognormal_annual_sd_1.2,Q2,0.0,0.0,0.0,0.0,True
73,PREFIX8,0,4096,correct,Q1,0.0,0.0,0.0,0.0,True
73,PREFIX8,0,4096,hemlock_extra_hazard_0.12,Q1,0.0,0.0,0.0,0.0,True
73,PREFIX8,0,4096,entry_lognormal_annual_sd_1.2,Q1,0.0,0.0,0.0,0.0,True
73,PREFIX8,0,4096,correct,Q2,0.0,0.0,0.0,0.0,True
73,PREFIX8,0,4096,hemlock_extra_hazard_0.12,Q2,0.0,0.0,0.0,0.0,True
73,PREFIX8,0,4096,entry_lognormal_annual_sd_1.2,Q2,0.0,0.0,0.0,0.0,True
74,BASELINE32,0,256,correct,Q1,0.0,0.0,0.0,0.0,True
74,BASELINE32,0,256,hemlock_extra_hazard_0.12,Q1,0.0,0.0,0.0,0.0,True
74,BASELINE32,0,256,entry_lognormal_annual_sd_1.2,Q1,0.0,0.0,0.0,0.0,True
74,PREFIX8,0,256,correct,Q1,0.0,0.0,0.0,0.0,True
74,PREFIX8,0,256,hemlock_extra_hazard_0.12,Q1,0.0,0.0,0.0,0.0,True
74,PREFIX8,0,256,entry_lognormal_annual_sd_1.2,Q1,0.0,0.0,0.0,0.0,True
74,BASELINE32,0,256,correct,Q2,0.0,0.0,0.0,0.0,True
74,BASELINE32,0,256,hemlock_extra_hazard_0.12,Q2,0.0,0.0,0.0,0.0,True
74,BASELINE32,0,256,entry_lognormal_annual_sd_1.2,Q2,0.0,0.0,0.0,0.0,True
74,PREFIX8,0,256,correct,Q2,0.0,0.0,0.0,0.0,True
74,PREFIX8,0,256,hemlock_extra_hazard_0.12,Q2,0.0,0.0,0.0,0.0,True
74,PREFIX8,0,256,entry_lognormal_annual_sd_1.2,Q2,0.0,0.0,0.0,0.0,True
74,PREFIX8,0,1024,correct,Q1,0.0,0.0,0.0,0.0,True
74,PREFIX8,0,1024,hemlock_extra_hazard_0.12,Q1,0.0,0.0,0.0,0.0,True
74,PREFIX8,0,1024,entry_lognormal_annual_sd_1.2,Q1,0.0,0.0,0.0,0.0,True
74,PREFIX8,0,1024,correct,Q2,0.0,0.0,0.0,0.0,True
74,PREFIX8,0,1024,hemlock_extra_hazard_0.12,Q2,0.0,0.0,0.0,0.0,True
74,PREFIX8,0,1024,entry_lognormal_annual_sd_1.2,Q2,0.0,0.0,0.0,0.0,True
74,PREFIX8,0,4096,correct,Q1,0.0,0.0,0.0,0.0,True
74,PREFIX8,0,4096,hemlock_extra_hazard_0.12,Q1,0.0,0.0,0.0,0.0,True
74,PREFIX8,0,4096,entry_lognormal_annual_sd_1.2,Q1,0.0,0.0,0.0,0.0,True
74,PREFIX8,0,4096,correct,Q2,0.0,0.0,0.0,0.0,True
74,PREFIX8,0,4096,hemlock_extra_hazard_0.12,Q2,0.0,0.0,0.0,0.0,True
74,PREFIX8,0,4096,entry_lognormal_annual_sd_1.2,Q2,0.0,0.0,0.0,0.0,True
75,BASELINE32,0,256,correct,Q1,0.0,0.0,0.0,0.0,True
75,BASELINE32,0,256,hemlock_extra_hazard_0.12,Q1,0.0,0.0,0.0,0.0,True
75,BASELINE32,0,256,entry_lognormal_annual_sd_1.2,Q1,0.0,0.0,0.0,0.0,True
75,PREFIX8,0,256,correct,Q1,0.0,0.0,0.0,0.0,True
75,PREFIX8,0,256,hemlock_extra_hazard_0.12,Q1,0.0,0.0,0.0,0.0,True
75,PREFIX8,0,256,entry_lognormal_annual_sd_1.2,Q1,0.0,0.0,0.0,0.0,True
75,BASELINE32,0,256,correct,Q2,0.0,0.0,0.0,0.0,True
75,BASELINE32,0,256,hemlock_extra_hazard_0.12,Q2,0.0,0.0,0.0,0.0,True
75,BASELINE32,0,256,entry_lognormal_annual_sd_1.2,Q2,0.0,0.0,0.0,0.0,True
75,PREFIX8,0,256,correct,Q2,0.0,0.0,0.0,0.0,True
75,PREFIX8,0,256,hemlock_extra_hazard_0.12,Q2,0.0,0.0,0.0,0.0,True
75,PREFIX8,0,256,entry_lognormal_annual_sd_1.2,Q2,0.0,0.0,0.0,0.0,True
75,PREFIX8,0,1024,correct,Q1,0.0,0.0,0.0,0.0,True
75,PREFIX8,0,1024,hemlock_extra_hazard_0.12,Q1,0.0,0.0,0.0,0.0,True
75,PREFIX8,0,1024,entry_lognormal_annual_sd_1.2,Q1,0.0,0.0,0.0,0.0,True
75,PREFIX8,0,1024,correct,Q2,0.0,0.0,0.0,0.0,True
75,PREFIX8,0,1024,hemlock_extra_hazard_0.12,Q2,0.0,0.0,0.0,0.0,True
75,PREFIX8,0,1024,entry_lognormal_annual_sd_1.2,Q2,0.0,0.0,0.0,0.0,True
75,PREFIX8,0,4096,correct,Q1,0.0,0.0,0.0,0.0,True
75,PREFIX8,0,4096,hemlock_extra_hazard_0.12,Q1,0.0,0.0,0.0,0.0,True
75,PREFIX8,0,4096,entry_lognormal_annual_sd_1.2,Q1,0.0,0.0,0.0,0.0,True
75,PREFIX8,0,4096,correct,Q2,0.0,0.0,0.0,0.0,True
75,PREFIX8,0,4096,hemlock_extra_hazard_0.12,Q2,0.0,0.0,0.0,0.0,True
75,PREFIX8,0,4096,entry_lognormal_annual_sd_1.2,Q2,0.0,0.0,0.0,0.0,True
76,BASELINE32,0,256,correct,Q1,0.0,0.0,0.0,0.0,True
76,BASELINE32,0,256,hemlock_extra_hazard_0.12,Q1,0.0,0.0,0.0,0.0,True
76,BASELINE32,0,256,entry_lognormal_annual_sd_1.2,Q1,0.0,0.0,0.0,0.0,True
76,PREFIX8,0,256,correct,Q1,0.0,0.0,0.0,0.0,True
76,PREFIX8,0,256,hemlock_extra_hazard_0.12,Q1,0.0,0.0,0.0,0.0,True
76,PREFIX8,0,256,entry_lognormal_annual_sd_1.2,Q1,0.0,0.0,0.0,0.0,True
76,BASELINE32,0,256,correct,Q2,0.0,0.0,0.0,0.0,True
76,BASELINE32,0,256,hemlock_extra_hazard_0.12,Q2,0.0,0.0,0.0,0.0,True
76,BASELINE32,0,256,entry_lognormal_annual_sd_1.2,Q2,0.0,0.0,0.0,0.0,True
76,PREFIX8,0,256,correct,Q2,0.0,0.0,0.0,0.0,True
76,PREFIX8,0,256,hemlock_extra_hazard_0.12,Q2,0.0,0.0,0.0,0.0,True
76,PREFIX8,0,256,entry_lognormal_annual_sd_1.2,Q2,0.0,0.0,0.0,0.0,True
76,PREFIX8,0,1024,correct,Q1,0.0,0.0,0.0,0.0,True
76,PREFIX8,0,1024,hemlock_extra_hazard_0.12,Q1,0.0,0.0,0.0,0.0,True
76,PREFIX8,0,1024,entry_lognormal_annual_sd_1.2,Q1,0.0,0.0,0.0,0.0,True
76,PREFIX8,0,1024,correct,Q2,0.0,0.0,0.0,0.0,True
76,PREFIX8,0,1024,hemlock_extra_hazard_0.12,Q2,0.0,0.0,0.0,0.0,True
76,PREFIX8,0,1024,entry_lognormal_annual_sd_1.2,Q2,0.0,0.0,0.0,0.0,True
76,PREFIX8,0,4096,correct,Q1,0.0,0.0,0.0,0.0,True
76,PREFIX8,0,4096,hemlock_extra_hazard_0.12,Q1,0.0,0.0,0.0,0.0,True
76,PREFIX8,0,4096,entry_lognormal_annual_sd_1.2,Q1,0.0,0.0,0.0,0.0,True
76,PREFIX8,0,4096,correct,Q2,0.0,0.0,0.0,0.0,True
76,PREFIX8,0,4096,hemlock_extra_hazard_0.12,Q2,0.0,0.0,0.0,0.0,True
76,PREFIX8,0,4096,entry_lognormal_annual_sd_1.2,Q2,0.0,0.0,0.0,0.0,True
77,BASELINE32,0,256,correct,Q1,0.0,0.0,0.0,0.0,True
77,BASELINE32,0,256,hemlock_extra_hazard_0.12,Q1,0.0,0.0,0.0,0.0,True
77,BASELINE32,0,256,entry_lognormal_annual_sd_1.2,Q1,0.0,0.0,0.0,0.0,True
77,PREFIX8,0,256,correct,Q1,0.0,0.0,0.0,0.0,True
77,PREFIX8,0,256,hemlock_extra_hazard_0.12,Q1,0.0,0.0,0.0,0.0,True
77,PREFIX8,0,256,entry_lognormal_annual_sd_1.2,Q1,0.0,0.0,0.0,0.0,True
77,BASELINE32,0,256,correct,Q2,0.0,0.0,0.0,0.0,True
77,BASELINE32,0,256,hemlock_extra_hazard_0.12,Q2,0.0,0.0,0.0,0.0,True
77,BASELINE32,0,256,entry_lognormal_annual_sd_1.2,Q2,0.0,0.0,0.0,0.0,True
77,PREFIX8,0,256,correct,Q2,0.0,0.0,0.0,0.0,True
77,PREFIX8,0,256,hemlock_extra_hazard_0.12,Q2,0.0,0.0,0.0,0.0,True
77,PREFIX8,0,256,entry_lognormal_annual_sd_1.2,Q2,0.0,0.0,0.0,0.0,True
77,PREFIX8,0,1024,correct,Q1,0.0,0.0,0.0,0.0,True
77,PREFIX8,0,1024,hemlock_extra_hazard_0.12,Q1,0.0,0.0,0.0,0.0,True
77,PREFIX8,0,1024,entry_lognormal_annual_sd_1.2,Q1,0.0,0.0,0.0,0.0,True
77,PREFIX8,0,1024,correct,Q2,0.0,0.0,0.0,0.0,True
77,PREFIX8,0,1024,hemlock_extra_hazard_0.12,Q2,0.0,0.0,0.0,0.0,True
77,PREFIX8,0,1024,entry_lognormal_annual_sd_1.2,Q2,0.0,0.0,0.0,0.0,True
77,PREFIX8,0,4096,correct,Q1,0.0,0.0,0.0,0.0,True
77,PREFIX8,0,4096,hemlock_extra_hazard_0.12,Q1,0.0,0.0,0.0,0.0,True
77,PREFIX8,0,4096,entry_lognormal_annual_sd_1.2,Q1,0.0,0.0,0.0,0.0,True
77,PREFIX8,0,4096,correct,Q2,0.0,0.0,0.0,0.0,True
77,PREFIX8,0,4096,hemlock_extra_hazard_0.12,Q2,0.0,0.0,0.0,0.0,True
77,PREFIX8,0,4096,entry_lognormal_annual_sd_1.2,Q2,0.0,0.0,0.0,0.0,True
78,BASELINE32,0,256,correct,Q1,0.0,0.0,0.0,0.0,True
78,BASELINE32,0,256,hemlock_extra_hazard_0.12,Q1,0.0,0.0,0.0,0.0,True
78,BASELINE32,0,256,entry_lognormal_annual_sd_1.2,Q1,0.0,0.0,0.0,0.0,True
78,PREFIX8,0,256,correct,Q1,0.0,0.0,0.0,0.0,True
78,PREFIX8,0,256,hemlock_extra_hazard_0.12,Q1,0.0,0.0,0.0,0.0,True
78,PREFIX8,0,256,entry_lognormal_annual_sd_1.2,Q1,0.0,0.0,0.0,0.0,True
78,BASELINE32,0,256,correct,Q2,0.0,0.0,0.0,0.0,True
78,BASELINE32,0,256,hemlock_extra_hazard_0.12,Q2,0.0,0.0,0.0,0.0,True
78,BASELINE32,0,256,entry_lognormal_annual_sd_1.2,Q2,0.0,0.0,0.0,0.0,True
78,PREFIX8,0,256,correct,Q2,0.0,0.0,0.0,0.0,True
78,PREFIX8,0,256,hemlock_extra_hazard_0.12,Q2,0.0,0.0,0.0,0.0,True
78,PREFIX8,0,256,entry_lognormal_annual_sd_1.2,Q2,0.0,0.0,0.0,0.0,True
78,PREFIX8,0,1024,correct,Q1,0.0,0.0,0.0,0.0,True
78,PREFIX8,0,1024,hemlock_extra_hazard_0.12,Q1,0.0,0.0,0.0,0.0,True
78,PREFIX8,0,1024,entry_lognormal_annual_sd_1.2,Q1,0.0,0.0,0.0,0.0,True
78,PREFIX8,0,1024,correct,Q2,0.0,0.0,0.0,0.0,True
78,PREFIX8,0,1024,hemlock_extra_hazard_0.12,Q2,0.0,0.0,0.0,0.0,True
78,PREFIX8,0,1024,entry_lognormal_annual_sd_1.2,Q2,0.0,0.0,0.0,0.0,True
78,PREFIX8,0,4096,correct,Q1,0.0,0.0,0.0,0.0,True
78,PREFIX8,0,4096,hemlock_extra_hazard_0.12,Q1,0.0,0.0,0.0,0.0,True
78,PREFIX8,0,4096,entry_lognormal_annual_sd_1.2,Q1,0.0,0.0,0.0,0.0,True
78,PREFIX8,0,4096,correct,Q2,0.0,0.0,0.0,0.0,True
78,PREFIX8,0,4096,hemlock_extra_hazard_0.12,Q2,0.0,0.0,0.0,0.0,True
78,PREFIX8,0,4096,entry_lognormal_annual_sd_1.2,Q2,0.0,0.0,0.0,0.0,True
79,BASELINE32,0,256,correct,Q1,0.0,0.0,0.0,0.0,True
79,BASELINE32,0,256,hemlock_extra_hazard_0.12,Q1,0.0,0.0,0.0,0.0,True
79,BASELINE32,0,256,entry_lognormal_annual_sd_1.2,Q1,0.0,0.0,0.0,0.0,True
79,PREFIX8,0,256,correct,Q1,0.0,0.0,0.0,0.0,True
79,PREFIX8,0,256,hemlock_extra_hazard_0.12,Q1,0.0,0.0,0.0,0.0,True
79,PREFIX8,0,256,entry_lognormal_annual_sd_1.2,Q1,0.0,0.0,0.0,0.0,True
79,BASELINE32,0,256,correct,Q2,0.0,0.0,0.0,0.0,True
79,BASELINE32,0,256,hemlock_extra_hazard_0.12,Q2,0.0,0.0,0.0,0.0,True
79,BASELINE32,0,256,entry_lognormal_annual_sd_1.2,Q2,0.0,0.0,0.0,0.0,True
79,PREFIX8,0,256,correct,Q2,0.0,0.0,0.0,0.0,True
79,PREFIX8,0,256,hemlock_extra_hazard_0.12,Q2,0.0,0.0,0.0,0.0,True
79,PREFIX8,0,256,entry_lognormal_annual_sd_1.2,Q2,0.0,0.0,0.0,0.0,True
79,PREFIX8,0,1024,correct,Q1,0.0,0.0,0.0,0.0,True
79,PREFIX8,0,1024,hemlock_extra_hazard_0.12,Q1,0.0,0.0,0.0,0.0,True
79,PREFIX8,0,1024,entry_lognormal_annual_sd_1.2,Q1,0.0,0.0,0.0,0.0,True
79,PREFIX8,0,1024,correct,Q2,0.0,0.0,0.0,0.0,True
79,PREFIX8,0,1024,hemlock_extra_hazard_0.12,Q2,0.0,0.0,0.0,0.0,True
79,PREFIX8,0,1024,entry_lognormal_annual_sd_1.2,Q2,0.0,0.0,0.0,0.0,True
79,PREFIX8,0,4096,correct,Q1,0.0,0.0,0.0,0.0,True
79,PREFIX8,0,4096,hemlock_extra_hazard_0.12,Q1,0.0,0.0,0.0,0.0,True
79,PREFIX8,0,4096,entry_lognormal_annual_sd_1.2,Q1,0.0,0.0,0.0,0.0,True
79,PREFIX8,0,4096,correct,Q2,0.0,0.0,0.0,0.0,True
79,PREFIX8,0,4096,hemlock_extra_hazard_0.12,Q2,0.0,0.0,0.0,0.0,True
79,PREFIX8,0,4096,entry_lognormal_annual_sd_1.2,Q2,0.0,0.0,0.0,0.0,True
80,BASELINE32,0,256,correct,Q1,0.0,0.0,0.0,0.0,True
80,BASELINE32,0,256,hemlock_extra_hazard_0.12,Q1,0.0,0.0,0.0,0.0,True
80,BASELINE32,0,256,entry_lognormal_annual_sd_1.2,Q1,0.0,0.0,0.0,0.0,True
80,PREFIX8,0,256,correct,Q1,0.0,0.0,0.0,0.0,True
80,PREFIX8,0,256,hemlock_extra_hazard_0.12,Q1,0.0,0.0,0.0,0.0,True
80,PREFIX8,0,256,entry_lognormal_annual_sd_1.2,Q1,0.0,0.0,0.0,0.0,True
80,BASELINE32,0,256,correct,Q2,0.0,0.0,0.0,0.0,True
80,BASELINE32,0,256,hemlock_extra_hazard_0.12,Q2,0.0,0.0,0.0,0.0,True
80,BASELINE32,0,256,entry_lognormal_annual_sd_1.2,Q2,0.0,0.0,0.0,0.0,True
80,PREFIX8,0,256,correct,Q2,0.0,0.0,0.0,0.0,True
80,PREFIX8,0,256,hemlock_extra_hazard_0.12,Q2,0.0,0.0,0.0,0.0,True
80,PREFIX8,0,256,entry_lognormal_annual_sd_1.2,Q2,0.0,0.0,0.0,0.0,True
80,PREFIX8,0,1024,correct,Q1,0.0,0.0,0.0,0.0,True
80,PREFIX8,0,1024,hemlock_extra_hazard_0.12,Q1,0.0,0.0,0.0,0.0,True
80,PREFIX8,0,1024,entry_lognormal_annual_sd_1.2,Q1,0.0,0.0,0.0,0.0,True
80,PREFIX8,0,1024,correct,Q2,0.0,0.0,0.0,0.0,True
80,PREFIX8,0,1024,hemlock_extra_hazard_0.12,Q2,0.0,0.0,0.0,0.0,True
80,PREFIX8,0,1024,entry_lognormal_annual_sd_1.2,Q2,0.0,0.0,0.0,0.0,True
80,PREFIX8,0,4096,correct,Q1,0.0,0.0,0.0,0.0,True
80,PREFIX8,0,4096,hemlock_extra_hazard_0.12,Q1,0.0,0.0,0.0,0.0,True
80,PREFIX8,0,4096,entry_lognormal_annual_sd_1.2,Q1,0.0,0.0,0.0,0.0,True
80,PREFIX8,0,4096,correct,Q2,0.0,0.0,0.0,0.0,True
80,PREFIX8,0,4096,hemlock_extra_hazard_0.12,Q2,0.0,0.0,0.0,0.0,True
80,PREFIX8,0,4096,entry_lognormal_annual_sd_1.2,Q2,0.0,0.0,0.0,0.0,True
80,OBSERVATION_ONLY8,1,1024,correct,Q1,0.0,0.0,0.0,0.0,True
80,OBSERVATION_ONLY8,1,1024,hemlock_extra_hazard_0.12,Q1,0.0,0.0,0.0,0.0,True
80,OBSERVATION_ONLY8,1,1024,entry_lognormal_annual_sd_1.2,Q1,0.0,0.0,0.0,0.0,True
80,OBSERVATION_ONLY8,1,1024,correct,Q2,0.0,0.0,0.0,0.0,True
80,OBSERVATION_ONLY8,1,1024,hemlock_extra_hazard_0.12,Q2,0.0,0.0,0.0,0.0,True
80,OBSERVATION_ONLY8,1,1024,entry_lognormal_annual_sd_1.2,Q2,0.0,0.0,0.0,0.0,True
80,OBSERVATION_ONLY8,2,1024,correct,Q1,0.0,0.0,0.0,0.0,True
80,OBSERVATION_ONLY8,2,1024,hemlock_extra_hazard_0.12,Q1,0.0,0.0,0.0,0.0,True
80,OBSERVATION_ONLY8,2,1024,entry_lognormal_annual_sd_1.2,Q1,0.0,0.0,0.0,0.0,True
80,OBSERVATION_ONLY8,2,1024,correct,Q2,0.0,0.0,0.0,0.0,True
80,OBSERVATION_ONLY8,2,1024,hemlock_extra_hazard_0.12,Q2,0.0,0.0,0.0,0.0,True
80,OBSERVATION_ONLY8,2,1024,entry_lognormal_annual_sd_1.2,Q2,0.0,0.0,0.0,0.0,True
80,INFERENCE_ONLY8,3,1024,correct,Q1,0.0,0.0,0.0,0.0,True
80,INFERENCE_ONLY8,3,1024,hemlock_extra_hazard_0.12,Q1,0.0,0.0,0.0,0.0,True
80,INFERENCE_ONLY8,3,1024,entry_lognormal_annual_sd_1.2,Q1,0.0,0.0,0.0,0.0,True
80,INFERENCE_ONLY8,3,1024,correct,Q2,0.0,0.0,0.0,0.0,True
80,INFERENCE_ONLY8,3,1024,hemlock_extra_hazard_0.12,Q2,0.0,0.0,0.0,0.0,True
80,INFERENCE_ONLY8,3,1024,entry_lognormal_annual_sd_1.2,Q2,0.0,0.0,0.0,0.0,True
80,INFERENCE_ONLY8,4,1024,correct,Q1,0.0,0.0,0.0,0.0,True
80,INFERENCE_ONLY8,4,1024,hemlock_extra_hazard_0.12,Q1,0.0,0.0,0.0,0.0,True
80,INFERENCE_ONLY8,4,1024,entry_lognormal_annual_sd_1.2,Q1,0.0,0.0,0.0,0.0,True
80,INFERENCE_ONLY8,4,1024,correct,Q2,0.0,0.0,0.0,0.0,True
80,INFERENCE_ONLY8,4,1024,hemlock_extra_hazard_0.12,Q2,0.0,0.0,0.0,0.0,True
80,INFERENCE_ONLY8,4,1024,entry_lognormal_annual_sd_1.2,Q2,0.0,0.0,0.0,0.0,True
80,FUTURE_ONLY8,5,1024,correct,Q1,0.0,0.0,0.0,0.0,True
80,FUTURE_ONLY8,5,1024,hemlock_extra_hazard_0.12,Q1,0.0,0.0,0.0,0.0,True
80,FUTURE_ONLY8,5,1024,entry_lognormal_annual_sd_1.2,Q1,0.0,0.0,0.0,0.0,True
80,FUTURE_ONLY8,5,1024,correct,Q2,0.0,0.0,0.0,0.0,True
80,FUTURE_ONLY8,5,1024,hemlock_extra_hazard_0.12,Q2,0.0,0.0,0.0,0.0,True
80,FUTURE_ONLY8,5,1024,entry_lognormal_annual_sd_1.2,Q2,0.0,0.0,0.0,0.0,True
80,FUTURE_ONLY8,6,1024,correct,Q1,0.0,0.0,0.0,0.0,True
80,FUTURE_ONLY8,6,1024,hemlock_extra_hazard_0.12,Q1,0.0,0.0,0.0,0.0,True
80,FUTURE_ONLY8,6,1024,entry_lognormal_annual_sd_1.2,Q1,0.0,0.0,0.0,0.0,True
80,FUTURE_ONLY8,6,1024,correct,Q2,0.0,0.0,0.0,0.0,True
80,FUTURE_ONLY8,6,1024,hemlock_extra_hazard_0.12,Q2,0.0,0.0,0.0,0.0,True
80,FUTURE_ONLY8,6,1024,entry_lognormal_annual_sd_1.2,Q2,0.0,0.0,0.0,0.0,True
