world,query,condition,suite,mass_delta_256_4096,decision_changed_256_4096,MC_status_256,MC_status_4096,reference_unresolved,fixed_draw_units
0,Q1,E00,correct,0.0,False,TRUE,TRUE,False,8
0,Q1,E00,hemlock_extra_hazard_0.12,0.0,False,TRUE,TRUE,False,8
0,Q1,E00,entry_lognormal_annual_sd_1.2,0.0,False,TRUE,TRUE,False,8
0,Q1,E10,correct,-0.00189208984375,False,FALSE,FALSE,False,8
0,Q1,E10,hemlock_extra_hazard_0.12,-0.00189208984375,False,FALSE,FALSE,False,8
0,Q1,E10,entry_lognormal_annual_sd_1.2,-0.00189208984375,False,FALSE,FALSE,False,8
0,Q1,E01,correct,0.0,False,TRUE,TRUE,False,8
0,Q1,E01,hemlock_extra_hazard_0.12,0.0,False,TRUE,TRUE,False,8
0,Q1,E01,entry_lognormal_annual_sd_1.2,0.0,False,TRUE,TRUE,False,8
0,Q1,E11,correct,0.00238037109375,False,FALSE,FALSE,False,8
0,Q1,E11,hemlock_extra_hazard_0.12,0.00238037109375,False,FALSE,FALSE,False,8
0,Q1,E11,entry_lognormal_annual_sd_1.2,0.00238037109375,False,FALSE,FALSE,False,8
0,Q2,E00,correct,0.0,False,TRUE,TRUE,False,8
0,Q2,E00,hemlock_extra_hazard_0.12,0.0,False,TRUE,TRUE,False,8
0,Q2,E00,entry_lognormal_annual_sd_1.2,0.0,False,TRUE,TRUE,False,8
0,Q2,E10,correct,-0.00189208984375,False,FALSE,FALSE,False,8
0,Q2,E10,hemlock_extra_hazard_0.12,-0.00189208984375,False,FALSE,FALSE,False,8
0,Q2,E10,entry_lognormal_annual_sd_1.2,-0.00189208984375,False,FALSE,FALSE,False,8
0,Q2,E01,correct,0.0,False,TRUE,TRUE,False,8
0,Q2,E01,hemlock_extra_hazard_0.12,0.0,False,TRUE,TRUE,False,8
0,Q2,E01,entry_lognormal_annual_sd_1.2,0.0,False,TRUE,TRUE,False,8
0,Q2,E11,correct,0.00238037109375,False,FALSE,FALSE,False,8
0,Q2,E11,hemlock_extra_hazard_0.12,0.00238037109375,False,FALSE,FALSE,False,8
0,Q2,E11,entry_lognormal_annual_sd_1.2,0.00238037109375,False,FALSE,FALSE,False,8
1,Q1,E00,correct,-0.00018310546875,False,MC_UNRESOLVED,MC_UNRESOLVED,False,8
1,Q1,E00,hemlock_extra_hazard_0.12,-0.00018310546875,False,MC_UNRESOLVED,MC_UNRESOLVED,False,8
1,Q1,E00,entry_lognormal_annual_sd_1.2,-0.00018310546875,False,MC_UNRESOLVED,MC_UNRESOLVED,False,8
1,Q1,E10,correct,-0.01788330078125,False,FALSE,FALSE,False,8
1,Q1,E10,hemlock_extra_hazard_0.12,-0.01788330078125,False,FALSE,FALSE,False,8
1,Q1,E10,entry_lognormal_annual_sd_1.2,-0.01788330078125,False,FALSE,FALSE,False,8
1,Q1,E01,correct,0.0,False,MC_UNRESOLVED,MC_UNRESOLVED,False,8
1,Q1,E01,hemlock_extra_hazard_0.12,0.0,False,MC_UNRESOLVED,MC_UNRESOLVED,False,8
1,Q1,E01,entry_lognormal_annual_sd_1.2,0.0,False,MC_UNRESOLVED,MC_UNRESOLVED,False,8
1,Q1,E11,correct,-0.001373291015625,False,FALSE,FALSE,False,8
1,Q1,E11,hemlock_extra_hazard_0.12,-0.001373291015625,False,FALSE,FALSE,False,8
1,Q1,E11,entry_lognormal_annual_sd_1.2,-0.001373291015625,False,FALSE,FALSE,False,8
1,Q2,E00,correct,-0.00018310546875,False,MC_UNRESOLVED,MC_UNRESOLVED,False,8
1,Q2,E00,hemlock_extra_hazard_0.12,-0.00018310546875,False,MC_UNRESOLVED,MC_UNRESOLVED,False,8
1,Q2,E00,entry_lognormal_annual_sd_1.2,-0.00018310546875,False,MC_UNRESOLVED,MC_UNRESOLVED,False,8
1,Q2,E10,correct,-0.01788330078125,False,FALSE,FALSE,False,8
1,Q2,E10,hemlock_extra_hazard_0.12,-0.01788330078125,False,FALSE,FALSE,False,8
1,Q2,E10,entry_lognormal_annual_sd_1.2,-0.01788330078125,False,FALSE,FALSE,False,8
1,Q2,E01,correct,0.0,False,MC_UNRESOLVED,MC_UNRESOLVED,False,8
1,Q2,E01,hemlock_extra_hazard_0.12,0.0,False,MC_UNRESOLVED,MC_UNRESOLVED,False,8
1,Q2,E01,entry_lognormal_annual_sd_1.2,0.0,False,MC_UNRESOLVED,MC_UNRESOLVED,False,8
1,Q2,E11,correct,-0.001373291015625,False,FALSE,FALSE,False,8
1,Q2,E11,hemlock_extra_hazard_0.12,-0.001373291015625,False,FALSE,FALSE,False,8
1,Q2,E11,entry_lognormal_annual_sd_1.2,-0.001373291015625,False,FALSE,FALSE,False,8
2,Q1,E00,correct,0.0,False,TRUE,TRUE,False,8
2,Q1,E00,hemlock_extra_hazard_0.12,0.0,False,TRUE,TRUE,False,8
2,Q1,E00,entry_lognormal_annual_sd_1.2,0.0,False,TRUE,TRUE,False,8
2,Q1,E10,correct,0.003997802734375,False,FALSE,FALSE,False,8
2,Q1,E10,hemlock_extra_hazard_0.12,0.003997802734375,False,FALSE,FALSE,False,8
2,Q1,E10,entry_lognormal_annual_sd_1.2,0.003997802734375,False,FALSE,FALSE,False,8
2,Q1,E01,correct,0.0,False,TRUE,TRUE,False,8
2,Q1,E01,hemlock_extra_hazard_0.12,0.0,False,TRUE,TRUE,False,8
2,Q1,E01,entry_lognormal_annual_sd_1.2,0.0,False,TRUE,TRUE,False,8
2,Q1,E11,correct,-0.00140380859375,False,FALSE,FALSE,False,8
2,Q1,E11,hemlock_extra_hazard_0.12,-0.00140380859375,False,FALSE,FALSE,False,8
2,Q1,E11,entry_lognormal_annual_sd_1.2,-0.00140380859375,False,FALSE,FALSE,False,8
2,Q2,E00,correct,0.0,False,TRUE,TRUE,False,8
2,Q2,E00,hemlock_extra_hazard_0.12,0.0,False,TRUE,TRUE,False,8
2,Q2,E00,entry_lognormal_annual_sd_1.2,0.0,False,TRUE,TRUE,False,8
2,Q2,E10,correct,0.003997802734375,False,FALSE,FALSE,False,8
2,Q2,E10,hemlock_extra_hazard_0.12,0.003997802734375,False,FALSE,FALSE,False,8
2,Q2,E10,entry_lognormal_annual_sd_1.2,0.003997802734375,False,FALSE,FALSE,False,8
2,Q2,E01,correct,0.0,False,TRUE,TRUE,False,8
2,Q2,E01,hemlock_extra_hazard_0.12,0.0,False,TRUE,TRUE,False,8
2,Q2,E01,entry_lognormal_annual_sd_1.2,0.0,False,TRUE,TRUE,False,8
2,Q2,E11,correct,-0.00140380859375,False,FALSE,FALSE,False,8
2,Q2,E11,hemlock_extra_hazard_0.12,-0.00140380859375,False,FALSE,FALSE,False,8
2,Q2,E11,entry_lognormal_annual_sd_1.2,-0.00140380859375,False,FALSE,FALSE,False,8
3,Q1,E00,correct,0.0,False,TRUE,TRUE,False,8
3,Q1,E00,hemlock_extra_hazard_0.12,0.0,False,TRUE,TRUE,False,8
3,Q1,E00,entry_lognormal_annual_sd_1.2,0.0,False,TRUE,TRUE,False,8
3,Q1,E10,correct,-0.010101318359375,False,FALSE,FALSE,False,8
3,Q1,E10,hemlock_extra_hazard_0.12,-0.010101318359375,False,FALSE,FALSE,False,8
3,Q1,E10,entry_lognormal_annual_sd_1.2,-0.010101318359375,False,FALSE,FALSE,False,8
3,Q1,E01,correct,0.0,False,TRUE,TRUE,False,8
3,Q1,E01,hemlock_extra_hazard_0.12,0.0,False,TRUE,TRUE,False,8
3,Q1,E01,entry_lognormal_annual_sd_1.2,0.0,False,TRUE,TRUE,False,8
3,Q1,E11,correct,0.00555419921875,False,FALSE,FALSE,False,8
3,Q1,E11,hemlock_extra_hazard_0.12,0.00555419921875,False,FALSE,FALSE,False,8
3,Q1,E11,entry_lognormal_annual_sd_1.2,0.00555419921875,False,FALSE,FALSE,False,8
3,Q2,E00,correct,0.0,False,TRUE,TRUE,False,8
3,Q2,E00,hemlock_extra_hazard_0.12,0.0,False,TRUE,TRUE,False,8
3,Q2,E00,entry_lognormal_annual_sd_1.2,0.0,False,TRUE,TRUE,False,8
3,Q2,E10,correct,-0.010101318359375,False,FALSE,FALSE,False,8
3,Q2,E10,hemlock_extra_hazard_0.12,-0.010101318359375,False,FALSE,FALSE,False,8
3,Q2,E10,entry_lognormal_annual_sd_1.2,-0.010101318359375,False,FALSE,FALSE,False,8
3,Q2,E01,correct,0.0,False,TRUE,TRUE,False,8
3,Q2,E01,hemlock_extra_hazard_0.12,0.0,False,TRUE,TRUE,False,8
3,Q2,E01,entry_lognormal_annual_sd_1.2,0.0,False,TRUE,TRUE,False,8
3,Q2,E11,correct,0.00555419921875,False,FALSE,FALSE,False,8
3,Q2,E11,hemlock_extra_hazard_0.12,0.00555419921875,False,FALSE,FALSE,False,8
3,Q2,E11,entry_lognormal_annual_sd_1.2,0.00555419921875,False,FALSE,FALSE,False,8
4,Q1,E00,correct,0.0,False,TRUE,TRUE,False,8
4,Q1,E00,hemlock_extra_hazard_0.12,0.0,False,TRUE,TRUE,False,8
4,Q1,E00,entry_lognormal_annual_sd_1.2,0.0,False,TRUE,TRUE,False,8
4,Q1,E10,correct,-0.002044677734375,False,FALSE,FALSE,False,8
4,Q1,E10,hemlock_extra_hazard_0.12,-0.002044677734375,False,FALSE,FALSE,False,8
4,Q1,E10,entry_lognormal_annual_sd_1.2,-0.002044677734375,False,FALSE,FALSE,False,8
4,Q1,E01,correct,0.0,False,TRUE,TRUE,False,8
4,Q1,E01,hemlock_extra_hazard_0.12,0.0,False,TRUE,TRUE,False,8
4,Q1,E01,entry_lognormal_annual_sd_1.2,0.0,False,TRUE,TRUE,False,8
4,Q1,E11,correct,0.005340576171875,False,FALSE,FALSE,False,8
4,Q1,E11,hemlock_extra_hazard_0.12,0.005340576171875,False,FALSE,FALSE,False,8
4,Q1,E11,entry_lognormal_annual_sd_1.2,0.005340576171875,False,FALSE,FALSE,False,8
4,Q2,E00,correct,0.0,False,TRUE,TRUE,False,8
4,Q2,E00,hemlock_extra_hazard_0.12,0.0,False,TRUE,TRUE,False,8
4,Q2,E00,entry_lognormal_annual_sd_1.2,0.0,False,TRUE,TRUE,False,8
4,Q2,E10,correct,-0.002044677734375,False,FALSE,FALSE,False,8
4,Q2,E10,hemlock_extra_hazard_0.12,-0.002044677734375,False,FALSE,FALSE,False,8
4,Q2,E10,entry_lognormal_annual_sd_1.2,-0.002044677734375,False,FALSE,FALSE,False,8
4,Q2,E01,correct,0.0,False,TRUE,TRUE,False,8
4,Q2,E01,hemlock_extra_hazard_0.12,0.0,False,TRUE,TRUE,False,8
4,Q2,E01,entry_lognormal_annual_sd_1.2,0.0,False,TRUE,TRUE,False,8
4,Q2,E11,correct,0.005340576171875,False,FALSE,FALSE,False,8
4,Q2,E11,hemlock_extra_hazard_0.12,0.005340576171875,False,FALSE,FALSE,False,8
4,Q2,E11,entry_lognormal_annual_sd_1.2,0.005340576171875,False,FALSE,FALSE,False,8
5,Q1,E00,correct,0.0,False,TRUE,TRUE,False,8
5,Q1,E00,hemlock_extra_hazard_0.12,0.0,False,TRUE,TRUE,False,8
5,Q1,E00,entry_lognormal_annual_sd_1.2,0.0,False,TRUE,TRUE,False,8
5,Q1,E10,correct,-0.006622314453125,False,FALSE,FALSE,False,8
5,Q1,E10,hemlock_extra_hazard_0.12,-0.006622314453125,False,FALSE,FALSE,False,8
5,Q1,E10,entry_lognormal_annual_sd_1.2,-0.006622314453125,False,FALSE,FALSE,False,8
5,Q1,E01,correct,0.0,False,TRUE,TRUE,False,8
5,Q1,E01,hemlock_extra_hazard_0.12,0.0,False,TRUE,TRUE,False,8
5,Q1,E01,entry_lognormal_annual_sd_1.2,0.0,False,TRUE,TRUE,False,8
5,Q1,E11,correct,-0.000396728515625,False,FALSE,FALSE,False,8
5,Q1,E11,hemlock_extra_hazard_0.12,-0.000396728515625,False,FALSE,FALSE,False,8
5,Q1,E11,entry_lognormal_annual_sd_1.2,-0.000396728515625,False,FALSE,FALSE,False,8
5,Q2,E00,correct,0.0,False,TRUE,TRUE,False,8
5,Q2,E00,hemlock_extra_hazard_0.12,0.0,False,TRUE,TRUE,False,8
5,Q2,E00,entry_lognormal_annual_sd_1.2,0.0,False,TRUE,TRUE,False,8
5,Q2,E10,correct,-0.006622314453125,False,FALSE,FALSE,False,8
5,Q2,E10,hemlock_extra_hazard_0.12,-0.006622314453125,False,FALSE,FALSE,False,8
5,Q2,E10,entry_lognormal_annual_sd_1.2,-0.006622314453125,False,FALSE,FALSE,False,8
5,Q2,E01,correct,0.0,False,TRUE,TRUE,False,8
5,Q2,E01,hemlock_extra_hazard_0.12,0.0,False,TRUE,TRUE,False,8
5,Q2,E01,entry_lognormal_annual_sd_1.2,0.0,False,TRUE,TRUE,False,8
5,Q2,E11,correct,-0.000396728515625,False,FALSE,FALSE,False,8
5,Q2,E11,hemlock_extra_hazard_0.12,-0.000396728515625,False,FALSE,FALSE,False,8
5,Q2,E11,entry_lognormal_annual_sd_1.2,-0.000396728515625,False,FALSE,FALSE,False,8
6,Q1,E00,correct,0.0,False,MC_UNRESOLVED,MC_UNRESOLVED,False,8
6,Q1,E00,hemlock_extra_hazard_0.12,0.0,False,MC_UNRESOLVED,MC_UNRESOLVED,False,8
6,Q1,E00,entry_lognormal_annual_sd_1.2,0.0,False,MC_UNRESOLVED,MC_UNRESOLVED,False,8
6,Q1,E10,correct,-0.00286865234375,False,FALSE,FALSE,False,8
6,Q1,E10,hemlock_extra_hazard_0.12,-0.00286865234375,False,FALSE,FALSE,False,8
6,Q1,E10,entry_lognormal_annual_sd_1.2,-0.00286865234375,False,FALSE,FALSE,False,8
6,Q1,E01,correct,0.0,False,MC_UNRESOLVED,MC_UNRESOLVED,False,8
6,Q1,E01,hemlock_extra_hazard_0.12,0.0,False,MC_UNRESOLVED,MC_UNRESOLVED,False,8
6,Q1,E01,entry_lognormal_annual_sd_1.2,0.0,False,MC_UNRESOLVED,MC_UNRESOLVED,False,8
6,Q1,E11,correct,-0.000762939453125,False,FALSE,FALSE,False,8
6,Q1,E11,hemlock_extra_hazard_0.12,-0.000762939453125,False,FALSE,FALSE,False,8
6,Q1,E11,entry_lognormal_annual_sd_1.2,-0.000762939453125,False,FALSE,FALSE,False,8
6,Q2,E00,correct,0.0,False,MC_UNRESOLVED,MC_UNRESOLVED,False,8
6,Q2,E00,hemlock_extra_hazard_0.12,0.0,False,MC_UNRESOLVED,MC_UNRESOLVED,False,8
6,Q2,E00,entry_lognormal_annual_sd_1.2,0.0,False,MC_UNRESOLVED,MC_UNRESOLVED,False,8
6,Q2,E10,correct,-0.00286865234375,False,FALSE,FALSE,False,8
6,Q2,E10,hemlock_extra_hazard_0.12,-0.00286865234375,False,FALSE,FALSE,False,8
6,Q2,E10,entry_lognormal_annual_sd_1.2,-0.00286865234375,False,FALSE,FALSE,False,8
6,Q2,E01,correct,0.0,False,MC_UNRESOLVED,MC_UNRESOLVED,False,8
6,Q2,E01,hemlock_extra_hazard_0.12,0.0,False,MC_UNRESOLVED,MC_UNRESOLVED,False,8
6,Q2,E01,entry_lognormal_annual_sd_1.2,0.0,False,MC_UNRESOLVED,MC_UNRESOLVED,False,8
6,Q2,E11,correct,-0.000762939453125,False,FALSE,FALSE,False,8
6,Q2,E11,hemlock_extra_hazard_0.12,-0.000762939453125,False,FALSE,FALSE,False,8
6,Q2,E11,entry_lognormal_annual_sd_1.2,-0.000762939453125,False,FALSE,FALSE,False,8
7,Q1,E00,correct,0.0,False,TRUE,TRUE,False,8
7,Q1,E00,hemlock_extra_hazard_0.12,0.0,False,TRUE,TRUE,False,8
7,Q1,E00,entry_lognormal_annual_sd_1.2,0.0,False,TRUE,TRUE,False,8
7,Q1,E10,correct,-0.00872802734375,False,FALSE,FALSE,False,8
7,Q1,E10,hemlock_extra_hazard_0.12,-0.00872802734375,False,FALSE,FALSE,False,8
7,Q1,E10,entry_lognormal_annual_sd_1.2,-0.00872802734375,False,FALSE,FALSE,False,8
7,Q1,E01,correct,0.0,False,TRUE,TRUE,False,8
7,Q1,E01,hemlock_extra_hazard_0.12,0.0,False,TRUE,TRUE,False,8
7,Q1,E01,entry_lognormal_annual_sd_1.2,0.0,False,TRUE,TRUE,False,8
7,Q1,E11,correct,-0.007659912109375,False,FALSE,FALSE,False,8
7,Q1,E11,hemlock_extra_hazard_0.12,-0.007659912109375,False,FALSE,FALSE,False,8
7,Q1,E11,entry_lognormal_annual_sd_1.2,-0.007659912109375,False,FALSE,FALSE,False,8
7,Q2,E00,correct,0.0,False,TRUE,TRUE,False,8
7,Q2,E00,hemlock_extra_hazard_0.12,0.0,False,TRUE,TRUE,False,8
7,Q2,E00,entry_lognormal_annual_sd_1.2,0.0,False,TRUE,TRUE,False,8
7,Q2,E10,correct,-0.00872802734375,False,FALSE,FALSE,False,8
7,Q2,E10,hemlock_extra_hazard_0.12,-0.00872802734375,False,FALSE,FALSE,False,8
7,Q2,E10,entry_lognormal_annual_sd_1.2,-0.00872802734375,False,FALSE,FALSE,False,8
7,Q2,E01,correct,0.0,False,TRUE,TRUE,False,8
7,Q2,E01,hemlock_extra_hazard_0.12,0.0,False,TRUE,TRUE,False,8
7,Q2,E01,entry_lognormal_annual_sd_1.2,0.0,False,TRUE,TRUE,False,8
7,Q2,E11,correct,-0.007659912109375,False,FALSE,FALSE,False,8
7,Q2,E11,hemlock_extra_hazard_0.12,-0.007659912109375,False,FALSE,FALSE,False,8
7,Q2,E11,entry_lognormal_annual_sd_1.2,-0.007659912109375,False,FALSE,FALSE,False,8
8,Q1,E00,correct,0.0,False,FALSE,FALSE,False,8
8,Q1,E00,hemlock_extra_hazard_0.12,0.0,False,FALSE,FALSE,False,8
8,Q1,E00,entry_lognormal_annual_sd_1.2,0.0,False,FALSE,FALSE,False,8
8,Q1,E10,correct,0.010894775390625,False,FALSE,FALSE,False,8
8,Q1,E10,hemlock_extra_hazard_0.12,0.010894775390625,False,FALSE,FALSE,False,8
8,Q1,E10,entry_lognormal_annual_sd_1.2,0.010894775390625,False,FALSE,FALSE,False,8
8,Q1,E01,correct,-3.0517578125e-05,False,FALSE,FALSE,False,8
8,Q1,E01,hemlock_extra_hazard_0.12,-3.0517578125e-05,False,FALSE,FALSE,False,8
8,Q1,E01,entry_lognormal_annual_sd_1.2,-3.0517578125e-05,False,FALSE,FALSE,False,8
8,Q1,E11,correct,-0.00634765625,False,FALSE,FALSE,False,8
8,Q1,E11,hemlock_extra_hazard_0.12,-0.00634765625,False,FALSE,FALSE,False,8
8,Q1,E11,entry_lognormal_annual_sd_1.2,-0.00634765625,False,FALSE,FALSE,False,8
8,Q2,E00,correct,0.0,False,FALSE,FALSE,False,8
8,Q2,E00,hemlock_extra_hazard_0.12,0.0,False,FALSE,FALSE,False,8
8,Q2,E00,entry_lognormal_annual_sd_1.2,0.0,False,FALSE,FALSE,False,8
8,Q2,E10,correct,0.010894775390625,False,FALSE,FALSE,False,8
8,Q2,E10,hemlock_extra_hazard_0.12,0.010894775390625,False,FALSE,FALSE,False,8
8,Q2,E10,entry_lognormal_annual_sd_1.2,0.010894775390625,False,FALSE,FALSE,False,8
8,Q2,E01,correct,-3.0517578125e-05,False,FALSE,FALSE,False,8
8,Q2,E01,hemlock_extra_hazard_0.12,-3.0517578125e-05,False,FALSE,FALSE,False,8
8,Q2,E01,entry_lognormal_annual_sd_1.2,-3.0517578125e-05,False,FALSE,FALSE,False,8
8,Q2,E11,correct,-0.00634765625,False,FALSE,FALSE,False,8
8,Q2,E11,hemlock_extra_hazard_0.12,-0.00634765625,False,FALSE,FALSE,False,8
8,Q2,E11,entry_lognormal_annual_sd_1.2,-0.00634765625,False,FALSE,FALSE,False,8
9,Q1,E00,correct,0.0,False,TRUE,TRUE,False,8
9,Q1,E00,hemlock_extra_hazard_0.12,0.0,False,TRUE,TRUE,False,8
9,Q1,E00,entry_lognormal_annual_sd_1.2,0.0,False,TRUE,TRUE,False,8
9,Q1,E10,correct,-0.0140380859375,False,FALSE,FALSE,False,8
9,Q1,E10,hemlock_extra_hazard_0.12,-0.0140380859375,False,FALSE,FALSE,False,8
9,Q1,E10,entry_lognormal_annual_sd_1.2,-0.0140380859375,False,FALSE,FALSE,False,8
9,Q1,E01,correct,0.0,False,TRUE,TRUE,False,8
9,Q1,E01,hemlock_extra_hazard_0.12,0.0,False,TRUE,TRUE,False,8
9,Q1,E01,entry_lognormal_annual_sd_1.2,0.0,False,TRUE,TRUE,False,8
9,Q1,E11,correct,-0.0323486328125,False,FALSE,FALSE,False,8
9,Q1,E11,hemlock_extra_hazard_0.12,-0.0323486328125,False,FALSE,FALSE,False,8
9,Q1,E11,entry_lognormal_annual_sd_1.2,-0.0323486328125,False,FALSE,FALSE,False,8
9,Q2,E00,correct,0.0,False,TRUE,TRUE,False,8
9,Q2,E00,hemlock_extra_hazard_0.12,0.0,False,TRUE,TRUE,False,8
9,Q2,E00,entry_lognormal_annual_sd_1.2,0.0,False,TRUE,TRUE,False,8
9,Q2,E10,correct,-0.0140380859375,False,FALSE,FALSE,False,8
9,Q2,E10,hemlock_extra_hazard_0.12,-0.0140380859375,False,FALSE,FALSE,False,8
9,Q2,E10,entry_lognormal_annual_sd_1.2,-0.0140380859375,False,FALSE,FALSE,False,8
9,Q2,E01,correct,0.0,False,TRUE,TRUE,False,8
9,Q2,E01,hemlock_extra_hazard_0.12,0.0,False,TRUE,TRUE,False,8
9,Q2,E01,entry_lognormal_annual_sd_1.2,0.0,False,TRUE,TRUE,False,8
9,Q2,E11,correct,-0.0323486328125,False,FALSE,FALSE,False,8
9,Q2,E11,hemlock_extra_hazard_0.12,-0.0323486328125,False,FALSE,FALSE,False,8
9,Q2,E11,entry_lognormal_annual_sd_1.2,-0.0323486328125,False,FALSE,FALSE,False,8
10,Q1,E00,correct,-0.00299072265625,False,FALSE,FALSE,False,8
10,Q1,E00,hemlock_extra_hazard_0.12,-0.00299072265625,False,FALSE,FALSE,False,8
10,Q1,E00,entry_lognormal_annual_sd_1.2,-0.00299072265625,False,FALSE,FALSE,False,8
10,Q1,E10,correct,-0.018707275390625,False,FALSE,FALSE,False,8
10,Q1,E10,hemlock_extra_hazard_0.12,-0.018707275390625,False,FALSE,FALSE,False,8
10,Q1,E10,entry_lognormal_annual_sd_1.2,-0.018707275390625,False,FALSE,FALSE,False,8
10,Q1,E01,correct,-0.002655029296875,False,FALSE,FALSE,False,8
10,Q1,E01,hemlock_extra_hazard_0.12,-0.002655029296875,False,FALSE,FALSE,False,8
10,Q1,E01,entry_lognormal_annual_sd_1.2,-0.002655029296875,False,FALSE,FALSE,False,8
10,Q1,E11,correct,-0.019927978515625,False,FALSE,FALSE,False,8
10,Q1,E11,hemlock_extra_hazard_0.12,-0.019927978515625,False,FALSE,FALSE,False,8
10,Q1,E11,entry_lognormal_annual_sd_1.2,-0.019927978515625,False,FALSE,FALSE,False,8
10,Q2,E00,correct,-0.00299072265625,False,FALSE,FALSE,False,8
10,Q2,E00,hemlock_extra_hazard_0.12,-0.00299072265625,False,FALSE,FALSE,False,8
10,Q2,E00,entry_lognormal_annual_sd_1.2,-0.00299072265625,False,FALSE,FALSE,False,8
10,Q2,E10,correct,-0.018707275390625,False,FALSE,FALSE,False,8
10,Q2,E10,hemlock_extra_hazard_0.12,-0.018707275390625,False,FALSE,FALSE,False,8
10,Q2,E10,entry_lognormal_annual_sd_1.2,-0.018707275390625,False,FALSE,FALSE,False,8
10,Q2,E01,correct,-0.002655029296875,False,FALSE,FALSE,False,8
10,Q2,E01,hemlock_extra_hazard_0.12,-0.002655029296875,False,FALSE,FALSE,False,8
10,Q2,E01,entry_lognormal_annual_sd_1.2,-0.002655029296875,False,FALSE,FALSE,False,8
10,Q2,E11,correct,-0.019927978515625,False,FALSE,FALSE,False,8
10,Q2,E11,hemlock_extra_hazard_0.12,-0.019927978515625,False,FALSE,FALSE,False,8
10,Q2,E11,entry_lognormal_annual_sd_1.2,-0.019927978515625,False,FALSE,FALSE,False,8
11,Q1,E00,correct,0.0,False,TRUE,TRUE,False,8
11,Q1,E00,hemlock_extra_hazard_0.12,0.0,False,TRUE,TRUE,False,8
11,Q1,E00,entry_lognormal_annual_sd_1.2,0.0,False,TRUE,TRUE,False,8
11,Q1,E10,correct,-0.002532958984375,False,FALSE,FALSE,False,8
11,Q1,E10,hemlock_extra_hazard_0.12,-0.002532958984375,False,FALSE,FALSE,False,8
11,Q1,E10,entry_lognormal_annual_sd_1.2,-0.002532958984375,False,FALSE,FALSE,False,8
11,Q1,E01,correct,0.0,False,TRUE,TRUE,False,8
11,Q1,E01,hemlock_extra_hazard_0.12,0.0,False,TRUE,TRUE,False,8
11,Q1,E01,entry_lognormal_annual_sd_1.2,0.0,False,TRUE,TRUE,False,8
11,Q1,E11,correct,-0.00018310546875,False,FALSE,FALSE,False,8
11,Q1,E11,hemlock_extra_hazard_0.12,-0.00018310546875,False,FALSE,FALSE,False,8
11,Q1,E11,entry_lognormal_annual_sd_1.2,-0.00018310546875,False,FALSE,FALSE,False,8
11,Q2,E00,correct,0.0,False,TRUE,TRUE,False,8
11,Q2,E00,hemlock_extra_hazard_0.12,0.0,False,TRUE,TRUE,False,8
11,Q2,E00,entry_lognormal_annual_sd_1.2,0.0,False,TRUE,TRUE,False,8
11,Q2,E10,correct,-0.002532958984375,False,FALSE,FALSE,False,8
11,Q2,E10,hemlock_extra_hazard_0.12,-0.002532958984375,False,FALSE,FALSE,False,8
11,Q2,E10,entry_lognormal_annual_sd_1.2,-0.002532958984375,False,FALSE,FALSE,False,8
11,Q2,E01,correct,0.0,False,TRUE,TRUE,False,8
11,Q2,E01,hemlock_extra_hazard_0.12,0.0,False,TRUE,TRUE,False,8
11,Q2,E01,entry_lognormal_annual_sd_1.2,0.0,False,TRUE,TRUE,False,8
11,Q2,E11,correct,-0.00018310546875,False,FALSE,FALSE,False,8
11,Q2,E11,hemlock_extra_hazard_0.12,-0.00018310546875,False,FALSE,FALSE,False,8
11,Q2,E11,entry_lognormal_annual_sd_1.2,-0.00018310546875,False,FALSE,FALSE,False,8
12,Q1,E00,correct,-0.000152587890625,False,FALSE,FALSE,False,8
12,Q1,E00,hemlock_extra_hazard_0.12,-0.000152587890625,False,FALSE,FALSE,False,8
12,Q1,E00,entry_lognormal_annual_sd_1.2,-0.000152587890625,False,FALSE,FALSE,False,8
12,Q1,E10,correct,0.00067138671875,False,FALSE,FALSE,False,8
12,Q1,E10,hemlock_extra_hazard_0.12,0.00067138671875,False,FALSE,FALSE,False,8
12,Q1,E10,entry_lognormal_annual_sd_1.2,0.00067138671875,False,FALSE,FALSE,False,8
12,Q1,E01,correct,0.000274658203125,False,FALSE,FALSE,False,8
12,Q1,E01,hemlock_extra_hazard_0.12,0.000274658203125,False,FALSE,FALSE,False,8
12,Q1,E01,entry_lognormal_annual_sd_1.2,0.000274658203125,False,FALSE,FALSE,False,8
12,Q1,E11,correct,0.002197265625,False,FALSE,FALSE,False,8
12,Q1,E11,hemlock_extra_hazard_0.12,0.002197265625,False,FALSE,FALSE,False,8
12,Q1,E11,entry_lognormal_annual_sd_1.2,0.002197265625,False,FALSE,FALSE,False,8
12,Q2,E00,correct,-0.000152587890625,False,FALSE,FALSE,False,8
12,Q2,E00,hemlock_extra_hazard_0.12,-0.000152587890625,False,FALSE,FALSE,False,8
12,Q2,E00,entry_lognormal_annual_sd_1.2,-0.000152587890625,False,FALSE,FALSE,False,8
12,Q2,E10,correct,0.00067138671875,False,FALSE,FALSE,False,8
12,Q2,E10,hemlock_extra_hazard_0.12,0.00067138671875,False,FALSE,FALSE,False,8
12,Q2,E10,entry_lognormal_annual_sd_1.2,0.00067138671875,False,FALSE,FALSE,False,8
12,Q2,E01,correct,0.000274658203125,False,FALSE,FALSE,False,8
12,Q2,E01,hemlock_extra_hazard_0.12,0.000274658203125,False,FALSE,FALSE,False,8
12,Q2,E01,entry_lognormal_annual_sd_1.2,0.000274658203125,False,FALSE,FALSE,False,8
12,Q2,E11,correct,0.002197265625,False,FALSE,FALSE,False,8
12,Q2,E11,hemlock_extra_hazard_0.12,0.002197265625,False,FALSE,FALSE,False,8
12,Q2,E11,entry_lognormal_annual_sd_1.2,0.002197265625,False,FALSE,FALSE,False,8
13,Q1,E00,correct,0.0,False,TRUE,TRUE,False,8
13,Q1,E00,hemlock_extra_hazard_0.12,0.0,False,TRUE,TRUE,False,8
13,Q1,E00,entry_lognormal_annual_sd_1.2,0.0,False,TRUE,TRUE,False,8
13,Q1,E10,correct,-0.0006103515625,False,FALSE,FALSE,False,8
13,Q1,E10,hemlock_extra_hazard_0.12,-0.0006103515625,False,FALSE,FALSE,False,8
13,Q1,E10,entry_lognormal_annual_sd_1.2,-0.0006103515625,False,FALSE,FALSE,False,8
13,Q1,E01,correct,0.0,False,TRUE,TRUE,False,8
13,Q1,E01,hemlock_extra_hazard_0.12,0.0,False,TRUE,TRUE,False,8
13,Q1,E01,entry_lognormal_annual_sd_1.2,0.0,False,TRUE,TRUE,False,8
13,Q1,E11,correct,0.019775390625,False,FALSE,FALSE,False,8
13,Q1,E11,hemlock_extra_hazard_0.12,0.019775390625,False,FALSE,FALSE,False,8
13,Q1,E11,entry_lognormal_annual_sd_1.2,0.019775390625,False,FALSE,FALSE,False,8
13,Q2,E00,correct,0.0,False,TRUE,TRUE,False,8
13,Q2,E00,hemlock_extra_hazard_0.12,0.0,False,TRUE,TRUE,False,8
13,Q2,E00,entry_lognormal_annual_sd_1.2,0.0,False,TRUE,TRUE,False,8
13,Q2,E10,correct,-0.0006103515625,False,FALSE,FALSE,False,8
13,Q2,E10,hemlock_extra_hazard_0.12,-0.0006103515625,False,FALSE,FALSE,False,8
13,Q2,E10,entry_lognormal_annual_sd_1.2,-0.0006103515625,False,FALSE,FALSE,False,8
13,Q2,E01,correct,0.0,False,TRUE,TRUE,False,8
13,Q2,E01,hemlock_extra_hazard_0.12,0.0,False,TRUE,TRUE,False,8
13,Q2,E01,entry_lognormal_annual_sd_1.2,0.0,False,TRUE,TRUE,False,8
13,Q2,E11,correct,0.019775390625,False,FALSE,FALSE,False,8
13,Q2,E11,hemlock_extra_hazard_0.12,0.019775390625,False,FALSE,FALSE,False,8
13,Q2,E11,entry_lognormal_annual_sd_1.2,0.019775390625,False,FALSE,FALSE,False,8
14,Q1,E00,correct,0.0,False,TRUE,TRUE,False,8
14,Q1,E00,hemlock_extra_hazard_0.12,0.0,False,TRUE,TRUE,False,8
14,Q1,E00,entry_lognormal_annual_sd_1.2,0.0,False,TRUE,TRUE,False,8
14,Q1,E10,correct,-0.005828857421875,False,FALSE,FALSE,False,8
14,Q1,E10,hemlock_extra_hazard_0.12,-0.005828857421875,False,FALSE,FALSE,False,8
14,Q1,E10,entry_lognormal_annual_sd_1.2,-0.005828857421875,False,FALSE,FALSE,False,8
14,Q1,E01,correct,0.0,False,TRUE,TRUE,False,8
14,Q1,E01,hemlock_extra_hazard_0.12,0.0,False,TRUE,TRUE,False,8
14,Q1,E01,entry_lognormal_annual_sd_1.2,0.0,False,TRUE,TRUE,False,8
14,Q1,E11,correct,-0.006683349609375,False,FALSE,FALSE,False,8
14,Q1,E11,hemlock_extra_hazard_0.12,-0.006683349609375,False,FALSE,FALSE,False,8
14,Q1,E11,entry_lognormal_annual_sd_1.2,-0.006683349609375,False,FALSE,FALSE,False,8
14,Q2,E00,correct,0.0,False,TRUE,TRUE,False,8
14,Q2,E00,hemlock_extra_hazard_0.12,0.0,False,TRUE,TRUE,False,8
14,Q2,E00,entry_lognormal_annual_sd_1.2,0.0,False,TRUE,TRUE,False,8
14,Q2,E10,correct,-0.005828857421875,False,FALSE,FALSE,False,8
14,Q2,E10,hemlock_extra_hazard_0.12,-0.005828857421875,False,FALSE,FALSE,False,8
14,Q2,E10,entry_lognormal_annual_sd_1.2,-0.005828857421875,False,FALSE,FALSE,False,8
14,Q2,E01,correct,0.0,False,TRUE,TRUE,False,8
14,Q2,E01,hemlock_extra_hazard_0.12,0.0,False,TRUE,TRUE,False,8
14,Q2,E01,entry_lognormal_annual_sd_1.2,0.0,False,TRUE,TRUE,False,8
14,Q2,E11,correct,-0.006683349609375,False,FALSE,FALSE,False,8
14,Q2,E11,hemlock_extra_hazard_0.12,-0.006683349609375,False,FALSE,FALSE,False,8
14,Q2,E11,entry_lognormal_annual_sd_1.2,-0.006683349609375,False,FALSE,FALSE,False,8
15,Q1,E00,correct,0.001617431640625,False,FALSE,FALSE,False,8
15,Q1,E00,hemlock_extra_hazard_0.12,0.001617431640625,False,FALSE,FALSE,False,8
15,Q1,E00,entry_lognormal_annual_sd_1.2,0.001617431640625,False,FALSE,FALSE,False,8
15,Q1,E10,correct,-0.002838134765625,False,FALSE,FALSE,False,8
15,Q1,E10,hemlock_extra_hazard_0.12,-0.002838134765625,False,FALSE,FALSE,False,8
15,Q1,E10,entry_lognormal_annual_sd_1.2,-0.002838134765625,False,FALSE,FALSE,False,8
15,Q1,E01,correct,0.00146484375,False,FALSE,FALSE,False,8
15,Q1,E01,hemlock_extra_hazard_0.12,0.00146484375,False,FALSE,FALSE,False,8
15,Q1,E01,entry_lognormal_annual_sd_1.2,0.00146484375,False,FALSE,FALSE,False,8
15,Q1,E11,correct,-0.006134033203125,False,FALSE,FALSE,False,8
15,Q1,E11,hemlock_extra_hazard_0.12,-0.006134033203125,False,FALSE,FALSE,False,8
15,Q1,E11,entry_lognormal_annual_sd_1.2,-0.006134033203125,False,FALSE,FALSE,False,8
15,Q2,E00,correct,0.001617431640625,False,FALSE,FALSE,False,8
15,Q2,E00,hemlock_extra_hazard_0.12,0.001617431640625,False,FALSE,FALSE,False,8
15,Q2,E00,entry_lognormal_annual_sd_1.2,0.001617431640625,False,FALSE,FALSE,False,8
15,Q2,E10,correct,-0.002838134765625,False,FALSE,FALSE,False,8
15,Q2,E10,hemlock_extra_hazard_0.12,-0.002838134765625,False,FALSE,FALSE,False,8
15,Q2,E10,entry_lognormal_annual_sd_1.2,-0.002838134765625,False,FALSE,FALSE,False,8
15,Q2,E01,correct,0.00146484375,False,FALSE,FALSE,False,8
15,Q2,E01,hemlock_extra_hazard_0.12,0.00146484375,False,FALSE,FALSE,False,8
15,Q2,E01,entry_lognormal_annual_sd_1.2,0.00146484375,False,FALSE,FALSE,False,8
15,Q2,E11,correct,-0.006134033203125,False,FALSE,FALSE,False,8
15,Q2,E11,hemlock_extra_hazard_0.12,-0.006134033203125,False,FALSE,FALSE,False,8
15,Q2,E11,entry_lognormal_annual_sd_1.2,-0.006134033203125,False,FALSE,FALSE,False,8
16,Q1,E00,correct,0.0,False,FALSE,FALSE,False,8
16,Q1,E00,hemlock_extra_hazard_0.12,0.0,False,FALSE,FALSE,False,8
16,Q1,E00,entry_lognormal_annual_sd_1.2,0.0,False,FALSE,FALSE,False,8
16,Q1,E10,correct,0.001953125,False,FALSE,FALSE,False,8
16,Q1,E10,hemlock_extra_hazard_0.12,0.001953125,False,FALSE,FALSE,False,8
16,Q1,E10,entry_lognormal_annual_sd_1.2,0.001953125,False,FALSE,FALSE,False,8
16,Q1,E01,correct,0.0,False,FALSE,FALSE,False,8
16,Q1,E01,hemlock_extra_hazard_0.12,0.0,False,FALSE,FALSE,False,8
16,Q1,E01,entry_lognormal_annual_sd_1.2,0.0,False,FALSE,FALSE,False,8
16,Q1,E11,correct,0.00701904296875,False,FALSE,FALSE,False,8
16,Q1,E11,hemlock_extra_hazard_0.12,0.00701904296875,False,FALSE,FALSE,False,8
16,Q1,E11,entry_lognormal_annual_sd_1.2,0.00701904296875,False,FALSE,FALSE,False,8
16,Q2,E00,correct,0.0,False,FALSE,FALSE,False,8
16,Q2,E00,hemlock_extra_hazard_0.12,0.0,False,FALSE,FALSE,False,8
16,Q2,E00,entry_lognormal_annual_sd_1.2,0.0,False,FALSE,FALSE,False,8
16,Q2,E10,correct,0.001953125,False,FALSE,FALSE,False,8
16,Q2,E10,hemlock_extra_hazard_0.12,0.001953125,False,FALSE,FALSE,False,8
16,Q2,E10,entry_lognormal_annual_sd_1.2,0.001953125,False,FALSE,FALSE,False,8
16,Q2,E01,correct,0.0,False,FALSE,FALSE,False,8
16,Q2,E01,hemlock_extra_hazard_0.12,0.0,False,FALSE,FALSE,False,8
16,Q2,E01,entry_lognormal_annual_sd_1.2,0.0,False,FALSE,FALSE,False,8
16,Q2,E11,correct,0.00701904296875,False,FALSE,FALSE,False,8
16,Q2,E11,hemlock_extra_hazard_0.12,0.00701904296875,False,FALSE,FALSE,False,8
16,Q2,E11,entry_lognormal_annual_sd_1.2,0.00701904296875,False,FALSE,FALSE,False,8
17,Q1,E00,correct,-0.002655029296875,False,FALSE,FALSE,False,8
17,Q1,E00,hemlock_extra_hazard_0.12,-0.002655029296875,False,FALSE,FALSE,False,8
17,Q1,E00,entry_lognormal_annual_sd_1.2,-0.002655029296875,False,FALSE,FALSE,False,8
17,Q1,E10,correct,0.0050048828125,False,FALSE,FALSE,False,8
17,Q1,E10,hemlock_extra_hazard_0.12,0.0050048828125,False,FALSE,FALSE,False,8
17,Q1,E10,entry_lognormal_annual_sd_1.2,0.0050048828125,False,FALSE,FALSE,False,8
17,Q1,E01,correct,-0.002716064453125,False,FALSE,FALSE,False,8
17,Q1,E01,hemlock_extra_hazard_0.12,-0.002716064453125,False,FALSE,FALSE,False,8
17,Q1,E01,entry_lognormal_annual_sd_1.2,-0.002716064453125,False,FALSE,FALSE,False,8
17,Q1,E11,correct,0.01043701171875,False,FALSE,FALSE,False,8
17,Q1,E11,hemlock_extra_hazard_0.12,0.01043701171875,False,FALSE,FALSE,False,8
17,Q1,E11,entry_lognormal_annual_sd_1.2,0.01043701171875,False,FALSE,FALSE,False,8
17,Q2,E00,correct,-0.002655029296875,False,FALSE,FALSE,False,8
17,Q2,E00,hemlock_extra_hazard_0.12,-0.002655029296875,False,FALSE,FALSE,False,8
17,Q2,E00,entry_lognormal_annual_sd_1.2,-0.002655029296875,False,FALSE,FALSE,False,8
17,Q2,E10,correct,0.0050048828125,False,FALSE,FALSE,False,8
17,Q2,E10,hemlock_extra_hazard_0.12,0.0050048828125,False,FALSE,FALSE,False,8
17,Q2,E10,entry_lognormal_annual_sd_1.2,0.0050048828125,False,FALSE,FALSE,False,8
17,Q2,E01,correct,-0.002716064453125,False,FALSE,FALSE,False,8
17,Q2,E01,hemlock_extra_hazard_0.12,-0.002716064453125,False,FALSE,FALSE,False,8
17,Q2,E01,entry_lognormal_annual_sd_1.2,-0.002716064453125,False,FALSE,FALSE,False,8
17,Q2,E11,correct,0.01043701171875,False,FALSE,FALSE,False,8
17,Q2,E11,hemlock_extra_hazard_0.12,0.01043701171875,False,FALSE,FALSE,False,8
17,Q2,E11,entry_lognormal_annual_sd_1.2,0.01043701171875,False,FALSE,FALSE,False,8
18,Q1,E00,correct,0.002471923828125,False,TRUE,TRUE,False,8
18,Q1,E00,hemlock_extra_hazard_0.12,0.002471923828125,False,TRUE,TRUE,False,8
18,Q1,E00,entry_lognormal_annual_sd_1.2,0.002471923828125,False,TRUE,TRUE,False,8
18,Q1,E10,correct,0.00115966796875,False,FALSE,FALSE,False,8
18,Q1,E10,hemlock_extra_hazard_0.12,0.00115966796875,False,FALSE,FALSE,False,8
18,Q1,E10,entry_lognormal_annual_sd_1.2,0.00115966796875,False,FALSE,FALSE,False,8
18,Q1,E01,correct,0.001251220703125,False,TRUE,TRUE,False,8
18,Q1,E01,hemlock_extra_hazard_0.12,0.001251220703125,False,TRUE,TRUE,False,8
18,Q1,E01,entry_lognormal_annual_sd_1.2,0.001251220703125,False,TRUE,TRUE,False,8
18,Q1,E11,correct,-0.00177001953125,False,FALSE,FALSE,False,8
18,Q1,E11,hemlock_extra_hazard_0.12,-0.00177001953125,False,FALSE,FALSE,False,8
18,Q1,E11,entry_lognormal_annual_sd_1.2,-0.00177001953125,False,FALSE,FALSE,False,8
18,Q2,E00,correct,0.002471923828125,False,TRUE,TRUE,False,8
18,Q2,E00,hemlock_extra_hazard_0.12,0.002471923828125,False,TRUE,TRUE,False,8
18,Q2,E00,entry_lognormal_annual_sd_1.2,0.002471923828125,False,TRUE,TRUE,False,8
18,Q2,E10,correct,0.00115966796875,False,FALSE,FALSE,False,8
18,Q2,E10,hemlock_extra_hazard_0.12,0.00115966796875,False,FALSE,FALSE,False,8
18,Q2,E10,entry_lognormal_annual_sd_1.2,0.00115966796875,False,FALSE,FALSE,False,8
18,Q2,E01,correct,0.001251220703125,False,TRUE,TRUE,False,8
18,Q2,E01,hemlock_extra_hazard_0.12,0.001251220703125,False,TRUE,TRUE,False,8
18,Q2,E01,entry_lognormal_annual_sd_1.2,0.001251220703125,False,TRUE,TRUE,False,8
18,Q2,E11,correct,-0.00177001953125,False,FALSE,FALSE,False,8
18,Q2,E11,hemlock_extra_hazard_0.12,-0.00177001953125,False,FALSE,FALSE,False,8
18,Q2,E11,entry_lognormal_annual_sd_1.2,-0.00177001953125,False,FALSE,FALSE,False,8
19,Q1,E00,correct,-0.008880615234375,False,TRUE,TRUE,False,8
19,Q1,E00,hemlock_extra_hazard_0.12,-0.008880615234375,False,TRUE,TRUE,False,8
19,Q1,E00,entry_lognormal_annual_sd_1.2,-0.008880615234375,False,TRUE,TRUE,False,8
19,Q1,E10,correct,-0.0108642578125,False,TRUE,TRUE,False,8
19,Q1,E10,hemlock_extra_hazard_0.12,-0.0108642578125,False,TRUE,TRUE,False,8
19,Q1,E10,entry_lognormal_annual_sd_1.2,-0.0108642578125,False,TRUE,TRUE,False,8
19,Q1,E01,correct,-0.006317138671875,False,TRUE,TRUE,False,8
19,Q1,E01,hemlock_extra_hazard_0.12,-0.006317138671875,False,TRUE,TRUE,False,8
19,Q1,E01,entry_lognormal_annual_sd_1.2,-0.006317138671875,False,TRUE,TRUE,False,8
19,Q1,E11,correct,0.002716064453125,False,MC_UNRESOLVED,FALSE,False,8
19,Q1,E11,hemlock_extra_hazard_0.12,0.002716064453125,False,MC_UNRESOLVED,FALSE,False,8
19,Q1,E11,entry_lognormal_annual_sd_1.2,0.002716064453125,False,MC_UNRESOLVED,FALSE,False,8
19,Q2,E00,correct,-0.008880615234375,False,TRUE,TRUE,False,8
19,Q2,E00,hemlock_extra_hazard_0.12,-0.008880615234375,False,TRUE,TRUE,False,8
19,Q2,E00,entry_lognormal_annual_sd_1.2,-0.008880615234375,False,TRUE,TRUE,False,8
19,Q2,E10,correct,-0.0108642578125,False,TRUE,TRUE,False,8
19,Q2,E10,hemlock_extra_hazard_0.12,-0.0108642578125,False,TRUE,TRUE,False,8
19,Q2,E10,entry_lognormal_annual_sd_1.2,-0.0108642578125,False,TRUE,TRUE,False,8
19,Q2,E01,correct,-0.006317138671875,False,TRUE,TRUE,False,8
19,Q2,E01,hemlock_extra_hazard_0.12,-0.006317138671875,False,TRUE,TRUE,False,8
19,Q2,E01,entry_lognormal_annual_sd_1.2,-0.006317138671875,False,TRUE,TRUE,False,8
19,Q2,E11,correct,0.002716064453125,False,MC_UNRESOLVED,FALSE,False,8
19,Q2,E11,hemlock_extra_hazard_0.12,0.002716064453125,False,MC_UNRESOLVED,FALSE,False,8
19,Q2,E11,entry_lognormal_annual_sd_1.2,0.002716064453125,False,MC_UNRESOLVED,FALSE,False,8
20,Q1,E00,correct,-0.003173828125,False,TRUE,TRUE,False,8
20,Q1,E00,hemlock_extra_hazard_0.12,-0.003173828125,False,TRUE,TRUE,False,8
20,Q1,E00,entry_lognormal_annual_sd_1.2,-0.003173828125,False,TRUE,TRUE,False,8
20,Q1,E10,correct,-0.005828857421875,False,TRUE,TRUE,False,8
20,Q1,E10,hemlock_extra_hazard_0.12,-0.005828857421875,False,TRUE,TRUE,False,8
20,Q1,E10,entry_lognormal_annual_sd_1.2,-0.005828857421875,False,TRUE,TRUE,False,8
20,Q1,E01,correct,0.006744384765625,False,TRUE,TRUE,False,8
20,Q1,E01,hemlock_extra_hazard_0.12,0.006744384765625,False,TRUE,TRUE,False,8
20,Q1,E01,entry_lognormal_annual_sd_1.2,0.006744384765625,False,TRUE,TRUE,False,8
20,Q1,E11,correct,0.020233154296875,False,MC_UNRESOLVED,FALSE,False,8
20,Q1,E11,hemlock_extra_hazard_0.12,0.020233154296875,False,MC_UNRESOLVED,FALSE,False,8
20,Q1,E11,entry_lognormal_annual_sd_1.2,0.020233154296875,False,MC_UNRESOLVED,FALSE,False,8
20,Q2,E00,correct,-0.003173828125,False,TRUE,TRUE,False,8
20,Q2,E00,hemlock_extra_hazard_0.12,-0.003173828125,False,TRUE,TRUE,False,8
20,Q2,E00,entry_lognormal_annual_sd_1.2,-0.003173828125,False,TRUE,TRUE,False,8
20,Q2,E10,correct,-0.005828857421875,False,TRUE,TRUE,False,8
20,Q2,E10,hemlock_extra_hazard_0.12,-0.005828857421875,False,TRUE,TRUE,False,8
20,Q2,E10,entry_lognormal_annual_sd_1.2,-0.005828857421875,False,TRUE,TRUE,False,8
20,Q2,E01,correct,0.006744384765625,False,TRUE,TRUE,False,8
20,Q2,E01,hemlock_extra_hazard_0.12,0.006744384765625,False,TRUE,TRUE,False,8
20,Q2,E01,entry_lognormal_annual_sd_1.2,0.006744384765625,False,TRUE,TRUE,False,8
20,Q2,E11,correct,0.020233154296875,False,MC_UNRESOLVED,FALSE,False,8
20,Q2,E11,hemlock_extra_hazard_0.12,0.020233154296875,False,MC_UNRESOLVED,FALSE,False,8
20,Q2,E11,entry_lognormal_annual_sd_1.2,0.020233154296875,False,MC_UNRESOLVED,FALSE,False,8
21,Q1,E00,correct,-0.001220703125,False,TRUE,TRUE,False,8
21,Q1,E00,hemlock_extra_hazard_0.12,-0.001220703125,False,TRUE,TRUE,False,8
21,Q1,E00,entry_lognormal_annual_sd_1.2,-0.001220703125,False,TRUE,TRUE,False,8
21,Q1,E10,correct,-0.003082275390625,False,FALSE,FALSE,False,8
21,Q1,E10,hemlock_extra_hazard_0.12,-0.003082275390625,False,FALSE,FALSE,False,8
21,Q1,E10,entry_lognormal_annual_sd_1.2,-0.003082275390625,False,FALSE,FALSE,False,8
21,Q1,E01,correct,-0.008087158203125,False,TRUE,TRUE,False,8
21,Q1,E01,hemlock_extra_hazard_0.12,-0.008087158203125,False,TRUE,TRUE,False,8
21,Q1,E01,entry_lognormal_annual_sd_1.2,-0.008087158203125,False,TRUE,TRUE,False,8
21,Q1,E11,correct,-0.006622314453125,False,MC_UNRESOLVED,TRUE,False,8
21,Q1,E11,hemlock_extra_hazard_0.12,-0.006622314453125,False,MC_UNRESOLVED,TRUE,False,8
21,Q1,E11,entry_lognormal_annual_sd_1.2,-0.006622314453125,False,MC_UNRESOLVED,TRUE,False,8
21,Q2,E00,correct,-0.001220703125,False,TRUE,TRUE,False,8
21,Q2,E00,hemlock_extra_hazard_0.12,-0.001220703125,False,TRUE,TRUE,False,8
21,Q2,E00,entry_lognormal_annual_sd_1.2,-0.001220703125,False,TRUE,TRUE,False,8
21,Q2,E10,correct,-0.003082275390625,False,FALSE,FALSE,False,8
21,Q2,E10,hemlock_extra_hazard_0.12,-0.003082275390625,False,FALSE,FALSE,False,8
21,Q2,E10,entry_lognormal_annual_sd_1.2,-0.003082275390625,False,FALSE,FALSE,False,8
21,Q2,E01,correct,-0.008087158203125,False,TRUE,TRUE,False,8
21,Q2,E01,hemlock_extra_hazard_0.12,-0.008087158203125,False,TRUE,TRUE,False,8
21,Q2,E01,entry_lognormal_annual_sd_1.2,-0.008087158203125,False,TRUE,TRUE,False,8
21,Q2,E11,correct,-0.006622314453125,False,MC_UNRESOLVED,TRUE,False,8
21,Q2,E11,hemlock_extra_hazard_0.12,-0.006622314453125,False,MC_UNRESOLVED,TRUE,False,8
21,Q2,E11,entry_lognormal_annual_sd_1.2,-0.006622314453125,False,MC_UNRESOLVED,TRUE,False,8
22,Q1,E00,correct,0.003692626953125,False,TRUE,TRUE,False,8
22,Q1,E00,hemlock_extra_hazard_0.12,0.003692626953125,False,TRUE,TRUE,False,8
22,Q1,E00,entry_lognormal_annual_sd_1.2,0.003692626953125,False,TRUE,TRUE,False,8
22,Q1,E10,correct,-0.00054931640625,False,TRUE,TRUE,False,8
22,Q1,E10,hemlock_extra_hazard_0.12,-0.00054931640625,False,TRUE,TRUE,False,8
22,Q1,E10,entry_lognormal_annual_sd_1.2,-0.00054931640625,False,TRUE,TRUE,False,8
22,Q1,E01,correct,0.00714111328125,False,MC_UNRESOLVED,MC_UNRESOLVED,False,8
22,Q1,E01,hemlock_extra_hazard_0.12,0.00714111328125,False,MC_UNRESOLVED,MC_UNRESOLVED,False,8
22,Q1,E01,entry_lognormal_annual_sd_1.2,0.00714111328125,False,MC_UNRESOLVED,MC_UNRESOLVED,False,8
22,Q1,E11,correct,0.00146484375,False,MC_UNRESOLVED,TRUE,False,8
22,Q1,E11,hemlock_extra_hazard_0.12,0.00146484375,False,MC_UNRESOLVED,TRUE,False,8
22,Q1,E11,entry_lognormal_annual_sd_1.2,0.00146484375,False,MC_UNRESOLVED,TRUE,False,8
22,Q2,E00,correct,0.003692626953125,False,TRUE,TRUE,False,8
22,Q2,E00,hemlock_extra_hazard_0.12,0.003692626953125,False,TRUE,TRUE,False,8
22,Q2,E00,entry_lognormal_annual_sd_1.2,0.003692626953125,False,TRUE,TRUE,False,8
22,Q2,E10,correct,-0.00054931640625,False,TRUE,TRUE,False,8
22,Q2,E10,hemlock_extra_hazard_0.12,-0.00054931640625,False,TRUE,TRUE,False,8
22,Q2,E10,entry_lognormal_annual_sd_1.2,-0.00054931640625,False,TRUE,TRUE,False,8
22,Q2,E01,correct,0.00714111328125,False,MC_UNRESOLVED,MC_UNRESOLVED,False,8
22,Q2,E01,hemlock_extra_hazard_0.12,0.00714111328125,False,MC_UNRESOLVED,MC_UNRESOLVED,False,8
22,Q2,E01,entry_lognormal_annual_sd_1.2,0.00714111328125,False,MC_UNRESOLVED,MC_UNRESOLVED,False,8
22,Q2,E11,correct,0.00146484375,False,MC_UNRESOLVED,TRUE,False,8
22,Q2,E11,hemlock_extra_hazard_0.12,0.00146484375,False,MC_UNRESOLVED,TRUE,False,8
22,Q2,E11,entry_lognormal_annual_sd_1.2,0.00146484375,False,MC_UNRESOLVED,TRUE,False,8
23,Q1,E00,correct,0.000701904296875,False,TRUE,TRUE,False,8
23,Q1,E00,hemlock_extra_hazard_0.12,0.000701904296875,False,TRUE,TRUE,False,8
23,Q1,E00,entry_lognormal_annual_sd_1.2,0.000701904296875,False,TRUE,TRUE,False,8
23,Q1,E10,correct,-0.006927490234375,False,TRUE,TRUE,False,8
23,Q1,E10,hemlock_extra_hazard_0.12,-0.006927490234375,False,TRUE,TRUE,False,8
23,Q1,E10,entry_lognormal_annual_sd_1.2,-0.006927490234375,False,TRUE,TRUE,False,8
23,Q1,E01,correct,0.000732421875,False,TRUE,TRUE,False,8
23,Q1,E01,hemlock_extra_hazard_0.12,0.000732421875,False,TRUE,TRUE,False,8
23,Q1,E01,entry_lognormal_annual_sd_1.2,0.000732421875,False,TRUE,TRUE,False,8
23,Q1,E11,correct,-0.00048828125,False,TRUE,TRUE,False,8
23,Q1,E11,hemlock_extra_hazard_0.12,-0.00048828125,False,TRUE,TRUE,False,8
23,Q1,E11,entry_lognormal_annual_sd_1.2,-0.00048828125,False,TRUE,TRUE,False,8
23,Q2,E00,correct,0.000701904296875,False,TRUE,TRUE,False,8
23,Q2,E00,hemlock_extra_hazard_0.12,0.000701904296875,False,TRUE,TRUE,False,8
23,Q2,E00,entry_lognormal_annual_sd_1.2,0.000701904296875,False,TRUE,TRUE,False,8
23,Q2,E10,correct,-0.006927490234375,False,TRUE,TRUE,False,8
23,Q2,E10,hemlock_extra_hazard_0.12,-0.006927490234375,False,TRUE,TRUE,False,8
23,Q2,E10,entry_lognormal_annual_sd_1.2,-0.006927490234375,False,TRUE,TRUE,False,8
23,Q2,E01,correct,0.000732421875,False,TRUE,TRUE,False,8
23,Q2,E01,hemlock_extra_hazard_0.12,0.000732421875,False,TRUE,TRUE,False,8
23,Q2,E01,entry_lognormal_annual_sd_1.2,0.000732421875,False,TRUE,TRUE,False,8
23,Q2,E11,correct,-0.00048828125,False,TRUE,TRUE,False,8
23,Q2,E11,hemlock_extra_hazard_0.12,-0.00048828125,False,TRUE,TRUE,False,8
23,Q2,E11,entry_lognormal_annual_sd_1.2,-0.00048828125,False,TRUE,TRUE,False,8
24,Q1,E00,correct,-0.0023193359375,False,TRUE,TRUE,False,8
24,Q1,E00,hemlock_extra_hazard_0.12,-0.0023193359375,False,TRUE,TRUE,False,8
24,Q1,E00,entry_lognormal_annual_sd_1.2,-0.0023193359375,False,TRUE,TRUE,False,8
24,Q1,E10,correct,0.007537841796875,False,FALSE,FALSE,False,8
24,Q1,E10,hemlock_extra_hazard_0.12,0.007537841796875,False,FALSE,FALSE,False,8
24,Q1,E10,entry_lognormal_annual_sd_1.2,0.007537841796875,False,FALSE,FALSE,False,8
24,Q1,E01,correct,0.001251220703125,False,TRUE,TRUE,False,8
24,Q1,E01,hemlock_extra_hazard_0.12,0.001251220703125,False,TRUE,TRUE,False,8
24,Q1,E01,entry_lognormal_annual_sd_1.2,0.001251220703125,False,TRUE,TRUE,False,8
24,Q1,E11,correct,0.010894775390625,False,FALSE,FALSE,False,8
24,Q1,E11,hemlock_extra_hazard_0.12,0.010894775390625,False,FALSE,FALSE,False,8
24,Q1,E11,entry_lognormal_annual_sd_1.2,0.010894775390625,False,FALSE,FALSE,False,8
24,Q2,E00,correct,-0.0023193359375,False,TRUE,TRUE,False,8
24,Q2,E00,hemlock_extra_hazard_0.12,-0.0023193359375,False,TRUE,TRUE,False,8
24,Q2,E00,entry_lognormal_annual_sd_1.2,-0.0023193359375,False,TRUE,TRUE,False,8
24,Q2,E10,correct,0.007537841796875,False,FALSE,FALSE,False,8
24,Q2,E10,hemlock_extra_hazard_0.12,0.007537841796875,False,FALSE,FALSE,False,8
24,Q2,E10,entry_lognormal_annual_sd_1.2,0.007537841796875,False,FALSE,FALSE,False,8
24,Q2,E01,correct,0.001251220703125,False,TRUE,TRUE,False,8
24,Q2,E01,hemlock_extra_hazard_0.12,0.001251220703125,False,TRUE,TRUE,False,8
24,Q2,E01,entry_lognormal_annual_sd_1.2,0.001251220703125,False,TRUE,TRUE,False,8
24,Q2,E11,correct,0.010894775390625,False,FALSE,FALSE,False,8
24,Q2,E11,hemlock_extra_hazard_0.12,0.010894775390625,False,FALSE,FALSE,False,8
24,Q2,E11,entry_lognormal_annual_sd_1.2,0.010894775390625,False,FALSE,FALSE,False,8
25,Q1,E00,correct,0.002960205078125,False,TRUE,TRUE,False,8
25,Q1,E00,hemlock_extra_hazard_0.12,0.002960205078125,False,TRUE,TRUE,False,8
25,Q1,E00,entry_lognormal_annual_sd_1.2,0.002960205078125,False,TRUE,TRUE,False,8
25,Q1,E10,correct,-0.001129150390625,False,FALSE,FALSE,False,8
25,Q1,E10,hemlock_extra_hazard_0.12,-0.001129150390625,False,FALSE,FALSE,False,8
25,Q1,E10,entry_lognormal_annual_sd_1.2,-0.001129150390625,False,FALSE,FALSE,False,8
25,Q1,E01,correct,0.000335693359375,False,TRUE,TRUE,False,8
25,Q1,E01,hemlock_extra_hazard_0.12,0.000335693359375,False,TRUE,TRUE,False,8
25,Q1,E01,entry_lognormal_annual_sd_1.2,0.000335693359375,False,TRUE,TRUE,False,8
25,Q1,E11,correct,0.003753662109375,False,MC_UNRESOLVED,FALSE,False,8
25,Q1,E11,hemlock_extra_hazard_0.12,0.003753662109375,False,MC_UNRESOLVED,FALSE,False,8
25,Q1,E11,entry_lognormal_annual_sd_1.2,0.003753662109375,False,MC_UNRESOLVED,FALSE,False,8
25,Q2,E00,correct,0.002960205078125,False,TRUE,TRUE,False,8
25,Q2,E00,hemlock_extra_hazard_0.12,0.002960205078125,False,TRUE,TRUE,False,8
25,Q2,E00,entry_lognormal_annual_sd_1.2,0.002960205078125,False,TRUE,TRUE,False,8
25,Q2,E10,correct,-0.001129150390625,False,FALSE,FALSE,False,8
25,Q2,E10,hemlock_extra_hazard_0.12,-0.001129150390625,False,FALSE,FALSE,False,8
25,Q2,E10,entry_lognormal_annual_sd_1.2,-0.001129150390625,False,FALSE,FALSE,False,8
25,Q2,E01,correct,0.000335693359375,False,TRUE,TRUE,False,8
25,Q2,E01,hemlock_extra_hazard_0.12,0.000335693359375,False,TRUE,TRUE,False,8
25,Q2,E01,entry_lognormal_annual_sd_1.2,0.000335693359375,False,TRUE,TRUE,False,8
25,Q2,E11,correct,0.003753662109375,False,MC_UNRESOLVED,FALSE,False,8
25,Q2,E11,hemlock_extra_hazard_0.12,0.003753662109375,False,MC_UNRESOLVED,FALSE,False,8
25,Q2,E11,entry_lognormal_annual_sd_1.2,0.003753662109375,False,MC_UNRESOLVED,FALSE,False,8
26,Q1,E00,correct,-0.001861572265625,False,TRUE,TRUE,True,8
26,Q1,E00,hemlock_extra_hazard_0.12,-0.001861572265625,False,TRUE,TRUE,False,8
26,Q1,E00,entry_lognormal_annual_sd_1.2,-0.001861572265625,False,TRUE,TRUE,True,8
26,Q1,E10,correct,0.003326416015625,False,TRUE,TRUE,True,8
26,Q1,E10,hemlock_extra_hazard_0.12,0.003326416015625,False,TRUE,TRUE,False,8
26,Q1,E10,entry_lognormal_annual_sd_1.2,0.003326416015625,False,TRUE,TRUE,True,8
26,Q1,E01,correct,-0.003387451171875,False,TRUE,TRUE,True,8
26,Q1,E01,hemlock_extra_hazard_0.12,-0.003387451171875,False,TRUE,TRUE,False,8
26,Q1,E01,entry_lognormal_annual_sd_1.2,-0.003387451171875,False,TRUE,TRUE,True,8
26,Q1,E11,correct,-0.00469970703125,True,MC_UNRESOLVED,MC_UNRESOLVED,True,8
26,Q1,E11,hemlock_extra_hazard_0.12,-0.00469970703125,True,MC_UNRESOLVED,MC_UNRESOLVED,False,8
26,Q1,E11,entry_lognormal_annual_sd_1.2,-0.00469970703125,True,MC_UNRESOLVED,MC_UNRESOLVED,True,8
26,Q2,E00,correct,-0.001861572265625,False,TRUE,TRUE,True,8
26,Q2,E00,hemlock_extra_hazard_0.12,-0.001861572265625,False,TRUE,TRUE,False,8
26,Q2,E00,entry_lognormal_annual_sd_1.2,-0.001861572265625,False,TRUE,TRUE,True,8
26,Q2,E10,correct,0.003326416015625,False,TRUE,TRUE,True,8
26,Q2,E10,hemlock_extra_hazard_0.12,0.003326416015625,False,TRUE,TRUE,False,8
26,Q2,E10,entry_lognormal_annual_sd_1.2,0.003326416015625,False,TRUE,TRUE,True,8
26,Q2,E01,correct,-0.003387451171875,False,TRUE,TRUE,True,8
26,Q2,E01,hemlock_extra_hazard_0.12,-0.003387451171875,False,TRUE,TRUE,False,8
26,Q2,E01,entry_lognormal_annual_sd_1.2,-0.003387451171875,False,TRUE,TRUE,True,8
26,Q2,E11,correct,-0.00469970703125,True,MC_UNRESOLVED,MC_UNRESOLVED,True,8
26,Q2,E11,hemlock_extra_hazard_0.12,-0.00469970703125,True,MC_UNRESOLVED,MC_UNRESOLVED,False,8
26,Q2,E11,entry_lognormal_annual_sd_1.2,-0.00469970703125,True,MC_UNRESOLVED,MC_UNRESOLVED,True,8
27,Q1,E00,correct,-0.006988525390625,False,TRUE,TRUE,False,8
27,Q1,E00,hemlock_extra_hazard_0.12,-0.006988525390625,False,TRUE,TRUE,False,8
27,Q1,E00,entry_lognormal_annual_sd_1.2,-0.006988525390625,False,TRUE,TRUE,False,8
27,Q1,E10,correct,-0.0040283203125,False,FALSE,FALSE,False,8
27,Q1,E10,hemlock_extra_hazard_0.12,-0.0040283203125,False,FALSE,FALSE,False,8
27,Q1,E10,entry_lognormal_annual_sd_1.2,-0.0040283203125,False,FALSE,FALSE,False,8
27,Q1,E01,correct,-0.00616455078125,False,TRUE,TRUE,False,8
27,Q1,E01,hemlock_extra_hazard_0.12,-0.00616455078125,False,TRUE,TRUE,False,8
27,Q1,E01,entry_lognormal_annual_sd_1.2,-0.00616455078125,False,TRUE,TRUE,False,8
27,Q1,E11,correct,0.007232666015625,False,MC_UNRESOLVED,MC_UNRESOLVED,False,8
27,Q1,E11,hemlock_extra_hazard_0.12,0.007232666015625,False,MC_UNRESOLVED,MC_UNRESOLVED,False,8
27,Q1,E11,entry_lognormal_annual_sd_1.2,0.007232666015625,False,MC_UNRESOLVED,MC_UNRESOLVED,False,8
27,Q2,E00,correct,-0.006988525390625,False,TRUE,TRUE,False,8
27,Q2,E00,hemlock_extra_hazard_0.12,-0.006988525390625,False,TRUE,TRUE,False,8
27,Q2,E00,entry_lognormal_annual_sd_1.2,-0.006988525390625,False,TRUE,TRUE,False,8
27,Q2,E10,correct,-0.0040283203125,False,FALSE,FALSE,False,8
27,Q2,E10,hemlock_extra_hazard_0.12,-0.0040283203125,False,FALSE,FALSE,False,8
27,Q2,E10,entry_lognormal_annual_sd_1.2,-0.0040283203125,False,FALSE,FALSE,False,8
27,Q2,E01,correct,-0.00616455078125,False,TRUE,TRUE,False,8
27,Q2,E01,hemlock_extra_hazard_0.12,-0.00616455078125,False,TRUE,TRUE,False,8
27,Q2,E01,entry_lognormal_annual_sd_1.2,-0.00616455078125,False,TRUE,TRUE,False,8
27,Q2,E11,correct,0.007232666015625,False,MC_UNRESOLVED,MC_UNRESOLVED,False,8
27,Q2,E11,hemlock_extra_hazard_0.12,0.007232666015625,False,MC_UNRESOLVED,MC_UNRESOLVED,False,8
27,Q2,E11,entry_lognormal_annual_sd_1.2,0.007232666015625,False,MC_UNRESOLVED,MC_UNRESOLVED,False,8
28,Q1,E00,correct,0.000335693359375,False,TRUE,TRUE,False,8
28,Q1,E00,hemlock_extra_hazard_0.12,0.000335693359375,False,TRUE,TRUE,False,8
28,Q1,E00,entry_lognormal_annual_sd_1.2,0.000335693359375,False,TRUE,TRUE,False,8
28,Q1,E10,correct,-3.0517578125e-05,False,TRUE,TRUE,False,8
28,Q1,E10,hemlock_extra_hazard_0.12,-3.0517578125e-05,False,TRUE,TRUE,False,8
28,Q1,E10,entry_lognormal_annual_sd_1.2,-3.0517578125e-05,False,TRUE,TRUE,False,8
28,Q1,E01,correct,0.004974365234375,False,TRUE,TRUE,False,8
28,Q1,E01,hemlock_extra_hazard_0.12,0.004974365234375,False,TRUE,TRUE,False,8
28,Q1,E01,entry_lognormal_annual_sd_1.2,0.004974365234375,False,TRUE,TRUE,False,8
28,Q1,E11,correct,0.00738525390625,False,MC_UNRESOLVED,TRUE,False,8
28,Q1,E11,hemlock_extra_hazard_0.12,0.00738525390625,False,MC_UNRESOLVED,TRUE,False,8
28,Q1,E11,entry_lognormal_annual_sd_1.2,0.00738525390625,False,MC_UNRESOLVED,TRUE,False,8
28,Q2,E00,correct,0.000335693359375,False,TRUE,TRUE,False,8
28,Q2,E00,hemlock_extra_hazard_0.12,0.000335693359375,False,TRUE,TRUE,False,8
28,Q2,E00,entry_lognormal_annual_sd_1.2,0.000335693359375,False,TRUE,TRUE,False,8
28,Q2,E10,correct,-3.0517578125e-05,False,TRUE,TRUE,False,8
28,Q2,E10,hemlock_extra_hazard_0.12,-3.0517578125e-05,False,TRUE,TRUE,False,8
28,Q2,E10,entry_lognormal_annual_sd_1.2,-3.0517578125e-05,False,TRUE,TRUE,False,8
28,Q2,E01,correct,0.004974365234375,False,TRUE,TRUE,False,8
28,Q2,E01,hemlock_extra_hazard_0.12,0.004974365234375,False,TRUE,TRUE,False,8
28,Q2,E01,entry_lognormal_annual_sd_1.2,0.004974365234375,False,TRUE,TRUE,False,8
28,Q2,E11,correct,0.00738525390625,False,MC_UNRESOLVED,TRUE,False,8
28,Q2,E11,hemlock_extra_hazard_0.12,0.00738525390625,False,MC_UNRESOLVED,TRUE,False,8
28,Q2,E11,entry_lognormal_annual_sd_1.2,0.00738525390625,False,MC_UNRESOLVED,TRUE,False,8
29,Q1,E00,correct,-0.003662109375,False,TRUE,TRUE,False,8
29,Q1,E00,hemlock_extra_hazard_0.12,-0.003662109375,False,TRUE,TRUE,False,8
29,Q1,E00,entry_lognormal_annual_sd_1.2,-0.003662109375,False,TRUE,TRUE,False,8
29,Q1,E10,correct,0.007476806640625,False,MC_UNRESOLVED,MC_UNRESOLVED,False,8
29,Q1,E10,hemlock_extra_hazard_0.12,0.007476806640625,False,MC_UNRESOLVED,MC_UNRESOLVED,False,8
29,Q1,E10,entry_lognormal_annual_sd_1.2,0.007476806640625,False,MC_UNRESOLVED,MC_UNRESOLVED,False,8
29,Q1,E01,correct,-6.103515625e-05,False,TRUE,TRUE,False,8
29,Q1,E01,hemlock_extra_hazard_0.12,-6.103515625e-05,False,TRUE,TRUE,False,8
29,Q1,E01,entry_lognormal_annual_sd_1.2,-6.103515625e-05,False,TRUE,TRUE,False,8
29,Q1,E11,correct,0.001739501953125,False,TRUE,TRUE,False,8
29,Q1,E11,hemlock_extra_hazard_0.12,0.001739501953125,False,TRUE,TRUE,False,8
29,Q1,E11,entry_lognormal_annual_sd_1.2,0.001739501953125,False,TRUE,TRUE,False,8
29,Q2,E00,correct,-0.003662109375,False,TRUE,TRUE,False,8
29,Q2,E00,hemlock_extra_hazard_0.12,-0.003662109375,False,TRUE,TRUE,False,8
29,Q2,E00,entry_lognormal_annual_sd_1.2,-0.003662109375,False,TRUE,TRUE,False,8
29,Q2,E10,correct,0.007476806640625,False,MC_UNRESOLVED,MC_UNRESOLVED,False,8
29,Q2,E10,hemlock_extra_hazard_0.12,0.007476806640625,False,MC_UNRESOLVED,MC_UNRESOLVED,False,8
29,Q2,E10,entry_lognormal_annual_sd_1.2,0.007476806640625,False,MC_UNRESOLVED,MC_UNRESOLVED,False,8
29,Q2,E01,correct,-6.103515625e-05,False,TRUE,TRUE,False,8
29,Q2,E01,hemlock_extra_hazard_0.12,-6.103515625e-05,False,TRUE,TRUE,False,8
29,Q2,E01,entry_lognormal_annual_sd_1.2,-6.103515625e-05,False,TRUE,TRUE,False,8
29,Q2,E11,correct,0.001739501953125,False,TRUE,TRUE,False,8
29,Q2,E11,hemlock_extra_hazard_0.12,0.001739501953125,False,TRUE,TRUE,False,8
29,Q2,E11,entry_lognormal_annual_sd_1.2,0.001739501953125,False,TRUE,TRUE,False,8
30,Q1,E00,correct,0.003265380859375,False,TRUE,TRUE,False,8
30,Q1,E00,hemlock_extra_hazard_0.12,0.003265380859375,False,TRUE,TRUE,False,8
30,Q1,E00,entry_lognormal_annual_sd_1.2,0.003265380859375,False,TRUE,TRUE,False,8
30,Q1,E10,correct,0.007537841796875,True,MC_UNRESOLVED,FALSE,False,8
30,Q1,E10,hemlock_extra_hazard_0.12,0.007537841796875,True,MC_UNRESOLVED,FALSE,False,8
30,Q1,E10,entry_lognormal_annual_sd_1.2,0.007537841796875,True,MC_UNRESOLVED,FALSE,False,8
30,Q1,E01,correct,-0.0047607421875,False,TRUE,TRUE,False,8
30,Q1,E01,hemlock_extra_hazard_0.12,-0.0047607421875,False,TRUE,TRUE,False,8
30,Q1,E01,entry_lognormal_annual_sd_1.2,-0.0047607421875,False,TRUE,TRUE,False,8
30,Q1,E11,correct,0.009613037109375,False,FALSE,FALSE,False,8
30,Q1,E11,hemlock_extra_hazard_0.12,0.009613037109375,False,FALSE,FALSE,False,8
30,Q1,E11,entry_lognormal_annual_sd_1.2,0.009613037109375,False,FALSE,FALSE,False,8
30,Q2,E00,correct,0.003265380859375,False,TRUE,TRUE,False,8
30,Q2,E00,hemlock_extra_hazard_0.12,0.003265380859375,False,TRUE,TRUE,False,8
30,Q2,E00,entry_lognormal_annual_sd_1.2,0.003265380859375,False,TRUE,TRUE,False,8
30,Q2,E10,correct,0.007537841796875,True,MC_UNRESOLVED,FALSE,False,8
30,Q2,E10,hemlock_extra_hazard_0.12,0.007537841796875,True,MC_UNRESOLVED,FALSE,False,8
30,Q2,E10,entry_lognormal_annual_sd_1.2,0.007537841796875,True,MC_UNRESOLVED,FALSE,False,8
30,Q2,E01,correct,-0.0047607421875,False,TRUE,TRUE,False,8
30,Q2,E01,hemlock_extra_hazard_0.12,-0.0047607421875,False,TRUE,TRUE,False,8
30,Q2,E01,entry_lognormal_annual_sd_1.2,-0.0047607421875,False,TRUE,TRUE,False,8
30,Q2,E11,correct,0.009613037109375,False,FALSE,FALSE,False,8
30,Q2,E11,hemlock_extra_hazard_0.12,0.009613037109375,False,FALSE,FALSE,False,8
30,Q2,E11,entry_lognormal_annual_sd_1.2,0.009613037109375,False,FALSE,FALSE,False,8
31,Q1,E00,correct,-0.0018310546875,False,TRUE,TRUE,False,8
31,Q1,E00,hemlock_extra_hazard_0.12,-0.0018310546875,False,TRUE,TRUE,False,8
31,Q1,E00,entry_lognormal_annual_sd_1.2,-0.0018310546875,False,TRUE,TRUE,False,8
31,Q1,E10,correct,-0.004150390625,False,FALSE,FALSE,False,8
31,Q1,E10,hemlock_extra_hazard_0.12,-0.004150390625,False,FALSE,FALSE,False,8
31,Q1,E10,entry_lognormal_annual_sd_1.2,-0.004150390625,False,FALSE,FALSE,False,8
31,Q1,E01,correct,0.001373291015625,False,TRUE,TRUE,False,8
31,Q1,E01,hemlock_extra_hazard_0.12,0.001373291015625,False,TRUE,TRUE,False,8
31,Q1,E01,entry_lognormal_annual_sd_1.2,0.001373291015625,False,TRUE,TRUE,False,8
31,Q1,E11,correct,-0.0057373046875,False,MC_UNRESOLVED,FALSE,False,8
31,Q1,E11,hemlock_extra_hazard_0.12,-0.0057373046875,False,MC_UNRESOLVED,FALSE,False,8
31,Q1,E11,entry_lognormal_annual_sd_1.2,-0.0057373046875,False,MC_UNRESOLVED,FALSE,False,8
31,Q2,E00,correct,-0.0018310546875,False,TRUE,TRUE,False,8
31,Q2,E00,hemlock_extra_hazard_0.12,-0.0018310546875,False,TRUE,TRUE,False,8
31,Q2,E00,entry_lognormal_annual_sd_1.2,-0.0018310546875,False,TRUE,TRUE,False,8
31,Q2,E10,correct,-0.004150390625,False,FALSE,FALSE,False,8
31,Q2,E10,hemlock_extra_hazard_0.12,-0.004150390625,False,FALSE,FALSE,False,8
31,Q2,E10,entry_lognormal_annual_sd_1.2,-0.004150390625,False,FALSE,FALSE,False,8
31,Q2,E01,correct,0.001373291015625,False,TRUE,TRUE,False,8
31,Q2,E01,hemlock_extra_hazard_0.12,0.001373291015625,False,TRUE,TRUE,False,8
31,Q2,E01,entry_lognormal_annual_sd_1.2,0.001373291015625,False,TRUE,TRUE,False,8
31,Q2,E11,correct,-0.0057373046875,False,MC_UNRESOLVED,FALSE,False,8
31,Q2,E11,hemlock_extra_hazard_0.12,-0.0057373046875,False,MC_UNRESOLVED,FALSE,False,8
31,Q2,E11,entry_lognormal_annual_sd_1.2,-0.0057373046875,False,MC_UNRESOLVED,FALSE,False,8
32,Q1,E00,correct,-0.00604248046875,False,TRUE,TRUE,True,8
32,Q1,E00,hemlock_extra_hazard_0.12,-0.00604248046875,False,TRUE,TRUE,False,8
32,Q1,E00,entry_lognormal_annual_sd_1.2,-0.00604248046875,False,TRUE,TRUE,True,8
32,Q1,E10,correct,0.005096435546875,False,MC_UNRESOLVED,MC_UNRESOLVED,True,8
32,Q1,E10,hemlock_extra_hazard_0.12,0.005096435546875,False,MC_UNRESOLVED,MC_UNRESOLVED,False,8
32,Q1,E10,entry_lognormal_annual_sd_1.2,0.005096435546875,False,MC_UNRESOLVED,MC_UNRESOLVED,True,8
32,Q1,E01,correct,0.00091552734375,False,TRUE,TRUE,True,8
32,Q1,E01,hemlock_extra_hazard_0.12,0.00091552734375,False,TRUE,TRUE,False,8
32,Q1,E01,entry_lognormal_annual_sd_1.2,0.00091552734375,False,TRUE,TRUE,True,8
32,Q1,E11,correct,-0.0126953125,False,MC_UNRESOLVED,MC_UNRESOLVED,True,8
32,Q1,E11,hemlock_extra_hazard_0.12,-0.0126953125,False,MC_UNRESOLVED,MC_UNRESOLVED,False,8
32,Q1,E11,entry_lognormal_annual_sd_1.2,-0.0126953125,False,MC_UNRESOLVED,MC_UNRESOLVED,True,8
32,Q2,E00,correct,-0.00604248046875,False,TRUE,TRUE,True,8
32,Q2,E00,hemlock_extra_hazard_0.12,-0.00604248046875,False,TRUE,TRUE,False,8
32,Q2,E00,entry_lognormal_annual_sd_1.2,-0.00604248046875,False,TRUE,TRUE,True,8
32,Q2,E10,correct,0.005096435546875,False,MC_UNRESOLVED,MC_UNRESOLVED,True,8
32,Q2,E10,hemlock_extra_hazard_0.12,0.005096435546875,False,MC_UNRESOLVED,MC_UNRESOLVED,False,8
32,Q2,E10,entry_lognormal_annual_sd_1.2,0.005096435546875,False,MC_UNRESOLVED,MC_UNRESOLVED,True,8
32,Q2,E01,correct,0.00091552734375,False,TRUE,TRUE,True,8
32,Q2,E01,hemlock_extra_hazard_0.12,0.00091552734375,False,TRUE,TRUE,False,8
32,Q2,E01,entry_lognormal_annual_sd_1.2,0.00091552734375,False,TRUE,TRUE,True,8
32,Q2,E11,correct,-0.0126953125,False,MC_UNRESOLVED,MC_UNRESOLVED,True,8
32,Q2,E11,hemlock_extra_hazard_0.12,-0.0126953125,False,MC_UNRESOLVED,MC_UNRESOLVED,False,8
32,Q2,E11,entry_lognormal_annual_sd_1.2,-0.0126953125,False,MC_UNRESOLVED,MC_UNRESOLVED,True,8
33,Q1,E00,correct,-0.000274658203125,False,TRUE,TRUE,True,8
33,Q1,E00,hemlock_extra_hazard_0.12,-0.000274658203125,False,TRUE,TRUE,False,8
33,Q1,E00,entry_lognormal_annual_sd_1.2,-0.000274658203125,False,TRUE,TRUE,False,8
33,Q1,E10,correct,-0.012603759765625,False,TRUE,TRUE,True,8
33,Q1,E10,hemlock_extra_hazard_0.12,-0.012603759765625,False,TRUE,TRUE,False,8
33,Q1,E10,entry_lognormal_annual_sd_1.2,-0.012603759765625,False,TRUE,TRUE,False,8
33,Q1,E01,correct,-0.000518798828125,False,TRUE,TRUE,True,8
33,Q1,E01,hemlock_extra_hazard_0.12,-0.000518798828125,False,TRUE,TRUE,False,8
33,Q1,E01,entry_lognormal_annual_sd_1.2,-0.000518798828125,False,TRUE,TRUE,False,8
33,Q1,E11,correct,0.001708984375,False,MC_UNRESOLVED,MC_UNRESOLVED,True,8
33,Q1,E11,hemlock_extra_hazard_0.12,0.001708984375,False,MC_UNRESOLVED,MC_UNRESOLVED,False,8
33,Q1,E11,entry_lognormal_annual_sd_1.2,0.001708984375,False,MC_UNRESOLVED,MC_UNRESOLVED,False,8
33,Q2,E00,correct,-0.000274658203125,False,TRUE,TRUE,True,8
33,Q2,E00,hemlock_extra_hazard_0.12,-0.000274658203125,False,TRUE,TRUE,False,8
33,Q2,E00,entry_lognormal_annual_sd_1.2,-0.000274658203125,False,TRUE,TRUE,False,8
33,Q2,E10,correct,-0.012603759765625,False,TRUE,TRUE,True,8
33,Q2,E10,hemlock_extra_hazard_0.12,-0.012603759765625,False,TRUE,TRUE,False,8
33,Q2,E10,entry_lognormal_annual_sd_1.2,-0.012603759765625,False,TRUE,TRUE,False,8
33,Q2,E01,correct,-0.000518798828125,False,TRUE,TRUE,True,8
33,Q2,E01,hemlock_extra_hazard_0.12,-0.000518798828125,False,TRUE,TRUE,False,8
33,Q2,E01,entry_lognormal_annual_sd_1.2,-0.000518798828125,False,TRUE,TRUE,False,8
33,Q2,E11,correct,0.001708984375,False,MC_UNRESOLVED,MC_UNRESOLVED,True,8
33,Q2,E11,hemlock_extra_hazard_0.12,0.001708984375,False,MC_UNRESOLVED,MC_UNRESOLVED,False,8
33,Q2,E11,entry_lognormal_annual_sd_1.2,0.001708984375,False,MC_UNRESOLVED,MC_UNRESOLVED,False,8
34,Q1,E00,correct,-6.103515625e-05,False,TRUE,TRUE,False,8
34,Q1,E00,hemlock_extra_hazard_0.12,-6.103515625e-05,False,TRUE,TRUE,False,8
34,Q1,E00,entry_lognormal_annual_sd_1.2,-6.103515625e-05,False,TRUE,TRUE,False,8
34,Q1,E10,correct,-0.003814697265625,False,TRUE,TRUE,False,8
34,Q1,E10,hemlock_extra_hazard_0.12,-0.003814697265625,False,TRUE,TRUE,False,8
34,Q1,E10,entry_lognormal_annual_sd_1.2,-0.003814697265625,False,TRUE,TRUE,False,8
34,Q1,E01,correct,0.001953125,False,TRUE,TRUE,False,8
34,Q1,E01,hemlock_extra_hazard_0.12,0.001953125,False,TRUE,TRUE,False,8
34,Q1,E01,entry_lognormal_annual_sd_1.2,0.001953125,False,TRUE,TRUE,False,8
34,Q1,E11,correct,0.01190185546875,False,MC_UNRESOLVED,TRUE,False,8
34,Q1,E11,hemlock_extra_hazard_0.12,0.01190185546875,False,MC_UNRESOLVED,TRUE,False,8
34,Q1,E11,entry_lognormal_annual_sd_1.2,0.01190185546875,False,MC_UNRESOLVED,TRUE,False,8
34,Q2,E00,correct,-6.103515625e-05,False,TRUE,TRUE,False,8
34,Q2,E00,hemlock_extra_hazard_0.12,-6.103515625e-05,False,TRUE,TRUE,False,8
34,Q2,E00,entry_lognormal_annual_sd_1.2,-6.103515625e-05,False,TRUE,TRUE,False,8
34,Q2,E10,correct,-0.003814697265625,False,TRUE,TRUE,False,8
34,Q2,E10,hemlock_extra_hazard_0.12,-0.003814697265625,False,TRUE,TRUE,False,8
34,Q2,E10,entry_lognormal_annual_sd_1.2,-0.003814697265625,False,TRUE,TRUE,False,8
34,Q2,E01,correct,0.001953125,False,TRUE,TRUE,False,8
34,Q2,E01,hemlock_extra_hazard_0.12,0.001953125,False,TRUE,TRUE,False,8
34,Q2,E01,entry_lognormal_annual_sd_1.2,0.001953125,False,TRUE,TRUE,False,8
34,Q2,E11,correct,0.01190185546875,False,MC_UNRESOLVED,TRUE,False,8
34,Q2,E11,hemlock_extra_hazard_0.12,0.01190185546875,False,MC_UNRESOLVED,TRUE,False,8
34,Q2,E11,entry_lognormal_annual_sd_1.2,0.01190185546875,False,MC_UNRESOLVED,TRUE,False,8
35,Q1,E00,correct,0.0069580078125,False,TRUE,TRUE,False,8
35,Q1,E00,hemlock_extra_hazard_0.12,0.0069580078125,False,TRUE,TRUE,False,8
35,Q1,E00,entry_lognormal_annual_sd_1.2,0.0069580078125,False,TRUE,TRUE,False,8
35,Q1,E10,correct,-0.001129150390625,False,TRUE,TRUE,False,8
35,Q1,E10,hemlock_extra_hazard_0.12,-0.001129150390625,False,TRUE,TRUE,False,8
35,Q1,E10,entry_lognormal_annual_sd_1.2,-0.001129150390625,False,TRUE,TRUE,False,8
35,Q1,E01,correct,0.0029296875,False,TRUE,TRUE,False,8
35,Q1,E01,hemlock_extra_hazard_0.12,0.0029296875,False,TRUE,TRUE,False,8
35,Q1,E01,entry_lognormal_annual_sd_1.2,0.0029296875,False,TRUE,TRUE,False,8
35,Q1,E11,correct,-0.000457763671875,False,TRUE,TRUE,False,8
35,Q1,E11,hemlock_extra_hazard_0.12,-0.000457763671875,False,TRUE,TRUE,False,8
35,Q1,E11,entry_lognormal_annual_sd_1.2,-0.000457763671875,False,TRUE,TRUE,False,8
35,Q2,E00,correct,0.0069580078125,False,TRUE,TRUE,False,8
35,Q2,E00,hemlock_extra_hazard_0.12,0.0069580078125,False,TRUE,TRUE,False,8
35,Q2,E00,entry_lognormal_annual_sd_1.2,0.0069580078125,False,TRUE,TRUE,False,8
35,Q2,E10,correct,-0.001129150390625,False,TRUE,TRUE,False,8
35,Q2,E10,hemlock_extra_hazard_0.12,-0.001129150390625,False,TRUE,TRUE,False,8
35,Q2,E10,entry_lognormal_annual_sd_1.2,-0.001129150390625,False,TRUE,TRUE,False,8
35,Q2,E01,correct,0.0029296875,False,TRUE,TRUE,False,8
35,Q2,E01,hemlock_extra_hazard_0.12,0.0029296875,False,TRUE,TRUE,False,8
35,Q2,E01,entry_lognormal_annual_sd_1.2,0.0029296875,False,TRUE,TRUE,False,8
35,Q2,E11,correct,-0.000457763671875,False,TRUE,TRUE,False,8
35,Q2,E11,hemlock_extra_hazard_0.12,-0.000457763671875,False,TRUE,TRUE,False,8
35,Q2,E11,entry_lognormal_annual_sd_1.2,-0.000457763671875,False,TRUE,TRUE,False,8
36,Q1,E00,correct,-0.00189208984375,False,FALSE,FALSE,False,8
36,Q1,E00,hemlock_extra_hazard_0.12,-0.00189208984375,False,FALSE,FALSE,False,8
36,Q1,E00,entry_lognormal_annual_sd_1.2,-0.00189208984375,False,FALSE,FALSE,False,8
36,Q1,E10,correct,-0.00250244140625,False,MC_UNRESOLVED,MC_UNRESOLVED,False,8
36,Q1,E10,hemlock_extra_hazard_0.12,-0.00250244140625,False,MC_UNRESOLVED,MC_UNRESOLVED,False,8
36,Q1,E10,entry_lognormal_annual_sd_1.2,-0.00250244140625,False,MC_UNRESOLVED,MC_UNRESOLVED,False,8
36,Q1,E01,correct,-0.000579833984375,False,FALSE,FALSE,False,8
36,Q1,E01,hemlock_extra_hazard_0.12,-0.000579833984375,False,FALSE,FALSE,False,8
36,Q1,E01,entry_lognormal_annual_sd_1.2,-0.000579833984375,False,FALSE,FALSE,False,8
36,Q1,E11,correct,0.0052490234375,False,FALSE,FALSE,False,8
36,Q1,E11,hemlock_extra_hazard_0.12,0.0052490234375,False,FALSE,FALSE,False,8
36,Q1,E11,entry_lognormal_annual_sd_1.2,0.0052490234375,False,FALSE,FALSE,False,8
36,Q2,E00,correct,-0.00189208984375,False,FALSE,FALSE,False,8
36,Q2,E00,hemlock_extra_hazard_0.12,-0.00189208984375,False,FALSE,FALSE,False,8
36,Q2,E00,entry_lognormal_annual_sd_1.2,-0.00189208984375,False,FALSE,FALSE,False,8
36,Q2,E10,correct,-0.00250244140625,False,MC_UNRESOLVED,MC_UNRESOLVED,False,8
36,Q2,E10,hemlock_extra_hazard_0.12,-0.00250244140625,False,MC_UNRESOLVED,MC_UNRESOLVED,False,8
36,Q2,E10,entry_lognormal_annual_sd_1.2,-0.00250244140625,False,MC_UNRESOLVED,MC_UNRESOLVED,False,8
36,Q2,E01,correct,-0.000579833984375,False,FALSE,FALSE,False,8
36,Q2,E01,hemlock_extra_hazard_0.12,-0.000579833984375,False,FALSE,FALSE,False,8
36,Q2,E01,entry_lognormal_annual_sd_1.2,-0.000579833984375,False,FALSE,FALSE,False,8
36,Q2,E11,correct,0.0052490234375,False,FALSE,FALSE,False,8
36,Q2,E11,hemlock_extra_hazard_0.12,0.0052490234375,False,FALSE,FALSE,False,8
36,Q2,E11,entry_lognormal_annual_sd_1.2,0.0052490234375,False,FALSE,FALSE,False,8
37,Q1,E00,correct,0.00103759765625,False,FALSE,FALSE,False,8
37,Q1,E00,hemlock_extra_hazard_0.12,0.00103759765625,False,FALSE,FALSE,False,8
37,Q1,E00,entry_lognormal_annual_sd_1.2,0.00103759765625,False,FALSE,FALSE,False,8
37,Q1,E10,correct,-0.0006103515625,False,FALSE,FALSE,False,8
37,Q1,E10,hemlock_extra_hazard_0.12,-0.0006103515625,False,FALSE,FALSE,False,8
37,Q1,E10,entry_lognormal_annual_sd_1.2,-0.0006103515625,False,FALSE,FALSE,False,8
37,Q1,E01,correct,0.0096435546875,False,FALSE,FALSE,False,8
37,Q1,E01,hemlock_extra_hazard_0.12,0.0096435546875,False,FALSE,FALSE,False,8
37,Q1,E01,entry_lognormal_annual_sd_1.2,0.0096435546875,False,FALSE,FALSE,False,8
37,Q1,E11,correct,-0.013671875,False,MC_UNRESOLVED,FALSE,False,8
37,Q1,E11,hemlock_extra_hazard_0.12,-0.013671875,False,MC_UNRESOLVED,FALSE,False,8
37,Q1,E11,entry_lognormal_annual_sd_1.2,-0.013671875,False,MC_UNRESOLVED,FALSE,False,8
37,Q2,E00,correct,0.00103759765625,False,FALSE,FALSE,False,8
37,Q2,E00,hemlock_extra_hazard_0.12,0.00103759765625,False,FALSE,FALSE,False,8
37,Q2,E00,entry_lognormal_annual_sd_1.2,0.00103759765625,False,FALSE,FALSE,False,8
37,Q2,E10,correct,-0.0006103515625,False,FALSE,FALSE,False,8
37,Q2,E10,hemlock_extra_hazard_0.12,-0.0006103515625,False,FALSE,FALSE,False,8
37,Q2,E10,entry_lognormal_annual_sd_1.2,-0.0006103515625,False,FALSE,FALSE,False,8
37,Q2,E01,correct,0.0096435546875,False,FALSE,FALSE,False,8
37,Q2,E01,hemlock_extra_hazard_0.12,0.0096435546875,False,FALSE,FALSE,False,8
37,Q2,E01,entry_lognormal_annual_sd_1.2,0.0096435546875,False,FALSE,FALSE,False,8
37,Q2,E11,correct,-0.013671875,False,MC_UNRESOLVED,FALSE,False,8
37,Q2,E11,hemlock_extra_hazard_0.12,-0.013671875,False,MC_UNRESOLVED,FALSE,False,8
37,Q2,E11,entry_lognormal_annual_sd_1.2,-0.013671875,False,MC_UNRESOLVED,FALSE,False,8
38,Q1,E00,correct,-0.003387451171875,False,FALSE,FALSE,True,8
38,Q1,E00,hemlock_extra_hazard_0.12,-0.003387451171875,False,FALSE,FALSE,False,8
38,Q1,E00,entry_lognormal_annual_sd_1.2,-0.003387451171875,False,FALSE,FALSE,False,8
38,Q1,E10,correct,0.012237548828125,False,FALSE,FALSE,True,8
38,Q1,E10,hemlock_extra_hazard_0.12,0.012237548828125,False,FALSE,FALSE,False,8
38,Q1,E10,entry_lognormal_annual_sd_1.2,0.012237548828125,False,FALSE,FALSE,False,8
38,Q1,E01,correct,0.002838134765625,False,FALSE,FALSE,True,8
38,Q1,E01,hemlock_extra_hazard_0.12,0.002838134765625,False,FALSE,FALSE,False,8
38,Q1,E01,entry_lognormal_annual_sd_1.2,0.002838134765625,False,FALSE,FALSE,False,8
38,Q1,E11,correct,-0.01031494140625,True,MC_UNRESOLVED,MC_UNRESOLVED,True,8
38,Q1,E11,hemlock_extra_hazard_0.12,-0.01031494140625,True,MC_UNRESOLVED,MC_UNRESOLVED,False,8
38,Q1,E11,entry_lognormal_annual_sd_1.2,-0.01031494140625,True,MC_UNRESOLVED,MC_UNRESOLVED,False,8
38,Q2,E00,correct,-0.003387451171875,False,FALSE,FALSE,True,8
38,Q2,E00,hemlock_extra_hazard_0.12,-0.003387451171875,False,FALSE,FALSE,False,8
38,Q2,E00,entry_lognormal_annual_sd_1.2,-0.003387451171875,False,FALSE,FALSE,False,8
38,Q2,E10,correct,0.012237548828125,False,FALSE,FALSE,True,8
38,Q2,E10,hemlock_extra_hazard_0.12,0.012237548828125,False,FALSE,FALSE,False,8
38,Q2,E10,entry_lognormal_annual_sd_1.2,0.012237548828125,False,FALSE,FALSE,False,8
38,Q2,E01,correct,0.002838134765625,False,FALSE,FALSE,True,8
38,Q2,E01,hemlock_extra_hazard_0.12,0.002838134765625,False,FALSE,FALSE,False,8
38,Q2,E01,entry_lognormal_annual_sd_1.2,0.002838134765625,False,FALSE,FALSE,False,8
38,Q2,E11,correct,-0.01031494140625,True,MC_UNRESOLVED,MC_UNRESOLVED,True,8
38,Q2,E11,hemlock_extra_hazard_0.12,-0.01031494140625,True,MC_UNRESOLVED,MC_UNRESOLVED,False,8
38,Q2,E11,entry_lognormal_annual_sd_1.2,-0.01031494140625,True,MC_UNRESOLVED,MC_UNRESOLVED,False,8
39,Q1,E00,correct,0.009490966796875,False,MC_UNRESOLVED,MC_UNRESOLVED,False,8
39,Q1,E00,hemlock_extra_hazard_0.12,0.009490966796875,False,MC_UNRESOLVED,MC_UNRESOLVED,False,8
39,Q1,E00,entry_lognormal_annual_sd_1.2,0.009490966796875,False,MC_UNRESOLVED,MC_UNRESOLVED,False,8
39,Q1,E10,correct,-0.00244140625,False,TRUE,TRUE,False,8
39,Q1,E10,hemlock_extra_hazard_0.12,-0.00244140625,False,TRUE,TRUE,False,8
39,Q1,E10,entry_lognormal_annual_sd_1.2,-0.00244140625,False,TRUE,TRUE,False,8
39,Q1,E01,correct,0.00567626953125,False,FALSE,FALSE,False,8
39,Q1,E01,hemlock_extra_hazard_0.12,0.00567626953125,False,FALSE,FALSE,False,8
39,Q1,E01,entry_lognormal_annual_sd_1.2,0.00567626953125,False,FALSE,FALSE,False,8
39,Q1,E11,correct,-0.008270263671875,True,MC_UNRESOLVED,MC_UNRESOLVED,False,8
39,Q1,E11,hemlock_extra_hazard_0.12,-0.008270263671875,True,MC_UNRESOLVED,MC_UNRESOLVED,False,8
39,Q1,E11,entry_lognormal_annual_sd_1.2,-0.008270263671875,True,MC_UNRESOLVED,MC_UNRESOLVED,False,8
39,Q2,E00,correct,0.009490966796875,False,MC_UNRESOLVED,MC_UNRESOLVED,False,8
39,Q2,E00,hemlock_extra_hazard_0.12,0.009490966796875,False,MC_UNRESOLVED,MC_UNRESOLVED,False,8
39,Q2,E00,entry_lognormal_annual_sd_1.2,0.009490966796875,False,MC_UNRESOLVED,MC_UNRESOLVED,False,8
39,Q2,E10,correct,-0.00244140625,False,TRUE,TRUE,False,8
39,Q2,E10,hemlock_extra_hazard_0.12,-0.00244140625,False,TRUE,TRUE,False,8
39,Q2,E10,entry_lognormal_annual_sd_1.2,-0.00244140625,False,TRUE,TRUE,False,8
39,Q2,E01,correct,0.00567626953125,False,FALSE,FALSE,False,8
39,Q2,E01,hemlock_extra_hazard_0.12,0.00567626953125,False,FALSE,FALSE,False,8
39,Q2,E01,entry_lognormal_annual_sd_1.2,0.00567626953125,False,FALSE,FALSE,False,8
39,Q2,E11,correct,-0.008270263671875,True,MC_UNRESOLVED,MC_UNRESOLVED,False,8
39,Q2,E11,hemlock_extra_hazard_0.12,-0.008270263671875,True,MC_UNRESOLVED,MC_UNRESOLVED,False,8
39,Q2,E11,entry_lognormal_annual_sd_1.2,-0.008270263671875,True,MC_UNRESOLVED,MC_UNRESOLVED,False,8
40,Q1,E00,correct,-0.008148193359375,False,FALSE,FALSE,False,8
40,Q1,E00,hemlock_extra_hazard_0.12,-0.008148193359375,False,FALSE,FALSE,False,8
40,Q1,E00,entry_lognormal_annual_sd_1.2,-0.008148193359375,False,FALSE,FALSE,False,8
40,Q1,E10,correct,0.011077880859375,False,TRUE,TRUE,False,8
40,Q1,E10,hemlock_extra_hazard_0.12,0.011077880859375,False,TRUE,TRUE,False,8
40,Q1,E10,entry_lognormal_annual_sd_1.2,0.011077880859375,False,TRUE,TRUE,False,8
40,Q1,E01,correct,0.007598876953125,False,FALSE,FALSE,False,8
40,Q1,E01,hemlock_extra_hazard_0.12,0.007598876953125,False,FALSE,FALSE,False,8
40,Q1,E01,entry_lognormal_annual_sd_1.2,0.007598876953125,False,FALSE,FALSE,False,8
40,Q1,E11,correct,0.0087890625,False,MC_UNRESOLVED,TRUE,False,8
40,Q1,E11,hemlock_extra_hazard_0.12,0.0087890625,False,MC_UNRESOLVED,TRUE,False,8
40,Q1,E11,entry_lognormal_annual_sd_1.2,0.0087890625,False,MC_UNRESOLVED,TRUE,False,8
40,Q2,E00,correct,-0.008148193359375,False,FALSE,FALSE,False,8
40,Q2,E00,hemlock_extra_hazard_0.12,-0.008148193359375,False,FALSE,FALSE,False,8
40,Q2,E00,entry_lognormal_annual_sd_1.2,-0.008148193359375,False,FALSE,FALSE,False,8
40,Q2,E10,correct,0.011077880859375,False,TRUE,TRUE,False,8
40,Q2,E10,hemlock_extra_hazard_0.12,0.011077880859375,False,TRUE,TRUE,False,8
40,Q2,E10,entry_lognormal_annual_sd_1.2,0.011077880859375,False,TRUE,TRUE,False,8
40,Q2,E01,correct,0.007598876953125,False,FALSE,FALSE,False,8
40,Q2,E01,hemlock_extra_hazard_0.12,0.007598876953125,False,FALSE,FALSE,False,8
40,Q2,E01,entry_lognormal_annual_sd_1.2,0.007598876953125,False,FALSE,FALSE,False,8
40,Q2,E11,correct,0.0087890625,False,MC_UNRESOLVED,TRUE,False,8
40,Q2,E11,hemlock_extra_hazard_0.12,0.0087890625,False,MC_UNRESOLVED,TRUE,False,8
40,Q2,E11,entry_lognormal_annual_sd_1.2,0.0087890625,False,MC_UNRESOLVED,TRUE,False,8
41,Q1,E00,correct,-0.001800537109375,False,FALSE,FALSE,False,8
41,Q1,E00,hemlock_extra_hazard_0.12,-0.001800537109375,False,FALSE,FALSE,False,8
41,Q1,E00,entry_lognormal_annual_sd_1.2,-0.001800537109375,False,FALSE,FALSE,False,8
41,Q1,E10,correct,-0.002532958984375,False,TRUE,TRUE,False,8
41,Q1,E10,hemlock_extra_hazard_0.12,-0.002532958984375,False,TRUE,TRUE,False,8
41,Q1,E10,entry_lognormal_annual_sd_1.2,-0.002532958984375,False,TRUE,TRUE,False,8
41,Q1,E01,correct,-0.00115966796875,False,FALSE,FALSE,False,8
41,Q1,E01,hemlock_extra_hazard_0.12,-0.00115966796875,False,FALSE,FALSE,False,8
41,Q1,E01,entry_lognormal_annual_sd_1.2,-0.00115966796875,False,FALSE,FALSE,False,8
41,Q1,E11,correct,0.011749267578125,False,TRUE,TRUE,False,8
41,Q1,E11,hemlock_extra_hazard_0.12,0.011749267578125,False,TRUE,TRUE,False,8
41,Q1,E11,entry_lognormal_annual_sd_1.2,0.011749267578125,False,TRUE,TRUE,False,8
41,Q2,E00,correct,-0.001800537109375,False,FALSE,FALSE,False,8
41,Q2,E00,hemlock_extra_hazard_0.12,-0.001800537109375,False,FALSE,FALSE,False,8
41,Q2,E00,entry_lognormal_annual_sd_1.2,-0.001800537109375,False,FALSE,FALSE,False,8
41,Q2,E10,correct,-0.002532958984375,False,TRUE,TRUE,False,8
41,Q2,E10,hemlock_extra_hazard_0.12,-0.002532958984375,False,TRUE,TRUE,False,8
41,Q2,E10,entry_lognormal_annual_sd_1.2,-0.002532958984375,False,TRUE,TRUE,False,8
41,Q2,E01,correct,-0.00115966796875,False,FALSE,FALSE,False,8
41,Q2,E01,hemlock_extra_hazard_0.12,-0.00115966796875,False,FALSE,FALSE,False,8
41,Q2,E01,entry_lognormal_annual_sd_1.2,-0.00115966796875,False,FALSE,FALSE,False,8
41,Q2,E11,correct,0.011749267578125,False,TRUE,TRUE,False,8
41,Q2,E11,hemlock_extra_hazard_0.12,0.011749267578125,False,TRUE,TRUE,False,8
41,Q2,E11,entry_lognormal_annual_sd_1.2,0.011749267578125,False,TRUE,TRUE,False,8
42,Q1,E00,correct,-0.00384521484375,False,FALSE,FALSE,False,8
42,Q1,E00,hemlock_extra_hazard_0.12,-0.00384521484375,False,FALSE,FALSE,False,8
42,Q1,E00,entry_lognormal_annual_sd_1.2,-0.00384521484375,False,FALSE,FALSE,False,8
42,Q1,E10,correct,0.0067138671875,False,TRUE,TRUE,False,8
42,Q1,E10,hemlock_extra_hazard_0.12,0.0067138671875,False,TRUE,TRUE,False,8
42,Q1,E10,entry_lognormal_annual_sd_1.2,0.0067138671875,False,TRUE,TRUE,False,8
42,Q1,E01,correct,-0.004119873046875,False,FALSE,FALSE,False,8
42,Q1,E01,hemlock_extra_hazard_0.12,-0.004119873046875,False,FALSE,FALSE,False,8
42,Q1,E01,entry_lognormal_annual_sd_1.2,-0.004119873046875,False,FALSE,FALSE,False,8
42,Q1,E11,correct,-0.00616455078125,False,FALSE,FALSE,False,8
42,Q1,E11,hemlock_extra_hazard_0.12,-0.00616455078125,False,FALSE,FALSE,False,8
42,Q1,E11,entry_lognormal_annual_sd_1.2,-0.00616455078125,False,FALSE,FALSE,False,8
42,Q2,E00,correct,-0.00384521484375,False,FALSE,FALSE,False,8
42,Q2,E00,hemlock_extra_hazard_0.12,-0.00384521484375,False,FALSE,FALSE,False,8
42,Q2,E00,entry_lognormal_annual_sd_1.2,-0.00384521484375,False,FALSE,FALSE,False,8
42,Q2,E10,correct,0.0067138671875,False,TRUE,TRUE,False,8
42,Q2,E10,hemlock_extra_hazard_0.12,0.0067138671875,False,TRUE,TRUE,False,8
42,Q2,E10,entry_lognormal_annual_sd_1.2,0.0067138671875,False,TRUE,TRUE,False,8
42,Q2,E01,correct,-0.004119873046875,False,FALSE,FALSE,False,8
42,Q2,E01,hemlock_extra_hazard_0.12,-0.004119873046875,False,FALSE,FALSE,False,8
42,Q2,E01,entry_lognormal_annual_sd_1.2,-0.004119873046875,False,FALSE,FALSE,False,8
42,Q2,E11,correct,-0.00616455078125,False,FALSE,FALSE,False,8
42,Q2,E11,hemlock_extra_hazard_0.12,-0.00616455078125,False,FALSE,FALSE,False,8
42,Q2,E11,entry_lognormal_annual_sd_1.2,-0.00616455078125,False,FALSE,FALSE,False,8
43,Q1,E00,correct,0.00848388671875,False,FALSE,FALSE,False,8
43,Q1,E00,hemlock_extra_hazard_0.12,0.00848388671875,False,FALSE,FALSE,False,8
43,Q1,E00,entry_lognormal_annual_sd_1.2,0.00848388671875,False,FALSE,FALSE,False,8
43,Q1,E10,correct,-0.004669189453125,False,FALSE,FALSE,False,8
43,Q1,E10,hemlock_extra_hazard_0.12,-0.004669189453125,False,FALSE,FALSE,False,8
43,Q1,E10,entry_lognormal_annual_sd_1.2,-0.004669189453125,False,FALSE,FALSE,False,8
43,Q1,E01,correct,-0.00848388671875,False,FALSE,FALSE,False,8
43,Q1,E01,hemlock_extra_hazard_0.12,-0.00848388671875,False,FALSE,FALSE,False,8
43,Q1,E01,entry_lognormal_annual_sd_1.2,-0.00848388671875,False,FALSE,FALSE,False,8
43,Q1,E11,correct,-0.01495361328125,False,MC_UNRESOLVED,FALSE,False,8
43,Q1,E11,hemlock_extra_hazard_0.12,-0.01495361328125,False,MC_UNRESOLVED,FALSE,False,8
43,Q1,E11,entry_lognormal_annual_sd_1.2,-0.01495361328125,False,MC_UNRESOLVED,FALSE,False,8
43,Q2,E00,correct,0.00848388671875,False,FALSE,FALSE,False,8
43,Q2,E00,hemlock_extra_hazard_0.12,0.00848388671875,False,FALSE,FALSE,False,8
43,Q2,E00,entry_lognormal_annual_sd_1.2,0.00848388671875,False,FALSE,FALSE,False,8
43,Q2,E10,correct,-0.004669189453125,False,FALSE,FALSE,False,8
43,Q2,E10,hemlock_extra_hazard_0.12,-0.004669189453125,False,FALSE,FALSE,False,8
43,Q2,E10,entry_lognormal_annual_sd_1.2,-0.004669189453125,False,FALSE,FALSE,False,8
43,Q2,E01,correct,-0.00848388671875,False,FALSE,FALSE,False,8
43,Q2,E01,hemlock_extra_hazard_0.12,-0.00848388671875,False,FALSE,FALSE,False,8
43,Q2,E01,entry_lognormal_annual_sd_1.2,-0.00848388671875,False,FALSE,FALSE,False,8
43,Q2,E11,correct,-0.01495361328125,False,MC_UNRESOLVED,FALSE,False,8
43,Q2,E11,hemlock_extra_hazard_0.12,-0.01495361328125,False,MC_UNRESOLVED,FALSE,False,8
43,Q2,E11,entry_lognormal_annual_sd_1.2,-0.01495361328125,False,MC_UNRESOLVED,FALSE,False,8
44,Q1,E00,correct,6.103515625e-05,False,FALSE,FALSE,True,8
44,Q1,E00,hemlock_extra_hazard_0.12,6.103515625e-05,False,FALSE,FALSE,False,8
44,Q1,E00,entry_lognormal_annual_sd_1.2,6.103515625e-05,False,FALSE,FALSE,True,8
44,Q1,E10,correct,-0.005218505859375,False,FALSE,FALSE,True,8
44,Q1,E10,hemlock_extra_hazard_0.12,-0.005218505859375,False,FALSE,FALSE,False,8
44,Q1,E10,entry_lognormal_annual_sd_1.2,-0.005218505859375,False,FALSE,FALSE,True,8
44,Q1,E01,correct,0.000823974609375,False,FALSE,FALSE,True,8
44,Q1,E01,hemlock_extra_hazard_0.12,0.000823974609375,False,FALSE,FALSE,False,8
44,Q1,E01,entry_lognormal_annual_sd_1.2,0.000823974609375,False,FALSE,FALSE,True,8
44,Q1,E11,correct,-0.01190185546875,False,MC_UNRESOLVED,MC_UNRESOLVED,True,8
44,Q1,E11,hemlock_extra_hazard_0.12,-0.01190185546875,False,MC_UNRESOLVED,MC_UNRESOLVED,False,8
44,Q1,E11,entry_lognormal_annual_sd_1.2,-0.01190185546875,False,MC_UNRESOLVED,MC_UNRESOLVED,True,8
44,Q2,E00,correct,6.103515625e-05,False,FALSE,FALSE,True,8
44,Q2,E00,hemlock_extra_hazard_0.12,6.103515625e-05,False,FALSE,FALSE,False,8
44,Q2,E00,entry_lognormal_annual_sd_1.2,6.103515625e-05,False,FALSE,FALSE,True,8
44,Q2,E10,correct,-0.005218505859375,False,FALSE,FALSE,True,8
44,Q2,E10,hemlock_extra_hazard_0.12,-0.005218505859375,False,FALSE,FALSE,False,8
44,Q2,E10,entry_lognormal_annual_sd_1.2,-0.005218505859375,False,FALSE,FALSE,True,8
44,Q2,E01,correct,0.000823974609375,False,FALSE,FALSE,True,8
44,Q2,E01,hemlock_extra_hazard_0.12,0.000823974609375,False,FALSE,FALSE,False,8
44,Q2,E01,entry_lognormal_annual_sd_1.2,0.000823974609375,False,FALSE,FALSE,True,8
44,Q2,E11,correct,-0.01190185546875,False,MC_UNRESOLVED,MC_UNRESOLVED,True,8
44,Q2,E11,hemlock_extra_hazard_0.12,-0.01190185546875,False,MC_UNRESOLVED,MC_UNRESOLVED,False,8
44,Q2,E11,entry_lognormal_annual_sd_1.2,-0.01190185546875,False,MC_UNRESOLVED,MC_UNRESOLVED,True,8
45,Q1,E00,correct,-0.0035400390625,False,TRUE,TRUE,True,8
45,Q1,E00,hemlock_extra_hazard_0.12,-0.0035400390625,False,TRUE,TRUE,False,8
45,Q1,E00,entry_lognormal_annual_sd_1.2,-0.0035400390625,False,TRUE,TRUE,False,8
45,Q1,E10,correct,0.00042724609375,False,TRUE,TRUE,True,8
45,Q1,E10,hemlock_extra_hazard_0.12,0.00042724609375,False,TRUE,TRUE,False,8
45,Q1,E10,entry_lognormal_annual_sd_1.2,0.00042724609375,False,TRUE,TRUE,False,8
45,Q1,E01,correct,0.01348876953125,False,FALSE,FALSE,True,8
45,Q1,E01,hemlock_extra_hazard_0.12,0.01348876953125,False,FALSE,FALSE,False,8
45,Q1,E01,entry_lognormal_annual_sd_1.2,0.01348876953125,False,FALSE,FALSE,False,8
45,Q1,E11,correct,0.002960205078125,True,MC_UNRESOLVED,MC_UNRESOLVED,True,8
45,Q1,E11,hemlock_extra_hazard_0.12,0.002960205078125,True,MC_UNRESOLVED,MC_UNRESOLVED,False,8
45,Q1,E11,entry_lognormal_annual_sd_1.2,0.002960205078125,True,MC_UNRESOLVED,MC_UNRESOLVED,False,8
45,Q2,E00,correct,-0.0035400390625,False,TRUE,TRUE,True,8
45,Q2,E00,hemlock_extra_hazard_0.12,-0.0035400390625,False,TRUE,TRUE,False,8
45,Q2,E00,entry_lognormal_annual_sd_1.2,-0.0035400390625,False,TRUE,TRUE,False,8
45,Q2,E10,correct,0.00042724609375,False,TRUE,TRUE,True,8
45,Q2,E10,hemlock_extra_hazard_0.12,0.00042724609375,False,TRUE,TRUE,False,8
45,Q2,E10,entry_lognormal_annual_sd_1.2,0.00042724609375,False,TRUE,TRUE,False,8
45,Q2,E01,correct,0.01348876953125,False,FALSE,FALSE,True,8
45,Q2,E01,hemlock_extra_hazard_0.12,0.01348876953125,False,FALSE,FALSE,False,8
45,Q2,E01,entry_lognormal_annual_sd_1.2,0.01348876953125,False,FALSE,FALSE,False,8
45,Q2,E11,correct,0.002960205078125,True,MC_UNRESOLVED,MC_UNRESOLVED,True,8
45,Q2,E11,hemlock_extra_hazard_0.12,0.002960205078125,True,MC_UNRESOLVED,MC_UNRESOLVED,False,8
45,Q2,E11,entry_lognormal_annual_sd_1.2,0.002960205078125,True,MC_UNRESOLVED,MC_UNRESOLVED,False,8
46,Q1,E00,correct,-0.003936767578125,False,TRUE,TRUE,False,8
46,Q1,E00,hemlock_extra_hazard_0.12,-0.003936767578125,False,TRUE,TRUE,False,8
46,Q1,E00,entry_lognormal_annual_sd_1.2,-0.003936767578125,False,TRUE,TRUE,False,8
46,Q1,E10,correct,-0.001922607421875,False,TRUE,TRUE,False,8
46,Q1,E10,hemlock_extra_hazard_0.12,-0.001922607421875,False,TRUE,TRUE,False,8
46,Q1,E10,entry_lognormal_annual_sd_1.2,-0.001922607421875,False,TRUE,TRUE,False,8
46,Q1,E01,correct,0.001068115234375,False,FALSE,FALSE,False,8
46,Q1,E01,hemlock_extra_hazard_0.12,0.001068115234375,False,FALSE,FALSE,False,8
46,Q1,E01,entry_lognormal_annual_sd_1.2,0.001068115234375,False,FALSE,FALSE,False,8
46,Q1,E11,correct,-0.000244140625,False,MC_UNRESOLVED,TRUE,False,8
46,Q1,E11,hemlock_extra_hazard_0.12,-0.000244140625,False,MC_UNRESOLVED,TRUE,False,8
46,Q1,E11,entry_lognormal_annual_sd_1.2,-0.000244140625,False,MC_UNRESOLVED,TRUE,False,8
46,Q2,E00,correct,-0.003936767578125,False,TRUE,TRUE,False,8
46,Q2,E00,hemlock_extra_hazard_0.12,-0.003936767578125,False,TRUE,TRUE,False,8
46,Q2,E00,entry_lognormal_annual_sd_1.2,-0.003936767578125,False,TRUE,TRUE,False,8
46,Q2,E10,correct,-0.001922607421875,False,TRUE,TRUE,False,8
46,Q2,E10,hemlock_extra_hazard_0.12,-0.001922607421875,False,TRUE,TRUE,False,8
46,Q2,E10,entry_lognormal_annual_sd_1.2,-0.001922607421875,False,TRUE,TRUE,False,8
46,Q2,E01,correct,0.001068115234375,False,FALSE,FALSE,False,8
46,Q2,E01,hemlock_extra_hazard_0.12,0.001068115234375,False,FALSE,FALSE,False,8
46,Q2,E01,entry_lognormal_annual_sd_1.2,0.001068115234375,False,FALSE,FALSE,False,8
46,Q2,E11,correct,-0.000244140625,False,MC_UNRESOLVED,TRUE,False,8
46,Q2,E11,hemlock_extra_hazard_0.12,-0.000244140625,False,MC_UNRESOLVED,TRUE,False,8
46,Q2,E11,entry_lognormal_annual_sd_1.2,-0.000244140625,False,MC_UNRESOLVED,TRUE,False,8
47,Q1,E00,correct,0.003875732421875,False,TRUE,TRUE,False,8
47,Q1,E00,hemlock_extra_hazard_0.12,0.003875732421875,False,TRUE,TRUE,False,8
47,Q1,E00,entry_lognormal_annual_sd_1.2,0.003875732421875,False,TRUE,TRUE,False,8
47,Q1,E10,correct,0.0,False,TRUE,TRUE,False,8
47,Q1,E10,hemlock_extra_hazard_0.12,0.0,False,TRUE,TRUE,False,8
47,Q1,E10,entry_lognormal_annual_sd_1.2,0.0,False,TRUE,TRUE,False,8
47,Q1,E01,correct,0.0128173828125,False,FALSE,FALSE,False,8
47,Q1,E01,hemlock_extra_hazard_0.12,0.0128173828125,False,FALSE,FALSE,False,8
47,Q1,E01,entry_lognormal_annual_sd_1.2,0.0128173828125,False,FALSE,FALSE,False,8
47,Q1,E11,correct,-0.00347900390625,False,TRUE,TRUE,False,8
47,Q1,E11,hemlock_extra_hazard_0.12,-0.00347900390625,False,TRUE,TRUE,False,8
47,Q1,E11,entry_lognormal_annual_sd_1.2,-0.00347900390625,False,TRUE,TRUE,False,8
47,Q2,E00,correct,0.003875732421875,False,TRUE,TRUE,False,8
47,Q2,E00,hemlock_extra_hazard_0.12,0.003875732421875,False,TRUE,TRUE,False,8
47,Q2,E00,entry_lognormal_annual_sd_1.2,0.003875732421875,False,TRUE,TRUE,False,8
47,Q2,E10,correct,0.0,False,TRUE,TRUE,False,8
47,Q2,E10,hemlock_extra_hazard_0.12,0.0,False,TRUE,TRUE,False,8
47,Q2,E10,entry_lognormal_annual_sd_1.2,0.0,False,TRUE,TRUE,False,8
47,Q2,E01,correct,0.0128173828125,False,FALSE,FALSE,False,8
47,Q2,E01,hemlock_extra_hazard_0.12,0.0128173828125,False,FALSE,FALSE,False,8
47,Q2,E01,entry_lognormal_annual_sd_1.2,0.0128173828125,False,FALSE,FALSE,False,8
47,Q2,E11,correct,-0.00347900390625,False,TRUE,TRUE,False,8
47,Q2,E11,hemlock_extra_hazard_0.12,-0.00347900390625,False,TRUE,TRUE,False,8
47,Q2,E11,entry_lognormal_annual_sd_1.2,-0.00347900390625,False,TRUE,TRUE,False,8
48,Q1,E00,correct,0.000152587890625,False,FALSE,FALSE,False,8
48,Q1,E00,hemlock_extra_hazard_0.12,0.000152587890625,False,FALSE,FALSE,False,8
48,Q1,E00,entry_lognormal_annual_sd_1.2,0.000152587890625,False,FALSE,FALSE,False,8
48,Q1,E10,correct,-0.00732421875,False,FALSE,FALSE,False,8
48,Q1,E10,hemlock_extra_hazard_0.12,-0.00732421875,False,FALSE,FALSE,False,8
48,Q1,E10,entry_lognormal_annual_sd_1.2,-0.00732421875,False,FALSE,FALSE,False,8
48,Q1,E01,correct,0.005401611328125,False,FALSE,FALSE,False,8
48,Q1,E01,hemlock_extra_hazard_0.12,0.005401611328125,False,FALSE,FALSE,False,8
48,Q1,E01,entry_lognormal_annual_sd_1.2,0.005401611328125,False,FALSE,FALSE,False,8
48,Q1,E11,correct,-0.0023193359375,False,FALSE,FALSE,False,8
48,Q1,E11,hemlock_extra_hazard_0.12,-0.0023193359375,False,FALSE,FALSE,False,8
48,Q1,E11,entry_lognormal_annual_sd_1.2,-0.0023193359375,False,FALSE,FALSE,False,8
48,Q2,E00,correct,0.000152587890625,False,FALSE,FALSE,False,8
48,Q2,E00,hemlock_extra_hazard_0.12,0.000152587890625,False,FALSE,FALSE,False,8
48,Q2,E00,entry_lognormal_annual_sd_1.2,0.000152587890625,False,FALSE,FALSE,False,8
48,Q2,E10,correct,-0.00732421875,False,FALSE,FALSE,False,8
48,Q2,E10,hemlock_extra_hazard_0.12,-0.00732421875,False,FALSE,FALSE,False,8
48,Q2,E10,entry_lognormal_annual_sd_1.2,-0.00732421875,False,FALSE,FALSE,False,8
48,Q2,E01,correct,0.005401611328125,False,FALSE,FALSE,False,8
48,Q2,E01,hemlock_extra_hazard_0.12,0.005401611328125,False,FALSE,FALSE,False,8
48,Q2,E01,entry_lognormal_annual_sd_1.2,0.005401611328125,False,FALSE,FALSE,False,8
48,Q2,E11,correct,-0.0023193359375,False,FALSE,FALSE,False,8
48,Q2,E11,hemlock_extra_hazard_0.12,-0.0023193359375,False,FALSE,FALSE,False,8
48,Q2,E11,entry_lognormal_annual_sd_1.2,-0.0023193359375,False,FALSE,FALSE,False,8
49,Q1,E00,correct,0.001983642578125,False,FALSE,FALSE,False,8
49,Q1,E00,hemlock_extra_hazard_0.12,0.001983642578125,False,FALSE,FALSE,False,8
49,Q1,E00,entry_lognormal_annual_sd_1.2,0.001983642578125,False,FALSE,FALSE,False,8
49,Q1,E10,correct,-0.00146484375,False,FALSE,FALSE,False,8
49,Q1,E10,hemlock_extra_hazard_0.12,-0.00146484375,False,FALSE,FALSE,False,8
49,Q1,E10,entry_lognormal_annual_sd_1.2,-0.00146484375,False,FALSE,FALSE,False,8
49,Q1,E01,correct,0.01641845703125,False,FALSE,FALSE,False,8
49,Q1,E01,hemlock_extra_hazard_0.12,0.01641845703125,False,FALSE,FALSE,False,8
49,Q1,E01,entry_lognormal_annual_sd_1.2,0.01641845703125,False,FALSE,FALSE,False,8
49,Q1,E11,correct,0.009368896484375,False,MC_UNRESOLVED,FALSE,False,8
49,Q1,E11,hemlock_extra_hazard_0.12,0.009368896484375,False,MC_UNRESOLVED,FALSE,False,8
49,Q1,E11,entry_lognormal_annual_sd_1.2,0.009368896484375,False,MC_UNRESOLVED,FALSE,False,8
49,Q2,E00,correct,0.001983642578125,False,FALSE,FALSE,False,8
49,Q2,E00,hemlock_extra_hazard_0.12,0.001983642578125,False,FALSE,FALSE,False,8
49,Q2,E00,entry_lognormal_annual_sd_1.2,0.001983642578125,False,FALSE,FALSE,False,8
49,Q2,E10,correct,-0.00146484375,False,FALSE,FALSE,False,8
49,Q2,E10,hemlock_extra_hazard_0.12,-0.00146484375,False,FALSE,FALSE,False,8
49,Q2,E10,entry_lognormal_annual_sd_1.2,-0.00146484375,False,FALSE,FALSE,False,8
49,Q2,E01,correct,0.01641845703125,False,FALSE,FALSE,False,8
49,Q2,E01,hemlock_extra_hazard_0.12,0.01641845703125,False,FALSE,FALSE,False,8
49,Q2,E01,entry_lognormal_annual_sd_1.2,0.01641845703125,False,FALSE,FALSE,False,8
49,Q2,E11,correct,0.009368896484375,False,MC_UNRESOLVED,FALSE,False,8
49,Q2,E11,hemlock_extra_hazard_0.12,0.009368896484375,False,MC_UNRESOLVED,FALSE,False,8
49,Q2,E11,entry_lognormal_annual_sd_1.2,0.009368896484375,False,MC_UNRESOLVED,FALSE,False,8
50,Q1,E00,correct,0.0008544921875,False,MC_UNRESOLVED,MC_UNRESOLVED,False,8
50,Q1,E00,hemlock_extra_hazard_0.12,0.0008544921875,False,MC_UNRESOLVED,MC_UNRESOLVED,False,8
50,Q1,E00,entry_lognormal_annual_sd_1.2,0.0008544921875,False,MC_UNRESOLVED,MC_UNRESOLVED,False,8
50,Q1,E10,correct,0.00091552734375,False,MC_UNRESOLVED,MC_UNRESOLVED,False,8
50,Q1,E10,hemlock_extra_hazard_0.12,0.00091552734375,False,MC_UNRESOLVED,MC_UNRESOLVED,False,8
50,Q1,E10,entry_lognormal_annual_sd_1.2,0.00091552734375,False,MC_UNRESOLVED,MC_UNRESOLVED,False,8
50,Q1,E01,correct,0.0059814453125,False,FALSE,FALSE,False,8
50,Q1,E01,hemlock_extra_hazard_0.12,0.0059814453125,False,FALSE,FALSE,False,8
50,Q1,E01,entry_lognormal_annual_sd_1.2,0.0059814453125,False,FALSE,FALSE,False,8
50,Q1,E11,correct,-0.019256591796875,True,MC_UNRESOLVED,MC_UNRESOLVED,False,8
50,Q1,E11,hemlock_extra_hazard_0.12,-0.019256591796875,True,MC_UNRESOLVED,MC_UNRESOLVED,False,8
50,Q1,E11,entry_lognormal_annual_sd_1.2,-0.019256591796875,True,MC_UNRESOLVED,MC_UNRESOLVED,False,8
50,Q2,E00,correct,0.0008544921875,False,MC_UNRESOLVED,MC_UNRESOLVED,False,8
50,Q2,E00,hemlock_extra_hazard_0.12,0.0008544921875,False,MC_UNRESOLVED,MC_UNRESOLVED,False,8
50,Q2,E00,entry_lognormal_annual_sd_1.2,0.0008544921875,False,MC_UNRESOLVED,MC_UNRESOLVED,False,8
50,Q2,E10,correct,0.00091552734375,False,MC_UNRESOLVED,MC_UNRESOLVED,False,8
50,Q2,E10,hemlock_extra_hazard_0.12,0.00091552734375,False,MC_UNRESOLVED,MC_UNRESOLVED,False,8
50,Q2,E10,entry_lognormal_annual_sd_1.2,0.00091552734375,False,MC_UNRESOLVED,MC_UNRESOLVED,False,8
50,Q2,E01,correct,0.0059814453125,False,FALSE,FALSE,False,8
50,Q2,E01,hemlock_extra_hazard_0.12,0.0059814453125,False,FALSE,FALSE,False,8
50,Q2,E01,entry_lognormal_annual_sd_1.2,0.0059814453125,False,FALSE,FALSE,False,8
50,Q2,E11,correct,-0.019256591796875,True,MC_UNRESOLVED,MC_UNRESOLVED,False,8
50,Q2,E11,hemlock_extra_hazard_0.12,-0.019256591796875,True,MC_UNRESOLVED,MC_UNRESOLVED,False,8
50,Q2,E11,entry_lognormal_annual_sd_1.2,-0.019256591796875,True,MC_UNRESOLVED,MC_UNRESOLVED,False,8
51,Q1,E00,correct,-0.00091552734375,False,TRUE,TRUE,False,8
51,Q1,E00,hemlock_extra_hazard_0.12,-0.00091552734375,False,TRUE,TRUE,False,8
51,Q1,E00,entry_lognormal_annual_sd_1.2,-0.00091552734375,False,TRUE,TRUE,False,8
51,Q1,E10,correct,0.003631591796875,False,TRUE,TRUE,False,8
51,Q1,E10,hemlock_extra_hazard_0.12,0.003631591796875,False,TRUE,TRUE,False,8
51,Q1,E10,entry_lognormal_annual_sd_1.2,0.003631591796875,False,TRUE,TRUE,False,8
51,Q1,E01,correct,0.007781982421875,False,FALSE,FALSE,False,8
51,Q1,E01,hemlock_extra_hazard_0.12,0.007781982421875,False,FALSE,FALSE,False,8
51,Q1,E01,entry_lognormal_annual_sd_1.2,0.007781982421875,False,FALSE,FALSE,False,8
51,Q1,E11,correct,-0.008819580078125,False,MC_UNRESOLVED,MC_UNRESOLVED,False,8
51,Q1,E11,hemlock_extra_hazard_0.12,-0.008819580078125,False,MC_UNRESOLVED,MC_UNRESOLVED,False,8
51,Q1,E11,entry_lognormal_annual_sd_1.2,-0.008819580078125,False,MC_UNRESOLVED,MC_UNRESOLVED,False,8
51,Q2,E00,correct,-0.00091552734375,False,TRUE,TRUE,False,8
51,Q2,E00,hemlock_extra_hazard_0.12,-0.00091552734375,False,TRUE,TRUE,False,8
51,Q2,E00,entry_lognormal_annual_sd_1.2,-0.00091552734375,False,TRUE,TRUE,False,8
51,Q2,E10,correct,0.003631591796875,False,TRUE,TRUE,False,8
51,Q2,E10,hemlock_extra_hazard_0.12,0.003631591796875,False,TRUE,TRUE,False,8
51,Q2,E10,entry_lognormal_annual_sd_1.2,0.003631591796875,False,TRUE,TRUE,False,8
51,Q2,E01,correct,0.007781982421875,False,FALSE,FALSE,False,8
51,Q2,E01,hemlock_extra_hazard_0.12,0.007781982421875,False,FALSE,FALSE,False,8
51,Q2,E01,entry_lognormal_annual_sd_1.2,0.007781982421875,False,FALSE,FALSE,False,8
51,Q2,E11,correct,-0.008819580078125,False,MC_UNRESOLVED,MC_UNRESOLVED,False,8
51,Q2,E11,hemlock_extra_hazard_0.12,-0.008819580078125,False,MC_UNRESOLVED,MC_UNRESOLVED,False,8
51,Q2,E11,entry_lognormal_annual_sd_1.2,-0.008819580078125,False,MC_UNRESOLVED,MC_UNRESOLVED,False,8
52,Q1,E00,correct,0.002410888671875,False,FALSE,FALSE,False,8
52,Q1,E00,hemlock_extra_hazard_0.12,0.002410888671875,False,FALSE,FALSE,False,8
52,Q1,E00,entry_lognormal_annual_sd_1.2,0.002410888671875,False,FALSE,FALSE,False,8
52,Q1,E10,correct,0.00103759765625,False,FALSE,FALSE,False,8
52,Q1,E10,hemlock_extra_hazard_0.12,0.00103759765625,False,FALSE,FALSE,False,8
52,Q1,E10,entry_lognormal_annual_sd_1.2,0.00103759765625,False,FALSE,FALSE,False,8
52,Q1,E01,correct,-0.001251220703125,False,FALSE,FALSE,False,8
52,Q1,E01,hemlock_extra_hazard_0.12,-0.001251220703125,False,FALSE,FALSE,False,8
52,Q1,E01,entry_lognormal_annual_sd_1.2,-0.001251220703125,False,FALSE,FALSE,False,8
52,Q1,E11,correct,0.0108642578125,False,MC_UNRESOLVED,TRUE,False,8
52,Q1,E11,hemlock_extra_hazard_0.12,0.0108642578125,False,MC_UNRESOLVED,TRUE,False,8
52,Q1,E11,entry_lognormal_annual_sd_1.2,0.0108642578125,False,MC_UNRESOLVED,TRUE,False,8
52,Q2,E00,correct,0.002410888671875,False,FALSE,FALSE,False,8
52,Q2,E00,hemlock_extra_hazard_0.12,0.002410888671875,False,FALSE,FALSE,False,8
52,Q2,E00,entry_lognormal_annual_sd_1.2,0.002410888671875,False,FALSE,FALSE,False,8
52,Q2,E10,correct,0.00103759765625,False,FALSE,FALSE,False,8
52,Q2,E10,hemlock_extra_hazard_0.12,0.00103759765625,False,FALSE,FALSE,False,8
52,Q2,E10,entry_lognormal_annual_sd_1.2,0.00103759765625,False,FALSE,FALSE,False,8
52,Q2,E01,correct,-0.001251220703125,False,FALSE,FALSE,False,8
52,Q2,E01,hemlock_extra_hazard_0.12,-0.001251220703125,False,FALSE,FALSE,False,8
52,Q2,E01,entry_lognormal_annual_sd_1.2,-0.001251220703125,False,FALSE,FALSE,False,8
52,Q2,E11,correct,0.0108642578125,False,MC_UNRESOLVED,TRUE,False,8
52,Q2,E11,hemlock_extra_hazard_0.12,0.0108642578125,False,MC_UNRESOLVED,TRUE,False,8
52,Q2,E11,entry_lognormal_annual_sd_1.2,0.0108642578125,False,MC_UNRESOLVED,TRUE,False,8
53,Q1,E00,correct,0.00701904296875,False,FALSE,FALSE,False,8
53,Q1,E00,hemlock_extra_hazard_0.12,0.00701904296875,False,FALSE,FALSE,False,8
53,Q1,E00,entry_lognormal_annual_sd_1.2,0.00701904296875,False,FALSE,FALSE,False,8
53,Q1,E10,correct,0.004791259765625,False,TRUE,TRUE,False,8
53,Q1,E10,hemlock_extra_hazard_0.12,0.004791259765625,False,TRUE,TRUE,False,8
53,Q1,E10,entry_lognormal_annual_sd_1.2,0.004791259765625,False,TRUE,TRUE,False,8
53,Q1,E01,correct,-0.001129150390625,False,FALSE,FALSE,False,8
53,Q1,E01,hemlock_extra_hazard_0.12,-0.001129150390625,False,FALSE,FALSE,False,8
53,Q1,E01,entry_lognormal_annual_sd_1.2,-0.001129150390625,False,FALSE,FALSE,False,8
53,Q1,E11,correct,0.006317138671875,False,TRUE,TRUE,False,8
53,Q1,E11,hemlock_extra_hazard_0.12,0.006317138671875,False,TRUE,TRUE,False,8
53,Q1,E11,entry_lognormal_annual_sd_1.2,0.006317138671875,False,TRUE,TRUE,False,8
53,Q2,E00,correct,0.00701904296875,False,FALSE,FALSE,False,8
53,Q2,E00,hemlock_extra_hazard_0.12,0.00701904296875,False,FALSE,FALSE,False,8
53,Q2,E00,entry_lognormal_annual_sd_1.2,0.00701904296875,False,FALSE,FALSE,False,8
53,Q2,E10,correct,0.004791259765625,False,TRUE,TRUE,False,8
53,Q2,E10,hemlock_extra_hazard_0.12,0.004791259765625,False,TRUE,TRUE,False,8
53,Q2,E10,entry_lognormal_annual_sd_1.2,0.004791259765625,False,TRUE,TRUE,False,8
53,Q2,E01,correct,-0.001129150390625,False,FALSE,FALSE,False,8
53,Q2,E01,hemlock_extra_hazard_0.12,-0.001129150390625,False,FALSE,FALSE,False,8
53,Q2,E01,entry_lognormal_annual_sd_1.2,-0.001129150390625,False,FALSE,FALSE,False,8
53,Q2,E11,correct,0.006317138671875,False,TRUE,TRUE,False,8
53,Q2,E11,hemlock_extra_hazard_0.12,0.006317138671875,False,TRUE,TRUE,False,8
53,Q2,E11,entry_lognormal_annual_sd_1.2,0.006317138671875,False,TRUE,TRUE,False,8
54,Q1,E00,correct,-0.00140380859375,False,TRUE,TRUE,False,8
54,Q1,E00,hemlock_extra_hazard_0.12,-0.00140380859375,False,TRUE,TRUE,False,8
54,Q1,E00,entry_lognormal_annual_sd_1.2,-0.00140380859375,False,TRUE,TRUE,True,8
54,Q1,E10,correct,-0.015472412109375,True,MC_UNRESOLVED,MC_UNRESOLVED,False,8
54,Q1,E10,hemlock_extra_hazard_0.12,-0.015472412109375,True,MC_UNRESOLVED,MC_UNRESOLVED,False,8
54,Q1,E10,entry_lognormal_annual_sd_1.2,-0.015472412109375,True,MC_UNRESOLVED,MC_UNRESOLVED,True,8
54,Q1,E01,correct,-0.00103759765625,False,TRUE,TRUE,False,8
54,Q1,E01,hemlock_extra_hazard_0.12,-0.00103759765625,False,TRUE,TRUE,False,8
54,Q1,E01,entry_lognormal_annual_sd_1.2,-0.00103759765625,False,TRUE,TRUE,True,8
54,Q1,E11,correct,0.004791259765625,False,MC_UNRESOLVED,MC_UNRESOLVED,False,8
54,Q1,E11,hemlock_extra_hazard_0.12,0.004791259765625,False,MC_UNRESOLVED,MC_UNRESOLVED,False,8
54,Q1,E11,entry_lognormal_annual_sd_1.2,0.004791259765625,False,MC_UNRESOLVED,MC_UNRESOLVED,True,8
54,Q2,E00,correct,-0.00250244140625,False,TRUE,TRUE,False,8
54,Q2,E00,hemlock_extra_hazard_0.12,-0.00250244140625,False,TRUE,TRUE,False,8
54,Q2,E00,entry_lognormal_annual_sd_1.2,-0.00250244140625,False,TRUE,TRUE,False,8
54,Q2,E10,correct,-0.007171630859375,False,FALSE,FALSE,False,8
54,Q2,E10,hemlock_extra_hazard_0.12,-0.007171630859375,False,FALSE,FALSE,False,8
54,Q2,E10,entry_lognormal_annual_sd_1.2,-0.007171630859375,False,FALSE,FALSE,False,8
54,Q2,E01,correct,-0.004180908203125,False,TRUE,TRUE,False,8
54,Q2,E01,hemlock_extra_hazard_0.12,-0.004180908203125,False,TRUE,TRUE,False,8
54,Q2,E01,entry_lognormal_annual_sd_1.2,-0.004180908203125,False,TRUE,TRUE,False,8
54,Q2,E11,correct,0.004730224609375,False,FALSE,FALSE,False,8
54,Q2,E11,hemlock_extra_hazard_0.12,0.004730224609375,False,FALSE,FALSE,False,8
54,Q2,E11,entry_lognormal_annual_sd_1.2,0.004730224609375,False,FALSE,FALSE,False,8
55,Q1,E00,correct,-0.00262451171875,False,TRUE,TRUE,False,8
55,Q1,E00,hemlock_extra_hazard_0.12,-0.00262451171875,False,TRUE,TRUE,False,8
55,Q1,E00,entry_lognormal_annual_sd_1.2,-0.00262451171875,False,TRUE,TRUE,False,8
55,Q1,E10,correct,0.0084228515625,False,TRUE,TRUE,False,8
55,Q1,E10,hemlock_extra_hazard_0.12,0.0084228515625,False,TRUE,TRUE,False,8
55,Q1,E10,entry_lognormal_annual_sd_1.2,0.0084228515625,False,TRUE,TRUE,False,8
55,Q1,E01,correct,-0.001861572265625,False,TRUE,TRUE,False,8
55,Q1,E01,hemlock_extra_hazard_0.12,-0.001861572265625,False,TRUE,TRUE,False,8
55,Q1,E01,entry_lognormal_annual_sd_1.2,-0.001861572265625,False,TRUE,TRUE,False,8
55,Q1,E11,correct,-0.000396728515625,False,TRUE,TRUE,False,8
55,Q1,E11,hemlock_extra_hazard_0.12,-0.000396728515625,False,TRUE,TRUE,False,8
55,Q1,E11,entry_lognormal_annual_sd_1.2,-0.000396728515625,False,TRUE,TRUE,False,8
55,Q2,E00,correct,-0.00152587890625,False,TRUE,TRUE,False,8
55,Q2,E00,hemlock_extra_hazard_0.12,-0.00152587890625,False,TRUE,TRUE,False,8
55,Q2,E00,entry_lognormal_annual_sd_1.2,-0.00152587890625,False,TRUE,TRUE,False,8
55,Q2,E10,correct,0.008514404296875,False,TRUE,TRUE,False,8
55,Q2,E10,hemlock_extra_hazard_0.12,0.008514404296875,False,TRUE,TRUE,False,8
55,Q2,E10,entry_lognormal_annual_sd_1.2,0.008514404296875,False,TRUE,TRUE,False,8
55,Q2,E01,correct,-0.003143310546875,False,TRUE,TRUE,False,8
55,Q2,E01,hemlock_extra_hazard_0.12,-0.003143310546875,False,TRUE,TRUE,False,8
55,Q2,E01,entry_lognormal_annual_sd_1.2,-0.003143310546875,False,TRUE,TRUE,False,8
55,Q2,E11,correct,-0.002197265625,False,FALSE,FALSE,False,8
55,Q2,E11,hemlock_extra_hazard_0.12,-0.002197265625,False,FALSE,FALSE,False,8
55,Q2,E11,entry_lognormal_annual_sd_1.2,-0.002197265625,False,FALSE,FALSE,False,8
56,Q1,E00,correct,0.00238037109375,False,TRUE,TRUE,False,8
56,Q1,E00,hemlock_extra_hazard_0.12,0.00238037109375,False,TRUE,TRUE,False,8
56,Q1,E00,entry_lognormal_annual_sd_1.2,0.00238037109375,False,TRUE,TRUE,False,8
56,Q1,E10,correct,0.003753662109375,False,TRUE,TRUE,False,8
56,Q1,E10,hemlock_extra_hazard_0.12,0.003753662109375,False,TRUE,TRUE,False,8
56,Q1,E10,entry_lognormal_annual_sd_1.2,0.003753662109375,False,TRUE,TRUE,False,8
56,Q1,E01,correct,-0.0052490234375,False,TRUE,TRUE,False,8
56,Q1,E01,hemlock_extra_hazard_0.12,-0.0052490234375,False,TRUE,TRUE,False,8
56,Q1,E01,entry_lognormal_annual_sd_1.2,-0.0052490234375,False,TRUE,TRUE,False,8
56,Q1,E11,correct,-0.007476806640625,False,TRUE,TRUE,False,8
56,Q1,E11,hemlock_extra_hazard_0.12,-0.007476806640625,False,TRUE,TRUE,False,8
56,Q1,E11,entry_lognormal_annual_sd_1.2,-0.007476806640625,False,TRUE,TRUE,False,8
56,Q2,E00,correct,0.00146484375,False,TRUE,TRUE,False,8
56,Q2,E00,hemlock_extra_hazard_0.12,0.00146484375,False,TRUE,TRUE,False,8
56,Q2,E00,entry_lognormal_annual_sd_1.2,0.00146484375,False,TRUE,TRUE,False,8
56,Q2,E10,correct,-0.010040283203125,False,TRUE,TRUE,False,8
56,Q2,E10,hemlock_extra_hazard_0.12,-0.010040283203125,False,TRUE,TRUE,False,8
56,Q2,E10,entry_lognormal_annual_sd_1.2,-0.010040283203125,False,TRUE,TRUE,False,8
56,Q2,E01,correct,-0.00689697265625,False,TRUE,TRUE,False,8
56,Q2,E01,hemlock_extra_hazard_0.12,-0.00689697265625,False,TRUE,TRUE,False,8
56,Q2,E01,entry_lognormal_annual_sd_1.2,-0.00689697265625,False,TRUE,TRUE,False,8
56,Q2,E11,correct,0.012786865234375,False,MC_UNRESOLVED,FALSE,False,8
56,Q2,E11,hemlock_extra_hazard_0.12,0.012786865234375,False,MC_UNRESOLVED,FALSE,False,8
56,Q2,E11,entry_lognormal_annual_sd_1.2,0.012786865234375,False,MC_UNRESOLVED,FALSE,False,8
57,Q1,E00,correct,0.0052490234375,False,TRUE,TRUE,False,8
57,Q1,E00,hemlock_extra_hazard_0.12,0.0052490234375,False,TRUE,TRUE,False,8
57,Q1,E00,entry_lognormal_annual_sd_1.2,0.0052490234375,False,TRUE,TRUE,False,8
57,Q1,E10,correct,0.005767822265625,False,TRUE,TRUE,False,8
57,Q1,E10,hemlock_extra_hazard_0.12,0.005767822265625,False,TRUE,TRUE,False,8
57,Q1,E10,entry_lognormal_annual_sd_1.2,0.005767822265625,False,TRUE,TRUE,False,8
57,Q1,E01,correct,0.003662109375,False,TRUE,TRUE,False,8
57,Q1,E01,hemlock_extra_hazard_0.12,0.003662109375,False,TRUE,TRUE,False,8
57,Q1,E01,entry_lognormal_annual_sd_1.2,0.003662109375,False,TRUE,TRUE,False,8
57,Q1,E11,correct,-0.004547119140625,False,TRUE,TRUE,False,8
57,Q1,E11,hemlock_extra_hazard_0.12,-0.004547119140625,False,TRUE,TRUE,False,8
57,Q1,E11,entry_lognormal_annual_sd_1.2,-0.004547119140625,False,TRUE,TRUE,False,8
57,Q2,E00,correct,0.005340576171875,False,TRUE,TRUE,False,8
57,Q2,E00,hemlock_extra_hazard_0.12,0.005340576171875,False,TRUE,TRUE,False,8
57,Q2,E00,entry_lognormal_annual_sd_1.2,0.005340576171875,False,TRUE,TRUE,False,8
57,Q2,E10,correct,0.011199951171875,False,FALSE,FALSE,False,8
57,Q2,E10,hemlock_extra_hazard_0.12,0.011199951171875,False,FALSE,FALSE,False,8
57,Q2,E10,entry_lognormal_annual_sd_1.2,0.011199951171875,False,FALSE,FALSE,False,8
57,Q2,E01,correct,0.001190185546875,False,TRUE,TRUE,False,8
57,Q2,E01,hemlock_extra_hazard_0.12,0.001190185546875,False,TRUE,TRUE,False,8
57,Q2,E01,entry_lognormal_annual_sd_1.2,0.001190185546875,False,TRUE,TRUE,False,8
57,Q2,E11,correct,-0.007781982421875,False,MC_UNRESOLVED,MC_UNRESOLVED,False,8
57,Q2,E11,hemlock_extra_hazard_0.12,-0.007781982421875,False,MC_UNRESOLVED,MC_UNRESOLVED,False,8
57,Q2,E11,entry_lognormal_annual_sd_1.2,-0.007781982421875,False,MC_UNRESOLVED,MC_UNRESOLVED,False,8
58,Q1,E00,correct,-0.00213623046875,False,TRUE,TRUE,False,8
58,Q1,E00,hemlock_extra_hazard_0.12,-0.00213623046875,False,TRUE,TRUE,False,8
58,Q1,E00,entry_lognormal_annual_sd_1.2,-0.00213623046875,False,TRUE,TRUE,False,8
58,Q1,E10,correct,0.00445556640625,False,TRUE,TRUE,False,8
58,Q1,E10,hemlock_extra_hazard_0.12,0.00445556640625,False,TRUE,TRUE,False,8
58,Q1,E10,entry_lognormal_annual_sd_1.2,0.00445556640625,False,TRUE,TRUE,False,8
58,Q1,E01,correct,-0.001495361328125,False,TRUE,TRUE,False,8
58,Q1,E01,hemlock_extra_hazard_0.12,-0.001495361328125,False,TRUE,TRUE,False,8
58,Q1,E01,entry_lognormal_annual_sd_1.2,-0.001495361328125,False,TRUE,TRUE,False,8
58,Q1,E11,correct,-0.001556396484375,False,TRUE,TRUE,False,8
58,Q1,E11,hemlock_extra_hazard_0.12,-0.001556396484375,False,TRUE,TRUE,False,8
58,Q1,E11,entry_lognormal_annual_sd_1.2,-0.001556396484375,False,TRUE,TRUE,False,8
58,Q2,E00,correct,-0.000244140625,False,TRUE,TRUE,False,8
58,Q2,E00,hemlock_extra_hazard_0.12,-0.000244140625,False,TRUE,TRUE,False,8
58,Q2,E00,entry_lognormal_annual_sd_1.2,-0.000244140625,False,TRUE,TRUE,False,8
58,Q2,E10,correct,0.007354736328125,False,MC_UNRESOLVED,TRUE,False,8
58,Q2,E10,hemlock_extra_hazard_0.12,0.007354736328125,False,MC_UNRESOLVED,TRUE,False,8
58,Q2,E10,entry_lognormal_annual_sd_1.2,0.007354736328125,False,MC_UNRESOLVED,TRUE,False,8
58,Q2,E01,correct,-0.001678466796875,False,TRUE,TRUE,False,8
58,Q2,E01,hemlock_extra_hazard_0.12,-0.001678466796875,False,TRUE,TRUE,False,8
58,Q2,E01,entry_lognormal_annual_sd_1.2,-0.001678466796875,False,TRUE,TRUE,False,8
58,Q2,E11,correct,-0.0048828125,False,MC_UNRESOLVED,TRUE,False,8
58,Q2,E11,hemlock_extra_hazard_0.12,-0.0048828125,False,MC_UNRESOLVED,TRUE,False,8
58,Q2,E11,entry_lognormal_annual_sd_1.2,-0.0048828125,False,MC_UNRESOLVED,TRUE,False,8
59,Q1,E00,correct,-0.000152587890625,False,TRUE,TRUE,False,8
59,Q1,E00,hemlock_extra_hazard_0.12,-0.000152587890625,False,TRUE,TRUE,False,8
59,Q1,E00,entry_lognormal_annual_sd_1.2,-0.000152587890625,False,TRUE,TRUE,False,8
59,Q1,E10,correct,-6.103515625e-05,False,TRUE,TRUE,False,8
59,Q1,E10,hemlock_extra_hazard_0.12,-6.103515625e-05,False,TRUE,TRUE,False,8
59,Q1,E10,entry_lognormal_annual_sd_1.2,-6.103515625e-05,False,TRUE,TRUE,False,8
59,Q1,E01,correct,-0.000762939453125,False,TRUE,TRUE,False,8
59,Q1,E01,hemlock_extra_hazard_0.12,-0.000762939453125,False,TRUE,TRUE,False,8
59,Q1,E01,entry_lognormal_annual_sd_1.2,-0.000762939453125,False,TRUE,TRUE,False,8
59,Q1,E11,correct,-0.00579833984375,False,TRUE,TRUE,False,8
59,Q1,E11,hemlock_extra_hazard_0.12,-0.00579833984375,False,TRUE,TRUE,False,8
59,Q1,E11,entry_lognormal_annual_sd_1.2,-0.00579833984375,False,TRUE,TRUE,False,8
59,Q2,E00,correct,-0.00244140625,False,TRUE,TRUE,False,8
59,Q2,E00,hemlock_extra_hazard_0.12,-0.00244140625,False,TRUE,TRUE,False,8
59,Q2,E00,entry_lognormal_annual_sd_1.2,-0.00244140625,False,TRUE,TRUE,False,8
59,Q2,E10,correct,-0.001373291015625,False,TRUE,TRUE,False,8
59,Q2,E10,hemlock_extra_hazard_0.12,-0.001373291015625,False,TRUE,TRUE,False,8
59,Q2,E10,entry_lognormal_annual_sd_1.2,-0.001373291015625,False,TRUE,TRUE,False,8
59,Q2,E01,correct,-0.0010986328125,False,TRUE,TRUE,False,8
59,Q2,E01,hemlock_extra_hazard_0.12,-0.0010986328125,False,TRUE,TRUE,False,8
59,Q2,E01,entry_lognormal_annual_sd_1.2,-0.0010986328125,False,TRUE,TRUE,False,8
59,Q2,E11,correct,0.005615234375,False,TRUE,TRUE,False,8
59,Q2,E11,hemlock_extra_hazard_0.12,0.005615234375,False,TRUE,TRUE,False,8
59,Q2,E11,entry_lognormal_annual_sd_1.2,0.005615234375,False,TRUE,TRUE,False,8
60,Q1,E00,correct,0.0,False,TRUE,TRUE,False,8
60,Q1,E00,hemlock_extra_hazard_0.12,0.0,False,TRUE,TRUE,False,8
60,Q1,E00,entry_lognormal_annual_sd_1.2,0.0,False,TRUE,TRUE,False,8
60,Q1,E10,correct,-0.0072021484375,False,TRUE,TRUE,False,8
60,Q1,E10,hemlock_extra_hazard_0.12,-0.0072021484375,False,TRUE,TRUE,False,8
60,Q1,E10,entry_lognormal_annual_sd_1.2,-0.0072021484375,False,TRUE,TRUE,False,8
60,Q1,E01,correct,-3.0517578125e-05,False,TRUE,TRUE,False,8
60,Q1,E01,hemlock_extra_hazard_0.12,-3.0517578125e-05,False,TRUE,TRUE,False,8
60,Q1,E01,entry_lognormal_annual_sd_1.2,-3.0517578125e-05,False,TRUE,TRUE,False,8
60,Q1,E11,correct,-0.001007080078125,False,TRUE,TRUE,False,8
60,Q1,E11,hemlock_extra_hazard_0.12,-0.001007080078125,False,TRUE,TRUE,False,8
60,Q1,E11,entry_lognormal_annual_sd_1.2,-0.001007080078125,False,TRUE,TRUE,False,8
60,Q2,E00,correct,-0.00238037109375,False,TRUE,TRUE,False,8
60,Q2,E00,hemlock_extra_hazard_0.12,-0.00238037109375,False,TRUE,TRUE,False,8
60,Q2,E00,entry_lognormal_annual_sd_1.2,-0.00238037109375,False,TRUE,TRUE,False,8
60,Q2,E10,correct,-0.019012451171875,True,MC_UNRESOLVED,FALSE,False,8
60,Q2,E10,hemlock_extra_hazard_0.12,-0.019012451171875,True,MC_UNRESOLVED,FALSE,False,8
60,Q2,E10,entry_lognormal_annual_sd_1.2,-0.019012451171875,True,MC_UNRESOLVED,FALSE,False,8
60,Q2,E01,correct,0.004486083984375,False,TRUE,TRUE,False,8
60,Q2,E01,hemlock_extra_hazard_0.12,0.004486083984375,False,TRUE,TRUE,False,8
60,Q2,E01,entry_lognormal_annual_sd_1.2,0.004486083984375,False,TRUE,TRUE,False,8
60,Q2,E11,correct,-0.010772705078125,False,FALSE,FALSE,False,8
60,Q2,E11,hemlock_extra_hazard_0.12,-0.010772705078125,False,FALSE,FALSE,False,8
60,Q2,E11,entry_lognormal_annual_sd_1.2,-0.010772705078125,False,FALSE,FALSE,False,8
61,Q1,E00,correct,0.0008544921875,False,TRUE,TRUE,False,8
61,Q1,E00,hemlock_extra_hazard_0.12,0.0008544921875,False,TRUE,TRUE,False,8
61,Q1,E00,entry_lognormal_annual_sd_1.2,0.0008544921875,False,TRUE,TRUE,False,8
61,Q1,E10,correct,0.0123291015625,False,TRUE,TRUE,False,8
61,Q1,E10,hemlock_extra_hazard_0.12,0.0123291015625,False,TRUE,TRUE,False,8
61,Q1,E10,entry_lognormal_annual_sd_1.2,0.0123291015625,False,TRUE,TRUE,False,8
61,Q1,E01,correct,-0.002899169921875,False,TRUE,TRUE,False,8
61,Q1,E01,hemlock_extra_hazard_0.12,-0.002899169921875,False,TRUE,TRUE,False,8
61,Q1,E01,entry_lognormal_annual_sd_1.2,-0.002899169921875,False,TRUE,TRUE,False,8
61,Q1,E11,correct,-0.00201416015625,False,TRUE,TRUE,False,8
61,Q1,E11,hemlock_extra_hazard_0.12,-0.00201416015625,False,TRUE,TRUE,False,8
61,Q1,E11,entry_lognormal_annual_sd_1.2,-0.00201416015625,False,TRUE,TRUE,False,8
61,Q2,E00,correct,-0.000396728515625,False,TRUE,TRUE,False,8
61,Q2,E00,hemlock_extra_hazard_0.12,-0.000396728515625,False,TRUE,TRUE,False,8
61,Q2,E00,entry_lognormal_annual_sd_1.2,-0.000396728515625,False,TRUE,TRUE,False,8
61,Q2,E10,correct,0.0086669921875,False,FALSE,FALSE,False,8
61,Q2,E10,hemlock_extra_hazard_0.12,0.0086669921875,False,FALSE,FALSE,False,8
61,Q2,E10,entry_lognormal_annual_sd_1.2,0.0086669921875,False,FALSE,FALSE,False,8
61,Q2,E01,correct,-0.002349853515625,False,TRUE,TRUE,False,8
61,Q2,E01,hemlock_extra_hazard_0.12,-0.002349853515625,False,TRUE,TRUE,False,8
61,Q2,E01,entry_lognormal_annual_sd_1.2,-0.002349853515625,False,TRUE,TRUE,False,8
61,Q2,E11,correct,-0.0091552734375,False,MC_UNRESOLVED,MC_UNRESOLVED,False,8
61,Q2,E11,hemlock_extra_hazard_0.12,-0.0091552734375,False,MC_UNRESOLVED,MC_UNRESOLVED,False,8
61,Q2,E11,entry_lognormal_annual_sd_1.2,-0.0091552734375,False,MC_UNRESOLVED,MC_UNRESOLVED,False,8
62,Q1,E00,correct,0.000457763671875,False,TRUE,TRUE,False,8
62,Q1,E00,hemlock_extra_hazard_0.12,0.000457763671875,False,TRUE,TRUE,False,8
62,Q1,E00,entry_lognormal_annual_sd_1.2,0.000457763671875,False,TRUE,TRUE,False,8
62,Q1,E10,correct,0.001129150390625,False,TRUE,TRUE,False,8
62,Q1,E10,hemlock_extra_hazard_0.12,0.001129150390625,False,TRUE,TRUE,False,8
62,Q1,E10,entry_lognormal_annual_sd_1.2,0.001129150390625,False,TRUE,TRUE,False,8
62,Q1,E01,correct,-0.005126953125,False,TRUE,TRUE,False,8
62,Q1,E01,hemlock_extra_hazard_0.12,-0.005126953125,False,TRUE,TRUE,False,8
62,Q1,E01,entry_lognormal_annual_sd_1.2,-0.005126953125,False,TRUE,TRUE,False,8
62,Q1,E11,correct,0.00189208984375,False,TRUE,TRUE,False,8
62,Q1,E11,hemlock_extra_hazard_0.12,0.00189208984375,False,TRUE,TRUE,False,8
62,Q1,E11,entry_lognormal_annual_sd_1.2,0.00189208984375,False,TRUE,TRUE,False,8
62,Q2,E00,correct,0.002838134765625,False,TRUE,TRUE,False,8
62,Q2,E00,hemlock_extra_hazard_0.12,0.002838134765625,False,TRUE,TRUE,False,8
62,Q2,E00,entry_lognormal_annual_sd_1.2,0.002838134765625,False,TRUE,TRUE,False,8
62,Q2,E10,correct,-0.00421142578125,False,MC_UNRESOLVED,TRUE,False,8
62,Q2,E10,hemlock_extra_hazard_0.12,-0.00421142578125,False,MC_UNRESOLVED,TRUE,False,8
62,Q2,E10,entry_lognormal_annual_sd_1.2,-0.00421142578125,False,MC_UNRESOLVED,TRUE,False,8
62,Q2,E01,correct,-0.002716064453125,False,TRUE,TRUE,False,8
62,Q2,E01,hemlock_extra_hazard_0.12,-0.002716064453125,False,TRUE,TRUE,False,8
62,Q2,E01,entry_lognormal_annual_sd_1.2,-0.002716064453125,False,TRUE,TRUE,False,8
62,Q2,E11,correct,0.01025390625,False,MC_UNRESOLVED,MC_UNRESOLVED,False,8
62,Q2,E11,hemlock_extra_hazard_0.12,0.01025390625,False,MC_UNRESOLVED,MC_UNRESOLVED,False,8
62,Q2,E11,entry_lognormal_annual_sd_1.2,0.01025390625,False,MC_UNRESOLVED,MC_UNRESOLVED,False,8
63,Q1,E00,correct,0.0,False,TRUE,TRUE,False,8
63,Q1,E00,hemlock_extra_hazard_0.12,0.0,False,TRUE,TRUE,False,8
63,Q1,E00,entry_lognormal_annual_sd_1.2,0.0,False,TRUE,TRUE,False,8
63,Q1,E10,correct,-0.001617431640625,False,TRUE,TRUE,False,8
63,Q1,E10,hemlock_extra_hazard_0.12,-0.001617431640625,False,TRUE,TRUE,False,8
63,Q1,E10,entry_lognormal_annual_sd_1.2,-0.001617431640625,False,TRUE,TRUE,False,8
63,Q1,E01,correct,0.000457763671875,False,TRUE,TRUE,False,8
63,Q1,E01,hemlock_extra_hazard_0.12,0.000457763671875,False,TRUE,TRUE,False,8
63,Q1,E01,entry_lognormal_annual_sd_1.2,0.000457763671875,False,TRUE,TRUE,False,8
63,Q1,E11,correct,0.00811767578125,False,TRUE,TRUE,False,8
63,Q1,E11,hemlock_extra_hazard_0.12,0.00811767578125,False,TRUE,TRUE,False,8
63,Q1,E11,entry_lognormal_annual_sd_1.2,0.00811767578125,False,TRUE,TRUE,False,8
63,Q2,E00,correct,-0.002197265625,False,TRUE,TRUE,False,8
63,Q2,E00,hemlock_extra_hazard_0.12,-0.002197265625,False,TRUE,TRUE,False,8
63,Q2,E00,entry_lognormal_annual_sd_1.2,-0.002197265625,False,TRUE,TRUE,False,8
63,Q2,E10,correct,-0.015899658203125,False,MC_UNRESOLVED,MC_UNRESOLVED,False,8
63,Q2,E10,hemlock_extra_hazard_0.12,-0.015899658203125,False,MC_UNRESOLVED,MC_UNRESOLVED,False,8
63,Q2,E10,entry_lognormal_annual_sd_1.2,-0.015899658203125,False,MC_UNRESOLVED,MC_UNRESOLVED,False,8
63,Q2,E01,correct,-0.001434326171875,False,TRUE,TRUE,False,8
63,Q2,E01,hemlock_extra_hazard_0.12,-0.001434326171875,False,TRUE,TRUE,False,8
63,Q2,E01,entry_lognormal_annual_sd_1.2,-0.001434326171875,False,TRUE,TRUE,False,8
63,Q2,E11,correct,-0.004669189453125,False,MC_UNRESOLVED,MC_UNRESOLVED,False,8
63,Q2,E11,hemlock_extra_hazard_0.12,-0.004669189453125,False,MC_UNRESOLVED,MC_UNRESOLVED,False,8
63,Q2,E11,entry_lognormal_annual_sd_1.2,-0.004669189453125,False,MC_UNRESOLVED,MC_UNRESOLVED,False,8
64,Q1,E00,correct,-0.00115966796875,False,TRUE,TRUE,False,8
64,Q1,E00,hemlock_extra_hazard_0.12,-0.00115966796875,False,TRUE,TRUE,False,8
64,Q1,E00,entry_lognormal_annual_sd_1.2,-0.00115966796875,False,TRUE,TRUE,False,8
64,Q1,E10,correct,-0.005706787109375,False,TRUE,TRUE,False,8
64,Q1,E10,hemlock_extra_hazard_0.12,-0.005706787109375,False,TRUE,TRUE,False,8
64,Q1,E10,entry_lognormal_annual_sd_1.2,-0.005706787109375,False,TRUE,TRUE,False,8
64,Q1,E01,correct,-0.003509521484375,False,TRUE,TRUE,False,8
64,Q1,E01,hemlock_extra_hazard_0.12,-0.003509521484375,False,TRUE,TRUE,False,8
64,Q1,E01,entry_lognormal_annual_sd_1.2,-0.003509521484375,False,TRUE,TRUE,False,8
64,Q1,E11,correct,0.006378173828125,False,TRUE,TRUE,False,8
64,Q1,E11,hemlock_extra_hazard_0.12,0.006378173828125,False,TRUE,TRUE,False,8
64,Q1,E11,entry_lognormal_annual_sd_1.2,0.006378173828125,False,TRUE,TRUE,False,8
64,Q2,E00,correct,0.0067138671875,False,TRUE,TRUE,False,8
64,Q2,E00,hemlock_extra_hazard_0.12,0.0067138671875,False,TRUE,TRUE,False,8
64,Q2,E00,entry_lognormal_annual_sd_1.2,0.0067138671875,False,TRUE,TRUE,False,8
64,Q2,E10,correct,-0.00689697265625,False,MC_UNRESOLVED,MC_UNRESOLVED,False,8
64,Q2,E10,hemlock_extra_hazard_0.12,-0.00689697265625,False,MC_UNRESOLVED,MC_UNRESOLVED,False,8
64,Q2,E10,entry_lognormal_annual_sd_1.2,-0.00689697265625,False,MC_UNRESOLVED,MC_UNRESOLVED,False,8
64,Q2,E01,correct,-0.0069580078125,False,TRUE,TRUE,False,8
64,Q2,E01,hemlock_extra_hazard_0.12,-0.0069580078125,False,TRUE,TRUE,False,8
64,Q2,E01,entry_lognormal_annual_sd_1.2,-0.0069580078125,False,TRUE,TRUE,False,8
64,Q2,E11,correct,0.005889892578125,False,MC_UNRESOLVED,TRUE,False,8
64,Q2,E11,hemlock_extra_hazard_0.12,0.005889892578125,False,MC_UNRESOLVED,TRUE,False,8
64,Q2,E11,entry_lognormal_annual_sd_1.2,0.005889892578125,False,MC_UNRESOLVED,TRUE,False,8
65,Q1,E00,correct,0.001800537109375,False,TRUE,TRUE,False,8
65,Q1,E00,hemlock_extra_hazard_0.12,0.001800537109375,False,TRUE,TRUE,False,8
65,Q1,E00,entry_lognormal_annual_sd_1.2,0.001800537109375,False,TRUE,TRUE,False,8
65,Q1,E10,correct,0.00250244140625,False,TRUE,TRUE,False,8
65,Q1,E10,hemlock_extra_hazard_0.12,0.00250244140625,False,TRUE,TRUE,False,8
65,Q1,E10,entry_lognormal_annual_sd_1.2,0.00250244140625,False,TRUE,TRUE,False,8
65,Q1,E01,correct,-0.0010986328125,False,TRUE,TRUE,False,8
65,Q1,E01,hemlock_extra_hazard_0.12,-0.0010986328125,False,TRUE,TRUE,False,8
65,Q1,E01,entry_lognormal_annual_sd_1.2,-0.0010986328125,False,TRUE,TRUE,False,8
65,Q1,E11,correct,-3.0517578125e-05,False,TRUE,TRUE,False,8
65,Q1,E11,hemlock_extra_hazard_0.12,-3.0517578125e-05,False,TRUE,TRUE,False,8
65,Q1,E11,entry_lognormal_annual_sd_1.2,-3.0517578125e-05,False,TRUE,TRUE,False,8
65,Q2,E00,correct,0.002349853515625,False,TRUE,TRUE,False,8
65,Q2,E00,hemlock_extra_hazard_0.12,0.002349853515625,False,TRUE,TRUE,False,8
65,Q2,E00,entry_lognormal_annual_sd_1.2,0.002349853515625,False,TRUE,TRUE,True,8
65,Q2,E10,correct,0.006988525390625,False,TRUE,TRUE,False,8
65,Q2,E10,hemlock_extra_hazard_0.12,0.006988525390625,False,TRUE,TRUE,False,8
65,Q2,E10,entry_lognormal_annual_sd_1.2,0.006988525390625,False,TRUE,TRUE,True,8
65,Q2,E01,correct,0.001556396484375,False,TRUE,TRUE,False,8
65,Q2,E01,hemlock_extra_hazard_0.12,0.001556396484375,False,TRUE,TRUE,False,8
65,Q2,E01,entry_lognormal_annual_sd_1.2,0.001556396484375,False,TRUE,TRUE,True,8
65,Q2,E11,correct,-0.014617919921875,False,TRUE,TRUE,False,8
65,Q2,E11,hemlock_extra_hazard_0.12,-0.014617919921875,False,TRUE,TRUE,False,8
65,Q2,E11,entry_lognormal_annual_sd_1.2,-0.014617919921875,False,TRUE,TRUE,True,8
66,Q1,E00,correct,-9.1552734375e-05,False,TRUE,TRUE,False,8
66,Q1,E00,hemlock_extra_hazard_0.12,-9.1552734375e-05,False,TRUE,TRUE,False,8
66,Q1,E00,entry_lognormal_annual_sd_1.2,-9.1552734375e-05,False,TRUE,TRUE,False,8
66,Q1,E10,correct,0.001708984375,False,TRUE,TRUE,False,8
66,Q1,E10,hemlock_extra_hazard_0.12,0.001708984375,False,TRUE,TRUE,False,8
66,Q1,E10,entry_lognormal_annual_sd_1.2,0.001708984375,False,TRUE,TRUE,False,8
66,Q1,E01,correct,-0.000274658203125,False,TRUE,TRUE,False,8
66,Q1,E01,hemlock_extra_hazard_0.12,-0.000274658203125,False,TRUE,TRUE,False,8
66,Q1,E01,entry_lognormal_annual_sd_1.2,-0.000274658203125,False,TRUE,TRUE,False,8
66,Q1,E11,correct,-0.00390625,False,TRUE,TRUE,False,8
66,Q1,E11,hemlock_extra_hazard_0.12,-0.00390625,False,TRUE,TRUE,False,8
66,Q1,E11,entry_lognormal_annual_sd_1.2,-0.00390625,False,TRUE,TRUE,False,8
66,Q2,E00,correct,0.000213623046875,False,TRUE,TRUE,False,8
66,Q2,E00,hemlock_extra_hazard_0.12,0.000213623046875,False,TRUE,TRUE,False,8
66,Q2,E00,entry_lognormal_annual_sd_1.2,0.000213623046875,False,TRUE,TRUE,False,8
66,Q2,E10,correct,0.0029296875,False,MC_UNRESOLVED,FALSE,False,8
66,Q2,E10,hemlock_extra_hazard_0.12,0.0029296875,False,MC_UNRESOLVED,FALSE,False,8
66,Q2,E10,entry_lognormal_annual_sd_1.2,0.0029296875,False,MC_UNRESOLVED,FALSE,False,8
66,Q2,E01,correct,-0.00274658203125,False,TRUE,TRUE,False,8
66,Q2,E01,hemlock_extra_hazard_0.12,-0.00274658203125,False,TRUE,TRUE,False,8
66,Q2,E01,entry_lognormal_annual_sd_1.2,-0.00274658203125,False,TRUE,TRUE,False,8
66,Q2,E11,correct,0.0013427734375,False,FALSE,FALSE,False,8
66,Q2,E11,hemlock_extra_hazard_0.12,0.0013427734375,False,FALSE,FALSE,False,8
66,Q2,E11,entry_lognormal_annual_sd_1.2,0.0013427734375,False,FALSE,FALSE,False,8
67,Q1,E00,correct,-0.000579833984375,False,TRUE,TRUE,False,8
67,Q1,E00,hemlock_extra_hazard_0.12,-0.000579833984375,False,TRUE,TRUE,False,8
67,Q1,E00,entry_lognormal_annual_sd_1.2,-0.000579833984375,False,TRUE,TRUE,False,8
67,Q1,E10,correct,-0.003326416015625,False,TRUE,TRUE,False,8
67,Q1,E10,hemlock_extra_hazard_0.12,-0.003326416015625,False,TRUE,TRUE,False,8
67,Q1,E10,entry_lognormal_annual_sd_1.2,-0.003326416015625,False,TRUE,TRUE,False,8
67,Q1,E01,correct,-0.0003662109375,False,TRUE,TRUE,False,8
67,Q1,E01,hemlock_extra_hazard_0.12,-0.0003662109375,False,TRUE,TRUE,False,8
67,Q1,E01,entry_lognormal_annual_sd_1.2,-0.0003662109375,False,TRUE,TRUE,False,8
67,Q1,E11,correct,0.001861572265625,False,TRUE,TRUE,False,8
67,Q1,E11,hemlock_extra_hazard_0.12,0.001861572265625,False,TRUE,TRUE,False,8
67,Q1,E11,entry_lognormal_annual_sd_1.2,0.001861572265625,False,TRUE,TRUE,False,8
67,Q2,E00,correct,0.01416015625,False,TRUE,TRUE,False,8
67,Q2,E00,hemlock_extra_hazard_0.12,0.01416015625,False,TRUE,TRUE,False,8
67,Q2,E00,entry_lognormal_annual_sd_1.2,0.01416015625,False,TRUE,TRUE,False,8
67,Q2,E10,correct,-0.001678466796875,False,TRUE,TRUE,False,8
67,Q2,E10,hemlock_extra_hazard_0.12,-0.001678466796875,False,TRUE,TRUE,False,8
67,Q2,E10,entry_lognormal_annual_sd_1.2,-0.001678466796875,False,TRUE,TRUE,False,8
67,Q2,E01,correct,-0.00213623046875,False,TRUE,TRUE,False,8
67,Q2,E01,hemlock_extra_hazard_0.12,-0.00213623046875,False,TRUE,TRUE,False,8
67,Q2,E01,entry_lognormal_annual_sd_1.2,-0.00213623046875,False,TRUE,TRUE,False,8
67,Q2,E11,correct,-0.005859375,False,MC_UNRESOLVED,FALSE,False,8
67,Q2,E11,hemlock_extra_hazard_0.12,-0.005859375,False,MC_UNRESOLVED,FALSE,False,8
67,Q2,E11,entry_lognormal_annual_sd_1.2,-0.005859375,False,MC_UNRESOLVED,FALSE,False,8
68,Q1,E00,correct,3.0517578125e-05,False,TRUE,TRUE,False,8
68,Q1,E00,hemlock_extra_hazard_0.12,3.0517578125e-05,False,TRUE,TRUE,False,8
68,Q1,E00,entry_lognormal_annual_sd_1.2,3.0517578125e-05,False,TRUE,TRUE,False,8
68,Q1,E10,correct,-0.0067138671875,False,TRUE,TRUE,False,8
68,Q1,E10,hemlock_extra_hazard_0.12,-0.0067138671875,False,TRUE,TRUE,False,8
68,Q1,E10,entry_lognormal_annual_sd_1.2,-0.0067138671875,False,TRUE,TRUE,False,8
68,Q1,E01,correct,-6.103515625e-05,False,TRUE,TRUE,False,8
68,Q1,E01,hemlock_extra_hazard_0.12,-6.103515625e-05,False,TRUE,TRUE,False,8
68,Q1,E01,entry_lognormal_annual_sd_1.2,-6.103515625e-05,False,TRUE,TRUE,False,8
68,Q1,E11,correct,-0.00115966796875,False,TRUE,TRUE,False,8
68,Q1,E11,hemlock_extra_hazard_0.12,-0.00115966796875,False,TRUE,TRUE,False,8
68,Q1,E11,entry_lognormal_annual_sd_1.2,-0.00115966796875,False,TRUE,TRUE,False,8
68,Q2,E00,correct,0.002227783203125,False,TRUE,TRUE,False,8
68,Q2,E00,hemlock_extra_hazard_0.12,0.002227783203125,False,TRUE,TRUE,False,8
68,Q2,E00,entry_lognormal_annual_sd_1.2,0.002227783203125,False,TRUE,TRUE,False,8
68,Q2,E10,correct,0.01226806640625,False,FALSE,FALSE,False,8
68,Q2,E10,hemlock_extra_hazard_0.12,0.01226806640625,False,FALSE,FALSE,False,8
68,Q2,E10,entry_lognormal_annual_sd_1.2,0.01226806640625,False,FALSE,FALSE,False,8
68,Q2,E01,correct,-0.001953125,False,TRUE,TRUE,False,8
68,Q2,E01,hemlock_extra_hazard_0.12,-0.001953125,False,TRUE,TRUE,False,8
68,Q2,E01,entry_lognormal_annual_sd_1.2,-0.001953125,False,TRUE,TRUE,False,8
68,Q2,E11,correct,-0.00189208984375,False,MC_UNRESOLVED,MC_UNRESOLVED,False,8
68,Q2,E11,hemlock_extra_hazard_0.12,-0.00189208984375,False,MC_UNRESOLVED,MC_UNRESOLVED,False,8
68,Q2,E11,entry_lognormal_annual_sd_1.2,-0.00189208984375,False,MC_UNRESOLVED,MC_UNRESOLVED,False,8
69,Q1,E00,correct,-0.000823974609375,False,TRUE,TRUE,False,8
69,Q1,E00,hemlock_extra_hazard_0.12,-0.000823974609375,False,TRUE,TRUE,False,8
69,Q1,E00,entry_lognormal_annual_sd_1.2,-0.000823974609375,False,TRUE,TRUE,False,8
69,Q1,E10,correct,3.0517578125e-05,False,TRUE,TRUE,False,8
69,Q1,E10,hemlock_extra_hazard_0.12,3.0517578125e-05,False,TRUE,TRUE,False,8
69,Q1,E10,entry_lognormal_annual_sd_1.2,3.0517578125e-05,False,TRUE,TRUE,False,8
69,Q1,E01,correct,-0.000579833984375,False,TRUE,TRUE,False,8
69,Q1,E01,hemlock_extra_hazard_0.12,-0.000579833984375,False,TRUE,TRUE,False,8
69,Q1,E01,entry_lognormal_annual_sd_1.2,-0.000579833984375,False,TRUE,TRUE,False,8
69,Q1,E11,correct,-6.103515625e-05,False,TRUE,TRUE,False,8
69,Q1,E11,hemlock_extra_hazard_0.12,-6.103515625e-05,False,TRUE,TRUE,False,8
69,Q1,E11,entry_lognormal_annual_sd_1.2,-6.103515625e-05,False,TRUE,TRUE,False,8
69,Q2,E00,correct,0.00347900390625,False,TRUE,TRUE,False,8
69,Q2,E00,hemlock_extra_hazard_0.12,0.00347900390625,False,TRUE,TRUE,False,8
69,Q2,E00,entry_lognormal_annual_sd_1.2,0.00347900390625,False,TRUE,TRUE,False,8
69,Q2,E10,correct,-0.001495361328125,False,TRUE,TRUE,False,8
69,Q2,E10,hemlock_extra_hazard_0.12,-0.001495361328125,False,TRUE,TRUE,False,8
69,Q2,E10,entry_lognormal_annual_sd_1.2,-0.001495361328125,False,TRUE,TRUE,False,8
69,Q2,E01,correct,0.0020751953125,False,TRUE,TRUE,False,8
69,Q2,E01,hemlock_extra_hazard_0.12,0.0020751953125,False,TRUE,TRUE,False,8
69,Q2,E01,entry_lognormal_annual_sd_1.2,0.0020751953125,False,TRUE,TRUE,False,8
69,Q2,E11,correct,-0.001922607421875,False,TRUE,TRUE,False,8
69,Q2,E11,hemlock_extra_hazard_0.12,-0.001922607421875,False,TRUE,TRUE,False,8
69,Q2,E11,entry_lognormal_annual_sd_1.2,-0.001922607421875,False,TRUE,TRUE,False,8
70,Q1,E00,correct,-0.001312255859375,False,TRUE,TRUE,False,8
70,Q1,E00,hemlock_extra_hazard_0.12,-0.001312255859375,False,TRUE,TRUE,False,8
70,Q1,E00,entry_lognormal_annual_sd_1.2,-0.001312255859375,False,TRUE,TRUE,False,8
70,Q1,E10,correct,-0.001373291015625,False,TRUE,TRUE,False,8
70,Q1,E10,hemlock_extra_hazard_0.12,-0.001373291015625,False,TRUE,TRUE,False,8
70,Q1,E10,entry_lognormal_annual_sd_1.2,-0.001373291015625,False,TRUE,TRUE,False,8
70,Q1,E01,correct,-0.00054931640625,False,TRUE,TRUE,False,8
70,Q1,E01,hemlock_extra_hazard_0.12,-0.00054931640625,False,TRUE,TRUE,False,8
70,Q1,E01,entry_lognormal_annual_sd_1.2,-0.00054931640625,False,TRUE,TRUE,False,8
70,Q1,E11,correct,-0.0052490234375,False,TRUE,TRUE,False,8
70,Q1,E11,hemlock_extra_hazard_0.12,-0.0052490234375,False,TRUE,TRUE,False,8
70,Q1,E11,entry_lognormal_annual_sd_1.2,-0.0052490234375,False,TRUE,TRUE,False,8
70,Q2,E00,correct,0.002838134765625,False,TRUE,TRUE,False,8
70,Q2,E00,hemlock_extra_hazard_0.12,0.002838134765625,False,TRUE,TRUE,False,8
70,Q2,E00,entry_lognormal_annual_sd_1.2,0.002838134765625,False,TRUE,TRUE,False,8
70,Q2,E10,correct,0.00048828125,False,MC_UNRESOLVED,FALSE,False,8
70,Q2,E10,hemlock_extra_hazard_0.12,0.00048828125,False,MC_UNRESOLVED,FALSE,False,8
70,Q2,E10,entry_lognormal_annual_sd_1.2,0.00048828125,False,MC_UNRESOLVED,FALSE,False,8
70,Q2,E01,correct,-0.00439453125,False,TRUE,TRUE,False,8
70,Q2,E01,hemlock_extra_hazard_0.12,-0.00439453125,False,TRUE,TRUE,False,8
70,Q2,E01,entry_lognormal_annual_sd_1.2,-0.00439453125,False,TRUE,TRUE,False,8
70,Q2,E11,correct,-0.0205078125,False,MC_UNRESOLVED,TRUE,False,8
70,Q2,E11,hemlock_extra_hazard_0.12,-0.0205078125,False,MC_UNRESOLVED,TRUE,False,8
70,Q2,E11,entry_lognormal_annual_sd_1.2,-0.0205078125,False,MC_UNRESOLVED,TRUE,False,8
71,Q1,E00,correct,-0.000213623046875,False,TRUE,TRUE,False,8
71,Q1,E00,hemlock_extra_hazard_0.12,-0.000213623046875,False,TRUE,TRUE,False,8
71,Q1,E00,entry_lognormal_annual_sd_1.2,-0.000213623046875,False,TRUE,TRUE,False,8
71,Q1,E10,correct,0.0008544921875,False,TRUE,TRUE,False,8
71,Q1,E10,hemlock_extra_hazard_0.12,0.0008544921875,False,TRUE,TRUE,False,8
71,Q1,E10,entry_lognormal_annual_sd_1.2,0.0008544921875,False,TRUE,TRUE,False,8
71,Q1,E01,correct,-0.000274658203125,False,TRUE,TRUE,False,8
71,Q1,E01,hemlock_extra_hazard_0.12,-0.000274658203125,False,TRUE,TRUE,False,8
71,Q1,E01,entry_lognormal_annual_sd_1.2,-0.000274658203125,False,TRUE,TRUE,False,8
71,Q1,E11,correct,-0.000732421875,False,TRUE,TRUE,False,8
71,Q1,E11,hemlock_extra_hazard_0.12,-0.000732421875,False,TRUE,TRUE,False,8
71,Q1,E11,entry_lognormal_annual_sd_1.2,-0.000732421875,False,TRUE,TRUE,False,8
71,Q2,E00,correct,-0.00091552734375,False,TRUE,TRUE,False,8
71,Q2,E00,hemlock_extra_hazard_0.12,-0.00091552734375,False,TRUE,TRUE,False,8
71,Q2,E00,entry_lognormal_annual_sd_1.2,-0.00091552734375,False,TRUE,TRUE,False,8
71,Q2,E10,correct,0.000640869140625,False,TRUE,TRUE,False,8
71,Q2,E10,hemlock_extra_hazard_0.12,0.000640869140625,False,TRUE,TRUE,False,8
71,Q2,E10,entry_lognormal_annual_sd_1.2,0.000640869140625,False,TRUE,TRUE,False,8
71,Q2,E01,correct,0.0025634765625,False,TRUE,TRUE,False,8
71,Q2,E01,hemlock_extra_hazard_0.12,0.0025634765625,False,TRUE,TRUE,False,8
71,Q2,E01,entry_lognormal_annual_sd_1.2,0.0025634765625,False,TRUE,TRUE,False,8
71,Q2,E11,correct,0.001373291015625,False,TRUE,TRUE,False,8
71,Q2,E11,hemlock_extra_hazard_0.12,0.001373291015625,False,TRUE,TRUE,False,8
71,Q2,E11,entry_lognormal_annual_sd_1.2,0.001373291015625,False,TRUE,TRUE,False,8
72,Q1,E00,correct,0.0,False,FALSE,FALSE,False,8
72,Q1,E00,hemlock_extra_hazard_0.12,0.0,False,FALSE,FALSE,False,8
72,Q1,E00,entry_lognormal_annual_sd_1.2,0.0,False,FALSE,FALSE,False,8
72,Q1,E10,correct,0.0,False,FALSE,FALSE,False,8
72,Q1,E10,hemlock_extra_hazard_0.12,0.0,False,FALSE,FALSE,False,8
72,Q1,E10,entry_lognormal_annual_sd_1.2,0.0,False,FALSE,FALSE,False,8
72,Q1,E01,correct,0.0,False,FALSE,FALSE,False,8
72,Q1,E01,hemlock_extra_hazard_0.12,0.0,False,FALSE,FALSE,False,8
72,Q1,E01,entry_lognormal_annual_sd_1.2,0.0,False,FALSE,FALSE,False,8
72,Q1,E11,correct,0.0,False,FALSE,FALSE,False,8
72,Q1,E11,hemlock_extra_hazard_0.12,0.0,False,FALSE,FALSE,False,8
72,Q1,E11,entry_lognormal_annual_sd_1.2,0.0,False,FALSE,FALSE,False,8
72,Q2,E00,correct,0.0,False,FALSE,FALSE,False,8
72,Q2,E00,hemlock_extra_hazard_0.12,0.0,False,FALSE,FALSE,False,8
72,Q2,E00,entry_lognormal_annual_sd_1.2,0.0,False,FALSE,FALSE,False,8
72,Q2,E10,correct,0.0,False,FALSE,FALSE,False,8
72,Q2,E10,hemlock_extra_hazard_0.12,0.0,False,FALSE,FALSE,False,8
72,Q2,E10,entry_lognormal_annual_sd_1.2,0.0,False,FALSE,FALSE,False,8
72,Q2,E01,correct,0.0,False,FALSE,FALSE,False,8
72,Q2,E01,hemlock_extra_hazard_0.12,0.0,False,FALSE,FALSE,False,8
72,Q2,E01,entry_lognormal_annual_sd_1.2,0.0,False,FALSE,FALSE,False,8
72,Q2,E11,correct,0.0,False,FALSE,FALSE,False,8
72,Q2,E11,hemlock_extra_hazard_0.12,0.0,False,FALSE,FALSE,False,8
72,Q2,E11,entry_lognormal_annual_sd_1.2,0.0,False,FALSE,FALSE,False,8
73,Q1,E00,correct,0.0,False,FALSE,FALSE,False,8
73,Q1,E00,hemlock_extra_hazard_0.12,0.0,False,FALSE,FALSE,False,8
73,Q1,E00,entry_lognormal_annual_sd_1.2,0.0,False,FALSE,FALSE,False,8
73,Q1,E10,correct,0.0,False,FALSE,FALSE,False,8
73,Q1,E10,hemlock_extra_hazard_0.12,0.0,False,FALSE,FALSE,False,8
73,Q1,E10,entry_lognormal_annual_sd_1.2,0.0,False,FALSE,FALSE,False,8
73,Q1,E01,correct,0.0,False,FALSE,FALSE,False,8
73,Q1,E01,hemlock_extra_hazard_0.12,0.0,False,FALSE,FALSE,False,8
73,Q1,E01,entry_lognormal_annual_sd_1.2,0.0,False,FALSE,FALSE,False,8
73,Q1,E11,correct,0.0,False,FALSE,FALSE,False,8
73,Q1,E11,hemlock_extra_hazard_0.12,0.0,False,FALSE,FALSE,False,8
73,Q1,E11,entry_lognormal_annual_sd_1.2,0.0,False,FALSE,FALSE,False,8
73,Q2,E00,correct,0.0,False,FALSE,FALSE,False,8
73,Q2,E00,hemlock_extra_hazard_0.12,0.0,False,FALSE,FALSE,False,8
73,Q2,E00,entry_lognormal_annual_sd_1.2,0.0,False,FALSE,FALSE,False,8
73,Q2,E10,correct,0.0,False,FALSE,FALSE,False,8
73,Q2,E10,hemlock_extra_hazard_0.12,0.0,False,FALSE,FALSE,False,8
73,Q2,E10,entry_lognormal_annual_sd_1.2,0.0,False,FALSE,FALSE,False,8
73,Q2,E01,correct,0.0,False,FALSE,FALSE,False,8
73,Q2,E01,hemlock_extra_hazard_0.12,0.0,False,FALSE,FALSE,False,8
73,Q2,E01,entry_lognormal_annual_sd_1.2,0.0,False,FALSE,FALSE,False,8
73,Q2,E11,correct,0.0,False,FALSE,FALSE,False,8
73,Q2,E11,hemlock_extra_hazard_0.12,0.0,False,FALSE,FALSE,False,8
73,Q2,E11,entry_lognormal_annual_sd_1.2,0.0,False,FALSE,FALSE,False,8
74,Q1,E00,correct,0.0,False,FALSE,FALSE,False,8
74,Q1,E00,hemlock_extra_hazard_0.12,0.0,False,FALSE,FALSE,False,8
74,Q1,E00,entry_lognormal_annual_sd_1.2,0.0,False,FALSE,FALSE,False,8
74,Q1,E10,correct,0.0,False,FALSE,FALSE,False,8
74,Q1,E10,hemlock_extra_hazard_0.12,0.0,False,FALSE,FALSE,False,8
74,Q1,E10,entry_lognormal_annual_sd_1.2,0.0,False,FALSE,FALSE,False,8
74,Q1,E01,correct,0.0,False,FALSE,FALSE,False,8
74,Q1,E01,hemlock_extra_hazard_0.12,0.0,False,FALSE,FALSE,False,8
74,Q1,E01,entry_lognormal_annual_sd_1.2,0.0,False,FALSE,FALSE,False,8
74,Q1,E11,correct,0.0,False,FALSE,FALSE,False,8
74,Q1,E11,hemlock_extra_hazard_0.12,0.0,False,FALSE,FALSE,False,8
74,Q1,E11,entry_lognormal_annual_sd_1.2,0.0,False,FALSE,FALSE,False,8
74,Q2,E00,correct,0.0,False,FALSE,FALSE,False,8
74,Q2,E00,hemlock_extra_hazard_0.12,0.0,False,FALSE,FALSE,False,8
74,Q2,E00,entry_lognormal_annual_sd_1.2,0.0,False,FALSE,FALSE,False,8
74,Q2,E10,correct,0.0,False,FALSE,FALSE,False,8
74,Q2,E10,hemlock_extra_hazard_0.12,0.0,False,FALSE,FALSE,False,8
74,Q2,E10,entry_lognormal_annual_sd_1.2,0.0,False,FALSE,FALSE,False,8
74,Q2,E01,correct,0.0,False,FALSE,FALSE,False,8
74,Q2,E01,hemlock_extra_hazard_0.12,0.0,False,FALSE,FALSE,False,8
74,Q2,E01,entry_lognormal_annual_sd_1.2,0.0,False,FALSE,FALSE,False,8
74,Q2,E11,correct,0.0,False,FALSE,FALSE,False,8
74,Q2,E11,hemlock_extra_hazard_0.12,0.0,False,FALSE,FALSE,False,8
74,Q2,E11,entry_lognormal_annual_sd_1.2,0.0,False,FALSE,FALSE,False,8
75,Q1,E00,correct,0.0,False,FALSE,FALSE,False,8
75,Q1,E00,hemlock_extra_hazard_0.12,0.0,False,FALSE,FALSE,False,8
75,Q1,E00,entry_lognormal_annual_sd_1.2,0.0,False,FALSE,FALSE,False,8
75,Q1,E10,correct,0.0,False,FALSE,FALSE,False,8
75,Q1,E10,hemlock_extra_hazard_0.12,0.0,False,FALSE,FALSE,False,8
75,Q1,E10,entry_lognormal_annual_sd_1.2,0.0,False,FALSE,FALSE,False,8
75,Q1,E01,correct,0.0,False,FALSE,FALSE,False,8
75,Q1,E01,hemlock_extra_hazard_0.12,0.0,False,FALSE,FALSE,False,8
75,Q1,E01,entry_lognormal_annual_sd_1.2,0.0,False,FALSE,FALSE,False,8
75,Q1,E11,correct,0.0,False,FALSE,FALSE,False,8
75,Q1,E11,hemlock_extra_hazard_0.12,0.0,False,FALSE,FALSE,False,8
75,Q1,E11,entry_lognormal_annual_sd_1.2,0.0,False,FALSE,FALSE,False,8
75,Q2,E00,correct,0.0,False,FALSE,FALSE,False,8
75,Q2,E00,hemlock_extra_hazard_0.12,0.0,False,FALSE,FALSE,False,8
75,Q2,E00,entry_lognormal_annual_sd_1.2,0.0,False,FALSE,FALSE,False,8
75,Q2,E10,correct,0.0,False,FALSE,FALSE,False,8
75,Q2,E10,hemlock_extra_hazard_0.12,0.0,False,FALSE,FALSE,False,8
75,Q2,E10,entry_lognormal_annual_sd_1.2,0.0,False,FALSE,FALSE,False,8
75,Q2,E01,correct,0.0,False,FALSE,FALSE,False,8
75,Q2,E01,hemlock_extra_hazard_0.12,0.0,False,FALSE,FALSE,False,8
75,Q2,E01,entry_lognormal_annual_sd_1.2,0.0,False,FALSE,FALSE,False,8
75,Q2,E11,correct,0.0,False,FALSE,FALSE,False,8
75,Q2,E11,hemlock_extra_hazard_0.12,0.0,False,FALSE,FALSE,False,8
75,Q2,E11,entry_lognormal_annual_sd_1.2,0.0,False,FALSE,FALSE,False,8
76,Q1,E00,correct,0.0,False,FALSE,FALSE,False,8
76,Q1,E00,hemlock_extra_hazard_0.12,0.0,False,FALSE,FALSE,False,8
76,Q1,E00,entry_lognormal_annual_sd_1.2,0.0,False,FALSE,FALSE,False,8
76,Q1,E10,correct,0.0,False,FALSE,FALSE,False,8
76,Q1,E10,hemlock_extra_hazard_0.12,0.0,False,FALSE,FALSE,False,8
76,Q1,E10,entry_lognormal_annual_sd_1.2,0.0,False,FALSE,FALSE,False,8
76,Q1,E01,correct,0.0,False,FALSE,FALSE,False,8
76,Q1,E01,hemlock_extra_hazard_0.12,0.0,False,FALSE,FALSE,False,8
76,Q1,E01,entry_lognormal_annual_sd_1.2,0.0,False,FALSE,FALSE,False,8
76,Q1,E11,correct,0.0,False,FALSE,FALSE,False,8
76,Q1,E11,hemlock_extra_hazard_0.12,0.0,False,FALSE,FALSE,False,8
76,Q1,E11,entry_lognormal_annual_sd_1.2,0.0,False,FALSE,FALSE,False,8
76,Q2,E00,correct,0.0,False,FALSE,FALSE,False,8
76,Q2,E00,hemlock_extra_hazard_0.12,0.0,False,FALSE,FALSE,False,8
76,Q2,E00,entry_lognormal_annual_sd_1.2,0.0,False,FALSE,FALSE,False,8
76,Q2,E10,correct,0.0,False,FALSE,FALSE,False,8
76,Q2,E10,hemlock_extra_hazard_0.12,0.0,False,FALSE,FALSE,False,8
76,Q2,E10,entry_lognormal_annual_sd_1.2,0.0,False,FALSE,FALSE,False,8
76,Q2,E01,correct,0.0,False,FALSE,FALSE,False,8
76,Q2,E01,hemlock_extra_hazard_0.12,0.0,False,FALSE,FALSE,False,8
76,Q2,E01,entry_lognormal_annual_sd_1.2,0.0,False,FALSE,FALSE,False,8
76,Q2,E11,correct,0.0,False,FALSE,FALSE,False,8
76,Q2,E11,hemlock_extra_hazard_0.12,0.0,False,FALSE,FALSE,False,8
76,Q2,E11,entry_lognormal_annual_sd_1.2,0.0,False,FALSE,FALSE,False,8
77,Q1,E00,correct,0.0,False,FALSE,FALSE,False,8
77,Q1,E00,hemlock_extra_hazard_0.12,0.0,False,FALSE,FALSE,False,8
77,Q1,E00,entry_lognormal_annual_sd_1.2,0.0,False,FALSE,FALSE,False,8
77,Q1,E10,correct,0.0,False,FALSE,FALSE,False,8
77,Q1,E10,hemlock_extra_hazard_0.12,0.0,False,FALSE,FALSE,False,8
77,Q1,E10,entry_lognormal_annual_sd_1.2,0.0,False,FALSE,FALSE,False,8
77,Q1,E01,correct,0.0,False,FALSE,FALSE,False,8
77,Q1,E01,hemlock_extra_hazard_0.12,0.0,False,FALSE,FALSE,False,8
77,Q1,E01,entry_lognormal_annual_sd_1.2,0.0,False,FALSE,FALSE,False,8
77,Q1,E11,correct,0.0,False,FALSE,FALSE,False,8
77,Q1,E11,hemlock_extra_hazard_0.12,0.0,False,FALSE,FALSE,False,8
77,Q1,E11,entry_lognormal_annual_sd_1.2,0.0,False,FALSE,FALSE,False,8
77,Q2,E00,correct,0.0,False,FALSE,FALSE,False,8
77,Q2,E00,hemlock_extra_hazard_0.12,0.0,False,FALSE,FALSE,False,8
77,Q2,E00,entry_lognormal_annual_sd_1.2,0.0,False,FALSE,FALSE,False,8
77,Q2,E10,correct,0.0,False,FALSE,FALSE,False,8
77,Q2,E10,hemlock_extra_hazard_0.12,0.0,False,FALSE,FALSE,False,8
77,Q2,E10,entry_lognormal_annual_sd_1.2,0.0,False,FALSE,FALSE,False,8
77,Q2,E01,correct,0.0,False,FALSE,FALSE,False,8
77,Q2,E01,hemlock_extra_hazard_0.12,0.0,False,FALSE,FALSE,False,8
77,Q2,E01,entry_lognormal_annual_sd_1.2,0.0,False,FALSE,FALSE,False,8
77,Q2,E11,correct,0.0,False,FALSE,FALSE,False,8
77,Q2,E11,hemlock_extra_hazard_0.12,0.0,False,FALSE,FALSE,False,8
77,Q2,E11,entry_lognormal_annual_sd_1.2,0.0,False,FALSE,FALSE,False,8
78,Q1,E00,correct,0.0,False,FALSE,FALSE,False,8
78,Q1,E00,hemlock_extra_hazard_0.12,0.0,False,FALSE,FALSE,False,8
78,Q1,E00,entry_lognormal_annual_sd_1.2,0.0,False,FALSE,FALSE,False,8
78,Q1,E10,correct,0.0,False,FALSE,FALSE,False,8
78,Q1,E10,hemlock_extra_hazard_0.12,0.0,False,FALSE,FALSE,False,8
78,Q1,E10,entry_lognormal_annual_sd_1.2,0.0,False,FALSE,FALSE,False,8
78,Q1,E01,correct,0.0,False,FALSE,FALSE,False,8
78,Q1,E01,hemlock_extra_hazard_0.12,0.0,False,FALSE,FALSE,False,8
78,Q1,E01,entry_lognormal_annual_sd_1.2,0.0,False,FALSE,FALSE,False,8
78,Q1,E11,correct,0.0,False,FALSE,FALSE,False,8
78,Q1,E11,hemlock_extra_hazard_0.12,0.0,False,FALSE,FALSE,False,8
78,Q1,E11,entry_lognormal_annual_sd_1.2,0.0,False,FALSE,FALSE,False,8
78,Q2,E00,correct,0.0,False,FALSE,FALSE,False,8
78,Q2,E00,hemlock_extra_hazard_0.12,0.0,False,FALSE,FALSE,False,8
78,Q2,E00,entry_lognormal_annual_sd_1.2,0.0,False,FALSE,FALSE,False,8
78,Q2,E10,correct,0.0,False,FALSE,FALSE,False,8
78,Q2,E10,hemlock_extra_hazard_0.12,0.0,False,FALSE,FALSE,False,8
78,Q2,E10,entry_lognormal_annual_sd_1.2,0.0,False,FALSE,FALSE,False,8
78,Q2,E01,correct,0.0,False,FALSE,FALSE,False,8
78,Q2,E01,hemlock_extra_hazard_0.12,0.0,False,FALSE,FALSE,False,8
78,Q2,E01,entry_lognormal_annual_sd_1.2,0.0,False,FALSE,FALSE,False,8
78,Q2,E11,correct,0.0,False,FALSE,FALSE,False,8
78,Q2,E11,hemlock_extra_hazard_0.12,0.0,False,FALSE,FALSE,False,8
78,Q2,E11,entry_lognormal_annual_sd_1.2,0.0,False,FALSE,FALSE,False,8
79,Q1,E00,correct,0.0,False,FALSE,FALSE,False,8
79,Q1,E00,hemlock_extra_hazard_0.12,0.0,False,FALSE,FALSE,False,8
79,Q1,E00,entry_lognormal_annual_sd_1.2,0.0,False,FALSE,FALSE,False,8
79,Q1,E10,correct,0.0,False,FALSE,FALSE,False,8
79,Q1,E10,hemlock_extra_hazard_0.12,0.0,False,FALSE,FALSE,False,8
79,Q1,E10,entry_lognormal_annual_sd_1.2,0.0,False,FALSE,FALSE,False,8
79,Q1,E01,correct,0.0,False,FALSE,FALSE,False,8
79,Q1,E01,hemlock_extra_hazard_0.12,0.0,False,FALSE,FALSE,False,8
79,Q1,E01,entry_lognormal_annual_sd_1.2,0.0,False,FALSE,FALSE,False,8
79,Q1,E11,correct,0.0,False,FALSE,FALSE,False,8
79,Q1,E11,hemlock_extra_hazard_0.12,0.0,False,FALSE,FALSE,False,8
79,Q1,E11,entry_lognormal_annual_sd_1.2,0.0,False,FALSE,FALSE,False,8
79,Q2,E00,correct,0.0,False,FALSE,FALSE,False,8
79,Q2,E00,hemlock_extra_hazard_0.12,0.0,False,FALSE,FALSE,False,8
79,Q2,E00,entry_lognormal_annual_sd_1.2,0.0,False,FALSE,FALSE,False,8
79,Q2,E10,correct,0.0,False,FALSE,FALSE,False,8
79,Q2,E10,hemlock_extra_hazard_0.12,0.0,False,FALSE,FALSE,False,8
79,Q2,E10,entry_lognormal_annual_sd_1.2,0.0,False,FALSE,FALSE,False,8
79,Q2,E01,correct,0.0,False,FALSE,FALSE,False,8
79,Q2,E01,hemlock_extra_hazard_0.12,0.0,False,FALSE,FALSE,False,8
79,Q2,E01,entry_lognormal_annual_sd_1.2,0.0,False,FALSE,FALSE,False,8
79,Q2,E11,correct,0.0,False,FALSE,FALSE,False,8
79,Q2,E11,hemlock_extra_hazard_0.12,0.0,False,FALSE,FALSE,False,8
79,Q2,E11,entry_lognormal_annual_sd_1.2,0.0,False,FALSE,FALSE,False,8
80,Q1,E00,correct,0.0,False,FALSE,FALSE,False,8
80,Q1,E00,hemlock_extra_hazard_0.12,0.0,False,FALSE,FALSE,False,8
80,Q1,E00,entry_lognormal_annual_sd_1.2,0.0,False,FALSE,FALSE,False,8
80,Q1,E10,correct,0.0,False,FALSE,FALSE,False,8
80,Q1,E10,hemlock_extra_hazard_0.12,0.0,False,FALSE,FALSE,False,8
80,Q1,E10,entry_lognormal_annual_sd_1.2,0.0,False,FALSE,FALSE,False,8
80,Q1,E01,correct,0.0,False,FALSE,FALSE,False,8
80,Q1,E01,hemlock_extra_hazard_0.12,0.0,False,FALSE,FALSE,False,8
80,Q1,E01,entry_lognormal_annual_sd_1.2,0.0,False,FALSE,FALSE,False,8
80,Q1,E11,correct,0.0,False,FALSE,FALSE,False,8
80,Q1,E11,hemlock_extra_hazard_0.12,0.0,False,FALSE,FALSE,False,8
80,Q1,E11,entry_lognormal_annual_sd_1.2,0.0,False,FALSE,FALSE,False,8
80,Q2,E00,correct,0.0,False,FALSE,FALSE,False,8
80,Q2,E00,hemlock_extra_hazard_0.12,0.0,False,FALSE,FALSE,False,8
80,Q2,E00,entry_lognormal_annual_sd_1.2,0.0,False,FALSE,FALSE,False,8
80,Q2,E10,correct,0.0,False,FALSE,FALSE,False,8
80,Q2,E10,hemlock_extra_hazard_0.12,0.0,False,FALSE,FALSE,False,8
80,Q2,E10,entry_lognormal_annual_sd_1.2,0.0,False,FALSE,FALSE,False,8
80,Q2,E01,correct,0.0,False,FALSE,FALSE,False,8
80,Q2,E01,hemlock_extra_hazard_0.12,0.0,False,FALSE,FALSE,False,8
80,Q2,E01,entry_lognormal_annual_sd_1.2,0.0,False,FALSE,FALSE,False,8
80,Q2,E11,correct,0.0,False,FALSE,FALSE,False,8
80,Q2,E11,hemlock_extra_hazard_0.12,0.0,False,FALSE,FALSE,False,8
80,Q2,E11,entry_lognormal_annual_sd_1.2,0.0,False,FALSE,FALSE,False,8
