panel,replicate,K,suite,query,condition,region,n,certified_n,positives,negatives,TP,TN,FP,FN,sensitivity,specificity,FPR,FNR,balanced_accuracy,brier,certified_error,reference_unresolved_fraction,estimator_unresolved_fraction,viable_bias,viable_MAE,viable_coverage90,viable_width90,reserve_bias,reserve_MAE,reserve_coverage90,reserve_width90
BASELINE32,0,256,correct,Q1,E00,CLEARLY_ABOVE,8,8,6,2,0,2,0,6,0.0,1.0,0.0,1.0,0.5,0.3138427734375,0.75,0.0,0.0,-0.002895355224609375,0.18860626220703125,0.625,0.4746337890625,-0.003246307373046875,0.18895721435546875,0.625,0.47490234374999996
BASELINE32,0,256,correct,Q1,E00,CLEARLY_BELOW,7,7,0,7,0,7,0,0,,1.0,0.0,,,0.44601004464285715,0.0,0.0,0.0,-0.016658238002232144,0.2935703822544643,0.7142857142857143,0.5948381696428572,-0.016658238002232144,0.2935703822544643,0.7142857142857143,0.5948381696428572
BASELINE32,0,256,correct,Q1,E00,IMMEDIATELY_ABOVE,9,6,2,4,0,4,0,2,0.0,1.0,0.0,1.0,0.5,0.2804361979166667,0.3333333333333333,0.3333333333333333,0.0,0.06393941243489583,0.23357645670572916,0.3333333333333333,0.25887586805555557,0.0690155029296875,0.23492262098524305,0.3333333333333333,0.26076388888888885
BASELINE32,0,256,correct,Q1,E00,IMMEDIATELY_BELOW,9,6,0,6,0,6,0,0,,1.0,0.0,,,0.6214192708333334,0.0,0.3333333333333333,0.0,0.03256395128038195,0.2022281222873264,0.6666666666666666,0.5703559027777777,0.03256395128038195,0.2022281222873264,0.6666666666666666,0.5703559027777777
BASELINE32,0,256,correct,Q1,E00,MODERATELY_ABOVE,10,10,6,4,0,4,0,6,0.0,1.0,0.0,1.0,0.5,0.25068359375,0.6,0.0,0.1,0.02184600830078125,0.22538604736328124,0.4,0.33974609375,0.02184600830078125,0.22538604736328124,0.4,0.33974609375
BASELINE32,0,256,correct,Q1,E00,MODERATELY_BELOW,9,9,0,9,0,9,0,0,,1.0,0.0,,,0.3541666666666667,0.0,0.0,0.1111111111111111,-0.08029005262586805,0.3395775689019097,0.3333333333333333,0.4513888888888889,-0.08029005262586805,0.3395775689019097,0.3333333333333333,0.4513888888888889
BASELINE32,0,256,correct,Q1,E00,OUTSIDE_ABOVE,18,18,17,1,0,1,0,17,0.0,1.0,0.0,1.0,0.5,0.011121961805555556,0.9444444444444444,0.0,0.0,0.022683885362413194,0.05687374538845486,0.4444444444444444,0.17111545138888892,0.12228563096788195,0.1472625732421875,0.6111111111111112,0.3993055555555556
BASELINE32,0,256,correct,Q1,E00,OUTSIDE_BELOW,11,11,0,11,0,11,0,0,,1.0,0.0,,,0.030717329545454544,0.0,0.0,0.0,0.07584727894176137,0.07584727894176137,0.8181818181818182,0.005131392045454541,0.07584727894176137,0.07584727894176137,0.8181818181818182,0.005131392045454541
BASELINE32,0,256,correct,Q1,E10,CLEARLY_ABOVE,8,8,6,2,0,2,0,6,0.0,1.0,0.0,1.0,0.5,0.15234375,0.75,0.0,0.25,-0.051570892333984375,0.1295013427734375,0.875,0.5313720703125,-0.052288055419921875,0.130218505859375,0.875,0.5336669921874999
BASELINE32,0,256,correct,Q1,E10,CLEARLY_BELOW,7,7,0,7,0,7,0,0,,1.0,0.0,,,0.16336495535714285,0.0,0.0,0.14285714285714285,-0.16506086077008927,0.23549543108258927,0.8571428571428571,0.7190848214285716,-0.16506086077008927,0.23549543108258927,0.8571428571428571,0.7190848214285716
BASELINE32,0,256,correct,Q1,E10,IMMEDIATELY_ABOVE,9,6,2,4,0,4,0,2,0.0,1.0,0.0,1.0,0.5,0.10953776041666667,0.3333333333333333,0.3333333333333333,0.1111111111111111,-0.09599982367621528,0.1554378933376736,0.7777777777777778,0.41527777777777775,-0.1076473659939236,0.16708543565538195,0.7777777777777778,0.4346788194444444
BASELINE32,0,256,correct,Q1,E10,IMMEDIATELY_BELOW,9,6,0,6,0,6,0,0,,1.0,0.0,,,0.40869140625,0.0,0.3333333333333333,0.1111111111111111,-0.008627997504340278,0.1561364067925347,0.8888888888888888,0.6416015625,-0.008627997504340278,0.1561364067925347,0.8888888888888888,0.6416015625
BASELINE32,0,256,correct,Q1,E10,MODERATELY_ABOVE,10,10,6,4,0,4,0,6,0.0,1.0,0.0,1.0,0.5,0.09140625,0.6,0.0,0.0,-0.00435028076171875,0.13503570556640626,1.0,0.3423828125,-0.00435028076171875,0.13503570556640626,1.0,0.3423828125
BASELINE32,0,256,correct,Q1,E10,MODERATELY_BELOW,9,9,0,9,0,9,0,0,,1.0,0.0,,,0.043402777777777776,0.0,0.0,0.1111111111111111,-0.2709910074869792,0.2770606146918403,0.8888888888888888,0.6104383680555556,-0.2709910074869792,0.2770606146918403,0.8888888888888888,0.6104383680555556
BASELINE32,0,256,correct,Q1,E10,OUTSIDE_ABOVE,18,18,17,1,0,1,0,17,0.0,1.0,0.0,1.0,0.5,0.0020616319444444445,0.9444444444444444,0.0,0.0,-0.009780036078559028,0.021164788140190974,0.9444444444444444,0.09403211805555553,-0.034337361653645836,0.1051907009548611,0.8888888888888888,0.4138237847222222
BASELINE32,0,256,correct,Q1,E10,OUTSIDE_BELOW,11,11,0,11,0,11,0,0,,1.0,0.0,,,0.0,0.0,0.0,0.0,-0.015594482421875,0.015594482421875,0.9090909090909091,0.03806818181818182,-0.015594482421875,0.015594482421875,0.9090909090909091,0.03806818181818182
BASELINE32,0,256,correct,Q1,E01,CLEARLY_ABOVE,8,8,6,2,0,2,0,6,0.0,1.0,0.0,1.0,0.5,0.5469970703125,0.75,0.0,0.0,-0.11899948120117188,0.3090705871582031,0.125,0.33847656249999997,-0.11899948120117188,0.3090705871582031,0.125,0.33847656249999997
BASELINE32,0,256,correct,Q1,E01,CLEARLY_BELOW,7,7,0,7,0,7,0,0,,1.0,0.0,,,0.51953125,0.0,0.0,0.0,-0.076385498046875,0.4255283900669643,0.0,0.14676339285714285,-0.076385498046875,0.4255283900669643,0.0,0.14676339285714285
BASELINE32,0,256,correct,Q1,E01,IMMEDIATELY_ABOVE,9,6,2,4,0,4,0,2,0.0,1.0,0.0,1.0,0.5,0.2615559895833333,0.3333333333333333,0.3333333333333333,0.0,0.09394158257378472,0.2545318603515625,0.2222222222222222,0.18038194444444444,0.09466383192274305,0.2552541097005208,0.2222222222222222,0.21030815972222222
BASELINE32,0,256,correct,Q1,E01,IMMEDIATELY_BELOW,9,6,0,6,0,6,0,0,,1.0,0.0,,,0.4119466145833333,0.0,0.3333333333333333,0.0,-0.18698628743489584,0.3858896891276042,0.1111111111111111,0.36386718749999997,-0.18698628743489584,0.3858896891276042,0.1111111111111111,0.36386718749999997
BASELINE32,0,256,correct,Q1,E01,MODERATELY_ABOVE,10,10,6,4,0,4,0,6,0.0,1.0,0.0,1.0,0.5,0.45478515625,0.6,0.0,0.0,-0.09768524169921874,0.32757720947265623,0.2,0.24867187499999996,-0.09768524169921874,0.32757720947265623,0.2,0.24867187499999996
BASELINE32,0,256,correct,Q1,E01,MODERATELY_BELOW,9,9,0,9,0,9,0,0,,1.0,0.0,,,0.4377170138888889,0.0,0.0,0.0,0.0236053466796875,0.2922922770182292,0.4444444444444444,0.3233289930555555,0.0236053466796875,0.2922922770182292,0.4444444444444444,0.3233289930555555
BASELINE32,0,256,correct,Q1,E01,OUTSIDE_ABOVE,18,18,17,1,0,1,0,17,0.0,1.0,0.0,1.0,0.5,0.010145399305555556,0.9444444444444444,0.0,0.0,0.024291144476996526,0.057039896647135414,0.5,0.17005208333333333,0.1602020263671875,0.17194959852430555,0.4444444444444444,0.27266710069444444
BASELINE32,0,256,correct,Q1,E01,OUTSIDE_BELOW,11,11,0,11,0,11,0,0,,1.0,0.0,,,0.030717329545454544,0.0,0.0,0.0,0.07639104669744318,0.07639104669744318,0.8181818181818182,0.0006747159090909112,0.07639104669744318,0.07639104669744318,0.8181818181818182,0.0006747159090909112
BASELINE32,0,256,correct,Q1,E11,CLEARLY_ABOVE,8,8,6,2,0,2,0,6,0.0,1.0,0.0,1.0,0.5,0.00048828125,0.75,0.0,0.0,-0.000698089599609375,0.001995086669921875,1.0,0.08137207031249999,-0.000698089599609375,0.001995086669921875,1.0,0.08137207031249999
BASELINE32,0,256,correct,Q1,E11,CLEARLY_BELOW,7,7,0,7,0,7,0,0,,1.0,0.0,,,0.0,0.0,0.0,0.0,0.0010768345424107143,0.0037623814174107145,1.0,0.08320312499999998,0.0010768345424107143,0.0037623814174107145,1.0,0.08320312499999998
BASELINE32,0,256,correct,Q1,E11,IMMEDIATELY_ABOVE,9,6,2,4,0,4,0,2,0.0,1.0,0.0,1.0,0.5,0.018880208333333332,0.3333333333333333,0.3333333333333333,0.5555555555555556,0.0023345947265625,0.004643758138020833,1.0,0.08426649305555556,0.0022023518880208335,0.004511515299479167,1.0,0.0857204861111111
BASELINE32,0,256,correct,Q1,E11,IMMEDIATELY_BELOW,9,6,0,6,0,6,0,0,,1.0,0.0,,,0.12174479166666667,0.0,0.3333333333333333,0.8888888888888888,-0.0009646945529513889,0.0037180582682291665,1.0,0.09179687499999996,-0.0009646945529513889,0.0037180582682291665,1.0,0.09179687499999996
BASELINE32,0,256,correct,Q1,E11,MODERATELY_ABOVE,10,10,6,4,0,4,0,6,0.0,1.0,0.0,1.0,0.5,0.01142578125,0.6,0.0,0.6,-0.00299530029296875,0.00426483154296875,1.0,0.07632812499999997,-0.00299530029296875,0.00426483154296875,1.0,0.07632812499999997
BASELINE32,0,256,correct,Q1,E11,MODERATELY_BELOW,9,9,0,9,0,9,0,0,,1.0,0.0,,,0.013020833333333334,0.0,0.0,0.6666666666666666,0.001605563693576389,0.0048980712890625,1.0,0.08513454861111108,0.001605563693576389,0.0048980712890625,1.0,0.08513454861111108
BASELINE32,0,256,correct,Q1,E11,OUTSIDE_ABOVE,18,18,17,1,0,1,0,17,0.0,1.0,0.0,1.0,0.5,0.0,0.9444444444444444,0.0,0.0,-0.00013648139105902778,0.001842074924045139,1.0,0.04252387152777776,-0.0006459554036458334,0.0036214192708333335,1.0,0.07623697916666664
BASELINE32,0,256,correct,Q1,E11,OUTSIDE_BELOW,11,11,0,11,0,11,0,0,,1.0,0.0,,,0.0,0.0,0.0,0.0,-0.0002691095525568182,0.0006741610440340909,1.0,0.017933238636363636,-0.0002691095525568182,0.0006741610440340909,1.0,0.017933238636363636
BASELINE32,0,256,correct,Q2,E00,CLEARLY_ABOVE,10,10,8,2,0,2,0,8,0.0,1.0,0.0,1.0,0.5,0.251953125,0.8,0.0,0.0,0.006353759765625,0.1595550537109375,0.6,0.3961328125,0.02264862060546875,0.17641143798828124,0.6,0.443984375
BASELINE32,0,256,correct,Q2,E00,CLEARLY_BELOW,11,11,0,11,0,11,0,0,,1.0,0.0,,,0.5617009943181818,0.0,0.0,0.0,0.005289251154119318,0.20575922185724432,0.5454545454545454,0.47929687499999996,0.06646589799360796,0.26388411088423297,0.6363636363636364,0.535440340909091
BASELINE32,0,256,correct,Q2,E00,IMMEDIATELY_ABOVE,12,9,5,4,0,4,0,5,0.0,1.0,0.0,1.0,0.5,0.2216796875,0.5555555555555556,0.25,0.08333333333333333,0.037755330403645836,0.21050262451171875,0.3333333333333333,0.21201171875,0.05345916748046875,0.21535491943359375,0.4166666666666667,0.33084309895833336
BASELINE32,0,256,correct,Q2,E00,IMMEDIATELY_BELOW,11,8,0,8,0,8,0,0,,1.0,0.0,,,0.63134765625,0.0,0.2727272727272727,0.0,0.030055652965198864,0.17040876908735794,0.7272727272727273,0.5692826704545454,0.04978665438565341,0.18860279430042615,0.7272727272727273,0.5878551136363636
BASELINE32,0,256,correct,Q2,E00,MODERATELY_ABOVE,13,13,9,4,0,4,0,9,0.0,1.0,0.0,1.0,0.5,0.20049579326923078,0.6923076923076923,0.0,0.07692307692307693,0.027296799879807692,0.1838660606971154,0.46153846153846156,0.2803335336538461,0.04338543231670673,0.19995469313401443,0.38461538461538464,0.34292367788461536
BASELINE32,0,256,correct,Q2,E00,MODERATELY_BELOW,10,10,0,10,0,10,0,0,,1.0,0.0,,,0.3953125,0.0,0.0,0.1,-0.0731964111328125,0.30655517578125,0.4,0.41656250000000006,-0.0528045654296875,0.3250762939453125,0.4,0.44814453125
BASELINE32,0,256,correct,Q2,E00,OUTSIDE_ABOVE,3,3,2,1,0,1,0,2,0.0,1.0,0.0,1.0,0.5,0.005859375,0.6666666666666666,0.0,0.0,0.034876505533854164,0.034876505533854164,0.0,0.0380859375,0.09529622395833333,0.09529622395833333,0.6666666666666666,0.1283203125
BASELINE32,0,256,correct,Q2,E00,OUTSIDE_BELOW,11,11,0,11,0,11,0,0,,1.0,0.0,,,0.030717329545454544,0.0,0.0,0.0,0.07584727894176137,0.07584727894176137,0.8181818181818182,0.005131392045454541,0.07584727894176137,0.07584727894176137,0.8181818181818182,0.005131392045454541
BASELINE32,0,256,correct,Q2,E10,CLEARLY_ABOVE,10,10,8,2,0,2,0,8,0.0,1.0,0.0,1.0,0.5,0.12548828125,0.8,0.0,0.2,-0.041876220703125,0.1069427490234375,0.9,0.43474609375,-0.03643341064453125,0.10957183837890624,0.9,0.4741015624999999
BASELINE32,0,256,correct,Q2,E10,CLEARLY_BELOW,11,11,0,11,0,11,0,0,,1.0,0.0,,,0.21484375,0.0,0.0,0.18181818181818182,-0.10521767356178978,0.1581240567294034,0.9090909090909091,0.5058948863636364,-0.10593067515980113,0.19430125843394885,0.8181818181818182,0.6153941761363636
BASELINE32,0,256,correct,Q2,E10,IMMEDIATELY_ABOVE,12,9,5,4,0,4,0,5,0.0,1.0,0.0,1.0,0.5,0.3131510416666667,0.5555555555555556,0.25,0.16666666666666666,-0.08083597819010417,0.12558746337890625,0.75,0.3355305989583333,-0.1334203084309896,0.17799886067708334,0.75,0.47915039062500003
BASELINE32,0,256,correct,Q2,E10,IMMEDIATELY_BELOW,11,8,0,8,0,8,0,0,,1.0,0.0,,,0.3778076171875,0.0,0.2727272727272727,0.2727272727272727,-0.012613469904119318,0.13367392800071023,0.9090909090909091,0.5487571022727272,-0.008940263227982954,0.1381683349609375,0.9090909090909091,0.5804865056818181
BASELINE32,0,256,correct,Q2,E10,MODERATELY_ABOVE,13,13,9,4,0,4,0,9,0.0,1.0,0.0,1.0,0.5,0.12958233173076922,0.6923076923076923,0.0,0.15384615384615385,-0.006310096153846154,0.1068584735576923,1.0,0.29396033653846154,-0.026927067683293268,0.1274543175330529,1.0,0.3940204326923077
BASELINE32,0,256,correct,Q2,E10,MODERATELY_BELOW,10,10,0,10,0,10,0,0,,1.0,0.0,,,0.09072265625,0.0,0.0,0.1,-0.2441680908203125,0.2496307373046875,0.9,0.55212890625,-0.2356536865234375,0.2575927734375,0.9,0.60712890625
BASELINE32,0,256,correct,Q2,E10,OUTSIDE_ABOVE,3,3,2,1,0,1,0,2,0.0,1.0,0.0,1.0,0.5,0.0016276041666666667,0.6666666666666666,0.0,0.0,0.013514200846354166,0.0139312744140625,1.0,0.029687500000000016,0.07161458333333333,0.07161458333333333,1.0,0.1723307291666667
BASELINE32,0,256,correct,Q2,E10,OUTSIDE_BELOW,11,11,0,11,0,11,0,0,,1.0,0.0,,,0.0,0.0,0.0,0.0,-0.015594482421875,0.015594482421875,0.9090909090909091,0.03806818181818182,-0.015594482421875,0.015594482421875,0.9090909090909091,0.03806818181818182
BASELINE32,0,256,correct,Q2,E01,CLEARLY_ABOVE,10,10,8,2,0,2,0,8,0.0,1.0,0.0,1.0,0.5,0.43798828125,0.8,0.0,0.0,-0.087823486328125,0.254632568359375,0.2,0.30052734375,-0.06852569580078124,0.27393035888671874,0.2,0.32324218749999994
BASELINE32,0,256,correct,Q2,E01,CLEARLY_BELOW,11,11,0,11,0,11,0,0,,1.0,0.0,,,0.6187855113636364,0.0,0.0,0.0,-0.0278472900390625,0.2915524569424716,0.18181818181818182,0.17397017045454544,0.03579295765269886,0.35519270463423297,0.09090909090909091,0.21828835227272728
BASELINE32,0,256,correct,Q2,E01,IMMEDIATELY_ABOVE,12,9,5,4,0,4,0,5,0.0,1.0,0.0,1.0,0.5,0.18196614583333334,0.5555555555555556,0.25,0.0,0.058130900065104164,0.2268091837565104,0.16666666666666666,0.15960286458333334,0.11111704508463542,0.24918111165364584,0.16666666666666666,0.18842773437500004
BASELINE32,0,256,correct,Q2,E01,IMMEDIATELY_BELOW,11,8,0,8,0,8,0,0,,1.0,0.0,,,0.48095703125,0.0,0.2727272727272727,0.0,-0.14835565740411932,0.3203610506924716,0.2727272727272727,0.40069247159090904,-0.1274594393643466,0.3412572687322443,0.2727272727272727,0.41289062499999996
BASELINE32,0,256,correct,Q2,E01,MODERATELY_ABOVE,13,13,9,4,0,4,0,9,0.0,1.0,0.0,1.0,0.5,0.34998497596153844,0.6923076923076923,0.0,0.0,-0.06456580528846154,0.2625591571514423,0.3076923076923077,0.20841346153846152,-0.03425128643329327,0.2928736760066106,0.15384615384615385,0.22049278846153844
BASELINE32,0,256,correct,Q2,E01,MODERATELY_BELOW,10,10,0,10,0,10,0,0,,1.0,0.0,,,0.47607421875,0.0,0.0,0.0,0.0207122802734375,0.2635955810546875,0.5,0.29833984375,0.0388336181640625,0.28065185546875,0.5,0.32347656249999995
BASELINE32,0,256,correct,Q2,E01,OUTSIDE_ABOVE,3,3,2,1,0,1,0,2,0.0,1.0,0.0,1.0,0.5,0.009440104166666666,0.6666666666666666,0.0,0.0,0.033289591471354164,0.033289591471354164,0.3333333333333333,0.05214843750000001,0.07291666666666667,0.07291666666666667,1.0,0.2232421875
BASELINE32,0,256,correct,Q2,E01,OUTSIDE_BELOW,11,11,0,11,0,11,0,0,,1.0,0.0,,,0.030717329545454544,0.0,0.0,0.0,0.07639104669744318,0.07639104669744318,0.8181818181818182,0.0006747159090909112,0.07639104669744318,0.07639104669744318,0.8181818181818182,0.0006747159090909112
BASELINE32,0,256,correct,Q2,E11,CLEARLY_ABOVE,10,10,8,2,0,2,0,8,0.0,1.0,0.0,1.0,0.5,0.000390625,0.8,0.0,0.0,-0.000738525390625,0.00191650390625,1.0,0.07240234374999999,-0.00031280517578125,0.00184173583984375,1.0,0.07908203124999998
BASELINE32,0,256,correct,Q2,E11,CLEARLY_BELOW,11,11,0,11,0,11,0,0,,1.0,0.0,,,0.00044389204545454544,0.0,0.0,0.09090909090909091,0.0024483420632102275,0.004198941317471591,1.0,0.07265624999999999,0.0024455677379261365,0.004870328036221591,1.0,0.08529829545454544
BASELINE32,0,256,correct,Q2,E11,IMMEDIATELY_ABOVE,12,9,5,4,0,4,0,5,0.0,1.0,0.0,1.0,0.5,0.068359375,0.5555555555555556,0.25,0.6666666666666666,6.612141927083333e-05,0.003082275390625,1.0,0.06949869791666666,-7.883707682291667e-05,0.004308064778645833,1.0,0.07955729166666665
BASELINE32,0,256,correct,Q2,E11,IMMEDIATELY_BELOW,11,8,0,8,0,8,0,0,,1.0,0.0,,,0.1163330078125,0.0,0.2727272727272727,0.9090909090909091,-0.0004841197620738636,0.0034637451171875,1.0,0.0895241477272727,-0.0005728981711647727,0.0034637451171875,1.0,0.0901988636363636
BASELINE32,0,256,correct,Q2,E11,MODERATELY_ABOVE,13,13,9,4,0,4,0,9,0.0,1.0,0.0,1.0,0.5,0.01006610576923077,0.6923076923076923,0.0,0.6923076923076923,-0.002741887019230769,0.0038475623497596155,1.0,0.06996694711538459,-0.002841656024639423,0.003818218524639423,1.0,0.07735877403846152
BASELINE32,0,256,correct,Q2,E11,MODERATELY_BELOW,10,10,0,10,0,10,0,0,,1.0,0.0,,,0.01181640625,0.0,0.0,0.7,0.0014617919921875,0.004425048828125,1.0,0.07835937499999998,0.0013824462890625,0.0044708251953125,1.0,0.08292968749999997
BASELINE32,0,256,correct,Q2,E11,OUTSIDE_ABOVE,3,3,2,1,0,1,0,2,0.0,1.0,0.0,1.0,0.5,0.0,0.6666666666666666,0.0,0.0,0.0007781982421875,0.0009104410807291666,1.0,0.025911458333333304,-0.0024820963541666665,0.004048665364583333,1.0,0.07395833333333328
BASELINE32,0,256,correct,Q2,E11,OUTSIDE_BELOW,11,11,0,11,0,11,0,0,,1.0,0.0,,,0.0,0.0,0.0,0.0,-0.0002691095525568182,0.0006741610440340909,1.0,0.017933238636363636,-0.0002691095525568182,0.0006741610440340909,1.0,0.017933238636363636
BASELINE32,0,256,hemlock_extra_hazard_0.12,Q1,E00,CLEARLY_ABOVE,3,3,3,0,0,0,0,3,0.0,,,1.0,,0.020182291666666668,1.0,0.0,0.0,0.06380208333333333,0.06380208333333333,1.0,0.44264322916666665,0.3902231852213542,0.3902231852213542,0.3333333333333333,0.5114583333333332
BASELINE32,0,256,hemlock_extra_hazard_0.12,Q1,E00,CLEARLY_BELOW,0,0,0,0,0,0,0,0,,,,,,,,,,,,,,,,,
BASELINE32,0,256,hemlock_extra_hazard_0.12,Q1,E00,IMMEDIATELY_ABOVE,0,0,0,0,0,0,0,0,,,,,,,,,,,,,,,,,
BASELINE32,0,256,hemlock_extra_hazard_0.12,Q1,E00,IMMEDIATELY_BELOW,1,1,0,1,0,1,0,0,,1.0,0.0,,,0.390625,0.0,0.0,0.0,0.0045623779296875,0.0045623779296875,1.0,0.9701171875,0.186126708984375,0.186126708984375,1.0,0.987109375
BASELINE32,0,256,hemlock_extra_hazard_0.12,Q1,E00,MODERATELY_ABOVE,1,1,1,0,0,0,0,1,0.0,,,1.0,,0.0009765625,1.0,0.0,0.0,0.1622314453125,0.1622314453125,0.0,0.12734374999999998,0.6971282958984375,0.6971282958984375,0.0,0.1337890625
BASELINE32,0,256,hemlock_extra_hazard_0.12,Q1,E00,MODERATELY_BELOW,0,0,0,0,0,0,0,0,,,,,,,,,,,,,,,,,
BASELINE32,0,256,hemlock_extra_hazard_0.12,Q1,E00,OUTSIDE_ABOVE,13,13,13,0,0,0,0,13,0.0,,,1.0,,0.00946514423076923,1.0,0.0,0.0,0.04959928072415865,0.08838242750901443,0.3076923076923077,0.11619591346153844,0.6866478553185096,0.6866478553185096,0.3076923076923077,0.4157752403846154
BASELINE32,0,256,hemlock_extra_hazard_0.12,Q1,E00,OUTSIDE_BELOW,63,63,0,63,0,63,0,0,,1.0,0.0,,,0.38916790674603174,0.0,0.0,0.031746031746031744,0.6586526537698413,0.6586526537698413,0.3333333333333333,0.3505487351190476,0.6586080884176587,0.6586080884176587,0.3492063492063492,0.3505828373015873
BASELINE32,0,256,hemlock_extra_hazard_0.12,Q1,E10,CLEARLY_ABOVE,3,3,3,0,0,0,0,3,0.0,,,1.0,,0.005208333333333333,1.0,0.0,0.0,0.0035400390625,0.025400797526041668,1.0,0.12695312499999997,0.24337259928385416,0.24337259928385416,0.6666666666666666,0.30032552083333336
BASELINE32,0,256,hemlock_extra_hazard_0.12,Q1,E10,CLEARLY_BELOW,0,0,0,0,0,0,0,0,,,,,,,,,,,,,,,,,
BASELINE32,0,256,hemlock_extra_hazard_0.12,Q1,E10,IMMEDIATELY_ABOVE,0,0,0,0,0,0,0,0,,,,,,,,,,,,,,,,,
BASELINE32,0,256,hemlock_extra_hazard_0.12,Q1,E10,IMMEDIATELY_BELOW,1,1,0,1,0,1,0,0,,1.0,0.0,,,0.390625,0.0,0.0,1.0,0.0040740966796875,0.0040740966796875,1.0,0.20136718749999993,0.035125732421875,0.035125732421875,1.0,0.3759765625
BASELINE32,0,256,hemlock_extra_hazard_0.12,Q1,E10,MODERATELY_ABOVE,1,1,1,0,0,0,0,1,0.0,,,1.0,,0.0,1.0,0.0,0.0,0.090087890625,0.090087890625,0.0,0.1103515625,0.5731048583984375,0.5731048583984375,0.0,0.1767578125
BASELINE32,0,256,hemlock_extra_hazard_0.12,Q1,E10,MODERATELY_BELOW,0,0,0,0,0,0,0,0,,,,,,,,,,,,,,,,,
BASELINE32,0,256,hemlock_extra_hazard_0.12,Q1,E10,OUTSIDE_ABOVE,13,13,13,0,0,0,0,13,0.0,,,1.0,,0.0016526442307692308,1.0,0.0,0.0,0.0288848876953125,0.036321786733774036,0.5384615384615384,0.08616286057692304,0.5179936335637019,0.5179936335637019,0.3076923076923077,0.4838341346153846
BASELINE32,0,256,hemlock_extra_hazard_0.12,Q1,E10,OUTSIDE_BELOW,63,63,0,63,0,63,0,0,,1.0,0.0,,,0.20504712301587302,0.0,0.0,0.07936507936507936,0.5589037698412699,0.5589037698412699,0.2857142857142857,0.44464905753968254,0.5588127015128969,0.5588127015128969,0.2857142857142857,0.44494047619047616
BASELINE32,0,256,hemlock_extra_hazard_0.12,Q1,E01,CLEARLY_ABOVE,3,3,3,0,0,0,0,3,0.0,,,1.0,,0.013671875,1.0,0.0,0.0,0.0679931640625,0.0679931640625,1.0,0.4412109375,0.3988901774088542,0.3988901774088542,0.3333333333333333,0.48736979166666666
BASELINE32,0,256,hemlock_extra_hazard_0.12,Q1,E01,CLEARLY_BELOW,0,0,0,0,0,0,0,0,,,,,,,,,,,,,,,,,
BASELINE32,0,256,hemlock_extra_hazard_0.12,Q1,E01,IMMEDIATELY_ABOVE,0,0,0,0,0,0,0,0,,,,,,,,,,,,,,,,,
BASELINE32,0,256,hemlock_extra_hazard_0.12,Q1,E01,IMMEDIATELY_BELOW,1,1,0,1,0,1,0,0,,1.0,0.0,,,0.47265625,0.0,0.0,0.0,0.0615692138671875,0.0615692138671875,1.0,0.7177734375,0.203948974609375,0.203948974609375,1.0,0.987109375
BASELINE32,0,256,hemlock_extra_hazard_0.12,Q1,E01,MODERATELY_ABOVE,1,1,1,0,0,0,0,1,0.0,,,1.0,,0.00390625,1.0,0.0,0.0,0.1572265625,0.1572265625,0.0,0.16855468750000002,0.6789398193359375,0.6789398193359375,0.0,0.19863281249999998
BASELINE32,0,256,hemlock_extra_hazard_0.12,Q1,E01,MODERATELY_BELOW,0,0,0,0,0,0,0,0,,,,,,,,,,,,,,,,,
BASELINE32,0,256,hemlock_extra_hazard_0.12,Q1,E01,OUTSIDE_ABOVE,13,13,13,0,0,0,0,13,0.0,,,1.0,,0.009390024038461538,1.0,0.0,0.0,0.051618135892427884,0.09032616248497596,0.15384615384615385,0.1086388221153846,0.738922119140625,0.738922119140625,0.07692307692307693,0.23775540865384615
BASELINE32,0,256,hemlock_extra_hazard_0.12,Q1,E01,OUTSIDE_BELOW,63,63,0,63,0,63,0,0,,1.0,0.0,,,0.3610026041666667,0.0,0.0,0.0,0.6051761687748016,0.6051761687748016,0.20634920634920634,0.21390749007936505,0.6051761687748016,0.6051761687748016,0.20634920634920634,0.21390749007936505
BASELINE32,0,256,hemlock_extra_hazard_0.12,Q1,E11,CLEARLY_ABOVE,3,3,3,0,0,0,0,3,0.0,,,1.0,,0.0,1.0,0.0,0.0,0.023234049479166668,0.023234049479166668,1.0,0.0768880208333333,0.2542368570963542,0.2542368570963542,0.0,0.08326822916666665
BASELINE32,0,256,hemlock_extra_hazard_0.12,Q1,E11,CLEARLY_BELOW,0,0,0,0,0,0,0,0,,,,,,,,,,,,,,,,,
BASELINE32,0,256,hemlock_extra_hazard_0.12,Q1,E11,IMMEDIATELY_ABOVE,0,0,0,0,0,0,0,0,,,,,,,,,,,,,,,,,
BASELINE32,0,256,hemlock_extra_hazard_0.12,Q1,E11,IMMEDIATELY_BELOW,1,1,0,1,0,1,0,0,,1.0,0.0,,,0.765625,0.0,0.0,1.0,0.0338592529296875,0.0338592529296875,1.0,0.08164062500000002,0.168548583984375,0.168548583984375,0.0,0.0947265625
BASELINE32,0,256,hemlock_extra_hazard_0.12,Q1,E11,MODERATELY_ABOVE,1,1,1,0,0,0,0,1,0.0,,,1.0,,0.0,1.0,0.0,0.0,0.06298828125,0.06298828125,0.0,0.06953125000000004,0.4034271240234375,0.4034271240234375,0.0,0.08554687500000002
BASELINE32,0,256,hemlock_extra_hazard_0.12,Q1,E11,MODERATELY_BELOW,0,0,0,0,0,0,0,0,,,,,,,,,,,,,,,,,
BASELINE32,0,256,hemlock_extra_hazard_0.12,Q1,E11,OUTSIDE_ABOVE,13,13,13,0,0,0,0,13,0.0,,,1.0,,0.0,1.0,0.0,0.0,0.04276334322415865,0.04276334322415865,0.07692307692307693,0.030543870192307667,0.5781742976262019,0.5781742976262019,0.0,0.07451923076923071
BASELINE32,0,256,hemlock_extra_hazard_0.12,Q1,E11,OUTSIDE_BELOW,63,63,0,63,0,63,0,0,,1.0,0.0,,,0.2166418650793651,0.0,0.0,0.38095238095238093,0.639710441468254,0.639710441468254,0.14285714285714285,0.07192460317460314,0.639710441468254,0.639710441468254,0.14285714285714285,0.07192460317460314
BASELINE32,0,256,hemlock_extra_hazard_0.12,Q2,E00,CLEARLY_ABOVE,0,0,0,0,0,0,0,0,,,,,,,,,,,,,,,,,
BASELINE32,0,256,hemlock_extra_hazard_0.12,Q2,E00,CLEARLY_BELOW,0,0,0,0,0,0,0,0,,,,,,,,,,,,,,,,,
BASELINE32,0,256,hemlock_extra_hazard_0.12,Q2,E00,IMMEDIATELY_ABOVE,0,0,0,0,0,0,0,0,,,,,,,,,,,,,,,,,
BASELINE32,0,256,hemlock_extra_hazard_0.12,Q2,E00,IMMEDIATELY_BELOW,0,0,0,0,0,0,0,0,,,,,,,,,,,,,,,,,
BASELINE32,0,256,hemlock_extra_hazard_0.12,Q2,E00,MODERATELY_ABOVE,0,0,0,0,0,0,0,0,,,,,,,,,,,,,,,,,
BASELINE32,0,256,hemlock_extra_hazard_0.12,Q2,E00,MODERATELY_BELOW,0,0,0,0,0,0,0,0,,,,,,,,,,,,,,,,,
BASELINE32,0,256,hemlock_extra_hazard_0.12,Q2,E00,OUTSIDE_ABOVE,0,0,0,0,0,0,0,0,,,,,,,,,,,,,,,,,
BASELINE32,0,256,hemlock_extra_hazard_0.12,Q2,E00,OUTSIDE_BELOW,81,81,0,81,0,81,0,0,,1.0,0.0,,,0.46806278935185186,0.0,0.0,0.037037037037037035,0.5246679988908179,0.5308924545476466,0.35802469135802467,0.32124083719135804,0.6478105709876543,0.6478105709876543,0.345679012345679,0.3721860532407407
BASELINE32,0,256,hemlock_extra_hazard_0.12,Q2,E10,CLEARLY_ABOVE,0,0,0,0,0,0,0,0,,,,,,,,,,,,,,,,,
BASELINE32,0,256,hemlock_extra_hazard_0.12,Q2,E10,CLEARLY_BELOW,0,0,0,0,0,0,0,0,,,,,,,,,,,,,,,,,
BASELINE32,0,256,hemlock_extra_hazard_0.12,Q2,E10,IMMEDIATELY_ABOVE,0,0,0,0,0,0,0,0,,,,,,,,,,,,,,,,,
BASELINE32,0,256,hemlock_extra_hazard_0.12,Q2,E10,IMMEDIATELY_BELOW,0,0,0,0,0,0,0,0,,,,,,,,,,,,,,,,,
BASELINE32,0,256,hemlock_extra_hazard_0.12,Q2,E10,MODERATELY_ABOVE,0,0,0,0,0,0,0,0,,,,,,,,,,,,,,,,,
BASELINE32,0,256,hemlock_extra_hazard_0.12,Q2,E10,MODERATELY_BELOW,0,0,0,0,0,0,0,0,,,,,,,,,,,,,,,,,
BASELINE32,0,256,hemlock_extra_hazard_0.12,Q2,E10,OUTSIDE_ABOVE,0,0,0,0,0,0,0,0,,,,,,,,,,,,,,,,,
BASELINE32,0,256,hemlock_extra_hazard_0.12,Q2,E10,OUTSIDE_BELOW,81,81,0,81,0,81,0,0,,1.0,0.0,,,0.24799864969135801,0.0,0.0,0.14814814814814814,0.4406323845003858,0.4426356186101466,0.35802469135802467,0.36821711033950616,0.5342897014853395,0.5342897014853395,0.30864197530864196,0.4416642554012345
BASELINE32,0,256,hemlock_extra_hazard_0.12,Q2,E01,CLEARLY_ABOVE,0,0,0,0,0,0,0,0,,,,,,,,,,,,,,,,,
BASELINE32,0,256,hemlock_extra_hazard_0.12,Q2,E01,CLEARLY_BELOW,0,0,0,0,0,0,0,0,,,,,,,,,,,,,,,,,
BASELINE32,0,256,hemlock_extra_hazard_0.12,Q2,E01,IMMEDIATELY_ABOVE,0,0,0,0,0,0,0,0,,,,,,,,,,,,,,,,,
BASELINE32,0,256,hemlock_extra_hazard_0.12,Q2,E01,IMMEDIATELY_BELOW,0,0,0,0,0,0,0,0,,,,,,,,,,,,,,,,,
BASELINE32,0,256,hemlock_extra_hazard_0.12,Q2,E01,MODERATELY_ABOVE,0,0,0,0,0,0,0,0,,,,,,,,,,,,,,,,,
BASELINE32,0,256,hemlock_extra_hazard_0.12,Q2,E01,MODERATELY_BELOW,0,0,0,0,0,0,0,0,,,,,,,,,,,,,,,,,
BASELINE32,0,256,hemlock_extra_hazard_0.12,Q2,E01,OUTSIDE_ABOVE,0,0,0,0,0,0,0,0,,,,,,,,,,,,,,,,,
BASELINE32,0,256,hemlock_extra_hazard_0.12,Q2,E01,OUTSIDE_BELOW,81,81,0,81,0,81,0,0,,1.0,0.0,,,0.4673755787037037,0.0,0.0,0.0,0.4841964156539352,0.4904088149836034,0.2345679012345679,0.2110918209876543,0.6149585865162037,0.6149585865162037,0.19753086419753085,0.23722029320987653
BASELINE32,0,256,hemlock_extra_hazard_0.12,Q2,E11,CLEARLY_ABOVE,0,0,0,0,0,0,0,0,,,,,,,,,,,,,,,,,
BASELINE32,0,256,hemlock_extra_hazard_0.12,Q2,E11,CLEARLY_BELOW,0,0,0,0,0,0,0,0,,,,,,,,,,,,,,,,,
BASELINE32,0,256,hemlock_extra_hazard_0.12,Q2,E11,IMMEDIATELY_ABOVE,0,0,0,0,0,0,0,0,,,,,,,,,,,,,,,,,
BASELINE32,0,256,hemlock_extra_hazard_0.12,Q2,E11,IMMEDIATELY_BELOW,0,0,0,0,0,0,0,0,,,,,,,,,,,,,,,,,
BASELINE32,0,256,hemlock_extra_hazard_0.12,Q2,E11,MODERATELY_ABOVE,0,0,0,0,0,0,0,0,,,,,,,,,,,,,,,,,
BASELINE32,0,256,hemlock_extra_hazard_0.12,Q2,E11,MODERATELY_BELOW,0,0,0,0,0,0,0,0,,,,,,,,,,,,,,,,,
BASELINE32,0,256,hemlock_extra_hazard_0.12,Q2,E11,OUTSIDE_ABOVE,0,0,0,0,0,0,0,0,,,,,,,,,,,,,,,,,
BASELINE32,0,256,hemlock_extra_hazard_0.12,Q2,E11,OUTSIDE_BELOW,81,81,0,81,0,81,0,0,,1.0,0.0,,,0.2756317515432099,0.0,0.0,0.43209876543209874,0.5064719871238426,0.5064719871238426,0.1728395061728395,0.06555748456790121,0.6068235797646605,0.6068235797646605,0.1111111111111111,0.07321084104938269
BASELINE32,0,256,entry_lognormal_annual_sd_1.2,Q1,E00,CLEARLY_ABOVE,10,10,9,1,0,1,0,9,0.0,1.0,0.0,1.0,0.5,0.15712890625,0.9,0.0,0.0,0.0029144287109375,0.1560882568359375,0.8,0.5125000000000001,0.0747406005859375,0.2284759521484375,0.7,0.5333593750000001
BASELINE32,0,256,entry_lognormal_annual_sd_1.2,Q1,E00,CLEARLY_BELOW,7,7,0,7,0,7,0,0,,1.0,0.0,,,0.44601004464285715,0.0,0.0,0.0,-0.015095302036830358,0.2958003452845982,0.7142857142857143,0.5948381696428572,-0.015095302036830358,0.2958003452845982,0.7142857142857143,0.5948381696428572
BASELINE32,0,256,entry_lognormal_annual_sd_1.2,Q1,E00,IMMEDIATELY_ABOVE,8,6,2,4,0,4,0,2,0.0,1.0,0.0,1.0,0.5,0.2569986979166667,0.3333333333333333,0.25,0.0,0.07542228698730469,0.26166343688964844,0.25,0.169970703125,0.07542228698730469,0.26166343688964844,0.25,0.169970703125
BASELINE32,0,256,entry_lognormal_annual_sd_1.2,Q1,E00,IMMEDIATELY_BELOW,9,7,0,7,0,7,0,0,,1.0,0.0,,,0.484375,0.0,0.2222222222222222,0.0,0.010481092664930556,0.1775275336371528,0.7777777777777778,0.6543836805555555,0.030003865559895832,0.19705030653211805,0.7777777777777778,0.6562717013888889
BASELINE32,0,256,entry_lognormal_annual_sd_1.2,Q1,E00,MODERATELY_ABOVE,12,12,7,5,0,5,0,7,0.0,1.0,0.0,1.0,0.5,0.2923177083333333,0.5833333333333334,0.0,0.08333333333333333,0.050900777180989586,0.22010040283203125,0.3333333333333333,0.2937337239583333,0.0768114725748698,0.24601109822591147,0.3333333333333333,0.2942708333333333
BASELINE32,0,256,entry_lognormal_annual_sd_1.2,Q1,E00,MODERATELY_BELOW,10,10,0,10,0,10,0,0,,1.0,0.0,,,0.406640625,0.0,0.0,0.1,-0.04555511474609375,0.33104400634765624,0.3,0.42763671875,-0.04555511474609375,0.33104400634765624,0.3,0.42763671875
BASELINE32,0,256,entry_lognormal_annual_sd_1.2,Q1,E00,OUTSIDE_ABOVE,14,14,13,1,0,1,0,13,0.0,1.0,0.0,1.0,0.5,0.009905133928571428,0.9285714285714286,0.0,0.0,0.020486014229910716,0.06217302594866071,0.35714285714285715,0.11605747767857144,0.15472521100725448,0.17522212437220983,0.6428571428571429,0.39423828125
BASELINE32,0,256,entry_lognormal_annual_sd_1.2,Q1,E00,OUTSIDE_BELOW,11,11,0,11,0,11,0,0,,1.0,0.0,,,0.030717329545454544,0.0,0.0,0.0,0.07611916281960228,0.07611916281960228,0.8181818181818182,0.005131392045454541,0.07611916281960228,0.07611916281960228,0.8181818181818182,0.005131392045454541
BASELINE32,0,256,entry_lognormal_annual_sd_1.2,Q1,E10,CLEARLY_ABOVE,10,10,9,1,0,1,0,9,0.0,1.0,0.0,1.0,0.5,0.1234375,0.9,0.0,0.2,-0.0377593994140625,0.1080596923828125,0.9,0.44529296875,0.0077972412109375,0.15413818359375,0.8,0.499140625
BASELINE32,0,256,entry_lognormal_annual_sd_1.2,Q1,E10,CLEARLY_BELOW,7,7,0,7,0,7,0,0,,1.0,0.0,,,0.16336495535714285,0.0,0.0,0.14285714285714285,-0.1634979248046875,0.23323495047433035,0.8571428571428571,0.7190848214285716,-0.1634979248046875,0.23323495047433035,0.8571428571428571,0.7190848214285716
BASELINE32,0,256,entry_lognormal_annual_sd_1.2,Q1,E10,IMMEDIATELY_ABOVE,8,6,2,4,0,4,0,2,0.0,1.0,0.0,1.0,0.5,0.08756510416666667,0.3333333333333333,0.25,0.0,-0.10444831848144531,0.17115211486816406,0.75,0.4420166015625,-0.10444831848144531,0.17115211486816406,0.75,0.4420166015625
BASELINE32,0,256,entry_lognormal_annual_sd_1.2,Q1,E10,IMMEDIATELY_BELOW,9,7,0,7,0,7,0,0,,1.0,0.0,,,0.4292689732142857,0.0,0.2222222222222222,0.1111111111111111,-0.006825764973958333,0.1542900933159722,0.8888888888888888,0.5975694444444444,-0.004026624891493056,0.1570892333984375,0.8888888888888888,0.6169704861111112
BASELINE32,0,256,entry_lognormal_annual_sd_1.2,Q1,E10,MODERATELY_ABOVE,12,12,7,5,0,5,0,7,0.0,1.0,0.0,1.0,0.5,0.076171875,0.5833333333333334,0.0,0.0,0.00943756103515625,0.12359619140625,0.9166666666666666,0.30942382812499997,0.031024932861328125,0.14518356323242188,0.9166666666666666,0.31495768229166665
BASELINE32,0,256,entry_lognormal_annual_sd_1.2,Q1,E10,MODERATELY_BELOW,10,10,0,10,0,10,0,0,,1.0,0.0,,,0.070703125,0.0,0.0,0.2,-0.23873138427734375,0.25321502685546876,0.9,0.60916015625,-0.23873138427734375,0.25321502685546876,0.9,0.60916015625
BASELINE32,0,256,entry_lognormal_annual_sd_1.2,Q1,E10,OUTSIDE_ABOVE,14,14,13,1,0,1,0,13,0.0,1.0,0.0,1.0,0.5,0.0015345982142857143,0.9285714285714286,0.0,0.0,-0.0031869070870535715,0.022000994001116072,0.8571428571428571,0.08581194196428568,-0.006320408412388393,0.12500980922154017,0.7857142857142857,0.455078125
BASELINE32,0,256,entry_lognormal_annual_sd_1.2,Q1,E10,OUTSIDE_BELOW,11,11,0,11,0,11,0,0,,1.0,0.0,,,0.0,0.0,0.0,0.0,-0.01532259854403409,0.01532259854403409,0.9090909090909091,0.03806818181818182,-0.01532259854403409,0.01532259854403409,0.9090909090909091,0.03806818181818182
BASELINE32,0,256,entry_lognormal_annual_sd_1.2,Q1,E01,CLEARLY_ABOVE,10,10,9,1,0,1,0,9,0.0,1.0,0.0,1.0,0.5,0.34169921875,0.9,0.0,0.0,-0.0887115478515625,0.252899169921875,0.4,0.40314453125,-0.0152618408203125,0.326348876953125,0.3,0.4169921875
BASELINE32,0,256,entry_lognormal_annual_sd_1.2,Q1,E01,CLEARLY_BELOW,7,7,0,7,0,7,0,0,,1.0,0.0,,,0.51953125,0.0,0.0,0.0,-0.07482256208147321,0.4277583530970982,0.0,0.14676339285714285,-0.07482256208147321,0.4277583530970982,0.0,0.14676339285714285
BASELINE32,0,256,entry_lognormal_annual_sd_1.2,Q1,E01,IMMEDIATELY_ABOVE,8,6,2,4,0,4,0,2,0.0,1.0,0.0,1.0,0.5,0.24544270833333334,0.3333333333333333,0.25,0.0,0.10204887390136719,0.28230857849121094,0.125,0.11320800781250001,0.10204887390136719,0.28230857849121094,0.125,0.11320800781250001
BASELINE32,0,256,entry_lognormal_annual_sd_1.2,Q1,E01,IMMEDIATELY_BELOW,9,7,0,7,0,7,0,0,,1.0,0.0,,,0.23577008928571427,0.0,0.2222222222222222,0.0,-0.201324462890625,0.3686896430121528,0.1111111111111111,0.4102864583333333,-0.18615553114149305,0.3838585747612847,0.1111111111111111,0.4402126736111111
BASELINE32,0,256,entry_lognormal_annual_sd_1.2,Q1,E01,MODERATELY_ABOVE,12,12,7,5,0,5,0,7,0.0,1.0,0.0,1.0,0.5,0.462646484375,0.5833333333333334,0.0,0.0,-0.04912567138671875,0.30367279052734375,0.16666666666666666,0.2212727864583333,-0.024313608805338543,0.32848485310872394,0.16666666666666666,0.22377929687499998
BASELINE32,0,256,entry_lognormal_annual_sd_1.2,Q1,E01,MODERATELY_BELOW,10,10,0,10,0,10,0,0,,1.0,0.0,,,0.47607421875,0.0,0.0,0.0,0.04668121337890625,0.28745269775390625,0.5,0.32099609374999993,0.04668121337890625,0.28745269775390625,0.5,0.32099609374999993
BASELINE32,0,256,entry_lognormal_annual_sd_1.2,Q1,E01,OUTSIDE_ABOVE,14,14,13,1,0,1,0,13,0.0,1.0,0.0,1.0,0.5,0.009835379464285714,0.9285714285714286,0.0,0.0,0.022011893136160716,0.06305367606026786,0.35714285714285715,0.11205357142857142,0.20291682652064733,0.20668138776506698,0.42857142857142855,0.23194754464285713
BASELINE32,0,256,entry_lognormal_annual_sd_1.2,Q1,E01,OUTSIDE_BELOW,11,11,0,11,0,11,0,0,,1.0,0.0,,,0.030717329545454544,0.0,0.0,0.0,0.07666293057528409,0.07666293057528409,0.8181818181818182,0.0006747159090909112,0.07666293057528409,0.07666293057528409,0.8181818181818182,0.0006747159090909112
BASELINE32,0,256,entry_lognormal_annual_sd_1.2,Q1,E11,CLEARLY_ABOVE,10,10,9,1,0,1,0,9,0.0,1.0,0.0,1.0,0.5,0.000390625,0.9,0.0,0.0,0.0124603271484375,0.0132080078125,0.8,0.07964843749999999,0.0559417724609375,0.056689453125,0.7,0.0815625
BASELINE32,0,256,entry_lognormal_annual_sd_1.2,Q1,E11,CLEARLY_BELOW,7,7,0,7,0,7,0,0,,1.0,0.0,,,0.0,0.0,0.0,0.0,0.0026397705078125,0.004636492047991071,1.0,0.08320312499999998,0.0026397705078125,0.004636492047991071,1.0,0.08320312499999998
BASELINE32,0,256,entry_lognormal_annual_sd_1.2,Q1,E11,IMMEDIATELY_ABOVE,8,6,2,4,0,4,0,2,0.0,1.0,0.0,1.0,0.5,0.032552083333333336,0.3333333333333333,0.25,0.5,0.0024547576904296875,0.0048580169677734375,1.0,0.0845947265625,0.0024547576904296875,0.0048580169677734375,1.0,0.0845947265625
BASELINE32,0,256,entry_lognormal_annual_sd_1.2,Q1,E11,IMMEDIATELY_BELOW,9,7,0,7,0,7,0,0,,1.0,0.0,,,0.18094308035714285,0.0,0.2222222222222222,0.8888888888888888,0.005611843532986111,0.008934868706597222,1.0,0.08980034722222219,0.019926283094618056,0.023249308268229168,0.8888888888888888,0.09125434027777773
BASELINE32,0,256,entry_lognormal_annual_sd_1.2,Q1,E11,MODERATELY_ABOVE,12,12,7,5,0,5,0,7,0.0,1.0,0.0,1.0,0.5,0.009521484375,0.5833333333333334,0.0,0.5,0.005297342936197917,0.0106048583984375,0.9166666666666666,0.0764973958333333,0.015003204345703125,0.020310719807942707,0.9166666666666666,0.07783203124999998
BASELINE32,0,256,entry_lognormal_annual_sd_1.2,Q1,E11,MODERATELY_BELOW,10,10,0,10,0,10,0,0,,1.0,0.0,,,0.01796875,0.0,0.0,0.7,0.00528717041015625,0.00640716552734375,1.0,0.08658203124999998,0.00528717041015625,0.00640716552734375,1.0,0.08658203124999998
BASELINE32,0,256,entry_lognormal_annual_sd_1.2,Q1,E11,OUTSIDE_ABOVE,14,14,13,1,0,1,0,13,0.0,1.0,0.0,1.0,0.5,0.0,0.9285714285714286,0.0,0.0,0.006927490234375,0.006990705217633929,0.9285714285714286,0.03323102678571426,0.04678889683314732,0.04820142473493304,0.5,0.07406529017857137
BASELINE32,0,256,entry_lognormal_annual_sd_1.2,Q1,E11,OUTSIDE_BELOW,11,11,0,11,0,11,0,0,,1.0,0.0,,,0.0,0.0,0.0,0.0,2.774325284090909e-06,0.00011097301136363636,1.0,0.017933238636363636,2.774325284090909e-06,0.00011097301136363636,1.0,0.017933238636363636
BASELINE32,0,256,entry_lognormal_annual_sd_1.2,Q2,E00,CLEARLY_ABOVE,8,8,7,1,0,1,0,7,0.0,1.0,0.0,1.0,0.5,0.18896484375,0.875,0.0,0.0,-0.026502609252929688,0.1649646759033203,0.625,0.47463378906250003,-0.012811660766601562,0.17935752868652344,0.75,0.4942626953125
BASELINE32,0,256,entry_lognormal_annual_sd_1.2,Q2,E00,CLEARLY_BELOW,10,10,0,10,0,10,0,0,,1.0,0.0,,,0.52783203125,0.0,0.0,0.0,-0.0289947509765625,0.2450225830078125,0.6,0.51748046875,0.03379058837890625,0.25827484130859374,0.7,0.5842578125
BASELINE32,0,256,entry_lognormal_annual_sd_1.2,Q2,E00,IMMEDIATELY_ABOVE,10,7,3,4,0,4,0,3,0.0,1.0,0.0,1.0,0.5,0.25599888392857145,0.42857142857142855,0.3,0.1,0.06424713134765625,0.21324005126953124,0.3,0.15462890625,0.0713958740234375,0.2422271728515625,0.3,0.2371484375
BASELINE32,0,256,entry_lognormal_annual_sd_1.2,Q2,E00,IMMEDIATELY_BELOW,8,7,0,7,0,7,0,0,,1.0,0.0,,,0.484375,0.0,0.125,0.0,0.011432647705078125,0.19935989379882812,0.75,0.6149169921875,0.011432647705078125,0.19935989379882812,0.75,0.6149169921875
BASELINE32,0,256,entry_lognormal_annual_sd_1.2,Q2,E00,MODERATELY_ABOVE,12,12,7,5,0,5,0,7,0.0,1.0,0.0,1.0,0.5,0.3003743489583333,0.5833333333333334,0.0,0.08333333333333333,0.03850555419921875,0.2077051798502604,0.4166666666666667,0.2864908854166666,0.04045740763346354,0.20965703328450522,0.4166666666666667,0.3408040364583333
BASELINE32,0,256,entry_lognormal_annual_sd_1.2,Q2,E00,MODERATELY_BELOW,13,13,0,13,0,13,0,0,,1.0,0.0,,,0.48715444711538464,0.0,0.0,0.07692307692307693,-0.024131188025841348,0.26707693246694714,0.3076923076923077,0.33802584134615393,0.007382906400240385,0.2970745380108173,0.38461538461538464,0.4187650240384615
BASELINE32,0,256,entry_lognormal_annual_sd_1.2,Q2,E00,OUTSIDE_ABOVE,2,2,1,1,0,1,0,1,0.0,1.0,0.0,1.0,0.5,0.00830078125,0.5,0.0,0.0,0.054168701171875,0.054168701171875,0.0,0.05712890625,0.0927734375,0.0927734375,0.5,0.11503906250000001
BASELINE32,0,256,entry_lognormal_annual_sd_1.2,Q2,E00,OUTSIDE_BELOW,18,18,0,18,0,18,0,0,,1.0,0.0,,,0.3172743055555556,0.0,0.0,0.0,0.07843865288628472,0.07843865288628472,0.7777777777777778,0.14647352430555555,0.17649756537543404,0.17649756537543404,0.7222222222222222,0.18310546875
BASELINE32,0,256,entry_lognormal_annual_sd_1.2,Q2,E10,CLEARLY_ABOVE,8,8,7,1,0,1,0,7,0.0,1.0,0.0,1.0,0.5,0.15283203125,0.875,0.0,0.25,-0.05479240417480469,0.1267261505126953,0.875,0.5094970703124999,-0.04090309143066406,0.14202308654785156,0.875,0.540478515625
BASELINE32,0,256,entry_lognormal_annual_sd_1.2,Q2,E10,CLEARLY_BELOW,10,10,0,10,0,10,0,0,,1.0,0.0,,,0.16416015625,0.0,0.0,0.3,-0.1164825439453125,0.1673797607421875,0.9,0.53287109375,-0.12576751708984374,0.17713470458984376,0.9,0.667265625
BASELINE32,0,256,entry_lognormal_annual_sd_1.2,Q2,E10,IMMEDIATELY_ABOVE,10,7,3,4,0,4,0,3,0.0,1.0,0.0,1.0,0.5,0.18443080357142858,0.42857142857142855,0.3,0.0,-0.08677825927734376,0.14356231689453125,0.7,0.37376953124999995,-0.1038360595703125,0.176641845703125,0.8,0.46248046875000004
BASELINE32,0,256,entry_lognormal_annual_sd_1.2,Q2,E10,IMMEDIATELY_BELOW,8,7,0,7,0,7,0,0,,1.0,0.0,,,0.4292689732142857,0.0,0.125,0.0,-0.007976531982421875,0.17327880859375,0.875,0.6470947265625,-0.007976531982421875,0.17327880859375,0.875,0.6470947265625
BASELINE32,0,256,entry_lognormal_annual_sd_1.2,Q2,E10,MODERATELY_ABOVE,12,12,7,5,0,5,0,7,0.0,1.0,0.0,1.0,0.5,0.11922200520833333,0.5833333333333334,0.0,0.0,-0.0009333292643229166,0.11909739176432292,1.0,0.3169759114583333,-0.017108917236328125,0.13527297973632812,1.0,0.36508789062499997
BASELINE32,0,256,entry_lognormal_annual_sd_1.2,Q2,E10,MODERATELY_BELOW,13,13,0,13,0,13,0,0,,1.0,0.0,,,0.11846454326923077,0.0,0.0,0.23076923076923078,-0.1879401573768029,0.19978802020733172,0.9230769230769231,0.48985877403846156,-0.196746826171875,0.22229473407451922,0.8461538461538461,0.5988731971153846
BASELINE32,0,256,entry_lognormal_annual_sd_1.2,Q2,E10,OUTSIDE_ABOVE,2,2,1,1,0,1,0,1,0.0,1.0,0.0,1.0,0.5,0.00048828125,0.5,0.0,0.0,0.022308349609375,0.022735595703125,0.5,0.04257812500000002,0.05517578125,0.05517578125,0.5,0.14179687500000004
BASELINE32,0,256,entry_lognormal_annual_sd_1.2,Q2,E10,OUTSIDE_BELOW,18,18,0,18,0,18,0,0,,1.0,0.0,,,0.18147786458333334,0.0,0.0,0.2222222222222222,0.002124362521701389,0.021199544270833332,0.8888888888888888,0.06941189236111109,0.06274159749348958,0.08146921793619792,0.7777777777777778,0.14037543402777777
BASELINE32,0,256,entry_lognormal_annual_sd_1.2,Q2,E01,CLEARLY_ABOVE,8,8,7,1,0,1,0,7,0.0,1.0,0.0,1.0,0.5,0.423095703125,0.875,0.0,0.0,-0.1425914764404297,0.2844219207763672,0.125,0.33847656249999997,-0.13390541076660156,0.2931079864501953,0.25,0.37687988281249996
BASELINE32,0,256,entry_lognormal_annual_sd_1.2,Q2,E01,CLEARLY_BELOW,10,10,0,10,0,10,0,0,,1.0,0.0,,,0.59892578125,0.0,0.0,0.0,-0.0706085205078125,0.3374908447265625,0.1,0.202734375,0.00274810791015625,0.35982513427734375,0.1,0.222734375
BASELINE32,0,256,entry_lognormal_annual_sd_1.2,Q2,E01,IMMEDIATELY_ABOVE,10,7,3,4,0,4,0,3,0.0,1.0,0.0,1.0,0.5,0.21051897321428573,0.42857142857142855,0.3,0.0,0.08845367431640624,0.23266143798828126,0.1,0.092265625,0.1224090576171875,0.2666168212890625,0.1,0.12222656250000001
BASELINE32,0,256,entry_lognormal_annual_sd_1.2,Q2,E01,IMMEDIATELY_BELOW,8,7,0,7,0,7,0,0,,1.0,0.0,,,0.23577008928571427,0.0,0.125,0.0,-0.23397445678710938,0.4072914123535156,0.0,0.3718505859375,-0.23397445678710938,0.4072914123535156,0.0,0.3718505859375
BASELINE32,0,256,entry_lognormal_annual_sd_1.2,Q2,E01,MODERATELY_ABOVE,12,12,7,5,0,5,0,7,0.0,1.0,0.0,1.0,0.5,0.4623209635416667,0.5833333333333334,0.0,0.0,-0.060971577962239586,0.29182688395182294,0.25,0.2094075520833333,-0.04620234171549479,0.3065961201985677,0.16666666666666666,0.2167643229166666
BASELINE32,0,256,entry_lognormal_annual_sd_1.2,Q2,E01,MODERATELY_BELOW,13,13,0,13,0,13,0,0,,1.0,0.0,,,0.5785006009615384,0.0,0.0,0.0,0.04727994478665865,0.2333855262169471,0.46153846153846156,0.25344050480769226,0.09185556265024039,0.2770643967848558,0.46153846153846156,0.2815504807692307
BASELINE32,0,256,entry_lognormal_annual_sd_1.2,Q2,E01,OUTSIDE_ABOVE,2,2,1,1,0,1,0,1,0.0,1.0,0.0,1.0,0.5,0.009765625,0.5,0.0,0.0,0.051727294921875,0.051727294921875,0.5,0.07822265625000002,0.08056640625,0.08056640625,1.0,0.18125000000000002
BASELINE32,0,256,entry_lognormal_annual_sd_1.2,Q2,E01,OUTSIDE_BELOW,18,18,0,18,0,18,0,0,,1.0,0.0,,,0.3167317708333333,0.0,0.0,0.0,0.08166673448350695,0.08166673448350695,0.7777777777777778,0.1389865451388889,0.1785795423719618,0.1785795423719618,0.7222222222222222,0.17508680555555556
BASELINE32,0,256,entry_lognormal_annual_sd_1.2,Q2,E11,CLEARLY_ABOVE,8,8,7,1,0,1,0,7,0.0,1.0,0.0,1.0,0.5,0.00048828125,0.875,0.0,0.0,0.0005970001220703125,0.0015583038330078125,1.0,0.0712158203125,0.0007686614990234375,0.0017032623291015625,1.0,0.08022460937499999
BASELINE32,0,256,entry_lognormal_annual_sd_1.2,Q2,E11,CLEARLY_BELOW,10,10,0,10,0,10,0,0,,1.0,0.0,,,0.07548828125,0.0,0.0,0.2,0.0032684326171875,0.0046661376953125,1.0,0.06853515624999998,0.01480865478515625,0.01673736572265625,0.8,0.08056640624999997
BASELINE32,0,256,entry_lognormal_annual_sd_1.2,Q2,E11,IMMEDIATELY_ABOVE,10,7,3,4,0,4,0,3,0.0,1.0,0.0,1.0,0.5,0.05524553571428571,0.42857142857142855,0.3,0.5,0.00206451416015625,0.00398712158203125,1.0,0.07519531249999999,0.0089324951171875,0.0117462158203125,0.9,0.08166015624999998
BASELINE32,0,256,entry_lognormal_annual_sd_1.2,Q2,E11,IMMEDIATELY_BELOW,8,7,0,7,0,7,0,0,,1.0,0.0,,,0.18094308035714285,0.0,0.125,0.875,0.002292633056640625,0.006031036376953125,1.0,0.09082031249999996,0.002292633056640625,0.006031036376953125,1.0,0.09082031249999996
BASELINE32,0,256,entry_lognormal_annual_sd_1.2,Q2,E11,MODERATELY_ABOVE,12,12,7,5,0,5,0,7,0.0,1.0,0.0,1.0,0.5,0.009847005208333334,0.5833333333333334,0.0,0.5833333333333334,0.00023651123046875,0.005544026692708333,1.0,0.07330729166666664,0.00011316935221354167,0.005435943603515625,1.0,0.0776204427083333
BASELINE32,0,256,entry_lognormal_annual_sd_1.2,Q2,E11,MODERATELY_BELOW,13,13,0,13,0,13,0,0,,1.0,0.0,,,0.14024939903846154,0.0,0.0,0.7692307692307693,0.004780695988581731,0.005693875826322115,1.0,0.07481971153846152,0.01462261493389423,0.015484149639423076,0.8461538461538461,0.0816105769230769
BASELINE32,0,256,entry_lognormal_annual_sd_1.2,Q2,E11,OUTSIDE_ABOVE,2,2,1,1,0,1,0,1,0.0,1.0,0.0,1.0,0.5,0.0,0.5,0.0,0.0,0.003204345703125,0.003204345703125,1.0,0.036914062499999956,0.00177001953125,0.00445556640625,1.0,0.07294921874999993
BASELINE32,0,256,entry_lognormal_annual_sd_1.2,Q2,E11,OUTSIDE_BELOW,18,18,0,18,0,18,0,0,,1.0,0.0,,,0.11577690972222222,0.0,0.0,0.2222222222222222,0.015491061740451388,0.015557183159722222,0.7777777777777778,0.03613281249999999,0.06710900200737847,0.0671751234266493,0.6111111111111112,0.0445095486111111
FUTURE_ONLY8,5,1024,correct,Q1,E00,CLEARLY_ABOVE,0,0,0,0,0,0,0,0,,,,,,,,,,,,,,,,,
FUTURE_ONLY8,5,1024,correct,Q1,E00,CLEARLY_BELOW,3,3,0,3,0,3,0,0,,1.0,0.0,,,0.18229166666666666,0.0,0.0,0.0,-0.17611185709635416,0.3103993733723958,0.6666666666666666,0.6909016927083332,-0.17611185709635416,0.3103993733723958,0.6666666666666666,0.6909016927083332
FUTURE_ONLY8,5,1024,correct,Q1,E00,IMMEDIATELY_ABOVE,1,1,0,1,0,1,0,0,,1.0,0.0,,,0.015625,0.0,0.0,0.0,0.235504150390625,0.235504150390625,0.0,0.0006347656249999778,0.235504150390625,0.235504150390625,0.0,0.0006347656249999778
FUTURE_ONLY8,5,1024,correct,Q1,E00,IMMEDIATELY_BELOW,0,0,0,0,0,0,0,0,,,,,,,,,,,,,,,,,
FUTURE_ONLY8,5,1024,correct,Q1,E00,MODERATELY_ABOVE,0,0,0,0,0,0,0,0,,,,,,,,,,,,,,,,,
FUTURE_ONLY8,5,1024,correct,Q1,E00,MODERATELY_BELOW,1,1,0,1,0,1,0,0,,1.0,0.0,,,1.0,0.0,0.0,0.0,0.282562255859375,0.282562255859375,0.0,0.0,0.282562255859375,0.282562255859375,0.0,0.0
FUTURE_ONLY8,5,1024,correct,Q1,E00,OUTSIDE_ABOVE,1,1,1,0,0,0,0,1,0.0,,,1.0,,0.0,1.0,0.0,0.0,0.0535430908203125,0.0535430908203125,0.0,0.0,0.2844696044921875,0.2844696044921875,0.0,0.139892578125
FUTURE_ONLY8,5,1024,correct,Q1,E00,OUTSIDE_BELOW,2,2,0,2,0,2,0,0,,1.0,0.0,,,0.0,0.0,0.0,0.0,0.0,0.0,1.0,0.0,0.0,0.0,1.0,0.0
FUTURE_ONLY8,5,1024,correct,Q1,E10,CLEARLY_ABOVE,0,0,0,0,0,0,0,0,,,,,,,,,,,,,,,,,
FUTURE_ONLY8,5,1024,correct,Q1,E10,CLEARLY_BELOW,3,3,0,3,0,3,0,0,,1.0,0.0,,,0.109375,0.0,0.0,0.3333333333333333,-0.2598520914713542,0.2598520914713542,1.0,0.9046223958333331,-0.2598520914713542,0.2598520914713542,1.0,0.9046223958333331
FUTURE_ONLY8,5,1024,correct,Q1,E10,IMMEDIATELY_ABOVE,1,1,0,1,0,1,0,0,,1.0,0.0,,,0.0,0.0,0.0,0.0,0.073638916015625,0.073638916015625,0.0,0.08901367187499998,0.073638916015625,0.073638916015625,0.0,0.08901367187499998
FUTURE_ONLY8,5,1024,correct,Q1,E10,IMMEDIATELY_BELOW,0,0,0,0,0,0,0,0,,,,,,,,,,,,,,,,,
FUTURE_ONLY8,5,1024,correct,Q1,E10,MODERATELY_ABOVE,0,0,0,0,0,0,0,0,,,,,,,,,,,,,,,,,
FUTURE_ONLY8,5,1024,correct,Q1,E10,MODERATELY_BELOW,1,1,0,1,0,1,0,0,,1.0,0.0,,,0.0,0.0,0.0,0.0,0.021331787109375,0.021331787109375,1.0,0.052783203124999956,0.021331787109375,0.021331787109375,1.0,0.052783203124999956
FUTURE_ONLY8,5,1024,correct,Q1,E10,OUTSIDE_ABOVE,1,1,1,0,0,0,0,1,0.0,,,1.0,,0.0,1.0,0.0,0.0,0.0052032470703125,0.0052032470703125,1.0,0.03720703125000002,-0.0137481689453125,0.0137481689453125,1.0,0.3841796875
FUTURE_ONLY8,5,1024,correct,Q1,E10,OUTSIDE_BELOW,2,2,0,2,0,2,0,0,,1.0,0.0,,,0.0,0.0,0.0,0.0,0.0,0.0,1.0,0.0,0.0,0.0,1.0,0.0
FUTURE_ONLY8,5,1024,correct,Q1,E01,CLEARLY_ABOVE,0,0,0,0,0,0,0,0,,,,,,,,,,,,,,,,,
FUTURE_ONLY8,5,1024,correct,Q1,E01,CLEARLY_BELOW,3,3,0,3,0,3,0,0,,1.0,0.0,,,0.3333333333333333,0.0,0.0,0.0,-0.2695770263671875,0.4903717041015625,0.0,0.13828124999999994,-0.2695770263671875,0.4903717041015625,0.0,0.13828124999999994
FUTURE_ONLY8,5,1024,correct,Q1,E01,IMMEDIATELY_ABOVE,1,1,0,1,0,1,0,0,,1.0,0.0,,,0.015625,0.0,0.0,0.0,0.234893798828125,0.234893798828125,0.0,0.003515625000000022,0.234893798828125,0.234893798828125,0.0,0.003515625000000022
FUTURE_ONLY8,5,1024,correct,Q1,E01,IMMEDIATELY_BELOW,0,0,0,0,0,0,0,0,,,,,,,,,,,,,,,,,
FUTURE_ONLY8,5,1024,correct,Q1,E01,MODERATELY_ABOVE,0,0,0,0,0,0,0,0,,,,,,,,,,,,,,,,,
FUTURE_ONLY8,5,1024,correct,Q1,E01,MODERATELY_BELOW,1,1,0,1,0,1,0,0,,1.0,0.0,,,1.0,0.0,0.0,0.0,0.282562255859375,0.282562255859375,0.0,0.0,0.282562255859375,0.282562255859375,0.0,0.0
FUTURE_ONLY8,5,1024,correct,Q1,E01,OUTSIDE_ABOVE,1,1,1,0,0,0,0,1,0.0,,,1.0,,0.0,1.0,0.0,0.0,0.0534210205078125,0.0534210205078125,0.0,0.0006347656249999778,0.2726287841796875,0.2726287841796875,0.0,0.20488281249999996
FUTURE_ONLY8,5,1024,correct,Q1,E01,OUTSIDE_BELOW,2,2,0,2,0,2,0,0,,1.0,0.0,,,0.0,0.0,0.0,0.0,0.0,0.0,1.0,0.0,0.0,0.0,1.0,0.0
FUTURE_ONLY8,5,1024,correct,Q1,E11,CLEARLY_ABOVE,0,0,0,0,0,0,0,0,,,,,,,,,,,,,,,,,
FUTURE_ONLY8,5,1024,correct,Q1,E11,CLEARLY_BELOW,3,3,0,3,0,3,0,0,,1.0,0.0,,,0.0,0.0,0.0,0.0,-0.0012664794921875,0.0018564860026041667,1.0,0.03444010416666665,-0.0012664794921875,0.0018564860026041667,1.0,0.03444010416666665
FUTURE_ONLY8,5,1024,correct,Q1,E11,IMMEDIATELY_ABOVE,1,1,0,1,0,1,0,0,,1.0,0.0,,,0.0,0.0,0.0,0.0,0.005157470703125,0.005157470703125,1.0,0.028857421874999956,0.005157470703125,0.005157470703125,1.0,0.028857421874999956
FUTURE_ONLY8,5,1024,correct,Q1,E11,IMMEDIATELY_BELOW,0,0,0,0,0,0,0,0,,,,,,,,,,,,,,,,,
FUTURE_ONLY8,5,1024,correct,Q1,E11,MODERATELY_ABOVE,0,0,0,0,0,0,0,0,,,,,,,,,,,,,,,,,
FUTURE_ONLY8,5,1024,correct,Q1,E11,MODERATELY_BELOW,1,1,0,1,0,1,0,0,,1.0,0.0,,,0.0,0.0,0.0,0.0,-0.007354736328125,0.007354736328125,1.0,0.03525390625000002,-0.007354736328125,0.007354736328125,1.0,0.03525390625000002
FUTURE_ONLY8,5,1024,correct,Q1,E11,OUTSIDE_ABOVE,1,1,1,0,0,0,0,1,0.0,,,1.0,,0.0,1.0,0.0,0.0,-0.0001678466796875,0.0001678466796875,1.0,0.016064453125000044,-0.0028839111328125,0.0028839111328125,1.0,0.02792968749999991
FUTURE_ONLY8,5,1024,correct,Q1,E11,OUTSIDE_BELOW,2,2,0,2,0,2,0,0,,1.0,0.0,,,0.0,0.0,0.0,0.0,0.0,0.0,1.0,0.0,0.0,0.0,1.0,0.0
FUTURE_ONLY8,5,1024,correct,Q2,E00,CLEARLY_ABOVE,0,0,0,0,0,0,0,0,,,,,,,,,,,,,,,,,
FUTURE_ONLY8,5,1024,correct,Q2,E00,CLEARLY_BELOW,4,4,0,4,0,4,0,0,,1.0,0.0,,,0.38671875,0.0,0.0,0.0,-0.1186981201171875,0.246185302734375,0.5,0.51817626953125,-0.06096649169921875,0.30391693115234375,0.5,0.5531494140625
FUTURE_ONLY8,5,1024,correct,Q2,E00,IMMEDIATELY_ABOVE,1,1,0,1,0,1,0,0,,1.0,0.0,,,0.015625,0.0,0.0,0.0,0.235504150390625,0.235504150390625,0.0,0.0006347656249999778,0.235504150390625,0.235504150390625,0.0,0.0006347656249999778
FUTURE_ONLY8,5,1024,correct,Q2,E00,IMMEDIATELY_BELOW,0,0,0,0,0,0,0,0,,,,,,,,,,,,,,,,,
FUTURE_ONLY8,5,1024,correct,Q2,E00,MODERATELY_ABOVE,0,0,0,0,0,0,0,0,,,,,,,,,,,,,,,,,
FUTURE_ONLY8,5,1024,correct,Q2,E00,MODERATELY_BELOW,1,1,0,1,0,1,0,0,,1.0,0.0,,,1.0,0.0,0.0,0.0,0.282562255859375,0.282562255859375,0.0,0.0,0.282562255859375,0.282562255859375,0.0,0.0
FUTURE_ONLY8,5,1024,correct,Q2,E00,OUTSIDE_ABOVE,0,0,0,0,0,0,0,0,,,,,,,,,,,,,,,,,
FUTURE_ONLY8,5,1024,correct,Q2,E00,OUTSIDE_BELOW,2,2,0,2,0,2,0,0,,1.0,0.0,,,0.0,0.0,0.0,0.0,0.0,0.0,1.0,0.0,0.0,0.0,1.0,0.0
FUTURE_ONLY8,5,1024,correct,Q2,E10,CLEARLY_ABOVE,0,0,0,0,0,0,0,0,,,,,,,,,,,,,,,,,
FUTURE_ONLY8,5,1024,correct,Q2,E10,CLEARLY_BELOW,4,4,0,4,0,4,0,0,,1.0,0.0,,,0.0859375,0.0,0.0,0.5,-0.1935882568359375,0.19618988037109375,1.0,0.6877685546874999,-0.19832611083984375,0.19832611083984375,1.0,0.7745117187499999
FUTURE_ONLY8,5,1024,correct,Q2,E10,IMMEDIATELY_ABOVE,1,1,0,1,0,1,0,0,,1.0,0.0,,,0.0,0.0,0.0,0.0,0.073638916015625,0.073638916015625,0.0,0.08901367187499998,0.073638916015625,0.073638916015625,0.0,0.08901367187499998
FUTURE_ONLY8,5,1024,correct,Q2,E10,IMMEDIATELY_BELOW,0,0,0,0,0,0,0,0,,,,,,,,,,,,,,,,,
FUTURE_ONLY8,5,1024,correct,Q2,E10,MODERATELY_ABOVE,0,0,0,0,0,0,0,0,,,,,,,,,,,,,,,,,
FUTURE_ONLY8,5,1024,correct,Q2,E10,MODERATELY_BELOW,1,1,0,1,0,1,0,0,,1.0,0.0,,,0.0,0.0,0.0,0.0,0.021331787109375,0.021331787109375,1.0,0.052783203124999956,0.021331787109375,0.021331787109375,1.0,0.052783203124999956
FUTURE_ONLY8,5,1024,correct,Q2,E10,OUTSIDE_ABOVE,0,0,0,0,0,0,0,0,,,,,,,,,,,,,,,,,
FUTURE_ONLY8,5,1024,correct,Q2,E10,OUTSIDE_BELOW,2,2,0,2,0,2,0,0,,1.0,0.0,,,0.0,0.0,0.0,0.0,0.0,0.0,1.0,0.0,0.0,0.0,1.0,0.0
FUTURE_ONLY8,5,1024,correct,Q2,E01,CLEARLY_ABOVE,0,0,0,0,0,0,0,0,,,,,,,,,,,,,,,,,
FUTURE_ONLY8,5,1024,correct,Q2,E01,CLEARLY_BELOW,4,4,0,4,0,4,0,0,,1.0,0.0,,,0.44140625,0.0,0.0,0.0,-0.1888275146484375,0.381134033203125,0.0,0.10386962890624996,-0.13402557373046875,0.43593597412109375,0.0,0.15493164062499995
FUTURE_ONLY8,5,1024,correct,Q2,E01,IMMEDIATELY_ABOVE,1,1,0,1,0,1,0,0,,1.0,0.0,,,0.015625,0.0,0.0,0.0,0.234893798828125,0.234893798828125,0.0,0.003515625000000022,0.234893798828125,0.234893798828125,0.0,0.003515625000000022
FUTURE_ONLY8,5,1024,correct,Q2,E01,IMMEDIATELY_BELOW,0,0,0,0,0,0,0,0,,,,,,,,,,,,,,,,,
FUTURE_ONLY8,5,1024,correct,Q2,E01,MODERATELY_ABOVE,0,0,0,0,0,0,0,0,,,,,,,,,,,,,,,,,
FUTURE_ONLY8,5,1024,correct,Q2,E01,MODERATELY_BELOW,1,1,0,1,0,1,0,0,,1.0,0.0,,,1.0,0.0,0.0,0.0,0.282562255859375,0.282562255859375,0.0,0.0,0.282562255859375,0.282562255859375,0.0,0.0
FUTURE_ONLY8,5,1024,correct,Q2,E01,OUTSIDE_ABOVE,0,0,0,0,0,0,0,0,,,,,,,,,,,,,,,,,
FUTURE_ONLY8,5,1024,correct,Q2,E01,OUTSIDE_BELOW,2,2,0,2,0,2,0,0,,1.0,0.0,,,0.0,0.0,0.0,0.0,0.0,0.0,1.0,0.0,0.0,0.0,1.0,0.0
FUTURE_ONLY8,5,1024,correct,Q2,E11,CLEARLY_ABOVE,0,0,0,0,0,0,0,0,,,,,,,,,,,,,,,,,
FUTURE_ONLY8,5,1024,correct,Q2,E11,CLEARLY_BELOW,4,4,0,4,0,4,0,0,,1.0,0.0,,,0.0,0.0,0.0,0.0,-0.0009918212890625,0.001434326171875,1.0,0.02984619140625,-0.00167083740234375,0.00211334228515625,1.0,0.03281249999999997
FUTURE_ONLY8,5,1024,correct,Q2,E11,IMMEDIATELY_ABOVE,1,1,0,1,0,1,0,0,,1.0,0.0,,,0.0,0.0,0.0,0.0,0.005157470703125,0.005157470703125,1.0,0.028857421874999956,0.005157470703125,0.005157470703125,1.0,0.028857421874999956
FUTURE_ONLY8,5,1024,correct,Q2,E11,IMMEDIATELY_BELOW,0,0,0,0,0,0,0,0,,,,,,,,,,,,,,,,,
FUTURE_ONLY8,5,1024,correct,Q2,E11,MODERATELY_ABOVE,0,0,0,0,0,0,0,0,,,,,,,,,,,,,,,,,
FUTURE_ONLY8,5,1024,correct,Q2,E11,MODERATELY_BELOW,1,1,0,1,0,1,0,0,,1.0,0.0,,,0.0,0.0,0.0,0.0,-0.007354736328125,0.007354736328125,1.0,0.03525390625000002,-0.007354736328125,0.007354736328125,1.0,0.03525390625000002
FUTURE_ONLY8,5,1024,correct,Q2,E11,OUTSIDE_ABOVE,0,0,0,0,0,0,0,0,,,,,,,,,,,,,,,,,
FUTURE_ONLY8,5,1024,correct,Q2,E11,OUTSIDE_BELOW,2,2,0,2,0,2,0,0,,1.0,0.0,,,0.0,0.0,0.0,0.0,0.0,0.0,1.0,0.0,0.0,0.0,1.0,0.0
FUTURE_ONLY8,5,1024,hemlock_extra_hazard_0.12,Q1,E00,CLEARLY_ABOVE,0,0,0,0,0,0,0,0,,,,,,,,,,,,,,,,,
FUTURE_ONLY8,5,1024,hemlock_extra_hazard_0.12,Q1,E00,CLEARLY_BELOW,0,0,0,0,0,0,0,0,,,,,,,,,,,,,,,,,
FUTURE_ONLY8,5,1024,hemlock_extra_hazard_0.12,Q1,E00,IMMEDIATELY_ABOVE,0,0,0,0,0,0,0,0,,,,,,,,,,,,,,,,,
FUTURE_ONLY8,5,1024,hemlock_extra_hazard_0.12,Q1,E00,IMMEDIATELY_BELOW,0,0,0,0,0,0,0,0,,,,,,,,,,,,,,,,,
FUTURE_ONLY8,5,1024,hemlock_extra_hazard_0.12,Q1,E00,MODERATELY_ABOVE,0,0,0,0,0,0,0,0,,,,,,,,,,,,,,,,,
FUTURE_ONLY8,5,1024,hemlock_extra_hazard_0.12,Q1,E00,MODERATELY_BELOW,0,0,0,0,0,0,0,0,,,,,,,,,,,,,,,,,
FUTURE_ONLY8,5,1024,hemlock_extra_hazard_0.12,Q1,E00,OUTSIDE_ABOVE,1,1,1,0,0,0,0,1,0.0,,,1.0,,0.0,1.0,0.0,0.0,0.131683349609375,0.131683349609375,0.0,0.0,0.858306884765625,0.858306884765625,0.0,0.139892578125
FUTURE_ONLY8,5,1024,hemlock_extra_hazard_0.12,Q1,E00,OUTSIDE_BELOW,7,7,0,7,0,7,0,0,,1.0,0.0,,,0.22321428571428573,0.0,0.0,0.0,0.49564034598214285,0.49564034598214285,0.5714285714285714,0.2961914062499999,0.49564034598214285,0.49564034598214285,0.5714285714285714,0.2961914062499999
FUTURE_ONLY8,5,1024,hemlock_extra_hazard_0.12,Q1,E10,CLEARLY_ABOVE,0,0,0,0,0,0,0,0,,,,,,,,,,,,,,,,,
FUTURE_ONLY8,5,1024,hemlock_extra_hazard_0.12,Q1,E10,CLEARLY_BELOW,0,0,0,0,0,0,0,0,,,,,,,,,,,,,,,,,
FUTURE_ONLY8,5,1024,hemlock_extra_hazard_0.12,Q1,E10,IMMEDIATELY_ABOVE,0,0,0,0,0,0,0,0,,,,,,,,,,,,,,,,,
FUTURE_ONLY8,5,1024,hemlock_extra_hazard_0.12,Q1,E10,IMMEDIATELY_BELOW,0,0,0,0,0,0,0,0,,,,,,,,,,,,,,,,,
FUTURE_ONLY8,5,1024,hemlock_extra_hazard_0.12,Q1,E10,MODERATELY_ABOVE,0,0,0,0,0,0,0,0,,,,,,,,,,,,,,,,,
FUTURE_ONLY8,5,1024,hemlock_extra_hazard_0.12,Q1,E10,MODERATELY_BELOW,0,0,0,0,0,0,0,0,,,,,,,,,,,,,,,,,
FUTURE_ONLY8,5,1024,hemlock_extra_hazard_0.12,Q1,E10,OUTSIDE_ABOVE,1,1,1,0,0,0,0,1,0.0,,,1.0,,0.0,1.0,0.0,0.0,0.083343505859375,0.083343505859375,0.0,0.03720703125000002,0.560089111328125,0.560089111328125,0.0,0.3841796875
FUTURE_ONLY8,5,1024,hemlock_extra_hazard_0.12,Q1,E10,OUTSIDE_BELOW,7,7,0,7,0,7,0,0,,1.0,0.0,,,0.046875,0.0,0.0,0.14285714285714285,0.39930943080357145,0.39930943080357145,0.5714285714285714,0.4079520089285714,0.39930943080357145,0.39930943080357145,0.5714285714285714,0.4079520089285714
FUTURE_ONLY8,5,1024,hemlock_extra_hazard_0.12,Q1,E01,CLEARLY_ABOVE,0,0,0,0,0,0,0,0,,,,,,,,,,,,,,,,,
FUTURE_ONLY8,5,1024,hemlock_extra_hazard_0.12,Q1,E01,CLEARLY_BELOW,0,0,0,0,0,0,0,0,,,,,,,,,,,,,,,,,
FUTURE_ONLY8,5,1024,hemlock_extra_hazard_0.12,Q1,E01,IMMEDIATELY_ABOVE,0,0,0,0,0,0,0,0,,,,,,,,,,,,,,,,,
FUTURE_ONLY8,5,1024,hemlock_extra_hazard_0.12,Q1,E01,IMMEDIATELY_BELOW,0,0,0,0,0,0,0,0,,,,,,,,,,,,,,,,,
FUTURE_ONLY8,5,1024,hemlock_extra_hazard_0.12,Q1,E01,MODERATELY_ABOVE,0,0,0,0,0,0,0,0,,,,,,,,,,,,,,,,,
FUTURE_ONLY8,5,1024,hemlock_extra_hazard_0.12,Q1,E01,MODERATELY_BELOW,0,0,0,0,0,0,0,0,,,,,,,,,,,,,,,,,
FUTURE_ONLY8,5,1024,hemlock_extra_hazard_0.12,Q1,E01,OUTSIDE_ABOVE,1,1,1,0,0,0,0,1,0.0,,,1.0,,0.0,1.0,0.0,0.0,0.131561279296875,0.131561279296875,0.0,0.0006347656249999778,0.846466064453125,0.846466064453125,0.0,0.20488281249999996
FUTURE_ONLY8,5,1024,hemlock_extra_hazard_0.12,Q1,E01,OUTSIDE_BELOW,7,7,0,7,0,7,0,0,,1.0,0.0,,,0.28794642857142855,0.0,0.0,0.0,0.4554966517857143,0.4554966517857143,0.2857142857142857,0.05976562499999998,0.4554966517857143,0.4554966517857143,0.2857142857142857,0.05976562499999998
FUTURE_ONLY8,5,1024,hemlock_extra_hazard_0.12,Q1,E11,CLEARLY_ABOVE,0,0,0,0,0,0,0,0,,,,,,,,,,,,,,,,,
FUTURE_ONLY8,5,1024,hemlock_extra_hazard_0.12,Q1,E11,CLEARLY_BELOW,0,0,0,0,0,0,0,0,,,,,,,,,,,,,,,,,
FUTURE_ONLY8,5,1024,hemlock_extra_hazard_0.12,Q1,E11,IMMEDIATELY_ABOVE,0,0,0,0,0,0,0,0,,,,,,,,,,,,,,,,,
FUTURE_ONLY8,5,1024,hemlock_extra_hazard_0.12,Q1,E11,IMMEDIATELY_BELOW,0,0,0,0,0,0,0,0,,,,,,,,,,,,,,,,,
FUTURE_ONLY8,5,1024,hemlock_extra_hazard_0.12,Q1,E11,MODERATELY_ABOVE,0,0,0,0,0,0,0,0,,,,,,,,,,,,,,,,,
FUTURE_ONLY8,5,1024,hemlock_extra_hazard_0.12,Q1,E11,MODERATELY_BELOW,0,0,0,0,0,0,0,0,,,,,,,,,,,,,,,,,
FUTURE_ONLY8,5,1024,hemlock_extra_hazard_0.12,Q1,E11,OUTSIDE_ABOVE,1,1,1,0,0,0,0,1,0.0,,,1.0,,0.0,1.0,0.0,0.0,0.077972412109375,0.077972412109375,0.0,0.016064453125000044,0.570953369140625,0.570953369140625,0.0,0.02792968749999991
FUTURE_ONLY8,5,1024,hemlock_extra_hazard_0.12,Q1,E11,OUTSIDE_BELOW,7,7,0,7,0,7,0,0,,1.0,0.0,,,0.0,0.0,0.0,0.0,0.49625069754464285,0.49625069754464285,0.2857142857142857,0.02391880580357142,0.49625069754464285,0.49625069754464285,0.2857142857142857,0.02391880580357142
FUTURE_ONLY8,5,1024,hemlock_extra_hazard_0.12,Q2,E00,CLEARLY_ABOVE,0,0,0,0,0,0,0,0,,,,,,,,,,,,,,,,,
FUTURE_ONLY8,5,1024,hemlock_extra_hazard_0.12,Q2,E00,CLEARLY_BELOW,0,0,0,0,0,0,0,0,,,,,,,,,,,,,,,,,
FUTURE_ONLY8,5,1024,hemlock_extra_hazard_0.12,Q2,E00,IMMEDIATELY_ABOVE,0,0,0,0,0,0,0,0,,,,,,,,,,,,,,,,,
FUTURE_ONLY8,5,1024,hemlock_extra_hazard_0.12,Q2,E00,IMMEDIATELY_BELOW,0,0,0,0,0,0,0,0,,,,,,,,,,,,,,,,,
FUTURE_ONLY8,5,1024,hemlock_extra_hazard_0.12,Q2,E00,MODERATELY_ABOVE,0,0,0,0,0,0,0,0,,,,,,,,,,,,,,,,,
FUTURE_ONLY8,5,1024,hemlock_extra_hazard_0.12,Q2,E00,MODERATELY_BELOW,0,0,0,0,0,0,0,0,,,,,,,,,,,,,,,,,
FUTURE_ONLY8,5,1024,hemlock_extra_hazard_0.12,Q2,E00,OUTSIDE_ABOVE,0,0,0,0,0,0,0,0,,,,,,,,,,,,,,,,,
FUTURE_ONLY8,5,1024,hemlock_extra_hazard_0.12,Q2,E00,OUTSIDE_BELOW,8,8,0,8,0,8,0,0,,1.0,0.0,,,0.3203125,0.0,0.0,0.0,0.4501457214355469,0.4501457214355469,0.5,0.25916748046875,0.5409736633300781,0.5409736633300781,0.5,0.276654052734375
FUTURE_ONLY8,5,1024,hemlock_extra_hazard_0.12,Q2,E10,CLEARLY_ABOVE,0,0,0,0,0,0,0,0,,,,,,,,,,,,,,,,,
FUTURE_ONLY8,5,1024,hemlock_extra_hazard_0.12,Q2,E10,CLEARLY_BELOW,0,0,0,0,0,0,0,0,,,,,,,,,,,,,,,,,
FUTURE_ONLY8,5,1024,hemlock_extra_hazard_0.12,Q2,E10,IMMEDIATELY_ABOVE,0,0,0,0,0,0,0,0,,,,,,,,,,,,,,,,,
FUTURE_ONLY8,5,1024,hemlock_extra_hazard_0.12,Q2,E10,IMMEDIATELY_BELOW,0,0,0,0,0,0,0,0,,,,,,,,,,,,,,,,,
FUTURE_ONLY8,5,1024,hemlock_extra_hazard_0.12,Q2,E10,MODERATELY_ABOVE,0,0,0,0,0,0,0,0,,,,,,,,,,,,,,,,,
FUTURE_ONLY8,5,1024,hemlock_extra_hazard_0.12,Q2,E10,MODERATELY_BELOW,0,0,0,0,0,0,0,0,,,,,,,,,,,,,,,,,
FUTURE_ONLY8,5,1024,hemlock_extra_hazard_0.12,Q2,E10,OUTSIDE_ABOVE,0,0,0,0,0,0,0,0,,,,,,,,,,,,,,,,,
FUTURE_ONLY8,5,1024,hemlock_extra_hazard_0.12,Q2,E10,OUTSIDE_BELOW,8,8,0,8,0,8,0,0,,1.0,0.0,,,0.04296875,0.0,0.0,0.25,0.3598136901855469,0.3598136901855469,0.5,0.3616088867187499,0.4194068908691406,0.4194068908691406,0.5,0.40498046874999993
FUTURE_ONLY8,5,1024,hemlock_extra_hazard_0.12,Q2,E01,CLEARLY_ABOVE,0,0,0,0,0,0,0,0,,,,,,,,,,,,,,,,,
FUTURE_ONLY8,5,1024,hemlock_extra_hazard_0.12,Q2,E01,CLEARLY_BELOW,0,0,0,0,0,0,0,0,,,,,,,,,,,,,,,,,
FUTURE_ONLY8,5,1024,hemlock_extra_hazard_0.12,Q2,E01,IMMEDIATELY_ABOVE,0,0,0,0,0,0,0,0,,,,,,,,,,,,,,,,,
FUTURE_ONLY8,5,1024,hemlock_extra_hazard_0.12,Q2,E01,IMMEDIATELY_BELOW,0,0,0,0,0,0,0,0,,,,,,,,,,,,,,,,,
FUTURE_ONLY8,5,1024,hemlock_extra_hazard_0.12,Q2,E01,MODERATELY_ABOVE,0,0,0,0,0,0,0,0,,,,,,,,,,,,,,,,,
FUTURE_ONLY8,5,1024,hemlock_extra_hazard_0.12,Q2,E01,MODERATELY_BELOW,0,0,0,0,0,0,0,0,,,,,,,,,,,,,,,,,
FUTURE_ONLY8,5,1024,hemlock_extra_hazard_0.12,Q2,E01,OUTSIDE_ABOVE,0,0,0,0,0,0,0,0,,,,,,,,,,,,,,,,,
FUTURE_ONLY8,5,1024,hemlock_extra_hazard_0.12,Q2,E01,OUTSIDE_BELOW,8,8,0,8,0,8,0,0,,1.0,0.0,,,0.34765625,0.0,0.0,0.0,0.4150047302246094,0.4150047302246094,0.25,0.05237426757812498,0.5043678283691406,0.5043678283691406,0.25,0.07790527343749998
FUTURE_ONLY8,5,1024,hemlock_extra_hazard_0.12,Q2,E11,CLEARLY_ABOVE,0,0,0,0,0,0,0,0,,,,,,,,,,,,,,,,,
FUTURE_ONLY8,5,1024,hemlock_extra_hazard_0.12,Q2,E11,CLEARLY_BELOW,0,0,0,0,0,0,0,0,,,,,,,,,,,,,,,,,
FUTURE_ONLY8,5,1024,hemlock_extra_hazard_0.12,Q2,E11,IMMEDIATELY_ABOVE,0,0,0,0,0,0,0,0,,,,,,,,,,,,,,,,,
FUTURE_ONLY8,5,1024,hemlock_extra_hazard_0.12,Q2,E11,IMMEDIATELY_BELOW,0,0,0,0,0,0,0,0,,,,,,,,,,,,,,,,,
FUTURE_ONLY8,5,1024,hemlock_extra_hazard_0.12,Q2,E11,MODERATELY_ABOVE,0,0,0,0,0,0,0,0,,,,,,,,,,,,,,,,,
FUTURE_ONLY8,5,1024,hemlock_extra_hazard_0.12,Q2,E11,MODERATELY_BELOW,0,0,0,0,0,0,0,0,,,,,,,,,,,,,,,,,
FUTURE_ONLY8,5,1024,hemlock_extra_hazard_0.12,Q2,E11,OUTSIDE_ABOVE,0,0,0,0,0,0,0,0,,,,,,,,,,,,,,,,,
FUTURE_ONLY8,5,1024,hemlock_extra_hazard_0.12,Q2,E11,OUTSIDE_BELOW,8,8,0,8,0,8,0,0,,1.0,0.0,,,0.0,0.0,0.0,0.0,0.4439659118652344,0.4439659118652344,0.25,0.022937011718749997,0.5055885314941406,0.5055885314941406,0.25,0.02442016601562498
FUTURE_ONLY8,5,1024,entry_lognormal_annual_sd_1.2,Q1,E00,CLEARLY_ABOVE,0,0,0,0,0,0,0,0,,,,,,,,,,,,,,,,,
FUTURE_ONLY8,5,1024,entry_lognormal_annual_sd_1.2,Q1,E00,CLEARLY_BELOW,3,3,0,3,0,3,0,0,,1.0,0.0,,,0.18229166666666666,0.0,0.0,0.0,-0.17459615071614584,0.3130442301432292,0.6666666666666666,0.6909016927083332,-0.17459615071614584,0.3130442301432292,0.6666666666666666,0.6909016927083332
FUTURE_ONLY8,5,1024,entry_lognormal_annual_sd_1.2,Q1,E00,IMMEDIATELY_ABOVE,1,1,0,1,0,1,0,0,,1.0,0.0,,,0.015625,0.0,0.0,0.0,0.2355194091796875,0.2355194091796875,0.0,0.0006347656249999778,0.2355194091796875,0.2355194091796875,0.0,0.0006347656249999778
FUTURE_ONLY8,5,1024,entry_lognormal_annual_sd_1.2,Q1,E00,IMMEDIATELY_BELOW,0,0,0,0,0,0,0,0,,,,,,,,,,,,,,,,,
FUTURE_ONLY8,5,1024,entry_lognormal_annual_sd_1.2,Q1,E00,MODERATELY_ABOVE,0,0,0,0,0,0,0,0,,,,,,,,,,,,,,,,,
FUTURE_ONLY8,5,1024,entry_lognormal_annual_sd_1.2,Q1,E00,MODERATELY_BELOW,1,1,0,1,0,1,0,0,,1.0,0.0,,,1.0,0.0,0.0,0.0,0.29345703125,0.29345703125,0.0,0.0,0.29345703125,0.29345703125,0.0,0.0
FUTURE_ONLY8,5,1024,entry_lognormal_annual_sd_1.2,Q1,E00,OUTSIDE_ABOVE,1,1,1,0,0,0,0,1,0.0,,,1.0,,0.0,1.0,0.0,0.0,0.06585693359375,0.06585693359375,0.0,0.0,0.3593902587890625,0.3593902587890625,0.0,0.139892578125
FUTURE_ONLY8,5,1024,entry_lognormal_annual_sd_1.2,Q1,E00,OUTSIDE_BELOW,2,2,0,2,0,2,0,0,,1.0,0.0,,,0.0,0.0,0.0,0.0,0.0,0.0,1.0,0.0,0.0,0.0,1.0,0.0
FUTURE_ONLY8,5,1024,entry_lognormal_annual_sd_1.2,Q1,E10,CLEARLY_ABOVE,0,0,0,0,0,0,0,0,,,,,,,,,,,,,,,,,
FUTURE_ONLY8,5,1024,entry_lognormal_annual_sd_1.2,Q1,E10,CLEARLY_BELOW,3,3,0,3,0,3,0,0,,1.0,0.0,,,0.109375,0.0,0.0,0.3333333333333333,-0.2583363850911458,0.2583363850911458,1.0,0.9046223958333331,-0.2583363850911458,0.2583363850911458,1.0,0.9046223958333331
FUTURE_ONLY8,5,1024,entry_lognormal_annual_sd_1.2,Q1,E10,IMMEDIATELY_ABOVE,1,1,0,1,0,1,0,0,,1.0,0.0,,,0.0,0.0,0.0,0.0,0.0736541748046875,0.0736541748046875,0.0,0.08901367187499998,0.0736541748046875,0.0736541748046875,0.0,0.08901367187499998
FUTURE_ONLY8,5,1024,entry_lognormal_annual_sd_1.2,Q1,E10,IMMEDIATELY_BELOW,0,0,0,0,0,0,0,0,,,,,,,,,,,,,,,,,
FUTURE_ONLY8,5,1024,entry_lognormal_annual_sd_1.2,Q1,E10,MODERATELY_ABOVE,0,0,0,0,0,0,0,0,,,,,,,,,,,,,,,,,
FUTURE_ONLY8,5,1024,entry_lognormal_annual_sd_1.2,Q1,E10,MODERATELY_BELOW,1,1,0,1,0,1,0,0,,1.0,0.0,,,0.0,0.0,0.0,0.0,0.0322265625,0.0322265625,0.0,0.052783203124999956,0.0322265625,0.0322265625,0.0,0.052783203124999956
FUTURE_ONLY8,5,1024,entry_lognormal_annual_sd_1.2,Q1,E10,OUTSIDE_ABOVE,1,1,1,0,0,0,0,1,0.0,,,1.0,,0.0,1.0,0.0,0.0,0.01751708984375,0.01751708984375,1.0,0.03720703125000002,0.0611724853515625,0.0611724853515625,1.0,0.3841796875
FUTURE_ONLY8,5,1024,entry_lognormal_annual_sd_1.2,Q1,E10,OUTSIDE_BELOW,2,2,0,2,0,2,0,0,,1.0,0.0,,,0.0,0.0,0.0,0.0,0.0,0.0,1.0,0.0,0.0,0.0,1.0,0.0
FUTURE_ONLY8,5,1024,entry_lognormal_annual_sd_1.2,Q1,E01,CLEARLY_ABOVE,0,0,0,0,0,0,0,0,,,,,,,,,,,,,,,,,
FUTURE_ONLY8,5,1024,entry_lognormal_annual_sd_1.2,Q1,E01,CLEARLY_BELOW,3,3,0,3,0,3,0,0,,1.0,0.0,,,0.3333333333333333,0.0,0.0,0.0,-0.2680613199869792,0.4930165608723958,0.0,0.13828124999999994,-0.2680613199869792,0.4930165608723958,0.0,0.13828124999999994
FUTURE_ONLY8,5,1024,entry_lognormal_annual_sd_1.2,Q1,E01,IMMEDIATELY_ABOVE,1,1,0,1,0,1,0,0,,1.0,0.0,,,0.015625,0.0,0.0,0.0,0.2349090576171875,0.2349090576171875,0.0,0.003515625000000022,0.2349090576171875,0.2349090576171875,0.0,0.003515625000000022
FUTURE_ONLY8,5,1024,entry_lognormal_annual_sd_1.2,Q1,E01,IMMEDIATELY_BELOW,0,0,0,0,0,0,0,0,,,,,,,,,,,,,,,,,
FUTURE_ONLY8,5,1024,entry_lognormal_annual_sd_1.2,Q1,E01,MODERATELY_ABOVE,0,0,0,0,0,0,0,0,,,,,,,,,,,,,,,,,
FUTURE_ONLY8,5,1024,entry_lognormal_annual_sd_1.2,Q1,E01,MODERATELY_BELOW,1,1,0,1,0,1,0,0,,1.0,0.0,,,1.0,0.0,0.0,0.0,0.29345703125,0.29345703125,0.0,0.0,0.29345703125,0.29345703125,0.0,0.0
FUTURE_ONLY8,5,1024,entry_lognormal_annual_sd_1.2,Q1,E01,OUTSIDE_ABOVE,1,1,1,0,0,0,0,1,0.0,,,1.0,,0.0,1.0,0.0,0.0,0.06573486328125,0.06573486328125,0.0,0.0006347656249999778,0.3475494384765625,0.3475494384765625,0.0,0.20488281249999996
FUTURE_ONLY8,5,1024,entry_lognormal_annual_sd_1.2,Q1,E01,OUTSIDE_BELOW,2,2,0,2,0,2,0,0,,1.0,0.0,,,0.0,0.0,0.0,0.0,0.0,0.0,1.0,0.0,0.0,0.0,1.0,0.0
FUTURE_ONLY8,5,1024,entry_lognormal_annual_sd_1.2,Q1,E11,CLEARLY_ABOVE,0,0,0,0,0,0,0,0,,,,,,,,,,,,,,,,,
FUTURE_ONLY8,5,1024,entry_lognormal_annual_sd_1.2,Q1,E11,CLEARLY_BELOW,3,3,0,3,0,3,0,0,,1.0,0.0,,,0.0,0.0,0.0,0.0,0.0002492268880208333,0.0019073486328125,1.0,0.03444010416666665,0.0002492268880208333,0.0019073486328125,1.0,0.03444010416666665
FUTURE_ONLY8,5,1024,entry_lognormal_annual_sd_1.2,Q1,E11,IMMEDIATELY_ABOVE,1,1,0,1,0,1,0,0,,1.0,0.0,,,0.0,0.0,0.0,0.0,0.0051727294921875,0.0051727294921875,1.0,0.028857421874999956,0.0051727294921875,0.0051727294921875,1.0,0.028857421874999956
FUTURE_ONLY8,5,1024,entry_lognormal_annual_sd_1.2,Q1,E11,IMMEDIATELY_BELOW,0,0,0,0,0,0,0,0,,,,,,,,,,,,,,,,,
FUTURE_ONLY8,5,1024,entry_lognormal_annual_sd_1.2,Q1,E11,MODERATELY_ABOVE,0,0,0,0,0,0,0,0,,,,,,,,,,,,,,,,,
FUTURE_ONLY8,5,1024,entry_lognormal_annual_sd_1.2,Q1,E11,MODERATELY_BELOW,1,1,0,1,0,1,0,0,,1.0,0.0,,,0.0,0.0,0.0,0.0,0.0035400390625,0.0035400390625,1.0,0.03525390625000002,0.0035400390625,0.0035400390625,1.0,0.03525390625000002
FUTURE_ONLY8,5,1024,entry_lognormal_annual_sd_1.2,Q1,E11,OUTSIDE_ABOVE,1,1,1,0,0,0,0,1,0.0,,,1.0,,0.0,1.0,0.0,0.0,0.01214599609375,0.01214599609375,0.0,0.016064453125000044,0.0720367431640625,0.0720367431640625,0.0,0.02792968749999991
FUTURE_ONLY8,5,1024,entry_lognormal_annual_sd_1.2,Q1,E11,OUTSIDE_BELOW,2,2,0,2,0,2,0,0,,1.0,0.0,,,0.0,0.0,0.0,0.0,0.0,0.0,1.0,0.0,0.0,0.0,1.0,0.0
FUTURE_ONLY8,5,1024,entry_lognormal_annual_sd_1.2,Q2,E00,CLEARLY_ABOVE,0,0,0,0,0,0,0,0,,,,,,,,,,,,,,,,,
FUTURE_ONLY8,5,1024,entry_lognormal_annual_sd_1.2,Q2,E00,CLEARLY_BELOW,3,3,0,3,0,3,0,0,,1.0,0.0,,,0.18229166666666666,0.0,0.0,0.0,-0.17459615071614584,0.3130442301432292,0.6666666666666666,0.6909016927083332,-0.17459615071614584,0.3130442301432292,0.6666666666666666,0.6909016927083332
FUTURE_ONLY8,5,1024,entry_lognormal_annual_sd_1.2,Q2,E00,IMMEDIATELY_ABOVE,1,1,0,1,0,1,0,0,,1.0,0.0,,,0.015625,0.0,0.0,0.0,0.2355194091796875,0.2355194091796875,0.0,0.0006347656249999778,0.2355194091796875,0.2355194091796875,0.0,0.0006347656249999778
FUTURE_ONLY8,5,1024,entry_lognormal_annual_sd_1.2,Q2,E00,IMMEDIATELY_BELOW,0,0,0,0,0,0,0,0,,,,,,,,,,,,,,,,,
FUTURE_ONLY8,5,1024,entry_lognormal_annual_sd_1.2,Q2,E00,MODERATELY_ABOVE,0,0,0,0,0,0,0,0,,,,,,,,,,,,,,,,,
FUTURE_ONLY8,5,1024,entry_lognormal_annual_sd_1.2,Q2,E00,MODERATELY_BELOW,1,1,0,1,0,1,0,0,,1.0,0.0,,,1.0,0.0,0.0,0.0,0.29345703125,0.29345703125,0.0,0.0,0.29345703125,0.29345703125,0.0,0.0
FUTURE_ONLY8,5,1024,entry_lognormal_annual_sd_1.2,Q2,E00,OUTSIDE_ABOVE,0,0,0,0,0,0,0,0,,,,,,,,,,,,,,,,,
FUTURE_ONLY8,5,1024,entry_lognormal_annual_sd_1.2,Q2,E00,OUTSIDE_BELOW,3,3,0,3,0,3,0,0,,1.0,0.0,,,0.3333333333333333,0.0,0.0,0.0,0.021952311197916668,0.021952311197916668,0.6666666666666666,0.0,0.1197967529296875,0.1197967529296875,0.6666666666666666,0.046630859375
FUTURE_ONLY8,5,1024,entry_lognormal_annual_sd_1.2,Q2,E10,CLEARLY_ABOVE,0,0,0,0,0,0,0,0,,,,,,,,,,,,,,,,,
FUTURE_ONLY8,5,1024,entry_lognormal_annual_sd_1.2,Q2,E10,CLEARLY_BELOW,3,3,0,3,0,3,0,0,,1.0,0.0,,,0.109375,0.0,0.0,0.3333333333333333,-0.2583363850911458,0.2583363850911458,1.0,0.9046223958333331,-0.2583363850911458,0.2583363850911458,1.0,0.9046223958333331
FUTURE_ONLY8,5,1024,entry_lognormal_annual_sd_1.2,Q2,E10,IMMEDIATELY_ABOVE,1,1,0,1,0,1,0,0,,1.0,0.0,,,0.0,0.0,0.0,0.0,0.0736541748046875,0.0736541748046875,0.0,0.08901367187499998,0.0736541748046875,0.0736541748046875,0.0,0.08901367187499998
FUTURE_ONLY8,5,1024,entry_lognormal_annual_sd_1.2,Q2,E10,IMMEDIATELY_BELOW,0,0,0,0,0,0,0,0,,,,,,,,,,,,,,,,,
FUTURE_ONLY8,5,1024,entry_lognormal_annual_sd_1.2,Q2,E10,MODERATELY_ABOVE,0,0,0,0,0,0,0,0,,,,,,,,,,,,,,,,,
FUTURE_ONLY8,5,1024,entry_lognormal_annual_sd_1.2,Q2,E10,MODERATELY_BELOW,1,1,0,1,0,1,0,0,,1.0,0.0,,,0.0,0.0,0.0,0.0,0.0322265625,0.0322265625,0.0,0.052783203124999956,0.0322265625,0.0322265625,0.0,0.052783203124999956
FUTURE_ONLY8,5,1024,entry_lognormal_annual_sd_1.2,Q2,E10,OUTSIDE_ABOVE,0,0,0,0,0,0,0,0,,,,,,,,,,,,,,,,,
FUTURE_ONLY8,5,1024,entry_lognormal_annual_sd_1.2,Q2,E10,OUTSIDE_BELOW,3,3,0,3,0,3,0,0,,1.0,0.0,,,0.005208333333333333,0.0,0.0,0.3333333333333333,0.005839029947916667,0.005839029947916667,1.0,0.012402343750000008,0.020390828450520832,0.020390828450520832,1.0,0.12805989583333333
FUTURE_ONLY8,5,1024,entry_lognormal_annual_sd_1.2,Q2,E01,CLEARLY_ABOVE,0,0,0,0,0,0,0,0,,,,,,,,,,,,,,,,,
FUTURE_ONLY8,5,1024,entry_lognormal_annual_sd_1.2,Q2,E01,CLEARLY_BELOW,3,3,0,3,0,3,0,0,,1.0,0.0,,,0.3333333333333333,0.0,0.0,0.0,-0.2680613199869792,0.4930165608723958,0.0,0.13828124999999994,-0.2680613199869792,0.4930165608723958,0.0,0.13828124999999994
FUTURE_ONLY8,5,1024,entry_lognormal_annual_sd_1.2,Q2,E01,IMMEDIATELY_ABOVE,1,1,0,1,0,1,0,0,,1.0,0.0,,,0.015625,0.0,0.0,0.0,0.2349090576171875,0.2349090576171875,0.0,0.003515625000000022,0.2349090576171875,0.2349090576171875,0.0,0.003515625000000022
FUTURE_ONLY8,5,1024,entry_lognormal_annual_sd_1.2,Q2,E01,IMMEDIATELY_BELOW,0,0,0,0,0,0,0,0,,,,,,,,,,,,,,,,,
FUTURE_ONLY8,5,1024,entry_lognormal_annual_sd_1.2,Q2,E01,MODERATELY_ABOVE,0,0,0,0,0,0,0,0,,,,,,,,,,,,,,,,,
FUTURE_ONLY8,5,1024,entry_lognormal_annual_sd_1.2,Q2,E01,MODERATELY_BELOW,1,1,0,1,0,1,0,0,,1.0,0.0,,,1.0,0.0,0.0,0.0,0.29345703125,0.29345703125,0.0,0.0,0.29345703125,0.29345703125,0.0,0.0
FUTURE_ONLY8,5,1024,entry_lognormal_annual_sd_1.2,Q2,E01,OUTSIDE_ABOVE,0,0,0,0,0,0,0,0,,,,,,,,,,,,,,,,,
FUTURE_ONLY8,5,1024,entry_lognormal_annual_sd_1.2,Q2,E01,OUTSIDE_BELOW,3,3,0,3,0,3,0,0,,1.0,0.0,,,0.2552083333333333,0.0,0.0,0.0,0.02191162109375,0.02191162109375,0.6666666666666666,0.00021158854166665927,0.11584981282552083,0.11584981282552083,0.6666666666666666,0.06829427083333332
FUTURE_ONLY8,5,1024,entry_lognormal_annual_sd_1.2,Q2,E11,CLEARLY_ABOVE,0,0,0,0,0,0,0,0,,,,,,,,,,,,,,,,,
FUTURE_ONLY8,5,1024,entry_lognormal_annual_sd_1.2,Q2,E11,CLEARLY_BELOW,3,3,0,3,0,3,0,0,,1.0,0.0,,,0.0,0.0,0.0,0.0,0.0002492268880208333,0.0019073486328125,1.0,0.03444010416666665,0.0002492268880208333,0.0019073486328125,1.0,0.03444010416666665
FUTURE_ONLY8,5,1024,entry_lognormal_annual_sd_1.2,Q2,E11,IMMEDIATELY_ABOVE,1,1,0,1,0,1,0,0,,1.0,0.0,,,0.0,0.0,0.0,0.0,0.0051727294921875,0.0051727294921875,1.0,0.028857421874999956,0.0051727294921875,0.0051727294921875,1.0,0.028857421874999956
FUTURE_ONLY8,5,1024,entry_lognormal_annual_sd_1.2,Q2,E11,IMMEDIATELY_BELOW,0,0,0,0,0,0,0,0,,,,,,,,,,,,,,,,,
FUTURE_ONLY8,5,1024,entry_lognormal_annual_sd_1.2,Q2,E11,MODERATELY_ABOVE,0,0,0,0,0,0,0,0,,,,,,,,,,,,,,,,,
FUTURE_ONLY8,5,1024,entry_lognormal_annual_sd_1.2,Q2,E11,MODERATELY_BELOW,1,1,0,1,0,1,0,0,,1.0,0.0,,,0.0,0.0,0.0,0.0,0.0035400390625,0.0035400390625,1.0,0.03525390625000002,0.0035400390625,0.0035400390625,1.0,0.03525390625000002
FUTURE_ONLY8,5,1024,entry_lognormal_annual_sd_1.2,Q2,E11,OUTSIDE_ABOVE,0,0,0,0,0,0,0,0,,,,,,,,,,,,,,,,,
FUTURE_ONLY8,5,1024,entry_lognormal_annual_sd_1.2,Q2,E11,OUTSIDE_BELOW,3,3,0,3,0,3,0,0,,1.0,0.0,,,0.0,0.0,0.0,0.0,0.004048665364583333,0.004048665364583333,0.6666666666666666,0.005354817708333348,0.024012247721354168,0.024012247721354168,0.6666666666666666,0.009309895833333304
FUTURE_ONLY8,6,1024,correct,Q1,E00,CLEARLY_ABOVE,0,0,0,0,0,0,0,0,,,,,,,,,,,,,,,,,
FUTURE_ONLY8,6,1024,correct,Q1,E00,CLEARLY_BELOW,3,3,0,3,0,3,0,0,,1.0,0.0,,,0.18229166666666666,0.0,0.0,0.0,-0.17883809407552084,0.3123118082682292,0.6666666666666666,0.6830729166666666,-0.17883809407552084,0.3123118082682292,0.6666666666666666,0.6830729166666666
FUTURE_ONLY8,6,1024,correct,Q1,E00,IMMEDIATELY_ABOVE,1,1,0,1,0,1,0,0,,1.0,0.0,,,0.015625,0.0,0.0,0.0,0.235504150390625,0.235504150390625,0.0,0.0006347656249999778,0.235504150390625,0.235504150390625,0.0,0.0006347656249999778
FUTURE_ONLY8,6,1024,correct,Q1,E00,IMMEDIATELY_BELOW,0,0,0,0,0,0,0,0,,,,,,,,,,,,,,,,,
FUTURE_ONLY8,6,1024,correct,Q1,E00,MODERATELY_ABOVE,0,0,0,0,0,0,0,0,,,,,,,,,,,,,,,,,
FUTURE_ONLY8,6,1024,correct,Q1,E00,MODERATELY_BELOW,1,1,0,1,0,1,0,0,,1.0,0.0,,,1.0,0.0,0.0,0.0,0.282562255859375,0.282562255859375,0.0,0.0,0.282562255859375,0.282562255859375,0.0,0.0
FUTURE_ONLY8,6,1024,correct,Q1,E00,OUTSIDE_ABOVE,1,1,1,0,0,0,0,1,0.0,,,1.0,,0.0,1.0,0.0,0.0,0.0535430908203125,0.0535430908203125,0.0,0.0,0.2837371826171875,0.2837371826171875,0.0,0.14536132812500002
FUTURE_ONLY8,6,1024,correct,Q1,E00,OUTSIDE_BELOW,2,2,0,2,0,2,0,0,,1.0,0.0,,,0.0,0.0,0.0,0.0,0.0,0.0,1.0,0.0,0.0,0.0,1.0,0.0
FUTURE_ONLY8,6,1024,correct,Q1,E10,CLEARLY_ABOVE,0,0,0,0,0,0,0,0,,,,,,,,,,,,,,,,,
FUTURE_ONLY8,6,1024,correct,Q1,E10,CLEARLY_BELOW,3,3,0,3,0,3,0,0,,1.0,0.0,,,0.109375,0.0,0.0,0.3333333333333333,-0.2594451904296875,0.2594451904296875,1.0,0.901513671875,-0.2594451904296875,0.2594451904296875,1.0,0.901513671875
FUTURE_ONLY8,6,1024,correct,Q1,E10,IMMEDIATELY_ABOVE,1,1,0,1,0,1,0,0,,1.0,0.0,,,0.0,0.0,0.0,0.0,0.084503173828125,0.084503173828125,0.0,0.07412109374999998,0.084503173828125,0.084503173828125,0.0,0.07412109374999998
FUTURE_ONLY8,6,1024,correct,Q1,E10,IMMEDIATELY_BELOW,0,0,0,0,0,0,0,0,,,,,,,,,,,,,,,,,
FUTURE_ONLY8,6,1024,correct,Q1,E10,MODERATELY_ABOVE,0,0,0,0,0,0,0,0,,,,,,,,,,,,,,,,,
FUTURE_ONLY8,6,1024,correct,Q1,E10,MODERATELY_BELOW,1,1,0,1,0,1,0,0,,1.0,0.0,,,0.0,0.0,0.0,0.0,0.025604248046875,0.025604248046875,1.0,0.07915039062499996,0.025604248046875,0.025604248046875,1.0,0.07915039062499996
FUTURE_ONLY8,6,1024,correct,Q1,E10,OUTSIDE_ABOVE,1,1,1,0,0,0,0,1,0.0,,,1.0,,0.0,1.0,0.0,0.0,0.0053253173828125,0.0053253173828125,1.0,0.05678710937500009,-0.0102081298828125,0.0102081298828125,1.0,0.40068359375
FUTURE_ONLY8,6,1024,correct,Q1,E10,OUTSIDE_BELOW,2,2,0,2,0,2,0,0,,1.0,0.0,,,0.0,0.0,0.0,0.0,0.0,0.0,1.0,0.0,0.0,0.0,1.0,0.0
FUTURE_ONLY8,6,1024,correct,Q1,E01,CLEARLY_ABOVE,0,0,0,0,0,0,0,0,,,,,,,,,,,,,,,,,
FUTURE_ONLY8,6,1024,correct,Q1,E01,CLEARLY_BELOW,3,3,0,3,0,3,0,0,,1.0,0.0,,,0.3333333333333333,0.0,0.0,0.0,-0.2724253336588542,0.4924062093098958,0.0,0.1294921875,-0.2724253336588542,0.4924062093098958,0.0,0.1294921875
FUTURE_ONLY8,6,1024,correct,Q1,E01,IMMEDIATELY_ABOVE,1,1,0,1,0,1,0,0,,1.0,0.0,,,0.015625,0.0,0.0,0.0,0.235382080078125,0.235382080078125,0.0,0.0009765625,0.235382080078125,0.235382080078125,0.0,0.0009765625
FUTURE_ONLY8,6,1024,correct,Q1,E01,IMMEDIATELY_BELOW,0,0,0,0,0,0,0,0,,,,,,,,,,,,,,,,,
FUTURE_ONLY8,6,1024,correct,Q1,E01,MODERATELY_ABOVE,0,0,0,0,0,0,0,0,,,,,,,,,,,,,,,,,
FUTURE_ONLY8,6,1024,correct,Q1,E01,MODERATELY_BELOW,1,1,0,1,0,1,0,0,,1.0,0.0,,,1.0,0.0,0.0,0.0,0.282562255859375,0.282562255859375,0.0,0.0,0.282562255859375,0.282562255859375,0.0,0.0
FUTURE_ONLY8,6,1024,correct,Q1,E01,OUTSIDE_ABOVE,1,1,1,0,0,0,0,1,0.0,,,1.0,,0.0,1.0,0.0,0.0,0.0535430908203125,0.0535430908203125,0.0,0.0,0.2649383544921875,0.2649383544921875,0.0,0.21987304687499998
FUTURE_ONLY8,6,1024,correct,Q1,E01,OUTSIDE_BELOW,2,2,0,2,0,2,0,0,,1.0,0.0,,,0.0,0.0,0.0,0.0,0.0,0.0,1.0,0.0,0.0,0.0,1.0,0.0
FUTURE_ONLY8,6,1024,correct,Q1,E11,CLEARLY_ABOVE,0,0,0,0,0,0,0,0,,,,,,,,,,,,,,,,,
FUTURE_ONLY8,6,1024,correct,Q1,E11,CLEARLY_BELOW,3,3,0,3,0,3,0,0,,1.0,0.0,,,0.0,0.0,0.0,0.0,0.0003204345703125,0.0018361409505208333,1.0,0.028190104166666674,0.0003204345703125,0.0018361409505208333,1.0,0.028190104166666674
FUTURE_ONLY8,6,1024,correct,Q1,E11,IMMEDIATELY_ABOVE,1,1,0,1,0,1,0,0,,1.0,0.0,,,0.0,0.0,0.0,0.0,-0.001678466796875,0.001678466796875,1.0,0.030468750000000044,-0.001678466796875,0.001678466796875,1.0,0.030468750000000044
FUTURE_ONLY8,6,1024,correct,Q1,E11,IMMEDIATELY_BELOW,0,0,0,0,0,0,0,0,,,,,,,,,,,,,,,,,
FUTURE_ONLY8,6,1024,correct,Q1,E11,MODERATELY_ABOVE,0,0,0,0,0,0,0,0,,,,,,,,,,,,,,,,,
FUTURE_ONLY8,6,1024,correct,Q1,E11,MODERATELY_BELOW,1,1,0,1,0,1,0,0,,1.0,0.0,,,0.0,0.0,0.0,0.0,0.001312255859375,0.001312255859375,1.0,0.03457031249999998,0.001312255859375,0.001312255859375,1.0,0.03457031249999998
FUTURE_ONLY8,6,1024,correct,Q1,E11,OUTSIDE_ABOVE,1,1,1,0,0,0,0,1,0.0,,,1.0,,0.0,1.0,0.0,0.0,-0.0011444091796875,0.0011444091796875,1.0,0.022998046875000067,-0.0111846923828125,0.0111846923828125,1.0,0.050341796874999956
FUTURE_ONLY8,6,1024,correct,Q1,E11,OUTSIDE_BELOW,2,2,0,2,0,2,0,0,,1.0,0.0,,,0.0,0.0,0.0,0.0,0.0,0.0,1.0,0.0,0.0,0.0,1.0,0.0
FUTURE_ONLY8,6,1024,correct,Q2,E00,CLEARLY_ABOVE,0,0,0,0,0,0,0,0,,,,,,,,,,,,,,,,,
FUTURE_ONLY8,6,1024,correct,Q2,E00,CLEARLY_BELOW,4,4,0,4,0,4,0,0,,1.0,0.0,,,0.38671875,0.0,0.0,0.0,-0.1207427978515625,0.24761962890625,0.5,0.5123046874999999,-0.06319427490234375,0.30516815185546875,0.5,0.5486450195312499
FUTURE_ONLY8,6,1024,correct,Q2,E00,IMMEDIATELY_ABOVE,1,1,0,1,0,1,0,0,,1.0,0.0,,,0.015625,0.0,0.0,0.0,0.235504150390625,0.235504150390625,0.0,0.0006347656249999778,0.235504150390625,0.235504150390625,0.0,0.0006347656249999778
FUTURE_ONLY8,6,1024,correct,Q2,E00,IMMEDIATELY_BELOW,0,0,0,0,0,0,0,0,,,,,,,,,,,,,,,,,
FUTURE_ONLY8,6,1024,correct,Q2,E00,MODERATELY_ABOVE,0,0,0,0,0,0,0,0,,,,,,,,,,,,,,,,,
FUTURE_ONLY8,6,1024,correct,Q2,E00,MODERATELY_BELOW,1,1,0,1,0,1,0,0,,1.0,0.0,,,1.0,0.0,0.0,0.0,0.282562255859375,0.282562255859375,0.0,0.0,0.282562255859375,0.282562255859375,0.0,0.0
FUTURE_ONLY8,6,1024,correct,Q2,E00,OUTSIDE_ABOVE,0,0,0,0,0,0,0,0,,,,,,,,,,,,,,,,,
FUTURE_ONLY8,6,1024,correct,Q2,E00,OUTSIDE_BELOW,2,2,0,2,0,2,0,0,,1.0,0.0,,,0.0,0.0,0.0,0.0,0.0,0.0,1.0,0.0,0.0,0.0,1.0,0.0
FUTURE_ONLY8,6,1024,correct,Q2,E10,CLEARLY_ABOVE,0,0,0,0,0,0,0,0,,,,,,,,,,,,,,,,,
FUTURE_ONLY8,6,1024,correct,Q2,E10,CLEARLY_BELOW,4,4,0,4,0,4,0,0,,1.0,0.0,,,0.09765625,0.0,0.0,0.5,-0.1932525634765625,0.19591522216796875,1.0,0.69033203125,-0.19713592529296875,0.19713592529296875,1.0,0.77630615234375
FUTURE_ONLY8,6,1024,correct,Q2,E10,IMMEDIATELY_ABOVE,1,1,0,1,0,1,0,0,,1.0,0.0,,,0.0,0.0,0.0,0.0,0.084503173828125,0.084503173828125,0.0,0.07412109374999998,0.084503173828125,0.084503173828125,0.0,0.07412109374999998
FUTURE_ONLY8,6,1024,correct,Q2,E10,IMMEDIATELY_BELOW,0,0,0,0,0,0,0,0,,,,,,,,,,,,,,,,,
FUTURE_ONLY8,6,1024,correct,Q2,E10,MODERATELY_ABOVE,0,0,0,0,0,0,0,0,,,,,,,,,,,,,,,,,
FUTURE_ONLY8,6,1024,correct,Q2,E10,MODERATELY_BELOW,1,1,0,1,0,1,0,0,,1.0,0.0,,,0.0,0.0,0.0,0.0,0.025604248046875,0.025604248046875,1.0,0.07915039062499996,0.025604248046875,0.025604248046875,1.0,0.07915039062499996
FUTURE_ONLY8,6,1024,correct,Q2,E10,OUTSIDE_ABOVE,0,0,0,0,0,0,0,0,,,,,,,,,,,,,,,,,
FUTURE_ONLY8,6,1024,correct,Q2,E10,OUTSIDE_BELOW,2,2,0,2,0,2,0,0,,1.0,0.0,,,0.0,0.0,0.0,0.0,0.0,0.0,1.0,0.0,0.0,0.0,1.0,0.0
FUTURE_ONLY8,6,1024,correct,Q2,E01,CLEARLY_ABOVE,0,0,0,0,0,0,0,0,,,,,,,,,,,,,,,,,
FUTURE_ONLY8,6,1024,correct,Q2,E01,CLEARLY_BELOW,4,4,0,4,0,4,0,0,,1.0,0.0,,,0.44140625,0.0,0.0,0.0,-0.1909332275390625,0.3826904296875,0.0,0.09711914062499999,-0.13808441162109375,0.43553924560546875,0.0,0.15208740234374998
FUTURE_ONLY8,6,1024,correct,Q2,E01,IMMEDIATELY_ABOVE,1,1,0,1,0,1,0,0,,1.0,0.0,,,0.015625,0.0,0.0,0.0,0.235382080078125,0.235382080078125,0.0,0.0009765625,0.235382080078125,0.235382080078125,0.0,0.0009765625
FUTURE_ONLY8,6,1024,correct,Q2,E01,IMMEDIATELY_BELOW,0,0,0,0,0,0,0,0,,,,,,,,,,,,,,,,,
FUTURE_ONLY8,6,1024,correct,Q2,E01,MODERATELY_ABOVE,0,0,0,0,0,0,0,0,,,,,,,,,,,,,,,,,
FUTURE_ONLY8,6,1024,correct,Q2,E01,MODERATELY_BELOW,1,1,0,1,0,1,0,0,,1.0,0.0,,,1.0,0.0,0.0,0.0,0.282562255859375,0.282562255859375,0.0,0.0,0.282562255859375,0.282562255859375,0.0,0.0
FUTURE_ONLY8,6,1024,correct,Q2,E01,OUTSIDE_ABOVE,0,0,0,0,0,0,0,0,,,,,,,,,,,,,,,,,
FUTURE_ONLY8,6,1024,correct,Q2,E01,OUTSIDE_BELOW,2,2,0,2,0,2,0,0,,1.0,0.0,,,0.0,0.0,0.0,0.0,0.0,0.0,1.0,0.0,0.0,0.0,1.0,0.0
FUTURE_ONLY8,6,1024,correct,Q2,E11,CLEARLY_ABOVE,0,0,0,0,0,0,0,0,,,,,,,,,,,,,,,,,
FUTURE_ONLY8,6,1024,correct,Q2,E11,CLEARLY_BELOW,4,4,0,4,0,4,0,0,,1.0,0.0,,,0.0,0.0,0.0,0.0,-4.57763671875e-05,0.0016632080078125,1.0,0.026892089843750022,-0.00255584716796875,0.00417327880859375,1.0,0.033728027343749994
FUTURE_ONLY8,6,1024,correct,Q2,E11,IMMEDIATELY_ABOVE,1,1,0,1,0,1,0,0,,1.0,0.0,,,0.0,0.0,0.0,0.0,-0.001678466796875,0.001678466796875,1.0,0.030468750000000044,-0.001678466796875,0.001678466796875,1.0,0.030468750000000044
FUTURE_ONLY8,6,1024,correct,Q2,E11,IMMEDIATELY_BELOW,0,0,0,0,0,0,0,0,,,,,,,,,,,,,,,,,
FUTURE_ONLY8,6,1024,correct,Q2,E11,MODERATELY_ABOVE,0,0,0,0,0,0,0,0,,,,,,,,,,,,,,,,,
FUTURE_ONLY8,6,1024,correct,Q2,E11,MODERATELY_BELOW,1,1,0,1,0,1,0,0,,1.0,0.0,,,0.0,0.0,0.0,0.0,0.001312255859375,0.001312255859375,1.0,0.03457031249999998,0.001312255859375,0.001312255859375,1.0,0.03457031249999998
FUTURE_ONLY8,6,1024,correct,Q2,E11,OUTSIDE_ABOVE,0,0,0,0,0,0,0,0,,,,,,,,,,,,,,,,,
FUTURE_ONLY8,6,1024,correct,Q2,E11,OUTSIDE_BELOW,2,2,0,2,0,2,0,0,,1.0,0.0,,,0.0,0.0,0.0,0.0,0.0,0.0,1.0,0.0,0.0,0.0,1.0,0.0
FUTURE_ONLY8,6,1024,hemlock_extra_hazard_0.12,Q1,E00,CLEARLY_ABOVE,0,0,0,0,0,0,0,0,,,,,,,,,,,,,,,,,
FUTURE_ONLY8,6,1024,hemlock_extra_hazard_0.12,Q1,E00,CLEARLY_BELOW,0,0,0,0,0,0,0,0,,,,,,,,,,,,,,,,,
FUTURE_ONLY8,6,1024,hemlock_extra_hazard_0.12,Q1,E00,IMMEDIATELY_ABOVE,0,0,0,0,0,0,0,0,,,,,,,,,,,,,,,,,
FUTURE_ONLY8,6,1024,hemlock_extra_hazard_0.12,Q1,E00,IMMEDIATELY_BELOW,0,0,0,0,0,0,0,0,,,,,,,,,,,,,,,,,
FUTURE_ONLY8,6,1024,hemlock_extra_hazard_0.12,Q1,E00,MODERATELY_ABOVE,0,0,0,0,0,0,0,0,,,,,,,,,,,,,,,,,
FUTURE_ONLY8,6,1024,hemlock_extra_hazard_0.12,Q1,E00,MODERATELY_BELOW,0,0,0,0,0,0,0,0,,,,,,,,,,,,,,,,,
FUTURE_ONLY8,6,1024,hemlock_extra_hazard_0.12,Q1,E00,OUTSIDE_ABOVE,1,1,1,0,0,0,0,1,0.0,,,1.0,,0.0,1.0,0.0,0.0,0.131683349609375,0.131683349609375,0.0,0.0,0.857574462890625,0.857574462890625,0.0,0.14536132812500002
FUTURE_ONLY8,6,1024,hemlock_extra_hazard_0.12,Q1,E00,OUTSIDE_BELOW,7,7,0,7,0,7,0,0,,1.0,0.0,,,0.22321428571428573,0.0,0.0,0.0,0.49447195870535715,0.49447195870535715,0.5714285714285714,0.29283621651785713,0.49447195870535715,0.49447195870535715,0.5714285714285714,0.29283621651785713
FUTURE_ONLY8,6,1024,hemlock_extra_hazard_0.12,Q1,E10,CLEARLY_ABOVE,0,0,0,0,0,0,0,0,,,,,,,,,,,,,,,,,
FUTURE_ONLY8,6,1024,hemlock_extra_hazard_0.12,Q1,E10,CLEARLY_BELOW,0,0,0,0,0,0,0,0,,,,,,,,,,,,,,,,,
FUTURE_ONLY8,6,1024,hemlock_extra_hazard_0.12,Q1,E10,IMMEDIATELY_ABOVE,0,0,0,0,0,0,0,0,,,,,,,,,,,,,,,,,
FUTURE_ONLY8,6,1024,hemlock_extra_hazard_0.12,Q1,E10,IMMEDIATELY_BELOW,0,0,0,0,0,0,0,0,,,,,,,,,,,,,,,,,
FUTURE_ONLY8,6,1024,hemlock_extra_hazard_0.12,Q1,E10,MODERATELY_ABOVE,0,0,0,0,0,0,0,0,,,,,,,,,,,,,,,,,
FUTURE_ONLY8,6,1024,hemlock_extra_hazard_0.12,Q1,E10,MODERATELY_BELOW,0,0,0,0,0,0,0,0,,,,,,,,,,,,,,,,,
FUTURE_ONLY8,6,1024,hemlock_extra_hazard_0.12,Q1,E10,OUTSIDE_ABOVE,1,1,1,0,0,0,0,1,0.0,,,1.0,,0.0,1.0,0.0,0.0,0.083465576171875,0.083465576171875,0.0,0.05678710937500009,0.563629150390625,0.563629150390625,0.0,0.40068359375
FUTURE_ONLY8,6,1024,hemlock_extra_hazard_0.12,Q1,E10,OUTSIDE_BELOW,7,7,0,7,0,7,0,0,,1.0,0.0,,,0.046875,0.0,0.0,0.14285714285714285,0.40164620535714285,0.40164620535714285,0.5714285714285714,0.40825892857142854,0.40164620535714285,0.40164620535714285,0.5714285714285714,0.40825892857142854
FUTURE_ONLY8,6,1024,hemlock_extra_hazard_0.12,Q1,E01,CLEARLY_ABOVE,0,0,0,0,0,0,0,0,,,,,,,,,,,,,,,,,
FUTURE_ONLY8,6,1024,hemlock_extra_hazard_0.12,Q1,E01,CLEARLY_BELOW,0,0,0,0,0,0,0,0,,,,,,,,,,,,,,,,,
FUTURE_ONLY8,6,1024,hemlock_extra_hazard_0.12,Q1,E01,IMMEDIATELY_ABOVE,0,0,0,0,0,0,0,0,,,,,,,,,,,,,,,,,
FUTURE_ONLY8,6,1024,hemlock_extra_hazard_0.12,Q1,E01,IMMEDIATELY_BELOW,0,0,0,0,0,0,0,0,,,,,,,,,,,,,,,,,
FUTURE_ONLY8,6,1024,hemlock_extra_hazard_0.12,Q1,E01,MODERATELY_ABOVE,0,0,0,0,0,0,0,0,,,,,,,,,,,,,,,,,
FUTURE_ONLY8,6,1024,hemlock_extra_hazard_0.12,Q1,E01,MODERATELY_BELOW,0,0,0,0,0,0,0,0,,,,,,,,,,,,,,,,,
FUTURE_ONLY8,6,1024,hemlock_extra_hazard_0.12,Q1,E01,OUTSIDE_ABOVE,1,1,1,0,0,0,0,1,0.0,,,1.0,,0.0,1.0,0.0,0.0,0.131683349609375,0.131683349609375,0.0,0.0,0.838775634765625,0.838775634765625,0.0,0.21987304687499998
FUTURE_ONLY8,6,1024,hemlock_extra_hazard_0.12,Q1,E01,OUTSIDE_BELOW,7,7,0,7,0,7,0,0,,1.0,0.0,,,0.28794642857142855,0.0,0.0,0.0,0.454345703125,0.454345703125,0.2857142857142857,0.05563616071428571,0.454345703125,0.454345703125,0.2857142857142857,0.05563616071428571
FUTURE_ONLY8,6,1024,hemlock_extra_hazard_0.12,Q1,E11,CLEARLY_ABOVE,0,0,0,0,0,0,0,0,,,,,,,,,,,,,,,,,
FUTURE_ONLY8,6,1024,hemlock_extra_hazard_0.12,Q1,E11,CLEARLY_BELOW,0,0,0,0,0,0,0,0,,,,,,,,,,,,,,,,,
FUTURE_ONLY8,6,1024,hemlock_extra_hazard_0.12,Q1,E11,IMMEDIATELY_ABOVE,0,0,0,0,0,0,0,0,,,,,,,,,,,,,,,,,
FUTURE_ONLY8,6,1024,hemlock_extra_hazard_0.12,Q1,E11,IMMEDIATELY_BELOW,0,0,0,0,0,0,0,0,,,,,,,,,,,,,,,,,
FUTURE_ONLY8,6,1024,hemlock_extra_hazard_0.12,Q1,E11,MODERATELY_ABOVE,0,0,0,0,0,0,0,0,,,,,,,,,,,,,,,,,
FUTURE_ONLY8,6,1024,hemlock_extra_hazard_0.12,Q1,E11,MODERATELY_BELOW,0,0,0,0,0,0,0,0,,,,,,,,,,,,,,,,,
FUTURE_ONLY8,6,1024,hemlock_extra_hazard_0.12,Q1,E11,OUTSIDE_ABOVE,1,1,1,0,0,0,0,1,0.0,,,1.0,,0.0,1.0,0.0,0.0,0.076995849609375,0.076995849609375,0.0,0.022998046875000067,0.562652587890625,0.562652587890625,0.0,0.050341796874999956
FUTURE_ONLY8,6,1024,hemlock_extra_hazard_0.12,Q1,E11,OUTSIDE_BELOW,7,7,0,7,0,7,0,0,,1.0,0.0,,,0.0,0.0,0.0,0.0,0.4971923828125,0.4971923828125,0.2857142857142857,0.021372767857142864,0.4971923828125,0.4971923828125,0.2857142857142857,0.021372767857142864
FUTURE_ONLY8,6,1024,hemlock_extra_hazard_0.12,Q2,E00,CLEARLY_ABOVE,0,0,0,0,0,0,0,0,,,,,,,,,,,,,,,,,
FUTURE_ONLY8,6,1024,hemlock_extra_hazard_0.12,Q2,E00,CLEARLY_BELOW,0,0,0,0,0,0,0,0,,,,,,,,,,,,,,,,,
FUTURE_ONLY8,6,1024,hemlock_extra_hazard_0.12,Q2,E00,IMMEDIATELY_ABOVE,0,0,0,0,0,0,0,0,,,,,,,,,,,,,,,,,
FUTURE_ONLY8,6,1024,hemlock_extra_hazard_0.12,Q2,E00,IMMEDIATELY_BELOW,0,0,0,0,0,0,0,0,,,,,,,,,,,,,,,,,
FUTURE_ONLY8,6,1024,hemlock_extra_hazard_0.12,Q2,E00,MODERATELY_ABOVE,0,0,0,0,0,0,0,0,,,,,,,,,,,,,,,,,
FUTURE_ONLY8,6,1024,hemlock_extra_hazard_0.12,Q2,E00,MODERATELY_BELOW,0,0,0,0,0,0,0,0,,,,,,,,,,,,,,,,,
FUTURE_ONLY8,6,1024,hemlock_extra_hazard_0.12,Q2,E00,OUTSIDE_ABOVE,0,0,0,0,0,0,0,0,,,,,,,,,,,,,,,,,
FUTURE_ONLY8,6,1024,hemlock_extra_hazard_0.12,Q2,E00,OUTSIDE_BELOW,8,8,0,8,0,8,0,0,,1.0,0.0,,,0.3203125,0.0,0.0,0.0,0.4491233825683594,0.4491233825683594,0.5,0.25623168945312497,0.5398597717285156,0.5398597717285156,0.5,0.27440185546874996
FUTURE_ONLY8,6,1024,hemlock_extra_hazard_0.12,Q2,E10,CLEARLY_ABOVE,0,0,0,0,0,0,0,0,,,,,,,,,,,,,,,,,
FUTURE_ONLY8,6,1024,hemlock_extra_hazard_0.12,Q2,E10,CLEARLY_BELOW,0,0,0,0,0,0,0,0,,,,,,,,,,,,,,,,,
FUTURE_ONLY8,6,1024,hemlock_extra_hazard_0.12,Q2,E10,IMMEDIATELY_ABOVE,0,0,0,0,0,0,0,0,,,,,,,,,,,,,,,,,
FUTURE_ONLY8,6,1024,hemlock_extra_hazard_0.12,Q2,E10,IMMEDIATELY_BELOW,0,0,0,0,0,0,0,0,,,,,,,,,,,,,,,,,
FUTURE_ONLY8,6,1024,hemlock_extra_hazard_0.12,Q2,E10,MODERATELY_ABOVE,0,0,0,0,0,0,0,0,,,,,,,,,,,,,,,,,
FUTURE_ONLY8,6,1024,hemlock_extra_hazard_0.12,Q2,E10,MODERATELY_BELOW,0,0,0,0,0,0,0,0,,,,,,,,,,,,,,,,,
FUTURE_ONLY8,6,1024,hemlock_extra_hazard_0.12,Q2,E10,OUTSIDE_ABOVE,0,0,0,0,0,0,0,0,,,,,,,,,,,,,,,,,
FUTURE_ONLY8,6,1024,hemlock_extra_hazard_0.12,Q2,E10,OUTSIDE_BELOW,8,8,0,8,0,8,0,0,,1.0,0.0,,,0.048828125,0.0,0.0,0.25,0.3618736267089844,0.3618736267089844,0.5,0.36432495117187497,0.4218940734863281,0.4218940734863281,0.5,0.40731201171875
FUTURE_ONLY8,6,1024,hemlock_extra_hazard_0.12,Q2,E01,CLEARLY_ABOVE,0,0,0,0,0,0,0,0,,,,,,,,,,,,,,,,,
FUTURE_ONLY8,6,1024,hemlock_extra_hazard_0.12,Q2,E01,CLEARLY_BELOW,0,0,0,0,0,0,0,0,,,,,,,,,,,,,,,,,
FUTURE_ONLY8,6,1024,hemlock_extra_hazard_0.12,Q2,E01,IMMEDIATELY_ABOVE,0,0,0,0,0,0,0,0,,,,,,,,,,,,,,,,,
FUTURE_ONLY8,6,1024,hemlock_extra_hazard_0.12,Q2,E01,IMMEDIATELY_BELOW,0,0,0,0,0,0,0,0,,,,,,,,,,,,,,,,,
FUTURE_ONLY8,6,1024,hemlock_extra_hazard_0.12,Q2,E01,MODERATELY_ABOVE,0,0,0,0,0,0,0,0,,,,,,,,,,,,,,,,,
FUTURE_ONLY8,6,1024,hemlock_extra_hazard_0.12,Q2,E01,MODERATELY_BELOW,0,0,0,0,0,0,0,0,,,,,,,,,,,,,,,,,
FUTURE_ONLY8,6,1024,hemlock_extra_hazard_0.12,Q2,E01,OUTSIDE_ABOVE,0,0,0,0,0,0,0,0,,,,,,,,,,,,,,,,,
FUTURE_ONLY8,6,1024,hemlock_extra_hazard_0.12,Q2,E01,OUTSIDE_BELOW,8,8,0,8,0,8,0,0,,1.0,0.0,,,0.34765625,0.0,0.0,0.0,0.4140129089355469,0.4140129089355469,0.25,0.048681640624999994,0.5023994445800781,0.5023994445800781,0.25,0.07616577148437499
FUTURE_ONLY8,6,1024,hemlock_extra_hazard_0.12,Q2,E11,CLEARLY_ABOVE,0,0,0,0,0,0,0,0,,,,,,,,,,,,,,,,,
FUTURE_ONLY8,6,1024,hemlock_extra_hazard_0.12,Q2,E11,CLEARLY_BELOW,0,0,0,0,0,0,0,0,,,,,,,,,,,,,,,,,
FUTURE_ONLY8,6,1024,hemlock_extra_hazard_0.12,Q2,E11,IMMEDIATELY_ABOVE,0,0,0,0,0,0,0,0,,,,,,,,,,,,,,,,,
FUTURE_ONLY8,6,1024,hemlock_extra_hazard_0.12,Q2,E11,IMMEDIATELY_BELOW,0,0,0,0,0,0,0,0,,,,,,,,,,,,,,,,,
FUTURE_ONLY8,6,1024,hemlock_extra_hazard_0.12,Q2,E11,MODERATELY_ABOVE,0,0,0,0,0,0,0,0,,,,,,,,,,,,,,,,,
FUTURE_ONLY8,6,1024,hemlock_extra_hazard_0.12,Q2,E11,MODERATELY_BELOW,0,0,0,0,0,0,0,0,,,,,,,,,,,,,,,,,
FUTURE_ONLY8,6,1024,hemlock_extra_hazard_0.12,Q2,E11,OUTSIDE_ABOVE,0,0,0,0,0,0,0,0,,,,,,,,,,,,,,,,,
FUTURE_ONLY8,6,1024,hemlock_extra_hazard_0.12,Q2,E11,OUTSIDE_BELOW,8,8,0,8,0,8,0,0,,1.0,0.0,,,0.0,0.0,0.0,0.0,0.4446678161621094,0.4446678161621094,0.25,0.021575927734375014,0.5053749084472656,0.5053749084472656,0.25,0.024993896484375
FUTURE_ONLY8,6,1024,entry_lognormal_annual_sd_1.2,Q1,E00,CLEARLY_ABOVE,0,0,0,0,0,0,0,0,,,,,,,,,,,,,,,,,
FUTURE_ONLY8,6,1024,entry_lognormal_annual_sd_1.2,Q1,E00,CLEARLY_BELOW,3,3,0,3,0,3,0,0,,1.0,0.0,,,0.18229166666666666,0.0,0.0,0.0,-0.1773223876953125,0.3149566650390625,0.6666666666666666,0.6830729166666666,-0.1773223876953125,0.3149566650390625,0.6666666666666666,0.6830729166666666
FUTURE_ONLY8,6,1024,entry_lognormal_annual_sd_1.2,Q1,E00,IMMEDIATELY_ABOVE,1,1,0,1,0,1,0,0,,1.0,0.0,,,0.015625,0.0,0.0,0.0,0.2355194091796875,0.2355194091796875,0.0,0.0006347656249999778,0.2355194091796875,0.2355194091796875,0.0,0.0006347656249999778
FUTURE_ONLY8,6,1024,entry_lognormal_annual_sd_1.2,Q1,E00,IMMEDIATELY_BELOW,0,0,0,0,0,0,0,0,,,,,,,,,,,,,,,,,
FUTURE_ONLY8,6,1024,entry_lognormal_annual_sd_1.2,Q1,E00,MODERATELY_ABOVE,0,0,0,0,0,0,0,0,,,,,,,,,,,,,,,,,
FUTURE_ONLY8,6,1024,entry_lognormal_annual_sd_1.2,Q1,E00,MODERATELY_BELOW,1,1,0,1,0,1,0,0,,1.0,0.0,,,1.0,0.0,0.0,0.0,0.29345703125,0.29345703125,0.0,0.0,0.29345703125,0.29345703125,0.0,0.0
FUTURE_ONLY8,6,1024,entry_lognormal_annual_sd_1.2,Q1,E00,OUTSIDE_ABOVE,1,1,1,0,0,0,0,1,0.0,,,1.0,,0.0,1.0,0.0,0.0,0.06585693359375,0.06585693359375,0.0,0.0,0.3586578369140625,0.3586578369140625,0.0,0.14536132812500002
FUTURE_ONLY8,6,1024,entry_lognormal_annual_sd_1.2,Q1,E00,OUTSIDE_BELOW,2,2,0,2,0,2,0,0,,1.0,0.0,,,0.0,0.0,0.0,0.0,0.0,0.0,1.0,0.0,0.0,0.0,1.0,0.0
FUTURE_ONLY8,6,1024,entry_lognormal_annual_sd_1.2,Q1,E10,CLEARLY_ABOVE,0,0,0,0,0,0,0,0,,,,,,,,,,,,,,,,,
FUTURE_ONLY8,6,1024,entry_lognormal_annual_sd_1.2,Q1,E10,CLEARLY_BELOW,3,3,0,3,0,3,0,0,,1.0,0.0,,,0.109375,0.0,0.0,0.3333333333333333,-0.2579294840494792,0.2579294840494792,1.0,0.901513671875,-0.2579294840494792,0.2579294840494792,1.0,0.901513671875
FUTURE_ONLY8,6,1024,entry_lognormal_annual_sd_1.2,Q1,E10,IMMEDIATELY_ABOVE,1,1,0,1,0,1,0,0,,1.0,0.0,,,0.0,0.0,0.0,0.0,0.0845184326171875,0.0845184326171875,0.0,0.07412109374999998,0.0845184326171875,0.0845184326171875,0.0,0.07412109374999998
FUTURE_ONLY8,6,1024,entry_lognormal_annual_sd_1.2,Q1,E10,IMMEDIATELY_BELOW,0,0,0,0,0,0,0,0,,,,,,,,,,,,,,,,,
FUTURE_ONLY8,6,1024,entry_lognormal_annual_sd_1.2,Q1,E10,MODERATELY_ABOVE,0,0,0,0,0,0,0,0,,,,,,,,,,,,,,,,,
FUTURE_ONLY8,6,1024,entry_lognormal_annual_sd_1.2,Q1,E10,MODERATELY_BELOW,1,1,0,1,0,1,0,0,,1.0,0.0,,,0.0,0.0,0.0,0.0,0.0364990234375,0.0364990234375,1.0,0.07915039062499996,0.0364990234375,0.0364990234375,1.0,0.07915039062499996
FUTURE_ONLY8,6,1024,entry_lognormal_annual_sd_1.2,Q1,E10,OUTSIDE_ABOVE,1,1,1,0,0,0,0,1,0.0,,,1.0,,0.0,1.0,0.0,0.0,0.01763916015625,0.01763916015625,1.0,0.05678710937500009,0.0647125244140625,0.0647125244140625,1.0,0.40068359375
FUTURE_ONLY8,6,1024,entry_lognormal_annual_sd_1.2,Q1,E10,OUTSIDE_BELOW,2,2,0,2,0,2,0,0,,1.0,0.0,,,0.0,0.0,0.0,0.0,0.0,0.0,1.0,0.0,0.0,0.0,1.0,0.0
FUTURE_ONLY8,6,1024,entry_lognormal_annual_sd_1.2,Q1,E01,CLEARLY_ABOVE,0,0,0,0,0,0,0,0,,,,,,,,,,,,,,,,,
FUTURE_ONLY8,6,1024,entry_lognormal_annual_sd_1.2,Q1,E01,CLEARLY_BELOW,3,3,0,3,0,3,0,0,,1.0,0.0,,,0.3333333333333333,0.0,0.0,0.0,-0.2709096272786458,0.4950510660807292,0.0,0.1294921875,-0.2709096272786458,0.4950510660807292,0.0,0.1294921875
FUTURE_ONLY8,6,1024,entry_lognormal_annual_sd_1.2,Q1,E01,IMMEDIATELY_ABOVE,1,1,0,1,0,1,0,0,,1.0,0.0,,,0.015625,0.0,0.0,0.0,0.2353973388671875,0.2353973388671875,0.0,0.0009765625,0.2353973388671875,0.2353973388671875,0.0,0.0009765625
FUTURE_ONLY8,6,1024,entry_lognormal_annual_sd_1.2,Q1,E01,IMMEDIATELY_BELOW,0,0,0,0,0,0,0,0,,,,,,,,,,,,,,,,,
FUTURE_ONLY8,6,1024,entry_lognormal_annual_sd_1.2,Q1,E01,MODERATELY_ABOVE,0,0,0,0,0,0,0,0,,,,,,,,,,,,,,,,,
FUTURE_ONLY8,6,1024,entry_lognormal_annual_sd_1.2,Q1,E01,MODERATELY_BELOW,1,1,0,1,0,1,0,0,,1.0,0.0,,,1.0,0.0,0.0,0.0,0.29345703125,0.29345703125,0.0,0.0,0.29345703125,0.29345703125,0.0,0.0
FUTURE_ONLY8,6,1024,entry_lognormal_annual_sd_1.2,Q1,E01,OUTSIDE_ABOVE,1,1,1,0,0,0,0,1,0.0,,,1.0,,0.0,1.0,0.0,0.0,0.06585693359375,0.06585693359375,0.0,0.0,0.3398590087890625,0.3398590087890625,0.0,0.21987304687499998
FUTURE_ONLY8,6,1024,entry_lognormal_annual_sd_1.2,Q1,E01,OUTSIDE_BELOW,2,2,0,2,0,2,0,0,,1.0,0.0,,,0.0,0.0,0.0,0.0,0.0,0.0,1.0,0.0,0.0,0.0,1.0,0.0
FUTURE_ONLY8,6,1024,entry_lognormal_annual_sd_1.2,Q1,E11,CLEARLY_ABOVE,0,0,0,0,0,0,0,0,,,,,,,,,,,,,,,,,
FUTURE_ONLY8,6,1024,entry_lognormal_annual_sd_1.2,Q1,E11,CLEARLY_BELOW,3,3,0,3,0,3,0,0,,1.0,0.0,,,0.0,0.0,0.0,0.0,0.0018361409505208333,0.005040486653645833,1.0,0.028190104166666674,0.0018361409505208333,0.005040486653645833,1.0,0.028190104166666674
FUTURE_ONLY8,6,1024,entry_lognormal_annual_sd_1.2,Q1,E11,IMMEDIATELY_ABOVE,1,1,0,1,0,1,0,0,,1.0,0.0,,,0.0,0.0,0.0,0.0,-0.0016632080078125,0.0016632080078125,1.0,0.030468750000000044,-0.0016632080078125,0.0016632080078125,1.0,0.030468750000000044
FUTURE_ONLY8,6,1024,entry_lognormal_annual_sd_1.2,Q1,E11,IMMEDIATELY_BELOW,0,0,0,0,0,0,0,0,,,,,,,,,,,,,,,,,
FUTURE_ONLY8,6,1024,entry_lognormal_annual_sd_1.2,Q1,E11,MODERATELY_ABOVE,0,0,0,0,0,0,0,0,,,,,,,,,,,,,,,,,
FUTURE_ONLY8,6,1024,entry_lognormal_annual_sd_1.2,Q1,E11,MODERATELY_BELOW,1,1,0,1,0,1,0,0,,1.0,0.0,,,0.0,0.0,0.0,0.0,0.01220703125,0.01220703125,1.0,0.03457031249999998,0.01220703125,0.01220703125,1.0,0.03457031249999998
FUTURE_ONLY8,6,1024,entry_lognormal_annual_sd_1.2,Q1,E11,OUTSIDE_ABOVE,1,1,1,0,0,0,0,1,0.0,,,1.0,,0.0,1.0,0.0,0.0,0.01116943359375,0.01116943359375,1.0,0.022998046875000067,0.0637359619140625,0.0637359619140625,0.0,0.050341796874999956
FUTURE_ONLY8,6,1024,entry_lognormal_annual_sd_1.2,Q1,E11,OUTSIDE_BELOW,2,2,0,2,0,2,0,0,,1.0,0.0,,,0.0,0.0,0.0,0.0,0.0,0.0,1.0,0.0,0.0,0.0,1.0,0.0
FUTURE_ONLY8,6,1024,entry_lognormal_annual_sd_1.2,Q2,E00,CLEARLY_ABOVE,0,0,0,0,0,0,0,0,,,,,,,,,,,,,,,,,
FUTURE_ONLY8,6,1024,entry_lognormal_annual_sd_1.2,Q2,E00,CLEARLY_BELOW,3,3,0,3,0,3,0,0,,1.0,0.0,,,0.18229166666666666,0.0,0.0,0.0,-0.1773223876953125,0.3149566650390625,0.6666666666666666,0.6830729166666666,-0.1773223876953125,0.3149566650390625,0.6666666666666666,0.6830729166666666
FUTURE_ONLY8,6,1024,entry_lognormal_annual_sd_1.2,Q2,E00,IMMEDIATELY_ABOVE,1,1,0,1,0,1,0,0,,1.0,0.0,,,0.015625,0.0,0.0,0.0,0.2355194091796875,0.2355194091796875,0.0,0.0006347656249999778,0.2355194091796875,0.2355194091796875,0.0,0.0006347656249999778
FUTURE_ONLY8,6,1024,entry_lognormal_annual_sd_1.2,Q2,E00,IMMEDIATELY_BELOW,0,0,0,0,0,0,0,0,,,,,,,,,,,,,,,,,
FUTURE_ONLY8,6,1024,entry_lognormal_annual_sd_1.2,Q2,E00,MODERATELY_ABOVE,0,0,0,0,0,0,0,0,,,,,,,,,,,,,,,,,
FUTURE_ONLY8,6,1024,entry_lognormal_annual_sd_1.2,Q2,E00,MODERATELY_BELOW,1,1,0,1,0,1,0,0,,1.0,0.0,,,1.0,0.0,0.0,0.0,0.29345703125,0.29345703125,0.0,0.0,0.29345703125,0.29345703125,0.0,0.0
FUTURE_ONLY8,6,1024,entry_lognormal_annual_sd_1.2,Q2,E00,OUTSIDE_ABOVE,0,0,0,0,0,0,0,0,,,,,,,,,,,,,,,,,
FUTURE_ONLY8,6,1024,entry_lognormal_annual_sd_1.2,Q2,E00,OUTSIDE_BELOW,3,3,0,3,0,3,0,0,,1.0,0.0,,,0.3333333333333333,0.0,0.0,0.0,0.021952311197916668,0.021952311197916668,0.6666666666666666,0.0,0.1195526123046875,0.1195526123046875,0.6666666666666666,0.048453776041666674
FUTURE_ONLY8,6,1024,entry_lognormal_annual_sd_1.2,Q2,E10,CLEARLY_ABOVE,0,0,0,0,0,0,0,0,,,,,,,,,,,,,,,,,
FUTURE_ONLY8,6,1024,entry_lognormal_annual_sd_1.2,Q2,E10,CLEARLY_BELOW,3,3,0,3,0,3,0,0,,1.0,0.0,,,0.109375,0.0,0.0,0.3333333333333333,-0.2579294840494792,0.2579294840494792,1.0,0.901513671875,-0.2579294840494792,0.2579294840494792,1.0,0.901513671875
FUTURE_ONLY8,6,1024,entry_lognormal_annual_sd_1.2,Q2,E10,IMMEDIATELY_ABOVE,1,1,0,1,0,1,0,0,,1.0,0.0,,,0.0,0.0,0.0,0.0,0.0845184326171875,0.0845184326171875,0.0,0.07412109374999998,0.0845184326171875,0.0845184326171875,0.0,0.07412109374999998
FUTURE_ONLY8,6,1024,entry_lognormal_annual_sd_1.2,Q2,E10,IMMEDIATELY_BELOW,0,0,0,0,0,0,0,0,,,,,,,,,,,,,,,,,
FUTURE_ONLY8,6,1024,entry_lognormal_annual_sd_1.2,Q2,E10,MODERATELY_ABOVE,0,0,0,0,0,0,0,0,,,,,,,,,,,,,,,,,
FUTURE_ONLY8,6,1024,entry_lognormal_annual_sd_1.2,Q2,E10,MODERATELY_BELOW,1,1,0,1,0,1,0,0,,1.0,0.0,,,0.0,0.0,0.0,0.0,0.0364990234375,0.0364990234375,1.0,0.07915039062499996,0.0364990234375,0.0364990234375,1.0,0.07915039062499996
FUTURE_ONLY8,6,1024,entry_lognormal_annual_sd_1.2,Q2,E10,OUTSIDE_ABOVE,0,0,0,0,0,0,0,0,,,,,,,,,,,,,,,,,
FUTURE_ONLY8,6,1024,entry_lognormal_annual_sd_1.2,Q2,E10,OUTSIDE_BELOW,3,3,0,3,0,3,0,0,,1.0,0.0,,,0.020833333333333332,0.0,0.0,0.3333333333333333,0.005879720052083333,0.005879720052083333,1.0,0.018929036458333364,0.021570841471354168,0.021570841471354168,1.0,0.13356119791666668
FUTURE_ONLY8,6,1024,entry_lognormal_annual_sd_1.2,Q2,E01,CLEARLY_ABOVE,0,0,0,0,0,0,0,0,,,,,,,,,,,,,,,,,
FUTURE_ONLY8,6,1024,entry_lognormal_annual_sd_1.2,Q2,E01,CLEARLY_BELOW,3,3,0,3,0,3,0,0,,1.0,0.0,,,0.3333333333333333,0.0,0.0,0.0,-0.2709096272786458,0.4950510660807292,0.0,0.1294921875,-0.2709096272786458,0.4950510660807292,0.0,0.1294921875
FUTURE_ONLY8,6,1024,entry_lognormal_annual_sd_1.2,Q2,E01,IMMEDIATELY_ABOVE,1,1,0,1,0,1,0,0,,1.0,0.0,,,0.015625,0.0,0.0,0.0,0.2353973388671875,0.2353973388671875,0.0,0.0009765625,0.2353973388671875,0.2353973388671875,0.0,0.0009765625
FUTURE_ONLY8,6,1024,entry_lognormal_annual_sd_1.2,Q2,E01,IMMEDIATELY_BELOW,0,0,0,0,0,0,0,0,,,,,,,,,,,,,,,,,
FUTURE_ONLY8,6,1024,entry_lognormal_annual_sd_1.2,Q2,E01,MODERATELY_ABOVE,0,0,0,0,0,0,0,0,,,,,,,,,,,,,,,,,
FUTURE_ONLY8,6,1024,entry_lognormal_annual_sd_1.2,Q2,E01,MODERATELY_BELOW,1,1,0,1,0,1,0,0,,1.0,0.0,,,1.0,0.0,0.0,0.0,0.29345703125,0.29345703125,0.0,0.0,0.29345703125,0.29345703125,0.0,0.0
FUTURE_ONLY8,6,1024,entry_lognormal_annual_sd_1.2,Q2,E01,OUTSIDE_ABOVE,0,0,0,0,0,0,0,0,,,,,,,,,,,,,,,,,
FUTURE_ONLY8,6,1024,entry_lognormal_annual_sd_1.2,Q2,E01,OUTSIDE_BELOW,3,3,0,3,0,3,0,0,,1.0,0.0,,,0.2552083333333333,0.0,0.0,0.0,0.021952311197916668,0.021952311197916668,0.6666666666666666,0.0,0.11328633626302083,0.11328633626302083,0.6666666666666666,0.073291015625
FUTURE_ONLY8,6,1024,entry_lognormal_annual_sd_1.2,Q2,E11,CLEARLY_ABOVE,0,0,0,0,0,0,0,0,,,,,,,,,,,,,,,,,
FUTURE_ONLY8,6,1024,entry_lognormal_annual_sd_1.2,Q2,E11,CLEARLY_BELOW,3,3,0,3,0,3,0,0,,1.0,0.0,,,0.0,0.0,0.0,0.0,0.0018361409505208333,0.005040486653645833,1.0,0.028190104166666674,0.0018361409505208333,0.005040486653645833,1.0,0.028190104166666674
FUTURE_ONLY8,6,1024,entry_lognormal_annual_sd_1.2,Q2,E11,IMMEDIATELY_ABOVE,1,1,0,1,0,1,0,0,,1.0,0.0,,,0.0,0.0,0.0,0.0,-0.0016632080078125,0.0016632080078125,1.0,0.030468750000000044,-0.0016632080078125,0.0016632080078125,1.0,0.030468750000000044
FUTURE_ONLY8,6,1024,entry_lognormal_annual_sd_1.2,Q2,E11,IMMEDIATELY_BELOW,0,0,0,0,0,0,0,0,,,,,,,,,,,,,,,,,
FUTURE_ONLY8,6,1024,entry_lognormal_annual_sd_1.2,Q2,E11,MODERATELY_ABOVE,0,0,0,0,0,0,0,0,,,,,,,,,,,,,,,,,
FUTURE_ONLY8,6,1024,entry_lognormal_annual_sd_1.2,Q2,E11,MODERATELY_BELOW,1,1,0,1,0,1,0,0,,1.0,0.0,,,0.0,0.0,0.0,0.0,0.01220703125,0.01220703125,1.0,0.03457031249999998,0.01220703125,0.01220703125,1.0,0.03457031249999998
FUTURE_ONLY8,6,1024,entry_lognormal_annual_sd_1.2,Q2,E11,OUTSIDE_ABOVE,0,0,0,0,0,0,0,0,,,,,,,,,,,,,,,,,
FUTURE_ONLY8,6,1024,entry_lognormal_annual_sd_1.2,Q2,E11,OUTSIDE_BELOW,3,3,0,3,0,3,0,0,,1.0,0.0,,,0.0,0.0,0.0,0.0,0.00372314453125,0.00372314453125,1.0,0.007666015625000022,0.021245320638020832,0.021245320638020832,0.6666666666666666,0.01678059895833332
INFERENCE_ONLY8,3,1024,correct,Q1,E00,CLEARLY_ABOVE,0,0,0,0,0,0,0,0,,,,,,,,,,,,,,,,,
INFERENCE_ONLY8,3,1024,correct,Q1,E00,CLEARLY_BELOW,3,3,0,3,0,3,0,0,,1.0,0.0,,,0.3385416666666667,0.0,0.0,0.0,-0.2685190836588542,0.4877675374348958,0.3333333333333333,0.2459472656249999,-0.2685190836588542,0.4877675374348958,0.3333333333333333,0.2459472656249999
INFERENCE_ONLY8,3,1024,correct,Q1,E00,IMMEDIATELY_ABOVE,1,1,0,1,0,1,0,0,,1.0,0.0,,,0.015625,0.0,0.0,0.0,0.109893798828125,0.109893798828125,1.0,0.548876953125,0.109893798828125,0.109893798828125,1.0,0.548876953125
INFERENCE_ONLY8,3,1024,correct,Q1,E00,IMMEDIATELY_BELOW,0,0,0,0,0,0,0,0,,,,,,,,,,,,,,,,,
INFERENCE_ONLY8,3,1024,correct,Q1,E00,MODERATELY_ABOVE,0,0,0,0,0,0,0,0,,,,,,,,,,,,,,,,,
INFERENCE_ONLY8,3,1024,correct,Q1,E00,MODERATELY_BELOW,1,1,0,1,0,1,0,0,,1.0,0.0,,,0.390625,0.0,0.0,0.0,0.282562255859375,0.282562255859375,0.0,0.0,0.282562255859375,0.282562255859375,0.0,0.0
INFERENCE_ONLY8,3,1024,correct,Q1,E00,OUTSIDE_ABOVE,1,1,1,0,0,0,0,1,0.0,,,1.0,,0.0,1.0,0.0,0.0,0.0532989501953125,0.0532989501953125,0.0,0.0012695312499999556,0.2854461669921875,0.2854461669921875,0.0,0.17807617187500002
INFERENCE_ONLY8,3,1024,correct,Q1,E00,OUTSIDE_BELOW,2,2,0,2,0,2,0,0,,1.0,0.0,,,0.0,0.0,0.0,0.0,0.0,0.0,1.0,0.0,0.0,0.0,1.0,0.0
INFERENCE_ONLY8,3,1024,correct,Q1,E10,CLEARLY_ABOVE,0,0,0,0,0,0,0,0,,,,,,,,,,,,,,,,,
INFERENCE_ONLY8,3,1024,correct,Q1,E10,CLEARLY_BELOW,3,3,0,3,0,3,0,0,,1.0,0.0,,,0.06770833333333333,0.0,0.0,0.0,-0.3091684977213542,0.3091684977213542,0.6666666666666666,0.7202962239583331,-0.3091684977213542,0.3091684977213542,0.6666666666666666,0.7202962239583331
INFERENCE_ONLY8,3,1024,correct,Q1,E10,IMMEDIATELY_ABOVE,1,1,0,1,0,1,0,0,,1.0,0.0,,,0.0,0.0,0.0,0.0,0.062286376953125,0.062286376953125,0.0,0.08164062499999991,0.062286376953125,0.062286376953125,0.0,0.08164062499999991
INFERENCE_ONLY8,3,1024,correct,Q1,E10,IMMEDIATELY_BELOW,0,0,0,0,0,0,0,0,,,,,,,,,,,,,,,,,
INFERENCE_ONLY8,3,1024,correct,Q1,E10,MODERATELY_ABOVE,0,0,0,0,0,0,0,0,,,,,,,,,,,,,,,,,
INFERENCE_ONLY8,3,1024,correct,Q1,E10,MODERATELY_BELOW,1,1,0,1,0,1,0,0,,1.0,0.0,,,0.0,0.0,0.0,0.0,-0.010162353515625,0.010162353515625,1.0,0.19028320312500002,-0.010162353515625,0.010162353515625,1.0,0.19028320312500002
INFERENCE_ONLY8,3,1024,correct,Q1,E10,OUTSIDE_ABOVE,1,1,1,0,0,0,0,1,0.0,,,1.0,,0.0,1.0,0.0,0.0,0.0106964111328125,0.0106964111328125,1.0,0.03266601562499993,0.0609588623046875,0.0609588623046875,1.0,0.41904296874999997
INFERENCE_ONLY8,3,1024,correct,Q1,E10,OUTSIDE_BELOW,2,2,0,2,0,2,0,0,,1.0,0.0,,,0.0,0.0,0.0,0.0,0.0,0.0,1.0,0.0,0.0,0.0,1.0,0.0
INFERENCE_ONLY8,3,1024,correct,Q1,E01,CLEARLY_ABOVE,0,0,0,0,0,0,0,0,,,,,,,,,,,,,,,,,
INFERENCE_ONLY8,3,1024,correct,Q1,E01,CLEARLY_BELOW,3,3,0,3,0,3,0,0,,1.0,0.0,,,0.3333333333333333,0.0,0.0,0.0,-0.2583465576171875,0.4823150634765625,0.0,0.18107096354166663,-0.2583465576171875,0.4823150634765625,0.0,0.18107096354166663
INFERENCE_ONLY8,3,1024,correct,Q1,E01,IMMEDIATELY_ABOVE,1,1,0,1,0,1,0,0,,1.0,0.0,,,0.015625,0.0,0.0,0.0,0.097930908203125,0.097930908203125,1.0,0.571044921875,0.097930908203125,0.097930908203125,1.0,0.571044921875
INFERENCE_ONLY8,3,1024,correct,Q1,E01,IMMEDIATELY_BELOW,0,0,0,0,0,0,0,0,,,,,,,,,,,,,,,,,
INFERENCE_ONLY8,3,1024,correct,Q1,E01,MODERATELY_ABOVE,0,0,0,0,0,0,0,0,,,,,,,,,,,,,,,,,
INFERENCE_ONLY8,3,1024,correct,Q1,E01,MODERATELY_BELOW,1,1,0,1,0,1,0,0,,1.0,0.0,,,0.390625,0.0,0.0,0.0,0.282562255859375,0.282562255859375,0.0,0.0,0.282562255859375,0.282562255859375,0.0,0.0
INFERENCE_ONLY8,3,1024,correct,Q1,E01,OUTSIDE_ABOVE,1,1,1,0,0,0,0,1,0.0,,,1.0,,0.0,1.0,0.0,0.0,0.0534210205078125,0.0534210205078125,0.0,0.0006347656249999778,0.3025360107421875,0.3025360107421875,0.0,0.068115234375
INFERENCE_ONLY8,3,1024,correct,Q1,E01,OUTSIDE_BELOW,2,2,0,2,0,2,0,0,,1.0,0.0,,,0.0,0.0,0.0,0.0,0.0,0.0,1.0,0.0,0.0,0.0,1.0,0.0
INFERENCE_ONLY8,3,1024,correct,Q1,E11,CLEARLY_ABOVE,0,0,0,0,0,0,0,0,,,,,,,,,,,,,,,,,
INFERENCE_ONLY8,3,1024,correct,Q1,E11,CLEARLY_BELOW,3,3,0,3,0,3,0,0,,1.0,0.0,,,0.0,0.0,0.0,0.0,0.0009714762369791666,0.004786173502604167,1.0,0.03082682291666668,0.0009714762369791666,0.004786173502604167,1.0,0.03082682291666668
INFERENCE_ONLY8,3,1024,correct,Q1,E11,IMMEDIATELY_ABOVE,1,1,0,1,0,1,0,0,,1.0,0.0,,,0.0,0.0,0.0,0.0,-0.002532958984375,0.002532958984375,1.0,0.021679687499999933,-0.002532958984375,0.002532958984375,1.0,0.021679687499999933
INFERENCE_ONLY8,3,1024,correct,Q1,E11,IMMEDIATELY_BELOW,0,0,0,0,0,0,0,0,,,,,,,,,,,,,,,,,
INFERENCE_ONLY8,3,1024,correct,Q1,E11,MODERATELY_ABOVE,0,0,0,0,0,0,0,0,,,,,,,,,,,,,,,,,
INFERENCE_ONLY8,3,1024,correct,Q1,E11,MODERATELY_BELOW,1,1,0,1,0,1,0,0,,1.0,0.0,,,0.0,0.0,0.0,0.0,-0.000152587890625,0.000152587890625,1.0,0.03769531250000002,-0.000152587890625,0.000152587890625,1.0,0.03769531250000002
INFERENCE_ONLY8,3,1024,correct,Q1,E11,OUTSIDE_ABOVE,1,1,1,0,0,0,0,1,0.0,,,1.0,,0.0,1.0,0.0,0.0,-0.0001678466796875,0.0001678466796875,1.0,0.013574218749999978,-0.0021514892578125,0.0021514892578125,1.0,0.026611328125
INFERENCE_ONLY8,3,1024,correct,Q1,E11,OUTSIDE_BELOW,2,2,0,2,0,2,0,0,,1.0,0.0,,,0.0,0.0,0.0,0.0,0.0,0.0,1.0,0.0,0.0,0.0,1.0,0.0
INFERENCE_ONLY8,3,1024,correct,Q2,E00,CLEARLY_ABOVE,0,0,0,0,0,0,0,0,,,,,,,,,,,,,,,,,
INFERENCE_ONLY8,3,1024,correct,Q2,E00,CLEARLY_BELOW,4,4,0,4,0,4,0,0,,1.0,0.0,,,0.4453125,0.0,0.0,0.0,-0.1880645751953125,0.379150390625,0.25,0.18477783203124992,-0.13002777099609375,0.43718719482421875,0.25,0.22897949218749994
INFERENCE_ONLY8,3,1024,correct,Q2,E00,IMMEDIATELY_ABOVE,1,1,0,1,0,1,0,0,,1.0,0.0,,,0.015625,0.0,0.0,0.0,0.109893798828125,0.109893798828125,1.0,0.548876953125,0.109893798828125,0.109893798828125,1.0,0.548876953125
INFERENCE_ONLY8,3,1024,correct,Q2,E00,IMMEDIATELY_BELOW,0,0,0,0,0,0,0,0,,,,,,,,,,,,,,,,,
INFERENCE_ONLY8,3,1024,correct,Q2,E00,MODERATELY_ABOVE,0,0,0,0,0,0,0,0,,,,,,,,,,,,,,,,,
INFERENCE_ONLY8,3,1024,correct,Q2,E00,MODERATELY_BELOW,1,1,0,1,0,1,0,0,,1.0,0.0,,,0.390625,0.0,0.0,0.0,0.282562255859375,0.282562255859375,0.0,0.0,0.282562255859375,0.282562255859375,0.0,0.0
INFERENCE_ONLY8,3,1024,correct,Q2,E00,OUTSIDE_ABOVE,0,0,0,0,0,0,0,0,,,,,,,,,,,,,,,,,
INFERENCE_ONLY8,3,1024,correct,Q2,E00,OUTSIDE_BELOW,2,2,0,2,0,2,0,0,,1.0,0.0,,,0.0,0.0,0.0,0.0,0.0,0.0,1.0,0.0,0.0,0.0,1.0,0.0
INFERENCE_ONLY8,3,1024,correct,Q2,E10,CLEARLY_ABOVE,0,0,0,0,0,0,0,0,,,,,,,,,,,,,,,,,
INFERENCE_ONLY8,3,1024,correct,Q2,E10,CLEARLY_BELOW,4,4,0,4,0,4,0,0,,1.0,0.0,,,0.11328125,0.0,0.0,0.25,-0.2292022705078125,0.23455047607421875,0.75,0.5483886718749998,-0.21663665771484375,0.2471160888671875,0.75,0.6449829101562499
INFERENCE_ONLY8,3,1024,correct,Q2,E10,IMMEDIATELY_ABOVE,1,1,0,1,0,1,0,0,,1.0,0.0,,,0.0,0.0,0.0,0.0,0.062286376953125,0.062286376953125,0.0,0.08164062499999991,0.062286376953125,0.062286376953125,0.0,0.08164062499999991
INFERENCE_ONLY8,3,1024,correct,Q2,E10,IMMEDIATELY_BELOW,0,0,0,0,0,0,0,0,,,,,,,,,,,,,,,,,
INFERENCE_ONLY8,3,1024,correct,Q2,E10,MODERATELY_ABOVE,0,0,0,0,0,0,0,0,,,,,,,,,,,,,,,,,
INFERENCE_ONLY8,3,1024,correct,Q2,E10,MODERATELY_BELOW,1,1,0,1,0,1,0,0,,1.0,0.0,,,0.0,0.0,0.0,0.0,-0.010162353515625,0.010162353515625,1.0,0.19028320312500002,-0.010162353515625,0.010162353515625,1.0,0.19028320312500002
INFERENCE_ONLY8,3,1024,correct,Q2,E10,OUTSIDE_ABOVE,0,0,0,0,0,0,0,0,,,,,,,,,,,,,,,,,
INFERENCE_ONLY8,3,1024,correct,Q2,E10,OUTSIDE_BELOW,2,2,0,2,0,2,0,0,,1.0,0.0,,,0.0,0.0,0.0,0.0,0.0,0.0,1.0,0.0,0.0,0.0,1.0,0.0
INFERENCE_ONLY8,3,1024,correct,Q2,E01,CLEARLY_ABOVE,0,0,0,0,0,0,0,0,,,,,,,,,,,,,,,,,
INFERENCE_ONLY8,3,1024,correct,Q2,E01,CLEARLY_BELOW,4,4,0,4,0,4,0,0,,1.0,0.0,,,0.5,0.0,0.0,0.0,-0.1804046630859375,0.375091552734375,0.0,0.13596191406249997,-0.11812591552734375,0.43737030029296875,0.0,0.15283203124999997
INFERENCE_ONLY8,3,1024,correct,Q2,E01,IMMEDIATELY_ABOVE,1,1,0,1,0,1,0,0,,1.0,0.0,,,0.015625,0.0,0.0,0.0,0.097930908203125,0.097930908203125,1.0,0.571044921875,0.097930908203125,0.097930908203125,1.0,0.571044921875
INFERENCE_ONLY8,3,1024,correct,Q2,E01,IMMEDIATELY_BELOW,0,0,0,0,0,0,0,0,,,,,,,,,,,,,,,,,
INFERENCE_ONLY8,3,1024,correct,Q2,E01,MODERATELY_ABOVE,0,0,0,0,0,0,0,0,,,,,,,,,,,,,,,,,
INFERENCE_ONLY8,3,1024,correct,Q2,E01,MODERATELY_BELOW,1,1,0,1,0,1,0,0,,1.0,0.0,,,0.390625,0.0,0.0,0.0,0.282562255859375,0.282562255859375,0.0,0.0,0.282562255859375,0.282562255859375,0.0,0.0
INFERENCE_ONLY8,3,1024,correct,Q2,E01,OUTSIDE_ABOVE,0,0,0,0,0,0,0,0,,,,,,,,,,,,,,,,,
INFERENCE_ONLY8,3,1024,correct,Q2,E01,OUTSIDE_BELOW,2,2,0,2,0,2,0,0,,1.0,0.0,,,0.0,0.0,0.0,0.0,0.0,0.0,1.0,0.0,0.0,0.0,1.0,0.0
INFERENCE_ONLY8,3,1024,correct,Q2,E11,CLEARLY_ABOVE,0,0,0,0,0,0,0,0,,,,,,,,,,,,,,,,,
INFERENCE_ONLY8,3,1024,correct,Q2,E11,CLEARLY_BELOW,4,4,0,4,0,4,0,0,,1.0,0.0,,,0.0,0.0,0.0,0.0,0.0006866455078125,0.003631591796875,1.0,0.026513671875000006,0.00019073486328125,0.00412750244140625,1.0,0.02977294921875001
INFERENCE_ONLY8,3,1024,correct,Q2,E11,IMMEDIATELY_ABOVE,1,1,0,1,0,1,0,0,,1.0,0.0,,,0.0,0.0,0.0,0.0,-0.002532958984375,0.002532958984375,1.0,0.021679687499999933,-0.002532958984375,0.002532958984375,1.0,0.021679687499999933
INFERENCE_ONLY8,3,1024,correct,Q2,E11,IMMEDIATELY_BELOW,0,0,0,0,0,0,0,0,,,,,,,,,,,,,,,,,
INFERENCE_ONLY8,3,1024,correct,Q2,E11,MODERATELY_ABOVE,0,0,0,0,0,0,0,0,,,,,,,,,,,,,,,,,
INFERENCE_ONLY8,3,1024,correct,Q2,E11,MODERATELY_BELOW,1,1,0,1,0,1,0,0,,1.0,0.0,,,0.0,0.0,0.0,0.0,-0.000152587890625,0.000152587890625,1.0,0.03769531250000002,-0.000152587890625,0.000152587890625,1.0,0.03769531250000002
INFERENCE_ONLY8,3,1024,correct,Q2,E11,OUTSIDE_ABOVE,0,0,0,0,0,0,0,0,,,,,,,,,,,,,,,,,
INFERENCE_ONLY8,3,1024,correct,Q2,E11,OUTSIDE_BELOW,2,2,0,2,0,2,0,0,,1.0,0.0,,,0.0,0.0,0.0,0.0,0.0,0.0,1.0,0.0,0.0,0.0,1.0,0.0
INFERENCE_ONLY8,3,1024,hemlock_extra_hazard_0.12,Q1,E00,CLEARLY_ABOVE,0,0,0,0,0,0,0,0,,,,,,,,,,,,,,,,,
INFERENCE_ONLY8,3,1024,hemlock_extra_hazard_0.12,Q1,E00,CLEARLY_BELOW,0,0,0,0,0,0,0,0,,,,,,,,,,,,,,,,,
INFERENCE_ONLY8,3,1024,hemlock_extra_hazard_0.12,Q1,E00,IMMEDIATELY_ABOVE,0,0,0,0,0,0,0,0,,,,,,,,,,,,,,,,,
INFERENCE_ONLY8,3,1024,hemlock_extra_hazard_0.12,Q1,E00,IMMEDIATELY_BELOW,0,0,0,0,0,0,0,0,,,,,,,,,,,,,,,,,
INFERENCE_ONLY8,3,1024,hemlock_extra_hazard_0.12,Q1,E00,MODERATELY_ABOVE,0,0,0,0,0,0,0,0,,,,,,,,,,,,,,,,,
INFERENCE_ONLY8,3,1024,hemlock_extra_hazard_0.12,Q1,E00,MODERATELY_BELOW,0,0,0,0,0,0,0,0,,,,,,,,,,,,,,,,,
INFERENCE_ONLY8,3,1024,hemlock_extra_hazard_0.12,Q1,E00,OUTSIDE_ABOVE,1,1,1,0,0,0,0,1,0.0,,,1.0,,0.0,1.0,0.0,0.0,0.131439208984375,0.131439208984375,0.0,0.0012695312499999556,0.859283447265625,0.859283447265625,0.0,0.17807617187500002
INFERENCE_ONLY8,3,1024,hemlock_extra_hazard_0.12,Q1,E00,OUTSIDE_BELOW,7,7,0,7,0,7,0,0,,1.0,0.0,,,0.203125,0.0,0.0,0.0,0.43809291294642855,0.43809291294642855,0.5714285714285714,0.18381696428571423,0.43809291294642855,0.43809291294642855,0.5714285714285714,0.18381696428571423
INFERENCE_ONLY8,3,1024,hemlock_extra_hazard_0.12,Q1,E10,CLEARLY_ABOVE,0,0,0,0,0,0,0,0,,,,,,,,,,,,,,,,,
INFERENCE_ONLY8,3,1024,hemlock_extra_hazard_0.12,Q1,E10,CLEARLY_BELOW,0,0,0,0,0,0,0,0,,,,,,,,,,,,,,,,,
INFERENCE_ONLY8,3,1024,hemlock_extra_hazard_0.12,Q1,E10,IMMEDIATELY_ABOVE,0,0,0,0,0,0,0,0,,,,,,,,,,,,,,,,,
INFERENCE_ONLY8,3,1024,hemlock_extra_hazard_0.12,Q1,E10,IMMEDIATELY_BELOW,0,0,0,0,0,0,0,0,,,,,,,,,,,,,,,,,
INFERENCE_ONLY8,3,1024,hemlock_extra_hazard_0.12,Q1,E10,MODERATELY_ABOVE,0,0,0,0,0,0,0,0,,,,,,,,,,,,,,,,,
INFERENCE_ONLY8,3,1024,hemlock_extra_hazard_0.12,Q1,E10,MODERATELY_BELOW,0,0,0,0,0,0,0,0,,,,,,,,,,,,,,,,,
INFERENCE_ONLY8,3,1024,hemlock_extra_hazard_0.12,Q1,E10,OUTSIDE_ABOVE,1,1,1,0,0,0,0,1,0.0,,,1.0,,0.0,1.0,0.0,0.0,0.088836669921875,0.088836669921875,0.0,0.03266601562499993,0.634796142578125,0.634796142578125,0.0,0.41904296874999997
INFERENCE_ONLY8,3,1024,hemlock_extra_hazard_0.12,Q1,E10,OUTSIDE_BELOW,7,7,0,7,0,7,0,0,,1.0,0.0,,,0.029017857142857144,0.0,0.0,0.0,0.37205287388392855,0.37205287388392855,0.42857142857142855,0.34754464285714276,0.37205287388392855,0.37205287388392855,0.42857142857142855,0.34754464285714276
INFERENCE_ONLY8,3,1024,hemlock_extra_hazard_0.12,Q1,E01,CLEARLY_ABOVE,0,0,0,0,0,0,0,0,,,,,,,,,,,,,,,,,
INFERENCE_ONLY8,3,1024,hemlock_extra_hazard_0.12,Q1,E01,CLEARLY_BELOW,0,0,0,0,0,0,0,0,,,,,,,,,,,,,,,,,
INFERENCE_ONLY8,3,1024,hemlock_extra_hazard_0.12,Q1,E01,IMMEDIATELY_ABOVE,0,0,0,0,0,0,0,0,,,,,,,,,,,,,,,,,
INFERENCE_ONLY8,3,1024,hemlock_extra_hazard_0.12,Q1,E01,IMMEDIATELY_BELOW,0,0,0,0,0,0,0,0,,,,,,,,,,,,,,,,,
INFERENCE_ONLY8,3,1024,hemlock_extra_hazard_0.12,Q1,E01,MODERATELY_ABOVE,0,0,0,0,0,0,0,0,,,,,,,,,,,,,,,,,
INFERENCE_ONLY8,3,1024,hemlock_extra_hazard_0.12,Q1,E01,MODERATELY_BELOW,0,0,0,0,0,0,0,0,,,,,,,,,,,,,,,,,
INFERENCE_ONLY8,3,1024,hemlock_extra_hazard_0.12,Q1,E01,OUTSIDE_ABOVE,1,1,1,0,0,0,0,1,0.0,,,1.0,,0.0,1.0,0.0,0.0,0.131561279296875,0.131561279296875,0.0,0.0006347656249999778,0.876373291015625,0.876373291015625,0.0,0.068115234375
INFERENCE_ONLY8,3,1024,hemlock_extra_hazard_0.12,Q1,E01,OUTSIDE_BELOW,7,7,0,7,0,7,0,0,,1.0,0.0,,,0.20089285714285715,0.0,0.0,0.0,0.4407435825892857,0.4407435825892857,0.2857142857142857,0.1591796875,0.4407435825892857,0.4407435825892857,0.2857142857142857,0.1591796875
INFERENCE_ONLY8,3,1024,hemlock_extra_hazard_0.12,Q1,E11,CLEARLY_ABOVE,0,0,0,0,0,0,0,0,,,,,,,,,,,,,,,,,
INFERENCE_ONLY8,3,1024,hemlock_extra_hazard_0.12,Q1,E11,CLEARLY_BELOW,0,0,0,0,0,0,0,0,,,,,,,,,,,,,,,,,
INFERENCE_ONLY8,3,1024,hemlock_extra_hazard_0.12,Q1,E11,IMMEDIATELY_ABOVE,0,0,0,0,0,0,0,0,,,,,,,,,,,,,,,,,
INFERENCE_ONLY8,3,1024,hemlock_extra_hazard_0.12,Q1,E11,IMMEDIATELY_BELOW,0,0,0,0,0,0,0,0,,,,,,,,,,,,,,,,,
INFERENCE_ONLY8,3,1024,hemlock_extra_hazard_0.12,Q1,E11,MODERATELY_ABOVE,0,0,0,0,0,0,0,0,,,,,,,,,,,,,,,,,
INFERENCE_ONLY8,3,1024,hemlock_extra_hazard_0.12,Q1,E11,MODERATELY_BELOW,0,0,0,0,0,0,0,0,,,,,,,,,,,,,,,,,
INFERENCE_ONLY8,3,1024,hemlock_extra_hazard_0.12,Q1,E11,OUTSIDE_ABOVE,1,1,1,0,0,0,0,1,0.0,,,1.0,,0.0,1.0,0.0,0.0,0.077972412109375,0.077972412109375,0.0,0.013574218749999978,0.571685791015625,0.571685791015625,0.0,0.026611328125
INFERENCE_ONLY8,3,1024,hemlock_extra_hazard_0.12,Q1,E11,OUTSIDE_BELOW,7,7,0,7,0,7,0,0,,1.0,0.0,,,0.0,0.0,0.0,0.0,0.4971400669642857,0.4971400669642857,0.2857142857142857,0.021693638392857144,0.4971400669642857,0.4971400669642857,0.2857142857142857,0.021693638392857144
INFERENCE_ONLY8,3,1024,hemlock_extra_hazard_0.12,Q2,E00,CLEARLY_ABOVE,0,0,0,0,0,0,0,0,,,,,,,,,,,,,,,,,
INFERENCE_ONLY8,3,1024,hemlock_extra_hazard_0.12,Q2,E00,CLEARLY_BELOW,0,0,0,0,0,0,0,0,,,,,,,,,,,,,,,,,
INFERENCE_ONLY8,3,1024,hemlock_extra_hazard_0.12,Q2,E00,IMMEDIATELY_ABOVE,0,0,0,0,0,0,0,0,,,,,,,,,,,,,,,,,
INFERENCE_ONLY8,3,1024,hemlock_extra_hazard_0.12,Q2,E00,IMMEDIATELY_BELOW,0,0,0,0,0,0,0,0,,,,,,,,,,,,,,,,,
INFERENCE_ONLY8,3,1024,hemlock_extra_hazard_0.12,Q2,E00,MODERATELY_ABOVE,0,0,0,0,0,0,0,0,,,,,,,,,,,,,,,,,
INFERENCE_ONLY8,3,1024,hemlock_extra_hazard_0.12,Q2,E00,MODERATELY_BELOW,0,0,0,0,0,0,0,0,,,,,,,,,,,,,,,,,
INFERENCE_ONLY8,3,1024,hemlock_extra_hazard_0.12,Q2,E00,OUTSIDE_ABOVE,0,0,0,0,0,0,0,0,,,,,,,,,,,,,,,,,
INFERENCE_ONLY8,3,1024,hemlock_extra_hazard_0.12,Q2,E00,OUTSIDE_BELOW,8,8,0,8,0,8,0,0,,1.0,0.0,,,0.2734375,0.0,0.0,0.0,0.3997611999511719,0.3997611999511719,0.5,0.16099853515624996,0.4907417297363281,0.4907417297363281,0.5,0.18309936523437495
INFERENCE_ONLY8,3,1024,hemlock_extra_hazard_0.12,Q2,E10,CLEARLY_ABOVE,0,0,0,0,0,0,0,0,,,,,,,,,,,,,,,,,
INFERENCE_ONLY8,3,1024,hemlock_extra_hazard_0.12,Q2,E10,CLEARLY_BELOW,0,0,0,0,0,0,0,0,,,,,,,,,,,,,,,,,
INFERENCE_ONLY8,3,1024,hemlock_extra_hazard_0.12,Q2,E10,IMMEDIATELY_ABOVE,0,0,0,0,0,0,0,0,,,,,,,,,,,,,,,,,
INFERENCE_ONLY8,3,1024,hemlock_extra_hazard_0.12,Q2,E10,IMMEDIATELY_BELOW,0,0,0,0,0,0,0,0,,,,,,,,,,,,,,,,,
INFERENCE_ONLY8,3,1024,hemlock_extra_hazard_0.12,Q2,E10,MODERATELY_ABOVE,0,0,0,0,0,0,0,0,,,,,,,,,,,,,,,,,
INFERENCE_ONLY8,3,1024,hemlock_extra_hazard_0.12,Q2,E10,MODERATELY_BELOW,0,0,0,0,0,0,0,0,,,,,,,,,,,,,,,,,
INFERENCE_ONLY8,3,1024,hemlock_extra_hazard_0.12,Q2,E10,OUTSIDE_ABOVE,0,0,0,0,0,0,0,0,,,,,,,,,,,,,,,,,
INFERENCE_ONLY8,3,1024,hemlock_extra_hazard_0.12,Q2,E10,OUTSIDE_BELOW,8,8,0,8,0,8,0,0,,1.0,0.0,,,0.056640625,0.0,0.0,0.125,0.3366508483886719,0.3366508483886719,0.375,0.30818481445312496,0.4048957824707031,0.4048957824707031,0.375,0.3564819335937499
INFERENCE_ONLY8,3,1024,hemlock_extra_hazard_0.12,Q2,E01,CLEARLY_ABOVE,0,0,0,0,0,0,0,0,,,,,,,,,,,,,,,,,
INFERENCE_ONLY8,3,1024,hemlock_extra_hazard_0.12,Q2,E01,CLEARLY_BELOW,0,0,0,0,0,0,0,0,,,,,,,,,,,,,,,,,
INFERENCE_ONLY8,3,1024,hemlock_extra_hazard_0.12,Q2,E01,IMMEDIATELY_ABOVE,0,0,0,0,0,0,0,0,,,,,,,,,,,,,,,,,
INFERENCE_ONLY8,3,1024,hemlock_extra_hazard_0.12,Q2,E01,IMMEDIATELY_BELOW,0,0,0,0,0,0,0,0,,,,,,,,,,,,,,,,,
INFERENCE_ONLY8,3,1024,hemlock_extra_hazard_0.12,Q2,E01,MODERATELY_ABOVE,0,0,0,0,0,0,0,0,,,,,,,,,,,,,,,,,
INFERENCE_ONLY8,3,1024,hemlock_extra_hazard_0.12,Q2,E01,MODERATELY_BELOW,0,0,0,0,0,0,0,0,,,,,,,,,,,,,,,,,
INFERENCE_ONLY8,3,1024,hemlock_extra_hazard_0.12,Q2,E01,OUTSIDE_ABOVE,0,0,0,0,0,0,0,0,,,,,,,,,,,,,,,,,
INFERENCE_ONLY8,3,1024,hemlock_extra_hazard_0.12,Q2,E01,OUTSIDE_BELOW,8,8,0,8,0,8,0,0,,1.0,0.0,,,0.30078125,0.0,0.0,0.0,0.4020957946777344,0.4020957946777344,0.25,0.13936157226562498,0.4951972961425781,0.4951972961425781,0.25,0.147796630859375
INFERENCE_ONLY8,3,1024,hemlock_extra_hazard_0.12,Q2,E11,CLEARLY_ABOVE,0,0,0,0,0,0,0,0,,,,,,,,,,,,,,,,,
INFERENCE_ONLY8,3,1024,hemlock_extra_hazard_0.12,Q2,E11,CLEARLY_BELOW,0,0,0,0,0,0,0,0,,,,,,,,,,,,,,,,,
INFERENCE_ONLY8,3,1024,hemlock_extra_hazard_0.12,Q2,E11,IMMEDIATELY_ABOVE,0,0,0,0,0,0,0,0,,,,,,,,,,,,,,,,,
INFERENCE_ONLY8,3,1024,hemlock_extra_hazard_0.12,Q2,E11,IMMEDIATELY_BELOW,0,0,0,0,0,0,0,0,,,,,,,,,,,,,,,,,
INFERENCE_ONLY8,3,1024,hemlock_extra_hazard_0.12,Q2,E11,MODERATELY_ABOVE,0,0,0,0,0,0,0,0,,,,,,,,,,,,,,,,,
INFERENCE_ONLY8,3,1024,hemlock_extra_hazard_0.12,Q2,E11,MODERATELY_BELOW,0,0,0,0,0,0,0,0,,,,,,,,,,,,,,,,,
INFERENCE_ONLY8,3,1024,hemlock_extra_hazard_0.12,Q2,E11,OUTSIDE_ABOVE,0,0,0,0,0,0,0,0,,,,,,,,,,,,,,,,,
INFERENCE_ONLY8,3,1024,hemlock_extra_hazard_0.12,Q2,E11,OUTSIDE_BELOW,8,8,0,8,0,8,0,0,,1.0,0.0,,,0.0,0.0,0.0,0.0,0.4447441101074219,0.4447441101074219,0.25,0.020678710937499997,0.5064582824707031,0.5064582824707031,0.25,0.022308349609375
INFERENCE_ONLY8,3,1024,entry_lognormal_annual_sd_1.2,Q1,E00,CLEARLY_ABOVE,0,0,0,0,0,0,0,0,,,,,,,,,,,,,,,,,
INFERENCE_ONLY8,3,1024,entry_lognormal_annual_sd_1.2,Q1,E00,CLEARLY_BELOW,3,3,0,3,0,3,0,0,,1.0,0.0,,,0.3385416666666667,0.0,0.0,0.0,-0.2670033772786458,0.4904123942057292,0.3333333333333333,0.2459472656249999,-0.2670033772786458,0.4904123942057292,0.3333333333333333,0.2459472656249999
INFERENCE_ONLY8,3,1024,entry_lognormal_annual_sd_1.2,Q1,E00,IMMEDIATELY_ABOVE,1,1,0,1,0,1,0,0,,1.0,0.0,,,0.015625,0.0,0.0,0.0,0.1099090576171875,0.1099090576171875,1.0,0.548876953125,0.1099090576171875,0.1099090576171875,1.0,0.548876953125
INFERENCE_ONLY8,3,1024,entry_lognormal_annual_sd_1.2,Q1,E00,IMMEDIATELY_BELOW,0,0,0,0,0,0,0,0,,,,,,,,,,,,,,,,,
INFERENCE_ONLY8,3,1024,entry_lognormal_annual_sd_1.2,Q1,E00,MODERATELY_ABOVE,0,0,0,0,0,0,0,0,,,,,,,,,,,,,,,,,
INFERENCE_ONLY8,3,1024,entry_lognormal_annual_sd_1.2,Q1,E00,MODERATELY_BELOW,1,1,0,1,0,1,0,0,,1.0,0.0,,,0.390625,0.0,0.0,0.0,0.29345703125,0.29345703125,0.0,0.0,0.29345703125,0.29345703125,0.0,0.0
INFERENCE_ONLY8,3,1024,entry_lognormal_annual_sd_1.2,Q1,E00,OUTSIDE_ABOVE,1,1,1,0,0,0,0,1,0.0,,,1.0,,0.0,1.0,0.0,0.0,0.06561279296875,0.06561279296875,0.0,0.0012695312499999556,0.3603668212890625,0.3603668212890625,0.0,0.17807617187500002
INFERENCE_ONLY8,3,1024,entry_lognormal_annual_sd_1.2,Q1,E00,OUTSIDE_BELOW,2,2,0,2,0,2,0,0,,1.0,0.0,,,0.0,0.0,0.0,0.0,0.0,0.0,1.0,0.0,0.0,0.0,1.0,0.0
INFERENCE_ONLY8,3,1024,entry_lognormal_annual_sd_1.2,Q1,E10,CLEARLY_ABOVE,0,0,0,0,0,0,0,0,,,,,,,,,,,,,,,,,
INFERENCE_ONLY8,3,1024,entry_lognormal_annual_sd_1.2,Q1,E10,CLEARLY_BELOW,3,3,0,3,0,3,0,0,,1.0,0.0,,,0.06770833333333333,0.0,0.0,0.0,-0.3076527913411458,0.3076527913411458,0.6666666666666666,0.7202962239583331,-0.3076527913411458,0.3076527913411458,0.6666666666666666,0.7202962239583331
INFERENCE_ONLY8,3,1024,entry_lognormal_annual_sd_1.2,Q1,E10,IMMEDIATELY_ABOVE,1,1,0,1,0,1,0,0,,1.0,0.0,,,0.0,0.0,0.0,0.0,0.0623016357421875,0.0623016357421875,0.0,0.08164062499999991,0.0623016357421875,0.0623016357421875,0.0,0.08164062499999991
INFERENCE_ONLY8,3,1024,entry_lognormal_annual_sd_1.2,Q1,E10,IMMEDIATELY_BELOW,0,0,0,0,0,0,0,0,,,,,,,,,,,,,,,,,
INFERENCE_ONLY8,3,1024,entry_lognormal_annual_sd_1.2,Q1,E10,MODERATELY_ABOVE,0,0,0,0,0,0,0,0,,,,,,,,,,,,,,,,,
INFERENCE_ONLY8,3,1024,entry_lognormal_annual_sd_1.2,Q1,E10,MODERATELY_BELOW,1,1,0,1,0,1,0,0,,1.0,0.0,,,0.0,0.0,0.0,0.0,0.000732421875,0.000732421875,1.0,0.19028320312500002,0.000732421875,0.000732421875,1.0,0.19028320312500002
INFERENCE_ONLY8,3,1024,entry_lognormal_annual_sd_1.2,Q1,E10,OUTSIDE_ABOVE,1,1,1,0,0,0,0,1,0.0,,,1.0,,0.0,1.0,0.0,0.0,0.02301025390625,0.02301025390625,0.0,0.03266601562499993,0.1358795166015625,0.1358795166015625,1.0,0.41904296874999997
INFERENCE_ONLY8,3,1024,entry_lognormal_annual_sd_1.2,Q1,E10,OUTSIDE_BELOW,2,2,0,2,0,2,0,0,,1.0,0.0,,,0.0,0.0,0.0,0.0,0.0,0.0,1.0,0.0,0.0,0.0,1.0,0.0
INFERENCE_ONLY8,3,1024,entry_lognormal_annual_sd_1.2,Q1,E01,CLEARLY_ABOVE,0,0,0,0,0,0,0,0,,,,,,,,,,,,,,,,,
INFERENCE_ONLY8,3,1024,entry_lognormal_annual_sd_1.2,Q1,E01,CLEARLY_BELOW,3,3,0,3,0,3,0,0,,1.0,0.0,,,0.3333333333333333,0.0,0.0,0.0,-0.2568308512369792,0.4849599202473958,0.0,0.18107096354166663,-0.2568308512369792,0.4849599202473958,0.0,0.18107096354166663
INFERENCE_ONLY8,3,1024,entry_lognormal_annual_sd_1.2,Q1,E01,IMMEDIATELY_ABOVE,1,1,0,1,0,1,0,0,,1.0,0.0,,,0.015625,0.0,0.0,0.0,0.0979461669921875,0.0979461669921875,1.0,0.571044921875,0.0979461669921875,0.0979461669921875,1.0,0.571044921875
INFERENCE_ONLY8,3,1024,entry_lognormal_annual_sd_1.2,Q1,E01,IMMEDIATELY_BELOW,0,0,0,0,0,0,0,0,,,,,,,,,,,,,,,,,
INFERENCE_ONLY8,3,1024,entry_lognormal_annual_sd_1.2,Q1,E01,MODERATELY_ABOVE,0,0,0,0,0,0,0,0,,,,,,,,,,,,,,,,,
INFERENCE_ONLY8,3,1024,entry_lognormal_annual_sd_1.2,Q1,E01,MODERATELY_BELOW,1,1,0,1,0,1,0,0,,1.0,0.0,,,0.390625,0.0,0.0,0.0,0.29345703125,0.29345703125,0.0,0.0,0.29345703125,0.29345703125,0.0,0.0
INFERENCE_ONLY8,3,1024,entry_lognormal_annual_sd_1.2,Q1,E01,OUTSIDE_ABOVE,1,1,1,0,0,0,0,1,0.0,,,1.0,,0.0,1.0,0.0,0.0,0.06573486328125,0.06573486328125,0.0,0.0006347656249999778,0.3774566650390625,0.3774566650390625,0.0,0.068115234375
INFERENCE_ONLY8,3,1024,entry_lognormal_annual_sd_1.2,Q1,E01,OUTSIDE_BELOW,2,2,0,2,0,2,0,0,,1.0,0.0,,,0.0,0.0,0.0,0.0,0.0,0.0,1.0,0.0,0.0,0.0,1.0,0.0
INFERENCE_ONLY8,3,1024,entry_lognormal_annual_sd_1.2,Q1,E11,CLEARLY_ABOVE,0,0,0,0,0,0,0,0,,,,,,,,,,,,,,,,,
INFERENCE_ONLY8,3,1024,entry_lognormal_annual_sd_1.2,Q1,E11,CLEARLY_BELOW,3,3,0,3,0,3,0,0,,1.0,0.0,,,0.0,0.0,0.0,0.0,0.0024871826171875,0.0024871826171875,1.0,0.03082682291666668,0.0024871826171875,0.0024871826171875,1.0,0.03082682291666668
INFERENCE_ONLY8,3,1024,entry_lognormal_annual_sd_1.2,Q1,E11,IMMEDIATELY_ABOVE,1,1,0,1,0,1,0,0,,1.0,0.0,,,0.0,0.0,0.0,0.0,-0.0025177001953125,0.0025177001953125,1.0,0.021679687499999933,-0.0025177001953125,0.0025177001953125,1.0,0.021679687499999933
INFERENCE_ONLY8,3,1024,entry_lognormal_annual_sd_1.2,Q1,E11,IMMEDIATELY_BELOW,0,0,0,0,0,0,0,0,,,,,,,,,,,,,,,,,
INFERENCE_ONLY8,3,1024,entry_lognormal_annual_sd_1.2,Q1,E11,MODERATELY_ABOVE,0,0,0,0,0,0,0,0,,,,,,,,,,,,,,,,,
INFERENCE_ONLY8,3,1024,entry_lognormal_annual_sd_1.2,Q1,E11,MODERATELY_BELOW,1,1,0,1,0,1,0,0,,1.0,0.0,,,0.0,0.0,0.0,0.0,0.0107421875,0.0107421875,1.0,0.03769531250000002,0.0107421875,0.0107421875,1.0,0.03769531250000002
INFERENCE_ONLY8,3,1024,entry_lognormal_annual_sd_1.2,Q1,E11,OUTSIDE_ABOVE,1,1,1,0,0,0,0,1,0.0,,,1.0,,0.0,1.0,0.0,0.0,0.01214599609375,0.01214599609375,0.0,0.013574218749999978,0.0727691650390625,0.0727691650390625,0.0,0.026611328125
INFERENCE_ONLY8,3,1024,entry_lognormal_annual_sd_1.2,Q1,E11,OUTSIDE_BELOW,2,2,0,2,0,2,0,0,,1.0,0.0,,,0.0,0.0,0.0,0.0,0.0,0.0,1.0,0.0,0.0,0.0,1.0,0.0
INFERENCE_ONLY8,3,1024,entry_lognormal_annual_sd_1.2,Q2,E00,CLEARLY_ABOVE,0,0,0,0,0,0,0,0,,,,,,,,,,,,,,,,,
INFERENCE_ONLY8,3,1024,entry_lognormal_annual_sd_1.2,Q2,E00,CLEARLY_BELOW,3,3,0,3,0,3,0,0,,1.0,0.0,,,0.3385416666666667,0.0,0.0,0.0,-0.2670033772786458,0.4904123942057292,0.3333333333333333,0.2459472656249999,-0.2670033772786458,0.4904123942057292,0.3333333333333333,0.2459472656249999
INFERENCE_ONLY8,3,1024,entry_lognormal_annual_sd_1.2,Q2,E00,IMMEDIATELY_ABOVE,1,1,0,1,0,1,0,0,,1.0,0.0,,,0.015625,0.0,0.0,0.0,0.1099090576171875,0.1099090576171875,1.0,0.548876953125,0.1099090576171875,0.1099090576171875,1.0,0.548876953125
INFERENCE_ONLY8,3,1024,entry_lognormal_annual_sd_1.2,Q2,E00,IMMEDIATELY_BELOW,0,0,0,0,0,0,0,0,,,,,,,,,,,,,,,,,
INFERENCE_ONLY8,3,1024,entry_lognormal_annual_sd_1.2,Q2,E00,MODERATELY_ABOVE,0,0,0,0,0,0,0,0,,,,,,,,,,,,,,,,,
INFERENCE_ONLY8,3,1024,entry_lognormal_annual_sd_1.2,Q2,E00,MODERATELY_BELOW,1,1,0,1,0,1,0,0,,1.0,0.0,,,0.390625,0.0,0.0,0.0,0.29345703125,0.29345703125,0.0,0.0,0.29345703125,0.29345703125,0.0,0.0
INFERENCE_ONLY8,3,1024,entry_lognormal_annual_sd_1.2,Q2,E00,OUTSIDE_ABOVE,0,0,0,0,0,0,0,0,,,,,,,,,,,,,,,,,
INFERENCE_ONLY8,3,1024,entry_lognormal_annual_sd_1.2,Q2,E00,OUTSIDE_BELOW,3,3,0,3,0,3,0,0,,1.0,0.0,,,0.2552083333333333,0.0,0.0,0.0,0.021870930989583332,0.021870930989583332,0.6666666666666666,0.00042317708333331855,0.12012227376302083,0.12012227376302083,0.6666666666666666,0.05935872395833334
INFERENCE_ONLY8,3,1024,entry_lognormal_annual_sd_1.2,Q2,E10,CLEARLY_ABOVE,0,0,0,0,0,0,0,0,,,,,,,,,,,,,,,,,
INFERENCE_ONLY8,3,1024,entry_lognormal_annual_sd_1.2,Q2,E10,CLEARLY_BELOW,3,3,0,3,0,3,0,0,,1.0,0.0,,,0.06770833333333333,0.0,0.0,0.0,-0.3076527913411458,0.3076527913411458,0.6666666666666666,0.7202962239583331,-0.3076527913411458,0.3076527913411458,0.6666666666666666,0.7202962239583331
INFERENCE_ONLY8,3,1024,entry_lognormal_annual_sd_1.2,Q2,E10,IMMEDIATELY_ABOVE,1,1,0,1,0,1,0,0,,1.0,0.0,,,0.0,0.0,0.0,0.0,0.0623016357421875,0.0623016357421875,0.0,0.08164062499999991,0.0623016357421875,0.0623016357421875,0.0,0.08164062499999991
INFERENCE_ONLY8,3,1024,entry_lognormal_annual_sd_1.2,Q2,E10,IMMEDIATELY_BELOW,0,0,0,0,0,0,0,0,,,,,,,,,,,,,,,,,
INFERENCE_ONLY8,3,1024,entry_lognormal_annual_sd_1.2,Q2,E10,MODERATELY_ABOVE,0,0,0,0,0,0,0,0,,,,,,,,,,,,,,,,,
INFERENCE_ONLY8,3,1024,entry_lognormal_annual_sd_1.2,Q2,E10,MODERATELY_BELOW,1,1,0,1,0,1,0,0,,1.0,0.0,,,0.0,0.0,0.0,0.0,0.000732421875,0.000732421875,1.0,0.19028320312500002,0.000732421875,0.000732421875,1.0,0.19028320312500002
INFERENCE_ONLY8,3,1024,entry_lognormal_annual_sd_1.2,Q2,E10,OUTSIDE_ABOVE,0,0,0,0,0,0,0,0,,,,,,,,,,,,,,,,,
INFERENCE_ONLY8,3,1024,entry_lognormal_annual_sd_1.2,Q2,E10,OUTSIDE_BELOW,3,3,0,3,0,3,0,0,,1.0,0.0,,,0.08333333333333333,0.0,0.0,0.3333333333333333,0.007670084635416667,0.007670084635416667,0.6666666666666666,0.010888671874999978,0.045293172200520836,0.045293172200520836,1.0,0.13968098958333333
INFERENCE_ONLY8,3,1024,entry_lognormal_annual_sd_1.2,Q2,E01,CLEARLY_ABOVE,0,0,0,0,0,0,0,0,,,,,,,,,,,,,,,,,
INFERENCE_ONLY8,3,1024,entry_lognormal_annual_sd_1.2,Q2,E01,CLEARLY_BELOW,3,3,0,3,0,3,0,0,,1.0,0.0,,,0.3333333333333333,0.0,0.0,0.0,-0.2568308512369792,0.4849599202473958,0.0,0.18107096354166663,-0.2568308512369792,0.4849599202473958,0.0,0.18107096354166663
INFERENCE_ONLY8,3,1024,entry_lognormal_annual_sd_1.2,Q2,E01,IMMEDIATELY_ABOVE,1,1,0,1,0,1,0,0,,1.0,0.0,,,0.015625,0.0,0.0,0.0,0.0979461669921875,0.0979461669921875,1.0,0.571044921875,0.0979461669921875,0.0979461669921875,1.0,0.571044921875
INFERENCE_ONLY8,3,1024,entry_lognormal_annual_sd_1.2,Q2,E01,IMMEDIATELY_BELOW,0,0,0,0,0,0,0,0,,,,,,,,,,,,,,,,,
INFERENCE_ONLY8,3,1024,entry_lognormal_annual_sd_1.2,Q2,E01,MODERATELY_ABOVE,0,0,0,0,0,0,0,0,,,,,,,,,,,,,,,,,
INFERENCE_ONLY8,3,1024,entry_lognormal_annual_sd_1.2,Q2,E01,MODERATELY_BELOW,1,1,0,1,0,1,0,0,,1.0,0.0,,,0.390625,0.0,0.0,0.0,0.29345703125,0.29345703125,0.0,0.0,0.29345703125,0.29345703125,0.0,0.0
INFERENCE_ONLY8,3,1024,entry_lognormal_annual_sd_1.2,Q2,E01,OUTSIDE_ABOVE,0,0,0,0,0,0,0,0,,,,,,,,,,,,,,,,,
INFERENCE_ONLY8,3,1024,entry_lognormal_annual_sd_1.2,Q2,E01,OUTSIDE_BELOW,3,3,0,3,0,3,0,0,,1.0,0.0,,,0.3333333333333333,0.0,0.0,0.0,0.02191162109375,0.02191162109375,0.6666666666666666,0.00021158854166665927,0.12581888834635416,0.12581888834635416,0.6666666666666666,0.022705078125
INFERENCE_ONLY8,3,1024,entry_lognormal_annual_sd_1.2,Q2,E11,CLEARLY_ABOVE,0,0,0,0,0,0,0,0,,,,,,,,,,,,,,,,,
INFERENCE_ONLY8,3,1024,entry_lognormal_annual_sd_1.2,Q2,E11,CLEARLY_BELOW,3,3,0,3,0,3,0,0,,1.0,0.0,,,0.0,0.0,0.0,0.0,0.0024871826171875,0.0024871826171875,1.0,0.03082682291666668,0.0024871826171875,0.0024871826171875,1.0,0.03082682291666668
INFERENCE_ONLY8,3,1024,entry_lognormal_annual_sd_1.2,Q2,E11,IMMEDIATELY_ABOVE,1,1,0,1,0,1,0,0,,1.0,0.0,,,0.0,0.0,0.0,0.0,-0.0025177001953125,0.0025177001953125,1.0,0.021679687499999933,-0.0025177001953125,0.0025177001953125,1.0,0.021679687499999933
INFERENCE_ONLY8,3,1024,entry_lognormal_annual_sd_1.2,Q2,E11,IMMEDIATELY_BELOW,0,0,0,0,0,0,0,0,,,,,,,,,,,,,,,,,
INFERENCE_ONLY8,3,1024,entry_lognormal_annual_sd_1.2,Q2,E11,MODERATELY_ABOVE,0,0,0,0,0,0,0,0,,,,,,,,,,,,,,,,,
INFERENCE_ONLY8,3,1024,entry_lognormal_annual_sd_1.2,Q2,E11,MODERATELY_BELOW,1,1,0,1,0,1,0,0,,1.0,0.0,,,0.0,0.0,0.0,0.0,0.0107421875,0.0107421875,1.0,0.03769531250000002,0.0107421875,0.0107421875,1.0,0.03769531250000002
INFERENCE_ONLY8,3,1024,entry_lognormal_annual_sd_1.2,Q2,E11,OUTSIDE_ABOVE,0,0,0,0,0,0,0,0,,,,,,,,,,,,,,,,,
INFERENCE_ONLY8,3,1024,entry_lognormal_annual_sd_1.2,Q2,E11,OUTSIDE_BELOW,3,3,0,3,0,3,0,0,,1.0,0.0,,,0.0,0.0,0.0,0.0,0.004048665364583333,0.004048665364583333,0.6666666666666666,0.004524739583333326,0.024256388346354168,0.024256388346354168,0.6666666666666666,0.008870442708333334
INFERENCE_ONLY8,4,1024,correct,Q1,E00,CLEARLY_ABOVE,0,0,0,0,0,0,0,0,,,,,,,,,,,,,,,,,
INFERENCE_ONLY8,4,1024,correct,Q1,E00,CLEARLY_BELOW,3,3,0,3,0,3,0,0,,1.0,0.0,,,0.13541666666666666,0.0,0.0,0.0,-0.3161671956380208,0.4384918212890625,0.6666666666666666,0.4268554687499999,-0.3161671956380208,0.4384918212890625,0.6666666666666666,0.4268554687499999
INFERENCE_ONLY8,4,1024,correct,Q1,E00,IMMEDIATELY_ABOVE,1,1,0,1,0,1,0,0,,1.0,0.0,,,0.015625,0.0,0.0,0.0,0.235626220703125,0.235626220703125,0.0,0.0,0.235626220703125,0.235626220703125,0.0,0.0
INFERENCE_ONLY8,4,1024,correct,Q1,E00,IMMEDIATELY_BELOW,0,0,0,0,0,0,0,0,,,,,,,,,,,,,,,,,
INFERENCE_ONLY8,4,1024,correct,Q1,E00,MODERATELY_ABOVE,0,0,0,0,0,0,0,0,,,,,,,,,,,,,,,,,
INFERENCE_ONLY8,4,1024,correct,Q1,E00,MODERATELY_BELOW,1,1,0,1,0,1,0,0,,1.0,0.0,,,1.0,0.0,0.0,0.0,0.282562255859375,0.282562255859375,0.0,0.0,0.282562255859375,0.282562255859375,0.0,0.0
INFERENCE_ONLY8,4,1024,correct,Q1,E00,OUTSIDE_ABOVE,1,1,1,0,0,0,0,1,0.0,,,1.0,,0.0,1.0,0.0,0.0,0.0534210205078125,0.0534210205078125,0.0,0.0006347656249999778,0.2970428466796875,0.2970428466796875,0.0,0.12954101562499998
INFERENCE_ONLY8,4,1024,correct,Q1,E00,OUTSIDE_BELOW,2,2,0,2,0,2,0,0,,1.0,0.0,,,0.0,0.0,0.0,0.0,0.0,0.0,1.0,0.0,0.0,0.0,1.0,0.0
INFERENCE_ONLY8,4,1024,correct,Q1,E10,CLEARLY_ABOVE,0,0,0,0,0,0,0,0,,,,,,,,,,,,,,,,,
INFERENCE_ONLY8,4,1024,correct,Q1,E10,CLEARLY_BELOW,3,3,0,3,0,3,0,0,,1.0,0.0,,,0.08854166666666667,0.0,0.0,0.0,-0.2695363362630208,0.2695363362630208,1.0,0.8970377604166666,-0.2695363362630208,0.2695363362630208,1.0,0.8970377604166666
INFERENCE_ONLY8,4,1024,correct,Q1,E10,IMMEDIATELY_ABOVE,1,1,0,1,0,1,0,0,,1.0,0.0,,,0.0,0.0,0.0,0.0,0.042633056640625,0.042633056640625,1.0,0.14956054687499998,0.042633056640625,0.042633056640625,1.0,0.14956054687499998
INFERENCE_ONLY8,4,1024,correct,Q1,E10,IMMEDIATELY_BELOW,0,0,0,0,0,0,0,0,,,,,,,,,,,,,,,,,
INFERENCE_ONLY8,4,1024,correct,Q1,E10,MODERATELY_ABOVE,0,0,0,0,0,0,0,0,,,,,,,,,,,,,,,,,
INFERENCE_ONLY8,4,1024,correct,Q1,E10,MODERATELY_BELOW,1,1,0,1,0,1,0,0,,1.0,0.0,,,0.0,0.0,0.0,0.0,0.033050537109375,0.033050537109375,1.0,0.08237304687500002,0.033050537109375,0.033050537109375,1.0,0.08237304687500002
INFERENCE_ONLY8,4,1024,correct,Q1,E10,OUTSIDE_ABOVE,1,1,1,0,0,0,0,1,0.0,,,1.0,,0.0,1.0,0.0,0.0,0.0160675048828125,0.0160675048828125,0.0,0.020312500000000067,0.0911102294921875,0.0911102294921875,1.0,0.30375976562499996
INFERENCE_ONLY8,4,1024,correct,Q1,E10,OUTSIDE_BELOW,2,2,0,2,0,2,0,0,,1.0,0.0,,,0.0,0.0,0.0,0.0,0.0,0.0,1.0,0.0,0.0,0.0,1.0,0.0
INFERENCE_ONLY8,4,1024,correct,Q1,E01,CLEARLY_ABOVE,0,0,0,0,0,0,0,0,,,,,,,,,,,,,,,,,
INFERENCE_ONLY8,4,1024,correct,Q1,E01,CLEARLY_BELOW,3,3,0,3,0,3,0,0,,1.0,0.0,,,0.2552083333333333,0.0,0.0,0.0,-0.2826792399088542,0.4706776936848958,0.0,0.25672200520833327,-0.2826792399088542,0.4706776936848958,0.0,0.25672200520833327
INFERENCE_ONLY8,4,1024,correct,Q1,E01,IMMEDIATELY_ABOVE,1,1,0,1,0,1,0,0,,1.0,0.0,,,0.015625,0.0,0.0,0.0,0.235626220703125,0.235626220703125,0.0,0.0,0.235626220703125,0.235626220703125,0.0,0.0
INFERENCE_ONLY8,4,1024,correct,Q1,E01,IMMEDIATELY_BELOW,0,0,0,0,0,0,0,0,,,,,,,,,,,,,,,,,
INFERENCE_ONLY8,4,1024,correct,Q1,E01,MODERATELY_ABOVE,0,0,0,0,0,0,0,0,,,,,,,,,,,,,,,,,
INFERENCE_ONLY8,4,1024,correct,Q1,E01,MODERATELY_BELOW,1,1,0,1,0,1,0,0,,1.0,0.0,,,1.0,0.0,0.0,0.0,0.282562255859375,0.282562255859375,0.0,0.0,0.282562255859375,0.282562255859375,0.0,0.0
INFERENCE_ONLY8,4,1024,correct,Q1,E01,OUTSIDE_ABOVE,1,1,1,0,0,0,0,1,0.0,,,1.0,,0.0,1.0,0.0,0.0,0.0535430908203125,0.0535430908203125,0.0,0.0,0.2726287841796875,0.2726287841796875,0.0,0.16123046875000002
INFERENCE_ONLY8,4,1024,correct,Q1,E01,OUTSIDE_BELOW,2,2,0,2,0,2,0,0,,1.0,0.0,,,0.0,0.0,0.0,0.0,0.0,0.0,1.0,0.0,0.0,0.0,1.0,0.0
INFERENCE_ONLY8,4,1024,correct,Q1,E11,CLEARLY_ABOVE,0,0,0,0,0,0,0,0,,,,,,,,,,,,,,,,,
INFERENCE_ONLY8,4,1024,correct,Q1,E11,CLEARLY_BELOW,3,3,0,3,0,3,0,0,,1.0,0.0,,,0.0,0.0,0.0,0.0,0.0009714762369791666,0.004786173502604167,1.0,0.03082682291666668,0.0009714762369791666,0.004786173502604167,1.0,0.03082682291666668
INFERENCE_ONLY8,4,1024,correct,Q1,E11,IMMEDIATELY_ABOVE,1,1,0,1,0,1,0,0,,1.0,0.0,,,0.0,0.0,0.0,0.0,-0.002532958984375,0.002532958984375,1.0,0.021679687499999933,-0.002532958984375,0.002532958984375,1.0,0.021679687499999933
INFERENCE_ONLY8,4,1024,correct,Q1,E11,IMMEDIATELY_BELOW,0,0,0,0,0,0,0,0,,,,,,,,,,,,,,,,,
INFERENCE_ONLY8,4,1024,correct,Q1,E11,MODERATELY_ABOVE,0,0,0,0,0,0,0,0,,,,,,,,,,,,,,,,,
INFERENCE_ONLY8,4,1024,correct,Q1,E11,MODERATELY_BELOW,1,1,0,1,0,1,0,0,,1.0,0.0,,,0.0,0.0,0.0,0.0,-0.000152587890625,0.000152587890625,1.0,0.03769531250000002,-0.000152587890625,0.000152587890625,1.0,0.03769531250000002
INFERENCE_ONLY8,4,1024,correct,Q1,E11,OUTSIDE_ABOVE,1,1,1,0,0,0,0,1,0.0,,,1.0,,0.0,1.0,0.0,0.0,-0.0001678466796875,0.0001678466796875,1.0,0.013574218749999978,-0.0021514892578125,0.0021514892578125,1.0,0.026611328125
INFERENCE_ONLY8,4,1024,correct,Q1,E11,OUTSIDE_BELOW,2,2,0,2,0,2,0,0,,1.0,0.0,,,0.0,0.0,0.0,0.0,0.0,0.0,1.0,0.0,0.0,0.0,1.0,0.0
INFERENCE_ONLY8,4,1024,correct,Q2,E00,CLEARLY_ABOVE,0,0,0,0,0,0,0,0,,,,,,,,,,,,,,,,,
INFERENCE_ONLY8,4,1024,correct,Q2,E00,CLEARLY_BELOW,4,4,0,4,0,4,0,0,,1.0,0.0,,,0.3515625,0.0,0.0,0.0,-0.2237701416015625,0.34222412109375,0.5,0.32030029296874996,-0.16286468505859375,0.40312957763671875,0.5,0.35252685546874996
INFERENCE_ONLY8,4,1024,correct,Q2,E00,IMMEDIATELY_ABOVE,1,1,0,1,0,1,0,0,,1.0,0.0,,,0.015625,0.0,0.0,0.0,0.235626220703125,0.235626220703125,0.0,0.0,0.235626220703125,0.235626220703125,0.0,0.0
INFERENCE_ONLY8,4,1024,correct,Q2,E00,IMMEDIATELY_BELOW,0,0,0,0,0,0,0,0,,,,,,,,,,,,,,,,,
INFERENCE_ONLY8,4,1024,correct,Q2,E00,MODERATELY_ABOVE,0,0,0,0,0,0,0,0,,,,,,,,,,,,,,,,,
INFERENCE_ONLY8,4,1024,correct,Q2,E00,MODERATELY_BELOW,1,1,0,1,0,1,0,0,,1.0,0.0,,,1.0,0.0,0.0,0.0,0.282562255859375,0.282562255859375,0.0,0.0,0.282562255859375,0.282562255859375,0.0,0.0
INFERENCE_ONLY8,4,1024,correct,Q2,E00,OUTSIDE_ABOVE,0,0,0,0,0,0,0,0,,,,,,,,,,,,,,,,,
INFERENCE_ONLY8,4,1024,correct,Q2,E00,OUTSIDE_BELOW,2,2,0,2,0,2,0,0,,1.0,0.0,,,0.0,0.0,0.0,0.0,0.0,0.0,1.0,0.0,0.0,0.0,1.0,0.0
INFERENCE_ONLY8,4,1024,correct,Q2,E10,CLEARLY_ABOVE,0,0,0,0,0,0,0,0,,,,,,,,,,,,,,,,,
INFERENCE_ONLY8,4,1024,correct,Q2,E10,CLEARLY_BELOW,4,4,0,4,0,4,0,0,,1.0,0.0,,,0.12890625,0.0,0.0,0.25,-0.1981353759765625,0.20616912841796875,0.75,0.6778564453125,-0.17937469482421875,0.2249298095703125,1.0,0.74871826171875
INFERENCE_ONLY8,4,1024,correct,Q2,E10,IMMEDIATELY_ABOVE,1,1,0,1,0,1,0,0,,1.0,0.0,,,0.0,0.0,0.0,0.0,0.042633056640625,0.042633056640625,1.0,0.14956054687499998,0.042633056640625,0.042633056640625,1.0,0.14956054687499998
INFERENCE_ONLY8,4,1024,correct,Q2,E10,IMMEDIATELY_BELOW,0,0,0,0,0,0,0,0,,,,,,,,,,,,,,,,,
INFERENCE_ONLY8,4,1024,correct,Q2,E10,MODERATELY_ABOVE,0,0,0,0,0,0,0,0,,,,,,,,,,,,,,,,,
INFERENCE_ONLY8,4,1024,correct,Q2,E10,MODERATELY_BELOW,1,1,0,1,0,1,0,0,,1.0,0.0,,,0.0,0.0,0.0,0.0,0.033050537109375,0.033050537109375,1.0,0.08237304687500002,0.033050537109375,0.033050537109375,1.0,0.08237304687500002
INFERENCE_ONLY8,4,1024,correct,Q2,E10,OUTSIDE_ABOVE,0,0,0,0,0,0,0,0,,,,,,,,,,,,,,,,,
INFERENCE_ONLY8,4,1024,correct,Q2,E10,OUTSIDE_BELOW,2,2,0,2,0,2,0,0,,1.0,0.0,,,0.0,0.0,0.0,0.0,0.0,0.0,1.0,0.0,0.0,0.0,1.0,0.0
INFERENCE_ONLY8,4,1024,correct,Q2,E01,CLEARLY_ABOVE,0,0,0,0,0,0,0,0,,,,,,,,,,,,,,,,,
INFERENCE_ONLY8,4,1024,correct,Q2,E01,CLEARLY_BELOW,4,4,0,4,0,4,0,0,,1.0,0.0,,,0.44140625,0.0,0.0,0.0,-0.1986236572265625,0.36639404296875,0.0,0.19254150390624997,-0.14385223388671875,0.42116546630859375,0.0,0.23284912109374997
INFERENCE_ONLY8,4,1024,correct,Q2,E01,IMMEDIATELY_ABOVE,1,1,0,1,0,1,0,0,,1.0,0.0,,,0.015625,0.0,0.0,0.0,0.235626220703125,0.235626220703125,0.0,0.0,0.235626220703125,0.235626220703125,0.0,0.0
INFERENCE_ONLY8,4,1024,correct,Q2,E01,IMMEDIATELY_BELOW,0,0,0,0,0,0,0,0,,,,,,,,,,,,,,,,,
INFERENCE_ONLY8,4,1024,correct,Q2,E01,MODERATELY_ABOVE,0,0,0,0,0,0,0,0,,,,,,,,,,,,,,,,,
INFERENCE_ONLY8,4,1024,correct,Q2,E01,MODERATELY_BELOW,1,1,0,1,0,1,0,0,,1.0,0.0,,,1.0,0.0,0.0,0.0,0.282562255859375,0.282562255859375,0.0,0.0,0.282562255859375,0.282562255859375,0.0,0.0
INFERENCE_ONLY8,4,1024,correct,Q2,E01,OUTSIDE_ABOVE,0,0,0,0,0,0,0,0,,,,,,,,,,,,,,,,,
INFERENCE_ONLY8,4,1024,correct,Q2,E01,OUTSIDE_BELOW,2,2,0,2,0,2,0,0,,1.0,0.0,,,0.0,0.0,0.0,0.0,0.0,0.0,1.0,0.0,0.0,0.0,1.0,0.0
INFERENCE_ONLY8,4,1024,correct,Q2,E11,CLEARLY_ABOVE,0,0,0,0,0,0,0,0,,,,,,,,,,,,,,,,,
INFERENCE_ONLY8,4,1024,correct,Q2,E11,CLEARLY_BELOW,4,4,0,4,0,4,0,0,,1.0,0.0,,,0.0,0.0,0.0,0.0,0.0006866455078125,0.003631591796875,1.0,0.026513671875000006,0.00019073486328125,0.00412750244140625,1.0,0.02977294921875001
INFERENCE_ONLY8,4,1024,correct,Q2,E11,IMMEDIATELY_ABOVE,1,1,0,1,0,1,0,0,,1.0,0.0,,,0.0,0.0,0.0,0.0,-0.002532958984375,0.002532958984375,1.0,0.021679687499999933,-0.002532958984375,0.002532958984375,1.0,0.021679687499999933
INFERENCE_ONLY8,4,1024,correct,Q2,E11,IMMEDIATELY_BELOW,0,0,0,0,0,0,0,0,,,,,,,,,,,,,,,,,
INFERENCE_ONLY8,4,1024,correct,Q2,E11,MODERATELY_ABOVE,0,0,0,0,0,0,0,0,,,,,,,,,,,,,,,,,
INFERENCE_ONLY8,4,1024,correct,Q2,E11,MODERATELY_BELOW,1,1,0,1,0,1,0,0,,1.0,0.0,,,0.0,0.0,0.0,0.0,-0.000152587890625,0.000152587890625,1.0,0.03769531250000002,-0.000152587890625,0.000152587890625,1.0,0.03769531250000002
INFERENCE_ONLY8,4,1024,correct,Q2,E11,OUTSIDE_ABOVE,0,0,0,0,0,0,0,0,,,,,,,,,,,,,,,,,
INFERENCE_ONLY8,4,1024,correct,Q2,E11,OUTSIDE_BELOW,2,2,0,2,0,2,0,0,,1.0,0.0,,,0.0,0.0,0.0,0.0,0.0,0.0,1.0,0.0,0.0,0.0,1.0,0.0
INFERENCE_ONLY8,4,1024,hemlock_extra_hazard_0.12,Q1,E00,CLEARLY_ABOVE,0,0,0,0,0,0,0,0,,,,,,,,,,,,,,,,,
INFERENCE_ONLY8,4,1024,hemlock_extra_hazard_0.12,Q1,E00,CLEARLY_BELOW,0,0,0,0,0,0,0,0,,,,,,,,,,,,,,,,,
INFERENCE_ONLY8,4,1024,hemlock_extra_hazard_0.12,Q1,E00,IMMEDIATELY_ABOVE,0,0,0,0,0,0,0,0,,,,,,,,,,,,,,,,,
INFERENCE_ONLY8,4,1024,hemlock_extra_hazard_0.12,Q1,E00,IMMEDIATELY_BELOW,0,0,0,0,0,0,0,0,,,,,,,,,,,,,,,,,
INFERENCE_ONLY8,4,1024,hemlock_extra_hazard_0.12,Q1,E00,MODERATELY_ABOVE,0,0,0,0,0,0,0,0,,,,,,,,,,,,,,,,,
INFERENCE_ONLY8,4,1024,hemlock_extra_hazard_0.12,Q1,E00,MODERATELY_BELOW,0,0,0,0,0,0,0,0,,,,,,,,,,,,,,,,,
INFERENCE_ONLY8,4,1024,hemlock_extra_hazard_0.12,Q1,E00,OUTSIDE_ABOVE,1,1,1,0,0,0,0,1,0.0,,,1.0,,0.0,1.0,0.0,0.0,0.131561279296875,0.131561279296875,0.0,0.0006347656249999778,0.870880126953125,0.870880126953125,0.0,0.12954101562499998
INFERENCE_ONLY8,4,1024,hemlock_extra_hazard_0.12,Q1,E00,OUTSIDE_BELOW,7,7,0,7,0,7,0,0,,1.0,0.0,,,0.203125,0.0,0.0,0.0,0.43563406808035715,0.43563406808035715,0.5714285714285714,0.18293805803571425,0.43563406808035715,0.43563406808035715,0.5714285714285714,0.18293805803571425
INFERENCE_ONLY8,4,1024,hemlock_extra_hazard_0.12,Q1,E10,CLEARLY_ABOVE,0,0,0,0,0,0,0,0,,,,,,,,,,,,,,,,,
INFERENCE_ONLY8,4,1024,hemlock_extra_hazard_0.12,Q1,E10,CLEARLY_BELOW,0,0,0,0,0,0,0,0,,,,,,,,,,,,,,,,,
INFERENCE_ONLY8,4,1024,hemlock_extra_hazard_0.12,Q1,E10,IMMEDIATELY_ABOVE,0,0,0,0,0,0,0,0,,,,,,,,,,,,,,,,,
INFERENCE_ONLY8,4,1024,hemlock_extra_hazard_0.12,Q1,E10,IMMEDIATELY_BELOW,0,0,0,0,0,0,0,0,,,,,,,,,,,,,,,,,
INFERENCE_ONLY8,4,1024,hemlock_extra_hazard_0.12,Q1,E10,MODERATELY_ABOVE,0,0,0,0,0,0,0,0,,,,,,,,,,,,,,,,,
INFERENCE_ONLY8,4,1024,hemlock_extra_hazard_0.12,Q1,E10,MODERATELY_BELOW,0,0,0,0,0,0,0,0,,,,,,,,,,,,,,,,,
INFERENCE_ONLY8,4,1024,hemlock_extra_hazard_0.12,Q1,E10,OUTSIDE_ABOVE,1,1,1,0,0,0,0,1,0.0,,,1.0,,0.0,1.0,0.0,0.0,0.094207763671875,0.094207763671875,0.0,0.020312500000000067,0.664947509765625,0.664947509765625,0.0,0.30375976562499996
INFERENCE_ONLY8,4,1024,hemlock_extra_hazard_0.12,Q1,E10,OUTSIDE_BELOW,7,7,0,7,0,7,0,0,,1.0,0.0,,,0.03794642857142857,0.0,0.0,0.0,0.3924037388392857,0.3924037388392857,0.5714285714285714,0.41757812499999997,0.3924037388392857,0.3924037388392857,0.5714285714285714,0.41757812499999997
INFERENCE_ONLY8,4,1024,hemlock_extra_hazard_0.12,Q1,E01,CLEARLY_ABOVE,0,0,0,0,0,0,0,0,,,,,,,,,,,,,,,,,
INFERENCE_ONLY8,4,1024,hemlock_extra_hazard_0.12,Q1,E01,CLEARLY_BELOW,0,0,0,0,0,0,0,0,,,,,,,,,,,,,,,,,
INFERENCE_ONLY8,4,1024,hemlock_extra_hazard_0.12,Q1,E01,IMMEDIATELY_ABOVE,0,0,0,0,0,0,0,0,,,,,,,,,,,,,,,,,
INFERENCE_ONLY8,4,1024,hemlock_extra_hazard_0.12,Q1,E01,IMMEDIATELY_BELOW,0,0,0,0,0,0,0,0,,,,,,,,,,,,,,,,,
INFERENCE_ONLY8,4,1024,hemlock_extra_hazard_0.12,Q1,E01,MODERATELY_ABOVE,0,0,0,0,0,0,0,0,,,,,,,,,,,,,,,,,
INFERENCE_ONLY8,4,1024,hemlock_extra_hazard_0.12,Q1,E01,MODERATELY_BELOW,0,0,0,0,0,0,0,0,,,,,,,,,,,,,,,,,
INFERENCE_ONLY8,4,1024,hemlock_extra_hazard_0.12,Q1,E01,OUTSIDE_ABOVE,1,1,1,0,0,0,0,1,0.0,,,1.0,,0.0,1.0,0.0,0.0,0.131683349609375,0.131683349609375,0.0,0.0,0.846466064453125,0.846466064453125,0.0,0.16123046875000002
INFERENCE_ONLY8,4,1024,hemlock_extra_hazard_0.12,Q1,E01,OUTSIDE_BELOW,7,7,0,7,0,7,0,0,,1.0,0.0,,,0.2544642857142857,0.0,0.0,0.0,0.44998604910714285,0.44998604910714285,0.2857142857142857,0.11002371651785713,0.44998604910714285,0.44998604910714285,0.2857142857142857,0.11002371651785713
INFERENCE_ONLY8,4,1024,hemlock_extra_hazard_0.12,Q1,E11,CLEARLY_ABOVE,0,0,0,0,0,0,0,0,,,,,,,,,,,,,,,,,
INFERENCE_ONLY8,4,1024,hemlock_extra_hazard_0.12,Q1,E11,CLEARLY_BELOW,0,0,0,0,0,0,0,0,,,,,,,,,,,,,,,,,
INFERENCE_ONLY8,4,1024,hemlock_extra_hazard_0.12,Q1,E11,IMMEDIATELY_ABOVE,0,0,0,0,0,0,0,0,,,,,,,,,,,,,,,,,
INFERENCE_ONLY8,4,1024,hemlock_extra_hazard_0.12,Q1,E11,IMMEDIATELY_BELOW,0,0,0,0,0,0,0,0,,,,,,,,,,,,,,,,,
INFERENCE_ONLY8,4,1024,hemlock_extra_hazard_0.12,Q1,E11,MODERATELY_ABOVE,0,0,0,0,0,0,0,0,,,,,,,,,,,,,,,,,
INFERENCE_ONLY8,4,1024,hemlock_extra_hazard_0.12,Q1,E11,MODERATELY_BELOW,0,0,0,0,0,0,0,0,,,,,,,,,,,,,,,,,
INFERENCE_ONLY8,4,1024,hemlock_extra_hazard_0.12,Q1,E11,OUTSIDE_ABOVE,1,1,1,0,0,0,0,1,0.0,,,1.0,,0.0,1.0,0.0,0.0,0.077972412109375,0.077972412109375,0.0,0.013574218749999978,0.571685791015625,0.571685791015625,0.0,0.026611328125
INFERENCE_ONLY8,4,1024,hemlock_extra_hazard_0.12,Q1,E11,OUTSIDE_BELOW,7,7,0,7,0,7,0,0,,1.0,0.0,,,0.0,0.0,0.0,0.0,0.4971400669642857,0.4971400669642857,0.2857142857142857,0.021693638392857144,0.4971400669642857,0.4971400669642857,0.2857142857142857,0.021693638392857144
INFERENCE_ONLY8,4,1024,hemlock_extra_hazard_0.12,Q2,E00,CLEARLY_ABOVE,0,0,0,0,0,0,0,0,,,,,,,,,,,,,,,,,
INFERENCE_ONLY8,4,1024,hemlock_extra_hazard_0.12,Q2,E00,CLEARLY_BELOW,0,0,0,0,0,0,0,0,,,,,,,,,,,,,,,,,
INFERENCE_ONLY8,4,1024,hemlock_extra_hazard_0.12,Q2,E00,IMMEDIATELY_ABOVE,0,0,0,0,0,0,0,0,,,,,,,,,,,,,,,,,
INFERENCE_ONLY8,4,1024,hemlock_extra_hazard_0.12,Q2,E00,IMMEDIATELY_BELOW,0,0,0,0,0,0,0,0,,,,,,,,,,,,,,,,,
INFERENCE_ONLY8,4,1024,hemlock_extra_hazard_0.12,Q2,E00,MODERATELY_ABOVE,0,0,0,0,0,0,0,0,,,,,,,,,,,,,,,,,
INFERENCE_ONLY8,4,1024,hemlock_extra_hazard_0.12,Q2,E00,MODERATELY_BELOW,0,0,0,0,0,0,0,0,,,,,,,,,,,,,,,,,
INFERENCE_ONLY8,4,1024,hemlock_extra_hazard_0.12,Q2,E00,OUTSIDE_ABOVE,0,0,0,0,0,0,0,0,,,,,,,,,,,,,,,,,
INFERENCE_ONLY8,4,1024,hemlock_extra_hazard_0.12,Q2,E00,OUTSIDE_BELOW,8,8,0,8,0,8,0,0,,1.0,0.0,,,0.302734375,0.0,0.0,0.0,0.3976249694824219,0.3976249694824219,0.5,0.16015014648437498,0.4900398254394531,0.4900398254394531,0.5,0.17626342773437498
INFERENCE_ONLY8,4,1024,hemlock_extra_hazard_0.12,Q2,E10,CLEARLY_ABOVE,0,0,0,0,0,0,0,0,,,,,,,,,,,,,,,,,
INFERENCE_ONLY8,4,1024,hemlock_extra_hazard_0.12,Q2,E10,CLEARLY_BELOW,0,0,0,0,0,0,0,0,,,,,,,,,,,,,,,,,
INFERENCE_ONLY8,4,1024,hemlock_extra_hazard_0.12,Q2,E10,IMMEDIATELY_ABOVE,0,0,0,0,0,0,0,0,,,,,,,,,,,,,,,,,
INFERENCE_ONLY8,4,1024,hemlock_extra_hazard_0.12,Q2,E10,IMMEDIATELY_BELOW,0,0,0,0,0,0,0,0,,,,,,,,,,,,,,,,,
INFERENCE_ONLY8,4,1024,hemlock_extra_hazard_0.12,Q2,E10,MODERATELY_ABOVE,0,0,0,0,0,0,0,0,,,,,,,,,,,,,,,,,
INFERENCE_ONLY8,4,1024,hemlock_extra_hazard_0.12,Q2,E10,MODERATELY_BELOW,0,0,0,0,0,0,0,0,,,,,,,,,,,,,,,,,
INFERENCE_ONLY8,4,1024,hemlock_extra_hazard_0.12,Q2,E10,OUTSIDE_ABOVE,0,0,0,0,0,0,0,0,,,,,,,,,,,,,,,,,
INFERENCE_ONLY8,4,1024,hemlock_extra_hazard_0.12,Q2,E10,OUTSIDE_BELOW,8,8,0,8,0,8,0,0,,1.0,0.0,,,0.064453125,0.0,0.0,0.125,0.3551292419433594,0.3551292419433594,0.5,0.367919921875,0.4264717102050781,0.4264717102050781,0.5,0.40335083007812494
INFERENCE_ONLY8,4,1024,hemlock_extra_hazard_0.12,Q2,E01,CLEARLY_ABOVE,0,0,0,0,0,0,0,0,,,,,,,,,,,,,,,,,
INFERENCE_ONLY8,4,1024,hemlock_extra_hazard_0.12,Q2,E01,CLEARLY_BELOW,0,0,0,0,0,0,0,0,,,,,,,,,,,,,,,,,
INFERENCE_ONLY8,4,1024,hemlock_extra_hazard_0.12,Q2,E01,IMMEDIATELY_ABOVE,0,0,0,0,0,0,0,0,,,,,,,,,,,,,,,,,
INFERENCE_ONLY8,4,1024,hemlock_extra_hazard_0.12,Q2,E01,IMMEDIATELY_BELOW,0,0,0,0,0,0,0,0,,,,,,,,,,,,,,,,,
INFERENCE_ONLY8,4,1024,hemlock_extra_hazard_0.12,Q2,E01,MODERATELY_ABOVE,0,0,0,0,0,0,0,0,,,,,,,,,,,,,,,,,
INFERENCE_ONLY8,4,1024,hemlock_extra_hazard_0.12,Q2,E01,MODERATELY_BELOW,0,0,0,0,0,0,0,0,,,,,,,,,,,,,,,,,
INFERENCE_ONLY8,4,1024,hemlock_extra_hazard_0.12,Q2,E01,OUTSIDE_ABOVE,0,0,0,0,0,0,0,0,,,,,,,,,,,,,,,,,
INFERENCE_ONLY8,4,1024,hemlock_extra_hazard_0.12,Q2,E01,OUTSIDE_BELOW,8,8,0,8,0,8,0,0,,1.0,0.0,,,0.34765625,0.0,0.0,0.0,0.4101982116699219,0.4101982116699219,0.25,0.09627075195312498,0.4995460510253906,0.4995460510253906,0.25,0.11642456054687499
INFERENCE_ONLY8,4,1024,hemlock_extra_hazard_0.12,Q2,E11,CLEARLY_ABOVE,0,0,0,0,0,0,0,0,,,,,,,,,,,,,,,,,
INFERENCE_ONLY8,4,1024,hemlock_extra_hazard_0.12,Q2,E11,CLEARLY_BELOW,0,0,0,0,0,0,0,0,,,,,,,,,,,,,,,,,
INFERENCE_ONLY8,4,1024,hemlock_extra_hazard_0.12,Q2,E11,IMMEDIATELY_ABOVE,0,0,0,0,0,0,0,0,,,,,,,,,,,,,,,,,
INFERENCE_ONLY8,4,1024,hemlock_extra_hazard_0.12,Q2,E11,IMMEDIATELY_BELOW,0,0,0,0,0,0,0,0,,,,,,,,,,,,,,,,,
INFERENCE_ONLY8,4,1024,hemlock_extra_hazard_0.12,Q2,E11,MODERATELY_ABOVE,0,0,0,0,0,0,0,0,,,,,,,,,,,,,,,,,
INFERENCE_ONLY8,4,1024,hemlock_extra_hazard_0.12,Q2,E11,MODERATELY_BELOW,0,0,0,0,0,0,0,0,,,,,,,,,,,,,,,,,
INFERENCE_ONLY8,4,1024,hemlock_extra_hazard_0.12,Q2,E11,OUTSIDE_ABOVE,0,0,0,0,0,0,0,0,,,,,,,,,,,,,,,,,
INFERENCE_ONLY8,4,1024,hemlock_extra_hazard_0.12,Q2,E11,OUTSIDE_BELOW,8,8,0,8,0,8,0,0,,1.0,0.0,,,0.0,0.0,0.0,0.0,0.4447441101074219,0.4447441101074219,0.25,0.020678710937499997,0.5064582824707031,0.5064582824707031,0.25,0.022308349609375
INFERENCE_ONLY8,4,1024,entry_lognormal_annual_sd_1.2,Q1,E00,CLEARLY_ABOVE,0,0,0,0,0,0,0,0,,,,,,,,,,,,,,,,,
INFERENCE_ONLY8,4,1024,entry_lognormal_annual_sd_1.2,Q1,E00,CLEARLY_BELOW,3,3,0,3,0,3,0,0,,1.0,0.0,,,0.13541666666666666,0.0,0.0,0.0,-0.3146514892578125,0.4411366780598958,0.6666666666666666,0.4268554687499999,-0.3146514892578125,0.4411366780598958,0.6666666666666666,0.4268554687499999
INFERENCE_ONLY8,4,1024,entry_lognormal_annual_sd_1.2,Q1,E00,IMMEDIATELY_ABOVE,1,1,0,1,0,1,0,0,,1.0,0.0,,,0.015625,0.0,0.0,0.0,0.2356414794921875,0.2356414794921875,0.0,0.0,0.2356414794921875,0.2356414794921875,0.0,0.0
INFERENCE_ONLY8,4,1024,entry_lognormal_annual_sd_1.2,Q1,E00,IMMEDIATELY_BELOW,0,0,0,0,0,0,0,0,,,,,,,,,,,,,,,,,
INFERENCE_ONLY8,4,1024,entry_lognormal_annual_sd_1.2,Q1,E00,MODERATELY_ABOVE,0,0,0,0,0,0,0,0,,,,,,,,,,,,,,,,,
INFERENCE_ONLY8,4,1024,entry_lognormal_annual_sd_1.2,Q1,E00,MODERATELY_BELOW,1,1,0,1,0,1,0,0,,1.0,0.0,,,1.0,0.0,0.0,0.0,0.29345703125,0.29345703125,0.0,0.0,0.29345703125,0.29345703125,0.0,0.0
INFERENCE_ONLY8,4,1024,entry_lognormal_annual_sd_1.2,Q1,E00,OUTSIDE_ABOVE,1,1,1,0,0,0,0,1,0.0,,,1.0,,0.0,1.0,0.0,0.0,0.06573486328125,0.06573486328125,0.0,0.0006347656249999778,0.3719635009765625,0.3719635009765625,0.0,0.12954101562499998
INFERENCE_ONLY8,4,1024,entry_lognormal_annual_sd_1.2,Q1,E00,OUTSIDE_BELOW,2,2,0,2,0,2,0,0,,1.0,0.0,,,0.0,0.0,0.0,0.0,0.0,0.0,1.0,0.0,0.0,0.0,1.0,0.0
INFERENCE_ONLY8,4,1024,entry_lognormal_annual_sd_1.2,Q1,E10,CLEARLY_ABOVE,0,0,0,0,0,0,0,0,,,,,,,,,,,,,,,,,
INFERENCE_ONLY8,4,1024,entry_lognormal_annual_sd_1.2,Q1,E10,CLEARLY_BELOW,3,3,0,3,0,3,0,0,,1.0,0.0,,,0.08854166666666667,0.0,0.0,0.0,-0.2680206298828125,0.2680206298828125,1.0,0.8970377604166666,-0.2680206298828125,0.2680206298828125,1.0,0.8970377604166666
INFERENCE_ONLY8,4,1024,entry_lognormal_annual_sd_1.2,Q1,E10,IMMEDIATELY_ABOVE,1,1,0,1,0,1,0,0,,1.0,0.0,,,0.0,0.0,0.0,0.0,0.0426483154296875,0.0426483154296875,1.0,0.14956054687499998,0.0426483154296875,0.0426483154296875,1.0,0.14956054687499998
INFERENCE_ONLY8,4,1024,entry_lognormal_annual_sd_1.2,Q1,E10,IMMEDIATELY_BELOW,0,0,0,0,0,0,0,0,,,,,,,,,,,,,,,,,
INFERENCE_ONLY8,4,1024,entry_lognormal_annual_sd_1.2,Q1,E10,MODERATELY_ABOVE,0,0,0,0,0,0,0,0,,,,,,,,,,,,,,,,,
INFERENCE_ONLY8,4,1024,entry_lognormal_annual_sd_1.2,Q1,E10,MODERATELY_BELOW,1,1,0,1,0,1,0,0,,1.0,0.0,,,0.0,0.0,0.0,0.0,0.0439453125,0.0439453125,1.0,0.08237304687500002,0.0439453125,0.0439453125,1.0,0.08237304687500002
INFERENCE_ONLY8,4,1024,entry_lognormal_annual_sd_1.2,Q1,E10,OUTSIDE_ABOVE,1,1,1,0,0,0,0,1,0.0,,,1.0,,0.0,1.0,0.0,0.0,0.02838134765625,0.02838134765625,0.0,0.020312500000000067,0.1660308837890625,0.1660308837890625,0.0,0.30375976562499996
INFERENCE_ONLY8,4,1024,entry_lognormal_annual_sd_1.2,Q1,E10,OUTSIDE_BELOW,2,2,0,2,0,2,0,0,,1.0,0.0,,,0.0,0.0,0.0,0.0,0.0,0.0,1.0,0.0,0.0,0.0,1.0,0.0
INFERENCE_ONLY8,4,1024,entry_lognormal_annual_sd_1.2,Q1,E01,CLEARLY_ABOVE,0,0,0,0,0,0,0,0,,,,,,,,,,,,,,,,,
INFERENCE_ONLY8,4,1024,entry_lognormal_annual_sd_1.2,Q1,E01,CLEARLY_BELOW,3,3,0,3,0,3,0,0,,1.0,0.0,,,0.2552083333333333,0.0,0.0,0.0,-0.2811635335286458,0.4733225504557292,0.0,0.25672200520833327,-0.2811635335286458,0.4733225504557292,0.0,0.25672200520833327
INFERENCE_ONLY8,4,1024,entry_lognormal_annual_sd_1.2,Q1,E01,IMMEDIATELY_ABOVE,1,1,0,1,0,1,0,0,,1.0,0.0,,,0.015625,0.0,0.0,0.0,0.2356414794921875,0.2356414794921875,0.0,0.0,0.2356414794921875,0.2356414794921875,0.0,0.0
INFERENCE_ONLY8,4,1024,entry_lognormal_annual_sd_1.2,Q1,E01,IMMEDIATELY_BELOW,0,0,0,0,0,0,0,0,,,,,,,,,,,,,,,,,
INFERENCE_ONLY8,4,1024,entry_lognormal_annual_sd_1.2,Q1,E01,MODERATELY_ABOVE,0,0,0,0,0,0,0,0,,,,,,,,,,,,,,,,,
INFERENCE_ONLY8,4,1024,entry_lognormal_annual_sd_1.2,Q1,E01,MODERATELY_BELOW,1,1,0,1,0,1,0,0,,1.0,0.0,,,1.0,0.0,0.0,0.0,0.29345703125,0.29345703125,0.0,0.0,0.29345703125,0.29345703125,0.0,0.0
INFERENCE_ONLY8,4,1024,entry_lognormal_annual_sd_1.2,Q1,E01,OUTSIDE_ABOVE,1,1,1,0,0,0,0,1,0.0,,,1.0,,0.0,1.0,0.0,0.0,0.06585693359375,0.06585693359375,0.0,0.0,0.3475494384765625,0.3475494384765625,0.0,0.16123046875000002
INFERENCE_ONLY8,4,1024,entry_lognormal_annual_sd_1.2,Q1,E01,OUTSIDE_BELOW,2,2,0,2,0,2,0,0,,1.0,0.0,,,0.0,0.0,0.0,0.0,0.0,0.0,1.0,0.0,0.0,0.0,1.0,0.0
INFERENCE_ONLY8,4,1024,entry_lognormal_annual_sd_1.2,Q1,E11,CLEARLY_ABOVE,0,0,0,0,0,0,0,0,,,,,,,,,,,,,,,,,
INFERENCE_ONLY8,4,1024,entry_lognormal_annual_sd_1.2,Q1,E11,CLEARLY_BELOW,3,3,0,3,0,3,0,0,,1.0,0.0,,,0.0,0.0,0.0,0.0,0.0024871826171875,0.0024871826171875,1.0,0.03082682291666668,0.0024871826171875,0.0024871826171875,1.0,0.03082682291666668
INFERENCE_ONLY8,4,1024,entry_lognormal_annual_sd_1.2,Q1,E11,IMMEDIATELY_ABOVE,1,1,0,1,0,1,0,0,,1.0,0.0,,,0.0,0.0,0.0,0.0,-0.0025177001953125,0.0025177001953125,1.0,0.021679687499999933,-0.0025177001953125,0.0025177001953125,1.0,0.021679687499999933
INFERENCE_ONLY8,4,1024,entry_lognormal_annual_sd_1.2,Q1,E11,IMMEDIATELY_BELOW,0,0,0,0,0,0,0,0,,,,,,,,,,,,,,,,,
INFERENCE_ONLY8,4,1024,entry_lognormal_annual_sd_1.2,Q1,E11,MODERATELY_ABOVE,0,0,0,0,0,0,0,0,,,,,,,,,,,,,,,,,
INFERENCE_ONLY8,4,1024,entry_lognormal_annual_sd_1.2,Q1,E11,MODERATELY_BELOW,1,1,0,1,0,1,0,0,,1.0,0.0,,,0.0,0.0,0.0,0.0,0.0107421875,0.0107421875,1.0,0.03769531250000002,0.0107421875,0.0107421875,1.0,0.03769531250000002
INFERENCE_ONLY8,4,1024,entry_lognormal_annual_sd_1.2,Q1,E11,OUTSIDE_ABOVE,1,1,1,0,0,0,0,1,0.0,,,1.0,,0.0,1.0,0.0,0.0,0.01214599609375,0.01214599609375,0.0,0.013574218749999978,0.0727691650390625,0.0727691650390625,0.0,0.026611328125
INFERENCE_ONLY8,4,1024,entry_lognormal_annual_sd_1.2,Q1,E11,OUTSIDE_BELOW,2,2,0,2,0,2,0,0,,1.0,0.0,,,0.0,0.0,0.0,0.0,0.0,0.0,1.0,0.0,0.0,0.0,1.0,0.0
INFERENCE_ONLY8,4,1024,entry_lognormal_annual_sd_1.2,Q2,E00,CLEARLY_ABOVE,0,0,0,0,0,0,0,0,,,,,,,,,,,,,,,,,
INFERENCE_ONLY8,4,1024,entry_lognormal_annual_sd_1.2,Q2,E00,CLEARLY_BELOW,3,3,0,3,0,3,0,0,,1.0,0.0,,,0.13541666666666666,0.0,0.0,0.0,-0.3146514892578125,0.4411366780598958,0.6666666666666666,0.4268554687499999,-0.3146514892578125,0.4411366780598958,0.6666666666666666,0.4268554687499999
INFERENCE_ONLY8,4,1024,entry_lognormal_annual_sd_1.2,Q2,E00,IMMEDIATELY_ABOVE,1,1,0,1,0,1,0,0,,1.0,0.0,,,0.015625,0.0,0.0,0.0,0.2356414794921875,0.2356414794921875,0.0,0.0,0.2356414794921875,0.2356414794921875,0.0,0.0
INFERENCE_ONLY8,4,1024,entry_lognormal_annual_sd_1.2,Q2,E00,IMMEDIATELY_BELOW,0,0,0,0,0,0,0,0,,,,,,,,,,,,,,,,,
INFERENCE_ONLY8,4,1024,entry_lognormal_annual_sd_1.2,Q2,E00,MODERATELY_ABOVE,0,0,0,0,0,0,0,0,,,,,,,,,,,,,,,,,
INFERENCE_ONLY8,4,1024,entry_lognormal_annual_sd_1.2,Q2,E00,MODERATELY_BELOW,1,1,0,1,0,1,0,0,,1.0,0.0,,,1.0,0.0,0.0,0.0,0.29345703125,0.29345703125,0.0,0.0,0.29345703125,0.29345703125,0.0,0.0
INFERENCE_ONLY8,4,1024,entry_lognormal_annual_sd_1.2,Q2,E00,OUTSIDE_ABOVE,0,0,0,0,0,0,0,0,,,,,,,,,,,,,,,,,
INFERENCE_ONLY8,4,1024,entry_lognormal_annual_sd_1.2,Q2,E00,OUTSIDE_BELOW,3,3,0,3,0,3,0,0,,1.0,0.0,,,0.3333333333333333,0.0,0.0,0.0,0.02191162109375,0.02191162109375,0.6666666666666666,0.00021158854166665927,0.12398783365885417,0.12398783365885417,0.6666666666666666,0.04318033854166666
INFERENCE_ONLY8,4,1024,entry_lognormal_annual_sd_1.2,Q2,E10,CLEARLY_ABOVE,0,0,0,0,0,0,0,0,,,,,,,,,,,,,,,,,
INFERENCE_ONLY8,4,1024,entry_lognormal_annual_sd_1.2,Q2,E10,CLEARLY_BELOW,3,3,0,3,0,3,0,0,,1.0,0.0,,,0.08854166666666667,0.0,0.0,0.0,-0.2680206298828125,0.2680206298828125,1.0,0.8970377604166666,-0.2680206298828125,0.2680206298828125,1.0,0.8970377604166666
INFERENCE_ONLY8,4,1024,entry_lognormal_annual_sd_1.2,Q2,E10,IMMEDIATELY_ABOVE,1,1,0,1,0,1,0,0,,1.0,0.0,,,0.0,0.0,0.0,0.0,0.0426483154296875,0.0426483154296875,1.0,0.14956054687499998,0.0426483154296875,0.0426483154296875,1.0,0.14956054687499998
INFERENCE_ONLY8,4,1024,entry_lognormal_annual_sd_1.2,Q2,E10,IMMEDIATELY_BELOW,0,0,0,0,0,0,0,0,,,,,,,,,,,,,,,,,
INFERENCE_ONLY8,4,1024,entry_lognormal_annual_sd_1.2,Q2,E10,MODERATELY_ABOVE,0,0,0,0,0,0,0,0,,,,,,,,,,,,,,,,,
INFERENCE_ONLY8,4,1024,entry_lognormal_annual_sd_1.2,Q2,E10,MODERATELY_BELOW,1,1,0,1,0,1,0,0,,1.0,0.0,,,0.0,0.0,0.0,0.0,0.0439453125,0.0439453125,1.0,0.08237304687500002,0.0439453125,0.0439453125,1.0,0.08237304687500002
INFERENCE_ONLY8,4,1024,entry_lognormal_annual_sd_1.2,Q2,E10,OUTSIDE_ABOVE,0,0,0,0,0,0,0,0,,,,,,,,,,,,,,,,,
INFERENCE_ONLY8,4,1024,entry_lognormal_annual_sd_1.2,Q2,E10,OUTSIDE_BELOW,3,3,0,3,0,3,0,0,,1.0,0.0,,,0.08333333333333333,0.0,0.0,0.3333333333333333,0.00946044921875,0.00946044921875,0.6666666666666666,0.006770833333333355,0.0553436279296875,0.0553436279296875,0.6666666666666666,0.10125325520833332
INFERENCE_ONLY8,4,1024,entry_lognormal_annual_sd_1.2,Q2,E01,CLEARLY_ABOVE,0,0,0,0,0,0,0,0,,,,,,,,,,,,,,,,,
INFERENCE_ONLY8,4,1024,entry_lognormal_annual_sd_1.2,Q2,E01,CLEARLY_BELOW,3,3,0,3,0,3,0,0,,1.0,0.0,,,0.2552083333333333,0.0,0.0,0.0,-0.2811635335286458,0.4733225504557292,0.0,0.25672200520833327,-0.2811635335286458,0.4733225504557292,0.0,0.25672200520833327
INFERENCE_ONLY8,4,1024,entry_lognormal_annual_sd_1.2,Q2,E01,IMMEDIATELY_ABOVE,1,1,0,1,0,1,0,0,,1.0,0.0,,,0.015625,0.0,0.0,0.0,0.2356414794921875,0.2356414794921875,0.0,0.0,0.2356414794921875,0.2356414794921875,0.0,0.0
INFERENCE_ONLY8,4,1024,entry_lognormal_annual_sd_1.2,Q2,E01,IMMEDIATELY_BELOW,0,0,0,0,0,0,0,0,,,,,,,,,,,,,,,,,
INFERENCE_ONLY8,4,1024,entry_lognormal_annual_sd_1.2,Q2,E01,MODERATELY_ABOVE,0,0,0,0,0,0,0,0,,,,,,,,,,,,,,,,,
INFERENCE_ONLY8,4,1024,entry_lognormal_annual_sd_1.2,Q2,E01,MODERATELY_BELOW,1,1,0,1,0,1,0,0,,1.0,0.0,,,1.0,0.0,0.0,0.0,0.29345703125,0.29345703125,0.0,0.0,0.29345703125,0.29345703125,0.0,0.0
INFERENCE_ONLY8,4,1024,entry_lognormal_annual_sd_1.2,Q2,E01,OUTSIDE_ABOVE,0,0,0,0,0,0,0,0,,,,,,,,,,,,,,,,,
INFERENCE_ONLY8,4,1024,entry_lognormal_annual_sd_1.2,Q2,E01,OUTSIDE_BELOW,3,3,0,3,0,3,0,0,,1.0,0.0,,,0.3333333333333333,0.0,0.0,0.0,0.021952311197916668,0.021952311197916668,0.6666666666666666,0.0,0.11584981282552083,0.11584981282552083,0.6666666666666666,0.05374348958333334
INFERENCE_ONLY8,4,1024,entry_lognormal_annual_sd_1.2,Q2,E11,CLEARLY_ABOVE,0,0,0,0,0,0,0,0,,,,,,,,,,,,,,,,,
INFERENCE_ONLY8,4,1024,entry_lognormal_annual_sd_1.2,Q2,E11,CLEARLY_BELOW,3,3,0,3,0,3,0,0,,1.0,0.0,,,0.0,0.0,0.0,0.0,0.0024871826171875,0.0024871826171875,1.0,0.03082682291666668,0.0024871826171875,0.0024871826171875,1.0,0.03082682291666668
INFERENCE_ONLY8,4,1024,entry_lognormal_annual_sd_1.2,Q2,E11,IMMEDIATELY_ABOVE,1,1,0,1,0,1,0,0,,1.0,0.0,,,0.0,0.0,0.0,0.0,-0.0025177001953125,0.0025177001953125,1.0,0.021679687499999933,-0.0025177001953125,0.0025177001953125,1.0,0.021679687499999933
INFERENCE_ONLY8,4,1024,entry_lognormal_annual_sd_1.2,Q2,E11,IMMEDIATELY_BELOW,0,0,0,0,0,0,0,0,,,,,,,,,,,,,,,,,
INFERENCE_ONLY8,4,1024,entry_lognormal_annual_sd_1.2,Q2,E11,MODERATELY_ABOVE,0,0,0,0,0,0,0,0,,,,,,,,,,,,,,,,,
INFERENCE_ONLY8,4,1024,entry_lognormal_annual_sd_1.2,Q2,E11,MODERATELY_BELOW,1,1,0,1,0,1,0,0,,1.0,0.0,,,0.0,0.0,0.0,0.0,0.0107421875,0.0107421875,1.0,0.03769531250000002,0.0107421875,0.0107421875,1.0,0.03769531250000002
INFERENCE_ONLY8,4,1024,entry_lognormal_annual_sd_1.2,Q2,E11,OUTSIDE_ABOVE,0,0,0,0,0,0,0,0,,,,,,,,,,,,,,,,,
INFERENCE_ONLY8,4,1024,entry_lognormal_annual_sd_1.2,Q2,E11,OUTSIDE_BELOW,3,3,0,3,0,3,0,0,,1.0,0.0,,,0.0,0.0,0.0,0.0,0.004048665364583333,0.004048665364583333,0.6666666666666666,0.004524739583333326,0.024256388346354168,0.024256388346354168,0.6666666666666666,0.008870442708333334
OBSERVATION_ONLY8,1,1024,correct,Q1,E00,CLEARLY_ABOVE,0,0,0,0,0,0,0,0,,,,,,,,,,,,,,,,,
OBSERVATION_ONLY8,1,1024,correct,Q1,E00,CLEARLY_BELOW,3,3,0,3,0,3,0,0,,1.0,0.0,,,0.3072916666666667,0.0,0.0,0.0,-0.14290873209635416,0.3118642171223958,0.6666666666666666,0.6732259114583332,-0.14290873209635416,0.3118642171223958,0.6666666666666666,0.6732259114583332
OBSERVATION_ONLY8,1,1024,correct,Q1,E00,IMMEDIATELY_ABOVE,1,1,0,1,0,1,0,0,,1.0,0.0,,,0.765625,0.0,0.0,0.0,0.235626220703125,0.235626220703125,0.0,0.0,0.235626220703125,0.235626220703125,0.0,0.0
OBSERVATION_ONLY8,1,1024,correct,Q1,E00,IMMEDIATELY_BELOW,0,0,0,0,0,0,0,0,,,,,,,,,,,,,,,,,
OBSERVATION_ONLY8,1,1024,correct,Q1,E00,MODERATELY_ABOVE,0,0,0,0,0,0,0,0,,,,,,,,,,,,,,,,,
OBSERVATION_ONLY8,1,1024,correct,Q1,E00,MODERATELY_BELOW,1,1,0,1,0,1,0,0,,1.0,0.0,,,1.0,0.0,0.0,0.0,0.282562255859375,0.282562255859375,0.0,0.0,0.282562255859375,0.282562255859375,0.0,0.0
OBSERVATION_ONLY8,1,1024,correct,Q1,E00,OUTSIDE_ABOVE,1,1,1,0,0,0,0,1,0.0,,,1.0,,0.0,1.0,0.0,0.0,0.0512237548828125,0.0512237548828125,0.0,0.008740234375000044,0.3011932373046875,0.3011932373046875,0.0,0.07509765624999998
OBSERVATION_ONLY8,1,1024,correct,Q1,E00,OUTSIDE_BELOW,2,2,0,2,0,2,0,0,,1.0,0.0,,,0.0,0.0,0.0,0.0,0.0,0.0,1.0,0.0,0.0,0.0,1.0,0.0
OBSERVATION_ONLY8,1,1024,correct,Q1,E10,CLEARLY_ABOVE,0,0,0,0,0,0,0,0,,,,,,,,,,,,,,,,,
OBSERVATION_ONLY8,1,1024,correct,Q1,E10,CLEARLY_BELOW,3,3,0,3,0,3,0,0,,1.0,0.0,,,0.109375,0.0,0.0,0.3333333333333333,-0.2599334716796875,0.2599334716796875,1.0,0.9037272135416665,-0.2599334716796875,0.2599334716796875,1.0,0.9037272135416665
OBSERVATION_ONLY8,1,1024,correct,Q1,E10,IMMEDIATELY_ABOVE,1,1,0,1,0,1,0,0,,1.0,0.0,,,0.0,0.0,0.0,0.0,0.083526611328125,0.083526611328125,0.0,0.068115234375,0.083526611328125,0.083526611328125,0.0,0.068115234375
OBSERVATION_ONLY8,1,1024,correct,Q1,E10,IMMEDIATELY_BELOW,0,0,0,0,0,0,0,0,,,,,,,,,,,,,,,,,
OBSERVATION_ONLY8,1,1024,correct,Q1,E10,MODERATELY_ABOVE,0,0,0,0,0,0,0,0,,,,,,,,,,,,,,,,,
OBSERVATION_ONLY8,1,1024,correct,Q1,E10,MODERATELY_BELOW,1,1,0,1,0,1,0,0,,1.0,0.0,,,0.0,0.0,0.0,0.0,0.032318115234375,0.032318115234375,1.0,0.0791015625,0.032318115234375,0.032318115234375,1.0,0.0791015625
OBSERVATION_ONLY8,1,1024,correct,Q1,E10,OUTSIDE_ABOVE,1,1,1,0,0,0,0,1,0.0,,,1.0,,0.0,1.0,0.0,0.0,0.0078887939453125,0.0078887939453125,1.0,0.047900390624999956,-0.0020294189453125,0.0020294189453125,1.0,0.40434570312499996
OBSERVATION_ONLY8,1,1024,correct,Q1,E10,OUTSIDE_BELOW,2,2,0,2,0,2,0,0,,1.0,0.0,,,0.0,0.0,0.0,0.0,0.0,0.0,1.0,0.0,0.0,0.0,1.0,0.0
OBSERVATION_ONLY8,1,1024,correct,Q1,E01,CLEARLY_ABOVE,0,0,0,0,0,0,0,0,,,,,,,,,,,,,,,,,
OBSERVATION_ONLY8,1,1024,correct,Q1,E01,CLEARLY_BELOW,3,3,0,3,0,3,0,0,,1.0,0.0,,,0.3333333333333333,0.0,0.0,0.0,-0.23458353678385416,0.4554595947265625,0.0,0.2104166666666666,-0.23458353678385416,0.4554595947265625,0.0,0.2104166666666666
OBSERVATION_ONLY8,1,1024,correct,Q1,E01,IMMEDIATELY_ABOVE,1,1,0,1,0,1,0,0,,1.0,0.0,,,0.765625,0.0,0.0,0.0,0.235626220703125,0.235626220703125,0.0,0.0,0.235626220703125,0.235626220703125,0.0,0.0
OBSERVATION_ONLY8,1,1024,correct,Q1,E01,IMMEDIATELY_BELOW,0,0,0,0,0,0,0,0,,,,,,,,,,,,,,,,,
OBSERVATION_ONLY8,1,1024,correct,Q1,E01,MODERATELY_ABOVE,0,0,0,0,0,0,0,0,,,,,,,,,,,,,,,,,
OBSERVATION_ONLY8,1,1024,correct,Q1,E01,MODERATELY_BELOW,1,1,0,1,0,1,0,0,,1.0,0.0,,,1.0,0.0,0.0,0.0,0.282562255859375,0.282562255859375,0.0,0.0,0.282562255859375,0.282562255859375,0.0,0.0
OBSERVATION_ONLY8,1,1024,correct,Q1,E01,OUTSIDE_ABOVE,1,1,1,0,0,0,0,1,0.0,,,1.0,,0.0,1.0,0.0,0.0,0.0513458251953125,0.0513458251953125,0.0,0.009033203125,0.3060760498046875,0.3060760498046875,0.0,0.076416015625
OBSERVATION_ONLY8,1,1024,correct,Q1,E01,OUTSIDE_BELOW,2,2,0,2,0,2,0,0,,1.0,0.0,,,0.0,0.0,0.0,0.0,0.0,0.0,1.0,0.0,0.0,0.0,1.0,0.0
OBSERVATION_ONLY8,1,1024,correct,Q1,E11,CLEARLY_ABOVE,0,0,0,0,0,0,0,0,,,,,,,,,,,,,,,,,
OBSERVATION_ONLY8,1,1024,correct,Q1,E11,CLEARLY_BELOW,3,3,0,3,0,3,0,0,,1.0,0.0,,,0.0,0.0,0.0,0.0,0.0009714762369791666,0.004786173502604167,1.0,0.03082682291666668,0.0009714762369791666,0.004786173502604167,1.0,0.03082682291666668
OBSERVATION_ONLY8,1,1024,correct,Q1,E11,IMMEDIATELY_ABOVE,1,1,0,1,0,1,0,0,,1.0,0.0,,,0.0,0.0,0.0,0.0,-0.002532958984375,0.002532958984375,1.0,0.021679687499999933,-0.002532958984375,0.002532958984375,1.0,0.021679687499999933
OBSERVATION_ONLY8,1,1024,correct,Q1,E11,IMMEDIATELY_BELOW,0,0,0,0,0,0,0,0,,,,,,,,,,,,,,,,,
OBSERVATION_ONLY8,1,1024,correct,Q1,E11,MODERATELY_ABOVE,0,0,0,0,0,0,0,0,,,,,,,,,,,,,,,,,
OBSERVATION_ONLY8,1,1024,correct,Q1,E11,MODERATELY_BELOW,1,1,0,1,0,1,0,0,,1.0,0.0,,,0.0,0.0,0.0,0.0,-0.000152587890625,0.000152587890625,1.0,0.03769531250000002,-0.000152587890625,0.000152587890625,1.0,0.03769531250000002
OBSERVATION_ONLY8,1,1024,correct,Q1,E11,OUTSIDE_ABOVE,1,1,1,0,0,0,0,1,0.0,,,1.0,,0.0,1.0,0.0,0.0,-0.0001678466796875,0.0001678466796875,1.0,0.013574218749999978,-0.0021514892578125,0.0021514892578125,1.0,0.026611328125
OBSERVATION_ONLY8,1,1024,correct,Q1,E11,OUTSIDE_BELOW,2,2,0,2,0,2,0,0,,1.0,0.0,,,0.0,0.0,0.0,0.0,0.0,0.0,1.0,0.0,0.0,0.0,1.0,0.0
OBSERVATION_ONLY8,1,1024,correct,Q2,E00,CLEARLY_ABOVE,0,0,0,0,0,0,0,0,,,,,,,,,,,,,,,,,
OBSERVATION_ONLY8,1,1024,correct,Q2,E00,CLEARLY_BELOW,4,4,0,4,0,4,0,0,,1.0,0.0,,,0.48046875,0.0,0.0,0.0,-0.0943756103515625,0.2467041015625,0.5,0.5071044921874999,-0.03188323974609375,0.30919647216796875,0.5,0.5236938476562499
OBSERVATION_ONLY8,1,1024,correct,Q2,E00,IMMEDIATELY_ABOVE,1,1,0,1,0,1,0,0,,1.0,0.0,,,0.765625,0.0,0.0,0.0,0.235626220703125,0.235626220703125,0.0,0.0,0.235626220703125,0.235626220703125,0.0,0.0
OBSERVATION_ONLY8,1,1024,correct,Q2,E00,IMMEDIATELY_BELOW,0,0,0,0,0,0,0,0,,,,,,,,,,,,,,,,,
OBSERVATION_ONLY8,1,1024,correct,Q2,E00,MODERATELY_ABOVE,0,0,0,0,0,0,0,0,,,,,,,,,,,,,,,,,
OBSERVATION_ONLY8,1,1024,correct,Q2,E00,MODERATELY_BELOW,1,1,0,1,0,1,0,0,,1.0,0.0,,,1.0,0.0,0.0,0.0,0.282562255859375,0.282562255859375,0.0,0.0,0.282562255859375,0.282562255859375,0.0,0.0
OBSERVATION_ONLY8,1,1024,correct,Q2,E00,OUTSIDE_ABOVE,0,0,0,0,0,0,0,0,,,,,,,,,,,,,,,,,
OBSERVATION_ONLY8,1,1024,correct,Q2,E00,OUTSIDE_BELOW,2,2,0,2,0,2,0,0,,1.0,0.0,,,0.0,0.0,0.0,0.0,0.0,0.0,1.0,0.0,0.0,0.0,1.0,0.0
OBSERVATION_ONLY8,1,1024,correct,Q2,E10,CLEARLY_ABOVE,0,0,0,0,0,0,0,0,,,,,,,,,,,,,,,,,
OBSERVATION_ONLY8,1,1024,correct,Q2,E10,CLEARLY_BELOW,4,4,0,4,0,4,0,0,,1.0,0.0,,,0.1171875,0.0,0.0,0.5,-0.1929779052734375,0.19692230224609375,1.0,0.6897705078124998,-0.19545745849609375,0.19545745849609375,1.0,0.7788818359374998
OBSERVATION_ONLY8,1,1024,correct,Q2,E10,IMMEDIATELY_ABOVE,1,1,0,1,0,1,0,0,,1.0,0.0,,,0.0,0.0,0.0,0.0,0.083526611328125,0.083526611328125,0.0,0.068115234375,0.083526611328125,0.083526611328125,0.0,0.068115234375
OBSERVATION_ONLY8,1,1024,correct,Q2,E10,IMMEDIATELY_BELOW,0,0,0,0,0,0,0,0,,,,,,,,,,,,,,,,,
OBSERVATION_ONLY8,1,1024,correct,Q2,E10,MODERATELY_ABOVE,0,0,0,0,0,0,0,0,,,,,,,,,,,,,,,,,
OBSERVATION_ONLY8,1,1024,correct,Q2,E10,MODERATELY_BELOW,1,1,0,1,0,1,0,0,,1.0,0.0,,,0.0,0.0,0.0,0.0,0.032318115234375,0.032318115234375,1.0,0.0791015625,0.032318115234375,0.032318115234375,1.0,0.0791015625
OBSERVATION_ONLY8,1,1024,correct,Q2,E10,OUTSIDE_ABOVE,0,0,0,0,0,0,0,0,,,,,,,,,,,,,,,,,
OBSERVATION_ONLY8,1,1024,correct,Q2,E10,OUTSIDE_BELOW,2,2,0,2,0,2,0,0,,1.0,0.0,,,0.0,0.0,0.0,0.0,0.0,0.0,1.0,0.0,0.0,0.0,1.0,0.0
OBSERVATION_ONLY8,1,1024,correct,Q2,E01,CLEARLY_ABOVE,0,0,0,0,0,0,0,0,,,,,,,,,,,,,,,,,
OBSERVATION_ONLY8,1,1024,correct,Q2,E01,CLEARLY_BELOW,4,4,0,4,0,4,0,0,,1.0,0.0,,,0.5,0.0,0.0,0.0,-0.1631011962890625,0.35443115234375,0.0,0.16007080078124997,-0.09941864013671875,0.41811370849609375,0.0,0.17691650390624997
OBSERVATION_ONLY8,1,1024,correct,Q2,E01,IMMEDIATELY_ABOVE,1,1,0,1,0,1,0,0,,1.0,0.0,,,0.765625,0.0,0.0,0.0,0.235626220703125,0.235626220703125,0.0,0.0,0.235626220703125,0.235626220703125,0.0,0.0
OBSERVATION_ONLY8,1,1024,correct,Q2,E01,IMMEDIATELY_BELOW,0,0,0,0,0,0,0,0,,,,,,,,,,,,,,,,,
OBSERVATION_ONLY8,1,1024,correct,Q2,E01,MODERATELY_ABOVE,0,0,0,0,0,0,0,0,,,,,,,,,,,,,,,,,
OBSERVATION_ONLY8,1,1024,correct,Q2,E01,MODERATELY_BELOW,1,1,0,1,0,1,0,0,,1.0,0.0,,,1.0,0.0,0.0,0.0,0.282562255859375,0.282562255859375,0.0,0.0,0.282562255859375,0.282562255859375,0.0,0.0
OBSERVATION_ONLY8,1,1024,correct,Q2,E01,OUTSIDE_ABOVE,0,0,0,0,0,0,0,0,,,,,,,,,,,,,,,,,
OBSERVATION_ONLY8,1,1024,correct,Q2,E01,OUTSIDE_BELOW,2,2,0,2,0,2,0,0,,1.0,0.0,,,0.0,0.0,0.0,0.0,0.0,0.0,1.0,0.0,0.0,0.0,1.0,0.0
OBSERVATION_ONLY8,1,1024,correct,Q2,E11,CLEARLY_ABOVE,0,0,0,0,0,0,0,0,,,,,,,,,,,,,,,,,
OBSERVATION_ONLY8,1,1024,correct,Q2,E11,CLEARLY_BELOW,4,4,0,4,0,4,0,0,,1.0,0.0,,,0.0,0.0,0.0,0.0,0.0006866455078125,0.003631591796875,1.0,0.026513671875000006,0.00019073486328125,0.00412750244140625,1.0,0.02977294921875001
OBSERVATION_ONLY8,1,1024,correct,Q2,E11,IMMEDIATELY_ABOVE,1,1,0,1,0,1,0,0,,1.0,0.0,,,0.0,0.0,0.0,0.0,-0.002532958984375,0.002532958984375,1.0,0.021679687499999933,-0.002532958984375,0.002532958984375,1.0,0.021679687499999933
OBSERVATION_ONLY8,1,1024,correct,Q2,E11,IMMEDIATELY_BELOW,0,0,0,0,0,0,0,0,,,,,,,,,,,,,,,,,
OBSERVATION_ONLY8,1,1024,correct,Q2,E11,MODERATELY_ABOVE,0,0,0,0,0,0,0,0,,,,,,,,,,,,,,,,,
OBSERVATION_ONLY8,1,1024,correct,Q2,E11,MODERATELY_BELOW,1,1,0,1,0,1,0,0,,1.0,0.0,,,0.0,0.0,0.0,0.0,-0.000152587890625,0.000152587890625,1.0,0.03769531250000002,-0.000152587890625,0.000152587890625,1.0,0.03769531250000002
OBSERVATION_ONLY8,1,1024,correct,Q2,E11,OUTSIDE_ABOVE,0,0,0,0,0,0,0,0,,,,,,,,,,,,,,,,,
OBSERVATION_ONLY8,1,1024,correct,Q2,E11,OUTSIDE_BELOW,2,2,0,2,0,2,0,0,,1.0,0.0,,,0.0,0.0,0.0,0.0,0.0,0.0,1.0,0.0,0.0,0.0,1.0,0.0
OBSERVATION_ONLY8,1,1024,hemlock_extra_hazard_0.12,Q1,E00,CLEARLY_ABOVE,0,0,0,0,0,0,0,0,,,,,,,,,,,,,,,,,
OBSERVATION_ONLY8,1,1024,hemlock_extra_hazard_0.12,Q1,E00,CLEARLY_BELOW,0,0,0,0,0,0,0,0,,,,,,,,,,,,,,,,,
OBSERVATION_ONLY8,1,1024,hemlock_extra_hazard_0.12,Q1,E00,IMMEDIATELY_ABOVE,0,0,0,0,0,0,0,0,,,,,,,,,,,,,,,,,
OBSERVATION_ONLY8,1,1024,hemlock_extra_hazard_0.12,Q1,E00,IMMEDIATELY_BELOW,0,0,0,0,0,0,0,0,,,,,,,,,,,,,,,,,
OBSERVATION_ONLY8,1,1024,hemlock_extra_hazard_0.12,Q1,E00,MODERATELY_ABOVE,0,0,0,0,0,0,0,0,,,,,,,,,,,,,,,,,
OBSERVATION_ONLY8,1,1024,hemlock_extra_hazard_0.12,Q1,E00,MODERATELY_BELOW,0,0,0,0,0,0,0,0,,,,,,,,,,,,,,,,,
OBSERVATION_ONLY8,1,1024,hemlock_extra_hazard_0.12,Q1,E00,OUTSIDE_ABOVE,1,1,1,0,0,0,0,1,0.0,,,1.0,,0.0,1.0,0.0,0.0,0.129364013671875,0.129364013671875,0.0,0.008740234375000044,0.875030517578125,0.875030517578125,0.0,0.07509765624999998
OBSERVATION_ONLY8,1,1024,hemlock_extra_hazard_0.12,Q1,E00,OUTSIDE_BELOW,7,7,0,7,0,7,0,0,,1.0,0.0,,,0.38392857142857145,0.0,0.0,0.0,0.5098876953125,0.5098876953125,0.5714285714285714,0.28852539062499993,0.5098876953125,0.5098876953125,0.5714285714285714,0.28852539062499993
OBSERVATION_ONLY8,1,1024,hemlock_extra_hazard_0.12,Q1,E10,CLEARLY_ABOVE,0,0,0,0,0,0,0,0,,,,,,,,,,,,,,,,,
OBSERVATION_ONLY8,1,1024,hemlock_extra_hazard_0.12,Q1,E10,CLEARLY_BELOW,0,0,0,0,0,0,0,0,,,,,,,,,,,,,,,,,
OBSERVATION_ONLY8,1,1024,hemlock_extra_hazard_0.12,Q1,E10,IMMEDIATELY_ABOVE,0,0,0,0,0,0,0,0,,,,,,,,,,,,,,,,,
OBSERVATION_ONLY8,1,1024,hemlock_extra_hazard_0.12,Q1,E10,IMMEDIATELY_BELOW,0,0,0,0,0,0,0,0,,,,,,,,,,,,,,,,,
OBSERVATION_ONLY8,1,1024,hemlock_extra_hazard_0.12,Q1,E10,MODERATELY_ABOVE,0,0,0,0,0,0,0,0,,,,,,,,,,,,,,,,,
OBSERVATION_ONLY8,1,1024,hemlock_extra_hazard_0.12,Q1,E10,MODERATELY_BELOW,0,0,0,0,0,0,0,0,,,,,,,,,,,,,,,,,
OBSERVATION_ONLY8,1,1024,hemlock_extra_hazard_0.12,Q1,E10,OUTSIDE_ABOVE,1,1,1,0,0,0,0,1,0.0,,,1.0,,0.0,1.0,0.0,0.0,0.086029052734375,0.086029052734375,0.0,0.047900390624999956,0.571807861328125,0.571807861328125,0.0,0.40434570312499996
OBSERVATION_ONLY8,1,1024,hemlock_extra_hazard_0.12,Q1,E10,OUTSIDE_BELOW,7,7,0,7,0,7,0,0,,1.0,0.0,,,0.046875,0.0,0.0,0.14285714285714285,0.40225655691964285,0.40225655691964285,0.5714285714285714,0.40834263392857134,0.40225655691964285,0.40225655691964285,0.5714285714285714,0.40834263392857134
OBSERVATION_ONLY8,1,1024,hemlock_extra_hazard_0.12,Q1,E01,CLEARLY_ABOVE,0,0,0,0,0,0,0,0,,,,,,,,,,,,,,,,,
OBSERVATION_ONLY8,1,1024,hemlock_extra_hazard_0.12,Q1,E01,CLEARLY_BELOW,0,0,0,0,0,0,0,0,,,,,,,,,,,,,,,,,
OBSERVATION_ONLY8,1,1024,hemlock_extra_hazard_0.12,Q1,E01,IMMEDIATELY_ABOVE,0,0,0,0,0,0,0,0,,,,,,,,,,,,,,,,,
OBSERVATION_ONLY8,1,1024,hemlock_extra_hazard_0.12,Q1,E01,IMMEDIATELY_BELOW,0,0,0,0,0,0,0,0,,,,,,,,,,,,,,,,,
OBSERVATION_ONLY8,1,1024,hemlock_extra_hazard_0.12,Q1,E01,MODERATELY_ABOVE,0,0,0,0,0,0,0,0,,,,,,,,,,,,,,,,,
OBSERVATION_ONLY8,1,1024,hemlock_extra_hazard_0.12,Q1,E01,MODERATELY_BELOW,0,0,0,0,0,0,0,0,,,,,,,,,,,,,,,,,
OBSERVATION_ONLY8,1,1024,hemlock_extra_hazard_0.12,Q1,E01,OUTSIDE_ABOVE,1,1,1,0,0,0,0,1,0.0,,,1.0,,0.0,1.0,0.0,0.0,0.129486083984375,0.129486083984375,0.0,0.009033203125,0.879913330078125,0.879913330078125,0.0,0.076416015625
OBSERVATION_ONLY8,1,1024,hemlock_extra_hazard_0.12,Q1,E01,OUTSIDE_BELOW,7,7,0,7,0,7,0,0,,1.0,0.0,,,0.3950892857142857,0.0,0.0,0.0,0.47059849330357145,0.47059849330357145,0.2857142857142857,0.09017857142857141,0.47059849330357145,0.47059849330357145,0.2857142857142857,0.09017857142857141
OBSERVATION_ONLY8,1,1024,hemlock_extra_hazard_0.12,Q1,E11,CLEARLY_ABOVE,0,0,0,0,0,0,0,0,,,,,,,,,,,,,,,,,
OBSERVATION_ONLY8,1,1024,hemlock_extra_hazard_0.12,Q1,E11,CLEARLY_BELOW,0,0,0,0,0,0,0,0,,,,,,,,,,,,,,,,,
OBSERVATION_ONLY8,1,1024,hemlock_extra_hazard_0.12,Q1,E11,IMMEDIATELY_ABOVE,0,0,0,0,0,0,0,0,,,,,,,,,,,,,,,,,
OBSERVATION_ONLY8,1,1024,hemlock_extra_hazard_0.12,Q1,E11,IMMEDIATELY_BELOW,0,0,0,0,0,0,0,0,,,,,,,,,,,,,,,,,
OBSERVATION_ONLY8,1,1024,hemlock_extra_hazard_0.12,Q1,E11,MODERATELY_ABOVE,0,0,0,0,0,0,0,0,,,,,,,,,,,,,,,,,
OBSERVATION_ONLY8,1,1024,hemlock_extra_hazard_0.12,Q1,E11,MODERATELY_BELOW,0,0,0,0,0,0,0,0,,,,,,,,,,,,,,,,,
OBSERVATION_ONLY8,1,1024,hemlock_extra_hazard_0.12,Q1,E11,OUTSIDE_ABOVE,1,1,1,0,0,0,0,1,0.0,,,1.0,,0.0,1.0,0.0,0.0,0.077972412109375,0.077972412109375,0.0,0.013574218749999978,0.571685791015625,0.571685791015625,0.0,0.026611328125
OBSERVATION_ONLY8,1,1024,hemlock_extra_hazard_0.12,Q1,E11,OUTSIDE_BELOW,7,7,0,7,0,7,0,0,,1.0,0.0,,,0.0,0.0,0.0,0.0,0.4971400669642857,0.4971400669642857,0.2857142857142857,0.021693638392857144,0.4971400669642857,0.4971400669642857,0.2857142857142857,0.021693638392857144
OBSERVATION_ONLY8,1,1024,hemlock_extra_hazard_0.12,Q2,E00,CLEARLY_ABOVE,0,0,0,0,0,0,0,0,,,,,,,,,,,,,,,,,
OBSERVATION_ONLY8,1,1024,hemlock_extra_hazard_0.12,Q2,E00,CLEARLY_BELOW,0,0,0,0,0,0,0,0,,,,,,,,,,,,,,,,,
OBSERVATION_ONLY8,1,1024,hemlock_extra_hazard_0.12,Q2,E00,IMMEDIATELY_ABOVE,0,0,0,0,0,0,0,0,,,,,,,,,,,,,,,,,
OBSERVATION_ONLY8,1,1024,hemlock_extra_hazard_0.12,Q2,E00,IMMEDIATELY_BELOW,0,0,0,0,0,0,0,0,,,,,,,,,,,,,,,,,
OBSERVATION_ONLY8,1,1024,hemlock_extra_hazard_0.12,Q2,E00,MODERATELY_ABOVE,0,0,0,0,0,0,0,0,,,,,,,,,,,,,,,,,
OBSERVATION_ONLY8,1,1024,hemlock_extra_hazard_0.12,Q2,E00,MODERATELY_BELOW,0,0,0,0,0,0,0,0,,,,,,,,,,,,,,,,,
OBSERVATION_ONLY8,1,1024,hemlock_extra_hazard_0.12,Q2,E00,OUTSIDE_ABOVE,0,0,0,0,0,0,0,0,,,,,,,,,,,,,,,,,
OBSERVATION_ONLY8,1,1024,hemlock_extra_hazard_0.12,Q2,E00,OUTSIDE_BELOW,8,8,0,8,0,8,0,0,,1.0,0.0,,,0.4609375,0.0,0.0,0.0,0.4623222351074219,0.4623222351074219,0.5,0.25355224609375,0.5555305480957031,0.5555305480957031,0.5,0.26184692382812497
OBSERVATION_ONLY8,1,1024,hemlock_extra_hazard_0.12,Q2,E10,CLEARLY_ABOVE,0,0,0,0,0,0,0,0,,,,,,,,,,,,,,,,,
OBSERVATION_ONLY8,1,1024,hemlock_extra_hazard_0.12,Q2,E10,CLEARLY_BELOW,0,0,0,0,0,0,0,0,,,,,,,,,,,,,,,,,
OBSERVATION_ONLY8,1,1024,hemlock_extra_hazard_0.12,Q2,E10,IMMEDIATELY_ABOVE,0,0,0,0,0,0,0,0,,,,,,,,,,,,,,,,,
OBSERVATION_ONLY8,1,1024,hemlock_extra_hazard_0.12,Q2,E10,IMMEDIATELY_BELOW,0,0,0,0,0,0,0,0,,,,,,,,,,,,,,,,,
OBSERVATION_ONLY8,1,1024,hemlock_extra_hazard_0.12,Q2,E10,MODERATELY_ABOVE,0,0,0,0,0,0,0,0,,,,,,,,,,,,,,,,,
OBSERVATION_ONLY8,1,1024,hemlock_extra_hazard_0.12,Q2,E10,MODERATELY_BELOW,0,0,0,0,0,0,0,0,,,,,,,,,,,,,,,,,
OBSERVATION_ONLY8,1,1024,hemlock_extra_hazard_0.12,Q2,E10,OUTSIDE_ABOVE,0,0,0,0,0,0,0,0,,,,,,,,,,,,,,,,,
OBSERVATION_ONLY8,1,1024,hemlock_extra_hazard_0.12,Q2,E10,OUTSIDE_BELOW,8,8,0,8,0,8,0,0,,1.0,0.0,,,0.05859375,0.0,0.0,0.25,0.3627281188964844,0.3627281188964844,0.5,0.36328735351562497,0.4234504699707031,0.4234504699707031,0.5,0.40784301757812497
OBSERVATION_ONLY8,1,1024,hemlock_extra_hazard_0.12,Q2,E01,CLEARLY_ABOVE,0,0,0,0,0,0,0,0,,,,,,,,,,,,,,,,,
OBSERVATION_ONLY8,1,1024,hemlock_extra_hazard_0.12,Q2,E01,CLEARLY_BELOW,0,0,0,0,0,0,0,0,,,,,,,,,,,,,,,,,
OBSERVATION_ONLY8,1,1024,hemlock_extra_hazard_0.12,Q2,E01,IMMEDIATELY_ABOVE,0,0,0,0,0,0,0,0,,,,,,,,,,,,,,,,,
OBSERVATION_ONLY8,1,1024,hemlock_extra_hazard_0.12,Q2,E01,IMMEDIATELY_BELOW,0,0,0,0,0,0,0,0,,,,,,,,,,,,,,,,,
OBSERVATION_ONLY8,1,1024,hemlock_extra_hazard_0.12,Q2,E01,MODERATELY_ABOVE,0,0,0,0,0,0,0,0,,,,,,,,,,,,,,,,,
OBSERVATION_ONLY8,1,1024,hemlock_extra_hazard_0.12,Q2,E01,MODERATELY_BELOW,0,0,0,0,0,0,0,0,,,,,,,,,,,,,,,,,
OBSERVATION_ONLY8,1,1024,hemlock_extra_hazard_0.12,Q2,E01,OUTSIDE_ABOVE,0,0,0,0,0,0,0,0,,,,,,,,,,,,,,,,,
OBSERVATION_ONLY8,1,1024,hemlock_extra_hazard_0.12,Q2,E01,OUTSIDE_BELOW,8,8,0,8,0,8,0,0,,1.0,0.0,,,0.470703125,0.0,0.0,0.0,0.4279594421386719,0.4279594421386719,0.25,0.08003540039062498,0.5217628479003906,0.5217628479003906,0.25,0.08845825195312498
OBSERVATION_ONLY8,1,1024,hemlock_extra_hazard_0.12,Q2,E11,CLEARLY_ABOVE,0,0,0,0,0,0,0,0,,,,,,,,,,,,,,,,,
OBSERVATION_ONLY8,1,1024,hemlock_extra_hazard_0.12,Q2,E11,CLEARLY_BELOW,0,0,0,0,0,0,0,0,,,,,,,,,,,,,,,,,
OBSERVATION_ONLY8,1,1024,hemlock_extra_hazard_0.12,Q2,E11,IMMEDIATELY_ABOVE,0,0,0,0,0,0,0,0,,,,,,,,,,,,,,,,,
OBSERVATION_ONLY8,1,1024,hemlock_extra_hazard_0.12,Q2,E11,IMMEDIATELY_BELOW,0,0,0,0,0,0,0,0,,,,,,,,,,,,,,,,,
OBSERVATION_ONLY8,1,1024,hemlock_extra_hazard_0.12,Q2,E11,MODERATELY_ABOVE,0,0,0,0,0,0,0,0,,,,,,,,,,,,,,,,,
OBSERVATION_ONLY8,1,1024,hemlock_extra_hazard_0.12,Q2,E11,MODERATELY_BELOW,0,0,0,0,0,0,0,0,,,,,,,,,,,,,,,,,
OBSERVATION_ONLY8,1,1024,hemlock_extra_hazard_0.12,Q2,E11,OUTSIDE_ABOVE,0,0,0,0,0,0,0,0,,,,,,,,,,,,,,,,,
OBSERVATION_ONLY8,1,1024,hemlock_extra_hazard_0.12,Q2,E11,OUTSIDE_BELOW,8,8,0,8,0,8,0,0,,1.0,0.0,,,0.0,0.0,0.0,0.0,0.4447441101074219,0.4447441101074219,0.25,0.020678710937499997,0.5064582824707031,0.5064582824707031,0.25,0.022308349609375
OBSERVATION_ONLY8,1,1024,entry_lognormal_annual_sd_1.2,Q1,E00,CLEARLY_ABOVE,0,0,0,0,0,0,0,0,,,,,,,,,,,,,,,,,
OBSERVATION_ONLY8,1,1024,entry_lognormal_annual_sd_1.2,Q1,E00,CLEARLY_BELOW,3,3,0,3,0,3,0,0,,1.0,0.0,,,0.3072916666666667,0.0,0.0,0.0,-0.14139302571614584,0.3145090738932292,0.6666666666666666,0.6732259114583332,-0.14139302571614584,0.3145090738932292,0.6666666666666666,0.6732259114583332
OBSERVATION_ONLY8,1,1024,entry_lognormal_annual_sd_1.2,Q1,E00,IMMEDIATELY_ABOVE,1,1,0,1,0,1,0,0,,1.0,0.0,,,0.765625,0.0,0.0,0.0,0.2356414794921875,0.2356414794921875,0.0,0.0,0.2356414794921875,0.2356414794921875,0.0,0.0
OBSERVATION_ONLY8,1,1024,entry_lognormal_annual_sd_1.2,Q1,E00,IMMEDIATELY_BELOW,0,0,0,0,0,0,0,0,,,,,,,,,,,,,,,,,
OBSERVATION_ONLY8,1,1024,entry_lognormal_annual_sd_1.2,Q1,E00,MODERATELY_ABOVE,0,0,0,0,0,0,0,0,,,,,,,,,,,,,,,,,
OBSERVATION_ONLY8,1,1024,entry_lognormal_annual_sd_1.2,Q1,E00,MODERATELY_BELOW,1,1,0,1,0,1,0,0,,1.0,0.0,,,1.0,0.0,0.0,0.0,0.29345703125,0.29345703125,0.0,0.0,0.29345703125,0.29345703125,0.0,0.0
OBSERVATION_ONLY8,1,1024,entry_lognormal_annual_sd_1.2,Q1,E00,OUTSIDE_ABOVE,1,1,1,0,0,0,0,1,0.0,,,1.0,,0.0,1.0,0.0,0.0,0.06353759765625,0.06353759765625,0.0,0.008740234375000044,0.3761138916015625,0.3761138916015625,0.0,0.07509765624999998
OBSERVATION_ONLY8,1,1024,entry_lognormal_annual_sd_1.2,Q1,E00,OUTSIDE_BELOW,2,2,0,2,0,2,0,0,,1.0,0.0,,,0.0,0.0,0.0,0.0,0.0,0.0,1.0,0.0,0.0,0.0,1.0,0.0
OBSERVATION_ONLY8,1,1024,entry_lognormal_annual_sd_1.2,Q1,E10,CLEARLY_ABOVE,0,0,0,0,0,0,0,0,,,,,,,,,,,,,,,,,
OBSERVATION_ONLY8,1,1024,entry_lognormal_annual_sd_1.2,Q1,E10,CLEARLY_BELOW,3,3,0,3,0,3,0,0,,1.0,0.0,,,0.109375,0.0,0.0,0.3333333333333333,-0.2584177652994792,0.2584177652994792,1.0,0.9037272135416665,-0.2584177652994792,0.2584177652994792,1.0,0.9037272135416665
OBSERVATION_ONLY8,1,1024,entry_lognormal_annual_sd_1.2,Q1,E10,IMMEDIATELY_ABOVE,1,1,0,1,0,1,0,0,,1.0,0.0,,,0.0,0.0,0.0,0.0,0.0835418701171875,0.0835418701171875,0.0,0.068115234375,0.0835418701171875,0.0835418701171875,0.0,0.068115234375
OBSERVATION_ONLY8,1,1024,entry_lognormal_annual_sd_1.2,Q1,E10,IMMEDIATELY_BELOW,0,0,0,0,0,0,0,0,,,,,,,,,,,,,,,,,
OBSERVATION_ONLY8,1,1024,entry_lognormal_annual_sd_1.2,Q1,E10,MODERATELY_ABOVE,0,0,0,0,0,0,0,0,,,,,,,,,,,,,,,,,
OBSERVATION_ONLY8,1,1024,entry_lognormal_annual_sd_1.2,Q1,E10,MODERATELY_BELOW,1,1,0,1,0,1,0,0,,1.0,0.0,,,0.0,0.0,0.0,0.0,0.043212890625,0.043212890625,0.0,0.0791015625,0.043212890625,0.043212890625,0.0,0.0791015625
OBSERVATION_ONLY8,1,1024,entry_lognormal_annual_sd_1.2,Q1,E10,OUTSIDE_ABOVE,1,1,1,0,0,0,0,1,0.0,,,1.0,,0.0,1.0,0.0,0.0,0.02020263671875,0.02020263671875,1.0,0.047900390624999956,0.0728912353515625,0.0728912353515625,1.0,0.40434570312499996
OBSERVATION_ONLY8,1,1024,entry_lognormal_annual_sd_1.2,Q1,E10,OUTSIDE_BELOW,2,2,0,2,0,2,0,0,,1.0,0.0,,,0.0,0.0,0.0,0.0,0.0,0.0,1.0,0.0,0.0,0.0,1.0,0.0
OBSERVATION_ONLY8,1,1024,entry_lognormal_annual_sd_1.2,Q1,E01,CLEARLY_ABOVE,0,0,0,0,0,0,0,0,,,,,,,,,,,,,,,,,
OBSERVATION_ONLY8,1,1024,entry_lognormal_annual_sd_1.2,Q1,E01,CLEARLY_BELOW,3,3,0,3,0,3,0,0,,1.0,0.0,,,0.3333333333333333,0.0,0.0,0.0,-0.23306783040364584,0.4581044514973958,0.0,0.2104166666666666,-0.23306783040364584,0.4581044514973958,0.0,0.2104166666666666
OBSERVATION_ONLY8,1,1024,entry_lognormal_annual_sd_1.2,Q1,E01,IMMEDIATELY_ABOVE,1,1,0,1,0,1,0,0,,1.0,0.0,,,0.765625,0.0,0.0,0.0,0.2356414794921875,0.2356414794921875,0.0,0.0,0.2356414794921875,0.2356414794921875,0.0,0.0
OBSERVATION_ONLY8,1,1024,entry_lognormal_annual_sd_1.2,Q1,E01,IMMEDIATELY_BELOW,0,0,0,0,0,0,0,0,,,,,,,,,,,,,,,,,
OBSERVATION_ONLY8,1,1024,entry_lognormal_annual_sd_1.2,Q1,E01,MODERATELY_ABOVE,0,0,0,0,0,0,0,0,,,,,,,,,,,,,,,,,
OBSERVATION_ONLY8,1,1024,entry_lognormal_annual_sd_1.2,Q1,E01,MODERATELY_BELOW,1,1,0,1,0,1,0,0,,1.0,0.0,,,1.0,0.0,0.0,0.0,0.29345703125,0.29345703125,0.0,0.0,0.29345703125,0.29345703125,0.0,0.0
OBSERVATION_ONLY8,1,1024,entry_lognormal_annual_sd_1.2,Q1,E01,OUTSIDE_ABOVE,1,1,1,0,0,0,0,1,0.0,,,1.0,,0.0,1.0,0.0,0.0,0.06365966796875,0.06365966796875,0.0,0.009033203125,0.3809967041015625,0.3809967041015625,0.0,0.076416015625
OBSERVATION_ONLY8,1,1024,entry_lognormal_annual_sd_1.2,Q1,E01,OUTSIDE_BELOW,2,2,0,2,0,2,0,0,,1.0,0.0,,,0.0,0.0,0.0,0.0,0.0,0.0,1.0,0.0,0.0,0.0,1.0,0.0
OBSERVATION_ONLY8,1,1024,entry_lognormal_annual_sd_1.2,Q1,E11,CLEARLY_ABOVE,0,0,0,0,0,0,0,0,,,,,,,,,,,,,,,,,
OBSERVATION_ONLY8,1,1024,entry_lognormal_annual_sd_1.2,Q1,E11,CLEARLY_BELOW,3,3,0,3,0,3,0,0,,1.0,0.0,,,0.0,0.0,0.0,0.0,0.0024871826171875,0.0024871826171875,1.0,0.03082682291666668,0.0024871826171875,0.0024871826171875,1.0,0.03082682291666668
OBSERVATION_ONLY8,1,1024,entry_lognormal_annual_sd_1.2,Q1,E11,IMMEDIATELY_ABOVE,1,1,0,1,0,1,0,0,,1.0,0.0,,,0.0,0.0,0.0,0.0,-0.0025177001953125,0.0025177001953125,1.0,0.021679687499999933,-0.0025177001953125,0.0025177001953125,1.0,0.021679687499999933
OBSERVATION_ONLY8,1,1024,entry_lognormal_annual_sd_1.2,Q1,E11,IMMEDIATELY_BELOW,0,0,0,0,0,0,0,0,,,,,,,,,,,,,,,,,
OBSERVATION_ONLY8,1,1024,entry_lognormal_annual_sd_1.2,Q1,E11,MODERATELY_ABOVE,0,0,0,0,0,0,0,0,,,,,,,,,,,,,,,,,
OBSERVATION_ONLY8,1,1024,entry_lognormal_annual_sd_1.2,Q1,E11,MODERATELY_BELOW,1,1,0,1,0,1,0,0,,1.0,0.0,,,0.0,0.0,0.0,0.0,0.0107421875,0.0107421875,1.0,0.03769531250000002,0.0107421875,0.0107421875,1.0,0.03769531250000002
OBSERVATION_ONLY8,1,1024,entry_lognormal_annual_sd_1.2,Q1,E11,OUTSIDE_ABOVE,1,1,1,0,0,0,0,1,0.0,,,1.0,,0.0,1.0,0.0,0.0,0.01214599609375,0.01214599609375,0.0,0.013574218749999978,0.0727691650390625,0.0727691650390625,0.0,0.026611328125
OBSERVATION_ONLY8,1,1024,entry_lognormal_annual_sd_1.2,Q1,E11,OUTSIDE_BELOW,2,2,0,2,0,2,0,0,,1.0,0.0,,,0.0,0.0,0.0,0.0,0.0,0.0,1.0,0.0,0.0,0.0,1.0,0.0
OBSERVATION_ONLY8,1,1024,entry_lognormal_annual_sd_1.2,Q2,E00,CLEARLY_ABOVE,0,0,0,0,0,0,0,0,,,,,,,,,,,,,,,,,
OBSERVATION_ONLY8,1,1024,entry_lognormal_annual_sd_1.2,Q2,E00,CLEARLY_BELOW,3,3,0,3,0,3,0,0,,1.0,0.0,,,0.3072916666666667,0.0,0.0,0.0,-0.14139302571614584,0.3145090738932292,0.6666666666666666,0.6732259114583332,-0.14139302571614584,0.3145090738932292,0.6666666666666666,0.6732259114583332
OBSERVATION_ONLY8,1,1024,entry_lognormal_annual_sd_1.2,Q2,E00,IMMEDIATELY_ABOVE,1,1,0,1,0,1,0,0,,1.0,0.0,,,0.765625,0.0,0.0,0.0,0.2356414794921875,0.2356414794921875,0.0,0.0,0.2356414794921875,0.2356414794921875,0.0,0.0
OBSERVATION_ONLY8,1,1024,entry_lognormal_annual_sd_1.2,Q2,E00,IMMEDIATELY_BELOW,0,0,0,0,0,0,0,0,,,,,,,,,,,,,,,,,
OBSERVATION_ONLY8,1,1024,entry_lognormal_annual_sd_1.2,Q2,E00,MODERATELY_ABOVE,0,0,0,0,0,0,0,0,,,,,,,,,,,,,,,,,
OBSERVATION_ONLY8,1,1024,entry_lognormal_annual_sd_1.2,Q2,E00,MODERATELY_BELOW,1,1,0,1,0,1,0,0,,1.0,0.0,,,1.0,0.0,0.0,0.0,0.29345703125,0.29345703125,0.0,0.0,0.29345703125,0.29345703125,0.0,0.0
OBSERVATION_ONLY8,1,1024,entry_lognormal_annual_sd_1.2,Q2,E00,OUTSIDE_ABOVE,0,0,0,0,0,0,0,0,,,,,,,,,,,,,,,,,
OBSERVATION_ONLY8,1,1024,entry_lognormal_annual_sd_1.2,Q2,E00,OUTSIDE_BELOW,3,3,0,3,0,3,0,0,,1.0,0.0,,,0.3333333333333333,0.0,0.0,0.0,0.02117919921875,0.02117919921875,0.6666666666666666,0.002913411458333348,0.12537129720052084,0.12537129720052084,0.6666666666666666,0.025032552083333326
OBSERVATION_ONLY8,1,1024,entry_lognormal_annual_sd_1.2,Q2,E10,CLEARLY_ABOVE,0,0,0,0,0,0,0,0,,,,,,,,,,,,,,,,,
OBSERVATION_ONLY8,1,1024,entry_lognormal_annual_sd_1.2,Q2,E10,CLEARLY_BELOW,3,3,0,3,0,3,0,0,,1.0,0.0,,,0.109375,0.0,0.0,0.3333333333333333,-0.2584177652994792,0.2584177652994792,1.0,0.9037272135416665,-0.2584177652994792,0.2584177652994792,1.0,0.9037272135416665
OBSERVATION_ONLY8,1,1024,entry_lognormal_annual_sd_1.2,Q2,E10,IMMEDIATELY_ABOVE,1,1,0,1,0,1,0,0,,1.0,0.0,,,0.0,0.0,0.0,0.0,0.0835418701171875,0.0835418701171875,0.0,0.068115234375,0.0835418701171875,0.0835418701171875,0.0,0.068115234375
OBSERVATION_ONLY8,1,1024,entry_lognormal_annual_sd_1.2,Q2,E10,IMMEDIATELY_BELOW,0,0,0,0,0,0,0,0,,,,,,,,,,,,,,,,,
OBSERVATION_ONLY8,1,1024,entry_lognormal_annual_sd_1.2,Q2,E10,MODERATELY_ABOVE,0,0,0,0,0,0,0,0,,,,,,,,,,,,,,,,,
OBSERVATION_ONLY8,1,1024,entry_lognormal_annual_sd_1.2,Q2,E10,MODERATELY_BELOW,1,1,0,1,0,1,0,0,,1.0,0.0,,,0.0,0.0,0.0,0.0,0.043212890625,0.043212890625,0.0,0.0791015625,0.043212890625,0.043212890625,0.0,0.0791015625
OBSERVATION_ONLY8,1,1024,entry_lognormal_annual_sd_1.2,Q2,E10,OUTSIDE_ABOVE,0,0,0,0,0,0,0,0,,,,,,,,,,,,,,,,,
OBSERVATION_ONLY8,1,1024,entry_lognormal_annual_sd_1.2,Q2,E10,OUTSIDE_BELOW,3,3,0,3,0,3,0,0,,1.0,0.0,,,0.046875,0.0,0.0,0.3333333333333333,0.006734212239583333,0.006734212239583333,1.0,0.015966796874999984,0.024297078450520832,0.024297078450520832,1.0,0.13478190104166665
OBSERVATION_ONLY8,1,1024,entry_lognormal_annual_sd_1.2,Q2,E01,CLEARLY_ABOVE,0,0,0,0,0,0,0,0,,,,,,,,,,,,,,,,,
OBSERVATION_ONLY8,1,1024,entry_lognormal_annual_sd_1.2,Q2,E01,CLEARLY_BELOW,3,3,0,3,0,3,0,0,,1.0,0.0,,,0.3333333333333333,0.0,0.0,0.0,-0.23306783040364584,0.4581044514973958,0.0,0.2104166666666666,-0.23306783040364584,0.4581044514973958,0.0,0.2104166666666666
OBSERVATION_ONLY8,1,1024,entry_lognormal_annual_sd_1.2,Q2,E01,IMMEDIATELY_ABOVE,1,1,0,1,0,1,0,0,,1.0,0.0,,,0.765625,0.0,0.0,0.0,0.2356414794921875,0.2356414794921875,0.0,0.0,0.2356414794921875,0.2356414794921875,0.0,0.0
OBSERVATION_ONLY8,1,1024,entry_lognormal_annual_sd_1.2,Q2,E01,IMMEDIATELY_BELOW,0,0,0,0,0,0,0,0,,,,,,,,,,,,,,,,,
OBSERVATION_ONLY8,1,1024,entry_lognormal_annual_sd_1.2,Q2,E01,MODERATELY_ABOVE,0,0,0,0,0,0,0,0,,,,,,,,,,,,,,,,,
OBSERVATION_ONLY8,1,1024,entry_lognormal_annual_sd_1.2,Q2,E01,MODERATELY_BELOW,1,1,0,1,0,1,0,0,,1.0,0.0,,,1.0,0.0,0.0,0.0,0.29345703125,0.29345703125,0.0,0.0,0.29345703125,0.29345703125,0.0,0.0
OBSERVATION_ONLY8,1,1024,entry_lognormal_annual_sd_1.2,Q2,E01,OUTSIDE_ABOVE,0,0,0,0,0,0,0,0,,,,,,,,,,,,,,,,,
OBSERVATION_ONLY8,1,1024,entry_lognormal_annual_sd_1.2,Q2,E01,OUTSIDE_BELOW,3,3,0,3,0,3,0,0,,1.0,0.0,,,0.3333333333333333,0.0,0.0,0.0,0.021219889322916668,0.021219889322916668,0.6666666666666666,0.0030110677083333335,0.1269989013671875,0.1269989013671875,0.6666666666666666,0.025472005208333332
OBSERVATION_ONLY8,1,1024,entry_lognormal_annual_sd_1.2,Q2,E11,CLEARLY_ABOVE,0,0,0,0,0,0,0,0,,,,,,,,,,,,,,,,,
OBSERVATION_ONLY8,1,1024,entry_lognormal_annual_sd_1.2,Q2,E11,CLEARLY_BELOW,3,3,0,3,0,3,0,0,,1.0,0.0,,,0.0,0.0,0.0,0.0,0.0024871826171875,0.0024871826171875,1.0,0.03082682291666668,0.0024871826171875,0.0024871826171875,1.0,0.03082682291666668
OBSERVATION_ONLY8,1,1024,entry_lognormal_annual_sd_1.2,Q2,E11,IMMEDIATELY_ABOVE,1,1,0,1,0,1,0,0,,1.0,0.0,,,0.0,0.0,0.0,0.0,-0.0025177001953125,0.0025177001953125,1.0,0.021679687499999933,-0.0025177001953125,0.0025177001953125,1.0,0.021679687499999933
OBSERVATION_ONLY8,1,1024,entry_lognormal_annual_sd_1.2,Q2,E11,IMMEDIATELY_BELOW,0,0,0,0,0,0,0,0,,,,,,,,,,,,,,,,,
OBSERVATION_ONLY8,1,1024,entry_lognormal_annual_sd_1.2,Q2,E11,MODERATELY_ABOVE,0,0,0,0,0,0,0,0,,,,,,,,,,,,,,,,,
OBSERVATION_ONLY8,1,1024,entry_lognormal_annual_sd_1.2,Q2,E11,MODERATELY_BELOW,1,1,0,1,0,1,0,0,,1.0,0.0,,,0.0,0.0,0.0,0.0,0.0107421875,0.0107421875,1.0,0.03769531250000002,0.0107421875,0.0107421875,1.0,0.03769531250000002
OBSERVATION_ONLY8,1,1024,entry_lognormal_annual_sd_1.2,Q2,E11,OUTSIDE_ABOVE,0,0,0,0,0,0,0,0,,,,,,,,,,,,,,,,,
OBSERVATION_ONLY8,1,1024,entry_lognormal_annual_sd_1.2,Q2,E11,OUTSIDE_BELOW,3,3,0,3,0,3,0,0,,1.0,0.0,,,0.0,0.0,0.0,0.0,0.004048665364583333,0.004048665364583333,0.6666666666666666,0.004524739583333326,0.024256388346354168,0.024256388346354168,0.6666666666666666,0.008870442708333334
OBSERVATION_ONLY8,2,1024,correct,Q1,E00,CLEARLY_ABOVE,0,0,0,0,0,0,0,0,,,,,,,,,,,,,,,,,
OBSERVATION_ONLY8,2,1024,correct,Q1,E00,CLEARLY_BELOW,3,3,0,3,0,3,0,0,,1.0,0.0,,,0.4166666666666667,0.0,0.0,0.3333333333333333,-0.1457977294921875,0.3685455322265625,0.3333333333333333,0.4246744791666666,-0.1457977294921875,0.3685455322265625,0.3333333333333333,0.4246744791666666
OBSERVATION_ONLY8,2,1024,correct,Q1,E00,IMMEDIATELY_ABOVE,1,1,0,1,0,1,0,0,,1.0,0.0,,,0.0625,0.0,0.0,0.0,0.235626220703125,0.235626220703125,0.0,0.0,0.235626220703125,0.235626220703125,0.0,0.0
OBSERVATION_ONLY8,2,1024,correct,Q1,E00,IMMEDIATELY_BELOW,0,0,0,0,0,0,0,0,,,,,,,,,,,,,,,,,
OBSERVATION_ONLY8,2,1024,correct,Q1,E00,MODERATELY_ABOVE,0,0,0,0,0,0,0,0,,,,,,,,,,,,,,,,,
OBSERVATION_ONLY8,2,1024,correct,Q1,E00,MODERATELY_BELOW,1,1,0,1,0,1,0,0,,1.0,0.0,,,0.0,0.0,0.0,0.0,0.244476318359375,0.244476318359375,0.0,0.18525390625000004,0.244476318359375,0.244476318359375,0.0,0.18525390625000004
OBSERVATION_ONLY8,2,1024,correct,Q1,E00,OUTSIDE_ABOVE,1,1,1,0,0,0,0,1,0.0,,,1.0,,0.015625,1.0,0.0,0.0,-0.0087127685546875,0.0087127685546875,1.0,0.32314453125,0.1800994873046875,0.1800994873046875,1.0,0.434228515625
OBSERVATION_ONLY8,2,1024,correct,Q1,E00,OUTSIDE_BELOW,2,2,0,2,0,2,0,0,,1.0,0.0,,,0.0,0.0,0.0,0.0,0.0,0.0,1.0,0.0,0.0,0.0,1.0,0.0
OBSERVATION_ONLY8,2,1024,correct,Q1,E10,CLEARLY_ABOVE,0,0,0,0,0,0,0,0,,,,,,,,,,,,,,,,,
OBSERVATION_ONLY8,2,1024,correct,Q1,E10,CLEARLY_BELOW,3,3,0,3,0,3,0,0,,1.0,0.0,,,0.109375,0.0,0.0,0.3333333333333333,-0.2599334716796875,0.2599334716796875,1.0,0.9037272135416665,-0.2599334716796875,0.2599334716796875,1.0,0.9037272135416665
OBSERVATION_ONLY8,2,1024,correct,Q1,E10,IMMEDIATELY_ABOVE,1,1,0,1,0,1,0,0,,1.0,0.0,,,0.0,0.0,0.0,0.0,0.083526611328125,0.083526611328125,0.0,0.068115234375,0.083526611328125,0.083526611328125,0.0,0.068115234375
OBSERVATION_ONLY8,2,1024,correct,Q1,E10,IMMEDIATELY_BELOW,0,0,0,0,0,0,0,0,,,,,,,,,,,,,,,,,
OBSERVATION_ONLY8,2,1024,correct,Q1,E10,MODERATELY_ABOVE,0,0,0,0,0,0,0,0,,,,,,,,,,,,,,,,,
OBSERVATION_ONLY8,2,1024,correct,Q1,E10,MODERATELY_BELOW,1,1,0,1,0,1,0,0,,1.0,0.0,,,0.0,0.0,0.0,0.0,0.032318115234375,0.032318115234375,1.0,0.0791015625,0.032318115234375,0.032318115234375,1.0,0.0791015625
OBSERVATION_ONLY8,2,1024,correct,Q1,E10,OUTSIDE_ABOVE,1,1,1,0,0,0,0,1,0.0,,,1.0,,0.0,1.0,0.0,0.0,0.0078887939453125,0.0078887939453125,1.0,0.047900390624999956,-0.0020294189453125,0.0020294189453125,1.0,0.40434570312499996
OBSERVATION_ONLY8,2,1024,correct,Q1,E10,OUTSIDE_BELOW,2,2,0,2,0,2,0,0,,1.0,0.0,,,0.0,0.0,0.0,0.0,0.0,0.0,1.0,0.0,0.0,0.0,1.0,0.0
OBSERVATION_ONLY8,2,1024,correct,Q1,E01,CLEARLY_ABOVE,0,0,0,0,0,0,0,0,,,,,,,,,,,,,,,,,
OBSERVATION_ONLY8,2,1024,correct,Q1,E01,CLEARLY_BELOW,3,3,0,3,0,3,0,0,,1.0,0.0,,,0.3385416666666667,0.0,0.0,0.0,-0.17493184407552084,0.3993072509765625,0.3333333333333333,0.2680826822916666,-0.17493184407552084,0.3993072509765625,0.3333333333333333,0.2680826822916666
OBSERVATION_ONLY8,2,1024,correct,Q1,E01,IMMEDIATELY_ABOVE,1,1,0,1,0,1,0,0,,1.0,0.0,,,0.0625,0.0,0.0,0.0,0.235626220703125,0.235626220703125,0.0,0.0,0.235626220703125,0.235626220703125,0.0,0.0
OBSERVATION_ONLY8,2,1024,correct,Q1,E01,IMMEDIATELY_BELOW,0,0,0,0,0,0,0,0,,,,,,,,,,,,,,,,,
OBSERVATION_ONLY8,2,1024,correct,Q1,E01,MODERATELY_ABOVE,0,0,0,0,0,0,0,0,,,,,,,,,,,,,,,,,
OBSERVATION_ONLY8,2,1024,correct,Q1,E01,MODERATELY_BELOW,1,1,0,1,0,1,0,0,,1.0,0.0,,,0.0,0.0,0.0,0.0,0.243255615234375,0.243255615234375,0.0,0.18466796875000002,0.243255615234375,0.243255615234375,0.0,0.18466796875000002
OBSERVATION_ONLY8,2,1024,correct,Q1,E01,OUTSIDE_ABOVE,1,1,1,0,0,0,0,1,0.0,,,1.0,,0.015625,1.0,0.0,0.0,-0.0122528076171875,0.0122528076171875,1.0,0.3412109375,0.1377410888671875,0.1377410888671875,1.0,0.617041015625
OBSERVATION_ONLY8,2,1024,correct,Q1,E01,OUTSIDE_BELOW,2,2,0,2,0,2,0,0,,1.0,0.0,,,0.0,0.0,0.0,0.0,0.0,0.0,1.0,0.0,0.0,0.0,1.0,0.0
OBSERVATION_ONLY8,2,1024,correct,Q1,E11,CLEARLY_ABOVE,0,0,0,0,0,0,0,0,,,,,,,,,,,,,,,,,
OBSERVATION_ONLY8,2,1024,correct,Q1,E11,CLEARLY_BELOW,3,3,0,3,0,3,0,0,,1.0,0.0,,,0.0,0.0,0.0,0.0,0.0009714762369791666,0.004786173502604167,1.0,0.03082682291666668,0.0009714762369791666,0.004786173502604167,1.0,0.03082682291666668
OBSERVATION_ONLY8,2,1024,correct,Q1,E11,IMMEDIATELY_ABOVE,1,1,0,1,0,1,0,0,,1.0,0.0,,,0.0,0.0,0.0,0.0,-0.002532958984375,0.002532958984375,1.0,0.021679687499999933,-0.002532958984375,0.002532958984375,1.0,0.021679687499999933
OBSERVATION_ONLY8,2,1024,correct,Q1,E11,IMMEDIATELY_BELOW,0,0,0,0,0,0,0,0,,,,,,,,,,,,,,,,,
OBSERVATION_ONLY8,2,1024,correct,Q1,E11,MODERATELY_ABOVE,0,0,0,0,0,0,0,0,,,,,,,,,,,,,,,,,
OBSERVATION_ONLY8,2,1024,correct,Q1,E11,MODERATELY_BELOW,1,1,0,1,0,1,0,0,,1.0,0.0,,,0.0,0.0,0.0,0.0,-0.000152587890625,0.000152587890625,1.0,0.03769531250000002,-0.000152587890625,0.000152587890625,1.0,0.03769531250000002
OBSERVATION_ONLY8,2,1024,correct,Q1,E11,OUTSIDE_ABOVE,1,1,1,0,0,0,0,1,0.0,,,1.0,,0.0,1.0,0.0,0.0,-0.0001678466796875,0.0001678466796875,1.0,0.013574218749999978,-0.0021514892578125,0.0021514892578125,1.0,0.026611328125
OBSERVATION_ONLY8,2,1024,correct,Q1,E11,OUTSIDE_BELOW,2,2,0,2,0,2,0,0,,1.0,0.0,,,0.0,0.0,0.0,0.0,0.0,0.0,1.0,0.0,0.0,0.0,1.0,0.0
OBSERVATION_ONLY8,2,1024,correct,Q2,E00,CLEARLY_ABOVE,0,0,0,0,0,0,0,0,,,,,,,,,,,,,,,,,
OBSERVATION_ONLY8,2,1024,correct,Q2,E00,CLEARLY_BELOW,4,4,0,4,0,4,0,0,,1.0,0.0,,,0.453125,0.0,0.0,0.25,-0.1115264892578125,0.27858734130859375,0.5,0.3992919921875,-0.06432342529296875,0.32143402099609375,0.5,0.42706298828125
OBSERVATION_ONLY8,2,1024,correct,Q2,E00,IMMEDIATELY_ABOVE,1,1,0,1,0,1,0,0,,1.0,0.0,,,0.0625,0.0,0.0,0.0,0.235626220703125,0.235626220703125,0.0,0.0,0.235626220703125,0.235626220703125,0.0,0.0
OBSERVATION_ONLY8,2,1024,correct,Q2,E00,IMMEDIATELY_BELOW,0,0,0,0,0,0,0,0,,,,,,,,,,,,,,,,,
OBSERVATION_ONLY8,2,1024,correct,Q2,E00,MODERATELY_ABOVE,0,0,0,0,0,0,0,0,,,,,,,,,,,,,,,,,
OBSERVATION_ONLY8,2,1024,correct,Q2,E00,MODERATELY_BELOW,1,1,0,1,0,1,0,0,,1.0,0.0,,,0.0,0.0,0.0,0.0,0.244476318359375,0.244476318359375,0.0,0.18525390625000004,0.244476318359375,0.244476318359375,0.0,0.18525390625000004
OBSERVATION_ONLY8,2,1024,correct,Q2,E00,OUTSIDE_ABOVE,0,0,0,0,0,0,0,0,,,,,,,,,,,,,,,,,
OBSERVATION_ONLY8,2,1024,correct,Q2,E00,OUTSIDE_BELOW,2,2,0,2,0,2,0,0,,1.0,0.0,,,0.0,0.0,0.0,0.0,0.0,0.0,1.0,0.0,0.0,0.0,1.0,0.0
OBSERVATION_ONLY8,2,1024,correct,Q2,E10,CLEARLY_ABOVE,0,0,0,0,0,0,0,0,,,,,,,,,,,,,,,,,
OBSERVATION_ONLY8,2,1024,correct,Q2,E10,CLEARLY_BELOW,4,4,0,4,0,4,0,0,,1.0,0.0,,,0.1171875,0.0,0.0,0.5,-0.1929779052734375,0.19692230224609375,1.0,0.6897705078124998,-0.19545745849609375,0.19545745849609375,1.0,0.7788818359374998
OBSERVATION_ONLY8,2,1024,correct,Q2,E10,IMMEDIATELY_ABOVE,1,1,0,1,0,1,0,0,,1.0,0.0,,,0.0,0.0,0.0,0.0,0.083526611328125,0.083526611328125,0.0,0.068115234375,0.083526611328125,0.083526611328125,0.0,0.068115234375
OBSERVATION_ONLY8,2,1024,correct,Q2,E10,IMMEDIATELY_BELOW,0,0,0,0,0,0,0,0,,,,,,,,,,,,,,,,,
OBSERVATION_ONLY8,2,1024,correct,Q2,E10,MODERATELY_ABOVE,0,0,0,0,0,0,0,0,,,,,,,,,,,,,,,,,
OBSERVATION_ONLY8,2,1024,correct,Q2,E10,MODERATELY_BELOW,1,1,0,1,0,1,0,0,,1.0,0.0,,,0.0,0.0,0.0,0.0,0.032318115234375,0.032318115234375,1.0,0.0791015625,0.032318115234375,0.032318115234375,1.0,0.0791015625
OBSERVATION_ONLY8,2,1024,correct,Q2,E10,OUTSIDE_ABOVE,0,0,0,0,0,0,0,0,,,,,,,,,,,,,,,,,
OBSERVATION_ONLY8,2,1024,correct,Q2,E10,OUTSIDE_BELOW,2,2,0,2,0,2,0,0,,1.0,0.0,,,0.0,0.0,0.0,0.0,0.0,0.0,1.0,0.0,0.0,0.0,1.0,0.0
OBSERVATION_ONLY8,2,1024,correct,Q2,E01,CLEARLY_ABOVE,0,0,0,0,0,0,0,0,,,,,,,,,,,,,,,,,
OBSERVATION_ONLY8,2,1024,correct,Q2,E01,CLEARLY_BELOW,4,4,0,4,0,4,0,0,,1.0,0.0,,,0.39453125,0.0,0.0,0.0,-0.1342620849609375,0.30254364013671875,0.5,0.28636474609374996,-0.09676361083984375,0.33391571044921875,0.5,0.3553222656249999
OBSERVATION_ONLY8,2,1024,correct,Q2,E01,IMMEDIATELY_ABOVE,1,1,0,1,0,1,0,0,,1.0,0.0,,,0.0625,0.0,0.0,0.0,0.235626220703125,0.235626220703125,0.0,0.0,0.235626220703125,0.235626220703125,0.0,0.0
OBSERVATION_ONLY8,2,1024,correct,Q2,E01,IMMEDIATELY_BELOW,0,0,0,0,0,0,0,0,,,,,,,,,,,,,,,,,
OBSERVATION_ONLY8,2,1024,correct,Q2,E01,MODERATELY_ABOVE,0,0,0,0,0,0,0,0,,,,,,,,,,,,,,,,,
OBSERVATION_ONLY8,2,1024,correct,Q2,E01,MODERATELY_BELOW,1,1,0,1,0,1,0,0,,1.0,0.0,,,0.0,0.0,0.0,0.0,0.243255615234375,0.243255615234375,0.0,0.18466796875000002,0.243255615234375,0.243255615234375,0.0,0.18466796875000002
OBSERVATION_ONLY8,2,1024,correct,Q2,E01,OUTSIDE_ABOVE,0,0,0,0,0,0,0,0,,,,,,,,,,,,,,,,,
OBSERVATION_ONLY8,2,1024,correct,Q2,E01,OUTSIDE_BELOW,2,2,0,2,0,2,0,0,,1.0,0.0,,,0.0,0.0,0.0,0.0,0.0,0.0,1.0,0.0,0.0,0.0,1.0,0.0
OBSERVATION_ONLY8,2,1024,correct,Q2,E11,CLEARLY_ABOVE,0,0,0,0,0,0,0,0,,,,,,,,,,,,,,,,,
OBSERVATION_ONLY8,2,1024,correct,Q2,E11,CLEARLY_BELOW,4,4,0,4,0,4,0,0,,1.0,0.0,,,0.0,0.0,0.0,0.0,0.0006866455078125,0.003631591796875,1.0,0.026513671875000006,0.00019073486328125,0.00412750244140625,1.0,0.02977294921875001
OBSERVATION_ONLY8,2,1024,correct,Q2,E11,IMMEDIATELY_ABOVE,1,1,0,1,0,1,0,0,,1.0,0.0,,,0.0,0.0,0.0,0.0,-0.002532958984375,0.002532958984375,1.0,0.021679687499999933,-0.002532958984375,0.002532958984375,1.0,0.021679687499999933
OBSERVATION_ONLY8,2,1024,correct,Q2,E11,IMMEDIATELY_BELOW,0,0,0,0,0,0,0,0,,,,,,,,,,,,,,,,,
OBSERVATION_ONLY8,2,1024,correct,Q2,E11,MODERATELY_ABOVE,0,0,0,0,0,0,0,0,,,,,,,,,,,,,,,,,
OBSERVATION_ONLY8,2,1024,correct,Q2,E11,MODERATELY_BELOW,1,1,0,1,0,1,0,0,,1.0,0.0,,,0.0,0.0,0.0,0.0,-0.000152587890625,0.000152587890625,1.0,0.03769531250000002,-0.000152587890625,0.000152587890625,1.0,0.03769531250000002
OBSERVATION_ONLY8,2,1024,correct,Q2,E11,OUTSIDE_ABOVE,0,0,0,0,0,0,0,0,,,,,,,,,,,,,,,,,
OBSERVATION_ONLY8,2,1024,correct,Q2,E11,OUTSIDE_BELOW,2,2,0,2,0,2,0,0,,1.0,0.0,,,0.0,0.0,0.0,0.0,0.0,0.0,1.0,0.0,0.0,0.0,1.0,0.0
OBSERVATION_ONLY8,2,1024,hemlock_extra_hazard_0.12,Q1,E00,CLEARLY_ABOVE,0,0,0,0,0,0,0,0,,,,,,,,,,,,,,,,,
OBSERVATION_ONLY8,2,1024,hemlock_extra_hazard_0.12,Q1,E00,CLEARLY_BELOW,0,0,0,0,0,0,0,0,,,,,,,,,,,,,,,,,
OBSERVATION_ONLY8,2,1024,hemlock_extra_hazard_0.12,Q1,E00,IMMEDIATELY_ABOVE,0,0,0,0,0,0,0,0,,,,,,,,,,,,,,,,,
OBSERVATION_ONLY8,2,1024,hemlock_extra_hazard_0.12,Q1,E00,IMMEDIATELY_BELOW,0,0,0,0,0,0,0,0,,,,,,,,,,,,,,,,,
OBSERVATION_ONLY8,2,1024,hemlock_extra_hazard_0.12,Q1,E00,MODERATELY_ABOVE,0,0,0,0,0,0,0,0,,,,,,,,,,,,,,,,,
OBSERVATION_ONLY8,2,1024,hemlock_extra_hazard_0.12,Q1,E00,MODERATELY_BELOW,0,0,0,0,0,0,0,0,,,,,,,,,,,,,,,,,
OBSERVATION_ONLY8,2,1024,hemlock_extra_hazard_0.12,Q1,E00,OUTSIDE_ABOVE,1,1,1,0,0,0,0,1,0.0,,,1.0,,0.015625,1.0,0.0,0.0,0.069427490234375,0.069427490234375,1.0,0.32314453125,0.753936767578125,0.753936767578125,0.0,0.434228515625
OBSERVATION_ONLY8,2,1024,hemlock_extra_hazard_0.12,Q1,E00,OUTSIDE_BELOW,7,7,0,7,0,7,0,0,,1.0,0.0,,,0.1875,0.0,0.0,0.14285714285714285,0.5032087053571429,0.5032087053571429,0.5714285714285714,0.2084681919642857,0.5032087053571429,0.5032087053571429,0.5714285714285714,0.2084681919642857
OBSERVATION_ONLY8,2,1024,hemlock_extra_hazard_0.12,Q1,E10,CLEARLY_ABOVE,0,0,0,0,0,0,0,0,,,,,,,,,,,,,,,,,
OBSERVATION_ONLY8,2,1024,hemlock_extra_hazard_0.12,Q1,E10,CLEARLY_BELOW,0,0,0,0,0,0,0,0,,,,,,,,,,,,,,,,,
OBSERVATION_ONLY8,2,1024,hemlock_extra_hazard_0.12,Q1,E10,IMMEDIATELY_ABOVE,0,0,0,0,0,0,0,0,,,,,,,,,,,,,,,,,
OBSERVATION_ONLY8,2,1024,hemlock_extra_hazard_0.12,Q1,E10,IMMEDIATELY_BELOW,0,0,0,0,0,0,0,0,,,,,,,,,,,,,,,,,
OBSERVATION_ONLY8,2,1024,hemlock_extra_hazard_0.12,Q1,E10,MODERATELY_ABOVE,0,0,0,0,0,0,0,0,,,,,,,,,,,,,,,,,
OBSERVATION_ONLY8,2,1024,hemlock_extra_hazard_0.12,Q1,E10,MODERATELY_BELOW,0,0,0,0,0,0,0,0,,,,,,,,,,,,,,,,,
OBSERVATION_ONLY8,2,1024,hemlock_extra_hazard_0.12,Q1,E10,OUTSIDE_ABOVE,1,1,1,0,0,0,0,1,0.0,,,1.0,,0.0,1.0,0.0,0.0,0.086029052734375,0.086029052734375,0.0,0.047900390624999956,0.571807861328125,0.571807861328125,0.0,0.40434570312499996
OBSERVATION_ONLY8,2,1024,hemlock_extra_hazard_0.12,Q1,E10,OUTSIDE_BELOW,7,7,0,7,0,7,0,0,,1.0,0.0,,,0.046875,0.0,0.0,0.14285714285714285,0.40225655691964285,0.40225655691964285,0.5714285714285714,0.40834263392857134,0.40225655691964285,0.40225655691964285,0.5714285714285714,0.40834263392857134
OBSERVATION_ONLY8,2,1024,hemlock_extra_hazard_0.12,Q1,E01,CLEARLY_ABOVE,0,0,0,0,0,0,0,0,,,,,,,,,,,,,,,,,
OBSERVATION_ONLY8,2,1024,hemlock_extra_hazard_0.12,Q1,E01,CLEARLY_BELOW,0,0,0,0,0,0,0,0,,,,,,,,,,,,,,,,,
OBSERVATION_ONLY8,2,1024,hemlock_extra_hazard_0.12,Q1,E01,IMMEDIATELY_ABOVE,0,0,0,0,0,0,0,0,,,,,,,,,,,,,,,,,
OBSERVATION_ONLY8,2,1024,hemlock_extra_hazard_0.12,Q1,E01,IMMEDIATELY_BELOW,0,0,0,0,0,0,0,0,,,,,,,,,,,,,,,,,
OBSERVATION_ONLY8,2,1024,hemlock_extra_hazard_0.12,Q1,E01,MODERATELY_ABOVE,0,0,0,0,0,0,0,0,,,,,,,,,,,,,,,,,
OBSERVATION_ONLY8,2,1024,hemlock_extra_hazard_0.12,Q1,E01,MODERATELY_BELOW,0,0,0,0,0,0,0,0,,,,,,,,,,,,,,,,,
OBSERVATION_ONLY8,2,1024,hemlock_extra_hazard_0.12,Q1,E01,OUTSIDE_ABOVE,1,1,1,0,0,0,0,1,0.0,,,1.0,,0.015625,1.0,0.0,0.0,0.065887451171875,0.065887451171875,1.0,0.3412109375,0.711578369140625,0.711578369140625,0.0,0.617041015625
OBSERVATION_ONLY8,2,1024,hemlock_extra_hazard_0.12,Q1,E01,OUTSIDE_BELOW,7,7,0,7,0,7,0,0,,1.0,0.0,,,0.15401785714285715,0.0,0.0,0.0,0.4905482700892857,0.4905482700892857,0.2857142857142857,0.1412737165178571,0.4905482700892857,0.4905482700892857,0.2857142857142857,0.1412737165178571
OBSERVATION_ONLY8,2,1024,hemlock_extra_hazard_0.12,Q1,E11,CLEARLY_ABOVE,0,0,0,0,0,0,0,0,,,,,,,,,,,,,,,,,
OBSERVATION_ONLY8,2,1024,hemlock_extra_hazard_0.12,Q1,E11,CLEARLY_BELOW,0,0,0,0,0,0,0,0,,,,,,,,,,,,,,,,,
OBSERVATION_ONLY8,2,1024,hemlock_extra_hazard_0.12,Q1,E11,IMMEDIATELY_ABOVE,0,0,0,0,0,0,0,0,,,,,,,,,,,,,,,,,
OBSERVATION_ONLY8,2,1024,hemlock_extra_hazard_0.12,Q1,E11,IMMEDIATELY_BELOW,0,0,0,0,0,0,0,0,,,,,,,,,,,,,,,,,
OBSERVATION_ONLY8,2,1024,hemlock_extra_hazard_0.12,Q1,E11,MODERATELY_ABOVE,0,0,0,0,0,0,0,0,,,,,,,,,,,,,,,,,
OBSERVATION_ONLY8,2,1024,hemlock_extra_hazard_0.12,Q1,E11,MODERATELY_BELOW,0,0,0,0,0,0,0,0,,,,,,,,,,,,,,,,,
OBSERVATION_ONLY8,2,1024,hemlock_extra_hazard_0.12,Q1,E11,OUTSIDE_ABOVE,1,1,1,0,0,0,0,1,0.0,,,1.0,,0.0,1.0,0.0,0.0,0.077972412109375,0.077972412109375,0.0,0.013574218749999978,0.571685791015625,0.571685791015625,0.0,0.026611328125
OBSERVATION_ONLY8,2,1024,hemlock_extra_hazard_0.12,Q1,E11,OUTSIDE_BELOW,7,7,0,7,0,7,0,0,,1.0,0.0,,,0.0,0.0,0.0,0.0,0.4971400669642857,0.4971400669642857,0.2857142857142857,0.021693638392857144,0.4971400669642857,0.4971400669642857,0.2857142857142857,0.021693638392857144
OBSERVATION_ONLY8,2,1024,hemlock_extra_hazard_0.12,Q2,E00,CLEARLY_ABOVE,0,0,0,0,0,0,0,0,,,,,,,,,,,,,,,,,
OBSERVATION_ONLY8,2,1024,hemlock_extra_hazard_0.12,Q2,E00,CLEARLY_BELOW,0,0,0,0,0,0,0,0,,,,,,,,,,,,,,,,,
OBSERVATION_ONLY8,2,1024,hemlock_extra_hazard_0.12,Q2,E00,IMMEDIATELY_ABOVE,0,0,0,0,0,0,0,0,,,,,,,,,,,,,,,,,
OBSERVATION_ONLY8,2,1024,hemlock_extra_hazard_0.12,Q2,E00,IMMEDIATELY_BELOW,0,0,0,0,0,0,0,0,,,,,,,,,,,,,,,,,
OBSERVATION_ONLY8,2,1024,hemlock_extra_hazard_0.12,Q2,E00,MODERATELY_ABOVE,0,0,0,0,0,0,0,0,,,,,,,,,,,,,,,,,
OBSERVATION_ONLY8,2,1024,hemlock_extra_hazard_0.12,Q2,E00,MODERATELY_BELOW,0,0,0,0,0,0,0,0,,,,,,,,,,,,,,,,,
OBSERVATION_ONLY8,2,1024,hemlock_extra_hazard_0.12,Q2,E00,OUTSIDE_ABOVE,0,0,0,0,0,0,0,0,,,,,,,,,,,,,,,,,
OBSERVATION_ONLY8,2,1024,hemlock_extra_hazard_0.12,Q2,E00,OUTSIDE_BELOW,8,8,0,8,0,8,0,0,,1.0,0.0,,,0.234375,0.0,0.0,0.125,0.4489860534667969,0.4489860534667969,0.625,0.22280273437499998,0.5345497131347656,0.5345497131347656,0.5,0.23668823242187498
OBSERVATION_ONLY8,2,1024,hemlock_extra_hazard_0.12,Q2,E10,CLEARLY_ABOVE,0,0,0,0,0,0,0,0,,,,,,,,,,,,,,,,,
OBSERVATION_ONLY8,2,1024,hemlock_extra_hazard_0.12,Q2,E10,CLEARLY_BELOW,0,0,0,0,0,0,0,0,,,,,,,,,,,,,,,,,
OBSERVATION_ONLY8,2,1024,hemlock_extra_hazard_0.12,Q2,E10,IMMEDIATELY_ABOVE,0,0,0,0,0,0,0,0,,,,,,,,,,,,,,,,,
OBSERVATION_ONLY8,2,1024,hemlock_extra_hazard_0.12,Q2,E10,IMMEDIATELY_BELOW,0,0,0,0,0,0,0,0,,,,,,,,,,,,,,,,,
OBSERVATION_ONLY8,2,1024,hemlock_extra_hazard_0.12,Q2,E10,MODERATELY_ABOVE,0,0,0,0,0,0,0,0,,,,,,,,,,,,,,,,,
OBSERVATION_ONLY8,2,1024,hemlock_extra_hazard_0.12,Q2,E10,MODERATELY_BELOW,0,0,0,0,0,0,0,0,,,,,,,,,,,,,,,,,
OBSERVATION_ONLY8,2,1024,hemlock_extra_hazard_0.12,Q2,E10,OUTSIDE_ABOVE,0,0,0,0,0,0,0,0,,,,,,,,,,,,,,,,,
OBSERVATION_ONLY8,2,1024,hemlock_extra_hazard_0.12,Q2,E10,OUTSIDE_BELOW,8,8,0,8,0,8,0,0,,1.0,0.0,,,0.05859375,0.0,0.0,0.25,0.3627281188964844,0.3627281188964844,0.5,0.36328735351562497,0.4234504699707031,0.4234504699707031,0.5,0.40784301757812497
OBSERVATION_ONLY8,2,1024,hemlock_extra_hazard_0.12,Q2,E01,CLEARLY_ABOVE,0,0,0,0,0,0,0,0,,,,,,,,,,,,,,,,,
OBSERVATION_ONLY8,2,1024,hemlock_extra_hazard_0.12,Q2,E01,CLEARLY_BELOW,0,0,0,0,0,0,0,0,,,,,,,,,,,,,,,,,
OBSERVATION_ONLY8,2,1024,hemlock_extra_hazard_0.12,Q2,E01,IMMEDIATELY_ABOVE,0,0,0,0,0,0,0,0,,,,,,,,,,,,,,,,,
OBSERVATION_ONLY8,2,1024,hemlock_extra_hazard_0.12,Q2,E01,IMMEDIATELY_BELOW,0,0,0,0,0,0,0,0,,,,,,,,,,,,,,,,,
OBSERVATION_ONLY8,2,1024,hemlock_extra_hazard_0.12,Q2,E01,MODERATELY_ABOVE,0,0,0,0,0,0,0,0,,,,,,,,,,,,,,,,,
OBSERVATION_ONLY8,2,1024,hemlock_extra_hazard_0.12,Q2,E01,MODERATELY_BELOW,0,0,0,0,0,0,0,0,,,,,,,,,,,,,,,,,
OBSERVATION_ONLY8,2,1024,hemlock_extra_hazard_0.12,Q2,E01,OUTSIDE_ABOVE,0,0,0,0,0,0,0,0,,,,,,,,,,,,,,,,,
OBSERVATION_ONLY8,2,1024,hemlock_extra_hazard_0.12,Q2,E01,OUTSIDE_BELOW,8,8,0,8,0,8,0,0,,1.0,0.0,,,0.205078125,0.0,0.0,0.0,0.4374656677246094,0.4374656677246094,0.375,0.16626586914062497,0.5181770324707031,0.5181770324707031,0.25,0.20074462890625
OBSERVATION_ONLY8,2,1024,hemlock_extra_hazard_0.12,Q2,E11,CLEARLY_ABOVE,0,0,0,0,0,0,0,0,,,,,,,,,,,,,,,,,
OBSERVATION_ONLY8,2,1024,hemlock_extra_hazard_0.12,Q2,E11,CLEARLY_BELOW,0,0,0,0,0,0,0,0,,,,,,,,,,,,,,,,,
OBSERVATION_ONLY8,2,1024,hemlock_extra_hazard_0.12,Q2,E11,IMMEDIATELY_ABOVE,0,0,0,0,0,0,0,0,,,,,,,,,,,,,,,,,
OBSERVATION_ONLY8,2,1024,hemlock_extra_hazard_0.12,Q2,E11,IMMEDIATELY_BELOW,0,0,0,0,0,0,0,0,,,,,,,,,,,,,,,,,
OBSERVATION_ONLY8,2,1024,hemlock_extra_hazard_0.12,Q2,E11,MODERATELY_ABOVE,0,0,0,0,0,0,0,0,,,,,,,,,,,,,,,,,
OBSERVATION_ONLY8,2,1024,hemlock_extra_hazard_0.12,Q2,E11,MODERATELY_BELOW,0,0,0,0,0,0,0,0,,,,,,,,,,,,,,,,,
OBSERVATION_ONLY8,2,1024,hemlock_extra_hazard_0.12,Q2,E11,OUTSIDE_ABOVE,0,0,0,0,0,0,0,0,,,,,,,,,,,,,,,,,
OBSERVATION_ONLY8,2,1024,hemlock_extra_hazard_0.12,Q2,E11,OUTSIDE_BELOW,8,8,0,8,0,8,0,0,,1.0,0.0,,,0.0,0.0,0.0,0.0,0.4447441101074219,0.4447441101074219,0.25,0.020678710937499997,0.5064582824707031,0.5064582824707031,0.25,0.022308349609375
OBSERVATION_ONLY8,2,1024,entry_lognormal_annual_sd_1.2,Q1,E00,CLEARLY_ABOVE,0,0,0,0,0,0,0,0,,,,,,,,,,,,,,,,,
OBSERVATION_ONLY8,2,1024,entry_lognormal_annual_sd_1.2,Q1,E00,CLEARLY_BELOW,3,3,0,3,0,3,0,0,,1.0,0.0,,,0.4166666666666667,0.0,0.0,0.3333333333333333,-0.14428202311197916,0.3711903889973958,0.3333333333333333,0.4246744791666666,-0.14428202311197916,0.3711903889973958,0.3333333333333333,0.4246744791666666
OBSERVATION_ONLY8,2,1024,entry_lognormal_annual_sd_1.2,Q1,E00,IMMEDIATELY_ABOVE,1,1,0,1,0,1,0,0,,1.0,0.0,,,0.0625,0.0,0.0,0.0,0.2356414794921875,0.2356414794921875,0.0,0.0,0.2356414794921875,0.2356414794921875,0.0,0.0
OBSERVATION_ONLY8,2,1024,entry_lognormal_annual_sd_1.2,Q1,E00,IMMEDIATELY_BELOW,0,0,0,0,0,0,0,0,,,,,,,,,,,,,,,,,
OBSERVATION_ONLY8,2,1024,entry_lognormal_annual_sd_1.2,Q1,E00,MODERATELY_ABOVE,0,0,0,0,0,0,0,0,,,,,,,,,,,,,,,,,
OBSERVATION_ONLY8,2,1024,entry_lognormal_annual_sd_1.2,Q1,E00,MODERATELY_BELOW,1,1,0,1,0,1,0,0,,1.0,0.0,,,0.0,0.0,0.0,0.0,0.25537109375,0.25537109375,0.0,0.18525390625000004,0.25537109375,0.25537109375,0.0,0.18525390625000004
OBSERVATION_ONLY8,2,1024,entry_lognormal_annual_sd_1.2,Q1,E00,OUTSIDE_ABOVE,1,1,1,0,0,0,0,1,0.0,,,1.0,,0.015625,1.0,0.0,0.0,0.00360107421875,0.00360107421875,1.0,0.32314453125,0.2550201416015625,0.2550201416015625,1.0,0.434228515625
OBSERVATION_ONLY8,2,1024,entry_lognormal_annual_sd_1.2,Q1,E00,OUTSIDE_BELOW,2,2,0,2,0,2,0,0,,1.0,0.0,,,0.0,0.0,0.0,0.0,0.0,0.0,1.0,0.0,0.0,0.0,1.0,0.0
OBSERVATION_ONLY8,2,1024,entry_lognormal_annual_sd_1.2,Q1,E10,CLEARLY_ABOVE,0,0,0,0,0,0,0,0,,,,,,,,,,,,,,,,,
OBSERVATION_ONLY8,2,1024,entry_lognormal_annual_sd_1.2,Q1,E10,CLEARLY_BELOW,3,3,0,3,0,3,0,0,,1.0,0.0,,,0.109375,0.0,0.0,0.3333333333333333,-0.2584177652994792,0.2584177652994792,1.0,0.9037272135416665,-0.2584177652994792,0.2584177652994792,1.0,0.9037272135416665
OBSERVATION_ONLY8,2,1024,entry_lognormal_annual_sd_1.2,Q1,E10,IMMEDIATELY_ABOVE,1,1,0,1,0,1,0,0,,1.0,0.0,,,0.0,0.0,0.0,0.0,0.0835418701171875,0.0835418701171875,0.0,0.068115234375,0.0835418701171875,0.0835418701171875,0.0,0.068115234375
OBSERVATION_ONLY8,2,1024,entry_lognormal_annual_sd_1.2,Q1,E10,IMMEDIATELY_BELOW,0,0,0,0,0,0,0,0,,,,,,,,,,,,,,,,,
OBSERVATION_ONLY8,2,1024,entry_lognormal_annual_sd_1.2,Q1,E10,MODERATELY_ABOVE,0,0,0,0,0,0,0,0,,,,,,,,,,,,,,,,,
OBSERVATION_ONLY8,2,1024,entry_lognormal_annual_sd_1.2,Q1,E10,MODERATELY_BELOW,1,1,0,1,0,1,0,0,,1.0,0.0,,,0.0,0.0,0.0,0.0,0.043212890625,0.043212890625,0.0,0.0791015625,0.043212890625,0.043212890625,0.0,0.0791015625
OBSERVATION_ONLY8,2,1024,entry_lognormal_annual_sd_1.2,Q1,E10,OUTSIDE_ABOVE,1,1,1,0,0,0,0,1,0.0,,,1.0,,0.0,1.0,0.0,0.0,0.02020263671875,0.02020263671875,1.0,0.047900390624999956,0.0728912353515625,0.0728912353515625,1.0,0.40434570312499996
OBSERVATION_ONLY8,2,1024,entry_lognormal_annual_sd_1.2,Q1,E10,OUTSIDE_BELOW,2,2,0,2,0,2,0,0,,1.0,0.0,,,0.0,0.0,0.0,0.0,0.0,0.0,1.0,0.0,0.0,0.0,1.0,0.0
OBSERVATION_ONLY8,2,1024,entry_lognormal_annual_sd_1.2,Q1,E01,CLEARLY_ABOVE,0,0,0,0,0,0,0,0,,,,,,,,,,,,,,,,,
OBSERVATION_ONLY8,2,1024,entry_lognormal_annual_sd_1.2,Q1,E01,CLEARLY_BELOW,3,3,0,3,0,3,0,0,,1.0,0.0,,,0.3385416666666667,0.0,0.0,0.0,-0.1734161376953125,0.4019521077473958,0.3333333333333333,0.2680826822916666,-0.1734161376953125,0.4019521077473958,0.3333333333333333,0.2680826822916666
OBSERVATION_ONLY8,2,1024,entry_lognormal_annual_sd_1.2,Q1,E01,IMMEDIATELY_ABOVE,1,1,0,1,0,1,0,0,,1.0,0.0,,,0.0625,0.0,0.0,0.0,0.2356414794921875,0.2356414794921875,0.0,0.0,0.2356414794921875,0.2356414794921875,0.0,0.0
OBSERVATION_ONLY8,2,1024,entry_lognormal_annual_sd_1.2,Q1,E01,IMMEDIATELY_BELOW,0,0,0,0,0,0,0,0,,,,,,,,,,,,,,,,,
OBSERVATION_ONLY8,2,1024,entry_lognormal_annual_sd_1.2,Q1,E01,MODERATELY_ABOVE,0,0,0,0,0,0,0,0,,,,,,,,,,,,,,,,,
OBSERVATION_ONLY8,2,1024,entry_lognormal_annual_sd_1.2,Q1,E01,MODERATELY_BELOW,1,1,0,1,0,1,0,0,,1.0,0.0,,,0.0,0.0,0.0,0.0,0.254150390625,0.254150390625,0.0,0.18466796875000002,0.254150390625,0.254150390625,0.0,0.18466796875000002
OBSERVATION_ONLY8,2,1024,entry_lognormal_annual_sd_1.2,Q1,E01,OUTSIDE_ABOVE,1,1,1,0,0,0,0,1,0.0,,,1.0,,0.015625,1.0,0.0,0.0,6.103515625e-05,6.103515625e-05,1.0,0.3412109375,0.2126617431640625,0.2126617431640625,1.0,0.617041015625
OBSERVATION_ONLY8,2,1024,entry_lognormal_annual_sd_1.2,Q1,E01,OUTSIDE_BELOW,2,2,0,2,0,2,0,0,,1.0,0.0,,,0.0,0.0,0.0,0.0,0.0,0.0,1.0,0.0,0.0,0.0,1.0,0.0
OBSERVATION_ONLY8,2,1024,entry_lognormal_annual_sd_1.2,Q1,E11,CLEARLY_ABOVE,0,0,0,0,0,0,0,0,,,,,,,,,,,,,,,,,
OBSERVATION_ONLY8,2,1024,entry_lognormal_annual_sd_1.2,Q1,E11,CLEARLY_BELOW,3,3,0,3,0,3,0,0,,1.0,0.0,,,0.0,0.0,0.0,0.0,0.0024871826171875,0.0024871826171875,1.0,0.03082682291666668,0.0024871826171875,0.0024871826171875,1.0,0.03082682291666668
OBSERVATION_ONLY8,2,1024,entry_lognormal_annual_sd_1.2,Q1,E11,IMMEDIATELY_ABOVE,1,1,0,1,0,1,0,0,,1.0,0.0,,,0.0,0.0,0.0,0.0,-0.0025177001953125,0.0025177001953125,1.0,0.021679687499999933,-0.0025177001953125,0.0025177001953125,1.0,0.021679687499999933
OBSERVATION_ONLY8,2,1024,entry_lognormal_annual_sd_1.2,Q1,E11,IMMEDIATELY_BELOW,0,0,0,0,0,0,0,0,,,,,,,,,,,,,,,,,
OBSERVATION_ONLY8,2,1024,entry_lognormal_annual_sd_1.2,Q1,E11,MODERATELY_ABOVE,0,0,0,0,0,0,0,0,,,,,,,,,,,,,,,,,
OBSERVATION_ONLY8,2,1024,entry_lognormal_annual_sd_1.2,Q1,E11,MODERATELY_BELOW,1,1,0,1,0,1,0,0,,1.0,0.0,,,0.0,0.0,0.0,0.0,0.0107421875,0.0107421875,1.0,0.03769531250000002,0.0107421875,0.0107421875,1.0,0.03769531250000002
OBSERVATION_ONLY8,2,1024,entry_lognormal_annual_sd_1.2,Q1,E11,OUTSIDE_ABOVE,1,1,1,0,0,0,0,1,0.0,,,1.0,,0.0,1.0,0.0,0.0,0.01214599609375,0.01214599609375,0.0,0.013574218749999978,0.0727691650390625,0.0727691650390625,0.0,0.026611328125
OBSERVATION_ONLY8,2,1024,entry_lognormal_annual_sd_1.2,Q1,E11,OUTSIDE_BELOW,2,2,0,2,0,2,0,0,,1.0,0.0,,,0.0,0.0,0.0,0.0,0.0,0.0,1.0,0.0,0.0,0.0,1.0,0.0
OBSERVATION_ONLY8,2,1024,entry_lognormal_annual_sd_1.2,Q2,E00,CLEARLY_ABOVE,0,0,0,0,0,0,0,0,,,,,,,,,,,,,,,,,
OBSERVATION_ONLY8,2,1024,entry_lognormal_annual_sd_1.2,Q2,E00,CLEARLY_BELOW,3,3,0,3,0,3,0,0,,1.0,0.0,,,0.4166666666666667,0.0,0.0,0.3333333333333333,-0.14428202311197916,0.3711903889973958,0.3333333333333333,0.4246744791666666,-0.14428202311197916,0.3711903889973958,0.3333333333333333,0.4246744791666666
OBSERVATION_ONLY8,2,1024,entry_lognormal_annual_sd_1.2,Q2,E00,IMMEDIATELY_ABOVE,1,1,0,1,0,1,0,0,,1.0,0.0,,,0.0625,0.0,0.0,0.0,0.2356414794921875,0.2356414794921875,0.0,0.0,0.2356414794921875,0.2356414794921875,0.0,0.0
OBSERVATION_ONLY8,2,1024,entry_lognormal_annual_sd_1.2,Q2,E00,IMMEDIATELY_BELOW,0,0,0,0,0,0,0,0,,,,,,,,,,,,,,,,,
OBSERVATION_ONLY8,2,1024,entry_lognormal_annual_sd_1.2,Q2,E00,MODERATELY_ABOVE,0,0,0,0,0,0,0,0,,,,,,,,,,,,,,,,,
OBSERVATION_ONLY8,2,1024,entry_lognormal_annual_sd_1.2,Q2,E00,MODERATELY_BELOW,1,1,0,1,0,1,0,0,,1.0,0.0,,,0.0,0.0,0.0,0.0,0.25537109375,0.25537109375,0.0,0.18525390625000004,0.25537109375,0.25537109375,0.0,0.18525390625000004
OBSERVATION_ONLY8,2,1024,entry_lognormal_annual_sd_1.2,Q2,E00,OUTSIDE_ABOVE,0,0,0,0,0,0,0,0,,,,,,,,,,,,,,,,,
OBSERVATION_ONLY8,2,1024,entry_lognormal_annual_sd_1.2,Q2,E00,OUTSIDE_BELOW,3,3,0,3,0,3,0,0,,1.0,0.0,,,0.1875,0.0,0.0,0.0,0.0012003580729166667,0.0012003580729166667,1.0,0.10771484375,0.0850067138671875,0.0850067138671875,1.0,0.14474283854166667
OBSERVATION_ONLY8,2,1024,entry_lognormal_annual_sd_1.2,Q2,E10,CLEARLY_ABOVE,0,0,0,0,0,0,0,0,,,,,,,,,,,,,,,,,
OBSERVATION_ONLY8,2,1024,entry_lognormal_annual_sd_1.2,Q2,E10,CLEARLY_BELOW,3,3,0,3,0,3,0,0,,1.0,0.0,,,0.109375,0.0,0.0,0.3333333333333333,-0.2584177652994792,0.2584177652994792,1.0,0.9037272135416665,-0.2584177652994792,0.2584177652994792,1.0,0.9037272135416665
OBSERVATION_ONLY8,2,1024,entry_lognormal_annual_sd_1.2,Q2,E10,IMMEDIATELY_ABOVE,1,1,0,1,0,1,0,0,,1.0,0.0,,,0.0,0.0,0.0,0.0,0.0835418701171875,0.0835418701171875,0.0,0.068115234375,0.0835418701171875,0.0835418701171875,0.0,0.068115234375
OBSERVATION_ONLY8,2,1024,entry_lognormal_annual_sd_1.2,Q2,E10,IMMEDIATELY_BELOW,0,0,0,0,0,0,0,0,,,,,,,,,,,,,,,,,
OBSERVATION_ONLY8,2,1024,entry_lognormal_annual_sd_1.2,Q2,E10,MODERATELY_ABOVE,0,0,0,0,0,0,0,0,,,,,,,,,,,,,,,,,
OBSERVATION_ONLY8,2,1024,entry_lognormal_annual_sd_1.2,Q2,E10,MODERATELY_BELOW,1,1,0,1,0,1,0,0,,1.0,0.0,,,0.0,0.0,0.0,0.0,0.043212890625,0.043212890625,0.0,0.0791015625,0.043212890625,0.043212890625,0.0,0.0791015625
OBSERVATION_ONLY8,2,1024,entry_lognormal_annual_sd_1.2,Q2,E10,OUTSIDE_ABOVE,0,0,0,0,0,0,0,0,,,,,,,,,,,,,,,,,
OBSERVATION_ONLY8,2,1024,entry_lognormal_annual_sd_1.2,Q2,E10,OUTSIDE_BELOW,3,3,0,3,0,3,0,0,,1.0,0.0,,,0.046875,0.0,0.0,0.3333333333333333,0.006734212239583333,0.006734212239583333,1.0,0.015966796874999984,0.024297078450520832,0.024297078450520832,1.0,0.13478190104166665
OBSERVATION_ONLY8,2,1024,entry_lognormal_annual_sd_1.2,Q2,E01,CLEARLY_ABOVE,0,0,0,0,0,0,0,0,,,,,,,,,,,,,,,,,
OBSERVATION_ONLY8,2,1024,entry_lognormal_annual_sd_1.2,Q2,E01,CLEARLY_BELOW,3,3,0,3,0,3,0,0,,1.0,0.0,,,0.3385416666666667,0.0,0.0,0.0,-0.1734161376953125,0.4019521077473958,0.3333333333333333,0.2680826822916666,-0.1734161376953125,0.4019521077473958,0.3333333333333333,0.2680826822916666
OBSERVATION_ONLY8,2,1024,entry_lognormal_annual_sd_1.2,Q2,E01,IMMEDIATELY_ABOVE,1,1,0,1,0,1,0,0,,1.0,0.0,,,0.0625,0.0,0.0,0.0,0.2356414794921875,0.2356414794921875,0.0,0.0,0.2356414794921875,0.2356414794921875,0.0,0.0
OBSERVATION_ONLY8,2,1024,entry_lognormal_annual_sd_1.2,Q2,E01,IMMEDIATELY_BELOW,0,0,0,0,0,0,0,0,,,,,,,,,,,,,,,,,
OBSERVATION_ONLY8,2,1024,entry_lognormal_annual_sd_1.2,Q2,E01,MODERATELY_ABOVE,0,0,0,0,0,0,0,0,,,,,,,,,,,,,,,,,
OBSERVATION_ONLY8,2,1024,entry_lognormal_annual_sd_1.2,Q2,E01,MODERATELY_BELOW,1,1,0,1,0,1,0,0,,1.0,0.0,,,0.0,0.0,0.0,0.0,0.254150390625,0.254150390625,0.0,0.18466796875000002,0.254150390625,0.254150390625,0.0,0.18466796875000002
OBSERVATION_ONLY8,2,1024,entry_lognormal_annual_sd_1.2,Q2,E01,OUTSIDE_ABOVE,0,0,0,0,0,0,0,0,,,,,,,,,,,,,,,,,
OBSERVATION_ONLY8,2,1024,entry_lognormal_annual_sd_1.2,Q2,E01,OUTSIDE_BELOW,3,3,0,3,0,3,0,0,,1.0,0.0,,,0.1875,0.0,0.0,0.0,2.0345052083333332e-05,2.0345052083333332e-05,1.0,0.11373697916666665,0.07088724772135417,0.07088724772135417,1.0,0.20568033854166667
OBSERVATION_ONLY8,2,1024,entry_lognormal_annual_sd_1.2,Q2,E11,CLEARLY_ABOVE,0,0,0,0,0,0,0,0,,,,,,,,,,,,,,,,,
OBSERVATION_ONLY8,2,1024,entry_lognormal_annual_sd_1.2,Q2,E11,CLEARLY_BELOW,3,3,0,3,0,3,0,0,,1.0,0.0,,,0.0,0.0,0.0,0.0,0.0024871826171875,0.0024871826171875,1.0,0.03082682291666668,0.0024871826171875,0.0024871826171875,1.0,0.03082682291666668
OBSERVATION_ONLY8,2,1024,entry_lognormal_annual_sd_1.2,Q2,E11,IMMEDIATELY_ABOVE,1,1,0,1,0,1,0,0,,1.0,0.0,,,0.0,0.0,0.0,0.0,-0.0025177001953125,0.0025177001953125,1.0,0.021679687499999933,-0.0025177001953125,0.0025177001953125,1.0,0.021679687499999933
OBSERVATION_ONLY8,2,1024,entry_lognormal_annual_sd_1.2,Q2,E11,IMMEDIATELY_BELOW,0,0,0,0,0,0,0,0,,,,,,,,,,,,,,,,,
OBSERVATION_ONLY8,2,1024,entry_lognormal_annual_sd_1.2,Q2,E11,MODERATELY_ABOVE,0,0,0,0,0,0,0,0,,,,,,,,,,,,,,,,,
OBSERVATION_ONLY8,2,1024,entry_lognormal_annual_sd_1.2,Q2,E11,MODERATELY_BELOW,1,1,0,1,0,1,0,0,,1.0,0.0,,,0.0,0.0,0.0,0.0,0.0107421875,0.0107421875,1.0,0.03769531250000002,0.0107421875,0.0107421875,1.0,0.03769531250000002
OBSERVATION_ONLY8,2,1024,entry_lognormal_annual_sd_1.2,Q2,E11,OUTSIDE_ABOVE,0,0,0,0,0,0,0,0,,,,,,,,,,,,,,,,,
OBSERVATION_ONLY8,2,1024,entry_lognormal_annual_sd_1.2,Q2,E11,OUTSIDE_BELOW,3,3,0,3,0,3,0,0,,1.0,0.0,,,0.0,0.0,0.0,0.0,0.004048665364583333,0.004048665364583333,0.6666666666666666,0.004524739583333326,0.024256388346354168,0.024256388346354168,0.6666666666666666,0.008870442708333334
PREFIX8,0,256,correct,Q1,E00,CLEARLY_ABOVE,8,8,6,2,0,2,0,6,0.0,1.0,0.0,1.0,0.5,0.322265625,0.75,0.0,0.0,0.014820098876953125,0.21262359619140625,0.375,0.34394531250000004,0.014820098876953125,0.21262359619140625,0.375,0.34394531250000004
PREFIX8,0,256,correct,Q1,E00,CLEARLY_BELOW,7,7,0,7,0,7,0,0,,1.0,0.0,,,0.45982142857142855,0.0,0.0,0.0,0.007912772042410714,0.29397147042410715,0.42857142857142855,0.4872767857142857,0.007912772042410714,0.29397147042410715,0.42857142857142855,0.4872767857142857
PREFIX8,0,256,correct,Q1,E00,IMMEDIATELY_ABOVE,9,6,2,4,0,4,0,2,0.0,1.0,0.0,1.0,0.5,0.2578125,0.3333333333333333,0.3333333333333333,0.0,0.06894429524739583,0.2363467746310764,0.3333333333333333,0.23927951388888888,0.0758514404296875,0.24325391981336805,0.3333333333333333,0.23927951388888888
PREFIX8,0,256,correct,Q1,E00,IMMEDIATELY_BELOW,9,6,0,6,0,6,0,0,,1.0,0.0,,,0.5703125,0.0,0.3333333333333333,0.2222222222222222,-0.0041656494140625,0.20122782389322916,0.6666666666666666,0.5752604166666667,-0.0041656494140625,0.20122782389322916,0.6666666666666666,0.5752604166666667
PREFIX8,0,256,correct,Q1,E00,MODERATELY_ABOVE,10,10,6,4,0,4,0,6,0.0,1.0,0.0,1.0,0.5,0.2875,0.6,0.0,0.0,0.00104522705078125,0.25653839111328125,0.3,0.28666015625,0.00104522705078125,0.25653839111328125,0.3,0.28666015625
PREFIX8,0,256,correct,Q1,E00,MODERATELY_BELOW,9,9,0,9,0,9,0,0,,1.0,0.0,,,0.5069444444444444,0.0,0.0,0.0,-0.042868720160590276,0.3668501112196181,0.1111111111111111,0.2530598958333332,-0.042868720160590276,0.3668501112196181,0.1111111111111111,0.2530598958333332
PREFIX8,0,256,correct,Q1,E00,OUTSIDE_ABOVE,18,18,17,1,0,1,0,17,0.0,1.0,0.0,1.0,0.5,0.008680555555555556,0.9444444444444444,0.0,0.0,0.0324766370985243,0.05797237820095486,0.2777777777777778,0.13361545138888886,0.1353064643012153,0.1353064643012153,0.6111111111111112,0.3330620659722222
PREFIX8,0,256,correct,Q1,E00,OUTSIDE_BELOW,11,11,0,11,0,11,0,0,,1.0,0.0,,,0.045454545454545456,0.0,0.0,0.18181818181818182,0.07655750621448863,0.07655750621448863,0.8181818181818182,0.0,0.07655750621448863,0.07655750621448863,0.8181818181818182,0.0
PREFIX8,0,256,correct,Q1,E10,CLEARLY_ABOVE,8,8,6,2,0,2,0,6,0.0,1.0,0.0,1.0,0.5,0.08203125,0.75,0.0,0.125,-0.005504608154296875,0.0805511474609375,0.75,0.42668457031250007,-0.005504608154296875,0.0805511474609375,0.75,0.42668457031250007
PREFIX8,0,256,correct,Q1,E10,CLEARLY_BELOW,7,7,0,7,0,7,0,0,,1.0,0.0,,,0.13839285714285715,0.0,0.0,0.2857142857142857,-0.14394269670758927,0.18919590541294642,1.0,0.6648716517857142,-0.14394269670758927,0.18919590541294642,1.0,0.6648716517857142
PREFIX8,0,256,correct,Q1,E10,IMMEDIATELY_ABOVE,9,6,2,4,0,4,0,2,0.0,1.0,0.0,1.0,0.5,0.1171875,0.3333333333333333,0.3333333333333333,0.2222222222222222,-0.0927853054470486,0.1568077935112847,0.7777777777777778,0.2876302083333333,-0.1053009033203125,0.1693233913845486,0.7777777777777778,0.3170138888888889
PREFIX8,0,256,correct,Q1,E10,IMMEDIATELY_BELOW,9,6,0,6,0,6,0,0,,1.0,0.0,,,0.3697916666666667,0.0,0.3333333333333333,0.1111111111111111,-0.016155666775173612,0.1417388916015625,0.7777777777777778,0.5409288194444445,-0.016155666775173612,0.1417388916015625,0.7777777777777778,0.5409288194444445
PREFIX8,0,256,correct,Q1,E10,MODERATELY_ABOVE,10,10,6,4,0,4,0,6,0.0,1.0,0.0,1.0,0.5,0.125,0.6,0.0,0.0,-0.00300750732421875,0.12324371337890624,0.9,0.32705078125,-0.00300750732421875,0.12324371337890624,0.9,0.32705078125
PREFIX8,0,256,correct,Q1,E10,MODERATELY_BELOW,9,9,0,9,0,9,0,0,,1.0,0.0,,,0.08680555555555555,0.0,0.0,0.0,-0.2362823486328125,0.2658437093098958,0.7777777777777778,0.48489583333333325,-0.2362823486328125,0.2658437093098958,0.7777777777777778,0.48489583333333325
PREFIX8,0,256,correct,Q1,E10,OUTSIDE_ABOVE,18,18,17,1,0,1,0,17,0.0,1.0,0.0,1.0,0.5,0.001736111111111111,0.9444444444444444,0.0,0.0,-0.007101270887586806,0.020890129937065974,0.8333333333333334,0.06919487847222222,-0.033177693684895836,0.0973476833767361,0.7222222222222222,0.35840928819444445
PREFIX8,0,256,correct,Q1,E10,OUTSIDE_BELOW,11,11,0,11,0,11,0,0,,1.0,0.0,,,0.0,0.0,0.0,0.0,-0.016526655717329544,0.016526655717329544,0.9090909090909091,0.029829545454545456,-0.016526655717329544,0.016526655717329544,0.9090909090909091,0.029829545454545456
PREFIX8,0,256,correct,Q1,E01,CLEARLY_ABOVE,8,8,6,2,0,2,0,6,0.0,1.0,0.0,1.0,0.5,0.548828125,0.75,0.0,0.0,-0.11957931518554688,0.3080329895019531,0.125,0.22807617187499998,-0.11957931518554688,0.3080329895019531,0.125,0.22807617187499998
PREFIX8,0,256,correct,Q1,E01,CLEARLY_BELOW,7,7,0,7,0,7,0,0,,1.0,0.0,,,0.5379464285714286,0.0,0.0,0.0,-0.073699951171875,0.43487548828125,0.0,0.0909877232142857,-0.073699951171875,0.43487548828125,0.0,0.0909877232142857
PREFIX8,0,256,correct,Q1,E01,IMMEDIATELY_ABOVE,9,6,2,4,0,4,0,2,0.0,1.0,0.0,1.0,0.5,0.25,0.3333333333333333,0.3333333333333333,0.0,0.09807840983072917,0.2590213351779514,0.1111111111111111,0.15091145833333336,0.10183885362413195,0.2627817789713542,0.1111111111111111,0.1566840277777778
PREFIX8,0,256,correct,Q1,E01,IMMEDIATELY_BELOW,9,6,0,6,0,6,0,0,,1.0,0.0,,,0.3489583333333333,0.0,0.3333333333333333,0.0,-0.20501200358072916,0.3823496500651042,0.2222222222222222,0.3047960069444444,-0.20501200358072916,0.3823496500651042,0.2222222222222222,0.3047960069444444
PREFIX8,0,256,correct,Q1,E01,MODERATELY_ABOVE,10,10,6,4,0,4,0,6,0.0,1.0,0.0,1.0,0.5,0.4359375,0.6,0.0,0.1,-0.10540008544921875,0.34278717041015627,0.1,0.16603515624999998,-0.10540008544921875,0.34278717041015627,0.1,0.16603515624999998
PREFIX8,0,256,correct,Q1,E01,MODERATELY_BELOW,9,9,0,9,0,9,0,0,,1.0,0.0,,,0.515625,0.0,0.0,0.0,0.049036661783854164,0.2908952501085069,0.2222222222222222,0.23537326388888888,0.049036661783854164,0.2908952501085069,0.2222222222222222,0.23537326388888888
PREFIX8,0,256,correct,Q1,E01,OUTSIDE_ABOVE,18,18,17,1,0,1,0,17,0.0,1.0,0.0,1.0,0.5,0.006076388888888889,0.9444444444444444,0.0,0.0,0.0356233384874132,0.05488162570529514,0.2222222222222222,0.12169053819444445,0.17092386881510416,0.17092386881510416,0.3333333333333333,0.20186631944444444
PREFIX8,0,256,correct,Q1,E01,OUTSIDE_BELOW,11,11,0,11,0,11,0,0,,1.0,0.0,,,0.045454545454545456,0.0,0.0,0.18181818181818182,0.07655750621448863,0.07655750621448863,0.8181818181818182,0.0,0.07655750621448863,0.07655750621448863,0.8181818181818182,0.0
PREFIX8,0,256,correct,Q1,E11,CLEARLY_ABOVE,8,8,6,2,0,2,0,6,0.0,1.0,0.0,1.0,0.5,0.001953125,0.75,0.0,0.0,0.000354766845703125,0.00492095947265625,1.0,0.06015624999999998,0.000354766845703125,0.00492095947265625,1.0,0.06015624999999998
PREFIX8,0,256,correct,Q1,E11,CLEARLY_BELOW,7,7,0,7,0,7,0,0,,1.0,0.0,,,0.0,0.0,0.0,0.0,0.002750941685267857,0.010162353515625,0.8571428571428571,0.06046316964285714,0.002750941685267857,0.010162353515625,0.8571428571428571,0.06046316964285714
PREFIX8,0,256,correct,Q1,E11,IMMEDIATELY_ABOVE,9,6,2,4,0,4,0,2,0.0,1.0,0.0,1.0,0.5,0.013020833333333334,0.3333333333333333,0.3333333333333333,0.5555555555555556,0.0025922987196180555,0.009709676106770834,1.0,0.06662326388888888,0.0027720133463541665,0.009529961480034722,1.0,0.07037760416666666
PREFIX8,0,256,correct,Q1,E11,IMMEDIATELY_BELOW,9,6,0,6,0,6,0,0,,1.0,0.0,,,0.1953125,0.0,0.3333333333333333,0.8888888888888888,0.0012596978081597222,0.0109405517578125,1.0,0.060677083333333354,0.0012596978081597222,0.0109405517578125,1.0,0.060677083333333354
PREFIX8,0,256,correct,Q1,E11,MODERATELY_ABOVE,10,10,6,4,0,4,0,6,0.0,1.0,0.0,1.0,0.5,0.0359375,0.6,0.0,0.6,-0.00564422607421875,0.00662689208984375,1.0,0.059687500000000004,-0.00564422607421875,0.00662689208984375,1.0,0.059687500000000004
PREFIX8,0,256,correct,Q1,E11,MODERATELY_BELOW,9,9,0,9,0,9,0,0,,1.0,0.0,,,0.005208333333333333,0.0,0.0,0.6666666666666666,0.0008053249782986111,0.006552802191840278,1.0,0.06436631944444446,0.0008053249782986111,0.006552802191840278,1.0,0.06436631944444446
PREFIX8,0,256,correct,Q1,E11,OUTSIDE_ABOVE,18,18,17,1,0,1,0,17,0.0,1.0,0.0,1.0,0.5,0.0,0.9444444444444444,0.0,0.0,0.0009282430013020834,0.003739251030815972,1.0,0.03525390625,0.0027923583984375,0.008358425564236112,1.0,0.06228298611111111
PREFIX8,0,256,correct,Q1,E11,OUTSIDE_BELOW,11,11,0,11,0,11,0,0,,1.0,0.0,,,0.0,0.0,0.0,0.0,-0.0005465420809659091,0.0008406205610795455,1.0,0.009126420454545451,-0.0005465420809659091,0.0008406205610795455,1.0,0.009126420454545451
PREFIX8,0,256,correct,Q2,E00,CLEARLY_ABOVE,10,10,8,2,0,2,0,8,0.0,1.0,0.0,1.0,0.5,0.2578125,0.8,0.0,0.0,0.022515869140625,0.1807586669921875,0.3,0.27744140625,0.04139862060546875,0.19964141845703126,0.4,0.2952734375
PREFIX8,0,256,correct,Q2,E00,CLEARLY_BELOW,11,11,0,11,0,11,0,0,,1.0,0.0,,,0.5767045454545454,0.0,0.0,0.0,0.02885991876775568,0.21089727228338068,0.36363636363636365,0.38380681818181817,0.08927085182883522,0.2713082053444602,0.45454545454545453,0.4366477272727273
PREFIX8,0,256,correct,Q2,E00,IMMEDIATELY_ABOVE,12,9,5,4,0,4,0,5,0.0,1.0,0.0,1.0,0.5,0.1753472222222222,0.5555555555555556,0.25,0.0,0.0493927001953125,0.20334370930989584,0.25,0.18059895833333336,0.07511647542317708,0.2006683349609375,0.4166666666666667,0.27763671875
PREFIX8,0,256,correct,Q2,E00,IMMEDIATELY_BELOW,11,8,0,8,0,8,0,0,,1.0,0.0,,,0.623046875,0.0,0.2727272727272727,0.18181818181818182,0.002367886629971591,0.1809872713955966,0.6363636363636364,0.5394708806818183,0.025183937766335228,0.19323314319957385,0.6363636363636364,0.5399502840909091
PREFIX8,0,256,correct,Q2,E00,MODERATELY_ABOVE,13,13,9,4,0,4,0,9,0.0,1.0,0.0,1.0,0.5,0.22355769230769232,0.6923076923076923,0.0,0.0,0.006986177884615385,0.2035193810096154,0.3076923076923077,0.2694260817307692,0.026671189528245192,0.22320439265324518,0.38461538461538464,0.31030649038461533
PREFIX8,0,256,correct,Q2,E00,MODERATELY_BELOW,10,10,0,10,0,10,0,0,,1.0,0.0,,,0.4953125,0.0,0.0,0.0,-0.0379913330078125,0.330755615234375,0.1,0.2285351562499999,-0.0268768310546875,0.3418701171875,0.2,0.2803515624999999
PREFIX8,0,256,correct,Q2,E00,OUTSIDE_ABOVE,3,3,2,1,0,1,0,2,0.0,1.0,0.0,1.0,0.5,0.026041666666666668,0.6666666666666666,0.0,0.0,0.0312957763671875,0.031916300455729164,0.6666666666666666,0.05234374999999999,0.07564290364583333,0.07564290364583333,0.6666666666666666,0.2560546875
PREFIX8,0,256,correct,Q2,E00,OUTSIDE_BELOW,11,11,0,11,0,11,0,0,,1.0,0.0,,,0.045454545454545456,0.0,0.0,0.18181818181818182,0.07655750621448863,0.07655750621448863,0.8181818181818182,0.0,0.07655750621448863,0.07655750621448863,0.8181818181818182,0.0
PREFIX8,0,256,correct,Q2,E10,CLEARLY_ABOVE,10,10,8,2,0,2,0,8,0.0,1.0,0.0,1.0,0.5,0.071875,0.8,0.0,0.1,-0.004437255859375,0.0666107177734375,0.8,0.34611328125000007,0.00096893310546875,0.07025909423828125,0.7,0.38576171875000004
PREFIX8,0,256,correct,Q2,E10,CLEARLY_BELOW,11,11,0,11,0,11,0,0,,1.0,0.0,,,0.18181818181818182,0.0,0.0,0.36363636363636365,-0.09170116077769887,0.1281613436612216,1.0,0.4605291193181817,-0.0989837646484375,0.15814625133167615,0.9090909090909091,0.5747336647727272
PREFIX8,0,256,correct,Q2,E10,IMMEDIATELY_ABOVE,12,9,5,4,0,4,0,5,0.0,1.0,0.0,1.0,0.5,0.2934027777777778,0.5555555555555556,0.25,0.25,-0.07601420084635417,0.12483469645182292,0.75,0.2376790364583333,-0.12296295166015625,0.17097981770833334,0.75,0.3644368489583332
PREFIX8,0,256,correct,Q2,E10,IMMEDIATELY_BELOW,11,8,0,8,0,8,0,0,,1.0,0.0,,,0.380859375,0.0,0.2727272727272727,0.09090909090909091,-0.018583817915482956,0.12294838645241478,0.7272727272727273,0.4590021306818182,-0.015077070756392046,0.12880776145241477,0.8181818181818182,0.489737215909091
PREFIX8,0,256,correct,Q2,E10,MODERATELY_ABOVE,13,13,9,4,0,4,0,9,0.0,1.0,0.0,1.0,0.5,0.1502403846153846,0.6923076923076923,0.0,0.23076923076923078,-0.005896935096153846,0.09838632436899039,0.9230769230769231,0.2704176682692308,-0.026589026817908652,0.1190784160907452,0.9230769230769231,0.35546875
PREFIX8,0,256,correct,Q2,E10,MODERATELY_BELOW,10,10,0,10,0,10,0,0,,1.0,0.0,,,0.1171875,0.0,0.0,0.0,-0.2126983642578125,0.2393035888671875,0.8,0.4385937499999999,-0.2065155029296875,0.24539794921875,0.8,0.49253906249999996
PREFIX8,0,256,correct,Q2,E10,OUTSIDE_ABOVE,3,3,2,1,0,1,0,2,0.0,1.0,0.0,1.0,0.5,0.005208333333333333,0.6666666666666666,0.0,0.0,0.018925984700520832,0.0194549560546875,0.6666666666666666,0.025065104166666668,0.07759602864583333,0.07759602864583333,0.3333333333333333,0.1294921875
PREFIX8,0,256,correct,Q2,E10,OUTSIDE_BELOW,11,11,0,11,0,11,0,0,,1.0,0.0,,,0.0,0.0,0.0,0.0,-0.016526655717329544,0.016526655717329544,0.9090909090909091,0.029829545454545456,-0.016526655717329544,0.016526655717329544,0.9090909090909091,0.029829545454545456
PREFIX8,0,256,correct,Q2,E01,CLEARLY_ABOVE,10,10,8,2,0,2,0,8,0.0,1.0,0.0,1.0,0.5,0.4390625,0.8,0.0,0.0,-0.084857177734375,0.257232666015625,0.1,0.183984375,-0.06514434814453125,0.27694549560546877,0.1,0.19529296874999996
PREFIX8,0,256,correct,Q2,E01,CLEARLY_BELOW,11,11,0,11,0,11,0,0,,1.0,0.0,,,0.6292613636363636,0.0,0.0,0.0,-0.016727794300426136,0.30691112171519885,0.09090909090909091,0.1076349431818182,0.04763377796519886,0.37127269398082385,0.09090909090909091,0.13753551136363634
PREFIX8,0,256,correct,Q2,E01,IMMEDIATELY_ABOVE,12,9,5,4,0,4,0,5,0.0,1.0,0.0,1.0,0.5,0.16666666666666666,0.5555555555555556,0.25,0.0,0.06570943196614583,0.2153040568033854,0.08333333333333333,0.13367513020833333,0.12370045979817708,0.24440765380859375,0.08333333333333333,0.13989257812500003
PREFIX8,0,256,correct,Q2,E01,IMMEDIATELY_BELOW,11,8,0,8,0,8,0,0,,1.0,0.0,,,0.482421875,0.0,0.2727272727272727,0.0,-0.15636790882457385,0.3242007168856534,0.2727272727272727,0.29689275568181817,-0.13395136052911932,0.34661726518110797,0.2727272727272727,0.3006392045454545
PREFIX8,0,256,correct,Q2,E01,MODERATELY_ABOVE,13,13,9,4,0,4,0,9,0.0,1.0,0.0,1.0,0.5,0.33653846153846156,0.6923076923076923,0.0,0.07692307692307693,-0.07500751201923077,0.26975191556490385,0.15384615384615385,0.17765925480769232,-0.04394179124098558,0.30081763634314906,0.15384615384615385,0.18502103365384612
PREFIX8,0,256,correct,Q2,E01,MODERATELY_BELOW,10,10,0,10,0,10,0,0,,1.0,0.0,,,0.540625,0.0,0.0,0.0,0.0449188232421875,0.262591552734375,0.2,0.2118359375,0.0608184814453125,0.2784912109375,0.2,0.23738281249999998
PREFIX8,0,256,correct,Q2,E01,OUTSIDE_ABOVE,3,3,2,1,0,1,0,2,0.0,1.0,0.0,1.0,0.5,0.046875,0.6666666666666666,0.0,0.0,0.0278778076171875,0.0278778076171875,0.3333333333333333,0.0701171875,0.0474853515625,0.0474853515625,1.0,0.2654947916666666
PREFIX8,0,256,correct,Q2,E01,OUTSIDE_BELOW,11,11,0,11,0,11,0,0,,1.0,0.0,,,0.045454545454545456,0.0,0.0,0.18181818181818182,0.07655750621448863,0.07655750621448863,0.8181818181818182,0.0,0.07655750621448863,0.07655750621448863,0.8181818181818182,0.0
PREFIX8,0,256,correct,Q2,E11,CLEARLY_ABOVE,10,10,8,2,0,2,0,8,0.0,1.0,0.0,1.0,0.5,0.0015625,0.8,0.0,0.0,0.000836181640625,0.0044891357421875,1.0,0.05341796874999999,0.00116424560546875,0.00661468505859375,1.0,0.05753906249999998
PREFIX8,0,256,correct,Q2,E11,CLEARLY_BELOW,11,11,0,11,0,11,0,0,,1.0,0.0,,,0.0014204545454545455,0.0,0.0,0.0,0.001604947176846591,0.0077972412109375,0.9090909090909091,0.055166903409090896,0.0018685080788352273,0.008571277965198864,0.9090909090909091,0.06793323863636364
PREFIX8,0,256,correct,Q2,E11,IMMEDIATELY_ABOVE,12,9,5,4,0,4,0,5,0.0,1.0,0.0,1.0,0.5,0.04861111111111111,0.5555555555555556,0.25,0.6666666666666666,0.0016632080078125,0.007563273111979167,1.0,0.054817708333333326,0.0027287801106770835,0.00875091552734375,1.0,0.0640625
PREFIX8,0,256,correct,Q2,E11,IMMEDIATELY_BELOW,11,8,0,8,0,8,0,0,,1.0,0.0,,,0.166015625,0.0,0.2727272727272727,0.9090909090909091,0.0015244917436079545,0.0094451904296875,1.0,0.061257102272727286,0.0003703724254261364,0.010804609818892046,1.0,0.06090198863636365
PREFIX8,0,256,correct,Q2,E11,MODERATELY_ABOVE,13,13,9,4,0,4,0,9,0.0,1.0,0.0,1.0,0.5,0.030048076923076924,0.6923076923076923,0.0,0.6923076923076923,-0.004995492788461538,0.006350003756009615,1.0,0.05725661057692309,-0.002888606144831731,0.007200974684495192,1.0,0.0647235576923077
PREFIX8,0,256,correct,Q2,E11,MODERATELY_BELOW,10,10,0,10,0,10,0,0,,1.0,0.0,,,0.0046875,0.0,0.0,0.7,0.0005828857421875,0.0060394287109375,1.0,0.05960937500000002,0.0009552001953125,0.0061279296875,1.0,0.06195312500000002
PREFIX8,0,256,correct,Q2,E11,OUTSIDE_ABOVE,3,3,2,1,0,1,0,2,0.0,1.0,0.0,1.0,0.5,0.0,0.6666666666666666,0.0,0.0,0.0068817138671875,0.0068817138671875,1.0,0.015950520833333332,0.006144205729166667,0.010416666666666666,1.0,0.05299479166666662
PREFIX8,0,256,correct,Q2,E11,OUTSIDE_BELOW,11,11,0,11,0,11,0,0,,1.0,0.0,,,0.0,0.0,0.0,0.0,-0.0005465420809659091,0.0008406205610795455,1.0,0.009126420454545451,-0.0005465420809659091,0.0008406205610795455,1.0,0.009126420454545451
PREFIX8,0,256,hemlock_extra_hazard_0.12,Q1,E00,CLEARLY_ABOVE,3,3,3,0,0,0,0,3,0.0,,,1.0,,0.026041666666666668,1.0,0.0,0.0,0.051798502604166664,0.07032267252604167,0.6666666666666666,0.4485677083333333,0.3885142008463542,0.3885142008463542,0.6666666666666666,0.46393229166666666
PREFIX8,0,256,hemlock_extra_hazard_0.12,Q1,E00,CLEARLY_BELOW,0,0,0,0,0,0,0,0,,,,,,,,,,,,,,,,,
PREFIX8,0,256,hemlock_extra_hazard_0.12,Q1,E00,IMMEDIATELY_ABOVE,0,0,0,0,0,0,0,0,,,,,,,,,,,,,,,,,
PREFIX8,0,256,hemlock_extra_hazard_0.12,Q1,E00,IMMEDIATELY_BELOW,1,1,0,1,0,1,0,0,,1.0,0.0,,,0.5625,0.0,0.0,0.0,0.0527801513671875,0.0527801513671875,1.0,0.781640625,0.250823974609375,0.250823974609375,1.0,0.781640625
PREFIX8,0,256,hemlock_extra_hazard_0.12,Q1,E00,MODERATELY_ABOVE,1,1,1,0,0,0,0,1,0.0,,,1.0,,0.0,1.0,0.0,0.0,0.1995849609375,0.1995849609375,0.0,0.029296875,0.7325286865234375,0.7325286865234375,0.0,0.03964843750000002
PREFIX8,0,256,hemlock_extra_hazard_0.12,Q1,E00,MODERATELY_BELOW,0,0,0,0,0,0,0,0,,,,,,,,,,,,,,,,,
PREFIX8,0,256,hemlock_extra_hazard_0.12,Q1,E00,OUTSIDE_ABOVE,13,13,13,0,0,0,0,13,0.0,,,1.0,,0.001201923076923077,1.0,0.0,0.0,0.0637969970703125,0.08419447678786057,0.07692307692307693,0.06774338942307692,0.7030897874098557,0.7030897874098557,0.07692307692307693,0.3395582932692307
PREFIX8,0,256,hemlock_extra_hazard_0.12,Q1,E00,OUTSIDE_BELOW,63,63,0,63,0,63,0,0,,1.0,0.0,,,0.42212301587301587,0.0,0.0,0.06349206349206349,0.6603500124007936,0.6603500124007936,0.2698412698412698,0.2857979910714286,0.6603500124007936,0.6603500124007936,0.2698412698412698,0.2857979910714286
PREFIX8,0,256,hemlock_extra_hazard_0.12,Q1,E10,CLEARLY_ABOVE,3,3,3,0,0,0,0,3,0.0,,,1.0,,0.005208333333333333,1.0,0.0,0.0,0.0005289713541666666,0.025563557942708332,0.6666666666666666,0.08287760416666667,0.23877461751302084,0.23877461751302084,0.0,0.22636718749999998
PREFIX8,0,256,hemlock_extra_hazard_0.12,Q1,E10,CLEARLY_BELOW,0,0,0,0,0,0,0,0,,,,,,,,,,,,,,,,,
PREFIX8,0,256,hemlock_extra_hazard_0.12,Q1,E10,IMMEDIATELY_ABOVE,0,0,0,0,0,0,0,0,,,,,,,,,,,,,,,,,
PREFIX8,0,256,hemlock_extra_hazard_0.12,Q1,E10,IMMEDIATELY_BELOW,1,1,0,1,0,1,0,0,,1.0,0.0,,,0.390625,0.0,0.0,1.0,4.57763671875e-05,4.57763671875e-05,1.0,0.1484375,0.023284912109375,0.023284912109375,1.0,0.412890625
PREFIX8,0,256,hemlock_extra_hazard_0.12,Q1,E10,MODERATELY_ABOVE,1,1,1,0,0,0,0,1,0.0,,,1.0,,0.0,1.0,0.0,0.0,0.0872802734375,0.0872802734375,0.0,0.09687499999999993,0.5572357177734375,0.5572357177734375,0.0,0.2124999999999999
PREFIX8,0,256,hemlock_extra_hazard_0.12,Q1,E10,MODERATELY_BELOW,0,0,0,0,0,0,0,0,,,,,,,,,,,,,,,,,
PREFIX8,0,256,hemlock_extra_hazard_0.12,Q1,E10,OUTSIDE_ABOVE,13,13,13,0,0,0,0,13,0.0,,,1.0,,0.001201923076923077,1.0,0.0,0.0,0.03224651630108173,0.038756150465745196,0.5384615384615384,0.0639423076923077,0.5206228402944711,0.5210453913762019,0.23076923076923078,0.4223858173076923
PREFIX8,0,256,hemlock_extra_hazard_0.12,Q1,E10,OUTSIDE_BELOW,63,63,0,63,0,63,0,0,,1.0,0.0,,,0.20114087301587302,0.0,0.0,0.07936507936507936,0.5718160962301587,0.5718160962301587,0.25396825396825395,0.37154947916666664,0.5718160962301587,0.5718160962301587,0.25396825396825395,0.37154947916666664
PREFIX8,0,256,hemlock_extra_hazard_0.12,Q1,E01,CLEARLY_ABOVE,3,3,3,0,0,0,0,3,0.0,,,1.0,,0.010416666666666666,1.0,0.0,0.0,0.0711669921875,0.0711669921875,0.6666666666666666,0.3779296875,0.4088592529296875,0.4088592529296875,0.3333333333333333,0.3921223958333333
PREFIX8,0,256,hemlock_extra_hazard_0.12,Q1,E01,CLEARLY_BELOW,0,0,0,0,0,0,0,0,,,,,,,,,,,,,,,,,
PREFIX8,0,256,hemlock_extra_hazard_0.12,Q1,E01,IMMEDIATELY_ABOVE,0,0,0,0,0,0,0,0,,,,,,,,,,,,,,,,,
PREFIX8,0,256,hemlock_extra_hazard_0.12,Q1,E01,IMMEDIATELY_BELOW,1,1,0,1,0,1,0,0,,1.0,0.0,,,0.5625,0.0,0.0,0.0,0.1230926513671875,0.1230926513671875,1.0,0.515234375,0.292816162109375,0.292816162109375,1.0,0.5671875
PREFIX8,0,256,hemlock_extra_hazard_0.12,Q1,E01,MODERATELY_ABOVE,1,1,1,0,0,0,0,1,0.0,,,1.0,,0.0,1.0,0.0,0.0,0.1990966796875,0.1990966796875,0.0,0.03183593750000002,0.7310638427734375,0.7310638427734375,0.0,0.040820312499999956
PREFIX8,0,256,hemlock_extra_hazard_0.12,Q1,E01,MODERATELY_BELOW,0,0,0,0,0,0,0,0,,,,,,,,,,,,,,,,,
PREFIX8,0,256,hemlock_extra_hazard_0.12,Q1,E01,OUTSIDE_ABOVE,13,13,13,0,0,0,0,13,0.0,,,1.0,,0.001201923076923077,1.0,0.0,0.0,0.06462331918569711,0.08547152005709134,0.07692307692307693,0.06265024038461539,0.7487253042367789,0.7487253042367789,0.0,0.16969651442307693
PREFIX8,0,256,hemlock_extra_hazard_0.12,Q1,E01,OUTSIDE_BELOW,63,63,0,63,0,63,0,0,,1.0,0.0,,,0.3695436507936508,0.0,0.0,0.047619047619047616,0.6046161954365079,0.6046161954365079,0.19047619047619047,0.159312996031746,0.6046161954365079,0.6046161954365079,0.19047619047619047,0.159312996031746
PREFIX8,0,256,hemlock_extra_hazard_0.12,Q1,E11,CLEARLY_ABOVE,3,3,3,0,0,0,0,3,0.0,,,1.0,,0.0,1.0,0.0,0.0,0.0247802734375,0.0247802734375,0.6666666666666666,0.07532552083333333,0.2534230550130208,0.2534230550130208,0.0,0.07311197916666667
PREFIX8,0,256,hemlock_extra_hazard_0.12,Q1,E11,CLEARLY_BELOW,0,0,0,0,0,0,0,0,,,,,,,,,,,,,,,,,
PREFIX8,0,256,hemlock_extra_hazard_0.12,Q1,E11,IMMEDIATELY_ABOVE,0,0,0,0,0,0,0,0,,,,,,,,,,,,,,,,,
PREFIX8,0,256,hemlock_extra_hazard_0.12,Q1,E11,IMMEDIATELY_BELOW,1,1,0,1,0,1,0,0,,1.0,0.0,,,0.5625,0.0,0.0,1.0,0.0132293701171875,0.0132293701171875,1.0,0.0556640625,0.150726318359375,0.150726318359375,0.0,0.08945312500000002
PREFIX8,0,256,hemlock_extra_hazard_0.12,Q1,E11,MODERATELY_ABOVE,1,1,1,0,0,0,0,1,0.0,,,1.0,,0.0,1.0,0.0,0.0,0.0604248046875,0.0604248046875,0.0,0.06855468749999993,0.3985443115234375,0.3985443115234375,0.0,0.09414062499999998
PREFIX8,0,256,hemlock_extra_hazard_0.12,Q1,E11,MODERATELY_BELOW,0,0,0,0,0,0,0,0,,,,,,,,,,,,,,,,,
PREFIX8,0,256,hemlock_extra_hazard_0.12,Q1,E11,OUTSIDE_ABOVE,13,13,13,0,0,0,0,13,0.0,,,1.0,,0.0,1.0,0.0,0.0,0.042725783128004804,0.042725783128004804,0.0,0.022866586538461554,0.5821462777944711,0.5821462777944711,0.0,0.05883413461538461
PREFIX8,0,256,hemlock_extra_hazard_0.12,Q1,E11,OUTSIDE_BELOW,63,63,0,63,0,63,0,0,,1.0,0.0,,,0.2152777777777778,0.0,0.0,0.38095238095238093,0.6404079861111112,0.6404079861111112,0.14285714285714285,0.052601066468253965,0.6404079861111112,0.6404079861111112,0.14285714285714285,0.052601066468253965
PREFIX8,0,256,hemlock_extra_hazard_0.12,Q2,E00,CLEARLY_ABOVE,0,0,0,0,0,0,0,0,,,,,,,,,,,,,,,,,
PREFIX8,0,256,hemlock_extra_hazard_0.12,Q2,E00,CLEARLY_BELOW,0,0,0,0,0,0,0,0,,,,,,,,,,,,,,,,,
PREFIX8,0,256,hemlock_extra_hazard_0.12,Q2,E00,IMMEDIATELY_ABOVE,0,0,0,0,0,0,0,0,,,,,,,,,,,,,,,,,
PREFIX8,0,256,hemlock_extra_hazard_0.12,Q2,E00,IMMEDIATELY_BELOW,0,0,0,0,0,0,0,0,,,,,,,,,,,,,,,,,
PREFIX8,0,256,hemlock_extra_hazard_0.12,Q2,E00,MODERATELY_ABOVE,0,0,0,0,0,0,0,0,,,,,,,,,,,,,,,,,
PREFIX8,0,256,hemlock_extra_hazard_0.12,Q2,E00,MODERATELY_BELOW,0,0,0,0,0,0,0,0,,,,,,,,,,,,,,,,,
PREFIX8,0,256,hemlock_extra_hazard_0.12,Q2,E00,OUTSIDE_ABOVE,0,0,0,0,0,0,0,0,,,,,,,,,,,,,,,,,
PREFIX8,0,256,hemlock_extra_hazard_0.12,Q2,E00,OUTSIDE_BELOW,81,81,0,81,0,81,0,0,,1.0,0.0,,,0.5069444444444444,0.0,0.0,0.04938271604938271,0.5288786711516203,0.5328384211033951,0.25925925925925924,0.25978491512345675,0.6529767071759259,0.6529767071759259,0.25925925925925924,0.30410638503086423
PREFIX8,0,256,hemlock_extra_hazard_0.12,Q2,E10,CLEARLY_ABOVE,0,0,0,0,0,0,0,0,,,,,,,,,,,,,,,,,
PREFIX8,0,256,hemlock_extra_hazard_0.12,Q2,E10,CLEARLY_BELOW,0,0,0,0,0,0,0,0,,,,,,,,,,,,,,,,,
PREFIX8,0,256,hemlock_extra_hazard_0.12,Q2,E10,IMMEDIATELY_ABOVE,0,0,0,0,0,0,0,0,,,,,,,,,,,,,,,,,
PREFIX8,0,256,hemlock_extra_hazard_0.12,Q2,E10,IMMEDIATELY_BELOW,0,0,0,0,0,0,0,0,,,,,,,,,,,,,,,,,
PREFIX8,0,256,hemlock_extra_hazard_0.12,Q2,E10,MODERATELY_ABOVE,0,0,0,0,0,0,0,0,,,,,,,,,,,,,,,,,
PREFIX8,0,256,hemlock_extra_hazard_0.12,Q2,E10,MODERATELY_BELOW,0,0,0,0,0,0,0,0,,,,,,,,,,,,,,,,,
PREFIX8,0,256,hemlock_extra_hazard_0.12,Q2,E10,OUTSIDE_ABOVE,0,0,0,0,0,0,0,0,,,,,,,,,,,,,,,,,
PREFIX8,0,256,hemlock_extra_hazard_0.12,Q2,E10,OUTSIDE_BELOW,81,81,0,81,0,81,0,0,,1.0,0.0,,,0.24729938271604937,0.0,0.0,0.14814814814814814,0.45101891034915126,0.4529908733603395,0.32098765432098764,0.3053433641975308,0.5443130304783951,0.5443808473186729,0.24691358024691357,0.37287808641975306
PREFIX8,0,256,hemlock_extra_hazard_0.12,Q2,E01,CLEARLY_ABOVE,0,0,0,0,0,0,0,0,,,,,,,,,,,,,,,,,
PREFIX8,0,256,hemlock_extra_hazard_0.12,Q2,E01,CLEARLY_BELOW,0,0,0,0,0,0,0,0,,,,,,,,,,,,,,,,,
PREFIX8,0,256,hemlock_extra_hazard_0.12,Q2,E01,IMMEDIATELY_ABOVE,0,0,0,0,0,0,0,0,,,,,,,,,,,,,,,,,
PREFIX8,0,256,hemlock_extra_hazard_0.12,Q2,E01,IMMEDIATELY_BELOW,0,0,0,0,0,0,0,0,,,,,,,,,,,,,,,,,
PREFIX8,0,256,hemlock_extra_hazard_0.12,Q2,E01,MODERATELY_ABOVE,0,0,0,0,0,0,0,0,,,,,,,,,,,,,,,,,
PREFIX8,0,256,hemlock_extra_hazard_0.12,Q2,E01,MODERATELY_BELOW,0,0,0,0,0,0,0,0,,,,,,,,,,,,,,,,,
PREFIX8,0,256,hemlock_extra_hazard_0.12,Q2,E01,OUTSIDE_ABOVE,0,0,0,0,0,0,0,0,,,,,,,,,,,,,,,,,
PREFIX8,0,256,hemlock_extra_hazard_0.12,Q2,E01,OUTSIDE_BELOW,81,81,0,81,0,81,0,0,,1.0,0.0,,,0.47685185185185186,0.0,0.0,0.037037037037037035,0.4872421453028549,0.49058815285011576,0.19753086419753085,0.15471643518518519,0.6182062596450617,0.6182062596450617,0.1728395061728395,0.17317467206790121
PREFIX8,0,256,hemlock_extra_hazard_0.12,Q2,E11,CLEARLY_ABOVE,0,0,0,0,0,0,0,0,,,,,,,,,,,,,,,,,
PREFIX8,0,256,hemlock_extra_hazard_0.12,Q2,E11,CLEARLY_BELOW,0,0,0,0,0,0,0,0,,,,,,,,,,,,,,,,,
PREFIX8,0,256,hemlock_extra_hazard_0.12,Q2,E11,IMMEDIATELY_ABOVE,0,0,0,0,0,0,0,0,,,,,,,,,,,,,,,,,
PREFIX8,0,256,hemlock_extra_hazard_0.12,Q2,E11,IMMEDIATELY_BELOW,0,0,0,0,0,0,0,0,,,,,,,,,,,,,,,,,
PREFIX8,0,256,hemlock_extra_hazard_0.12,Q2,E11,MODERATELY_ABOVE,0,0,0,0,0,0,0,0,,,,,,,,,,,,,,,,,
PREFIX8,0,256,hemlock_extra_hazard_0.12,Q2,E11,MODERATELY_BELOW,0,0,0,0,0,0,0,0,,,,,,,,,,,,,,,,,
PREFIX8,0,256,hemlock_extra_hazard_0.12,Q2,E11,OUTSIDE_ABOVE,0,0,0,0,0,0,0,0,,,,,,,,,,,,,,,,,
PREFIX8,0,256,hemlock_extra_hazard_0.12,Q2,E11,OUTSIDE_BELOW,81,81,0,81,0,81,0,0,,1.0,0.0,,,0.2770061728395062,0.0,0.0,0.41975308641975306,0.5067794234664352,0.5067794234664352,0.14814814814814814,0.04890528549382716,0.6076931423611112,0.6076931423611112,0.1111111111111111,0.05532889660493827
PREFIX8,0,256,entry_lognormal_annual_sd_1.2,Q1,E00,CLEARLY_ABOVE,10,10,9,1,0,1,0,9,0.0,1.0,0.0,1.0,0.5,0.165625,0.9,0.0,0.0,0.0134857177734375,0.170977783203125,0.5,0.40972656250000006,0.0886810302734375,0.246173095703125,0.5,0.41433593750000003
PREFIX8,0,256,entry_lognormal_annual_sd_1.2,Q1,E00,CLEARLY_BELOW,7,7,0,7,0,7,0,0,,1.0,0.0,,,0.45982142857142855,0.0,0.0,0.0,0.0094757080078125,0.29620143345424105,0.42857142857142855,0.4872767857142857,0.0094757080078125,0.29620143345424105,0.42857142857142855,0.4872767857142857
PREFIX8,0,256,entry_lognormal_annual_sd_1.2,Q1,E00,IMMEDIATELY_ABOVE,8,6,2,4,0,4,0,2,0.0,1.0,0.0,1.0,0.5,0.24739583333333334,0.3333333333333333,0.25,0.0,0.07502555847167969,0.26263999938964844,0.25,0.171484375,0.07502555847167969,0.26263999938964844,0.25,0.171484375
PREFIX8,0,256,entry_lognormal_annual_sd_1.2,Q1,E00,IMMEDIATELY_BELOW,9,7,0,7,0,7,0,0,,1.0,0.0,,,0.43526785714285715,0.0,0.2222222222222222,0.2222222222222222,-0.021080864800347224,0.18121337890625,0.7777777777777778,0.6474609375,0.00027296278211805556,0.2025672064887153,0.7777777777777778,0.6474609375
PREFIX8,0,256,entry_lognormal_annual_sd_1.2,Q1,E00,MODERATELY_ABOVE,12,12,7,5,0,5,0,7,0.0,1.0,0.0,1.0,0.5,0.3229166666666667,0.5833333333333334,0.0,0.0,0.036679585774739586,0.2491734822591146,0.25,0.24132486979166667,0.062427520751953125,0.2749214172363281,0.25,0.2421875
PREFIX8,0,256,entry_lognormal_annual_sd_1.2,Q1,E00,MODERATELY_BELOW,10,10,0,10,0,10,0,0,,1.0,0.0,,,0.55625,0.0,0.0,0.0,-0.01170501708984375,0.35599517822265625,0.1,0.2409374999999999,-0.01170501708984375,0.35599517822265625,0.1,0.2409374999999999
PREFIX8,0,256,entry_lognormal_annual_sd_1.2,Q1,E00,OUTSIDE_ABOVE,14,14,13,1,0,1,0,13,0.0,1.0,0.0,1.0,0.5,0.005580357142857143,0.9285714285714286,0.0,0.0,0.03298078264508929,0.05630711146763393,0.2857142857142857,0.07357700892857144,0.16930389404296875,0.16930389404296875,0.5714285714285714,0.3259765624999999
PREFIX8,0,256,entry_lognormal_annual_sd_1.2,Q1,E00,OUTSIDE_BELOW,11,11,0,11,0,11,0,0,,1.0,0.0,,,0.045454545454545456,0.0,0.0,0.18181818181818182,0.07682939009232954,0.07682939009232954,0.8181818181818182,0.0,0.07682939009232954,0.07682939009232954,0.8181818181818182,0.0
PREFIX8,0,256,entry_lognormal_annual_sd_1.2,Q1,E10,CLEARLY_ABOVE,10,10,9,1,0,1,0,9,0.0,1.0,0.0,1.0,0.5,0.0671875,0.9,0.0,0.1,-0.0016998291015625,0.0683349609375,0.7,0.3493945312500001,0.0439544677734375,0.1124114990234375,0.6,0.39244140625
PREFIX8,0,256,entry_lognormal_annual_sd_1.2,Q1,E10,CLEARLY_BELOW,7,7,0,7,0,7,0,0,,1.0,0.0,,,0.13839285714285715,0.0,0.0,0.2857142857142857,-0.1423797607421875,0.1869354248046875,1.0,0.6648716517857142,-0.1423797607421875,0.1869354248046875,1.0,0.6648716517857142
PREFIX8,0,256,entry_lognormal_annual_sd_1.2,Q1,E10,IMMEDIATELY_ABOVE,8,6,2,4,0,4,0,2,0.0,1.0,0.0,1.0,0.5,0.09635416666666667,0.3333333333333333,0.25,0.125,-0.10032844543457031,0.17218971252441406,0.75,0.30502929687499997,-0.10032844543457031,0.17218971252441406,0.75,0.30502929687499997
PREFIX8,0,256,entry_lognormal_annual_sd_1.2,Q1,E10,IMMEDIATELY_BELOW,9,7,0,7,0,7,0,0,,1.0,0.0,,,0.3549107142857143,0.0,0.2222222222222222,0.2222222222222222,-0.016794840494791668,0.13726806640625,0.7777777777777778,0.49939236111111107,-0.014863755967881944,0.1388329399956597,0.7777777777777778,0.5287760416666667
PREFIX8,0,256,entry_lognormal_annual_sd_1.2,Q1,E10,MODERATELY_ABOVE,12,12,7,5,0,5,0,7,0.0,1.0,0.0,1.0,0.5,0.10416666666666667,0.5833333333333334,0.0,0.0,0.01023101806640625,0.11353556315104167,0.8333333333333334,0.29462890625,0.030729929606119793,0.13403447469075522,0.8333333333333334,0.30426432291666666
PREFIX8,0,256,entry_lognormal_annual_sd_1.2,Q1,E10,MODERATELY_BELOW,10,10,0,10,0,10,0,0,,1.0,0.0,,,0.134375,0.0,0.0,0.0,-0.20569915771484376,0.24491424560546876,0.8,0.48863281249999985,-0.20569915771484376,0.24491424560546876,0.8,0.48863281249999985
PREFIX8,0,256,entry_lognormal_annual_sd_1.2,Q1,E10,OUTSIDE_ABOVE,14,14,13,1,0,1,0,13,0.0,1.0,0.0,1.0,0.5,0.0011160714285714285,0.9285714285714286,0.0,0.0,0.0011029924665178572,0.0208587646484375,0.7857142857142857,0.0642857142857143,-0.0027106148856026785,0.11949702671595983,0.7142857142857143,0.39712611607142856
PREFIX8,0,256,entry_lognormal_annual_sd_1.2,Q1,E10,OUTSIDE_BELOW,11,11,0,11,0,11,0,0,,1.0,0.0,,,0.0,0.0,0.0,0.0,-0.016254771839488636,0.016254771839488636,0.9090909090909091,0.029829545454545456,-0.016254771839488636,0.016254771839488636,0.9090909090909091,0.029829545454545456
PREFIX8,0,256,entry_lognormal_annual_sd_1.2,Q1,E01,CLEARLY_ABOVE,10,10,9,1,0,1,0,9,0.0,1.0,0.0,1.0,0.5,0.3421875,0.9,0.0,0.0,-0.0882232666015625,0.253021240234375,0.3,0.29583984375000005,-0.0127349853515625,0.328509521484375,0.2,0.30009765625
PREFIX8,0,256,entry_lognormal_annual_sd_1.2,Q1,E01,CLEARLY_BELOW,7,7,0,7,0,7,0,0,,1.0,0.0,,,0.5379464285714286,0.0,0.0,0.0,-0.07213701520647321,0.43710545131138395,0.0,0.0909877232142857,-0.07213701520647321,0.43710545131138395,0.0,0.0909877232142857
PREFIX8,0,256,entry_lognormal_annual_sd_1.2,Q1,E01,IMMEDIATELY_ABOVE,8,6,2,4,0,4,0,2,0.0,1.0,0.0,1.0,0.5,0.2421875,0.3333333333333333,0.25,0.0,0.09901237487792969,0.27966880798339844,0.0,0.10537109375,0.09901237487792969,0.27966880798339844,0.0,0.10537109375
PREFIX8,0,256,entry_lognormal_annual_sd_1.2,Q1,E01,IMMEDIATELY_BELOW,9,7,0,7,0,7,0,0,,1.0,0.0,,,0.21875,0.0,0.2222222222222222,0.0,-0.20689900716145834,0.3776007758246528,0.2222222222222222,0.3283637152777777,-0.18869188096788195,0.3958079020182292,0.2222222222222222,0.3341362847222222
PREFIX8,0,256,entry_lognormal_annual_sd_1.2,Q1,E01,MODERATELY_ABOVE,12,12,7,5,0,5,0,7,0.0,1.0,0.0,1.0,0.5,0.4466145833333333,0.5833333333333334,0.0,0.08333333333333333,-0.052065531412760414,0.31983693440755206,0.08333333333333333,0.14101562499999998,-0.026398976643880207,0.3455034891764323,0.08333333333333333,0.14176432291666666
PREFIX8,0,256,entry_lognormal_annual_sd_1.2,Q1,E01,MODERATELY_BELOW,10,10,0,10,0,10,0,0,,1.0,0.0,,,0.5203125,0.0,0.0,0.0,0.06451568603515626,0.28114166259765627,0.3,0.24214843749999995,0.06451568603515626,0.28114166259765627,0.3,0.24214843749999995
PREFIX8,0,256,entry_lognormal_annual_sd_1.2,Q1,E01,OUTSIDE_ABOVE,14,14,13,1,0,1,0,13,0.0,1.0,0.0,1.0,0.5,0.005580357142857143,0.9285714285714286,0.0,0.0,0.03291102818080357,0.05653599330357143,0.14285714285714285,0.07320033482142858,0.2108426775251116,0.2108426775251116,0.2857142857142857,0.17260044642857145
PREFIX8,0,256,entry_lognormal_annual_sd_1.2,Q1,E01,OUTSIDE_BELOW,11,11,0,11,0,11,0,0,,1.0,0.0,,,0.045454545454545456,0.0,0.0,0.18181818181818182,0.07682939009232954,0.07682939009232954,0.8181818181818182,0.0,0.07682939009232954,0.07682939009232954,0.8181818181818182,0.0
PREFIX8,0,256,entry_lognormal_annual_sd_1.2,Q1,E11,CLEARLY_ABOVE,10,10,9,1,0,1,0,9,0.0,1.0,0.0,1.0,0.5,0.0015625,0.9,0.0,0.0,0.0129486083984375,0.01644287109375,0.8,0.0663671875,0.0557220458984375,0.05921630859375,0.7,0.065703125
PREFIX8,0,256,entry_lognormal_annual_sd_1.2,Q1,E11,CLEARLY_BELOW,7,7,0,7,0,7,0,0,,1.0,0.0,,,0.0,0.0,0.0,0.0,0.004313877650669643,0.0089569091796875,0.8571428571428571,0.06046316964285714,0.004313877650669643,0.0089569091796875,0.8571428571428571,0.06046316964285714
PREFIX8,0,256,entry_lognormal_annual_sd_1.2,Q1,E11,IMMEDIATELY_ABOVE,8,6,2,4,0,4,0,2,0.0,1.0,0.0,1.0,0.5,0.026041666666666668,0.3333333333333333,0.25,0.5,0.0053234100341796875,0.010805130004882812,1.0,0.06799316406249999,0.0053234100341796875,0.010805130004882812,1.0,0.06799316406249999
PREFIX8,0,256,entry_lognormal_annual_sd_1.2,Q1,E11,IMMEDIATELY_BELOW,9,7,0,7,0,7,0,0,,1.0,0.0,,,0.25669642857142855,0.0,0.2222222222222222,0.8888888888888888,0.007076687282986111,0.010158962673611112,1.0,0.05735677083333335,0.021703084309895832,0.024785359700520832,0.8888888888888888,0.06111111111111113
PREFIX8,0,256,entry_lognormal_annual_sd_1.2,Q1,E11,MODERATELY_ABOVE,12,12,7,5,0,5,0,7,0.0,1.0,0.0,1.0,0.5,0.029947916666666668,0.5833333333333334,0.0,0.5,0.0035578409830729165,0.012967427571614584,0.9166666666666666,0.05908203124999999,0.013070424397786459,0.022480010986328125,0.9166666666666666,0.06121419270833333
PREFIX8,0,256,entry_lognormal_annual_sd_1.2,Q1,E11,MODERATELY_BELOW,10,10,0,10,0,10,0,0,,1.0,0.0,,,0.00625,0.0,0.0,0.7,0.00318756103515625,0.00734710693359375,1.0,0.06648437500000001,0.00318756103515625,0.00734710693359375,1.0,0.06648437500000001
PREFIX8,0,256,entry_lognormal_annual_sd_1.2,Q1,E11,OUTSIDE_ABOVE,14,14,13,1,0,1,0,13,0.0,1.0,0.0,1.0,0.5,0.0,0.9285714285714286,0.0,0.0,0.008148193359375,0.0087432861328125,0.7857142857142857,0.024288504464285727,0.05173274448939732,0.05251312255859375,0.5,0.057686941964285705
PREFIX8,0,256,entry_lognormal_annual_sd_1.2,Q1,E11,OUTSIDE_BELOW,11,11,0,11,0,11,0,0,,1.0,0.0,,,0.0,0.0,0.0,0.0,-0.000274658203125,0.000274658203125,1.0,0.009126420454545451,-0.000274658203125,0.000274658203125,1.0,0.009126420454545451
PREFIX8,0,256,entry_lognormal_annual_sd_1.2,Q2,E00,CLEARLY_ABOVE,8,8,7,1,0,1,0,7,0.0,1.0,0.0,1.0,0.5,0.19921875,0.875,0.0,0.0,-0.008924484252929688,0.18815040588378906,0.5,0.3448974609375,-0.0018711090087890625,0.1949939727783203,0.5,0.408056640625
PREFIX8,0,256,entry_lognormal_annual_sd_1.2,Q2,E00,CLEARLY_BELOW,10,10,0,10,0,10,0,0,,1.0,0.0,,,0.5546875,0.0,0.0,0.0,0.0003265380859375,0.2335235595703125,0.4,0.41388671875,0.06455230712890625,0.26526031494140623,0.5,0.46513671875
PREFIX8,0,256,entry_lognormal_annual_sd_1.2,Q2,E00,IMMEDIATELY_ABOVE,10,7,3,4,0,4,0,3,0.0,1.0,0.0,1.0,0.5,0.21428571428571427,0.42857142857142855,0.3,0.0,0.06677398681640626,0.21686553955078125,0.2,0.140234375,0.0868255615234375,0.2369171142578125,0.3,0.20798828124999996
PREFIX8,0,256,entry_lognormal_annual_sd_1.2,Q2,E00,IMMEDIATELY_BELOW,8,7,0,7,0,7,0,0,,1.0,0.0,,,0.43526785714285715,0.0,0.125,0.25,-0.030101776123046875,0.197479248046875,0.75,0.6306884765625,-0.030101776123046875,0.197479248046875,0.75,0.6306884765625
PREFIX8,0,256,entry_lognormal_annual_sd_1.2,Q2,E00,MODERATELY_ABOVE,12,12,7,5,0,5,0,7,0.0,1.0,0.0,1.0,0.5,0.32421875,0.5833333333333334,0.0,0.0,0.02211761474609375,0.23461151123046875,0.25,0.23942057291666666,0.028179168701171875,0.24067306518554688,0.3333333333333333,0.27029622395833336
PREFIX8,0,256,entry_lognormal_annual_sd_1.2,Q2,E00,MODERATELY_BELOW,13,13,0,13,0,13,0,0,,1.0,0.0,,,0.578125,0.0,0.0,0.0,0.002085759089543269,0.2849320631760817,0.15384615384615385,0.19346454326923068,0.02335533728966346,0.3062016413762019,0.23076923076923078,0.28795072115384607
PREFIX8,0,256,entry_lognormal_annual_sd_1.2,Q2,E00,OUTSIDE_ABOVE,2,2,1,1,0,1,0,1,0.0,1.0,0.0,1.0,0.5,0.03125,0.5,0.0,0.0,0.049346923828125,0.049346923828125,0.5,0.07470703125,0.091796875,0.091796875,0.5,0.12763671875
PREFIX8,0,256,entry_lognormal_annual_sd_1.2,Q2,E00,OUTSIDE_BELOW,18,18,0,18,0,18,0,0,,1.0,0.0,,,0.3550347222222222,0.0,0.0,0.1111111111111111,0.0828670925564236,0.0828670925564236,0.6666666666666666,0.11995442708333333,0.1844389173719618,0.1844389173719618,0.6666666666666666,0.1305121527777778
PREFIX8,0,256,entry_lognormal_annual_sd_1.2,Q2,E10,CLEARLY_ABOVE,8,8,7,1,0,1,0,7,0.0,1.0,0.0,1.0,0.5,0.083984375,0.875,0.0,0.125,-0.008558273315429688,0.07701301574707031,0.75,0.4059814453125,0.0044155120849609375,0.08998680114746094,0.75,0.437109375
PREFIX8,0,256,entry_lognormal_annual_sd_1.2,Q2,E10,CLEARLY_BELOW,10,10,0,10,0,10,0,0,,1.0,0.0,,,0.1796875,0.0,0.0,0.5,-0.1005523681640625,0.1345794677734375,1.0,0.4926757812499999,-0.10424652099609374,0.14887542724609376,1.0,0.611875
PREFIX8,0,256,entry_lognormal_annual_sd_1.2,Q2,E10,IMMEDIATELY_ABOVE,10,7,3,4,0,4,0,3,0.0,1.0,0.0,1.0,0.5,0.19196428571428573,0.42857142857142855,0.3,0.1,-0.08097991943359376,0.14130401611328125,0.7,0.25677734374999994,-0.0968170166015625,0.168499755859375,0.8,0.34912109374999994
PREFIX8,0,256,entry_lognormal_annual_sd_1.2,Q2,E10,IMMEDIATELY_BELOW,8,7,0,7,0,7,0,0,,1.0,0.0,,,0.3549107142857143,0.0,0.125,0.125,-0.018688201904296875,0.1542205810546875,0.75,0.54326171875,-0.018688201904296875,0.1542205810546875,0.75,0.54326171875
PREFIX8,0,256,entry_lognormal_annual_sd_1.2,Q2,E10,MODERATELY_ABOVE,12,12,7,5,0,5,0,7,0.0,1.0,0.0,1.0,0.5,0.13671875,0.5833333333333334,0.0,0.08333333333333333,0.00148773193359375,0.10787709554036458,0.9166666666666666,0.2938639322916667,-0.009988149007161459,0.1193529764811198,0.9166666666666666,0.329248046875
PREFIX8,0,256,entry_lognormal_annual_sd_1.2,Q2,E10,MODERATELY_BELOW,13,13,0,13,0,13,0,0,,1.0,0.0,,,0.15264423076923078,0.0,0.0,0.07692307692307693,-0.16396742600661057,0.19413287823016828,0.8461538461538461,0.39565805288461525,-0.180145263671875,0.22028292142427885,0.7692307692307693,0.5016826923076922
PREFIX8,0,256,entry_lognormal_annual_sd_1.2,Q2,E10,OUTSIDE_ABOVE,2,2,1,1,0,1,0,1,0.0,1.0,0.0,1.0,0.5,0.0,0.5,0.0,0.0,0.030303955078125,0.031097412109375,0.5,0.03632812499999999,0.070556640625,0.070556640625,0.0,0.06845703124999997
PREFIX8,0,256,entry_lognormal_annual_sd_1.2,Q2,E10,OUTSIDE_BELOW,18,18,0,18,0,18,0,0,,1.0,0.0,,,0.1892361111111111,0.0,0.0,0.1111111111111111,0.0011884901258680555,0.022115071614583332,0.7777777777777778,0.05009765625,0.058163960774739586,0.07803090413411458,0.7222222222222222,0.11891276041666665
PREFIX8,0,256,entry_lognormal_annual_sd_1.2,Q2,E01,CLEARLY_ABOVE,8,8,7,1,0,1,0,7,0.0,1.0,0.0,1.0,0.5,0.42578125,0.875,0.0,0.0,-0.1431407928466797,0.2834148406982422,0.125,0.228076171875,-0.13681983947753906,0.2897357940673828,0.25,0.2620849609375
PREFIX8,0,256,entry_lognormal_annual_sd_1.2,Q2,E01,CLEARLY_BELOW,10,10,0,10,0,10,0,0,,1.0,0.0,,,0.6328125,0.0,0.0,0.0,-0.0571441650390625,0.3324005126953125,0.1,0.13675781250000002,0.01884918212890625,0.37531890869140627,0.1,0.14205078124999998
PREFIX8,0,256,entry_lognormal_annual_sd_1.2,Q2,E01,IMMEDIATELY_ABOVE,10,7,3,4,0,4,0,3,0.0,1.0,0.0,1.0,0.5,0.20758928571428573,0.42857142857142855,0.3,0.0,0.08630523681640626,0.23083038330078126,0.0,0.08556640625,0.1232513427734375,0.2677764892578125,0.0,0.10072265625000001
PREFIX8,0,256,entry_lognormal_annual_sd_1.2,Q2,E01,IMMEDIATELY_BELOW,8,7,0,7,0,7,0,0,,1.0,0.0,,,0.21875,0.0,0.125,0.0,-0.24793624877929688,0.4096260070800781,0.125,0.30500488281249993,-0.24793624877929688,0.4096260070800781,0.125,0.30500488281249993
PREFIX8,0,256,entry_lognormal_annual_sd_1.2,Q2,E01,MODERATELY_ABOVE,12,12,7,5,0,5,0,7,0.0,1.0,0.0,1.0,0.5,0.4466145833333333,0.5833333333333334,0.0,0.08333333333333333,-0.06654612223307292,0.30535634358723956,0.08333333333333333,0.13878580729166665,-0.05242792765299479,0.3194745381673177,0.08333333333333333,0.14527994791666665
PREFIX8,0,256,entry_lognormal_annual_sd_1.2,Q2,E01,MODERATELY_BELOW,13,13,0,13,0,13,0,0,,1.0,0.0,,,0.6129807692307693,0.0,0.0,0.0,0.06139315091646635,0.22802851750300482,0.23076923076923078,0.19115084134615382,0.10561194786658654,0.272247314453125,0.23076923076923078,0.21344651442307686
PREFIX8,0,256,entry_lognormal_annual_sd_1.2,Q2,E01,OUTSIDE_ABOVE,2,2,1,1,0,1,0,1,0.0,1.0,0.0,1.0,0.5,0.0625,0.5,0.0,0.0,0.043487548828125,0.043487548828125,0.5,0.10517578124999999,0.0517578125,0.0517578125,1.0,0.26220703125
PREFIX8,0,256,entry_lognormal_annual_sd_1.2,Q2,E01,OUTSIDE_BELOW,18,18,0,18,0,18,0,0,,1.0,0.0,,,0.34375,0.0,0.0,0.1111111111111111,0.08997429741753472,0.08997429741753472,0.6666666666666666,0.09352213541666667,0.18869781494140625,0.18869781494140625,0.6111111111111112,0.11222873263888888
PREFIX8,0,256,entry_lognormal_annual_sd_1.2,Q2,E11,CLEARLY_ABOVE,8,8,7,1,0,1,0,7,0.0,1.0,0.0,1.0,0.5,0.001953125,0.875,0.0,0.0,0.0006580352783203125,0.0050258636474609375,1.0,0.055029296874999994,0.0017910003662109375,0.0061588287353515625,1.0,0.06135253906249999
PREFIX8,0,256,entry_lognormal_annual_sd_1.2,Q2,E11,CLEARLY_BELOW,10,10,0,10,0,10,0,0,,1.0,0.0,,,0.0640625,0.0,0.0,0.2,0.0040863037109375,0.00733642578125,0.8,0.04943359374999999,0.01572418212890625,0.01960296630859375,0.7,0.06189453125000001
PREFIX8,0,256,entry_lognormal_annual_sd_1.2,Q2,E11,IMMEDIATELY_ABOVE,10,7,3,4,0,4,0,3,0.0,1.0,0.0,1.0,0.5,0.024553571428571428,0.42857142857142855,0.3,0.5,0.00481109619140625,0.00919647216796875,1.0,0.06070312499999999,0.0138275146484375,0.018212890625,0.9,0.06085937499999999
PREFIX8,0,256,entry_lognormal_annual_sd_1.2,Q2,E11,IMMEDIATELY_BELOW,8,7,0,7,0,7,0,0,,1.0,0.0,,,0.25669642857142855,0.0,0.125,0.875,0.006519317626953125,0.00998687744140625,1.0,0.05756835937500002,0.006519317626953125,0.00998687744140625,1.0,0.05756835937500002
PREFIX8,0,256,entry_lognormal_annual_sd_1.2,Q2,E11,MODERATELY_ABOVE,12,12,7,5,0,5,0,7,0.0,1.0,0.0,1.0,0.5,0.029947916666666668,0.5833333333333334,0.0,0.5833333333333334,-0.0010350545247395833,0.008374532063802084,1.0,0.054980468750000004,0.0003878275553385417,0.009797414143880209,1.0,0.06005859375
PREFIX8,0,256,entry_lognormal_annual_sd_1.2,Q2,E11,MODERATELY_BELOW,13,13,0,13,0,13,0,0,,1.0,0.0,,,0.12259615384615384,0.0,0.0,0.7692307692307693,0.002536480243389423,0.006377000075120192,1.0,0.05793269230769233,0.013289231520432692,0.01648888221153846,0.8461538461538461,0.06416766826923079
PREFIX8,0,256,entry_lognormal_annual_sd_1.2,Q2,E11,OUTSIDE_ABOVE,2,2,1,1,0,1,0,1,0.0,1.0,0.0,1.0,0.5,0.0,0.5,0.0,0.0,0.012237548828125,0.012237548828125,1.0,0.02265624999999999,0.0107421875,0.0130615234375,1.0,0.05292968749999993
PREFIX8,0,256,entry_lognormal_annual_sd_1.2,Q2,E11,OUTSIDE_BELOW,18,18,0,18,0,18,0,0,,1.0,0.0,,,0.1076388888888889,0.0,0.0,0.16666666666666666,0.014453464084201388,0.014789157443576388,0.7222222222222222,0.027832031249999993,0.06524403889973958,0.06557973225911458,0.6111111111111112,0.03566623263888888
PREFIX8,0,1024,correct,Q1,E00,CLEARLY_ABOVE,8,8,6,2,0,2,0,6,0.0,1.0,0.0,1.0,0.5,0.322265625,0.75,0.0,0.0,0.015918731689453125,0.21164703369140625,0.375,0.34517211914062507,0.015918731689453125,0.21164703369140625,0.375,0.34517211914062507
PREFIX8,0,1024,correct,Q1,E00,CLEARLY_BELOW,7,7,0,7,0,7,0,0,,1.0,0.0,,,0.45982142857142855,0.0,0.0,0.0,0.008156912667410714,0.2954014369419643,0.42857142857142855,0.4841029575892857,0.008156912667410714,0.2954014369419643,0.42857142857142855,0.4841029575892857
PREFIX8,0,1024,correct,Q1,E00,IMMEDIATELY_ABOVE,9,6,2,4,0,4,0,2,0.0,1.0,0.0,1.0,0.5,0.2578125,0.3333333333333333,0.3333333333333333,0.0,0.06891716851128472,0.23601786295572916,0.3333333333333333,0.24029947916666666,0.07571580674913195,0.2428165011935764,0.3333333333333333,0.24029947916666666
PREFIX8,0,1024,correct,Q1,E00,IMMEDIATELY_BELOW,9,6,0,6,0,6,0,0,,1.0,0.0,,,0.5703125,0.0,0.3333333333333333,0.2222222222222222,-0.004911634657118056,0.1999935574001736,0.6666666666666666,0.5750325520833334,-0.004911634657118056,0.1999935574001736,0.6666666666666666,0.5750325520833334
PREFIX8,0,1024,correct,Q1,E00,MODERATELY_ABOVE,10,10,6,4,0,4,0,6,0.0,1.0,0.0,1.0,0.5,0.2875,0.6,0.0,0.0,-0.00035858154296875,0.25799102783203126,0.3,0.2874267578125,-0.00035858154296875,0.25799102783203126,0.3,0.2874267578125
PREFIX8,0,1024,correct,Q1,E00,MODERATELY_BELOW,9,9,0,9,0,9,0,0,,1.0,0.0,,,0.5086805555555556,0.0,0.0,0.0,-0.042611016167534724,0.3645036485460069,0.1111111111111111,0.25996636284722213,-0.042611016167534724,0.3645036485460069,0.1111111111111111,0.25996636284722213
PREFIX8,0,1024,correct,Q1,E00,OUTSIDE_ABOVE,18,18,17,1,0,1,0,17,0.0,1.0,0.0,1.0,0.5,0.006076388888888889,0.9444444444444444,0.0,0.0,0.0327207777235243,0.057741800944010414,0.3333333333333333,0.1327175564236111,0.13671705457899305,0.13671705457899305,0.6111111111111112,0.326416015625
PREFIX8,0,1024,correct,Q1,E00,OUTSIDE_BELOW,11,11,0,11,0,11,0,0,,1.0,0.0,,,0.045454545454545456,0.0,0.0,0.18181818181818182,0.07652421431107954,0.07652421431107954,0.8181818181818182,0.00017311789772727677,0.07652421431107954,0.07652421431107954,0.8181818181818182,0.00017311789772727677
PREFIX8,0,1024,correct,Q1,E10,CLEARLY_ABOVE,8,8,6,2,0,2,0,6,0.0,1.0,0.0,1.0,0.5,0.08203125,0.75,0.0,0.125,-0.006603240966796875,0.0765838623046875,0.875,0.41978149414062504,-0.006603240966796875,0.0765838623046875,0.875,0.41978149414062504
PREFIX8,0,1024,correct,Q1,E10,CLEARLY_BELOW,7,7,0,7,0,7,0,0,,1.0,0.0,,,0.12276785714285714,0.0,0.0,0.2857142857142857,-0.14470999581473215,0.19212559291294642,1.0,0.6557826450892856,-0.14470999581473215,0.19212559291294642,1.0,0.6557826450892856
PREFIX8,0,1024,correct,Q1,E10,IMMEDIATELY_ABOVE,9,6,2,4,0,4,0,2,0.0,1.0,0.0,1.0,0.5,0.15885416666666666,0.3333333333333333,0.3333333333333333,0.2222222222222222,-0.0966644287109375,0.15707227918836805,0.7777777777777778,0.27573242187499997,-0.1082577175564236,0.16866556803385416,0.7777777777777778,0.30229492187499996
PREFIX8,0,1024,correct,Q1,E10,IMMEDIATELY_BELOW,9,6,0,6,0,6,0,0,,1.0,0.0,,,0.3697916666666667,0.0,0.3333333333333333,0.1111111111111111,-0.014094034830729166,0.1398128933376736,0.7777777777777778,0.5467610677083333,-0.014094034830729166,0.1398128933376736,0.7777777777777778,0.5467610677083333
PREFIX8,0,1024,correct,Q1,E10,MODERATELY_ABOVE,10,10,6,4,0,4,0,6,0.0,1.0,0.0,1.0,0.5,0.1171875,0.6,0.0,0.0,-0.00414276123046875,0.12457427978515626,0.9,0.32884765624999995,-0.00414276123046875,0.12457427978515626,0.9,0.32884765624999995
PREFIX8,0,1024,correct,Q1,E10,MODERATELY_BELOW,9,9,0,9,0,9,0,0,,1.0,0.0,,,0.08159722222222222,0.0,0.0,0.0,-0.23766581217447916,0.2633209228515625,0.7777777777777778,0.48051215277777776,-0.23766581217447916,0.2633209228515625,0.7777777777777778,0.48051215277777776
PREFIX8,0,1024,correct,Q1,E10,OUTSIDE_ABOVE,18,18,17,1,0,1,0,17,0.0,1.0,0.0,1.0,0.5,0.001736111111111111,0.9444444444444444,0.0,0.0,-0.007440355088975694,0.01943206787109375,0.7777777777777778,0.062334526909722215,-0.03398471408420139,0.09467400444878472,0.7222222222222222,0.3567247178819445
PREFIX8,0,1024,correct,Q1,E10,OUTSIDE_BELOW,11,11,0,11,0,11,0,0,,1.0,0.0,,,0.0,0.0,0.0,0.0,-0.018058083274147728,0.018058083274147728,0.9090909090909091,0.030215731534090906,-0.018058083274147728,0.018058083274147728,0.9090909090909091,0.030215731534090906
PREFIX8,0,1024,correct,Q1,E01,CLEARLY_ABOVE,8,8,6,2,0,2,0,6,0.0,1.0,0.0,1.0,0.5,0.5234375,0.75,0.0,0.0,-0.11898422241210938,0.3092079162597656,0.125,0.22351074218749994,-0.11898422241210938,0.3092079162597656,0.125,0.22351074218749994
PREFIX8,0,1024,correct,Q1,E01,CLEARLY_BELOW,7,7,0,7,0,7,0,0,,1.0,0.0,,,0.5379464285714286,0.0,0.0,0.0,-0.07335117885044642,0.43355015345982145,0.0,0.09418247767857142,-0.07335117885044642,0.43355015345982145,0.0,0.09418247767857142
PREFIX8,0,1024,correct,Q1,E01,IMMEDIATELY_ABOVE,9,6,2,4,0,4,0,2,0.0,1.0,0.0,1.0,0.5,0.25,0.3333333333333333,0.3333333333333333,0.0,0.09744093153211805,0.2585737440321181,0.2222222222222222,0.15374891493055554,0.1006317138671875,0.2617645263671875,0.2222222222222222,0.1602810329861111
PREFIX8,0,1024,correct,Q1,E01,IMMEDIATELY_BELOW,9,6,0,6,0,6,0,0,,1.0,0.0,,,0.3489583333333333,0.0,0.3333333333333333,0.0,-0.20244852701822916,0.3795149061414931,0.2222222222222222,0.3034993489583333,-0.20244852701822916,0.3795149061414931,0.2222222222222222,0.3034993489583333
PREFIX8,0,1024,correct,Q1,E01,MODERATELY_ABOVE,10,10,6,4,0,4,0,6,0.0,1.0,0.0,1.0,0.5,0.4359375,0.6,0.0,0.1,-0.10319061279296875,0.34113922119140627,0.1,0.16030761718750003,-0.10319061279296875,0.34113922119140627,0.1,0.16030761718750003
PREFIX8,0,1024,correct,Q1,E01,MODERATELY_BELOW,9,9,0,9,0,9,0,0,,1.0,0.0,,,0.5173611111111112,0.0,0.0,0.0,0.050623575846354164,0.2889285617404514,0.2222222222222222,0.23557942708333326,0.050623575846354164,0.2889285617404514,0.2222222222222222,0.23557942708333326
PREFIX8,0,1024,correct,Q1,E01,OUTSIDE_ABOVE,18,18,17,1,0,1,0,17,0.0,1.0,0.0,1.0,0.5,0.008680555555555556,0.9444444444444444,0.0,0.0,0.034714592827690974,0.054610358344184026,0.3888888888888889,0.12494574652777778,0.1697235107421875,0.1697235107421875,0.3333333333333333,0.20268825954861108
PREFIX8,0,1024,correct,Q1,E01,OUTSIDE_BELOW,11,11,0,11,0,11,0,0,,1.0,0.0,,,0.045454545454545456,0.0,0.0,0.18181818181818182,0.07655750621448863,0.07655750621448863,0.8181818181818182,0.0,0.07655750621448863,0.07655750621448863,0.8181818181818182,0.0
PREFIX8,0,1024,correct,Q1,E11,CLEARLY_ABOVE,8,8,6,2,0,2,0,6,0.0,1.0,0.0,1.0,0.5,0.0,0.75,0.0,0.0,0.002048492431640625,0.00286102294921875,1.0,0.03112182617187499,0.002048492431640625,0.00286102294921875,1.0,0.03112182617187499
PREFIX8,0,1024,correct,Q1,E11,CLEARLY_BELOW,7,7,0,7,0,7,0,0,,1.0,0.0,,,0.0,0.0,0.0,0.0,-5.667550223214286e-05,0.0034310477120535715,1.0,0.029966517857142865,-5.667550223214286e-05,0.0034310477120535715,1.0,0.029966517857142865
PREFIX8,0,1024,correct,Q1,E11,IMMEDIATELY_ABOVE,9,6,2,4,0,4,0,2,0.0,1.0,0.0,1.0,0.5,0.005208333333333333,0.3333333333333333,0.3333333333333333,0.5555555555555556,0.0008968777126736111,0.004779391818576389,1.0,0.03128797743055556,0.0012257893880208333,0.004450480143229167,1.0,0.031174045138888898
PREFIX8,0,1024,correct,Q1,E11,IMMEDIATELY_BELOW,9,6,0,6,0,6,0,0,,1.0,0.0,,,0.052083333333333336,0.0,0.3333333333333333,0.8888888888888888,-0.0006798638237847222,0.0035688612196180555,1.0,0.034434678819444425,-0.0006798638237847222,0.0035688612196180555,1.0,0.034434678819444425
PREFIX8,0,1024,correct,Q1,E11,MODERATELY_ABOVE,10,10,6,4,0,4,0,6,0.0,1.0,0.0,1.0,0.5,0.0,0.6,0.0,0.3,-0.00073699951171875,0.00453338623046875,1.0,0.030756835937499984,-0.00073699951171875,0.00453338623046875,1.0,0.030756835937499984
PREFIX8,0,1024,correct,Q1,E11,MODERATELY_BELOW,9,9,0,9,0,9,0,0,,1.0,0.0,,,0.0,0.0,0.0,0.3333333333333333,0.00042555067274305556,0.004094441731770833,1.0,0.03976779513888889,0.00042555067274305556,0.004094441731770833,1.0,0.03976779513888889
PREFIX8,0,1024,correct,Q1,E11,OUTSIDE_ABOVE,18,18,17,1,0,1,0,17,0.0,1.0,0.0,1.0,0.5,0.0,0.9444444444444444,0.0,0.0,-0.00128936767578125,0.002381218804253472,0.9444444444444444,0.017111545138888868,-0.001751369900173611,0.0034535725911458335,1.0,0.03019748263888887
PREFIX8,0,1024,correct,Q1,E11,OUTSIDE_BELOW,11,11,0,11,0,11,0,0,,1.0,0.0,,,0.0,0.0,0.0,0.0,-0.00036898526278409093,0.0009515935724431819,1.0,0.006884765625000006,-0.00036898526278409093,0.0009515935724431819,1.0,0.006884765625000006
PREFIX8,0,1024,correct,Q2,E00,CLEARLY_ABOVE,10,10,8,2,0,2,0,8,0.0,1.0,0.0,1.0,0.5,0.2578125,0.8,0.0,0.0,0.023553466796875,0.1801361083984375,0.3,0.2774462890625001,0.04208221435546875,0.19866485595703126,0.4,0.2965087890625001
PREFIX8,0,1024,correct,Q2,E00,CLEARLY_BELOW,11,11,0,11,0,11,0,0,,1.0,0.0,,,0.5610795454545454,0.0,0.0,0.0,0.0290374755859375,0.21182944557883523,0.36363636363636365,0.38178267045454545,0.08884915438565341,0.27164112437855115,0.45454545454545453,0.4347656249999999
PREFIX8,0,1024,correct,Q2,E00,IMMEDIATELY_ABOVE,12,9,5,4,0,4,0,5,0.0,1.0,0.0,1.0,0.5,0.1753472222222222,0.5555555555555556,0.25,0.0,0.049229939778645836,0.2030970255533854,0.25,0.18092041015624996,0.07503509521484375,0.2003606160481771,0.4166666666666667,0.2798665364583333
PREFIX8,0,1024,correct,Q2,E00,IMMEDIATELY_BELOW,11,8,0,8,0,8,0,0,,1.0,0.0,,,0.6484375,0.0,0.2727272727272727,0.18181818181818182,0.0025010542436079545,0.17967778986150568,0.6363636363636364,0.5372647372159091,0.025272716175426136,0.19292241876775568,0.6363636363636364,0.5379128196022728
PREFIX8,0,1024,correct,Q2,E00,MODERATELY_ABOVE,13,13,9,4,0,4,0,9,0.0,1.0,0.0,1.0,0.5,0.22355769230769232,0.6923076923076923,0.0,0.0,0.005765474759615385,0.2044959435096154,0.3076923076923077,0.2706467848557692,0.026398878831129808,0.22512934758112982,0.38461538461538464,0.30519080528846154
PREFIX8,0,1024,correct,Q2,E00,MODERATELY_BELOW,10,10,0,10,0,10,0,0,,1.0,0.0,,,0.5140625,0.0,0.0,0.0,-0.0378326416015625,0.328570556640625,0.2,0.2349707031249999,-0.0255096435546875,0.3408935546875,0.2,0.2836669921874999
PREFIX8,0,1024,correct,Q2,E00,OUTSIDE_ABOVE,3,3,2,1,0,1,0,2,0.0,1.0,0.0,1.0,0.5,0.026041666666666668,0.6666666666666666,0.0,0.0,0.030848185221354168,0.0318756103515625,0.6666666666666666,0.055940755208333304,0.07694498697916667,0.07694498697916667,0.6666666666666666,0.250146484375
PREFIX8,0,1024,correct,Q2,E00,OUTSIDE_BELOW,11,11,0,11,0,11,0,0,,1.0,0.0,,,0.045454545454545456,0.0,0.0,0.18181818181818182,0.07652421431107954,0.07652421431107954,0.8181818181818182,0.00017311789772727677,0.07652421431107954,0.07652421431107954,0.8181818181818182,0.00017311789772727677
PREFIX8,0,1024,correct,Q2,E10,CLEARLY_ABOVE,10,10,8,2,0,2,0,8,0.0,1.0,0.0,1.0,0.5,0.071875,0.8,0.0,0.1,-0.005731201171875,0.0638763427734375,0.8,0.34211914062500004,0.00026092529296875,0.06681060791015625,0.8,0.378291015625
PREFIX8,0,1024,correct,Q2,E10,CLEARLY_BELOW,11,11,0,11,0,11,0,0,,1.0,0.0,,,0.16619318181818182,0.0,0.0,0.2727272727272727,-0.09309942072088068,0.13124639337713068,1.0,0.4487571022727273,-0.09942765669389204,0.16031299937855115,0.9090909090909091,0.5581676136363637
PREFIX8,0,1024,correct,Q2,E10,IMMEDIATELY_ABOVE,12,9,5,4,0,4,0,5,0.0,1.0,0.0,1.0,0.5,0.3177083333333333,0.5555555555555556,0.25,0.16666666666666666,-0.0771636962890625,0.12270355224609375,0.75,0.22737223307291662,-0.12481435139973958,0.1701202392578125,0.75,0.35582275390624996
PREFIX8,0,1024,correct,Q2,E10,IMMEDIATELY_BELOW,11,8,0,8,0,8,0,0,,1.0,0.0,,,0.365234375,0.0,0.2727272727272727,0.09090909090909091,-0.016453136097301136,0.12066234241832387,0.7272727272727273,0.46368075284090904,-0.013157237659801136,0.1248016357421875,0.8181818181818182,0.49590731534090904
PREFIX8,0,1024,correct,Q2,E10,MODERATELY_ABOVE,13,13,9,4,0,4,0,9,0.0,1.0,0.0,1.0,0.5,0.14423076923076922,0.6923076923076923,0.0,0.15384615384615385,-0.006901667668269231,0.09954129732572116,0.9230769230769231,0.27026742788461533,-0.027697049654447116,0.12033667931189904,0.9230769230769231,0.3615835336538461
PREFIX8,0,1024,correct,Q2,E10,MODERATELY_BELOW,10,10,0,10,0,10,0,0,,1.0,0.0,,,0.1125,0.0,0.0,0.0,-0.2143341064453125,0.2374237060546875,0.8,0.4350195312499999,-0.2083343505859375,0.2425537109375,0.8,0.49127441406249994
PREFIX8,0,1024,correct,Q2,E10,OUTSIDE_ABOVE,3,3,2,1,0,1,0,2,0.0,1.0,0.0,1.0,0.5,0.005208333333333333,0.6666666666666666,0.0,0.0,0.0148162841796875,0.0148162841796875,0.6666666666666666,0.012044270833333296,0.0726318359375,0.0726318359375,0.3333333333333333,0.12114257812499996
PREFIX8,0,1024,correct,Q2,E10,OUTSIDE_BELOW,11,11,0,11,0,11,0,0,,1.0,0.0,,,0.0,0.0,0.0,0.0,-0.018058083274147728,0.018058083274147728,0.9090909090909091,0.030215731534090906,-0.018058083274147728,0.018058083274147728,0.9090909090909091,0.030215731534090906
PREFIX8,0,1024,correct,Q2,E01,CLEARLY_ABOVE,10,10,8,2,0,2,0,8,0.0,1.0,0.0,1.0,0.5,0.41875,0.8,0.0,0.0,-0.084490966796875,0.258062744140625,0.1,0.18065917968749995,-0.06439971923828125,0.27815399169921873,0.1,0.19008300781249995
PREFIX8,0,1024,correct,Q2,E01,CLEARLY_BELOW,11,11,0,11,0,11,0,0,,1.0,0.0,,,0.6292613636363636,0.0,0.0,0.0,-0.016583529385653408,0.3059900457208807,0.09090909090909091,0.10960582386363636,0.04738963734019886,0.36996321244673297,0.09090909090909091,0.13960404829545456
PREFIX8,0,1024,correct,Q2,E01,IMMEDIATELY_ABOVE,12,9,5,4,0,4,0,5,0.0,1.0,0.0,1.0,0.5,0.16666666666666666,0.5555555555555556,0.25,0.0,0.0646514892578125,0.2153447469075521,0.16666666666666666,0.13716227213541665,0.12253061930338542,0.2433802286783854,0.16666666666666666,0.14334716796875002
PREFIX8,0,1024,correct,Q2,E01,IMMEDIATELY_BELOW,11,8,0,8,0,8,0,0,,1.0,0.0,,,0.482421875,0.0,0.2727272727272727,0.0,-0.15441478382457385,0.3217371160333807,0.36363636363636365,0.29681285511363636,-0.13236444646661932,0.3437874533913352,0.2727272727272727,0.30154918323863633
PREFIX8,0,1024,correct,Q2,E01,MODERATELY_ABOVE,13,13,9,4,0,4,0,9,0.0,1.0,0.0,1.0,0.5,0.33653846153846156,0.6923076923076923,0.0,0.07692307692307693,-0.07359900841346154,0.2681931715745192,0.23076923076923078,0.17474459134615386,-0.042955838716947116,0.29883634127103365,0.15384615384615385,0.1823955829326923
PREFIX8,0,1024,correct,Q2,E01,MODERATELY_BELOW,10,10,0,10,0,10,0,0,,1.0,0.0,,,0.521875,0.0,0.0,0.0,0.0462982177734375,0.260772705078125,0.2,0.21218261718749995,0.0618316650390625,0.27630615234375,0.2,0.23692871093749995
PREFIX8,0,1024,correct,Q2,E01,OUTSIDE_ABOVE,3,3,2,1,0,1,0,2,0.0,1.0,0.0,1.0,0.5,0.046875,0.6666666666666666,0.0,0.0,0.027348836263020832,0.027348836263020832,0.6666666666666666,0.07275390625,0.048502604166666664,0.048502604166666664,1.0,0.2596516927083333
PREFIX8,0,1024,correct,Q2,E01,OUTSIDE_BELOW,11,11,0,11,0,11,0,0,,1.0,0.0,,,0.045454545454545456,0.0,0.0,0.18181818181818182,0.07655750621448863,0.07655750621448863,0.8181818181818182,0.0,0.07655750621448863,0.07655750621448863,0.8181818181818182,0.0
PREFIX8,0,1024,correct,Q2,E11,CLEARLY_ABOVE,10,10,8,2,0,2,0,8,0.0,1.0,0.0,1.0,0.5,0.0,0.8,0.0,0.0,0.001458740234375,0.0024688720703125,1.0,0.027900390624999993,0.00164031982421875,0.00259857177734375,1.0,0.028745117187499992
PREFIX8,0,1024,correct,Q2,E11,CLEARLY_BELOW,11,11,0,11,0,11,0,0,,1.0,0.0,,,0.0,0.0,0.0,0.0,-0.0003259832208806818,0.0032639936967329545,1.0,0.025159801136363635,-0.001238736239346591,0.0033860640092329545,1.0,0.02849343039772728
PREFIX8,0,1024,correct,Q2,E11,IMMEDIATELY_ABOVE,12,9,5,4,0,4,0,5,0.0,1.0,0.0,1.0,0.5,0.09375,0.5555555555555556,0.25,0.6666666666666666,0.0009206136067708334,0.0034968058268229165,1.0,0.02801513671874999,0.0004399617513020833,0.004229227701822917,1.0,0.03435872395833333
PREFIX8,0,1024,correct,Q2,E11,IMMEDIATELY_BELOW,11,8,0,8,0,8,0,0,,1.0,0.0,,,0.046875,0.0,0.2727272727272727,0.9090909090909091,-0.001604947176846591,0.003968672318892045,1.0,0.03291459517045452,-0.001727017489346591,0.004090742631392045,1.0,0.034264026988636336
PREFIX8,0,1024,correct,Q2,E11,MODERATELY_ABOVE,13,13,9,4,0,4,0,9,0.0,1.0,0.0,1.0,0.5,0.001201923076923077,0.6923076923076923,0.0,0.23076923076923078,-0.0015399639423076923,0.004683274489182692,0.9230769230769231,0.029450871394230756,-0.00041902982271634613,0.004240769606370192,1.0,0.031892277644230756
PREFIX8,0,1024,correct,Q2,E11,MODERATELY_BELOW,10,10,0,10,0,10,0,0,,1.0,0.0,,,0.0,0.0,0.0,0.3,0.0004486083984375,0.0037506103515625,1.0,0.03646972656249999,0.0003692626953125,0.00369873046875,1.0,0.03822265625
PREFIX8,0,1024,correct,Q2,E11,OUTSIDE_ABOVE,3,3,2,1,0,1,0,2,0.0,1.0,0.0,1.0,0.5,0.0,0.6666666666666666,0.0,0.0,0.0007781982421875,0.0008290608723958334,1.0,0.007389322916666645,-0.00048828125,0.004109700520833333,1.0,0.023779296874999984
PREFIX8,0,1024,correct,Q2,E11,OUTSIDE_BELOW,11,11,0,11,0,11,0,0,,1.0,0.0,,,0.0,0.0,0.0,0.0,-0.00036898526278409093,0.0009515935724431819,1.0,0.006884765625000006,-0.00036898526278409093,0.0009515935724431819,1.0,0.006884765625000006
PREFIX8,0,1024,hemlock_extra_hazard_0.12,Q1,E00,CLEARLY_ABOVE,3,3,3,0,0,0,0,3,0.0,,,1.0,,0.010416666666666666,1.0,0.0,0.0,0.054239908854166664,0.068939208984375,0.6666666666666666,0.44326171875000003,0.3911997477213542,0.3911997477213542,0.6666666666666666,0.4567057291666667
PREFIX8,0,1024,hemlock_extra_hazard_0.12,Q1,E00,CLEARLY_BELOW,0,0,0,0,0,0,0,0,,,,,,,,,,,,,,,,,
PREFIX8,0,1024,hemlock_extra_hazard_0.12,Q1,E00,IMMEDIATELY_ABOVE,0,0,0,0,0,0,0,0,,,,,,,,,,,,,,,,,
PREFIX8,0,1024,hemlock_extra_hazard_0.12,Q1,E00,IMMEDIATELY_BELOW,1,1,0,1,0,1,0,0,,1.0,0.0,,,0.5625,0.0,0.0,0.0,0.0543670654296875,0.0543670654296875,1.0,0.777587890625,0.251434326171875,0.251434326171875,1.0,0.777587890625
PREFIX8,0,1024,hemlock_extra_hazard_0.12,Q1,E00,MODERATELY_ABOVE,1,1,1,0,0,0,0,1,0.0,,,1.0,,0.0,1.0,0.0,0.0,0.1982421875,0.1982421875,0.0,0.03330078125000002,0.7314300537109375,0.7314300537109375,0.0,0.042187500000000044
PREFIX8,0,1024,hemlock_extra_hazard_0.12,Q1,E00,MODERATELY_BELOW,0,0,0,0,0,0,0,0,,,,,,,,,,,,,,,,,
PREFIX8,0,1024,hemlock_extra_hazard_0.12,Q1,E00,OUTSIDE_ABOVE,13,13,13,0,0,0,0,13,0.0,,,1.0,,0.001201923076923077,1.0,0.0,0.0,0.0637218768780048,0.08425081693209134,0.07692307692307693,0.06687950721153846,0.7045546311598557,0.7045546311598557,0.07692307692307693,0.3312913161057693
PREFIX8,0,1024,hemlock_extra_hazard_0.12,Q1,E00,OUTSIDE_BELOW,63,63,0,63,0,63,0,0,,1.0,0.0,,,0.41964285714285715,0.0,0.0,0.06349206349206349,0.6601795014880952,0.6601795014880952,0.2698412698412698,0.2870279947916667,0.6601795014880952,0.6601795014880952,0.2698412698412698,0.2870279947916667
PREFIX8,0,1024,hemlock_extra_hazard_0.12,Q1,E10,CLEARLY_ABOVE,3,3,3,0,0,0,0,3,0.0,,,1.0,,0.005208333333333333,1.0,0.0,0.0,0.0031331380208333335,0.023935953776041668,1.0,0.08030598958333335,0.2421112060546875,0.2421112060546875,0.0,0.23515625000000004
PREFIX8,0,1024,hemlock_extra_hazard_0.12,Q1,E10,CLEARLY_BELOW,0,0,0,0,0,0,0,0,,,,,,,,,,,,,,,,,
PREFIX8,0,1024,hemlock_extra_hazard_0.12,Q1,E10,IMMEDIATELY_ABOVE,0,0,0,0,0,0,0,0,,,,,,,,,,,,,,,,,
PREFIX8,0,1024,hemlock_extra_hazard_0.12,Q1,E10,IMMEDIATELY_BELOW,1,1,0,1,0,1,0,0,,1.0,0.0,,,0.140625,0.0,0.0,1.0,-0.0146026611328125,0.0146026611328125,1.0,0.12338867187499991,0.016937255859375,0.016937255859375,1.0,0.362451171875
PREFIX8,0,1024,hemlock_extra_hazard_0.12,Q1,E10,MODERATELY_ABOVE,1,1,1,0,0,0,0,1,0.0,,,1.0,,0.0,1.0,0.0,0.0,0.0941162109375,0.0941162109375,0.0,0.07670898437499996,0.5641937255859375,0.5641937255859375,0.0,0.20419921875000002
PREFIX8,0,1024,hemlock_extra_hazard_0.12,Q1,E10,MODERATELY_BELOW,0,0,0,0,0,0,0,0,,,,,,,,,,,,,,,,,
PREFIX8,0,1024,hemlock_extra_hazard_0.12,Q1,E10,OUTSIDE_ABOVE,13,13,13,0,0,0,0,13,0.0,,,1.0,,0.001201923076923077,1.0,0.0,0.0,0.0316925048828125,0.035760732797475964,0.5384615384615384,0.05926983173076923,0.5192425067608173,0.5192425067608173,0.23076923076923078,0.42134540264423076
PREFIX8,0,1024,hemlock_extra_hazard_0.12,Q1,E10,OUTSIDE_BELOW,63,63,0,63,0,63,0,0,,1.0,0.0,,,0.20362103174603174,0.0,0.0,0.07936507936507936,0.5707039000496031,0.5707039000496031,0.23809523809523808,0.36836712549603173,0.5707039000496031,0.5707039000496031,0.23809523809523808,0.36836712549603173
PREFIX8,0,1024,hemlock_extra_hazard_0.12,Q1,E01,CLEARLY_ABOVE,3,3,3,0,0,0,0,3,0.0,,,1.0,,0.010416666666666666,1.0,0.0,0.0,0.0703125,0.0703125,0.6666666666666666,0.383740234375,0.4065806070963542,0.4065806070963542,0.3333333333333333,0.4016764322916666
PREFIX8,0,1024,hemlock_extra_hazard_0.12,Q1,E01,CLEARLY_BELOW,0,0,0,0,0,0,0,0,,,,,,,,,,,,,,,,,
PREFIX8,0,1024,hemlock_extra_hazard_0.12,Q1,E01,IMMEDIATELY_ABOVE,0,0,0,0,0,0,0,0,,,,,,,,,,,,,,,,,
PREFIX8,0,1024,hemlock_extra_hazard_0.12,Q1,E01,IMMEDIATELY_BELOW,1,1,0,1,0,1,0,0,,1.0,0.0,,,0.5625,0.0,0.0,0.0,0.1224822998046875,0.1224822998046875,1.0,0.51474609375,0.287078857421875,0.287078857421875,1.0,0.57353515625
PREFIX8,0,1024,hemlock_extra_hazard_0.12,Q1,E01,MODERATELY_ABOVE,1,1,1,0,0,0,0,1,0.0,,,1.0,,0.0,1.0,0.0,0.0,0.1990966796875,0.1990966796875,0.0,0.030371093750000022,0.7304534912109375,0.7304534912109375,0.0,0.038378906249999956
PREFIX8,0,1024,hemlock_extra_hazard_0.12,Q1,E01,MODERATELY_BELOW,0,0,0,0,0,0,0,0,,,,,,,,,,,,,,,,,
PREFIX8,0,1024,hemlock_extra_hazard_0.12,Q1,E01,OUTSIDE_ABOVE,13,13,13,0,0,0,0,13,0.0,,,1.0,,0.004807692307692308,1.0,0.0,0.0,0.06363736666165866,0.08536822979266827,0.07692307692307693,0.06556490384615384,0.747711181640625,0.747711181640625,0.0,0.16845327524038461
PREFIX8,0,1024,hemlock_extra_hazard_0.12,Q1,E01,OUTSIDE_BELOW,63,63,0,63,0,63,0,0,,1.0,0.0,,,0.3705357142857143,0.0,0.0,0.047619047619047616,0.6055772569444444,0.6055772569444444,0.1746031746031746,0.1585115947420635,0.6055772569444444,0.6055772569444444,0.1746031746031746,0.1585115947420635
PREFIX8,0,1024,hemlock_extra_hazard_0.12,Q1,E11,CLEARLY_ABOVE,3,3,3,0,0,0,0,3,0.0,,,1.0,,0.0,1.0,0.0,0.0,0.017903645833333332,0.017903645833333332,0.3333333333333333,0.033121744791666664,0.2495574951171875,0.2495574951171875,0.0,0.03785807291666665
PREFIX8,0,1024,hemlock_extra_hazard_0.12,Q1,E11,CLEARLY_BELOW,0,0,0,0,0,0,0,0,,,,,,,,,,,,,,,,,
PREFIX8,0,1024,hemlock_extra_hazard_0.12,Q1,E11,IMMEDIATELY_ABOVE,0,0,0,0,0,0,0,0,,,,,,,,,,,,,,,,,
PREFIX8,0,1024,hemlock_extra_hazard_0.12,Q1,E11,IMMEDIATELY_BELOW,1,1,0,1,0,1,0,0,,1.0,0.0,,,0.765625,0.0,0.0,1.0,0.0151824951171875,0.0151824951171875,0.0,0.019824218749999956,0.154022216796875,0.154022216796875,0.0,0.018798828125
PREFIX8,0,1024,hemlock_extra_hazard_0.12,Q1,E11,MODERATELY_ABOVE,1,1,1,0,0,0,0,1,0.0,,,1.0,,0.0,1.0,0.0,0.0,0.0625,0.0625,0.0,0.02197265625,0.3945159912109375,0.3945159912109375,0.0,0.024072265624999978
PREFIX8,0,1024,hemlock_extra_hazard_0.12,Q1,E11,MODERATELY_BELOW,0,0,0,0,0,0,0,0,,,,,,,,,,,,,,,,,
PREFIX8,0,1024,hemlock_extra_hazard_0.12,Q1,E11,OUTSIDE_ABOVE,13,13,13,0,0,0,0,13,0.0,,,1.0,,0.0,1.0,0.0,0.0,0.04247225247896635,0.04247225247896635,0.0,0.012928185096153823,0.5784466083233173,0.5784466083233173,0.0,0.029792668269230754
PREFIX8,0,1024,hemlock_extra_hazard_0.12,Q1,E11,OUTSIDE_BELOW,63,63,0,63,0,63,0,0,,1.0,0.0,,,0.23983134920634921,0.0,0.0,0.2857142857142857,0.6402297247023809,0.6402297247023809,0.14285714285714285,0.028416418650793647,0.6402297247023809,0.6402297247023809,0.14285714285714285,0.028416418650793647
PREFIX8,0,1024,hemlock_extra_hazard_0.12,Q2,E00,CLEARLY_ABOVE,0,0,0,0,0,0,0,0,,,,,,,,,,,,,,,,,
PREFIX8,0,1024,hemlock_extra_hazard_0.12,Q2,E00,CLEARLY_BELOW,0,0,0,0,0,0,0,0,,,,,,,,,,,,,,,,,
PREFIX8,0,1024,hemlock_extra_hazard_0.12,Q2,E00,IMMEDIATELY_ABOVE,0,0,0,0,0,0,0,0,,,,,,,,,,,,,,,,,
PREFIX8,0,1024,hemlock_extra_hazard_0.12,Q2,E00,IMMEDIATELY_BELOW,0,0,0,0,0,0,0,0,,,,,,,,,,,,,,,,,
PREFIX8,0,1024,hemlock_extra_hazard_0.12,Q2,E00,MODERATELY_ABOVE,0,0,0,0,0,0,0,0,,,,,,,,,,,,,,,,,
PREFIX8,0,1024,hemlock_extra_hazard_0.12,Q2,E00,MODERATELY_BELOW,0,0,0,0,0,0,0,0,,,,,,,,,,,,,,,,,
PREFIX8,0,1024,hemlock_extra_hazard_0.12,Q2,E00,OUTSIDE_ABOVE,0,0,0,0,0,0,0,0,,,,,,,,,,,,,,,,,
PREFIX8,0,1024,hemlock_extra_hazard_0.12,Q2,E00,OUTSIDE_BELOW,81,81,0,81,0,81,0,0,,1.0,0.0,,,0.5075231481481481,0.0,0.0,0.04938271604938271,0.5288274317611883,0.532666618441358,0.25925925925925924,0.26040581597222223,0.6531726224922839,0.6531726224922839,0.25925925925925924,0.3034499180169753
PREFIX8,0,1024,hemlock_extra_hazard_0.12,Q2,E10,CLEARLY_ABOVE,0,0,0,0,0,0,0,0,,,,,,,,,,,,,,,,,
PREFIX8,0,1024,hemlock_extra_hazard_0.12,Q2,E10,CLEARLY_BELOW,0,0,0,0,0,0,0,0,,,,,,,,,,,,,,,,,
PREFIX8,0,1024,hemlock_extra_hazard_0.12,Q2,E10,IMMEDIATELY_ABOVE,0,0,0,0,0,0,0,0,,,,,,,,,,,,,,,,,
PREFIX8,0,1024,hemlock_extra_hazard_0.12,Q2,E10,IMMEDIATELY_BELOW,0,0,0,0,0,0,0,0,,,,,,,,,,,,,,,,,
PREFIX8,0,1024,hemlock_extra_hazard_0.12,Q2,E10,MODERATELY_ABOVE,0,0,0,0,0,0,0,0,,,,,,,,,,,,,,,,,
PREFIX8,0,1024,hemlock_extra_hazard_0.12,Q2,E10,MODERATELY_BELOW,0,0,0,0,0,0,0,0,,,,,,,,,,,,,,,,,
PREFIX8,0,1024,hemlock_extra_hazard_0.12,Q2,E10,OUTSIDE_ABOVE,0,0,0,0,0,0,0,0,,,,,,,,,,,,,,,,,
PREFIX8,0,1024,hemlock_extra_hazard_0.12,Q2,E10,OUTSIDE_BELOW,81,81,0,81,0,81,0,0,,1.0,0.0,,,0.24344135802469136,0.0,0.0,0.1111111111111111,0.45006495346257713,0.45184891312210645,0.32098765432098764,0.30146484375,0.5433575665509259,0.5433575665509259,0.2345679012345679,0.36983627507716044
PREFIX8,0,1024,hemlock_extra_hazard_0.12,Q2,E01,CLEARLY_ABOVE,0,0,0,0,0,0,0,0,,,,,,,,,,,,,,,,,
PREFIX8,0,1024,hemlock_extra_hazard_0.12,Q2,E01,CLEARLY_BELOW,0,0,0,0,0,0,0,0,,,,,,,,,,,,,,,,,
PREFIX8,0,1024,hemlock_extra_hazard_0.12,Q2,E01,IMMEDIATELY_ABOVE,0,0,0,0,0,0,0,0,,,,,,,,,,,,,,,,,
PREFIX8,0,1024,hemlock_extra_hazard_0.12,Q2,E01,IMMEDIATELY_BELOW,0,0,0,0,0,0,0,0,,,,,,,,,,,,,,,,,
PREFIX8,0,1024,hemlock_extra_hazard_0.12,Q2,E01,MODERATELY_ABOVE,0,0,0,0,0,0,0,0,,,,,,,,,,,,,,,,,
PREFIX8,0,1024,hemlock_extra_hazard_0.12,Q2,E01,MODERATELY_BELOW,0,0,0,0,0,0,0,0,,,,,,,,,,,,,,,,,
PREFIX8,0,1024,hemlock_extra_hazard_0.12,Q2,E01,OUTSIDE_ABOVE,0,0,0,0,0,0,0,0,,,,,,,,,,,,,,,,,
PREFIX8,0,1024,hemlock_extra_hazard_0.12,Q2,E01,OUTSIDE_BELOW,81,81,0,81,0,81,0,0,,1.0,0.0,,,0.47511574074074076,0.0,0.0,0.037037037037037035,0.48779221522955246,0.49127988462094907,0.18518518518518517,0.15475200135030862,0.618628231095679,0.618628231095679,0.16049382716049382,0.17275390625
PREFIX8,0,1024,hemlock_extra_hazard_0.12,Q2,E11,CLEARLY_ABOVE,0,0,0,0,0,0,0,0,,,,,,,,,,,,,,,,,
PREFIX8,0,1024,hemlock_extra_hazard_0.12,Q2,E11,CLEARLY_BELOW,0,0,0,0,0,0,0,0,,,,,,,,,,,,,,,,,
PREFIX8,0,1024,hemlock_extra_hazard_0.12,Q2,E11,IMMEDIATELY_ABOVE,0,0,0,0,0,0,0,0,,,,,,,,,,,,,,,,,
PREFIX8,0,1024,hemlock_extra_hazard_0.12,Q2,E11,IMMEDIATELY_BELOW,0,0,0,0,0,0,0,0,,,,,,,,,,,,,,,,,
PREFIX8,0,1024,hemlock_extra_hazard_0.12,Q2,E11,MODERATELY_ABOVE,0,0,0,0,0,0,0,0,,,,,,,,,,,,,,,,,
PREFIX8,0,1024,hemlock_extra_hazard_0.12,Q2,E11,MODERATELY_BELOW,0,0,0,0,0,0,0,0,,,,,,,,,,,,,,,,,
PREFIX8,0,1024,hemlock_extra_hazard_0.12,Q2,E11,OUTSIDE_ABOVE,0,0,0,0,0,0,0,0,,,,,,,,,,,,,,,,,
PREFIX8,0,1024,hemlock_extra_hazard_0.12,Q2,E11,OUTSIDE_BELOW,81,81,0,81,0,81,0,0,,1.0,0.0,,,0.29031635802469136,0.0,0.0,0.2962962962962963,0.5063951280381944,0.5063951280381944,0.12345679012345678,0.02591929494598765,0.6068085093557098,0.6068085093557098,0.1111111111111111,0.02881462191358024
PREFIX8,0,1024,entry_lognormal_annual_sd_1.2,Q1,E00,CLEARLY_ABOVE,10,10,9,1,0,1,0,9,0.0,1.0,0.0,1.0,0.5,0.1609375,0.9,0.0,0.0,0.0150970458984375,0.170928955078125,0.5,0.40911621093750006,0.0903656005859375,0.246197509765625,0.5,0.41314941406249994
PREFIX8,0,1024,entry_lognormal_annual_sd_1.2,Q1,E00,CLEARLY_BELOW,7,7,0,7,0,7,0,0,,1.0,0.0,,,0.45982142857142855,0.0,0.0,0.0,0.0097198486328125,0.2976313999720982,0.42857142857142855,0.4841029575892857,0.0097198486328125,0.2976313999720982,0.42857142857142855,0.4841029575892857
PREFIX8,0,1024,entry_lognormal_annual_sd_1.2,Q1,E00,IMMEDIATELY_ABOVE,8,6,2,4,0,4,0,2,0.0,1.0,0.0,1.0,0.5,0.24739583333333334,0.3333333333333333,0.25,0.0,0.07479667663574219,0.26238059997558594,0.25,0.173138427734375,0.07479667663574219,0.26238059997558594,0.25,0.173138427734375
PREFIX8,0,1024,entry_lognormal_annual_sd_1.2,Q1,E00,IMMEDIATELY_BELOW,9,7,0,7,0,7,0,0,,1.0,0.0,,,0.4107142857142857,0.0,0.2222222222222222,0.2222222222222222,-0.021284315321180556,0.18052164713541666,0.7777777777777778,0.646484375,-3.899468315972222e-05,0.2017669677734375,0.7777777777777778,0.646484375
PREFIX8,0,1024,entry_lognormal_annual_sd_1.2,Q1,E00,MODERATELY_ABOVE,12,12,7,5,0,5,0,7,0.0,1.0,0.0,1.0,0.5,0.3229166666666667,0.5833333333333334,0.0,0.0,0.035397847493489586,0.25027211507161456,0.25,0.24229736328124998,0.06116612752278646,0.27604039510091144,0.25,0.2430379231770833
PREFIX8,0,1024,entry_lognormal_annual_sd_1.2,Q1,E00,MODERATELY_BELOW,10,10,0,10,0,10,0,0,,1.0,0.0,,,0.5578125,0.0,0.0,0.0,-0.01180267333984375,0.35355377197265625,0.1,0.2474218749999999,-0.01180267333984375,0.35355377197265625,0.1,0.2474218749999999
PREFIX8,0,1024,entry_lognormal_annual_sd_1.2,Q1,E00,OUTSIDE_ABOVE,14,14,13,1,0,1,0,13,0.0,1.0,0.0,1.0,0.5,0.005580357142857143,0.9285714285714286,0.0,0.0,0.032867431640625,0.05640302385602679,0.2857142857142857,0.07327357700892856,0.1706205095563616,0.1706205095563616,0.5714285714285714,0.31879882812499993
PREFIX8,0,1024,entry_lognormal_annual_sd_1.2,Q1,E00,OUTSIDE_BELOW,11,11,0,11,0,11,0,0,,1.0,0.0,,,0.045454545454545456,0.0,0.0,0.18181818181818182,0.07679609818892046,0.07679609818892046,0.8181818181818182,0.00017311789772727677,0.07679609818892046,0.07679609818892046,0.8181818181818182,0.00017311789772727677
PREFIX8,0,1024,entry_lognormal_annual_sd_1.2,Q1,E10,CLEARLY_ABOVE,10,10,9,1,0,1,0,9,0.0,1.0,0.0,1.0,0.5,0.0671875,0.9,0.0,0.1,-0.0017608642578125,0.06470947265625,0.8,0.349189453125,0.0441131591796875,0.1102752685546875,0.7,0.39564453125
PREFIX8,0,1024,entry_lognormal_annual_sd_1.2,Q1,E10,CLEARLY_BELOW,7,7,0,7,0,7,0,0,,1.0,0.0,,,0.12276785714285714,0.0,0.0,0.2857142857142857,-0.14314705984933035,0.1898651123046875,1.0,0.6557826450892856,-0.14314705984933035,0.1898651123046875,1.0,0.6557826450892856
PREFIX8,0,1024,entry_lognormal_annual_sd_1.2,Q1,E10,IMMEDIATELY_ABOVE,8,6,2,4,0,4,0,2,0.0,1.0,0.0,1.0,0.5,0.09635416666666667,0.3333333333333333,0.25,0.125,-0.10286140441894531,0.1702556610107422,0.75,0.29477539062499997,-0.10286140441894531,0.1702556610107422,0.75,0.29477539062499997
PREFIX8,0,1024,entry_lognormal_annual_sd_1.2,Q1,E10,IMMEDIATELY_BELOW,9,7,0,7,0,7,0,0,,1.0,0.0,,,0.3549107142857143,0.0,0.2222222222222222,0.2222222222222222,-0.016143798828125,0.13718668619791666,0.7777777777777778,0.5022135416666667,-0.0132904052734375,0.13641866048177084,0.7777777777777778,0.5287760416666666
PREFIX8,0,1024,entry_lognormal_annual_sd_1.2,Q1,E10,MODERATELY_ABOVE,12,12,7,5,0,5,0,7,0.0,1.0,0.0,1.0,0.5,0.09765625,0.5833333333333334,0.0,0.0,0.009824117024739584,0.11509195963541667,0.8333333333333334,0.28937174479166666,0.030333201090494793,0.13560104370117188,0.8333333333333334,0.2999959309895833
PREFIX8,0,1024,entry_lognormal_annual_sd_1.2,Q1,E10,MODERATELY_BELOW,10,10,0,10,0,10,0,0,,1.0,0.0,,,0.1296875,0.0,0.0,0.0,-0.20713958740234376,0.24244842529296876,0.7,0.4848925781249999,-0.20713958740234376,0.24244842529296876,0.7,0.4848925781249999
PREFIX8,0,1024,entry_lognormal_annual_sd_1.2,Q1,E10,OUTSIDE_ABOVE,14,14,13,1,0,1,0,13,0.0,1.0,0.0,1.0,0.5,0.0011160714285714285,0.9285714285714286,0.0,0.0,-0.00037928989955357144,0.018652779715401784,0.7857142857142857,0.05745675223214285,-0.004960196358816964,0.11750248500279017,0.7142857142857143,0.3936697823660715
PREFIX8,0,1024,entry_lognormal_annual_sd_1.2,Q1,E10,OUTSIDE_BELOW,11,11,0,11,0,11,0,0,,1.0,0.0,,,0.0,0.0,0.0,0.0,-0.01778619939630682,0.01778619939630682,0.9090909090909091,0.030215731534090906,-0.01778619939630682,0.01778619939630682,0.9090909090909091,0.030215731534090906
PREFIX8,0,1024,entry_lognormal_annual_sd_1.2,Q1,E01,CLEARLY_ABOVE,10,10,9,1,0,1,0,9,0.0,1.0,0.0,1.0,0.5,0.321875,0.9,0.0,0.0,-0.0880035400390625,0.253704833984375,0.3,0.2939306640625,-0.0129425048828125,0.328765869140625,0.2,0.29931152343749995
PREFIX8,0,1024,entry_lognormal_annual_sd_1.2,Q1,E01,CLEARLY_BELOW,7,7,0,7,0,7,0,0,,1.0,0.0,,,0.5379464285714286,0.0,0.0,0.0,-0.07178824288504464,0.43578011648995535,0.0,0.09418247767857142,-0.07178824288504464,0.43578011648995535,0.0,0.09418247767857142
PREFIX8,0,1024,entry_lognormal_annual_sd_1.2,Q1,E01,IMMEDIATELY_ABOVE,8,6,2,4,0,4,0,2,0.0,1.0,0.0,1.0,0.5,0.2421875,0.3333333333333333,0.25,0.0,0.09837150573730469,0.27924156188964844,0.125,0.10862426757812499,0.09837150573730469,0.27924156188964844,0.125,0.10862426757812499
PREFIX8,0,1024,entry_lognormal_annual_sd_1.2,Q1,E01,IMMEDIATELY_BELOW,9,7,0,7,0,7,0,0,,1.0,0.0,,,0.21875,0.0,0.2222222222222222,0.0,-0.2050408257378472,0.3740607367621528,0.2222222222222222,0.32869466145833326,-0.18740336100260416,0.3916982014973958,0.2222222222222222,0.33522677951388885
PREFIX8,0,1024,entry_lognormal_annual_sd_1.2,Q1,E01,MODERATELY_ABOVE,12,12,7,5,0,5,0,7,0.0,1.0,0.0,1.0,0.5,0.4466145833333333,0.5833333333333334,0.0,0.08333333333333333,-0.05022430419921875,0.31846364339192706,0.08333333333333333,0.13612060546875002,-0.024608612060546875,0.34407933553059894,0.08333333333333333,0.13678792317708335
PREFIX8,0,1024,entry_lognormal_annual_sd_1.2,Q1,E01,MODERATELY_BELOW,10,10,0,10,0,10,0,0,,1.0,0.0,,,0.521875,0.0,0.0,0.0,0.06651763916015625,0.27994537353515625,0.3,0.24082031249999997,0.06651763916015625,0.27994537353515625,0.3,0.24082031249999997
PREFIX8,0,1024,entry_lognormal_annual_sd_1.2,Q1,E01,OUTSIDE_ABOVE,14,14,13,1,0,1,0,13,0.0,1.0,0.0,1.0,0.5,0.008928571428571428,0.9285714285714286,0.0,0.0,0.031925746372767856,0.056370326450892856,0.21428571428571427,0.07624511718749998,0.20983123779296875,0.20983123779296875,0.2857142857142857,0.17178431919642853
PREFIX8,0,1024,entry_lognormal_annual_sd_1.2,Q1,E01,OUTSIDE_BELOW,11,11,0,11,0,11,0,0,,1.0,0.0,,,0.045454545454545456,0.0,0.0,0.18181818181818182,0.07682939009232954,0.07682939009232954,0.8181818181818182,0.0,0.07682939009232954,0.07682939009232954,0.8181818181818182,0.0
PREFIX8,0,1024,entry_lognormal_annual_sd_1.2,Q1,E11,CLEARLY_ABOVE,10,10,9,1,0,1,0,9,0.0,1.0,0.0,1.0,0.5,0.0,0.9,0.0,0.0,0.0124603271484375,0.01287841796875,0.8,0.032104492187499986,0.0561370849609375,0.05655517578125,0.7,0.033525390624999984
PREFIX8,0,1024,entry_lognormal_annual_sd_1.2,Q1,E11,CLEARLY_BELOW,7,7,0,7,0,7,0,0,,1.0,0.0,,,0.0,0.0,0.0,0.0,0.0015062604631696428,0.0027138846261160715,1.0,0.029966517857142865,0.0015062604631696428,0.0027138846261160715,1.0,0.029966517857142865
PREFIX8,0,1024,entry_lognormal_annual_sd_1.2,Q1,E11,IMMEDIATELY_ABOVE,8,6,2,4,0,4,0,2,0.0,1.0,0.0,1.0,0.5,0.044270833333333336,0.3333333333333333,0.25,0.5,0.0031719207763671875,0.0054187774658203125,1.0,0.03272094726562501,0.0031719207763671875,0.0054187774658203125,1.0,0.03272094726562501
PREFIX8,0,1024,entry_lognormal_annual_sd_1.2,Q1,E11,IMMEDIATELY_BELOW,9,7,0,7,0,7,0,0,,1.0,0.0,,,0.08035714285714286,0.0,0.2222222222222222,0.8888888888888888,0.003333197699652778,0.005971272786458333,0.8888888888888888,0.03194986979166665,0.018108791775173612,0.020746866861979168,0.8888888888888888,0.03183593749999999
PREFIX8,0,1024,entry_lognormal_annual_sd_1.2,Q1,E11,MODERATELY_ABOVE,12,12,7,5,0,5,0,7,0.0,1.0,0.0,1.0,0.5,0.0,0.5833333333333334,0.0,0.25,0.00763702392578125,0.011774698893229166,0.75,0.02973632812499999,0.016640981038411457,0.020778656005859375,0.75,0.029911295572916653
PREFIX8,0,1024,entry_lognormal_annual_sd_1.2,Q1,E11,MODERATELY_BELOW,10,10,0,10,0,10,0,0,,1.0,0.0,,,0.00625,0.0,0.0,0.4,0.00466461181640625,0.00586700439453125,0.9,0.04000976562499999,0.00466461181640625,0.00586700439453125,0.9,0.04000976562499999
PREFIX8,0,1024,entry_lognormal_annual_sd_1.2,Q1,E11,OUTSIDE_ABOVE,14,14,13,1,0,1,0,13,0.0,1.0,0.0,1.0,0.5,0.0,0.9285714285714286,0.0,0.0,0.006622314453125,0.006665910993303571,0.7857142857142857,0.01333356584821426,0.04700687953404018,0.04824066162109375,0.5,0.028993443080357124
PREFIX8,0,1024,entry_lognormal_annual_sd_1.2,Q1,E11,OUTSIDE_BELOW,11,11,0,11,0,11,0,0,,1.0,0.0,,,0.0,0.0,0.0,0.0,-9.710138494318181e-05,0.00016645951704545453,1.0,0.006884765625000006,-9.710138494318181e-05,0.00016645951704545453,1.0,0.006884765625000006
PREFIX8,0,1024,entry_lognormal_annual_sd_1.2,Q2,E00,CLEARLY_ABOVE,8,8,7,1,0,1,0,7,0.0,1.0,0.0,1.0,0.5,0.19921875,0.875,0.0,0.0,-0.007902145385742188,0.18725013732910156,0.5,0.34652099609375,-0.0002994537353515625,0.1944904327392578,0.5,0.40678710937499996
PREFIX8,0,1024,entry_lognormal_annual_sd_1.2,Q2,E00,CLEARLY_BELOW,10,10,0,10,0,10,0,0,,1.0,0.0,,,0.5546875,0.0,0.0,0.0,0.0004119873046875,0.2346099853515625,0.4,0.41138183593749994,0.06439361572265626,0.26593170166015623,0.5,0.46404296874999995
PREFIX8,0,1024,entry_lognormal_annual_sd_1.2,Q2,E00,IMMEDIATELY_ABOVE,10,7,3,4,0,4,0,3,0.0,1.0,0.0,1.0,0.5,0.21428571428571427,0.42857142857142855,0.3,0.0,0.06678619384765624,0.21685333251953126,0.2,0.140419921875,0.0868743896484375,0.2369415283203125,0.3,0.20898925781249997
PREFIX8,0,1024,entry_lognormal_annual_sd_1.2,Q2,E00,IMMEDIATELY_BELOW,8,7,0,7,0,7,0,0,,1.0,0.0,,,0.4107142857142857,0.0,0.125,0.25,-0.030529022216796875,0.196502685546875,0.75,0.630096435546875,-0.030529022216796875,0.196502685546875,0.75,0.630096435546875
PREFIX8,0,1024,entry_lognormal_annual_sd_1.2,Q2,E00,MODERATELY_ABOVE,12,12,7,5,0,5,0,7,0.0,1.0,0.0,1.0,0.5,0.32421875,0.5833333333333334,0.0,0.0,0.020886739095052082,0.2357610066731771,0.25,0.2401123046875,0.027375539143880207,0.24224980672200522,0.3333333333333333,0.26763509114583334
PREFIX8,0,1024,entry_lognormal_annual_sd_1.2,Q2,E00,MODERATELY_BELOW,13,13,0,13,0,13,0,0,,1.0,0.0,,,0.5925480769230769,0.0,0.0,0.0,0.001963688777043269,0.28300710824819714,0.15384615384615385,0.19836237980769222,0.024604210486778848,0.3056476299579327,0.23076923076923078,0.2879657451923076
PREFIX8,0,1024,entry_lognormal_annual_sd_1.2,Q2,E00,OUTSIDE_ABOVE,2,2,1,1,0,1,0,1,0.0,1.0,0.0,1.0,0.5,0.03125,0.5,0.0,0.0,0.048980712890625,0.048980712890625,0.5,0.07851562499999998,0.09185791015625,0.09185791015625,0.5,0.12875976562499997
PREFIX8,0,1024,entry_lognormal_annual_sd_1.2,Q2,E00,OUTSIDE_BELOW,18,18,0,18,0,18,0,0,,1.0,0.0,,,0.3567708333333333,0.0,0.0,0.1111111111111111,0.0832672119140625,0.0832672119140625,0.6666666666666666,0.11915690104166668,0.1844999525282118,0.1844999525282118,0.6666666666666666,0.1300754123263889
PREFIX8,0,1024,entry_lognormal_annual_sd_1.2,Q2,E10,CLEARLY_ABOVE,8,8,7,1,0,1,0,7,0.0,1.0,0.0,1.0,0.5,0.083984375,0.875,0.0,0.125,-0.009580612182617188,0.07312202453613281,0.875,0.406494140625,0.0029964447021484375,0.08569908142089844,0.875,0.43971557617187496
PREFIX8,0,1024,entry_lognormal_annual_sd_1.2,Q2,E10,CLEARLY_BELOW,10,10,0,10,0,10,0,0,,1.0,0.0,,,0.1453125,0.0,0.0,0.3,-0.1012237548828125,0.1360809326171875,1.0,0.4810546875,-0.10613861083984374,0.15153961181640624,1.0,0.6039794921875
PREFIX8,0,1024,entry_lognormal_annual_sd_1.2,Q2,E10,IMMEDIATELY_ABOVE,10,7,3,4,0,4,0,3,0.0,1.0,0.0,1.0,0.5,0.19196428571428573,0.42857142857142855,0.3,0.1,-0.08350677490234375,0.14028167724609375,0.7,0.24957519531249997,-0.0971221923828125,0.1666229248046875,0.8,0.3371630859375
PREFIX8,0,1024,entry_lognormal_annual_sd_1.2,Q2,E10,IMMEDIATELY_BELOW,8,7,0,7,0,7,0,0,,1.0,0.0,,,0.3549107142857143,0.0,0.125,0.125,-0.016124725341796875,0.1522979736328125,0.75,0.5495666503906249,-0.016124725341796875,0.1522979736328125,0.75,0.5495666503906249
PREFIX8,0,1024,entry_lognormal_annual_sd_1.2,Q2,E10,MODERATELY_ABOVE,12,12,7,5,0,5,0,7,0.0,1.0,0.0,1.0,0.5,0.13020833333333334,0.5833333333333334,0.0,0.0,0.00026702880859375,0.10910797119140625,0.9166666666666666,0.28979085286458334,-0.011483510335286459,0.12085851033528645,0.9166666666666666,0.32750244140625
PREFIX8,0,1024,entry_lognormal_annual_sd_1.2,Q2,E10,MODERATELY_BELOW,13,13,0,13,0,13,0,0,,1.0,0.0,,,0.14903846153846154,0.0,0.0,0.07692307692307693,-0.16428668682391828,0.19144733135516828,0.7692307692307693,0.39088792067307687,-0.18138474684495193,0.21763493464543268,0.6923076923076923,0.5028620793269231
PREFIX8,0,1024,entry_lognormal_annual_sd_1.2,Q2,E10,OUTSIDE_ABOVE,2,2,1,1,0,1,0,1,0.0,1.0,0.0,1.0,0.5,0.0,0.5,0.0,0.0,0.024017333984375,0.024017333984375,0.5,0.017578124999999944,0.0645751953125,0.0645751953125,0.0,0.048339843749999944
PREFIX8,0,1024,entry_lognormal_annual_sd_1.2,Q2,E10,OUTSIDE_BELOW,18,18,0,18,0,18,0,0,,1.0,0.0,,,0.1762152777777778,0.0,0.0,0.1111111111111111,-0.0002695719401041667,0.023451063368055556,0.7777777777777778,0.04831542968749999,0.05713314480251736,0.07887183295355903,0.7222222222222222,0.1148410373263889
PREFIX8,0,1024,entry_lognormal_annual_sd_1.2,Q2,E01,CLEARLY_ABOVE,8,8,7,1,0,1,0,7,0.0,1.0,0.0,1.0,0.5,0.400390625,0.875,0.0,0.0,-0.1426067352294922,0.2845287322998047,0.25,0.223828125,-0.13596534729003906,0.2911701202392578,0.25,0.2558837890625
PREFIX8,0,1024,entry_lognormal_annual_sd_1.2,Q2,E01,CLEARLY_BELOW,10,10,0,10,0,10,0,0,,1.0,0.0,,,0.6328125,0.0,0.0,0.0,-0.0574493408203125,0.3320709228515625,0.1,0.13949707031250003,0.01842193603515625,0.37371978759765623,0.1,0.14579101562499996
PREFIX8,0,1024,entry_lognormal_annual_sd_1.2,Q2,E01,IMMEDIATELY_ABOVE,10,7,3,4,0,4,0,3,0.0,1.0,0.0,1.0,0.5,0.20758928571428573,0.42857142857142855,0.3,0.0,0.08571929931640625,0.23041534423828125,0.1,0.08849121093749998,0.1229339599609375,0.2676300048828125,0.1,0.10143066406250001
PREFIX8,0,1024,entry_lognormal_annual_sd_1.2,Q2,E01,IMMEDIATELY_BELOW,8,7,0,7,0,7,0,0,,1.0,0.0,,,0.21875,0.0,0.125,0.0,-0.24576950073242188,0.4057197570800781,0.125,0.30543823242187496,-0.24576950073242188,0.4057197570800781,0.125,0.30543823242187496
PREFIX8,0,1024,entry_lognormal_annual_sd_1.2,Q2,E01,MODERATELY_ABOVE,12,12,7,5,0,5,0,7,0.0,1.0,0.0,1.0,0.5,0.4466145833333333,0.5833333333333334,0.0,0.08333333333333333,-0.06472524007161458,0.30396270751953125,0.08333333333333333,0.13396402994791667,-0.05075963338216146,0.3179283142089844,0.08333333333333333,0.14023437500000002
PREFIX8,0,1024,entry_lognormal_annual_sd_1.2,Q2,E01,MODERATELY_BELOW,13,13,0,13,0,13,0,0,,1.0,0.0,,,0.5985576923076923,0.0,0.0,0.0,0.0625293438251202,0.22670452411358172,0.23076923076923078,0.1921574519230769,0.10620351938100961,0.27037869966947115,0.23076923076923078,0.214111328125
PREFIX8,0,1024,entry_lognormal_annual_sd_1.2,Q2,E01,OUTSIDE_ABOVE,2,2,1,1,0,1,0,1,0.0,1.0,0.0,1.0,0.5,0.0625,0.5,0.0,0.0,0.042938232421875,0.042938232421875,0.5,0.10786132812499999,0.05224609375,0.05224609375,1.0,0.25998535156249997
PREFIX8,0,1024,entry_lognormal_annual_sd_1.2,Q2,E01,OUTSIDE_BELOW,18,18,0,18,0,18,0,0,,1.0,0.0,,,0.34375,0.0,0.0,0.1111111111111111,0.0897708468967014,0.0897708468967014,0.6666666666666666,0.09442003038194444,0.1880739000108507,0.1880739000108507,0.6111111111111112,0.11355794270833333
PREFIX8,0,1024,entry_lognormal_annual_sd_1.2,Q2,E11,CLEARLY_ABOVE,8,8,7,1,0,1,0,7,0.0,1.0,0.0,1.0,0.5,0.0,0.875,0.0,0.0,0.0026111602783203125,0.0031337738037109375,1.0,0.027911376953124983,0.0035915374755859375,0.0041141510009765625,1.0,0.030609130859374986
PREFIX8,0,1024,entry_lognormal_annual_sd_1.2,Q2,E11,CLEARLY_BELOW,10,10,0,10,0,10,0,0,,1.0,0.0,,,0.0453125,0.0,0.0,0.2,0.0024261474609375,0.0032745361328125,0.9,0.0248291015625,0.01301422119140625,0.01502532958984375,0.8,0.0317236328125
PREFIX8,0,1024,entry_lognormal_annual_sd_1.2,Q2,E11,IMMEDIATELY_ABOVE,10,7,3,4,0,4,0,3,0.0,1.0,0.0,1.0,0.5,0.046875,0.42857142857142855,0.3,0.5,0.00299224853515625,0.00478973388671875,1.0,0.029501953125,0.0103363037109375,0.0121337890625,0.9,0.030849609374999996
PREFIX8,0,1024,entry_lognormal_annual_sd_1.2,Q2,E11,IMMEDIATELY_BELOW,8,7,0,7,0,7,0,0,,1.0,0.0,,,0.08035714285714286,0.0,0.125,0.875,0.002063751220703125,0.005031585693359375,1.0,0.03346557617187498,0.002063751220703125,0.005031585693359375,1.0,0.03346557617187498
PREFIX8,0,1024,entry_lognormal_annual_sd_1.2,Q2,E11,MODERATELY_ABOVE,12,12,7,5,0,5,0,7,0.0,1.0,0.0,1.0,0.5,0.0,0.5833333333333334,0.0,0.25,0.0026677449544270835,0.006805419921875,0.8333333333333334,0.028580729166666652,0.0029207865397135415,0.007058461507161458,0.8333333333333334,0.03016357421874999
PREFIX8,0,1024,entry_lognormal_annual_sd_1.2,Q2,E11,MODERATELY_BELOW,13,13,0,13,0,13,0,0,,1.0,0.0,,,0.125,0.0,0.0,0.38461538461538464,0.004010714017427885,0.004980233999399038,0.9230769230769231,0.03517127403846153,0.014350304236778846,0.015275221604567308,0.7692307692307693,0.03867938701923076
PREFIX8,0,1024,entry_lognormal_annual_sd_1.2,Q2,E11,OUTSIDE_ABOVE,2,2,1,1,0,1,0,1,0.0,1.0,0.0,1.0,0.5,0.0,0.5,0.0,0.0,0.003143310546875,0.003143310546875,1.0,0.010278320312499978,0.00146484375,0.0042724609375,1.0,0.024072265624999978
PREFIX8,0,1024,entry_lognormal_annual_sd_1.2,Q2,E11,OUTSIDE_BELOW,18,18,0,18,0,18,0,0,,1.0,0.0,,,0.1015625,0.0,0.0,0.1111111111111111,0.013246324327256944,0.013407389322916666,0.6666666666666666,0.013576931423611112,0.06446414523654515,0.06462521023220485,0.6111111111111112,0.015706380208333332
PREFIX8,0,4096,correct,Q1,E00,CLEARLY_ABOVE,8,8,6,2,0,2,0,6,0.0,1.0,0.0,1.0,0.5,0.322265625,0.75,0.0,0.0,0.01645660400390625,0.21295547485351562,0.375,0.3417526245117188,0.01645660400390625,0.21295547485351562,0.375,0.3417526245117188
PREFIX8,0,4096,correct,Q1,E00,CLEARLY_BELOW,7,7,0,7,0,7,0,0,,1.0,0.0,,,0.45982142857142855,0.0,0.0,0.0,0.007603236607142857,0.295257568359375,0.42857142857142855,0.48113490513392854,0.007603236607142857,0.295257568359375,0.42857142857142855,0.48113490513392854
PREFIX8,0,4096,correct,Q1,E00,IMMEDIATELY_ABOVE,9,6,2,4,0,4,0,2,0.0,1.0,0.0,1.0,0.5,0.2578125,0.3333333333333333,0.3333333333333333,0.0,0.06812032063802083,0.23578050401475695,0.3333333333333333,0.24322645399305554,0.0749053955078125,0.2425655788845486,0.3333333333333333,0.24322645399305554
PREFIX8,0,4096,correct,Q1,E00,IMMEDIATELY_BELOW,9,6,0,6,0,6,0,0,,1.0,0.0,,,0.5703125,0.0,0.3333333333333333,0.2222222222222222,-0.005223592122395833,0.1994103325737847,0.6666666666666666,0.5788804796006944,-0.005223592122395833,0.1994103325737847,0.6666666666666666,0.5788804796006944
PREFIX8,0,4096,correct,Q1,E00,MODERATELY_ABOVE,10,10,6,4,0,4,0,6,0.0,1.0,0.0,1.0,0.5,0.2875,0.6,0.0,0.0,0.00020904541015625,0.25763702392578125,0.3,0.28751708984375,0.00020904541015625,0.25763702392578125,0.3,0.28751708984375
PREFIX8,0,4096,correct,Q1,E00,MODERATELY_BELOW,9,9,0,9,0,9,0,0,,1.0,0.0,,,0.5086805555555556,0.0,0.0,0.0,-0.04245164659288195,0.3647104899088542,0.1111111111111111,0.2576334635416666,-0.04245164659288195,0.3647104899088542,0.1111111111111111,0.2576334635416666
PREFIX8,0,4096,correct,Q1,E00,OUTSIDE_ABOVE,18,18,17,1,0,1,0,17,0.0,1.0,0.0,1.0,0.5,0.006076388888888889,0.9444444444444444,0.0,0.0,0.0324037339952257,0.057356940375434026,0.3888888888888889,0.13393079969618057,0.13689168294270834,0.13689168294270834,0.6111111111111112,0.3267740885416667
PREFIX8,0,4096,correct,Q1,E00,OUTSIDE_BELOW,11,11,0,11,0,11,0,0,,1.0,0.0,,,0.045454545454545456,0.0,0.0,0.18181818181818182,0.07654086026278409,0.07654086026278409,0.8181818181818182,7.990056818181616e-05,0.07654086026278409,0.07654086026278409,0.8181818181818182,7.990056818181616e-05
PREFIX8,0,4096,correct,Q1,E10,CLEARLY_ABOVE,8,8,6,2,0,2,0,6,0.0,1.0,0.0,1.0,0.5,0.08203125,0.75,0.0,0.125,-0.005523681640625,0.07809829711914062,0.875,0.420867919921875,-0.005523681640625,0.07809829711914062,0.875,0.420867919921875
PREFIX8,0,4096,correct,Q1,E10,CLEARLY_BELOW,7,7,0,7,0,7,0,0,,1.0,0.0,,,0.12276785714285714,0.0,0.0,0.14285714285714285,-0.144073486328125,0.19339861188616073,0.8571428571428571,0.6508632114955356,-0.144073486328125,0.19339861188616073,0.8571428571428571,0.6508632114955356
PREFIX8,0,4096,correct,Q1,E10,IMMEDIATELY_ABOVE,9,6,2,4,0,4,0,2,0.0,1.0,0.0,1.0,0.5,0.15885416666666666,0.3333333333333333,0.3333333333333333,0.2222222222222222,-0.09753926595052083,0.15661790635850695,0.7777777777777778,0.27320963541666665,-0.10913255479600695,0.16821119520399305,0.7777777777777778,0.29987657335069445
PREFIX8,0,4096,correct,Q1,E10,IMMEDIATELY_BELOW,9,6,0,6,0,6,0,0,,1.0,0.0,,,0.3411458333333333,0.0,0.3333333333333333,0.1111111111111111,-0.015467325846354166,0.1408538818359375,0.7777777777777778,0.5436957465277777,-0.015467325846354166,0.1408538818359375,0.7777777777777778,0.5436957465277777
PREFIX8,0,4096,correct,Q1,E10,MODERATELY_ABOVE,10,10,6,4,0,4,0,6,0.0,1.0,0.0,1.0,0.5,0.1171875,0.6,0.0,0.0,-0.00264739990234375,0.12396087646484374,0.9,0.3237353515625,-0.00264739990234375,0.12396087646484374,0.9,0.3237353515625
PREFIX8,0,4096,correct,Q1,E10,MODERATELY_BELOW,9,9,0,9,0,9,0,0,,1.0,0.0,,,0.07291666666666667,0.0,0.0,0.0,-0.23894755045572916,0.2634294297960069,0.7777777777777778,0.4786946614583333,-0.23894755045572916,0.2634294297960069,0.7777777777777778,0.4786946614583333
PREFIX8,0,4096,correct,Q1,E10,OUTSIDE_ABOVE,18,18,17,1,0,1,0,17,0.0,1.0,0.0,1.0,0.5,0.001736111111111111,0.9444444444444444,0.0,0.0,-0.007309807671440972,0.019681294759114582,0.7777777777777778,0.05884331597222223,-0.03430345323350695,0.09575907389322917,0.7222222222222222,0.35213012695312496
PREFIX8,0,4096,correct,Q1,E10,OUTSIDE_BELOW,11,11,0,11,0,11,0,0,,1.0,0.0,,,0.0,0.0,0.0,0.0,-0.018413196910511364,0.018413196910511364,0.9090909090909091,0.02896284623579545,-0.018413196910511364,0.018413196910511364,0.9090909090909091,0.02896284623579545
PREFIX8,0,4096,correct,Q1,E01,CLEARLY_ABOVE,8,8,6,2,0,2,0,6,0.0,1.0,0.0,1.0,0.5,0.5234375,0.75,0.0,0.0,-0.1178131103515625,0.30716705322265625,0.125,0.22698059082031252,-0.1178131103515625,0.30716705322265625,0.125,0.22698059082031252
PREFIX8,0,4096,correct,Q1,E01,CLEARLY_BELOW,7,7,0,7,0,7,0,0,,1.0,0.0,,,0.5379464285714286,0.0,0.0,0.0,-0.07392229352678571,0.43445260184151785,0.0,0.09123709542410714,-0.07392229352678571,0.43445260184151785,0.0,0.09123709542410714
PREFIX8,0,4096,correct,Q1,E01,IMMEDIATELY_ABOVE,9,6,2,4,0,4,0,2,0.0,1.0,0.0,1.0,0.5,0.25,0.3333333333333333,0.3333333333333333,0.0,0.0973934597439236,0.2581532796223958,0.2222222222222222,0.15419650607638888,0.10080464680989583,0.2615644666883681,0.2222222222222222,0.16040581597222223
PREFIX8,0,4096,correct,Q1,E01,IMMEDIATELY_BELOW,9,6,0,6,0,6,0,0,,1.0,0.0,,,0.3489583333333333,0.0,0.3333333333333333,0.0,-0.20134989420572916,0.3780636257595486,0.2222222222222222,0.3059312608506944,-0.20134989420572916,0.3780636257595486,0.2222222222222222,0.3059312608506944
PREFIX8,0,4096,correct,Q1,E01,MODERATELY_ABOVE,10,10,6,4,0,4,0,6,0.0,1.0,0.0,1.0,0.5,0.4359375,0.6,0.0,0.1,-0.10352325439453125,0.34175262451171873,0.1,0.156776123046875,-0.10352325439453125,0.34175262451171873,0.1,0.156776123046875
PREFIX8,0,4096,correct,Q1,E01,MODERATELY_BELOW,9,9,0,9,0,9,0,0,,1.0,0.0,,,0.515625,0.0,0.0,0.0,0.05047437879774305,0.2884267171223958,0.2222222222222222,0.23284098307291665,0.05047437879774305,0.2884267171223958,0.2222222222222222,0.23284098307291665
PREFIX8,0,4096,correct,Q1,E01,OUTSIDE_ABOVE,18,18,17,1,0,1,0,17,0.0,1.0,0.0,1.0,0.5,0.008680555555555556,0.9444444444444444,0.0,0.0,0.034363640679253474,0.054196675618489586,0.4444444444444444,0.12709689670138888,0.16935221354166666,0.16935221354166666,0.3333333333333333,0.20496826171875
PREFIX8,0,4096,correct,Q1,E01,OUTSIDE_BELOW,11,11,0,11,0,11,0,0,,1.0,0.0,,,0.045454545454545456,0.0,0.0,0.18181818181818182,0.07655750621448863,0.07655750621448863,0.8181818181818182,0.0,0.07655750621448863,0.07655750621448863,0.8181818181818182,0.0
PREFIX8,0,4096,correct,Q1,E11,CLEARLY_ABOVE,8,8,6,2,0,2,0,6,0.0,1.0,0.0,1.0,0.5,0.0,0.75,0.0,0.0,0.0012664794921875,0.002254486083984375,0.875,0.014488220214843764,0.0012664794921875,0.002254486083984375,0.875,0.014488220214843764
PREFIX8,0,4096,correct,Q1,E11,CLEARLY_BELOW,7,7,0,7,0,7,0,0,,1.0,0.0,,,0.0,0.0,0.0,0.0,0.0003444126674107143,0.003199986049107143,1.0,0.016836983816964284,0.0003444126674107143,0.003199986049107143,1.0,0.016836983816964284
PREFIX8,0,4096,correct,Q1,E11,IMMEDIATELY_ABOVE,9,6,2,4,0,4,0,2,0.0,1.0,0.0,1.0,0.5,0.0,0.3333333333333333,0.3333333333333333,0.4444444444444444,0.0007544623480902778,0.002432929144965278,1.0,0.017976888020833342,0.0009273952907986111,0.0022599962022569445,1.0,0.017994520399305554
PREFIX8,0,4096,correct,Q1,E11,IMMEDIATELY_BELOW,9,6,0,6,0,6,0,0,,1.0,0.0,,,0.015625,0.0,0.3333333333333333,0.7777777777777778,-0.0004730224609375,0.0022430419921875,0.8888888888888888,0.014577907986111102,-0.0004730224609375,0.0022430419921875,0.8888888888888888,0.014577907986111102
PREFIX8,0,4096,correct,Q1,E11,MODERATELY_ABOVE,10,10,6,4,0,4,0,6,0.0,1.0,0.0,1.0,0.5,0.0,0.6,0.0,0.0,5.950927734375e-05,0.00165863037109375,1.0,0.016629638671875013,5.950927734375e-05,0.00165863037109375,1.0,0.016629638671875013
PREFIX8,0,4096,correct,Q1,E11,MODERATELY_BELOW,9,9,0,9,0,9,0,0,,1.0,0.0,,,0.0,0.0,0.0,0.0,-0.0010765923394097222,0.0023956298828125,1.0,0.017696126302083344,-0.0010765923394097222,0.0023956298828125,1.0,0.017696126302083344
PREFIX8,0,4096,correct,Q1,E11,OUTSIDE_ABOVE,18,18,17,1,0,1,0,17,0.0,1.0,0.0,1.0,0.5,0.0,0.9444444444444444,0.0,0.0,-0.0010503133138020833,0.0015962388780381945,0.9444444444444444,0.008500162760416671,-0.0009256998697916666,0.0021718343098958335,1.0,0.014487033420138882
PREFIX8,0,4096,correct,Q1,E11,OUTSIDE_BELOW,11,11,0,11,0,11,0,0,,1.0,0.0,,,0.0,0.0,0.0,0.0,-0.0007407448508522727,0.0008961070667613636,1.0,0.0038318980823863658,-0.0007407448508522727,0.0008961070667613636,1.0,0.0038318980823863658
PREFIX8,0,4096,correct,Q2,E00,CLEARLY_ABOVE,10,10,8,2,0,2,0,8,0.0,1.0,0.0,1.0,0.5,0.2578125,0.8,0.0,0.0,0.0239898681640625,0.18118896484375,0.3,0.2745068359375,0.04269866943359375,0.19989776611328125,0.3,0.29297607421875
PREFIX8,0,4096,correct,Q2,E00,CLEARLY_BELOW,11,11,0,11,0,11,0,0,,1.0,0.0,,,0.5610795454545454,0.0,0.0,0.0,0.028288407759232956,0.21134116432883523,0.36363636363636365,0.38126997514204547,0.08851068670099432,0.2715634432705966,0.45454545454545453,0.4331864790482953
PREFIX8,0,4096,correct,Q2,E00,IMMEDIATELY_ABOVE,12,9,5,4,0,4,0,5,0.0,1.0,0.0,1.0,0.5,0.1753472222222222,0.5555555555555556,0.25,0.0,0.04900360107421875,0.20307159423828125,0.25,0.182281494140625,0.07482147216796875,0.20056660970052084,0.4166666666666667,0.2819610595703124
PREFIX8,0,4096,correct,Q2,E00,IMMEDIATELY_BELOW,11,8,0,8,0,8,0,0,,1.0,0.0,,,0.6484375,0.0,0.2727272727272727,0.18181818181818182,0.0021958784623579545,0.17923944646661932,0.6363636363636364,0.5398470791903409,0.024937022816051136,0.1923647793856534,0.6363636363636364,0.5406904740767046
PREFIX8,0,4096,correct,Q2,E00,MODERATELY_ABOVE,13,13,9,4,0,4,0,9,0.0,1.0,0.0,1.0,0.5,0.22355769230769232,0.6923076923076923,0.0,0.0,0.005988487830528846,0.204010009765625,0.38461538461538464,0.2715378981370193,0.026743962214543268,0.22476548414963943,0.38461538461538464,0.3057222806490385
PREFIX8,0,4096,correct,Q2,E00,MODERATELY_BELOW,10,10,0,10,0,10,0,0,,1.0,0.0,,,0.5140625,0.0,0.0,0.0,-0.0376739501953125,0.32877197265625,0.2,0.23277221679687496,-0.02508544921875,0.3413604736328125,0.2,0.2803759765624999
PREFIX8,0,4096,correct,Q2,E00,OUTSIDE_ABOVE,3,3,2,1,0,1,0,2,0.0,1.0,0.0,1.0,0.5,0.026041666666666668,0.6666666666666666,0.0,0.0,0.0299530029296875,0.031122843424479168,0.6666666666666666,0.06103515625,0.07550048828125,0.07550048828125,1.0,0.2575480143229167
PREFIX8,0,4096,correct,Q2,E00,OUTSIDE_BELOW,11,11,0,11,0,11,0,0,,1.0,0.0,,,0.045454545454545456,0.0,0.0,0.18181818181818182,0.07654086026278409,0.07654086026278409,0.8181818181818182,7.990056818181616e-05,0.07654086026278409,0.07654086026278409,0.8181818181818182,7.990056818181616e-05
PREFIX8,0,4096,correct,Q2,E10,CLEARLY_ABOVE,10,10,8,2,0,2,0,8,0.0,1.0,0.0,1.0,0.5,0.071875,0.8,0.0,0.1,-0.0042083740234375,0.06490478515625,0.8,0.342933349609375,0.00151519775390625,0.06841278076171875,0.8,0.377923583984375
PREFIX8,0,4096,correct,Q2,E10,CLEARLY_BELOW,11,11,0,11,0,11,0,0,,1.0,0.0,,,0.15056818181818182,0.0,0.0,0.09090909090909091,-0.09292463822798296,0.13219798694957385,0.9090909090909091,0.44376997514204547,-0.10040699351917613,0.16279047185724432,0.8181818181818182,0.5529541015624999
PREFIX8,0,4096,correct,Q2,E10,IMMEDIATELY_ABOVE,12,9,5,4,0,4,0,5,0.0,1.0,0.0,1.0,0.5,0.3020833333333333,0.5555555555555556,0.25,0.16666666666666666,-0.07786305745442708,0.12270609537760417,0.75,0.2245768229166666,-0.1251703898111979,0.1694793701171875,0.75,0.3528483072916666
PREFIX8,0,4096,correct,Q2,E10,IMMEDIATELY_BELOW,11,8,0,8,0,8,0,0,,1.0,0.0,,,0.34375,0.0,0.2727272727272727,0.09090909090909091,-0.017155040394176136,0.12204118208451704,0.7272727272727273,0.4597034801136363,-0.014408458362926136,0.12615273215553977,0.8181818181818182,0.4916404030539772
PREFIX8,0,4096,correct,Q2,E10,MODERATELY_ABOVE,13,13,9,4,0,4,0,9,0.0,1.0,0.0,1.0,0.5,0.14423076923076922,0.6923076923076923,0.0,0.07692307692307693,-0.005821814903846154,0.09913987379807693,0.9230769230769231,0.26536395733173074,-0.02623924842247596,0.11955730731670673,0.9230769230769231,0.3577740009014423
PREFIX8,0,4096,correct,Q2,E10,MODERATELY_BELOW,10,10,0,10,0,10,0,0,,1.0,0.0,,,0.1046875,0.0,0.0,0.0,-0.2154296875,0.23746337890625,0.8,0.4330053710937499,-0.20908203125,0.2430572509765625,0.8,0.48841186523437496
PREFIX8,0,4096,correct,Q2,E10,OUTSIDE_ABOVE,3,3,2,1,0,1,0,2,0.0,1.0,0.0,1.0,0.5,0.005208333333333333,0.6666666666666666,0.0,0.0,0.0129852294921875,0.0129852294921875,0.6666666666666666,0.012556966145833348,0.071075439453125,0.071075439453125,0.3333333333333333,0.11998291015625
PREFIX8,0,4096,correct,Q2,E10,OUTSIDE_BELOW,11,11,0,11,0,11,0,0,,1.0,0.0,,,0.0,0.0,0.0,0.0,-0.018413196910511364,0.018413196910511364,0.9090909090909091,0.02896284623579545,-0.018413196910511364,0.018413196910511364,0.9090909090909091,0.02896284623579545
PREFIX8,0,4096,correct,Q2,E01,CLEARLY_ABOVE,10,10,8,2,0,2,0,8,0.0,1.0,0.0,1.0,0.5,0.41875,0.8,0.0,0.0,-0.08363037109375,0.256353759765625,0.1,0.18373535156250004,-0.06368560791015625,0.27629852294921875,0.1,0.19423583984375
PREFIX8,0,4096,correct,Q2,E01,CLEARLY_BELOW,11,11,0,11,0,11,0,0,,1.0,0.0,,,0.6292613636363636,0.0,0.0,0.0,-0.01716058904474432,0.3063507080078125,0.09090909090909091,0.1083274147727273,0.04698458584872159,0.3704958829012784,0.09090909090909091,0.13794611150568184
PREFIX8,0,4096,correct,Q2,E01,IMMEDIATELY_ABOVE,12,9,5,4,0,4,0,5,0.0,1.0,0.0,1.0,0.5,0.16666666666666666,0.5555555555555556,0.25,0.0,0.06464640299479167,0.21495819091796875,0.16666666666666666,0.13796895345052082,0.12256876627604167,0.24313863118489584,0.16666666666666666,0.1433563232421875
PREFIX8,0,4096,correct,Q2,E01,IMMEDIATELY_BELOW,11,8,0,8,0,8,0,0,,1.0,0.0,,,0.482421875,0.0,0.2727272727272727,0.0,-0.1535159024325284,0.3205497048117898,0.36363636363636365,0.2992686878551136,-0.13147388805042615,0.34259171919389203,0.2727272727272727,0.30421586470170453
PREFIX8,0,4096,correct,Q2,E01,MODERATELY_ABOVE,13,13,9,4,0,4,0,9,0.0,1.0,0.0,1.0,0.5,0.33653846153846156,0.6923076923076923,0.0,0.07692307692307693,-0.0739910419170673,0.2685288649338942,0.23076923076923078,0.17269287109375003,-0.043500460111177884,0.29901944673978365,0.15384615384615385,0.18078049879807695
PREFIX8,0,4096,correct,Q2,E01,MODERATELY_BELOW,10,10,0,10,0,10,0,0,,1.0,0.0,,,0.540625,0.0,0.0,0.0,0.0461761474609375,0.260333251953125,0.2,0.209661865234375,0.0618988037109375,0.276055908203125,0.2,0.23409423828125
PREFIX8,0,4096,correct,Q2,E01,OUTSIDE_ABOVE,3,3,2,1,0,1,0,2,0.0,1.0,0.0,1.0,0.5,0.046875,0.6666666666666666,0.0,0.0,0.026707967122395832,0.026738484700520832,1.0,0.07618815104166665,0.048146565755208336,0.048146565755208336,1.0,0.2622639973958333
PREFIX8,0,4096,correct,Q2,E01,OUTSIDE_BELOW,11,11,0,11,0,11,0,0,,1.0,0.0,,,0.045454545454545456,0.0,0.0,0.18181818181818182,0.07655750621448863,0.07655750621448863,0.8181818181818182,0.0,0.07655750621448863,0.07655750621448863,0.8181818181818182,0.0
PREFIX8,0,4096,correct,Q2,E11,CLEARLY_ABOVE,10,10,8,2,0,2,0,8,0.0,1.0,0.0,1.0,0.5,0.0,0.8,0.0,0.0,0.000982666015625,0.0021087646484375,0.9,0.012827148437500014,0.00099334716796875,0.00245819091796875,0.9,0.013951416015625006
PREFIX8,0,4096,correct,Q2,E11,CLEARLY_BELOW,11,11,0,11,0,11,0,0,,1.0,0.0,,,0.0,0.0,0.0,0.0,2.6356090198863637e-05,0.0027119029651988635,1.0,0.01544300426136364,-0.0002899169921875,0.0027396462180397725,1.0,0.017144220525568188
PREFIX8,0,4096,correct,Q2,E11,IMMEDIATELY_ABOVE,12,9,5,4,0,4,0,5,0.0,1.0,0.0,1.0,0.5,0.005208333333333333,0.5555555555555556,0.25,0.5833333333333334,0.0004552205403645833,0.0020090738932291665,1.0,0.015151977539062509,0.00049591064453125,0.0021870930989583335,1.0,0.0165863037109375
PREFIX8,0,4096,correct,Q2,E11,IMMEDIATELY_BELOW,11,8,0,8,0,8,0,0,,1.0,0.0,,,0.013671875,0.0,0.2727272727272727,0.7272727272727273,-0.0009862726384943182,0.0024344704367897725,0.9090909090909091,0.013746226917613624,-0.0005923184481534091,0.0020405162464488635,0.9090909090909091,0.01541193181818181
PREFIX8,0,4096,correct,Q2,E11,MODERATELY_ABOVE,13,13,9,4,0,4,0,9,0.0,1.0,0.0,1.0,0.5,0.0,0.6923076923076923,0.0,0.0,-0.000640869140625,0.0019625150240384615,0.9230769230769231,0.0150897686298077,-1.1737530048076924e-06,0.0016655555138221155,1.0,0.01555926983173077
PREFIX8,0,4096,correct,Q2,E11,MODERATELY_BELOW,10,10,0,10,0,10,0,0,,1.0,0.0,,,0.0,0.0,0.0,0.0,-0.0009246826171875,0.0022003173828125,1.0,0.016241455078125,-0.001324462890625,0.0025115966796875,1.0,0.017611083984375008
PREFIX8,0,4096,correct,Q2,E11,OUTSIDE_ABOVE,3,3,2,1,0,1,0,2,0.0,1.0,0.0,1.0,0.5,0.0,0.6666666666666666,0.0,0.0,-2.5431315104166668e-05,2.5431315104166668e-05,1.0,0.005187988281250037,-0.0006815592447916666,0.0026753743489583335,1.0,0.012731933593749986
PREFIX8,0,4096,correct,Q2,E11,OUTSIDE_BELOW,11,11,0,11,0,11,0,0,,1.0,0.0,,,0.0,0.0,0.0,0.0,-0.0007407448508522727,0.0008961070667613636,1.0,0.0038318980823863658,-0.0007407448508522727,0.0008961070667613636,1.0,0.0038318980823863658
PREFIX8,0,4096,hemlock_extra_hazard_0.12,Q1,E00,CLEARLY_ABOVE,3,3,3,0,0,0,0,3,0.0,,,1.0,,0.010416666666666666,1.0,0.0,0.0,0.053629557291666664,0.06865437825520833,0.6666666666666666,0.4426188151041666,0.3907012939453125,0.3907012939453125,0.6666666666666666,0.4555257161458333
PREFIX8,0,4096,hemlock_extra_hazard_0.12,Q1,E00,CLEARLY_BELOW,0,0,0,0,0,0,0,0,,,,,,,,,,,,,,,,,
PREFIX8,0,4096,hemlock_extra_hazard_0.12,Q1,E00,IMMEDIATELY_ABOVE,0,0,0,0,0,0,0,0,,,,,,,,,,,,,,,,,
PREFIX8,0,4096,hemlock_extra_hazard_0.12,Q1,E00,IMMEDIATELY_BELOW,1,1,0,1,0,1,0,0,,1.0,0.0,,,0.5625,0.0,0.0,0.0,0.0513763427734375,0.0513763427734375,1.0,0.78719482421875,0.248321533203125,0.248321533203125,1.0,0.78719482421875
PREFIX8,0,4096,hemlock_extra_hazard_0.12,Q1,E00,MODERATELY_ABOVE,1,1,1,0,0,0,0,1,0.0,,,1.0,,0.0,1.0,0.0,0.0,0.19696044921875,0.19696044921875,0.0,0.03842773437500002,0.7310028076171875,0.7310028076171875,0.0,0.0438232421875
PREFIX8,0,4096,hemlock_extra_hazard_0.12,Q1,E00,MODERATELY_BELOW,0,0,0,0,0,0,0,0,,,,,,,,,,,,,,,,,
PREFIX8,0,4096,hemlock_extra_hazard_0.12,Q1,E00,OUTSIDE_ABOVE,13,13,13,0,0,0,0,13,0.0,,,1.0,,0.001201923076923077,1.0,0.0,0.0,0.0637054443359375,0.08403249887319711,0.07692307692307693,0.06725980318509615,0.7051274226262019,0.7051274226262019,0.07692307692307693,0.33088003305288455
PREFIX8,0,4096,hemlock_extra_hazard_0.12,Q1,E00,OUTSIDE_BELOW,63,63,0,63,0,63,0,0,,1.0,0.0,,,0.42237103174603174,0.0,0.0,0.06349206349206349,0.6601533435639881,0.6601533435639881,0.2698412698412698,0.28696153428819443,0.6601533435639881,0.6601533435639881,0.2698412698412698,0.28696153428819443
PREFIX8,0,4096,hemlock_extra_hazard_0.12,Q1,E10,CLEARLY_ABOVE,3,3,3,0,0,0,0,3,0.0,,,1.0,,0.005208333333333333,1.0,0.0,0.0,0.00518798828125,0.026377360026041668,0.6666666666666666,0.0670613606770833,0.24161275227864584,0.24161275227864584,0.0,0.2307169596354167
PREFIX8,0,4096,hemlock_extra_hazard_0.12,Q1,E10,CLEARLY_BELOW,0,0,0,0,0,0,0,0,,,,,,,,,,,,,,,,,
PREFIX8,0,4096,hemlock_extra_hazard_0.12,Q1,E10,IMMEDIATELY_ABOVE,0,0,0,0,0,0,0,0,,,,,,,,,,,,,,,,,
PREFIX8,0,4096,hemlock_extra_hazard_0.12,Q1,E10,IMMEDIATELY_BELOW,1,1,0,1,0,1,0,0,,1.0,0.0,,,0.140625,0.0,0.0,1.0,-0.0154266357421875,0.0154266357421875,1.0,0.11507568359374998,0.01611328125,0.01611328125,1.0,0.35507812499999997
PREFIX8,0,4096,hemlock_extra_hazard_0.12,Q1,E10,MODERATELY_ABOVE,1,1,1,0,0,0,0,1,0.0,,,1.0,,0.0,1.0,0.0,0.0,0.095703125,0.095703125,0.0,0.06800537109375004,0.5657501220703125,0.5657501220703125,0.0,0.20421142578124996
PREFIX8,0,4096,hemlock_extra_hazard_0.12,Q1,E10,MODERATELY_BELOW,0,0,0,0,0,0,0,0,,,,,,,,,,,,,,,,,
PREFIX8,0,4096,hemlock_extra_hazard_0.12,Q1,E10,OUTSIDE_ABOVE,13,13,13,0,0,0,0,13,0.0,,,1.0,,0.001201923076923077,1.0,0.0,0.0,0.03167372483473558,0.036286574143629804,0.5384615384615384,0.05807542067307693,0.5191932091346154,0.5191932091346154,0.23076923076923078,0.4159207857572115
PREFIX8,0,4096,hemlock_extra_hazard_0.12,Q1,E10,OUTSIDE_BELOW,63,63,0,63,0,63,0,0,,1.0,0.0,,,0.1974206349206349,0.0,0.0,0.06349206349206349,0.5705140128968254,0.5705140128968254,0.2222222222222222,0.36602008153521826,0.5705140128968254,0.5705140128968254,0.2222222222222222,0.36602008153521826
PREFIX8,0,4096,hemlock_extra_hazard_0.12,Q1,E01,CLEARLY_ABOVE,3,3,3,0,0,0,0,3,0.0,,,1.0,,0.010416666666666666,1.0,0.0,0.0,0.07013956705729167,0.07013956705729167,0.6666666666666666,0.38673095703125,0.4063975016276042,0.4063975016276042,0.3333333333333333,0.4054402669270833
PREFIX8,0,4096,hemlock_extra_hazard_0.12,Q1,E01,CLEARLY_BELOW,0,0,0,0,0,0,0,0,,,,,,,,,,,,,,,,,
PREFIX8,0,4096,hemlock_extra_hazard_0.12,Q1,E01,IMMEDIATELY_ABOVE,0,0,0,0,0,0,0,0,,,,,,,,,,,,,,,,,
PREFIX8,0,4096,hemlock_extra_hazard_0.12,Q1,E01,IMMEDIATELY_BELOW,1,1,0,1,0,1,0,0,,1.0,0.0,,,0.5625,0.0,0.0,0.0,0.1220550537109375,0.1220550537109375,1.0,0.5141357421875,0.28863525390625,0.28863525390625,1.0,0.57001953125
PREFIX8,0,4096,hemlock_extra_hazard_0.12,Q1,E01,MODERATELY_ABOVE,1,1,1,0,0,0,0,1,0.0,,,1.0,,0.0,1.0,0.0,0.0,0.197235107421875,0.197235107421875,0.0,0.037524414062499956,0.7279205322265625,0.7279205322265625,0.0,0.04423828125000007
PREFIX8,0,4096,hemlock_extra_hazard_0.12,Q1,E01,MODERATELY_BELOW,0,0,0,0,0,0,0,0,,,,,,,,,,,,,,,,,
PREFIX8,0,4096,hemlock_extra_hazard_0.12,Q1,E01,OUTSIDE_ABOVE,13,13,13,0,0,0,0,13,0.0,,,1.0,,0.004807692307692308,1.0,0.0,0.0,0.06346365121694711,0.08510061410757211,0.07692307692307693,0.06660813551682693,0.7475632887620193,0.7475632887620193,0.0,0.16959604116586538
PREFIX8,0,4096,hemlock_extra_hazard_0.12,Q1,E01,OUTSIDE_BELOW,63,63,0,63,0,63,0,0,,1.0,0.0,,,0.37028769841269843,0.0,0.0,0.047619047619047616,0.6057187034970238,0.6057187034970238,0.14285714285714285,0.15823761470734127,0.6057187034970238,0.6057187034970238,0.14285714285714285,0.15823761470734127
PREFIX8,0,4096,hemlock_extra_hazard_0.12,Q1,E11,CLEARLY_ABOVE,3,3,3,0,0,0,0,3,0.0,,,1.0,,0.0,1.0,0.0,0.0,0.020253499348958332,0.020253499348958332,0.0,0.011706542968749992,0.2534637451171875,0.2534637451171875,0.0,0.017305501302083304
PREFIX8,0,4096,hemlock_extra_hazard_0.12,Q1,E11,CLEARLY_BELOW,0,0,0,0,0,0,0,0,,,,,,,,,,,,,,,,,
PREFIX8,0,4096,hemlock_extra_hazard_0.12,Q1,E11,IMMEDIATELY_ABOVE,0,0,0,0,0,0,0,0,,,,,,,,,,,,,,,,,
PREFIX8,0,4096,hemlock_extra_hazard_0.12,Q1,E11,IMMEDIATELY_BELOW,1,1,0,1,0,1,0,0,,1.0,0.0,,,1.0,0.0,0.0,1.0,0.0180206298828125,0.0180206298828125,0.0,0.015270996093750044,0.15545654296875,0.15545654296875,0.0,0.015429687499999956
PREFIX8,0,4096,hemlock_extra_hazard_0.12,Q1,E11,MODERATELY_ABOVE,1,1,1,0,0,0,0,1,0.0,,,1.0,,0.0,1.0,0.0,0.0,0.060028076171875,0.060028076171875,0.0,0.015246582031249956,0.3963470458984375,0.3963470458984375,0.0,0.0194091796875
PREFIX8,0,4096,hemlock_extra_hazard_0.12,Q1,E11,MODERATELY_BELOW,0,0,0,0,0,0,0,0,,,,,,,,,,,,,,,,,
PREFIX8,0,4096,hemlock_extra_hazard_0.12,Q1,E11,OUTSIDE_ABOVE,13,13,13,0,0,0,0,13,0.0,,,1.0,,0.0,1.0,0.0,0.0,0.04259432279146635,0.04259432279146635,0.0,0.006859412560096163,0.5786907489483173,0.5786907489483173,0.0,0.013536658653846149
PREFIX8,0,4096,hemlock_extra_hazard_0.12,Q1,E11,OUTSIDE_BELOW,63,63,0,63,0,63,0,0,,1.0,0.0,,,0.23983134920634921,0.0,0.0,0.15873015873015872,0.6399565197172619,0.6399565197172619,0.14285714285714285,0.014169263082837306,0.6399565197172619,0.6399565197172619,0.14285714285714285,0.014169263082837306
PREFIX8,0,4096,hemlock_extra_hazard_0.12,Q2,E00,CLEARLY_ABOVE,0,0,0,0,0,0,0,0,,,,,,,,,,,,,,,,,
PREFIX8,0,4096,hemlock_extra_hazard_0.12,Q2,E00,CLEARLY_BELOW,0,0,0,0,0,0,0,0,,,,,,,,,,,,,,,,,
PREFIX8,0,4096,hemlock_extra_hazard_0.12,Q2,E00,IMMEDIATELY_ABOVE,0,0,0,0,0,0,0,0,,,,,,,,,,,,,,,,,
PREFIX8,0,4096,hemlock_extra_hazard_0.12,Q2,E00,IMMEDIATELY_BELOW,0,0,0,0,0,0,0,0,,,,,,,,,,,,,,,,,
PREFIX8,0,4096,hemlock_extra_hazard_0.12,Q2,E00,MODERATELY_ABOVE,0,0,0,0,0,0,0,0,,,,,,,,,,,,,,,,,
PREFIX8,0,4096,hemlock_extra_hazard_0.12,Q2,E00,MODERATELY_BELOW,0,0,0,0,0,0,0,0,,,,,,,,,,,,,,,,,
PREFIX8,0,4096,hemlock_extra_hazard_0.12,Q2,E00,OUTSIDE_ABOVE,0,0,0,0,0,0,0,0,,,,,,,,,,,,,,,,,
PREFIX8,0,4096,hemlock_extra_hazard_0.12,Q2,E00,OUTSIDE_BELOW,81,81,0,81,0,81,0,0,,1.0,0.0,,,0.5096450617283951,0.0,0.0,0.04938271604938271,0.5287290973427855,0.5325479389708719,0.25925925925925924,0.2605732482156636,0.6531820414978781,0.6531820414978781,0.25925925925925924,0.30342731240354937
PREFIX8,0,4096,hemlock_extra_hazard_0.12,Q2,E10,CLEARLY_ABOVE,0,0,0,0,0,0,0,0,,,,,,,,,,,,,,,,,
PREFIX8,0,4096,hemlock_extra_hazard_0.12,Q2,E10,CLEARLY_BELOW,0,0,0,0,0,0,0,0,,,,,,,,,,,,,,,,,
PREFIX8,0,4096,hemlock_extra_hazard_0.12,Q2,E10,IMMEDIATELY_ABOVE,0,0,0,0,0,0,0,0,,,,,,,,,,,,,,,,,
PREFIX8,0,4096,hemlock_extra_hazard_0.12,Q2,E10,IMMEDIATELY_BELOW,0,0,0,0,0,0,0,0,,,,,,,,,,,,,,,,,
PREFIX8,0,4096,hemlock_extra_hazard_0.12,Q2,E10,MODERATELY_ABOVE,0,0,0,0,0,0,0,0,,,,,,,,,,,,,,,,,
PREFIX8,0,4096,hemlock_extra_hazard_0.12,Q2,E10,MODERATELY_BELOW,0,0,0,0,0,0,0,0,,,,,,,,,,,,,,,,,
PREFIX8,0,4096,hemlock_extra_hazard_0.12,Q2,E10,OUTSIDE_ABOVE,0,0,0,0,0,0,0,0,,,,,,,,,,,,,,,,,
PREFIX8,0,4096,hemlock_extra_hazard_0.12,Q2,E10,OUTSIDE_BELOW,81,81,0,81,0,81,0,0,,1.0,0.0,,,0.2378472222222222,0.0,0.0,0.07407407407407407,0.44999977394386576,0.4519058039158951,0.2962962962962963,0.2987470461998457,0.5431925455729166,0.5431925455729166,0.2222222222222222,0.3668848861882716
PREFIX8,0,4096,hemlock_extra_hazard_0.12,Q2,E01,CLEARLY_ABOVE,0,0,0,0,0,0,0,0,,,,,,,,,,,,,,,,,
PREFIX8,0,4096,hemlock_extra_hazard_0.12,Q2,E01,CLEARLY_BELOW,0,0,0,0,0,0,0,0,,,,,,,,,,,,,,,,,
PREFIX8,0,4096,hemlock_extra_hazard_0.12,Q2,E01,IMMEDIATELY_ABOVE,0,0,0,0,0,0,0,0,,,,,,,,,,,,,,,,,
PREFIX8,0,4096,hemlock_extra_hazard_0.12,Q2,E01,IMMEDIATELY_BELOW,0,0,0,0,0,0,0,0,,,,,,,,,,,,,,,,,
PREFIX8,0,4096,hemlock_extra_hazard_0.12,Q2,E01,MODERATELY_ABOVE,0,0,0,0,0,0,0,0,,,,,,,,,,,,,,,,,
PREFIX8,0,4096,hemlock_extra_hazard_0.12,Q2,E01,MODERATELY_BELOW,0,0,0,0,0,0,0,0,,,,,,,,,,,,,,,,,
PREFIX8,0,4096,hemlock_extra_hazard_0.12,Q2,E01,OUTSIDE_ABOVE,0,0,0,0,0,0,0,0,,,,,,,,,,,,,,,,,
PREFIX8,0,4096,hemlock_extra_hazard_0.12,Q2,E01,OUTSIDE_BELOW,81,81,0,81,0,81,0,0,,1.0,0.0,,,0.4774305555555556,0.0,0.0,0.037037037037037035,0.48783968701774694,0.4913122860001929,0.16049382716049382,0.15489788290895062,0.618695671175733,0.618695671175733,0.13580246913580246,0.17289255401234566
PREFIX8,0,4096,hemlock_extra_hazard_0.12,Q2,E11,CLEARLY_ABOVE,0,0,0,0,0,0,0,0,,,,,,,,,,,,,,,,,
PREFIX8,0,4096,hemlock_extra_hazard_0.12,Q2,E11,CLEARLY_BELOW,0,0,0,0,0,0,0,0,,,,,,,,,,,,,,,,,
PREFIX8,0,4096,hemlock_extra_hazard_0.12,Q2,E11,IMMEDIATELY_ABOVE,0,0,0,0,0,0,0,0,,,,,,,,,,,,,,,,,
PREFIX8,0,4096,hemlock_extra_hazard_0.12,Q2,E11,IMMEDIATELY_BELOW,0,0,0,0,0,0,0,0,,,,,,,,,,,,,,,,,
PREFIX8,0,4096,hemlock_extra_hazard_0.12,Q2,E11,MODERATELY_ABOVE,0,0,0,0,0,0,0,0,,,,,,,,,,,,,,,,,
PREFIX8,0,4096,hemlock_extra_hazard_0.12,Q2,E11,MODERATELY_BELOW,0,0,0,0,0,0,0,0,,,,,,,,,,,,,,,,,
PREFIX8,0,4096,hemlock_extra_hazard_0.12,Q2,E11,OUTSIDE_ABOVE,0,0,0,0,0,0,0,0,,,,,,,,,,,,,,,,,
PREFIX8,0,4096,hemlock_extra_hazard_0.12,Q2,E11,OUTSIDE_BELOW,81,81,0,81,0,81,0,0,,1.0,0.0,,,0.31385030864197533,0.0,0.0,0.18518518518518517,0.5062937795380016,0.5062937795380016,0.1111111111111111,0.01293176721643519,0.6068201889226466,0.6068201889226466,0.1111111111111111,0.014264142071759259
PREFIX8,0,4096,entry_lognormal_annual_sd_1.2,Q1,E00,CLEARLY_ABOVE,10,10,9,1,0,1,0,9,0.0,1.0,0.0,1.0,0.5,0.1609375,0.9,0.0,0.0,0.01534423828125,0.1717926025390625,0.5,0.4061877441406249,0.0906463623046875,0.2470947265625,0.5,0.410059814453125
PREFIX8,0,4096,entry_lognormal_annual_sd_1.2,Q1,E00,CLEARLY_BELOW,7,7,0,7,0,7,0,0,,1.0,0.0,,,0.45982142857142855,0.0,0.0,0.0,0.009166172572544642,0.29748753138950895,0.42857142857142855,0.48113490513392854,0.009166172572544642,0.29748753138950895,0.42857142857142855,0.48113490513392854
PREFIX8,0,4096,entry_lognormal_annual_sd_1.2,Q1,E00,IMMEDIATELY_ABOVE,8,6,2,4,0,4,0,2,0.0,1.0,0.0,1.0,0.5,0.24739583333333334,0.3333333333333333,0.25,0.0,0.07427406311035156,0.2618732452392578,0.25,0.17523040771484372,0.07427406311035156,0.2618732452392578,0.25,0.17523040771484372
PREFIX8,0,4096,entry_lognormal_annual_sd_1.2,Q1,E00,IMMEDIATELY_BELOW,9,7,0,7,0,7,0,0,,1.0,0.0,,,0.43526785714285715,0.0,0.2222222222222222,0.2222222222222222,-0.021942138671875,0.1795925564236111,0.7777777777777778,0.650676812065972,-0.0007103814019097222,0.2008243136935764,0.7777777777777778,0.650676812065972
PREFIX8,0,4096,entry_lognormal_annual_sd_1.2,Q1,E00,MODERATELY_ABOVE,12,12,7,5,0,5,0,7,0.0,1.0,0.0,1.0,0.5,0.3229166666666667,0.5833333333333334,0.0,0.0,0.035764058430989586,0.24987030029296875,0.25,0.24279988606770833,0.061603546142578125,0.2757097880045573,0.25,0.24324951171875
PREFIX8,0,4096,entry_lognormal_annual_sd_1.2,Q1,E00,MODERATELY_BELOW,10,10,0,10,0,10,0,0,,1.0,0.0,,,0.5578125,0.0,0.0,0.0,-0.01164703369140625,0.35375213623046875,0.1,0.2459729003906249,-0.01164703369140625,0.35375213623046875,0.1,0.2459729003906249
PREFIX8,0,4096,entry_lognormal_annual_sd_1.2,Q1,E00,OUTSIDE_ABOVE,14,14,13,1,0,1,0,13,0.0,1.0,0.0,1.0,0.5,0.005580357142857143,0.9285714285714286,0.0,0.0,0.03268214634486607,0.056060791015625,0.2857142857142857,0.07460501534598216,0.17098236083984375,0.17098236083984375,0.5714285714285714,0.3193952287946428
PREFIX8,0,4096,entry_lognormal_annual_sd_1.2,Q1,E00,OUTSIDE_BELOW,11,11,0,11,0,11,0,0,,1.0,0.0,,,0.045454545454545456,0.0,0.0,0.18181818181818182,0.076812744140625,0.076812744140625,0.8181818181818182,7.990056818181616e-05,0.076812744140625,0.076812744140625,0.8181818181818182,7.990056818181616e-05
PREFIX8,0,4096,entry_lognormal_annual_sd_1.2,Q1,E10,CLEARLY_ABOVE,10,10,9,1,0,1,0,9,0.0,1.0,0.0,1.0,0.5,0.0671875,0.9,0.0,0.1,-0.0007171630859375,0.066217041015625,0.8,0.344832763671875,0.044390869140625,0.11090087890625,0.7,0.39392944335937496
PREFIX8,0,4096,entry_lognormal_annual_sd_1.2,Q1,E10,CLEARLY_BELOW,7,7,0,7,0,7,0,0,,1.0,0.0,,,0.12276785714285714,0.0,0.0,0.14285714285714285,-0.14251055036272323,0.19113813127790177,0.8571428571428571,0.6508632114955356,-0.14251055036272323,0.19113813127790177,0.8571428571428571,0.6508632114955356
PREFIX8,0,4096,entry_lognormal_annual_sd_1.2,Q1,E10,IMMEDIATELY_ABOVE,8,6,2,4,0,4,0,2,0.0,1.0,0.0,1.0,0.5,0.09635416666666667,0.3333333333333333,0.25,0.125,-0.10374259948730469,0.16964149475097656,0.75,0.29297637939453125,-0.10374259948730469,0.16964149475097656,0.75,0.29297637939453125
PREFIX8,0,4096,entry_lognormal_annual_sd_1.2,Q1,E10,IMMEDIATELY_BELOW,9,7,0,7,0,7,0,0,,1.0,0.0,,,0.3549107142857143,0.0,0.2222222222222222,0.2222222222222222,-0.017178005642361112,0.13874986436631945,0.7777777777777778,0.4979044596354166,-0.014324612087673612,0.1377987331814236,0.7777777777777778,0.5245713975694444
PREFIX8,0,4096,entry_lognormal_annual_sd_1.2,Q1,E10,MODERATELY_ABOVE,12,12,7,5,0,5,0,7,0.0,1.0,0.0,1.0,0.5,0.09765625,0.5833333333333334,0.0,0.0,0.011566162109375,0.11497243245442708,0.8333333333333334,0.28542989095052085,0.03207270304361979,0.13547897338867188,0.8333333333333334,0.2967803955078125
PREFIX8,0,4096,entry_lognormal_annual_sd_1.2,Q1,E10,MODERATELY_BELOW,10,10,0,10,0,10,0,0,,1.0,0.0,,,0.1046875,0.0,0.0,0.0,-0.20868072509765626,0.24215850830078126,0.7,0.4835449218749999,-0.20868072509765626,0.24215850830078126,0.7,0.4835449218749999
PREFIX8,0,4096,entry_lognormal_annual_sd_1.2,Q1,E10,OUTSIDE_ABOVE,14,14,13,1,0,1,0,13,0.0,1.0,0.0,1.0,0.5,0.0011160714285714285,0.9285714285714286,0.0,0.0,-0.0007651192801339286,0.019156319754464284,0.7142857142857143,0.05642787388392858,-0.005374363490513393,0.11639513288225446,0.7142857142857143,0.3887128557477678
PREFIX8,0,4096,entry_lognormal_annual_sd_1.2,Q1,E10,OUTSIDE_BELOW,11,11,0,11,0,11,0,0,,1.0,0.0,,,0.0,0.0,0.0,0.0,-0.018141313032670456,0.018141313032670456,0.9090909090909091,0.02896284623579545,-0.018141313032670456,0.018141313032670456,0.9090909090909091,0.02896284623579545
PREFIX8,0,4096,entry_lognormal_annual_sd_1.2,Q1,E01,CLEARLY_ABOVE,10,10,9,1,0,1,0,9,0.0,1.0,0.0,1.0,0.5,0.321875,0.9,0.0,0.0,-0.0871185302734375,0.252020263671875,0.3,0.29760375976562503,-0.012060546875,0.3270782470703125,0.2,0.303216552734375
PREFIX8,0,4096,entry_lognormal_annual_sd_1.2,Q1,E01,CLEARLY_BELOW,7,7,0,7,0,7,0,0,,1.0,0.0,,,0.5379464285714286,0.0,0.0,0.0,-0.07235935756138392,0.4366825648716518,0.0,0.09123709542410714,-0.07235935756138392,0.4366825648716518,0.0,0.09123709542410714
PREFIX8,0,4096,entry_lognormal_annual_sd_1.2,Q1,E01,IMMEDIATELY_ABOVE,8,6,2,4,0,4,0,2,0.0,1.0,0.0,1.0,0.5,0.2421875,0.3333333333333333,0.25,0.0,0.09837150573730469,0.2788219451904297,0.125,0.10920410156249999,0.09837150573730469,0.2788219451904297,0.125,0.10920410156249999
PREFIX8,0,4096,entry_lognormal_annual_sd_1.2,Q1,E01,IMMEDIATELY_BELOW,9,7,0,7,0,7,0,0,,1.0,0.0,,,0.21875,0.0,0.2222222222222222,0.0,-0.2041015625,0.3724500868055556,0.2222222222222222,0.33155924479166665,-0.18624369303385416,0.3903079562717014,0.2222222222222222,0.3377685546875
PREFIX8,0,4096,entry_lognormal_annual_sd_1.2,Q1,E01,MODERATELY_ABOVE,12,12,7,5,0,5,0,7,0.0,1.0,0.0,1.0,0.5,0.4466145833333333,0.5833333333333334,0.0,0.08333333333333333,-0.050656636555989586,0.31881968180338544,0.08333333333333333,0.1337738037109375,-0.025096893310546875,0.3443794250488281,0.08333333333333333,0.13433329264322916
PREFIX8,0,4096,entry_lognormal_annual_sd_1.2,Q1,E01,MODERATELY_BELOW,10,10,0,10,0,10,0,0,,1.0,0.0,,,0.5203125,0.0,0.0,0.0,0.06648406982421876,0.27959442138671875,0.3,0.2379052734375,0.06648406982421876,0.27959442138671875,0.3,0.2379052734375
PREFIX8,0,4096,entry_lognormal_annual_sd_1.2,Q1,E01,OUTSIDE_ABOVE,14,14,13,1,0,1,0,13,0.0,1.0,0.0,1.0,0.5,0.008928571428571428,0.9285714285714286,0.0,0.0,0.03164454868861607,0.05600193568638393,0.2857142857142857,0.07785906110491071,0.20957401820591517,0.20957401820591517,0.2857142857142857,0.17349068777901785
PREFIX8,0,4096,entry_lognormal_annual_sd_1.2,Q1,E01,OUTSIDE_BELOW,11,11,0,11,0,11,0,0,,1.0,0.0,,,0.045454545454545456,0.0,0.0,0.18181818181818182,0.07682939009232954,0.07682939009232954,0.8181818181818182,0.0,0.07682939009232954,0.07682939009232954,0.8181818181818182,0.0
PREFIX8,0,4096,entry_lognormal_annual_sd_1.2,Q1,E11,CLEARLY_ABOVE,10,10,9,1,0,1,0,9,0.0,1.0,0.0,1.0,0.5,0.0,0.9,0.0,0.0,0.0124603271484375,0.0132171630859375,0.6,0.013902587890625007,0.05660400390625,0.05736083984375,0.6,0.015582275390625
PREFIX8,0,4096,entry_lognormal_annual_sd_1.2,Q1,E11,CLEARLY_BELOW,7,7,0,7,0,7,0,0,,1.0,0.0,,,0.0,0.0,0.0,0.0,0.0019073486328125,0.0027182442801339285,1.0,0.016836983816964284,0.0019073486328125,0.0027182442801339285,1.0,0.016836983816964284
PREFIX8,0,4096,entry_lognormal_annual_sd_1.2,Q1,E11,IMMEDIATELY_ABOVE,8,6,2,4,0,4,0,2,0.0,1.0,0.0,1.0,0.5,0.0026041666666666665,0.3333333333333333,0.25,0.375,0.0026569366455078125,0.0030002593994140625,0.875,0.018315124511718753,0.0026569366455078125,0.0030002593994140625,0.875,0.018315124511718753
PREFIX8,0,4096,entry_lognormal_annual_sd_1.2,Q1,E11,IMMEDIATELY_BELOW,9,7,0,7,0,7,0,0,,1.0,0.0,,,0.05357142857142857,0.0,0.2222222222222222,0.8888888888888888,0.003628200954861111,0.004770914713541667,0.7777777777777778,0.014078776041666666,0.018247816297743056,0.019390530056423612,0.7777777777777778,0.01409640842013888
PREFIX8,0,4096,entry_lognormal_annual_sd_1.2,Q1,E11,MODERATELY_ABOVE,12,12,7,5,0,5,0,7,0.0,1.0,0.0,1.0,0.5,0.0,0.5833333333333334,0.0,0.0,0.008160909016927084,0.009267171223958334,0.75,0.01612854003906251,0.017523447672526043,0.018629709879557293,0.75,0.016475423177083347
PREFIX8,0,4096,entry_lognormal_annual_sd_1.2,Q1,E11,MODERATELY_BELOW,10,10,0,10,0,10,0,0,,1.0,0.0,,,0.0,0.0,0.0,0.0,0.00351715087890625,0.00479888916015625,0.7,0.017902832031250003,0.00351715087890625,0.00479888916015625,0.7,0.017902832031250003
PREFIX8,0,4096,entry_lognormal_annual_sd_1.2,Q1,E11,OUTSIDE_ABOVE,14,14,13,1,0,1,0,13,0.0,1.0,0.0,1.0,0.5,0.0,0.9285714285714286,0.0,0.0,0.006602696010044643,0.006849016462053571,0.6428571428571429,0.007331194196428581,0.047100612095424106,0.04751041957310268,0.42857142857142855,0.013531494140624998
PREFIX8,0,4096,entry_lognormal_annual_sd_1.2,Q1,E11,OUTSIDE_BELOW,11,11,0,11,0,11,0,0,,1.0,0.0,,,0.0,0.0,0.0,0.0,-0.0004688609730113636,0.0004688609730113636,1.0,0.0038318980823863658,-0.0004688609730113636,0.0004688609730113636,1.0,0.0038318980823863658
PREFIX8,0,4096,entry_lognormal_annual_sd_1.2,Q2,E00,CLEARLY_ABOVE,8,8,7,1,0,1,0,7,0.0,1.0,0.0,1.0,0.5,0.19921875,0.875,0.0,0.0,-0.0073909759521484375,0.1885852813720703,0.5,0.3432403564453125,0.0002002716064453125,0.19576072692871094,0.5,0.4035369873046875
PREFIX8,0,4096,entry_lognormal_annual_sd_1.2,Q2,E00,CLEARLY_BELOW,10,10,0,10,0,10,0,0,,1.0,0.0,,,0.5546875,0.0,0.0,0.0,0.000146484375,0.234368896484375,0.4,0.409381103515625,0.06442108154296874,0.26624603271484376,0.5,0.46169311523437495
PREFIX8,0,4096,entry_lognormal_annual_sd_1.2,Q2,E00,IMMEDIATELY_ABOVE,10,7,3,4,0,4,0,3,0.0,1.0,0.0,1.0,0.5,0.21428571428571427,0.42857142857142855,0.3,0.0,0.06635589599609375,0.21643524169921874,0.2,0.14202392578124998,0.08668212890625,0.236761474609375,0.3,0.21037109375
PREFIX8,0,4096,entry_lognormal_annual_sd_1.2,Q2,E00,IMMEDIATELY_BELOW,8,7,0,7,0,7,0,0,,1.0,0.0,,,0.43526785714285715,0.0,0.125,0.25,-0.030895233154296875,0.195831298828125,0.75,0.6336120605468749,-0.030895233154296875,0.195831298828125,0.75,0.6336120605468749
PREFIX8,0,4096,entry_lognormal_annual_sd_1.2,Q2,E00,MODERATELY_ABOVE,12,12,7,5,0,5,0,7,0.0,1.0,0.0,1.0,0.5,0.32421875,0.5833333333333334,0.0,0.0,0.021311442057291668,0.23541768391927084,0.25,0.24032897949218754,0.027718861897786457,0.24182510375976562,0.3333333333333333,0.26817626953125
PREFIX8,0,4096,entry_lognormal_annual_sd_1.2,Q2,E00,MODERATELY_BELOW,13,13,0,13,0,13,0,0,,1.0,0.0,,,0.5925480769230769,0.0,0.0,0.0,0.0020622840294471155,0.2831385685847356,0.15384615384615385,0.19739896334134605,0.024975116436298076,0.30605140099158656,0.23076923076923078,0.28594970703124994
PREFIX8,0,4096,entry_lognormal_annual_sd_1.2,Q2,E00,OUTSIDE_ABOVE,2,2,1,1,0,1,0,1,0.0,1.0,0.0,1.0,0.5,0.03125,0.5,0.0,0.0,0.0477447509765625,0.0477447509765625,0.5,0.085601806640625,0.08984375,0.08984375,0.5,0.13918457031249998
PREFIX8,0,4096,entry_lognormal_annual_sd_1.2,Q2,E00,OUTSIDE_BELOW,18,18,0,18,0,18,0,0,,1.0,0.0,,,0.3567708333333333,0.0,0.0,0.1111111111111111,0.08292982313368055,0.08292982313368055,0.6666666666666666,0.11979031032986111,0.1843015882703993,0.1843015882703993,0.6666666666666666,0.13033040364583334
PREFIX8,0,4096,entry_lognormal_annual_sd_1.2,Q2,E10,CLEARLY_ABOVE,8,8,7,1,0,1,0,7,0.0,1.0,0.0,1.0,0.5,0.083984375,0.875,0.0,0.125,-0.009073257446289062,0.07406425476074219,0.875,0.40601348876953125,0.0037097930908203125,0.08684730529785156,0.875,0.4383316040039062
PREFIX8,0,4096,entry_lognormal_annual_sd_1.2,Q2,E10,CLEARLY_BELOW,10,10,0,10,0,10,0,0,,1.0,0.0,,,0.1515625,0.0,0.0,0.2,-0.1005218505859375,0.1370758056640625,0.9,0.47745971679687493,-0.10605621337890625,0.15239105224609376,0.9,0.6008862304687499
PREFIX8,0,4096,entry_lognormal_annual_sd_1.2,Q2,E10,IMMEDIATELY_ABOVE,10,7,3,4,0,4,0,3,0.0,1.0,0.0,1.0,0.5,0.19196428571428573,0.42857142857142855,0.3,0.1,-0.08413238525390625,0.14018707275390624,0.7,0.24781860351562499,-0.0976226806640625,0.1659332275390625,0.8,0.333809814453125
PREFIX8,0,4096,entry_lognormal_annual_sd_1.2,Q2,E10,IMMEDIATELY_BELOW,8,7,0,7,0,7,0,0,,1.0,0.0,,,0.3549107142857143,0.0,0.125,0.125,-0.017185211181640625,0.15395355224609375,0.75,0.5457580566406249,-0.017185211181640625,0.15395355224609375,0.75,0.5457580566406249
PREFIX8,0,4096,entry_lognormal_annual_sd_1.2,Q2,E10,MODERATELY_ABOVE,12,12,7,5,0,5,0,7,0.0,1.0,0.0,1.0,0.5,0.13020833333333334,0.5833333333333334,0.0,0.0,0.00200653076171875,0.10872650146484375,0.9166666666666666,0.28653361002604166,-0.009314219156901041,0.12004725138346355,0.9166666666666666,0.32423502604166665
PREFIX8,0,4096,entry_lognormal_annual_sd_1.2,Q2,E10,MODERATELY_BELOW,13,13,0,13,0,13,0,0,,1.0,0.0,,,0.12980769230769232,0.0,0.0,0.07692307692307693,-0.16600740872896635,0.1917595496544471,0.6923076923076923,0.3897188626802884,-0.1824317345252404,0.2178978553185096,0.6923076923076923,0.49970984825721154
PREFIX8,0,4096,entry_lognormal_annual_sd_1.2,Q2,E10,OUTSIDE_ABOVE,2,2,1,1,0,1,0,1,0.0,1.0,0.0,1.0,0.5,0.0,0.5,0.0,0.0,0.0213775634765625,0.0213775634765625,0.5,0.01835327148437499,0.0615234375,0.0615234375,0.0,0.05021972656250001
PREFIX8,0,4096,entry_lognormal_annual_sd_1.2,Q2,E10,OUTSIDE_BELOW,18,18,0,18,0,18,0,0,,1.0,0.0,,,0.16927083333333334,0.0,0.0,0.0,1.6954210069444445e-05,0.024327596028645832,0.7777777777777778,0.043894449869791664,0.056426154242621526,0.07859887017144097,0.7222222222222222,0.11169501410590277
PREFIX8,0,4096,entry_lognormal_annual_sd_1.2,Q2,E01,CLEARLY_ABOVE,8,8,7,1,0,1,0,7,0.0,1.0,0.0,1.0,0.5,0.400390625,0.875,0.0,0.0,-0.1414470672607422,0.28247642517089844,0.25,0.22735748291015623,-0.1347942352294922,0.28912925720214844,0.25,0.2597503662109375
PREFIX8,0,4096,entry_lognormal_annual_sd_1.2,Q2,E01,CLEARLY_BELOW,10,10,0,10,0,10,0,0,,1.0,0.0,,,0.6328125,0.0,0.0,0.0,-0.057794189453125,0.332635498046875,0.1,0.137681884765625,0.01800384521484375,0.37433319091796874,0.1,0.14427246093749999
PREFIX8,0,4096,entry_lognormal_annual_sd_1.2,Q2,E01,IMMEDIATELY_ABOVE,10,7,3,4,0,4,0,3,0.0,1.0,0.0,1.0,0.5,0.20758928571428573,0.42857142857142855,0.3,0.0,0.08567657470703124,0.23003692626953126,0.1,0.089176025390625,0.122698974609375,0.267059326171875,0.1,0.10278442382812499
PREFIX8,0,4096,entry_lognormal_annual_sd_1.2,Q2,E01,IMMEDIATELY_BELOW,8,7,0,7,0,7,0,0,,1.0,0.0,,,0.21875,0.0,0.125,0.0,-0.244659423828125,0.403961181640625,0.125,0.30873718261718747,-0.244659423828125,0.403961181640625,0.125,0.30873718261718747
PREFIX8,0,4096,entry_lognormal_annual_sd_1.2,Q2,E01,MODERATELY_ABOVE,12,12,7,5,0,5,0,7,0.0,1.0,0.0,1.0,0.5,0.4466145833333333,0.5833333333333334,0.0,0.08333333333333333,-0.06502787272135417,0.3044484456380208,0.08333333333333333,0.13101094563802085,-0.05123011271158854,0.31824620564778644,0.08333333333333333,0.13774210611979168
PREFIX8,0,4096,entry_lognormal_annual_sd_1.2,Q2,E01,MODERATELY_BELOW,13,13,0,13,0,13,0,0,,1.0,0.0,,,0.6129807692307693,0.0,0.0,0.0,0.06238614595853365,0.22631718562199518,0.23076923076923078,0.19046724759615385,0.1062457744891827,0.2701768141526442,0.23076923076923078,0.21180419921875002
PREFIX8,0,4096,entry_lognormal_annual_sd_1.2,Q2,E01,OUTSIDE_ABOVE,2,2,1,1,0,1,0,1,0.0,1.0,0.0,1.0,0.5,0.0625,0.5,0.0,0.0,0.042022705078125,0.042022705078125,1.0,0.11277465820312499,0.0517120361328125,0.0517120361328125,1.0,0.26231689453124996
PREFIX8,0,4096,entry_lognormal_annual_sd_1.2,Q2,E01,OUTSIDE_BELOW,18,18,0,18,0,18,0,0,,1.0,0.0,,,0.34375,0.0,0.0,0.1111111111111111,0.08959791395399305,0.08959791395399305,0.6666666666666666,0.09531317816840278,0.18806881374782985,0.18806881374782985,0.6111111111111112,0.11415744357638889
PREFIX8,0,4096,entry_lognormal_annual_sd_1.2,Q2,E11,CLEARLY_ABOVE,8,8,7,1,0,1,0,7,0.0,1.0,0.0,1.0,0.5,0.0,0.875,0.0,0.0,0.0017375946044921875,0.0026836395263671875,0.875,0.013110351562500011,0.0026378631591796875,0.0035839080810546875,0.75,0.014479064941406258
PREFIX8,0,4096,entry_lognormal_annual_sd_1.2,Q2,E11,CLEARLY_BELOW,10,10,0,10,0,10,0,0,,1.0,0.0,,,0.153125,0.0,0.0,0.2,0.0030120849609375,0.003631591796875,0.8,0.014322509765625002,0.01473236083984375,0.01566009521484375,0.8,0.017614746093750012
PREFIX8,0,4096,entry_lognormal_annual_sd_1.2,Q2,E11,IMMEDIATELY_ABOVE,10,7,3,4,0,4,0,3,0.0,1.0,0.0,1.0,0.5,0.004464285714285714,0.42857142857142855,0.3,0.4,0.00255889892578125,0.00294036865234375,0.8,0.016389160156250006,0.0100433349609375,0.0103179931640625,0.8,0.016607666015625
PREFIX8,0,4096,entry_lognormal_annual_sd_1.2,Q2,E11,IMMEDIATELY_BELOW,8,7,0,7,0,7,0,0,,1.0,0.0,,,0.05357142857142857,0.0,0.125,0.875,0.002040863037109375,0.003326416015625,0.875,0.013929748535156244,0.002040863037109375,0.003326416015625,0.875,0.013929748535156244
PREFIX8,0,4096,entry_lognormal_annual_sd_1.2,Q2,E11,MODERATELY_ABOVE,12,12,7,5,0,5,0,7,0.0,1.0,0.0,1.0,0.5,0.0,0.5833333333333334,0.0,0.0,0.0031636555989583335,0.004404703776041667,0.8333333333333334,0.015462239583333343,0.003314971923828125,0.004421234130859375,0.8333333333333334,0.015741984049479175
PREFIX8,0,4096,entry_lognormal_annual_sd_1.2,Q2,E11,MODERATELY_BELOW,13,13,0,13,0,13,0,0,,1.0,0.0,,,0.15384615384615385,0.0,0.0,0.07692307692307693,0.003268902118389423,0.004264244666466346,0.7692307692307693,0.015341421274038463,0.012840857872596154,0.013845590444711538,0.6153846153846154,0.01678748497596154
PREFIX8,0,4096,entry_lognormal_annual_sd_1.2,Q2,E11,OUTSIDE_ABOVE,2,2,1,1,0,1,0,1,0.0,1.0,0.0,1.0,0.5,0.0,0.5,0.0,0.0,0.0019073486328125,0.0019683837890625,1.0,0.0072937011718750555,0.00146484375,0.002410888671875,1.0,0.013134765624999989
PREFIX8,0,4096,entry_lognormal_annual_sd_1.2,Q2,E11,OUTSIDE_BELOW,18,18,0,18,0,18,0,0,,1.0,0.0,,,0.11197916666666667,0.0,0.0,0.05555555555555555,0.013446384006076388,0.014019436306423612,0.6111111111111112,0.006914605034722225,0.06498633490668403,0.06555938720703125,0.6111111111111112,0.008471679687499992
