seedlingID,coordinate,taxonCode,yrFirstObs,trueRecrt,stable_cohort_fields,baseline2017,postbaseline_field_recruit,whole_plot_biological_entry,germination_date_identified
0101.0-2017-000-WHT-001-000,101,ACERRU,2017,0,True,True,False,False,False
0101.0-2017-000-WHT-002-000,101,ACERRU,2017,0,True,True,False,False,False
0101.0-2017-000-WHT-003-000,101,ACERRU,2017,0,True,True,False,False,False
0101.0-2017-000-WHT-004-000,101,ACERRU,2017,0,True,True,False,False,False
0101.0-2017-000-WHT-005-000,101,ACERRU,2017,0,True,True,False,False,False
0101.0-2017-000-WHT-006-000,101,ACERRU,2017,0,True,True,False,False,False
0101.0-2017-000-WHT-007-000,101,ACERRU,2017,0,True,True,False,False,False
0101.0-2017-000-WHT-008-000,101,ACERRU,2017,0,True,True,False,False,False
0101.0-2017-000-WHT-009-000,101,ACERRU,2017,0,True,True,False,False,False
0101.0-2017-000-WHT-010-000,101,ACERRU,2017,0,True,True,False,False,False
0101.0-2017-000-WHT-011-000,101,ACERRU,2017,0,True,True,False,False,False
0101.0-2017-000-WHT-012-000,101,ACERRU,2017,0,True,True,False,False,False
0101.0-2017-000-WHT-013-000,101,ACERRU,2017,0,True,True,False,False,False
0101.0-2017-000-WHT-014-000,101,ACERRU,2017,0,True,True,False,False,False
0101.0-2017-000-WHT-015-000,101,ACERRU,2017,0,True,True,False,False,False
0101.0-2017-000-WHT-016-000,101,ACERRU,2017,0,True,True,False,False,False
0101.0-2017-000-WHT-017-000,101,ACERRU,2017,0,True,True,False,False,False
0101.0-2017-000-WHT-018-000,101,ACERRU,2017,0,True,True,False,False,False
0101.0-2017-000-WHT-019-000,101,ACERRU,2017,0,True,True,False,False,False
0101.0-2017-000-WHT-020-000,101,ACERRU,2017,0,True,True,False,False,False
0101.0-2017-000-WHT-021-000,101,ACERRU,2017,0,True,True,False,False,False
0101.0-2017-000-WHT-022-000,101,ACERRU,2017,0,True,True,False,False,False
0101.0-2018-000-YLW-001-000,101,TSUGCA,2018,1,True,False,True,False,False
0101.0-2018-000-YLW-002-000,101,ACERRU,2018,1,True,False,True,False,False
0101.0-2018-000-YLW-003-000,101,ACERRU,2018,1,True,False,True,False,False
0101.0-2018-000-YLW-004-000,101,ACERRU,2018,1,True,False,True,False,False
0101.0-2019-000-ORG-011-000,101,ACERRU,2019,1,True,False,True,False,False
0101.0-2019-000-ORG-015-000,101,ACERRU,2019,1,True,False,True,False,False
0101.0-2020-000-WHT-051-000,101,TSUGCA,2020,1,True,False,True,False,False
0101.0-2020-000-WHT-052-000,101,TSUGCA,2020,1,True,False,True,False,False
0101.0-2020-000-WHT-053-000,101,ACERRU,2020,1,True,False,True,False,False
0101.0-2020-000-WHT-054-000,101,ACERRU,2020,1,True,False,True,False,False
0101.0-2020-000-WHT-055-000,101,ACERRU,2020,1,True,False,True,False,False
0101.0-2020-000-WHT-056-000,101,ACERRU,2020,1,True,False,True,False,False
0101.0-2020-000-WHT-057-000,101,ACERRU,2020,1,True,False,True,False,False
0101.0-2020-000-WHT-058-000,101,ACERRU,2020,1,True,False,True,False,False
0101.0-2020-000-WHT-059-000,101,ACERRU,2020,1,True,False,True,False,False
0101.0-2020-000-WHT-060-000,101,ACERRU,2020,1,True,False,True,False,False
0101.0-2020-000-WHT-061-000,101,TSUGCA,2020,1,True,False,True,False,False
0101.0-2020-000-WHT-062-000,101,ACERRU,2020,1,True,False,True,False,False
0101.0-2020-000-WHT-063-000,101,TSUGCA,2020,1,True,False,True,False,False
0101.0-2020-000-WHT-064-000,101,TSUGCA,2020,1,True,False,True,False,False
0101.0-2021-000-ORG-001-000,101,ACERRU,2021,1,True,False,True,False,False
0101.0-2023-000-GRN-014-000,101,ACERRU,2023,1,True,False,True,False,False
0101.0-2023-000-GRN-015-000,101,HAMAVI,2023,1,True,False,True,False,False
0102.0-2017-000-BLU-035-000,102,ACERRU,2017,0,True,True,False,False,False
0102.0-2017-000-BLU-036-000,102,ACERRU,2017,0,True,True,False,False,False
0102.0-2017-000-BLU-037-000,102,ACERRU,2017,0,True,True,False,False,False
0102.0-2017-000-BLU-038-000,102,ACERRU,2017,0,True,True,False,False,False
0102.0-2017-000-BLU-039-000,102,ACERRU,2017,0,True,True,False,False,False
0102.0-2017-000-BLU-040-000,102,ACERRU,2017,0,True,True,False,False,False
0102.0-2017-000-BLU-041-000,102,ACERRU,2017,0,True,True,False,False,False
0102.0-2017-000-BLU-042-000,102,ACERRU,2017,0,True,True,False,False,False
0102.0-2017-000-BLU-043-000,102,ACERRU,2017,0,True,True,False,False,False
0102.0-2017-000-BLU-044-000,102,ACERRU,2017,0,True,True,False,False,False
0102.0-2017-000-BLU-045-000,102,VIBUNU,2017,0,True,True,False,False,False
0102.0-2017-000-BLU-046-000,102,ACERRU,2017,0,True,True,False,False,False
0102.0-2017-000-BLU-047-000,102,ACERRU,2017,0,True,True,False,False,False
0102.0-2017-000-BLU-048-000,102,ACERRU,2017,0,True,True,False,False,False
0102.0-2017-000-BLU-049-000,102,QUERRU,2017,0,True,True,False,False,False
0102.0-2017-000-BLU-050-000,102,ACERRU,2017,0,True,True,False,False,False
0102.0-2017-000-BLU-051-000,102,ACERRU,2017,0,True,True,False,False,False
0102.0-2017-000-BLU-052-000,102,ACERRU,2017,0,True,True,False,False,False
0102.0-2017-000-BLU-053-000,102,ACERRU,2017,0,True,True,False,False,False
0102.0-2017-000-BLU-054-000,102,ACERRU,2017,0,True,True,False,False,False
0102.0-2017-000-BLU-055-000,102,VIBUNU,2017,0,True,True,False,False,False
0102.0-2017-000-BLU-056-000,102,VIBUNU,2017,0,True,True,False,False,False
0102.0-2017-000-BLU-057-000,102,ACERRU,2017,0,True,True,False,False,False
0102.0-2017-000-BLU-058-000,102,ACERRU,2017,0,True,True,False,False,False
0102.0-2017-000-BLU-059-000,102,ACERRU,2017,0,True,True,False,False,False
0102.0-2017-000-BLU-060-000,102,ACERRU,2017,0,True,True,False,False,False
0102.0-2017-000-BLU-061-000,102,ACERRU,2017,0,True,True,False,False,False
0102.0-2017-000-BLU-062-000,102,ACERRU,2017,0,True,True,False,False,False
0102.0-2017-000-BLU-063-000,102,ACERRU,2017,0,True,True,False,False,False
0102.0-2017-000-BLU-064-000,102,ACERRU,2017,0,True,True,False,False,False
0102.0-2017-000-BLU-065-000,102,ACERRU,2017,0,True,True,False,False,False
0102.0-2017-000-BLU-066-000,102,ACERRU,2017,0,True,True,False,False,False
0102.0-2017-000-BLU-067-000,102,ACERRU,2017,0,True,True,False,False,False
0102.0-2017-000-BLU-068-000,102,ACERRU,2017,0,True,True,False,False,False
0102.0-2017-000-BLU-069-000,102,ACERRU,2017,0,True,True,False,False,False
0102.0-2017-000-BLU-070-000,102,ACERRU,2017,0,True,True,False,False,False
0102.0-2017-000-BLU-071-000,102,VIBUNU,2017,0,True,True,False,False,False
0102.0-2017-000-BLU-072-000,102,ACERRU,2017,0,True,True,False,False,False
0102.0-2017-000-BLU-073-000,102,ACERRU,2017,0,True,True,False,False,False
0102.0-2017-000-BLU-074-000,102,ACERRU,2017,0,True,True,False,False,False
0102.0-2017-000-BLU-075-000,102,ACERRU,2017,0,True,True,False,False,False
0102.0-2017-000-BLU-076-000,102,ACERRU,2017,0,True,True,False,False,False
0102.0-2017-000-BLU-077-000,102,ACERRU,2017,0,True,True,False,False,False
0102.0-2017-000-BLU-078-000,102,ACERRU,2017,0,True,True,False,False,False
0102.0-2017-000-BLU-079-000,102,ACERRU,2017,0,True,True,False,False,False
0102.0-2017-000-BLU-080-000,102,ACERRU,2017,0,True,True,False,False,False
0102.0-2017-000-BLU-081-000,102,ACERRU,2017,0,True,True,False,False,False
0102.0-2017-000-BLU-082-000,102,ACERRU,2017,0,True,True,False,False,False
0102.0-2017-000-BLU-083-000,102,ACERRU,2017,0,True,True,False,False,False
0102.0-2018-000-RED-002-000,102,PINUST,2018,1,True,False,True,False,False
0102.0-2018-000-RED-003-000,102,PINUST,2018,1,True,False,True,False,False
0102.0-2018-000-RED-004-000,102,PINUST,2018,1,True,False,True,False,False
0102.0-2018-000-RED-027-000,102,PINUST,2018,1,True,False,True,False,False
0102.0-2018-000-RED-033-000,102,TSUGCA,2018,1,True,False,True,False,False
0102.0-2018-000-RED-052-000,102,PINUST,2018,1,True,False,True,False,False
0102.0-2018-000-RED-053-000,102,TSUGCA,2018,1,True,False,True,False,False
0102.0-2018-000-RED-056-000,102,TSUGCA,2018,1,True,False,True,False,False
0102.0-2018-000-RED-061-000,102,PINUST,2018,1,True,False,True,False,False
0102.0-2018-000-RED-066-000,102,TSUGCA,2018,1,True,False,True,False,False
0102.0-2018-000-RED-072-000,102,PINUST,2018,1,True,False,True,False,False
0102.0-2018-000-UNT-001-000,102,ACERRU,2018,1,True,False,True,False,False
0102.0-2018-000-YLW-005-000,102,ACERRU,2018,1,True,False,True,False,False
0102.0-2018-000-YLW-006-000,102,ACERRU,2018,1,True,False,True,False,False
0102.0-2018-000-YLW-007-000,102,ACERRU,2018,1,True,False,True,False,False
0102.0-2018-000-YLW-008-000,102,ACERRU,2018,1,True,False,True,False,False
0102.0-2019-000-WHT-015-000,102,ACERRU,2019,1,True,False,True,False,False
0102.0-2019-000-WHT-034-000,102,ACERRU,2019,1,True,False,True,False,False
0102.0-2019-000-WHT-043-000,102,ACERRU,2019,1,True,False,True,False,False
0102.0-2020-000-BLU-001-000,102,TSUGCA,2020,1,True,False,True,False,False
0102.0-2020-000-BLU-002-000,102,TSUGCA,2020,1,True,False,True,False,False
0102.0-2020-000-BLU-003-000,102,TSUGCA,2020,1,True,False,True,False,False
0102.0-2020-000-BLU-004-000,102,TSUGCA,2020,1,True,False,True,False,False
0102.0-2020-000-BLU-005-000,102,TSUGCA,2020,1,True,False,True,False,False
0102.0-2020-000-BLU-006-000,102,ACERRU,2020,1,True,False,True,False,False
0102.0-2020-000-BLU-007-000,102,ACERRU,2020,1,True,False,True,False,False
0102.0-2020-000-BLU-008-000,102,ACERRU,2020,1,True,False,True,False,False
0102.0-2020-000-BLU-009-000,102,ACERRU,2020,1,True,False,True,False,False
0102.0-2020-000-BLU-010-000,102,ACERRU,2020,1,True,False,True,False,False
0102.0-2020-000-BLU-011-000,102,BETUXX,2020,1,True,False,True,False,False
0102.0-2020-000-BLU-012-000,102,BETUXX,2020,1,True,False,True,False,False
0102.0-2020-000-BLU-013-000,102,TSUGCA,2020,1,True,False,True,False,False
0102.0-2020-000-BLU-014-000,102,TSUGCA,2020,1,True,False,True,False,False
0102.0-2020-000-BLU-015-000,102,TSUGCA,2020,1,True,False,True,False,False
0102.0-2020-000-BLU-016-000,102,TSUGCA,2020,1,True,False,True,False,False
0102.0-2020-000-BLU-017-000,102,ACERRU,2020,1,True,False,True,False,False
0102.0-2020-000-BLU-018-000,102,ACERRU,2020,1,True,False,True,False,False
0102.0-2020-000-BLU-019-000,102,ACERRU,2020,1,True,False,True,False,False
0102.0-2020-000-BLU-020-000,102,ACERRU,2020,1,True,False,True,False,False
0102.0-2020-000-BLU-021-000,102,TSUGCA,2020,1,True,False,True,False,False
0102.0-2020-000-BLU-022-000,102,ACERRU,2020,1,True,False,True,False,False
0102.0-2020-000-BLU-023-000,102,ACERRU,2020,1,True,False,True,False,False
0102.0-2020-000-BLU-024-000,102,ACERRU,2020,1,True,False,True,False,False
0102.0-2020-000-BLU-025-000,102,ACERRU,2020,1,True,False,True,False,False
0102.0-2020-000-ORG-026-000,102,ACERRU,2020,1,True,False,True,False,False
0102.0-2020-000-ORG-027-000,102,ACERRU,2020,1,True,False,True,False,False
0102.0-2020-000-ORG-028-000,102,TSUGCA,2020,1,True,False,True,False,False
0102.0-2020-000-ORG-029-000,102,ACERRU,2020,1,True,False,True,False,False
0102.0-2020-000-ORG-030-000,102,TSUGCA,2020,1,True,False,True,False,False
0102.0-2020-000-ORG-031-000,102,TSUGCA,2020,1,True,False,True,False,False
0102.0-2020-000-ORG-032-000,102,TSUGCA,2020,1,True,False,True,False,False
0102.0-2020-000-ORG-033-000,102,ACERRU,2020,1,True,False,True,False,False
0102.0-2020-000-ORG-034-000,102,ACERRU,2020,1,True,False,True,False,False
0102.0-2020-000-ORG-035-000,102,ACERRU,2020,1,True,False,True,False,False
0102.0-2020-000-ORG-036-000,102,ACERRU,2020,1,True,False,True,False,False
0102.0-2020-000-ORG-037-000,102,TSUGCA,2020,1,True,False,True,False,False
0102.0-2020-000-ORG-038-000,102,TSUGCA,2020,1,True,False,True,False,False
0102.0-2020-000-ORG-039-000,102,ACERRU,2020,1,True,False,True,False,False
0102.0-2020-000-ORG-040-000,102,ACERRU,2020,1,True,False,True,False,False
0102.0-2020-000-ORG-041-000,102,ACERRU,2020,1,True,False,True,False,False
0102.0-2020-000-ORG-042-000,102,ACERRU,2020,1,True,False,True,False,False
0102.0-2020-000-ORG-043-000,102,ACERRU,2020,1,True,False,True,False,False
0102.0-2020-000-ORG-044-000,102,ACERRU,2020,1,True,False,True,False,False
0102.0-2020-000-ORG-045-000,102,ACERRU,2020,1,True,False,True,False,False
0102.0-2020-000-ORG-046-000,102,ACERRU,2020,1,True,False,True,False,False
0102.0-2020-000-ORG-047-000,102,ACERRU,2020,1,True,False,True,False,False
0102.0-2020-000-ORG-048-000,102,ACERRU,2020,1,True,False,True,False,False
0102.0-2020-000-ORG-049-000,102,TSUGCA,2020,1,True,False,True,False,False
0102.0-2020-000-ORG-050-000,102,BETUXX,2020,1,True,False,True,False,False
0102.0-2020-000-WHT-065-000,102,BETUXX,2020,1,True,False,True,False,False
0102.0-2020-000-WHT-066-000,102,BETUXX,2020,1,True,False,True,False,False
0102.0-2020-000-WHT-067-000,102,BETUXX,2020,1,True,False,True,False,False
0102.0-2020-000-WHT-068-000,102,BETUXX,2020,1,True,False,True,False,False
0102.0-2020-000-WHT-069-000,102,BETUXX,2020,1,True,False,True,False,False
0102.0-2020-000-WHT-070-000,102,BETUXX,2020,1,True,False,True,False,False
0102.0-2020-000-WHT-071-000,102,BETUXX,2020,1,True,False,True,False,False
0102.0-2020-000-WHT-072-000,102,BETUXX,2020,1,True,False,True,False,False
0102.0-2020-000-WHT-073-000,102,BETUXX,2020,1,True,False,True,False,False
0102.0-2020-000-WHT-074-000,102,TSUGCA,2020,1,True,False,True,False,False
0102.0-2020-000-WHT-075-000,102,TSUGCA,2020,1,True,False,True,False,False
0102.0-2020-000-WHT-076-000,102,TSUGCA,2020,1,True,False,True,False,False
0102.0-2020-000-WHT-077-000,102,TSUGCA,2020,1,True,False,True,False,False
0102.0-2020-000-WHT-078-000,102,TSUGCA,2020,1,True,False,True,False,False
0102.0-2020-000-WHT-079-000,102,TSUGCA,2020,1,True,False,True,False,False
0102.0-2020-000-WHT-080-000,102,TSUGCA,2020,1,True,False,True,False,False
0102.0-2020-000-WHT-081-000,102,TSUGCA,2020,1,True,False,True,False,False
0102.0-2020-000-WHT-082-000,102,TSUGCA,2020,1,True,False,True,False,False
0102.0-2020-000-WHT-083-000,102,TSUGCA,2020,1,True,False,True,False,False
0102.0-2020-000-WHT-084-000,102,TSUGCA,2020,1,True,False,True,False,False
0102.0-2020-000-WHT-085-000,102,TSUGCA,2020,1,True,False,True,False,False
0102.0-2020-000-WHT-086-000,102,ACERRU,2020,1,True,False,True,False,False
0102.0-2020-000-WHT-087-000,102,ACERRU,2020,1,True,False,True,False,False
0102.0-2020-000-WHT-088-000,102,ACERRU,2020,1,True,False,True,False,False
0102.0-2020-000-WHT-089-000,102,ACERRU,2020,1,True,False,True,False,False
0102.0-2020-000-WHT-090-000,102,ACERRU,2020,1,True,False,True,False,False
0102.0-2020-000-WHT-091-000,102,ACERRU,2020,1,True,False,True,False,False
0102.0-2020-000-WHT-092-000,102,ACERRU,2020,1,True,False,True,False,False
0102.0-2020-000-WHT-093-000,102,ACERRU,2020,1,True,False,True,False,False
0102.0-2020-000-WHT-094-000,102,ACERRU,2020,1,True,False,True,False,False
0102.0-2020-000-WHT-095-000,102,ACERRU,2020,1,True,False,True,False,False
0102.0-2020-000-WHT-096-000,102,ACERRU,2020,1,True,False,True,False,False
0102.0-2020-000-WHT-097-000,102,ACERRU,2020,1,True,False,True,False,False
0102.0-2020-000-WHT-098-000,102,ACERRU,2020,1,True,False,True,False,False
0102.0-2020-000-WHT-099-000,102,ACERRU,2020,1,True,False,True,False,False
0102.0-2020-000-WHT-100-000,102,ACERRU,2020,1,True,False,True,False,False
0102.0-2021-000-GRN-080-000,102,PINUST,2021,1,True,False,True,False,False
0102.0-2021-000-ORG-002-000,102,TSUGCA,2021,1,True,False,True,False,False
0102.0-2021-000-ORG-003-000,102,TSUGCA,2021,1,True,False,True,False,False
0102.0-2021-000-ORG-004-000,102,BETUXX,2021,1,True,False,True,False,False
0102.0-2021-000-ORG-005-000,102,BETUXX,2021,1,True,False,True,False,False
0102.0-2021-000-ORG-006-000,102,BETUXX,2021,1,True,False,True,False,False
0102.0-2021-000-ORG-007-000,102,ACERRU,2021,1,True,False,True,False,False
0102.0-2021-000-ORG-008-000,102,TSUGCA,2021,1,True,False,True,False,False
0102.0-2021-000-ORG-009-000,102,TSUGCA,2021,1,True,False,True,False,False
0102.0-2021-000-ORG-010-000,102,TSUGCA,2021,1,True,False,True,False,False
0102.0-2021-000-RED-041-000,102,PINUST,2021,1,True,False,True,False,False
0102.0-2021-000-RED-075-000,102,PINUST,2021,1,True,False,True,False,False
0102.0-2021-000-RED-092-000,102,PINUST,2021,1,True,False,True,False,False
0102.0-2021-000-RED-096-000,102,PINUST,2021,1,True,False,True,False,False
0102.0-2023-000-GRN-016-000,102,ACERRU,2023,1,True,False,True,False,False
0102.0-2023-000-GRN-017-000,102,ACERRU,2023,1,True,False,True,False,False
0102.0-2023-000-GRN-018-000,102,TSUGCA,2023,1,True,False,True,False,False
0102.0-2023-000-GRN-019-000,102,TSUGCA,2023,1,True,False,True,False,False
0102.0-2023-000-GRN-020-000,102,TSUGCA,2023,1,True,False,True,False,False
0102.0-2023-000-GRN-021-000,102,TSUGCA,2023,1,True,False,True,False,False
0102.0-2023-000-GRN-022-000,102,TSUGCA,2023,1,True,False,True,False,False
0102.0-2023-000-GRN-023-000,102,TSUGCA,2023,1,True,False,True,False,False
0102.0-2023-000-GRN-024-000,102,TSUGCA,2023,1,True,False,True,False,False
0102.0-2023-000-GRN-025-000,102,TSUGCA,2023,1,True,False,True,False,False
0102.0-2023-000-RED-001-000,102,ACERRU,2023,1,True,False,True,False,False
0102.0-2023-000-RED-002-000,102,ACERRU,2023,1,True,False,True,False,False
0102.0-2023-000-RED-003-000,102,TSUGCA,2023,1,True,False,True,False,False
0102.0-2023-000-RED-004-000,102,TSUGCA,2023,1,True,False,True,False,False
0102.0-2023-000-RED-005-000,102,TSUGCA,2023,1,True,False,True,False,False
0102.0-2023-000-RED-006-000,102,TSUGCA,2023,1,True,False,True,False,False
0102.0-2023-000-RED-007-000,102,TSUGCA,2023,1,True,False,True,False,False
0102.0-2023-000-RED-008-000,102,TSUGCA,2023,1,True,False,True,False,False
0102.0-2023-000-RED-009-000,102,TSUGCA,2023,1,True,False,True,False,False
0102.0-2023-000-RED-010-000,102,TSUGCA,2023,1,True,False,True,False,False
0102.0-2023-000-RED-011-000,102,TSUGCA,2023,1,True,False,True,False,False
0102.0-2023-000-RED-012-000,102,TSUGCA,2023,1,True,False,True,False,False
0102.0-2023-000-RED-013-000,102,TSUGCA,2023,1,True,False,True,False,False
0102.0-2023-000-RED-014-000,102,TSUGCA,2023,1,True,False,True,False,False
0102.0-2023-000-RED-015-000,102,TSUGCA,2023,1,True,False,True,False,False
0102.0-2023-000-RED-016-000,102,TSUGCA,2023,1,True,False,True,False,False
0102.0-2023-000-RED-017-000,102,TSUGCA,2023,1,True,False,True,False,False
0102.0-2023-000-RED-018-000,102,TSUGCA,2023,1,True,False,True,False,False
0102.0-2023-000-RED-019-000,102,TSUGCA,2023,1,True,False,True,False,False
0102.0-2023-000-RED-020-000,102,TSUGCA,2023,1,True,False,True,False,False
0102.0-2023-000-RED-021-000,102,TSUGCA,2023,1,True,False,True,False,False
0102.0-2023-000-RED-022-000,102,TSUGCA,2023,1,True,False,True,False,False
0102.0-2023-000-RED-023-000,102,TSUGCA,2023,1,True,False,True,False,False
0102.0-2023-000-RED-024-000,102,ACERRU,2023,1,True,False,True,False,False
0102.0-2023-000-RED-025-000,102,TSUGCA,2023,1,True,False,True,False,False
0102.0-2023-000-RED-026-000,102,TSUGCA,2023,1,True,False,True,False,False
0102.0-2023-000-RED-027-000,102,TSUGCA,2023,1,True,False,True,False,False
0102.0-2023-000-RED-028-000,102,BETUXX,2023,1,True,False,True,False,False
0102.0-2023-000-RED-029-000,102,TSUGCA,2023,1,True,False,True,False,False
0102.0-2023-000-RED-030-000,102,TSUGCA,2023,1,True,False,True,False,False
0102.0-2023-000-RED-031-000,102,TSUGCA,2023,1,True,False,True,False,False
0102.0-2023-000-RED-032-000,102,TSUGCA,2023,1,True,False,True,False,False
0102.0-2023-000-RED-033-000,102,TSUGCA,2023,1,True,False,True,False,False
0102.0-2023-000-RED-034-000,102,TSUGCA,2023,1,True,False,True,False,False
0102.0-2023-000-RED-035-000,102,TSUGCA,2023,1,True,False,True,False,False
0102.0-2023-000-RED-036-000,102,TSUGCA,2023,1,True,False,True,False,False
0102.0-2023-000-RED-037-000,102,TSUGCA,2023,1,True,False,True,False,False
0102.0-2023-000-RED-038-000,102,TSUGCA,2023,1,True,False,True,False,False
0102.0-2023-000-RED-039-000,102,BETUXX,2023,1,True,False,True,False,False
0102.0-2023-000-RED-040-000,102,TSUGCA,2023,1,True,False,True,False,False
0102.0-2023-000-RED-042-000,102,TSUGCA,2023,1,True,False,True,False,False
0102.0-2023-000-RED-043-000,102,TSUGCA,2023,1,True,False,True,False,False
0102.0-2023-000-RED-044-000,102,TSUGCA,2023,1,True,False,True,False,False
0102.0-2023-000-RED-045-000,102,TSUGCA,2023,1,True,False,True,False,False
0102.0-2023-000-RED-046-000,102,TSUGCA,2023,1,True,False,True,False,False
0102.0-2023-000-RED-047-000,102,TSUGCA,2023,1,True,False,True,False,False
0102.0-2023-000-RED-048-000,102,TSUGCA,2023,1,True,False,True,False,False
0102.0-2023-000-RED-049-000,102,TSUGCA,2023,1,True,False,True,False,False
0102.0-2023-000-RED-050-000,102,TSUGCA,2023,1,True,False,True,False,False
0102.0-2023-000-RED-051-000,102,TSUGCA,2023,1,True,False,True,False,False
0102.0-2023-000-RED-052-000,102,TSUGCA,2023,1,True,False,True,False,False
0102.0-2023-000-RED-053-000,102,TSUGCA,2023,1,True,False,True,False,False
0102.0-2023-000-RED-054-000,102,TSUGCA,2023,1,True,False,True,False,False
0102.0-2023-000-RED-055-000,102,TSUGCA,2023,1,True,False,True,False,False
0102.0-2023-000-RED-056-000,102,TSUGCA,2023,1,True,False,True,False,False
0102.0-2023-000-RED-057-000,102,TSUGCA,2023,1,True,False,True,False,False
0102.0-2023-000-RED-058-000,102,TSUGCA,2023,1,True,False,True,False,False
0102.0-2023-000-RED-059-000,102,BETUXX,2023,1,True,False,True,False,False
0102.0-2023-000-RED-060-000,102,TSUGCA,2023,1,True,False,True,False,False
0102.0-2023-000-RED-061-000,102,TSUGCA,2023,1,True,False,True,False,False
0102.0-2023-000-RED-062-000,102,TSUGCA,2023,1,True,False,True,False,False
0102.0-2023-000-RED-063-000,102,TSUGCA,2023,1,True,False,True,False,False
0102.0-2023-000-RED-064-000,102,TSUGCA,2023,1,True,False,True,False,False
0102.0-2023-000-RED-065-000,102,TSUGCA,2023,1,True,False,True,False,False
0102.0-2023-000-RED-066-000,102,BETUXX,2023,1,True,False,True,False,False
0102.0-2023-000-RED-067-000,102,TSUGCA,2023,1,True,False,True,False,False
0102.0-2023-000-RED-068-000,102,TSUGCA,2023,1,True,False,True,False,False
0102.0-2023-000-RED-069-000,102,TSUGCA,2023,1,True,False,True,False,False
0102.0-2023-000-RED-070-000,102,TSUGCA,2023,1,True,False,True,False,False
0102.0-2023-000-RED-071-000,102,TSUGCA,2023,1,True,False,True,False,False
0102.0-2023-000-RED-072-000,102,TSUGCA,2023,1,True,False,True,False,False
0102.0-2023-000-RED-073-000,102,TSUGCA,2023,1,True,False,True,False,False
0102.0-2023-000-RED-074-000,102,TSUGCA,2023,1,True,False,True,False,False
0102.0-2023-000-RED-076-000,102,TSUGCA,2023,1,True,False,True,False,False
0102.0-2023-000-RED-077-000,102,TSUGCA,2023,1,True,False,True,False,False
0102.0-2023-000-UNT-001-000,102,ACERRU,2023,1,True,False,True,False,False
0103.0-2017-000-BLU-084-000,103,ACERRU,2017,0,True,True,False,False,False
0103.0-2017-000-BLU-085-000,103,ACERRU,2017,0,True,True,False,False,False
0103.0-2017-000-BLU-086-000,103,ACERRU,2017,0,True,True,False,False,False
0103.0-2017-000-BLU-087-000,103,ACERRU,2017,0,True,True,False,False,False
0103.0-2017-000-BLU-088-000,103,ACERRU,2017,0,True,True,False,False,False
0103.0-2017-000-BLU-089-000,103,ACERRU,2017,0,True,True,False,False,False
0103.0-2017-000-BLU-090-000,103,ACERRU,2017,0,True,True,False,False,False
0103.0-2017-000-BLU-091-000,103,ACERRU,2017,0,True,True,False,False,False
0103.0-2017-000-BLU-092-000,103,ACERRU,2017,0,True,True,False,False,False
0103.0-2017-000-BLU-093-000,103,ACERRU,2017,0,True,True,False,False,False
0103.0-2017-000-BLU-094-000,103,ACERRU,2017,0,True,True,False,False,False
0103.0-2017-000-BLU-095-000,103,ACERRU,2017,0,True,True,False,False,False
0103.0-2017-000-BLU-096-000,103,ACERRU,2017,0,True,True,False,False,False
0103.0-2017-000-BLU-097-000,103,ACERRU,2017,0,True,True,False,False,False
0103.0-2017-000-BLU-098-000,103,ACERRU,2017,0,True,True,False,False,False
0103.0-2017-000-BLU-099-000,103,ACERRU,2017,0,True,True,False,False,False
0103.0-2017-000-BLU-100-000,103,ACERRU,2017,0,True,True,False,False,False
0103.0-2017-000-RED-026-000,103,ACERRU,2017,0,True,True,False,False,False
0103.0-2017-000-RED-027-000,103,ACERRU,2017,0,True,True,False,False,False
0103.0-2017-000-RED-028-000,103,ACERRU,2017,0,True,True,False,False,False
0103.0-2017-000-RED-029-000,103,ACERRU,2017,0,True,True,False,False,False
0103.0-2017-000-RED-030-000,103,ACERRU,2017,0,True,True,False,False,False
0103.0-2017-000-RED-031-000,103,ACERRU,2017,0,True,True,False,False,False
0103.0-2017-000-RED-032-000,103,ACERRU,2017,0,True,True,False,False,False
0103.0-2017-000-RED-033-000,103,ACERRU,2017,0,True,True,False,False,False
0103.0-2017-000-RED-034-000,103,ACERRU,2017,0,True,True,False,False,False
0103.0-2017-000-RED-035-000,103,ACERRU,2017,0,True,True,False,False,False
0103.0-2017-000-RED-036-000,103,ACERRU,2017,0,True,True,False,False,False
0103.0-2017-000-RED-037-000,103,ACERRU,2017,0,True,True,False,False,False
0103.0-2017-000-RED-038-000,103,ACERRU,2017,0,True,True,False,False,False
0103.0-2017-000-RED-039-000,103,ACERRU,2017,0,True,True,False,False,False
0103.0-2017-000-RED-040-000,103,ACERRU,2017,0,True,True,False,False,False
0103.0-2017-000-RED-041-000,103,ACERRU,2017,0,True,True,False,False,False
0103.0-2017-000-RED-042-000,103,ACERRU,2017,0,True,True,False,False,False
0103.0-2017-000-RED-043-000,103,ACERRU,2017,0,True,True,False,False,False
0103.0-2017-000-RED-044-000,103,ACERRU,2017,0,True,True,False,False,False
0103.0-2017-000-RED-045-000,103,ACERRU,2017,0,True,True,False,False,False
0103.0-2017-000-RED-046-000,103,ACERRU,2017,0,True,True,False,False,False
0103.0-2017-000-RED-047-000,103,ACERRU,2017,0,True,True,False,False,False
0103.0-2017-000-RED-048-000,103,ACERRU,2017,0,True,True,False,False,False
0103.0-2017-000-RED-049-000,103,ACERRU,2017,0,True,True,False,False,False
0103.0-2017-000-RED-050-000,103,ACERRU,2017,0,True,True,False,False,False
0103.0-2017-000-RED-051-000,103,ACERRU,2017,0,True,True,False,False,False
0103.0-2017-000-RED-052-000,103,ACERRU,2017,0,True,True,False,False,False
0103.0-2017-000-RED-053-000,103,TSUGCA,2017,0,True,True,False,False,False
0103.0-2017-000-RED-054-000,103,ACERRU,2017,0,True,True,False,False,False
0103.0-2017-000-RED-055-000,103,ACERRU,2017,0,True,True,False,False,False
0103.0-2017-000-RED-056-000,103,ACERRU,2017,0,True,True,False,False,False
0103.0-2017-000-RED-057-000,103,ACERRU,2017,0,True,True,False,False,False
0103.0-2017-000-RED-058-000,103,ACERRU,2017,0,True,True,False,False,False
0103.0-2017-000-RED-059-000,103,ACERRU,2017,0,True,True,False,False,False
0103.0-2017-000-RED-060-000,103,ACERRU,2017,0,True,True,False,False,False
0103.0-2017-000-RED-061-000,103,ACERRU,2017,0,True,True,False,False,False
0103.0-2017-000-RED-062-000,103,ACERRU,2017,0,True,True,False,False,False
0103.0-2017-000-RED-063-000,103,ACERRU,2017,0,True,True,False,False,False
0103.0-2017-000-RED-064-000,103,ACERRU,2017,0,True,True,False,False,False
0103.0-2018-000-WHT-011-000,103,TSUGCA,2018,1,True,False,True,False,False
0103.0-2018-000-WHT-013-000,103,TSUGCA,2018,1,True,False,True,False,False
0103.0-2018-000-WHT-026-000,103,TSUGCA,2018,1,True,False,True,False,False
0103.0-2018-000-WHT-041-000,103,PINUST,2018,1,True,False,True,False,False
0103.0-2018-000-WHT-071-000,103,TSUGCA,2018,1,True,False,True,False,False
0103.0-2018-000-YLW-009-000,103,ACERRU,2018,1,True,False,True,False,False
0103.0-2018-000-YLW-010-000,103,ACERRU,2018,1,True,False,True,False,False
0103.0-2018-000-YLW-011-000,103,ACERRU,2018,1,True,False,True,False,False
0103.0-2018-000-YLW-012-000,103,ACERRU,2018,1,True,False,True,False,False
0103.0-2018-000-YLW-013-000,103,ACERRU,2018,1,True,False,True,False,False
0103.0-2018-000-YLW-014-000,103,ACERRU,2018,1,True,False,True,False,False
0103.0-2018-000-YLW-015-000,103,ACERRU,2018,1,True,False,True,False,False
0103.0-2020-000-YLW-026-000,103,ACERRU,2020,1,True,False,True,False,False
0103.0-2020-000-YLW-027-000,103,TSUGCA,2020,1,True,False,True,False,False
0103.0-2020-000-YLW-028-000,103,TSUGCA,2020,1,True,False,True,False,False
0103.0-2020-000-YLW-029-000,103,ACERRU,2020,1,True,False,True,False,False
0103.0-2020-000-YLW-030-000,103,ACERRU,2020,1,True,False,True,False,False
0103.0-2020-000-YLW-031-000,103,ACERRU,2020,1,True,False,True,False,False
0103.0-2020-000-YLW-032-000,103,TSUGCA,2020,1,True,False,True,False,False
0103.0-2020-000-YLW-033-000,103,TSUGCA,2020,1,True,False,True,False,False
0103.0-2020-000-YLW-034-000,103,QUERRU,2020,1,True,False,True,False,False
0103.0-2021-000-BLU-003-000,103,PINUST,2021,1,True,False,True,False,False
0103.0-2021-000-BLU-004-000,103,TSUGCA,2021,1,True,False,True,False,False
0103.0-2021-000-BLU-005-000,103,ACERRU,2021,1,True,False,True,False,False
0103.0-2021-000-ORG-011-000,103,TSUGCA,2021,1,True,False,True,False,False
0103.0-2021-000-ORG-012-000,103,TSUGCA,2021,1,True,False,True,False,False
0103.0-2021-000-ORG-013-000,103,ACERRU,2021,1,True,False,True,False,False
0103.0-2021-000-ORG-014-000,103,ACERRU,2021,1,True,False,True,False,False
0103.0-2021-000-ORG-015-000,103,ACERRU,2021,1,True,False,True,False,False
0103.0-2021-000-ORG-016-000,103,ACERRU,2021,1,True,False,True,False,False
0103.0-2022-000-BLU-042-000,103,PINUST,2022,0,True,False,False,False,False
0103.0-2023-000-WHT-001-000,103,ACERRU,2023,1,True,False,True,False,False
0103.0-2023-000-WHT-002-000,103,ACERRU,2023,1,True,False,True,False,False
0103.0-2023-000-WHT-003-000,103,ACERRU,2023,1,True,False,True,False,False
0103.0-2023-000-WHT-004-000,103,NYSSSY,2023,1,True,False,True,False,False
0103.0-2023-000-WHT-005-000,103,ACERRU,2023,1,True,False,True,False,False
0103.0-2023-000-WHT-006-000,103,BETUXX,2023,1,True,False,True,False,False
0103.0-2023-000-WHT-007-000,103,BETUXX,2023,1,True,False,True,False,False
0104.0-2017-000-RED-065-000,104,ACERRU,2017,0,True,True,False,False,False
0104.0-2017-000-RED-066-000,104,ACERRU,2017,0,True,True,False,False,False
0104.0-2017-000-RED-067-000,104,ACERRU,2017,0,True,True,False,False,False
0104.0-2017-000-RED-068-000,104,ACERRU,2017,0,True,True,False,False,False
0104.0-2017-000-RED-069-000,104,ACERRU,2017,0,True,True,False,False,False
0104.0-2017-000-RED-070-000,104,ACERRU,2017,0,True,True,False,False,False
0104.0-2017-000-RED-071-000,104,ACERRU,2017,0,True,True,False,False,False
0104.0-2017-000-RED-072-000,104,ACERRU,2017,0,True,True,False,False,False
0104.0-2017-000-RED-073-000,104,TSUGCA,2017,0,True,True,False,False,False
0104.0-2017-000-RED-074-000,104,ACERRU,2017,0,True,True,False,False,False
0104.0-2017-000-RED-075-000,104,ACERRU,2017,0,True,True,False,False,False
0104.0-2017-000-RED-076-000,104,TSUGCA,2017,0,True,True,False,False,False
0104.0-2017-000-RED-077-000,104,TSUGCA,2017,0,True,True,False,False,False
0104.0-2017-000-RED-078-000,104,ACERRU,2017,0,True,True,False,False,False
0104.0-2017-000-RED-079-000,104,ACERRU,2017,0,True,True,False,False,False
0104.0-2017-000-RED-080-000,104,TSUGCA,2017,0,True,True,False,False,False
0104.0-2017-000-RED-081-000,104,ACERRU,2017,0,True,True,False,False,False
0104.0-2017-000-RED-082-000,104,ACERRU,2017,0,True,True,False,False,False
0104.0-2017-000-RED-083-000,104,ACERRU,2017,0,True,True,False,False,False
0104.0-2017-000-RED-084-000,104,ACERRU,2017,0,True,True,False,False,False
0104.0-2017-000-RED-085-000,104,ACERRU,2017,0,True,True,False,False,False
0104.0-2017-000-RED-086-000,104,ACERRU,2017,0,True,True,False,False,False
0104.0-2017-000-RED-087-000,104,ACERRU,2017,0,True,True,False,False,False
0104.0-2017-000-RED-088-000,104,ACERRU,2017,0,True,True,False,False,False
0104.0-2017-000-RED-089-000,104,PINUST,2017,0,True,True,False,False,False
0104.0-2017-000-RED-090-000,104,ACERRU,2017,0,True,True,False,False,False
0104.0-2017-000-RED-091-000,104,ACERRU,2017,0,True,True,False,False,False
0104.0-2017-000-RED-092-000,104,ACERRU,2017,0,True,True,False,False,False
0104.0-2017-000-RED-093-000,104,ACERRU,2017,0,True,True,False,False,False
0104.0-2017-000-RED-094-000,104,ACERRU,2017,0,True,True,False,False,False
0104.0-2017-000-RED-095-000,104,ACERRU,2017,0,True,True,False,False,False
0104.0-2017-000-RED-096-000,104,ACERRU,2017,0,True,True,False,False,False
0104.0-2017-000-RED-097-000,104,ACERRU,2017,0,True,True,False,False,False
0104.0-2017-000-RED-098-000,104,ACERRU,2017,0,True,True,False,False,False
0104.0-2017-000-RED-099-000,104,ACERRU,2017,0,True,True,False,False,False
0104.0-2017-000-RED-100-000,104,ACERRU,2017,0,True,True,False,False,False
0104.0-2018-000-YLW-016-000,104,ACERRU,2018,1,True,False,True,False,False
0104.0-2018-000-YLW-017-000,104,ACERRU,2018,1,True,False,True,False,False
0104.0-2018-000-YLW-018-000,104,ACERRU,2018,1,True,False,True,False,False
0104.0-2018-000-YLW-019-000,104,ACERRU,2018,1,True,False,True,False,False
0104.0-2018-000-YLW-020-000,104,ACERRU,2018,1,True,False,True,False,False
0104.0-2018-000-YLW-021-000,104,PINUST,2018,1,True,False,True,False,False
0104.0-2018-000-YLW-022-000,104,PINUST,2018,1,True,False,True,False,False
0104.0-2019-000-WHT-011-000,104,PINUST,2019,1,True,False,True,False,False
0104.0-2019-000-WHT-026-000,104,PINUST,2019,1,True,False,True,False,False
0104.0-2020-000-YLW-035-000,104,ACERRU,2020,1,True,False,True,False,False
0104.0-2020-000-YLW-036-000,104,ACERRU,2020,1,True,False,True,False,False
0104.0-2020-000-YLW-037-000,104,TSUGCA,2020,1,True,False,True,False,False
0104.0-2020-000-YLW-038-000,104,ACERRU,2020,1,True,False,True,False,False
0104.0-2020-000-YLW-039-000,104,ACERRU,2020,1,True,False,True,False,False
0104.0-2020-000-YLW-040-000,104,TSUGCA,2020,1,True,False,True,False,False
0104.0-2020-000-YLW-041-000,104,ACERRU,2020,1,True,False,True,False,False
0104.0-2020-000-YLW-042-000,104,ACERRU,2020,1,True,False,True,False,False
0104.0-2020-000-YLW-043-000,104,ACERRU,2020,1,True,False,True,False,False
0104.0-2020-000-YLW-044-000,104,ACERRU,2020,1,True,False,True,False,False
0104.0-2020-000-YLW-045-000,104,ACERRU,2020,1,True,False,True,False,False
0104.0-2020-000-YLW-046-000,104,ACERRU,2020,1,True,False,True,False,False
0104.0-2020-000-YLW-047-000,104,TSUGCA,2020,1,True,False,True,False,False
0104.0-2020-000-YLW-048-000,104,TSUGCA,2020,1,True,False,True,False,False
0104.0-2021-000-ORG-017-000,104,ACERRU,2021,1,True,False,True,False,False
0104.0-2021-000-ORG-018-000,104,ACERRU,2021,1,True,False,True,False,False
0104.0-2021-000-ORG-019-000,104,ACERRU,2021,1,True,False,True,False,False
0104.0-2021-000-ORG-020-000,104,TSUGCA,2021,1,True,False,True,False,False
0104.0-2021-000-ORG-021-000,104,TSUGCA,2021,1,True,False,True,False,False
0104.0-2021-000-ORG-022-000,104,TSUGCA,2021,1,True,False,True,False,False
0104.0-2022-000-BLU-001-000,104,PINUST,2022,0,True,False,False,False,False
0104.0-2022-000-BLU-002-000,104,PINUST,2022,0,True,False,False,False,False
0104.0-2022-000-BLU-003-000,104,UNKNXX,2022,1,True,False,True,False,False
0104.0-2022-000-BLU-004-000,104,UNKNCO,2022,1,True,False,True,False,False
0104.0-2023-000-BLU-005-000,104,ACERRU,2023,0,True,False,False,False,False
0104.0-2023-000-WHT-027-000,104,TSUGCA,2023,1,True,False,True,False,False
0104.0-2023-000-WHT-028-000,104,ACERRU,2023,0,True,False,False,False,False
0104.0-2023-000-WHT-029-000,104,TSUGCA,2023,1,True,False,True,False,False
0105.0-2017-000-RED-073-000,105,UNKNXX,2023,0,True,False,False,False,False
0105.0-2017-000-RED-074-000,105,PINUST,2023,0,True,False,False,False,False
0105.0-2017-000-WHT-001-000,105,ACERRU,2017,0,True,True,False,False,False
0105.0-2017-000-WHT-002-000,105,ACERRU,2017,0,True,True,False,False,False
0105.0-2017-000-WHT-003-000,105,ACERRU,2017,0,True,True,False,False,False
0105.0-2017-000-WHT-004-000,105,ACERRU,2017,0,True,True,False,False,False
0105.0-2017-000-WHT-005-000,105,ACERRU,2017,0,True,True,False,False,False
0105.0-2017-000-WHT-006-000,105,ACERRU,2017,0,True,True,False,False,False
0105.0-2017-000-WHT-007-000,105,ACERRU,2017,0,True,True,False,False,False
0105.0-2017-000-WHT-008-000,105,ACERRU,2017,0,True,True,False,False,False
0105.0-2017-000-WHT-009-000,105,ACERRU,2017,0,True,True,False,False,False
0105.0-2017-000-WHT-010-000,105,ACERRU,2017,0,True,True,False,False,False
0105.0-2018-000-YLW-018-000,105,TSUGCA,2018,1,True,False,True,False,False
0105.0-2018-000-YLW-021-000,105,ACERRU,2018,1,True,False,True,False,False
0105.0-2018-000-YLW-022-000,105,ACERRU,2018,1,True,False,True,False,False
0105.0-2018-000-YLW-023-000,105,ACERRU,2018,1,True,False,True,False,False
0105.0-2018-000-YLW-024-000,105,ACERRU,2018,1,True,False,True,False,False
0105.0-2018-000-YLW-025-000,105,ACERRU,2018,1,True,False,True,False,False
0105.0-2018-000-YLW-026-000,105,VACCXX,2018,1,True,False,True,False,False
0105.0-2019-000-YLW-009-000,105,PINUST,2019,1,True,False,True,False,False
0105.0-2019-000-YLW-023-000,105,ACERRU,2019,1,True,False,True,False,False
0105.0-2020-000-WHT-026-000,105,ACERRU,2020,1,True,False,True,False,False
0105.0-2020-000-WHT-027-000,105,ACERRU,2020,1,True,False,True,False,False
0105.0-2020-000-YLW-049-000,105,ACERRU,2020,1,True,False,True,False,False
0105.0-2020-000-YLW-050-000,105,ACERRU,2020,1,True,False,True,False,False
0105.0-2021-000-BLU-001-000,105,PINUST,2021,1,True,False,True,False,False
0105.0-2021-000-BLU-002-000,105,PINUST,2021,1,True,False,True,False,False
0105.0-2023-000-BLU-005-000,105,TSUGCA,2023,1,True,False,True,False,False
0105.0-2023-000-BLU-006-000,105,BETUXX,2023,1,True,False,True,False,False
0105.0-2023-000-BLU-007-000,105,TSUGCA,2023,1,True,False,True,False,False
0105.0-2023-000-BLU-008-000,105,TSUGCA,2023,1,True,False,True,False,False
0105.0-2023-000-BLU-009-000,105,TSUGCA,2023,1,True,False,True,False,False
0105.0-2023-000-BLU-010-000,105,TSUGCA,2023,1,True,False,True,False,False
0105.0-2023-000-BLU-011-000,105,TSUGCA,2023,1,True,False,True,False,False
0105.0-2023-000-BLU-012-000,105,TSUGCA,2023,1,True,False,True,False,False
0105.0-2023-000-BLU-013-000,105,TSUGCA,2023,1,True,False,True,False,False
0105.0-2023-000-RED-072-000,105,UNKNXX,2023,0,True,False,False,False,False
0106.0-2017-000-WHT-017-000,106,VIBULA,2017,0,True,True,False,False,False
0106.0-2017-000-WHT-018-000,106,VIBULA,2017,0,True,True,False,False,False
0106.0-2017-000-WHT-021-000,106,VIBULA,2017,0,True,True,False,False,False
0106.0-2017-000-WHT-022-000,106,VIBULA,2017,0,True,True,False,False,False
0106.0-2017-000-WHT-023-000,106,VIBULA,2017,0,True,True,False,False,False
0106.0-2017-000-WHT-024-000,106,VIBULA,2017,0,True,True,False,False,False
0106.0-2017-000-WHT-025-000,106,VIBULA,2017,0,True,True,False,False,False
0106.0-2017-000-WHT-027-000,106,VIBULA,2017,0,True,True,False,False,False
0106.0-2018-000-YLW-027-000,106,ACERRU,2018,1,True,False,True,False,False
0106.0-2018-000-YLW-028-000,106,ACERRU,2018,1,True,False,True,False,False
0106.0-2018-000-YLW-029-000,106,VIBULA,2018,1,True,False,True,False,False
0106.0-2018-000-YLW-030-000,106,ACERRU,2018,1,True,False,True,False,False
0106.0-2019-000-RED-072-000,106,ACERRU,2019,1,True,False,True,False,False
0106.0-2021-000-ORG-023-000,106,VIBULA,2021,1,True,False,True,False,False
0106.0-2021-000-ORG-024-000,106,VIBULA,2021,1,True,False,True,False,False
0106.0-2021-000-ORG-025-000,106,VIBULA,2021,1,True,False,True,False,False
0106.0-2021-000-RED-072-000,106,PINUST,2021,1,True,False,True,False,False
0106.0-2021-000-RED-073-000,106,PINUST,2021,1,True,False,True,False,False
0106.0-2021-000-RED-074-000,106,PINUST,2021,1,True,False,True,False,False
0106.0-2023-000-BLU-015-000,106,TSUGCA,2023,1,True,False,True,False,False
0106.0-2023-000-WHT-011-000,106,VIBULA,2023,0,True,False,False,False,False
0106.0-2023-000-WHT-015-000,106,VIBULA,2023,0,True,False,False,False,False
0106.0-2023-000-WHT-016-000,106,VIBULA,2023,0,True,False,False,False,False
0106.0-2023-000-WHT-019-000,106,UNKNXX,2023,0,True,False,False,False,False
0107.0-2017-000-WHT-028-000,107,ACERRU,2017,0,True,True,False,False,False
0107.0-2017-000-WHT-029-000,107,ACERRU,2017,0,True,True,False,False,False
0107.0-2017-000-WHT-030-000,107,ACERRU,2017,0,True,True,False,False,False
0107.0-2017-000-WHT-031-000,107,ACERRU,2017,0,True,True,False,False,False
0107.0-2017-000-WHT-032-000,107,ACERRU,2017,0,True,True,False,False,False
0107.0-2018-000-YLW-031-000,107,ACERRU,2018,1,True,False,True,False,False
0107.0-2018-000-YLW-032-000,107,ACERRU,2018,1,True,False,True,False,False
0107.0-2019-000-ORG-065-000,107,ACERRU,2019,1,True,False,True,False,False
0107.0-2019-000-WHT-004-000,107,ACERPE,2019,1,True,False,True,False,False
0107.0-2019-000-WHT-006-000,107,ACERRU,2019,1,True,False,True,False,False
0107.0-2019-000-WHT-022-000,107,ACERPE,2019,1,True,False,True,False,False
0107.0-2021-000-BLU-011-000,107,TSUGCA,2021,1,True,False,True,False,False
0107.0-2021-000-RED-071-000,107,PINUST,2021,1,True,False,True,False,False
0107.0-2023-000-BLU-001-000,107,BETUXX,2023,1,True,False,True,False,False
0107.0-2023-000-BLU-002-000,107,TSUGCA,2023,1,True,False,True,False,False
0107.0-2023-000-BLU-003-000,107,TSUGCA,2023,1,True,False,True,False,False
0107.0-2023-000-BLU-004-000,107,TSUGCA,2023,1,True,False,True,False,False
0107.0-2023-000-BLU-014-000,107,TSUGCA,2023,1,True,False,True,False,False
0107.0-2023-000-BLU-016-000,107,TSUGCA,2023,1,True,False,True,False,False
0107.0-2023-000-BLU-017-000,107,TSUGCA,2023,1,True,False,True,False,False
0107.0-2023-000-BLU-018-000,107,ACERRU,2023,1,True,False,True,False,False
0107.0-2023-000-BLU-019-000,107,TSUGCA,2023,1,True,False,True,False,False
0107.0-2023-000-BLU-020-000,107,BETUXX,2023,1,True,False,True,False,False
0107.0-2023-000-BLU-021-000,107,UNKNXX,2023,1,True,False,True,False,False
0108.0-2017-000-WHT-033-000,108,ACERRU,2017,0,True,True,False,False,False
0108.0-2017-000-WHT-034-000,108,ACERRU,2017,0,True,True,False,False,False
0108.0-2017-000-WHT-035-000,108,ACERRU,2017,0,True,True,False,False,False
0108.0-2017-000-WHT-036-000,108,ACERRU,2017,0,True,True,False,False,False
0108.0-2017-000-WHT-037-000,108,ACERRU,2017,0,True,True,False,False,False
0108.0-2017-000-WHT-038-000,108,ACERRU,2017,0,True,True,False,False,False
0108.0-2017-000-WHT-039-000,108,ACERRU,2017,0,True,True,False,False,False
0108.0-2017-000-WHT-040-000,108,ACERRU,2017,0,True,True,False,False,False
0108.0-2017-000-WHT-041-000,108,ACERRU,2017,0,True,True,False,False,False
0108.0-2018-000-YLW-020-000,108,TSUGCA,2018,1,True,False,True,False,False
0108.0-2018-000-YLW-024-000,108,TSUGCA,2018,1,True,False,True,False,False
0108.0-2018-000-YLW-025-000,108,PINUST,2018,1,True,False,True,False,False
0108.0-2018-000-YLW-033-000,108,ACERRU,2018,1,True,False,True,False,False
0108.0-2018-000-YLW-034-000,108,ACERRU,2018,1,True,False,True,False,False
0108.0-2018-000-YLW-035-000,108,ACERRU,2018,1,True,False,True,False,False
0108.0-2018-000-YLW-036-000,108,ACERRU,2018,1,True,False,True,False,False
0108.0-2018-000-YLW-037-000,108,ACERRU,2018,1,True,False,True,False,False
0108.0-2018-000-YLW-038-000,108,ACERRU,2018,1,True,False,True,False,False
0108.0-2018-000-YLW-039-000,108,ACERRU,2018,1,True,False,True,False,False
0108.0-2019-000-BLU-025-000,108,ACERPE,2019,1,True,False,True,False,False
0108.0-2019-000-YLW-045-000,108,ACERRU,2019,1,True,False,True,False,False
0108.0-2020-000-WHT-028-000,108,ACERRU,2020,1,True,False,True,False,False
0108.0-2020-000-WHT-029-000,108,ACERRU,2020,1,True,False,True,False,False
0108.0-2021-000-RED-001-000,108,ACERRU,2021,1,True,False,True,False,False
0108.0-2021-000-RED-068-000,108,PINUST,2021,1,True,False,True,False,False
0108.0-2021-000-RED-069-000,108,PINUST,2021,1,True,False,True,False,False
0108.0-2021-000-RED-070-000,108,PINUST,2021,1,True,False,True,False,False
0108.0-2023-000-BLU-026-000,108,TSUGCA,2023,1,True,False,True,False,False
0108.0-2023-000-BLU-027-000,108,TSUGCA,2023,1,True,False,True,False,False
0109.0-2017-000-ORG-035-000,109,ACERRU,2017,0,True,True,False,False,False
0109.0-2017-000-ORG-036-000,109,ACERRU,2017,0,True,True,False,False,False
0109.0-2017-000-ORG-037-000,109,ACERRU,2017,0,True,True,False,False,False
0109.0-2017-000-ORG-038-000,109,ACERRU,2017,0,True,True,False,False,False
0109.0-2018-000-GRN-051-000,109,ACERRU,2018,1,True,False,True,False,False
0109.0-2018-000-GRN-052-000,109,ACERRU,2018,1,True,False,True,False,False
0109.0-2018-000-GRN-053-000,109,ACERRU,2018,1,True,False,True,False,False
0109.0-2018-000-GRN-054-000,109,ACERRU,2018,1,True,False,True,False,False
0109.0-2018-000-GRN-055-000,109,ACERRU,2018,1,True,False,True,False,False
0109.0-2018-000-GRN-056-000,109,ACERRU,2018,1,True,False,True,False,False
0109.0-2018-000-GRN-057-000,109,ACERRU,2018,1,True,False,True,False,False
0109.0-2018-000-WHT-005-000,109,PINUST,2018,1,True,False,True,False,False
0109.0-2018-000-YLW-040-000,109,ACERRU,2018,1,True,False,True,False,False
0109.0-2018-000-YLW-041-000,109,ACERRU,2018,1,True,False,True,False,False
0109.0-2018-000-YLW-042-000,109,ACERRU,2018,1,True,False,True,False,False
0109.0-2018-000-YLW-043-000,109,ACERRU,2018,1,True,False,True,False,False
0109.0-2018-000-YLW-044-000,109,ACERRU,2018,1,True,False,True,False,False
0109.0-2018-000-YLW-045-000,109,ACERRU,2018,1,True,False,True,False,False
0109.0-2018-000-YLW-046-000,109,ACERRU,2018,1,True,False,True,False,False
0109.0-2018-000-YLW-047-000,109,ACERRU,2018,1,True,False,True,False,False
0109.0-2018-000-YLW-048-000,109,ACERRU,2018,1,True,False,True,False,False
0109.0-2018-000-YLW-049-000,109,ACERRU,2018,1,True,False,True,False,False
0109.0-2018-000-YLW-050-000,109,ACERRU,2018,1,True,False,True,False,False
0109.0-2019-000-WHT-032-000,109,ACERRU,2019,1,True,False,True,False,False
0109.0-2020-000-WHT-030-000,109,ACERRU,2020,1,True,False,True,False,False
0109.0-2020-000-WHT-031-000,109,ACERRU,2020,1,True,False,True,False,False
0109.0-2020-000-WHT-032-000,109,ACERRU,2020,1,True,False,True,False,False
0109.0-2020-000-WHT-033-000,109,ACERRU,2020,1,True,False,True,False,False
0109.0-2020-000-WHT-034-000,109,ACERRU,2020,1,True,False,True,False,False
0109.0-2021-000-RED-002-000,109,ACERRU,2021,1,True,False,True,False,False
0109.0-2021-000-RED-003-000,109,ACERRU,2021,1,True,False,True,False,False
0109.0-2021-000-RED-060-000,109,PINUST,2021,1,True,False,True,False,False
0109.0-2021-000-RED-061-000,109,PINUST,2021,1,True,False,True,False,False
0109.0-2021-000-RED-062-000,109,PINUST,2021,1,True,False,True,False,False
0109.0-2021-000-RED-063-000,109,PINUST,2021,1,True,False,True,False,False
0109.0-2021-000-RED-064-000,109,PINUST,2021,1,True,False,True,False,False
0109.0-2021-000-RED-065-000,109,PINUST,2021,1,True,False,True,False,False
0109.0-2021-000-RED-066-000,109,PINUST,2021,1,True,False,True,False,False
0109.0-2021-000-RED-067-000,109,PINUST,2021,1,True,False,True,False,False
0109.0-2023-000-BLU-028-000,109,BETUXX,2023,1,True,False,True,False,False
0109.0-2023-000-BLU-029-000,109,ACERRU,2023,1,True,False,True,False,False
0109.0-2023-000-BLU-030-000,109,BETUXX,2023,1,True,False,True,False,False
0109.0-2023-000-BLU-031-000,109,ACERRU,2023,1,True,False,True,False,False
0109.0-2023-000-BLU-032-000,109,ACERRU,2023,1,True,False,True,False,False
0109.0-2023-000-BLU-033-000,109,ACERRU,2023,1,True,False,True,False,False
0109.0-2023-000-BLU-034-000,109,ACERRU,2023,1,True,False,True,False,False
0109.0-2023-000-BLU-035-000,109,ACERRU,2023,1,True,False,True,False,False
0109.0-2023-000-BLU-036-000,109,ACERRU,2023,1,True,False,True,False,False
0109.0-2023-000-BLU-037-000,109,ACERRU,2023,1,True,False,True,False,False
0110.0-2017-000-WHT-042-000,110,ACERRU,2017,0,True,True,False,False,False
0110.0-2017-000-WHT-043-000,110,UNKNXX,2017,0,True,True,False,False,False
0110.0-2017-000-WHT-044-000,110,ACERRU,2017,0,True,True,False,False,False
0110.0-2017-000-WHT-045-000,110,ACERRU,2017,0,True,True,False,False,False
0110.0-2017-000-WHT-046-000,110,VIBUNU,2017,0,True,True,False,False,False
0110.0-2017-000-WHT-047-000,110,VIBULA,2017,0,True,True,False,False,False
0110.0-2017-000-WHT-048-000,110,ACERRU,2017,0,True,True,False,False,False
0110.0-2018-000-GRN-058-000,110,ACERRU,2018,1,True,False,True,False,False
0110.0-2018-000-GRN-059-000,110,ACERRU,2018,1,True,False,True,False,False
0110.0-2018-000-GRN-060-000,110,ACERRU,2018,1,True,False,True,False,False
0110.0-2018-000-GRN-061-000,110,ACERRU,2018,1,True,False,True,False,False
0110.0-2018-000-GRN-062-000,110,ACERRU,2018,1,True,False,True,False,False
0110.0-2018-000-GRN-063-000,110,ACERRU,2018,1,True,False,True,False,False
0110.0-2018-000-GRN-064-000,110,ACERRU,2018,1,True,False,True,False,False
0110.0-2018-000-GRN-065-000,110,ACERRU,2018,1,True,False,True,False,False
0110.0-2018-000-GRN-066-000,110,VIBUNU,2018,1,True,False,True,False,False
0110.0-2018-000-GRN-067-000,110,ACERRU,2018,1,True,False,True,False,False
0110.0-2018-000-GRN-068-000,110,ACERRU,2018,1,True,False,True,False,False
0110.0-2018-000-GRN-069-000,110,ACERRU,2018,1,True,False,True,False,False
0110.0-2018-000-GRN-070-000,110,ACERRU,2018,1,True,False,True,False,False
0110.0-2018-000-GRN-071-000,110,ACERRU,2018,1,True,False,True,False,False
0110.0-2018-000-GRN-072-000,110,ACERRU,2018,1,True,False,True,False,False
0110.0-2018-000-GRN-073-000,110,ACERRU,2018,1,True,False,True,False,False
0110.0-2018-000-GRN-074-000,110,ACERRU,2018,1,True,False,True,False,False
0110.0-2018-000-GRN-075-000,110,ACERRU,2018,1,True,False,True,False,False
0110.0-2018-000-RED-001-000,110,ACERRU,2018,1,True,False,True,False,False
0110.0-2018-000-RED-002-000,110,ACERRU,2018,1,True,False,True,False,False
0110.0-2018-000-RED-003-000,110,ACERRU,2018,1,True,False,True,False,False
0110.0-2018-000-RED-004-000,110,ACERRU,2018,1,True,False,True,False,False
0110.0-2018-000-RED-005-000,110,ACERRU,2018,1,True,False,True,False,False
0110.0-2018-000-RED-006-000,110,ACERRU,2018,1,True,False,True,False,False
0110.0-2018-000-RED-007-000,110,ACERRU,2018,1,True,False,True,False,False
0110.0-2018-000-RED-008-000,110,ACERRU,2018,1,True,False,True,False,False
0110.0-2018-000-RED-009-000,110,ACERRU,2018,1,True,False,True,False,False
0110.0-2018-000-RED-010-000,110,ACERRU,2018,1,True,False,True,False,False
0110.0-2018-000-RED-011-000,110,ACERRU,2018,1,True,False,True,False,False
0110.0-2018-000-RED-012-000,110,ACERRU,2018,1,True,False,True,False,False
0110.0-2018-000-RED-013-000,110,ACERRU,2018,1,True,False,True,False,False
0110.0-2018-000-RED-014-000,110,ACERRU,2018,1,True,False,True,False,False
0110.0-2019-000-BLU-053-000,110,ACERRU,2019,1,True,False,True,False,False
0110.0-2019-000-BLU-086-000,110,ACERRU,2019,1,True,False,True,False,False
0110.0-2019-000-YLW-037-000,110,ACERRU,2019,1,True,False,True,False,False
0110.0-2020-000-ORG-001-000,110,ACERRU,2020,1,True,False,True,False,False
0110.0-2020-000-ORG-002-000,110,ACERRU,2020,1,True,False,True,False,False
0110.0-2020-000-ORG-003-000,110,ACERRU,2020,1,True,False,True,False,False
0110.0-2021-000-RED-004-000,110,ACERRU,2021,1,True,False,True,False,False
0110.0-2021-000-RED-005-000,110,TSUGCA,2021,1,True,False,True,False,False
0110.0-2021-000-RED-056-000,110,PINUST,2021,1,True,False,True,False,False
0110.0-2021-000-RED-057-000,110,PINUST,2021,1,True,False,True,False,False
0110.0-2021-000-RED-058-000,110,PINUST,2021,1,True,False,True,False,False
0110.0-2021-000-RED-059-000,110,PINUST,2021,1,True,False,True,False,False
0110.0-2022-000-BLU-015-000,110,PINUST,2022,1,True,False,True,False,False
0110.0-2022-000-BLU-026-000,110,PINUST,2022,1,True,False,True,False,False
0110.0-2022-000-BLU-050-000,110,PINUST,2022,1,True,False,True,False,False
0110.0-2022-000-BLU-086-000,110,PINUST,2022,1,True,False,True,False,False
0110.0-2023-000-YLW-001-000,110,ACERRU,2023,1,True,False,True,False,False
0110.0-2023-000-YLW-002-000,110,ACERRU,2023,1,True,False,True,False,False
0110.0-2023-000-YLW-003-000,110,ACERRU,2023,1,True,False,True,False,False
0110.0-2023-000-YLW-004-000,110,ACERRU,2023,1,True,False,True,False,False
0110.0-2023-000-YLW-005-000,110,ACERRU,2023,1,True,False,True,False,False
0110.0-2023-000-YLW-006-000,110,ACERRU,2023,1,True,False,True,False,False
0110.0-2023-000-YLW-007-000,110,ACERRU,2023,1,True,False,True,False,False
0110.0-2023-000-YLW-008-000,110,ACERRU,2023,1,True,False,True,False,False
0110.0-2023-000-YLW-009-000,110,ACERRU,2023,1,True,False,True,False,False
0110.0-2023-000-YLW-010-000,110,ACERRU,2023,1,True,False,True,False,False
0110.0-2023-000-YLW-011-000,110,ACERRU,2023,1,True,False,True,False,False
0110.0-2023-000-YLW-012-000,110,ACERRU,2023,1,True,False,True,False,False
0110.0-2023-000-YLW-013-000,110,ACERRU,2023,1,True,False,True,False,False
0110.0-2023-000-YLW-014-000,110,ACERRU,2023,1,True,False,True,False,False
0110.0-2023-000-YLW-015-000,110,ACERRU,2023,1,True,False,True,False,False
0110.0-2023-000-YLW-016-000,110,ACERRU,2023,1,True,False,True,False,False
0110.0-2023-000-YLW-017-000,110,ACERRU,2023,1,True,False,True,False,False
0111.0-2017-000-BLU-091-000,111,ACERRU,2017,0,True,True,False,False,False
0111.0-2017-000-BLU-092-000,111,ACERRU,2017,0,True,True,False,False,False
0111.0-2017-000-BLU-093-000,111,ACERRU,2017,0,True,True,False,False,False
0111.0-2017-000-BLU-094-000,111,ACERRU,2017,0,True,True,False,False,False
0111.0-2017-000-BLU-095-000,111,ACERRU,2017,0,True,True,False,False,False
0111.0-2017-000-BLU-096-000,111,ACERRU,2017,0,True,True,False,False,False
0111.0-2017-000-BLU-097-000,111,ACERRU,2017,0,True,True,False,False,False
0111.0-2017-000-BLU-098-000,111,BETUXX,2017,0,True,True,False,False,False
0111.0-2017-000-BLU-099-000,111,ACERRU,2017,0,True,True,False,False,False
0111.0-2017-000-BLU-100-000,111,TSUGCA,2017,0,True,True,False,False,False
0111.0-2017-000-WHT-001-000,111,BETUXX,2017,0,True,True,False,False,False
0111.0-2017-000-WHT-002-000,111,ACERRU,2017,0,True,True,False,False,False
0111.0-2017-000-WHT-003-000,111,ACERRU,2017,0,True,True,False,False,False
0111.0-2017-000-WHT-004-000,111,ACERRU,2017,0,True,True,False,False,False
0111.0-2017-000-WHT-005-000,111,ACERRU,2017,0,True,True,False,False,False
0111.0-2017-000-WHT-006-000,111,ACERRU,2017,0,True,True,False,False,False
0111.0-2017-000-WHT-007-000,111,QUERRU,2017,0,True,True,False,False,False
0111.0-2017-000-WHT-008-000,111,ACERRU,2017,0,True,True,False,False,False
0111.0-2017-000-WHT-009-000,111,ACERRU,2017,0,True,True,False,False,False
0111.0-2017-000-WHT-010-000,111,ACERRU,2017,0,True,True,False,False,False
0111.0-2017-000-WHT-011-000,111,ACERRU,2017,0,True,True,False,False,False
0111.0-2017-000-WHT-013-000,111,ACERRU,2017,0,True,True,False,False,False
0111.0-2017-000-WHT-014-000,111,TSUGCA,2017,0,True,True,False,False,False
0111.0-2017-000-WHT-015-000,111,ACERRU,2017,0,True,True,False,False,False
0111.0-2017-000-WHT-016-000,111,ACERRU,2017,0,True,True,False,False,False
0111.0-2017-000-WHT-017-000,111,ACERRU,2017,0,True,True,False,False,False
0111.0-2017-000-WHT-018-000,111,TSUGCA,2017,0,True,True,False,False,False
0111.0-2017-000-WHT-019-000,111,BETUXX,2017,0,True,True,False,False,False
0111.0-2017-000-WHT-020-000,111,TSUGCA,2017,0,True,True,False,False,False
0111.0-2017-000-WHT-097-000,111,BETUXX,2017,0,True,True,False,False,False
0111.0-2017-000-WHT-098-000,111,BETUXX,2017,0,True,True,False,False,False
0111.0-2017-000-WHT-099-000,111,ACERRU,2017,0,True,True,False,False,False
0111.0-2017-000-WHT-100-000,111,ACERRU,2017,0,True,True,False,False,False
0111.0-2018-000-RED-015-000,111,BETUXX,2018,1,True,False,True,False,False
0111.0-2018-000-RED-016-000,111,ACERRU,2018,1,True,False,True,False,False
0111.0-2018-000-RED-017-000,111,ACERRU,2018,1,True,False,True,False,False
0111.0-2018-000-RED-018-000,111,ACERRU,2018,1,True,False,True,False,False
0111.0-2018-000-RED-019-000,111,ACERRU,2018,1,True,False,True,False,False
0111.0-2018-000-RED-020-000,111,ACERRU,2018,1,True,False,True,False,False
0111.0-2018-000-RED-021-000,111,ACERRU,2018,1,True,False,True,False,False
0111.0-2018-000-YLW-051-000,111,TSUGCA,2018,1,True,False,True,False,False
0111.0-2018-000-YLW-058-000,111,PINUST,2018,1,True,False,True,False,False
0111.0-2018-000-YLW-063-000,111,TSUGCA,2018,1,True,False,True,False,False
0111.0-2018-000-YLW-076-000,111,TSUGCA,2018,1,True,False,True,False,False
0111.0-2019-000-ORG-035-000,111,BETUXX,2019,1,True,False,True,False,False
0111.0-2019-000-ORG-036-000,111,ACERPE,2019,1,True,False,True,False,False
0111.0-2019-000-ORG-049-000,111,ACERPE,2019,1,True,False,True,False,False
0111.0-2019-000-YLW-007-000,111,BETUXX,2019,1,True,False,True,False,False
0111.0-2019-000-YLW-019-000,111,TSUGCA,2019,1,True,False,True,False,False
0111.0-2019-000-YLW-035-000,111,ACERPE,2019,1,True,False,True,False,False
0111.0-2019-000-YLW-036-000,111,ACERPE,2019,1,True,False,True,False,False
0111.0-2019-000-YLW-041-000,111,ACERPE,2019,1,True,False,True,False,False
0111.0-2019-000-YLW-043-000,111,ACERPE,2019,1,True,False,True,False,False
0111.0-2019-000-YLW-046-000,111,BETUXX,2019,1,True,False,True,False,False
0111.0-2020-000-ORG-004-000,111,ACERRU,2020,1,True,False,True,False,False
0111.0-2020-000-ORG-005-000,111,ACERRU,2020,1,True,False,True,False,False
0111.0-2020-000-ORG-006-000,111,ACERRU,2020,1,True,False,True,False,False
0111.0-2020-000-ORG-007-000,111,ACERRU,2020,1,True,False,True,False,False
0111.0-2020-000-ORG-008-000,111,ACERRU,2020,1,True,False,True,False,False
0111.0-2020-000-ORG-009-000,111,ACERRU,2020,1,True,False,True,False,False
0111.0-2020-000-ORG-010-000,111,ACERRU,2020,1,True,False,True,False,False
0111.0-2021-000-RED-006-000,111,PINUST,2021,1,True,False,True,False,False
0111.0-2021-000-RED-055-000,111,PINUST,2021,1,True,False,True,False,False
0111.0-2022-000-BLU-001-000,111,ACERRU,2022,1,True,False,True,False,False
0111.0-2023-000-BLU-038-000,111,BETUXX,2023,1,True,False,True,False,False
0111.0-2023-000-YLW-018-000,111,TSUGCA,2023,1,True,False,True,False,False
0111.0-2023-000-YLW-020-000,111,TSUGCA,2023,1,True,False,True,False,False
0111.0-2023-000-YLW-021-000,111,ACERRU,2023,1,True,False,True,False,False
0111.0-2023-000-YLW-022-000,111,TSUGCA,2023,1,True,False,True,False,False
0111.0-2023-000-YLW-023-000,111,ACERRU,2023,1,True,False,True,False,False
0111.0-2023-000-YLW-024-000,111,TSUGCA,2023,1,True,False,True,False,False
0111.0-2023-000-YLW-025-000,111,ACERRU,2023,1,True,False,True,False,False
0112.0-2017-000-WHT-049-000,112,ACERRU,2017,0,True,True,False,False,False
0112.0-2017-000-WHT-050-000,112,ACERRU,2017,0,True,True,False,False,False
0112.0-2017-000-WHT-051-000,112,ACERRU,2017,0,True,True,False,False,False
0112.0-2017-000-WHT-052-000,112,ACERRU,2017,0,True,True,False,False,False
0112.0-2017-000-WHT-053-000,112,ACERRU,2017,0,True,True,False,False,False
0112.0-2017-000-WHT-054-000,112,ACERRU,2017,0,True,True,False,False,False
0112.0-2017-000-WHT-055-000,112,ACERRU,2017,0,True,True,False,False,False
0112.0-2017-000-WHT-056-000,112,ACERRU,2017,0,True,True,False,False,False
0112.0-2017-000-WHT-057-000,112,ACERRU,2017,0,True,True,False,False,False
0112.0-2017-000-WHT-058-000,112,ACERRU,2017,0,True,True,False,False,False
0112.0-2017-000-WHT-059-000,112,ACERRU,2017,0,True,True,False,False,False
0112.0-2017-000-WHT-060-000,112,ACERRU,2017,0,True,True,False,False,False
0112.0-2017-000-WHT-061-000,112,BETUXX,2017,0,True,True,False,False,False
0112.0-2017-000-WHT-062-000,112,ACERRU,2017,0,True,True,False,False,False
0112.0-2017-000-WHT-063-000,112,ACERRU,2017,0,True,True,False,False,False
0112.0-2017-000-WHT-064-000,112,ACERRU,2017,0,True,True,False,False,False
0112.0-2018-000-BLU-099-000,112,TSUGCA,2018,1,True,False,True,False,False
0112.0-2018-000-BLU-100-000,112,TSUGCA,2018,1,True,False,True,False,False
0112.0-2018-000-GRN-076-000,112,ACERRU,2018,1,True,False,True,False,False
0112.0-2018-000-GRN-077-000,112,ACERRU,2018,1,True,False,True,False,False
0112.0-2018-000-GRN-078-000,112,ACERRU,2018,1,True,False,True,False,False
0112.0-2018-000-GRN-079-000,112,ACERRU,2018,1,True,False,True,False,False
0112.0-2018-000-GRN-080-000,112,ACERRU,2018,1,True,False,True,False,False
0112.0-2018-000-RED-022-000,112,ACERRU,2018,1,True,False,True,False,False
0112.0-2018-000-RED-023-000,112,ACERRU,2018,1,True,False,True,False,False
0112.0-2018-000-RED-024-000,112,BETUXX,2018,1,True,False,True,False,False
0112.0-2018-000-RED-025-000,112,ACERRU,2018,1,True,False,True,False,False
0112.0-2019-000-YLW-064-000,112,ACERRU,2019,1,True,False,True,False,False
0112.0-2019-000-YLW-065-000,112,TSUGCA,2019,1,True,False,True,False,False
0112.0-2019-000-YLW-066-000,112,ACERRU,2019,1,True,False,True,False,False
0112.0-2019-000-YLW-067-000,112,ACERRU,2019,1,True,False,True,False,False
0112.0-2019-000-YLW-068-000,112,PINUST,2019,1,True,False,True,False,False
0112.0-2019-000-YLW-069-000,112,ACERRU,2019,1,True,False,True,False,False
0112.0-2019-000-YLW-070-000,112,ACERRU,2019,1,True,False,True,False,False
0112.0-2019-000-YLW-071-000,112,ACERRU,2019,1,True,False,True,False,False
0112.0-2019-000-YLW-072-000,112,ACERRU,2019,1,True,False,True,False,False
0112.0-2019-000-YLW-073-000,112,ACERRU,2019,1,True,False,True,False,False
0112.0-2019-000-YLW-074-000,112,ACERRU,2019,1,True,False,True,False,False
0112.0-2020-000-ORG-011-000,112,ACERRU,2020,1,True,False,True,False,False
0112.0-2020-000-ORG-012-000,112,ACERRU,2020,1,True,False,True,False,False
0112.0-2020-000-ORG-013-000,112,ACERRU,2020,1,True,False,True,False,False
0112.0-2020-000-ORG-014-000,112,TSUGCA,2020,1,True,False,True,False,False
0112.0-2020-000-ORG-015-000,112,TSUGCA,2020,1,True,False,True,False,False
0112.0-2020-000-ORG-016-000,112,TSUGCA,2020,1,True,False,True,False,False
0112.0-2020-000-ORG-017-000,112,ACERRU,2020,1,True,False,True,False,False
0112.0-2020-000-ORG-018-000,112,TSUGCA,2020,1,True,False,True,False,False
0112.0-2020-000-ORG-019-000,112,ACERRU,2020,1,True,False,True,False,False
0112.0-2020-000-ORG-020-000,112,ACERRU,2020,1,True,False,True,False,False
0112.0-2021-000-RED-007-000,112,PINUST,2021,1,True,False,True,False,False
0112.0-2021-000-RED-008-000,112,PINUST,2021,1,True,False,True,False,False
0112.0-2021-000-RED-009-000,112,PINUST,2021,1,True,False,True,False,False
0112.0-2021-000-RED-010-000,112,PINUST,2021,1,True,False,True,False,False
0112.0-2021-000-RED-011-000,112,PINUST,2021,1,True,False,True,False,False
0112.0-2021-000-RED-012-000,112,PINUST,2021,1,True,False,True,False,False
0112.0-2022-000-BLU-091-000,112,PINUST,2022,1,True,False,True,False,False
0112.0-2022-000-RED-006-000,112,PINUST,2022,0,True,False,False,False,False
0112.0-2023-000-BLU-039-000,112,ACERRU,2023,1,True,False,True,False,False
0112.0-2023-000-BLU-040-000,112,BETUXX,2023,1,True,False,True,False,False
0112.0-2023-000-BLU-041-000,112,ACERRU,2023,1,True,False,True,False,False
0112.0-2023-000-BLU-042-000,112,ACERRU,2023,1,True,False,True,False,False
0112.0-2023-000-BLU-043-000,112,ACERRU,2023,1,True,False,True,False,False
0112.0-2023-000-BLU-045-000,112,QUERRU,2023,0,True,False,False,False,False
0113.0-2017-000-ORG-039-000,113,ACERRU,2017,0,True,True,False,False,False
0113.0-2017-000-ORG-040-000,113,ACERRU,2017,0,True,True,False,False,False
0113.0-2018-000-GRN-081-000,113,ACERRU,2018,1,True,False,True,False,False
0113.0-2018-000-WHT-006-000,113,TSUGCA,2018,1,True,False,True,False,False
0113.0-2018-000-WHT-009-000,113,TSUGCA,2018,1,True,False,True,False,False
0113.0-2018-000-WHT-010-000,113,TSUGCA,2018,1,True,False,True,False,False
0113.0-2018-000-WHT-015-000,113,TSUGCA,2018,1,True,False,True,False,False
0113.0-2018-000-WHT-016-000,113,TSUGCA,2018,1,True,False,True,False,False
0113.0-2018-000-WHT-018-000,113,TSUGCA,2018,1,True,False,True,False,False
0113.0-2018-000-WHT-033-000,113,TSUGCA,2018,1,True,False,True,False,False
0113.0-2018-000-WHT-036-000,113,TSUGCA,2018,1,True,False,True,False,False
0113.0-2018-000-WHT-039-000,113,TSUGCA,2018,1,True,False,True,False,False
0113.0-2021-000-RED-013-000,113,PINUST,2021,1,True,False,True,False,False
0113.0-2022-000-BLU-069-000,113,PINUST,2022,0,True,False,False,False,False
0113.0-2023-000-BLU-047-000,113,BETUXX,2023,1,True,False,True,False,False
0113.0-2023-000-BLU-048-000,113,ACERRU,2023,1,True,False,True,False,False
0113.0-2023-000-BLU-050-000,113,TSUGCA,2023,1,True,False,True,False,False
0114.0-2017-000-WHT-065-000,114,ACERRU,2017,0,True,True,False,False,False
0114.0-2017-000-WHT-066-000,114,ACERRU,2017,0,True,True,False,False,False
0114.0-2017-000-WHT-067-000,114,ACERRU,2017,0,True,True,False,False,False
0114.0-2017-000-WHT-068-000,114,TSUGCA,2017,0,True,True,False,False,False
0114.0-2017-000-WHT-069-000,114,ACERRU,2017,0,True,True,False,False,False
0114.0-2017-000-WHT-070-000,114,ACERRU,2017,0,True,True,False,False,False
0114.0-2017-000-WHT-071-000,114,ACERRU,2017,0,True,True,False,False,False
0114.0-2017-000-WHT-072-000,114,ACERRU,2017,0,True,True,False,False,False
0114.0-2017-000-WHT-073-000,114,TSUGCA,2017,0,True,True,False,False,False
0114.0-2018-000-BLU-020-000,114,TSUGCA,2018,1,True,False,True,False,False
0114.0-2018-000-BLU-021-000,114,TSUGCA,2018,1,True,False,True,False,False
0114.0-2018-000-BLU-022-000,114,TSUGCA,2018,1,True,False,True,False,False
0114.0-2018-000-BLU-023-000,114,TSUGCA,2018,1,True,False,True,False,False
0114.0-2018-000-GRN-082-000,114,ACERRU,2018,1,True,False,True,False,False
0114.0-2018-000-GRN-083-000,114,ACERRU,2018,1,True,False,True,False,False
0114.0-2018-000-GRN-084-000,114,ACERRU,2018,1,True,False,True,False,False
0114.0-2018-000-GRN-085-000,114,VACCXX,2018,1,True,False,True,False,False
0114.0-2018-000-GRN-086-000,114,ACERRU,2018,1,True,False,True,False,False
0114.0-2018-000-GRN-087-000,114,ACERRU,2018,1,True,False,True,False,False
0114.0-2018-000-GRN-088-000,114,ACERRU,2018,1,True,False,True,False,False
0114.0-2018-000-GRN-089-000,114,ACERRU,2018,1,True,False,True,False,False
0114.0-2018-000-GRN-090-000,114,ACERRU,2018,1,True,False,True,False,False
0114.0-2018-000-GRN-091-000,114,ACERRU,2018,1,True,False,True,False,False
0114.0-2018-000-GRN-092-000,114,ACERRU,2018,1,True,False,True,False,False
0114.0-2018-000-GRN-093-000,114,ACERRU,2018,1,True,False,True,False,False
0114.0-2018-000-GRN-094-000,114,ACERRU,2018,1,True,False,True,False,False
0114.0-2018-000-GRN-095-000,114,ACERRU,2018,1,True,False,True,False,False
0114.0-2019-000-YLW-040-000,114,ACERPE,2019,1,True,False,True,False,False
0114.0-2019-000-YLW-047-000,114,ACERPE,2019,1,True,False,True,False,False
0114.0-2019-000-YLW-080-000,114,ACERPE,2019,1,True,False,True,False,False
0114.0-2020-000-ORG-021-000,114,ACERRU,2020,1,True,False,True,False,False
0114.0-2020-000-ORG-022-000,114,ACERRU,2020,1,True,False,True,False,False
0114.0-2021-000-RED-014-000,114,PINUST,2021,1,True,False,True,False,False
0114.0-2021-000-RED-015-000,114,PINUST,2021,1,True,False,True,False,False
0114.0-2021-000-RED-016-000,114,PINUST,2021,1,True,False,True,False,False
0114.0-2021-000-RED-017-000,114,PINUST,2021,1,True,False,True,False,False
0114.0-2021-000-RED-018-000,114,PINUST,2021,1,True,False,True,False,False
0114.0-2021-000-RED-019-000,114,PINUST,2021,1,True,False,True,False,False
0114.0-2021-000-RED-020-000,114,PINUST,2021,1,True,False,True,False,False
0114.0-2021-000-RED-021-000,114,PINUST,2021,1,True,False,True,False,False
0114.0-2021-000-RED-022-000,114,PINUST,2021,1,True,False,True,False,False
0114.0-2021-000-RED-023-000,114,PINUST,2021,1,True,False,True,False,False
0114.0-2021-000-RED-024-000,114,PINUST,2021,1,True,False,True,False,False
0114.0-2022-000-RED-012-000,114,UNKNXX,2022,0,True,False,False,False,False
0114.0-2022-000-RED-013-000,114,UNKNXX,2022,0,True,False,False,False,False
0114.0-2023-000-UNT-001-000,114,TSUGCA,2023,1,True,False,True,False,False
0114.0-2023-000-WHT-026-000,114,TSUGCA,2023,1,True,False,True,False,False
0114.0-2023-000-WHT-030-000,114,TSUGCA,2023,1,True,False,True,False,False
0115.0-2017-000-WHT-074-000,115,ACERRU,2017,0,True,True,False,False,False
0115.0-2017-000-WHT-075-000,115,ACERRU,2017,0,True,True,False,False,False
0115.0-2017-000-YLW-046-000,115,ACERRU,2017,0,True,True,False,False,False
0115.0-2017-000-YLW-047-000,115,ACERRU,2017,0,True,True,False,False,False
0115.0-2017-000-YLW-048-000,115,ACERRU,2017,0,True,True,False,False,False
0115.0-2017-000-YLW-049-000,115,ACERRU,2017,0,True,True,False,False,False
0115.0-2017-000-YLW-050-000,115,ACERRU,2017,0,True,True,False,False,False
0115.0-2017-000-YLW-051-000,115,ACERRU,2017,0,True,True,False,False,False
0115.0-2017-000-YLW-052-000,115,ACERRU,2017,0,True,True,False,False,False
0115.0-2017-000-YLW-053-000,115,ACERRU,2017,0,True,True,False,False,False
0115.0-2018-000-BLU-024-000,115,TSUGCA,2018,1,True,False,True,False,False
0115.0-2018-000-BLU-076-000,115,ACERRU,2018,1,True,False,True,False,False
0115.0-2018-000-BLU-077-000,115,ACERRU,2018,1,True,False,True,False,False
0115.0-2018-000-GRN-096-000,115,ACERRU,2018,1,True,False,True,False,False
0115.0-2018-000-GRN-097-000,115,ACERRU,2018,1,True,False,True,False,False
0115.0-2018-000-GRN-098-000,115,ACERRU,2018,1,True,False,True,False,False
0115.0-2018-000-GRN-099-000,115,ACERRU,2018,1,True,False,True,False,False
0115.0-2018-000-GRN-100-000,115,ACERRU,2018,1,True,False,True,False,False
0115.0-2019-000-GRN-082-000,115,ACERRU,2019,1,True,False,True,False,False
0115.0-2019-000-GRN-083-000,115,ACERRU,2019,1,True,False,True,False,False
0115.0-2019-000-GRN-087-000,115,ACERRU,2019,1,True,False,True,False,False
0115.0-2019-000-GRN-092-000,115,ACERRU,2019,1,True,False,True,False,False
0115.0-2020-000-ORG-023-000,115,ACERRU,2020,1,True,False,True,False,False
0115.0-2020-000-ORG-024-000,115,ACERRU,2020,1,True,False,True,False,False
0115.0-2020-000-ORG-025-000,115,ACERRU,2020,1,True,False,True,False,False
0115.0-2021-000-RED-025-000,115,PINUST,2021,1,True,False,True,False,False
0115.0-2021-000-RED-026-000,115,PINUST,2021,1,True,False,True,False,False
0115.0-2021-000-RED-027-000,115,PINUST,2021,1,True,False,True,False,False
0115.0-2021-000-RED-028-000,115,PINUST,2021,1,True,False,True,False,False
0115.0-2021-000-RED-029-000,115,PINUST,2021,1,True,False,True,False,False
0115.0-2021-000-RED-030-000,115,PINUST,2021,1,True,False,True,False,False
0115.0-2021-000-RED-031-000,115,ACERRU,2021,1,True,False,True,False,False
0115.0-2022-000-BLU-065-000,115,PICEXX,2022,1,True,False,True,False,False
0115.0-2022-000-BLU-097-000,115,PINUST,2022,1,True,False,True,False,False
0115.0-2023-000-WHT-031-000,115,BETUXX,2023,1,True,False,True,False,False
0115.0-2023-000-WHT-032-000,115,TSUGCA,2023,1,True,False,True,False,False
0115.0-2023-000-WHT-033-000,115,TSUGCA,2023,1,True,False,True,False,False
0115.0-2023-000-WHT-034-000,115,BETUXX,2023,1,True,False,True,False,False
0115.0-2023-000-WHT-035-000,115,BETUXX,2023,1,True,False,True,False,False
0115.0-2023-000-WHT-036-000,115,ACERRU,2023,1,True,False,True,False,False
0116.0-2017-000-YLW-054-000,116,ACERRU,2017,0,True,True,False,False,False
0116.0-2017-000-YLW-055-000,116,ACERRU,2017,0,True,True,False,False,False
0116.0-2017-000-YLW-056-000,116,ACERRU,2017,0,True,True,False,False,False
0116.0-2017-000-YLW-057-000,116,ACERRU,2017,0,True,True,False,False,False
0116.0-2017-000-YLW-058-000,116,QUERRU,2017,0,True,True,False,False,False
0116.0-2017-000-YLW-059-000,116,ACERRU,2017,0,True,True,False,False,False
0116.0-2017-000-YLW-060-000,116,ACERRU,2017,0,True,True,False,False,False
0116.0-2017-000-YLW-061-000,116,PRUNSE,2017,0,True,True,False,False,False
0116.0-2017-000-YLW-062-000,116,ACERRU,2017,0,True,True,False,False,False
0116.0-2017-000-YLW-063-000,116,ACERRU,2017,0,True,True,False,False,False
0116.0-2017-000-YLW-064-000,116,ACERRU,2017,0,True,True,False,False,False
0116.0-2017-000-YLW-065-000,116,ACERRU,2017,0,True,True,False,False,False
0116.0-2017-000-YLW-066-000,116,ACERRU,2017,0,True,True,False,False,False
0116.0-2017-000-YLW-067-000,116,ACERRU,2017,0,True,True,False,False,False
0116.0-2017-000-YLW-068-000,116,ACERRU,2017,0,True,True,False,False,False
0116.0-2017-000-YLW-069-000,116,ACERRU,2017,0,True,True,False,False,False
0116.0-2018-000-BLU-036-000,116,PINUST,2018,1,True,False,True,False,False
0116.0-2018-000-BLU-038-000,116,TSUGCA,2018,1,True,False,True,False,False
0116.0-2018-000-BLU-078-000,116,ACERRU,2018,1,True,False,True,False,False
0116.0-2018-000-BLU-079-000,116,ACERRU,2018,1,True,False,True,False,False
0116.0-2018-000-BLU-080-000,116,ACERRU,2018,1,True,False,True,False,False
0116.0-2020-000-WHT-035-000,116,PINUST,2020,1,True,False,True,False,False
0116.0-2020-000-WHT-036-000,116,ACERRU,2020,1,True,False,True,False,False
0116.0-2020-000-WHT-037-000,116,ACERRU,2020,1,True,False,True,False,False
0116.0-2020-000-WHT-038-000,116,ACERRU,2020,1,True,False,True,False,False
0116.0-2020-000-WHT-039-000,116,ACERRU,2020,1,True,False,True,False,False
0116.0-2020-000-WHT-040-000,116,ACERRU,2020,1,True,False,True,False,False
0116.0-2020-000-WHT-041-000,116,ACERRU,2020,1,True,False,True,False,False
0116.0-2020-000-WHT-042-000,116,ACERRU,2020,1,True,False,True,False,False
0116.0-2020-000-WHT-043-000,116,ACERRU,2020,1,True,False,True,False,False
0116.0-2020-000-WHT-044-000,116,ACERRU,2020,1,True,False,True,False,False
0116.0-2020-000-WHT-045-000,116,ACERRU,2020,1,True,False,True,False,False
0116.0-2020-000-WHT-046-000,116,ACERRU,2020,1,True,False,True,False,False
0116.0-2020-000-WHT-047-000,116,ACERRU,2020,1,True,False,True,False,False
0116.0-2020-000-WHT-048-000,116,ACERRU,2020,1,True,False,True,False,False
0116.0-2020-000-WHT-049-000,116,ACERRU,2020,1,True,False,True,False,False
0116.0-2020-000-WHT-050-000,116,ACERRU,2020,1,True,False,True,False,False
0116.0-2020-000-WHT-051-000,116,ACERRU,2020,1,True,False,True,False,False
0116.0-2020-000-WHT-052-000,116,ACERRU,2020,1,True,False,True,False,False
0116.0-2020-000-WHT-053-000,116,ACERRU,2020,1,True,False,True,False,False
0116.0-2020-000-WHT-054-000,116,ACERRU,2020,1,True,False,True,False,False
0116.0-2020-000-WHT-055-000,116,ACERRU,2020,1,True,False,True,False,False
0116.0-2020-000-WHT-056-000,116,ACERRU,2020,1,True,False,True,False,False
0116.0-2020-000-WHT-057-000,116,ACERRU,2020,1,True,False,True,False,False
0116.0-2020-000-WHT-058-000,116,ACERRU,2020,1,True,False,True,False,False
0116.0-2020-000-WHT-059-000,116,ACERRU,2020,1,True,False,True,False,False
0116.0-2020-000-WHT-060-000,116,ACERRU,2020,1,True,False,True,False,False
0116.0-2020-000-WHT-061-000,116,ACERRU,2020,1,True,False,True,False,False
0116.0-2020-000-WHT-062-000,116,ACERRU,2020,1,True,False,True,False,False
0116.0-2020-000-WHT-063-000,116,ACERRU,2020,1,True,False,True,False,False
0116.0-2020-000-WHT-064-000,116,ACERRU,2020,1,True,False,True,False,False
0116.0-2020-000-WHT-065-000,116,ACERRU,2020,1,True,False,True,False,False
0116.0-2021-000-RED-032-000,116,ACERRU,2021,1,True,False,True,False,False
0116.0-2021-000-RED-033-000,116,PINUST,2021,1,True,False,True,False,False
0116.0-2021-000-RED-034-000,116,PINUST,2021,1,True,False,True,False,False
0116.0-2021-000-RED-035-000,116,PINUST,2021,1,True,False,True,False,False
0116.0-2021-000-RED-036-000,116,PINUST,2021,1,True,False,True,False,False
0116.0-2021-000-RED-037-000,116,PINUST,2021,1,True,False,True,False,False
0116.0-2021-000-RED-038-000,116,PINUST,2021,1,True,False,True,False,False
0116.0-2021-000-RED-039-000,116,PINUST,2021,1,True,False,True,False,False
0116.0-2021-000-RED-040-000,116,PINUST,2021,1,True,False,True,False,False
0116.0-2021-000-RED-041-000,116,PINUST,2021,1,True,False,True,False,False
0116.0-2021-000-RED-042-000,116,PINUST,2021,1,True,False,True,False,False
0116.0-2021-000-RED-043-000,116,PINUST,2021,1,True,False,True,False,False
0116.0-2021-000-RED-044-000,116,PINUST,2021,1,True,False,True,False,False
0116.0-2021-000-RED-045-000,116,PINUST,2021,1,True,False,True,False,False
0116.0-2021-000-RED-046-000,116,PINUST,2021,1,True,False,True,False,False
0116.0-2021-000-RED-047-000,116,PINUST,2021,1,True,False,True,False,False
0116.0-2021-000-RED-048-000,116,PINUST,2021,1,True,False,True,False,False
0116.0-2021-000-RED-049-000,116,PINUST,2021,1,True,False,True,False,False
0116.0-2021-000-RED-050-000,116,PINUST,2021,1,True,False,True,False,False
0116.0-2021-000-RED-051-000,116,PINUST,2021,1,True,False,True,False,False
0116.0-2021-000-RED-052-000,116,PINUST,2021,1,True,False,True,False,False
0116.0-2021-000-RED-053-000,116,PINUST,2021,1,True,False,True,False,False
0116.0-2021-000-RED-054-000,116,PINUST,2021,1,True,False,True,False,False
0116.0-2023-000-ORG-001-000,116,ACERRU,2023,0,True,False,False,False,False
0116.0-2023-000-ORG-002-000,116,TSUGCA,2023,1,True,False,True,False,False
0116.0-2023-000-ORG-003-000,116,TSUGCA,2023,1,True,False,True,False,False
0116.0-2023-000-ORG-004-000,116,ACERRU,2023,1,True,False,True,False,False
0117.0-2017-000-YLW-070-000,117,ACERRU,2017,0,True,True,False,False,False
0117.0-2017-000-YLW-071-000,117,ACERRU,2017,0,True,True,False,False,False
0117.0-2017-000-YLW-072-000,117,ACERRU,2017,0,True,True,False,False,False
0117.0-2017-000-YLW-073-000,117,ACERRU,2017,0,True,True,False,False,False
0117.0-2017-000-YLW-074-000,117,ACERRU,2017,0,True,True,False,False,False
0117.0-2017-000-YLW-075-000,117,ACERRU,2017,0,True,True,False,False,False
0117.0-2018-000-BLU-081-000,117,ACERRU,2018,1,True,False,True,False,False
0117.0-2018-000-BLU-082-000,117,ACERRU,2018,1,True,False,True,False,False
0117.0-2018-000-BLU-083-000,117,ACERRU,2018,1,True,False,True,False,False
0117.0-2018-000-BLU-084-000,117,ACERRU,2018,1,True,False,True,False,False
0117.0-2018-000-ORG-040-000,117,ACERRU,2018,1,True,False,True,False,False
0117.0-2019-000-RED-041-000,117,ACERRU,2019,1,True,False,True,False,False
0117.0-2019-000-RED-046-000,117,ACERRU,2019,1,True,False,True,False,False
0117.0-2019-000-RED-048-000,117,ACERRU,2019,1,True,False,True,False,False
0117.0-2019-000-RED-050-000,117,ACERRU,2019,1,True,False,True,False,False
0117.0-2020-000-WHT-066-000,117,ACERRU,2020,1,True,False,True,False,False
0117.0-2021-000-YLW-076-000,117,PINUST,2021,1,True,False,True,False,False
0117.0-2021-000-YLW-077-000,117,PINUST,2021,1,True,False,True,False,False
0117.0-2021-000-YLW-078-000,117,PINUST,2021,1,True,False,True,False,False
0117.0-2021-000-YLW-079-000,117,PINUST,2021,1,True,False,True,False,False
0117.0-2021-000-YLW-080-000,117,PINUST,2021,1,True,False,True,False,False
0117.0-2021-000-YLW-081-000,117,PINUST,2021,1,True,False,True,False,False
0117.0-2021-000-YLW-082-000,117,PINUST,2021,1,True,False,True,False,False
0117.0-2021-000-YLW-083-000,117,PINUST,2021,1,True,False,True,False,False
0117.0-2021-000-YLW-084-000,117,PINUST,2021,1,True,False,True,False,False
0117.0-2021-000-YLW-085-000,117,PINUST,2021,1,True,False,True,False,False
0117.0-2021-000-YLW-086-000,117,PINUST,2021,1,True,False,True,False,False
0117.0-2021-000-YLW-087-000,117,PINUST,2021,1,True,False,True,False,False
0117.0-2021-000-YLW-088-000,117,PINUST,2021,1,True,False,True,False,False
0117.0-2021-000-YLW-089-000,117,PINUST,2021,1,True,False,True,False,False
0117.0-2021-000-YLW-090-000,117,PINUST,2021,1,True,False,True,False,False
0117.0-2021-000-YLW-091-000,117,PINUST,2021,1,True,False,True,False,False
0117.0-2021-000-YLW-092-000,117,PINUST,2021,1,True,False,True,False,False
0117.0-2021-000-YLW-093-000,117,PINUST,2021,1,True,False,True,False,False
0117.0-2021-000-YLW-094-000,117,PINUST,2021,1,True,False,True,False,False
0117.0-2021-000-YLW-095-000,117,PINUST,2021,1,True,False,True,False,False
0117.0-2022-000-BLU-031-000,117,PINUST,2022,1,True,False,True,False,False
0117.0-2023-000-ORG-005-000,117,BETUXX,2023,1,True,False,True,False,False
0117.0-2023-000-ORG-006-000,117,ACERRU,2023,1,True,False,True,False,False
0118.0-2017-000-YLW-076-000,118,QUERVE,2017,0,True,True,False,False,False
0118.0-2017-000-YLW-077-000,118,ACERRU,2017,0,True,True,False,False,False
0118.0-2017-000-YLW-078-000,118,KALMLA,2017,0,True,True,False,False,False
0118.0-2017-000-YLW-079-000,118,KALMLA,2017,0,True,True,False,False,False
0118.0-2017-000-YLW-080-000,118,KALMLA,2017,0,True,True,False,False,False
0118.0-2018-000-BLU-085-000,118,ACERRU,2018,1,True,False,True,False,False
0118.0-2018-000-BLU-086-000,118,ACERRU,2018,1,True,False,True,False,False
0118.0-2018-000-BLU-087-000,118,ACERRU,2018,1,True,False,True,False,False
0118.0-2018-000-BLU-088-000,118,ACERRU,2018,1,True,False,True,False,False
0118.0-2018-000-BLU-089-000,118,ACERRU,2018,1,True,False,True,False,False
0118.0-2018-000-BLU-090-000,118,ACERRU,2018,1,True,False,True,False,False
0118.0-2018-000-BLU-091-000,118,ACERRU,2018,1,True,False,True,False,False
0118.0-2018-000-BLU-092-000,118,ACERRU,2018,1,True,False,True,False,False
0118.0-2018-000-BLU-093-000,118,ACERRU,2018,1,True,False,True,False,False
0118.0-2018-000-BLU-094-000,118,PINUST,2018,1,True,False,True,False,False
0118.0-2018-000-BLU-095-000,118,ACERRU,2018,1,True,False,True,False,False
0118.0-2018-000-BLU-096-000,118,ACERRU,2018,1,True,False,True,False,False
0118.0-2018-000-BLU-097-000,118,ACERRU,2018,1,True,False,True,False,False
0118.0-2018-000-BLU-098-000,118,KALMLA,2018,1,True,False,True,False,False
0118.0-2018-000-UNT-001-000,118,ACERRU,2018,1,True,False,True,False,False
0118.0-2018-000-WHT-001-000,118,PINUST,2018,1,True,False,True,False,False
0118.0-2018-000-WHT-002-000,118,PINUST,2018,1,True,False,True,False,False
0118.0-2018-000-WHT-003-000,118,ACERRU,2018,1,True,False,True,False,False
0118.0-2018-000-WHT-004-000,118,ACERRU,2018,1,True,False,True,False,False
0118.0-2018-000-WHT-005-000,118,ACERRU,2018,1,True,False,True,False,False
0118.0-2018-000-WHT-006-000,118,ACERRU,2018,1,True,False,True,False,False
0118.0-2018-000-WHT-007-000,118,PINUST,2018,1,True,False,True,False,False
0118.0-2018-000-WHT-008-000,118,ACERRU,2018,1,True,False,True,False,False
0118.0-2018-000-WHT-009-000,118,ACERRU,2018,1,True,False,True,False,False
0118.0-2018-000-WHT-010-000,118,ACERRU,2018,1,True,False,True,False,False
0118.0-2018-000-WHT-011-000,118,ACERRU,2018,1,True,False,True,False,False
0118.0-2018-000-WHT-012-000,118,PINUST,2018,1,True,False,True,False,False
0118.0-2018-000-WHT-013-000,118,ACERRU,2018,1,True,False,True,False,False
0118.0-2018-000-WHT-014-000,118,ACERRU,2018,1,True,False,True,False,False
0118.0-2018-000-WHT-015-000,118,ACERRU,2018,1,True,False,True,False,False
0118.0-2018-000-WHT-016-000,118,ACERRU,2018,1,True,False,True,False,False
0118.0-2018-000-WHT-017-000,118,ACERRU,2018,1,True,False,True,False,False
0118.0-2018-000-WHT-018-000,118,ACERRU,2018,1,True,False,True,False,False
0118.0-2018-000-WHT-019-000,118,ACERRU,2018,1,True,False,True,False,False
0118.0-2018-000-WHT-020-000,118,ACERRU,2018,1,True,False,True,False,False
0118.0-2018-000-WHT-021-000,118,ACERRU,2018,1,True,False,True,False,False
0118.0-2018-000-WHT-022-000,118,ACERRU,2018,1,True,False,True,False,False
0118.0-2018-000-WHT-023-000,118,ACERRU,2018,1,True,False,True,False,False
0118.0-2018-000-WHT-024-000,118,ACERRU,2018,1,True,False,True,False,False
0118.0-2018-000-WHT-025-000,118,ACERRU,2018,1,True,False,True,False,False
0118.0-2018-000-WHT-026-000,118,ACERRU,2018,1,True,False,True,False,False
0118.0-2018-000-WHT-027-000,118,ACERRU,2018,1,True,False,True,False,False
0118.0-2018-000-WHT-028-000,118,ACERRU,2018,1,True,False,True,False,False
0118.0-2018-000-WHT-029-000,118,ACERRU,2018,1,True,False,True,False,False
0118.0-2018-000-WHT-030-000,118,ACERRU,2018,1,True,False,True,False,False
0118.0-2018-000-WHT-031-000,118,ACERRU,2018,1,True,False,True,False,False
0118.0-2018-000-WHT-032-000,118,ACERRU,2018,1,True,False,True,False,False
0118.0-2018-000-WHT-033-000,118,PINUST,2018,1,True,False,True,False,False
0118.0-2018-000-WHT-034-000,118,ACERRU,2018,1,True,False,True,False,False
0118.0-2018-000-WHT-035-000,118,ACERRU,2018,1,True,False,True,False,False
0118.0-2018-000-WHT-036-000,118,ACERRU,2018,1,True,False,True,False,False
0118.0-2018-000-WHT-037-000,118,ACERRU,2018,1,True,False,True,False,False
0118.0-2018-000-WHT-038-000,118,ACERRU,2018,1,True,False,True,False,False
0118.0-2018-000-WHT-039-000,118,ACERRU,2018,1,True,False,True,False,False
0118.0-2018-000-WHT-040-000,118,ACERRU,2018,1,True,False,True,False,False
0118.0-2018-000-WHT-041-000,118,ACERRU,2018,1,True,False,True,False,False
0118.0-2018-000-WHT-042-000,118,PINUST,2018,1,True,False,True,False,False
0118.0-2018-000-WHT-043-000,118,ACERRU,2018,1,True,False,True,False,False
0118.0-2018-000-WHT-044-000,118,PINUST,2018,1,True,False,True,False,False
0118.0-2018-000-WHT-045-000,118,ACERRU,2018,1,True,False,True,False,False
0118.0-2018-000-WHT-046-000,118,ACERRU,2018,1,True,False,True,False,False
0118.0-2018-000-WHT-047-000,118,ACERRU,2018,1,True,False,True,False,False
0118.0-2018-000-WHT-048-000,118,ACERRU,2018,1,True,False,True,False,False
0118.0-2018-000-WHT-049-000,118,ACERRU,2018,1,True,False,True,False,False
0118.0-2018-000-WHT-050-000,118,ACERRU,2018,1,True,False,True,False,False
0118.0-2019-000-RED-045-000,118,ACERRU,2019,1,True,False,True,False,False
0118.0-2019-000-RED-046-000,118,TSUGCA,2019,1,True,False,True,False,False
0118.0-2019-000-RED-047-000,118,ACERRU,2019,1,True,False,True,False,False
0118.0-2019-000-RED-048-000,118,ACERRU,2019,1,True,False,True,False,False
0118.0-2019-000-RED-049-000,118,ACERRU,2019,1,True,False,True,False,False
0118.0-2019-000-RED-055-000,118,ACERRU,2019,1,True,False,True,False,False
0118.0-2019-000-RED-059-000,118,ACERRU,2019,1,True,False,True,False,False
0118.0-2019-000-RED-067-000,118,ACERRU,2019,1,True,False,True,False,False
0118.0-2020-000-WHT-067-000,118,ACERRU,2020,1,True,False,True,False,False
0118.0-2020-000-WHT-068-000,118,ACERRU,2020,1,True,False,True,False,False
0118.0-2020-000-WHT-069-000,118,ACERRU,2020,1,True,False,True,False,False
0118.0-2020-000-WHT-070-000,118,ACERRU,2020,1,True,False,True,False,False
0118.0-2020-000-WHT-071-000,118,ACERRU,2020,1,True,False,True,False,False
0118.0-2020-000-WHT-072-000,118,ACERRU,2020,1,True,False,True,False,False
0118.0-2021-000-BLU-006-000,118,PINUST,2021,1,True,False,True,False,False
0118.0-2021-000-BLU-007-000,118,PINUST,2021,1,True,False,True,False,False
0118.0-2021-000-BLU-008-000,118,PINUST,2021,1,True,False,True,False,False
0118.0-2021-000-BLU-009-000,118,PINUST,2021,1,True,False,True,False,False
0118.0-2021-000-BLU-010-000,118,PINUST,2021,1,True,False,True,False,False
0118.0-2021-000-BLU-011-000,118,PINUST,2021,1,True,False,True,False,False
0118.0-2021-000-BLU-012-000,118,PINUST,2021,1,True,False,True,False,False
0118.0-2021-000-BLU-013-000,118,PINUST,2021,1,True,False,True,False,False
0118.0-2021-000-YLW-096-000,118,PINUST,2021,1,True,False,True,False,False
0118.0-2021-000-YLW-097-000,118,PINUST,2021,1,True,False,True,False,False
0118.0-2021-000-YLW-098-000,118,PINUST,2021,1,True,False,True,False,False
0118.0-2021-000-YLW-099-000,118,PINUST,2021,1,True,False,True,False,False
0118.0-2021-000-YLW-100-000,118,TSUGCA,2021,1,True,False,True,False,False
0118.0-2022-000-BLU-023-000,118,ACERRU,2022,1,True,False,True,False,False
0118.0-2023-000-ORG-007-000,118,TSUGCA,2023,1,True,False,True,False,False
0119.0-2017-000-ORG-041-000,119,KALMLA,2017,0,True,True,False,False,False
0119.0-2017-000-ORG-042-000,119,ACERRU,2017,0,True,True,False,False,False
0119.0-2017-000-ORG-043-000,119,QUERRU,2017,0,True,True,False,False,False
0119.0-2017-000-ORG-044-000,119,KALMLA,2017,0,True,True,False,False,False
0119.0-2017-000-ORG-045-000,119,KALMLA,2017,0,True,True,False,False,False
0119.0-2017-000-ORG-047-000,119,ACERRU,2017,0,True,True,False,False,False
0119.0-2017-000-ORG-048-000,119,ACERRU,2017,0,True,True,False,False,False
0119.0-2017-000-ORG-049-000,119,ACERRU,2017,0,True,True,False,False,False
0119.0-2017-000-ORG-050-000,119,KALMLA,2017,0,True,True,False,False,False
0119.0-2017-000-ORG-051-000,119,ACERRU,2017,0,True,True,False,False,False
0119.0-2017-000-ORG-052-000,119,ACERRU,2017,0,True,True,False,False,False
0119.0-2017-000-ORG-053-000,119,QUERRU,2017,0,True,True,False,False,False
0119.0-2017-000-ORG-054-000,119,ACERRU,2017,0,True,True,False,False,False
0119.0-2017-000-ORG-055-000,119,ACERRU,2017,0,True,True,False,False,False
0119.0-2017-000-ORG-056-000,119,ACERRU,2017,0,True,True,False,False,False
0119.0-2018-000-YLW-001-000,119,ACERRU,2018,1,True,False,True,False,False
0119.0-2018-000-YLW-002-000,119,ACERRU,2018,1,True,False,True,False,False
0119.0-2018-000-YLW-003-000,119,ACERRU,2018,1,True,False,True,False,False
0119.0-2018-000-YLW-004-000,119,ACERRU,2018,1,True,False,True,False,False
0119.0-2018-000-YLW-005-000,119,ACERRU,2018,1,True,False,True,False,False
0119.0-2018-000-YLW-006-000,119,ACERRU,2018,1,True,False,True,False,False
0119.0-2018-000-YLW-007-000,119,ACERRU,2018,1,True,False,True,False,False
0119.0-2018-000-YLW-008-000,119,ACERRU,2018,1,True,False,True,False,False
0119.0-2018-000-YLW-009-000,119,ACERRU,2018,1,True,False,True,False,False
0119.0-2018-000-YLW-010-000,119,ACERRU,2018,1,True,False,True,False,False
0119.0-2018-000-YLW-011-000,119,ACERRU,2018,1,True,False,True,False,False
0119.0-2018-000-YLW-012-000,119,ACERRU,2018,1,True,False,True,False,False
0119.0-2018-000-YLW-013-000,119,ACERRU,2018,1,True,False,True,False,False
0119.0-2018-000-YLW-014-000,119,ACERRU,2018,1,True,False,True,False,False
0119.0-2018-000-YLW-015-000,119,ACERRU,2018,1,True,False,True,False,False
0119.0-2018-000-YLW-016-000,119,ACERRU,2018,1,True,False,True,False,False
0119.0-2018-000-YLW-017-000,119,ACERRU,2018,1,True,False,True,False,False
0119.0-2018-000-YLW-026-000,119,ACERRU,2018,1,True,False,True,False,False
0119.0-2018-000-YLW-027-000,119,ACERRU,2018,1,True,False,True,False,False
0119.0-2018-000-YLW-028-000,119,ACERRU,2018,1,True,False,True,False,False
0119.0-2018-000-YLW-029-000,119,ACERRU,2018,1,True,False,True,False,False
0119.0-2018-000-YLW-030-000,119,PINUST,2018,1,True,False,True,False,False
0119.0-2020-000-WHT-073-000,119,ACERRU,2020,1,True,False,True,False,False
0119.0-2020-000-WHT-074-000,119,ACERRU,2020,1,True,False,True,False,False
0119.0-2020-000-WHT-075-000,119,ACERRU,2020,1,True,False,True,False,False
0119.0-2020-000-WHT-076-000,119,ACERRU,2020,1,True,False,True,False,False
0119.0-2020-000-WHT-077-000,119,ACERRU,2020,1,True,False,True,False,False
0119.0-2020-000-WHT-078-000,119,ACERRU,2020,1,True,False,True,False,False
0119.0-2020-000-WHT-079-000,119,ACERRU,2020,1,True,False,True,False,False
0119.0-2020-000-WHT-080-000,119,ACERRU,2020,1,True,False,True,False,False
0119.0-2020-000-WHT-081-000,119,ACERRU,2020,1,True,False,True,False,False
0119.0-2020-000-WHT-082-000,119,ACERRU,2020,1,True,False,True,False,False
0119.0-2020-000-WHT-083-000,119,ACERRU,2020,1,True,False,True,False,False
0119.0-2020-000-WHT-084-000,119,ACERRU,2020,1,True,False,True,False,False
0119.0-2020-000-WHT-085-000,119,ACERRU,2020,1,True,False,True,False,False
0119.0-2020-000-WHT-086-000,119,ACERRU,2020,1,True,False,True,False,False
0119.0-2020-000-WHT-087-000,119,ACERRU,2020,1,True,False,True,False,False
0119.0-2020-000-WHT-088-000,119,ACERRU,2020,1,True,False,True,False,False
0119.0-2020-000-WHT-089-000,119,ACERRU,2020,1,True,False,True,False,False
0119.0-2020-000-WHT-090-000,119,ACERRU,2020,1,True,False,True,False,False
0119.0-2020-000-WHT-091-000,119,ACERRU,2020,1,True,False,True,False,False
0119.0-2020-000-WHT-092-000,119,ACERRU,2020,1,True,False,True,False,False
0119.0-2021-000-BLU-014-000,119,ACERRU,2021,1,True,False,True,False,False
0119.0-2023-000-BLU-023-000,119,ACERRU,2023,1,True,False,True,False,False
0119.0-2023-000-BLU-024-000,119,ACERRU,2023,1,True,False,True,False,False
0119.0-2023-000-BLU-025-000,119,ACERRU,2023,1,True,False,True,False,False
0119.0-2023-000-ORG-008-000,119,ACERRU,2023,1,True,False,True,False,False
0119.0-2023-000-ORG-009-000,119,ACERRU,2023,1,True,False,True,False,False
0119.0-2023-000-UNT-001-000,119,ACERRU,2023,1,True,False,True,False,False
0120.0-2017-000-BLU-076-000,120,PINUST,2017,0,True,True,False,False,False
0120.0-2017-000-BLU-077-000,120,ACERRU,2017,0,True,True,False,False,False
0120.0-2017-000-BLU-078-000,120,ACERRU,2017,0,True,True,False,False,False
0120.0-2017-000-BLU-079-000,120,ACERRU,2017,0,True,True,False,False,False
0120.0-2017-000-BLU-080-000,120,ACERRU,2017,0,True,True,False,False,False
0120.0-2017-000-BLU-081-000,120,ACERRU,2017,0,True,True,False,False,False
0120.0-2017-000-BLU-082-000,120,ACERRU,2017,0,True,True,False,False,False
0120.0-2017-000-BLU-083-000,120,ACERRU,2017,0,True,True,False,False,False
0120.0-2017-000-BLU-084-000,120,ACERRU,2017,0,True,True,False,False,False
0120.0-2017-000-BLU-085-000,120,ACERRU,2017,0,True,True,False,False,False
0120.0-2017-000-BLU-086-000,120,ACERRU,2017,0,True,True,False,False,False
0120.0-2017-000-BLU-087-000,120,ACERRU,2017,0,True,True,False,False,False
0120.0-2017-000-BLU-088-000,120,ACERRU,2017,0,True,True,False,False,False
0120.0-2017-000-BLU-089-000,120,ACERRU,2017,0,True,True,False,False,False
0120.0-2017-000-BLU-090-000,120,ACERRU,2017,0,True,True,False,False,False
0120.0-2017-000-YLW-049-000,120,ACERRU,2017,0,True,True,False,False,False
0120.0-2017-000-YLW-050-000,120,ACERRU,2017,0,True,True,False,False,False
0120.0-2017-000-YLW-051-000,120,ACERRU,2017,0,True,True,False,False,False
0120.0-2017-000-YLW-052-000,120,ACERRU,2017,0,True,True,False,False,False
0120.0-2017-000-YLW-053-000,120,ACERRU,2017,0,True,True,False,False,False
0120.0-2017-000-YLW-054-000,120,ACERRU,2017,0,True,True,False,False,False
0120.0-2017-000-YLW-055-000,120,ACERRU,2017,0,True,True,False,False,False
0120.0-2017-000-YLW-056-000,120,ACERRU,2017,0,True,True,False,False,False
0120.0-2017-000-YLW-057-000,120,ACERRU,2017,0,True,True,False,False,False
0120.0-2017-000-YLW-058-000,120,ACERRU,2017,0,True,True,False,False,False
0120.0-2017-000-YLW-059-000,120,ACERRU,2017,0,True,True,False,False,False
0120.0-2017-000-YLW-060-000,120,ACERRU,2017,0,True,True,False,False,False
0120.0-2017-000-YLW-061-000,120,ACERRU,2017,0,True,True,False,False,False
0120.0-2017-000-YLW-062-000,120,ACERRU,2017,0,True,True,False,False,False
0120.0-2017-000-YLW-063-000,120,ACERRU,2017,0,True,True,False,False,False
0120.0-2017-000-YLW-064-000,120,ACERRU,2017,0,True,True,False,False,False
0120.0-2017-000-YLW-065-000,120,ACERRU,2017,0,True,True,False,False,False
0120.0-2017-000-YLW-066-000,120,ACERRU,2017,0,True,True,False,False,False
0120.0-2017-000-YLW-067-000,120,ACERRU,2017,0,True,True,False,False,False
0120.0-2017-000-YLW-068-000,120,ACERRU,2017,0,True,True,False,False,False
0120.0-2017-000-YLW-069-000,120,ACERRU,2017,0,True,True,False,False,False
0120.0-2017-000-YLW-070-000,120,ACERRU,2017,0,True,True,False,False,False
0120.0-2017-000-YLW-071-000,120,ACERRU,2017,0,True,True,False,False,False
0120.0-2017-000-YLW-072-000,120,ACERRU,2017,0,True,True,False,False,False
0120.0-2017-000-YLW-073-000,120,ACERRU,2017,0,True,True,False,False,False
0120.0-2017-000-YLW-074-000,120,ACERRU,2017,0,True,True,False,False,False
0120.0-2017-000-YLW-075-000,120,ACERRU,2017,0,True,True,False,False,False
0120.0-2018-000-ORG-001-000,120,ACERRU,2018,1,True,False,True,False,False
0120.0-2018-000-ORG-002-000,120,ACERRU,2018,1,True,False,True,False,False
0120.0-2018-000-ORG-003-000,120,ACERRU,2018,1,True,False,True,False,False
0120.0-2018-000-ORG-004-000,120,ACERRU,2018,1,True,False,True,False,False
0120.0-2018-000-ORG-005-000,120,ACERRU,2018,1,True,False,True,False,False
0120.0-2018-000-ORG-006-000,120,ACERRU,2018,1,True,False,True,False,False
0120.0-2018-000-ORG-007-000,120,ACERRU,2018,1,True,False,True,False,False
0120.0-2018-000-ORG-008-000,120,PINUST,2018,1,True,False,True,False,False
0120.0-2018-000-ORG-009-000,120,ACERRU,2018,1,True,False,True,False,False
0120.0-2018-000-ORG-010-000,120,ACERRU,2018,1,True,False,True,False,False
0120.0-2018-000-ORG-011-000,120,ACERRU,2018,1,True,False,True,False,False
0120.0-2018-000-ORG-012-000,120,ACERRU,2018,1,True,False,True,False,False
0120.0-2018-000-ORG-013-000,120,ACERRU,2018,1,True,False,True,False,False
0120.0-2018-000-ORG-014-000,120,ACERRU,2018,1,True,False,True,False,False
0120.0-2018-000-ORG-015-000,120,ACERRU,2018,1,True,False,True,False,False
0120.0-2018-000-ORG-016-000,120,ACERRU,2018,1,True,False,True,False,False
0120.0-2018-000-UNT-001-000,120,PINUST,2018,1,True,False,True,False,False
0120.0-2018-000-YLW-031-000,120,ACERRU,2018,1,True,False,True,False,False
0120.0-2018-000-YLW-032-000,120,ACERRU,2018,1,True,False,True,False,False
0120.0-2018-000-YLW-033-000,120,ACERRU,2018,1,True,False,True,False,False
0120.0-2018-000-YLW-034-000,120,ACERRU,2018,1,True,False,True,False,False
0120.0-2018-000-YLW-035-000,120,ACERRU,2018,1,True,False,True,False,False
0120.0-2018-000-YLW-036-000,120,ACERRU,2018,1,True,False,True,False,False
0120.0-2018-000-YLW-037-000,120,ACERRU,2018,1,True,False,True,False,False
0120.0-2018-000-YLW-038-000,120,ACERRU,2018,1,True,False,True,False,False
0120.0-2018-000-YLW-039-000,120,ACERRU,2018,1,True,False,True,False,False
0120.0-2018-000-YLW-040-000,120,ACERRU,2018,1,True,False,True,False,False
0120.0-2018-000-YLW-041-000,120,ACERRU,2018,1,True,False,True,False,False
0120.0-2018-000-YLW-042-000,120,TSUGCA,2018,1,True,False,True,False,False
0120.0-2018-000-YLW-043-000,120,ACERRU,2018,1,True,False,True,False,False
0120.0-2018-000-YLW-044-000,120,ACERRU,2018,1,True,False,True,False,False
0120.0-2018-000-YLW-045-000,120,ACERRU,2018,1,True,False,True,False,False
0120.0-2018-000-YLW-046-000,120,PINUST,2018,1,True,False,True,False,False
0120.0-2018-000-YLW-047-000,120,ACERRU,2018,1,True,False,True,False,False
0120.0-2018-000-YLW-048-000,120,ACERRU,2018,1,True,False,True,False,False
0120.0-2019-000-WHT-030-000,120,PINUST,2019,1,True,False,True,False,False
0120.0-2019-000-WHT-043-000,120,ACERRU,2019,1,True,False,True,False,False
0120.0-2019-000-WHT-050-000,120,ACERRU,2019,1,True,False,True,False,False
0120.0-2019-000-WHT-088-000,120,ACERRU,2019,1,True,False,True,False,False
0120.0-2020-000-RED-001-000,120,ACERRU,2020,1,True,False,True,False,False
0120.0-2020-000-RED-002-000,120,ACERRU,2020,1,True,False,True,False,False
0120.0-2020-000-RED-003-000,120,ACERRU,2020,1,True,False,True,False,False
0120.0-2020-000-RED-004-000,120,ACERRU,2020,1,True,False,True,False,False
0120.0-2020-000-RED-005-000,120,ACERRU,2020,1,True,False,True,False,False
0120.0-2020-000-RED-006-000,120,ACERRU,2020,1,True,False,True,False,False
0120.0-2020-000-RED-007-000,120,ACERRU,2020,1,True,False,True,False,False
0120.0-2020-000-RED-008-000,120,ACERRU,2020,1,True,False,True,False,False
0120.0-2020-000-RED-009-000,120,ACERRU,2020,1,True,False,True,False,False
0120.0-2020-000-RED-010-000,120,ACERRU,2020,1,True,False,True,False,False
0120.0-2020-000-RED-011-000,120,ACERRU,2020,1,True,False,True,False,False
0120.0-2020-000-RED-012-000,120,ACERRU,2020,1,True,False,True,False,False
0120.0-2020-000-RED-013-000,120,ACERRU,2020,1,True,False,True,False,False
0120.0-2020-000-RED-014-000,120,ACERRU,2020,1,True,False,True,False,False
0120.0-2020-000-RED-015-000,120,ACERRU,2020,1,True,False,True,False,False
0120.0-2020-000-RED-016-000,120,ACERRU,2020,1,True,False,True,False,False
0120.0-2020-000-RED-017-000,120,ACERRU,2020,1,True,False,True,False,False
0120.0-2020-000-WHT-093-000,120,ACERRU,2020,1,True,False,True,False,False
0120.0-2020-000-WHT-094-000,120,ACERRU,2020,1,True,False,True,False,False
0120.0-2020-000-WHT-095-000,120,ACERRU,2020,1,True,False,True,False,False
0120.0-2020-000-WHT-096-000,120,ACERRU,2020,1,True,False,True,False,False
0120.0-2020-000-WHT-097-000,120,ACERRU,2020,1,True,False,True,False,False
0120.0-2020-000-WHT-098-000,120,ACERRU,2020,1,True,False,True,False,False
0120.0-2020-000-WHT-099-000,120,ACERRU,2020,1,True,False,True,False,False
0120.0-2020-000-WHT-100-000,120,ACERRU,2020,1,True,False,True,False,False
0120.0-2021-000-BLU-015-000,120,PINUST,2021,1,True,False,True,False,False
0120.0-2021-000-BLU-016-000,120,PINUST,2021,1,True,False,True,False,False
0120.0-2021-000-BLU-017-000,120,PINUST,2021,1,True,False,True,False,False
0120.0-2021-000-BLU-018-000,120,PINUST,2021,1,True,False,True,False,False
0120.0-2021-000-BLU-019-000,120,PINUST,2021,1,True,False,True,False,False
0120.0-2021-000-BLU-020-000,120,PINUST,2021,1,True,False,True,False,False
0120.0-2021-000-BLU-021-000,120,PINUST,2021,1,True,False,True,False,False
0120.0-2021-000-BLU-022-000,120,PINUST,2021,1,True,False,True,False,False
0120.0-2021-000-BLU-023-000,120,PINUST,2021,1,True,False,True,False,False
0120.0-2023-000-ORG-011-000,120,KALMLA,2023,0,True,False,False,False,False
0120.0-2023-000-ORG-012-000,120,PINUST,2023,0,True,False,False,False,False
0120.0-2023-000-ORG-023-000,120,BETUXX,2023,1,True,False,True,False,False
0120.0-2023-000-ORG-024-000,120,ACERRU,2023,1,True,False,True,False,False
0120.0-2023-000-ORG-025-000,120,ACERRU,2023,1,True,False,True,False,False
0120.0-2023-000-UNT-001-000,120,UNKNXX,2023,1,True,False,True,False,False
0121.0-2017-000-YLW-001-000,121,KALMLA,2017,0,True,True,False,False,False
0121.0-2017-000-YLW-002-000,121,KALMLA,2017,0,True,True,False,False,False
0121.0-2017-000-YLW-003-000,121,KALMLA,2017,0,True,True,False,False,False
0121.0-2018-000-ORG-017-000,121,ACERRU,2018,1,True,False,True,False,False
0121.0-2018-000-ORG-018-000,121,ACERRU,2018,1,True,False,True,False,False
0121.0-2018-000-ORG-019-000,121,ACERRU,2018,1,True,False,True,False,False
0121.0-2018-000-ORG-020-000,121,ACERRU,2018,1,True,False,True,False,False
0121.0-2018-000-ORG-021-000,121,ACERRU,2018,1,True,False,True,False,False
0121.0-2018-000-ORG-022-000,121,ACERRU,2018,1,True,False,True,False,False
0121.0-2018-000-ORG-023-000,121,ACERRU,2018,1,True,False,True,False,False
0121.0-2018-000-ORG-024-000,121,TSUGCA,2018,1,True,False,True,False,False
0121.0-2018-000-ORG-025-000,121,ACERRU,2018,1,True,False,True,False,False
0121.0-2018-000-ORG-026-000,121,ACERRU,2018,1,True,False,True,False,False
0121.0-2018-000-ORG-027-000,121,ACERRU,2018,1,True,False,True,False,False
0121.0-2018-000-ORG-028-000,121,ACERRU,2018,1,True,False,True,False,False
0121.0-2019-000-RED-011-000,121,ACERRU,2019,1,True,False,True,False,False
0121.0-2019-000-RED-051-000,121,ACERRU,2019,1,True,False,True,False,False
0121.0-2019-000-RED-091-000,121,ACERRU,2019,1,True,False,True,False,False
0121.0-2020-000-RED-018-000,121,ACERRU,2020,1,True,False,True,False,False
0121.0-2020-000-RED-019-000,121,ACERRU,2020,1,True,False,True,False,False
0121.0-2020-000-RED-020-000,121,ACERRU,2020,1,True,False,True,False,False
0121.0-2020-000-RED-021-000,121,ACERRU,2020,1,True,False,True,False,False
0121.0-2020-000-RED-022-000,121,ACERRU,2020,1,True,False,True,False,False
0121.0-2020-000-RED-023-000,121,ACERRU,2020,1,True,False,True,False,False
0121.0-2020-000-RED-024-000,121,ACERRU,2020,1,True,False,True,False,False
0121.0-2020-000-RED-025-000,121,ACERRU,2020,1,True,False,True,False,False
0121.0-2020-000-RED-026-000,121,ACERRU,2020,1,True,False,True,False,False
0121.0-2020-000-RED-027-000,121,ACERRU,2020,1,True,False,True,False,False
0121.0-2020-000-RED-028-000,121,ACERRU,2020,1,True,False,True,False,False
0121.0-2020-000-RED-029-000,121,ACERRU,2020,1,True,False,True,False,False
0121.0-2020-000-RED-030-000,121,ACERRU,2020,1,True,False,True,False,False
0121.0-2020-000-RED-031-000,121,ACERRU,2020,1,True,False,True,False,False
0121.0-2020-000-RED-032-000,121,ACERRU,2020,1,True,False,True,False,False
0121.0-2020-000-RED-033-000,121,ACERRU,2020,1,True,False,True,False,False
0121.0-2020-000-RED-034-000,121,ACERRU,2020,1,True,False,True,False,False
0121.0-2020-000-RED-035-000,121,ACERRU,2020,1,True,False,True,False,False
0121.0-2020-000-RED-036-000,121,ACERRU,2020,1,True,False,True,False,False
0121.0-2020-000-RED-037-000,121,ACERRU,2020,1,True,False,True,False,False
0121.0-2020-000-RED-038-000,121,ACERRU,2020,1,True,False,True,False,False
0121.0-2020-000-RED-039-000,121,ACERRU,2020,1,True,False,True,False,False
0121.0-2020-000-RED-040-000,121,ACERRU,2020,1,True,False,True,False,False
0121.0-2020-000-RED-041-000,121,ACERRU,2020,1,True,False,True,False,False
0121.0-2020-000-RED-042-000,121,ACERRU,2020,1,True,False,True,False,False
0121.0-2020-000-RED-043-000,121,ACERRU,2020,1,True,False,True,False,False
0121.0-2020-000-RED-044-000,121,ACERRU,2020,1,True,False,True,False,False
0121.0-2020-000-RED-045-000,121,ACERRU,2020,1,True,False,True,False,False
0121.0-2020-000-RED-046-000,121,ACERRU,2020,1,True,False,True,False,False
0121.0-2020-000-RED-047-000,121,ACERRU,2020,1,True,False,True,False,False
0121.0-2020-000-RED-048-000,121,ACERRU,2020,1,True,False,True,False,False
0121.0-2020-000-RED-049-000,121,ACERRU,2020,1,True,False,True,False,False
0121.0-2020-000-RED-050-000,121,ACERRU,2020,1,True,False,True,False,False
0121.0-2021-000-BLU-024-000,121,QUERRU,2021,1,True,False,True,False,False
0121.0-2023-000-ORG-010-000,121,ACERRU,2023,1,True,False,True,False,False
0122.0-2017-000-YLW-081-000,122,ACERRU,2017,0,True,True,False,False,False
0122.0-2017-000-YLW-082-000,122,KALMLA,2017,0,True,True,False,False,False
0122.0-2017-000-YLW-083-000,122,KALMLA,2017,0,True,True,False,False,False
0122.0-2017-000-YLW-084-000,122,ACERRU,2017,0,True,True,False,False,False
0122.0-2017-000-YLW-085-000,122,KALMLA,2017,0,True,True,False,False,False
0122.0-2017-000-YLW-086-000,122,KALMLA,2017,0,True,True,False,False,False
0122.0-2017-000-YLW-087-000,122,KALMLA,2017,0,True,True,False,False,False
0122.0-2017-000-YLW-088-000,122,KALMLA,2017,0,True,True,False,False,False
0122.0-2017-000-YLW-089-000,122,KALMLA,2017,0,True,True,False,False,False
0122.0-2018-000-ORG-029-000,122,PINUST,2018,1,True,False,True,False,False
0122.0-2018-000-ORG-030-000,122,PINUST,2018,1,True,False,True,False,False
0122.0-2019-000-RED-061-000,122,ACERRU,2019,1,True,False,True,False,False
0122.0-2020-000-ORG-076-000,122,ACERRU,2020,1,True,False,True,False,False
0122.0-2020-000-ORG-077-000,122,ACERRU,2020,1,True,False,True,False,False
0122.0-2020-000-ORG-078-000,122,ACERRU,2020,1,True,False,True,False,False
0122.0-2020-000-ORG-079-000,122,ACERRU,2020,1,True,False,True,False,False
0123.0-2017-000-YLW-090-000,123,QUERRU,2017,0,True,True,False,False,False
0123.0-2017-000-YLW-091-000,123,QUERRU,2017,0,True,True,False,False,False
0123.0-2017-000-YLW-092-000,123,QUERRU,2017,0,True,True,False,False,False
0123.0-2017-000-YLW-093-000,123,QUERRU,2017,0,True,True,False,False,False
0123.0-2017-000-YLW-094-000,123,QUERRU,2017,0,True,True,False,False,False
0123.0-2017-000-YLW-095-000,123,QUERRU,2017,0,True,True,False,False,False
0123.0-2017-000-YLW-096-000,123,QUERRU,2017,0,True,True,False,False,False
0123.0-2017-000-YLW-097-000,123,FAGUGR,2017,0,True,True,False,False,False
0123.0-2017-000-YLW-098-000,123,VIBUNU,2017,0,True,True,False,False,False
0123.0-2017-000-YLW-099-000,123,ACERRU,2017,0,True,True,False,False,False
0123.0-2017-000-YLW-100-000,123,QUERRU,2017,0,True,True,False,False,False
0123.0-2018-000-ORG-031-000,123,ACERRU,2018,1,True,False,True,False,False
0123.0-2018-000-ORG-032-000,123,ACERRU,2018,1,True,False,True,False,False
0123.0-2018-000-ORG-033-000,123,ACERRU,2018,1,True,False,True,False,False
0123.0-2018-000-ORG-034-000,123,ACERRU,2018,1,True,False,True,False,False
0123.0-2018-000-ORG-035-000,123,ACERRU,2018,1,True,False,True,False,False
0123.0-2018-000-ORG-036-000,123,ACERRU,2018,1,True,False,True,False,False
0123.0-2018-000-ORG-037-000,123,ACERRU,2018,1,True,False,True,False,False
0123.0-2018-000-ORG-038-000,123,PINUST,2018,1,True,False,True,False,False
0123.0-2018-000-ORG-039-000,123,ACERRU,2018,1,True,False,True,False,False
0123.0-2018-000-ORG-040-000,123,ACERRU,2018,1,True,False,True,False,False
0123.0-2018-000-ORG-041-000,123,PINUST,2018,1,True,False,True,False,False
0123.0-2019-000-WHT-052-000,123,ACERRU,2019,1,True,False,True,False,False
0123.0-2019-000-WHT-053-000,123,UNKNXX,2019,1,True,False,True,False,False
0123.0-2019-000-WHT-059-000,123,UNKNXX,2019,1,True,False,True,False,False
0123.0-2020-000-ORG-080-000,123,ACERRU,2020,1,True,False,True,False,False
0123.0-2020-000-ORG-081-000,123,ACERRU,2020,1,True,False,True,False,False
0123.0-2020-000-ORG-082-000,123,ACERRU,2020,1,True,False,True,False,False
0123.0-2020-000-ORG-083-000,123,ACERRU,2020,1,True,False,True,False,False
0123.0-2021-000-BLU-025-000,123,PINUST,2021,1,True,False,True,False,False
0123.0-2022-000-BLU-049-000,123,UNKNCO,2022,1,True,False,True,False,False
0123.0-2022-000-BLU-068-000,123,BETUXX,2022,1,True,False,True,False,False
0123.0-2022-000-BLU-076-000,123,TSUGCA,2022,1,True,False,True,False,False
0123.0-2022-000-BLU-094-000,123,TSUGCA,2022,1,True,False,True,False,False
0123.0-2023-000-ORG-013-000,123,PICEXX,2023,0,True,False,False,False,False
0124.0-2017-000-ORG-051-000,124,QUERRU,2017,0,True,True,False,False,False
0124.0-2017-000-ORG-052-000,124,KALMLA,2017,0,True,True,False,False,False
0124.0-2017-000-ORG-053-000,124,ACERRU,2017,0,True,True,False,False,False
0124.0-2017-000-ORG-054-000,124,ACERRU,2017,0,True,True,False,False,False
0124.0-2017-000-ORG-055-000,124,QUERRU,2017,0,True,True,False,False,False
0124.0-2019-000-RED-002-000,124,ACERRU,2019,1,True,False,True,False,False
0124.0-2019-000-RED-006-000,124,ACERRU,2019,1,True,False,True,False,False
0124.0-2019-000-RED-010-000,124,ACERRU,2019,1,True,False,True,False,False
0124.0-2019-000-RED-020-000,124,ACERRU,2019,1,True,False,True,False,False
0124.0-2019-000-RED-067-000,124,ACERRU,2019,1,True,False,True,False,False
0124.0-2020-000-ORG-084-000,124,ACERRU,2020,1,True,False,True,False,False
0124.0-2020-000-ORG-085-000,124,ACERRU,2020,1,True,False,True,False,False
0124.0-2020-000-ORG-086-000,124,ACERRU,2020,1,True,False,True,False,False
0124.0-2020-000-ORG-087-000,124,ACERRU,2020,1,True,False,True,False,False
0124.0-2020-000-ORG-088-000,124,ACERRU,2020,1,True,False,True,False,False
0124.0-2020-000-ORG-089-000,124,ACERRU,2020,1,True,False,True,False,False
0124.0-2020-000-ORG-090-000,124,ACERRU,2020,1,True,False,True,False,False
0124.0-2020-000-ORG-091-000,124,ACERRU,2020,1,True,False,True,False,False
0124.0-2020-000-ORG-092-000,124,ACERRU,2020,1,True,False,True,False,False
0124.0-2021-000-ORG-040-000,124,ACERRU,2021,1,True,False,True,False,False
0124.0-2021-000-WHT-026-000,124,PINUST,2021,1,True,False,True,False,False
0124.0-2021-000-WHT-027-000,124,PINUST,2021,1,True,False,True,False,False
0124.0-2021-000-WHT-028-000,124,PINUST,2021,1,True,False,True,False,False
0124.0-2021-000-WHT-029-000,124,PINUST,2021,1,True,False,True,False,False
0124.0-2021-000-WHT-030-000,124,PINUST,2021,1,True,False,True,False,False
0301.0-2017-000-WHT-021-000,301,ACERRU,2017,0,True,True,False,False,False
0301.0-2017-000-WHT-022-000,301,ACERRU,2017,0,True,True,False,False,False
0301.0-2017-000-WHT-023-000,301,ACERRU,2017,0,True,True,False,False,False
0301.0-2017-000-WHT-024-000,301,ACERRU,2017,0,True,True,False,False,False
0301.0-2017-000-WHT-025-000,301,ACERRU,2017,0,True,True,False,False,False
0301.0-2017-000-WHT-038-000,301,ACERRU,2017,0,True,True,False,False,False
0301.0-2017-000-WHT-039-000,301,ACERRU,2017,0,True,True,False,False,False
0301.0-2017-000-WHT-040-000,301,ACERRU,2017,0,True,True,False,False,False
0301.0-2017-000-WHT-041-000,301,ACERRU,2017,0,True,True,False,False,False
0301.0-2017-000-WHT-042-000,301,ACERRU,2017,0,True,True,False,False,False
0301.0-2017-000-WHT-043-000,301,ACERRU,2017,0,True,True,False,False,False
0301.0-2017-000-WHT-044-000,301,ACERRU,2017,0,True,True,False,False,False
0301.0-2017-000-WHT-045-000,301,ACERRU,2017,0,True,True,False,False,False
0301.0-2017-000-WHT-046-000,301,ACERRU,2017,0,True,True,False,False,False
0301.0-2017-000-WHT-047-000,301,ACERRU,2017,0,True,True,False,False,False
0301.0-2017-000-WHT-048-000,301,ACERRU,2017,0,True,True,False,False,False
0301.0-2017-000-WHT-049-000,301,ACERRU,2017,0,True,True,False,False,False
0301.0-2017-000-WHT-050-000,301,ACERRU,2017,0,True,True,False,False,False
0301.0-2017-000-WHT-051-000,301,ACERRU,2017,0,True,True,False,False,False
0301.0-2017-000-WHT-052-000,301,ACERRU,2017,0,True,True,False,False,False
0301.0-2018-000-ORG-042-000,301,ACERRU,2018,1,True,False,True,False,False
0301.0-2018-000-ORG-043-000,301,ACERRU,2018,1,True,False,True,False,False
0301.0-2018-000-ORG-044-000,301,ACERRU,2018,1,True,False,True,False,False
0301.0-2018-000-ORG-045-000,301,ACERRU,2018,1,True,False,True,False,False
0301.0-2018-000-ORG-046-000,301,ACERRU,2018,1,True,False,True,False,False
0301.0-2018-000-ORG-047-000,301,PINUST,2018,1,True,False,True,False,False
0301.0-2018-000-ORG-048-000,301,ACERRU,2018,1,True,False,True,False,False
0301.0-2018-000-ORG-049-000,301,ACERRU,2018,1,True,False,True,False,False
0301.0-2018-000-ORG-050-000,301,ACERRU,2018,1,True,False,True,False,False
0301.0-2018-000-ORG-051-000,301,ACERRU,2018,1,True,False,True,False,False
0301.0-2018-000-ORG-052-000,301,ACERRU,2018,1,True,False,True,False,False
0301.0-2018-000-ORG-053-000,301,ACERRU,2018,1,True,False,True,False,False
0301.0-2018-000-ORG-054-000,301,ACERRU,2018,1,True,False,True,False,False
0301.0-2018-000-ORG-055-000,301,ACERRU,2018,1,True,False,True,False,False
0301.0-2019-000-BLU-002-000,301,PINUST,2019,1,True,False,True,False,False
0301.0-2019-000-BLU-003-000,301,ACERRU,2019,1,True,False,True,False,False
0301.0-2019-000-BLU-021-000,301,ACERRU,2019,1,True,False,True,False,False
0301.0-2019-000-BLU-045-000,301,ACERRU,2019,1,True,False,True,False,False
0301.0-2019-000-BLU-061-000,301,PINUST,2019,1,True,False,True,False,False
0301.0-2019-000-BLU-080-000,301,ACERRU,2019,1,True,False,True,False,False
0413.0-2017-000-BLU-001-000,413,BETUXX,2017,0,True,True,False,False,False
0413.0-2017-000-BLU-002-000,413,BETUXX,2017,0,True,True,False,False,False
0413.0-2017-000-BLU-003-000,413,BETUXX,2017,0,True,True,False,False,False
0413.0-2017-000-BLU-004-000,413,BETUXX,2017,0,True,True,False,False,False
0413.0-2017-000-BLU-005-000,413,BETUXX,2017,0,True,True,False,False,False
0413.0-2017-000-BLU-006-000,413,BETUXX,2017,0,True,True,False,False,False
0413.0-2017-000-BLU-007-000,413,BETUXX,2017,0,True,True,False,False,False
0413.0-2017-000-BLU-008-000,413,BETUXX,2017,0,True,True,False,False,False
0413.0-2017-000-BLU-009-000,413,BETUXX,2017,0,True,True,False,False,False
0413.0-2017-000-BLU-010-000,413,BETUXX,2017,0,True,True,False,False,False
0413.0-2017-000-BLU-011-000,413,BETUXX,2017,0,True,True,False,False,False
0413.0-2017-000-BLU-012-000,413,BETUXX,2017,0,True,True,False,False,False
0413.0-2017-000-BLU-013-000,413,BETUXX,2017,0,True,True,False,False,False
0413.0-2017-000-BLU-014-000,413,BETUXX,2017,0,True,True,False,False,False
0413.0-2017-000-BLU-015-000,413,BETUXX,2017,0,True,True,False,False,False
0413.0-2017-000-BLU-016-000,413,BETUXX,2017,0,True,True,False,False,False
0413.0-2017-000-BLU-017-000,413,BETUXX,2017,0,True,True,False,False,False
0413.0-2017-000-BLU-018-000,413,BETUXX,2017,0,True,True,False,False,False
0413.0-2017-000-BLU-019-000,413,ACERRU,2017,0,True,True,False,False,False
0413.0-2017-000-BLU-020-000,413,BETUXX,2017,0,True,True,False,False,False
0413.0-2017-000-BLU-021-000,413,BETUXX,2017,0,True,True,False,False,False
0413.0-2017-000-BLU-022-000,413,BETUXX,2017,0,True,True,False,False,False
0413.0-2017-000-BLU-023-000,413,BETUXX,2017,0,True,True,False,False,False
0413.0-2017-000-BLU-024-000,413,BETUXX,2017,0,True,True,False,False,False
0413.0-2017-000-BLU-025-000,413,BETUXX,2017,0,True,True,False,False,False
0413.0-2017-000-BLU-026-000,413,ACERRU,2017,0,True,True,False,False,False
0413.0-2017-000-BLU-027-000,413,ACERRU,2017,0,True,True,False,False,False
0413.0-2017-000-BLU-028-000,413,ACERRU,2017,0,True,True,False,False,False
0413.0-2017-000-BLU-029-000,413,BETUXX,2017,0,True,True,False,False,False
0413.0-2017-000-BLU-030-000,413,BETUXX,2017,0,True,True,False,False,False
0413.0-2017-000-BLU-031-000,413,UNKNXX,2017,0,True,True,False,False,False
0413.0-2017-000-BLU-032-000,413,BETUXX,2017,0,True,True,False,False,False
0413.0-2017-000-BLU-033-000,413,BETUXX,2017,0,True,True,False,False,False
0413.0-2017-000-BLU-034-000,413,BETUXX,2017,0,True,True,False,False,False
0413.0-2017-000-BLU-035-000,413,BETUXX,2017,0,True,True,False,False,False
0413.0-2017-000-BLU-036-000,413,BETUXX,2017,0,True,True,False,False,False
0413.0-2017-000-BLU-037-000,413,BETUXX,2017,0,True,True,False,False,False
0413.0-2017-000-BLU-038-000,413,BETUXX,2017,0,True,True,False,False,False
0413.0-2017-000-BLU-039-000,413,BETUXX,2017,0,True,True,False,False,False
0413.0-2017-000-BLU-040-000,413,BETUXX,2017,0,True,True,False,False,False
0413.0-2017-000-BLU-041-000,413,BETUXX,2017,0,True,True,False,False,False
0413.0-2017-000-BLU-042-000,413,BETUXX,2017,0,True,True,False,False,False
0413.0-2017-000-BLU-043-000,413,BETUXX,2017,0,True,True,False,False,False
0413.0-2017-000-BLU-044-000,413,BETUXX,2017,0,True,True,False,False,False
0413.0-2017-000-BLU-045-000,413,BETUXX,2017,0,True,True,False,False,False
0413.0-2017-000-BLU-046-000,413,BETUXX,2017,0,True,True,False,False,False
0413.0-2017-000-BLU-047-000,413,BETUXX,2017,0,True,True,False,False,False
0413.0-2017-000-BLU-048-000,413,BETUXX,2017,0,True,True,False,False,False
0413.0-2017-000-BLU-049-000,413,BETUXX,2017,0,True,True,False,False,False
0413.0-2017-000-BLU-050-000,413,ACERRU,2017,0,True,True,False,False,False
0413.0-2017-000-BLU-051-000,413,BETUXX,2017,0,True,True,False,False,False
0413.0-2017-000-BLU-052-000,413,BETUXX,2017,0,True,True,False,False,False
0413.0-2017-000-BLU-053-000,413,BETUXX,2017,0,True,True,False,False,False
0413.0-2017-000-BLU-054-000,413,BETUXX,2017,0,True,True,False,False,False
0413.0-2017-000-BLU-055-000,413,BETUXX,2017,0,True,True,False,False,False
0413.0-2017-000-BLU-056-000,413,BETUXX,2017,0,True,True,False,False,False
0413.0-2017-000-BLU-057-000,413,BETUXX,2017,0,True,True,False,False,False
0413.0-2017-000-BLU-058-000,413,BETUXX,2017,0,True,True,False,False,False
0413.0-2017-000-BLU-059-000,413,BETUXX,2017,0,True,True,False,False,False
0413.0-2017-000-BLU-060-000,413,BETUXX,2017,0,True,True,False,False,False
0413.0-2017-000-BLU-061-000,413,BETUXX,2017,0,True,True,False,False,False
0413.0-2017-000-BLU-062-000,413,BETUXX,2017,0,True,True,False,False,False
0413.0-2017-000-BLU-063-000,413,BETUXX,2017,0,True,True,False,False,False
0413.0-2017-000-BLU-064-000,413,BETUXX,2017,0,True,True,False,False,False
0413.0-2017-000-BLU-065-000,413,BETUXX,2017,0,True,True,False,False,False
0413.0-2017-000-BLU-066-000,413,BETUXX,2017,0,True,True,False,False,False
0413.0-2017-000-BLU-067-000,413,ACERRU,2017,0,True,True,False,False,False
0413.0-2017-000-BLU-068-000,413,BETUXX,2017,0,True,True,False,False,False
0413.0-2017-000-BLU-069-000,413,BETUXX,2017,0,True,True,False,False,False
0413.0-2017-000-BLU-070-000,413,BETUXX,2017,0,True,True,False,False,False
0413.0-2017-000-BLU-071-000,413,ACERRU,2017,0,True,True,False,False,False
0413.0-2017-000-BLU-072-000,413,BETUXX,2017,0,True,True,False,False,False
0413.0-2017-000-BLU-073-000,413,BETUXX,2017,0,True,True,False,False,False
0413.0-2017-000-BLU-074-000,413,BETUXX,2017,0,True,True,False,False,False
0413.0-2017-000-BLU-075-000,413,BETUXX,2017,0,True,True,False,False,False
0413.0-2017-000-BLU-076-000,413,ACERRU,2017,0,True,True,False,False,False
0413.0-2017-000-BLU-077-000,413,ACERRU,2017,0,True,True,False,False,False
0413.0-2017-000-WHT-027-000,413,BETUXX,2017,0,True,True,False,False,False
0413.0-2017-000-WHT-028-000,413,BETUXX,2017,0,True,True,False,False,False
0413.0-2017-000-WHT-029-000,413,BETUXX,2017,0,True,True,False,False,False
0413.0-2017-000-WHT-030-000,413,BETUXX,2017,0,True,True,False,False,False
0413.0-2017-000-WHT-031-000,413,BETUXX,2017,0,True,True,False,False,False
0413.0-2017-000-WHT-032-000,413,BETUXX,2017,0,True,True,False,False,False
0413.0-2017-000-WHT-033-000,413,BETUXX,2017,0,True,True,False,False,False
0413.0-2017-000-WHT-034-000,413,BETUXX,2017,0,True,True,False,False,False
0413.0-2017-000-WHT-035-000,413,BETUXX,2017,0,True,True,False,False,False
0413.0-2017-000-WHT-036-000,413,BETUXX,2017,0,True,True,False,False,False
0413.0-2017-000-WHT-037-000,413,BETUXX,2017,0,True,True,False,False,False
0413.0-2017-000-WHT-038-000,413,BETUXX,2017,0,True,True,False,False,False
0413.0-2017-000-WHT-039-000,413,ACERRU,2017,0,True,True,False,False,False
0413.0-2017-000-WHT-040-000,413,BETUXX,2017,0,True,True,False,False,False
0413.0-2017-000-WHT-041-000,413,BETUXX,2017,0,True,True,False,False,False
0413.0-2017-000-WHT-042-000,413,BETUXX,2017,0,True,True,False,False,False
0413.0-2017-000-WHT-043-000,413,BETUXX,2017,0,True,True,False,False,False
0413.0-2017-000-WHT-044-000,413,BETUXX,2017,0,True,True,False,False,False
0413.0-2017-000-WHT-045-000,413,BETUXX,2017,0,True,True,False,False,False
0413.0-2017-000-WHT-046-000,413,BETUXX,2017,0,True,True,False,False,False
0413.0-2017-000-WHT-047-000,413,BETUXX,2017,0,True,True,False,False,False
0413.0-2017-000-WHT-048-000,413,BETUXX,2017,0,True,True,False,False,False
0413.0-2017-000-WHT-049-000,413,BETUXX,2017,0,True,True,False,False,False
0413.0-2017-000-WHT-050-000,413,BETUXX,2017,0,True,True,False,False,False
0413.0-2018-000-ORG-056-000,413,PINUST,2018,1,True,False,True,False,False
0413.0-2018-000-ORG-057-000,413,BETUXX,2018,1,True,False,True,False,False
0413.0-2018-000-ORG-058-000,413,BETUXX,2018,1,True,False,True,False,False
0413.0-2018-000-ORG-059-000,413,TSUGCA,2018,1,True,False,True,False,False
0413.0-2019-000-YLW-008-000,413,BETUXX,2019,1,True,False,True,False,False
0413.0-2019-000-YLW-011-000,413,BETUXX,2019,1,True,False,True,False,False
0413.0-2019-000-YLW-012-000,413,BETUXX,2019,1,True,False,True,False,False
0413.0-2019-000-YLW-019-000,413,ACERRU,2019,1,True,False,True,False,False
0413.0-2019-000-YLW-025-000,413,BETUXX,2019,1,True,False,True,False,False
0413.0-2019-000-YLW-028-000,413,BETUXX,2019,1,True,False,True,False,False
0413.0-2019-000-YLW-053-000,413,BETUXX,2019,1,True,False,True,False,False
0413.0-2019-000-YLW-065-000,413,ACERRU,2019,1,True,False,True,False,False
0413.0-2019-000-YLW-069-000,413,PINUST,2019,1,True,False,True,False,False
0413.0-2019-000-YLW-095-000,413,ACERRU,2019,1,True,False,True,False,False
0423.0-2017-000-BLU-001-000,423,ACERRU,2017,0,True,True,False,False,False
0423.0-2017-000-BLU-002-000,423,ACERRU,2017,0,True,True,False,False,False
0423.0-2017-000-BLU-003-000,423,ACERRU,2017,0,True,True,False,False,False
0423.0-2017-000-BLU-004-000,423,ACERRU,2017,0,True,True,False,False,False
0423.0-2017-000-BLU-005-000,423,ACERRU,2017,0,True,True,False,False,False
0423.0-2017-000-BLU-006-000,423,ACERRU,2017,0,True,True,False,False,False
0423.0-2017-000-BLU-007-000,423,ACERRU,2017,0,True,True,False,False,False
0423.0-2017-000-BLU-008-000,423,TSUGCA,2017,0,True,True,False,False,False
0423.0-2017-000-BLU-009-000,423,ACERRU,2017,0,True,True,False,False,False
0423.0-2017-000-BLU-010-000,423,ACERRU,2017,0,True,True,False,False,False
0423.0-2017-000-BLU-011-000,423,ACERRU,2017,0,True,True,False,False,False
0423.0-2017-000-RED-099-000,423,TSUGCA,2017,0,True,True,False,False,False
0423.0-2017-000-RED-100-000,423,ACERRU,2017,0,True,True,False,False,False
0423.0-2017-000-YLW-076-000,423,ACERRU,2017,0,True,True,False,False,False
0423.0-2017-000-YLW-077-000,423,ACERRU,2017,0,True,True,False,False,False
0423.0-2017-000-YLW-078-000,423,ACERRU,2017,0,True,True,False,False,False
0423.0-2017-000-YLW-079-000,423,ACERRU,2017,0,True,True,False,False,False
0423.0-2017-000-YLW-080-000,423,ACERRU,2017,0,True,True,False,False,False
0423.0-2017-000-YLW-081-000,423,ACERRU,2017,0,True,True,False,False,False
0423.0-2017-000-YLW-082-000,423,ACERRU,2017,0,True,True,False,False,False
0423.0-2017-000-YLW-083-000,423,ACERRU,2017,0,True,True,False,False,False
0423.0-2017-000-YLW-084-000,423,ACERRU,2017,0,True,True,False,False,False
0423.0-2017-000-YLW-085-000,423,ACERRU,2017,0,True,True,False,False,False
0423.0-2017-000-YLW-086-000,423,ACERRU,2017,0,True,True,False,False,False
0423.0-2017-000-YLW-087-000,423,ACERRU,2017,0,True,True,False,False,False
0423.0-2017-000-YLW-088-000,423,ACERRU,2017,0,True,True,False,False,False
0423.0-2017-000-YLW-089-000,423,ACERRU,2017,0,True,True,False,False,False
0423.0-2017-000-YLW-090-000,423,ACERRU,2017,0,True,True,False,False,False
0423.0-2017-000-YLW-091-000,423,ACERRU,2017,0,True,True,False,False,False
0423.0-2017-000-YLW-092-000,423,ACERRU,2017,0,True,True,False,False,False
0423.0-2017-000-YLW-093-000,423,ACERRU,2017,0,True,True,False,False,False
0423.0-2017-000-YLW-094-000,423,ACERRU,2017,0,True,True,False,False,False
0423.0-2017-000-YLW-095-000,423,ACERRU,2017,0,True,True,False,False,False
0423.0-2017-000-YLW-096-000,423,ACERRU,2017,0,True,True,False,False,False
0423.0-2017-000-YLW-097-000,423,ACERRU,2017,0,True,True,False,False,False
0423.0-2017-000-YLW-098-000,423,ACERRU,2017,0,True,True,False,False,False
0423.0-2017-000-YLW-099-000,423,ACERRU,2017,0,True,True,False,False,False
0423.0-2017-000-YLW-100-000,423,ACERRU,2017,0,True,True,False,False,False
0423.0-2018-000-ORG-060-000,423,TSUGCA,2018,1,True,False,True,False,False
0423.0-2018-000-ORG-061-000,423,TSUGCA,2018,1,True,False,True,False,False
0423.0-2018-000-ORG-062-000,423,TSUGCA,2018,1,True,False,True,False,False
0423.0-2018-000-ORG-063-000,423,ACERRU,2018,1,True,False,True,False,False
0423.0-2018-000-ORG-064-000,423,TSUGCA,2018,1,True,False,True,False,False
0423.0-2018-000-ORG-065-000,423,ACERRU,2018,1,True,False,True,False,False
0423.0-2018-000-ORG-066-000,423,TSUGCA,2018,1,True,False,True,False,False
0423.0-2018-000-ORG-067-000,423,ACERRU,2018,1,True,False,True,False,False
0423.0-2018-000-ORG-068-000,423,TSUGCA,2018,1,True,False,True,False,False
0423.0-2019-000-RED-058-000,423,ACERRU,2019,1,True,False,True,False,False
0423.0-2019-000-RED-062-000,423,BETUXX,2019,1,True,False,True,False,False
0423.0-2019-000-RED-067-000,423,ACERRU,2019,1,True,False,True,False,False
0501.0-2017-000-GRN-069-000,501,ACERRU,2017,0,True,True,False,False,False
0501.0-2017-000-GRN-070-000,501,QUERRU,2017,0,True,True,False,False,False
0501.0-2017-000-GRN-071-000,501,ACERRU,2017,0,True,True,False,False,False
0501.0-2017-000-GRN-072-000,501,ACERRU,2017,0,True,True,False,False,False
0501.0-2017-000-GRN-073-000,501,VACCAN,2017,0,True,True,False,False,False
0501.0-2017-000-GRN-074-000,501,VACCAN,2017,0,True,True,False,False,False
0501.0-2017-000-GRN-075-000,501,VACCAN,2017,0,True,True,False,False,False
0501.0-2017-000-ORG-076-000,501,VACCAN,2017,0,True,True,False,False,False
0501.0-2018-000-ORG-069-000,501,ACERRU,2018,1,True,False,True,False,False
0501.0-2018-000-ORG-070-000,501,ACERRU,2018,1,True,False,True,False,False
0501.0-2018-000-ORG-071-000,501,PINUST,2018,1,True,False,True,False,False
0501.0-2018-000-ORG-072-000,501,PINUST,2018,1,True,False,True,False,False
0501.0-2018-000-ORG-073-000,501,ACERRU,2018,1,True,False,True,False,False
0501.0-2018-000-ORG-074-000,501,ACERRU,2018,1,True,False,True,False,False
0501.0-2018-000-ORG-075-000,501,ACERRU,2018,1,True,False,True,False,False
0501.0-2018-000-ORG-077-000,501,ACERRU,2018,1,True,False,True,False,False
0501.0-2018-000-ORG-078-000,501,ACERRU,2018,1,True,False,True,False,False
0501.0-2018-000-ORG-079-000,501,VACCAN,2018,1,True,False,True,False,False
0501.0-2018-000-ORG-080-000,501,ACERRU,2018,1,True,False,True,False,False
0501.0-2018-000-ORG-081-000,501,ACERRU,2018,1,True,False,True,False,False
0501.0-2018-000-ORG-082-000,501,ACERRU,2018,1,True,False,True,False,False
0501.0-2018-000-ORG-083-000,501,PINUST,2018,1,True,False,True,False,False
0501.0-2018-000-ORG-084-000,501,PINUST,2018,1,True,False,True,False,False
0501.0-2018-000-ORG-085-000,501,VACCAN,2018,1,True,False,True,False,False
0501.0-2018-000-ORG-086-000,501,PINUST,2018,1,True,False,True,False,False
0501.0-2018-000-ORG-087-000,501,ACERRU,2018,1,True,False,True,False,False
0501.0-2018-000-ORG-088-000,501,ACERRU,2018,1,True,False,True,False,False
0501.0-2018-000-ORG-089-000,501,PICEAB,2018,1,True,False,True,False,False
0501.0-2018-000-ORG-090-000,501,ACERRU,2018,1,True,False,True,False,False
0501.0-2018-000-ORG-091-000,501,ACERRU,2018,1,True,False,True,False,False
0501.0-2018-000-ORG-092-000,501,TSUGCA,2018,1,True,False,True,False,False
0501.0-2018-000-ORG-093-000,501,TSUGCA,2018,1,True,False,True,False,False
0501.0-2018-000-ORG-094-000,501,ACERRU,2018,1,True,False,True,False,False
0501.0-2018-000-YLW-091-000,501,VACCAN,2018,1,True,False,True,False,False
0501.0-2019-000-WHT-076-000,501,ACERRU,2019,1,True,False,True,False,False
0501.0-2019-000-WHT-077-000,501,ACERRU,2019,1,True,False,True,False,False
0501.0-2019-000-WHT-078-000,501,ACERRU,2019,1,True,False,True,False,False
0501.0-2019-000-WHT-079-000,501,ACERRU,2019,1,True,False,True,False,False
0501.0-2019-000-WHT-080-000,501,ACERRU,2019,1,True,False,True,False,False
0501.0-2019-000-WHT-081-000,501,ACERRU,2019,1,True,False,True,False,False
0501.0-2019-000-WHT-082-000,501,ACERRU,2019,1,True,False,True,False,False
0501.0-2019-000-WHT-083-000,501,ACERRU,2019,1,True,False,True,False,False
0501.0-2020-000-BLU-026-000,501,ACERRU,2020,1,True,False,True,False,False
0501.0-2020-000-BLU-027-000,501,ACERRU,2020,1,True,False,True,False,False
0501.0-2020-000-BLU-028-000,501,ACERRU,2020,1,True,False,True,False,False
0501.0-2020-000-BLU-029-000,501,ACERRU,2020,1,True,False,True,False,False
0501.0-2020-000-BLU-030-000,501,ACERRU,2020,1,True,False,True,False,False
0501.0-2021-000-YLW-036-000,501,PINUST,2021,1,True,False,True,False,False
0501.0-2021-000-YLW-037-000,501,ACERRU,2021,1,True,False,True,False,False
0501.0-2021-000-YLW-038-000,501,PINUST,2021,1,True,False,True,False,False
0501.0-2023-000-BLU-046-000,501,ACERRU,2023,0,True,False,False,False,False
0501.0-2023-000-ORG-016-000,501,ACERRU,2023,1,True,False,True,False,False
0501.0-2023-000-ORG-017-000,501,ACERRU,2023,1,True,False,True,False,False
0501.0-2023-000-ORG-018-000,501,ACERRU,2023,1,True,False,True,False,False
0501.0-2023-000-ORG-019-000,501,ACERRU,2023,1,True,False,True,False,False
0501.0-2023-000-ORG-020-000,501,ACERRU,2023,1,True,False,True,False,False
0501.0-2023-000-ORG-021-000,501,UNKNXX,2023,1,True,False,True,False,False
0503.0-2017-000-ORG-077-000,503,QUERRU,2017,0,True,True,False,False,False
0503.0-2017-000-ORG-078-000,503,QUERRU,2017,0,True,True,False,False,False
0503.0-2017-000-ORG-079-000,503,ACERRU,2017,0,True,True,False,False,False
0503.0-2017-000-ORG-080-000,503,QUERRU,2017,0,True,True,False,False,False
0503.0-2017-000-ORG-081-000,503,QUERRU,2017,0,True,True,False,False,False
0503.0-2017-000-ORG-082-000,503,QUERRU,2017,0,True,True,False,False,False
0503.0-2018-000-ORG-076-000,503,TSUGCA,2018,1,True,False,True,False,False
0503.0-2018-000-ORG-095-000,503,ACERRU,2018,1,True,False,True,False,False
0503.0-2018-000-ORG-096-000,503,ACERRU,2018,1,True,False,True,False,False
0503.0-2018-000-ORG-097-000,503,TSUGCA,2018,1,True,False,True,False,False
0503.0-2018-000-ORG-098-000,503,ACERRU,2018,1,True,False,True,False,False
0503.0-2018-000-ORG-099-000,503,ACERRU,2018,1,True,False,True,False,False
0503.0-2018-000-ORG-100-000,503,TSUGCA,2018,1,True,False,True,False,False
0503.0-2018-000-WHT-051-000,503,ACERRU,2018,1,True,False,True,False,False
0503.0-2018-000-WHT-052-000,503,ACERRU,2018,1,True,False,True,False,False
0503.0-2018-000-WHT-053-000,503,ACERRU,2018,1,True,False,True,False,False
0503.0-2018-000-WHT-054-000,503,PINUST,2018,1,True,False,True,False,False
0503.0-2018-000-WHT-055-000,503,TSUGCA,2018,1,True,False,True,False,False
0503.0-2019-000-WHT-084-000,503,ACERRU,2019,1,True,False,True,False,False
0503.0-2019-000-WHT-085-000,503,ACERRU,2019,1,True,False,True,False,False
0503.0-2019-000-WHT-086-000,503,ACERRU,2019,1,True,False,True,False,False
0503.0-2019-000-WHT-087-000,503,ACERRU,2019,1,True,False,True,False,False
0503.0-2019-000-WHT-088-000,503,ACERRU,2019,1,True,False,True,False,False
0503.0-2019-000-WHT-089-000,503,ACERRU,2019,1,True,False,True,False,False
0503.0-2020-000-BLU-031-000,503,ACERRU,2020,1,True,False,True,False,False
0503.0-2020-000-BLU-032-000,503,ACERRU,2020,1,True,False,True,False,False
0503.0-2020-000-BLU-033-000,503,ACERRU,2020,1,True,False,True,False,False
0503.0-2020-000-BLU-034-000,503,ACERRU,2020,1,True,False,True,False,False
0503.0-2020-000-BLU-035-000,503,ACERRU,2020,1,True,False,True,False,False
0503.0-2020-000-BLU-036-000,503,ACERRU,2020,1,True,False,True,False,False
0503.0-2020-000-BLU-037-000,503,ACERRU,2020,1,True,False,True,False,False
0503.0-2020-000-BLU-038-000,503,ACERRU,2020,1,True,False,True,False,False
0503.0-2020-000-BLU-039-000,503,ACERRU,2020,1,True,False,True,False,False
0503.0-2020-000-BLU-040-000,503,ACERRU,2020,1,True,False,True,False,False
0503.0-2020-000-BLU-041-000,503,ACERRU,2020,1,True,False,True,False,False
0503.0-2020-000-BLU-042-000,503,ACERRU,2020,1,True,False,True,False,False
0503.0-2020-000-BLU-043-000,503,ACERRU,2020,1,True,False,True,False,False
0503.0-2020-000-BLU-044-000,503,ACERRU,2020,1,True,False,True,False,False
0503.0-2023-000-RED-076-000,503,ACERRU,2023,1,True,False,True,False,False
0503.0-2023-000-RED-077-000,503,ACERRU,2023,1,True,False,True,False,False
0503.0-2023-000-RED-078-000,503,ACERRU,2023,1,True,False,True,False,False
0503.0-2023-000-RED-079-000,503,ACERRU,2023,1,True,False,True,False,False
0503.0-2023-000-RED-080-000,503,ACERRU,2023,1,True,False,True,False,False
0503.0-2023-000-RED-081-000,503,ACERRU,2023,1,True,False,True,False,False
0503.0-2023-000-RED-082-000,503,TSUGCA,2023,1,True,False,True,False,False
0503.0-2023-000-YLW-038-000,503,ACERRU,2023,1,True,False,True,False,False
0504.0-2017-000-RED-093-000,504,QUERRU,2017,0,True,True,False,False,False
0504.0-2017-000-RED-094-000,504,QUERRU,2017,0,True,True,False,False,False
0504.0-2017-000-RED-095-000,504,QUERRU,2017,0,True,True,False,False,False
0504.0-2017-000-RED-096-000,504,QUERRU,2017,0,True,True,False,False,False
0504.0-2017-000-RED-097-000,504,QUERRU,2017,0,True,True,False,False,False
0504.0-2017-000-RED-098-000,504,QUERRU,2017,0,True,True,False,False,False
0504.0-2018-000-WHT-056-000,504,ACERRU,2018,1,True,False,True,False,False
0504.0-2018-000-WHT-057-000,504,TSUGCA,2018,1,True,False,True,False,False
0504.0-2018-000-WHT-058-000,504,TSUGCA,2018,1,True,False,True,False,False
0504.0-2018-000-WHT-059-000,504,TSUGCA,2018,1,True,False,True,False,False
0504.0-2018-000-WHT-060-000,504,TSUGCA,2018,1,True,False,True,False,False
0504.0-2018-000-WHT-061-000,504,TSUGCA,2018,1,True,False,True,False,False
0504.0-2019-000-BLU-002-000,504,ACERRU,2019,1,True,False,True,False,False
0504.0-2019-000-BLU-003-000,504,ACERRU,2019,1,True,False,True,False,False
0504.0-2019-000-BLU-004-000,504,ACERRU,2019,1,True,False,True,False,False
0504.0-2019-000-BLU-008-000,504,ACERRU,2019,1,True,False,True,False,False
0504.0-2019-000-BLU-009-000,504,ACERRU,2019,1,True,False,True,False,False
0504.0-2019-000-BLU-021-000,504,ACERRU,2019,1,True,False,True,False,False
0504.0-2019-000-BLU-030-000,504,ACERRU,2019,1,True,False,True,False,False
0504.0-2019-000-BLU-031-000,504,ACERRU,2019,1,True,False,True,False,False
0504.0-2019-000-BLU-033-000,504,ACERRU,2019,1,True,False,True,False,False
0504.0-2019-000-BLU-040-000,504,ACERRU,2019,1,True,False,True,False,False
0504.0-2019-000-BLU-042-000,504,QUERRU,2019,1,True,False,True,False,False
0504.0-2019-000-BLU-043-000,504,ACERRU,2019,1,True,False,True,False,False
0504.0-2019-000-BLU-052-000,504,ACERRU,2019,1,True,False,True,False,False
0504.0-2019-000-BLU-056-000,504,QUERRU,2019,1,True,False,True,False,False
0504.0-2019-000-BLU-057-000,504,QUERRU,2019,1,True,False,True,False,False
0504.0-2019-000-BLU-058-000,504,ACERRU,2019,1,True,False,True,False,False
0504.0-2019-000-BLU-059-000,504,ACERRU,2019,1,True,False,True,False,False
0504.0-2019-000-BLU-060-000,504,ACERRU,2019,1,True,False,True,False,False
0504.0-2019-000-BLU-063-000,504,ACERRU,2019,1,True,False,True,False,False
0504.0-2019-000-BLU-072-000,504,ACERRU,2019,1,True,False,True,False,False
0504.0-2019-000-BLU-080-000,504,ACERRU,2019,1,True,False,True,False,False
0504.0-2019-000-BLU-081-000,504,ACERRU,2019,1,True,False,True,False,False
0504.0-2019-000-BLU-083-000,504,ACERRU,2019,1,True,False,True,False,False
0504.0-2019-000-BLU-084-000,504,ACERRU,2019,1,True,False,True,False,False
0504.0-2019-000-BLU-086-000,504,ACERRU,2019,1,True,False,True,False,False
0504.0-2019-000-BLU-092-000,504,ACERRU,2019,1,True,False,True,False,False
0504.0-2019-000-BLU-093-000,504,ACERRU,2019,1,True,False,True,False,False
0504.0-2019-000-BLU-095-000,504,ACERRU,2019,1,True,False,True,False,False
0504.0-2019-000-BLU-100-000,504,ACERRU,2019,1,True,False,True,False,False
0504.0-2019-000-YLW-002-000,504,ACERRU,2019,1,True,False,True,False,False
0504.0-2019-000-YLW-018-000,504,ACERRU,2019,1,True,False,True,False,False
0504.0-2019-000-YLW-021-000,504,ACERRU,2019,1,True,False,True,False,False
0504.0-2019-000-YLW-022-000,504,ACERRU,2019,1,True,False,True,False,False
0504.0-2019-000-YLW-028-000,504,ACERRU,2019,1,True,False,True,False,False
0504.0-2019-000-YLW-031-000,504,ACERRU,2019,1,True,False,True,False,False
0504.0-2019-000-YLW-032-000,504,ACERRU,2019,1,True,False,True,False,False
0504.0-2019-000-YLW-037-000,504,ACERRU,2019,1,True,False,True,False,False
0504.0-2019-000-YLW-042-000,504,ACERRU,2019,1,True,False,True,False,False
0504.0-2019-000-YLW-044-000,504,ACERRU,2019,1,True,False,True,False,False
0504.0-2019-000-YLW-045-000,504,ACERRU,2019,1,True,False,True,False,False
0504.0-2019-000-YLW-046-000,504,ACERRU,2019,1,True,False,True,False,False
0504.0-2019-000-YLW-060-000,504,ACERRU,2019,1,True,False,True,False,False
0504.0-2019-000-YLW-063-000,504,ACERRU,2019,1,True,False,True,False,False
0504.0-2019-000-YLW-064-000,504,ACERRU,2019,1,True,False,True,False,False
0504.0-2019-000-YLW-070-000,504,ACERRU,2019,1,True,False,True,False,False
0504.0-2019-000-YLW-071-000,504,ACERRU,2019,1,True,False,True,False,False
0504.0-2019-000-YLW-072-000,504,ACERRU,2019,1,True,False,True,False,False
0504.0-2019-000-YLW-076-000,504,ACERRU,2019,1,True,False,True,False,False
0504.0-2019-000-YLW-077-000,504,ACERRU,2019,1,True,False,True,False,False
0504.0-2019-000-YLW-079-000,504,ACERRU,2019,1,True,False,True,False,False
0504.0-2019-000-YLW-085-000,504,ACERRU,2019,1,True,False,True,False,False
0504.0-2019-000-YLW-092-000,504,ACERRU,2019,1,True,False,True,False,False
0504.0-2020-000-ORG-076-000,504,TSUGCA,2020,1,True,False,True,False,False
0504.0-2020-000-ORG-077-000,504,TSUGCA,2020,1,True,False,True,False,False
0504.0-2023-000-YLW-041-000,504,BETUXX,2023,1,True,False,True,False,False
0504.0-2023-000-YLW-042-000,504,ACERRU,2023,1,True,False,True,False,False
0504.0-2023-000-YLW-043-000,504,ACERRU,2023,1,True,False,True,False,False
0504.0-2023-000-YLW-044-000,504,ACERRU,2023,1,True,False,True,False,False
0505.0-2017-000-ORG-083-000,505,QUERRU,2017,0,True,True,False,False,False
0505.0-2017-000-ORG-084-000,505,TSUGCA,2017,0,True,True,False,False,False
0505.0-2018-000-WHT-062-000,505,TSUGCA,2018,1,True,False,True,False,False
0505.0-2018-000-WHT-063-000,505,TSUGCA,2018,1,True,False,True,False,False
0505.0-2018-000-WHT-064-000,505,TSUGCA,2018,1,True,False,True,False,False
0505.0-2018-000-WHT-065-000,505,TSUGCA,2018,1,True,False,True,False,False
0505.0-2018-000-WHT-066-000,505,ACERRU,2018,1,True,False,True,False,False
0505.0-2018-000-WHT-067-000,505,ACERRU,2018,1,True,False,True,False,False
0505.0-2018-000-WHT-068-000,505,TSUGCA,2018,1,True,False,True,False,False
0505.0-2019-000-WHT-090-000,505,ACERRU,2019,1,True,False,True,False,False
0505.0-2019-000-WHT-091-000,505,ACERRU,2019,1,True,False,True,False,False
0505.0-2019-000-WHT-092-000,505,ACERRU,2019,1,True,False,True,False,False
0505.0-2019-000-WHT-093-000,505,ACERRU,2019,1,True,False,True,False,False
0505.0-2019-000-WHT-094-000,505,ACERRU,2019,1,True,False,True,False,False
0505.0-2019-000-WHT-095-000,505,ACERRU,2019,1,True,False,True,False,False
0505.0-2019-000-WHT-096-000,505,ACERRU,2019,1,True,False,True,False,False
0505.0-2019-000-WHT-097-000,505,ACERRU,2019,1,True,False,True,False,False
0505.0-2019-000-WHT-098-000,505,ACERRU,2019,1,True,False,True,False,False
0505.0-2019-000-WHT-099-000,505,ACERRU,2019,1,True,False,True,False,False
0505.0-2019-000-WHT-100-000,505,ACERRU,2019,1,True,False,True,False,False
0505.0-2023-000-RED-083-000,505,ACERRU,2023,1,True,False,True,False,False
0505.0-2023-000-RED-084-000,505,ACERRU,2023,1,True,False,True,False,False
0505.0-2023-000-RED-085-000,505,ACERRU,2023,1,True,False,True,False,False
0505.0-2023-000-RED-086-000,505,QUERRU,2023,1,True,False,True,False,False
0505.0-2023-000-RED-087-000,505,TSUGCA,2023,1,True,False,True,False,False
0505.0-2023-000-RED-088-000,505,ACERRU,2023,1,True,False,True,False,False
0505.0-2023-000-RED-089-000,505,ACERRU,2023,1,True,False,True,False,False
0505.0-2023-000-RED-090-000,505,TSUGCA,2023,1,True,False,True,False,False
0507.0-2017-000-BLU-001-000,507,TSUGCA,2017,0,True,True,False,False,False
0507.0-2017-000-ORG-085-000,507,ACERRU,2017,0,True,True,False,False,False
0507.0-2017-000-ORG-086-000,507,TSUGCA,2017,0,True,True,False,False,False
0507.0-2017-000-ORG-087-000,507,TSUGCA,2017,0,True,True,False,False,False
0507.0-2017-000-ORG-088-000,507,TSUGCA,2017,0,True,True,False,False,False
0507.0-2017-000-ORG-089-000,507,TSUGCA,2017,0,True,True,False,False,False
0507.0-2017-000-ORG-090-000,507,TSUGCA,2017,0,True,True,False,False,False
0507.0-2017-000-ORG-091-000,507,TSUGCA,2017,0,True,True,False,False,False
0507.0-2017-000-ORG-092-000,507,VACCCO,2017,0,True,True,False,False,False
0507.0-2017-000-ORG-093-000,507,TSUGCA,2017,0,True,True,False,False,False
0507.0-2017-000-ORG-094-000,507,TSUGCA,2017,0,True,True,False,False,False
0507.0-2017-000-ORG-095-000,507,TSUGCA,2017,0,True,True,False,False,False
0507.0-2017-000-ORG-096-000,507,TSUGCA,2017,0,True,True,False,False,False
0507.0-2017-000-ORG-097-000,507,TSUGCA,2017,0,True,True,False,False,False
0507.0-2017-000-ORG-098-000,507,TSUGCA,2017,0,True,True,False,False,False
0507.0-2017-000-ORG-099-000,507,TSUGCA,2017,0,True,True,False,False,False
0507.0-2017-000-ORG-100-000,507,TSUGCA,2017,0,True,True,False,False,False
0507.0-2018-000-WHT-069-000,507,TSUGCA,2018,1,True,False,True,False,False
0507.0-2018-000-WHT-070-000,507,TSUGCA,2018,1,True,False,True,False,False
0507.0-2018-000-WHT-071-000,507,TSUGCA,2018,1,True,False,True,False,False
0507.0-2019-000-YLW-051-000,507,ACERRU,2019,1,True,False,True,False,False
0507.0-2019-000-YLW-052-000,507,ACERRU,2019,1,True,False,True,False,False
0507.0-2019-000-YLW-053-000,507,ACERRU,2019,1,True,False,True,False,False
0507.0-2019-000-YLW-054-000,507,ACERRU,2019,1,True,False,True,False,False
0507.0-2019-000-YLW-055-000,507,ACERRU,2019,1,True,False,True,False,False
0507.0-2019-000-YLW-056-000,507,ACERRU,2019,1,True,False,True,False,False
0507.0-2019-000-YLW-057-000,507,ACERRU,2019,1,True,False,True,False,False
0507.0-2019-000-YLW-058-000,507,ACERRU,2019,1,True,False,True,False,False
0507.0-2019-000-YLW-059-000,507,PINUST,2019,1,True,False,True,False,False
0507.0-2021-000-YLW-035-000,507,TSUGCA,2021,1,True,False,True,False,False
0507.0-2023-000-RED-091-000,507,TSUGCA,2023,1,True,False,True,False,False
0507.0-2023-000-RED-092-000,507,TSUGCA,2023,1,True,False,True,False,False
0507.0-2023-000-RED-093-000,507,TSUGCA,2023,1,True,False,True,False,False
0507.0-2023-000-RED-094-000,507,TSUGCA,2023,1,True,False,True,False,False
0507.0-2023-000-RED-095-000,507,TSUGCA,2023,0,True,False,False,False,False
0507.0-2023-000-RED-096-000,507,TSUGCA,2023,0,True,False,False,False,False
0509.0-2017-000-BLU-002-000,509,TSUGCA,2017,0,True,True,False,False,False
0509.0-2017-000-BLU-003-000,509,BETUXX,2017,0,True,True,False,False,False
0509.0-2017-000-BLU-004-000,509,BETUXX,2017,0,True,True,False,False,False
0509.0-2017-000-BLU-005-000,509,BETUXX,2017,0,True,True,False,False,False
0509.0-2017-000-BLU-006-000,509,ACERRU,2017,0,True,True,False,False,False
0509.0-2017-000-BLU-007-000,509,ACERRU,2017,0,True,True,False,False,False
0509.0-2017-000-BLU-008-000,509,ACERRU,2017,0,True,True,False,False,False
0509.0-2017-000-BLU-009-000,509,ACERRU,2017,0,True,True,False,False,False
0509.0-2017-000-BLU-010-000,509,ACERRU,2017,0,True,True,False,False,False
0509.0-2017-000-BLU-011-000,509,ACERRU,2017,0,True,True,False,False,False
0509.0-2017-000-BLU-012-000,509,ACERRU,2017,0,True,True,False,False,False
0509.0-2017-000-BLU-013-000,509,ACERRU,2017,0,True,True,False,False,False
0509.0-2017-000-BLU-014-000,509,ACERRU,2017,0,True,True,False,False,False
0509.0-2017-000-BLU-015-000,509,ACERRU,2017,0,True,True,False,False,False
0509.0-2017-000-BLU-016-000,509,ACERRU,2017,0,True,True,False,False,False
0509.0-2017-000-BLU-017-000,509,BETUXX,2017,0,True,True,False,False,False
0509.0-2017-000-BLU-018-000,509,ACERRU,2017,0,True,True,False,False,False
0509.0-2017-000-BLU-019-000,509,ACERRU,2017,0,True,True,False,False,False
0509.0-2017-000-BLU-020-000,509,ACERRU,2017,0,True,True,False,False,False
0509.0-2017-000-BLU-021-000,509,BETUXX,2017,0,True,True,False,False,False
0509.0-2017-000-BLU-022-000,509,BETUXX,2017,0,True,True,False,False,False
0509.0-2017-000-BLU-023-000,509,BETUXX,2017,0,True,True,False,False,False
0509.0-2017-000-BLU-024-000,509,ACERRU,2017,0,True,True,False,False,False
0509.0-2017-000-BLU-025-000,509,BETUXX,2017,0,True,True,False,False,False
0509.0-2017-000-BLU-026-000,509,ACERRU,2017,0,True,True,False,False,False
0509.0-2017-000-BLU-027-000,509,ACERRU,2017,0,True,True,False,False,False
0509.0-2017-000-BLU-028-000,509,ACERRU,2017,0,True,True,False,False,False
0509.0-2017-000-BLU-029-000,509,ACERRU,2017,0,True,True,False,False,False
0509.0-2017-000-BLU-030-000,509,ACERRU,2017,0,True,True,False,False,False
0509.0-2017-000-BLU-031-000,509,ACERRU,2017,0,True,True,False,False,False
0509.0-2017-000-BLU-032-000,509,ACERRU,2017,0,True,True,False,False,False
0509.0-2017-000-BLU-033-000,509,ACERRU,2017,0,True,True,False,False,False
0509.0-2017-000-BLU-034-000,509,BETUXX,2017,0,True,True,False,False,False
0509.0-2017-000-BLU-035-000,509,BETUXX,2017,0,True,True,False,False,False
0509.0-2017-000-BLU-036-000,509,BETUXX,2017,0,True,True,False,False,False
0509.0-2017-000-BLU-037-000,509,ACERRU,2017,0,True,True,False,False,False
0509.0-2018-000-YLW-001-000,509,ACERRU,2018,1,True,False,True,False,False
0509.0-2018-000-YLW-002-000,509,ACERRU,2018,1,True,False,True,False,False
0509.0-2018-000-YLW-003-000,509,ACERRU,2018,1,True,False,True,False,False
0509.0-2018-000-YLW-004-000,509,ACERRU,2018,1,True,False,True,False,False
0509.0-2018-000-YLW-005-000,509,TSUGCA,2018,1,True,False,True,False,False
0509.0-2018-000-YLW-006-000,509,TSUGCA,2018,1,True,False,True,False,False
0509.0-2018-000-YLW-007-000,509,TSUGCA,2018,1,True,False,True,False,False
0509.0-2018-000-YLW-008-000,509,TSUGCA,2018,1,True,False,True,False,False
0509.0-2018-000-YLW-009-000,509,TSUGCA,2018,1,True,False,True,False,False
0509.0-2019-000-YLW-060-000,509,ACERRU,2019,1,True,False,True,False,False
0509.0-2019-000-YLW-061-000,509,ACERRU,2019,1,True,False,True,False,False
0509.0-2019-000-YLW-062-000,509,ACERRU,2019,1,True,False,True,False,False
0509.0-2019-000-YLW-063-000,509,ACERRU,2019,1,True,False,True,False,False
0509.0-2020-000-ORG-078-000,509,ACERRU,2020,1,True,False,True,False,False
0509.0-2020-000-ORG-079-000,509,ACERRU,2020,1,True,False,True,False,False
0509.0-2020-000-ORG-080-000,509,ACERRU,2020,1,True,False,True,False,False
0509.0-2020-000-ORG-081-000,509,ACERRU,2020,1,True,False,True,False,False
0509.0-2020-000-ORG-082-000,509,ACERRU,2020,1,True,False,True,False,False
0509.0-2020-000-ORG-083-000,509,ACERRU,2020,1,True,False,True,False,False
0509.0-2020-000-ORG-084-000,509,ACERRU,2020,1,True,False,True,False,False
0509.0-2020-000-ORG-085-000,509,ACERRU,2020,1,True,False,True,False,False
0509.0-2020-000-ORG-086-000,509,ACERRU,2020,1,True,False,True,False,False
0509.0-2020-000-ORG-087-000,509,ACERRU,2020,1,True,False,True,False,False
0509.0-2020-000-ORG-088-000,509,ACERRU,2020,1,True,False,True,False,False
0509.0-2020-000-ORG-089-000,509,ACERRU,2020,1,True,False,True,False,False
0509.0-2020-000-ORG-090-000,509,ACERRU,2020,1,True,False,True,False,False
0509.0-2020-000-ORG-091-000,509,ACERRU,2020,1,True,False,True,False,False
0509.0-2020-000-ORG-092-000,509,ACERRU,2020,1,True,False,True,False,False
0509.0-2020-000-ORG-093-000,509,ACERRU,2020,1,True,False,True,False,False
0509.0-2020-000-ORG-094-000,509,ACERRU,2020,1,True,False,True,False,False
0509.0-2020-000-ORG-095-000,509,ACERRU,2020,1,True,False,True,False,False
0509.0-2020-000-ORG-096-000,509,ACERRU,2020,1,True,False,True,False,False
0509.0-2021-000-YLW-030-000,509,PINUST,2021,1,True,False,True,False,False
0509.0-2021-000-YLW-031-000,509,PINUST,2021,1,True,False,True,False,False
0509.0-2021-000-YLW-032-000,509,ACERRU,2021,1,True,False,True,False,False
0509.0-2021-000-YLW-033-000,509,ACERRU,2021,1,True,False,True,False,False
0509.0-2021-000-YLW-034-000,509,ACERRU,2021,1,True,False,True,False,False
0509.0-2023-000-RED-097-000,509,BETUXX,2023,1,True,False,True,False,False
0509.0-2023-000-RED-098-000,509,ACERRU,2023,1,True,False,True,False,False
0509.0-2023-000-RED-099-000,509,ACERRU,2023,1,True,False,True,False,False
0511.0-2017-000-BLU-038-000,511,ACERRU,2017,0,True,True,False,False,False
0511.0-2017-000-BLU-039-000,511,ACERRU,2017,0,True,True,False,False,False
0511.0-2017-000-BLU-040-000,511,TSUGCA,2017,0,True,True,False,False,False
0511.0-2017-000-BLU-041-000,511,VIBULA,2017,0,True,True,False,False,False
0511.0-2017-000-BLU-042-000,511,VIBULA,2017,0,True,True,False,False,False
0511.0-2017-000-BLU-043-000,511,VIBULA,2017,0,True,True,False,False,False
0511.0-2017-000-BLU-044-000,511,VIBULA,2017,0,True,True,False,False,False
0511.0-2017-000-BLU-045-000,511,VIBULA,2017,0,True,True,False,False,False
0511.0-2017-000-BLU-046-000,511,VIBULA,2017,0,True,True,False,False,False
0511.0-2017-000-BLU-047-000,511,VIBULA,2017,0,True,True,False,False,False
0511.0-2017-000-BLU-048-000,511,VIBULA,2017,0,True,True,False,False,False
0511.0-2017-000-BLU-049-000,511,VIBULA,2017,0,True,True,False,False,False
0511.0-2017-000-BLU-050-000,511,ACERRU,2017,0,True,True,False,False,False
0511.0-2017-000-ORG-051-000,511,TSUGCA,2017,0,True,True,False,False,False
0511.0-2017-000-ORG-052-000,511,TSUGCA,2017,0,True,True,False,False,False
0511.0-2018-000-UNT-001-000,511,PINUST,2018,1,True,False,True,False,False
0511.0-2018-000-YLW-010-000,511,TSUGCA,2018,1,True,False,True,False,False
0511.0-2018-000-YLW-011-000,511,TSUGCA,2018,1,True,False,True,False,False
0511.0-2018-000-YLW-012-000,511,TSUGCA,2018,1,True,False,True,False,False
0511.0-2018-000-YLW-013-000,511,TSUGCA,2018,1,True,False,True,False,False
0511.0-2018-000-YLW-014-000,511,ACERRU,2018,1,True,False,True,False,False
0511.0-2018-000-YLW-015-000,511,PINUST,2018,1,True,False,True,False,False
0511.0-2018-000-YLW-016-000,511,TSUGCA,2018,1,True,False,True,False,False
0511.0-2018-000-YLW-017-000,511,TSUGCA,2018,1,True,False,True,False,False
0511.0-2018-000-YLW-018-000,511,PINUST,2018,1,True,False,True,False,False
0511.0-2019-000-YLW-064-000,511,ACERRU,2019,1,True,False,True,False,False
0511.0-2020-000-WHT-022-000,511,ACERRU,2020,1,True,False,True,False,False
0511.0-2020-000-WHT-023-000,511,ACERRU,2020,1,True,False,True,False,False
0511.0-2020-000-WHT-024-000,511,ACERRU,2020,1,True,False,True,False,False
0511.0-2020-000-WHT-025-000,511,ACERRU,2020,1,True,False,True,False,False
0511.0-2020-000-WHT-026-000,511,ACERRU,2020,1,True,False,True,False,False
0511.0-2020-000-WHT-027-000,511,ACERRU,2020,1,True,False,True,False,False
0511.0-2020-000-WHT-028-000,511,ACERRU,2020,1,True,False,True,False,False
0511.0-2020-000-WHT-029-000,511,ACERRU,2020,1,True,False,True,False,False
0511.0-2020-000-WHT-030-000,511,ACERRU,2020,1,True,False,True,False,False
0511.0-2021-000-YLW-026-000,511,PINUST,2021,1,True,False,True,False,False
0511.0-2021-000-YLW-027-000,511,ACERRU,2021,1,True,False,True,False,False
0511.0-2021-000-YLW-028-000,511,ACERRU,2021,1,True,False,True,False,False
0511.0-2021-000-YLW-029-000,511,PINUST,2021,1,True,False,True,False,False
0511.0-2023-000-BLU-040-000,511,TSUGCA,2023,1,True,False,True,False,False
0511.0-2023-000-GRN-076-000,511,ACERRU,2023,1,True,False,True,False,False
0511.0-2023-000-GRN-077-000,511,TSUGCA,2023,0,True,False,False,False,False
0512.0-2017-000-ORG-053-000,512,ACERRU,2017,0,True,True,False,False,False
0512.0-2017-000-ORG-054-000,512,ACERRU,2017,0,True,True,False,False,False
0512.0-2017-000-ORG-055-000,512,ACERRU,2017,0,True,True,False,False,False
0512.0-2017-000-ORG-056-000,512,BETUXX,2017,0,True,True,False,False,False
0512.0-2017-000-ORG-057-000,512,BETUXX,2017,0,True,True,False,False,False
0512.0-2017-000-ORG-058-000,512,BETUXX,2017,0,True,True,False,False,False
0512.0-2017-000-ORG-059-000,512,BETUXX,2017,0,True,True,False,False,False
0512.0-2017-000-ORG-060-000,512,BETUXX,2017,0,True,True,False,False,False
0512.0-2017-000-ORG-061-000,512,BETUXX,2017,0,True,True,False,False,False
0512.0-2017-000-ORG-062-000,512,BETUXX,2017,0,True,True,False,False,False
0512.0-2017-000-ORG-063-000,512,BETUXX,2017,0,True,True,False,False,False
0512.0-2017-000-ORG-064-000,512,BETUXX,2017,0,True,True,False,False,False
0512.0-2017-000-ORG-065-000,512,BETUXX,2017,0,True,True,False,False,False
0512.0-2017-000-ORG-066-000,512,BETUXX,2017,0,True,True,False,False,False
0512.0-2017-000-ORG-067-000,512,BETUXX,2017,0,True,True,False,False,False
0512.0-2017-000-ORG-068-000,512,BETUXX,2017,0,True,True,False,False,False
0512.0-2017-000-ORG-069-000,512,ACERRU,2017,0,True,True,False,False,False
0512.0-2017-000-ORG-070-000,512,ACERRU,2017,0,True,True,False,False,False
0512.0-2017-000-ORG-071-000,512,ACERRU,2017,0,True,True,False,False,False
0512.0-2017-000-ORG-072-000,512,ACERRU,2017,0,True,True,False,False,False
0512.0-2017-000-ORG-073-000,512,ACERRU,2017,0,True,True,False,False,False
0512.0-2017-000-ORG-074-000,512,TSUGCA,2017,0,True,True,False,False,False
0512.0-2017-000-ORG-075-000,512,ACERRU,2017,0,True,True,False,False,False
0512.0-2017-000-ORG-076-000,512,ACERRU,2017,0,True,True,False,False,False
0512.0-2017-000-ORG-077-000,512,ACERRU,2017,0,True,True,False,False,False
0512.0-2017-000-ORG-078-000,512,ACERRU,2017,0,True,True,False,False,False
0512.0-2017-000-ORG-079-000,512,ACERRU,2017,0,True,True,False,False,False
0512.0-2017-000-ORG-080-000,512,ACERRU,2017,0,True,True,False,False,False
0512.0-2017-000-ORG-081-000,512,ACERRU,2017,0,True,True,False,False,False
0512.0-2017-000-ORG-082-000,512,ACERRU,2017,0,True,True,False,False,False
0512.0-2017-000-ORG-083-000,512,ACERRU,2017,0,True,True,False,False,False
0512.0-2017-000-ORG-084-000,512,ACERRU,2017,0,True,True,False,False,False
0512.0-2017-000-ORG-085-000,512,ACERRU,2017,0,True,True,False,False,False
0512.0-2017-000-ORG-086-000,512,ACERRU,2017,0,True,True,False,False,False
0512.0-2017-000-ORG-087-000,512,ACERRU,2017,0,True,True,False,False,False
0512.0-2017-000-ORG-088-000,512,ACERRU,2017,0,True,True,False,False,False
0512.0-2017-000-ORG-089-000,512,ACERRU,2017,0,True,True,False,False,False
0512.0-2017-000-ORG-090-000,512,BETUXX,2017,0,True,True,False,False,False
0512.0-2017-000-ORG-091-000,512,ACERRU,2017,0,True,True,False,False,False
0512.0-2017-000-ORG-092-000,512,ACERRU,2017,0,True,True,False,False,False
0512.0-2017-000-ORG-093-000,512,ACERRU,2017,0,True,True,False,False,False
0512.0-2017-000-ORG-094-000,512,ACERRU,2017,0,True,True,False,False,False
0512.0-2018-000-YLW-025-000,512,BETUXX,2018,1,True,False,True,False,False
0512.0-2018-000-YLW-026-000,512,ACERRU,2018,1,True,False,True,False,False
0512.0-2018-000-YLW-033-000,512,UNKNXX,2018,1,True,False,True,False,False
0512.0-2019-000-ORG-026-000,512,BETUXX,2019,1,True,False,True,False,False
0512.0-2019-000-ORG-027-000,512,BETUXX,2019,1,True,False,True,False,False
0512.0-2019-000-ORG-028-000,512,BETUXX,2019,1,True,False,True,False,False
0512.0-2019-000-ORG-029-000,512,PINUST,2019,1,True,False,True,False,False
0512.0-2019-000-ORG-030-000,512,BETUXX,2019,1,True,False,True,False,False
0512.0-2019-000-ORG-031-000,512,ACERRU,2019,1,True,False,True,False,False
0512.0-2019-000-ORG-032-000,512,BETUXX,2019,1,True,False,True,False,False
0512.0-2019-000-ORG-033-000,512,ACERRU,2019,1,True,False,True,False,False
0512.0-2019-000-ORG-034-000,512,BETUXX,2019,1,True,False,True,False,False
0512.0-2019-000-ORG-035-000,512,BETUXX,2019,1,True,False,True,False,False
0512.0-2019-000-ORG-036-000,512,ACERRU,2019,1,True,False,True,False,False
0512.0-2019-000-YLW-065-000,512,ACERRU,2019,1,True,False,True,False,False
0512.0-2019-000-YLW-066-000,512,TSUGCA,2019,1,True,False,True,False,False
0512.0-2019-000-YLW-067-000,512,ACERRU,2019,1,True,False,True,False,False
0512.0-2019-000-YLW-068-000,512,ACERRU,2019,1,True,False,True,False,False
0512.0-2019-000-YLW-069-000,512,ACERRU,2019,1,True,False,True,False,False
0512.0-2019-000-YLW-070-000,512,ACERRU,2019,1,True,False,True,False,False
0512.0-2019-000-YLW-071-000,512,ACERRU,2019,1,True,False,True,False,False
0512.0-2019-000-YLW-072-000,512,BETUXX,2019,1,True,False,True,False,False
0512.0-2019-000-YLW-073-000,512,BETUXX,2019,1,True,False,True,False,False
0512.0-2019-000-YLW-074-000,512,ACERRU,2019,1,True,False,True,False,False
0512.0-2019-000-YLW-075-000,512,BETUXX,2019,1,True,False,True,False,False
0512.0-2020-000-WHT-003-000,512,ACERRU,2020,1,True,False,True,False,False
0512.0-2020-000-WHT-004-000,512,BETUXX,2020,1,True,False,True,False,False
0512.0-2020-000-WHT-005-000,512,TSUGCA,2020,1,True,False,True,False,False
0512.0-2020-000-WHT-006-000,512,BETUXX,2020,1,True,False,True,False,False
0512.0-2020-000-WHT-007-000,512,BETUXX,2020,1,True,False,True,False,False
0512.0-2020-000-WHT-008-000,512,TSUGCA,2020,1,True,False,True,False,False
0512.0-2020-000-WHT-009-000,512,BETUXX,2020,1,True,False,True,False,False
0512.0-2020-000-WHT-010-000,512,ACERRU,2020,1,True,False,True,False,False
0512.0-2020-000-WHT-011-000,512,ACERRU,2020,1,True,False,True,False,False
0512.0-2020-000-WHT-012-000,512,TSUGCA,2020,1,True,False,True,False,False
0512.0-2020-000-WHT-013-000,512,TSUGCA,2020,1,True,False,True,False,False
0512.0-2020-000-WHT-014-000,512,TSUGCA,2020,1,True,False,True,False,False
0512.0-2020-000-WHT-015-000,512,TSUGCA,2020,1,True,False,True,False,False
0512.0-2020-000-WHT-016-000,512,ACERRU,2020,1,True,False,True,False,False
0512.0-2020-000-WHT-017-000,512,ACERRU,2020,1,True,False,True,False,False
0512.0-2020-000-WHT-018-000,512,ACERRU,2020,1,True,False,True,False,False
0512.0-2020-000-WHT-019-000,512,ACERRU,2020,1,True,False,True,False,False
0512.0-2020-000-WHT-020-000,512,ACERRU,2020,1,True,False,True,False,False
0512.0-2020-000-WHT-021-000,512,TSUGCA,2020,1,True,False,True,False,False
0512.0-2021-000-WHT-038-000,512,PINUST,2021,1,True,False,True,False,False
0512.0-2021-000-WHT-039-000,512,PINUST,2021,1,True,False,True,False,False
0512.0-2021-000-WHT-040-000,512,PINUST,2021,1,True,False,True,False,False
0512.0-2021-000-WHT-041-000,512,PINUST,2021,1,True,False,True,False,False
0512.0-2021-000-WHT-042-000,512,PINUST,2021,1,True,False,True,False,False
0512.0-2021-000-WHT-043-000,512,PINUST,2021,1,True,False,True,False,False
0512.0-2021-000-WHT-044-000,512,PINUST,2021,1,True,False,True,False,False
0512.0-2021-000-WHT-045-000,512,PINUST,2021,1,True,False,True,False,False
0512.0-2021-000-WHT-046-000,512,PINUST,2021,1,True,False,True,False,False
0512.0-2021-000-WHT-047-000,512,PINUST,2021,1,True,False,True,False,False
0512.0-2021-000-WHT-048-000,512,PINUST,2021,1,True,False,True,False,False
0512.0-2023-000-GRN-001-000,512,BETUXX,2023,1,True,False,True,False,False
0512.0-2023-000-GRN-002-000,512,BETUXX,2023,1,True,False,True,False,False
0512.0-2023-000-GRN-003-000,512,BETUXX,2023,1,True,False,True,False,False
0512.0-2023-000-GRN-004-000,512,BETUXX,2023,1,True,False,True,False,False
0512.0-2023-000-GRN-005-000,512,TSUGCA,2023,1,True,False,True,False,False
0512.0-2023-000-GRN-006-000,512,BETUXX,2023,1,True,False,True,False,False
0512.0-2023-000-GRN-007-000,512,BETUXX,2023,1,True,False,True,False,False
0512.0-2023-000-GRN-008-000,512,PINUST,2023,1,True,False,True,False,False
0512.0-2023-000-GRN-009-000,512,BETUXX,2023,1,True,False,True,False,False
0512.0-2023-000-GRN-010-000,512,TSUGCA,2023,1,True,False,True,False,False
0512.0-2023-000-GRN-011-000,512,BETUXX,2023,1,True,False,True,False,False
0512.0-2023-000-GRN-012-000,512,TSUGCA,2023,1,True,False,True,False,False
0512.0-2023-000-GRN-013-000,512,BETUXX,2023,1,True,False,True,False,False
0512.0-2023-000-GRN-014-000,512,BETUXX,2023,1,True,False,True,False,False
0512.0-2023-000-GRN-015-000,512,BETUXX,2023,1,True,False,True,False,False
0512.0-2023-000-GRN-016-000,512,BETUXX,2023,1,True,False,True,False,False
0512.0-2023-000-GRN-017-000,512,BETUXX,2023,1,True,False,True,False,False
0512.0-2023-000-GRN-018-000,512,TSUGCA,2023,1,True,False,True,False,False
0512.0-2023-000-GRN-019-000,512,BETUXX,2023,1,True,False,True,False,False
0512.0-2023-000-GRN-020-000,512,BETUXX,2023,1,True,False,True,False,False
0512.0-2023-000-GRN-021-000,512,BETUXX,2023,1,True,False,True,False,False
0512.0-2023-000-GRN-022-000,512,BETUXX,2023,1,True,False,True,False,False
0512.0-2023-000-GRN-023-000,512,TSUGCA,2023,1,True,False,True,False,False
0512.0-2023-000-GRN-024-000,512,TSUGCA,2023,1,True,False,True,False,False
0512.0-2023-000-GRN-026-000,512,PINUST,2023,1,True,False,True,False,False
0512.0-2023-000-GRN-027-000,512,ACERRU,2023,1,True,False,True,False,False
0512.0-2023-000-GRN-028-000,512,PINUST,2023,1,True,False,True,False,False
0512.0-2023-000-GRN-029-000,512,TSUGCA,2023,1,True,False,True,False,False
0512.0-2023-000-GRN-030-000,512,TSUGCA,2023,1,True,False,True,False,False
0512.0-2023-000-GRN-031-000,512,TSUGCA,2023,1,True,False,True,False,False
0512.0-2023-000-GRN-032-000,512,TSUGCA,2023,1,True,False,True,False,False
0512.0-2023-000-GRN-033-000,512,BETUXX,2023,1,True,False,True,False,False
0512.0-2023-000-GRN-034-000,512,ACERRU,2023,1,True,False,True,False,False
0512.0-2023-000-GRN-075-000,512,BETUXX,2023,1,True,False,True,False,False
0512.0-2023-000-GRN-078-000,512,TSUGCA,2023,1,True,False,True,False,False
0512.0-2023-000-GRN-079-000,512,TSUGCA,2023,1,True,False,True,False,False
0512.0-2023-000-GRN-080-000,512,ACERRU,2023,1,True,False,True,False,False
0512.0-2023-000-GRN-081-000,512,ACERRU,2023,1,True,False,True,False,False
0512.0-2023-000-GRN-082-000,512,PINUST,2023,0,True,False,False,False,False
0512.0-2023-000-GRN-083-000,512,TSUGCA,2023,1,True,False,True,False,False
0512.0-2023-000-GRN-084-000,512,TSUGCA,2023,1,True,False,True,False,False
0512.0-2023-000-GRN-085-000,512,TSUGCA,2023,1,True,False,True,False,False
0512.0-2023-000-GRN-086-000,512,BETUXX,2023,1,True,False,True,False,False
0512.0-2023-000-GRN-087-000,512,TSUGCA,2023,1,True,False,True,False,False
0512.0-2023-000-GRN-088-000,512,TSUGCA,2023,1,True,False,True,False,False
0512.0-2023-000-GRN-089-000,512,BETUXX,2023,1,True,False,True,False,False
0512.0-2023-000-GRN-090-000,512,BETUXX,2023,1,True,False,True,False,False
0512.0-2023-000-GRN-091-000,512,TSUGCA,2023,1,True,False,True,False,False
0512.0-2023-000-GRN-092-000,512,TSUGCA,2023,1,True,False,True,False,False
0512.0-2023-000-GRN-093-000,512,TSUGCA,2023,1,True,False,True,False,False
0512.0-2023-000-GRN-094-000,512,BETUXX,2023,1,True,False,True,False,False
0512.0-2023-000-GRN-096-000,512,BETUXX,2023,1,True,False,True,False,False
0512.0-2023-000-GRN-097-000,512,BETUXX,2023,1,True,False,True,False,False
0512.0-2023-000-GRN-098-000,512,ACERRU,2023,1,True,False,True,False,False
0512.0-2023-000-GRN-099-000,512,BETUXX,2023,1,True,False,True,False,False
0512.0-2023-000-GRN-100-000,512,BETUXX,2023,1,True,False,True,False,False
0512.0-2023-000-ORG-063-000,512,UNKNXX,2023,0,True,False,False,False,False
0515.0-2017-000-BLU-001-000,515,ACERRU,2017,0,True,True,False,False,False
0515.0-2017-000-BLU-002-000,515,NYSSSY,2017,0,True,True,False,False,False
0515.0-2017-000-BLU-003-000,515,RHODPR,2017,0,True,True,False,False,False
0515.0-2017-000-BLU-004-000,515,BETUAL,2017,0,True,True,False,False,False
0515.0-2017-000-BLU-005-000,515,BETUXX,2017,0,True,True,False,False,False
0515.0-2017-000-BLU-006-000,515,ACERRU,2017,0,True,True,False,False,False
0515.0-2017-000-BLU-007-000,515,RHODPR,2017,0,True,True,False,False,False
0515.0-2017-000-BLU-008-000,515,UNKNXX,2017,0,True,True,False,False,False
0515.0-2017-000-BLU-009-000,515,UNKNXX,2017,0,True,True,False,False,False
0515.0-2017-000-BLU-010-000,515,BETUXX,2017,0,True,True,False,False,False
0515.0-2017-000-BLU-011-000,515,BETUXX,2017,0,True,True,False,False,False
0515.0-2017-000-BLU-012-000,515,BETUXX,2017,0,True,True,False,False,False
0515.0-2017-000-BLU-013-000,515,BETUAL,2017,0,True,True,False,False,False
0515.0-2017-000-BLU-014-000,515,BETUXX,2017,0,True,True,False,False,False
0515.0-2017-000-BLU-015-000,515,BETUXX,2017,0,True,True,False,False,False
0515.0-2017-000-BLU-016-000,515,BETUXX,2017,0,True,True,False,False,False
0515.0-2017-000-BLU-017-000,515,ACERRU,2017,0,True,True,False,False,False
0515.0-2017-000-BLU-018-000,515,PINUST,2017,0,True,True,False,False,False
0515.0-2017-000-BLU-019-000,515,PINUST,2017,0,True,True,False,False,False
0515.0-2017-000-ORG-095-000,515,BETUXX,2017,0,True,True,False,False,False
0515.0-2017-000-ORG-096-000,515,BETUXX,2017,0,True,True,False,False,False
0515.0-2017-000-ORG-097-000,515,ACERRU,2017,0,True,True,False,False,False
0515.0-2017-000-ORG-098-000,515,ACERRU,2017,0,True,True,False,False,False
0515.0-2017-000-ORG-099-000,515,BETUXX,2017,0,True,True,False,False,False
0515.0-2017-000-ORG-100-000,515,ACERRU,2017,0,True,True,False,False,False
0515.0-2019-000-ORG-037-000,515,TSUGCA,2019,1,True,False,True,False,False
0515.0-2020-000-WHT-001-000,515,ACERRU,2020,1,True,False,True,False,False
0515.0-2020-000-WHT-002-000,515,ACERRU,2020,1,True,False,True,False,False
0515.0-2021-000-WHT-037-000,515,PINUST,2021,1,True,False,True,False,False
0515.0-2023-000-YLW-045-000,515,ACERPE,2023,1,True,False,True,False,False
0517.0-2017-000-BLU-050-000,517,ACERRU,2017,0,True,True,False,False,False
0517.0-2017-000-GRN-051-000,517,ACERRU,2017,0,True,True,False,False,False
0517.0-2017-000-GRN-052-000,517,ACERRU,2017,0,True,True,False,False,False
0517.0-2017-000-GRN-053-000,517,PRUNSE,2017,0,True,True,False,False,False
0517.0-2017-000-GRN-054-000,517,ACERRU,2017,0,True,True,False,False,False
0517.0-2017-000-GRN-055-000,517,ACERRU,2017,0,True,True,False,False,False
0517.0-2017-000-GRN-056-000,517,QUERVE,2017,0,True,True,False,False,False
0517.0-2017-000-GRN-057-000,517,ACERRU,2017,0,True,True,False,False,False
0517.0-2017-000-GRN-058-000,517,ACERRU,2017,0,True,True,False,False,False
0517.0-2017-000-GRN-059-000,517,ACERRU,2017,0,True,True,False,False,False
0517.0-2017-000-GRN-060-000,517,ACERRU,2017,0,True,True,False,False,False
0517.0-2017-000-GRN-061-000,517,ACERRU,2017,0,True,True,False,False,False
0517.0-2017-000-GRN-062-000,517,ACERRU,2017,0,True,True,False,False,False
0517.0-2017-000-GRN-063-000,517,ACERRU,2017,0,True,True,False,False,False
0517.0-2017-000-GRN-064-000,517,ACERRU,2017,0,True,True,False,False,False
0517.0-2017-000-GRN-065-000,517,ACERRU,2017,0,True,True,False,False,False
0517.0-2017-000-GRN-066-000,517,ACERRU,2017,0,True,True,False,False,False
0517.0-2017-000-GRN-067-000,517,ACERRU,2017,0,True,True,False,False,False
0517.0-2017-000-GRN-068-000,517,ACERRU,2017,0,True,True,False,False,False
0517.0-2018-000-YLW-026-000,517,ACERRU,2018,1,True,False,True,False,False
0517.0-2018-000-YLW-027-000,517,ACERRU,2018,1,True,False,True,False,False
0517.0-2018-000-YLW-028-000,517,ACERRU,2018,1,True,False,True,False,False
0517.0-2018-000-YLW-029-000,517,ACERRU,2018,1,True,False,True,False,False
0517.0-2018-000-YLW-030-000,517,ACERRU,2018,1,True,False,True,False,False
0517.0-2018-000-YLW-031-000,517,ACERRU,2018,1,True,False,True,False,False
0517.0-2018-000-YLW-032-000,517,ACERRU,2018,1,True,False,True,False,False
0517.0-2018-000-YLW-033-000,517,ACERRU,2018,1,True,False,True,False,False
0517.0-2018-000-YLW-034-000,517,ACERRU,2018,1,True,False,True,False,False
0517.0-2018-000-YLW-035-000,517,TSUGCA,2018,1,True,False,True,False,False
0517.0-2018-000-YLW-036-000,517,ACERRU,2018,1,True,False,True,False,False
0517.0-2019-000-ORG-038-000,517,ACERRU,2019,1,True,False,True,False,False
0517.0-2019-000-ORG-039-000,517,ACERRU,2019,1,True,False,True,False,False
0517.0-2019-000-ORG-040-000,517,ACERPE,2019,1,True,False,True,False,False
0517.0-2019-000-ORG-041-000,517,ACERRU,2019,1,True,False,True,False,False
0517.0-2019-000-ORG-042-000,517,BETUXX,2019,1,True,False,True,False,False
0517.0-2019-000-ORG-043-000,517,ACERRU,2019,1,True,False,True,False,False
0517.0-2019-000-ORG-044-000,517,ACERRU,2019,1,True,False,True,False,False
0517.0-2019-000-ORG-045-000,517,ACERRU,2019,1,True,False,True,False,False
0517.0-2019-000-ORG-046-000,517,ACERRU,2019,1,True,False,True,False,False
0517.0-2019-000-ORG-047-000,517,ACERRU,2019,1,True,False,True,False,False
0517.0-2020-000-WHT-019-000,517,ACERRU,2020,1,True,False,True,False,False
0517.0-2020-000-WHT-020-000,517,ACERRU,2020,1,True,False,True,False,False
0517.0-2020-000-WHT-021-000,517,ACERRU,2020,1,True,False,True,False,False
0517.0-2020-000-WHT-022-000,517,ACERRU,2020,1,True,False,True,False,False
0517.0-2020-000-WHT-023-000,517,ACERRU,2020,1,True,False,True,False,False
0517.0-2020-000-WHT-024-000,517,ACERRU,2020,1,True,False,True,False,False
0517.0-2020-000-WHT-025-000,517,ACERRU,2020,1,True,False,True,False,False
0517.0-2020-000-WHT-043-000,517,ACERRU,2020,1,True,False,True,False,False
0517.0-2020-000-WHT-044-000,517,ACERRU,2020,1,True,False,True,False,False
0517.0-2020-000-WHT-045-000,517,ACERRU,2020,1,True,False,True,False,False
0517.0-2020-000-WHT-046-000,517,ACERRU,2020,1,True,False,True,False,False
0517.0-2020-000-WHT-047-000,517,ACERRU,2020,1,True,False,True,False,False
0517.0-2020-000-WHT-048-000,517,TSUGCA,2020,1,True,False,True,False,False
0517.0-2020-000-WHT-049-000,517,ACERRU,2020,1,True,False,True,False,False
0517.0-2020-000-WHT-050-000,517,BETUXX,2020,1,True,False,True,False,False
0517.0-2020-000-WHT-051-000,517,BETUXX,2020,1,True,False,True,False,False
0517.0-2020-000-WHT-052-000,517,TSUGCA,2020,1,True,False,True,False,False
0517.0-2021-000-WHT-036-000,517,TSUGCA,2021,1,True,False,True,False,False
0517.0-2023-000-ORG-050-000,517,ACERRU,2023,1,True,False,True,False,False
0517.0-2023-000-WHT-057-000,517,ACERRU,2023,1,True,False,True,False,False
0517.0-2023-000-YLW-041-000,517,UNKNXX,2023,0,True,False,False,False,False
0517.0-2023-000-YLW-046-000,517,ACERRU,2023,0,True,False,False,False,False
0517.0-2023-000-YLW-047-000,517,TSUGCA,2023,1,True,False,True,False,False
0517.0-2023-000-YLW-048-000,517,TSUGCA,2023,1,True,False,True,False,False
0517.0-2023-000-YLW-049-000,517,TSUGCA,2023,1,True,False,True,False,False
0517.0-2023-000-YLW-051-000,517,ACERRU,2023,0,True,False,False,False,False
0517.0-2023-000-YLW-052-000,517,ACERRU,2023,1,True,False,True,False,False
0517.0-2023-000-YLW-053-000,517,ACERPE,2023,1,True,False,True,False,False
0517.0-2023-000-YLW-054-000,517,ACERRU,2023,1,True,False,True,False,False
0517.0-2023-000-YLW-055-000,517,ACERRU,2023,1,True,False,True,False,False
0517.0-2023-000-YLW-056-000,517,ACERRU,2023,1,True,False,True,False,False
0519.0-2017-000-BLU-040-000,519,ACERRU,2017,0,True,True,False,False,False
0519.0-2017-000-BLU-041-000,519,ACERRU,2017,0,True,True,False,False,False
0519.0-2017-000-BLU-042-000,519,ACERRU,2017,0,True,True,False,False,False
0519.0-2017-000-BLU-043-000,519,ACERRU,2017,0,True,True,False,False,False
0519.0-2017-000-BLU-044-000,519,ACERRU,2017,0,True,True,False,False,False
0519.0-2017-000-BLU-045-000,519,ACERRU,2017,0,True,True,False,False,False
0519.0-2017-000-BLU-046-000,519,ACERRU,2017,0,True,True,False,False,False
0519.0-2017-000-BLU-047-000,519,ACERRU,2017,0,True,True,False,False,False
0519.0-2017-000-BLU-048-000,519,ACERRU,2017,0,True,True,False,False,False
0519.0-2017-000-BLU-049-000,519,ACERRU,2017,0,True,True,False,False,False
0519.0-2018-000-YLW-051-000,519,TSUGCA,2018,1,True,False,True,False,False
0519.0-2018-000-YLW-052-000,519,ACERRU,2018,1,True,False,True,False,False
0519.0-2018-000-YLW-053-000,519,TSUGCA,2018,1,True,False,True,False,False
0519.0-2018-000-YLW-054-000,519,TSUGCA,2018,1,True,False,True,False,False
0519.0-2018-000-YLW-055-000,519,TSUGCA,2018,1,True,False,True,False,False
0519.0-2018-000-YLW-056-000,519,TSUGCA,2018,1,True,False,True,False,False
0519.0-2018-000-YLW-057-000,519,TSUGCA,2018,1,True,False,True,False,False
0519.0-2018-000-YLW-058-000,519,PINUST,2018,1,True,False,True,False,False
0519.0-2018-000-YLW-059-000,519,ACERRU,2018,1,True,False,True,False,False
0519.0-2018-000-YLW-060-000,519,ACERRU,2018,1,True,False,True,False,False
0519.0-2019-000-ORG-048-000,519,BETUXX,2019,1,True,False,True,False,False
0519.0-2019-000-ORG-049-000,519,ACERRU,2019,1,True,False,True,False,False
0519.0-2019-000-ORG-050-000,519,ACERRU,2019,1,True,False,True,False,False
0519.0-2019-000-YLW-076-000,519,BETUXX,2019,1,True,False,True,False,False
0519.0-2019-000-YLW-077-000,519,BETUXX,2019,1,True,False,True,False,False
0519.0-2019-000-YLW-078-000,519,BETUXX,2019,1,True,False,True,False,False
0519.0-2019-000-YLW-079-000,519,ACERRU,2019,1,True,False,True,False,False
0519.0-2019-000-YLW-080-000,519,ACERRU,2019,1,True,False,True,False,False
0519.0-2019-000-YLW-081-000,519,ACERRU,2019,1,True,False,True,False,False
0519.0-2020-000-WHT-004-000,519,ACERRU,2020,1,True,False,True,False,False
0519.0-2020-000-WHT-005-000,519,TSUGCA,2020,1,True,False,True,False,False
0519.0-2020-000-WHT-006-000,519,ACERRU,2020,1,True,False,True,False,False
0519.0-2020-000-WHT-007-000,519,ACERRU,2020,1,True,False,True,False,False
0519.0-2020-000-WHT-008-000,519,ACERRU,2020,1,True,False,True,False,False
0519.0-2020-000-WHT-009-000,519,TSUGCA,2020,1,True,False,True,False,False
0519.0-2020-000-WHT-010-000,519,TSUGCA,2020,1,True,False,True,False,False
0519.0-2020-000-WHT-011-000,519,TSUGCA,2020,1,True,False,True,False,False
0519.0-2020-000-WHT-012-000,519,TSUGCA,2020,1,True,False,True,False,False
0519.0-2020-000-WHT-013-000,519,TSUGCA,2020,1,True,False,True,False,False
0519.0-2020-000-WHT-014-000,519,TSUGCA,2020,1,True,False,True,False,False
0519.0-2020-000-WHT-015-000,519,ACERRU,2020,1,True,False,True,False,False
0519.0-2020-000-WHT-016-000,519,TSUGCA,2020,1,True,False,True,False,False
0519.0-2020-000-WHT-017-000,519,TSUGCA,2020,1,True,False,True,False,False
0519.0-2020-000-WHT-018-000,519,ACERRU,2020,1,True,False,True,False,False
0519.0-2021-000-WHT-034-000,519,ACERRU,2021,1,True,False,True,False,False
0519.0-2021-000-WHT-035-000,519,ACERRU,2021,1,True,False,True,False,False
0519.0-2023-000-YLW-058-000,519,TSUGCA,2023,1,True,False,True,False,False
0519.0-2023-000-YLW-061-000,519,TSUGCA,2023,0,True,False,False,False,False
0519.0-2023-000-YLW-061-D00,519,TSUGCA,2023,0,True,False,False,False,False
0519.0-2023-000-YLW-063-000,519,ACERRU,2023,0,True,False,False,False,False
0519.0-2023-000-YLW-064-000,519,TSUGCA,2023,1,True,False,True,False,False
0521.0-2017-000-BLU-026-000,521,ACERRU,2017,0,True,True,False,False,False
0521.0-2017-000-BLU-027-000,521,ACERRU,2017,0,True,True,False,False,False
0521.0-2017-000-BLU-028-000,521,ACERRU,2017,0,True,True,False,False,False
0521.0-2017-000-BLU-029-000,521,ACERRU,2017,0,True,True,False,False,False
0521.0-2017-000-BLU-030-000,521,ACERRU,2017,0,True,True,False,False,False
0521.0-2017-000-BLU-031-000,521,ACERRU,2017,0,True,True,False,False,False
0521.0-2017-000-BLU-032-000,521,KALMLA,2017,0,True,True,False,False,False
0521.0-2017-000-BLU-033-000,521,KALMLA,2017,0,True,True,False,False,False
0521.0-2017-000-BLU-034-000,521,ACERRU,2017,0,True,True,False,False,False
0521.0-2017-000-BLU-035-000,521,KALMLA,2017,0,True,True,False,False,False
0521.0-2017-000-BLU-036-000,521,KALMLA,2017,0,True,True,False,False,False
0521.0-2017-000-BLU-037-000,521,KALMLA,2017,0,True,True,False,False,False
0521.0-2017-000-BLU-038-000,521,KALMLA,2017,0,True,True,False,False,False
0521.0-2017-000-BLU-039-000,521,KALMLA,2017,0,True,True,False,False,False
0521.0-2017-000-RED-013-000,521,TSUGCA,2017,0,True,True,False,False,False
0521.0-2017-000-RED-014-000,521,KALMLA,2017,0,True,True,False,False,False
0521.0-2017-000-RED-015-000,521,TSUGCA,2017,0,True,True,False,False,False
0521.0-2017-000-RED-016-000,521,KALMLA,2017,0,True,True,False,False,False
0521.0-2017-000-RED-017-000,521,KALMLA,2017,0,True,True,False,False,False
0521.0-2017-000-RED-018-000,521,KALMLA,2017,0,True,True,False,False,False
0521.0-2017-000-RED-019-000,521,KALMLA,2017,0,True,True,False,False,False
0521.0-2017-000-RED-020-000,521,KALMLA,2017,0,True,True,False,False,False
0521.0-2017-000-RED-021-000,521,KALMLA,2017,0,True,True,False,False,False
0521.0-2017-000-RED-022-000,521,KALMLA,2017,0,True,True,False,False,False
0521.0-2017-000-RED-023-000,521,KALMLA,2017,0,True,True,False,False,False
0521.0-2017-000-RED-024-000,521,KALMLA,2017,0,True,True,False,False,False
0521.0-2017-000-RED-025-000,521,ACERRU,2017,0,True,True,False,False,False
0521.0-2018-000-YLW-061-000,521,ACERRU,2018,1,True,False,True,False,False
0521.0-2018-000-YLW-062-000,521,ACERRU,2018,1,True,False,True,False,False
0521.0-2018-000-YLW-063-000,521,ACERRU,2018,1,True,False,True,False,False
0521.0-2019-000-YLW-082-000,521,ACERRU,2019,1,True,False,True,False,False
0521.0-2019-000-YLW-083-000,521,ACERRU,2019,1,True,False,True,False,False
0521.0-2020-000-WHT-001-000,521,ACERRU,2020,1,True,False,True,False,False
0521.0-2020-000-WHT-002-000,521,TSUGCA,2020,1,True,False,True,False,False
0521.0-2020-000-WHT-003-000,521,ACERRU,2020,1,True,False,True,False,False
0521.0-2021-000-WHT-032-000,521,PINUST,2021,1,True,False,True,False,False
0521.0-2021-000-WHT-033-000,521,PINUST,2021,1,True,False,True,False,False
0521.0-2023-000-RED-041-000,521,KALMLA,2023,0,True,False,False,False,False
0521.0-2023-000-YLW-024-000,521,KALMLA,2023,0,True,False,False,False,False
0523.0-2017-000-BLU-079-000,523,ACERRU,2017,0,True,True,False,False,False
0523.0-2017-000-BLU-080-000,523,ACERRU,2017,0,True,True,False,False,False
0523.0-2017-000-BLU-081-000,523,ACERRU,2017,0,True,True,False,False,False
0523.0-2017-000-BLU-082-000,523,TSUGCA,2017,0,True,True,False,False,False
0523.0-2017-000-BLU-083-000,523,TSUGCA,2017,0,True,True,False,False,False
0523.0-2017-000-BLU-084-000,523,TSUGCA,2017,0,True,True,False,False,False
0523.0-2017-000-BLU-086-000,523,TSUGCA,2017,0,True,True,False,False,False
0523.0-2017-000-BLU-087-000,523,TSUGCA,2017,0,True,True,False,False,False
0523.0-2017-000-BLU-088-000,523,TSUGCA,2017,0,True,True,False,False,False
0523.0-2017-000-BLU-089-000,523,TSUGCA,2017,0,True,True,False,False,False
0523.0-2017-000-BLU-090-000,523,TSUGCA,2017,0,True,True,False,False,False
0523.0-2017-000-BLU-091-000,523,TSUGCA,2017,0,True,True,False,False,False
0523.0-2017-000-BLU-092-000,523,TSUGCA,2017,0,True,True,False,False,False
0523.0-2017-000-BLU-093-000,523,ACERRU,2017,0,True,True,False,False,False
0523.0-2017-000-BLU-094-000,523,TSUGCA,2017,0,True,True,False,False,False
0523.0-2017-000-BLU-095-000,523,TSUGCA,2017,0,True,True,False,False,False
0523.0-2017-000-BLU-096-000,523,TSUGCA,2017,0,True,True,False,False,False
0523.0-2017-000-BLU-097-000,523,ACERRU,2017,0,True,True,False,False,False
0523.0-2017-000-BLU-098-000,523,TSUGCA,2017,0,True,True,False,False,False
0523.0-2017-000-BLU-099-000,523,TSUGCA,2017,0,True,True,False,False,False
0523.0-2017-000-BLU-100-000,523,TSUGCA,2017,0,True,True,False,False,False
0523.0-2017-000-RED-001-000,523,TSUGCA,2017,0,True,True,False,False,False
0523.0-2017-000-RED-002-000,523,ACERRU,2017,0,True,True,False,False,False
0523.0-2017-000-RED-003-000,523,TSUGCA,2017,0,True,True,False,False,False
0523.0-2017-000-RED-004-000,523,ACERRU,2017,0,True,True,False,False,False
0523.0-2017-000-RED-005-000,523,ACERRU,2017,0,True,True,False,False,False
0523.0-2017-000-RED-006-000,523,ACERRU,2017,0,True,True,False,False,False
0523.0-2017-000-RED-007-000,523,TSUGCA,2017,0,True,True,False,False,False
0523.0-2017-000-RED-008-000,523,TSUGCA,2017,0,True,True,False,False,False
0523.0-2017-000-RED-009-000,523,TSUGCA,2017,0,True,True,False,False,False
0523.0-2017-000-RED-010-000,523,TSUGCA,2017,0,True,True,False,False,False
0523.0-2017-000-RED-011-000,523,TSUGCA,2017,0,True,True,False,False,False
0523.0-2017-000-RED-012-000,523,PINUST,2017,0,True,True,False,False,False
0523.0-2018-000-BLU-001-000,523,ACERRU,2018,1,True,False,True,False,False
0523.0-2018-000-BLU-002-000,523,TSUGCA,2018,1,True,False,True,False,False
0523.0-2018-000-BLU-003-000,523,ACERRU,2018,1,True,False,True,False,False
0523.0-2018-000-BLU-004-000,523,PINUST,2018,1,True,False,True,False,False
0523.0-2018-000-BLU-005-000,523,ACERRU,2018,1,True,False,True,False,False
0523.0-2018-000-BLU-006-000,523,TSUGCA,2018,1,True,False,True,False,False
0523.0-2018-000-BLU-007-000,523,VIBULA,2018,1,True,False,True,False,False
0523.0-2019-000-YLW-084-000,523,ACERRU,2019,1,True,False,True,False,False
0523.0-2019-000-YLW-085-000,523,ACERRU,2019,1,True,False,True,False,False
0523.0-2019-000-YLW-086-000,523,ACERRU,2019,1,True,False,True,False,False
0523.0-2019-000-YLW-087-000,523,ACERRU,2019,1,True,False,True,False,False
0523.0-2019-000-YLW-088-000,523,ACERRU,2019,1,True,False,True,False,False
0523.0-2019-000-YLW-089-000,523,ACERRU,2019,1,True,False,True,False,False
0523.0-2019-000-YLW-090-000,523,ACERRU,2019,1,True,False,True,False,False
0523.0-2019-000-YLW-091-000,523,ACERRU,2019,1,True,False,True,False,False
0523.0-2019-000-YLW-092-000,523,ACERRU,2019,1,True,False,True,False,False
0523.0-2019-000-YLW-093-000,523,ACERRU,2019,1,True,False,True,False,False
0523.0-2020-000-YLW-021-000,523,ACERRU,2020,1,True,False,True,False,False
0523.0-2020-000-YLW-022-000,523,ACERRU,2020,1,True,False,True,False,False
0523.0-2020-000-YLW-023-000,523,VIBULA,2020,1,True,False,True,False,False
0523.0-2020-000-YLW-024-000,523,TSUGCA,2020,1,True,False,True,False,False
0523.0-2020-000-YLW-025-000,523,ACERRU,2020,1,True,False,True,False,False
0523.0-2021-000-WHT-031-000,523,PINUST,2021,1,True,False,True,False,False
0523.0-2023-000-BLU-059-000,523,ACERRU,2023,1,True,False,True,False,False
0523.0-2023-000-YLW-060-000,523,ACERRU,2023,1,True,False,True,False,False
0523.0-2023-000-YLW-065-000,523,ACERRU,2023,0,True,False,False,False,False
0523.0-2023-000-YLW-066-000,523,ACERRU,2023,1,True,False,True,False,False
0523.0-2023-000-YLW-067-000,523,ACERRU,2023,1,True,False,True,False,False
0523.0-2023-000-YLW-068-000,523,ACERRU,2023,0,True,False,False,False,False
0523.0-2023-000-YLW-069-000,523,TSUGCA,2023,1,True,False,True,False,False
0523.0-2023-000-YLW-070-000,523,ACERRU,2023,1,True,False,True,False,False
0523.0-2023-000-YLW-071-000,523,BETUXX,2023,1,True,False,True,False,False
0523.0-2023-000-YLW-071-D00,523,BETUXX,2023,1,True,False,True,False,False
0708.0-2017-000-ORG-076-000,708,ACERRU,2017,0,True,True,False,False,False
0708.0-2017-000-ORG-077-000,708,ACERRU,2017,0,True,True,False,False,False
0708.0-2017-000-ORG-078-000,708,ACERRU,2017,0,True,True,False,False,False
0708.0-2017-000-ORG-079-000,708,ACERRU,2017,0,True,True,False,False,False
0708.0-2017-000-ORG-080-000,708,BETUXX,2017,0,True,True,False,False,False
0708.0-2017-000-ORG-081-000,708,ACERRU,2017,0,True,True,False,False,False
0708.0-2017-000-ORG-082-000,708,ACERRU,2017,0,True,True,False,False,False
0708.0-2017-000-ORG-083-000,708,PICERU,2017,0,True,True,False,False,False
0708.0-2017-000-ORG-084-000,708,ACERRU,2017,0,True,True,False,False,False
0708.0-2017-000-ORG-085-000,708,ACERRU,2017,0,True,True,False,False,False
0708.0-2017-000-ORG-086-000,708,ACERRU,2017,0,True,True,False,False,False
0708.0-2017-000-ORG-087-000,708,ACERRU,2017,0,True,True,False,False,False
0708.0-2017-000-ORG-088-000,708,ACERRU,2017,0,True,True,False,False,False
0708.0-2017-000-ORG-089-000,708,ACERRU,2017,0,True,True,False,False,False
0708.0-2017-000-ORG-090-000,708,ACERRU,2017,0,True,True,False,False,False
0708.0-2017-000-ORG-091-000,708,ACERRU,2017,0,True,True,False,False,False
0708.0-2017-000-ORG-092-000,708,ACERRU,2017,0,True,True,False,False,False
0708.0-2017-000-ORG-093-000,708,ACERRU,2017,0,True,True,False,False,False
0708.0-2017-000-ORG-094-000,708,ACERRU,2017,0,True,True,False,False,False
0708.0-2017-000-ORG-095-000,708,ACERRU,2017,0,True,True,False,False,False
0708.0-2017-000-ORG-096-000,708,ACERRU,2017,0,True,True,False,False,False
0708.0-2017-000-ORG-097-000,708,ACERRU,2017,0,True,True,False,False,False
0708.0-2017-000-ORG-098-000,708,ACERRU,2017,0,True,True,False,False,False
0708.0-2017-000-ORG-099-000,708,ACERRU,2017,0,True,True,False,False,False
0708.0-2017-000-ORG-100-000,708,ACERRU,2017,0,True,True,False,False,False
0708.0-2017-000-WHT-026-000,708,ACERRU,2017,0,True,True,False,False,False
0708.0-2017-000-WHT-070-000,708,ACERRU,2017,0,True,True,False,False,False
0708.0-2017-000-WHT-071-000,708,ACERRU,2017,0,True,True,False,False,False
0708.0-2017-000-WHT-072-000,708,ACERRU,2017,0,True,True,False,False,False
0708.0-2017-000-WHT-073-000,708,ACERRU,2017,0,True,True,False,False,False
0708.0-2017-000-WHT-074-000,708,ACERRU,2017,0,True,True,False,False,False
0708.0-2017-000-WHT-075-000,708,ACERRU,2017,0,True,True,False,False,False
0708.0-2017-000-WHT-076-000,708,ACERRU,2017,0,True,True,False,False,False
0708.0-2017-000-WHT-077-000,708,ACERRU,2017,0,True,True,False,False,False
0708.0-2017-000-WHT-078-000,708,ACERRU,2017,0,True,True,False,False,False
0708.0-2017-000-WHT-079-000,708,ACERRU,2017,0,True,True,False,False,False
0708.0-2017-000-WHT-080-000,708,ACERRU,2017,0,True,True,False,False,False
0708.0-2017-000-WHT-081-000,708,ACERRU,2017,0,True,True,False,False,False
0708.0-2017-000-WHT-082-000,708,ACERRU,2017,0,True,True,False,False,False
0708.0-2017-000-WHT-083-000,708,ACERRU,2017,0,True,True,False,False,False
0708.0-2017-000-WHT-084-000,708,TSUGCA,2017,0,True,True,False,False,False
0708.0-2017-000-WHT-085-000,708,ACERRU,2017,0,True,True,False,False,False
0708.0-2017-000-WHT-086-000,708,ACERRU,2017,0,True,True,False,False,False
0708.0-2017-000-WHT-087-000,708,TSUGCA,2017,0,True,True,False,False,False
0708.0-2017-000-WHT-088-000,708,ACERRU,2017,0,True,True,False,False,False
0708.0-2017-000-WHT-089-000,708,ACERRU,2017,0,True,True,False,False,False
0708.0-2017-000-WHT-090-000,708,ACERRU,2017,0,True,True,False,False,False
0708.0-2017-000-WHT-091-000,708,ACERRU,2017,0,True,True,False,False,False
0708.0-2017-000-WHT-092-000,708,ACERRU,2017,0,True,True,False,False,False
0708.0-2017-000-WHT-093-000,708,ACERRU,2017,0,True,True,False,False,False
0708.0-2017-000-WHT-094-000,708,ACERRU,2017,0,True,True,False,False,False
0708.0-2017-000-WHT-095-000,708,ACERRU,2017,0,True,True,False,False,False
0708.0-2017-000-WHT-096-000,708,ACERRU,2017,0,True,True,False,False,False
0708.0-2017-000-WHT-097-000,708,ACERRU,2017,0,True,True,False,False,False
0708.0-2017-000-WHT-098-000,708,ACERRU,2017,0,True,True,False,False,False
0708.0-2017-000-WHT-099-000,708,ACERRU,2017,0,True,True,False,False,False
0708.0-2017-000-WHT-100-000,708,ACERRU,2017,0,True,True,False,False,False
0708.0-2018-000-RED-033-000,708,ACERRU,2018,1,True,False,True,False,False
0708.0-2018-000-RED-034-000,708,ACERRU,2018,1,True,False,True,False,False
0708.0-2018-000-RED-035-000,708,ACERRU,2018,1,True,False,True,False,False
0708.0-2018-000-RED-036-000,708,ACERRU,2018,1,True,False,True,False,False
0708.0-2018-000-RED-037-000,708,ACERRU,2018,1,True,False,True,False,False
0708.0-2018-000-RED-038-000,708,ACERRU,2018,1,True,False,True,False,False
0708.0-2018-000-RED-039-000,708,ACERRU,2018,1,True,False,True,False,False
0708.0-2018-000-RED-040-000,708,ACERRU,2018,1,True,False,True,False,False
0708.0-2018-000-RED-041-000,708,ACERRU,2018,1,True,False,True,False,False
0708.0-2018-000-RED-042-000,708,ACERRU,2018,1,True,False,True,False,False
0708.0-2018-000-RED-043-000,708,ACERRU,2018,1,True,False,True,False,False
0708.0-2018-000-RED-044-000,708,ACERRU,2018,1,True,False,True,False,False
0708.0-2018-000-RED-045-000,708,ACERRU,2018,1,True,False,True,False,False
0708.0-2018-000-RED-046-000,708,ACERRU,2018,1,True,False,True,False,False
0708.0-2018-000-RED-047-000,708,ACERRU,2018,1,True,False,True,False,False
0708.0-2018-000-RED-048-000,708,ACERRU,2018,1,True,False,True,False,False
0708.0-2018-000-RED-049-000,708,ACERRU,2018,1,True,False,True,False,False
0708.0-2018-000-RED-050-000,708,ACERRU,2018,1,True,False,True,False,False
0708.0-2018-000-RED-051-000,708,ACERRU,2018,1,True,False,True,False,False
0708.0-2018-000-RED-052-000,708,ACERRU,2018,1,True,False,True,False,False
0708.0-2018-000-RED-053-000,708,ACERRU,2018,1,True,False,True,False,False
0708.0-2018-000-RED-054-000,708,ACERRU,2018,1,True,False,True,False,False
0708.0-2018-000-RED-055-000,708,ACERRU,2018,1,True,False,True,False,False
0708.0-2018-000-RED-056-000,708,ACERRU,2018,1,True,False,True,False,False
0708.0-2018-000-RED-057-000,708,ACERRU,2018,1,True,False,True,False,False
0708.0-2018-000-RED-058-000,708,ACERRU,2018,1,True,False,True,False,False
0708.0-2018-000-RED-059-000,708,PINUST,2018,1,True,False,True,False,False
0708.0-2018-000-RED-060-000,708,ACERRU,2018,1,True,False,True,False,False
0708.0-2018-000-RED-061-000,708,ACERRU,2018,1,True,False,True,False,False
0708.0-2018-000-RED-062-000,708,ACERRU,2018,1,True,False,True,False,False
0708.0-2018-000-RED-063-000,708,ACERRU,2018,1,True,False,True,False,False
0708.0-2018-000-RED-064-000,708,ACERRU,2018,1,True,False,True,False,False
0708.0-2018-000-RED-065-000,708,ACERRU,2018,1,True,False,True,False,False
0708.0-2018-000-RED-066-000,708,ACERRU,2018,1,True,False,True,False,False
0708.0-2018-000-RED-067-000,708,ACERRU,2018,1,True,False,True,False,False
0708.0-2018-000-RED-068-000,708,ACERRU,2018,1,True,False,True,False,False
0708.0-2018-000-RED-069-000,708,ACERRU,2018,1,True,False,True,False,False
0708.0-2018-000-RED-070-000,708,ACERRU,2018,1,True,False,True,False,False
0708.0-2018-000-RED-071-000,708,ACERRU,2018,1,True,False,True,False,False
0708.0-2018-000-RED-072-000,708,ACERRU,2018,1,True,False,True,False,False
0708.0-2018-000-RED-073-000,708,ACERRU,2018,1,True,False,True,False,False
0708.0-2018-000-RED-074-000,708,ACERRU,2018,1,True,False,True,False,False
0708.0-2018-000-RED-075-000,708,ACERRU,2018,1,True,False,True,False,False
0708.0-2018-000-RED-076-000,708,ACERRU,2018,1,True,False,True,False,False
0708.0-2018-000-RED-077-000,708,ACERRU,2018,1,True,False,True,False,False
0708.0-2018-000-RED-078-000,708,ACERRU,2018,1,True,False,True,False,False
0708.0-2018-000-RED-079-000,708,ACERRU,2018,1,True,False,True,False,False
0708.0-2018-000-RED-080-000,708,ACERRU,2018,1,True,False,True,False,False
0708.0-2018-000-RED-081-000,708,ACERRU,2018,1,True,False,True,False,False
0708.0-2018-000-RED-082-000,708,ACERRU,2018,1,True,False,True,False,False
0708.0-2018-000-RED-083-000,708,TSUGCA,2018,1,True,False,True,False,False
0708.0-2018-000-RED-084-000,708,PINUST,2018,1,True,False,True,False,False
0708.0-2018-000-RED-085-000,708,ACERRU,2018,1,True,False,True,False,False
0708.0-2018-000-RED-086-000,708,ACERRU,2018,1,True,False,True,False,False
0708.0-2018-000-RED-087-000,708,PINUST,2018,1,True,False,True,False,False
0708.0-2018-000-RED-088-000,708,PINUST,2018,1,True,False,True,False,False
0708.0-2018-000-RED-089-000,708,PINUST,2018,1,True,False,True,False,False
0708.0-2018-000-RED-090-000,708,TSUGCA,2018,1,True,False,True,False,False
0708.0-2018-000-RED-091-000,708,ACERRU,2018,1,True,False,True,False,False
0708.0-2018-000-RED-092-000,708,ACERRU,2018,1,True,False,True,False,False
0708.0-2018-000-RED-093-000,708,ACERRU,2018,1,True,False,True,False,False
0708.0-2018-000-RED-094-000,708,ACERRU,2018,1,True,False,True,False,False
0708.0-2018-000-RED-095-000,708,ACERRU,2018,1,True,False,True,False,False
0708.0-2018-000-RED-096-000,708,ACERRU,2018,1,True,False,True,False,False
0708.0-2018-000-RED-097-000,708,ACERRU,2018,1,True,False,True,False,False
0708.0-2018-000-RED-098-000,708,ACERRU,2018,1,True,False,True,False,False
0708.0-2018-000-RED-099-000,708,QUERRU,2018,1,True,False,True,False,False
0708.0-2018-000-RED-100-000,708,ACERRU,2018,1,True,False,True,False,False
0708.0-2018-000-YLW-001-000,708,ACERRU,2018,1,True,False,True,False,False
0708.0-2018-000-YLW-002-000,708,ACERRU,2018,1,True,False,True,False,False
0708.0-2018-000-YLW-003-000,708,ACERRU,2018,1,True,False,True,False,False
0708.0-2018-000-YLW-004-000,708,ACERRU,2018,1,True,False,True,False,False
0708.0-2018-000-YLW-005-000,708,ACERRU,2018,1,True,False,True,False,False
0708.0-2018-000-YLW-006-000,708,ACERRU,2018,1,True,False,True,False,False
0708.0-2018-000-YLW-007-000,708,ACERRU,2018,1,True,False,True,False,False
0708.0-2018-000-YLW-008-000,708,ACERRU,2018,1,True,False,True,False,False
0708.0-2018-000-YLW-009-000,708,ACERRU,2018,1,True,False,True,False,False
0708.0-2018-000-YLW-010-000,708,ACERRU,2018,1,True,False,True,False,False
0708.0-2018-000-YLW-011-000,708,ACERRU,2018,1,True,False,True,False,False
0708.0-2018-000-YLW-012-000,708,ACERRU,2018,1,True,False,True,False,False
0708.0-2018-000-YLW-013-000,708,ACERRU,2018,1,True,False,True,False,False
0708.0-2018-000-YLW-014-000,708,ACERRU,2018,1,True,False,True,False,False
0708.0-2018-000-YLW-015-000,708,ACERRU,2018,1,True,False,True,False,False
0708.0-2018-000-YLW-016-000,708,ACERRU,2018,1,True,False,True,False,False
0708.0-2018-000-YLW-017-000,708,ACERRU,2018,1,True,False,True,False,False
0708.0-2018-000-YLW-018-000,708,ACERRU,2018,1,True,False,True,False,False
0708.0-2018-000-YLW-019-000,708,ACERRU,2018,1,True,False,True,False,False
0708.0-2018-000-YLW-020-000,708,ACERRU,2018,1,True,False,True,False,False
0708.0-2018-000-YLW-021-000,708,ACERRU,2018,1,True,False,True,False,False
0708.0-2018-000-YLW-022-000,708,ACERRU,2018,1,True,False,True,False,False
0708.0-2018-000-YLW-023-000,708,ACERRU,2018,1,True,False,True,False,False
0708.0-2018-000-YLW-024-000,708,ACERRU,2018,1,True,False,True,False,False
0708.0-2018-000-YLW-025-000,708,ACERRU,2018,1,True,False,True,False,False
0708.0-2019-000-BLU-006-000,708,ACERRU,2019,1,True,False,True,False,False
0708.0-2019-000-BLU-011-000,708,ACERRU,2019,1,True,False,True,False,False
0708.0-2019-000-BLU-024-000,708,ACERRU,2019,1,True,False,True,False,False
0708.0-2019-000-BLU-029-000,708,ACERRU,2019,1,True,False,True,False,False
0708.0-2019-000-BLU-047-000,708,ACERRU,2019,1,True,False,True,False,False
0708.0-2019-000-BLU-048-000,708,ACERRU,2019,1,True,False,True,False,False
0708.0-2019-000-BLU-051-000,708,ACERRU,2019,1,True,False,True,False,False
0708.0-2019-000-BLU-053-000,708,ACERRU,2019,1,True,False,True,False,False
0708.0-2019-000-BLU-054-000,708,ACERRU,2019,1,True,False,True,False,False
0708.0-2019-000-BLU-059-000,708,BETUXX,2019,1,True,False,True,False,False
0708.0-2019-000-BLU-060-000,708,ACERRU,2019,1,True,False,True,False,False
0708.0-2019-000-BLU-061-000,708,PINUST,2019,1,True,False,True,False,False
0708.0-2019-000-BLU-062-000,708,ACERRU,2019,1,True,False,True,False,False
0708.0-2019-000-BLU-064-000,708,ACERRU,2019,1,True,False,True,False,False
0708.0-2019-000-BLU-072-000,708,ACERRU,2019,1,True,False,True,False,False
0708.0-2019-000-BLU-092-000,708,ACERRU,2019,1,True,False,True,False,False
0818.0-2017-000-RED-001-000,818,BETUXX,2017,0,True,True,False,False,False
0818.0-2017-000-RED-002-000,818,ACERRU,2017,0,True,True,False,False,False
0818.0-2017-000-RED-003-000,818,BETUXX,2017,0,True,True,False,False,False
0818.0-2017-000-RED-004-000,818,BETUXX,2017,0,True,True,False,False,False
0818.0-2017-000-RED-005-000,818,BETUXX,2017,0,True,True,False,False,False
0818.0-2017-000-RED-006-000,818,TSUGCA,2017,0,True,True,False,False,False
0818.0-2017-000-RED-007-000,818,ACERRU,2017,0,True,True,False,False,False
0818.0-2017-000-RED-008-000,818,ACERRU,2017,0,True,True,False,False,False
0818.0-2017-000-RED-009-000,818,ACERRU,2017,0,True,True,False,False,False
0818.0-2017-000-RED-010-000,818,BETUXX,2017,0,True,True,False,False,False
0818.0-2018-000-RED-029-000,818,ACERRU,2018,1,True,False,True,False,False
0818.0-2018-000-RED-030-000,818,TSUGCA,2018,1,True,False,True,False,False
0818.0-2018-000-RED-033-000,818,BETUXX,2018,1,True,False,True,False,False
0818.0-2018-000-RED-037-000,818,ACERRU,2018,1,True,False,True,False,False
0818.0-2018-000-RED-038-000,818,ACERRU,2018,1,True,False,True,False,False
0818.0-2018-000-RED-039-000,818,ACERRU,2018,1,True,False,True,False,False
0909.0-2017-000-BLU-035-000,909,ACERRU,2017,0,True,True,False,False,False
0909.0-2017-000-BLU-036-000,909,ACERRU,2017,0,True,True,False,False,False
0909.0-2017-000-BLU-037-000,909,TSUGCA,2017,0,True,True,False,False,False
0909.0-2017-000-BLU-038-000,909,NYSSSY,2017,0,True,True,False,False,False
0909.0-2017-000-RED-011-000,909,ACERRU,2017,0,True,True,False,False,False
0909.0-2017-000-RED-012-000,909,ACERRU,2017,0,True,True,False,False,False
0909.0-2017-000-RED-013-000,909,TSUGCA,2017,0,True,True,False,False,False
0909.0-2017-000-RED-014-000,909,TSUGCA,2017,0,True,True,False,False,False
0909.0-2017-000-RED-015-000,909,ACERRU,2017,0,True,True,False,False,False
0909.0-2017-000-RED-016-000,909,ACERRU,2017,0,True,True,False,False,False
0909.0-2017-000-RED-017-000,909,QUERRU,2017,0,True,True,False,False,False
0909.0-2017-000-RED-018-000,909,PINUST,2017,0,True,True,False,False,False
0909.0-2017-000-RED-019-000,909,TSUGCA,2017,0,True,True,False,False,False
0909.0-2017-000-RED-020-000,909,ACERRU,2017,0,True,True,False,False,False
0909.0-2017-000-RED-021-000,909,ACERRU,2017,0,True,True,False,False,False
0909.0-2017-000-RED-022-000,909,TSUGCA,2017,0,True,True,False,False,False
0909.0-2017-000-RED-023-000,909,BETUXX,2017,0,True,True,False,False,False
0909.0-2017-000-RED-024-000,909,ACERRU,2017,0,True,True,False,False,False
0909.0-2017-000-RED-025-000,909,PINUST,2017,0,True,True,False,False,False
0909.0-2018-000-YLW-002-000,909,ACERRU,2018,1,True,False,True,False,False
0909.0-2018-000-YLW-005-000,909,PINUST,2018,1,True,False,True,False,False
0909.0-2018-000-YLW-006-000,909,ACERRU,2018,1,True,False,True,False,False
0909.0-2018-000-YLW-011-000,909,ACERRU,2018,1,True,False,True,False,False
0909.0-2018-000-YLW-012-000,909,ACERRU,2018,1,True,False,True,False,False
0909.0-2019-000-ORG-015-000,909,ACERRU,2019,1,True,False,True,False,False
0909.0-2019-000-ORG-017-000,909,ACERRU,2019,1,True,False,True,False,False
0909.0-2019-000-ORG-067-000,909,ACERRU,2019,1,True,False,True,False,False
0921.0-2017-000-BLU-001-000,921,ACERRU,2017,0,True,True,False,False,False
0921.0-2017-000-BLU-002-000,921,BETUXX,2017,0,True,True,False,False,False
0921.0-2017-000-BLU-003-000,921,ACERRU,2017,0,True,True,False,False,False
0921.0-2017-000-BLU-004-000,921,ACERRU,2017,0,True,True,False,False,False
0921.0-2017-000-BLU-006-000,921,ACERRU,2017,0,True,True,False,False,False
0921.0-2017-000-BLU-007-000,921,ACERRU,2017,0,True,True,False,False,False
0921.0-2017-000-BLU-008-000,921,ACERRU,2017,0,True,True,False,False,False
0921.0-2017-000-BLU-052-000,921,ACERRU,2017,0,True,True,False,False,False
0921.0-2017-000-BLU-053-000,921,ACERRU,2017,0,True,True,False,False,False
0921.0-2017-000-BLU-054-000,921,ACERRU,2017,0,True,True,False,False,False
0921.0-2017-000-BLU-055-000,921,ACERRU,2017,0,True,True,False,False,False
0921.0-2017-000-BLU-056-000,921,ACERRU,2017,0,True,True,False,False,False
0921.0-2017-000-BLU-057-000,921,ACERRU,2017,0,True,True,False,False,False
0921.0-2017-000-BLU-058-000,921,ACERRU,2017,0,True,True,False,False,False
0921.0-2017-000-BLU-059-000,921,ACERRU,2017,0,True,True,False,False,False
0921.0-2017-000-BLU-060-000,921,ACERRU,2017,0,True,True,False,False,False
0921.0-2017-000-BLU-061-000,921,ACERRU,2017,0,True,True,False,False,False
0921.0-2017-000-BLU-062-000,921,ACERRU,2017,0,True,True,False,False,False
0921.0-2017-000-BLU-063-000,921,ACERRU,2017,0,True,True,False,False,False
0921.0-2017-000-BLU-064-000,921,ACERRU,2017,0,True,True,False,False,False
0921.0-2017-000-BLU-065-000,921,ACERRU,2017,0,True,True,False,False,False
0921.0-2017-000-BLU-066-000,921,ACERRU,2017,0,True,True,False,False,False
0921.0-2017-000-BLU-067-000,921,ACERRU,2017,0,True,True,False,False,False
0921.0-2017-000-BLU-068-000,921,ACERRU,2017,0,True,True,False,False,False
0921.0-2017-000-BLU-069-000,921,ACERRU,2017,0,True,True,False,False,False
0921.0-2017-000-BLU-070-000,921,ACERRU,2017,0,True,True,False,False,False
0921.0-2017-000-BLU-071-000,921,ACERRU,2017,0,True,True,False,False,False
0921.0-2017-000-BLU-072-000,921,ACERRU,2017,0,True,True,False,False,False
0921.0-2017-000-BLU-073-000,921,ACERRU,2017,0,True,True,False,False,False
0921.0-2017-000-BLU-074-000,921,ACERRU,2017,0,True,True,False,False,False
0921.0-2017-000-BLU-075-000,921,ACERRU,2017,0,True,True,False,False,False
0921.0-2017-000-BLU-078-000,921,ACERRU,2017,0,True,True,False,False,False
0921.0-2017-000-BLU-079-000,921,ACERRU,2017,0,True,True,False,False,False
0921.0-2017-000-BLU-080-000,921,ACERRU,2017,0,True,True,False,False,False
0921.0-2017-000-BLU-081-000,921,ACERRU,2017,0,True,True,False,False,False
0921.0-2017-000-BLU-082-000,921,ACERRU,2017,0,True,True,False,False,False
0921.0-2017-000-BLU-083-000,921,ACERRU,2017,0,True,True,False,False,False
0921.0-2017-000-BLU-084-000,921,ACERRU,2017,0,True,True,False,False,False
0921.0-2017-000-BLU-085-000,921,ACERRU,2017,0,True,True,False,False,False
0921.0-2017-000-BLU-086-000,921,ACERRU,2017,0,True,True,False,False,False
0921.0-2017-000-BLU-087-000,921,ACERRU,2017,0,True,True,False,False,False
0921.0-2017-000-BLU-088-000,921,ACERRU,2017,0,True,True,False,False,False
0921.0-2017-000-BLU-089-000,921,ACERRU,2017,0,True,True,False,False,False
0921.0-2017-000-BLU-090-000,921,ACERRU,2017,0,True,True,False,False,False
0921.0-2017-000-BLU-091-000,921,ACERRU,2017,0,True,True,False,False,False
0921.0-2017-000-BLU-092-000,921,ACERRU,2017,0,True,True,False,False,False
0921.0-2017-000-BLU-093-000,921,ACERRU,2017,0,True,True,False,False,False
0921.0-2017-000-BLU-094-000,921,BETUXX,2017,0,True,True,False,False,False
0921.0-2017-000-BLU-095-000,921,ACERRU,2017,0,True,True,False,False,False
0921.0-2017-000-BLU-096-000,921,BETUXX,2017,0,True,True,False,False,False
0921.0-2017-000-BLU-097-000,921,ACERRU,2017,0,True,True,False,False,False
0921.0-2017-000-BLU-098-000,921,ACERRU,2017,0,True,True,False,False,False
0921.0-2017-000-BLU-099-000,921,ACERRU,2017,0,True,True,False,False,False
0921.0-2017-000-BLU-100-000,921,ACERRU,2017,0,True,True,False,False,False
0921.0-2017-000-RED-001-000,921,ACERRU,2017,0,True,True,False,False,False
0921.0-2017-000-RED-002-000,921,ACERRU,2017,0,True,True,False,False,False
0921.0-2017-000-RED-003-000,921,ACERRU,2017,0,True,True,False,False,False
0921.0-2017-000-RED-004-000,921,ACERRU,2017,0,True,True,False,False,False
0921.0-2017-000-RED-005-000,921,ACERRU,2017,0,True,True,False,False,False
0921.0-2017-000-RED-006-000,921,ACERRU,2017,0,True,True,False,False,False
0921.0-2017-000-RED-007-000,921,ACERRU,2017,0,True,True,False,False,False
0921.0-2017-000-RED-008-000,921,ACERRU,2017,0,True,True,False,False,False
0921.0-2017-000-RED-009-000,921,ACERRU,2017,0,True,True,False,False,False
0921.0-2017-000-RED-010-000,921,ACERRU,2017,0,True,True,False,False,False
0921.0-2017-000-RED-011-000,921,ACERRU,2017,0,True,True,False,False,False
0921.0-2017-000-RED-012-000,921,ACERRU,2017,0,True,True,False,False,False
0921.0-2017-000-RED-013-000,921,ACERRU,2017,0,True,True,False,False,False
0921.0-2017-000-RED-014-000,921,ACERRU,2017,0,True,True,False,False,False
0921.0-2017-000-RED-015-000,921,ACERRU,2017,0,True,True,False,False,False
0921.0-2017-000-RED-016-000,921,ACERRU,2017,0,True,True,False,False,False
0921.0-2017-000-RED-017-000,921,ACERRU,2017,0,True,True,False,False,False
0921.0-2017-000-RED-018-000,921,ACERRU,2017,0,True,True,False,False,False
0921.0-2017-000-RED-019-000,921,ACERRU,2017,0,True,True,False,False,False
0921.0-2017-000-RED-020-000,921,ACERRU,2017,0,True,True,False,False,False
0921.0-2017-000-RED-021-000,921,ACERRU,2017,0,True,True,False,False,False
0921.0-2017-000-RED-022-000,921,ACERRU,2017,0,True,True,False,False,False
0921.0-2017-000-RED-023-000,921,ACERRU,2017,0,True,True,False,False,False
0921.0-2017-000-RED-024-000,921,ACERRU,2017,0,True,True,False,False,False
0921.0-2017-000-RED-025-000,921,ACERRU,2017,0,True,True,False,False,False
0921.0-2017-000-RED-026-000,921,ACERRU,2017,0,True,True,False,False,False
0921.0-2017-000-RED-027-000,921,ACERRU,2017,0,True,True,False,False,False
0921.0-2017-000-RED-028-000,921,ACERRU,2017,0,True,True,False,False,False
0921.0-2017-000-RED-029-000,921,ACERRU,2017,0,True,True,False,False,False
0921.0-2017-000-RED-030-000,921,ACERRU,2017,0,True,True,False,False,False
0921.0-2017-000-RED-031-000,921,ACERRU,2017,0,True,True,False,False,False
0921.0-2017-000-RED-032-000,921,ACERRU,2017,0,True,True,False,False,False
0921.0-2017-000-RED-033-000,921,ACERRU,2017,0,True,True,False,False,False
0921.0-2017-000-RED-034-000,921,ACERRU,2017,0,True,True,False,False,False
0921.0-2017-000-RED-035-000,921,ACERRU,2017,0,True,True,False,False,False
0921.0-2017-000-RED-036-000,921,ACERRU,2017,0,True,True,False,False,False
0921.0-2017-000-RED-037-000,921,ACERRU,2017,0,True,True,False,False,False
0921.0-2017-000-RED-038-000,921,ACERRU,2017,0,True,True,False,False,False
0921.0-2017-000-RED-039-000,921,ACERRU,2017,0,True,True,False,False,False
0921.0-2017-000-RED-040-000,921,ACERRU,2017,0,True,True,False,False,False
0921.0-2017-000-RED-041-000,921,ACERRU,2017,0,True,True,False,False,False
0921.0-2017-000-RED-042-000,921,ACERRU,2017,0,True,True,False,False,False
0921.0-2017-000-RED-043-000,921,ACERRU,2017,0,True,True,False,False,False
0921.0-2017-000-RED-044-000,921,ACERRU,2017,0,True,True,False,False,False
0921.0-2017-000-RED-045-000,921,ACERRU,2017,0,True,True,False,False,False
0921.0-2017-000-RED-046-000,921,ACERRU,2017,0,True,True,False,False,False
0921.0-2017-000-RED-047-000,921,ACERRU,2017,0,True,True,False,False,False
0921.0-2017-000-RED-048-000,921,ACERRU,2017,0,True,True,False,False,False
0921.0-2017-000-RED-049-000,921,ACERRU,2017,0,True,True,False,False,False
0921.0-2017-000-RED-050-000,921,ACERRU,2017,0,True,True,False,False,False
0921.0-2017-000-RED-051-000,921,ACERRU,2017,0,True,True,False,False,False
0921.0-2017-000-RED-052-000,921,ACERRU,2017,0,True,True,False,False,False
0921.0-2017-000-RED-053-000,921,ACERRU,2017,0,True,True,False,False,False
0921.0-2017-000-RED-054-000,921,ACERRU,2017,0,True,True,False,False,False
0921.0-2017-000-RED-055-000,921,ACERRU,2017,0,True,True,False,False,False
0921.0-2017-000-RED-056-000,921,ACERRU,2017,0,True,True,False,False,False
0921.0-2017-000-RED-057-000,921,ACERRU,2017,0,True,True,False,False,False
0921.0-2017-000-RED-058-000,921,ACERRU,2017,0,True,True,False,False,False
0921.0-2017-000-RED-059-000,921,ACERRU,2017,0,True,True,False,False,False
0921.0-2017-000-RED-060-000,921,ACERRU,2017,0,True,True,False,False,False
0921.0-2017-000-RED-061-000,921,ACERRU,2017,0,True,True,False,False,False
0921.0-2017-000-RED-062-000,921,ACERRU,2017,0,True,True,False,False,False
0921.0-2017-000-RED-063-000,921,ACERRU,2017,0,True,True,False,False,False
0921.0-2017-000-RED-064-000,921,ACERRU,2017,0,True,True,False,False,False
0921.0-2017-000-RED-065-000,921,ACERRU,2017,0,True,True,False,False,False
0921.0-2017-000-RED-066-000,921,ACERRU,2017,0,True,True,False,False,False
0921.0-2017-000-RED-067-000,921,ACERRU,2017,0,True,True,False,False,False
0921.0-2017-000-RED-068-000,921,ACERRU,2017,0,True,True,False,False,False
0921.0-2017-000-RED-069-000,921,ACERRU,2017,0,True,True,False,False,False
0921.0-2017-000-RED-070-000,921,ACERRU,2017,0,True,True,False,False,False
0921.0-2017-000-RED-071-000,921,ACERRU,2017,0,True,True,False,False,False
0921.0-2017-000-RED-072-000,921,ACERRU,2017,0,True,True,False,False,False
0921.0-2017-000-RED-073-000,921,ACERRU,2017,0,True,True,False,False,False
0921.0-2017-000-RED-074-000,921,ACERRU,2017,0,True,True,False,False,False
0921.0-2017-000-RED-075-000,921,ACERRU,2017,0,True,True,False,False,False
0921.0-2017-000-RED-076-000,921,ACERRU,2017,0,True,True,False,False,False
0921.0-2017-000-RED-077-000,921,ACERRU,2017,0,True,True,False,False,False
0921.0-2017-000-RED-078-000,921,ACERRU,2017,0,True,True,False,False,False
0921.0-2017-000-RED-079-000,921,ACERRU,2017,0,True,True,False,False,False
0921.0-2017-000-RED-080-000,921,BETUXX,2017,0,True,True,False,False,False
0921.0-2017-000-RED-081-000,921,ACERRU,2017,0,True,True,False,False,False
0921.0-2017-000-RED-082-000,921,ACERRU,2017,0,True,True,False,False,False
0921.0-2017-000-RED-083-000,921,ACERRU,2017,0,True,True,False,False,False
0921.0-2017-000-RED-084-000,921,ACERRU,2017,0,True,True,False,False,False
0921.0-2017-000-RED-085-000,921,ACERRU,2017,0,True,True,False,False,False
0921.0-2017-000-RED-086-000,921,ACERRU,2017,0,True,True,False,False,False
0921.0-2017-000-RED-087-000,921,ACERRU,2017,0,True,True,False,False,False
0921.0-2017-000-RED-088-000,921,ACERRU,2017,0,True,True,False,False,False
0921.0-2017-000-RED-089-000,921,ACERRU,2017,0,True,True,False,False,False
0921.0-2017-000-RED-090-000,921,ACERRU,2017,0,True,True,False,False,False
0921.0-2017-000-RED-091-000,921,ACERRU,2017,0,True,True,False,False,False
0921.0-2017-000-RED-092-000,921,ACERRU,2017,0,True,True,False,False,False
0921.0-2017-000-RED-093-000,921,ACERRU,2017,0,True,True,False,False,False
0921.0-2017-000-RED-094-000,921,ACERRU,2017,0,True,True,False,False,False
0921.0-2017-000-RED-095-000,921,ACERRU,2017,0,True,True,False,False,False
0921.0-2017-000-RED-096-000,921,ACERRU,2017,0,True,True,False,False,False
0921.0-2017-000-RED-097-000,921,ACERRU,2017,0,True,True,False,False,False
0921.0-2017-000-RED-098-000,921,ACERRU,2017,0,True,True,False,False,False
0921.0-2017-000-RED-099-000,921,ACERRU,2017,0,True,True,False,False,False
0921.0-2017-000-RED-100-000,921,ACERRU,2017,0,True,True,False,False,False
0921.0-2017-000-YLW-026-000,921,ACERRU,2017,0,True,True,False,False,False
0921.0-2017-000-YLW-027-000,921,ACERRU,2017,0,True,True,False,False,False
0921.0-2017-000-YLW-028-000,921,ACERRU,2017,0,True,True,False,False,False
0921.0-2017-000-YLW-029-000,921,ACERRU,2017,0,True,True,False,False,False
0921.0-2017-000-YLW-030-000,921,ACERRU,2017,0,True,True,False,False,False
0921.0-2017-000-YLW-031-000,921,ACERRU,2017,0,True,True,False,False,False
0921.0-2017-000-YLW-032-000,921,ACERRU,2017,0,True,True,False,False,False
0921.0-2017-000-YLW-033-000,921,ACERRU,2017,0,True,True,False,False,False
0921.0-2017-000-YLW-034-000,921,ACERRU,2017,0,True,True,False,False,False
0921.0-2017-000-YLW-035-000,921,ACERRU,2017,0,True,True,False,False,False
0921.0-2017-000-YLW-036-000,921,ACERRU,2017,0,True,True,False,False,False
0921.0-2017-000-YLW-037-000,921,ACERRU,2017,0,True,True,False,False,False
0921.0-2017-000-YLW-038-000,921,ACERRU,2017,0,True,True,False,False,False
0921.0-2017-000-YLW-039-000,921,ACERRU,2017,0,True,True,False,False,False
0921.0-2017-000-YLW-040-000,921,ACERRU,2017,0,True,True,False,False,False
0921.0-2017-000-YLW-041-000,921,ACERRU,2017,0,True,True,False,False,False
0921.0-2017-000-YLW-042-000,921,ACERRU,2017,0,True,True,False,False,False
0921.0-2017-000-YLW-043-000,921,ACERRU,2017,0,True,True,False,False,False
0921.0-2017-000-YLW-044-000,921,ACERRU,2017,0,True,True,False,False,False
0921.0-2017-000-YLW-045-000,921,ACERRU,2017,0,True,True,False,False,False
0921.0-2017-000-YLW-046-000,921,ACERRU,2017,0,True,True,False,False,False
0921.0-2017-000-YLW-047-000,921,ACERRU,2017,0,True,True,False,False,False
0921.0-2017-000-YLW-048-000,921,ACERRU,2017,0,True,True,False,False,False
0921.0-2017-000-YLW-049-000,921,ACERRU,2017,0,True,True,False,False,False
0921.0-2017-000-YLW-050-000,921,ACERRU,2017,0,True,True,False,False,False
0921.0-2017-000-YLW-051-000,921,ACERRU,2017,0,True,True,False,False,False
0921.0-2017-000-YLW-052-000,921,ACERRU,2017,0,True,True,False,False,False
0921.0-2017-000-YLW-053-000,921,ACERRU,2017,0,True,True,False,False,False
0921.0-2017-000-YLW-054-000,921,BETUXX,2017,0,True,True,False,False,False
0921.0-2017-000-YLW-055-000,921,ACERRU,2017,0,True,True,False,False,False
0921.0-2017-000-YLW-056-000,921,ACERRU,2017,0,True,True,False,False,False
0921.0-2017-000-YLW-057-000,921,ACERRU,2017,0,True,True,False,False,False
0921.0-2017-000-YLW-058-000,921,ACERRU,2017,0,True,True,False,False,False
0921.0-2017-000-YLW-059-000,921,ACERRU,2017,0,True,True,False,False,False
0921.0-2017-000-YLW-060-000,921,ACERRU,2017,0,True,True,False,False,False
0921.0-2017-000-YLW-061-000,921,ACERRU,2017,0,True,True,False,False,False
0921.0-2017-000-YLW-062-000,921,ACERRU,2017,0,True,True,False,False,False
0921.0-2017-000-YLW-063-000,921,ACERRU,2017,0,True,True,False,False,False
0921.0-2017-000-YLW-064-000,921,ACERRU,2017,0,True,True,False,False,False
0921.0-2017-000-YLW-065-000,921,ACERRU,2017,0,True,True,False,False,False
0921.0-2017-000-YLW-066-000,921,ACERRU,2017,0,True,True,False,False,False
0921.0-2017-000-YLW-067-000,921,ACERRU,2017,0,True,True,False,False,False
0921.0-2017-000-YLW-068-000,921,ACERRU,2017,0,True,True,False,False,False
0921.0-2017-000-YLW-069-000,921,ACERRU,2017,0,True,True,False,False,False
0921.0-2017-000-YLW-070-000,921,ACERRU,2017,0,True,True,False,False,False
0921.0-2017-000-YLW-071-000,921,ACERRU,2017,0,True,True,False,False,False
0921.0-2017-000-YLW-072-000,921,ACERRU,2017,0,True,True,False,False,False
0921.0-2017-000-YLW-073-000,921,ACERRU,2017,0,True,True,False,False,False
0921.0-2017-000-YLW-074-000,921,ACERRU,2017,0,True,True,False,False,False
0921.0-2017-000-YLW-075-000,921,ACERRU,2017,0,True,True,False,False,False
0921.0-2017-000-YLW-076-000,921,ACERRU,2017,0,True,True,False,False,False
0921.0-2017-000-YLW-077-000,921,ACERRU,2017,0,True,True,False,False,False
0921.0-2017-000-YLW-078-000,921,ACERRU,2017,0,True,True,False,False,False
0921.0-2017-000-YLW-079-000,921,ACERRU,2017,0,True,True,False,False,False
0921.0-2017-000-YLW-080-000,921,ACERRU,2017,0,True,True,False,False,False
0921.0-2017-000-YLW-081-000,921,ACERRU,2017,0,True,True,False,False,False
0921.0-2017-000-YLW-082-000,921,ACERRU,2017,0,True,True,False,False,False
0921.0-2017-000-YLW-083-000,921,ACERRU,2017,0,True,True,False,False,False
0921.0-2017-000-YLW-084-000,921,ACERRU,2017,0,True,True,False,False,False
0921.0-2017-000-YLW-085-000,921,ACERRU,2017,0,True,True,False,False,False
0921.0-2017-000-YLW-086-000,921,ACERRU,2017,0,True,True,False,False,False
0921.0-2017-000-YLW-087-000,921,ACERRU,2017,0,True,True,False,False,False
0921.0-2017-000-YLW-088-000,921,ACERRU,2017,0,True,True,False,False,False
0921.0-2017-000-YLW-089-000,921,ACERRU,2017,0,True,True,False,False,False
0921.0-2017-000-YLW-090-000,921,ACERRU,2017,0,True,True,False,False,False
0921.0-2017-000-YLW-091-000,921,ACERRU,2017,0,True,True,False,False,False
0921.0-2017-000-YLW-092-000,921,ACERRU,2017,0,True,True,False,False,False
0921.0-2017-000-YLW-093-000,921,ACERRU,2017,0,True,True,False,False,False
0921.0-2017-000-YLW-094-000,921,ACERRU,2017,0,True,True,False,False,False
0921.0-2017-000-YLW-095-000,921,ACERRU,2017,0,True,True,False,False,False
0921.0-2017-000-YLW-096-000,921,ACERRU,2017,0,True,True,False,False,False
0921.0-2017-000-YLW-097-000,921,ACERRU,2017,0,True,True,False,False,False
0921.0-2017-000-YLW-098-000,921,ACERRU,2017,0,True,True,False,False,False
0921.0-2017-000-YLW-099-000,921,ACERRU,2017,0,True,True,False,False,False
0921.0-2017-000-YLW-100-000,921,ACERRU,2017,0,True,True,False,False,False
0921.0-2018-000-ORG-001-000,921,ACERRU,2018,1,True,False,True,False,False
0921.0-2018-000-ORG-002-000,921,ACERRU,2018,1,True,False,True,False,False
0921.0-2018-000-ORG-003-000,921,ACERRU,2018,1,True,False,True,False,False
0921.0-2018-000-ORG-004-000,921,ACERRU,2018,1,True,False,True,False,False
0921.0-2018-000-ORG-005-000,921,ACERRU,2018,1,True,False,True,False,False
0921.0-2018-000-ORG-006-000,921,ACERRU,2018,1,True,False,True,False,False
0921.0-2018-000-ORG-007-000,921,ACERRU,2018,1,True,False,True,False,False
0921.0-2018-000-ORG-008-000,921,ACERRU,2018,1,True,False,True,False,False
0921.0-2018-000-ORG-009-000,921,ACERRU,2018,1,True,False,True,False,False
0921.0-2018-000-ORG-010-000,921,ACERRU,2018,1,True,False,True,False,False
0921.0-2018-000-ORG-011-000,921,ACERRU,2018,1,True,False,True,False,False
0921.0-2018-000-ORG-012-000,921,ACERRU,2018,1,True,False,True,False,False
0921.0-2018-000-ORG-013-000,921,ACERRU,2018,1,True,False,True,False,False
0921.0-2018-000-ORG-014-000,921,ACERRU,2018,1,True,False,True,False,False
0921.0-2018-000-ORG-015-000,921,ACERRU,2018,1,True,False,True,False,False
0921.0-2018-000-ORG-016-000,921,ACERRU,2018,1,True,False,True,False,False
0921.0-2018-000-ORG-017-000,921,ACERRU,2018,1,True,False,True,False,False
0921.0-2018-000-ORG-018-000,921,ACERRU,2018,1,True,False,True,False,False
0921.0-2018-000-ORG-019-000,921,ACERRU,2018,1,True,False,True,False,False
0921.0-2018-000-ORG-020-000,921,ACERRU,2018,1,True,False,True,False,False
0921.0-2018-000-ORG-021-000,921,BETUXX,2018,1,True,False,True,False,False
0921.0-2018-000-ORG-022-000,921,ACERRU,2018,1,True,False,True,False,False
0921.0-2018-000-ORG-023-000,921,ACERRU,2018,1,True,False,True,False,False
0921.0-2018-000-ORG-024-000,921,ACERRU,2018,1,True,False,True,False,False
0921.0-2018-000-ORG-025-000,921,ACERRU,2018,1,True,False,True,False,False
0921.0-2018-000-ORG-026-000,921,ACERRU,2018,1,True,False,True,False,False
0921.0-2018-000-ORG-027-000,921,PINUST,2018,1,True,False,True,False,False
0921.0-2018-000-ORG-028-000,921,ACERRU,2018,1,True,False,True,False,False
0921.0-2018-000-ORG-029-000,921,ACERRU,2018,1,True,False,True,False,False
0921.0-2018-000-ORG-030-000,921,ACERRU,2018,1,True,False,True,False,False
0921.0-2018-000-ORG-031-000,921,ACERRU,2018,1,True,False,True,False,False
0921.0-2018-000-ORG-032-000,921,PINUST,2018,1,True,False,True,False,False
0921.0-2018-000-ORG-033-000,921,ACERRU,2018,1,True,False,True,False,False
0921.0-2018-000-ORG-034-000,921,ACERRU,2018,1,True,False,True,False,False
0921.0-2018-000-ORG-035-000,921,ACERRU,2018,1,True,False,True,False,False
0921.0-2018-000-ORG-036-000,921,ACERRU,2018,1,True,False,True,False,False
0921.0-2018-000-ORG-037-000,921,ACERRU,2018,1,True,False,True,False,False
0921.0-2018-000-ORG-038-000,921,ACERRU,2018,1,True,False,True,False,False
0921.0-2018-000-ORG-039-000,921,ACERRU,2018,1,True,False,True,False,False
0921.0-2018-000-ORG-040-000,921,ACERRU,2018,1,True,False,True,False,False
0921.0-2018-000-ORG-041-000,921,ACERRU,2018,1,True,False,True,False,False
0921.0-2018-000-ORG-042-000,921,ACERRU,2018,1,True,False,True,False,False
0921.0-2018-000-ORG-043-000,921,ACERRU,2018,1,True,False,True,False,False
0921.0-2018-000-ORG-044-000,921,ACERRU,2018,1,True,False,True,False,False
0921.0-2018-000-ORG-045-000,921,ACERRU,2018,1,True,False,True,False,False
0921.0-2018-000-ORG-046-000,921,ACERRU,2018,1,True,False,True,False,False
0921.0-2018-000-ORG-047-000,921,ACERRU,2018,1,True,False,True,False,False
0921.0-2018-000-ORG-048-000,921,ACERRU,2018,1,True,False,True,False,False
0921.0-2018-000-ORG-049-000,921,ACERRU,2018,1,True,False,True,False,False
0921.0-2018-000-ORG-050-000,921,ACERRU,2018,1,True,False,True,False,False
0921.0-2018-000-ORG-051-000,921,ACERRU,2018,1,True,False,True,False,False
0921.0-2018-000-ORG-052-000,921,ACERRU,2018,1,True,False,True,False,False
0921.0-2018-000-ORG-053-000,921,ACERRU,2018,1,True,False,True,False,False
0921.0-2018-000-ORG-054-000,921,ACERRU,2018,1,True,False,True,False,False
0921.0-2018-000-ORG-055-000,921,ACERRU,2018,1,True,False,True,False,False
0921.0-2018-000-ORG-056-000,921,ACERRU,2018,1,True,False,True,False,False
0921.0-2018-000-ORG-057-000,921,ACERRU,2018,1,True,False,True,False,False
0921.0-2018-000-ORG-058-000,921,ACERRU,2018,1,True,False,True,False,False
0921.0-2018-000-ORG-059-000,921,ACERRU,2018,1,True,False,True,False,False
0921.0-2018-000-ORG-060-000,921,ACERRU,2018,1,True,False,True,False,False
0921.0-2018-000-ORG-061-000,921,ACERRU,2018,1,True,False,True,False,False
0921.0-2018-000-ORG-062-000,921,ACERRU,2018,1,True,False,True,False,False
0921.0-2018-000-ORG-063-000,921,ACERRU,2018,1,True,False,True,False,False
0921.0-2018-000-ORG-064-000,921,ACERRU,2018,1,True,False,True,False,False
0921.0-2018-000-ORG-065-000,921,ACERRU,2018,1,True,False,True,False,False
0921.0-2018-000-ORG-066-000,921,ACERRU,2018,1,True,False,True,False,False
0921.0-2019-000-WHT-001-000,921,ACERRU,2019,1,True,False,True,False,False
0921.0-2019-000-WHT-002-000,921,ACERRU,2019,1,True,False,True,False,False
0921.0-2019-000-WHT-003-000,921,BETUXX,2019,1,True,False,True,False,False
0921.0-2019-000-WHT-006-000,921,BETUXX,2019,1,True,False,True,False,False
0921.0-2019-000-WHT-007-000,921,BETUXX,2019,1,True,False,True,False,False
0921.0-2019-000-WHT-010-000,921,BETUXX,2019,1,True,False,True,False,False
0921.0-2019-000-WHT-011-000,921,BETUXX,2019,1,True,False,True,False,False
0921.0-2019-000-WHT-011-D00,921,BETUXX,2019,1,True,False,True,False,False
0921.0-2019-000-WHT-014-000,921,BETUXX,2019,1,True,False,True,False,False
0921.0-2019-000-WHT-015-000,921,BETUXX,2019,1,True,False,True,False,False
0921.0-2019-000-WHT-019-000,921,BETUXX,2019,1,True,False,True,False,False
0921.0-2019-000-WHT-027-000,921,ACERRU,2019,1,True,False,True,False,False
0921.0-2019-000-WHT-031-000,921,BETUXX,2019,1,True,False,True,False,False
0921.0-2019-000-WHT-032-000,921,ACERRU,2019,1,True,False,True,False,False
0921.0-2019-000-WHT-035-000,921,ACERRU,2019,1,True,False,True,False,False
0921.0-2019-000-WHT-037-000,921,BETUXX,2019,1,True,False,True,False,False
0921.0-2019-000-WHT-038-000,921,BETUXX,2019,1,True,False,True,False,False
0921.0-2019-000-WHT-039-000,921,BETUXX,2019,1,True,False,True,False,False
0921.0-2019-000-WHT-039-D00,921,BETUXX,2019,1,True,False,True,False,False
0921.0-2019-000-WHT-041-000,921,BETUXX,2019,1,True,False,True,False,False
0921.0-2019-000-WHT-042-000,921,BETUXX,2019,1,True,False,True,False,False
0921.0-2019-000-WHT-043-000,921,BETUXX,2019,1,True,False,True,False,False
0921.0-2019-000-WHT-044-000,921,BETUXX,2019,1,True,False,True,False,False
0921.0-2019-000-WHT-049-000,921,BETUXX,2019,1,True,False,True,False,False
0921.0-2019-000-WHT-051-000,921,BETUXX,2019,1,True,False,True,False,False
0921.0-2019-000-WHT-052-000,921,BETUXX,2019,1,True,False,True,False,False
0921.0-2019-000-WHT-054-000,921,ACERRU,2019,1,True,False,True,False,False
0921.0-2019-000-WHT-055-000,921,BETUXX,2019,1,True,False,True,False,False
0921.0-2019-000-WHT-059-000,921,ACERRU,2019,1,True,False,True,False,False
0921.0-2019-000-WHT-075-000,921,BETUXX,2019,1,True,False,True,False,False
0921.0-2019-000-WHT-093-000,921,BETUXX,2019,1,True,False,True,False,False
0921.0-2019-000-WHT-0UT-000,921,BETUXX,2019,1,True,False,True,False,False
1101.0-2017-000-BLU-026-000,1101,ACERRU,2017,0,True,True,False,False,False
1101.0-2017-000-BLU-027-000,1101,ACERRU,2017,0,True,True,False,False,False
1101.0-2017-000-BLU-028-000,1101,ACERRU,2017,0,True,True,False,False,False
1101.0-2017-000-BLU-029-000,1101,ACERRU,2017,0,True,True,False,False,False
1101.0-2017-000-BLU-030-000,1101,ACERRU,2017,0,True,True,False,False,False
1101.0-2017-000-BLU-031-000,1101,ACERRU,2017,0,True,True,False,False,False
1101.0-2017-000-BLU-032-000,1101,ACERRU,2017,0,True,True,False,False,False
1101.0-2017-000-BLU-033-000,1101,ACERRU,2017,0,True,True,False,False,False
1101.0-2017-000-BLU-034-000,1101,ACERRU,2017,0,True,True,False,False,False
1101.0-2017-000-YLW-042-000,1101,QUERVE,2017,0,True,True,False,False,False
1101.0-2017-000-YLW-043-000,1101,ACERRU,2017,0,True,True,False,False,False
1101.0-2017-000-YLW-044-000,1101,ACERRU,2017,0,True,True,False,False,False
1101.0-2017-000-YLW-045-000,1101,ACERRU,2017,0,True,True,False,False,False
1101.0-2018-000-WHT-022-000,1101,PINUST,2018,1,True,False,True,False,False
1101.0-2018-000-WHT-024-000,1101,PINUST,2018,1,True,False,True,False,False
1101.0-2018-000-YLW-019-000,1101,ACERRU,2018,1,True,False,True,False,False
1101.0-2018-000-YLW-020-000,1101,ACERRU,2018,1,True,False,True,False,False
1101.0-2018-000-YLW-021-000,1101,ACERRU,2018,1,True,False,True,False,False
1101.0-2018-000-YLW-022-000,1101,ACERRU,2018,1,True,False,True,False,False
1101.0-2018-000-YLW-023-000,1101,ACERRU,2018,1,True,False,True,False,False
1101.0-2018-000-YLW-024-000,1101,PINUST,2018,1,True,False,True,False,False
1101.0-2018-000-YLW-025-000,1101,ACERRU,2018,1,True,False,True,False,False
1101.0-2019-000-ORG-026-000,1101,BETUXX,2019,1,True,False,True,False,False
1101.0-2019-000-ORG-027-000,1101,BETUXX,2019,1,True,False,True,False,False
1101.0-2019-000-ORG-031-000,1101,ACERRU,2019,1,True,False,True,False,False
1101.0-2020-000-RED-001-000,1101,ACERRU,2020,1,True,False,True,False,False
1101.0-2020-000-RED-002-000,1101,ACERRU,2020,1,True,False,True,False,False
1101.0-2020-000-RED-003-000,1101,ACERRU,2020,1,True,False,True,False,False
1101.0-2020-000-RED-004-000,1101,ACERRU,2020,1,True,False,True,False,False
1101.0-2020-000-RED-005-000,1101,ACERRU,2020,1,True,False,True,False,False
1101.0-2020-000-RED-006-000,1101,ACERRU,2020,1,True,False,True,False,False
1101.0-2020-000-RED-007-000,1101,ACERRU,2020,1,True,False,True,False,False
1101.0-2020-000-RED-008-000,1101,ACERRU,2020,1,True,False,True,False,False
1101.0-2020-000-RED-009-000,1101,ACERRU,2020,1,True,False,True,False,False
1101.0-2021-000-WHT-001-000,1101,PINUST,2021,1,True,False,True,False,False
1101.0-2021-000-WHT-002-000,1101,PINUST,2021,1,True,False,True,False,False
1101.0-2021-000-WHT-003-000,1101,PINUST,2021,1,True,False,True,False,False
1101.0-2021-000-WHT-004-000,1101,PINUST,2021,1,True,False,True,False,False
1101.0-2021-000-WHT-005-000,1101,PINUST,2021,1,True,False,True,False,False
1101.0-2022-000-BLU-002-000,1101,ACERRU,2022,1,True,False,True,False,False
1101.0-2022-000-BLU-090-000,1101,BETUXX,2022,1,True,False,True,False,False
1101.0-2023-000-ORG-051-000,1101,ACERRU,2023,1,True,False,True,False,False
1101.0-2023-000-ORG-052-000,1101,BETUXX,2023,1,True,False,True,False,False
1101.0-2023-000-ORG-053-000,1101,BETUXX,2023,1,True,False,True,False,False
1102.0-2017-000-WHT-031-000,1102,ACERPE,2017,0,True,True,False,False,False
1102.0-2017-000-WHT-032-000,1102,ACERRU,2017,0,True,True,False,False,False
1102.0-2017-000-WHT-033-000,1102,ACERPE,2017,0,True,True,False,False,False
1102.0-2017-000-WHT-034-000,1102,ACERRU,2017,0,True,True,False,False,False
1102.0-2017-000-WHT-035-000,1102,ACERPE,2017,0,True,True,False,False,False
1102.0-2017-000-WHT-036-000,1102,ACERPE,2017,0,True,True,False,False,False
1102.0-2017-000-WHT-037-000,1102,ACERPE,2017,0,True,True,False,False,False
1102.0-2018-000-BLU-001-000,1102,ACERRU,2018,1,True,False,True,False,False
1102.0-2018-000-BLU-002-000,1102,ACERRU,2018,1,True,False,True,False,False
1102.0-2018-000-BLU-003-000,1102,ACERRU,2018,1,True,False,True,False,False
1102.0-2018-000-BLU-004-000,1102,ACERRU,2018,1,True,False,True,False,False
1102.0-2018-000-BLU-005-000,1102,ACERRU,2018,1,True,False,True,False,False
1102.0-2018-000-BLU-006-000,1102,ACERRU,2018,1,True,False,True,False,False
1102.0-2018-000-UNT-001-000,1102,PINUST,2018,1,True,False,True,False,False
1102.0-2019-000-ORG-030-000,1102,ACERRU,2019,1,True,False,True,False,False
1102.0-2019-000-ORG-032-000,1102,ACERRU,2019,1,True,False,True,False,False
1102.0-2019-000-ORG-037-000,1102,ACERRU,2019,1,True,False,True,False,False
1102.0-2019-000-ORG-038-000,1102,ACERRU,2019,1,True,False,True,False,False
1102.0-2019-000-ORG-040-000,1102,ACERRU,2019,1,True,False,True,False,False
1102.0-2019-000-ORG-041-000,1102,ACERRU,2019,1,True,False,True,False,False
1102.0-2019-000-ORG-042-000,1102,ACERRU,2019,1,True,False,True,False,False
1102.0-2019-000-ORG-043-000,1102,ACERRU,2019,1,True,False,True,False,False
1102.0-2019-000-ORG-044-000,1102,ACERRU,2019,1,True,False,True,False,False
1102.0-2019-000-ORG-045-000,1102,ACERRU,2019,1,True,False,True,False,False
1102.0-2019-000-ORG-046-000,1102,ACERRU,2019,1,True,False,True,False,False
1102.0-2019-000-ORG-047-000,1102,ACERRU,2019,1,True,False,True,False,False
1102.0-2023-000-GRN-009-000,1102,ACERRU,2023,1,True,False,True,False,False
1102.0-2023-000-GRN-010-000,1102,ACERRU,2023,1,True,False,True,False,False
1102.0-2023-000-GRN-011-000,1102,ACERRU,2023,1,True,False,True,False,False
1102.0-2023-000-GRN-012-000,1102,UNKNXX,2023,1,True,False,True,False,False
1102.0-2023-000-GRN-013-000,1102,UNKNXX,2023,1,True,False,True,False,False
1103.0-2017-000-BLU-014-000,1103,ACERRU,2017,0,True,True,False,False,False
1103.0-2017-000-BLU-015-000,1103,ACERRU,2017,0,True,True,False,False,False
1103.0-2017-000-BLU-016-000,1103,ACERRU,2017,0,True,True,False,False,False
1103.0-2017-000-BLU-017-000,1103,ACERRU,2017,0,True,True,False,False,False
1103.0-2017-000-BLU-018-000,1103,UNKNXX,2017,0,True,True,False,False,False
1103.0-2017-000-BLU-019-000,1103,ACERRU,2017,0,True,True,False,False,False
1103.0-2017-000-BLU-020-000,1103,ACERRU,2017,0,True,True,False,False,False
1103.0-2017-000-BLU-021-000,1103,QUERVE,2017,0,True,True,False,False,False
1103.0-2017-000-BLU-022-000,1103,ACERRU,2017,0,True,True,False,False,False
1103.0-2017-000-BLU-023-000,1103,ACERRU,2017,0,True,True,False,False,False
1103.0-2017-000-BLU-024-000,1103,QUERVE,2017,0,True,True,False,False,False
1103.0-2017-000-BLU-025-000,1103,ACERRU,2017,0,True,True,False,False,False
1103.0-2017-000-WHT-025-000,1103,ACERRU,2017,0,True,True,False,False,False
1103.0-2017-000-WHT-027-000,1103,ACERRU,2017,0,True,True,False,False,False
1103.0-2018-000-WHT-025-000,1103,ACERRU,2018,1,True,False,True,False,False
1103.0-2018-000-WHT-027-000,1103,ACERRU,2018,1,True,False,True,False,False
1103.0-2018-000-WHT-028-000,1103,ACERRU,2018,1,True,False,True,False,False
1103.0-2018-000-WHT-029-000,1103,ACERRU,2018,1,True,False,True,False,False
1103.0-2018-000-WHT-031-000,1103,ACERRU,2018,1,True,False,True,False,False
1103.0-2018-000-WHT-033-000,1103,ACERRU,2018,1,True,False,True,False,False
1103.0-2018-000-WHT-035-000,1103,ACERRU,2018,1,True,False,True,False,False
1103.0-2018-000-WHT-036-000,1103,ACERRU,2018,1,True,False,True,False,False
1103.0-2018-000-WHT-037-000,1103,TSUGCA,2018,1,True,False,True,False,False
1103.0-2018-000-WHT-038-000,1103,ACERRU,2018,1,True,False,True,False,False
1103.0-2019-000-YLW-091-000,1103,ACERRU,2019,1,True,False,True,False,False
1103.0-2020-000-RED-010-000,1103,ACERRU,2020,1,True,False,True,False,False
1103.0-2020-000-RED-011-000,1103,ACERRU,2020,1,True,False,True,False,False
1103.0-2021-000-WHT-006-000,1103,ACERRU,2021,1,True,False,True,False,False
1103.0-2022-000-BLU-020-000,1103,ACERRU,2022,1,True,False,True,False,False
1103.0-2022-000-BLU-056-000,1103,ACERRU,2022,1,True,False,True,False,False
1103.0-2023-000-GRN-037-000,1103,ACERRU,2023,1,True,False,True,False,False
1103.0-2023-000-GRN-038-000,1103,ACERRU,2023,1,True,False,True,False,False
1104.0-2017-000-WHT-023-000,1104,ACERRU,2017,0,True,True,False,False,False
1104.0-2017-000-WHT-024-000,1104,ACERRU,2017,0,True,True,False,False,False
1104.0-2017-000-WHT-026-000,1104,ACERRU,2017,0,True,True,False,False,False
1104.0-2017-000-WHT-028-000,1104,ACERRU,2017,0,True,True,False,False,False
1104.0-2017-000-WHT-029-000,1104,ACERRU,2017,0,True,True,False,False,False
1104.0-2017-000-WHT-030-000,1104,ACERRU,2017,0,True,True,False,False,False
1104.0-2018-000-BLU-003-000,1104,PINUST,2018,1,True,False,True,False,False
1104.0-2018-000-BLU-004-000,1104,ACERRU,2018,1,True,False,True,False,False
1104.0-2018-000-BLU-006-000,1104,ACERRU,2018,1,True,False,True,False,False
1104.0-2018-000-BLU-007-000,1104,ACERRU,2018,1,True,False,True,False,False
1104.0-2018-000-BLU-011-000,1104,ACERRU,2018,1,True,False,True,False,False
1104.0-2018-000-BLU-015-000,1104,ACERRU,2018,1,True,False,True,False,False
1104.0-2018-000-BLU-017-000,1104,ACERRU,2018,1,True,False,True,False,False
1104.0-2018-000-BLU-019-000,1104,ACERRU,2018,1,True,False,True,False,False
1104.0-2018-000-BLU-027-000,1104,ACERRU,2018,1,True,False,True,False,False
1104.0-2018-000-BLU-029-000,1104,ACERRU,2018,1,True,False,True,False,False
1104.0-2018-000-BLU-033-000,1104,ACERRU,2018,1,True,False,True,False,False
1104.0-2018-000-BLU-034-000,1104,ACERRU,2018,1,True,False,True,False,False
1104.0-2018-000-BLU-047-000,1104,ACERRU,2018,1,True,False,True,False,False
1104.0-2018-000-BLU-050-000,1104,ACERRU,2018,1,True,False,True,False,False
1104.0-2018-000-BLU-054-000,1104,ACERRU,2018,1,True,False,True,False,False
1104.0-2018-000-BLU-056-000,1104,ACERRU,2018,1,True,False,True,False,False
1104.0-2018-000-BLU-057-000,1104,ACERRU,2018,1,True,False,True,False,False
1104.0-2018-000-BLU-058-000,1104,ACERRU,2018,1,True,False,True,False,False
1104.0-2018-000-BLU-059-000,1104,ACERRU,2018,1,True,False,True,False,False
1104.0-2018-000-BLU-061-000,1104,ACERRU,2018,1,True,False,True,False,False
1104.0-2018-000-BLU-062-000,1104,ACERRU,2018,1,True,False,True,False,False
1104.0-2018-000-BLU-063-000,1104,ACERRU,2018,1,True,False,True,False,False
1104.0-2018-000-BLU-068-000,1104,ACERRU,2018,1,True,False,True,False,False
1104.0-2018-000-BLU-070-000,1104,ACERRU,2018,1,True,False,True,False,False
1104.0-2018-000-BLU-072-000,1104,ACERRU,2018,1,True,False,True,False,False
1104.0-2018-000-BLU-073-000,1104,ACERRU,2018,1,True,False,True,False,False
1104.0-2018-000-BLU-074-000,1104,ACERRU,2018,1,True,False,True,False,False
1104.0-2018-000-BLU-076-000,1104,ACERRU,2018,1,True,False,True,False,False
1104.0-2018-000-BLU-077-000,1104,ACERRU,2018,1,True,False,True,False,False
1104.0-2018-000-BLU-078-000,1104,ACERRU,2018,1,True,False,True,False,False
1104.0-2018-000-BLU-082-000,1104,ACERRU,2018,1,True,False,True,False,False
1104.0-2018-000-BLU-084-000,1104,ACERRU,2018,1,True,False,True,False,False
1104.0-2018-000-UNT-001-000,1104,ACERRU,2018,1,True,False,True,False,False
1104.0-2018-000-UNT-002-000,1104,PINUST,2018,1,True,False,True,False,False
1104.0-2019-000-ORG-028-000,1104,ACERRU,2019,1,True,False,True,False,False
1104.0-2019-000-ORG-029-000,1104,VACCAN,2019,1,True,False,True,False,False
1104.0-2019-000-ORG-033-000,1104,ACERRU,2019,1,True,False,True,False,False
1104.0-2019-000-ORG-034-000,1104,ACERRU,2019,1,True,False,True,False,False
1104.0-2019-000-ORG-036-000,1104,VACCAN,2019,1,True,False,True,False,False
1104.0-2019-000-ORG-050-000,1104,ACERRU,2019,1,True,False,True,False,False
1105.0-2017-000-WHT-065-000,1105,ACERRU,2017,0,True,True,False,False,False
1105.0-2017-000-WHT-066-000,1105,ACERRU,2017,0,True,True,False,False,False
1105.0-2017-000-WHT-067-000,1105,ACERRU,2017,0,True,True,False,False,False
1105.0-2017-000-WHT-073-000,1105,ACERRU,2017,0,True,True,False,False,False
1105.0-2017-000-WHT-074-000,1105,NYSSSY,2017,0,True,True,False,False,False
1105.0-2017-000-WHT-075-000,1105,QUERVE,2017,0,True,True,False,False,False
1105.0-2017-000-WHT-077-000,1105,ACERRU,2017,0,True,True,False,False,False
1105.0-2018-000-BLU-007-000,1105,ACERRU,2018,1,True,False,True,False,False
1105.0-2018-000-BLU-008-000,1105,ACERRU,2018,1,True,False,True,False,False
1105.0-2018-000-BLU-009-000,1105,ACERRU,2018,1,True,False,True,False,False
1105.0-2018-000-BLU-010-000,1105,ACERRU,2018,1,True,False,True,False,False
1105.0-2018-000-BLU-011-000,1105,PINUST,2018,1,True,False,True,False,False
1105.0-2018-000-BLU-012-000,1105,QUERRU,2018,1,True,False,True,False,False
1105.0-2018-000-BLU-013-000,1105,QUERRU,2018,1,True,False,True,False,False
1105.0-2018-000-BLU-014-000,1105,QUERRU,2018,1,True,False,True,False,False
1105.0-2018-000-BLU-015-000,1105,QUERRU,2018,1,True,False,True,False,False
1105.0-2018-000-BLU-016-000,1105,ACERRU,2018,1,True,False,True,False,False
1105.0-2018-000-BLU-017-000,1105,ACERRU,2018,1,True,False,True,False,False
1105.0-2018-000-BLU-018-000,1105,ACERRU,2018,1,True,False,True,False,False
1105.0-2018-000-BLU-072-000,1105,ACERRU,2018,1,True,False,True,False,False
1105.0-2019-000-ORG-039-000,1105,ACERRU,2019,1,True,False,True,False,False
1105.0-2019-000-RED-073-000,1105,ACERRU,2019,1,True,False,True,False,False
1105.0-2019-000-RED-074-000,1105,ACERRU,2019,1,True,False,True,False,False
1105.0-2019-000-RED-075-000,1105,UNKNXX,2019,1,True,False,True,False,False
1105.0-2019-000-RED-077-000,1105,ACERRU,2019,1,True,False,True,False,False
1105.0-2020-000-RED-012-000,1105,ACERRU,2020,1,True,False,True,False,False
1105.0-2020-000-RED-013-000,1105,ACERRU,2020,1,True,False,True,False,False
1105.0-2020-000-RED-014-000,1105,ACERRU,2020,1,True,False,True,False,False
1105.0-2020-000-RED-015-000,1105,ACERRU,2020,1,True,False,True,False,False
1105.0-2020-000-RED-016-000,1105,ACERRU,2020,1,True,False,True,False,False
1105.0-2021-000-WHT-007-000,1105,ACERRU,2021,1,True,False,True,False,False
1105.0-2021-000-WHT-008-000,1105,PINUST,2021,1,True,False,True,False,False
1105.0-2021-000-WHT-009-000,1105,ACERRU,2021,1,True,False,True,False,False
1105.0-2023-000-GRN-038-000,1105,ACERRU,2023,1,True,False,True,False,False
1105.0-2023-000-GRN-039-000,1105,ACERRU,2023,1,True,False,True,False,False
1105.0-2023-000-GRN-040-000,1105,ACERRU,2023,1,True,False,True,False,False
1105.0-2023-000-GRN-041-000,1105,ACERRU,2023,1,True,False,True,False,False
1105.0-2023-000-GRN-042-000,1105,ACERRU,2023,1,True,False,True,False,False
1105.0-2023-000-GRN-043-000,1105,ACERRU,2023,1,True,False,True,False,False
1105.0-2023-000-GRN-044-000,1105,ACERRU,2023,1,True,False,True,False,False
1105.0-2023-000-GRN-045-000,1105,ACERRU,2023,1,True,False,True,False,False
1105.0-2023-000-GRN-046-000,1105,ACERRU,2023,1,True,False,True,False,False
1105.0-2023-000-GRN-047-000,1105,ACERRU,2023,1,True,False,True,False,False
1105.0-2023-000-GRN-048-000,1105,ACERRU,2023,1,True,False,True,False,False
1105.0-2023-000-GRN-049-000,1105,ACERRU,2023,1,True,False,True,False,False
1105.0-2023-000-GRN-050-000,1105,UNKNXX,2023,1,True,False,True,False,False
1105.0-2023-000-ORG-026-000,1105,UNKNXX,2023,1,True,False,True,False,False
1105.0-2023-000-WHT-072-000,1105,UNKNXX,2023,0,True,False,False,False,False
1106.0-2017-000-YLW-001-000,1106,VACCCO,2017,0,True,True,False,False,False
1106.0-2017-000-YLW-002-000,1106,ACERRU,2017,0,True,True,False,False,False
1106.0-2017-000-YLW-003-000,1106,ACERRU,2017,0,True,True,False,False,False
1106.0-2017-000-YLW-004-000,1106,VACCCO,2017,0,True,True,False,False,False
1106.0-2017-000-YLW-005-000,1106,ACERRU,2017,0,True,True,False,False,False
1106.0-2017-000-YLW-006-000,1106,VACCCO,2017,0,True,True,False,False,False
1106.0-2017-000-YLW-007-000,1106,VACCCO,2017,0,True,True,False,False,False
1106.0-2017-000-YLW-008-000,1106,ACERRU,2017,0,True,True,False,False,False
1106.0-2017-000-YLW-009-000,1106,VACCCO,2017,0,True,True,False,False,False
1106.0-2017-000-YLW-010-000,1106,VACCCO,2017,0,True,True,False,False,False
1106.0-2017-000-YLW-011-000,1106,VACCCO,2017,0,True,True,False,False,False
1106.0-2017-000-YLW-012-000,1106,VACCCO,2017,0,True,True,False,False,False
1106.0-2017-000-YLW-013-000,1106,ACERRU,2017,0,True,True,False,False,False
1106.0-2017-000-YLW-014-000,1106,VACCCO,2017,0,True,True,False,False,False
1106.0-2017-000-YLW-015-000,1106,VACCCO,2017,0,True,True,False,False,False
1106.0-2017-000-YLW-016-000,1106,ACERRU,2017,0,True,True,False,False,False
1106.0-2017-000-YLW-017-000,1106,ACERRU,2017,0,True,True,False,False,False
1106.0-2017-000-YLW-018-000,1106,ACERRU,2017,0,True,True,False,False,False
1106.0-2017-000-YLW-019-000,1106,ACERRU,2017,0,True,True,False,False,False
1106.0-2017-000-YLW-020-000,1106,ACERRU,2017,0,True,True,False,False,False
1106.0-2017-000-YLW-021-000,1106,ACERRU,2017,0,True,True,False,False,False
1106.0-2017-000-YLW-022-000,1106,ACERRU,2017,0,True,True,False,False,False
1106.0-2017-000-YLW-023-000,1106,ACERRU,2017,0,True,True,False,False,False
1106.0-2017-000-YLW-024-000,1106,ACERRU,2017,0,True,True,False,False,False
1106.0-2017-000-YLW-025-000,1106,ACERRU,2017,0,True,True,False,False,False
1106.0-2017-000-YLW-026-000,1106,VACCCO,2017,0,True,True,False,False,False
1106.0-2017-000-YLW-027-000,1106,VACCCO,2017,0,True,True,False,False,False
1106.0-2017-000-YLW-028-000,1106,VACCCO,2017,0,True,True,False,False,False
1106.0-2017-000-YLW-029-000,1106,VACCCO,2017,0,True,True,False,False,False
1106.0-2017-000-YLW-030-000,1106,VACCCO,2017,0,True,True,False,False,False
1106.0-2017-000-YLW-031-000,1106,VACCCO,2017,0,True,True,False,False,False
1106.0-2017-000-YLW-032-000,1106,VACCCO,2017,0,True,True,False,False,False
1106.0-2017-000-YLW-033-000,1106,VACCCO,2017,0,True,True,False,False,False
1106.0-2017-000-YLW-034-000,1106,VACCCO,2017,0,True,True,False,False,False
1106.0-2017-000-YLW-035-000,1106,VACCCO,2017,0,True,True,False,False,False
1106.0-2017-000-YLW-036-000,1106,VACCCO,2017,0,True,True,False,False,False
1106.0-2017-000-YLW-037-000,1106,VACCCO,2017,0,True,True,False,False,False
1106.0-2017-000-YLW-038-000,1106,VACCCO,2017,0,True,True,False,False,False
1106.0-2017-000-YLW-039-000,1106,VACCCO,2017,0,True,True,False,False,False
1106.0-2017-000-YLW-040-000,1106,ACERRU,2017,0,True,True,False,False,False
1106.0-2017-000-YLW-041-000,1106,VACCCO,2017,0,True,True,False,False,False
1106.0-2017-000-YLW-042-000,1106,VACCCO,2017,0,True,True,False,False,False
1106.0-2017-000-YLW-043-000,1106,VACCCO,2017,0,True,True,False,False,False
1106.0-2017-000-YLW-044-000,1106,VACCCO,2017,0,True,True,False,False,False
1106.0-2017-000-YLW-045-000,1106,ACERRU,2017,0,True,True,False,False,False
1106.0-2017-000-YLW-046-000,1106,VACCCO,2017,0,True,True,False,False,False
1106.0-2017-000-YLW-047-000,1106,VACCCO,2017,0,True,True,False,False,False
1106.0-2017-000-YLW-048-000,1106,VACCCO,2017,0,True,True,False,False,False
1106.0-2017-000-YLW-049-000,1106,ACERRU,2017,0,True,True,False,False,False
1106.0-2017-000-YLW-050-000,1106,VACCCO,2017,0,True,True,False,False,False
1106.0-2017-000-YLW-051-000,1106,VACCCO,2017,0,True,True,False,False,False
1106.0-2017-000-YLW-052-000,1106,VACCCO,2017,0,True,True,False,False,False
1106.0-2017-000-YLW-053-000,1106,VACCCO,2017,0,True,True,False,False,False
1106.0-2017-000-YLW-054-000,1106,VACCCO,2017,0,True,True,False,False,False
1106.0-2017-000-YLW-055-000,1106,ACERRU,2017,0,True,True,False,False,False
1106.0-2017-000-YLW-056-000,1106,VACCCO,2017,0,True,True,False,False,False
1106.0-2017-000-YLW-057-000,1106,VACCCO,2017,0,True,True,False,False,False
1106.0-2017-000-YLW-058-000,1106,VACCCO,2017,0,True,True,False,False,False
1106.0-2017-000-YLW-059-000,1106,VACCCO,2017,0,True,True,False,False,False
1106.0-2017-000-YLW-060-000,1106,ACERRU,2017,0,True,True,False,False,False
1106.0-2017-000-YLW-061-000,1106,ACERRU,2017,0,True,True,False,False,False
1106.0-2017-000-YLW-062-000,1106,VACCCO,2017,0,True,True,False,False,False
1106.0-2017-000-YLW-063-000,1106,VACCCO,2017,0,True,True,False,False,False
1106.0-2017-000-YLW-064-000,1106,ACERRU,2017,0,True,True,False,False,False
1106.0-2017-000-YLW-065-000,1106,ACERRU,2017,0,True,True,False,False,False
1106.0-2017-000-YLW-066-000,1106,VACCCO,2017,0,True,True,False,False,False
1106.0-2017-000-YLW-067-000,1106,VACCCO,2017,0,True,True,False,False,False
1106.0-2017-000-YLW-068-000,1106,VACCCO,2017,0,True,True,False,False,False
1106.0-2017-000-YLW-069-000,1106,VACCCO,2017,0,True,True,False,False,False
1106.0-2018-000-BLU-019-000,1106,ACERRU,2018,1,True,False,True,False,False
1106.0-2018-000-BLU-020-000,1106,ACERRU,2018,1,True,False,True,False,False
1106.0-2018-000-BLU-021-000,1106,ACERRU,2018,1,True,False,True,False,False
1106.0-2018-000-BLU-022-000,1106,ACERRU,2018,1,True,False,True,False,False
1106.0-2018-000-BLU-023-000,1106,ACERRU,2018,1,True,False,True,False,False
1106.0-2018-000-BLU-024-000,1106,VACCCO,2018,1,True,False,True,False,False
1106.0-2018-000-BLU-025-000,1106,PINUST,2018,1,True,False,True,False,False
1106.0-2018-000-BLU-026-000,1106,VACCCO,2018,1,True,False,True,False,False
1106.0-2018-000-BLU-027-000,1106,VACCCO,2018,1,True,False,True,False,False
1106.0-2018-000-BLU-028-000,1106,ACERRU,2018,1,True,False,True,False,False
1106.0-2018-000-BLU-029-000,1106,ACERRU,2018,1,True,False,True,False,False
1106.0-2018-000-BLU-030-000,1106,ACERRU,2018,1,True,False,True,False,False
1106.0-2018-000-BLU-031-000,1106,ACERRU,2018,1,True,False,True,False,False
1106.0-2018-000-BLU-032-000,1106,ACERRU,2018,1,True,False,True,False,False
1106.0-2018-000-BLU-033-000,1106,VACCCO,2018,1,True,False,True,False,False
1106.0-2018-000-BLU-034-000,1106,VACCCO,2018,1,True,False,True,False,False
1106.0-2018-000-BLU-035-000,1106,ACERRU,2018,1,True,False,True,False,False
1106.0-2018-000-BLU-036-000,1106,ACERRU,2018,1,True,False,True,False,False
1106.0-2018-000-BLU-037-000,1106,ACERRU,2018,1,True,False,True,False,False
1106.0-2018-000-BLU-038-000,1106,ACERRU,2018,1,True,False,True,False,False
1106.0-2018-000-BLU-039-000,1106,VACCCO,2018,1,True,False,True,False,False
1106.0-2018-000-BLU-040-000,1106,ACERRU,2018,1,True,False,True,False,False
1106.0-2018-000-BLU-041-000,1106,ACERRU,2018,1,True,False,True,False,False
1106.0-2018-000-BLU-042-000,1106,ACERRU,2018,1,True,False,True,False,False
1106.0-2018-000-BLU-043-000,1106,ACERRU,2018,1,True,False,True,False,False
1106.0-2018-000-BLU-044-000,1106,ACERRU,2018,1,True,False,True,False,False
1106.0-2018-000-BLU-045-000,1106,ACERRU,2018,1,True,False,True,False,False
1106.0-2018-000-BLU-046-000,1106,VACCCO,2018,1,True,False,True,False,False
1106.N-2020-000-BLU-051-000,1106-N,ACERRU,2020,1,True,False,True,False,False
1106.N-2020-000-BLU-052-000,1106-N,ACERRU,2020,1,True,False,True,False,False
1106.N-2020-000-BLU-053-000,1106-N,ACERRU,2020,1,True,False,True,False,False
1106.N-2020-000-BLU-054-000,1106-N,ACERRU,2020,1,True,False,True,False,False
1106.N-2020-000-BLU-055-000,1106-N,ACERRU,2020,1,True,False,True,False,False
1106.N-2020-000-BLU-056-000,1106-N,ACERRU,2020,1,True,False,True,False,False
1106.N-2020-000-BLU-057-000,1106-N,ACERRU,2020,1,True,False,True,False,False
1106.N-2020-000-BLU-058-000,1106-N,ACERRU,2020,1,True,False,True,False,False
1106.N-2020-000-BLU-059-000,1106-N,ACERRU,2020,1,True,False,True,False,False
1106.N-2020-000-BLU-060-000,1106-N,ACERRU,2020,1,True,False,True,False,False
1106.N-2020-000-BLU-061-000,1106-N,ACERRU,2020,1,True,False,True,False,False
1106.N-2020-000-BLU-062-000,1106-N,ACERRU,2020,1,True,False,True,False,False
1106.N-2020-000-BLU-063-000,1106-N,ACERRU,2020,1,True,False,True,False,False
1106.N-2020-000-BLU-064-000,1106-N,ACERRU,2020,1,True,False,True,False,False
1106.N-2020-000-BLU-065-000,1106-N,ACERRU,2020,1,True,False,True,False,False
1106.N-2020-000-BLU-066-000,1106-N,ACERRU,2020,1,True,False,True,False,False
1106.N-2020-000-BLU-067-000,1106-N,ACERRU,2020,1,True,False,True,False,False
1106.N-2020-000-BLU-068-000,1106-N,ACERRU,2020,1,True,False,True,False,False
1106.N-2020-000-BLU-069-000,1106-N,ACERRU,2020,1,True,False,True,False,False
1106.N-2020-000-BLU-070-000,1106-N,ACERRU,2020,1,True,False,True,False,False
1106.N-2020-000-BLU-071-000,1106-N,ACERRU,2020,1,True,False,True,False,False
1106.N-2020-000-BLU-072-000,1106-N,ACERRU,2020,1,True,False,True,False,False
1106.N-2020-000-BLU-073-000,1106-N,ACERRU,2020,1,True,False,True,False,False
1106.N-2020-000-BLU-074-000,1106-N,ACERRU,2020,1,True,False,True,False,False
1106.N-2020-000-BLU-075-000,1106-N,ACERRU,2020,1,True,False,True,False,False
1106.N-2020-000-ORG-051-000,1106-N,ACERRU,2020,1,True,False,True,False,False
1106.N-2020-000-ORG-052-000,1106-N,ACERRU,2020,1,True,False,True,False,False
1106.N-2020-000-ORG-053-000,1106-N,ACERRU,2020,1,True,False,True,False,False
1106.N-2020-000-ORG-054-000,1106-N,UNKNXX,2020,1,True,False,True,False,False
1106.N-2020-000-ORG-055-000,1106-N,UNKNXX,2020,1,True,False,True,False,False
1106.N-2020-000-ORG-056-000,1106-N,ACERRU,2020,1,True,False,True,False,False
1106.N-2020-000-ORG-057-000,1106-N,UNKNXX,2020,1,True,False,True,False,False
1106.N-2020-000-ORG-059-000,1106-N,UNKNXX,2020,1,True,False,True,False,False
1106.N-2020-000-ORG-060-000,1106-N,UNKNXX,2020,1,True,False,True,False,False
1106.N-2020-000-ORG-066-000,1106-N,ACERRU,2020,1,True,False,True,False,False
1106.N-2020-000-ORG-067-000,1106-N,ACERRU,2020,1,True,False,True,False,False
1106.N-2020-000-ORG-068-000,1106-N,ACERRU,2020,1,True,False,True,False,False
1106.N-2020-000-ORG-070-000,1106-N,UNKNXX,2020,1,True,False,True,False,False
1106.N-2020-000-ORG-071-000,1106-N,UNKNXX,2020,1,True,False,True,False,False
1106.N-2020-000-ORG-073-000,1106-N,ACERRU,2020,1,True,False,True,False,False
1106.N-2020-000-ORG-074-000,1106-N,UNKNXX,2020,1,True,False,True,False,False
1106.N-2020-000-ORG-075-000,1106-N,UNKNXX,2020,1,True,False,True,False,False
1106.N-2020-000-ORG-076-000,1106-N,UNKNXX,2020,1,True,False,True,False,False
1106.N-2020-000-ORG-076-D00,1106-N,UNKNXX,2020,1,True,False,True,False,False
1106.N-2020-000-ORG-077-000,1106-N,UNKNXX,2020,1,True,False,True,False,False
1106.N-2020-000-ORG-078-000,1106-N,ACERRU,2020,1,True,False,True,False,False
1106.N-2020-000-ORG-079-000,1106-N,UNKNXX,2020,1,True,False,True,False,False
1106.N-2020-000-ORG-080-000,1106-N,ACERRU,2020,1,True,False,True,False,False
1106.N-2020-000-ORG-081-000,1106-N,ACERRU,2020,1,True,False,True,False,False
1106.N-2020-000-ORG-082-000,1106-N,ACERRU,2020,1,True,False,True,False,False
1106.N-2020-000-ORG-083-000,1106-N,ACERRU,2020,1,True,False,True,False,False
1106.N-2020-000-ORG-085-000,1106-N,ACERRU,2020,1,True,False,True,False,False
1106.N-2020-000-ORG-090-000,1106-N,ACERRU,2020,1,True,False,True,False,False
1106.N-2020-000-ORG-094-000,1106-N,UNKNXX,2020,1,True,False,True,False,False
1106.N-2020-000-ORG-095-000,1106-N,ACERRU,2020,1,True,False,True,False,False
1106.N-2020-000-ORG-100-000,1106-N,UNKNXX,2020,1,True,False,True,False,False
1106.N-2020-000-RED-017-000,1106-N,ACERRU,2020,1,True,False,True,False,False
1106.N-2020-000-RED-018-000,1106-N,ACERRU,2020,1,True,False,True,False,False
1106.N-2020-000-RED-019-000,1106-N,ACERRU,2020,1,True,False,True,False,False
1106.N-2020-000-RED-020-000,1106-N,ACERRU,2020,1,True,False,True,False,False
1106.N-2020-000-RED-021-000,1106-N,ACERRU,2020,1,True,False,True,False,False
1106.N-2020-000-RED-022-000,1106-N,ACERRU,2020,1,True,False,True,False,False
1106.N-2020-000-RED-023-000,1106-N,ACERRU,2020,1,True,False,True,False,False
1106.N-2020-000-RED-024-000,1106-N,ACERRU,2020,1,True,False,True,False,False
1106.N-2020-000-RED-025-000,1106-N,ACERRU,2020,1,True,False,True,False,False
1106.N-2020-000-WHT-026-000,1106-N,ACERRU,2020,1,True,False,True,False,False
1106.N-2020-000-WHT-027-000,1106-N,ACERRU,2020,1,True,False,True,False,False
1106.N-2020-000-WHT-028-000,1106-N,ACERRU,2020,1,True,False,True,False,False
1106.N-2020-000-WHT-029-000,1106-N,ACERRU,2020,1,True,False,True,False,False
1106.N-2020-000-WHT-030-000,1106-N,ACERRU,2020,1,True,False,True,False,False
1106.N-2020-000-WHT-031-000,1106-N,ACERRU,2020,1,True,False,True,False,False
1106.N-2021-000-WHT-010-000,1106-N,PINUST,2021,1,True,False,True,False,False
1106.N-2021-000-WHT-011-000,1106-N,PINUST,2021,1,True,False,True,False,False
1106.N-2021-000-WHT-012-000,1106-N,PINUST,2021,1,True,False,True,False,False
1106.N-2021-000-WHT-014-000,1106-N,PINUST,2021,1,True,False,True,False,False
1106.N-2021-000-WHT-015-000,1106-N,PINUST,2021,1,True,False,True,False,False
1106.N-2021-000-WHT-016-000,1106-N,PINUST,2021,1,True,False,True,False,False
1106.N-2021-000-WHT-017-000,1106-N,PINUST,2021,1,True,False,True,False,False
1106.N-2021-000-WHT-018-000,1106-N,ACERRU,2021,1,True,False,True,False,False
1106.N-2021-000-WHT-019-000,1106-N,ACERRU,2021,1,True,False,True,False,False
1106.N-2021-000-WHT-020-000,1106-N,PINUST,2021,1,True,False,True,False,False
1106.N-2021-000-WHT-021-000,1106-N,PINUST,2021,1,True,False,True,False,False
1106.N-2021-000-WHT-022-000,1106-N,PINUST,2021,1,True,False,True,False,False
1106.N-2021-000-WHT-023-000,1106-N,PINUST,2021,1,True,False,True,False,False
1106.N-2021-000-WHT-024-000,1106-N,PINUST,2021,1,True,False,True,False,False
1106.N-2021-000-WHT-025-000,1106-N,PINUST,2021,1,True,False,True,False,False
1106.N-2021-000-YLW-039-000,1106-N,ACERRU,2021,1,True,False,True,False,False
1106.N-2021-000-YLW-040-000,1106-N,ACERRU,2021,1,True,False,True,False,False
1106.N-2022-000-BLU-019-000,1106-N,ACERRU,2022,1,True,False,True,False,False
1106.N-2022-000-BLU-029-000,1106-N,ACERRU,2022,1,True,False,True,False,False
1106.N-2022-000-BLU-030-000,1106-N,PINUST,2022,1,True,False,True,False,False
1106.N-2022-000-BLU-078-000,1106-N,PINUST,2022,1,True,False,True,False,False
1106.N-2022-000-BLU-093-000,1106-N,ACERRU,2022,1,True,False,True,False,False
1106.N-2022-000-WHT-013-000,1106-N,ACERRU,2022,1,True,False,True,False,False
1106.N-2022-000-WHT-029-000,1106-N,PINUST,2022,1,True,False,True,False,False
1106.N-2023-000-ORG-069-000,1106-N,ACERRU,2023,0,True,False,False,False,False
1106.N-2023-000-ORG-086-000,1106-N,UNKNXX,2023,0,True,False,False,False,False
1106.N-2023-000-ORG-091-000,1106-N,UNKNXX,2023,0,True,False,False,False,False
1106.N-2023-000-ORG-093-000,1106-N,UNKNXX,2023,0,True,False,False,False,False
1106.N-2023-000-RED-001-000,1106-N,ACERRU,2023,1,True,False,True,False,False
1106.N-2023-000-RED-002-000,1106-N,ACERRU,2023,1,True,False,True,False,False
1106.N-2023-000-RED-003-000,1106-N,ACERRU,2023,1,True,False,True,False,False
1106.N-2023-000-RED-004-000,1106-N,ACERRU,2023,1,True,False,True,False,False
1106.N-2023-000-RED-005-000,1106-N,ACERRU,2023,1,True,False,True,False,False
1107.0-2017-000-WHT-051-000,1107,VACCAN,2017,0,True,True,False,False,False
1107.0-2017-000-WHT-052-000,1107,ACERRU,2017,0,True,True,False,False,False
1107.0-2017-000-WHT-053-000,1107,VIBULA,2017,0,True,True,False,False,False
1107.0-2017-000-WHT-054-000,1107,ACERRU,2017,0,True,True,False,False,False
1107.0-2017-000-WHT-055-000,1107,QUERRU,2017,0,True,True,False,False,False
1107.0-2017-000-WHT-059-000,1107,VIBULA,2017,0,True,True,False,False,False
1107.0-2017-000-WHT-060-000,1107,VIBULA,2017,0,True,True,False,False,False
1107.0-2017-000-WHT-061-000,1107,VIBULA,2017,0,True,True,False,False,False
1107.0-2017-000-WHT-062-000,1107,ACERRU,2017,0,True,True,False,False,False
1107.0-2018-000-BLU-037-000,1107,VACCAN,2018,1,True,False,True,False,False
1107.0-2018-000-BLU-047-000,1107,VACCAN,2018,1,True,False,True,False,False
1107.0-2018-000-BLU-048-000,1107,VACCAN,2018,1,True,False,True,False,False
1107.0-2018-000-BLU-049-000,1107,VACCAN,2018,1,True,False,True,False,False
1107.0-2018-000-BLU-050-000,1107,ACERRU,2018,1,True,False,True,False,False
1107.0-2018-000-BLU-051-000,1107,VACCAN,2018,1,True,False,True,False,False
1107.0-2018-000-BLU-052-000,1107,VACCAN,2018,1,True,False,True,False,False
1107.0-2018-000-BLU-053-000,1107,ACERRU,2018,1,True,False,True,False,False
1107.0-2018-000-BLU-054-000,1107,ACERRU,2018,1,True,False,True,False,False
1107.0-2018-000-BLU-055-000,1107,VACCXX,2018,1,True,False,True,False,False
1107.0-2018-000-BLU-056-000,1107,VACCAN,2018,1,True,False,True,False,False
1107.0-2018-000-BLU-057-000,1107,ACERRU,2018,1,True,False,True,False,False
1107.0-2018-000-BLU-058-000,1107,ACERRU,2018,1,True,False,True,False,False
1107.0-2018-000-BLU-059-000,1107,ACERRU,2018,1,True,False,True,False,False
1107.0-2018-000-BLU-060-000,1107,PINUST,2018,1,True,False,True,False,False
1107.0-2018-000-BLU-061-000,1107,PINUST,2018,1,True,False,True,False,False
1107.0-2018-000-BLU-062-000,1107,VIBULA,2018,1,True,False,True,False,False
1107.0-2018-000-WHT-056-000,1107,VACCAN,2018,1,True,False,True,False,False
1107.0-2018-000-WHT-057-000,1107,VACCAN,2018,1,True,False,True,False,False
1107.0-2018-000-WHT-058-000,1107,ACERRU,2018,1,True,False,True,False,False
1107.0-2018-000-WHT-063-000,1107,VACCAN,2018,1,True,False,True,False,False
1107.0-2019-000-RED-058-000,1107,ACERRU,2019,1,True,False,True,False,False
1107.0-2019-000-RED-061-000,1107,ACERRU,2019,1,True,False,True,False,False
1107.0-2019-000-RED-062-000,1107,ACERRU,2019,1,True,False,True,False,False
1107.0-2019-000-RED-063-000,1107,ACERRU,2019,1,True,False,True,False,False
1107.0-2019-000-RED-064-000,1107,ACERRU,2019,1,True,False,True,False,False
1107.0-2019-000-RED-065-000,1107,VIBULA,2019,1,True,False,True,False,False
1107.0-2019-000-RED-099-000,1107,BETUXX,2019,1,True,False,True,False,False
1107.0-2020-000-WHT-032-000,1107,ACERRU,2020,1,True,False,True,False,False
1107.0-2020-000-WHT-033-000,1107,VIBULA,2020,1,True,False,True,False,False
1107.0-2021-000-YLW-041-000,1107,PINUST,2021,1,True,False,True,False,False
1107.0-2021-000-YLW-042-000,1107,PINUST,2021,1,True,False,True,False,False
1107.0-2021-000-YLW-043-000,1107,PINUST,2021,1,True,False,True,False,False
1107.0-2021-000-YLW-044-000,1107,PINUST,2021,1,True,False,True,False,False
1107.0-2021-000-YLW-045-000,1107,PINUST,2021,1,True,False,True,False,False
1107.0-2021-000-YLW-046-000,1107,PINUST,2021,1,True,False,True,False,False
1107.0-2021-000-YLW-047-000,1107,PINUST,2021,1,True,False,True,False,False
1107.0-2021-000-YLW-048-000,1107,PINUST,2021,1,True,False,True,False,False
1107.0-2021-000-YLW-049-000,1107,PINUST,2021,1,True,False,True,False,False
1107.0-2023-000-ORG-027-000,1107,UNKNXX,2023,1,True,False,True,False,False
1107.0-2023-000-ORG-028-000,1107,ACERRU,2023,1,True,False,True,False,False
1107.0-2023-000-ORG-029-000,1107,ACERRU,2023,1,True,False,True,False,False
1107.0-2023-000-ORG-030-000,1107,ACERRU,2023,1,True,False,True,False,False
1107.0-2023-000-ORG-031-000,1107,ACERRU,2023,1,True,False,True,False,False
1108.0-2017-000-BLU-009-000,1108,ACERRU,2017,0,True,True,False,False,False
1108.0-2017-000-BLU-010-000,1108,ACERRU,2017,0,True,True,False,False,False
1108.0-2017-000-BLU-011-000,1108,ACERRU,2017,0,True,True,False,False,False
1108.0-2017-000-BLU-012-000,1108,ACERRU,2017,0,True,True,False,False,False
1108.0-2017-000-BLU-013-000,1108,TSUGCA,2017,0,True,True,False,False,False
1108.0-2018-000-BLU-063-000,1108,ACERRU,2018,1,True,False,True,False,False
1108.0-2018-000-BLU-064-000,1108,ACERRU,2018,1,True,False,True,False,False
1108.0-2018-000-BLU-065-000,1108,PINUST,2018,1,True,False,True,False,False
1108.0-2018-000-BLU-066-000,1108,ACERRU,2018,1,True,False,True,False,False
1108.0-2018-000-BLU-067-000,1108,PINUST,2018,1,True,False,True,False,False
1108.0-2018-000-BLU-068-000,1108,ACERRU,2018,1,True,False,True,False,False
1108.0-2018-000-BLU-069-000,1108,QUERRU,2018,1,True,False,True,False,False
1108.0-2018-000-BLU-070-000,1108,ACERRU,2018,1,True,False,True,False,False
1108.0-2018-000-BLU-071-000,1108,ACERRU,2018,1,True,False,True,False,False
1108.0-2018-000-BLU-072-000,1108,PINUST,2018,1,True,False,True,False,False
1108.0-2018-000-BLU-073-000,1108,PINUST,2018,1,True,False,True,False,False
1108.0-2018-000-BLU-074-000,1108,ACERRU,2018,1,True,False,True,False,False
1108.0-2018-000-BLU-075-000,1108,ACERRU,2018,1,True,False,True,False,False
1108.0-2018-000-BLU-076-000,1108,ACERRU,2018,1,True,False,True,False,False
1108.0-2018-000-BLU-077-000,1108,ACERRU,2018,1,True,False,True,False,False
1108.0-2018-000-BLU-078-000,1108,ACERRU,2018,1,True,False,True,False,False
1108.0-2018-000-BLU-079-000,1108,ACERRU,2018,1,True,False,True,False,False
1108.0-2018-000-BLU-080-000,1108,ACERRU,2018,1,True,False,True,False,False
1108.0-2018-000-BLU-081-000,1108,ACERRU,2018,1,True,False,True,False,False
1108.0-2018-000-BLU-082-000,1108,PINUST,2018,1,True,False,True,False,False
1108.0-2018-000-BLU-083-000,1108,ACERRU,2018,1,True,False,True,False,False
1108.0-2018-000-BLU-084-000,1108,ACERRU,2018,1,True,False,True,False,False
1108.0-2018-000-BLU-085-000,1108,ACERRU,2018,1,True,False,True,False,False
1108.0-2018-000-BLU-086-000,1108,ACERRU,2018,1,True,False,True,False,False
1108.0-2018-000-UNT-001-000,1108,ACERRU,2018,1,True,False,True,False,False
1108.0-2019-000-YLW-090-000,1108,ACERRU,2019,1,True,False,True,False,False
1108.0-2019-000-YLW-092-000,1108,ACERRU,2019,1,True,False,True,False,False
1108.0-2019-000-YLW-094-000,1108,ACERRU,2019,1,True,False,True,False,False
1108.0-2019-000-YLW-095-000,1108,UNKNXX,2019,1,True,False,True,False,False
1108.0-2019-000-YLW-098-000,1108,ACERRU,2019,1,True,False,True,False,False
1108.0-2019-000-YLW-099-000,1108,ACERRU,2019,1,True,False,True,False,False
1108.0-2020-000-WHT-034-000,1108,ACERRU,2020,1,True,False,True,False,False
1108.0-2020-000-WHT-035-000,1108,ACERRU,2020,1,True,False,True,False,False
1108.0-2020-000-WHT-036-000,1108,ACERRU,2020,1,True,False,True,False,False
1108.0-2020-000-WHT-037-000,1108,ACERRU,2020,1,True,False,True,False,False
1108.0-2020-000-WHT-038-000,1108,ACERRU,2020,1,True,False,True,False,False
1108.0-2021-000-YLW-001-000,1108,PINUST,2021,1,True,False,True,False,False
1108.0-2021-000-YLW-002-000,1108,PINUST,2021,1,True,False,True,False,False
1108.0-2021-000-YLW-003-000,1108,PINUST,2021,1,True,False,True,False,False
1108.0-2021-000-YLW-004-000,1108,PINUST,2021,1,True,False,True,False,False
1108.0-2021-000-YLW-005-000,1108,PINUST,2021,1,True,False,True,False,False
1108.0-2021-000-YLW-006-000,1108,PINUST,2021,1,True,False,True,False,False
1108.0-2021-000-YLW-007-000,1108,PINUST,2021,1,True,False,True,False,False
1108.0-2021-000-YLW-008-000,1108,PINUST,2021,1,True,False,True,False,False
1108.0-2021-000-YLW-009-000,1108,PINUST,2021,1,True,False,True,False,False
1108.0-2021-000-YLW-010-000,1108,PINUST,2021,1,True,False,True,False,False
1108.0-2021-000-YLW-011-000,1108,PINUST,2021,1,True,False,True,False,False
1108.0-2021-000-YLW-012-000,1108,PINUST,2021,1,True,False,True,False,False
1108.0-2021-000-YLW-013-000,1108,PINUST,2021,1,True,False,True,False,False
1108.0-2021-000-YLW-014-000,1108,PINUST,2021,1,True,False,True,False,False
1108.0-2021-000-YLW-015-000,1108,PINUST,2021,1,True,False,True,False,False
1108.0-2021-000-YLW-016-000,1108,PINUST,2021,1,True,False,True,False,False
1108.0-2021-000-YLW-017-000,1108,PINUST,2021,1,True,False,True,False,False
1108.0-2021-000-YLW-018-000,1108,PINUST,2021,1,True,False,True,False,False
1108.0-2021-000-YLW-019-000,1108,PINUST,2021,1,True,False,True,False,False
1108.0-2021-000-YLW-020-000,1108,PINUST,2021,1,True,False,True,False,False
1108.0-2021-000-YLW-021-000,1108,PINUST,2021,1,True,False,True,False,False
1108.0-2021-000-YLW-022-000,1108,PINUST,2021,1,True,False,True,False,False
1108.0-2021-000-YLW-023-000,1108,PINUST,2021,1,True,False,True,False,False
1108.0-2021-000-YLW-024-000,1108,PINUST,2021,1,True,False,True,False,False
1108.0-2022-000-BLU-006-000,1108,PINUST,2022,1,True,False,True,False,False
1108.0-2023-000-ORG-032-000,1108,ACERRU,2023,1,True,False,True,False,False
1108.0-2023-000-ORG-033-000,1108,ACERRU,2023,1,True,False,True,False,False
1109.0-2017-000-BLU-008-000,1109,ACERRU,2017,0,True,True,False,False,False
1109.0-2018-000-BLU-087-000,1109,ACERRU,2018,1,True,False,True,False,False
1109.0-2018-000-BLU-088-000,1109,ACERRU,2018,1,True,False,True,False,False
1109.0-2018-000-BLU-089-000,1109,ACERRU,2018,1,True,False,True,False,False
1109.0-2018-000-BLU-090-000,1109,ACERRU,2018,1,True,False,True,False,False
1109.0-2018-000-BLU-091-000,1109,ACERRU,2018,1,True,False,True,False,False
1109.0-2018-000-BLU-092-000,1109,ACERRU,2018,1,True,False,True,False,False
1109.0-2018-000-BLU-093-000,1109,ACERRU,2018,1,True,False,True,False,False
1109.0-2018-000-BLU-094-000,1109,ACERRU,2018,1,True,False,True,False,False
1109.0-2018-000-BLU-095-000,1109,ACERRU,2018,1,True,False,True,False,False
1109.0-2018-000-BLU-096-000,1109,ACERRU,2018,1,True,False,True,False,False
1109.0-2018-000-BLU-097-000,1109,PINUST,2018,1,True,False,True,False,False
1109.0-2018-000-BLU-098-000,1109,PINUST,2018,1,True,False,True,False,False
1109.0-2018-000-BLU-099-000,1109,PINUST,2018,1,True,False,True,False,False
1109.0-2018-000-ORG-001-000,1109,ACERRU,2018,1,True,False,True,False,False
1109.0-2018-000-ORG-002-000,1109,ACERRU,2018,1,True,False,True,False,False
1109.0-2018-000-ORG-003-000,1109,ACERRU,2018,1,True,False,True,False,False
1109.0-2018-000-ORG-004-000,1109,ACERRU,2018,1,True,False,True,False,False
1109.0-2018-000-ORG-005-000,1109,ACERRU,2018,1,True,False,True,False,False
1109.0-2018-000-ORG-006-000,1109,ACERRU,2018,1,True,False,True,False,False
1109.0-2018-000-ORG-007-000,1109,PINUST,2018,1,True,False,True,False,False
1109.0-2018-000-ORG-008-000,1109,PINUST,2018,1,True,False,True,False,False
1109.0-2018-000-ORG-009-000,1109,ACERRU,2018,1,True,False,True,False,False
1109.0-2018-000-ORG-010-000,1109,ACERRU,2018,1,True,False,True,False,False
1109.0-2018-000-ORG-011-000,1109,ACERRU,2018,1,True,False,True,False,False
1109.0-2018-000-ORG-012-000,1109,ACERRU,2018,1,True,False,True,False,False
1109.0-2018-000-ORG-013-000,1109,PINUST,2018,1,True,False,True,False,False
1109.0-2018-000-ORG-014-000,1109,ACERRU,2018,1,True,False,True,False,False
1109.0-2018-000-ORG-015-000,1109,ACERRU,2018,1,True,False,True,False,False
1109.0-2018-000-ORG-016-000,1109,ACERRU,2018,1,True,False,True,False,False
1109.0-2018-000-ORG-017-000,1109,ACERRU,2018,1,True,False,True,False,False
1109.0-2018-000-ORG-018-000,1109,ACERRU,2018,1,True,False,True,False,False
1109.0-2018-000-ORG-019-000,1109,ACERRU,2018,1,True,False,True,False,False
1109.0-2018-000-ORG-020-000,1109,ACERRU,2018,1,True,False,True,False,False
1109.0-2018-000-ORG-021-000,1109,ACERRU,2018,1,True,False,True,False,False
1109.0-2018-000-ORG-022-000,1109,ACERRU,2018,1,True,False,True,False,False
1109.0-2018-000-ORG-023-000,1109,PINUST,2018,1,True,False,True,False,False
1109.0-2018-000-ORG-024-000,1109,ACERRU,2018,1,True,False,True,False,False
1109.0-2018-000-ORG-025-000,1109,ACERRU,2018,1,True,False,True,False,False
1109.0-2018-000-ORG-026-000,1109,ACERRU,2018,1,True,False,True,False,False
1109.0-2018-000-ORG-027-000,1109,ACERRU,2018,1,True,False,True,False,False
1109.0-2018-000-ORG-028-000,1109,ACERRU,2018,1,True,False,True,False,False
1109.0-2018-000-ORG-029-000,1109,ACERRU,2018,1,True,False,True,False,False
1109.0-2018-000-ORG-030-000,1109,ACERRU,2018,1,True,False,True,False,False
1109.0-2018-000-ORG-031-000,1109,ACERRU,2018,1,True,False,True,False,False
1109.0-2018-000-ORG-032-000,1109,ACERRU,2018,1,True,False,True,False,False
1109.0-2018-000-ORG-033-000,1109,PINUST,2018,1,True,False,True,False,False
1109.0-2018-000-ORG-034-000,1109,PINUST,2018,1,True,False,True,False,False
1109.0-2018-000-ORG-035-000,1109,ACERRU,2018,1,True,False,True,False,False
1109.0-2018-000-ORG-036-000,1109,ACERRU,2018,1,True,False,True,False,False
1109.0-2018-000-ORG-037-000,1109,ACERRU,2018,1,True,False,True,False,False
1109.0-2018-000-ORG-038-000,1109,ACERRU,2018,1,True,False,True,False,False
1109.0-2018-000-ORG-039-000,1109,ACERRU,2018,1,True,False,True,False,False
1109.0-2018-000-ORG-040-000,1109,ACERRU,2018,1,True,False,True,False,False
1109.0-2018-000-ORG-041-000,1109,ACERRU,2018,1,True,False,True,False,False
1109.0-2018-000-ORG-042-000,1109,ACERRU,2018,1,True,False,True,False,False
1109.0-2018-000-ORG-043-000,1109,ACERRU,2018,1,True,False,True,False,False
1109.0-2018-000-ORG-044-000,1109,ACERRU,2018,1,True,False,True,False,False
1109.0-2018-000-ORG-045-000,1109,ACERRU,2018,1,True,False,True,False,False
1109.0-2018-000-ORG-046-000,1109,ACERRU,2018,1,True,False,True,False,False
1109.0-2018-000-ORG-047-000,1109,ACERRU,2018,1,True,False,True,False,False
1109.0-2018-000-ORG-048-000,1109,ACERRU,2018,1,True,False,True,False,False
1109.0-2018-000-ORG-049-000,1109,ACERRU,2018,1,True,False,True,False,False
1109.0-2018-000-ORG-050-000,1109,ACERRU,2018,1,True,False,True,False,False
1109.0-2018-000-ORG-051-000,1109,ACERRU,2018,1,True,False,True,False,False
1109.0-2018-000-ORG-052-000,1109,ACERRU,2018,1,True,False,True,False,False
1109.0-2018-000-ORG-100-000,1109,ACERRU,2018,1,True,False,True,False,False
1109.0-2019-000-YLW-051-000,1109,ACERRU,2019,1,True,False,True,False,False
1109.0-2019-000-YLW-052-000,1109,ACERRU,2019,1,True,False,True,False,False
1109.0-2019-000-YLW-053-000,1109,ACERRU,2019,1,True,False,True,False,False
1109.0-2019-000-YLW-054-000,1109,ACERRU,2019,1,True,False,True,False,False
1109.0-2019-000-YLW-055-000,1109,ACERRU,2019,1,True,False,True,False,False
1109.0-2019-000-YLW-056-000,1109,ACERRU,2019,1,True,False,True,False,False
1109.0-2019-000-YLW-057-000,1109,ACERRU,2019,1,True,False,True,False,False
1109.0-2019-000-YLW-058-000,1109,ACERRU,2019,1,True,False,True,False,False
1109.0-2019-000-YLW-059-000,1109,ACERRU,2019,1,True,False,True,False,False
1109.0-2020-000-WHT-039-000,1109,ACERRU,2020,1,True,False,True,False,False
1109.0-2020-000-WHT-040-000,1109,ACERRU,2020,1,True,False,True,False,False
1109.0-2020-000-WHT-041-000,1109,ACERRU,2020,1,True,False,True,False,False
1109.0-2020-000-WHT-042-000,1109,ACERRU,2020,1,True,False,True,False,False
1109.0-2021-000-BLU-026-000,1109,PINUST,2021,1,True,False,True,False,False
1109.0-2021-000-BLU-027-000,1109,PINUST,2021,1,True,False,True,False,False
1109.0-2021-000-BLU-028-000,1109,PINUST,2021,1,True,False,True,False,False
1109.0-2021-000-BLU-029-000,1109,PINUST,2021,1,True,False,True,False,False
1109.0-2021-000-BLU-030-000,1109,PINUST,2021,1,True,False,True,False,False
1109.0-2021-000-BLU-031-000,1109,PINUST,2021,1,True,False,True,False,False
1109.0-2021-000-BLU-032-000,1109,PINUST,2021,1,True,False,True,False,False
1109.0-2021-000-BLU-033-000,1109,PINUST,2021,1,True,False,True,False,False
1109.0-2021-000-BLU-034-000,1109,PINUST,2021,1,True,False,True,False,False
1109.0-2021-000-BLU-035-000,1109,PINUST,2021,1,True,False,True,False,False
1109.0-2021-000-BLU-036-000,1109,ACERRU,2021,1,True,False,True,False,False
1109.0-2021-000-BLU-037-000,1109,PINUST,2021,1,True,False,True,False,False
1109.0-2021-000-BLU-038-000,1109,PINUST,2021,1,True,False,True,False,False
1109.0-2021-000-BLU-039-000,1109,PINUST,2021,1,True,False,True,False,False
1109.0-2021-000-BLU-040-000,1109,PINUST,2021,1,True,False,True,False,False
1109.0-2021-000-BLU-041-000,1109,PINUST,2021,1,True,False,True,False,False
1109.0-2021-000-BLU-042-000,1109,PINUST,2021,1,True,False,True,False,False
1109.0-2023-000-ORG-034-000,1109,TSUGCA,2023,1,True,False,True,False,False
1109.0-2023-000-ORG-035-000,1109,ACERRU,2023,1,True,False,True,False,False
1109.0-2023-000-ORG-036-000,1109,ACERRU,2023,1,True,False,True,False,False
1109.0-2023-000-ORG-037-000,1109,ACERRU,2023,1,True,False,True,False,False
1110.0-2017-000-BLU-001-000,1110,ACERRU,2017,0,True,True,False,False,False
1110.0-2017-000-BLU-002-000,1110,ACERRU,2017,0,True,True,False,False,False
1110.0-2017-000-BLU-003-000,1110,ACERRU,2017,0,True,True,False,False,False
1110.0-2017-000-BLU-004-000,1110,ACERRU,2017,0,True,True,False,False,False
1110.0-2017-000-BLU-005-000,1110,ACERRU,2017,0,True,True,False,False,False
1110.0-2017-000-BLU-006-000,1110,ACERRU,2017,0,True,True,False,False,False
1110.0-2017-000-BLU-007-000,1110,ACERRU,2017,0,True,True,False,False,False
1110.0-2017-000-ORG-076-000,1110,ACERRU,2017,0,True,True,False,False,False
1110.0-2017-000-ORG-077-000,1110,PINUST,2017,0,True,True,False,False,False
1110.0-2017-000-ORG-078-000,1110,ACERRU,2017,0,True,True,False,False,False
1110.0-2017-000-ORG-079-000,1110,ACERRU,2017,0,True,True,False,False,False
1110.0-2017-000-ORG-080-000,1110,ACERRU,2017,0,True,True,False,False,False
1110.0-2017-000-ORG-081-000,1110,ACERRU,2017,0,True,True,False,False,False
1110.0-2017-000-ORG-082-000,1110,ACERRU,2017,0,True,True,False,False,False
1110.0-2017-000-ORG-083-000,1110,ACERRU,2017,0,True,True,False,False,False
1110.0-2017-000-ORG-084-000,1110,ACERRU,2017,0,True,True,False,False,False
1110.0-2017-000-ORG-085-000,1110,ACERRU,2017,0,True,True,False,False,False
1110.0-2017-000-ORG-086-000,1110,ACERRU,2017,0,True,True,False,False,False
1110.0-2017-000-ORG-087-000,1110,ACERRU,2017,0,True,True,False,False,False
1110.0-2017-000-ORG-088-000,1110,VACCCO,2017,0,True,True,False,False,False
1110.0-2017-000-ORG-089-000,1110,ACERRU,2017,0,True,True,False,False,False
1110.0-2017-000-ORG-090-000,1110,VACCCO,2017,0,True,True,False,False,False
1110.0-2017-000-ORG-091-000,1110,PINUST,2017,0,True,True,False,False,False
1110.0-2017-000-ORG-092-000,1110,ACERRU,2017,0,True,True,False,False,False
1110.0-2017-000-ORG-093-000,1110,ACERRU,2017,0,True,True,False,False,False
1110.0-2017-000-ORG-094-000,1110,ACERRU,2017,0,True,True,False,False,False
1110.0-2017-000-ORG-095-000,1110,ACERRU,2017,0,True,True,False,False,False
1110.0-2017-000-ORG-096-000,1110,VACCCO,2017,0,True,True,False,False,False
1110.0-2017-000-ORG-097-000,1110,VACCCO,2017,0,True,True,False,False,False
1110.0-2017-000-ORG-098-000,1110,VACCCO,2017,0,True,True,False,False,False
1110.0-2017-000-ORG-099-000,1110,ACERRU,2017,0,True,True,False,False,False
1110.0-2017-000-ORG-100-000,1110,ACERRU,2017,0,True,True,False,False,False
1110.0-2018-000-WHT-001-000,1110,PINUST,2018,1,True,False,True,False,False
1110.0-2018-000-WHT-002-000,1110,PINUST,2018,1,True,False,True,False,False
1110.0-2018-000-WHT-003-000,1110,PINUST,2018,1,True,False,True,False,False
1110.0-2018-000-WHT-004-000,1110,PINUST,2018,1,True,False,True,False,False
1110.0-2018-000-WHT-005-000,1110,PINUST,2018,1,True,False,True,False,False
1110.0-2018-000-WHT-006-000,1110,PINUST,2018,1,True,False,True,False,False
1110.0-2018-000-WHT-007-000,1110,PINUST,2018,1,True,False,True,False,False
1110.0-2018-000-WHT-008-000,1110,TSUGCA,2018,1,True,False,True,False,False
1110.0-2018-000-WHT-009-000,1110,ACERRU,2018,1,True,False,True,False,False
1110.0-2018-000-WHT-010-000,1110,ACERRU,2018,1,True,False,True,False,False
1110.0-2018-000-WHT-011-000,1110,ACERRU,2018,1,True,False,True,False,False
1110.0-2018-000-WHT-012-000,1110,ACERRU,2018,1,True,False,True,False,False
1110.0-2018-000-WHT-013-000,1110,ACERRU,2018,1,True,False,True,False,False
1110.0-2018-000-WHT-014-000,1110,ACERRU,2018,1,True,False,True,False,False
1110.0-2018-000-WHT-015-000,1110,ACERRU,2018,1,True,False,True,False,False
1110.0-2018-000-WHT-016-000,1110,ACERRU,2018,1,True,False,True,False,False
1110.0-2018-000-WHT-017-000,1110,ACERRU,2018,1,True,False,True,False,False
1110.0-2018-000-WHT-018-000,1110,ACERRU,2018,1,True,False,True,False,False
1110.0-2018-000-WHT-019-000,1110,ACERRU,2018,1,True,False,True,False,False
1110.0-2018-000-WHT-020-000,1110,ACERRU,2018,1,True,False,True,False,False
1110.0-2018-000-WHT-021-000,1110,ACERRU,2018,1,True,False,True,False,False
1110.0-2018-000-WHT-022-000,1110,PINUST,2018,1,True,False,True,False,False
1110.0-2018-000-WHT-023-000,1110,ACERRU,2018,1,True,False,True,False,False
1110.0-2018-000-WHT-024-000,1110,ACERRU,2018,1,True,False,True,False,False
1110.0-2018-000-WHT-025-000,1110,ACERRU,2018,1,True,False,True,False,False
1110.0-2018-000-WHT-026-000,1110,ACERRU,2018,1,True,False,True,False,False
1110.0-2018-000-WHT-027-000,1110,ACERRU,2018,1,True,False,True,False,False
1110.0-2018-000-WHT-028-000,1110,PINUST,2018,1,True,False,True,False,False
1110.0-2018-000-WHT-029-000,1110,ACERRU,2018,1,True,False,True,False,False
1110.0-2018-000-WHT-030-000,1110,ACERRU,2018,1,True,False,True,False,False
1110.0-2018-000-WHT-031-000,1110,PINUST,2018,1,True,False,True,False,False
1110.0-2018-000-WHT-032-000,1110,ACERRU,2018,1,True,False,True,False,False
1110.0-2018-000-WHT-033-000,1110,ACERRU,2018,1,True,False,True,False,False
1110.0-2018-000-WHT-034-000,1110,ACERRU,2018,1,True,False,True,False,False
1110.0-2018-000-WHT-035-000,1110,ACERRU,2018,1,True,False,True,False,False
1110.0-2018-000-WHT-036-000,1110,ACERRU,2018,1,True,False,True,False,False
1110.0-2018-000-WHT-037-000,1110,ACERRU,2018,1,True,False,True,False,False
1110.0-2018-000-WHT-038-000,1110,ACERRU,2018,1,True,False,True,False,False
1110.0-2018-000-WHT-039-000,1110,ACERRU,2018,1,True,False,True,False,False
1110.0-2018-000-WHT-040-000,1110,ACERRU,2018,1,True,False,True,False,False
1110.0-2018-000-WHT-041-000,1110,ACERRU,2018,1,True,False,True,False,False
1110.0-2018-000-WHT-042-000,1110,ACERRU,2018,1,True,False,True,False,False
1110.0-2018-000-WHT-043-000,1110,ACERRU,2018,1,True,False,True,False,False
1110.0-2018-000-WHT-044-000,1110,ACERRU,2018,1,True,False,True,False,False
1110.0-2018-000-WHT-045-000,1110,ACERRU,2018,1,True,False,True,False,False
1110.0-2018-000-WHT-046-000,1110,ACERRU,2018,1,True,False,True,False,False
1110.0-2018-000-WHT-047-000,1110,ACERRU,2018,1,True,False,True,False,False
1110.0-2018-000-WHT-048-000,1110,PINUST,2018,1,True,False,True,False,False
1110.0-2018-000-WHT-049-000,1110,PINUST,2018,1,True,False,True,False,False
1110.0-2018-000-WHT-050-000,1110,ACERRU,2018,1,True,False,True,False,False
1110.0-2018-000-WHT-051-000,1110,ACERRU,2018,1,True,False,True,False,False
1110.0-2018-000-WHT-052-000,1110,ACERRU,2018,1,True,False,True,False,False
1110.0-2018-000-WHT-053-000,1110,ACERRU,2018,1,True,False,True,False,False
1110.0-2018-000-WHT-054-000,1110,ACERRU,2018,1,True,False,True,False,False
1110.0-2018-000-WHT-055-000,1110,ACERRU,2018,1,True,False,True,False,False
1110.0-2018-000-WHT-056-000,1110,ACERRU,2018,1,True,False,True,False,False
1110.0-2018-000-WHT-057-000,1110,ACERRU,2018,1,True,False,True,False,False
1110.0-2018-000-WHT-058-000,1110,PINUST,2018,1,True,False,True,False,False
1110.0-2018-000-WHT-059-000,1110,PINUST,2018,1,True,False,True,False,False
1110.0-2018-000-WHT-060-000,1110,PINUST,2018,1,True,False,True,False,False
1110.0-2018-000-WHT-061-000,1110,TSUGCA,2018,1,True,False,True,False,False
1110.0-2018-000-WHT-062-000,1110,ACERRU,2018,1,True,False,True,False,False
1110.0-2018-000-WHT-063-000,1110,ACERRU,2018,1,True,False,True,False,False
1110.0-2018-000-WHT-064-000,1110,ACERRU,2018,1,True,False,True,False,False
1110.0-2018-000-WHT-065-000,1110,ACERRU,2018,1,True,False,True,False,False
1110.0-2018-000-WHT-066-000,1110,ACERRU,2018,1,True,False,True,False,False
1110.0-2018-000-WHT-067-000,1110,PINUST,2018,1,True,False,True,False,False
1110.0-2018-000-WHT-068-000,1110,PINUST,2018,1,True,False,True,False,False
1110.0-2018-000-WHT-069-000,1110,ACERRU,2018,1,True,False,True,False,False
1110.0-2018-000-WHT-070-000,1110,ACERRU,2018,1,True,False,True,False,False
1110.0-2018-000-WHT-071-000,1110,TSUGCA,2018,1,True,False,True,False,False
1110.0-2018-000-WHT-072-000,1110,PINUST,2018,1,True,False,True,False,False
1110.0-2018-000-WHT-073-000,1110,ACERRU,2018,1,True,False,True,False,False
1110.0-2018-000-WHT-074-000,1110,PINUST,2018,1,True,False,True,False,False
1110.0-2018-000-WHT-075-000,1110,ACERRU,2018,1,True,False,True,False,False
1110.0-2019-000-BLU-001-000,1110,ACERRU,2019,1,True,False,True,False,False
1110.0-2019-000-BLU-002-000,1110,ACERRU,2019,1,True,False,True,False,False
1110.0-2019-000-BLU-003-000,1110,ACERRU,2019,1,True,False,True,False,False
1110.0-2019-000-BLU-004-000,1110,ACERRU,2019,1,True,False,True,False,False
1110.0-2019-000-BLU-005-000,1110,ACERRU,2019,1,True,False,True,False,False
1110.0-2019-000-BLU-006-000,1110,VACCCO,2019,1,True,False,True,False,False
1110.0-2019-000-BLU-007-000,1110,ACERRU,2019,1,True,False,True,False,False
1110.0-2019-000-BLU-008-000,1110,ACERRU,2019,1,True,False,True,False,False
1110.0-2019-000-BLU-009-000,1110,ACERRU,2019,1,True,False,True,False,False
1110.0-2019-000-BLU-010-000,1110,ACERRU,2019,1,True,False,True,False,False
1110.0-2019-000-BLU-011-000,1110,ACERRU,2019,1,True,False,True,False,False
1110.0-2019-000-BLU-012-000,1110,ACERRU,2019,1,True,False,True,False,False
1110.0-2019-000-BLU-013-000,1110,ACERRU,2019,1,True,False,True,False,False
1110.0-2019-000-BLU-014-000,1110,ACERRU,2019,1,True,False,True,False,False
1110.0-2019-000-BLU-015-000,1110,ACERRU,2019,1,True,False,True,False,False
1110.0-2019-000-BLU-016-000,1110,ACERRU,2019,1,True,False,True,False,False
1110.0-2019-000-RED-027-000,1110,ACERRU,2019,1,True,False,True,False,False
1110.0-2019-000-RED-028-000,1110,ACERRU,2019,1,True,False,True,False,False
1110.0-2019-000-RED-029-000,1110,ACERRU,2019,1,True,False,True,False,False
1110.0-2019-000-RED-030-000,1110,ACERRU,2019,1,True,False,True,False,False
1110.0-2019-000-RED-031-000,1110,ACERRU,2019,1,True,False,True,False,False
1110.0-2019-000-RED-032-000,1110,ACERRU,2019,1,True,False,True,False,False
1110.0-2019-000-RED-033-000,1110,ACERRU,2019,1,True,False,True,False,False
1110.0-2019-000-RED-034-000,1110,ACERRU,2019,1,True,False,True,False,False
1110.0-2019-000-UNT-001-000,1110,ACERRU,2019,1,True,False,True,False,False
1110.0-2019-000-UNT-002-000,1110,ACERRU,2019,1,True,False,True,False,False
1110.0-2020-000-YLW-026-000,1110,ACERRU,2020,1,True,False,True,False,False
1110.0-2020-000-YLW-027-000,1110,ACERRU,2020,1,True,False,True,False,False
1110.0-2020-000-YLW-028-000,1110,ACERRU,2020,1,True,False,True,False,False
1110.0-2020-000-YLW-029-000,1110,ACERRU,2020,1,True,False,True,False,False
1110.0-2020-000-YLW-030-000,1110,ACERRU,2020,1,True,False,True,False,False
1110.0-2020-000-YLW-031-000,1110,ACERRU,2020,1,True,False,True,False,False
1110.0-2020-000-YLW-032-000,1110,ACERRU,2020,1,True,False,True,False,False
1110.0-2020-000-YLW-033-000,1110,ACERRU,2020,1,True,False,True,False,False
1110.0-2020-000-YLW-034-000,1110,PINUST,2020,1,True,False,True,False,False
1110.0-2020-000-YLW-035-000,1110,BETUXX,2020,1,True,False,True,False,False
1110.0-2020-000-YLW-036-000,1110,ACERRU,2020,1,True,False,True,False,False
1110.0-2020-000-YLW-037-000,1110,ACERRU,2020,1,True,False,True,False,False
1110.0-2020-000-YLW-038-000,1110,ACERRU,2020,1,True,False,True,False,False
1110.0-2020-000-YLW-039-000,1110,ACERRU,2020,1,True,False,True,False,False
1110.0-2020-000-YLW-040-000,1110,ACERRU,2020,1,True,False,True,False,False
1110.0-2020-000-YLW-041-000,1110,ACERRU,2020,1,True,False,True,False,False
1110.0-2020-000-YLW-042-000,1110,ACERRU,2020,1,True,False,True,False,False
1110.0-2020-000-YLW-043-000,1110,ACERRU,2020,1,True,False,True,False,False
1110.0-2020-000-YLW-044-000,1110,ACERRU,2020,1,True,False,True,False,False
1110.0-2020-000-YLW-045-000,1110,ACERRU,2020,1,True,False,True,False,False
1110.0-2020-000-YLW-046-000,1110,ACERRU,2020,1,True,False,True,False,False
1110.0-2020-000-YLW-047-000,1110,ACERRU,2020,1,True,False,True,False,False
1110.0-2020-000-YLW-048-000,1110,ACERRU,2020,1,True,False,True,False,False
1110.0-2020-000-YLW-049-000,1110,ACERRU,2020,1,True,False,True,False,False
1110.0-2020-000-YLW-050-000,1110,ACERRU,2020,1,True,False,True,False,False
1110.0-2020-000-YLW-051-000,1110,ACERRU,2020,1,True,False,True,False,False
1110.0-2020-000-YLW-052-000,1110,ACERRU,2020,1,True,False,True,False,False
1110.0-2020-000-YLW-053-000,1110,ACERRU,2020,1,True,False,True,False,False
1110.0-2020-000-YLW-054-000,1110,ACERRU,2020,1,True,False,True,False,False
1110.0-2020-000-YLW-055-000,1110,ACERRU,2020,1,True,False,True,False,False
1110.0-2020-000-YLW-056-000,1110,ACERRU,2020,1,True,False,True,False,False
1110.0-2020-000-YLW-057-000,1110,ACERRU,2020,1,True,False,True,False,False
1110.0-2020-000-YLW-058-000,1110,ACERRU,2020,1,True,False,True,False,False
1110.0-2020-000-YLW-059-000,1110,ACERRU,2020,1,True,False,True,False,False
1110.0-2020-000-YLW-060-000,1110,ACERRU,2020,1,True,False,True,False,False
1110.0-2020-000-YLW-061-000,1110,ACERRU,2020,1,True,False,True,False,False
1110.0-2020-000-YLW-062-000,1110,ACERRU,2020,1,True,False,True,False,False
1110.0-2020-000-YLW-063-000,1110,ACERRU,2020,1,True,False,True,False,False
1110.0-2020-000-YLW-064-000,1110,ACERRU,2020,1,True,False,True,False,False
1110.0-2020-000-YLW-065-000,1110,ACERRU,2020,1,True,False,True,False,False
1110.0-2020-000-YLW-066-000,1110,ACERRU,2020,1,True,False,True,False,False
1110.0-2020-000-YLW-067-000,1110,ACERRU,2020,1,True,False,True,False,False
1110.0-2020-000-YLW-068-000,1110,ACERRU,2020,1,True,False,True,False,False
1110.0-2020-000-YLW-069-000,1110,ACERRU,2020,1,True,False,True,False,False
1110.0-2020-000-YLW-070-000,1110,ACERRU,2020,1,True,False,True,False,False
1110.0-2020-000-YLW-071-000,1110,ACERRU,2020,1,True,False,True,False,False
1110.0-2020-000-YLW-072-000,1110,ACERRU,2020,1,True,False,True,False,False
1110.0-2020-000-YLW-073-000,1110,ACERRU,2020,1,True,False,True,False,False
1110.0-2020-000-YLW-074-000,1110,ACERRU,2020,1,True,False,True,False,False
1110.0-2020-000-YLW-075-000,1110,ACERRU,2020,1,True,False,True,False,False
1110.0-2020-000-YLW-076-000,1110,ACERRU,2020,1,True,False,True,False,False
1110.0-2020-000-YLW-077-000,1110,ACERRU,2020,1,True,False,True,False,False
1110.0-2020-000-YLW-078-000,1110,ACERRU,2020,1,True,False,True,False,False
1110.0-2020-000-YLW-079-000,1110,VACCCO,2020,1,True,False,True,False,False
1110.0-2020-000-YLW-080-000,1110,ACERRU,2020,1,True,False,True,False,False
1110.0-2020-000-YLW-081-000,1110,ACERRU,2020,1,True,False,True,False,False
1110.0-2020-000-YLW-082-000,1110,ACERRU,2020,1,True,False,True,False,False
1110.0-2020-000-YLW-083-000,1110,ACERRU,2020,1,True,False,True,False,False
1110.0-2020-000-YLW-084-000,1110,ACERRU,2020,1,True,False,True,False,False
1110.0-2020-000-YLW-085-000,1110,ACERRU,2020,1,True,False,True,False,False
1110.0-2020-000-YLW-086-000,1110,ACERRU,2020,1,True,False,True,False,False
1110.0-2020-000-YLW-087-000,1110,ACERRU,2020,1,True,False,True,False,False
1110.0-2020-000-YLW-088-000,1110,TSUGCA,2020,1,True,False,True,False,False
1110.0-2020-000-YLW-089-000,1110,TSUGCA,2020,1,True,False,True,False,False
1110.0-2020-000-YLW-090-000,1110,ACERRU,2020,1,True,False,True,False,False
1110.0-2020-000-YLW-091-000,1110,ACERRU,2020,1,True,False,True,False,False
1110.0-2020-000-YLW-092-000,1110,ACERRU,2020,1,True,False,True,False,False
1110.0-2021-000-BLU-043-000,1110,ACERRU,2021,1,True,False,True,False,False
1110.0-2021-000-BLU-044-000,1110,ACERRU,2021,1,True,False,True,False,False
1110.0-2021-000-BLU-045-000,1110,ACERRU,2021,1,True,False,True,False,False
1110.0-2021-000-BLU-046-000,1110,ACERRU,2021,1,True,False,True,False,False
1110.0-2021-000-BLU-047-000,1110,PINUST,2021,1,True,False,True,False,False
1110.0-2021-000-BLU-048-000,1110,PINUST,2021,1,True,False,True,False,False
1110.0-2021-000-BLU-049-000,1110,PINUST,2021,1,True,False,True,False,False
1110.0-2021-000-BLU-050-000,1110,PINUST,2021,1,True,False,True,False,False
1110.0-2021-000-BLU-051-000,1110,ACERRU,2021,1,True,False,True,False,False
1110.0-2021-000-BLU-052-000,1110,ACERRU,2021,1,True,False,True,False,False
1110.0-2021-000-BLU-053-000,1110,ACERRU,2021,1,True,False,True,False,False
1110.0-2021-000-BLU-054-000,1110,ACERRU,2021,1,True,False,True,False,False
1110.0-2021-000-BLU-055-000,1110,ACERRU,2021,1,True,False,True,False,False
1110.0-2021-000-BLU-056-000,1110,PINUST,2021,1,True,False,True,False,False
1110.0-2021-000-BLU-057-000,1110,ACERRU,2021,1,True,False,True,False,False
1110.0-2021-000-BLU-058-000,1110,PINUST,2021,1,True,False,True,False,False
1110.0-2021-000-BLU-059-000,1110,PINUST,2021,1,True,False,True,False,False
1110.0-2021-000-BLU-060-000,1110,TSUGCA,2021,1,True,False,True,False,False
1110.0-2021-000-BLU-061-000,1110,ACERRU,2021,1,True,False,True,False,False
1110.0-2021-000-BLU-062-000,1110,ACERRU,2021,1,True,False,True,False,False
1110.0-2023-000-ORG-051-000,1110,ACERRU,2023,1,True,False,True,False,False
1110.0-2023-000-ORG-052-000,1110,ACERRU,2023,1,True,False,True,False,False
1110.0-2023-000-ORG-053-000,1110,ACERRU,2023,1,True,False,True,False,False
1110.0-2023-000-ORG-054-000,1110,ACERRU,2023,1,True,False,True,False,False
1110.0-2023-000-ORG-055-000,1110,ACERRU,2023,1,True,False,True,False,False
1110.0-2023-000-ORG-056-000,1110,ACERRU,2023,1,True,False,True,False,False
1110.0-2023-000-ORG-057-000,1110,ACERRU,2023,1,True,False,True,False,False
1110.0-2023-000-ORG-058-000,1110,BETUXX,2023,1,True,False,True,False,False
1110.0-2023-000-ORG-059-000,1110,TSUGCA,2023,1,True,False,True,False,False
1110.0-2023-000-RED-067-000,1110,ACERRU,2023,1,True,False,True,False,False
1110.0-2023-000-RED-081-000,1110,ACERRU,2023,1,True,False,True,False,False
1110.0-2023-000-RED-082-000,1110,ACERRU,2023,1,True,False,True,False,False
1110.0-2023-000-RED-083-000,1110,ACERRU,2023,1,True,False,True,False,False
1110.0-2023-000-RED-084-000,1110,ACERRU,2023,1,True,False,True,False,False
1110.0-2023-000-RED-085-000,1110,ACERRU,2023,1,True,False,True,False,False
1110.0-2023-000-RED-086-000,1110,ACERRU,2023,1,True,False,True,False,False
1110.0-2023-000-RED-087-000,1110,ACERRU,2023,1,True,False,True,False,False
1110.0-2023-000-RED-088-000,1110,VACCAN,2023,1,True,False,True,False,False
1110.0-2023-000-RED-089-000,1110,VACCCO,2023,0,True,False,False,False,False
1110.0-2023-000-RED-090-000,1110,ACERRU,2023,1,True,False,True,False,False
1110.0-2023-000-RED-091-000,1110,ACERRU,2023,1,True,False,True,False,False
1110.0-2023-000-RED-092-000,1110,ACERRU,2023,1,True,False,True,False,False
1110.0-2023-000-RED-093-000,1110,ACERRU,2023,1,True,False,True,False,False
1110.0-2023-000-RED-094-000,1110,ACERRU,2023,1,True,False,True,False,False
1110.0-2023-000-RED-095-000,1110,ACERRU,2023,1,True,False,True,False,False
1110.0-2023-000-RED-096-000,1110,ACERRU,2023,1,True,False,True,False,False
1110.0-2023-000-RED-097-000,1110,ACERRU,2023,1,True,False,True,False,False
1110.0-2023-000-RED-098-000,1110,ACERRU,2023,1,True,False,True,False,False
1110.0-2023-000-RED-099-000,1110,ACERRU,2023,1,True,False,True,False,False
1110.0-2023-000-RED-100-000,1110,ACERRU,2023,1,True,False,True,False,False
1111.0-2017-000-ORG-001-000,1111,ACERRU,2017,0,True,True,False,False,False
1111.0-2017-000-ORG-002-000,1111,QUERRU,2017,0,True,True,False,False,False
1111.0-2017-000-ORG-003-000,1111,ACERRU,2017,0,True,True,False,False,False
1111.0-2017-000-ORG-004-000,1111,QUERRU,2017,0,True,True,False,False,False
1111.0-2017-000-ORG-005-000,1111,QUERRU,2017,0,True,True,False,False,False
1111.0-2017-000-ORG-006-000,1111,ACERRU,2017,0,True,True,False,False,False
1111.0-2018-000-ORG-053-000,1111,PINUST,2018,1,True,False,True,False,False
1111.0-2018-000-ORG-054-000,1111,ACERRU,2018,1,True,False,True,False,False
1111.0-2018-000-ORG-055-000,1111,PINUST,2018,1,True,False,True,False,False
1111.0-2018-000-ORG-056-000,1111,ACERRU,2018,1,True,False,True,False,False
1111.0-2019-000-BLU-017-000,1111,ACERRU,2019,1,True,False,True,False,False
1111.0-2019-000-BLU-018-000,1111,ACERRU,2019,1,True,False,True,False,False
1111.0-2019-000-BLU-019-000,1111,ACERRU,2019,1,True,False,True,False,False
1111.0-2019-000-BLU-020-000,1111,ACERRU,2019,1,True,False,True,False,False
1111.0-2019-000-BLU-021-000,1111,ACERRU,2019,1,True,False,True,False,False
1111.0-2019-000-BLU-022-000,1111,ACERRU,2019,1,True,False,True,False,False
1111.0-2019-000-BLU-023-000,1111,ACERRU,2019,1,True,False,True,False,False
1111.0-2020-000-YLW-093-000,1111,ACERRU,2020,1,True,False,True,False,False
1111.0-2020-000-YLW-094-000,1111,ACERRU,2020,1,True,False,True,False,False
1111.0-2020-000-YLW-095-000,1111,ACERRU,2020,1,True,False,True,False,False
1111.0-2020-000-YLW-096-000,1111,ACERRU,2020,1,True,False,True,False,False
1111.0-2021-000-BLU-063-000,1111,PINUST,2021,1,True,False,True,False,False
1111.0-2021-000-BLU-064-000,1111,PINUST,2021,1,True,False,True,False,False
1111.0-2021-000-BLU-065-000,1111,PINUST,2021,1,True,False,True,False,False
1111.0-2021-000-BLU-066-000,1111,PINUST,2021,1,True,False,True,False,False
1111.0-2021-000-BLU-067-000,1111,PINUST,2021,1,True,False,True,False,False
1111.0-2021-000-BLU-068-000,1111,PINUST,2021,1,True,False,True,False,False
1111.0-2021-000-BLU-069-000,1111,PINUST,2021,1,True,False,True,False,False
1111.0-2021-000-BLU-070-000,1111,PINUST,2021,1,True,False,True,False,False
1111.0-2021-000-BLU-071-000,1111,PINUST,2021,1,True,False,True,False,False
1111.0-2023-000-ORG-014-000,1111,BETUXX,2023,1,True,False,True,False,False
1112.0-2017-000-ORG-031-000,1112,QUERRU,2017,0,True,True,False,False,False
1112.0-2017-000-ORG-032-000,1112,QUERRU,2017,0,True,True,False,False,False
1112.0-2017-000-ORG-033-000,1112,QUERRU,2017,0,True,True,False,False,False
1112.0-2017-000-ORG-034-000,1112,ACERRU,2017,0,True,True,False,False,False
1112.0-2017-000-ORG-035-000,1112,ACERRU,2017,0,True,True,False,False,False
1112.0-2017-000-ORG-036-000,1112,QUERRU,2017,0,True,True,False,False,False
1112.0-2017-000-ORG-037-000,1112,QUERRU,2017,0,True,True,False,False,False
1112.0-2017-000-ORG-038-000,1112,QUERRU,2017,0,True,True,False,False,False
1112.0-2017-000-ORG-039-000,1112,QUERRU,2017,0,True,True,False,False,False
1112.0-2017-000-ORG-040-000,1112,QUERRU,2017,0,True,True,False,False,False
1112.0-2017-000-ORG-041-000,1112,QUERRU,2017,0,True,True,False,False,False
1112.0-2017-000-ORG-042-000,1112,QUERRU,2017,0,True,True,False,False,False
1112.0-2017-000-ORG-043-000,1112,QUERRU,2017,0,True,True,False,False,False
1112.0-2017-000-ORG-044-000,1112,QUERRU,2017,0,True,True,False,False,False
1112.0-2017-000-ORG-045-000,1112,ACERRU,2017,0,True,True,False,False,False
1112.0-2017-000-ORG-046-000,1112,QUERRU,2017,0,True,True,False,False,False
1112.0-2017-000-ORG-047-000,1112,QUERRU,2017,0,True,True,False,False,False
1112.0-2017-000-ORG-048-000,1112,QUERRU,2017,0,True,True,False,False,False
1112.0-2017-000-ORG-049-000,1112,QUERRU,2017,0,True,True,False,False,False
1112.0-2017-000-ORG-050-000,1112,ACERRU,2017,0,True,True,False,False,False
1112.0-2018-000-ORG-057-000,1112,ACERRU,2018,1,True,False,True,False,False
1112.0-2018-000-ORG-058-000,1112,ACERRU,2018,1,True,False,True,False,False
1112.0-2018-000-ORG-059-000,1112,PINUST,2018,1,True,False,True,False,False
1112.0-2018-000-ORG-060-000,1112,ACERRU,2018,1,True,False,True,False,False
1112.0-2018-000-ORG-061-000,1112,ACERRU,2018,1,True,False,True,False,False
1112.0-2018-000-ORG-062-000,1112,ACERRU,2018,1,True,False,True,False,False
1112.0-2018-000-ORG-063-000,1112,PINUST,2018,1,True,False,True,False,False
1112.0-2018-000-ORG-064-000,1112,TSUGCA,2018,1,True,False,True,False,False
1112.0-2018-000-ORG-065-000,1112,TSUGCA,2018,1,True,False,True,False,False
1112.0-2020-000-BLU-004-000,1112,ACERRU,2020,1,True,False,True,False,False
1112.0-2020-000-YLW-097-000,1112,QUERRU,2020,1,True,False,True,False,False
1112.0-2020-000-YLW-098-000,1112,ACERRU,2020,1,True,False,True,False,False
1112.0-2020-000-YLW-099-000,1112,ACERRU,2020,1,True,False,True,False,False
1112.0-2020-000-YLW-100-000,1112,ACERRU,2020,1,True,False,True,False,False
1112.0-2021-000-BLU-072-000,1112,PINUST,2021,1,True,False,True,False,False
1112.0-2021-000-BLU-073-000,1112,PINUST,2021,1,True,False,True,False,False
1112.0-2021-000-BLU-074-000,1112,ACERRU,2021,1,True,False,True,False,False
1112.0-2021-000-BLU-075-000,1112,PINUST,2021,1,True,False,True,False,False
1112.0-2023-000-WHT-009-000,1112,ACERRU,2023,1,True,False,True,False,False
1112.0-2023-000-WHT-010-000,1112,TSUGCA,2023,1,True,False,True,False,False
1112.0-2023-000-WHT-011-000,1112,TSUGCA,2023,1,True,False,True,False,False
1113.0-2017-000-ORG-020-000,1113,ACERRU,2017,0,True,True,False,False,False
1113.0-2017-000-ORG-021-000,1113,ACERRU,2017,0,True,True,False,False,False
1113.0-2017-000-ORG-022-000,1113,ACERRU,2017,0,True,True,False,False,False
1113.0-2017-000-ORG-023-000,1113,ACERRU,2017,0,True,True,False,False,False
1113.0-2017-000-ORG-024-000,1113,PINUST,2017,0,True,True,False,False,False
1113.0-2017-000-ORG-025-000,1113,ACERRU,2017,0,True,True,False,False,False
1113.0-2017-000-ORG-026-000,1113,ACERRU,2017,0,True,True,False,False,False
1113.0-2017-000-ORG-027-000,1113,ACERRU,2017,0,True,True,False,False,False
1113.0-2017-000-ORG-028-000,1113,ACERRU,2017,0,True,True,False,False,False
1113.0-2017-000-ORG-029-000,1113,ACERRU,2017,0,True,True,False,False,False
1113.0-2017-000-ORG-030-000,1113,QUERRU,2017,0,True,True,False,False,False
1113.0-2017-000-ORG-031-000,1113,ACERRU,2017,0,True,True,False,False,False
1113.0-2017-000-ORG-032-000,1113,ACERRU,2017,0,True,True,False,False,False
1113.0-2017-000-ORG-033-000,1113,ACERRU,2017,0,True,True,False,False,False
1113.0-2017-000-ORG-034-000,1113,ACERRU,2017,0,True,True,False,False,False
1113.0-2018-000-ORG-066-000,1113,ACERRU,2018,1,True,False,True,False,False
1113.0-2018-000-ORG-067-000,1113,ACERRU,2018,1,True,False,True,False,False
1113.0-2018-000-ORG-068-000,1113,ACERRU,2018,1,True,False,True,False,False
1113.0-2018-000-ORG-069-000,1113,ACERRU,2018,1,True,False,True,False,False
1113.0-2018-000-ORG-070-000,1113,ACERRU,2018,1,True,False,True,False,False
1113.0-2018-000-ORG-071-000,1113,ACERRU,2018,1,True,False,True,False,False
1113.0-2018-000-ORG-072-000,1113,ACERRU,2018,1,True,False,True,False,False
1113.0-2018-000-ORG-073-000,1113,ACERRU,2018,1,True,False,True,False,False
1113.0-2018-000-ORG-074-000,1113,ACERRU,2018,1,True,False,True,False,False
1113.0-2018-000-ORG-075-000,1113,ACERRU,2018,1,True,False,True,False,False
1113.0-2018-000-ORG-076-000,1113,ACERRU,2018,1,True,False,True,False,False
1113.0-2018-000-ORG-077-000,1113,ACERRU,2018,1,True,False,True,False,False
1113.0-2018-000-ORG-078-000,1113,ACERRU,2018,1,True,False,True,False,False
1113.0-2018-000-ORG-079-000,1113,ACERRU,2018,1,True,False,True,False,False
1113.0-2018-000-ORG-080-000,1113,ACERRU,2018,1,True,False,True,False,False
1113.0-2018-000-ORG-081-000,1113,ACERRU,2018,1,True,False,True,False,False
1113.0-2018-000-ORG-082-000,1113,QUERRU,2018,1,True,False,True,False,False
1113.0-2018-000-ORG-083-000,1113,ACERRU,2018,1,True,False,True,False,False
1113.0-2018-000-ORG-084-000,1113,ACERRU,2018,1,True,False,True,False,False
1113.0-2018-000-ORG-085-000,1113,ACERRU,2018,1,True,False,True,False,False
1113.0-2018-000-ORG-086-000,1113,ACERRU,2018,1,True,False,True,False,False
1113.0-2018-000-ORG-087-000,1113,ACERRU,2018,1,True,False,True,False,False
1113.0-2018-000-ORG-088-000,1113,ACERRU,2018,1,True,False,True,False,False
1113.0-2018-000-ORG-089-000,1113,ACERRU,2018,1,True,False,True,False,False
1113.0-2018-000-ORG-090-000,1113,ACERRU,2018,1,True,False,True,False,False
1113.0-2018-000-ORG-091-000,1113,ACERRU,2018,1,True,False,True,False,False
1113.0-2018-000-ORG-092-000,1113,ACERRU,2018,1,True,False,True,False,False
1113.0-2018-000-ORG-093-000,1113,ACERRU,2018,1,True,False,True,False,False
1113.0-2018-000-ORG-094-000,1113,ACERRU,2018,1,True,False,True,False,False
1113.0-2018-000-ORG-095-000,1113,PINUST,2018,1,True,False,True,False,False
1113.0-2018-000-ORG-096-000,1113,PINUST,2018,1,True,False,True,False,False
1113.0-2018-000-ORG-097-000,1113,ACERRU,2018,1,True,False,True,False,False
1113.0-2018-000-ORG-098-000,1113,ACERRU,2018,1,True,False,True,False,False
1113.0-2018-000-ORG-099-000,1113,ACERRU,2018,1,True,False,True,False,False
1113.0-2018-000-ORG-100-000,1113,ACERRU,2018,1,True,False,True,False,False
1113.0-2018-000-UNT-001-000,1113,ACERRU,2018,1,True,False,True,False,False
1113.0-2018-000-YLW-026-000,1113,ACERRU,2018,1,True,False,True,False,False
1113.0-2018-000-YLW-027-000,1113,ACERRU,2018,1,True,False,True,False,False
1113.0-2018-000-YLW-028-000,1113,ACERRU,2018,1,True,False,True,False,False
1113.0-2018-000-YLW-029-000,1113,ACERRU,2018,1,True,False,True,False,False
1113.0-2018-000-YLW-030-000,1113,PINUST,2018,1,True,False,True,False,False
1113.0-2018-000-YLW-031-000,1113,ACERRU,2018,1,True,False,True,False,False
1113.0-2018-000-YLW-032-000,1113,ACERRU,2018,1,True,False,True,False,False
1113.0-2018-000-YLW-033-000,1113,ACERRU,2018,1,True,False,True,False,False
1113.0-2018-000-YLW-034-000,1113,ACERRU,2018,1,True,False,True,False,False
1113.0-2018-000-YLW-035-000,1113,ACERRU,2018,1,True,False,True,False,False
1113.0-2018-000-YLW-036-000,1113,ACERRU,2018,1,True,False,True,False,False
1113.0-2018-000-YLW-037-000,1113,ACERRU,2018,1,True,False,True,False,False
1113.0-2018-000-YLW-038-000,1113,ACERRU,2018,1,True,False,True,False,False
1113.0-2018-000-YLW-039-000,1113,ACERRU,2018,1,True,False,True,False,False
1113.0-2018-000-YLW-040-000,1113,ACERRU,2018,1,True,False,True,False,False
1113.0-2018-000-YLW-041-000,1113,ACERRU,2018,1,True,False,True,False,False
1113.0-2018-000-YLW-042-000,1113,ACERRU,2018,1,True,False,True,False,False
1113.0-2018-000-YLW-043-000,1113,ACERRU,2018,1,True,False,True,False,False
1113.0-2018-000-YLW-044-000,1113,ACERRU,2018,1,True,False,True,False,False
1113.0-2018-000-YLW-045-000,1113,ACERRU,2018,1,True,False,True,False,False
1113.0-2018-000-YLW-046-000,1113,ACERRU,2018,1,True,False,True,False,False
1113.0-2018-000-YLW-047-000,1113,ACERRU,2018,1,True,False,True,False,False
1113.0-2020-000-BLU-071-000,1113,ACERRU,2020,1,True,False,True,False,False
1113.0-2020-000-RED-076-000,1113,ACERRU,2020,1,True,False,True,False,False
1113.0-2020-000-RED-077-000,1113,ACERRU,2020,1,True,False,True,False,False
1113.0-2021-000-WHT-026-000,1113,PINUST,2021,1,True,False,True,False,False
1113.0-2021-000-WHT-027-000,1113,PINUST,2021,1,True,False,True,False,False
1113.0-2021-000-WHT-028-000,1113,PINUST,2021,1,True,False,True,False,False
1113.0-2021-000-WHT-029-000,1113,PINUST,2021,1,True,False,True,False,False
1113.0-2021-000-WHT-030-000,1113,PINUST,2021,1,True,False,True,False,False
1113.0-2021-000-WHT-031-000,1113,PINUST,2021,1,True,False,True,False,False
1113.0-2021-000-WHT-032-000,1113,PINUST,2021,1,True,False,True,False,False
1113.0-2023-000-BLU-076-000,1113,VIBUAC,2023,1,True,False,True,False,False
1114.0-2017-000-ORG-027-000,1114,QUERRU,2017,0,True,True,False,False,False
1114.0-2017-000-ORG-028-000,1114,QUERRU,2017,0,True,True,False,False,False
1114.0-2017-000-ORG-029-000,1114,QUERRU,2017,0,True,True,False,False,False
1114.0-2017-000-ORG-030-000,1114,ACERRU,2017,0,True,True,False,False,False
1114.0-2018-000-BLU-002-000,1114,ACERRU,2018,1,True,False,True,False,False
1114.0-2018-000-BLU-029-000,1114,ACERRU,2018,1,True,False,True,False,False
1114.0-2018-000-BLU-072-000,1114,ACERRU,2018,1,True,False,True,False,False
1114.0-2018-000-BLU-073-000,1114,ACERRU,2018,1,True,False,True,False,False
1114.0-2018-000-BLU-076-000,1114,ACERRU,2018,1,True,False,True,False,False
1114.0-2018-000-BLU-087-000,1114,ACERRU,2018,1,True,False,True,False,False
1114.0-2018-000-BLU-089-000,1114,ACERRU,2018,1,True,False,True,False,False
1114.0-2018-000-BLU-093-000,1114,ACERRU,2018,1,True,False,True,False,False
1114.0-2018-000-BLU-099-000,1114,ACERRU,2018,1,True,False,True,False,False
1114.0-2018-000-BLU-100-000,1114,PINUST,2018,1,True,False,True,False,False
1114.0-2018-000-UNT-001-000,1114,ACERRU,2018,1,True,False,True,False,False
1114.0-2019-000-YLW-088-000,1114,ACERRU,2019,1,True,False,True,False,False
1114.0-2019-000-YLW-089-000,1114,ACERRU,2019,1,True,False,True,False,False
1114.0-2019-000-YLW-093-000,1114,ACERRU,2019,1,True,False,True,False,False
1114.0-2020-000-RED-078-000,1114,ACERRU,2020,1,True,False,True,False,False
1114.0-2020-000-RED-079-000,1114,ACERRU,2020,1,True,False,True,False,False
1114.0-2020-000-RED-080-000,1114,ACERRU,2020,1,True,False,True,False,False
1114.0-2020-000-RED-081-000,1114,ACERRU,2020,1,True,False,True,False,False
1114.0-2020-000-RED-082-000,1114,ACERRU,2020,1,True,False,True,False,False
1114.0-2020-000-RED-083-000,1114,ACERRU,2020,1,True,False,True,False,False
1114.0-2020-000-RED-084-000,1114,ACERRU,2020,1,True,False,True,False,False
1114.0-2020-000-RED-085-000,1114,ACERRU,2020,1,True,False,True,False,False
1114.0-2021-000-WHT-033-000,1114,PINUST,2021,1,True,False,True,False,False
1114.0-2021-000-WHT-034-000,1114,PINUST,2021,1,True,False,True,False,False
1114.0-2021-000-WHT-035-000,1114,PINUST,2021,1,True,False,True,False,False
1114.0-2021-000-WHT-036-000,1114,QUERRU,2021,1,True,False,True,False,False
1114.0-2021-000-WHT-037-000,1114,PINUST,2021,1,True,False,True,False,False
1114.0-2021-000-WHT-038-000,1114,PINUST,2021,1,True,False,True,False,False
1114.0-2021-000-WHT-039-000,1114,PINUST,2021,1,True,False,True,False,False
1114.0-2023-000-BLU-077-000,1114,ACERRU,2023,1,True,False,True,False,False
1115.0-2017-000-ORG-021-000,1115,ACERRU,2017,0,True,True,False,False,False
1115.0-2017-000-ORG-022-000,1115,QUERRU,2017,0,True,True,False,False,False
1115.0-2017-000-ORG-023-000,1115,QUERRU,2017,0,True,True,False,False,False
1115.0-2017-000-ORG-024-000,1115,ACERRU,2017,0,True,True,False,False,False
1115.0-2017-000-ORG-025-000,1115,ACERRU,2017,0,True,True,False,False,False
1115.0-2017-000-ORG-026-000,1115,ACERRU,2017,0,True,True,False,False,False
1115.0-2018-000-YLW-050-000,1115,QUERRU,2018,1,True,False,True,False,False
1115.0-2018-000-YLW-053-000,1115,PINUST,2018,1,True,False,True,False,False
1115.0-2018-000-YLW-066-000,1115,PINUST,2018,1,True,False,True,False,False
1115.0-2018-000-YLW-073-000,1115,PINUST,2018,1,True,False,True,False,False
1115.0-2018-000-YLW-078-000,1115,PINUST,2018,1,True,False,True,False,False
1115.0-2018-000-YLW-081-000,1115,ACERRU,2018,1,True,False,True,False,False
1115.0-2018-000-YLW-084-000,1115,ACERRU,2018,1,True,False,True,False,False
1115.0-2018-000-YLW-096-000,1115,ACERRU,2018,1,True,False,True,False,False
1115.0-2019-000-YLW-097-000,1115,ACERRU,2019,1,True,False,True,False,False
1115.0-2019-000-YLW-100-000,1115,UNKNXX,2019,1,True,False,True,False,False
1115.0-2020-000-RED-086-000,1115,ACERRU,2020,1,True,False,True,False,False
1115.0-2020-000-RED-087-000,1115,ACERRU,2020,1,True,False,True,False,False
1115.0-2020-000-RED-088-000,1115,BETUXX,2020,1,True,False,True,False,False
1115.0-2021-000-WHT-040-000,1115,PINUST,2021,1,True,False,True,False,False
1115.0-2021-000-WHT-041-000,1115,ACERRU,2021,1,True,False,True,False,False
1115.0-2021-000-WHT-042-000,1115,PINUST,2021,1,True,False,True,False,False
1115.0-2023-000-BLU-078-000,1115,ACERRU,2023,1,True,False,True,False,False
1115.0-2023-000-BLU-079-000,1115,ACERRU,2023,1,True,False,True,False,False
1116.0-2017-000-ORG-007-000,1116,QUERRU,2017,0,True,True,False,False,False
1116.0-2017-000-ORG-008-000,1116,QUERRU,2017,0,True,True,False,False,False
1116.0-2017-000-ORG-009-000,1116,QUERRU,2017,0,True,True,False,False,False
1116.0-2017-000-ORG-010-000,1116,QUERRU,2017,0,True,True,False,False,False
1116.0-2017-000-ORG-011-000,1116,ACERRU,2017,0,True,True,False,False,False
1116.0-2018-000-YLW-051-000,1116,PINUST,2018,1,True,False,True,False,False
1116.0-2018-000-YLW-052-000,1116,ACERRU,2018,1,True,False,True,False,False
1116.0-2018-000-YLW-053-000,1116,PINUST,2018,1,True,False,True,False,False
1116.0-2018-000-YLW-054-000,1116,PINUST,2018,1,True,False,True,False,False
1116.0-2019-000-RED-078-000,1116,ACERRU,2019,1,True,False,True,False,False
1116.0-2019-000-RED-083-000,1116,ACERRU,2019,1,True,False,True,False,False
1116.0-2020-000-RED-089-000,1116,TSUGCA,2020,1,True,False,True,False,False
1116.0-2021-000-WHT-043-000,1116,PINUST,2021,1,True,False,True,False,False
1116.0-2021-000-WHT-044-000,1116,PINUST,2021,1,True,False,True,False,False
1116.0-2021-000-WHT-045-000,1116,PINUST,2021,1,True,False,True,False,False
1116.0-2021-000-WHT-046-000,1116,PINUST,2021,1,True,False,True,False,False
1116.0-2021-000-WHT-047-000,1116,PINUST,2021,1,True,False,True,False,False
1116.0-2021-000-WHT-048-000,1116,PINUST,2021,1,True,False,True,False,False
1116.0-2021-000-WHT-049-000,1116,PINUST,2021,1,True,False,True,False,False
1117.0-2017-000-ORG-019-000,1117,ACERRU,2017,0,True,True,False,False,False
1117.0-2017-000-ORG-020-000,1117,ACERRU,2017,0,True,True,False,False,False
1117.0-2018-000-YLW-055-000,1117,ACERRU,2018,1,True,False,True,False,False
1117.0-2018-000-YLW-056-000,1117,ACERRU,2018,1,True,False,True,False,False
1117.0-2018-000-YLW-057-000,1117,ACERRU,2018,1,True,False,True,False,False
1117.0-2018-000-YLW-058-000,1117,ACERRU,2018,1,True,False,True,False,False
1117.0-2018-000-YLW-059-000,1117,ACERRU,2018,1,True,False,True,False,False
1117.0-2018-000-YLW-060-000,1117,ACERRU,2018,1,True,False,True,False,False
1117.0-2018-000-YLW-061-000,1117,ACERRU,2018,1,True,False,True,False,False
1117.0-2018-000-YLW-062-000,1117,ACERRU,2018,1,True,False,True,False,False
1117.0-2018-000-YLW-063-000,1117,ACERRU,2018,1,True,False,True,False,False
1117.0-2018-000-YLW-064-000,1117,ACERRU,2018,1,True,False,True,False,False
1117.0-2018-000-YLW-065-000,1117,ACERRU,2018,1,True,False,True,False,False
1117.0-2018-000-YLW-066-000,1117,ACERRU,2018,1,True,False,True,False,False
1117.0-2018-000-YLW-067-000,1117,ACERRU,2018,1,True,False,True,False,False
1117.0-2018-000-YLW-068-000,1117,ACERRU,2018,1,True,False,True,False,False
1117.0-2018-000-YLW-069-000,1117,ACERRU,2018,1,True,False,True,False,False
1117.0-2018-000-YLW-070-000,1117,ACERRU,2018,1,True,False,True,False,False
1117.0-2018-000-YLW-071-000,1117,ACERRU,2018,1,True,False,True,False,False
1117.0-2018-000-YLW-072-000,1117,ACERRU,2018,1,True,False,True,False,False
1117.0-2019-000-WHT-028-000,1117,ACERRU,2019,1,True,False,True,False,False
1117.0-2019-000-WHT-029-000,1117,ACERRU,2019,1,True,False,True,False,False
1117.0-2019-000-WHT-037-000,1117,UNKNXX,2019,1,True,False,True,False,False
1117.0-2019-000-WHT-058-000,1117,ACERRU,2019,1,True,False,True,False,False
1117.0-2020-000-RED-090-000,1117,ACERRU,2020,1,True,False,True,False,False
1117.0-2020-000-RED-091-000,1117,ACERRU,2020,1,True,False,True,False,False
1117.0-2020-000-RED-092-000,1117,TSUGCA,2020,1,True,False,True,False,False
1117.0-2021-000-BLU-076-000,1117,ACERPE,2021,1,True,False,True,False,False
1117.0-2021-000-BLU-077-000,1117,PINUST,2021,1,True,False,True,False,False
1117.0-2021-000-BLU-078-000,1117,PINUST,2021,1,True,False,True,False,False
1117.0-2021-000-BLU-079-000,1117,PINUST,2021,1,True,False,True,False,False
1117.0-2021-000-BLU-080-000,1117,PINUST,2021,1,True,False,True,False,False
1117.0-2021-000-BLU-081-000,1117,PINUST,2021,1,True,False,True,False,False
1117.0-2021-000-BLU-082-000,1117,PINUST,2021,1,True,False,True,False,False
1117.0-2021-000-BLU-083-000,1117,PINUST,2021,1,True,False,True,False,False
1117.0-2023-000-BLU-031-000,1117,UNKNXX,2023,0,True,False,False,False,False
1118.0-2017-000-ORG-012-000,1118,ACERRU,2017,0,True,True,False,False,False
1118.0-2017-000-ORG-013-000,1118,QUERRU,2017,0,True,True,False,False,False
1118.0-2017-000-ORG-014-000,1118,ACERRU,2017,0,True,True,False,False,False
1118.0-2017-000-ORG-015-000,1118,ACERRU,2017,0,True,True,False,False,False
1118.0-2017-000-ORG-016-000,1118,QUERRU,2017,0,True,True,False,False,False
1118.0-2017-000-RED-079-000,1118,ACERRU,2017,0,True,True,False,False,False
1118.0-2018-000-ORG-047-000,1118,ACERRU,2018,1,True,False,True,False,False
1118.0-2018-000-ORG-053-000,1118,ACERRU,2018,1,True,False,True,False,False
1118.0-2018-000-ORG-054-000,1118,ACERRU,2018,1,True,False,True,False,False
1118.0-2018-000-ORG-056-000,1118,ACERRU,2018,1,True,False,True,False,False
1118.0-2018-000-ORG-078-000,1118,ACERRU,2018,1,True,False,True,False,False
1118.0-2018-000-ORG-082-000,1118,ACERRU,2018,1,True,False,True,False,False
1118.0-2018-000-YLW-051-000,1118,ACERRU,2018,1,True,False,True,False,False
1118.0-2018-000-YLW-052-000,1118,ACERRU,2018,1,True,False,True,False,False
1118.0-2018-000-YLW-053-000,1118,ACERRU,2018,1,True,False,True,False,False
1118.0-2018-000-YLW-054-000,1118,ACERRU,2018,1,True,False,True,False,False
1118.0-2018-000-YLW-055-000,1118,ACERRU,2018,1,True,False,True,False,False
1118.0-2018-000-YLW-056-000,1118,ACERRU,2018,1,True,False,True,False,False
1118.0-2018-000-YLW-057-000,1118,ACERRU,2018,1,True,False,True,False,False
1118.0-2018-000-YLW-058-000,1118,ACERRU,2018,1,True,False,True,False,False
1118.0-2018-000-YLW-059-000,1118,TSUGCA,2018,1,True,False,True,False,False
1118.0-2018-000-YLW-060-000,1118,ACERRU,2018,1,True,False,True,False,False
1118.0-2018-000-YLW-061-000,1118,ACERRU,2018,1,True,False,True,False,False
1118.0-2018-000-YLW-062-000,1118,ACERRU,2018,1,True,False,True,False,False
1118.0-2018-000-YLW-063-000,1118,ACERRU,2018,1,True,False,True,False,False
1118.0-2018-000-YLW-064-000,1118,PINUST,2018,1,True,False,True,False,False
1118.0-2018-000-YLW-065-000,1118,ACERRU,2018,1,True,False,True,False,False
1118.0-2018-000-YLW-066-000,1118,ACERRU,2018,1,True,False,True,False,False
1118.0-2018-000-YLW-067-000,1118,ACERRU,2018,1,True,False,True,False,False
1118.0-2018-000-YLW-068-000,1118,ACERRU,2018,1,True,False,True,False,False
1118.0-2018-000-YLW-069-000,1118,ACERRU,2018,1,True,False,True,False,False
1118.0-2018-000-YLW-070-000,1118,ACERRU,2018,1,True,False,True,False,False
1118.0-2018-000-YLW-071-000,1118,ACERRU,2018,1,True,False,True,False,False
1118.0-2018-000-YLW-072-000,1118,ACERRU,2018,1,True,False,True,False,False
1118.0-2018-000-YLW-073-000,1118,ACERRU,2018,1,True,False,True,False,False
1118.0-2018-000-YLW-074-000,1118,ACERRU,2018,1,True,False,True,False,False
1118.0-2018-000-YLW-075-000,1118,ACERRU,2018,1,True,False,True,False,False
1118.0-2018-000-YLW-076-000,1118,ACERRU,2018,1,True,False,True,False,False
1118.0-2018-000-YLW-077-000,1118,ACERRU,2018,1,True,False,True,False,False
1118.0-2019-000-WHT-065-000,1118,ACERRU,2019,1,True,False,True,False,False
1118.0-2019-000-WHT-068-000,1118,UNKNXX,2019,1,True,False,True,False,False
1118.0-2020-000-RED-093-000,1118,ACERRU,2020,1,True,False,True,False,False
1118.0-2020-000-RED-094-000,1118,ACERRU,2020,1,True,False,True,False,False
1118.0-2020-000-RED-095-000,1118,ACERRU,2020,1,True,False,True,False,False
1118.0-2023-000-BLU-076-000,1118,ACERRU,2023,1,True,False,True,False,False
1118.0-2023-000-WHT-077-000,1118,ACERRU,2023,1,True,False,True,False,False
1118.0-2023-000-WHT-078-000,1118,ACERRU,2023,1,True,False,True,False,False
1118.0-2023-000-WHT-079-000,1118,ACERRU,2023,1,True,False,True,False,False
1119.0-2017-000-ORG-017-000,1119,ACERRU,2017,0,True,True,False,False,False
1119.0-2017-000-ORG-018-000,1119,QUERRU,2017,0,True,True,False,False,False
1119.0-2017-000-ORG-019-000,1119,QUERRU,2017,0,True,True,False,False,False
1119.0-2018-000-YLW-078-000,1119,PINUST,2018,1,True,False,True,False,False
1119.0-2018-000-YLW-079-000,1119,PINUST,2018,1,True,False,True,False,False
1119.0-2019-000-YLW-057-000,1119,ACERRU,2019,1,True,False,True,False,False
1119.0-2020-000-RED-096-000,1119,PINUST,2020,1,True,False,True,False,False
1119.0-2020-000-RED-097-000,1119,ACERRU,2020,1,True,False,True,False,False
1119.0-2023-000-WHT-080-000,1119,BETUXX,2023,1,True,False,True,False,False
1119.0-2023-000-WHT-081-000,1119,ACERRU,2023,1,True,False,True,False,False
1120.0-2017-000-ORG-009-000,1120,VIBUNU,2017,0,True,True,False,False,False
1120.0-2017-000-ORG-010-000,1120,ACERPE,2017,0,True,True,False,False,False
1120.0-2017-000-ORG-011-000,1120,ACERRU,2017,0,True,True,False,False,False
1120.0-2017-000-ORG-012-000,1120,QUERRU,2017,0,True,True,False,False,False
1120.0-2017-000-ORG-013-000,1120,TSUGCA,2017,0,True,True,False,False,False
1120.0-2017-000-ORG-014-000,1120,PINUST,2017,0,True,True,False,False,False
1120.0-2017-000-ORG-015-000,1120,QUERRU,2017,0,True,True,False,False,False
1120.0-2017-000-ORG-016-000,1120,ACERRU,2017,0,True,True,False,False,False
1120.0-2017-000-ORG-017-000,1120,PINUST,2017,0,True,True,False,False,False
1120.0-2017-000-ORG-018-000,1120,ACERRU,2017,0,True,True,False,False,False
1120.0-2018-000-WHT-076-000,1120,ACERRU,2018,1,True,False,True,False,False
1120.0-2018-000-YLW-080-000,1120,ACERRU,2018,1,True,False,True,False,False
1120.0-2018-000-YLW-081-000,1120,PINUST,2018,1,True,False,True,False,False
1120.0-2018-000-YLW-082-000,1120,PINUST,2018,1,True,False,True,False,False
1120.0-2018-000-YLW-083-000,1120,PINUST,2018,1,True,False,True,False,False
1120.0-2018-000-YLW-084-000,1120,PINUST,2018,1,True,False,True,False,False
1120.0-2018-000-YLW-085-000,1120,ACERRU,2018,1,True,False,True,False,False
1120.0-2018-000-YLW-086-000,1120,ACERRU,2018,1,True,False,True,False,False
1120.0-2018-000-YLW-087-000,1120,ACERRU,2018,1,True,False,True,False,False
1120.0-2018-000-YLW-088-000,1120,ACERRU,2018,1,True,False,True,False,False
1120.0-2018-000-YLW-089-000,1120,ACERRU,2018,1,True,False,True,False,False
1120.0-2018-000-YLW-090-000,1120,PINUST,2018,1,True,False,True,False,False
1120.0-2018-000-YLW-091-000,1120,ACERRU,2018,1,True,False,True,False,False
1120.0-2018-000-YLW-092-000,1120,ACERRU,2018,1,True,False,True,False,False
1120.0-2018-000-YLW-093-000,1120,ACERRU,2018,1,True,False,True,False,False
1120.0-2018-000-YLW-094-000,1120,ACERRU,2018,1,True,False,True,False,False
1120.0-2018-000-YLW-095-000,1120,ACERRU,2018,1,True,False,True,False,False
1120.0-2018-000-YLW-096-000,1120,ACERRU,2018,1,True,False,True,False,False
1120.0-2018-000-YLW-097-000,1120,ACERRU,2018,1,True,False,True,False,False
1120.0-2018-000-YLW-098-000,1120,ACERRU,2018,1,True,False,True,False,False
1120.0-2018-000-YLW-099-000,1120,ACERRU,2018,1,True,False,True,False,False
1120.0-2018-000-YLW-0UT-000,1120,ACERRU,2018,1,True,False,True,False,False
1120.0-2018-000-YLW-100-000,1120,ACERRU,2018,1,True,False,True,False,False
1120.0-2019-000-BLU-014-000,1120,ACERRU,2019,1,True,False,True,False,False
1120.0-2019-000-BLU-024-000,1120,ACERRU,2019,1,True,False,True,False,False
1120.0-2019-000-BLU-065-000,1120,ACERRU,2019,1,True,False,True,False,False
1120.0-2019-000-BLU-073-000,1120,ACERRU,2019,1,True,False,True,False,False
1120.0-2019-000-BLU-076-000,1120,ACERRU,2019,1,True,False,True,False,False
1120.0-2019-000-BLU-078-000,1120,ACERRU,2019,1,True,False,True,False,False
1120.0-2019-000-BLU-089-000,1120,ACERRU,2019,1,True,False,True,False,False
1120.0-2019-000-BLU-091-000,1120,ACERPE,2019,1,True,False,True,False,False
1120.0-2020-000-RED-098-000,1120,ACERRU,2020,1,True,False,True,False,False
1120.0-2020-000-RED-099-000,1120,ACERPE,2020,1,True,False,True,False,False
1120.0-2020-000-RED-100-000,1120,ACERRU,2020,1,True,False,True,False,False
1120.0-2020-000-YLW-001-000,1120,ACERRU,2020,1,True,False,True,False,False
1120.0-2021-000-BLU-084-000,1120,ACERRU,2021,1,True,False,True,False,False
1120.0-2022-000-BLU-082-000,1120,ACERRU,2022,1,True,False,True,False,False
1120.0-2023-000-WHT-082-000,1120,ACERRU,2023,1,True,False,True,False,False
1120.0-2023-000-WHT-083-000,1120,ACERRU,2023,1,True,False,True,False,False
1121.0-2017-000-ORG-003-000,1121,QUERRU,2017,0,True,True,False,False,False
1121.0-2017-000-ORG-004-000,1121,VACCCO,2017,0,True,True,False,False,False
1121.0-2017-000-ORG-005-000,1121,FAGUGR,2017,0,True,True,False,False,False
1121.0-2017-000-ORG-006-000,1121,ACERRU,2017,0,True,True,False,False,False
1121.0-2017-000-ORG-007-000,1121,QUERRU,2017,0,True,True,False,False,False
1121.0-2017-000-ORG-008-000,1121,QUERRU,2017,0,True,True,False,False,False
1121.0-2018-000-WHT-077-000,1121,ACERRU,2018,1,True,False,True,False,False
1121.0-2019-000-BLU-057-000,1121,ACERRU,2019,1,True,False,True,False,False
1121.0-2019-000-BLU-069-000,1121,VIBULA,2019,1,True,False,True,False,False
1121.0-2019-000-BLU-072-000,1121,VIBULA,2019,1,True,False,True,False,False
1121.0-2019-000-BLU-083-000,1121,ACERRU,2019,1,True,False,True,False,False
1121.0-2019-000-BLU-087-000,1121,ACERRU,2019,1,True,False,True,False,False
1121.0-2019-000-BLU-087-D00,1121,ACERRU,2019,1,True,False,True,False,False
1121.0-2019-000-BLU-093-000,1121,ACERRU,2019,1,True,False,True,False,False
1122.0-2017-000-RED-080-000,1122,ACERRU,2017,0,True,True,False,False,False
1122.0-2017-000-RED-081-000,1122,ACERRU,2017,0,True,True,False,False,False
1122.0-2017-000-RED-082-000,1122,VACCAN,2017,0,True,True,False,False,False
1122.0-2017-000-RED-083-000,1122,VACCAN,2017,0,True,True,False,False,False
1122.0-2017-000-RED-084-000,1122,VACCAN,2017,0,True,True,False,False,False
1122.0-2017-000-RED-085-000,1122,VACCAN,2017,0,True,True,False,False,False
1122.0-2017-000-RED-086-000,1122,VACCAN,2017,0,True,True,False,False,False
1122.0-2017-000-RED-087-000,1122,VACCAN,2017,0,True,True,False,False,False
1122.0-2017-000-RED-088-000,1122,VACCAN,2017,0,True,True,False,False,False
1122.0-2017-000-RED-089-000,1122,VACCAN,2017,0,True,True,False,False,False
1122.0-2017-000-RED-090-000,1122,VACCAN,2017,0,True,True,False,False,False
1122.0-2017-000-RED-091-000,1122,VACCAN,2017,0,True,True,False,False,False
1122.0-2017-000-RED-092-000,1122,VACCAN,2017,0,True,True,False,False,False
1122.0-2017-000-YLW-070-000,1122,TSUGCA,2017,0,True,True,False,False,False
1122.0-2017-000-YLW-071-000,1122,ACERRU,2017,0,True,True,False,False,False
1122.0-2017-000-YLW-072-000,1122,ACERRU,2017,0,True,True,False,False,False
1122.0-2017-000-YLW-073-000,1122,QUERRU,2017,0,True,True,False,False,False
1122.0-2017-000-YLW-074-000,1122,ACERRU,2017,0,True,True,False,False,False
1122.0-2017-000-YLW-075-000,1122,ACERRU,2017,0,True,True,False,False,False
1122.0-2018-000-WHT-078-000,1122,PINUST,2018,1,True,False,True,False,False
1122.0-2018-000-WHT-079-000,1122,PINUST,2018,1,True,False,True,False,False
1122.0-2018-000-WHT-080-000,1122,ACERRU,2018,1,True,False,True,False,False
1122.0-2018-000-WHT-081-000,1122,ACERRU,2018,1,True,False,True,False,False
1122.0-2018-000-WHT-082-000,1122,PINUST,2018,1,True,False,True,False,False
1122.0-2018-000-WHT-083-000,1122,ACERRU,2018,1,True,False,True,False,False
1122.0-2018-000-WHT-084-000,1122,ACERRU,2018,1,True,False,True,False,False
1122.0-2018-000-WHT-085-000,1122,ACERRU,2018,1,True,False,True,False,False
1122.0-2018-000-WHT-086-000,1122,ACERRU,2018,1,True,False,True,False,False
1122.0-2018-000-WHT-087-000,1122,ACERRU,2018,1,True,False,True,False,False
1122.0-2018-000-WHT-088-000,1122,PINUST,2018,1,True,False,True,False,False
1122.0-2019-000-WHT-017-000,1122,ACERRU,2019,1,True,False,True,False,False
1122.0-2019-000-WHT-077-000,1122,VACCAN,2019,1,True,False,True,False,False
1122.0-2020-000-YLW-002-000,1122,ACERRU,2020,1,True,False,True,False,False
1122.0-2020-000-YLW-003-000,1122,TSUGCA,2020,1,True,False,True,False,False
1122.0-2020-000-YLW-004-000,1122,ACERRU,2020,1,True,False,True,False,False
1122.0-2021-000-BLU-085-000,1122,VACCCO,2021,1,True,False,True,False,False
1122.0-2021-000-BLU-086-000,1122,PINUST,2021,1,True,False,True,False,False
1122.0-2022-000-BLU-081-000,1122,VACCCO,2022,0,True,False,False,False,False
1122.0-2023-000-WHT-084-000,1122,VACCCO,2023,1,True,False,True,False,False
1123.0-2017-000-ORG-001-000,1123,ACERRU,2017,0,True,True,False,False,False
1123.0-2017-000-ORG-002-000,1123,ACERRU,2017,0,True,True,False,False,False
1123.0-2017-000-WHT-096-000,1123,ACERRU,2017,0,True,True,False,False,False
1123.0-2017-000-WHT-097-000,1123,ACERRU,2017,0,True,True,False,False,False
1123.0-2017-000-WHT-098-000,1123,ACERRU,2017,0,True,True,False,False,False
1123.0-2017-000-WHT-099-000,1123,ACERRU,2017,0,True,True,False,False,False
1123.0-2017-000-WHT-100-000,1123,ACERRU,2017,0,True,True,False,False,False
1123.0-2018-000-WHT-089-000,1123,ACERRU,2018,1,True,False,True,False,False
1123.0-2018-000-WHT-090-000,1123,ACERRU,2018,1,True,False,True,False,False
1123.0-2018-000-WHT-091-000,1123,ACERRU,2018,1,True,False,True,False,False
1123.0-2018-000-WHT-092-000,1123,ACERRU,2018,1,True,False,True,False,False
1123.0-2018-000-WHT-093-000,1123,ACERRU,2018,1,True,False,True,False,False
1123.0-2019-000-YLW-081-000,1123,ACERRU,2019,1,True,False,True,False,False
1123.0-2020-000-YLW-005-000,1123,PINUST,2020,1,True,False,True,False,False
1123.0-2020-000-YLW-006-000,1123,ACERRU,2020,1,True,False,True,False,False
1123.0-2020-000-YLW-007-000,1123,ACERRU,2020,1,True,False,True,False,False
1123.0-2020-000-YLW-008-000,1123,ACERRU,2020,1,True,False,True,False,False
1123.0-2020-000-YLW-009-000,1123,TSUGCA,2020,1,True,False,True,False,False
1123.0-2020-000-YLW-010-000,1123,TSUGCA,2020,1,True,False,True,False,False
1123.0-2020-000-YLW-011-000,1123,TSUGCA,2020,1,True,False,True,False,False
1123.0-2020-000-YLW-012-000,1123,TSUGCA,2020,1,True,False,True,False,False
1123.0-2020-000-YLW-013-000,1123,ACERRU,2020,1,True,False,True,False,False
1123.0-2021-000-BLU-087-000,1123,PINUST,2021,1,True,False,True,False,False
1123.0-2021-000-BLU-088-000,1123,PINUST,2021,1,True,False,True,False,False
1123.0-2021-000-BLU-089-000,1123,PINUST,2021,1,True,False,True,False,False
1123.0-2023-000-WHT-084-000,1123,QUERRU,2023,0,True,False,False,False,False
1124.0-2017-000-WHT-088-000,1124,QUERRU,2017,0,True,True,False,False,False
1124.0-2017-000-WHT-089-000,1124,ACERRU,2017,0,True,True,False,False,False
1124.0-2017-000-WHT-090-000,1124,ACERRU,2017,0,True,True,False,False,False
1124.0-2017-000-WHT-091-000,1124,QUERRU,2017,0,True,True,False,False,False
1124.0-2017-000-WHT-092-000,1124,QUERRU,2017,0,True,True,False,False,False
1124.0-2017-000-WHT-093-000,1124,ACERRU,2017,0,True,True,False,False,False
1124.0-2017-000-WHT-094-000,1124,ACERRU,2017,0,True,True,False,False,False
1124.0-2017-000-WHT-095-000,1124,ACERRU,2017,0,True,True,False,False,False
1124.0-2018-000-UNT-001-000,1124,ACERRU,2018,1,True,False,True,False,False
1124.0-2018-000-WHT-096-000,1124,ACERRU,2018,1,True,False,True,False,False
1124.0-2018-000-WHT-097-000,1124,ACERRU,2018,1,True,False,True,False,False
1124.0-2018-000-WHT-098-000,1124,ACERRU,2018,1,True,False,True,False,False
1124.0-2018-000-WHT-099-000,1124,ACERRU,2018,1,True,False,True,False,False
1124.0-2018-000-WHT-100-000,1124,ACERRU,2018,1,True,False,True,False,False
1124.0-2018-000-YLW-076-000,1124,ACERRU,2018,1,True,False,True,False,False
1124.0-2018-000-YLW-077-000,1124,ACERRU,2018,1,True,False,True,False,False
1124.0-2018-000-YLW-078-000,1124,ACERRU,2018,1,True,False,True,False,False
1124.0-2018-000-YLW-079-000,1124,ACERRU,2018,1,True,False,True,False,False
1124.0-2018-000-YLW-080-000,1124,ACERRU,2018,1,True,False,True,False,False
1124.0-2018-000-YLW-081-000,1124,TSUGCA,2018,1,True,False,True,False,False
1124.0-2018-000-YLW-082-000,1124,TSUGCA,2018,1,True,False,True,False,False
1124.0-2018-000-YLW-083-000,1124,TSUGCA,2018,1,True,False,True,False,False
1124.0-2018-000-YLW-084-000,1124,TSUGCA,2018,1,True,False,True,False,False
1124.0-2019-000-RED-035-000,1124,ACERRU,2019,1,True,False,True,False,False
1124.0-2019-000-RED-036-000,1124,ACERRU,2019,1,True,False,True,False,False
1124.0-2019-000-RED-037-000,1124,ACERRU,2019,1,True,False,True,False,False
1124.0-2019-000-RED-038-000,1124,ACERRU,2019,1,True,False,True,False,False
1124.0-2019-000-RED-039-000,1124,ACERRU,2019,1,True,False,True,False,False
1124.0-2019-000-RED-040-000,1124,ACERRU,2019,1,True,False,True,False,False
1124.0-2019-000-RED-042-000,1124,ACERRU,2019,1,True,False,True,False,False
1124.0-2020-000-YLW-014-000,1124,ACERRU,2020,1,True,False,True,False,False
1124.0-2020-000-YLW-015-000,1124,TSUGCA,2020,1,True,False,True,False,False
1124.0-2020-000-YLW-016-000,1124,TSUGCA,2020,1,True,False,True,False,False
1124.0-2020-000-YLW-017-000,1124,TSUGCA,2020,1,True,False,True,False,False
1124.0-2020-000-YLW-018-000,1124,TSUGCA,2020,1,True,False,True,False,False
1124.0-2020-000-YLW-019-000,1124,TSUGCA,2020,1,True,False,True,False,False
1124.0-2020-000-YLW-020-000,1124,TSUGCA,2020,1,True,False,True,False,False
1124.0-2021-000-BLU-090-000,1124,PINUST,2021,1,True,False,True,False,False
1125.0-2023-000-BLU-081-000,1125,TSUGCA,2023,1,True,False,True,False,False
1125.0-2023-000-BLU-082-000,1125,TSUGCA,2023,1,True,False,True,False,False
1125.0-2023-000-BLU-083-000,1125,PINUST,2023,1,True,False,True,False,False
1125.0-2023-000-BLU-084-000,1125,ACERRU,2023,1,True,False,True,False,False
1125.0-2023-000-BLU-085-000,1125,TSUGCA,2023,1,True,False,True,False,False
1125.0-2023-000-BLU-086-000,1125,TSUGCA,2023,1,True,False,True,False,False
1125.0-2023-000-BLU-087-000,1125,ACERRU,2023,1,True,False,True,False,False
1125.0-2023-000-WHT-012-000,1125,TSUGCA,2023,1,True,False,True,False,False
1125.0-2023-000-WHT-013-000,1125,TSUGCA,2023,1,True,False,True,False,False
1125.0-2023-000-WHT-014-000,1125,TSUGCA,2023,1,True,False,True,False,False
1125.0-2023-000-WHT-015-000,1125,TSUGCA,2023,1,True,False,True,False,False
1125.0-2023-000-WHT-016-000,1125,TSUGCA,2023,1,True,False,True,False,False
1125.0-2023-000-WHT-017-000,1125,TSUGCA,2023,1,True,False,True,False,False
1125.0-2023-000-WHT-018-000,1125,TSUGCA,2023,1,True,False,True,False,False
1125.0-2023-000-WHT-019-000,1125,TSUGCA,2023,1,True,False,True,False,False
1125.0-2023-000-WHT-020-000,1125,TSUGCA,2023,1,True,False,True,False,False
1125.0-2023-000-WHT-021-000,1125,TSUGCA,2023,1,True,False,True,False,False
1125.0-2023-000-WHT-022-000,1125,TSUGCA,2023,1,True,False,True,False,False
1125.0-2023-000-WHT-023-000,1125,TSUGCA,2023,1,True,False,True,False,False
1125.0-2023-000-WHT-024-000,1125,BETUXX,2023,1,True,False,True,False,False
1125.0-2023-000-WHT-025-000,1125,TSUGCA,2023,1,True,False,True,False,False
1125.0-2023-000-WHT-080-000,1125,TSUGCA,2023,1,True,False,True,False,False
1125.0-2023-000-WHT-086-000,1125,TSUGCA,2023,1,True,False,True,False,False
1125.0-2023-000-WHT-087-000,1125,TSUGCA,2023,1,True,False,True,False,False
1125.0-2023-000-WHT-088-000,1125,TSUGCA,2023,1,True,False,True,False,False
1125.0-2023-000-WHT-089-000,1125,TSUGCA,2023,1,True,False,True,False,False
1125.0-2023-000-WHT-092-000,1125,TSUGCA,2023,1,True,False,True,False,False
1125.0-2023-000-WHT-093-000,1125,TSUGCA,2023,1,True,False,True,False,False
1125.0-2023-000-WHT-094-000,1125,TSUGCA,2023,1,True,False,True,False,False
1125.0-2023-000-WHT-096-000,1125,TSUGCA,2023,1,True,False,True,False,False
1125.0-2023-000-WHT-097-000,1125,TSUGCA,2023,1,True,False,True,False,False
1125.0-2023-000-WHT-098-000,1125,TSUGCA,2023,1,True,False,True,False,False
1125.0-2023-000-WHT-099-000,1125,TSUGCA,2023,1,True,False,True,False,False
1125.0-2023-000-WHT-100-000,1125,TSUGCA,2023,1,True,False,True,False,False
1409.0-2017-000-BLU-039-000,1409,QUERRU,2017,0,True,True,False,False,False
1409.0-2017-000-BLU-040-000,1409,ACERRU,2017,0,True,True,False,False,False
1409.0-2017-000-BLU-041-000,1409,ACERRU,2017,0,True,True,False,False,False
1409.0-2017-000-BLU-042-000,1409,ACERRU,2017,0,True,True,False,False,False
1409.0-2017-000-BLU-043-000,1409,PINUST,2017,0,True,True,False,False,False
1409.0-2017-000-BLU-044-000,1409,ACERRU,2017,0,True,True,False,False,False
1409.0-2017-000-BLU-045-000,1409,ACERRU,2017,0,True,True,False,False,False
1409.0-2017-000-BLU-046-000,1409,ACERRU,2017,0,True,True,False,False,False
1409.0-2017-000-BLU-047-000,1409,ACERRU,2017,0,True,True,False,False,False
1409.0-2017-000-BLU-048-000,1409,ACERRU,2017,0,True,True,False,False,False
1409.0-2018-000-ORG-067-000,1409,ACERRU,2018,1,True,False,True,False,False
1409.0-2018-000-ORG-068-000,1409,QUERRU,2018,1,True,False,True,False,False
1409.0-2018-000-ORG-069-000,1409,ACERRU,2018,1,True,False,True,False,False
1409.0-2018-000-ORG-070-000,1409,ACERRU,2018,1,True,False,True,False,False
1409.0-2018-000-ORG-071-000,1409,ACERRU,2018,1,True,False,True,False,False
1409.0-2018-000-ORG-072-000,1409,ACERRU,2018,1,True,False,True,False,False
1409.0-2018-000-ORG-073-000,1409,ACERRU,2018,1,True,False,True,False,False
1409.0-2018-000-ORG-074-000,1409,ACERRU,2018,1,True,False,True,False,False
1409.0-2018-000-ORG-075-000,1409,ACERRU,2018,1,True,False,True,False,False
1409.0-2018-000-ORG-076-000,1409,ACERRU,2018,1,True,False,True,False,False
1409.0-2018-000-ORG-077-000,1409,ACERRU,2018,1,True,False,True,False,False
1409.0-2019-000-RED-067-000,1409,ACERRU,2019,1,True,False,True,False,False
1409.0-2019-000-RED-069-000,1409,ACERRU,2019,1,True,False,True,False,False
1409.0-2019-000-RED-071-000,1409,ACERRU,2019,1,True,False,True,False,False
1409.0-2019-000-RED-080-000,1409,ACERRU,2019,1,True,False,True,False,False
1409.0-2019-000-RED-084-000,1409,ACERRU,2019,1,True,False,True,False,False
1409.0-2019-000-RED-086-000,1409,ACERRU,2019,1,True,False,True,False,False
1409.0-2019-000-RED-087-000,1409,ACERRU,2019,1,True,False,True,False,False
1409.0-2019-000-RED-088-000,1409,ACERRU,2019,1,True,False,True,False,False
1409.0-2019-000-RED-089-000,1409,ACERRU,2019,1,True,False,True,False,False
1501.0-2017-000-GRN-001-000,1501,VIBUNU,2017,0,True,True,False,False,False
1501.0-2017-000-GRN-002-000,1501,VACCCO,2017,0,True,True,False,False,False
1501.0-2017-000-GRN-003-000,1501,VACCCO,2017,0,True,True,False,False,False
1501.0-2017-000-GRN-004-000,1501,VACCCO,2017,0,True,True,False,False,False
1501.0-2017-000-GRN-005-000,1501,ACERRU,2017,0,True,True,False,False,False
1501.0-2017-000-YLW-090-000,1501,VACCCO,2017,0,True,True,False,False,False
1501.0-2017-000-YLW-091-000,1501,VACCCO,2017,0,True,True,False,False,False
1501.0-2017-000-YLW-092-000,1501,VACCCO,2017,0,True,True,False,False,False
1501.0-2017-000-YLW-093-000,1501,ACERRU,2017,0,True,True,False,False,False
1501.0-2017-000-YLW-094-000,1501,VIBUNU,2017,0,True,True,False,False,False
1501.0-2017-000-YLW-095-000,1501,VIBUNU,2017,0,True,True,False,False,False
1501.0-2017-000-YLW-096-000,1501,VIBUNU,2017,0,True,True,False,False,False
1501.0-2017-000-YLW-097-000,1501,VACCCO,2017,0,True,True,False,False,False
1501.0-2017-000-YLW-098-000,1501,VACCCO,2017,0,True,True,False,False,False
1501.0-2017-000-YLW-099-000,1501,VIBUNU,2017,0,True,True,False,False,False
1501.0-2017-000-YLW-100-000,1501,ACERRU,2017,0,True,True,False,False,False
1501.0-2018-000-YLW-045-000,1501,ACERRU,2018,1,True,False,True,False,False
1501.0-2018-000-YLW-046-000,1501,VACCCO,2018,1,True,False,True,False,False
1501.0-2018-000-YLW-047-000,1501,ACERRU,2018,1,True,False,True,False,False
1501.0-2018-000-YLW-048-000,1501,VACCCO,2018,1,True,False,True,False,False
1501.0-2018-000-YLW-049-000,1501,ACERRU,2018,1,True,False,True,False,False
1501.0-2018-000-YLW-050-000,1501,VACCCO,2018,1,True,False,True,False,False
1501.0-2019-000-ORG-007-000,1501,ACERRU,2019,1,True,False,True,False,False
1501.0-2020-000-BLU-076-000,1501,VIBULA,2020,1,True,False,True,False,False
1501.0-2020-000-BLU-077-000,1501,ACERRU,2020,1,True,False,True,False,False
1501.0-2021-000-ORG-051-000,1501,PINUST,2021,1,True,False,True,False,False
1501.0-2021-000-ORG-052-000,1501,VIBUNU,2021,1,True,False,True,False,False
1501.0-2021-000-ORG-053-000,1501,VIBUNU,2021,1,True,False,True,False,False
1503.0-2017-000-GRN-006-000,1503,QUERRU,2017,0,True,True,False,False,False
1503.0-2017-000-GRN-007-000,1503,QUERRU,2017,0,True,True,False,False,False
1503.0-2017-000-GRN-008-000,1503,FAGUGR,2017,0,True,True,False,False,False
1505.0-2017-000-GRN-009-000,1505,VACCCO,2017,0,True,True,False,False,False
1505.0-2017-000-GRN-010-000,1505,QUERRU,2017,0,True,True,False,False,False
1505.0-2017-000-GRN-011-000,1505,SORBAM,2017,0,True,True,False,False,False
1505.0-2017-000-GRN-012-000,1505,QUERRU,2017,0,True,True,False,False,False
1505.0-2017-000-GRN-013-000,1505,QUERRU,2017,0,True,True,False,False,False
1505.0-2017-000-GRN-014-000,1505,QUERRU,2017,0,True,True,False,False,False
1505.0-2017-000-GRN-015-000,1505,QUERRU,2017,0,True,True,False,False,False
1505.0-2017-000-GRN-016-000,1505,QUERRU,2017,0,True,True,False,False,False
1505.0-2020-000-BLU-078-000,1505,ACERRU,2020,1,True,False,True,False,False
1505.0-2020-000-BLU-079-000,1505,ACERRU,2020,1,True,False,True,False,False
1505.0-2020-000-BLU-080-000,1505,ACERRU,2020,1,True,False,True,False,False
1505.0-2021-000-ORG-054-000,1505,SORBAM,2021,1,True,False,True,False,False
1505.0-2023-000-ORG-056-000,1505,UNKNXX,2023,0,True,False,False,False,False
1505.0-2023-000-YLW-026-000,1505,ACERRU,2023,1,True,False,True,False,False
1507.0-2017-000-GRN-017-000,1507,QUERRU,2017,0,True,True,False,False,False
1507.0-2017-000-GRN-018-000,1507,QUERRU,2017,0,True,True,False,False,False
1507.0-2017-000-GRN-019-000,1507,ACERRU,2017,0,True,True,False,False,False
1507.0-2017-000-GRN-020-000,1507,QUERRU,2017,0,True,True,False,False,False
1507.0-2017-000-GRN-021-000,1507,QUERRU,2017,0,True,True,False,False,False
1507.0-2018-000-YLW-068-000,1507,ACERRU,2018,1,True,False,True,False,False
1507.0-2018-000-YLW-069-000,1507,ACERRU,2018,1,True,False,True,False,False
1507.0-2020-000-BLU-081-000,1507,ACERRU,2020,1,True,False,True,False,False
1507.0-2021-000-ORG-055-000,1507,PINUST,2021,1,True,False,True,False,False
1507.0-2021-000-ORG-056-000,1507,PINUST,2021,1,True,False,True,False,False
1509.0-2017-000-GRN-022-000,1509,QUERRU,2017,0,True,True,False,False,False
1509.0-2017-000-GRN-023-000,1509,QUERRU,2017,0,True,True,False,False,False
1509.0-2019-000-ORG-006-000,1509,ACERRU,2019,1,True,False,True,False,False
1509.0-2021-000-ORG-057-000,1509,PINUST,2021,1,True,False,True,False,False
1509.0-2023-000-YLW-027-000,1509,ACERRU,2023,1,True,False,True,False,False
1509.0-2023-000-YLW-028-000,1509,BETUXX,2023,1,True,False,True,False,False
1511.0-2017-000-GRN-024-000,1511,QUERRU,2017,0,True,True,False,False,False
1511.0-2017-000-GRN-025-000,1511,QUERRU,2017,0,True,True,False,False,False
1511.0-2017-000-RED-026-000,1511,QUERRU,2017,0,True,True,False,False,False
1511.0-2017-000-RED-027-000,1511,QUERRU,2017,0,True,True,False,False,False
1511.0-2017-000-RED-028-000,1511,QUERRU,2017,0,True,True,False,False,False
1511.0-2017-000-RED-029-000,1511,PINUST,2017,0,True,True,False,False,False
1511.0-2018-000-YLW-066-000,1511,ACERRU,2018,1,True,False,True,False,False
1511.0-2018-000-YLW-067-000,1511,ACERRU,2018,1,True,False,True,False,False
1511.0-2019-000-ORG-003-000,1511,ACERRU,2019,1,True,False,True,False,False
1511.0-2019-000-ORG-004-000,1511,ACERRU,2019,1,True,False,True,False,False
1511.0-2019-000-ORG-005-000,1511,ACERRU,2019,1,True,False,True,False,False
1511.0-2020-000-BLU-078-000,1511,ACERRU,2020,1,True,False,True,False,False
1511.0-2020-000-BLU-079-000,1511,ACERRU,2020,1,True,False,True,False,False
1511.0-2020-000-BLU-080-000,1511,ACERRU,2020,1,True,False,True,False,False
1511.0-2020-000-BLU-081-000,1511,ACERRU,2020,1,True,False,True,False,False
1511.0-2020-000-BLU-082-000,1511,ACERRU,2020,1,True,False,True,False,False
1511.0-2020-000-BLU-083-000,1511,ACERRU,2020,1,True,False,True,False,False
1511.0-2020-000-BLU-084-000,1511,ACERRU,2020,1,True,False,True,False,False
1511.0-2020-000-BLU-085-000,1511,ACERRU,2020,1,True,False,True,False,False
1511.0-2021-000-ORG-058-000,1511,PINUST,2021,1,True,False,True,False,False
1513.0-2017-000-RED-030-000,1513,QUERRU,2017,0,True,True,False,False,False
1513.0-2017-000-RED-031-000,1513,QUERRU,2017,0,True,True,False,False,False
1513.0-2017-000-RED-032-000,1513,ACERRU,2017,0,True,True,False,False,False
1513.0-2017-000-RED-033-000,1513,QUERRU,2017,0,True,True,False,False,False
1513.0-2017-000-RED-034-000,1513,QUERRU,2017,0,True,True,False,False,False
1513.0-2017-000-RED-035-000,1513,QUERRU,2017,0,True,True,False,False,False
1513.0-2017-000-RED-036-000,1513,VIBUNU,2017,0,True,True,False,False,False
1513.0-2017-000-RED-037-000,1513,VIBUNU,2017,0,True,True,False,False,False
1513.0-2017-000-RED-038-000,1513,QUERRU,2017,0,True,True,False,False,False
1513.0-2017-000-RED-039-000,1513,QUERRU,2017,0,True,True,False,False,False
1513.0-2017-000-RED-040-000,1513,ACERRU,2017,0,True,True,False,False,False
1513.0-2017-000-RED-041-000,1513,VACCCO,2017,0,True,True,False,False,False
1513.0-2017-000-RED-042-000,1513,VACCCO,2017,0,True,True,False,False,False
1513.0-2017-000-RED-043-000,1513,VACCCO,2017,0,True,True,False,False,False
1513.0-2017-000-RED-044-000,1513,QUERRU,2017,0,True,True,False,False,False
1513.0-2017-000-RED-045-000,1513,VACCCO,2017,0,True,True,False,False,False
1513.0-2017-000-RED-046-000,1513,VACCCO,2017,0,True,True,False,False,False
1513.0-2017-000-RED-047-000,1513,QUERRU,2017,0,True,True,False,False,False
1513.0-2017-000-RED-048-000,1513,QUERRU,2017,0,True,True,False,False,False
1513.0-2017-000-RED-049-000,1513,VACCCO,2017,0,True,True,False,False,False
1513.0-2017-000-RED-050-000,1513,ACERRU,2017,0,True,True,False,False,False
1513.0-2017-000-RED-051-000,1513,VACCCO,2017,0,True,True,False,False,False
1513.0-2017-000-RED-052-000,1513,QUERRU,2017,0,True,True,False,False,False
1513.0-2018-000-YLW-064-000,1513,VIBUNU,2018,1,True,False,True,False,False
1513.0-2018-000-YLW-065-000,1513,VACCCO,2018,1,True,False,True,False,False
1513.0-2019-000-ORG-001-000,1513,VACCCO,2019,1,True,False,True,False,False
1513.0-2019-000-ORG-002-000,1513,VACCCO,2019,1,True,False,True,False,False
1513.0-2020-000-BLU-086-000,1513,VACCCO,2020,1,True,False,True,False,False
1515.0-2017-000-RED-053-000,1515,QUERRU,2017,0,True,True,False,False,False
1515.0-2018-000-YLW-044-000,1515,ACERRU,2018,1,True,False,True,False,False
1515.0-2020-000-BLU-087-000,1515,ACERRU,2020,1,True,False,True,False,False
1517.0-2017-000-RED-054-000,1517,QUERRU,2017,0,True,True,False,False,False
1517.0-2017-000-RED-055-000,1517,QUERRU,2017,0,True,True,False,False,False
1517.0-2017-000-RED-056-000,1517,QUERRU,2017,0,True,True,False,False,False
1517.0-2017-000-RED-057-000,1517,QUERRU,2017,0,True,True,False,False,False
1517.0-2020-000-BLU-088-000,1517,ACERRU,2020,1,True,False,True,False,False
1517.0-2020-000-BLU-089-000,1517,ACERRU,2020,1,True,False,True,False,False
1517.0-2020-000-BLU-090-000,1517,ACERRU,2020,1,True,False,True,False,False
1517.0-2020-000-BLU-091-000,1517,ACERRU,2020,1,True,False,True,False,False
1517.0-2021-000-ORG-059-000,1517,ACERRU,2021,1,True,False,True,False,False
1517.0-2021-000-ORG-060-000,1517,PINUST,2021,1,True,False,True,False,False
1517.0-2021-000-ORG-061-000,1517,PINUST,2021,1,True,False,True,False,False
1517.0-2021-000-ORG-062-000,1517,PINUST,2021,1,True,False,True,False,False
1517.0-2021-000-ORG-063-000,1517,PINUST,2021,1,True,False,True,False,False
1517.0-2023-000-YLW-029-000,1517,ACERRU,2023,1,True,False,True,False,False
1517.0-2023-000-YLW-030-000,1517,BETUXX,2023,1,True,False,True,False,False
1517.0-2023-000-YLW-031-000,1517,BETUXX,2023,1,True,False,True,False,False
1519.0-2017-000-RED-058-000,1519,VIBUNU,2017,0,True,True,False,False,False
1519.0-2017-000-RED-059-000,1519,VIBUNU,2017,0,True,True,False,False,False
1519.0-2017-000-RED-060-000,1519,ACERRU,2017,0,True,True,False,False,False
1519.0-2017-000-RED-061-000,1519,ACERRU,2017,0,True,True,False,False,False
1519.0-2017-000-RED-062-000,1519,ACERRU,2017,0,True,True,False,False,False
1519.0-2017-000-RED-063-000,1519,ACERRU,2017,0,True,True,False,False,False
1519.0-2017-000-RED-064-000,1519,ACERRU,2017,0,True,True,False,False,False
1519.0-2017-000-RED-065-000,1519,ACERRU,2017,0,True,True,False,False,False
1519.0-2017-000-RED-066-000,1519,ACERRU,2017,0,True,True,False,False,False
1519.0-2017-000-RED-067-000,1519,ACERRU,2017,0,True,True,False,False,False
1519.0-2017-000-RED-068-000,1519,ACERRU,2017,0,True,True,False,False,False
1521.0-2017-000-RED-069-000,1521,ACERRU,2017,0,True,True,False,False,False
1521.0-2017-000-RED-070-000,1521,TSUGCA,2017,0,True,True,False,False,False
1521.0-2017-000-RED-071-000,1521,ACERRU,2017,0,True,True,False,False,False
1521.0-2018-000-YLW-043-000,1521,ACERRU,2018,1,True,False,True,False,False
1521.0-2019-000-ORG-014-000,1521,ACERRU,2019,1,True,False,True,False,False
1521.0-2020-000-BLU-092-000,1521,TSUGCA,2020,1,True,False,True,False,False
1521.0-2020-000-BLU-093-000,1521,TSUGCA,2020,1,True,False,True,False,False
1521.0-2020-000-BLU-094-000,1521,TSUGCA,2020,1,True,False,True,False,False
1521.0-2020-000-BLU-095-000,1521,TSUGCA,2020,1,True,False,True,False,False
1521.0-2020-000-BLU-096-000,1521,TSUGCA,2020,1,True,False,True,False,False
1521.0-2020-000-BLU-097-000,1521,TSUGCA,2020,1,True,False,True,False,False
1521.0-2020-000-BLU-098-000,1521,ACERRU,2020,1,True,False,True,False,False
1521.0-2021-000-ORG-064-000,1521,PINUST,2021,1,True,False,True,False,False
1521.0-2021-000-ORG-065-000,1521,PINUST,2021,1,True,False,True,False,False
1521.0-2023-000-BLU-001-000,1521,UNKNXX,2023,1,True,False,True,False,False
1523.0-2017-000-BLU-076-000,1523,QUERRU,2017,0,True,True,False,False,False
1523.0-2017-000-BLU-077-000,1523,ACERRU,2017,0,True,True,False,False,False
1523.0-2017-000-BLU-078-000,1523,ACERRU,2017,0,True,True,False,False,False
1523.0-2017-000-RED-072-000,1523,ACERRU,2017,0,True,True,False,False,False
1523.0-2017-000-RED-073-000,1523,QUERRU,2017,0,True,True,False,False,False
1523.0-2017-000-RED-074-000,1523,QUERRU,2017,0,True,True,False,False,False
1523.0-2017-000-RED-075-000,1523,ACERRU,2017,0,True,True,False,False,False
1523.0-2018-000-YLW-037-000,1523,ACERRU,2018,1,True,False,True,False,False
1523.0-2018-000-YLW-038-000,1523,ACERRU,2018,1,True,False,True,False,False
1523.0-2018-000-YLW-039-000,1523,ACERRU,2018,1,True,False,True,False,False
1523.0-2018-000-YLW-040-000,1523,ACERRU,2018,1,True,False,True,False,False
1523.0-2018-000-YLW-041-000,1523,ACERRU,2018,1,True,False,True,False,False
1523.0-2018-000-YLW-042-000,1523,TSUGCA,2018,1,True,False,True,False,False
1523.0-2019-000-YLW-094-000,1523,ACERRU,2019,1,True,False,True,False,False
1523.0-2020-000-BLU-001-000,1523,ACERRU,2020,1,True,False,True,False,False
1523.0-2020-000-BLU-002-000,1523,ACERRU,2020,1,True,False,True,False,False
1523.0-2020-000-BLU-099-000,1523,ACERRU,2020,1,True,False,True,False,False
1523.0-2020-000-BLU-100-000,1523,ACERRU,2020,1,True,False,True,False,False
1523.0-2021-000-ORG-066-000,1523,PINUST,2021,1,True,False,True,False,False
1523.0-2021-000-ORG-067-000,1523,PINUST,2021,1,True,False,True,False,False
1605.0-2017-000-BLU-049-000,1605,QUERRU,2017,0,True,True,False,False,False
1605.0-2017-000-BLU-050-000,1605,QUERRU,2017,0,True,True,False,False,False
1605.0-2017-000-YLW-001-000,1605,QUERRU,2017,0,True,True,False,False,False
1605.0-2017-000-YLW-002-000,1605,QUERRU,2017,0,True,True,False,False,False
1605.0-2017-000-YLW-003-000,1605,QUERRU,2017,0,True,True,False,False,False
1605.0-2017-000-YLW-004-000,1605,QUERRU,2017,0,True,True,False,False,False
1605.0-2017-000-YLW-005-000,1605,QUERRU,2017,0,True,True,False,False,False
1605.0-2017-000-YLW-006-000,1605,QUERRU,2017,0,True,True,False,False,False
1605.0-2017-000-YLW-007-000,1605,QUERRU,2017,0,True,True,False,False,False
1605.0-2017-000-YLW-008-000,1605,QUERRU,2017,0,True,True,False,False,False
1605.0-2017-000-YLW-009-000,1605,ACERRU,2017,0,True,True,False,False,False
1605.0-2017-000-YLW-010-000,1605,QUERRU,2017,0,True,True,False,False,False
1605.0-2017-000-YLW-011-000,1605,QUERRU,2017,0,True,True,False,False,False
1605.0-2017-000-YLW-012-000,1605,QUERRU,2017,0,True,True,False,False,False
1605.0-2017-000-YLW-013-000,1605,QUERRU,2017,0,True,True,False,False,False
1605.0-2017-000-YLW-014-000,1605,QUERRU,2017,0,True,True,False,False,False
1605.0-2017-000-YLW-015-000,1605,QUERRU,2017,0,True,True,False,False,False
1605.0-2017-000-YLW-016-000,1605,QUERRU,2017,0,True,True,False,False,False
1605.0-2017-000-YLW-017-000,1605,QUERRU,2017,0,True,True,False,False,False
1605.0-2017-000-YLW-018-000,1605,QUERRU,2017,0,True,True,False,False,False
1605.0-2017-000-YLW-019-000,1605,QUERRU,2017,0,True,True,False,False,False
1605.0-2017-000-YLW-020-000,1605,QUERRU,2017,0,True,True,False,False,False
1605.0-2017-000-YLW-021-000,1605,QUERRU,2017,0,True,True,False,False,False
1605.0-2017-000-YLW-022-000,1605,ACERRU,2017,0,True,True,False,False,False
1605.0-2017-000-YLW-023-000,1605,QUERRU,2017,0,True,True,False,False,False
1605.0-2017-000-YLW-024-000,1605,QUERRU,2017,0,True,True,False,False,False
1605.0-2017-000-YLW-025-000,1605,QUERRU,2017,0,True,True,False,False,False
1605.0-2017-000-YLW-026-000,1605,QUERRU,2017,0,True,True,False,False,False
1605.0-2017-000-YLW-027-000,1605,QUERRU,2017,0,True,True,False,False,False
1605.0-2017-000-YLW-028-000,1605,ACERRU,2017,0,True,True,False,False,False
1605.0-2017-000-YLW-029-000,1605,QUERRU,2017,0,True,True,False,False,False
1605.0-2017-000-YLW-030-000,1605,QUERRU,2017,0,True,True,False,False,False
1605.0-2017-000-YLW-031-000,1605,ACERRU,2017,0,True,True,False,False,False
1605.0-2017-000-YLW-032-000,1605,QUERRU,2017,0,True,True,False,False,False
1605.0-2017-000-YLW-033-000,1605,QUERRU,2017,0,True,True,False,False,False
1605.0-2017-000-YLW-034-000,1605,QUERRU,2017,0,True,True,False,False,False
1605.0-2017-000-YLW-035-000,1605,QUERRU,2017,0,True,True,False,False,False
1605.0-2017-000-YLW-036-000,1605,QUERRU,2017,0,True,True,False,False,False
1605.0-2017-000-YLW-037-000,1605,QUERRU,2017,0,True,True,False,False,False
1605.0-2017-000-YLW-038-000,1605,QUERRU,2017,0,True,True,False,False,False
1605.0-2018-000-ORG-078-000,1605,ACERRU,2018,1,True,False,True,False,False
1605.0-2018-000-ORG-079-000,1605,ACERRU,2018,1,True,False,True,False,False
2101.0-2017-000-WHT-001-000,2101,ACERRU,2017,0,True,True,False,False,False
2101.0-2017-000-WHT-002-000,2101,QUERRU,2017,0,True,True,False,False,False
2101.0-2017-000-WHT-003-000,2101,ACERRU,2017,0,True,True,False,False,False
2101.0-2017-000-WHT-004-000,2101,ACERRU,2017,0,True,True,False,False,False
2101.0-2017-000-WHT-005-000,2101,ACERRU,2017,0,True,True,False,False,False
2101.0-2017-000-WHT-006-000,2101,ACERRU,2017,0,True,True,False,False,False
2101.0-2017-000-WHT-007-000,2101,ACERPE,2017,0,True,True,False,False,False
2101.0-2017-000-WHT-008-000,2101,ACERPE,2017,0,True,True,False,False,False
2101.0-2017-000-WHT-009-000,2101,ACERPE,2017,0,True,True,False,False,False
2101.0-2017-000-WHT-010-000,2101,QUERRU,2017,0,True,True,False,False,False
2101.0-2017-000-WHT-011-000,2101,ACERPE,2017,0,True,True,False,False,False
2101.0-2018-000-YLW-085-000,2101,ACERRU,2018,1,True,False,True,False,False
2101.0-2018-000-YLW-086-000,2101,PINUST,2018,1,True,False,True,False,False
2101.0-2018-000-YLW-087-000,2101,PINUST,2018,1,True,False,True,False,False
2101.0-2018-000-YLW-088-000,2101,PINUST,2018,1,True,False,True,False,False
2101.0-2018-000-YLW-089-000,2101,PINUST,2018,1,True,False,True,False,False
2101.0-2018-000-YLW-090-000,2101,PINUST,2018,1,True,False,True,False,False
2101.0-2018-000-YLW-091-000,2101,PINUST,2018,1,True,False,True,False,False
2101.0-2018-000-YLW-092-000,2101,PINUST,2018,1,True,False,True,False,False
2101.0-2018-000-YLW-093-000,2101,PINUST,2018,1,True,False,True,False,False
2101.0-2018-000-YLW-094-000,2101,ACERRU,2018,1,True,False,True,False,False
2101.0-2019-000-ORG-004-000,2101,ACERRU,2019,1,True,False,True,False,False
2101.0-2020-000-ORG-046-000,2101,ACERRU,2020,1,True,False,True,False,False
2101.0-2020-000-ORG-047-000,2101,ACERRU,2020,1,True,False,True,False,False
2101.0-2020-000-ORG-048-000,2101,ACERRU,2020,1,True,False,True,False,False
2101.0-2020-000-ORG-049-000,2101,ACERRU,2020,1,True,False,True,False,False
2101.0-2020-000-ORG-050-000,2101,ACERRU,2020,1,True,False,True,False,False
2101.0-2020-000-ORG-097-000,2101,ACERRU,2020,1,True,False,True,False,False
2101.0-2020-000-ORG-098-000,2101,ACERRU,2020,1,True,False,True,False,False
2101.0-2020-000-ORG-099-000,2101,ACERRU,2020,1,True,False,True,False,False
2101.0-2020-000-ORG-100-000,2101,ACERRU,2020,1,True,False,True,False,False
2101.0-2021-000-BLU-048-000,2101,ACERRU,2021,1,True,False,True,False,False
2101.0-2022-000-BLU-086-000,2101,ACERRU,2022,1,True,False,True,False,False
2101.0-2023-000-GRN-001-000,2101,ACERRU,2023,1,True,False,True,False,False
2101.0-2023-000-GRN-002-000,2101,ACERRU,2023,1,True,False,True,False,False
2101.0-2023-000-GRN-003-000,2101,ACERRU,2023,1,True,False,True,False,False
2101.0-2023-000-GRN-004-000,2101,ACERRU,2023,1,True,False,True,False,False
2101.0-2023-000-GRN-005-000,2101,ACERRU,2023,1,True,False,True,False,False
2101.0-2023-000-UNT-001-000,2101,ACERRU,2023,1,True,False,True,False,False
2102.0-2017-000-YLW-039-000,2102,QUERRU,2017,0,True,True,False,False,False
2102.0-2017-000-YLW-040-000,2102,QUERRU,2017,0,True,True,False,False,False
2102.0-2017-000-YLW-041-000,2102,ACERRU,2017,0,True,True,False,False,False
2102.0-2017-000-YLW-042-000,2102,ACERRU,2017,0,True,True,False,False,False
2102.0-2017-000-YLW-043-000,2102,ACERRU,2017,0,True,True,False,False,False
2102.0-2017-000-YLW-044-000,2102,ACERRU,2017,0,True,True,False,False,False
2102.0-2017-000-YLW-045-000,2102,ACERRU,2017,0,True,True,False,False,False
2102.0-2017-000-YLW-046-000,2102,ACERRU,2017,0,True,True,False,False,False
2102.0-2017-000-YLW-047-000,2102,ACERRU,2017,0,True,True,False,False,False
2102.0-2017-000-YLW-048-000,2102,ACERRU,2017,0,True,True,False,False,False
2102.0-2018-000-YLW-095-000,2102,ACERRU,2018,1,True,False,True,False,False
2102.0-2018-000-YLW-096-000,2102,ACERRU,2018,1,True,False,True,False,False
2102.0-2018-000-YLW-097-000,2102,ACERRU,2018,1,True,False,True,False,False
2102.0-2018-000-YLW-098-000,2102,ACERRU,2018,1,True,False,True,False,False
2102.0-2019-000-BLU-099-000,2102,ACERRU,2019,1,True,False,True,False,False
2102.0-2019-000-YLW-033-000,2102,ACERRU,2019,1,True,False,True,False,False
2102.0-2019-000-YLW-035-000,2102,ACERRU,2019,1,True,False,True,False,False
2102.0-2020-000-ORG-043-000,2102,ACERRU,2020,1,True,False,True,False,False
2102.0-2020-000-ORG-044-000,2102,ACERRU,2020,1,True,False,True,False,False
2102.0-2020-000-ORG-045-000,2102,ACERRU,2020,1,True,False,True,False,False
2102.0-2021-000-BLU-049-000,2102,ACERRU,2021,1,True,False,True,False,False
2102.0-2021-000-BLU-050-000,2102,PINUST,2021,1,True,False,True,False,False
2102.0-2022-000-BLU-067-000,2102,UNKNXX,2022,1,True,False,True,False,False
2102.0-2022-000-BLU-074-000,2102,ACERRU,2022,1,True,False,True,False,False
2102.0-2023-000-GRN-006-000,2102,UNKNXX,2023,1,True,False,True,False,False
2102.0-2023-000-GRN-007-000,2102,ACERRU,2023,1,True,False,True,False,False
2102.0-2023-000-GRN-008-000,2102,UNKNXX,2023,1,True,False,True,False,False
2103.0-2017-000-YLW-033-000,2103,ACERRU,2017,0,True,True,False,False,False
2103.0-2017-000-YLW-035-000,2103,ACERRU,2017,0,True,True,False,False,False
2103.0-2017-000-YLW-036-000,2103,ACERRU,2017,0,True,True,False,False,False
2103.0-2017-000-YLW-037-000,2103,QUERRU,2017,0,True,True,False,False,False
2103.0-2017-000-YLW-038-000,2103,ACERRU,2017,0,True,True,False,False,False
2103.0-2018-000-ORG-008-000,2103,PINUST,2018,1,True,False,True,False,False
2103.0-2018-000-ORG-011-000,2103,ACERRU,2018,1,True,False,True,False,False
2103.0-2018-000-ORG-014-000,2103,QUERRU,2018,1,True,False,True,False,False
2103.0-2018-000-ORG-017-000,2103,FAGUGR,2018,1,True,False,True,False,False
2103.0-2019-000-ORG-009-000,2103,ACERRU,2019,1,True,False,True,False,False
2103.0-2019-000-ORG-069-000,2103,ACERRU,2019,1,True,False,True,False,False
2103.0-2019-000-ORG-079-000,2103,ACERRU,2019,1,True,False,True,False,False
2103.0-2020-000-ORG-038-000,2103,ACERRU,2020,1,True,False,True,False,False
2103.0-2020-000-ORG-039-000,2103,ACERRU,2020,1,True,False,True,False,False
2103.0-2020-000-ORG-040-000,2103,ACERRU,2020,1,True,False,True,False,False
2103.0-2020-000-ORG-041-000,2103,ACERRU,2020,1,True,False,True,False,False
2103.0-2020-000-ORG-042-000,2103,ACERRU,2020,1,True,False,True,False,False
2103.0-2021-000-BLU-076-000,2103,ACERRU,2021,1,True,False,True,False,False
2103.0-2021-000-BLU-077-000,2103,ACERRU,2021,1,True,False,True,False,False
2103.0-2023-000-RED-002-000,2103,ACERRU,2023,1,True,False,True,False,False
2103.0-2023-000-RED-003-000,2103,PINUST,2023,1,True,False,True,False,False
2104.0-2017-000-WHT-012-000,2104,QUERRU,2017,0,True,True,False,False,False
2104.0-2017-000-WHT-013-000,2104,ACERRU,2017,0,True,True,False,False,False
2104.0-2017-000-WHT-014-000,2104,QUERRU,2017,0,True,True,False,False,False
2104.0-2017-000-WHT-015-000,2104,ACERRU,2017,0,True,True,False,False,False
2104.0-2017-000-WHT-016-000,2104,QUERRU,2017,0,True,True,False,False,False
2104.0-2017-000-WHT-017-000,2104,ACERRU,2017,0,True,True,False,False,False
2104.0-2018-000-WHT-035-000,2104,ACERRU,2018,1,True,False,True,False,False
2104.0-2018-000-WHT-039-000,2104,ACERRU,2018,1,True,False,True,False,False
2104.0-2018-000-WHT-040-000,2104,ACERRU,2018,1,True,False,True,False,False
2104.0-2018-000-WHT-043-000,2104,ACERRU,2018,1,True,False,True,False,False
2104.0-2018-000-WHT-046-000,2104,ACERRU,2018,1,True,False,True,False,False
2104.0-2018-000-WHT-047-000,2104,ACERRU,2018,1,True,False,True,False,False
2104.0-2019-000-ORG-005-000,2104,ACERRU,2019,1,True,False,True,False,False
2104.0-2019-000-ORG-022-000,2104,ACERRU,2019,1,True,False,True,False,False
2104.0-2019-000-ORG-027-000,2104,ACERRU,2019,1,True,False,True,False,False
2104.0-2019-000-UNT-001-000,2104,ACERRU,2019,1,True,False,True,False,False
2104.0-2020-000-ORG-026-000,2104,BETUXX,2020,1,True,False,True,False,False
2104.0-2020-000-ORG-027-000,2104,BETUXX,2020,1,True,False,True,False,False
2104.0-2020-000-ORG-028-000,2104,ACERRU,2020,1,True,False,True,False,False
2104.0-2020-000-ORG-029-000,2104,ACERRU,2020,1,True,False,True,False,False
2104.0-2020-000-ORG-030-000,2104,ACERRU,2020,1,True,False,True,False,False
2104.0-2020-000-ORG-031-000,2104,ACERRU,2020,1,True,False,True,False,False
2104.0-2020-000-ORG-032-000,2104,ACERRU,2020,1,True,False,True,False,False
2104.0-2020-000-ORG-033-000,2104,ACERRU,2020,1,True,False,True,False,False
2104.0-2020-000-ORG-034-000,2104,ACERRU,2020,1,True,False,True,False,False
2104.0-2020-000-ORG-035-000,2104,ACERRU,2020,1,True,False,True,False,False
2104.0-2020-000-ORG-036-000,2104,ACERRU,2020,1,True,False,True,False,False
2104.0-2020-000-ORG-037-000,2104,BETUXX,2020,1,True,False,True,False,False
2104.0-2020-000-RED-094-000,2104,ACERRU,2020,1,True,False,True,False,False
2104.0-2020-000-RED-095-000,2104,ACERRU,2020,1,True,False,True,False,False
2104.0-2020-000-RED-096-000,2104,ACERRU,2020,1,True,False,True,False,False
2104.0-2020-000-RED-097-000,2104,ACERRU,2020,1,True,False,True,False,False
2104.0-2020-000-RED-098-000,2104,ACERRU,2020,1,True,False,True,False,False
2104.0-2020-000-RED-099-000,2104,ACERRU,2020,1,True,False,True,False,False
2104.0-2020-000-RED-100-000,2104,ACERRU,2020,1,True,False,True,False,False
2104.0-2021-000-BLU-078-000,2104,PINUST,2021,1,True,False,True,False,False
2104.0-2022-000-BLU-005-000,2104,ACERRU,2022,1,True,False,True,False,False
2104.0-2022-000-BLU-035-000,2104,ACERRU,2022,1,True,False,True,False,False
2104.0-2022-000-BLU-059-000,2104,ACERRU,2022,1,True,False,True,False,False
2104.0-2023-000-RED-032-000,2104,ACERRU,2023,1,True,False,True,False,False
2104.0-2023-000-YLW-004-000,2104,ACERRU,2023,1,True,False,True,False,False
2105.0-2017-000-WHT-018-000,2105,QUERRU,2017,0,True,True,False,False,False
2105.0-2017-000-WHT-019-000,2105,QUERRU,2017,0,True,True,False,False,False
2105.0-2017-000-WHT-020-000,2105,QUERRU,2017,0,True,True,False,False,False
2105.0-2017-000-WHT-021-000,2105,ACERRU,2017,0,True,True,False,False,False
2105.0-2017-000-WHT-022-000,2105,ACERRU,2017,0,True,True,False,False,False
2105.0-2017-000-WHT-023-000,2105,QUERRU,2017,0,True,True,False,False,False
2105.0-2017-000-WHT-024-000,2105,QUERRU,2017,0,True,True,False,False,False
2105.0-2017-000-WHT-025-000,2105,QUERRU,2017,0,True,True,False,False,False
2105.0-2017-000-WHT-026-000,2105,QUERRU,2017,0,True,True,False,False,False
2105.0-2018-000-WHT-002-000,2105,ACERRU,2018,1,True,False,True,False,False
2105.0-2018-000-WHT-040-000,2105,ACERRU,2018,1,True,False,True,False,False
2105.0-2018-000-WHT-050-000,2105,ACERRU,2018,1,True,False,True,False,False
2105.0-2018-000-WHT-051-000,2105,ACERRU,2018,1,True,False,True,False,False
2105.0-2018-000-WHT-052-000,2105,ACERRU,2018,1,True,False,True,False,False
2105.0-2018-000-WHT-056-000,2105,ACERRU,2018,1,True,False,True,False,False
2105.0-2018-000-WHT-058-000,2105,ACERRU,2018,1,True,False,True,False,False
2105.0-2019-000-ORG-047-000,2105,ACERRU,2019,1,True,False,True,False,False
2105.0-2019-000-ORG-049-000,2105,ACERRU,2019,1,True,False,True,False,False
2105.0-2019-000-ORG-050-000,2105,ACERRU,2019,1,True,False,True,False,False
2105.0-2019-000-ORG-052-000,2105,ACERRU,2019,1,True,False,True,False,False
2105.0-2019-000-ORG-053-000,2105,UNKNXX,2019,1,True,False,True,False,False
2105.0-2020-000-RED-087-000,2105,ACERRU,2020,1,True,False,True,False,False
2105.0-2020-000-RED-088-000,2105,ACERRU,2020,1,True,False,True,False,False
2105.0-2020-000-RED-089-000,2105,ACERRU,2020,1,True,False,True,False,False
2105.0-2020-000-RED-090-000,2105,ACERRU,2020,1,True,False,True,False,False
2105.0-2020-000-RED-091-000,2105,ACERRU,2020,1,True,False,True,False,False
2105.0-2020-000-RED-092-000,2105,ACERRU,2020,1,True,False,True,False,False
2105.0-2020-000-RED-093-000,2105,ACERRU,2020,1,True,False,True,False,False
2105.0-2021-000-BLU-079-000,2105,PINUST,2021,1,True,False,True,False,False
2105.0-2021-000-BLU-080-000,2105,PINUST,2021,1,True,False,True,False,False
2105.0-2021-000-BLU-081-000,2105,ACERRU,2021,1,True,False,True,False,False
2105.0-2023-000-BLU-033-000,2105,ACERRU,2023,1,True,False,True,False,False
2105.0-2023-000-BLU-039-000,2105,ACERRU,2023,0,True,False,False,False,False
2105.0-2023-000-RED-005-000,2105,UNKNXX,2023,0,True,False,False,False,False
2105.0-2023-000-YLW-059-000,2105,UNKNXX,2023,0,True,False,False,False,False
2106.0-2017-000-YLW-018-000,2106,ACERRU,2017,0,True,True,False,False,False
2106.0-2017-000-YLW-019-000,2106,ACERRU,2017,0,True,True,False,False,False
2106.0-2017-000-YLW-020-000,2106,QUERRU,2017,0,True,True,False,False,False
2106.0-2017-000-YLW-021-000,2106,PINUST,2017,0,True,True,False,False,False
2106.0-2017-000-YLW-022-000,2106,ACERRU,2017,0,True,True,False,False,False
2106.0-2017-000-YLW-023-000,2106,ACERRU,2017,0,True,True,False,False,False
2106.0-2017-000-YLW-024-000,2106,ACERRU,2017,0,True,True,False,False,False
2106.0-2017-000-YLW-025-000,2106,ACERRU,2017,0,True,True,False,False,False
2106.0-2017-000-YLW-026-000,2106,ACERRU,2017,0,True,True,False,False,False
2106.0-2017-000-YLW-027-000,2106,ACERRU,2017,0,True,True,False,False,False
2106.0-2017-000-YLW-028-000,2106,QUERRU,2017,0,True,True,False,False,False
2106.0-2017-000-YLW-029-000,2106,ACERRU,2017,0,True,True,False,False,False
2106.0-2017-000-YLW-030-000,2106,ACERRU,2017,0,True,True,False,False,False
2106.0-2017-000-YLW-031-000,2106,ACERRU,2017,0,True,True,False,False,False
2106.0-2017-000-YLW-032-000,2106,ACERRU,2017,0,True,True,False,False,False
2106.0-2017-000-YLW-034-000,2106,ACERRU,2017,0,True,True,False,False,False
2106.0-2018-000-WHT-076-000,2106,ACERRU,2018,1,True,False,True,False,False
2106.0-2018-000-WHT-077-000,2106,ACERRU,2018,1,True,False,True,False,False
2106.0-2018-000-WHT-078-000,2106,ACERRU,2018,1,True,False,True,False,False
2106.0-2018-000-WHT-079-000,2106,ACERRU,2018,1,True,False,True,False,False
2106.0-2018-000-WHT-080-000,2106,PINUST,2018,1,True,False,True,False,False
2106.0-2018-000-WHT-081-000,2106,ACERRU,2018,1,True,False,True,False,False
2106.0-2019-000-RED-082-000,2106,ACERRU,2019,1,True,False,True,False,False
2106.0-2019-000-RED-098-000,2106,ACERRU,2019,1,True,False,True,False,False
2106.0-2020-000-RED-063-000,2106,ACERRU,2020,1,True,False,True,False,False
2106.0-2020-000-RED-064-000,2106,ACERRU,2020,1,True,False,True,False,False
2106.0-2020-000-RED-065-000,2106,ACERRU,2020,1,True,False,True,False,False
2106.0-2020-000-RED-066-000,2106,ACERRU,2020,1,True,False,True,False,False
2106.0-2020-000-RED-067-000,2106,ACERRU,2020,1,True,False,True,False,False
2106.0-2020-000-RED-068-000,2106,ACERRU,2020,1,True,False,True,False,False
2106.0-2020-000-RED-069-000,2106,ACERRU,2020,1,True,False,True,False,False
2106.0-2020-000-RED-070-000,2106,ACERRU,2020,1,True,False,True,False,False
2106.0-2020-000-RED-071-000,2106,ACERRU,2020,1,True,False,True,False,False
2106.0-2020-000-RED-072-000,2106,ACERRU,2020,1,True,False,True,False,False
2106.0-2020-000-RED-073-000,2106,ACERRU,2020,1,True,False,True,False,False
2106.0-2020-000-RED-074-000,2106,ACERRU,2020,1,True,False,True,False,False
2106.0-2020-000-RED-075-000,2106,ACERRU,2020,1,True,False,True,False,False
2106.0-2020-000-RED-076-000,2106,ACERRU,2020,1,True,False,True,False,False
2106.0-2020-000-RED-077-000,2106,ACERRU,2020,1,True,False,True,False,False
2106.0-2020-000-RED-078-000,2106,ACERRU,2020,1,True,False,True,False,False
2106.0-2020-000-RED-079-000,2106,ACERRU,2020,1,True,False,True,False,False
2106.0-2020-000-RED-080-000,2106,ACERRU,2020,1,True,False,True,False,False
2106.0-2020-000-RED-081-000,2106,ACERRU,2020,1,True,False,True,False,False
2106.0-2020-000-RED-083-000,2106,ACERRU,2020,1,True,False,True,False,False
2106.0-2020-000-RED-084-000,2106,ACERRU,2020,1,True,False,True,False,False
2106.0-2020-000-RED-085-000,2106,ACERRU,2020,1,True,False,True,False,False
2106.0-2020-000-RED-086-000,2106,ACERRU,2020,1,True,False,True,False,False
2106.0-2021-000-BLU-082-000,2106,ACERRU,2021,1,True,False,True,False,False
2106.0-2021-000-BLU-083-000,2106,ACERRU,2021,1,True,False,True,False,False
2106.0-2021-000-BLU-084-000,2106,PINUST,2021,1,True,False,True,False,False
2106.0-2021-000-BLU-085-000,2106,PINUST,2021,1,True,False,True,False,False
2106.0-2021-000-BLU-086-000,2106,ACERRU,2021,1,True,False,True,False,False
2106.0-2021-000-BLU-087-000,2106,ACERRU,2021,1,True,False,True,False,False
2106.0-2022-000-GRN-053-000,2106,PINUST,2022,1,True,False,True,False,False
2107.0-2017-000-WHT-027-000,2107,ACERRU,2017,0,True,True,False,False,False
2107.0-2017-000-WHT-028-000,2107,QUERRU,2017,0,True,True,False,False,False
2107.0-2017-000-WHT-029-000,2107,ACERRU,2017,0,True,True,False,False,False
2107.0-2017-000-WHT-030-000,2107,ACERRU,2017,0,True,True,False,False,False
2107.0-2017-000-WHT-031-000,2107,ACERRU,2017,0,True,True,False,False,False
2107.0-2017-000-WHT-032-000,2107,ACERRU,2017,0,True,True,False,False,False
2107.0-2017-000-WHT-033-000,2107,ACERRU,2017,0,True,True,False,False,False
2107.0-2017-000-WHT-034-000,2107,ACERRU,2017,0,True,True,False,False,False
2107.0-2017-000-WHT-035-000,2107,ACERRU,2017,0,True,True,False,False,False
2107.0-2018-000-UNT-001-000,2107,ACERRU,2018,1,True,False,True,False,False
2107.0-2018-000-WHT-082-000,2107,ACERRU,2018,1,True,False,True,False,False
2107.0-2018-000-WHT-083-000,2107,ACERRU,2018,1,True,False,True,False,False
2107.0-2018-000-WHT-084-000,2107,ACERRU,2018,1,True,False,True,False,False
2107.0-2018-000-WHT-085-000,2107,ACERRU,2018,1,True,False,True,False,False
2107.0-2018-000-WHT-086-000,2107,PINUST,2018,1,True,False,True,False,False
2107.0-2018-000-WHT-087-000,2107,ACERRU,2018,1,True,False,True,False,False
2107.0-2018-000-WHT-088-000,2107,ACERRU,2018,1,True,False,True,False,False
2107.0-2018-000-WHT-089-000,2107,ACERRU,2018,1,True,False,True,False,False
2107.0-2020-000-RED-058-000,2107,ACERRU,2020,1,True,False,True,False,False
2107.0-2020-000-RED-059-000,2107,ACERRU,2020,1,True,False,True,False,False
2107.0-2020-000-RED-060-000,2107,ACERRU,2020,1,True,False,True,False,False
2107.0-2020-000-RED-061-000,2107,ACERRU,2020,1,True,False,True,False,False
2107.0-2020-000-RED-062-000,2107,ACERRU,2020,1,True,False,True,False,False
2107.0-2021-000-BLU-089-000,2107,ACERRU,2021,1,True,False,True,False,False
2107.0-2021-000-BLU-090-000,2107,ACERRU,2021,1,True,False,True,False,False
2107.0-2021-000-BLU-091-000,2107,PINUST,2021,1,True,False,True,False,False
2107.0-2022-000-BLU-037-000,2107,ACERRU,2022,1,True,False,True,False,False
2107.0-2022-000-BLU-063-000,2107,PINUST,2022,0,True,False,False,False,False
2107.0-2022-000-BLU-066-000,2107,ACERRU,2022,0,True,False,False,False,False
2107.0-2022-000-BLU-082-000,2107,ACERRU,2022,1,True,False,True,False,False
2108.0-2017-000-WHT-036-000,2108,ACERRU,2017,0,True,True,False,False,False
2108.0-2017-000-WHT-037-000,2108,QUERRU,2017,0,True,True,False,False,False
2108.0-2017-000-WHT-038-000,2108,ACERRU,2017,0,True,True,False,False,False
2108.0-2017-000-WHT-039-000,2108,VIBUNU,2017,0,True,True,False,False,False
2108.0-2017-000-WHT-040-000,2108,ACERRU,2017,0,True,True,False,False,False
2108.0-2017-000-WHT-041-000,2108,QUERRU,2017,0,True,True,False,False,False
2108.0-2017-000-WHT-042-000,2108,HAMAVI,2017,0,True,True,False,False,False
2108.0-2017-000-WHT-043-000,2108,HAMAVI,2017,0,True,True,False,False,False
2108.0-2017-000-WHT-044-000,2108,ACERRU,2017,0,True,True,False,False,False
2108.0-2017-000-WHT-045-000,2108,QUERRU,2017,0,True,True,False,False,False
2108.0-2017-000-WHT-046-000,2108,QUERRU,2017,0,True,True,False,False,False
2108.0-2017-000-WHT-047-000,2108,QUERRU,2017,0,True,True,False,False,False
2108.0-2017-000-WHT-048-000,2108,ACERRU,2017,0,True,True,False,False,False
2108.0-2017-000-WHT-049-000,2108,QUERRU,2017,0,True,True,False,False,False
2108.0-2017-000-WHT-050-000,2108,QUERRU,2017,0,True,True,False,False,False
2108.0-2018-000-WHT-026-000,2108,ACERRU,2018,1,True,False,True,False,False
2108.0-2020-000-RED-056-000,2108,ACERRU,2020,1,True,False,True,False,False
2108.0-2020-000-RED-057-000,2108,ACERRU,2020,1,True,False,True,False,False
2109.0-2017-000-YLW-014-000,2109,ACERRU,2017,0,True,True,False,False,False
2109.0-2017-000-YLW-015-000,2109,ACERRU,2017,0,True,True,False,False,False
2109.0-2017-000-YLW-016-000,2109,QUERRU,2017,0,True,True,False,False,False
2109.0-2017-000-YLW-017-000,2109,ACERRU,2017,0,True,True,False,False,False
2109.0-2018-000-YLW-002-000,2109,ACERRU,2018,1,True,False,True,False,False
2109.0-2018-000-YLW-003-000,2109,ACERRU,2018,1,True,False,True,False,False
2109.0-2018-000-YLW-018-000,2109,ACERRU,2018,1,True,False,True,False,False
2109.0-2018-000-YLW-032-000,2109,ACERRU,2018,1,True,False,True,False,False
2109.0-2018-000-YLW-034-000,2109,ACERRU,2018,1,True,False,True,False,False
2109.0-2018-000-YLW-035-000,2109,ACERRU,2018,1,True,False,True,False,False
2109.0-2019-000-WHT-037-000,2109,ACERRU,2019,1,True,False,True,False,False
2109.0-2019-000-WHT-040-000,2109,ACERRU,2019,1,True,False,True,False,False
2109.0-2019-000-WHT-050-000,2109,ACERRU,2019,1,True,False,True,False,False
2109.0-2020-000-RED-055-000,2109,ACERRU,2020,1,True,False,True,False,False
2109.0-2021-000-BLU-092-000,2109,FAGUGR,2021,1,True,False,True,False,False
2109.0-2021-000-BLU-093-000,2109,FAGUGR,2021,1,True,False,True,False,False
2109.0-2021-000-BLU-094-000,2109,PINUST,2021,1,True,False,True,False,False
2109.0-2022-000-BLU-066-000,2109,ACERRU,2022,1,True,False,True,False,False
2109.0-2022-000-BLU-069-000,2109,ACERXX,2022,1,True,False,True,False,False
2109.0-2023-000-BLU-034-000,2109,ACERRU,2023,1,True,False,True,False,False
2109.0-2023-000-YLW-035-000,2109,ACERRU,2023,1,True,False,True,False,False
2109.0-2023-000-YLW-036-000,2109,ACERRU,2023,1,True,False,True,False,False
2110.0-2017-000-WHT-051-000,2110,QUERRU,2017,0,True,True,False,False,False
2110.0-2017-000-WHT-052-000,2110,QUERRU,2017,0,True,True,False,False,False
2110.0-2017-000-WHT-053-000,2110,BETUXX,2017,0,True,True,False,False,False
2110.0-2017-000-WHT-054-000,2110,ACERRU,2017,0,True,True,False,False,False
2110.0-2017-000-WHT-055-000,2110,BETUXX,2017,0,True,True,False,False,False
2110.0-2018-000-WHT-063-000,2110,ACERRU,2018,1,True,False,True,False,False
2110.0-2018-000-WHT-069-000,2110,ACERRU,2018,1,True,False,True,False,False
2110.0-2018-000-WHT-070-000,2110,ACERRU,2018,1,True,False,True,False,False
2110.0-2019-000-BLU-001-000,2110,ACERRU,2019,1,True,False,True,False,False
2110.0-2020-000-RED-053-000,2110,ACERRU,2020,1,True,False,True,False,False
2110.0-2020-000-RED-054-000,2110,ACERRU,2020,1,True,False,True,False,False
2110.0-2021-000-BLU-095-000,2110,PINUST,2021,1,True,False,True,False,False
2110.0-2021-000-BLU-096-000,2110,PINUST,2021,1,True,False,True,False,False
2110.0-2023-000-YLW-037-000,2110,ACERRU,2023,1,True,False,True,False,False
2110.0-2023-000-YLW-038-000,2110,ACERRU,2023,1,True,False,True,False,False
2110.0-2023-000-YLW-039-000,2110,BETUXX,2023,1,True,False,True,False,False
2111.0-2017-000-WHT-056-000,2111,QUERRU,2017,0,True,True,False,False,False
2111.0-2017-000-WHT-057-000,2111,QUERRU,2017,0,True,True,False,False,False
2111.0-2017-000-WHT-058-000,2111,QUERRU,2017,0,True,True,False,False,False
2111.0-2017-000-WHT-059-000,2111,QUERRU,2017,0,True,True,False,False,False
2111.0-2017-000-WHT-060-000,2111,QUERRU,2017,0,True,True,False,False,False
2111.0-2017-000-WHT-061-000,2111,QUERRU,2017,0,True,True,False,False,False
2111.0-2018-000-WHT-035-000,2111,ACERRU,2018,1,True,False,True,False,False
2111.0-2018-000-WHT-036-000,2111,ACERRU,2018,1,True,False,True,False,False
2111.0-2018-000-WHT-051-000,2111,ACERRU,2018,1,True,False,True,False,False
2111.0-2018-000-WHT-054-000,2111,ACERRU,2018,1,True,False,True,False,False
2111.0-2018-000-WHT-055-000,2111,ACERRU,2018,1,True,False,True,False,False
2111.0-2019-000-YLW-027-000,2111,ACERRU,2019,1,True,False,True,False,False
2111.0-2019-000-YLW-084-000,2111,ACERRU,2019,1,True,False,True,False,False
2111.0-2019-000-YLW-097-000,2111,ACERRU,2019,1,True,False,True,False,False
2111.0-2020-000-RED-051-000,2111,ACERRU,2020,1,True,False,True,False,False
2111.0-2020-000-RED-052-000,2111,ACERRU,2020,1,True,False,True,False,False
2111.0-2023-000-YLW-040-000,2111,ACERRU,2023,1,True,False,True,False,False
2112.0-2017-000-ORG-026-000,2112,ACERRU,2017,0,True,True,False,False,False
2112.0-2017-000-ORG-027-000,2112,ACERRU,2017,0,True,True,False,False,False
2112.0-2017-000-ORG-028-000,2112,ACERRU,2017,0,True,True,False,False,False
2112.0-2017-000-ORG-029-000,2112,ACERRU,2017,0,True,True,False,False,False
2112.0-2017-000-ORG-030-000,2112,ACERRU,2017,0,True,True,False,False,False
2112.0-2017-000-ORG-031-000,2112,QUERRU,2017,0,True,True,False,False,False
2112.0-2017-000-ORG-032-000,2112,ACERRU,2017,0,True,True,False,False,False
2112.0-2017-000-ORG-033-000,2112,QUERRU,2017,0,True,True,False,False,False
2112.0-2017-000-ORG-034-000,2112,ACERRU,2017,0,True,True,False,False,False
2112.0-2017-000-ORG-035-000,2112,QUERRU,2017,0,True,True,False,False,False
2112.0-2017-000-ORG-036-000,2112,ACERRU,2017,0,True,True,False,False,False
2112.0-2017-000-ORG-037-000,2112,ACERRU,2017,0,True,True,False,False,False
2112.0-2017-000-ORG-038-000,2112,ACERRU,2017,0,True,True,False,False,False
2112.0-2017-000-ORG-040-000,2112,ACERRU,2017,0,True,True,False,False,False
2112.0-2017-000-ORG-041-000,2112,ACERRU,2017,0,True,True,False,False,False
2112.0-2017-000-ORG-042-000,2112,QUERRU,2017,0,True,True,False,False,False
2112.0-2017-000-ORG-044-000,2112,ACERRU,2017,0,True,True,False,False,False
2112.0-2017-000-ORG-045-000,2112,QUERRU,2017,0,True,True,False,False,False
2112.0-2017-000-ORG-046-000,2112,QUERRU,2017,0,True,True,False,False,False
2112.0-2017-000-ORG-047-000,2112,QUERRU,2017,0,True,True,False,False,False
2112.0-2017-000-ORG-048-000,2112,QUERRU,2017,0,True,True,False,False,False
2112.0-2017-000-ORG-049-000,2112,QUERRU,2017,0,True,True,False,False,False
2112.0-2017-000-ORG-050-000,2112,QUERRU,2017,0,True,True,False,False,False
2112.0-2017-000-ORG-057-000,2112,ACERRU,2017,0,True,True,False,False,False
2112.0-2017-000-ORG-058-000,2112,QUERRU,2017,0,True,True,False,False,False
2112.0-2017-000-ORG-059-000,2112,ACERRU,2017,0,True,True,False,False,False
2112.0-2017-000-ORG-060-000,2112,QUERRU,2017,0,True,True,False,False,False
2112.0-2017-000-ORG-061-000,2112,QUERRU,2017,0,True,True,False,False,False
2112.0-2017-000-ORG-062-000,2112,QUERRU,2017,0,True,True,False,False,False
2112.0-2017-000-ORG-063-000,2112,ACERRU,2017,0,True,True,False,False,False
2112.0-2017-000-ORG-064-000,2112,ACERRU,2017,0,True,True,False,False,False
2112.0-2017-000-ORG-065-000,2112,QUERRU,2017,0,True,True,False,False,False
2112.0-2017-000-ORG-066-000,2112,QUERRU,2017,0,True,True,False,False,False
2112.0-2017-000-ORG-067-000,2112,QUERRU,2017,0,True,True,False,False,False
2112.0-2017-000-ORG-068-000,2112,QUERRU,2017,0,True,True,False,False,False
2112.0-2017-000-ORG-069-000,2112,QUERRU,2017,0,True,True,False,False,False
2112.0-2017-000-ORG-070-000,2112,QUERRU,2017,0,True,True,False,False,False
2112.0-2017-000-ORG-071-000,2112,QUERRU,2017,0,True,True,False,False,False
2112.0-2017-000-ORG-072-000,2112,QUERRU,2017,0,True,True,False,False,False
2112.0-2017-000-ORG-073-000,2112,AMELAL,2017,0,True,True,False,False,False
2112.0-2017-000-ORG-074-000,2112,QUERRU,2017,0,True,True,False,False,False
2112.0-2017-000-ORG-075-000,2112,QUERRU,2017,0,True,True,False,False,False
2112.0-2017-000-WHT-068-000,2112,UNKNXX,2017,0,True,True,False,False,False
2112.0-2017-000-WHT-069-000,2112,VACCXX,2017,0,True,True,False,False,False
2112.0-2017-000-WHT-070-000,2112,QUERRU,2017,0,True,True,False,False,False
2112.0-2017-000-WHT-071-000,2112,QUERRU,2017,0,True,True,False,False,False
2112.0-2017-000-WHT-087-000,2112,TSUGCA,2017,0,True,True,False,False,False
2112.0-2017-000-YLW-001-000,2112,QUERRU,2017,0,True,True,False,False,False
2112.0-2017-000-YLW-002-000,2112,QUERRU,2017,0,True,True,False,False,False
2112.0-2017-000-YLW-003-000,2112,QUERRU,2017,0,True,True,False,False,False
2112.0-2017-000-YLW-004-000,2112,QUERRU,2017,0,True,True,False,False,False
2112.0-2017-000-YLW-005-000,2112,ACERRU,2017,0,True,True,False,False,False
2112.0-2017-000-YLW-006-000,2112,QUERRU,2017,0,True,True,False,False,False
2112.0-2017-000-YLW-007-000,2112,QUERRU,2017,0,True,True,False,False,False
2112.0-2017-000-YLW-008-000,2112,QUERRU,2017,0,True,True,False,False,False
2112.0-2017-000-YLW-009-000,2112,QUERRU,2017,0,True,True,False,False,False
2112.0-2017-000-YLW-011-000,2112,QUERRU,2017,0,True,True,False,False,False
2112.0-2017-000-YLW-012-000,2112,FAGUGR,2017,0,True,True,False,False,False
2112.0-2017-000-YLW-013-000,2112,ACERRU,2017,0,True,True,False,False,False
2112.0-2017-000-YLW-076-000,2112,QUERRU,2017,0,True,True,False,False,False
2112.0-2017-000-YLW-077-000,2112,ACERRU,2017,0,True,True,False,False,False
2112.0-2017-000-YLW-078-000,2112,ACERRU,2017,0,True,True,False,False,False
2112.0-2017-000-YLW-079-000,2112,ACERRU,2017,0,True,True,False,False,False
2112.0-2017-000-YLW-080-000,2112,ACERRU,2017,0,True,True,False,False,False
2112.0-2017-000-YLW-081-000,2112,QUERRU,2017,0,True,True,False,False,False
2112.0-2017-000-YLW-082-000,2112,QUERRU,2017,0,True,True,False,False,False
2112.0-2017-000-YLW-083-000,2112,AMELAL,2017,0,True,True,False,False,False
2112.0-2017-000-YLW-084-000,2112,ACERRU,2017,0,True,True,False,False,False
2112.0-2017-000-YLW-085-000,2112,QUERRU,2017,0,True,True,False,False,False
2112.0-2017-000-YLW-086-000,2112,ACERRU,2017,0,True,True,False,False,False
2112.0-2017-000-YLW-087-000,2112,QUERRU,2017,0,True,True,False,False,False
2112.0-2017-000-YLW-088-000,2112,ACERRU,2017,0,True,True,False,False,False
2112.0-2017-000-YLW-089-000,2112,QUERRU,2017,0,True,True,False,False,False
2112.0-2017-000-YLW-090-000,2112,ACERRU,2017,0,True,True,False,False,False
2112.0-2017-000-YLW-091-000,2112,QUERRU,2017,0,True,True,False,False,False
2112.0-2017-000-YLW-092-000,2112,QUERRU,2017,0,True,True,False,False,False
2112.0-2017-000-YLW-093-000,2112,QUERRU,2017,0,True,True,False,False,False
2112.0-2017-000-YLW-094-000,2112,QUERRU,2017,0,True,True,False,False,False
2112.0-2017-000-YLW-095-000,2112,QUERRU,2017,0,True,True,False,False,False
2112.0-2017-000-YLW-096-000,2112,ACERRU,2017,0,True,True,False,False,False
2112.0-2017-000-YLW-097-000,2112,ACERRU,2017,0,True,True,False,False,False
2112.0-2017-000-YLW-098-000,2112,ACERRU,2017,0,True,True,False,False,False
2112.0-2017-000-YLW-099-000,2112,QUERRU,2017,0,True,True,False,False,False
2112.0-2017-000-YLW-100-000,2112,QUERRU,2017,0,True,True,False,False,False
2112.0-2018-000-ORG-039-000,2112,ACERRU,2018,1,True,False,True,False,False
2112.0-2018-000-RED-001-000,2112,QUERRU,2018,1,True,False,True,False,False
2112.0-2018-000-RED-002-000,2112,QUERRU,2018,1,True,False,True,False,False
2112.0-2018-000-RED-003-000,2112,ACERRU,2018,1,True,False,True,False,False
2112.0-2018-000-RED-004-000,2112,TSUGCA,2018,1,True,False,True,False,False
2112.0-2018-000-RED-005-000,2112,QUERRU,2018,1,True,False,True,False,False
2112.0-2018-000-RED-006-000,2112,QUERRU,2018,1,True,False,True,False,False
2112.0-2018-000-RED-007-000,2112,QUERRU,2018,1,True,False,True,False,False
2112.0-2018-000-RED-008-000,2112,QUERRU,2018,1,True,False,True,False,False
2112.0-2018-000-RED-009-000,2112,ACERRU,2018,1,True,False,True,False,False
2112.0-2018-000-RED-010-000,2112,ACERRU,2018,1,True,False,True,False,False
2112.0-2018-000-RED-011-000,2112,VACCXX,2018,1,True,False,True,False,False
2112.0-2018-000-RED-012-000,2112,ACERRU,2018,1,True,False,True,False,False
2112.0-2018-000-RED-013-000,2112,ACERRU,2018,1,True,False,True,False,False
2112.0-2018-000-RED-014-000,2112,QUERRU,2018,1,True,False,True,False,False
2112.0-2018-000-RED-015-000,2112,ACERRU,2018,1,True,False,True,False,False
2112.0-2019-000-BLU-025-000,2112,ACERRU,2019,1,True,False,True,False,False
2112.0-2020-000-BLU-021-000,2112,ACERRU,2020,1,True,False,True,False,False
2112.0-2020-000-BLU-022-000,2112,ACERRU,2020,1,True,False,True,False,False
2112.0-2020-000-BLU-023-000,2112,ACERRU,2020,1,True,False,True,False,False
2112.0-2020-000-BLU-024-000,2112,ACERRU,2020,1,True,False,True,False,False
2112.0-2020-000-BLU-025-000,2112,ACERRU,2020,1,True,False,True,False,False
2112.0-2020-000-BLU-045-000,2112,ACERRU,2020,1,True,False,True,False,False
2112.0-2020-000-BLU-046-000,2112,ACERRU,2020,1,True,False,True,False,False
2112.0-2020-000-BLU-047-000,2112,ACERRU,2020,1,True,False,True,False,False
2112.0-2020-000-BLU-048-000,2112,ACERRU,2020,1,True,False,True,False,False
2112.0-2020-000-BLU-049-000,2112,ACERRU,2020,1,True,False,True,False,False
2112.0-2021-000-BLU-097-000,2112,ACERRU,2021,1,True,False,True,False,False
2112.0-2021-000-BLU-098-000,2112,ACERRU,2021,1,True,False,True,False,False
2112.0-2021-000-BLU-099-000,2112,ACERRU,2021,1,True,False,True,False,False
2112.0-2022-000-BLU-015-000,2112,ACERRU,2022,1,True,False,True,False,False
2112.0-2022-000-BLU-016-000,2112,QUERRU,2022,0,True,False,False,False,False
2112.0-2022-000-BLU-052-000,2112,ACERRU,2022,1,True,False,True,False,False
2112.0-2023-000-BLU-088-000,2112,ACERRU,2023,1,True,False,True,False,False
2112.0-2023-000-BLU-089-000,2112,PINUST,2023,1,True,False,True,False,False
2112.0-2023-000-BLU-090-000,2112,TSUGCA,2023,1,True,False,True,False,False
2112.0-2023-000-BLU-092-000,2112,TSUGCA,2023,1,True,False,True,False,False
2112.0-2023-000-BLU-093-000,2112,TSUGCA,2023,1,True,False,True,False,False
2112.0-2023-000-BLU-094-000,2112,TSUGCA,2023,1,True,False,True,False,False
2112.0-2023-000-BLU-095-000,2112,TSUGCA,2023,1,True,False,True,False,False
2112.0-2023-000-BLU-096-000,2112,ACERRU,2023,1,True,False,True,False,False
2123.0-2017-000-WHT-080-000,2123,ACERRU,2017,0,True,True,False,False,False
2123.0-2017-000-WHT-081-000,2123,ACERRU,2017,0,True,True,False,False,False
2123.0-2017-000-WHT-082-000,2123,ACERRU,2017,0,True,True,False,False,False
2123.0-2017-000-WHT-083-000,2123,ACERRU,2017,0,True,True,False,False,False
2123.0-2017-000-WHT-084-000,2123,VIBUNU,2017,0,True,True,False,False,False
2123.0-2017-000-WHT-085-000,2123,VIBUNU,2017,0,True,True,False,False,False
2123.0-2017-000-WHT-086-000,2123,ACERRU,2017,0,True,True,False,False,False
2123.0-2018-000-RED-016-000,2123,ACERRU,2018,1,True,False,True,False,False
2123.0-2018-000-RED-017-000,2123,ACERRU,2018,1,True,False,True,False,False
2123.0-2018-000-RED-018-000,2123,TSUGCA,2018,1,True,False,True,False,False
2123.0-2018-000-RED-019-000,2123,TSUGCA,2018,1,True,False,True,False,False
2123.0-2018-000-RED-020-000,2123,ACERRU,2018,1,True,False,True,False,False
2123.0-2018-000-RED-021-000,2123,TSUGCA,2018,1,True,False,True,False,False
2123.0-2018-000-UNT-001-000,2123,ACERRU,2018,1,True,False,True,False,False
2123.0-2019-000-ORG-014-000,2123,ACERRU,2019,1,True,False,True,False,False
2123.0-2019-000-ORG-022-000,2123,QUERRU,2019,1,True,False,True,False,False
2123.0-2019-000-ORG-032-000,2123,QUERRU,2019,1,True,False,True,False,False
2123.0-2020-000-BLU-013-000,2123,VIBUNU,2020,1,True,False,True,False,False
2123.0-2020-000-BLU-014-000,2123,ACERRU,2020,1,True,False,True,False,False
2123.0-2021-000-ORG-071-000,2123,ACERRU,2021,1,True,False,True,False,False
2123.0-2022-000-BLU-068-000,2123,PINUST,2022,1,True,False,True,False,False
2124.0-2017-000-WHT-062-000,2124,ACERRU,2017,0,True,True,False,False,False
2124.0-2017-000-WHT-063-000,2124,ACERRU,2017,0,True,True,False,False,False
2124.0-2017-000-WHT-064-000,2124,ACERRU,2017,0,True,True,False,False,False
2124.0-2017-000-WHT-065-000,2124,ACERRU,2017,0,True,True,False,False,False
2124.0-2017-000-WHT-066-000,2124,ACERRU,2017,0,True,True,False,False,False
2124.0-2017-000-WHT-067-000,2124,ACERRU,2017,0,True,True,False,False,False
2124.0-2017-000-WHT-068-000,2124,ACERRU,2017,0,True,True,False,False,False
2124.0-2017-000-WHT-069-000,2124,ACERRU,2017,0,True,True,False,False,False
2124.0-2017-000-WHT-070-000,2124,ACERRU,2017,0,True,True,False,False,False
2124.0-2017-000-WHT-071-000,2124,ACERRU,2017,0,True,True,False,False,False
2124.0-2017-000-WHT-072-000,2124,ACERRU,2017,0,True,True,False,False,False
2124.0-2017-000-WHT-073-000,2124,ACERRU,2017,0,True,True,False,False,False
2124.0-2017-000-WHT-074-000,2124,ACERRU,2017,0,True,True,False,False,False
2124.0-2017-000-WHT-075-000,2124,ACERRU,2017,0,True,True,False,False,False
2124.0-2017-000-WHT-076-000,2124,QUERRU,2017,0,True,True,False,False,False
2124.0-2017-000-WHT-077-000,2124,ACERRU,2017,0,True,True,False,False,False
2124.0-2017-000-WHT-078-000,2124,ACERRU,2017,0,True,True,False,False,False
2124.0-2018-000-RED-022-000,2124,ACERRU,2018,1,True,False,True,False,False
2124.0-2018-000-RED-023-000,2124,ACERRU,2018,1,True,False,True,False,False
2124.0-2018-000-RED-024-000,2124,ACERRU,2018,1,True,False,True,False,False
2124.0-2018-000-RED-025-000,2124,PINUST,2018,1,True,False,True,False,False
2124.0-2018-000-RED-026-000,2124,TSUGCA,2018,1,True,False,True,False,False
2124.0-2018-000-RED-027-000,2124,ACERRU,2018,1,True,False,True,False,False
2124.0-2018-000-RED-028-000,2124,TSUGCA,2018,1,True,False,True,False,False
2124.0-2018-000-RED-029-000,2124,ACERRU,2018,1,True,False,True,False,False
2124.0-2018-000-RED-030-000,2124,ACERRU,2018,1,True,False,True,False,False
2124.0-2018-000-UNT-001-000,2124,ACERRU,2018,1,True,False,True,False,False
2124.0-2019-000-ORG-012-000,2124,ACERRU,2019,1,True,False,True,False,False
2124.0-2019-000-ORG-023-000,2124,ACERRU,2019,1,True,False,True,False,False
2124.0-2019-000-ORG-029-000,2124,ACERRU,2019,1,True,False,True,False,False
2124.0-2019-000-ORG-035-000,2124,ACERRU,2019,1,True,False,True,False,False
2124.0-2019-000-ORG-051-000,2124,ACERRU,2019,1,True,False,True,False,False
2124.0-2019-000-ORG-054-000,2124,ACERRU,2019,1,True,False,True,False,False
2124.0-2019-000-ORG-061-000,2124,ACERRU,2019,1,True,False,True,False,False
2124.0-2019-000-ORG-085-000,2124,ACERRU,2019,1,True,False,True,False,False
2124.0-2020-000-BLU-003-000,2124,ACERRU,2020,1,True,False,True,False,False
2124.0-2020-000-BLU-004-000,2124,ACERRU,2020,1,True,False,True,False,False
2124.0-2020-000-BLU-005-000,2124,TSUGCA,2020,1,True,False,True,False,False
2124.0-2020-000-BLU-006-000,2124,TSUGCA,2020,1,True,False,True,False,False
2124.0-2020-000-BLU-007-000,2124,TSUGCA,2020,1,True,False,True,False,False
2124.0-2020-000-BLU-008-000,2124,TSUGCA,2020,1,True,False,True,False,False
2124.0-2020-000-BLU-009-000,2124,TSUGCA,2020,1,True,False,True,False,False
2124.0-2020-000-BLU-010-000,2124,TSUGCA,2020,1,True,False,True,False,False
2124.0-2020-000-BLU-011-000,2124,TSUGCA,2020,1,True,False,True,False,False
2124.0-2020-000-BLU-012-000,2124,TSUGCA,2020,1,True,False,True,False,False
2124.0-2021-000-ORG-068-000,2124,ACERRU,2021,1,True,False,True,False,False
2124.0-2021-000-ORG-069-000,2124,ACERRU,2021,1,True,False,True,False,False
2124.0-2021-000-ORG-070-000,2124,TSUGCA,2021,1,True,False,True,False,False
2124.0-2022-000-BLU-084-000,2124,PINUST,2022,1,True,False,True,False,False
2310.0-2017-000-BLU-009-000,2310,ACERRU,2017,0,True,True,False,False,False
2310.0-2017-000-BLU-010-000,2310,PINUST,2017,0,True,True,False,False,False
2310.0-2017-000-BLU-011-000,2310,BETUXX,2017,0,True,True,False,False,False
2310.0-2017-000-BLU-012-000,2310,VACCAN,2017,0,True,True,False,False,False
2310.0-2017-000-BLU-013-000,2310,HAMAVI,2017,0,True,True,False,False,False
2310.0-2017-000-BLU-014-000,2310,ACERRU,2017,0,True,True,False,False,False
2310.0-2017-000-BLU-015-000,2310,ACERRU,2017,0,True,True,False,False,False
2310.0-2017-000-BLU-016-000,2310,ACERRU,2017,0,True,True,False,False,False
2310.0-2017-000-BLU-017-000,2310,ACERRU,2017,0,True,True,False,False,False
2310.0-2017-000-BLU-018-000,2310,ACERRU,2017,0,True,True,False,False,False
2310.0-2017-000-BLU-019-000,2310,ACERRU,2017,0,True,True,False,False,False
2310.0-2017-000-BLU-020-000,2310,ACERRU,2017,0,True,True,False,False,False
2310.0-2017-000-BLU-021-000,2310,ACERRU,2017,0,True,True,False,False,False
2310.0-2017-000-BLU-022-000,2310,ACERRU,2017,0,True,True,False,False,False
2310.0-2017-000-BLU-023-000,2310,ACERRU,2017,0,True,True,False,False,False
2310.0-2017-000-BLU-024-000,2310,ACERRU,2017,0,True,True,False,False,False
2310.0-2017-000-BLU-025-000,2310,HAMAVI,2017,0,True,True,False,False,False
2310.0-2017-000-BLU-027-000,2310,ACERRU,2017,0,True,True,False,False,False
2310.0-2017-000-BLU-028-000,2310,ACERRU,2017,0,True,True,False,False,False
2310.0-2017-000-BLU-029-000,2310,ACERRU,2017,0,True,True,False,False,False
2310.0-2018-000-ORG-080-000,2310,ACERRU,2018,1,True,False,True,False,False
2310.0-2018-000-ORG-081-000,2310,ACERRU,2018,1,True,False,True,False,False
2310.0-2018-000-ORG-082-000,2310,FAGUGR,2018,1,True,False,True,False,False
2310.0-2018-000-ORG-083-000,2310,ACERRU,2018,1,True,False,True,False,False
2310.0-2018-000-ORG-084-000,2310,ACERRU,2018,1,True,False,True,False,False
2312.0-2017-000-BLU-030-000,2312,ACERRU,2017,0,True,True,False,False,False
2312.0-2017-000-BLU-031-000,2312,ACERRU,2017,0,True,True,False,False,False
2312.0-2017-000-BLU-032-000,2312,ACERRU,2017,0,True,True,False,False,False
2312.0-2017-000-BLU-033-000,2312,ACERRU,2017,0,True,True,False,False,False
2312.0-2017-000-BLU-034-000,2312,ACERRU,2017,0,True,True,False,False,False
2312.0-2017-000-BLU-035-000,2312,ACERRU,2017,0,True,True,False,False,False
2312.0-2017-000-BLU-036-000,2312,ACERRU,2017,0,True,True,False,False,False
2312.0-2017-000-BLU-037-000,2312,ACERRU,2017,0,True,True,False,False,False
2312.0-2017-000-BLU-038-000,2312,ACERRU,2017,0,True,True,False,False,False
2312.0-2017-000-BLU-039-000,2312,ACERRU,2017,0,True,True,False,False,False
2312.0-2017-000-BLU-040-000,2312,ACERRU,2017,0,True,True,False,False,False
2312.0-2017-000-BLU-041-000,2312,HAMAVI,2017,0,True,True,False,False,False
2312.0-2017-000-BLU-042-000,2312,VACCCO,2017,0,True,True,False,False,False
2312.0-2017-000-BLU-043-000,2312,VACCAN,2017,0,True,True,False,False,False
2312.0-2017-000-BLU-044-000,2312,ACERRU,2017,0,True,True,False,False,False
2312.0-2017-000-BLU-045-000,2312,ACERRU,2017,0,True,True,False,False,False
2312.0-2017-000-BLU-046-000,2312,VACCAN,2017,0,True,True,False,False,False
2312.0-2017-000-BLU-047-000,2312,ACERRU,2017,0,True,True,False,False,False
2312.0-2017-000-BLU-048-000,2312,ACERRU,2017,0,True,True,False,False,False
2312.0-2017-000-BLU-049-000,2312,ACERRU,2017,0,True,True,False,False,False
2312.0-2017-000-BLU-050-000,2312,ACERRU,2017,0,True,True,False,False,False
2312.0-2017-000-ORG-001-000,2312,ACERRU,2017,0,True,True,False,False,False
2312.0-2017-000-ORG-002-000,2312,VACCAN,2017,0,True,True,False,False,False
2312.0-2017-000-ORG-003-000,2312,VACCAN,2017,0,True,True,False,False,False
2312.0-2017-000-ORG-004-000,2312,VACCCO,2017,0,True,True,False,False,False
2312.0-2017-000-ORG-005-000,2312,VACCCO,2017,0,True,True,False,False,False
2312.0-2017-000-ORG-006-000,2312,VACCCO,2017,0,True,True,False,False,False
2312.0-2017-000-ORG-007-000,2312,VACCCO,2017,0,True,True,False,False,False
2510.0-2017-000-BLU-012-000,2510,QUERRU,2017,0,True,True,False,False,False
2510.0-2017-000-BLU-013-000,2510,VACCCO,2017,0,True,True,False,False,False
2510.0-2017-000-BLU-014-000,2510,VACCCO,2017,0,True,True,False,False,False
2510.0-2017-000-BLU-015-000,2510,HAMAVI,2017,0,True,True,False,False,False
2510.0-2017-000-BLU-016-000,2510,HAMAVI,2017,0,True,True,False,False,False
2510.0-2018-000-ORG-085-000,2510,ACERRU,2018,1,True,False,True,False,False
2510.0-2018-000-ORG-086-000,2510,HAMAVI,2018,1,True,False,True,False,False
2510.0-2018-000-ORG-087-000,2510,ACERRU,2018,1,True,False,True,False,False
2510.0-2018-000-ORG-088-000,2510,ACERRU,2018,1,True,False,True,False,False
2510.0-2018-000-ORG-089-000,2510,PINUST,2018,1,True,False,True,False,False
2510.0-2018-000-ORG-090-000,2510,TSUGCA,2018,1,True,False,True,False,False
2510.0-2018-000-ORG-091-000,2510,ACERRU,2018,1,True,False,True,False,False
2510.0-2018-000-ORG-092-000,2510,ACERRU,2018,1,True,False,True,False,False
2602.0-2017-000-YLW-001-000,2602,QUERRU,2017,0,True,True,False,False,False
2602.0-2017-000-YLW-002-000,2602,QUERRU,2017,0,True,True,False,False,False
2602.0-2017-000-YLW-003-000,2602,ACERRU,2017,0,True,True,False,False,False
2602.0-2017-000-YLW-004-000,2602,QUERRU,2017,0,True,True,False,False,False
2602.0-2017-000-YLW-005-000,2602,QUERRU,2017,0,True,True,False,False,False
2602.0-2017-000-YLW-006-000,2602,QUERRU,2017,0,True,True,False,False,False
2602.0-2017-000-YLW-007-000,2602,QUERRU,2017,0,True,True,False,False,False
2602.0-2017-000-YLW-008-000,2602,QUERRU,2017,0,True,True,False,False,False
2602.0-2018-000-BLU-016-000,2602,ACERRU,2018,1,True,False,True,False,False
2602.0-2018-000-BLU-017-000,2602,ACERRU,2018,1,True,False,True,False,False
2602.0-2018-000-BLU-018-000,2602,ACERRU,2018,1,True,False,True,False,False
2602.0-2018-000-BLU-019-000,2602,ACERRU,2018,1,True,False,True,False,False
2602.0-2018-000-BLU-020-000,2602,ACERRU,2018,1,True,False,True,False,False
2602.0-2018-000-BLU-021-000,2602,ACERRU,2018,1,True,False,True,False,False
2602.0-2018-000-BLU-022-000,2602,ACERRU,2018,1,True,False,True,False,False
2602.0-2018-000-BLU-023-000,2602,ACERRU,2018,1,True,False,True,False,False
2602.0-2018-000-BLU-024-000,2602,PINUST,2018,1,True,False,True,False,False
2602.0-2019-000-ORG-008-000,2602,ACERRU,2019,1,True,False,True,False,False
2602.0-2019-000-ORG-009-000,2602,ACERRU,2019,1,True,False,True,False,False
2602.0-2020-000-RED-051-000,2602,ACERRU,2020,1,True,False,True,False,False
2602.0-2020-000-RED-052-000,2602,ACERRU,2020,1,True,False,True,False,False
2602.0-2020-000-RED-053-000,2602,ACERRU,2020,1,True,False,True,False,False
2602.0-2020-000-RED-054-000,2602,ACERRU,2020,1,True,False,True,False,False
2602.0-2020-000-RED-055-000,2602,ACERRU,2020,1,True,False,True,False,False
2602.0-2020-000-RED-056-000,2602,ACERRU,2020,1,True,False,True,False,False
2602.0-2020-000-RED-057-000,2602,ACERRU,2020,1,True,False,True,False,False
2602.0-2020-000-RED-058-000,2602,ACERRU,2020,1,True,False,True,False,False
2602.0-2021-000-BLU-047-000,2602,ACERRU,2021,1,True,False,True,False,False
2602.0-2023-000-BLU-063-000,2602,UNKNXX,2023,1,True,False,True,False,False
2604.0-2017-000-YLW-009-000,2604,VACCCO,2017,0,True,True,False,False,False
2604.0-2017-000-YLW-010-000,2604,VACCCO,2017,0,True,True,False,False,False
2604.0-2017-000-YLW-011-000,2604,VACCCO,2017,0,True,True,False,False,False
2604.0-2017-000-YLW-012-000,2604,VACCCO,2017,0,True,True,False,False,False
2604.0-2017-000-YLW-013-000,2604,VACCCO,2017,0,True,True,False,False,False
2604.0-2017-000-YLW-014-000,2604,VACCCO,2017,0,True,True,False,False,False
2604.0-2017-000-YLW-015-000,2604,VACCCO,2017,0,True,True,False,False,False
2604.0-2017-000-YLW-016-000,2604,VACCCO,2017,0,True,True,False,False,False
2604.0-2017-000-YLW-017-000,2604,ACERRU,2017,0,True,True,False,False,False
2604.0-2017-000-YLW-018-000,2604,VACCCO,2017,0,True,True,False,False,False
2604.0-2017-000-YLW-019-000,2604,VACCCO,2017,0,True,True,False,False,False
2604.0-2017-000-YLW-020-000,2604,VACCCO,2017,0,True,True,False,False,False
2604.0-2017-000-YLW-021-000,2604,ACERRU,2017,0,True,True,False,False,False
2604.0-2017-000-YLW-022-000,2604,VACCCO,2017,0,True,True,False,False,False
2604.0-2017-000-YLW-023-000,2604,VACCCO,2017,0,True,True,False,False,False
2604.0-2017-000-YLW-024-000,2604,VACCCO,2017,0,True,True,False,False,False
2604.0-2017-000-YLW-025-000,2604,VACCCO,2017,0,True,True,False,False,False
2604.0-2017-000-YLW-026-000,2604,VACCCO,2017,0,True,True,False,False,False
2604.0-2017-000-YLW-027-000,2604,VACCCO,2017,0,True,True,False,False,False
2604.0-2018-000-BLU-008-000,2604,VACCXX,2018,1,True,False,True,False,False
2604.0-2018-000-BLU-009-000,2604,ACERRU,2018,1,True,False,True,False,False
2604.0-2018-000-BLU-010-000,2604,ACERRU,2018,1,True,False,True,False,False
2604.0-2018-000-BLU-011-000,2604,ACERRU,2018,1,True,False,True,False,False
2604.0-2018-000-BLU-012-000,2604,ACERRU,2018,1,True,False,True,False,False
2604.0-2018-000-BLU-013-000,2604,ACERRU,2018,1,True,False,True,False,False
2604.0-2018-000-BLU-014-000,2604,PINUST,2018,1,True,False,True,False,False
2604.0-2018-000-BLU-015-000,2604,ACERRU,2018,1,True,False,True,False,False
2604.0-2019-000-ORG-010-000,2604,ACERRU,2019,1,True,False,True,False,False
2604.0-2019-000-ORG-011-000,2604,VACCCO,2019,1,True,False,True,False,False
2604.0-2019-000-ORG-012-000,2604,ACERRU,2019,1,True,False,True,False,False
2604.0-2019-000-ORG-013-000,2604,VACCCO,2019,1,True,False,True,False,False
2604.0-2019-000-ORG-014-000,2604,ACERRU,2019,1,True,False,True,False,False
2604.0-2019-000-ORG-015-000,2604,ACERRU,2019,1,True,False,True,False,False
2604.0-2020-000-RED-059-000,2604,ACERRU,2020,1,True,False,True,False,False
2604.0-2020-000-RED-060-000,2604,ACERRU,2020,1,True,False,True,False,False
2604.0-2021-000-BLU-044-000,2604,VACCCO,2021,1,True,False,True,False,False
2604.0-2021-000-BLU-045-000,2604,VACCCO,2021,1,True,False,True,False,False
2604.0-2021-000-BLU-046-000,2604,PINUST,2021,1,True,False,True,False,False
2606.0-2017-000-YLW-028-000,2606,ACERRU,2017,0,True,True,False,False,False
2606.0-2018-000-BLU-025-000,2606,ACERRU,2018,1,True,False,True,False,False
2606.0-2018-000-BLU-026-000,2606,ACERRU,2018,1,True,False,True,False,False
2606.0-2018-000-BLU-027-000,2606,ACERRU,2018,1,True,False,True,False,False
2606.0-2018-000-BLU-028-000,2606,ACERRU,2018,1,True,False,True,False,False
2606.0-2018-000-BLU-029-000,2606,ACERRU,2018,1,True,False,True,False,False
2606.0-2018-000-BLU-030-000,2606,ACERRU,2018,1,True,False,True,False,False
2606.0-2018-000-BLU-031-000,2606,ACERRU,2018,1,True,False,True,False,False
2606.0-2018-000-BLU-032-000,2606,ACERRU,2018,1,True,False,True,False,False
2606.0-2018-000-BLU-033-000,2606,ACERRU,2018,1,True,False,True,False,False
2606.0-2018-000-BLU-034-000,2606,ACERRU,2018,1,True,False,True,False,False
2606.0-2018-000-BLU-035-000,2606,ACERRU,2018,1,True,False,True,False,False
2606.0-2018-000-BLU-036-000,2606,ACERRU,2018,1,True,False,True,False,False
2606.0-2018-000-BLU-037-000,2606,ACERRU,2018,1,True,False,True,False,False
2606.0-2018-000-BLU-038-000,2606,ACERRU,2018,1,True,False,True,False,False
2606.0-2018-000-BLU-039-000,2606,ACERRU,2018,1,True,False,True,False,False
2606.0-2018-000-BLU-040-000,2606,ACERRU,2018,1,True,False,True,False,False
2606.0-2018-000-BLU-041-000,2606,ACERRU,2018,1,True,False,True,False,False
2606.0-2018-000-BLU-042-000,2606,ACERRU,2018,1,True,False,True,False,False
2606.0-2018-000-BLU-043-000,2606,ACERRU,2018,1,True,False,True,False,False
2606.0-2018-000-BLU-044-000,2606,ACERRU,2018,1,True,False,True,False,False
2606.0-2018-000-BLU-045-000,2606,ACERRU,2018,1,True,False,True,False,False
2606.0-2018-000-BLU-046-000,2606,ACERRU,2018,1,True,False,True,False,False
2606.0-2018-000-BLU-047-000,2606,ACERRU,2018,1,True,False,True,False,False
2606.0-2018-000-BLU-048-000,2606,ACERRU,2018,1,True,False,True,False,False
2606.0-2018-000-BLU-0UT-000,2606,ACERRU,2018,1,True,False,True,False,False
2606.0-2019-000-ORG-016-000,2606,QUERRU,2019,1,True,False,True,False,False
2606.0-2021-000-BLU-043-000,2606,ACERRU,2021,1,True,False,True,False,False
2608.0-2017-000-YLW-029-000,2608,QUERRU,2017,0,True,True,False,False,False
2608.0-2017-000-YLW-030-000,2608,QUERRU,2017,0,True,True,False,False,False
2608.0-2017-000-YLW-031-000,2608,QUERRU,2017,0,True,True,False,False,False
2608.0-2017-000-YLW-032-000,2608,QUERRU,2017,0,True,True,False,False,False
2608.0-2017-000-YLW-033-000,2608,QUERRU,2017,0,True,True,False,False,False
2608.0-2017-000-YLW-034-000,2608,TSUGCA,2017,0,True,True,False,False,False
2608.0-2018-000-RED-097-000,2608,ACERRU,2018,1,True,False,True,False,False
2608.0-2018-000-RED-098-000,2608,ACERRU,2018,1,True,False,True,False,False
2608.0-2018-000-RED-099-000,2608,ACERRU,2018,1,True,False,True,False,False
2608.0-2018-000-RED-100-000,2608,ACERRU,2018,1,True,False,True,False,False
2608.0-2018-000-WHT-076-000,2608,TSUGCA,2018,1,True,False,True,False,False
2608.0-2018-000-WHT-077-000,2608,ACERRU,2018,1,True,False,True,False,False
2608.0-2018-000-WHT-078-000,2608,ACERRU,2018,1,True,False,True,False,False
2608.0-2018-000-WHT-079-000,2608,ACERRU,2018,1,True,False,True,False,False
2608.0-2018-000-WHT-080-000,2608,ACERRU,2018,1,True,False,True,False,False
2608.0-2018-000-WHT-081-000,2608,ACERRU,2018,1,True,False,True,False,False
2608.0-2018-000-WHT-082-000,2608,ACERRU,2018,1,True,False,True,False,False
2608.0-2018-000-WHT-083-000,2608,ACERRU,2018,1,True,False,True,False,False
2608.0-2018-000-WHT-084-000,2608,ACERRU,2018,1,True,False,True,False,False
2608.0-2018-000-WHT-085-000,2608,PINUST,2018,1,True,False,True,False,False
2608.0-2019-000-ORG-017-000,2608,ACERRU,2019,1,True,False,True,False,False
2608.0-2019-000-ORG-018-000,2608,BETUPA,2019,1,True,False,True,False,False
2608.0-2020-000-RED-061-000,2608,BETUXX,2020,1,True,False,True,False,False
2608.0-2020-000-RED-062-000,2608,ACERRU,2020,1,True,False,True,False,False
2608.0-2021-000-BLU-042-000,2608,PINUST,2021,1,True,False,True,False,False
2610.0-2017-000-YLW-035-000,2610,ACERRU,2017,0,True,True,False,False,False
2610.0-2017-000-YLW-036-000,2610,BETUXX,2017,0,True,True,False,False,False
2610.0-2017-000-YLW-037-000,2610,ACERRU,2017,0,True,True,False,False,False
2610.0-2017-000-YLW-038-000,2610,TSUGCA,2017,0,True,True,False,False,False
2610.0-2017-000-YLW-039-000,2610,ACERRU,2017,0,True,True,False,False,False
2610.0-2018-000-RED-083-000,2610,TSUGCA,2018,1,True,False,True,False,False
2610.0-2018-000-RED-084-000,2610,TSUGCA,2018,1,True,False,True,False,False
2610.0-2018-000-RED-085-000,2610,TSUGCA,2018,1,True,False,True,False,False
2610.0-2018-000-RED-086-000,2610,TSUGCA,2018,1,True,False,True,False,False
2610.0-2018-000-RED-087-000,2610,TSUGCA,2018,1,True,False,True,False,False
2610.0-2018-000-RED-088-000,2610,TSUGCA,2018,1,True,False,True,False,False
2610.0-2018-000-RED-089-000,2610,TSUGCA,2018,1,True,False,True,False,False
2610.0-2018-000-RED-090-000,2610,TSUGCA,2018,1,True,False,True,False,False
2610.0-2018-000-RED-091-000,2610,TSUGCA,2018,1,True,False,True,False,False
2610.0-2018-000-RED-092-000,2610,TSUGCA,2018,1,True,False,True,False,False
2610.0-2018-000-RED-093-000,2610,TSUGCA,2018,1,True,False,True,False,False
2610.0-2018-000-RED-094-000,2610,TSUGCA,2018,1,True,False,True,False,False
2610.0-2018-000-RED-095-000,2610,TSUGCA,2018,1,True,False,True,False,False
2610.0-2018-000-RED-096-000,2610,TSUGCA,2018,1,True,False,True,False,False
2610.0-2019-000-ORG-019-000,2610,ACERRU,2019,1,True,False,True,False,False
2610.0-2019-000-ORG-020-000,2610,ACERRU,2019,1,True,False,True,False,False
2610.0-2020-000-RED-063-000,2610,ACERRU,2020,1,True,False,True,False,False
2610.0-2020-000-RED-064-000,2610,ACERRU,2020,1,True,False,True,False,False
2610.0-2020-000-RED-065-000,2610,ACERRU,2020,1,True,False,True,False,False
2610.0-2020-000-RED-066-000,2610,BETUXX,2020,1,True,False,True,False,False
2610.0-2020-000-RED-067-000,2610,ACERRU,2020,1,True,False,True,False,False
2610.0-2020-000-RED-068-000,2610,ACERRU,2020,1,True,False,True,False,False
2610.0-2020-000-RED-069-000,2610,BETUXX,2020,1,True,False,True,False,False
2610.0-2020-000-RED-070-000,2610,BETUXX,2020,1,True,False,True,False,False
2610.0-2020-000-RED-071-000,2610,BETUXX,2020,1,True,False,True,False,False
2610.0-2020-000-RED-072-000,2610,TSUGCA,2020,1,True,False,True,False,False
2610.0-2020-000-RED-073-000,2610,TSUGCA,2020,1,True,False,True,False,False
2610.0-2020-000-RED-074-000,2610,TSUGCA,2020,1,True,False,True,False,False
2610.0-2021-000-BLU-039-000,2610,PINUST,2021,1,True,False,True,False,False
2610.0-2021-000-BLU-040-000,2610,BETUXX,2021,1,True,False,True,False,False
2610.0-2021-000-BLU-041-000,2610,QUERRU,2021,1,True,False,True,False,False
2610.0-2023-000-BLU-064-000,2610,TSUGCA,2023,1,True,False,True,False,False
2610.0-2023-000-BLU-065-000,2610,TSUGCA,2023,1,True,False,True,False,False
2610.0-2023-000-BLU-066-000,2610,ACERRU,2023,0,True,False,False,False,False
2610.0-2023-000-BLU-067-000,2610,ACERRU,2023,1,True,False,True,False,False
2610.0-2023-000-BLU-068-000,2610,ACERRU,2023,1,True,False,True,False,False
2610.0-2023-000-BLU-069-000,2610,BETUXX,2023,1,True,False,True,False,False
2610.0-2023-000-BLU-070-000,2610,ACERRU,2023,1,True,False,True,False,False
2610.0-2023-000-BLU-071-000,2610,ACERRU,2023,1,True,False,True,False,False
2610.0-2023-000-BLU-072-000,2610,ACERRU,2023,1,True,False,True,False,False
2610.0-2023-000-BLU-073-000,2610,ACERRU,2023,1,True,False,True,False,False
2610.0-2023-000-BLU-074-000,2610,ACERRU,2023,1,True,False,True,False,False
2610.0-2023-000-BLU-075-000,2610,TSUGCA,2023,1,True,False,True,False,False
2610.0-2023-000-BLU-097-000,2610,BETUXX,2023,1,True,False,True,False,False
2610.0-2023-000-BLU-098-000,2610,TSUGCA,2023,1,True,False,True,False,False
2610.0-2023-000-BLU-099-000,2610,ACERRU,2023,1,True,False,True,False,False
2610.0-2023-000-BLU-100-000,2610,ACERRU,2023,1,True,False,True,False,False
2610.0-2023-000-RED-005-000,2610,UNKNXX,2023,1,True,False,True,False,False
2612.0-2017-000-YLW-040-000,2612,ACERRU,2017,0,True,True,False,False,False
2612.0-2017-000-YLW-041-000,2612,ACERRU,2017,0,True,True,False,False,False
2612.0-2017-000-YLW-042-000,2612,ACERRU,2017,0,True,True,False,False,False
2612.0-2017-000-YLW-043-000,2612,ACERRU,2017,0,True,True,False,False,False
2612.0-2017-000-YLW-044-000,2612,ACERRU,2017,0,True,True,False,False,False
2612.0-2017-000-YLW-045-000,2612,ACERRU,2017,0,True,True,False,False,False
2612.0-2017-000-YLW-046-000,2612,ACERRU,2017,0,True,True,False,False,False
2612.0-2017-000-YLW-047-000,2612,ACERRU,2017,0,True,True,False,False,False
2612.0-2017-000-YLW-048-000,2612,ACERRU,2017,0,True,True,False,False,False
2612.0-2017-000-YLW-049-000,2612,QUERRU,2017,0,True,True,False,False,False
2612.0-2017-000-YLW-050-000,2612,ACERRU,2017,0,True,True,False,False,False
2612.0-2017-000-YLW-051-000,2612,PINUST,2017,0,True,True,False,False,False
2612.0-2017-000-YLW-052-000,2612,PINUST,2017,0,True,True,False,False,False
2612.0-2017-000-YLW-053-000,2612,ACERRU,2017,0,True,True,False,False,False
2612.0-2017-000-YLW-054-000,2612,ACERRU,2017,0,True,True,False,False,False
2612.0-2017-000-YLW-055-000,2612,QUERRU,2017,0,True,True,False,False,False
2612.0-2017-000-YLW-056-000,2612,TSUGCA,2017,0,True,True,False,False,False
2612.0-2017-000-YLW-057-000,2612,VACCCO,2017,0,True,True,False,False,False
2612.0-2017-000-YLW-058-000,2612,ACERRU,2017,0,True,True,False,False,False
2612.0-2017-000-YLW-059-000,2612,ACERRU,2017,0,True,True,False,False,False
2612.0-2017-000-YLW-060-000,2612,ACERRU,2017,0,True,True,False,False,False
2612.0-2017-000-YLW-061-000,2612,BETUXX,2017,0,True,True,False,False,False
2612.0-2017-000-YLW-062-000,2612,ACERRU,2017,0,True,True,False,False,False
2612.0-2018-000-RED-076-000,2612,ACERRU,2018,1,True,False,True,False,False
2612.0-2018-000-RED-077-000,2612,TSUGCA,2018,1,True,False,True,False,False
2612.0-2018-000-RED-078-000,2612,TSUGCA,2018,1,True,False,True,False,False
2612.0-2018-000-RED-079-000,2612,ACERRU,2018,1,True,False,True,False,False
2612.0-2018-000-RED-080-000,2612,ACERRU,2018,1,True,False,True,False,False
2612.0-2018-000-RED-081-000,2612,TSUGCA,2018,1,True,False,True,False,False
2612.0-2018-000-RED-082-000,2612,TSUGCA,2018,1,True,False,True,False,False
2612.0-2018-000-YLW-082-000,2612,ACERRU,2018,1,True,False,True,False,False
2612.0-2018-000-YLW-083-000,2612,ACERRU,2018,1,True,False,True,False,False
2612.0-2018-000-YLW-084-000,2612,ACERRU,2018,1,True,False,True,False,False
2612.0-2018-000-YLW-085-000,2612,ACERRU,2018,1,True,False,True,False,False
2612.0-2018-000-YLW-086-000,2612,ACERRU,2018,1,True,False,True,False,False
2612.0-2018-000-YLW-087-000,2612,ACERRU,2018,1,True,False,True,False,False
2612.0-2018-000-YLW-088-000,2612,ACERRU,2018,1,True,False,True,False,False
2612.0-2018-000-YLW-089-000,2612,ACERRU,2018,1,True,False,True,False,False
2612.0-2018-000-YLW-090-000,2612,TSUGCA,2018,1,True,False,True,False,False
2612.0-2018-000-YLW-091-000,2612,TSUGCA,2018,1,True,False,True,False,False
2612.0-2018-000-YLW-092-000,2612,ACERRU,2018,1,True,False,True,False,False
2612.0-2018-000-YLW-093-000,2612,TSUGCA,2018,1,True,False,True,False,False
2612.0-2018-000-YLW-094-000,2612,TSUGCA,2018,1,True,False,True,False,False
2612.0-2018-000-YLW-095-000,2612,ACERRU,2018,1,True,False,True,False,False
2612.0-2018-000-YLW-096-000,2612,ACERRU,2018,1,True,False,True,False,False
2612.0-2018-000-YLW-097-000,2612,TSUGCA,2018,1,True,False,True,False,False
2612.0-2018-000-YLW-098-000,2612,ACERRU,2018,1,True,False,True,False,False
2612.0-2018-000-YLW-099-000,2612,TSUGCA,2018,1,True,False,True,False,False
2612.0-2018-000-YLW-100-000,2612,ACERRU,2018,1,True,False,True,False,False
2612.0-2020-000-ORG-001-000,2612,ACERRU,2020,1,True,False,True,False,False
2612.0-2020-000-ORG-002-000,2612,ACERRU,2020,1,True,False,True,False,False
2612.0-2020-000-ORG-003-000,2612,ACERRU,2020,1,True,False,True,False,False
2612.0-2020-000-ORG-004-000,2612,VACCCO,2020,1,True,False,True,False,False
2612.0-2020-000-ORG-005-000,2612,ACERRU,2020,1,True,False,True,False,False
2612.0-2020-000-ORG-006-000,2612,ACERRU,2020,1,True,False,True,False,False
2612.0-2020-000-ORG-007-000,2612,TSUGCA,2020,1,True,False,True,False,False
2612.0-2021-000-BLU-026-000,2612,ACERRU,2021,1,True,False,True,False,False
2612.0-2021-000-BLU-027-000,2612,ACERRU,2021,1,True,False,True,False,False
2612.0-2021-000-BLU-028-000,2612,ACERRU,2021,1,True,False,True,False,False
2612.0-2021-000-BLU-029-000,2612,ACERRU,2021,1,True,False,True,False,False
2612.0-2021-000-BLU-030-000,2612,ACERRU,2021,1,True,False,True,False,False
2612.0-2021-000-BLU-031-000,2612,ACERRU,2021,1,True,False,True,False,False
2612.0-2021-000-BLU-032-000,2612,ACERRU,2021,1,True,False,True,False,False
2612.0-2021-000-BLU-033-000,2612,ACERRU,2021,1,True,False,True,False,False
2612.0-2021-000-BLU-034-000,2612,ACERRU,2021,1,True,False,True,False,False
2612.0-2021-000-BLU-035-000,2612,ACERRU,2021,1,True,False,True,False,False
2612.0-2021-000-BLU-036-000,2612,ACERRU,2021,1,True,False,True,False,False
2612.0-2021-000-BLU-037-000,2612,ACERRU,2021,1,True,False,True,False,False
2612.0-2021-000-BLU-038-000,2612,PINUST,2021,1,True,False,True,False,False
2612.0-2023-000-BLU-022-000,2612,UNKNXX,2023,0,True,False,False,False,False
2612.0-2023-000-RED-006-000,2612,UNKNXX,2023,1,True,False,True,False,False
2612.0-2023-000-RED-007-000,2612,TSUGCA,2023,1,True,False,True,False,False
2612.0-2023-000-RED-008-000,2612,TSUGCA,2023,1,True,False,True,False,False
2612.0-2023-000-RED-009-000,2612,TSUGCA,2023,1,True,False,True,False,False
2612.0-2023-000-RED-010-000,2612,UNKNXX,2023,1,True,False,True,False,False
2612.0-2023-000-RED-011-000,2612,UNKNXX,2023,1,True,False,True,False,False
2612.0-2023-000-RED-012-000,2612,UNKNXX,2023,1,True,False,True,False,False
2612.0-2023-000-RED-013-000,2612,ACERRU,2023,1,True,False,True,False,False
2612.0-2023-000-RED-014-000,2612,ACERRU,2023,1,True,False,True,False,False
2612.0-2023-000-RED-015-000,2612,ACERRU,2023,1,True,False,True,False,False
2612.0-2023-000-RED-016-000,2612,TSUGCA,2023,1,True,False,True,False,False
2612.0-2023-000-RED-017-000,2612,UNKNXX,2023,1,True,False,True,False,False
2612.0-2023-000-RED-018-000,2612,TSUGCA,2023,1,True,False,True,False,False
2612.0-2023-000-RED-019-000,2612,TSUGCA,2023,1,True,False,True,False,False
2612.0-2023-000-RED-020-000,2612,ACERRU,2023,1,True,False,True,False,False
2612.0-2023-000-RED-021-000,2612,ACERRU,2023,1,True,False,True,False,False
2612.0-2023-000-RED-022-000,2612,ACERRU,2023,1,True,False,True,False,False
2612.0-2023-000-RED-023-000,2612,TSUGCA,2023,1,True,False,True,False,False
2612.0-2023-000-RED-024-000,2612,ACERRU,2023,1,True,False,True,False,False
2612.0-2023-000-RED-025-000,2612,ACERRU,2023,1,True,False,True,False,False
2612.2-2017-000-RED-011-000,Feb-12,PINUST,2017,0,True,True,False,False,False
2612.2-2017-000-RED-012-000,Feb-12,TSUGCA,2017,0,True,True,False,False,False
2612.2-2017-000-RED-013-000,Feb-12,PINUST,2017,0,True,True,False,False,False
2612.2-2017-000-RED-014-000,Feb-12,TSUGCA,2017,0,True,True,False,False,False
2612.2-2017-000-RED-015-000,Feb-12,TSUGCA,2017,0,True,True,False,False,False
2612.2-2017-000-RED-016-000,Feb-12,TSUGCA,2017,0,True,True,False,False,False
2612.2-2017-000-RED-017-000,Feb-12,ACERRU,2017,0,True,True,False,False,False
2612.2-2017-000-RED-018-000,Feb-12,ACERRU,2017,0,True,True,False,False,False
2612.2-2017-000-RED-019-000,Feb-12,ACERRU,2017,0,True,True,False,False,False
2612.2-2017-000-RED-020-000,Feb-12,BETUXX,2017,0,True,True,False,False,False
2612.2-2017-000-RED-021-000,Feb-12,TSUGCA,2017,0,True,True,False,False,False
2612.2-2017-000-RED-022-000,Feb-12,PINUST,2017,0,True,True,False,False,False
2612.2-2017-000-RED-023-000,Feb-12,ACERRU,2017,0,True,True,False,False,False
2612.2-2017-000-RED-024-000,Feb-12,ACERRU,2017,0,True,True,False,False,False
2612.2-2017-000-RED-025-000,Feb-12,TSUGCA,2017,0,True,True,False,False,False
2612.2-2017-000-RED-026-000,Feb-12,TSUGCA,2017,0,True,True,False,False,False
2612.2-2017-000-RED-027-000,Feb-12,TSUGCA,2017,0,True,True,False,False,False
2612.2-2017-000-RED-028-000,Feb-12,TSUGCA,2017,0,True,True,False,False,False
2612.2-2017-000-RED-029-000,Feb-12,TSUGCA,2017,0,True,True,False,False,False
2612.2-2017-000-RED-030-000,Feb-12,PINUST,2017,0,True,True,False,False,False
2612.2-2017-000-RED-031-000,Feb-12,ACERRU,2017,0,True,True,False,False,False
2612.2-2017-000-RED-032-000,Feb-12,TSUGCA,2017,0,True,True,False,False,False
2612.2-2017-000-RED-033-000,Feb-12,ACERRU,2017,0,True,True,False,False,False
2612.2-2017-000-RED-034-000,Feb-12,TSUGCA,2017,0,True,True,False,False,False
2612.2-2017-000-RED-035-000,Feb-12,TSUGCA,2017,0,True,True,False,False,False
2612.2-2017-000-RED-036-000,Feb-12,TSUGCA,2017,0,True,True,False,False,False
2612.2-2017-000-RED-037-000,Feb-12,ACERRU,2017,0,True,True,False,False,False
2612.2-2017-000-RED-038-000,Feb-12,QUERRU,2017,0,True,True,False,False,False
2612.2-2017-000-RED-039-000,Feb-12,BETUXX,2017,0,True,True,False,False,False
2612.2-2017-000-RED-040-000,Feb-12,TSUGCA,2017,0,True,True,False,False,False
2612.2-2017-000-RED-041-000,Feb-12,ACERRU,2017,0,True,True,False,False,False
2612.2-2017-000-RED-042-000,Feb-12,TSUGCA,2017,0,True,True,False,False,False
2612.2-2017-000-RED-043-000,Feb-12,ACERRU,2017,0,True,True,False,False,False
2612.2-2017-000-RED-044-000,Feb-12,ACERRU,2017,0,True,True,False,False,False
2612.2-2017-000-RED-045-000,Feb-12,TSUGCA,2017,0,True,True,False,False,False
2612.2-2017-000-RED-046-000,Feb-12,TSUGCA,2017,0,True,True,False,False,False
2612.2-2017-000-RED-047-000,Feb-12,TSUGCA,2017,0,True,True,False,False,False
2612.2-2017-000-RED-048-000,Feb-12,VACCCO,2017,0,True,True,False,False,False
2612.2-2017-000-RED-049-000,Feb-12,TSUGCA,2017,0,True,True,False,False,False
2612.2-2017-000-RED-050-000,Feb-12,PINUST,2017,0,True,True,False,False,False
2612.2-2017-000-RED-051-000,Feb-12,ACERRU,2017,0,True,True,False,False,False
2612.2-2017-000-RED-052-000,Feb-12,ACERRU,2017,0,True,True,False,False,False
2612.2-2017-000-RED-053-000,Feb-12,ACERRU,2017,0,True,True,False,False,False
2612.2-2017-000-RED-054-000,Feb-12,ACERRU,2017,0,True,True,False,False,False
2612.2-2017-000-RED-055-000,Feb-12,ACERRU,2017,0,True,True,False,False,False
2612.2-2017-000-RED-056-000,Feb-12,ACERRU,2017,0,True,True,False,False,False
2612.2-2017-000-RED-057-000,Feb-12,ACERRU,2017,0,True,True,False,False,False
2612.2-2017-000-RED-058-000,Feb-12,ACERRU,2017,0,True,True,False,False,False
2612.2-2017-000-RED-059-000,Feb-12,ACERRU,2017,0,True,True,False,False,False
2612.2-2017-000-RED-060-000,Feb-12,ACERRU,2017,0,True,True,False,False,False
2612.2-2017-000-RED-061-000,Feb-12,ACERRU,2017,0,True,True,False,False,False
2612.2-2017-000-RED-062-000,Feb-12,TSUGCA,2017,0,True,True,False,False,False
2612.2-2017-000-RED-063-000,Feb-12,TSUGCA,2017,0,True,True,False,False,False
2612.2-2017-000-RED-064-000,Feb-12,RHODPR,2017,0,True,True,False,False,False
2612.2-2017-000-RED-065-000,Feb-12,TSUGCA,2017,0,True,True,False,False,False
2612.2-2017-000-RED-066-000,Feb-12,TSUGCA,2017,0,True,True,False,False,False
2612.2-2017-000-RED-067-000,Feb-12,PINUST,2017,0,True,True,False,False,False
2612.2-2017-000-RED-068-000,Feb-12,TSUGCA,2017,0,True,True,False,False,False
2612.2-2017-000-RED-069-000,Feb-12,TSUGCA,2017,0,True,True,False,False,False
2612.2-2017-000-RED-070-000,Feb-12,QUERRU,2017,0,True,True,False,False,False
2612.2-2017-000-RED-071-000,Feb-12,TSUGCA,2017,0,True,True,False,False,False
2612.2-2017-000-RED-072-000,Feb-12,ACERRU,2017,0,True,True,False,False,False
2612.2-2017-000-RED-073-000,Feb-12,ACERRU,2017,0,True,True,False,False,False
2612.2-2017-000-RED-074-000,Feb-12,TSUGCA,2017,0,True,True,False,False,False
2612.2-2017-000-RED-075-000,Feb-12,TSUGCA,2017,0,True,True,False,False,False
2612.2-2017-000-RED-076-000,Feb-12,ACERRU,2017,0,True,True,False,False,False
2612.2-2017-000-RED-077-000,Feb-12,PINUST,2017,0,True,True,False,False,False
2612.2-2017-000-RED-078-000,Feb-12,ACERRU,2017,0,True,True,False,False,False
2612.2-2017-000-YLW-039-000,Feb-12,TSUGCA,2017,0,True,True,False,False,False
2612.2-2017-000-YLW-040-000,Feb-12,TSUGCA,2017,0,True,True,False,False,False
2612.2-2017-000-YLW-041-000,Feb-12,TSUGCA,2017,0,True,True,False,False,False
2612.2-2018-000-ORG-093-000,Feb-12,ACERRU,2018,1,True,False,True,False,False
2612.2-2018-000-ORG-094-000,Feb-12,TSUGCA,2018,1,True,False,True,False,False
2612.2-2018-000-ORG-095-000,Feb-12,ACERRU,2018,1,True,False,True,False,False
2612.2-2018-000-ORG-096-000,Feb-12,ACERRU,2018,1,True,False,True,False,False
2612.2-2018-000-ORG-097-000,Feb-12,ACERRU,2018,1,True,False,True,False,False
2612.2-2018-000-ORG-098-000,Feb-12,TSUGCA,2018,1,True,False,True,False,False
2612.2-2018-000-ORG-099-000,Feb-12,ACERRU,2018,1,True,False,True,False,False
2612.2-2018-000-ORG-100-000,Feb-12,ACERRU,2018,1,True,False,True,False,False
2612.2-2018-000-YLW-076-000,Feb-12,TSUGCA,2018,1,True,False,True,False,False
2612.2-2018-000-YLW-077-000,Feb-12,ACERRU,2018,1,True,False,True,False,False
2612.2-2018-000-YLW-078-000,Feb-12,ACERRU,2018,1,True,False,True,False,False
2612.2-2018-000-YLW-079-000,Feb-12,ACERRU,2018,1,True,False,True,False,False
2612.2-2018-000-YLW-080-000,Feb-12,ACERRU,2018,1,True,False,True,False,False
2612.2-2018-000-YLW-081-000,Feb-12,ACERRU,2018,1,True,False,True,False,False
2618.0-2017-000-YLW-063-000,2618,VACCXX,2017,0,True,True,False,False,False
2618.0-2017-000-YLW-064-000,2618,AMELXX,2017,0,True,True,False,False,False
2618.0-2017-000-YLW-065-000,2618,VIBUNU,2017,0,True,True,False,False,False
2618.0-2017-000-YLW-066-000,2618,VIBUNU,2017,0,True,True,False,False,False
2618.0-2017-000-YLW-068-000,2618,VIBUDE,2017,0,True,True,False,False,False
2618.0-2018-000-GRN-010-000,2618,VACCXX,2018,1,True,False,True,False,False
2618.0-2020-000-ORG-008-000,2618,VACCXX,2020,1,True,False,True,False,False
2618.0-2021-000-ORG-072-000,2618,PINUST,2021,1,True,False,True,False,False
2618.0-2023-000-WHT-001-000,2618,ACERRU,2023,0,True,False,False,False,False
2620.0-2017-000-YLW-069-000,2620,ACERRU,2017,0,True,True,False,False,False
2620.0-2017-000-YLW-070-000,2620,QUERRU,2017,0,True,True,False,False,False
2620.0-2017-000-YLW-071-000,2620,ACERRU,2017,0,True,True,False,False,False
2620.0-2017-000-YLW-072-000,2620,VACCXX,2017,0,True,True,False,False,False
2620.0-2017-000-YLW-073-000,2620,ACERRU,2017,0,True,True,False,False,False
2620.0-2017-000-YLW-074-000,2620,QUERRU,2017,0,True,True,False,False,False
2620.0-2018-000-RED-026-000,2620,ACERRU,2018,1,True,False,True,False,False
2620.0-2018-000-RED-027-000,2620,ACERRU,2018,1,True,False,True,False,False
2620.0-2018-000-RED-028-000,2620,ACERRU,2018,1,True,False,True,False,False
2620.0-2018-000-RED-029-000,2620,ACERRU,2018,1,True,False,True,False,False
2620.0-2018-000-RED-030-000,2620,ACERRU,2018,1,True,False,True,False,False
2620.0-2018-000-RED-031-000,2620,ACERRU,2018,1,True,False,True,False,False
2620.0-2018-000-RED-032-000,2620,ACERRU,2018,1,True,False,True,False,False
2620.0-2018-000-RED-033-000,2620,ACERRU,2018,1,True,False,True,False,False
2620.0-2018-000-RED-034-000,2620,ACERRU,2018,1,True,False,True,False,False
2620.0-2018-000-RED-035-000,2620,ACERRU,2018,1,True,False,True,False,False
2620.0-2018-000-RED-036-000,2620,ACERRU,2018,1,True,False,True,False,False
2620.0-2018-000-RED-037-000,2620,ACERRU,2018,1,True,False,True,False,False
2620.0-2018-000-RED-038-000,2620,ACERRU,2018,1,True,False,True,False,False
2620.0-2018-000-RED-039-000,2620,ACERRU,2018,1,True,False,True,False,False
2620.0-2018-000-RED-040-000,2620,ACERRU,2018,1,True,False,True,False,False
2620.0-2018-000-RED-041-000,2620,PINUST,2018,1,True,False,True,False,False
2620.0-2018-000-RED-042-000,2620,TSUGCA,2018,1,True,False,True,False,False
2620.0-2018-000-RED-043-000,2620,PINUST,2018,1,True,False,True,False,False
2620.0-2018-000-RED-044-000,2620,ACERRU,2018,1,True,False,True,False,False
2620.0-2018-000-RED-045-000,2620,ACERRU,2018,1,True,False,True,False,False
2620.0-2018-000-RED-046-000,2620,ACERRU,2018,1,True,False,True,False,False
2620.0-2018-000-RED-047-000,2620,ACERRU,2018,1,True,False,True,False,False
2620.0-2019-000-GRN-026-000,2620,ACERRU,2019,1,True,False,True,False,False
2620.0-2019-000-GRN-027-000,2620,ACERRU,2019,1,True,False,True,False,False
2620.0-2019-000-GRN-028-000,2620,ACERRU,2019,1,True,False,True,False,False
2620.0-2019-000-GRN-029-000,2620,ACERRU,2019,1,True,False,True,False,False
2620.0-2019-000-ORG-021-000,2620,ACERRU,2019,1,True,False,True,False,False
2620.0-2019-000-ORG-022-000,2620,ACERRU,2019,1,True,False,True,False,False
2620.0-2019-000-ORG-023-000,2620,ACERRU,2019,1,True,False,True,False,False
2620.0-2019-000-ORG-024-000,2620,ACERRU,2019,1,True,False,True,False,False
2620.0-2019-000-ORG-025-000,2620,ACERRU,2019,1,True,False,True,False,False
2620.0-2020-000-ORG-009-000,2620,ACERRU,2020,1,True,False,True,False,False
2620.0-2020-000-ORG-010-000,2620,TSUGCA,2020,1,True,False,True,False,False
2620.0-2020-000-ORG-011-000,2620,ACERRU,2020,1,True,False,True,False,False
2620.0-2020-000-ORG-012-000,2620,ACERRU,2020,1,True,False,True,False,False
2620.0-2020-000-ORG-013-000,2620,TSUGCA,2020,1,True,False,True,False,False
2620.0-2020-000-ORG-014-000,2620,ACERRU,2020,1,True,False,True,False,False
2620.0-2020-000-ORG-015-000,2620,TSUGCA,2020,1,True,False,True,False,False
2620.0-2020-000-ORG-016-000,2620,ACERRU,2020,1,True,False,True,False,False
2620.0-2021-000-ORG-073-000,2620,PINUST,2021,1,True,False,True,False,False
2620.0-2021-000-ORG-074-000,2620,ACERRU,2021,1,True,False,True,False,False
2620.0-2023-000-WHT-002-000,2620,ACERRU,2023,0,True,False,False,False,False
2620.0-2023-000-WHT-003-000,2620,ACERRU,2023,0,True,False,False,False,False
2620.0-2023-000-WHT-004-000,2620,ACERRU,2023,0,True,False,False,False,False
2620.0-2023-000-WHT-005-000,2620,ACERRU,2023,0,True,False,False,False,False
2620.0-2023-000-WHT-006-000,2620,ACERRU,2023,0,True,False,False,False,False
2620.0-2023-000-WHT-007-000,2620,ACERRU,2023,1,True,False,True,False,False
2620.0-2023-000-WHT-008-000,2620,ACERRU,2023,0,True,False,False,False,False
2620.0-2023-000-WHT-009-000,2620,ACERRU,2023,1,True,False,True,False,False
2620.0-2023-000-WHT-010-000,2620,ACERRU,2023,1,True,False,True,False,False
2620.0-2023-000-WHT-011-000,2620,ACERRU,2023,1,True,False,True,False,False
2620.0-2023-000-WHT-012-000,2620,ACERRU,2023,1,True,False,True,False,False
2620.0-2023-000-WHT-013-000,2620,ACERRU,2023,1,True,False,True,False,False
2622.0-2017-000-YLW-075-000,2622,QUERRU,2017,0,True,True,False,False,False
2622.0-2017-000-YLW-076-000,2622,QUERRU,2017,0,True,True,False,False,False
2622.0-2017-000-YLW-077-000,2622,QUERRU,2017,0,True,True,False,False,False
2622.0-2017-000-YLW-078-000,2622,QUERRU,2017,0,True,True,False,False,False
2622.0-2017-000-YLW-079-000,2622,TSUGCA,2017,0,True,True,False,False,False
2622.0-2017-000-YLW-080-000,2622,ACERRU,2017,0,True,True,False,False,False
2622.0-2017-000-YLW-081-000,2622,ACERRU,2017,0,True,True,False,False,False
2622.0-2017-000-YLW-082-000,2622,QUERRU,2017,0,True,True,False,False,False
2622.0-2018-000-BLU-083-000,2622,QUERRU,2018,1,True,False,True,False,False
2622.0-2018-000-GRN-060-000,2622,TSUGCA,2018,1,True,False,True,False,False
2622.0-2018-000-ORG-039-000,2622,TSUGCA,2018,1,True,False,True,False,False
2622.0-2018-000-ORG-053-000,2622,ACERRU,2018,1,True,False,True,False,False
2622.0-2018-000-ORG-062-000,2622,TSUGCA,2018,1,True,False,True,False,False
2622.0-2018-000-RED-048-000,2622,ACERRU,2018,1,True,False,True,False,False
2622.0-2018-000-RED-049-000,2622,ACERRU,2018,1,True,False,True,False,False
2622.0-2018-000-RED-050-000,2622,TSUGCA,2018,1,True,False,True,False,False
2622.0-2019-000-GRN-030-000,2622,ACERRU,2019,1,True,False,True,False,False
2622.0-2020-000-ORG-017-000,2622,ACERRU,2020,1,True,False,True,False,False
2622.0-2020-000-ORG-018-000,2622,TSUGCA,2020,1,True,False,True,False,False
2622.0-2023-000-WHT-014-000,2622,ACERRU,2023,1,True,False,True,False,False
2622.0-2023-000-WHT-015-000,2622,ACERRU,2023,1,True,False,True,False,False
2622.0-2023-000-WHT-016-000,2622,ACERRU,2023,1,True,False,True,False,False
2622.0-2023-000-WHT-017-000,2622,ACERRU,2023,1,True,False,True,False,False
2622.0-2023-000-WHT-018-000,2622,ACERRU,2023,1,True,False,True,False,False
2622.0-2023-000-WHT-019-000,2622,ACERRU,2023,1,True,False,True,False,False
2622.0-2023-000-WHT-020-000,2622,ACERRU,2023,1,True,False,True,False,False
2622.0-2023-000-WHT-021-000,2622,ACERRU,2023,1,True,False,True,False,False
2622.0-2023-000-WHT-022-000,2622,ACERRU,2023,1,True,False,True,False,False
2622.0-2023-000-WHT-023-000,2622,ACERRU,2023,1,True,False,True,False,False
2622.0-2023-000-WHT-024-000,2622,ACERRU,2023,1,True,False,True,False,False
2622.0-2023-000-WHT-024-D00,2622,ACERRU,2023,1,True,False,True,False,False
2622.0-2023-000-WHT-076-000,2622,TSUGCA,2023,1,True,False,True,False,False
2622.0-2023-000-WHT-077-000,2622,ACERRU,2023,1,True,False,True,False,False
2622.0-2023-000-WHT-078-000,2622,ACERRU,2023,1,True,False,True,False,False
2622.0-2023-000-WHT-079-000,2622,ACERRU,2023,1,True,False,True,False,False
2622.0-2023-000-WHT-080-000,2622,ACERRU,2023,1,True,False,True,False,False
2622.0-2023-000-WHT-081-000,2622,ACERRU,2023,1,True,False,True,False,False
2622.0-2023-000-WHT-082-000,2622,ACERRU,2023,1,True,False,True,False,False
2622.0-2023-000-WHT-083-000,2622,ACERRU,2023,1,True,False,True,False,False
2622.0-2023-000-WHT-084-000,2622,ACERRU,2023,1,True,False,True,False,False
2622.0-2023-000-WHT-085-000,2622,ACERRU,2023,1,True,False,True,False,False
2622.0-2023-000-WHT-086-000,2622,ACERRU,2023,1,True,False,True,False,False
2622.0-2023-000-WHT-087-000,2622,ACERRU,2023,1,True,False,True,False,False
2622.0-2023-000-WHT-088-000,2622,ACERRU,2023,1,True,False,True,False,False
2622.0-2023-000-WHT-089-000,2622,ACERRU,2023,1,True,False,True,False,False
2622.0-2023-000-WHT-090-000,2622,ACERRU,2023,1,True,False,True,False,False
2622.0-2023-000-WHT-091-000,2622,ACERRU,2023,1,True,False,True,False,False
2622.0-2023-000-WHT-092-000,2622,ACERRU,2023,1,True,False,True,False,False
2622.0-2023-000-WHT-093-000,2622,BETUXX,2023,1,True,False,True,False,False
2622.0-2023-000-WHT-094-000,2622,ACERRU,2023,1,True,False,True,False,False
2622.0-2023-000-WHT-095-000,2622,ACERRU,2023,1,True,False,True,False,False
2622.0-2023-000-WHT-096-000,2622,ACERRU,2023,1,True,False,True,False,False
2622.0-2023-000-WHT-097-000,2622,ACERXX,2023,1,True,False,True,False,False
2622.0-2023-000-WHT-098-000,2622,BETUXX,2023,1,True,False,True,False,False
2624.0-2017-000-YLW-083-000,2624,ACERRU,2017,0,True,True,False,False,False
2624.0-2017-000-YLW-084-000,2624,ACERRU,2017,0,True,True,False,False,False
2624.0-2017-000-YLW-085-000,2624,QUERVE,2017,0,True,True,False,False,False
2624.0-2017-000-YLW-086-000,2624,ACERRU,2017,0,True,True,False,False,False
2624.0-2017-000-YLW-087-000,2624,ACERRU,2017,0,True,True,False,False,False
2624.0-2017-000-YLW-088-000,2624,ACERRU,2017,0,True,True,False,False,False
2624.0-2017-000-YLW-089-000,2624,ACERRU,2017,0,True,True,False,False,False
2624.0-2018-000-BLU-004-000,2624,ACERRU,2018,1,True,False,True,False,False
2624.0-2018-000-BLU-007-000,2624,ACERRU,2018,1,True,False,True,False,False
2624.0-2018-000-BLU-040-000,2624,TSUGCA,2018,1,True,False,True,False,False
2624.0-2018-000-BLU-048-000,2624,TSUGCA,2018,1,True,False,True,False,False
2624.0-2019-000-GRN-031-000,2624,ACERRU,2019,1,True,False,True,False,False
2624.0-2019-000-GRN-032-000,2624,ACERRU,2019,1,True,False,True,False,False
2624.0-2019-000-GRN-033-000,2624,ACERRU,2019,1,True,False,True,False,False
2624.0-2019-000-GRN-034-000,2624,ACERRU,2019,1,True,False,True,False,False
2624.0-2019-000-GRN-035-000,2624,ACERRU,2019,1,True,False,True,False,False
2624.0-2020-000-ORG-019-000,2624,ACERRU,2020,1,True,False,True,False,False
2624.0-2020-000-ORG-020-000,2624,ACERRU,2020,1,True,False,True,False,False
2624.0-2020-000-ORG-021-000,2624,ACERRU,2020,1,True,False,True,False,False
2624.0-2020-000-ORG-022-000,2624,ACERRU,2020,1,True,False,True,False,False
2624.0-2020-000-ORG-023-000,2624,ACERRU,2020,1,True,False,True,False,False
2624.0-2020-000-ORG-024-000,2624,ACERRU,2020,1,True,False,True,False,False
2624.0-2020-000-ORG-025-000,2624,ACERRU,2020,1,True,False,True,False,False
2624.0-2020-000-ORG-061-000,2624,ACERRU,2020,1,True,False,True,False,False
2624.0-2020-000-ORG-062-000,2624,ACERRU,2020,1,True,False,True,False,False
2624.0-2020-000-ORG-063-000,2624,TSUGCA,2020,1,True,False,True,False,False
2624.0-2020-000-ORG-064-000,2624,BETUXX,2020,1,True,False,True,False,False
2624.0-2020-000-ORG-065-000,2624,TSUGCA,2020,1,True,False,True,False,False
3101.0-2017-000-WHT-095-000,3101,RHODPR,2017,0,True,True,False,False,False
3101.0-2017-000-WHT-096-000,3101,RHODPR,2017,0,True,True,False,False,False
3101.0-2017-000-WHT-097-000,3101,RHODPR,2017,0,True,True,False,False,False
3101.0-2017-000-WHT-098-000,3101,QUERRU,2017,0,True,True,False,False,False
3101.0-2017-000-WHT-099-000,3101,RHODPR,2017,0,True,True,False,False,False
3101.0-2017-000-WHT-100-000,3101,QUERRU,2017,0,True,True,False,False,False
3101.0-2018-000-RED-031-000,3101,RHODPR,2018,1,True,False,True,False,False
3101.0-2018-000-RED-032-000,3101,ACERRU,2018,1,True,False,True,False,False
3101.0-2018-000-RED-033-000,3101,ACERRU,2018,1,True,False,True,False,False
3101.0-2018-000-RED-034-000,3101,ACERRU,2018,1,True,False,True,False,False
3101.0-2018-000-RED-035-000,3101,PINUST,2018,1,True,False,True,False,False
3101.0-2018-000-RED-036-000,3101,PINUST,2018,1,True,False,True,False,False
3101.0-2018-000-RED-037-000,3101,RHODPR,2018,1,True,False,True,False,False
3101.0-2018-000-RED-038-000,3101,RHODPR,2018,1,True,False,True,False,False
3101.0-2019-000-YLW-075-000,3101,ACERRU,2019,1,True,False,True,False,False
3101.0-2020-000-BLU-051-000,3101,ACERRU,2020,1,True,False,True,False,False
3101.0-2020-000-BLU-052-000,3101,ACERRU,2020,1,True,False,True,False,False
3101.0-2020-000-BLU-053-000,3101,ACERRU,2020,1,True,False,True,False,False
3101.0-2020-000-BLU-054-000,3101,ACERRU,2020,1,True,False,True,False,False
3101.0-2020-000-BLU-055-000,3101,RHODPR,2020,1,True,False,True,False,False
3102.0-2018-000-RED-039-000,3102,ACERRU,2018,1,True,False,True,False,False
3102.0-2018-000-RED-040-000,3102,ACERRU,2018,1,True,False,True,False,False
3102.0-2018-000-RED-041-000,3102,ACERRU,2018,1,True,False,True,False,False
3102.0-2018-000-RED-042-000,3102,ACERRU,2018,1,True,False,True,False,False
3102.0-2019-000-YLW-060-000,3102,ACERRU,2019,1,True,False,True,False,False
3102.0-2019-000-YLW-062-000,3102,ACERRU,2019,1,True,False,True,False,False
3102.0-2019-000-YLW-063-000,3102,ACERRU,2019,1,True,False,True,False,False
3102.0-2020-000-BLU-056-000,3102,ACERRU,2020,1,True,False,True,False,False
3103.0-2017-000-ORG-001-000,3103,VIBUNU,2017,0,True,True,False,False,False
3103.0-2017-000-ORG-002-000,3103,VIBUNU,2017,0,True,True,False,False,False
3103.0-2017-000-ORG-003-000,3103,VIBUNU,2017,0,True,True,False,False,False
3103.0-2017-000-ORG-004-000,3103,QUERRU,2017,0,True,True,False,False,False
3103.0-2017-000-ORG-005-000,3103,VIBUNU,2017,0,True,True,False,False,False
3103.0-2017-000-ORG-006-000,3103,VIBUNU,2017,0,True,True,False,False,False
3103.0-2017-000-ORG-007-000,3103,QUERRU,2017,0,True,True,False,False,False
3103.0-2017-000-ORG-008-000,3103,VACCCO,2017,0,True,True,False,False,False
3103.0-2017-000-ORG-009-000,3103,VIBUNU,2017,0,True,True,False,False,False
3103.0-2017-000-ORG-010-000,3103,VIBUNU,2017,0,True,True,False,False,False
3103.0-2017-000-ORG-011-000,3103,ACERRU,2017,0,True,True,False,False,False
3103.0-2017-000-ORG-012-000,3103,ACERRU,2017,0,True,True,False,False,False
3103.0-2017-000-ORG-013-000,3103,VIBUNU,2017,0,True,True,False,False,False
3103.0-2017-000-ORG-014-000,3103,VIBUNU,2017,0,True,True,False,False,False
3103.0-2017-000-ORG-015-000,3103,ACERRU,2017,0,True,True,False,False,False
3103.0-2017-000-ORG-016-000,3103,ACERRU,2017,0,True,True,False,False,False
3103.0-2017-000-ORG-017-000,3103,QUERRU,2017,0,True,True,False,False,False
3103.0-2017-000-ORG-018-000,3103,VIBUNU,2017,0,True,True,False,False,False
3103.0-2017-000-ORG-019-000,3103,VIBUNU,2017,0,True,True,False,False,False
3103.0-2017-000-ORG-020-000,3103,VIBUNU,2017,0,True,True,False,False,False
3103.0-2017-000-ORG-021-000,3103,VIBUNU,2017,0,True,True,False,False,False
3103.0-2017-000-ORG-023-000,3103,QUERRU,2017,0,True,True,False,False,False
3103.0-2017-000-ORG-024-000,3103,VIBUNU,2017,0,True,True,False,False,False
3103.0-2018-000-ORG-022-000,3103,QUERRU,2018,1,True,False,True,False,False
3103.0-2018-000-RED-043-000,3103,VIBUNU,2018,1,True,False,True,False,False
3103.0-2018-000-RED-044-000,3103,ACERRU,2018,1,True,False,True,False,False
3103.0-2018-000-RED-045-000,3103,ACERRU,2018,1,True,False,True,False,False
3103.0-2018-000-RED-046-000,3103,VIBUNU,2018,1,True,False,True,False,False
3103.0-2018-000-RED-047-000,3103,VIBUNU,2018,1,True,False,True,False,False
3103.0-2018-000-RED-048-000,3103,PINUST,2018,1,True,False,True,False,False
3103.0-2018-000-RED-049-000,3103,ACERRU,2018,1,True,False,True,False,False
3103.0-2018-000-RED-050-000,3103,ACERRU,2018,1,True,False,True,False,False
3103.0-2018-000-RED-051-000,3103,ACERRU,2018,1,True,False,True,False,False
3103.0-2018-000-RED-052-000,3103,ACERRU,2018,1,True,False,True,False,False
3103.0-2018-000-RED-053-000,3103,ACERRU,2018,1,True,False,True,False,False
3103.0-2018-000-RED-054-000,3103,ACERRU,2018,1,True,False,True,False,False
3103.0-2018-000-RED-055-000,3103,ACERRU,2018,1,True,False,True,False,False
3103.0-2018-000-RED-056-000,3103,ACERRU,2018,1,True,False,True,False,False
3103.0-2018-000-RED-057-000,3103,ACERRU,2018,1,True,False,True,False,False
3103.0-2018-000-RED-058-000,3103,PINUST,2018,1,True,False,True,False,False
3103.0-2018-000-RED-059-000,3103,ACERRU,2018,1,True,False,True,False,False
3103.0-2018-000-RED-060-000,3103,ACERRU,2018,1,True,False,True,False,False
3103.0-2018-000-RED-061-000,3103,ACERRU,2018,1,True,False,True,False,False
3103.0-2018-000-RED-062-000,3103,ACERRU,2018,1,True,False,True,False,False
3103.0-2018-000-RED-063-000,3103,ACERRU,2018,1,True,False,True,False,False
3103.0-2018-000-RED-064-000,3103,ACERRU,2018,1,True,False,True,False,False
3103.0-2018-000-RED-065-000,3103,ACERRU,2018,1,True,False,True,False,False
3103.0-2018-000-RED-066-000,3103,PINUST,2018,1,True,False,True,False,False
3103.0-2018-000-RED-067-000,3103,ACERRU,2018,1,True,False,True,False,False
3103.0-2018-000-RED-068-000,3103,ACERRU,2018,1,True,False,True,False,False
3103.0-2018-000-UNT-001-000,3103,ACERRU,2018,1,True,False,True,False,False
3103.0-2019-000-YLW-021-000,3103,ACERRU,2019,1,True,False,True,False,False
3103.0-2019-000-YLW-022-000,3103,ACERRU,2019,1,True,False,True,False,False
3103.0-2019-000-YLW-024-000,3103,ACERRU,2019,1,True,False,True,False,False
3103.0-2019-000-YLW-025-000,3103,ACERRU,2019,1,True,False,True,False,False
3103.0-2019-000-YLW-030-000,3103,ACERRU,2019,1,True,False,True,False,False
3103.0-2019-000-YLW-047-000,3103,ACERRU,2019,1,True,False,True,False,False
3103.0-2019-000-YLW-050-000,3103,ACERRU,2019,1,True,False,True,False,False
3103.0-2019-000-YLW-051-000,3103,ACERRU,2019,1,True,False,True,False,False
3103.0-2019-000-YLW-062-000,3103,ACERRU,2019,1,True,False,True,False,False
3103.0-2020-000-BLU-057-000,3103,VACCCO,2020,1,True,False,True,False,False
3103.0-2020-000-BLU-058-000,3103,ACERRU,2020,1,True,False,True,False,False
3103.0-2020-000-BLU-059-000,3103,ACERRU,2020,1,True,False,True,False,False
3103.0-2020-000-BLU-060-000,3103,VIBUNU,2020,1,True,False,True,False,False
3103.0-2020-000-BLU-061-000,3103,VIBUNU,2020,1,True,False,True,False,False
3103.0-2020-000-BLU-062-000,3103,VIBUNU,2020,1,True,False,True,False,False
3103.0-2020-000-BLU-063-000,3103,VIBUNU,2020,1,True,False,True,False,False
3103.0-2020-000-BLU-064-000,3103,ACERRU,2020,1,True,False,True,False,False
3103.0-2020-000-BLU-065-000,3103,VIBUNU,2020,1,True,False,True,False,False
3103.0-2020-000-BLU-066-000,3103,VIBUNU,2020,1,True,False,True,False,False
3103.0-2020-000-BLU-067-000,3103,ACERRU,2020,1,True,False,True,False,False
3103.0-2021-000-WHT-049-000,3103,VIBUNU,2021,1,True,False,True,False,False
3103.0-2023-000-YLW-076-000,3103,ACERRU,2023,1,True,False,True,False,False
3103.0-2023-000-YLW-077-000,3103,ACERRU,2023,1,True,False,True,False,False
3103.0-2023-000-YLW-078-000,3103,ACERRU,2023,1,True,False,True,False,False
3103.0-2023-000-YLW-079-000,3103,ACERRU,2023,1,True,False,True,False,False
3103.0-2023-000-YLW-080-000,3103,ACERRU,2023,1,True,False,True,False,False
3103.0-2023-000-YLW-081-000,3103,ACERRU,2023,1,True,False,True,False,False
3104.0-2017-000-WHT-090-000,3104,QUERRU,2017,0,True,True,False,False,False
3104.0-2017-000-WHT-091-000,3104,ACERRU,2017,0,True,True,False,False,False
3104.0-2017-000-WHT-092-000,3104,QUERRU,2017,0,True,True,False,False,False
3104.0-2017-000-WHT-093-000,3104,ACERRU,2017,0,True,True,False,False,False
3104.0-2017-000-WHT-094-000,3104,ACERRU,2017,0,True,True,False,False,False
3104.0-2017-000-WHT-095-000,3104,ACERRU,2017,0,True,True,False,False,False
3104.0-2017-000-WHT-096-000,3104,ACERRU,2017,0,True,True,False,False,False
3104.0-2017-000-YLW-076-000,3104,ACERRU,2017,0,True,True,False,False,False
3104.0-2018-000-RED-069-000,3104,PINUST,2018,1,True,False,True,False,False
3104.0-2018-000-RED-070-000,3104,ACERRU,2018,1,True,False,True,False,False
3104.0-2018-000-RED-071-000,3104,ACERRU,2018,1,True,False,True,False,False
3104.0-2018-000-RED-072-000,3104,PINUST,2018,1,True,False,True,False,False
3104.0-2018-000-RED-073-000,3104,PINUST,2018,1,True,False,True,False,False
3104.0-2018-000-RED-074-000,3104,VIBUNU,2018,1,True,False,True,False,False
3104.0-2018-000-RED-075-000,3104,ACERRU,2018,1,True,False,True,False,False
3104.0-2018-000-WHT-072-000,3104,VIBUNU,2018,1,True,False,True,False,False
3104.0-2018-000-WHT-074-000,3104,VIBUNU,2018,1,True,False,True,False,False
3104.0-2018-000-WHT-078-000,3104,PINUST,2018,1,True,False,True,False,False
3104.0-2018-000-WHT-097-000,3104,VIBUNU,2018,1,True,False,True,False,False
3104.0-2018-000-WHT-098-000,3104,VIBUNU,2018,1,True,False,True,False,False
3104.0-2018-000-WHT-099-000,3104,VIBUNU,2018,1,True,False,True,False,False
3104.0-2018-000-WHT-100-000,3104,PINUST,2018,1,True,False,True,False,False
3104.0-2018-000-YLW-025-000,3104,ACERRU,2018,1,True,False,True,False,False
3104.0-2019-000-GRN-060-000,3104,ACERRU,2019,1,True,False,True,False,False
3104.0-2020-000-BLU-068-000,3104,ACERRU,2020,1,True,False,True,False,False
3104.0-2020-000-BLU-069-000,3104,ACERRU,2020,1,True,False,True,False,False
3104.0-2020-000-BLU-070-000,3104,ACERRU,2020,1,True,False,True,False,False
3104.0-2020-000-BLU-071-000,3104,ACERRU,2020,1,True,False,True,False,False
3104.0-2020-000-BLU-072-000,3104,ACERRU,2020,1,True,False,True,False,False
3104.0-2020-000-BLU-073-000,3104,VIBUNU,2020,1,True,False,True,False,False
3104.0-2020-000-BLU-074-000,3104,VIBUNU,2020,1,True,False,True,False,False
3104.0-2020-000-BLU-075-000,3104,VIBUNU,2020,1,True,False,True,False,False
3104.0-2020-000-BLU-076-000,3104,ACERRU,2020,1,True,False,True,False,False
3104.0-2021-000-ORG-075-000,3104,PINUST,2021,1,True,False,True,False,False
3104.0-2023-000-YLW-086-000,3104,ACERRU,2023,0,True,False,False,False,False
3105.0-2017-000-YLW-020-000,3105,ACERRU,2017,0,True,True,False,False,False
3105.0-2017-000-YLW-021-000,3105,QUERRU,2017,0,True,True,False,False,False
3105.0-2017-000-YLW-022-000,3105,VIBUNU,2017,0,True,True,False,False,False
3105.0-2017-000-YLW-023-000,3105,QUERRU,2017,0,True,True,False,False,False
3105.0-2017-000-YLW-024-000,3105,ACERRU,2017,0,True,True,False,False,False
3105.0-2018-000-RED-076-000,3105,ACERRU,2018,1,True,False,True,False,False
3105.0-2018-000-RED-077-000,3105,ACERRU,2018,1,True,False,True,False,False
3105.0-2018-000-RED-078-000,3105,ACERRU,2018,1,True,False,True,False,False
3105.0-2018-000-RED-079-000,3105,PINUST,2018,1,True,False,True,False,False
3105.0-2018-000-RED-080-000,3105,VIBUNU,2018,1,True,False,True,False,False
3105.0-2018-000-RED-081-000,3105,QUERRU,2018,1,True,False,True,False,False
3105.0-2018-000-RED-082-000,3105,ACERRU,2018,1,True,False,True,False,False
3105.0-2018-000-RED-083-000,3105,ACERRU,2018,1,True,False,True,False,False
3105.0-2018-000-RED-084-000,3105,ACERRU,2018,1,True,False,True,False,False
3105.0-2018-000-RED-085-000,3105,ACERRU,2018,1,True,False,True,False,False
3105.0-2018-000-RED-086-000,3105,ACERRU,2018,1,True,False,True,False,False
3105.0-2018-000-RED-087-000,3105,RHODPR,2018,1,True,False,True,False,False
3105.0-2019-000-ORG-018-000,3105,ACERRU,2019,1,True,False,True,False,False
3105.0-2019-000-ORG-050-000,3105,ACERRU,2019,1,True,False,True,False,False
3105.0-2020-000-BLU-077-000,3105,ACERRU,2020,1,True,False,True,False,False
3105.0-2020-000-BLU-078-000,3105,ACERRU,2020,1,True,False,True,False,False
3105.0-2020-000-BLU-079-000,3105,ACERRU,2020,1,True,False,True,False,False
3105.0-2020-000-BLU-080-000,3105,ACERRU,2020,1,True,False,True,False,False
3105.0-2020-000-BLU-081-000,3105,ACERRU,2020,1,True,False,True,False,False
3105.0-2021-000-YLW-001-000,3105,ACERRU,2021,1,True,False,True,False,False
3105.0-2021-000-YLW-002-000,3105,PINUST,2021,1,True,False,True,False,False
3105.0-2021-000-YLW-003-000,3105,PINUST,2021,1,True,False,True,False,False
3105.0-2021-000-YLW-004-000,3105,PINUST,2021,1,True,False,True,False,False
3105.0-2021-000-YLW-005-000,3105,PINUST,2021,1,True,False,True,False,False
3105.0-2021-000-YLW-006-000,3105,PINUST,2021,1,True,False,True,False,False
3105.0-2021-000-YLW-007-000,3105,VIBULA,2021,1,True,False,True,False,False
3105.0-2023-000-YLW-082-000,3105,ACERRU,2023,1,True,False,True,False,False
3105.0-2023-000-YLW-083-000,3105,ACERRU,2023,1,True,False,True,False,False
3106.0-2017-000-ORG-026-000,3106,QUERRU,2017,0,True,True,False,False,False
3106.0-2017-000-ORG-027-000,3106,ACERRU,2017,0,True,True,False,False,False
3106.0-2017-000-ORG-028-000,3106,VACCXX,2017,0,True,True,False,False,False
3106.0-2017-000-ORG-029-000,3106,QUERRU,2017,0,True,True,False,False,False
3106.0-2017-000-ORG-030-000,3106,VACCXX,2017,0,True,True,False,False,False
3106.0-2017-000-ORG-031-000,3106,QUERRU,2017,0,True,True,False,False,False
3106.0-2017-000-ORG-032-000,3106,PINUST,2017,0,True,True,False,False,False
3106.0-2017-000-ORG-033-000,3106,VACCXX,2017,0,True,True,False,False,False
3106.0-2017-000-ORG-034-000,3106,QUERRU,2017,0,True,True,False,False,False
3106.0-2017-000-ORG-035-000,3106,QUERRU,2017,0,True,True,False,False,False
3106.0-2017-000-ORG-036-000,3106,VACCXX,2017,0,True,True,False,False,False
3106.0-2018-000-RED-088-000,3106,ACERRU,2018,1,True,False,True,False,False
3106.0-2018-000-RED-089-000,3106,PINUST,2018,1,True,False,True,False,False
3106.0-2018-000-RED-090-000,3106,PINUST,2018,1,True,False,True,False,False
3106.0-2018-000-RED-091-000,3106,ACERRU,2018,1,True,False,True,False,False
3106.0-2018-000-RED-092-000,3106,PINUST,2018,1,True,False,True,False,False
3106.0-2019-000-YLW-010-000,3106,UNKNXX,2019,1,True,False,True,False,False
3106.0-2019-000-YLW-053-000,3106,QUERRU,2019,1,True,False,True,False,False
3106.0-2020-000-BLU-082-000,3106,ACERRU,2020,1,True,False,True,False,False
3106.0-2020-000-BLU-083-000,3106,ACERRU,2020,1,True,False,True,False,False
3106.0-2020-000-BLU-084-000,3106,ACERRU,2020,1,True,False,True,False,False
3106.0-2020-000-BLU-085-000,3106,VACCXX,2020,1,True,False,True,False,False
3106.0-2020-000-BLU-086-000,3106,ACERRU,2020,1,True,False,True,False,False
3106.0-2020-000-BLU-087-000,3106,ACERRU,2020,1,True,False,True,False,False
3106.0-2021-000-YLW-008-000,3106,QUERRU,2021,1,True,False,True,False,False
3106.0-2021-000-YLW-009-000,3106,ACERRU,2021,1,True,False,True,False,False
3106.0-2021-000-YLW-010-000,3106,ACERRU,2021,1,True,False,True,False,False
3106.0-2021-000-YLW-011-000,3106,PINUST,2021,1,True,False,True,False,False
3106.0-2023-000-YLW-084-000,3106,ACERRU,2023,1,True,False,True,False,False
3106.0-2023-000-YLW-085-000,3106,ACERPE,2023,1,True,False,True,False,False
3106.0-2023-000-YLW-086-000,3106,ACERRU,2023,1,True,False,True,False,False
3106.0-2023-000-YLW-087-000,3106,ACERRU,2023,1,True,False,True,False,False
3106.0-2023-000-YLW-088-000,3106,ACERRU,2023,0,True,False,False,False,False
3106.0-2023-000-YLW-089-000,3106,ACERRU,2023,1,True,False,True,False,False
3106.0-2023-000-YLW-090-000,3106,ACERRU,2023,1,True,False,True,False,False
3106.0-2023-000-YLW-091-000,3106,ACERRU,2023,1,True,False,True,False,False
3106.0-2023-000-YLW-092-000,3106,ACERRU,2023,1,True,False,True,False,False
3106.0-2023-000-YLW-093-000,3106,ACERRU,2023,1,True,False,True,False,False
3106.0-2023-000-YLW-094-000,3106,ACERRU,2023,1,True,False,True,False,False
3106.0-2023-000-YLW-095-000,3106,ACERRU,2023,1,True,False,True,False,False
3106.0-2023-000-YLW-096-000,3106,ACERRU,2023,1,True,False,True,False,False
3106.0-2023-000-YLW-097-000,3106,ACERRU,2023,1,True,False,True,False,False
3106.0-2023-000-YLW-099-000,3106,ACERRU,2023,1,True,False,True,False,False
3107.0-2017-000-YLW-018-000,3107,ACERRU,2017,0,True,True,False,False,False
3107.0-2017-000-YLW-019-000,3107,ACERRU,2017,0,True,True,False,False,False
3107.0-2018-000-YLW-017-000,3107,ACERRU,2018,1,True,False,True,False,False
3107.0-2018-000-YLW-037-000,3107,ACERRU,2018,1,True,False,True,False,False
3107.0-2020-000-BLU-088-000,3107,ACERRU,2020,1,True,False,True,False,False
3107.0-2021-000-YLW-012-000,3107,ACERRU,2021,1,True,False,True,False,False
3107.0-2023-000-RED-073-000,3107,ACERRU,2023,1,True,False,True,False,False
3107.0-2023-000-RED-074-000,3107,ACERRU,2023,1,True,False,True,False,False
3107.0-2023-000-RED-075-000,3107,ACERRU,2023,1,True,False,True,False,False
3107.0-2023-000-WHT-051-000,3107,ACERRU,2023,1,True,False,True,False,False
3107.0-2023-000-WHT-052-000,3107,ACERRU,2023,1,True,False,True,False,False
3107.0-2023-000-WHT-053-000,3107,ACERRU,2023,1,True,False,True,False,False
3107.0-2023-000-WHT-054-000,3107,ACERRU,2023,1,True,False,True,False,False
3108.0-2017-000-ORG-037-000,3108,PRUNSE,2017,0,True,True,False,False,False
3108.0-2017-000-ORG-038-000,3108,ACERRU,2017,0,True,True,False,False,False
3108.0-2017-000-ORG-039-000,3108,ACERRU,2017,0,True,True,False,False,False
3108.0-2017-000-ORG-040-000,3108,ACERRU,2017,0,True,True,False,False,False
3108.0-2017-000-ORG-041-000,3108,ACERRU,2017,0,True,True,False,False,False
3108.0-2017-000-ORG-042-000,3108,ACERRU,2017,0,True,True,False,False,False
3108.0-2017-000-ORG-043-000,3108,ACERRU,2017,0,True,True,False,False,False
3108.0-2017-000-ORG-044-000,3108,ACERRU,2017,0,True,True,False,False,False
3108.0-2017-000-ORG-045-000,3108,QUERRU,2017,0,True,True,False,False,False
3108.0-2017-000-ORG-046-000,3108,ACERRU,2017,0,True,True,False,False,False
3108.0-2017-000-ORG-047-000,3108,ACERRU,2017,0,True,True,False,False,False
3108.0-2017-000-ORG-048-000,3108,ACERRU,2017,0,True,True,False,False,False
3108.0-2018-000-BLU-001-000,3108,ACERRU,2018,1,True,False,True,False,False
3108.0-2018-000-BLU-002-000,3108,TSUGCA,2018,1,True,False,True,False,False
3108.0-2018-000-BLU-003-000,3108,TSUGCA,2018,1,True,False,True,False,False
3108.0-2018-000-BLU-004-000,3108,ACERRU,2018,1,True,False,True,False,False
3108.0-2018-000-BLU-005-000,3108,ACERRU,2018,1,True,False,True,False,False
3108.0-2018-000-BLU-006-000,3108,TSUGCA,2018,1,True,False,True,False,False
3108.0-2018-000-BLU-007-000,3108,PINUST,2018,1,True,False,True,False,False
3108.0-2018-000-BLU-008-000,3108,PINUST,2018,1,True,False,True,False,False
3108.0-2018-000-BLU-009-000,3108,ACERRU,2018,1,True,False,True,False,False
3108.0-2018-000-BLU-010-000,3108,ACERRU,2018,1,True,False,True,False,False
3108.0-2018-000-BLU-011-000,3108,ACERRU,2018,1,True,False,True,False,False
3108.0-2018-000-BLU-012-000,3108,ACERRU,2018,1,True,False,True,False,False
3108.0-2018-000-BLU-013-000,3108,ACERRU,2018,1,True,False,True,False,False
3108.0-2018-000-BLU-014-000,3108,ACERRU,2018,1,True,False,True,False,False
3108.0-2018-000-BLU-015-000,3108,ACERRU,2018,1,True,False,True,False,False
3108.0-2018-000-BLU-016-000,3108,ACERRU,2018,1,True,False,True,False,False
3108.0-2018-000-BLU-017-000,3108,PINUST,2018,1,True,False,True,False,False
3108.0-2018-000-BLU-018-000,3108,TSUGCA,2018,1,True,False,True,False,False
3108.0-2018-000-BLU-019-000,3108,ACERRU,2018,1,True,False,True,False,False
3108.0-2018-000-BLU-020-000,3108,ACERRU,2018,1,True,False,True,False,False
3108.0-2018-000-BLU-021-000,3108,PINUST,2018,1,True,False,True,False,False
3108.0-2018-000-BLU-022-000,3108,TSUGCA,2018,1,True,False,True,False,False
3108.0-2018-000-BLU-023-000,3108,PINUST,2018,1,True,False,True,False,False
3108.0-2018-000-BLU-024-000,3108,TSUGCA,2018,1,True,False,True,False,False
3108.0-2018-000-BLU-025-000,3108,ACERRU,2018,1,True,False,True,False,False
3108.0-2018-000-BLU-026-000,3108,TSUGCA,2018,1,True,False,True,False,False
3108.0-2018-000-ORG-003-000,3108,ACERRU,2018,1,True,False,True,False,False
3108.0-2018-000-ORG-006-000,3108,ACERRU,2018,1,True,False,True,False,False
3108.0-2018-000-ORG-007-000,3108,ACERRU,2018,1,True,False,True,False,False
3108.0-2018-000-ORG-012-000,3108,ACERRU,2018,1,True,False,True,False,False
3108.0-2018-000-ORG-013-000,3108,ACERRU,2018,1,True,False,True,False,False
3108.0-2018-000-ORG-019-000,3108,ACERRU,2018,1,True,False,True,False,False
3108.0-2018-000-ORG-027-000,3108,PINUST,2018,1,True,False,True,False,False
3108.0-2018-000-ORG-028-000,3108,ACERRU,2018,1,True,False,True,False,False
3108.0-2018-000-ORG-029-000,3108,PINUST,2018,1,True,False,True,False,False
3108.0-2018-000-ORG-035-000,3108,PINUST,2018,1,True,False,True,False,False
3108.0-2018-000-ORG-036-000,3108,ACERRU,2018,1,True,False,True,False,False
3108.0-2018-000-ORG-058-000,3108,ACERRU,2018,1,True,False,True,False,False
3108.0-2018-000-ORG-063-000,3108,PINUST,2018,1,True,False,True,False,False
3108.0-2018-000-ORG-064-000,3108,ACERRU,2018,1,True,False,True,False,False
3108.0-2018-000-ORG-072-000,3108,ACERRU,2018,1,True,False,True,False,False
3108.0-2018-000-ORG-096-000,3108,ACERRU,2018,1,True,False,True,False,False
3108.0-2018-000-RED-093-000,3108,ACERRU,2018,1,True,False,True,False,False
3108.0-2018-000-RED-094-000,3108,ACERRU,2018,1,True,False,True,False,False
3108.0-2018-000-RED-095-000,3108,ACERRU,2018,1,True,False,True,False,False
3108.0-2018-000-RED-096-000,3108,PINUST,2018,1,True,False,True,False,False
3108.0-2018-000-RED-097-000,3108,PINUST,2018,1,True,False,True,False,False
3108.0-2018-000-RED-098-000,3108,PINUST,2018,1,True,False,True,False,False
3108.0-2018-000-RED-099-000,3108,PINUST,2018,1,True,False,True,False,False
3108.0-2018-000-RED-100-000,3108,PINUST,2018,1,True,False,True,False,False
3108.0-2019-000-YLW-038-000,3108,ACERRU,2019,1,True,False,True,False,False
3108.0-2019-000-YLW-039-000,3108,ACERRU,2019,1,True,False,True,False,False
3108.0-2019-000-YLW-061-000,3108,ACERRU,2019,1,True,False,True,False,False
3108.0-2019-000-YLW-073-000,3108,ACERRU,2019,1,True,False,True,False,False
3108.0-2020-000-BLU-089-000,3108,ACERRU,2020,1,True,False,True,False,False
3108.0-2020-000-BLU-090-000,3108,ACERRU,2020,1,True,False,True,False,False
3108.0-2020-000-BLU-091-000,3108,TSUGCA,2020,1,True,False,True,False,False
3108.0-2020-000-BLU-092-000,3108,ACERRU,2020,1,True,False,True,False,False
3108.0-2021-000-YLW-013-000,3108,PINUST,2021,1,True,False,True,False,False
3108.0-2021-000-YLW-014-000,3108,PINUST,2021,1,True,False,True,False,False
3108.0-2021-000-YLW-015-000,3108,PINUST,2021,1,True,False,True,False,False
3108.0-2023-000-RED-026-000,3108,ACERRU,2023,1,True,False,True,False,False
3108.0-2023-000-RED-027-000,3108,ACERRU,2023,1,True,False,True,False,False
3108.0-2023-000-RED-028-000,3108,ACERRU,2023,1,True,False,True,False,False
3108.0-2023-000-RED-029-000,3108,ACERRU,2023,1,True,False,True,False,False
3108.0-2023-000-RED-030-000,3108,ACERRU,2023,1,True,False,True,False,False
3108.0-2023-000-RED-031-000,3108,ACERRU,2023,1,True,False,True,False,False
3108.0-2023-000-RED-032-000,3108,ACERRU,2023,1,True,False,True,False,False
3108.0-2023-000-RED-033-000,3108,ACERRU,2023,0,True,False,False,False,False
3108.0-2023-000-RED-034-000,3108,ACERRU,2023,1,True,False,True,False,False
3108.0-2023-000-RED-035-000,3108,ACERRU,2023,1,True,False,True,False,False
3108.0-2023-000-RED-036-000,3108,ACERRU,2023,1,True,False,True,False,False
3108.0-2023-000-RED-037-000,3108,ACERRU,2023,1,True,False,True,False,False
3108.0-2023-000-RED-038-000,3108,ACERRU,2023,1,True,False,True,False,False
3108.0-2023-000-RED-039-000,3108,ACERRU,2023,1,True,False,True,False,False
3108.0-2023-000-RED-040-000,3108,ACERRU,2023,1,True,False,True,False,False
3108.0-2023-000-RED-041-000,3108,ACERRU,2023,1,True,False,True,False,False
3108.0-2023-000-RED-042-000,3108,ACERRU,2023,1,True,False,True,False,False
3108.0-2023-000-RED-043-000,3108,ACERRU,2023,1,True,False,True,False,False
3108.0-2023-000-RED-044-000,3108,ACERRU,2023,1,True,False,True,False,False
3109.0-2017-000-ORG-049-000,3109,ACERRU,2017,0,True,True,False,False,False
3109.0-2017-000-ORG-050-000,3109,BETUXX,2017,0,True,True,False,False,False
3109.0-2017-000-ORG-051-000,3109,ACERRU,2017,0,True,True,False,False,False
3109.0-2017-000-ORG-052-000,3109,ACERRU,2017,0,True,True,False,False,False
3109.0-2018-000-BLU-027-000,3109,TSUGCA,2018,1,True,False,True,False,False
3109.0-2018-000-BLU-028-000,3109,TSUGCA,2018,1,True,False,True,False,False
3109.0-2018-000-BLU-029-000,3109,ACERRU,2018,1,True,False,True,False,False
3109.0-2018-000-BLU-030-000,3109,ACERRU,2018,1,True,False,True,False,False
3109.0-2018-000-BLU-031-000,3109,ACERRU,2018,1,True,False,True,False,False
3109.0-2018-000-BLU-032-000,3109,TSUGCA,2018,1,True,False,True,False,False
3109.0-2018-000-BLU-033-000,3109,ACERRU,2018,1,True,False,True,False,False
3109.0-2018-000-BLU-034-000,3109,ACERRU,2018,1,True,False,True,False,False
3109.0-2018-000-BLU-035-000,3109,ACERRU,2018,1,True,False,True,False,False
3109.0-2018-000-BLU-036-000,3109,ACERRU,2018,1,True,False,True,False,False
3109.0-2018-000-BLU-037-000,3109,ACERRU,2018,1,True,False,True,False,False
3109.0-2018-000-BLU-038-000,3109,TSUGCA,2018,1,True,False,True,False,False
3109.0-2018-000-BLU-039-000,3109,BETUXX,2018,1,True,False,True,False,False
3109.0-2020-000-BLU-093-000,3109,ACERRU,2020,1,True,False,True,False,False
3109.0-2020-000-BLU-094-000,3109,ACERRU,2020,1,True,False,True,False,False
3109.0-2020-000-BLU-095-000,3109,ACERRU,2020,1,True,False,True,False,False
3109.0-2023-000-RED-045-000,3109,ACERRU,2023,1,True,False,True,False,False
3109.0-2023-000-RED-046-000,3109,ACERRU,2023,1,True,False,True,False,False
3109.0-2023-000-RED-047-000,3109,ACERRU,2023,1,True,False,True,False,False
3109.0-2023-000-RED-048-000,3109,ACERRU,2023,1,True,False,True,False,False
3109.0-2023-000-RED-049-000,3109,ACERRU,2023,1,True,False,True,False,False
3109.0-2023-000-RED-050-000,3109,ACERRU,2023,1,True,False,True,False,False
3109.0-2023-000-RED-051-000,3109,ACERRU,2023,1,True,False,True,False,False
3111.0-2017-000-ORG-053-000,3111,QUERRU,2017,0,True,True,False,False,False
3111.0-2017-000-ORG-054-000,3111,QUERRU,2017,0,True,True,False,False,False
3111.0-2017-000-ORG-055-000,3111,QUERRU,2017,0,True,True,False,False,False
3111.0-2017-000-ORG-056-000,3111,PINUST,2017,0,True,True,False,False,False
3111.0-2017-000-ORG-057-000,3111,QUERRU,2017,0,True,True,False,False,False
3111.0-2017-000-ORG-058-000,3111,QUERRU,2017,0,True,True,False,False,False
3111.0-2017-000-ORG-059-000,3111,QUERRU,2017,0,True,True,False,False,False
3111.0-2017-000-ORG-060-000,3111,QUERRU,2017,0,True,True,False,False,False
3111.0-2017-000-ORG-061-000,3111,QUERRU,2017,0,True,True,False,False,False
3111.0-2017-000-ORG-062-000,3111,QUERRU,2017,0,True,True,False,False,False
3111.0-2017-000-ORG-063-000,3111,QUERRU,2017,0,True,True,False,False,False
3111.0-2017-000-ORG-064-000,3111,QUERRU,2017,0,True,True,False,False,False
3111.0-2017-000-ORG-065-000,3111,QUERRU,2017,0,True,True,False,False,False
3111.0-2017-000-ORG-066-000,3111,QUERRU,2017,0,True,True,False,False,False
3111.0-2017-000-ORG-067-000,3111,QUERRU,2017,0,True,True,False,False,False
3111.0-2018-000-BLU-051-000,3111,ACERRU,2018,1,True,False,True,False,False
3111.0-2018-000-BLU-052-000,3111,ACERRU,2018,1,True,False,True,False,False
3111.0-2018-000-BLU-053-000,3111,ACERRU,2018,1,True,False,True,False,False
3111.0-2018-000-BLU-054-000,3111,ACERRU,2018,1,True,False,True,False,False
3111.0-2018-000-BLU-055-000,3111,ACERRU,2018,1,True,False,True,False,False
3111.0-2018-000-BLU-056-000,3111,ACERRU,2018,1,True,False,True,False,False
3111.0-2018-000-BLU-057-000,3111,ACERRU,2018,1,True,False,True,False,False
3111.0-2018-000-BLU-058-000,3111,PINUST,2018,1,True,False,True,False,False
3111.0-2018-000-BLU-059-000,3111,PINUST,2018,1,True,False,True,False,False
3111.0-2018-000-BLU-060-000,3111,ACERRU,2018,1,True,False,True,False,False
3111.0-2018-000-BLU-061-000,3111,ACERRU,2018,1,True,False,True,False,False
3111.0-2018-000-BLU-062-000,3111,QUERRU,2018,1,True,False,True,False,False
3111.0-2018-000-BLU-063-000,3111,ACERRU,2018,1,True,False,True,False,False
3111.0-2019-000-WHT-003-000,3111,ACERRU,2019,1,True,False,True,False,False
3111.0-2019-000-WHT-007-000,3111,ACERRU,2019,1,True,False,True,False,False
3111.0-2019-000-WHT-008-000,3111,ACERRU,2019,1,True,False,True,False,False
3111.0-2019-000-WHT-013-000,3111,ACERRU,2019,1,True,False,True,False,False
3111.0-2020-000-BLU-096-000,3111,TSUGCA,2020,1,True,False,True,False,False
3111.0-2020-000-BLU-097-000,3111,TSUGCA,2020,1,True,False,True,False,False
3111.0-2020-000-BLU-098-000,3111,ACERRU,2020,1,True,False,True,False,False
3111.0-2021-000-YLW-016-000,3111,PINUST,2021,1,True,False,True,False,False
3111.0-2023-000-RED-052-000,3111,ACERRU,2023,1,True,False,True,False,False
3111.0-2023-000-RED-053-000,3111,ACERRU,2023,0,True,False,False,False,False
3111.0-2023-000-RED-054-000,3111,ACERRU,2023,1,True,False,True,False,False
3111.0-2023-000-RED-055-000,3111,ACERRU,2023,1,True,False,True,False,False
3111.0-2023-000-RED-056-000,3111,ACERRU,2023,1,True,False,True,False,False
3112.0-2017-000-ORG-068-000,3112,QUERRU,2017,0,True,True,False,False,False
3112.0-2017-000-ORG-069-000,3112,QUERRU,2017,0,True,True,False,False,False
3112.0-2017-000-ORG-070-000,3112,QUERRU,2017,0,True,True,False,False,False
3112.0-2017-000-ORG-071-000,3112,QUERRU,2017,0,True,True,False,False,False
3112.0-2017-000-ORG-073-000,3112,QUERRU,2017,0,True,True,False,False,False
3112.0-2017-000-ORG-074-000,3112,QUERRU,2017,0,True,True,False,False,False
3112.0-2017-000-ORG-075-000,3112,AMELAL,2017,0,True,True,False,False,False
3112.0-2017-000-RED-026-000,3112,QUERRU,2017,0,True,True,False,False,False
3112.0-2017-000-RED-027-000,3112,VIBUNU,2017,0,True,True,False,False,False
3112.0-2017-000-RED-028-000,3112,VIBUNU,2017,0,True,True,False,False,False
3112.0-2017-000-RED-029-000,3112,QUERRU,2017,0,True,True,False,False,False
3112.0-2017-000-RED-030-000,3112,QUERRU,2017,0,True,True,False,False,False
3112.0-2017-000-RED-032-000,3112,QUERRU,2017,0,True,True,False,False,False
3112.0-2017-000-RED-033-000,3112,QUERRU,2017,0,True,True,False,False,False
3112.0-2018-000-BLU-064-000,3112,ACERRU,2018,1,True,False,True,False,False
3112.0-2018-000-BLU-065-000,3112,PINUST,2018,1,True,False,True,False,False
3112.0-2018-000-BLU-066-000,3112,TSUGCA,2018,1,True,False,True,False,False
3112.0-2018-000-BLU-067-000,3112,ACERRU,2018,1,True,False,True,False,False
3112.0-2018-000-BLU-068-000,3112,PINUST,2018,1,True,False,True,False,False
3112.0-2018-000-BLU-069-000,3112,ACERRU,2018,1,True,False,True,False,False
3112.0-2018-000-BLU-070-000,3112,TSUGCA,2018,1,True,False,True,False,False
3112.0-2018-000-BLU-071-000,3112,TSUGCA,2018,1,True,False,True,False,False
3112.0-2018-000-BLU-072-000,3112,TSUGCA,2018,1,True,False,True,False,False
3112.0-2018-000-BLU-073-000,3112,TSUGCA,2018,1,True,False,True,False,False
3112.0-2018-000-BLU-074-000,3112,ACERRU,2018,1,True,False,True,False,False
3112.0-2018-000-BLU-075-000,3112,QUERRU,2018,1,True,False,True,False,False
3112.0-2018-000-BLU-076-000,3112,ACERRU,2018,1,True,False,True,False,False
3112.0-2018-000-BLU-077-000,3112,ACERRU,2018,1,True,False,True,False,False
3112.0-2018-000-BLU-078-000,3112,TSUGCA,2018,1,True,False,True,False,False
3112.0-2019-000-ORG-072-000,3112,ACERRU,2019,1,True,False,True,False,False
3112.0-2019-000-YLW-012-000,3112,QUERRU,2019,1,True,False,True,False,False
3112.0-2019-000-YLW-088-000,3112,ACERRU,2019,1,True,False,True,False,False
3112.0-2020-000-BLU-099-000,3112,ACERRU,2020,1,True,False,True,False,False
3112.0-2020-000-BLU-100-000,3112,ACERRU,2020,1,True,False,True,False,False
3112.0-2022-000-BLU-019-000,3112,ACERRU,2022,1,True,False,True,False,False
3112.0-2023-000-WHT-055-000,3112,ACERRU,2023,1,True,False,True,False,False
3112.0-2023-000-WHT-056-000,3112,UNKNXX,2023,1,True,False,True,False,False
3113.0-2017-000-BLU-051-000,3113,ACERRU,2017,0,True,True,False,False,False
3113.0-2017-000-RED-035-000,3113,QUERRU,2017,0,True,True,False,False,False
3113.0-2017-000-RED-036-000,3113,QUERRU,2017,0,True,True,False,False,False
3113.0-2017-000-RED-037-000,3113,QUERRU,2017,0,True,True,False,False,False
3113.0-2017-000-RED-038-000,3113,ACERRU,2017,0,True,True,False,False,False
3113.0-2017-000-RED-039-000,3113,QUERRU,2017,0,True,True,False,False,False
3113.0-2017-000-RED-040-000,3113,QUERRU,2017,0,True,True,False,False,False
3113.0-2017-000-RED-041-000,3113,QUERRU,2017,0,True,True,False,False,False
3113.0-2017-000-RED-042-000,3113,QUERRU,2017,0,True,True,False,False,False
3113.0-2017-000-RED-043-000,3113,QUERRU,2017,0,True,True,False,False,False
3113.0-2017-000-RED-044-000,3113,QUERRU,2017,0,True,True,False,False,False
3113.0-2017-000-RED-045-000,3113,QUERRU,2017,0,True,True,False,False,False
3113.0-2017-000-RED-046-000,3113,QUERRU,2017,0,True,True,False,False,False
3113.0-2017-000-RED-047-000,3113,QUERRU,2017,0,True,True,False,False,False
3113.0-2017-000-RED-048-000,3113,QUERRU,2017,0,True,True,False,False,False
3113.0-2017-000-RED-049-000,3113,QUERRU,2017,0,True,True,False,False,False
3113.0-2017-000-RED-050-000,3113,ACERRU,2017,0,True,True,False,False,False
3113.0-2018-000-BLU-079-000,3113,TSUGCA,2018,1,True,False,True,False,False
3113.0-2018-000-BLU-080-000,3113,TSUGCA,2018,1,True,False,True,False,False
3113.0-2018-000-BLU-081-000,3113,TSUGCA,2018,1,True,False,True,False,False
3113.0-2018-000-BLU-082-000,3113,ACERRU,2018,1,True,False,True,False,False
3113.0-2018-000-BLU-083-000,3113,ACERRU,2018,1,True,False,True,False,False
3113.0-2018-000-BLU-084-000,3113,ACERRU,2018,1,True,False,True,False,False
3113.0-2018-000-BLU-085-000,3113,ACERRU,2018,1,True,False,True,False,False
3113.0-2018-000-BLU-086-000,3113,ACERRU,2018,1,True,False,True,False,False
3113.0-2018-000-BLU-087-000,3113,ACERRU,2018,1,True,False,True,False,False
3113.0-2018-000-BLU-088-000,3113,ACERRU,2018,1,True,False,True,False,False
3113.0-2018-000-BLU-089-000,3113,TSUGCA,2018,1,True,False,True,False,False
3113.0-2018-000-BLU-090-000,3113,ACERRU,2018,1,True,False,True,False,False
3113.0-2018-000-BLU-091-000,3113,ACERRU,2018,1,True,False,True,False,False
3113.0-2020-000-ORG-001-000,3113,ACERRU,2020,1,True,False,True,False,False
3113.0-2020-000-ORG-007-000,3113,ACERRU,2020,1,True,False,True,False,False
3113.0-2020-000-YLW-051-000,3113,ACERRU,2020,1,True,False,True,False,False
3113.0-2020-000-YLW-052-000,3113,ACERRU,2020,1,True,False,True,False,False
3113.0-2020-000-YLW-053-000,3113,ACERRU,2020,1,True,False,True,False,False
3113.0-2020-000-YLW-054-000,3113,ACERRU,2020,1,True,False,True,False,False
3113.0-2020-000-YLW-055-000,3113,ACERRU,2020,1,True,False,True,False,False
3113.0-2020-000-YLW-056-000,3113,ACERRU,2020,1,True,False,True,False,False
3113.0-2021-000-YLW-017-000,3113,ACERRU,2021,1,True,False,True,False,False
3113.0-2022-000-BLU-006-000,3113,ACERRU,2022,1,True,False,True,False,False
3113.0-2023-000-RED-057-000,3113,ACERRU,2023,1,True,False,True,False,False
3113.0-2023-000-RED-058-000,3113,BETUXX,2023,1,True,False,True,False,False
3113.0-2023-000-RED-059-000,3113,ACERRU,2023,1,True,False,True,False,False
3113.0-2023-000-RED-060-000,3113,ACERRU,2023,1,True,False,True,False,False
3113.0-2023-000-RED-061-000,3113,ACERRU,2023,1,True,False,True,False,False
3113.0-2023-000-RED-062-000,3113,TSUGCA,2023,1,True,False,True,False,False
3113.0-2023-000-RED-063-000,3113,TSUGCA,2023,1,True,False,True,False,False
3113.0-2023-000-RED-064-000,3113,BETUXX,2023,1,True,False,True,False,False
3113.0-2023-000-RED-065-000,3113,BETUXX,2023,1,True,False,True,False,False
3113.0-2023-000-RED-066-000,3113,BETUXX,2023,1,True,False,True,False,False
3114.0-2017-000-BLU-052-000,3114,ACERRU,2017,0,True,True,False,False,False
3114.0-2017-000-BLU-053-000,3114,ACERRU,2017,0,True,True,False,False,False
3114.0-2017-000-BLU-054-000,3114,QUERRU,2017,0,True,True,False,False,False
3114.0-2017-000-BLU-055-000,3114,ACERRU,2017,0,True,True,False,False,False
3114.0-2017-000-BLU-056-000,3114,ACERRU,2017,0,True,True,False,False,False
3114.0-2017-000-BLU-057-000,3114,ACERRU,2017,0,True,True,False,False,False
3114.0-2017-000-BLU-058-000,3114,ACERRU,2017,0,True,True,False,False,False
3114.0-2017-000-BLU-059-000,3114,ACERRU,2017,0,True,True,False,False,False
3114.0-2017-000-BLU-060-000,3114,ACERRU,2017,0,True,True,False,False,False
3114.0-2018-000-BLU-092-000,3114,ACERRU,2018,1,True,False,True,False,False
3114.0-2018-000-BLU-093-000,3114,ACERRU,2018,1,True,False,True,False,False
3114.0-2018-000-BLU-094-000,3114,ACERRU,2018,1,True,False,True,False,False
3114.0-2018-000-BLU-095-000,3114,ACERRU,2018,1,True,False,True,False,False
3114.0-2018-000-BLU-096-000,3114,ACERRU,2018,1,True,False,True,False,False
3114.0-2018-000-BLU-097-000,3114,ACERRU,2018,1,True,False,True,False,False
3114.0-2018-000-BLU-098-000,3114,ACERRU,2018,1,True,False,True,False,False
3114.0-2018-000-BLU-099-000,3114,ACERRU,2018,1,True,False,True,False,False
3114.0-2018-000-BLU-100-000,3114,ACERRU,2018,1,True,False,True,False,False
3114.0-2018-000-RED-001-000,3114,ACERRU,2018,1,True,False,True,False,False
3114.0-2018-000-RED-002-000,3114,ACERRU,2018,1,True,False,True,False,False
3114.0-2018-000-RED-003-000,3114,ACERRU,2018,1,True,False,True,False,False
3114.0-2018-000-RED-004-000,3114,ACERRU,2018,1,True,False,True,False,False
3114.0-2018-000-RED-005-000,3114,ACERRU,2018,1,True,False,True,False,False
3114.0-2018-000-RED-006-000,3114,TSUGCA,2018,1,True,False,True,False,False
3114.0-2018-000-RED-007-000,3114,ACERRU,2018,1,True,False,True,False,False
3114.0-2018-000-RED-008-000,3114,ACERRU,2018,1,True,False,True,False,False
3114.0-2018-000-RED-009-000,3114,ACERRU,2018,1,True,False,True,False,False
3114.0-2018-000-RED-010-000,3114,ACERRU,2018,1,True,False,True,False,False
3114.0-2018-000-RED-011-000,3114,ACERRU,2018,1,True,False,True,False,False
3114.0-2018-000-RED-012-000,3114,ACERRU,2018,1,True,False,True,False,False
3114.0-2018-000-RED-013-000,3114,ACERRU,2018,1,True,False,True,False,False
3114.0-2018-000-RED-014-000,3114,ACERRU,2018,1,True,False,True,False,False
3114.0-2018-000-RED-015-000,3114,ACERRU,2018,1,True,False,True,False,False
3114.0-2019-000-WHT-004-000,3114,ACERRU,2019,1,True,False,True,False,False
3114.0-2019-000-WHT-007-000,3114,ACERRU,2019,1,True,False,True,False,False
3114.0-2019-000-WHT-015-000,3114,ACERRU,2019,1,True,False,True,False,False
3114.0-2019-000-WHT-022-000,3114,ACERRU,2019,1,True,False,True,False,False
3114.0-2019-000-WHT-022-D00,3114,ACERRU,2019,1,True,False,True,False,False
3114.0-2019-000-WHT-024-000,3114,TSUGCA,2019,1,True,False,True,False,False
3114.0-2019-000-WHT-027-000,3114,ACERRU,2019,1,True,False,True,False,False
3114.0-2019-000-WHT-038-000,3114,ACERRU,2019,1,True,False,True,False,False
3114.0-2019-000-WHT-041-000,3114,ACERRU,2019,1,True,False,True,False,False
3114.0-2019-000-WHT-042-000,3114,ACERRU,2019,1,True,False,True,False,False
3114.0-2019-000-WHT-059-000,3114,ACERRU,2019,1,True,False,True,False,False
3114.0-2019-000-WHT-074-000,3114,ACERRU,2019,1,True,False,True,False,False
3114.0-2019-000-WHT-076-000,3114,QUERRU,2019,1,True,False,True,False,False
3114.0-2019-000-WHT-085-000,3114,ACERRU,2019,1,True,False,True,False,False
3114.0-2019-000-WHT-089-000,3114,ACERRU,2019,1,True,False,True,False,False
3114.0-2020-000-YLW-057-000,3114,ACERRU,2020,1,True,False,True,False,False
3114.0-2020-000-YLW-058-000,3114,ACERRU,2020,1,True,False,True,False,False
3114.0-2020-000-YLW-059-000,3114,BETUXX,2020,1,True,False,True,False,False
3114.0-2020-000-YLW-060-000,3114,TSUGCA,2020,1,True,False,True,False,False
3114.0-2020-000-YLW-061-000,3114,ACERRU,2020,1,True,False,True,False,False
3114.0-2023-000-WHT-057-000,3114,BETUXX,2023,1,True,False,True,False,False
3114.0-2023-000-WHT-058-000,3114,ACERRU,2023,1,True,False,True,False,False
3114.0-2023-000-WHT-059-000,3114,ACERRU,2023,1,True,False,True,False,False
3114.0-2023-000-WHT-060-000,3114,ACERRU,2023,1,True,False,True,False,False
3114.0-2023-000-WHT-061-000,3114,TSUGCA,2023,1,True,False,True,False,False
3114.0-2023-000-WHT-062-000,3114,ACERRU,2023,1,True,False,True,False,False
3114.0-2023-000-WHT-063-000,3114,TSUGCA,2023,1,True,False,True,False,False
3114.0-2023-000-WHT-064-000,3114,TSUGCA,2023,1,True,False,True,False,False
3116.0-2017-000-YLW-004-000,3116,ACERRU,2017,0,True,True,False,False,False
3116.0-2017-000-YLW-005-000,3116,ACERRU,2017,0,True,True,False,False,False
3116.0-2017-000-YLW-006-000,3116,ACERRU,2017,0,True,True,False,False,False
3116.0-2017-000-YLW-007-000,3116,ACERRU,2017,0,True,True,False,False,False
3116.0-2017-000-YLW-008-000,3116,QUERRU,2017,0,True,True,False,False,False
3116.0-2017-000-YLW-009-000,3116,ACERRU,2017,0,True,True,False,False,False
3116.0-2017-000-YLW-010-000,3116,ACERRU,2017,0,True,True,False,False,False
3116.0-2017-000-YLW-011-000,3116,ACERRU,2017,0,True,True,False,False,False
3116.0-2018-000-RED-016-000,3116,ACERRU,2018,1,True,False,True,False,False
3116.0-2018-000-RED-017-000,3116,ACERRU,2018,1,True,False,True,False,False
3116.0-2018-000-RED-018-000,3116,ACERRU,2018,1,True,False,True,False,False
3116.0-2018-000-RED-019-000,3116,ACERRU,2018,1,True,False,True,False,False
3116.0-2018-000-RED-020-000,3116,ACERRU,2018,1,True,False,True,False,False
3116.0-2018-000-RED-021-000,3116,ACERRU,2018,1,True,False,True,False,False
3116.0-2018-000-RED-022-000,3116,ACERRU,2018,1,True,False,True,False,False
3116.0-2018-000-RED-023-000,3116,ACERRU,2018,1,True,False,True,False,False
3116.0-2018-000-RED-024-000,3116,ACERRU,2018,1,True,False,True,False,False
3116.0-2018-000-RED-025-000,3116,ACERRU,2018,1,True,False,True,False,False
3116.0-2018-000-RED-026-000,3116,ACERRU,2018,1,True,False,True,False,False
3116.0-2018-000-RED-027-000,3116,TSUGCA,2018,1,True,False,True,False,False
3116.0-2018-000-RED-028-000,3116,ACERRU,2018,1,True,False,True,False,False
3116.0-2019-000-WHT-009-000,3116,ACERRU,2019,1,True,False,True,False,False
3116.0-2019-000-WHT-023-000,3116,ACERRU,2019,1,True,False,True,False,False
3116.0-2019-000-WHT-030-000,3116,ACERRU,2019,1,True,False,True,False,False
3116.0-2019-000-WHT-036-000,3116,ACERRU,2019,1,True,False,True,False,False
3116.0-2019-000-WHT-040-000,3116,ACERRU,2019,1,True,False,True,False,False
3116.0-2019-000-WHT-043-000,3116,ACERRU,2019,1,True,False,True,False,False
3116.0-2019-000-WHT-045-000,3116,ACERRU,2019,1,True,False,True,False,False
3116.0-2019-000-WHT-049-000,3116,BETUXX,2019,1,True,False,True,False,False
3116.0-2019-000-WHT-051-000,3116,ACERRU,2019,1,True,False,True,False,False
3116.0-2019-000-WHT-060-000,3116,ACERRU,2019,1,True,False,True,False,False
3116.0-2019-000-WHT-065-000,3116,ACERRU,2019,1,True,False,True,False,False
3116.0-2019-000-WHT-067-000,3116,ACERRU,2019,1,True,False,True,False,False
3116.0-2019-000-WHT-069-000,3116,ACERRU,2019,1,True,False,True,False,False
3116.0-2019-000-WHT-070-000,3116,BETUXX,2019,1,True,False,True,False,False
3116.0-2020-000-YLW-062-000,3116,ACERRU,2020,1,True,False,True,False,False
3116.0-2020-000-YLW-063-000,3116,ACERRU,2020,1,True,False,True,False,False
3116.0-2020-000-YLW-064-000,3116,ACERRU,2020,1,True,False,True,False,False
3116.0-2020-000-YLW-065-000,3116,ACERRU,2020,1,True,False,True,False,False
3116.0-2020-000-YLW-066-000,3116,ACERRU,2020,1,True,False,True,False,False
3116.0-2020-000-YLW-067-000,3116,ACERRU,2020,1,True,False,True,False,False
3116.0-2020-000-YLW-068-000,3116,TSUGCA,2020,1,True,False,True,False,False
3116.0-2020-000-YLW-069-000,3116,TSUGCA,2020,1,True,False,True,False,False
3116.0-2021-000-YLW-018-000,3116,ACERRU,2021,1,True,False,True,False,False
3116.0-2021-000-YLW-019-000,3116,ACERRU,2021,1,True,False,True,False,False
3116.0-2022-000-BLU-015-000,3116,ACERRU,2022,1,True,False,True,False,False
3116.0-2022-000-BLU-017-000,3116,ACERRU,2022,1,True,False,True,False,False
3116.0-2022-000-BLU-034-000,3116,ACERPE,2022,1,True,False,True,False,False
3116.0-2022-000-BLU-075-000,3116,TSUGCA,2022,1,True,False,True,False,False
3116.0-2022-000-BLU-077-000,3116,TSUGCA,2022,1,True,False,True,False,False
3116.0-2022-000-BLU-082-000,3116,TSUGCA,2022,1,True,False,True,False,False
3116.0-2022-000-BLU-083-000,3116,TSUGCA,2022,1,True,False,True,False,False
3116.0-2023-000-WHT-065-000,3116,ACERRU,2023,1,True,False,True,False,False
3116.0-2023-000-WHT-066-000,3116,ACERRU,2023,1,True,False,True,False,False
3116.0-2023-000-WHT-067-000,3116,ACERRU,2023,1,True,False,True,False,False
3116.0-2023-000-WHT-068-000,3116,ACERRU,2023,1,True,False,True,False,False
3116.0-2023-000-WHT-070-000,3116,ACERRU,2023,1,True,False,True,False,False
3116.0-2023-000-WHT-071-000,3116,ACERRU,2023,1,True,False,True,False,False
3116.0-2023-000-WHT-072-000,3116,BETUXX,2023,1,True,False,True,False,False
3116.0-2023-000-WHT-073-000,3116,ACERRU,2023,1,True,False,True,False,False
3117.0-2017-000-BLU-017-000,3117,VIBULA,2017,0,True,True,False,False,False
3117.0-2017-000-BLU-018-000,3117,VIBULA,2017,0,True,True,False,False,False
3117.0-2017-000-BLU-019-000,3117,VIBULA,2017,0,True,True,False,False,False
3117.0-2017-000-BLU-020-000,3117,VIBULA,2017,0,True,True,False,False,False
3117.0-2017-000-BLU-021-000,3117,VIBULA,2017,0,True,True,False,False,False
3117.0-2017-000-BLU-022-000,3117,VIBULA,2017,0,True,True,False,False,False
3117.0-2017-000-BLU-023-000,3117,VIBULA,2017,0,True,True,False,False,False
3117.0-2017-000-BLU-024-000,3117,VIBULA,2017,0,True,True,False,False,False
3117.0-2017-000-BLU-025-000,3117,VIBULA,2017,0,True,True,False,False,False
3117.0-2017-000-BLU-026-000,3117,VIBULA,2017,0,True,True,False,False,False
3117.0-2017-000-BLU-027-000,3117,VIBULA,2017,0,True,True,False,False,False
3117.0-2017-000-BLU-028-000,3117,VIBULA,2017,0,True,True,False,False,False
3117.0-2017-000-BLU-029-000,3117,VIBULA,2017,0,True,True,False,False,False
3117.0-2017-000-BLU-030-000,3117,VIBULA,2017,0,True,True,False,False,False
3117.0-2017-000-BLU-031-000,3117,VIBULA,2017,0,True,True,False,False,False
3117.0-2017-000-BLU-032-000,3117,VIBULA,2017,0,True,True,False,False,False
3117.0-2017-000-BLU-033-000,3117,VIBULA,2017,0,True,True,False,False,False
3117.0-2017-000-BLU-034-000,3117,VIBULA,2017,0,True,True,False,False,False
3117.0-2017-000-ORG-011-000,3117,RHODPR,2017,0,True,True,False,False,False
3117.0-2017-000-ORG-012-000,3117,TSUGCA,2017,0,True,True,False,False,False
3117.0-2017-000-ORG-013-000,3117,TSUGCA,2017,0,True,True,False,False,False
3117.0-2017-000-ORG-014-000,3117,TSUGCA,2017,0,True,True,False,False,False
3117.0-2017-000-ORG-015-000,3117,PINUST,2017,0,True,True,False,False,False
3117.0-2017-000-ORG-016-000,3117,TSUGCA,2017,0,True,True,False,False,False
3117.0-2018-000-RED-029-000,3117,TSUGCA,2018,1,True,False,True,False,False
3117.0-2018-000-RED-030-000,3117,TSUGCA,2018,1,True,False,True,False,False
3117.0-2018-000-RED-031-000,3117,TSUGCA,2018,1,True,False,True,False,False
3117.0-2018-000-RED-032-000,3117,ACERRU,2018,1,True,False,True,False,False
3117.0-2018-000-RED-033-000,3117,TSUGCA,2018,1,True,False,True,False,False
3117.0-2018-000-RED-034-000,3117,TSUGCA,2018,1,True,False,True,False,False
3117.0-2018-000-RED-035-000,3117,ACERRU,2018,1,True,False,True,False,False
3117.0-2018-000-RED-036-000,3117,ACERRU,2018,1,True,False,True,False,False
3117.0-2018-000-RED-037-000,3117,VIBULA,2018,1,True,False,True,False,False
3117.0-2018-000-RED-038-000,3117,VIBULA,2018,1,True,False,True,False,False
3117.0-2018-000-RED-039-000,3117,TSUGCA,2018,1,True,False,True,False,False
3117.0-2018-000-RED-040-000,3117,TSUGCA,2018,1,True,False,True,False,False
3117.0-2018-000-RED-041-000,3117,TSUGCA,2018,1,True,False,True,False,False
3117.0-2018-000-RED-042-000,3117,ACERRU,2018,1,True,False,True,False,False
3117.0-2019-000-WHT-035-000,3117,ACERRU,2019,1,True,False,True,False,False
3117.0-2020-000-YLW-070-000,3117,ACERRU,2020,1,True,False,True,False,False
3117.0-2020-000-YLW-071-000,3117,TSUGCA,2020,1,True,False,True,False,False
3117.0-2020-000-YLW-072-000,3117,TSUGCA,2020,1,True,False,True,False,False
3117.0-2020-000-YLW-073-000,3117,TSUGCA,2020,1,True,False,True,False,False
3117.0-2021-000-YLW-020-000,3117,VIBULA,2021,1,True,False,True,False,False
3117.0-2022-000-BLU-011-000,3117,VIBULA,2022,1,True,False,True,False,False
3117.0-2023-000-BLU-012-000,3117,VIBULA,2023,0,True,False,False,False,False
3118.0-2017-000-BLU-061-000,3118,ACERRU,2017,0,True,True,False,False,False
3118.0-2017-000-BLU-062-000,3118,ACERRU,2017,0,True,True,False,False,False
3118.0-2017-000-BLU-063-000,3118,ACERRU,2017,0,True,True,False,False,False
3118.0-2017-000-BLU-064-000,3118,ACERRU,2017,0,True,True,False,False,False
3118.0-2017-000-BLU-065-000,3118,ACERRU,2017,0,True,True,False,False,False
3118.0-2017-000-BLU-066-000,3118,ACERRU,2017,0,True,True,False,False,False
3118.0-2017-000-BLU-067-000,3118,ACERRU,2017,0,True,True,False,False,False
3118.0-2017-000-BLU-068-000,3118,ACERRU,2017,0,True,True,False,False,False
3118.0-2018-000-RED-043-000,3118,ACERRU,2018,1,True,False,True,False,False
3118.0-2018-000-RED-044-000,3118,TSUGCA,2018,1,True,False,True,False,False
3118.0-2018-000-RED-045-000,3118,ACERRU,2018,1,True,False,True,False,False
3118.0-2018-000-RED-046-000,3118,ACERRU,2018,1,True,False,True,False,False
3118.0-2018-000-RED-047-000,3118,ACERRU,2018,1,True,False,True,False,False
3118.0-2018-000-RED-048-000,3118,ACERRU,2018,1,True,False,True,False,False
3118.0-2018-000-RED-049-000,3118,TSUGCA,2018,1,True,False,True,False,False
3118.0-2018-000-RED-050-000,3118,ACERRU,2018,1,True,False,True,False,False
3118.0-2018-000-RED-051-000,3118,PINUST,2018,1,True,False,True,False,False
3118.0-2018-000-RED-052-000,3118,ACERRU,2018,1,True,False,True,False,False
3118.0-2018-000-RED-053-000,3118,PINUST,2018,1,True,False,True,False,False
3118.0-2018-000-RED-054-000,3118,TSUGCA,2018,1,True,False,True,False,False
3118.0-2018-000-RED-055-000,3118,ACERRU,2018,1,True,False,True,False,False
3118.0-2018-000-RED-056-000,3118,ACERRU,2018,1,True,False,True,False,False
3118.0-2018-000-RED-057-000,3118,ACERRU,2018,1,True,False,True,False,False
3118.0-2018-000-RED-058-000,3118,ACERRU,2018,1,True,False,True,False,False
3118.0-2018-000-RED-059-000,3118,ACERRU,2018,1,True,False,True,False,False
3118.0-2018-000-RED-060-000,3118,ACERRU,2018,1,True,False,True,False,False
3118.0-2018-000-RED-061-000,3118,ACERRU,2018,1,True,False,True,False,False
3118.0-2018-000-RED-062-000,3118,TSUGCA,2018,1,True,False,True,False,False
3118.0-2018-000-RED-063-000,3118,ACERRU,2018,1,True,False,True,False,False
3118.0-2018-000-RED-064-000,3118,ACERRU,2018,1,True,False,True,False,False
3118.0-2018-000-RED-065-000,3118,ACERRU,2018,1,True,False,True,False,False
3118.0-2018-000-RED-066-000,3118,TSUGCA,2018,1,True,False,True,False,False
3118.0-2018-000-RED-067-000,3118,TSUGCA,2018,1,True,False,True,False,False
3118.0-2018-000-RED-068-000,3118,ACERRU,2018,1,True,False,True,False,False
3118.0-2018-000-RED-069-000,3118,ACERRU,2018,1,True,False,True,False,False
3118.0-2018-000-RED-070-000,3118,ACERRU,2018,1,True,False,True,False,False
3118.0-2018-000-RED-071-000,3118,TSUGCA,2018,1,True,False,True,False,False
3118.0-2018-000-RED-072-000,3118,TSUGCA,2018,1,True,False,True,False,False
3118.0-2019-000-WHT-008-000,3118,ACERRU,2019,1,True,False,True,False,False
3118.0-2019-000-WHT-023-000,3118,ACERRU,2019,1,True,False,True,False,False
3118.0-2019-000-WHT-025-000,3118,ACERRU,2019,1,True,False,True,False,False
3118.0-2019-000-WHT-034-000,3118,ACERRU,2019,1,True,False,True,False,False
3118.0-2019-000-WHT-036-000,3118,BETUXX,2019,1,True,False,True,False,False
3118.0-2019-000-WHT-044-000,3118,ACERRU,2019,1,True,False,True,False,False
3118.0-2019-000-WHT-054-000,3118,ACERRU,2019,1,True,False,True,False,False
3118.0-2019-000-WHT-075-000,3118,ACERRU,2019,1,True,False,True,False,False
3118.0-2020-000-ORG-051-000,3118,ACERRU,2020,1,True,False,True,False,False
3118.0-2020-000-ORG-052-000,3118,ACERRU,2020,1,True,False,True,False,False
3118.0-2020-000-ORG-053-000,3118,ACERRU,2020,1,True,False,True,False,False
3118.0-2020-000-ORG-054-000,3118,TSUGCA,2020,1,True,False,True,False,False
3118.0-2020-000-ORG-055-000,3118,ACERRU,2020,1,True,False,True,False,False
3118.0-2020-000-ORG-056-000,3118,ACERRU,2020,1,True,False,True,False,False
3118.0-2020-000-ORG-057-000,3118,ACERRU,2020,1,True,False,True,False,False
3118.0-2020-000-YLW-074-000,3118,SORBAM,2020,1,True,False,True,False,False
3118.0-2020-000-YLW-075-000,3118,SORBAM,2020,1,True,False,True,False,False
3118.0-2021-000-YLW-021-000,3118,VIBUNU,2021,1,True,False,True,False,False
3118.0-2023-000-ORG-076-000,3118,ACERRU,2023,1,True,False,True,False,False
3118.0-2023-000-ORG-077-000,3118,SORBAM,2023,1,True,False,True,False,False
3118.0-2023-000-ORG-078-000,3118,ACERRU,2023,1,True,False,True,False,False
3118.0-2023-000-ORG-079-000,3118,ACERRU,2023,1,True,False,True,False,False
3118.0-2023-000-ORG-080-000,3118,ACERRU,2023,1,True,False,True,False,False
3118.0-2023-000-ORG-081-000,3118,ACERRU,2023,1,True,False,True,False,False
3118.0-2023-000-ORG-082-000,3118,ACERRU,2023,1,True,False,True,False,False
3118.0-2023-000-ORG-083-000,3118,QUERRU,2023,0,True,False,False,False,False
3119.0-2017-000-YLW-012-000,3119,QUERRU,2017,0,True,True,False,False,False
3119.0-2017-000-YLW-013-000,3119,ACERRU,2017,0,True,True,False,False,False
3119.0-2017-000-YLW-014-000,3119,ACERPE,2017,0,True,True,False,False,False
3119.0-2017-000-YLW-015-000,3119,QUERRU,2017,0,True,True,False,False,False
3119.0-2017-000-YLW-016-000,3119,ACERRU,2017,0,True,True,False,False,False
3119.0-2017-000-YLW-017-000,3119,ACERRU,2017,0,True,True,False,False,False
3119.0-2018-000-ORG-001-000,3119,TSUGCA,2018,1,True,False,True,False,False
3119.0-2018-000-ORG-002-000,3119,TSUGCA,2018,1,True,False,True,False,False
3119.0-2018-000-ORG-003-000,3119,TSUGCA,2018,1,True,False,True,False,False
3119.0-2018-000-ORG-004-000,3119,TSUGCA,2018,1,True,False,True,False,False
3119.0-2018-000-ORG-005-000,3119,TSUGCA,2018,1,True,False,True,False,False
3119.0-2018-000-ORG-006-000,3119,TSUGCA,2018,1,True,False,True,False,False
3119.0-2018-000-ORG-007-000,3119,TSUGCA,2018,1,True,False,True,False,False
3119.0-2018-000-ORG-008-000,3119,TSUGCA,2018,1,True,False,True,False,False
3119.0-2018-000-ORG-009-000,3119,TSUGCA,2018,1,True,False,True,False,False
3119.0-2018-000-ORG-010-000,3119,TSUGCA,2018,1,True,False,True,False,False
3119.0-2018-000-ORG-011-000,3119,TSUGCA,2018,1,True,False,True,False,False
3119.0-2018-000-ORG-012-000,3119,TSUGCA,2018,1,True,False,True,False,False
3119.0-2018-000-ORG-013-000,3119,TSUGCA,2018,1,True,False,True,False,False
3119.0-2018-000-ORG-014-000,3119,TSUGCA,2018,1,True,False,True,False,False
3119.0-2018-000-ORG-015-000,3119,TSUGCA,2018,1,True,False,True,False,False
3119.0-2018-000-ORG-016-000,3119,TSUGCA,2018,1,True,False,True,False,False
3119.0-2018-000-ORG-017-000,3119,PINUST,2018,1,True,False,True,False,False
3119.0-2018-000-ORG-018-000,3119,TSUGCA,2018,1,True,False,True,False,False
3119.0-2018-000-ORG-019-000,3119,TSUGCA,2018,1,True,False,True,False,False
3119.0-2018-000-ORG-020-000,3119,PINUST,2018,1,True,False,True,False,False
3119.0-2018-000-ORG-021-000,3119,ACERRU,2018,1,True,False,True,False,False
3119.0-2018-000-ORG-022-000,3119,TSUGCA,2018,1,True,False,True,False,False
3119.0-2018-000-ORG-023-000,3119,TSUGCA,2018,1,True,False,True,False,False
3119.0-2018-000-ORG-024-000,3119,TSUGCA,2018,1,True,False,True,False,False
3119.0-2018-000-ORG-025-000,3119,TSUGCA,2018,1,True,False,True,False,False
3119.0-2018-000-RED-073-000,3119,TSUGCA,2018,1,True,False,True,False,False
3119.0-2018-000-RED-074-000,3119,TSUGCA,2018,1,True,False,True,False,False
3119.0-2018-000-RED-075-000,3119,TSUGCA,2018,1,True,False,True,False,False
3119.0-2018-000-RED-076-000,3119,TSUGCA,2018,1,True,False,True,False,False
3119.0-2018-000-RED-077-000,3119,TSUGCA,2018,1,True,False,True,False,False
3119.0-2018-000-RED-078-000,3119,TSUGCA,2018,1,True,False,True,False,False
3119.0-2018-000-RED-079-000,3119,TSUGCA,2018,1,True,False,True,False,False
3119.0-2018-000-RED-080-000,3119,TSUGCA,2018,1,True,False,True,False,False
3119.0-2018-000-RED-081-000,3119,TSUGCA,2018,1,True,False,True,False,False
3119.0-2018-000-RED-082-000,3119,TSUGCA,2018,1,True,False,True,False,False
3119.0-2018-000-RED-083-000,3119,ACERRU,2018,1,True,False,True,False,False
3119.0-2018-000-RED-084-000,3119,ACERRU,2018,1,True,False,True,False,False
3119.0-2018-000-RED-085-000,3119,TSUGCA,2018,1,True,False,True,False,False
3119.0-2018-000-RED-086-000,3119,TSUGCA,2018,1,True,False,True,False,False
3119.0-2018-000-RED-087-000,3119,TSUGCA,2018,1,True,False,True,False,False
3119.0-2018-000-RED-088-000,3119,TSUGCA,2018,1,True,False,True,False,False
3119.0-2018-000-RED-089-000,3119,TSUGCA,2018,1,True,False,True,False,False
3119.0-2018-000-RED-090-000,3119,TSUGCA,2018,1,True,False,True,False,False
3119.0-2018-000-RED-091-000,3119,TSUGCA,2018,1,True,False,True,False,False
3119.0-2018-000-RED-092-000,3119,TSUGCA,2018,1,True,False,True,False,False
3119.0-2018-000-RED-093-000,3119,TSUGCA,2018,1,True,False,True,False,False
3119.0-2018-000-RED-094-000,3119,TSUGCA,2018,1,True,False,True,False,False
3119.0-2018-000-RED-095-000,3119,TSUGCA,2018,1,True,False,True,False,False
3119.0-2018-000-RED-098-000,3119,ACERRU,2018,1,True,False,True,False,False
3119.0-2018-000-RED-099-000,3119,TSUGCA,2018,1,True,False,True,False,False
3119.0-2018-000-RED-100-000,3119,ACERRU,2018,1,True,False,True,False,False
3119.0-2019-000-WHT-001-000,3119,ACERRU,2019,1,True,False,True,False,False
3119.0-2019-000-WHT-002-000,3119,ACERRU,2019,1,True,False,True,False,False
3119.0-2019-000-WHT-003-000,3119,ACERRU,2019,1,True,False,True,False,False
3119.0-2019-000-WHT-012-000,3119,ACERRU,2019,1,True,False,True,False,False
3119.0-2019-000-WHT-013-000,3119,ACERRU,2019,1,True,False,True,False,False
3119.0-2019-000-WHT-026-000,3119,ACERRU,2019,1,True,False,True,False,False
3119.0-2019-000-WHT-028-000,3119,ACERRU,2019,1,True,False,True,False,False
3119.0-2019-000-WHT-029-000,3119,ACERRU,2019,1,True,False,True,False,False
3119.0-2019-000-WHT-032-000,3119,ACERRU,2019,1,True,False,True,False,False
3119.0-2019-000-WHT-039-000,3119,ACERRU,2019,1,True,False,True,False,False
3119.0-2019-000-WHT-045-000,3119,BETUXX,2019,1,True,False,True,False,False
3119.0-2019-000-WHT-048-000,3119,ACERRU,2019,1,True,False,True,False,False
3119.0-2019-000-WHT-048-D00,3119,ACERRU,2019,1,True,False,True,False,False
3119.0-2019-000-WHT-057-000,3119,ACERPE,2019,1,True,False,True,False,False
3119.0-2019-000-WHT-070-000,3119,ACERRU,2019,1,True,False,True,False,False
3119.0-2020-000-ORG-058-000,3119,ACERRU,2020,1,True,False,True,False,False
3119.0-2020-000-ORG-059-000,3119,ACERRU,2020,1,True,False,True,False,False
3119.0-2020-000-ORG-060-000,3119,TSUGCA,2020,1,True,False,True,False,False
3119.0-2023-000-ORG-084-000,3119,ACERRU,2023,1,True,False,True,False,False
3119.0-2023-000-ORG-085-000,3119,ACERRU,2023,1,True,False,True,False,False
3119.0-2023-000-ORG-086-000,3119,ACERRU,2023,1,True,False,True,False,False
3119.0-2023-000-ORG-087-000,3119,ACERRU,2023,1,True,False,True,False,False
3119.0-2023-000-ORG-088-000,3119,ACERRU,2023,1,True,False,True,False,False
3120.0-2017-000-WHT-077-000,3120,ACERRU,2017,0,True,True,False,False,False
3120.0-2017-000-WHT-078-000,3120,ACERRU,2017,0,True,True,False,False,False
3120.0-2017-000-WHT-079-000,3120,ACERRU,2017,0,True,True,False,False,False
3120.0-2017-000-WHT-080-000,3120,ACERRU,2017,0,True,True,False,False,False
3120.0-2017-000-WHT-081-000,3120,ACERRU,2017,0,True,True,False,False,False
3120.0-2017-000-WHT-082-000,3120,ACERRU,2017,0,True,True,False,False,False
3120.0-2017-000-WHT-083-000,3120,ACERRU,2017,0,True,True,False,False,False
3120.0-2017-000-WHT-084-000,3120,ACERRU,2017,0,True,True,False,False,False
3120.0-2017-000-WHT-085-000,3120,ACERRU,2017,0,True,True,False,False,False
3120.0-2017-000-WHT-086-000,3120,ACERRU,2017,0,True,True,False,False,False
3120.0-2017-000-WHT-087-000,3120,VIBUNU,2017,0,True,True,False,False,False
3120.0-2017-000-WHT-088-000,3120,VIBUNU,2017,0,True,True,False,False,False
3120.0-2018-000-ORG-026-000,3120,ACERRU,2018,1,True,False,True,False,False
3120.0-2018-000-ORG-027-000,3120,ACERRU,2018,1,True,False,True,False,False
3120.0-2018-000-ORG-028-000,3120,ACERRU,2018,1,True,False,True,False,False
3120.0-2018-000-ORG-029-000,3120,TSUGCA,2018,1,True,False,True,False,False
3120.0-2018-000-ORG-030-000,3120,TSUGCA,2018,1,True,False,True,False,False
3120.0-2018-000-ORG-031-000,3120,TSUGCA,2018,1,True,False,True,False,False
3120.0-2018-000-ORG-032-000,3120,TSUGCA,2018,1,True,False,True,False,False
3120.0-2018-000-ORG-033-000,3120,TSUGCA,2018,1,True,False,True,False,False
3120.0-2018-000-ORG-034-000,3120,TSUGCA,2018,1,True,False,True,False,False
3120.0-2018-000-ORG-035-000,3120,ACERRU,2018,1,True,False,True,False,False
3120.0-2018-000-ORG-036-000,3120,ACERRU,2018,1,True,False,True,False,False
3120.0-2018-000-ORG-037-000,3120,ACERRU,2018,1,True,False,True,False,False
3120.0-2018-000-ORG-038-000,3120,TSUGCA,2018,1,True,False,True,False,False
3120.0-2018-000-ORG-039-000,3120,TSUGCA,2018,1,True,False,True,False,False
3120.0-2018-000-ORG-040-000,3120,TSUGCA,2018,1,True,False,True,False,False
3120.0-2018-000-ORG-041-000,3120,TSUGCA,2018,1,True,False,True,False,False
3120.0-2018-000-ORG-042-000,3120,TSUGCA,2018,1,True,False,True,False,False
3120.0-2018-000-ORG-043-000,3120,TSUGCA,2018,1,True,False,True,False,False
3120.0-2018-000-ORG-044-000,3120,TSUGCA,2018,1,True,False,True,False,False
3120.0-2018-000-ORG-045-000,3120,ACERRU,2018,1,True,False,True,False,False
3120.0-2018-000-ORG-046-000,3120,ACERRU,2018,1,True,False,True,False,False
3120.0-2018-000-ORG-047-000,3120,ACERRU,2018,1,True,False,True,False,False
3120.0-2018-000-ORG-048-000,3120,ACERRU,2018,1,True,False,True,False,False
3120.0-2018-000-ORG-049-000,3120,ACERRU,2018,1,True,False,True,False,False
3120.0-2018-000-ORG-050-000,3120,ACERRU,2018,1,True,False,True,False,False
3120.0-2018-000-ORG-051-000,3120,TSUGCA,2018,1,True,False,True,False,False
3120.0-2018-000-ORG-052-000,3120,TSUGCA,2018,1,True,False,True,False,False
3120.0-2018-000-ORG-053-000,3120,TSUGCA,2018,1,True,False,True,False,False
3120.0-2018-000-ORG-054-000,3120,TSUGCA,2018,1,True,False,True,False,False
3120.0-2018-000-ORG-055-000,3120,TSUGCA,2018,1,True,False,True,False,False
3120.0-2018-000-ORG-056-000,3120,TSUGCA,2018,1,True,False,True,False,False
3120.0-2018-000-ORG-057-000,3120,TSUGCA,2018,1,True,False,True,False,False
3120.0-2018-000-ORG-058-000,3120,TSUGCA,2018,1,True,False,True,False,False
3120.0-2018-000-ORG-059-000,3120,TSUGCA,2018,1,True,False,True,False,False
3120.0-2018-000-ORG-060-000,3120,TSUGCA,2018,1,True,False,True,False,False
3120.0-2018-000-ORG-061-000,3120,TSUGCA,2018,1,True,False,True,False,False
3120.0-2018-000-ORG-062-000,3120,TSUGCA,2018,1,True,False,True,False,False
3120.0-2018-000-ORG-063-000,3120,TSUGCA,2018,1,True,False,True,False,False
3120.0-2018-000-ORG-064-000,3120,TSUGCA,2018,1,True,False,True,False,False
3120.0-2019-000-YLW-002-000,3120,ACERRU,2019,1,True,False,True,False,False
3120.0-2019-000-YLW-004-000,3120,ACERRU,2019,1,True,False,True,False,False
3120.0-2019-000-YLW-006-000,3120,ACERRU,2019,1,True,False,True,False,False
3120.0-2019-000-YLW-027-000,3120,ACERRU,2019,1,True,False,True,False,False
3120.0-2019-000-YLW-038-000,3120,ACERRU,2019,1,True,False,True,False,False
3120.0-2019-000-YLW-049-000,3120,ACERRU,2019,1,True,False,True,False,False
3120.0-2019-000-YLW-051-000,3120,ACERRU,2019,1,True,False,True,False,False
3120.0-2019-000-YLW-063-000,3120,ACERRU,2019,1,True,False,True,False,False
3120.0-2019-000-YLW-081-000,3120,ACERRU,2019,1,True,False,True,False,False
3120.0-2019-000-YLW-087-000,3120,ACERRU,2019,1,True,False,True,False,False
3120.0-2019-000-YLW-089-000,3120,ILEXXX,2019,1,True,False,True,False,False
3120.0-2019-000-YLW-098-000,3120,ACERRU,2019,1,True,False,True,False,False
3120.0-2020-000-RED-037-000,3120,ACERRU,2020,1,True,False,True,False,False
3120.0-2020-000-RED-038-000,3120,ACERRU,2020,1,True,False,True,False,False
3120.0-2020-000-RED-039-000,3120,ACERRU,2020,1,True,False,True,False,False
3120.0-2020-000-RED-040-000,3120,ACERRU,2020,1,True,False,True,False,False
3120.0-2020-000-RED-042-000,3120,ACERRU,2020,1,True,False,True,False,False
3120.0-2020-000-RED-043-000,3120,ACERRU,2020,1,True,False,True,False,False
3120.0-2020-000-RED-044-000,3120,ACERRU,2020,1,True,False,True,False,False
3120.0-2020-000-RED-045-000,3120,ACERRU,2020,1,True,False,True,False,False
3120.0-2020-000-RED-046-000,3120,VACCCO,2020,1,True,False,True,False,False
3120.0-2020-000-RED-047-000,3120,ACERRU,2020,1,True,False,True,False,False
3120.0-2020-000-RED-048-000,3120,ACERRU,2020,1,True,False,True,False,False
3120.0-2020-000-RED-049-000,3120,ACERRU,2020,1,True,False,True,False,False
3120.0-2020-000-RED-050-000,3120,ACERRU,2020,1,True,False,True,False,False
3120.0-2020-000-RED-075-000,3120,ACERRU,2020,1,True,False,True,False,False
3120.0-2021-000-YLW-022-000,3120,TSUGCA,2021,1,True,False,True,False,False
3120.0-2021-000-YLW-024-000,3120,TSUGCA,2021,1,True,False,True,False,False
3120.0-2021-000-YLW-025-000,3120,TSUGCA,2021,1,True,False,True,False,False
3120.0-2023-000-ORG-089-000,3120,ACERRU,2023,1,True,False,True,False,False
3120.0-2023-000-ORG-090-000,3120,ACERRU,2023,1,True,False,True,False,False
3120.0-2023-000-ORG-091-000,3120,ACERRU,2023,1,True,False,True,False,False
3120.0-2023-000-ORG-092-000,3120,ACERRU,2023,1,True,False,True,False,False
3120.0-2023-000-ORG-100-000,3120,ACERRU,2023,1,True,False,True,False,False
3121.0-2017-000-BLU-069-000,3121,ACERRU,2017,0,True,True,False,False,False
3121.0-2017-000-BLU-070-000,3121,ACERRU,2017,0,True,True,False,False,False
3121.0-2017-000-BLU-071-000,3121,ACERRU,2017,0,True,True,False,False,False
3121.0-2017-000-BLU-072-000,3121,ACERRU,2017,0,True,True,False,False,False
3121.0-2017-000-BLU-073-000,3121,ACERRU,2017,0,True,True,False,False,False
3121.0-2017-000-BLU-074-000,3121,ACERRU,2017,0,True,True,False,False,False
3121.0-2017-000-BLU-075-000,3121,ACERRU,2017,0,True,True,False,False,False
3121.0-2018-000-BLU-006-000,3121,TSUGCA,2018,1,True,False,True,False,False
3121.0-2018-000-BLU-009-000,3121,TSUGCA,2018,1,True,False,True,False,False
3121.0-2018-000-BLU-015-000,3121,TSUGCA,2018,1,True,False,True,False,False
3121.0-2018-000-BLU-017-000,3121,TSUGCA,2018,1,True,False,True,False,False
3121.0-2018-000-BLU-022-000,3121,TSUGCA,2018,1,True,False,True,False,False
3121.0-2018-000-BLU-040-000,3121,TSUGCA,2018,1,True,False,True,False,False
3121.0-2018-000-BLU-041-000,3121,TSUGCA,2018,1,True,False,True,False,False
3121.0-2018-000-BLU-042-000,3121,TSUGCA,2018,1,True,False,True,False,False
3121.0-2018-000-BLU-043-000,3121,TSUGCA,2018,1,True,False,True,False,False
3121.0-2018-000-BLU-044-000,3121,TSUGCA,2018,1,True,False,True,False,False
3121.0-2018-000-BLU-045-000,3121,TSUGCA,2018,1,True,False,True,False,False
3121.0-2018-000-BLU-046-000,3121,TSUGCA,2018,1,True,False,True,False,False
3121.0-2018-000-BLU-047-000,3121,TSUGCA,2018,1,True,False,True,False,False
3121.0-2018-000-BLU-048-000,3121,ACERRU,2018,1,True,False,True,False,False
3121.0-2018-000-BLU-049-000,3121,TSUGCA,2018,1,True,False,True,False,False
3121.0-2018-000-BLU-051-000,3121,TSUGCA,2018,1,True,False,True,False,False
3121.0-2018-000-BLU-055-000,3121,TSUGCA,2018,1,True,False,True,False,False
3121.0-2018-000-BLU-063-000,3121,TSUGCA,2018,1,True,False,True,False,False
3121.0-2018-000-BLU-067-000,3121,TSUGCA,2018,1,True,False,True,False,False
3121.0-2018-000-BLU-068-000,3121,TSUGCA,2018,1,True,False,True,False,False
3121.0-2018-000-ORG-011-000,3121,TSUGCA,2018,1,True,False,True,False,False
3121.0-2018-000-ORG-013-000,3121,TSUGCA,2018,1,True,False,True,False,False
3121.0-2018-000-ORG-036-000,3121,TSUGCA,2018,1,True,False,True,False,False
3121.0-2018-000-ORG-039-000,3121,TSUGCA,2018,1,True,False,True,False,False
3121.0-2018-000-ORG-040-000,3121,TSUGCA,2018,1,True,False,True,False,False
3121.0-2018-000-ORG-042-000,3121,TSUGCA,2018,1,True,False,True,False,False
3121.0-2018-000-ORG-043-000,3121,TSUGCA,2018,1,True,False,True,False,False
3121.0-2018-000-ORG-048-000,3121,TSUGCA,2018,1,True,False,True,False,False
3121.0-2018-000-ORG-051-000,3121,TSUGCA,2018,1,True,False,True,False,False
3121.0-2018-000-ORG-052-000,3121,TSUGCA,2018,1,True,False,True,False,False
3121.0-2018-000-ORG-054-000,3121,TSUGCA,2018,1,True,False,True,False,False
3121.0-2018-000-ORG-055-000,3121,TSUGCA,2018,1,True,False,True,False,False
3121.0-2018-000-ORG-057-000,3121,TSUGCA,2018,1,True,False,True,False,False
3121.0-2018-000-ORG-058-000,3121,TSUGCA,2018,1,True,False,True,False,False
3121.0-2018-000-ORG-060-000,3121,TSUGCA,2018,1,True,False,True,False,False
3121.0-2018-000-ORG-065-000,3121,TSUGCA,2018,1,True,False,True,False,False
3121.0-2018-000-ORG-066-000,3121,TSUGCA,2018,1,True,False,True,False,False
3121.0-2018-000-ORG-067-000,3121,TSUGCA,2018,1,True,False,True,False,False
3121.0-2018-000-ORG-068-000,3121,TSUGCA,2018,1,True,False,True,False,False
3121.0-2018-000-ORG-069-000,3121,TSUGCA,2018,1,True,False,True,False,False
3121.0-2018-000-ORG-070-000,3121,TSUGCA,2018,1,True,False,True,False,False
3121.0-2018-000-ORG-071-000,3121,TSUGCA,2018,1,True,False,True,False,False
3121.0-2018-000-ORG-072-000,3121,TSUGCA,2018,1,True,False,True,False,False
3121.0-2018-000-ORG-073-000,3121,TSUGCA,2018,1,True,False,True,False,False
3121.0-2018-000-ORG-074-000,3121,TSUGCA,2018,1,True,False,True,False,False
3121.0-2018-000-ORG-075-000,3121,TSUGCA,2018,1,True,False,True,False,False
3121.0-2018-000-ORG-076-000,3121,TSUGCA,2018,1,True,False,True,False,False
3121.0-2018-000-ORG-077-000,3121,TSUGCA,2018,1,True,False,True,False,False
3121.0-2018-000-ORG-078-000,3121,TSUGCA,2018,1,True,False,True,False,False
3121.0-2018-000-ORG-079-000,3121,TSUGCA,2018,1,True,False,True,False,False
3121.0-2018-000-ORG-080-000,3121,TSUGCA,2018,1,True,False,True,False,False
3121.0-2018-000-ORG-081-000,3121,TSUGCA,2018,1,True,False,True,False,False
3121.0-2018-000-ORG-082-000,3121,TSUGCA,2018,1,True,False,True,False,False
3121.0-2018-000-ORG-083-000,3121,TSUGCA,2018,1,True,False,True,False,False
3121.0-2018-000-ORG-084-000,3121,TSUGCA,2018,1,True,False,True,False,False
3121.0-2018-000-ORG-085-000,3121,TSUGCA,2018,1,True,False,True,False,False
3121.0-2018-000-ORG-086-000,3121,TSUGCA,2018,1,True,False,True,False,False
3121.0-2018-000-ORG-087-000,3121,TSUGCA,2018,1,True,False,True,False,False
3121.0-2018-000-ORG-088-000,3121,TSUGCA,2018,1,True,False,True,False,False
3121.0-2018-000-ORG-089-000,3121,TSUGCA,2018,1,True,False,True,False,False
3121.0-2018-000-ORG-090-000,3121,TSUGCA,2018,1,True,False,True,False,False
3121.0-2018-000-ORG-091-000,3121,TSUGCA,2018,1,True,False,True,False,False
3121.0-2018-000-ORG-092-000,3121,TSUGCA,2018,1,True,False,True,False,False
3121.0-2018-000-ORG-093-000,3121,TSUGCA,2018,1,True,False,True,False,False
3121.0-2018-000-ORG-094-000,3121,TSUGCA,2018,1,True,False,True,False,False
3121.0-2018-000-ORG-095-000,3121,TSUGCA,2018,1,True,False,True,False,False
3121.0-2018-000-ORG-096-000,3121,PINUST,2018,1,True,False,True,False,False
3121.0-2018-000-ORG-097-000,3121,ACERRU,2018,1,True,False,True,False,False
3121.0-2018-000-ORG-098-000,3121,TSUGCA,2018,1,True,False,True,False,False
3121.0-2018-000-ORG-099-000,3121,TSUGCA,2018,1,True,False,True,False,False
3121.0-2018-000-ORG-100-000,3121,TSUGCA,2018,1,True,False,True,False,False
3121.0-2018-000-RED-001-000,3121,TSUGCA,2018,1,True,False,True,False,False
3121.0-2018-000-RED-002-000,3121,TSUGCA,2018,1,True,False,True,False,False
3121.0-2018-000-RED-003-000,3121,TSUGCA,2018,1,True,False,True,False,False
3121.0-2018-000-RED-004-000,3121,TSUGCA,2018,1,True,False,True,False,False
3121.0-2018-000-RED-005-000,3121,TSUGCA,2018,1,True,False,True,False,False
3121.0-2018-000-RED-006-000,3121,TSUGCA,2018,1,True,False,True,False,False
3121.0-2018-000-RED-007-000,3121,TSUGCA,2018,1,True,False,True,False,False
3121.0-2018-000-RED-008-000,3121,TSUGCA,2018,1,True,False,True,False,False
3121.0-2018-000-RED-009-000,3121,TSUGCA,2018,1,True,False,True,False,False
3121.0-2018-000-RED-010-000,3121,TSUGCA,2018,1,True,False,True,False,False
3121.0-2018-000-RED-011-000,3121,TSUGCA,2018,1,True,False,True,False,False
3121.0-2018-000-RED-012-000,3121,TSUGCA,2018,1,True,False,True,False,False
3121.0-2018-000-RED-013-000,3121,ACERRU,2018,1,True,False,True,False,False
3121.0-2018-000-RED-014-000,3121,PINUST,2018,1,True,False,True,False,False
3121.0-2018-000-RED-015-000,3121,TSUGCA,2018,1,True,False,True,False,False
3121.0-2018-000-RED-016-000,3121,TSUGCA,2018,1,True,False,True,False,False
3121.0-2018-000-RED-017-000,3121,TSUGCA,2018,1,True,False,True,False,False
3121.0-2018-000-RED-018-000,3121,TSUGCA,2018,1,True,False,True,False,False
3121.0-2018-000-RED-019-000,3121,TSUGCA,2018,1,True,False,True,False,False
3121.0-2018-000-RED-020-000,3121,TSUGCA,2018,1,True,False,True,False,False
3121.0-2018-000-RED-021-000,3121,TSUGCA,2018,1,True,False,True,False,False
3121.0-2018-000-RED-022-000,3121,TSUGCA,2018,1,True,False,True,False,False
3121.0-2018-000-RED-023-000,3121,TSUGCA,2018,1,True,False,True,False,False
3121.0-2018-000-RED-024-000,3121,TSUGCA,2018,1,True,False,True,False,False
3121.0-2018-000-RED-025-000,3121,TSUGCA,2018,1,True,False,True,False,False
3121.0-2018-000-RED-051-000,3121,TSUGCA,2018,1,True,False,True,False,False
3121.0-2018-000-RED-052-000,3121,TSUGCA,2018,1,True,False,True,False,False
3121.0-2018-000-RED-053-000,3121,TSUGCA,2018,1,True,False,True,False,False
3121.0-2018-000-RED-054-000,3121,TSUGCA,2018,1,True,False,True,False,False
3121.0-2018-000-RED-055-000,3121,TSUGCA,2018,1,True,False,True,False,False
3121.0-2018-000-RED-056-000,3121,TSUGCA,2018,1,True,False,True,False,False
3121.0-2018-000-RED-057-000,3121,TSUGCA,2018,1,True,False,True,False,False
3121.0-2018-000-RED-058-000,3121,TSUGCA,2018,1,True,False,True,False,False
3121.0-2018-000-RED-059-000,3121,TSUGCA,2018,1,True,False,True,False,False
3121.0-2018-000-RED-060-000,3121,TSUGCA,2018,1,True,False,True,False,False
3121.0-2018-000-RED-061-000,3121,TSUGCA,2018,1,True,False,True,False,False
3121.0-2018-000-RED-062-000,3121,TSUGCA,2018,1,True,False,True,False,False
3121.0-2018-000-RED-063-000,3121,TSUGCA,2018,1,True,False,True,False,False
3121.0-2018-000-RED-064-000,3121,TSUGCA,2018,1,True,False,True,False,False
3121.0-2018-000-RED-065-000,3121,TSUGCA,2018,1,True,False,True,False,False
3121.0-2018-000-RED-066-000,3121,TSUGCA,2018,1,True,False,True,False,False
3121.0-2018-000-RED-067-000,3121,TSUGCA,2018,1,True,False,True,False,False
3121.0-2018-000-RED-068-000,3121,TSUGCA,2018,1,True,False,True,False,False
3121.0-2018-000-RED-069-000,3121,TSUGCA,2018,1,True,False,True,False,False
3121.0-2018-000-RED-070-000,3121,TSUGCA,2018,1,True,False,True,False,False
3121.0-2018-000-RED-071-000,3121,TSUGCA,2018,1,True,False,True,False,False
3121.0-2018-000-RED-072-000,3121,TSUGCA,2018,1,True,False,True,False,False
3121.0-2018-000-RED-073-000,3121,TSUGCA,2018,1,True,False,True,False,False
3121.0-2018-000-RED-074-000,3121,TSUGCA,2018,1,True,False,True,False,False
3121.0-2018-000-RED-075-000,3121,TSUGCA,2018,1,True,False,True,False,False
3121.0-2018-000-UNT-001-000,3121,ACERRU,2018,1,True,False,True,False,False
3121.0-2018-000-UNT-002-000,3121,PINUST,2018,1,True,False,True,False,False
3121.0-2018-000-UNT-003-000,3121,TSUGCA,2018,1,True,False,True,False,False
3121.0-2018-000-UNT-004-000,3121,TSUGCA,2018,1,True,False,True,False,False
3121.0-2018-000-UNT-005-000,3121,TSUGCA,2018,1,True,False,True,False,False
3121.0-2018-000-UNT-006-000,3121,TSUGCA,2018,1,True,False,True,False,False
3121.0-2018-000-UNT-007-000,3121,TSUGCA,2018,1,True,False,True,False,False
3121.0-2018-000-UNT-008-000,3121,TSUGCA,2018,1,True,False,True,False,False
3121.0-2018-000-UNT-009-000,3121,TSUGCA,2018,1,True,False,True,False,False
3121.0-2018-000-UNT-010-000,3121,TSUGCA,2018,1,True,False,True,False,False
3121.0-2018-000-UNT-011-000,3121,TSUGCA,2018,1,True,False,True,False,False
3121.0-2018-000-UNT-012-000,3121,TSUGCA,2018,1,True,False,True,False,False
3121.0-2018-000-UNT-013-000,3121,TSUGCA,2018,1,True,False,True,False,False
3121.0-2018-000-WHT-001-000,3121,TSUGCA,2018,1,True,False,True,False,False
3121.0-2018-000-WHT-002-000,3121,TSUGCA,2018,1,True,False,True,False,False
3121.0-2018-000-WHT-003-000,3121,TSUGCA,2018,1,True,False,True,False,False
3121.0-2018-000-WHT-004-000,3121,TSUGCA,2018,1,True,False,True,False,False
3121.0-2018-000-WHT-005-000,3121,PINUST,2018,1,True,False,True,False,False
3121.0-2018-000-WHT-006-000,3121,TSUGCA,2018,1,True,False,True,False,False
3121.0-2018-000-WHT-007-000,3121,TSUGCA,2018,1,True,False,True,False,False
3121.0-2018-000-WHT-008-000,3121,TSUGCA,2018,1,True,False,True,False,False
3121.0-2018-000-WHT-009-000,3121,TSUGCA,2018,1,True,False,True,False,False
3121.0-2018-000-WHT-010-000,3121,TSUGCA,2018,1,True,False,True,False,False
3121.0-2018-000-WHT-011-000,3121,TSUGCA,2018,1,True,False,True,False,False
3121.0-2018-000-WHT-012-000,3121,TSUGCA,2018,1,True,False,True,False,False
3121.0-2018-000-WHT-013-000,3121,TSUGCA,2018,1,True,False,True,False,False
3121.0-2018-000-WHT-014-000,3121,TSUGCA,2018,1,True,False,True,False,False
3121.0-2018-000-WHT-015-000,3121,TSUGCA,2018,1,True,False,True,False,False
3121.0-2018-000-WHT-016-000,3121,TSUGCA,2018,1,True,False,True,False,False
3121.0-2018-000-WHT-017-000,3121,ACERRU,2018,1,True,False,True,False,False
3121.0-2018-000-WHT-018-000,3121,TSUGCA,2018,1,True,False,True,False,False
3121.0-2018-000-WHT-019-000,3121,TSUGCA,2018,1,True,False,True,False,False
3121.0-2018-000-WHT-020-000,3121,TSUGCA,2018,1,True,False,True,False,False
3121.0-2018-000-WHT-021-000,3121,TSUGCA,2018,1,True,False,True,False,False
3121.0-2018-000-WHT-022-000,3121,TSUGCA,2018,1,True,False,True,False,False
3121.0-2018-000-WHT-023-000,3121,TSUGCA,2018,1,True,False,True,False,False
3121.0-2019-000-BLU-050-000,3121,ACERRU,2019,1,True,False,True,False,False
3121.0-2019-000-YLW-007-000,3121,ACERRU,2019,1,True,False,True,False,False
3121.0-2019-000-YLW-014-000,3121,ACERRU,2019,1,True,False,True,False,False
3121.0-2019-000-YLW-015-000,3121,ACERRU,2019,1,True,False,True,False,False
3121.0-2019-000-YLW-046-000,3121,ACERRU,2019,1,True,False,True,False,False
3121.0-2019-000-YLW-056-000,3121,ACERRU,2019,1,True,False,True,False,False
3121.0-2019-000-YLW-078-000,3121,ACERRU,2019,1,True,False,True,False,False
3121.0-2019-000-YLW-082-000,3121,ACERRU,2019,1,True,False,True,False,False
3121.0-2019-000-YLW-083-000,3121,ACERRU,2019,1,True,False,True,False,False
3121.0-2019-000-YLW-084-000,3121,ACERRU,2019,1,True,False,True,False,False
3121.0-2020-000-RED-026-000,3121,ACERRU,2020,1,True,False,True,False,False
3121.0-2020-000-RED-027-000,3121,TSUGCA,2020,1,True,False,True,False,False
3121.0-2020-000-RED-028-000,3121,ACERRU,2020,1,True,False,True,False,False
3121.0-2020-000-RED-029-000,3121,ACERRU,2020,1,True,False,True,False,False
3121.0-2020-000-RED-030-000,3121,ACERRU,2020,1,True,False,True,False,False
3121.0-2020-000-RED-031-000,3121,TSUGCA,2020,1,True,False,True,False,False
3121.0-2020-000-RED-032-000,3121,ACERRU,2020,1,True,False,True,False,False
3121.0-2020-000-RED-033-000,3121,ACERRU,2020,1,True,False,True,False,False
3121.0-2020-000-RED-034-000,3121,ACERRU,2020,1,True,False,True,False,False
3121.0-2020-000-RED-035-000,3121,ACERRU,2020,1,True,False,True,False,False
3121.0-2020-000-RED-036-000,3121,ACERRU,2020,1,True,False,True,False,False
3121.0-2020-000-YLW-082-000,3121,ACERRU,2020,1,True,False,True,False,False
3121.0-2021-000-ORG-001-000,3121,TSUGCA,2021,1,True,False,True,False,False
3121.0-2021-000-ORG-002-000,3121,TSUGCA,2021,1,True,False,True,False,False
3121.0-2021-000-ORG-003-000,3121,TSUGCA,2021,1,True,False,True,False,False
3121.0-2023-000-ORG-093-000,3121,ACERRU,2023,1,True,False,True,False,False
3121.0-2023-000-ORG-094-000,3121,ACERRU,2023,1,True,False,True,False,False
3121.0-2023-000-ORG-095-000,3121,ACERRU,2023,1,True,False,True,False,False
3121.0-2023-000-ORG-096-000,3121,ACERRU,2023,1,True,False,True,False,False
3121.0-2023-000-ORG-097-000,3121,TSUGCA,2023,1,True,False,True,False,False
3121.0-2023-000-ORG-098-000,3121,ACERRU,2023,1,True,False,True,False,False
3121.0-2023-000-ORG-099-000,3121,ACERRU,2023,1,True,False,True,False,False
3122.0-2017-000-ORG-058-000,3122,ACERRU,2017,0,True,True,False,False,False
3122.0-2017-000-ORG-059-000,3122,ACERRU,2017,0,True,True,False,False,False
3122.0-2017-000-ORG-060-000,3122,VIBUNU,2017,0,True,True,False,False,False
3122.0-2017-000-ORG-061-000,3122,ACERRU,2017,0,True,True,False,False,False
3122.0-2017-000-ORG-062-000,3122,ACERRU,2017,0,True,True,False,False,False
3122.0-2017-000-ORG-063-000,3122,ACERRU,2017,0,True,True,False,False,False
3122.0-2017-000-ORG-064-000,3122,ACERRU,2017,0,True,True,False,False,False
3122.0-2017-000-ORG-065-000,3122,ACERRU,2017,0,True,True,False,False,False
3122.0-2017-000-ORG-066-000,3122,ACERRU,2017,0,True,True,False,False,False
3122.0-2017-000-ORG-067-000,3122,ACERRU,2017,0,True,True,False,False,False
3122.0-2017-000-ORG-068-000,3122,ACERRU,2017,0,True,True,False,False,False
3122.0-2017-000-ORG-069-000,3122,ACERRU,2017,0,True,True,False,False,False
3122.0-2017-000-ORG-070-000,3122,ACERRU,2017,0,True,True,False,False,False
3122.0-2017-000-ORG-071-000,3122,ACERRU,2017,0,True,True,False,False,False
3122.0-2017-000-ORG-072-000,3122,ACERRU,2017,0,True,True,False,False,False
3122.0-2017-000-ORG-073-000,3122,ACERRU,2017,0,True,True,False,False,False
3122.0-2017-000-ORG-074-000,3122,ACERRU,2017,0,True,True,False,False,False
3122.0-2017-000-ORG-075-000,3122,ACERRU,2017,0,True,True,False,False,False
3122.0-2017-000-WHT-076-000,3122,ILEXMU,2017,0,True,True,False,False,False
3122.0-2017-000-WHT-077-000,3122,ILEXMU,2017,0,True,True,False,False,False
3122.0-2017-000-WHT-078-000,3122,ACERRU,2017,0,True,True,False,False,False
3122.0-2017-000-WHT-079-000,3122,VIBUNU,2017,0,True,True,False,False,False
3122.0-2017-000-WHT-080-000,3122,ACERRU,2017,0,True,True,False,False,False
3122.0-2017-000-WHT-081-000,3122,ACERRU,2017,0,True,True,False,False,False
3122.0-2017-000-WHT-082-000,3122,ILEXMU,2017,0,True,True,False,False,False
3122.0-2017-000-WHT-083-000,3122,ILEXMU,2017,0,True,True,False,False,False
3122.0-2017-000-WHT-084-000,3122,ACERRU,2017,0,True,True,False,False,False
3122.0-2017-000-WHT-085-000,3122,ACERRU,2017,0,True,True,False,False,False
3122.0-2017-000-WHT-086-000,3122,ACERRU,2017,0,True,True,False,False,False
3122.0-2017-000-WHT-087-000,3122,VIBUNU,2017,0,True,True,False,False,False
3122.0-2017-000-WHT-088-000,3122,FAGUGR,2017,0,True,True,False,False,False
3122.0-2017-000-WHT-089-000,3122,ACERRU,2017,0,True,True,False,False,False
3122.0-2017-000-WHT-090-000,3122,TSUGCA,2017,0,True,True,False,False,False
3122.0-2017-000-WHT-091-000,3122,ACERRU,2017,0,True,True,False,False,False
3122.0-2017-000-WHT-092-000,3122,ACERRU,2017,0,True,True,False,False,False
3122.0-2017-000-WHT-093-000,3122,ACERRU,2017,0,True,True,False,False,False
3122.0-2017-000-WHT-094-000,3122,ACERPE,2017,0,True,True,False,False,False
3122.0-2018-000-BLU-001-000,3122,ILEXMU,2018,1,True,False,True,False,False
3122.0-2018-000-BLU-002-000,3122,TSUGCA,2018,1,True,False,True,False,False
3122.0-2018-000-BLU-003-000,3122,TSUGCA,2018,1,True,False,True,False,False
3122.0-2018-000-BLU-004-000,3122,TSUGCA,2018,1,True,False,True,False,False
3122.0-2018-000-BLU-005-000,3122,TSUGCA,2018,1,True,False,True,False,False
3122.0-2018-000-BLU-006-000,3122,TSUGCA,2018,1,True,False,True,False,False
3122.0-2018-000-BLU-007-000,3122,TSUGCA,2018,1,True,False,True,False,False
3122.0-2018-000-BLU-008-000,3122,ACERRU,2018,1,True,False,True,False,False
3122.0-2018-000-BLU-009-000,3122,TSUGCA,2018,1,True,False,True,False,False
3122.0-2018-000-BLU-010-000,3122,ACERRU,2018,1,True,False,True,False,False
3122.0-2018-000-BLU-011-000,3122,ACERRU,2018,1,True,False,True,False,False
3122.0-2018-000-BLU-012-000,3122,ACERRU,2018,1,True,False,True,False,False
3122.0-2018-000-BLU-013-000,3122,ACERRU,2018,1,True,False,True,False,False
3122.0-2018-000-BLU-014-000,3122,ACERRU,2018,1,True,False,True,False,False
3122.0-2018-000-BLU-015-000,3122,ACERRU,2018,1,True,False,True,False,False
3122.0-2018-000-BLU-016-000,3122,ACERRU,2018,1,True,False,True,False,False
3122.0-2018-000-BLU-017-000,3122,ACERRU,2018,1,True,False,True,False,False
3122.0-2018-000-BLU-018-000,3122,TSUGCA,2018,1,True,False,True,False,False
3122.0-2018-000-BLU-019-000,3122,TSUGCA,2018,1,True,False,True,False,False
3122.0-2018-000-BLU-020-000,3122,ACERRU,2018,1,True,False,True,False,False
3122.0-2018-000-BLU-021-000,3122,TSUGCA,2018,1,True,False,True,False,False
3122.0-2018-000-BLU-022-000,3122,TSUGCA,2018,1,True,False,True,False,False
3122.0-2018-000-BLU-023-000,3122,ACERRU,2018,1,True,False,True,False,False
3122.0-2018-000-BLU-024-000,3122,TSUGCA,2018,1,True,False,True,False,False
3122.0-2018-000-BLU-025-000,3122,TSUGCA,2018,1,True,False,True,False,False
3122.0-2018-000-BLU-026-000,3122,TSUGCA,2018,1,True,False,True,False,False
3122.0-2018-000-BLU-027-000,3122,TSUGCA,2018,1,True,False,True,False,False
3122.0-2018-000-BLU-028-000,3122,TSUGCA,2018,1,True,False,True,False,False
3122.0-2018-000-BLU-029-000,3122,TSUGCA,2018,1,True,False,True,False,False
3122.0-2018-000-BLU-030-000,3122,TSUGCA,2018,1,True,False,True,False,False
3122.0-2018-000-BLU-031-000,3122,TSUGCA,2018,1,True,False,True,False,False
3122.0-2018-000-BLU-032-000,3122,TSUGCA,2018,1,True,False,True,False,False
3122.0-2018-000-BLU-033-000,3122,TSUGCA,2018,1,True,False,True,False,False
3122.0-2018-000-BLU-034-000,3122,PINUST,2018,1,True,False,True,False,False
3122.0-2018-000-BLU-035-000,3122,ACERRU,2018,1,True,False,True,False,False
3122.0-2018-000-BLU-036-000,3122,TSUGCA,2018,1,True,False,True,False,False
3122.0-2018-000-BLU-037-000,3122,TSUGCA,2018,1,True,False,True,False,False
3122.0-2018-000-BLU-038-000,3122,TSUGCA,2018,1,True,False,True,False,False
3122.0-2018-000-BLU-039-000,3122,TSUGCA,2018,1,True,False,True,False,False
3122.0-2018-000-BLU-040-000,3122,TSUGCA,2018,1,True,False,True,False,False
3122.0-2018-000-BLU-041-000,3122,TSUGCA,2018,1,True,False,True,False,False
3122.0-2018-000-BLU-042-000,3122,TSUGCA,2018,1,True,False,True,False,False
3122.0-2018-000-BLU-043-000,3122,TSUGCA,2018,1,True,False,True,False,False
3122.0-2018-000-BLU-044-000,3122,TSUGCA,2018,1,True,False,True,False,False
3122.0-2018-000-BLU-045-000,3122,TSUGCA,2018,1,True,False,True,False,False
3122.0-2018-000-BLU-046-000,3122,TSUGCA,2018,1,True,False,True,False,False
3122.0-2018-000-BLU-047-000,3122,TSUGCA,2018,1,True,False,True,False,False
3122.0-2018-000-BLU-048-000,3122,TSUGCA,2018,1,True,False,True,False,False
3122.0-2018-000-BLU-049-000,3122,TSUGCA,2018,1,True,False,True,False,False
3122.0-2018-000-BLU-050-000,3122,TSUGCA,2018,1,True,False,True,False,False
3122.0-2018-000-BLU-051-000,3122,TSUGCA,2018,1,True,False,True,False,False
3122.0-2018-000-BLU-052-000,3122,TSUGCA,2018,1,True,False,True,False,False
3122.0-2018-000-BLU-053-000,3122,TSUGCA,2018,1,True,False,True,False,False
3122.0-2018-000-BLU-054-000,3122,TSUGCA,2018,1,True,False,True,False,False
3122.0-2018-000-BLU-055-000,3122,TSUGCA,2018,1,True,False,True,False,False
3122.0-2018-000-BLU-056-000,3122,TSUGCA,2018,1,True,False,True,False,False
3122.0-2018-000-BLU-057-000,3122,TSUGCA,2018,1,True,False,True,False,False
3122.0-2018-000-BLU-058-000,3122,ACERRU,2018,1,True,False,True,False,False
3122.0-2018-000-BLU-059-000,3122,ACERRU,2018,1,True,False,True,False,False
3122.0-2018-000-BLU-060-000,3122,TSUGCA,2018,1,True,False,True,False,False
3122.0-2018-000-BLU-061-000,3122,ACERRU,2018,1,True,False,True,False,False
3122.0-2018-000-BLU-062-000,3122,ACERRU,2018,1,True,False,True,False,False
3122.0-2018-000-BLU-063-000,3122,ACERRU,2018,1,True,False,True,False,False
3122.0-2018-000-BLU-064-000,3122,ACERRU,2018,1,True,False,True,False,False
3122.0-2018-000-BLU-065-000,3122,ACERRU,2018,1,True,False,True,False,False
3122.0-2018-000-BLU-066-000,3122,ACERRU,2018,1,True,False,True,False,False
3122.0-2018-000-BLU-067-000,3122,TSUGCA,2018,1,True,False,True,False,False
3122.0-2018-000-BLU-068-000,3122,TSUGCA,2018,1,True,False,True,False,False
3122.0-2018-000-BLU-069-000,3122,TSUGCA,2018,1,True,False,True,False,False
3122.0-2018-000-BLU-070-000,3122,TSUGCA,2018,1,True,False,True,False,False
3122.0-2018-000-BLU-071-000,3122,TSUGCA,2018,1,True,False,True,False,False
3122.0-2018-000-BLU-072-000,3122,TSUGCA,2018,1,True,False,True,False,False
3122.0-2018-000-BLU-073-000,3122,TSUGCA,2018,1,True,False,True,False,False
3122.0-2018-000-BLU-074-000,3122,TSUGCA,2018,1,True,False,True,False,False
3122.0-2018-000-BLU-075-000,3122,TSUGCA,2018,1,True,False,True,False,False
3122.0-2018-000-BLU-076-000,3122,TSUGCA,2018,1,True,False,True,False,False
3122.0-2018-000-BLU-077-000,3122,TSUGCA,2018,1,True,False,True,False,False
3122.0-2018-000-BLU-078-000,3122,TSUGCA,2018,1,True,False,True,False,False
3122.0-2018-000-BLU-079-000,3122,TSUGCA,2018,1,True,False,True,False,False
3122.0-2018-000-BLU-080-000,3122,TSUGCA,2018,1,True,False,True,False,False
3122.0-2018-000-BLU-081-000,3122,TSUGCA,2018,1,True,False,True,False,False
3122.0-2018-000-BLU-082-000,3122,TSUGCA,2018,1,True,False,True,False,False
3122.0-2018-000-BLU-083-000,3122,TSUGCA,2018,1,True,False,True,False,False
3122.0-2018-000-BLU-084-000,3122,TSUGCA,2018,1,True,False,True,False,False
3122.0-2018-000-BLU-085-000,3122,TSUGCA,2018,1,True,False,True,False,False
3122.0-2018-000-BLU-086-000,3122,TSUGCA,2018,1,True,False,True,False,False
3122.0-2018-000-BLU-087-000,3122,TSUGCA,2018,1,True,False,True,False,False
3122.0-2018-000-BLU-088-000,3122,ACERRU,2018,1,True,False,True,False,False
3122.0-2018-000-BLU-089-000,3122,ACERRU,2018,1,True,False,True,False,False
3122.0-2018-000-BLU-090-000,3122,ACERRU,2018,1,True,False,True,False,False
3122.0-2018-000-BLU-091-000,3122,ACERRU,2018,1,True,False,True,False,False
3122.0-2018-000-BLU-092-000,3122,ACERRU,2018,1,True,False,True,False,False
3122.0-2018-000-BLU-093-000,3122,TSUGCA,2018,1,True,False,True,False,False
3122.0-2018-000-BLU-094-000,3122,TSUGCA,2018,1,True,False,True,False,False
3122.0-2018-000-BLU-095-000,3122,TSUGCA,2018,1,True,False,True,False,False
3122.0-2018-000-BLU-096-000,3122,TSUGCA,2018,1,True,False,True,False,False
3122.0-2018-000-BLU-097-000,3122,TSUGCA,2018,1,True,False,True,False,False
3122.0-2018-000-BLU-098-000,3122,TSUGCA,2018,1,True,False,True,False,False
3122.0-2018-000-BLU-099-000,3122,TSUGCA,2018,1,True,False,True,False,False
3122.0-2018-000-BLU-100-000,3122,TSUGCA,2018,1,True,False,True,False,False
3122.0-2018-000-UNT-001-000,3122,TSUGCA,2018,1,True,False,True,False,False
3122.0-2018-000-WHT-006-000,3122,TSUGCA,2018,1,True,False,True,False,False
3122.0-2018-000-WHT-012-000,3122,TSUGCA,2018,1,True,False,True,False,False
3122.0-2018-000-WHT-014-000,3122,TSUGCA,2018,1,True,False,True,False,False
3122.0-2018-000-WHT-019-000,3122,TSUGCA,2018,1,True,False,True,False,False
3122.0-2018-000-WHT-022-000,3122,ACERRU,2018,1,True,False,True,False,False
3122.0-2018-000-WHT-024-000,3122,TSUGCA,2018,1,True,False,True,False,False
3122.0-2018-000-WHT-025-000,3122,TSUGCA,2018,1,True,False,True,False,False
3122.0-2018-000-WHT-026-000,3122,TSUGCA,2018,1,True,False,True,False,False
3122.0-2018-000-WHT-027-000,3122,TSUGCA,2018,1,True,False,True,False,False
3122.0-2018-000-WHT-028-000,3122,TSUGCA,2018,1,True,False,True,False,False
3122.0-2018-000-WHT-029-000,3122,TSUGCA,2018,1,True,False,True,False,False
3122.0-2018-000-WHT-030-000,3122,TSUGCA,2018,1,True,False,True,False,False
3122.0-2018-000-WHT-031-000,3122,TSUGCA,2018,1,True,False,True,False,False
3122.0-2018-000-WHT-032-000,3122,TSUGCA,2018,1,True,False,True,False,False
3122.0-2018-000-WHT-033-000,3122,TSUGCA,2018,1,True,False,True,False,False
3122.0-2018-000-WHT-034-000,3122,TSUGCA,2018,1,True,False,True,False,False
3122.0-2018-000-WHT-035-000,3122,TSUGCA,2018,1,True,False,True,False,False
3122.0-2018-000-WHT-036-000,3122,TSUGCA,2018,1,True,False,True,False,False
3122.0-2018-000-WHT-037-000,3122,TSUGCA,2018,1,True,False,True,False,False
3122.0-2018-000-WHT-038-000,3122,TSUGCA,2018,1,True,False,True,False,False
3122.0-2018-000-WHT-039-000,3122,TSUGCA,2018,1,True,False,True,False,False
3122.0-2018-000-WHT-040-000,3122,TSUGCA,2018,1,True,False,True,False,False
3122.0-2018-000-WHT-041-000,3122,TSUGCA,2018,1,True,False,True,False,False
3122.0-2018-000-WHT-042-000,3122,TSUGCA,2018,1,True,False,True,False,False
3122.0-2018-000-WHT-043-000,3122,TSUGCA,2018,1,True,False,True,False,False
3122.0-2018-000-WHT-044-000,3122,TSUGCA,2018,1,True,False,True,False,False
3122.0-2018-000-WHT-045-000,3122,TSUGCA,2018,1,True,False,True,False,False
3122.0-2018-000-WHT-046-000,3122,TSUGCA,2018,1,True,False,True,False,False
3122.0-2018-000-WHT-047-000,3122,ACERRU,2018,1,True,False,True,False,False
3122.0-2018-000-WHT-048-000,3122,ACERRU,2018,1,True,False,True,False,False
3122.0-2018-000-WHT-049-000,3122,ACERRU,2018,1,True,False,True,False,False
3122.0-2018-000-WHT-050-000,3122,ACERRU,2018,1,True,False,True,False,False
3122.0-2018-000-WHT-051-000,3122,PINUST,2018,1,True,False,True,False,False
3122.0-2018-000-WHT-052-000,3122,ACERRU,2018,1,True,False,True,False,False
3122.0-2018-000-WHT-053-000,3122,ACERRU,2018,1,True,False,True,False,False
3122.0-2018-000-WHT-054-000,3122,ACERRU,2018,1,True,False,True,False,False
3122.0-2018-000-WHT-055-000,3122,ACERRU,2018,1,True,False,True,False,False
3122.0-2018-000-WHT-056-000,3122,TSUGCA,2018,1,True,False,True,False,False
3122.0-2018-000-WHT-057-000,3122,TSUGCA,2018,1,True,False,True,False,False
3122.0-2018-000-WHT-058-000,3122,TSUGCA,2018,1,True,False,True,False,False
3122.0-2018-000-WHT-059-000,3122,TSUGCA,2018,1,True,False,True,False,False
3122.0-2018-000-WHT-060-000,3122,TSUGCA,2018,1,True,False,True,False,False
3122.0-2018-000-WHT-061-000,3122,TSUGCA,2018,1,True,False,True,False,False
3122.0-2018-000-WHT-062-000,3122,TSUGCA,2018,1,True,False,True,False,False
3122.0-2018-000-WHT-063-000,3122,TSUGCA,2018,1,True,False,True,False,False
3122.0-2018-000-WHT-064-000,3122,TSUGCA,2018,1,True,False,True,False,False
3122.0-2018-000-WHT-065-000,3122,TSUGCA,2018,1,True,False,True,False,False
3122.0-2018-000-WHT-066-000,3122,TSUGCA,2018,1,True,False,True,False,False
3122.0-2018-000-WHT-067-000,3122,TSUGCA,2018,1,True,False,True,False,False
3122.0-2018-000-WHT-068-000,3122,TSUGCA,2018,1,True,False,True,False,False
3122.0-2018-000-WHT-069-000,3122,TSUGCA,2018,1,True,False,True,False,False
3122.0-2018-000-WHT-070-000,3122,TSUGCA,2018,1,True,False,True,False,False
3122.0-2018-000-WHT-071-000,3122,TSUGCA,2018,1,True,False,True,False,False
3122.0-2018-000-WHT-072-000,3122,PINUST,2018,1,True,False,True,False,False
3122.0-2018-000-WHT-073-000,3122,TSUGCA,2018,1,True,False,True,False,False
3122.0-2018-000-WHT-074-000,3122,TSUGCA,2018,1,True,False,True,False,False
3122.0-2018-000-WHT-075-000,3122,TSUGCA,2018,1,True,False,True,False,False
3122.0-2019-000-RED-001-000,3122,ACERRU,2019,1,True,False,True,False,False
3122.0-2019-000-RED-004-000,3122,ACERRU,2019,1,True,False,True,False,False
3122.0-2019-000-RED-009-000,3122,ACERRU,2019,1,True,False,True,False,False
3122.0-2019-000-RED-011-000,3122,ACERRU,2019,1,True,False,True,False,False
3122.0-2019-000-RED-012-000,3122,ACERRU,2019,1,True,False,True,False,False
3122.0-2019-000-RED-013-000,3122,ACERRU,2019,1,True,False,True,False,False
3122.0-2019-000-RED-014-000,3122,ACERRU,2019,1,True,False,True,False,False
3122.0-2019-000-RED-015-000,3122,ACERRU,2019,1,True,False,True,False,False
3122.0-2019-000-RED-017-000,3122,ACERRU,2019,1,True,False,True,False,False
3122.0-2019-000-RED-018-000,3122,ACERRU,2019,1,True,False,True,False,False
3122.0-2019-000-RED-019-000,3122,ACERRU,2019,1,True,False,True,False,False
3122.0-2019-000-RED-020-000,3122,ACERRU,2019,1,True,False,True,False,False
3122.0-2019-000-RED-021-000,3122,ACERRU,2019,1,True,False,True,False,False
3122.0-2019-000-RED-022-000,3122,ACERRU,2019,1,True,False,True,False,False
3122.0-2019-000-RED-024-000,3122,ACERRU,2019,1,True,False,True,False,False
3122.0-2019-000-RED-027-000,3122,ACERRU,2019,1,True,False,True,False,False
3122.0-2019-000-RED-030-000,3122,ACERRU,2019,1,True,False,True,False,False
3122.0-2019-000-RED-031-000,3122,ACERRU,2019,1,True,False,True,False,False
3122.0-2019-000-RED-033-000,3122,ACERRU,2019,1,True,False,True,False,False
3122.0-2019-000-RED-040-000,3122,ACERRU,2019,1,True,False,True,False,False
3122.0-2019-000-RED-041-000,3122,ACERRU,2019,1,True,False,True,False,False
3122.0-2019-000-RED-044-000,3122,ACERRU,2019,1,True,False,True,False,False
3122.0-2019-000-RED-045-000,3122,ACERRU,2019,1,True,False,True,False,False
3122.0-2019-000-RED-047-000,3122,ACERRU,2019,1,True,False,True,False,False
3122.0-2019-000-RED-049-000,3122,ACERRU,2019,1,True,False,True,False,False
3122.0-2019-000-RED-051-000,3122,ACERRU,2019,1,True,False,True,False,False
3122.0-2019-000-RED-052-000,3122,ACERRU,2019,1,True,False,True,False,False
3122.0-2019-000-RED-053-000,3122,ACERRU,2019,1,True,False,True,False,False
3122.0-2019-000-RED-054-000,3122,ACERRU,2019,1,True,False,True,False,False
3122.0-2019-000-RED-055-000,3122,ACERRU,2019,1,True,False,True,False,False
3122.0-2019-000-RED-056-000,3122,ACERRU,2019,1,True,False,True,False,False
3122.0-2019-000-RED-057-000,3122,ACERRU,2019,1,True,False,True,False,False
3122.0-2019-000-RED-058-000,3122,ACERRU,2019,1,True,False,True,False,False
3122.0-2019-000-RED-059-000,3122,ACERRU,2019,1,True,False,True,False,False
3122.0-2019-000-RED-062-000,3122,ACERRU,2019,1,True,False,True,False,False
3122.0-2019-000-RED-064-000,3122,ACERRU,2019,1,True,False,True,False,False
3122.0-2019-000-RED-065-000,3122,ACERRU,2019,1,True,False,True,False,False
3122.0-2019-000-RED-067-000,3122,ACERRU,2019,1,True,False,True,False,False
3122.0-2019-000-RED-068-000,3122,ACERRU,2019,1,True,False,True,False,False
3122.0-2019-000-RED-069-000,3122,ACERRU,2019,1,True,False,True,False,False
3122.0-2019-000-RED-070-000,3122,ACERRU,2019,1,True,False,True,False,False
3122.0-2019-000-RED-072-000,3122,ACERRU,2019,1,True,False,True,False,False
3122.0-2019-000-RED-073-000,3122,BETUXX,2019,1,True,False,True,False,False
3122.0-2019-000-RED-074-000,3122,ACERRU,2019,1,True,False,True,False,False
3122.0-2019-000-RED-075-000,3122,ACERRU,2019,1,True,False,True,False,False
3122.0-2019-000-RED-076-000,3122,ACERRU,2019,1,True,False,True,False,False
3122.0-2019-000-RED-077-000,3122,ACERRU,2019,1,True,False,True,False,False
3122.0-2019-000-RED-085-000,3122,ACERRU,2019,1,True,False,True,False,False
3122.0-2019-000-RED-088-000,3122,ACERRU,2019,1,True,False,True,False,False
3122.0-2019-000-RED-090-000,3122,ACERRU,2019,1,True,False,True,False,False
3122.0-2019-000-RED-091-000,3122,ACERRU,2019,1,True,False,True,False,False
3122.0-2019-000-RED-092-000,3122,ACERRU,2019,1,True,False,True,False,False
3122.0-2019-000-RED-094-000,3122,ACERRU,2019,1,True,False,True,False,False
3122.0-2019-000-RED-095-000,3122,ACERRU,2019,1,True,False,True,False,False
3122.0-2019-000-RED-097-000,3122,ACERRU,2019,1,True,False,True,False,False
3122.0-2019-000-RED-099-000,3122,ACERRU,2019,1,True,False,True,False,False
3122.0-2019-000-RED-100-000,3122,BETUXX,2019,1,True,False,True,False,False
3122.0-2020-000-YLW-001-000,3122,ACERRU,2020,1,True,False,True,False,False
3122.0-2020-000-YLW-002-000,3122,ACERRU,2020,1,True,False,True,False,False
3122.0-2020-000-YLW-003-000,3122,ACERRU,2020,1,True,False,True,False,False
3122.0-2020-000-YLW-004-000,3122,ACERRU,2020,1,True,False,True,False,False
3122.0-2020-000-YLW-005-000,3122,ACERRU,2020,1,True,False,True,False,False
3122.0-2020-000-YLW-006-000,3122,ACERRU,2020,1,True,False,True,False,False
3122.0-2020-000-YLW-007-000,3122,ACERRU,2020,1,True,False,True,False,False
3122.0-2020-000-YLW-008-000,3122,ACERRU,2020,1,True,False,True,False,False
3122.0-2020-000-YLW-009-000,3122,ACERRU,2020,1,True,False,True,False,False
3122.0-2020-000-YLW-010-000,3122,TSUGCA,2020,1,True,False,True,False,False
3122.0-2020-000-YLW-011-000,3122,ACERRU,2020,1,True,False,True,False,False
3122.0-2020-000-YLW-012-000,3122,ACERRU,2020,1,True,False,True,False,False
3122.0-2020-000-YLW-013-000,3122,ACERRU,2020,1,True,False,True,False,False
3122.0-2020-000-YLW-014-000,3122,ACERRU,2020,1,True,False,True,False,False
3122.0-2020-000-YLW-015-000,3122,ACERRU,2020,1,True,False,True,False,False
3122.0-2020-000-YLW-016-000,3122,ACERRU,2020,1,True,False,True,False,False
3122.0-2020-000-YLW-017-000,3122,ACERRU,2020,1,True,False,True,False,False
3122.0-2020-000-YLW-018-000,3122,ACERRU,2020,1,True,False,True,False,False
3122.0-2020-000-YLW-019-000,3122,ACERRU,2020,1,True,False,True,False,False
3122.0-2020-000-YLW-020-000,3122,ACERRU,2020,1,True,False,True,False,False
3122.0-2020-000-YLW-021-000,3122,ACERRU,2020,1,True,False,True,False,False
3122.0-2020-000-YLW-022-000,3122,ACERRU,2020,1,True,False,True,False,False
3122.0-2020-000-YLW-023-000,3122,TSUGCA,2020,1,True,False,True,False,False
3122.0-2020-000-YLW-024-000,3122,ACERRU,2020,1,True,False,True,False,False
3122.0-2020-000-YLW-025-000,3122,ACERRU,2020,1,True,False,True,False,False
3122.0-2020-000-YLW-076-000,3122,ACERRU,2020,1,True,False,True,False,False
3122.0-2020-000-YLW-077-000,3122,ACERRU,2020,1,True,False,True,False,False
3122.0-2020-000-YLW-078-000,3122,ACERRU,2020,1,True,False,True,False,False
3122.0-2020-000-YLW-079-000,3122,ACERRU,2020,1,True,False,True,False,False
3122.0-2020-000-YLW-080-000,3122,ACERRU,2020,1,True,False,True,False,False
3122.0-2020-000-YLW-081-000,3122,ACERRU,2020,1,True,False,True,False,False
3122.0-2020-000-YLW-082-000,3122,ACERRU,2020,1,True,False,True,False,False
3122.0-2020-000-YLW-083-000,3122,TSUGCA,2020,1,True,False,True,False,False
3122.0-2020-000-YLW-084-000,3122,ACERRU,2020,1,True,False,True,False,False
3122.0-2020-000-YLW-085-000,3122,ACERRU,2020,1,True,False,True,False,False
3122.0-2020-000-YLW-086-000,3122,TSUGCA,2020,1,True,False,True,False,False
3122.0-2020-000-YLW-087-000,3122,ACERRU,2020,1,True,False,True,False,False
3122.0-2020-000-YLW-088-000,3122,ACERRU,2020,1,True,False,True,False,False
3122.0-2020-000-YLW-089-000,3122,ACERRU,2020,1,True,False,True,False,False
3122.0-2020-000-YLW-090-000,3122,ACERRU,2020,1,True,False,True,False,False
3122.0-2020-000-YLW-091-000,3122,ACERRU,2020,1,True,False,True,False,False
3122.0-2020-000-YLW-092-000,3122,ACERRU,2020,1,True,False,True,False,False
3122.0-2020-000-YLW-093-000,3122,TSUGCA,2020,1,True,False,True,False,False
3122.0-2021-000-ORG-004-000,3122,ACERRU,2021,1,True,False,True,False,False
3122.0-2021-000-ORG-005-000,3122,TSUGCA,2021,1,True,False,True,False,False
3122.0-2021-000-ORG-006-000,3122,TSUGCA,2021,1,True,False,True,False,False
3122.0-2021-000-ORG-007-000,3122,ACERRU,2021,1,True,False,True,False,False
3122.0-2021-000-ORG-008-000,3122,TSUGCA,2021,1,True,False,True,False,False
3122.0-2021-000-ORG-009-000,3122,PINUST,2021,1,True,False,True,False,False
3122.0-2021-000-ORG-010-000,3122,TSUGCA,2021,1,True,False,True,False,False
3122.0-2021-000-ORG-011-000,3122,PINUST,2021,1,True,False,True,False,False
3122.0-2021-000-ORG-012-000,3122,ACERRU,2021,1,True,False,True,False,False
3122.0-2021-000-ORG-013-000,3122,ACERRU,2021,1,True,False,True,False,False
3122.0-2021-000-ORG-014-000,3122,VIBUNU,2021,1,True,False,True,False,False
3122.0-2022-000-BLU-077-000,3122,ACERRU,2022,0,True,False,False,False,False
3122.0-2023-000-ORG-076-000,3122,TSUGCA,2023,1,True,False,True,False,False
3122.0-2023-000-ORG-077-000,3122,ACERRU,2023,1,True,False,True,False,False
3122.0-2023-000-ORG-078-000,3122,ACERRU,2023,1,True,False,True,False,False
3122.0-2023-000-ORG-079-000,3122,ACERRU,2023,1,True,False,True,False,False
3122.0-2023-000-ORG-080-000,3122,ACERRU,2023,1,True,False,True,False,False
3122.0-2023-000-ORG-081-000,3122,ACERRU,2023,1,True,False,True,False,False
3122.0-2023-000-ORG-082-000,3122,ACERRU,2023,1,True,False,True,False,False
3122.0-2023-000-ORG-083-000,3122,ACERRU,2023,1,True,False,True,False,False
3122.0-2023-000-ORG-084-000,3122,TSUGCA,2023,1,True,False,True,False,False
3122.0-2023-000-ORG-085-000,3122,ACERRU,2023,1,True,False,True,False,False
3122.0-2023-000-ORG-086-000,3122,ACERRU,2023,1,True,False,True,False,False
3122.0-2023-000-ORG-087-000,3122,ACERRU,2023,1,True,False,True,False,False
3122.0-2023-000-ORG-088-000,3122,ACERRU,2023,1,True,False,True,False,False
3122.0-2023-000-ORG-089-000,3122,ACERRU,2023,1,True,False,True,False,False
3122.0-2023-000-ORG-090-000,3122,ACERRU,2023,1,True,False,True,False,False
3122.0-2023-000-ORG-091-000,3122,ACERRU,2023,1,True,False,True,False,False
3122.0-2023-000-ORG-092-000,3122,TSUGCA,2023,1,True,False,True,False,False
3122.0-2023-000-ORG-093-000,3122,ACERRU,2023,1,True,False,True,False,False
3122.0-2023-000-ORG-094-000,3122,ACERRU,2023,1,True,False,True,False,False
3122.0-2023-000-ORG-095-000,3122,ACERRU,2023,1,True,False,True,False,False
3122.0-2023-000-ORG-096-000,3122,ACERRU,2023,1,True,False,True,False,False
3122.0-2023-000-ORG-097-000,3122,QUERRU,2023,1,True,False,True,False,False
3123.0-2017-000-WHT-076-000,3123,VIBUNU,2017,0,True,True,False,False,False
3123.0-2017-000-WHT-089-000,3123,ACERRU,2017,0,True,True,False,False,False
3123.0-2018-000-RED-001-000,3123,ACERRU,2018,1,True,False,True,False,False
3123.0-2018-000-RED-002-000,3123,TSUGCA,2018,1,True,False,True,False,False
3123.0-2018-000-RED-003-000,3123,ACERRU,2018,1,True,False,True,False,False
3123.0-2018-000-RED-004-000,3123,TSUGCA,2018,1,True,False,True,False,False
3123.0-2018-000-RED-005-000,3123,ACERRU,2018,1,True,False,True,False,False
3123.0-2018-000-RED-006-000,3123,PINUST,2018,1,True,False,True,False,False
3123.0-2018-000-RED-007-000,3123,PINUST,2018,1,True,False,True,False,False
3123.0-2018-000-RED-008-000,3123,TSUGCA,2018,1,True,False,True,False,False
3123.0-2018-000-RED-009-000,3123,ACERRU,2018,1,True,False,True,False,False
3123.0-2018-000-RED-010-000,3123,ACERRU,2018,1,True,False,True,False,False
3123.0-2018-000-RED-011-000,3123,ACERRU,2018,1,True,False,True,False,False
3123.0-2018-000-RED-012-000,3123,PINUST,2018,1,True,False,True,False,False
3123.0-2018-000-RED-013-000,3123,PINUST,2018,1,True,False,True,False,False
3123.0-2018-000-RED-014-000,3123,ACERRU,2018,1,True,False,True,False,False
3123.0-2018-000-RED-015-000,3123,PINUST,2018,1,True,False,True,False,False
3123.0-2019-000-BLU-007-000,3123,ACERRU,2019,1,True,False,True,False,False
3123.0-2019-000-BLU-017-000,3123,ACERRU,2019,1,True,False,True,False,False
3123.0-2019-000-BLU-029-000,3123,ACERRU,2019,1,True,False,True,False,False
3123.0-2019-000-BLU-030-000,3123,ACERRU,2019,1,True,False,True,False,False
3123.0-2019-000-BLU-036-000,3123,ACERRU,2019,1,True,False,True,False,False
3123.0-2019-000-BLU-042-000,3123,ACERRU,2019,1,True,False,True,False,False
3123.0-2019-000-BLU-043-000,3123,ACERRU,2019,1,True,False,True,False,False
3123.0-2019-000-BLU-047-000,3123,ACERRU,2019,1,True,False,True,False,False
3123.0-2019-000-BLU-052-000,3123,ACERRU,2019,1,True,False,True,False,False
3123.0-2019-000-BLU-055-000,3123,ACERRU,2019,1,True,False,True,False,False
3123.0-2019-000-BLU-063-000,3123,ACERRU,2019,1,True,False,True,False,False
3123.0-2019-000-BLU-073-000,3123,ACERRU,2019,1,True,False,True,False,False
3123.0-2019-000-BLU-076-000,3123,ACERRU,2019,1,True,False,True,False,False
3123.0-2019-000-BLU-092-000,3123,ACERRU,2019,1,True,False,True,False,False
3123.0-2019-000-BLU-098-000,3123,ACERRU,2019,1,True,False,True,False,False
3123.0-2020-000-ORG-066-000,3123,ACERRU,2020,1,True,False,True,False,False
3123.0-2020-000-ORG-067-000,3123,ACERRU,2020,1,True,False,True,False,False
3123.0-2020-000-ORG-068-000,3123,ACERRU,2020,1,True,False,True,False,False
3123.0-2020-000-ORG-069-000,3123,ACERRU,2020,1,True,False,True,False,False
3123.0-2020-000-ORG-070-000,3123,ACERRU,2020,1,True,False,True,False,False
3123.0-2020-000-ORG-071-000,3123,ACERRU,2020,1,True,False,True,False,False
3123.0-2020-000-ORG-072-000,3123,ACERRU,2020,1,True,False,True,False,False
3123.0-2020-000-ORG-073-000,3123,ACERRU,2020,1,True,False,True,False,False
3123.0-2020-000-ORG-074-000,3123,ACERRU,2020,1,True,False,True,False,False
3123.0-2021-000-ORG-015-000,3123,PINUST,2021,1,True,False,True,False,False
3123.0-2021-000-ORG-016-000,3123,BETUXX,2021,1,True,False,True,False,False
3123.0-2023-000-WHT-052-000,3123,ACERRU,2023,1,True,False,True,False,False
3123.0-2023-000-WHT-053-000,3123,VIBUNU,2023,0,True,False,False,False,False
3123.0-2023-000-WHT-054-000,3123,ACERRU,2023,1,True,False,True,False,False
3124.0-2017-000-ORG-056-000,3124,ACERPE,2017,0,True,True,False,False,False
3124.0-2017-000-ORG-057-000,3124,ACERPE,2017,0,True,True,False,False,False
3124.0-2018-000-RED-016-000,3124,PINUST,2018,1,True,False,True,False,False
3124.0-2021-000-ORG-017-000,3124,ACERRU,2021,1,True,False,True,False,False
3124.0-2023-000-WHT-051-000,3124,ACERRU,2023,1,True,False,True,False,False
3410.0-2017-000-ORG-008-000,3410,ACERRU,2017,0,True,True,False,False,False
3410.0-2017-000-ORG-009-000,3410,ACERRU,2017,0,True,True,False,False,False
3410.0-2017-000-ORG-010-000,3410,ACERRU,2017,0,True,True,False,False,False
3410.0-2017-000-ORG-017-000,3410,ACERRU,2017,0,True,True,False,False,False
3410.0-2017-000-ORG-018-000,3410,ACERRU,2017,0,True,True,False,False,False
3410.0-2017-000-ORG-019-000,3410,VIBUNU,2017,0,True,True,False,False,False
3410.0-2017-000-ORG-020-000,3410,ACERRU,2017,0,True,True,False,False,False
3410.0-2017-000-ORG-021-000,3410,ACERRU,2017,0,True,True,False,False,False
3410.0-2017-000-ORG-022-000,3410,ACERRU,2017,0,True,True,False,False,False
3410.0-2017-000-ORG-023-000,3410,QUERRU,2017,0,True,True,False,False,False
3410.0-2017-000-ORG-024-000,3410,ACERRU,2017,0,True,True,False,False,False
3410.0-2017-000-ORG-025-000,3410,ACERRU,2017,0,True,True,False,False,False
3410.0-2017-000-RED-001-000,3410,PINUST,2017,0,True,True,False,False,False
3410.0-2017-000-RED-002-000,3410,PINUST,2017,0,True,True,False,False,False
3410.0-2017-000-RED-003-000,3410,ACERRU,2017,0,True,True,False,False,False
3410.0-2017-000-RED-004-000,3410,ACERRU,2017,0,True,True,False,False,False
3410.0-2017-000-RED-005-000,3410,ACERRU,2017,0,True,True,False,False,False
3410.0-2017-000-RED-006-000,3410,ACERRU,2017,0,True,True,False,False,False
3410.0-2017-000-RED-007-000,3410,ACERRU,2017,0,True,True,False,False,False
3410.0-2017-000-RED-008-000,3410,ACERRU,2017,0,True,True,False,False,False
3410.0-2017-000-RED-009-000,3410,ACERRU,2017,0,True,True,False,False,False
3410.0-2017-000-RED-010-000,3410,ACERRU,2017,0,True,True,False,False,False
3410.0-2018-000-RED-017-000,3410,QUERRU,2018,1,True,False,True,False,False
3410.0-2018-000-RED-018-000,3410,ACERRU,2018,1,True,False,True,False,False
3410.0-2018-000-RED-019-000,3410,ACERRU,2018,1,True,False,True,False,False
3410.0-2018-000-RED-020-000,3410,ACERRU,2018,1,True,False,True,False,False
3410.0-2018-000-RED-021-000,3410,ACERRU,2018,1,True,False,True,False,False
3410.0-2018-000-RED-022-000,3410,ACERRU,2018,1,True,False,True,False,False
3410.0-2018-000-RED-023-000,3410,TSUGCA,2018,1,True,False,True,False,False
3410.0-2018-000-RED-024-000,3410,ACERRU,2018,1,True,False,True,False,False
3410.0-2018-000-RED-025-000,3410,ACERRU,2018,1,True,False,True,False,False
3410.0-2018-000-RED-026-000,3410,QUERRU,2018,1,True,False,True,False,False
3410.0-2018-000-RED-027-000,3410,ACERRU,2018,1,True,False,True,False,False
3410.0-2018-000-RED-028-000,3410,ACERRU,2018,1,True,False,True,False,False
3410.0-2018-000-RED-029-000,3410,ACERRU,2018,1,True,False,True,False,False
3410.0-2018-000-RED-030-000,3410,ACERRU,2018,1,True,False,True,False,False
3410.0-2018-000-RED-031-000,3410,PINUST,2018,1,True,False,True,False,False
3410.0-2018-000-RED-032-000,3410,HAMAVI,2018,1,True,False,True,False,False
3410.0-2019-000-BLU-065-000,3410,ACERRU,2019,1,True,False,True,False,False
3410.0-2019-000-BLU-094-000,3410,ACERRU,2019,1,True,False,True,False,False
