world,policy,draw,nv,nr,K,present,Q1,Q2,Q1_status,Q2_status,sampled_context_level,sampled_context_provenance
0,B2_roster_prior_v2,0,256,256,256,False,False,False,FALSE,FALSE,1,DESIGN_PRIOR_DRAW_NOT_HIDDEN_REALIZED_LABEL
0,B2_roster_prior_v2,1,0,0,256,True,False,False,FALSE,FALSE,5,DESIGN_PRIOR_DRAW_NOT_HIDDEN_REALIZED_LABEL
0,B2_roster_prior_v2,2,256,256,256,True,True,True,TRUE,TRUE,1,DESIGN_PRIOR_DRAW_NOT_HIDDEN_REALIZED_LABEL
0,B2_roster_prior_v2,3,0,0,256,True,False,False,FALSE,FALSE,6,DESIGN_PRIOR_DRAW_NOT_HIDDEN_REALIZED_LABEL
0,B2_roster_prior_v2,4,0,0,256,True,False,False,FALSE,FALSE,3,DESIGN_PRIOR_DRAW_NOT_HIDDEN_REALIZED_LABEL
0,B2_roster_prior_v2,5,0,0,256,False,False,False,FALSE,FALSE,4,DESIGN_PRIOR_DRAW_NOT_HIDDEN_REALIZED_LABEL
0,B2_roster_prior_v2,6,0,0,256,True,False,False,FALSE,FALSE,6,DESIGN_PRIOR_DRAW_NOT_HIDDEN_REALIZED_LABEL
0,B2_roster_prior_v2,7,256,256,256,True,True,True,TRUE,TRUE,0,DESIGN_PRIOR_DRAW_NOT_HIDDEN_REALIZED_LABEL
0,B2_roster_prior_v2,8,0,0,256,True,False,False,FALSE,FALSE,5,DESIGN_PRIOR_DRAW_NOT_HIDDEN_REALIZED_LABEL
0,B2_roster_prior_v2,9,256,256,256,True,True,True,TRUE,TRUE,0,DESIGN_PRIOR_DRAW_NOT_HIDDEN_REALIZED_LABEL
0,B2_roster_prior_v2,10,0,0,256,True,False,False,FALSE,FALSE,4,DESIGN_PRIOR_DRAW_NOT_HIDDEN_REALIZED_LABEL
0,B2_roster_prior_v2,11,0,0,256,True,False,False,FALSE,FALSE,7,DESIGN_PRIOR_DRAW_NOT_HIDDEN_REALIZED_LABEL
0,B2_roster_prior_v2,12,0,0,256,False,False,False,FALSE,FALSE,8,DESIGN_PRIOR_DRAW_NOT_HIDDEN_REALIZED_LABEL
0,B2_roster_prior_v2,13,0,0,256,True,False,False,FALSE,FALSE,6,DESIGN_PRIOR_DRAW_NOT_HIDDEN_REALIZED_LABEL
0,B2_roster_prior_v2,14,0,0,256,True,False,False,FALSE,FALSE,5,DESIGN_PRIOR_DRAW_NOT_HIDDEN_REALIZED_LABEL
0,B2_roster_prior_v2,15,256,256,256,True,True,True,TRUE,TRUE,0,DESIGN_PRIOR_DRAW_NOT_HIDDEN_REALIZED_LABEL
0,B2_roster_prior_v2,16,0,0,256,True,False,False,FALSE,FALSE,4,DESIGN_PRIOR_DRAW_NOT_HIDDEN_REALIZED_LABEL
0,B2_roster_prior_v2,17,0,0,256,True,False,False,FALSE,FALSE,8,DESIGN_PRIOR_DRAW_NOT_HIDDEN_REALIZED_LABEL
0,B2_roster_prior_v2,18,0,0,256,True,False,False,FALSE,FALSE,3,DESIGN_PRIOR_DRAW_NOT_HIDDEN_REALIZED_LABEL
0,B2_roster_prior_v2,19,0,0,256,True,False,False,FALSE,FALSE,3,DESIGN_PRIOR_DRAW_NOT_HIDDEN_REALIZED_LABEL
0,B2_roster_prior_v2,20,0,0,256,True,False,False,FALSE,FALSE,3,DESIGN_PRIOR_DRAW_NOT_HIDDEN_REALIZED_LABEL
0,B2_roster_prior_v2,21,0,0,256,True,False,False,FALSE,FALSE,8,DESIGN_PRIOR_DRAW_NOT_HIDDEN_REALIZED_LABEL
0,B2_roster_prior_v2,22,0,0,256,True,False,False,FALSE,FALSE,6,DESIGN_PRIOR_DRAW_NOT_HIDDEN_REALIZED_LABEL
0,B2_roster_prior_v2,23,0,0,256,True,False,False,FALSE,FALSE,5,DESIGN_PRIOR_DRAW_NOT_HIDDEN_REALIZED_LABEL
0,B2_roster_prior_v2,24,0,0,256,True,False,False,FALSE,FALSE,5,DESIGN_PRIOR_DRAW_NOT_HIDDEN_REALIZED_LABEL
0,B2_roster_prior_v2,25,0,0,256,False,False,False,FALSE,FALSE,8,DESIGN_PRIOR_DRAW_NOT_HIDDEN_REALIZED_LABEL
0,B2_roster_prior_v2,26,0,0,256,True,False,False,FALSE,FALSE,4,DESIGN_PRIOR_DRAW_NOT_HIDDEN_REALIZED_LABEL
0,B2_roster_prior_v2,27,0,0,256,True,False,False,FALSE,FALSE,7,DESIGN_PRIOR_DRAW_NOT_HIDDEN_REALIZED_LABEL
0,B2_roster_prior_v2,28,0,0,256,False,False,False,FALSE,FALSE,7,DESIGN_PRIOR_DRAW_NOT_HIDDEN_REALIZED_LABEL
0,B2_roster_prior_v2,29,0,0,256,True,False,False,FALSE,FALSE,8,DESIGN_PRIOR_DRAW_NOT_HIDDEN_REALIZED_LABEL
0,B2_roster_prior_v2,30,256,256,256,True,True,True,TRUE,TRUE,1,DESIGN_PRIOR_DRAW_NOT_HIDDEN_REALIZED_LABEL
0,B2_roster_prior_v2,31,0,0,256,True,False,False,FALSE,FALSE,6,DESIGN_PRIOR_DRAW_NOT_HIDDEN_REALIZED_LABEL
1,B2_roster_prior_v2,0,0,0,256,True,False,False,FALSE,FALSE,7,DESIGN_PRIOR_DRAW_NOT_HIDDEN_REALIZED_LABEL
1,B2_roster_prior_v2,1,0,0,256,True,False,False,FALSE,FALSE,3,DESIGN_PRIOR_DRAW_NOT_HIDDEN_REALIZED_LABEL
1,B2_roster_prior_v2,2,0,0,256,False,False,False,FALSE,FALSE,7,DESIGN_PRIOR_DRAW_NOT_HIDDEN_REALIZED_LABEL
1,B2_roster_prior_v2,3,0,0,256,False,False,False,FALSE,FALSE,6,DESIGN_PRIOR_DRAW_NOT_HIDDEN_REALIZED_LABEL
1,B2_roster_prior_v2,4,0,0,256,False,False,False,FALSE,FALSE,8,DESIGN_PRIOR_DRAW_NOT_HIDDEN_REALIZED_LABEL
1,B2_roster_prior_v2,5,256,256,256,True,True,True,TRUE,TRUE,2,DESIGN_PRIOR_DRAW_NOT_HIDDEN_REALIZED_LABEL
1,B2_roster_prior_v2,6,0,0,256,False,False,False,FALSE,FALSE,8,DESIGN_PRIOR_DRAW_NOT_HIDDEN_REALIZED_LABEL
1,B2_roster_prior_v2,7,0,0,256,False,False,False,FALSE,FALSE,7,DESIGN_PRIOR_DRAW_NOT_HIDDEN_REALIZED_LABEL
1,B2_roster_prior_v2,8,0,0,256,False,False,False,FALSE,FALSE,8,DESIGN_PRIOR_DRAW_NOT_HIDDEN_REALIZED_LABEL
1,B2_roster_prior_v2,9,0,0,256,True,False,False,FALSE,FALSE,8,DESIGN_PRIOR_DRAW_NOT_HIDDEN_REALIZED_LABEL
1,B2_roster_prior_v2,10,0,0,256,False,False,False,FALSE,FALSE,3,DESIGN_PRIOR_DRAW_NOT_HIDDEN_REALIZED_LABEL
1,B2_roster_prior_v2,11,28,28,256,False,False,False,FALSE,FALSE,1,DESIGN_PRIOR_DRAW_NOT_HIDDEN_REALIZED_LABEL
1,B2_roster_prior_v2,12,0,0,256,False,False,False,FALSE,FALSE,6,DESIGN_PRIOR_DRAW_NOT_HIDDEN_REALIZED_LABEL
1,B2_roster_prior_v2,13,0,0,256,False,False,False,FALSE,FALSE,7,DESIGN_PRIOR_DRAW_NOT_HIDDEN_REALIZED_LABEL
1,B2_roster_prior_v2,14,0,0,256,False,False,False,FALSE,FALSE,3,DESIGN_PRIOR_DRAW_NOT_HIDDEN_REALIZED_LABEL
1,B2_roster_prior_v2,15,256,256,256,True,True,True,TRUE,TRUE,1,DESIGN_PRIOR_DRAW_NOT_HIDDEN_REALIZED_LABEL
1,B2_roster_prior_v2,16,0,0,256,False,False,False,FALSE,FALSE,7,DESIGN_PRIOR_DRAW_NOT_HIDDEN_REALIZED_LABEL
1,B2_roster_prior_v2,17,0,0,256,True,False,False,FALSE,FALSE,6,DESIGN_PRIOR_DRAW_NOT_HIDDEN_REALIZED_LABEL
1,B2_roster_prior_v2,18,0,0,256,False,False,False,FALSE,FALSE,8,DESIGN_PRIOR_DRAW_NOT_HIDDEN_REALIZED_LABEL
1,B2_roster_prior_v2,19,0,0,256,True,False,False,FALSE,FALSE,6,DESIGN_PRIOR_DRAW_NOT_HIDDEN_REALIZED_LABEL
1,B2_roster_prior_v2,20,0,0,256,False,False,False,FALSE,FALSE,4,DESIGN_PRIOR_DRAW_NOT_HIDDEN_REALIZED_LABEL
1,B2_roster_prior_v2,21,0,0,256,True,False,False,FALSE,FALSE,3,DESIGN_PRIOR_DRAW_NOT_HIDDEN_REALIZED_LABEL
1,B2_roster_prior_v2,22,0,0,256,False,False,False,FALSE,FALSE,6,DESIGN_PRIOR_DRAW_NOT_HIDDEN_REALIZED_LABEL
1,B2_roster_prior_v2,23,0,0,256,False,False,False,FALSE,FALSE,4,DESIGN_PRIOR_DRAW_NOT_HIDDEN_REALIZED_LABEL
1,B2_roster_prior_v2,24,0,0,256,False,False,False,FALSE,FALSE,7,DESIGN_PRIOR_DRAW_NOT_HIDDEN_REALIZED_LABEL
1,B2_roster_prior_v2,25,0,0,256,True,False,False,FALSE,FALSE,8,DESIGN_PRIOR_DRAW_NOT_HIDDEN_REALIZED_LABEL
1,B2_roster_prior_v2,26,0,0,256,False,False,False,FALSE,FALSE,7,DESIGN_PRIOR_DRAW_NOT_HIDDEN_REALIZED_LABEL
1,B2_roster_prior_v2,27,0,0,256,False,False,False,FALSE,FALSE,3,DESIGN_PRIOR_DRAW_NOT_HIDDEN_REALIZED_LABEL
1,B2_roster_prior_v2,28,0,0,256,False,False,False,FALSE,FALSE,8,DESIGN_PRIOR_DRAW_NOT_HIDDEN_REALIZED_LABEL
1,B2_roster_prior_v2,29,0,0,256,False,False,False,FALSE,FALSE,3,DESIGN_PRIOR_DRAW_NOT_HIDDEN_REALIZED_LABEL
1,B2_roster_prior_v2,30,0,0,256,False,False,False,FALSE,FALSE,4,DESIGN_PRIOR_DRAW_NOT_HIDDEN_REALIZED_LABEL
1,B2_roster_prior_v2,31,0,0,256,False,False,False,FALSE,FALSE,7,DESIGN_PRIOR_DRAW_NOT_HIDDEN_REALIZED_LABEL
2,B2_roster_prior_v2,0,0,0,256,True,False,False,FALSE,FALSE,7,DESIGN_PRIOR_DRAW_NOT_HIDDEN_REALIZED_LABEL
2,B2_roster_prior_v2,1,0,0,256,False,False,False,FALSE,FALSE,7,DESIGN_PRIOR_DRAW_NOT_HIDDEN_REALIZED_LABEL
2,B2_roster_prior_v2,2,0,0,256,True,False,False,FALSE,FALSE,6,DESIGN_PRIOR_DRAW_NOT_HIDDEN_REALIZED_LABEL
2,B2_roster_prior_v2,3,0,0,256,True,False,False,FALSE,FALSE,7,DESIGN_PRIOR_DRAW_NOT_HIDDEN_REALIZED_LABEL
2,B2_roster_prior_v2,4,0,0,256,True,False,False,FALSE,FALSE,6,DESIGN_PRIOR_DRAW_NOT_HIDDEN_REALIZED_LABEL
2,B2_roster_prior_v2,5,256,256,256,True,True,True,TRUE,TRUE,0,DESIGN_PRIOR_DRAW_NOT_HIDDEN_REALIZED_LABEL
2,B2_roster_prior_v2,6,0,0,256,True,False,False,FALSE,FALSE,7,DESIGN_PRIOR_DRAW_NOT_HIDDEN_REALIZED_LABEL
2,B2_roster_prior_v2,7,0,0,256,True,False,False,FALSE,FALSE,8,DESIGN_PRIOR_DRAW_NOT_HIDDEN_REALIZED_LABEL
2,B2_roster_prior_v2,8,0,0,256,True,False,False,FALSE,FALSE,8,DESIGN_PRIOR_DRAW_NOT_HIDDEN_REALIZED_LABEL
2,B2_roster_prior_v2,9,256,256,256,True,True,True,TRUE,TRUE,1,DESIGN_PRIOR_DRAW_NOT_HIDDEN_REALIZED_LABEL
2,B2_roster_prior_v2,10,0,0,256,True,False,False,FALSE,FALSE,6,DESIGN_PRIOR_DRAW_NOT_HIDDEN_REALIZED_LABEL
2,B2_roster_prior_v2,11,256,256,256,True,True,True,TRUE,TRUE,1,DESIGN_PRIOR_DRAW_NOT_HIDDEN_REALIZED_LABEL
2,B2_roster_prior_v2,12,0,0,256,True,False,False,FALSE,FALSE,7,DESIGN_PRIOR_DRAW_NOT_HIDDEN_REALIZED_LABEL
2,B2_roster_prior_v2,13,0,0,256,True,False,False,FALSE,FALSE,3,DESIGN_PRIOR_DRAW_NOT_HIDDEN_REALIZED_LABEL
2,B2_roster_prior_v2,14,0,0,256,True,False,False,FALSE,FALSE,5,DESIGN_PRIOR_DRAW_NOT_HIDDEN_REALIZED_LABEL
2,B2_roster_prior_v2,15,0,0,256,True,False,False,FALSE,FALSE,7,DESIGN_PRIOR_DRAW_NOT_HIDDEN_REALIZED_LABEL
2,B2_roster_prior_v2,16,0,0,256,True,False,False,FALSE,FALSE,6,DESIGN_PRIOR_DRAW_NOT_HIDDEN_REALIZED_LABEL
2,B2_roster_prior_v2,17,256,256,256,True,True,True,TRUE,TRUE,0,DESIGN_PRIOR_DRAW_NOT_HIDDEN_REALIZED_LABEL
2,B2_roster_prior_v2,18,0,0,256,True,False,False,FALSE,FALSE,7,DESIGN_PRIOR_DRAW_NOT_HIDDEN_REALIZED_LABEL
2,B2_roster_prior_v2,19,256,256,256,True,True,True,TRUE,TRUE,0,DESIGN_PRIOR_DRAW_NOT_HIDDEN_REALIZED_LABEL
2,B2_roster_prior_v2,20,0,0,256,True,False,False,FALSE,FALSE,3,DESIGN_PRIOR_DRAW_NOT_HIDDEN_REALIZED_LABEL
2,B2_roster_prior_v2,21,0,0,256,True,False,False,FALSE,FALSE,6,DESIGN_PRIOR_DRAW_NOT_HIDDEN_REALIZED_LABEL
2,B2_roster_prior_v2,22,0,0,256,True,False,False,FALSE,FALSE,6,DESIGN_PRIOR_DRAW_NOT_HIDDEN_REALIZED_LABEL
2,B2_roster_prior_v2,23,256,256,256,True,True,True,TRUE,TRUE,1,DESIGN_PRIOR_DRAW_NOT_HIDDEN_REALIZED_LABEL
2,B2_roster_prior_v2,24,0,0,256,True,False,False,FALSE,FALSE,8,DESIGN_PRIOR_DRAW_NOT_HIDDEN_REALIZED_LABEL
2,B2_roster_prior_v2,25,256,256,256,True,True,True,TRUE,TRUE,2,DESIGN_PRIOR_DRAW_NOT_HIDDEN_REALIZED_LABEL
2,B2_roster_prior_v2,26,256,256,256,True,True,True,TRUE,TRUE,2,DESIGN_PRIOR_DRAW_NOT_HIDDEN_REALIZED_LABEL
2,B2_roster_prior_v2,27,0,0,256,True,False,False,FALSE,FALSE,7,DESIGN_PRIOR_DRAW_NOT_HIDDEN_REALIZED_LABEL
2,B2_roster_prior_v2,28,0,0,256,True,False,False,FALSE,FALSE,8,DESIGN_PRIOR_DRAW_NOT_HIDDEN_REALIZED_LABEL
2,B2_roster_prior_v2,29,0,0,256,True,False,False,FALSE,FALSE,8,DESIGN_PRIOR_DRAW_NOT_HIDDEN_REALIZED_LABEL
2,B2_roster_prior_v2,30,0,0,256,True,False,False,FALSE,FALSE,6,DESIGN_PRIOR_DRAW_NOT_HIDDEN_REALIZED_LABEL
2,B2_roster_prior_v2,31,0,0,256,True,False,False,FALSE,FALSE,7,DESIGN_PRIOR_DRAW_NOT_HIDDEN_REALIZED_LABEL
3,B2_roster_prior_v2,0,0,0,256,True,False,False,FALSE,FALSE,8,DESIGN_PRIOR_DRAW_NOT_HIDDEN_REALIZED_LABEL
3,B2_roster_prior_v2,1,0,0,256,True,False,False,FALSE,FALSE,5,DESIGN_PRIOR_DRAW_NOT_HIDDEN_REALIZED_LABEL
3,B2_roster_prior_v2,2,0,0,256,True,False,False,FALSE,FALSE,8,DESIGN_PRIOR_DRAW_NOT_HIDDEN_REALIZED_LABEL
3,B2_roster_prior_v2,3,0,0,256,True,False,False,FALSE,FALSE,8,DESIGN_PRIOR_DRAW_NOT_HIDDEN_REALIZED_LABEL
3,B2_roster_prior_v2,4,0,0,256,True,False,False,FALSE,FALSE,7,DESIGN_PRIOR_DRAW_NOT_HIDDEN_REALIZED_LABEL
3,B2_roster_prior_v2,5,0,0,256,True,False,False,FALSE,FALSE,8,DESIGN_PRIOR_DRAW_NOT_HIDDEN_REALIZED_LABEL
3,B2_roster_prior_v2,6,0,0,256,True,False,False,FALSE,FALSE,8,DESIGN_PRIOR_DRAW_NOT_HIDDEN_REALIZED_LABEL
3,B2_roster_prior_v2,7,0,0,256,True,False,False,FALSE,FALSE,8,DESIGN_PRIOR_DRAW_NOT_HIDDEN_REALIZED_LABEL
3,B2_roster_prior_v2,8,0,0,256,True,False,False,FALSE,FALSE,3,DESIGN_PRIOR_DRAW_NOT_HIDDEN_REALIZED_LABEL
3,B2_roster_prior_v2,9,0,0,256,True,False,False,FALSE,FALSE,8,DESIGN_PRIOR_DRAW_NOT_HIDDEN_REALIZED_LABEL
3,B2_roster_prior_v2,10,0,0,256,False,False,False,FALSE,FALSE,3,DESIGN_PRIOR_DRAW_NOT_HIDDEN_REALIZED_LABEL
3,B2_roster_prior_v2,11,0,0,256,False,False,False,FALSE,FALSE,5,DESIGN_PRIOR_DRAW_NOT_HIDDEN_REALIZED_LABEL
3,B2_roster_prior_v2,12,0,0,256,False,False,False,FALSE,FALSE,6,DESIGN_PRIOR_DRAW_NOT_HIDDEN_REALIZED_LABEL
3,B2_roster_prior_v2,13,0,0,256,True,False,False,FALSE,FALSE,3,DESIGN_PRIOR_DRAW_NOT_HIDDEN_REALIZED_LABEL
3,B2_roster_prior_v2,14,0,0,256,False,False,False,FALSE,FALSE,7,DESIGN_PRIOR_DRAW_NOT_HIDDEN_REALIZED_LABEL
3,B2_roster_prior_v2,15,0,0,256,True,False,False,FALSE,FALSE,6,DESIGN_PRIOR_DRAW_NOT_HIDDEN_REALIZED_LABEL
3,B2_roster_prior_v2,16,0,0,256,False,False,False,FALSE,FALSE,3,DESIGN_PRIOR_DRAW_NOT_HIDDEN_REALIZED_LABEL
3,B2_roster_prior_v2,17,256,256,256,False,False,False,FALSE,FALSE,0,DESIGN_PRIOR_DRAW_NOT_HIDDEN_REALIZED_LABEL
3,B2_roster_prior_v2,18,0,0,256,True,False,False,FALSE,FALSE,7,DESIGN_PRIOR_DRAW_NOT_HIDDEN_REALIZED_LABEL
3,B2_roster_prior_v2,19,0,0,256,True,False,False,FALSE,FALSE,8,DESIGN_PRIOR_DRAW_NOT_HIDDEN_REALIZED_LABEL
3,B2_roster_prior_v2,20,0,0,256,True,False,False,FALSE,FALSE,7,DESIGN_PRIOR_DRAW_NOT_HIDDEN_REALIZED_LABEL
3,B2_roster_prior_v2,21,256,256,256,True,True,True,TRUE,TRUE,0,DESIGN_PRIOR_DRAW_NOT_HIDDEN_REALIZED_LABEL
3,B2_roster_prior_v2,22,0,0,256,True,False,False,FALSE,FALSE,8,DESIGN_PRIOR_DRAW_NOT_HIDDEN_REALIZED_LABEL
3,B2_roster_prior_v2,23,0,0,256,True,False,False,FALSE,FALSE,4,DESIGN_PRIOR_DRAW_NOT_HIDDEN_REALIZED_LABEL
3,B2_roster_prior_v2,24,0,0,256,False,False,False,FALSE,FALSE,6,DESIGN_PRIOR_DRAW_NOT_HIDDEN_REALIZED_LABEL
3,B2_roster_prior_v2,25,0,0,256,True,False,False,FALSE,FALSE,7,DESIGN_PRIOR_DRAW_NOT_HIDDEN_REALIZED_LABEL
3,B2_roster_prior_v2,26,256,256,256,True,True,True,TRUE,TRUE,2,DESIGN_PRIOR_DRAW_NOT_HIDDEN_REALIZED_LABEL
3,B2_roster_prior_v2,27,256,256,256,True,True,True,TRUE,TRUE,2,DESIGN_PRIOR_DRAW_NOT_HIDDEN_REALIZED_LABEL
3,B2_roster_prior_v2,28,0,0,256,True,False,False,FALSE,FALSE,4,DESIGN_PRIOR_DRAW_NOT_HIDDEN_REALIZED_LABEL
3,B2_roster_prior_v2,29,0,0,256,False,False,False,FALSE,FALSE,7,DESIGN_PRIOR_DRAW_NOT_HIDDEN_REALIZED_LABEL
3,B2_roster_prior_v2,30,0,0,256,False,False,False,FALSE,FALSE,7,DESIGN_PRIOR_DRAW_NOT_HIDDEN_REALIZED_LABEL
3,B2_roster_prior_v2,31,0,0,256,False,False,False,FALSE,FALSE,7,DESIGN_PRIOR_DRAW_NOT_HIDDEN_REALIZED_LABEL
4,B2_roster_prior_v2,0,0,0,256,True,False,False,FALSE,FALSE,7,DESIGN_PRIOR_DRAW_NOT_HIDDEN_REALIZED_LABEL
4,B2_roster_prior_v2,1,256,256,256,True,True,True,TRUE,TRUE,0,DESIGN_PRIOR_DRAW_NOT_HIDDEN_REALIZED_LABEL
4,B2_roster_prior_v2,2,0,0,256,True,False,False,FALSE,FALSE,8,DESIGN_PRIOR_DRAW_NOT_HIDDEN_REALIZED_LABEL
4,B2_roster_prior_v2,3,0,0,256,True,False,False,FALSE,FALSE,8,DESIGN_PRIOR_DRAW_NOT_HIDDEN_REALIZED_LABEL
4,B2_roster_prior_v2,4,0,0,256,True,False,False,FALSE,FALSE,8,DESIGN_PRIOR_DRAW_NOT_HIDDEN_REALIZED_LABEL
4,B2_roster_prior_v2,5,0,0,256,True,False,False,FALSE,FALSE,6,DESIGN_PRIOR_DRAW_NOT_HIDDEN_REALIZED_LABEL
4,B2_roster_prior_v2,6,0,0,256,False,False,False,FALSE,FALSE,3,DESIGN_PRIOR_DRAW_NOT_HIDDEN_REALIZED_LABEL
4,B2_roster_prior_v2,7,256,256,256,True,True,True,TRUE,TRUE,0,DESIGN_PRIOR_DRAW_NOT_HIDDEN_REALIZED_LABEL
4,B2_roster_prior_v2,8,0,0,256,True,False,False,FALSE,FALSE,8,DESIGN_PRIOR_DRAW_NOT_HIDDEN_REALIZED_LABEL
4,B2_roster_prior_v2,9,0,0,256,True,False,False,FALSE,FALSE,7,DESIGN_PRIOR_DRAW_NOT_HIDDEN_REALIZED_LABEL
4,B2_roster_prior_v2,10,0,0,256,True,False,False,FALSE,FALSE,6,DESIGN_PRIOR_DRAW_NOT_HIDDEN_REALIZED_LABEL
4,B2_roster_prior_v2,11,0,0,256,True,False,False,FALSE,FALSE,7,DESIGN_PRIOR_DRAW_NOT_HIDDEN_REALIZED_LABEL
4,B2_roster_prior_v2,12,0,0,256,False,False,False,FALSE,FALSE,8,DESIGN_PRIOR_DRAW_NOT_HIDDEN_REALIZED_LABEL
4,B2_roster_prior_v2,13,0,0,256,True,False,False,FALSE,FALSE,8,DESIGN_PRIOR_DRAW_NOT_HIDDEN_REALIZED_LABEL
4,B2_roster_prior_v2,14,0,0,256,True,False,False,FALSE,FALSE,6,DESIGN_PRIOR_DRAW_NOT_HIDDEN_REALIZED_LABEL
4,B2_roster_prior_v2,15,0,0,256,False,False,False,FALSE,FALSE,4,DESIGN_PRIOR_DRAW_NOT_HIDDEN_REALIZED_LABEL
4,B2_roster_prior_v2,16,0,0,256,True,False,False,FALSE,FALSE,4,DESIGN_PRIOR_DRAW_NOT_HIDDEN_REALIZED_LABEL
4,B2_roster_prior_v2,17,0,0,256,True,False,False,FALSE,FALSE,8,DESIGN_PRIOR_DRAW_NOT_HIDDEN_REALIZED_LABEL
4,B2_roster_prior_v2,18,0,0,256,True,False,False,FALSE,FALSE,3,DESIGN_PRIOR_DRAW_NOT_HIDDEN_REALIZED_LABEL
4,B2_roster_prior_v2,19,0,0,256,False,False,False,FALSE,FALSE,7,DESIGN_PRIOR_DRAW_NOT_HIDDEN_REALIZED_LABEL
4,B2_roster_prior_v2,20,0,0,256,True,False,False,FALSE,FALSE,4,DESIGN_PRIOR_DRAW_NOT_HIDDEN_REALIZED_LABEL
4,B2_roster_prior_v2,21,256,256,256,False,False,False,FALSE,FALSE,1,DESIGN_PRIOR_DRAW_NOT_HIDDEN_REALIZED_LABEL
4,B2_roster_prior_v2,22,256,256,256,True,True,True,TRUE,TRUE,1,DESIGN_PRIOR_DRAW_NOT_HIDDEN_REALIZED_LABEL
4,B2_roster_prior_v2,23,0,0,256,True,False,False,FALSE,FALSE,8,DESIGN_PRIOR_DRAW_NOT_HIDDEN_REALIZED_LABEL
4,B2_roster_prior_v2,24,0,0,256,False,False,False,FALSE,FALSE,6,DESIGN_PRIOR_DRAW_NOT_HIDDEN_REALIZED_LABEL
4,B2_roster_prior_v2,25,256,256,256,True,True,True,TRUE,TRUE,0,DESIGN_PRIOR_DRAW_NOT_HIDDEN_REALIZED_LABEL
4,B2_roster_prior_v2,26,0,0,256,True,False,False,FALSE,FALSE,8,DESIGN_PRIOR_DRAW_NOT_HIDDEN_REALIZED_LABEL
4,B2_roster_prior_v2,27,0,0,256,True,False,False,FALSE,FALSE,8,DESIGN_PRIOR_DRAW_NOT_HIDDEN_REALIZED_LABEL
4,B2_roster_prior_v2,28,0,0,256,False,False,False,FALSE,FALSE,6,DESIGN_PRIOR_DRAW_NOT_HIDDEN_REALIZED_LABEL
4,B2_roster_prior_v2,29,256,256,256,True,True,True,TRUE,TRUE,1,DESIGN_PRIOR_DRAW_NOT_HIDDEN_REALIZED_LABEL
4,B2_roster_prior_v2,30,0,0,256,True,False,False,FALSE,FALSE,7,DESIGN_PRIOR_DRAW_NOT_HIDDEN_REALIZED_LABEL
4,B2_roster_prior_v2,31,0,0,256,False,False,False,FALSE,FALSE,5,DESIGN_PRIOR_DRAW_NOT_HIDDEN_REALIZED_LABEL
5,B2_roster_prior_v2,0,256,256,256,True,True,True,TRUE,TRUE,2,DESIGN_PRIOR_DRAW_NOT_HIDDEN_REALIZED_LABEL
5,B2_roster_prior_v2,1,0,0,256,False,False,False,FALSE,FALSE,5,DESIGN_PRIOR_DRAW_NOT_HIDDEN_REALIZED_LABEL
5,B2_roster_prior_v2,2,256,256,256,True,True,True,TRUE,TRUE,2,DESIGN_PRIOR_DRAW_NOT_HIDDEN_REALIZED_LABEL
5,B2_roster_prior_v2,3,0,0,256,False,False,False,FALSE,FALSE,8,DESIGN_PRIOR_DRAW_NOT_HIDDEN_REALIZED_LABEL
5,B2_roster_prior_v2,4,0,0,256,True,False,False,FALSE,FALSE,8,DESIGN_PRIOR_DRAW_NOT_HIDDEN_REALIZED_LABEL
5,B2_roster_prior_v2,5,0,0,256,True,False,False,FALSE,FALSE,4,DESIGN_PRIOR_DRAW_NOT_HIDDEN_REALIZED_LABEL
5,B2_roster_prior_v2,6,0,0,256,True,False,False,FALSE,FALSE,3,DESIGN_PRIOR_DRAW_NOT_HIDDEN_REALIZED_LABEL
5,B2_roster_prior_v2,7,256,256,256,True,True,True,TRUE,TRUE,1,DESIGN_PRIOR_DRAW_NOT_HIDDEN_REALIZED_LABEL
5,B2_roster_prior_v2,8,256,256,256,True,True,True,TRUE,TRUE,1,DESIGN_PRIOR_DRAW_NOT_HIDDEN_REALIZED_LABEL
5,B2_roster_prior_v2,9,0,0,256,True,False,False,FALSE,FALSE,6,DESIGN_PRIOR_DRAW_NOT_HIDDEN_REALIZED_LABEL
5,B2_roster_prior_v2,10,0,0,256,True,False,False,FALSE,FALSE,4,DESIGN_PRIOR_DRAW_NOT_HIDDEN_REALIZED_LABEL
5,B2_roster_prior_v2,11,256,256,256,True,True,True,TRUE,TRUE,0,DESIGN_PRIOR_DRAW_NOT_HIDDEN_REALIZED_LABEL
5,B2_roster_prior_v2,12,0,0,256,True,False,False,FALSE,FALSE,6,DESIGN_PRIOR_DRAW_NOT_HIDDEN_REALIZED_LABEL
5,B2_roster_prior_v2,13,0,0,256,True,False,False,FALSE,FALSE,7,DESIGN_PRIOR_DRAW_NOT_HIDDEN_REALIZED_LABEL
5,B2_roster_prior_v2,14,0,0,256,False,False,False,FALSE,FALSE,7,DESIGN_PRIOR_DRAW_NOT_HIDDEN_REALIZED_LABEL
5,B2_roster_prior_v2,15,0,0,256,True,False,False,FALSE,FALSE,8,DESIGN_PRIOR_DRAW_NOT_HIDDEN_REALIZED_LABEL
5,B2_roster_prior_v2,16,0,0,256,True,False,False,FALSE,FALSE,8,DESIGN_PRIOR_DRAW_NOT_HIDDEN_REALIZED_LABEL
5,B2_roster_prior_v2,17,0,0,256,True,False,False,FALSE,FALSE,6,DESIGN_PRIOR_DRAW_NOT_HIDDEN_REALIZED_LABEL
5,B2_roster_prior_v2,18,0,0,256,True,False,False,FALSE,FALSE,7,DESIGN_PRIOR_DRAW_NOT_HIDDEN_REALIZED_LABEL
5,B2_roster_prior_v2,19,0,0,256,True,False,False,FALSE,FALSE,8,DESIGN_PRIOR_DRAW_NOT_HIDDEN_REALIZED_LABEL
5,B2_roster_prior_v2,20,0,0,256,True,False,False,FALSE,FALSE,7,DESIGN_PRIOR_DRAW_NOT_HIDDEN_REALIZED_LABEL
5,B2_roster_prior_v2,21,0,0,256,True,False,False,FALSE,FALSE,7,DESIGN_PRIOR_DRAW_NOT_HIDDEN_REALIZED_LABEL
5,B2_roster_prior_v2,22,256,256,256,True,True,True,TRUE,TRUE,1,DESIGN_PRIOR_DRAW_NOT_HIDDEN_REALIZED_LABEL
5,B2_roster_prior_v2,23,0,0,256,False,False,False,FALSE,FALSE,3,DESIGN_PRIOR_DRAW_NOT_HIDDEN_REALIZED_LABEL
5,B2_roster_prior_v2,24,0,0,256,True,False,False,FALSE,FALSE,4,DESIGN_PRIOR_DRAW_NOT_HIDDEN_REALIZED_LABEL
5,B2_roster_prior_v2,25,0,0,256,False,False,False,FALSE,FALSE,7,DESIGN_PRIOR_DRAW_NOT_HIDDEN_REALIZED_LABEL
5,B2_roster_prior_v2,26,0,0,256,False,False,False,FALSE,FALSE,8,DESIGN_PRIOR_DRAW_NOT_HIDDEN_REALIZED_LABEL
5,B2_roster_prior_v2,27,0,0,256,False,False,False,FALSE,FALSE,7,DESIGN_PRIOR_DRAW_NOT_HIDDEN_REALIZED_LABEL
5,B2_roster_prior_v2,28,256,256,256,True,True,True,TRUE,TRUE,0,DESIGN_PRIOR_DRAW_NOT_HIDDEN_REALIZED_LABEL
5,B2_roster_prior_v2,29,256,256,256,True,True,True,TRUE,TRUE,0,DESIGN_PRIOR_DRAW_NOT_HIDDEN_REALIZED_LABEL
5,B2_roster_prior_v2,30,0,0,256,True,False,False,FALSE,FALSE,4,DESIGN_PRIOR_DRAW_NOT_HIDDEN_REALIZED_LABEL
5,B2_roster_prior_v2,31,0,0,256,True,False,False,FALSE,FALSE,8,DESIGN_PRIOR_DRAW_NOT_HIDDEN_REALIZED_LABEL
6,B2_roster_prior_v2,0,0,0,256,False,False,False,FALSE,FALSE,7,DESIGN_PRIOR_DRAW_NOT_HIDDEN_REALIZED_LABEL
6,B2_roster_prior_v2,1,0,0,256,True,False,False,FALSE,FALSE,6,DESIGN_PRIOR_DRAW_NOT_HIDDEN_REALIZED_LABEL
6,B2_roster_prior_v2,2,0,0,256,False,False,False,FALSE,FALSE,7,DESIGN_PRIOR_DRAW_NOT_HIDDEN_REALIZED_LABEL
6,B2_roster_prior_v2,3,0,0,256,True,False,False,FALSE,FALSE,6,DESIGN_PRIOR_DRAW_NOT_HIDDEN_REALIZED_LABEL
6,B2_roster_prior_v2,4,256,256,256,False,False,False,FALSE,FALSE,2,DESIGN_PRIOR_DRAW_NOT_HIDDEN_REALIZED_LABEL
6,B2_roster_prior_v2,5,256,256,256,True,True,True,TRUE,TRUE,2,DESIGN_PRIOR_DRAW_NOT_HIDDEN_REALIZED_LABEL
6,B2_roster_prior_v2,6,256,256,256,True,True,True,TRUE,TRUE,1,DESIGN_PRIOR_DRAW_NOT_HIDDEN_REALIZED_LABEL
6,B2_roster_prior_v2,7,0,0,256,True,False,False,FALSE,FALSE,4,DESIGN_PRIOR_DRAW_NOT_HIDDEN_REALIZED_LABEL
6,B2_roster_prior_v2,8,0,0,256,True,False,False,FALSE,FALSE,7,DESIGN_PRIOR_DRAW_NOT_HIDDEN_REALIZED_LABEL
6,B2_roster_prior_v2,9,0,0,256,True,False,False,FALSE,FALSE,6,DESIGN_PRIOR_DRAW_NOT_HIDDEN_REALIZED_LABEL
6,B2_roster_prior_v2,10,256,256,256,True,True,True,TRUE,TRUE,2,DESIGN_PRIOR_DRAW_NOT_HIDDEN_REALIZED_LABEL
6,B2_roster_prior_v2,11,0,0,256,False,False,False,FALSE,FALSE,6,DESIGN_PRIOR_DRAW_NOT_HIDDEN_REALIZED_LABEL
6,B2_roster_prior_v2,12,0,0,256,False,False,False,FALSE,FALSE,5,DESIGN_PRIOR_DRAW_NOT_HIDDEN_REALIZED_LABEL
6,B2_roster_prior_v2,13,256,256,256,True,True,True,TRUE,TRUE,1,DESIGN_PRIOR_DRAW_NOT_HIDDEN_REALIZED_LABEL
6,B2_roster_prior_v2,14,0,0,256,True,False,False,FALSE,FALSE,6,DESIGN_PRIOR_DRAW_NOT_HIDDEN_REALIZED_LABEL
6,B2_roster_prior_v2,15,0,0,256,True,False,False,FALSE,FALSE,6,DESIGN_PRIOR_DRAW_NOT_HIDDEN_REALIZED_LABEL
6,B2_roster_prior_v2,16,0,0,256,False,False,False,FALSE,FALSE,8,DESIGN_PRIOR_DRAW_NOT_HIDDEN_REALIZED_LABEL
6,B2_roster_prior_v2,17,256,256,256,True,True,True,TRUE,TRUE,1,DESIGN_PRIOR_DRAW_NOT_HIDDEN_REALIZED_LABEL
6,B2_roster_prior_v2,18,0,0,256,False,False,False,FALSE,FALSE,8,DESIGN_PRIOR_DRAW_NOT_HIDDEN_REALIZED_LABEL
6,B2_roster_prior_v2,19,0,0,256,False,False,False,FALSE,FALSE,7,DESIGN_PRIOR_DRAW_NOT_HIDDEN_REALIZED_LABEL
6,B2_roster_prior_v2,20,0,0,256,True,False,False,FALSE,FALSE,8,DESIGN_PRIOR_DRAW_NOT_HIDDEN_REALIZED_LABEL
6,B2_roster_prior_v2,21,0,0,256,True,False,False,FALSE,FALSE,6,DESIGN_PRIOR_DRAW_NOT_HIDDEN_REALIZED_LABEL
6,B2_roster_prior_v2,22,0,0,256,False,False,False,FALSE,FALSE,6,DESIGN_PRIOR_DRAW_NOT_HIDDEN_REALIZED_LABEL
6,B2_roster_prior_v2,23,0,0,256,True,False,False,FALSE,FALSE,3,DESIGN_PRIOR_DRAW_NOT_HIDDEN_REALIZED_LABEL
6,B2_roster_prior_v2,24,0,0,256,True,False,False,FALSE,FALSE,3,DESIGN_PRIOR_DRAW_NOT_HIDDEN_REALIZED_LABEL
6,B2_roster_prior_v2,25,0,0,256,True,False,False,FALSE,FALSE,8,DESIGN_PRIOR_DRAW_NOT_HIDDEN_REALIZED_LABEL
6,B2_roster_prior_v2,26,0,0,256,True,False,False,FALSE,FALSE,6,DESIGN_PRIOR_DRAW_NOT_HIDDEN_REALIZED_LABEL
6,B2_roster_prior_v2,27,0,0,256,False,False,False,FALSE,FALSE,8,DESIGN_PRIOR_DRAW_NOT_HIDDEN_REALIZED_LABEL
6,B2_roster_prior_v2,28,0,0,256,True,False,False,FALSE,FALSE,8,DESIGN_PRIOR_DRAW_NOT_HIDDEN_REALIZED_LABEL
6,B2_roster_prior_v2,29,0,0,256,True,False,False,FALSE,FALSE,6,DESIGN_PRIOR_DRAW_NOT_HIDDEN_REALIZED_LABEL
6,B2_roster_prior_v2,30,0,0,256,False,False,False,FALSE,FALSE,7,DESIGN_PRIOR_DRAW_NOT_HIDDEN_REALIZED_LABEL
6,B2_roster_prior_v2,31,0,0,256,True,False,False,FALSE,FALSE,8,DESIGN_PRIOR_DRAW_NOT_HIDDEN_REALIZED_LABEL
7,B2_roster_prior_v2,0,256,256,256,True,True,True,TRUE,TRUE,1,DESIGN_PRIOR_DRAW_NOT_HIDDEN_REALIZED_LABEL
7,B2_roster_prior_v2,1,256,256,256,True,True,True,TRUE,TRUE,0,DESIGN_PRIOR_DRAW_NOT_HIDDEN_REALIZED_LABEL
7,B2_roster_prior_v2,2,0,0,256,True,False,False,FALSE,FALSE,7,DESIGN_PRIOR_DRAW_NOT_HIDDEN_REALIZED_LABEL
7,B2_roster_prior_v2,3,0,0,256,True,False,False,FALSE,FALSE,3,DESIGN_PRIOR_DRAW_NOT_HIDDEN_REALIZED_LABEL
7,B2_roster_prior_v2,4,256,256,256,True,True,True,TRUE,TRUE,2,DESIGN_PRIOR_DRAW_NOT_HIDDEN_REALIZED_LABEL
7,B2_roster_prior_v2,5,0,0,256,True,False,False,FALSE,FALSE,6,DESIGN_PRIOR_DRAW_NOT_HIDDEN_REALIZED_LABEL
7,B2_roster_prior_v2,6,256,256,256,True,True,True,TRUE,TRUE,0,DESIGN_PRIOR_DRAW_NOT_HIDDEN_REALIZED_LABEL
7,B2_roster_prior_v2,7,0,0,256,True,False,False,FALSE,FALSE,3,DESIGN_PRIOR_DRAW_NOT_HIDDEN_REALIZED_LABEL
7,B2_roster_prior_v2,8,0,0,256,True,False,False,FALSE,FALSE,6,DESIGN_PRIOR_DRAW_NOT_HIDDEN_REALIZED_LABEL
7,B2_roster_prior_v2,9,256,256,256,True,True,True,TRUE,TRUE,2,DESIGN_PRIOR_DRAW_NOT_HIDDEN_REALIZED_LABEL
7,B2_roster_prior_v2,10,0,0,256,True,False,False,FALSE,FALSE,7,DESIGN_PRIOR_DRAW_NOT_HIDDEN_REALIZED_LABEL
7,B2_roster_prior_v2,11,0,0,256,True,False,False,FALSE,FALSE,8,DESIGN_PRIOR_DRAW_NOT_HIDDEN_REALIZED_LABEL
7,B2_roster_prior_v2,12,0,0,256,False,False,False,FALSE,FALSE,3,DESIGN_PRIOR_DRAW_NOT_HIDDEN_REALIZED_LABEL
7,B2_roster_prior_v2,13,0,0,256,True,False,False,FALSE,FALSE,3,DESIGN_PRIOR_DRAW_NOT_HIDDEN_REALIZED_LABEL
7,B2_roster_prior_v2,14,0,0,256,False,False,False,FALSE,FALSE,5,DESIGN_PRIOR_DRAW_NOT_HIDDEN_REALIZED_LABEL
7,B2_roster_prior_v2,15,256,256,256,True,True,True,TRUE,TRUE,0,DESIGN_PRIOR_DRAW_NOT_HIDDEN_REALIZED_LABEL
7,B2_roster_prior_v2,16,0,0,256,True,False,False,FALSE,FALSE,7,DESIGN_PRIOR_DRAW_NOT_HIDDEN_REALIZED_LABEL
7,B2_roster_prior_v2,17,0,0,256,True,False,False,FALSE,FALSE,8,DESIGN_PRIOR_DRAW_NOT_HIDDEN_REALIZED_LABEL
7,B2_roster_prior_v2,18,256,256,256,True,True,True,TRUE,TRUE,0,DESIGN_PRIOR_DRAW_NOT_HIDDEN_REALIZED_LABEL
7,B2_roster_prior_v2,19,256,256,256,True,True,True,TRUE,TRUE,2,DESIGN_PRIOR_DRAW_NOT_HIDDEN_REALIZED_LABEL
7,B2_roster_prior_v2,20,256,256,256,True,True,True,TRUE,TRUE,0,DESIGN_PRIOR_DRAW_NOT_HIDDEN_REALIZED_LABEL
7,B2_roster_prior_v2,21,256,256,256,True,True,True,TRUE,TRUE,1,DESIGN_PRIOR_DRAW_NOT_HIDDEN_REALIZED_LABEL
7,B2_roster_prior_v2,22,256,256,256,True,True,True,TRUE,TRUE,0,DESIGN_PRIOR_DRAW_NOT_HIDDEN_REALIZED_LABEL
7,B2_roster_prior_v2,23,0,0,256,False,False,False,FALSE,FALSE,8,DESIGN_PRIOR_DRAW_NOT_HIDDEN_REALIZED_LABEL
7,B2_roster_prior_v2,24,256,256,256,True,True,True,TRUE,TRUE,2,DESIGN_PRIOR_DRAW_NOT_HIDDEN_REALIZED_LABEL
7,B2_roster_prior_v2,25,0,0,256,True,False,False,FALSE,FALSE,7,DESIGN_PRIOR_DRAW_NOT_HIDDEN_REALIZED_LABEL
7,B2_roster_prior_v2,26,0,0,256,True,False,False,FALSE,FALSE,8,DESIGN_PRIOR_DRAW_NOT_HIDDEN_REALIZED_LABEL
7,B2_roster_prior_v2,27,0,0,256,True,False,False,FALSE,FALSE,4,DESIGN_PRIOR_DRAW_NOT_HIDDEN_REALIZED_LABEL
7,B2_roster_prior_v2,28,0,0,256,True,False,False,FALSE,FALSE,4,DESIGN_PRIOR_DRAW_NOT_HIDDEN_REALIZED_LABEL
7,B2_roster_prior_v2,29,256,256,256,True,True,True,TRUE,TRUE,0,DESIGN_PRIOR_DRAW_NOT_HIDDEN_REALIZED_LABEL
7,B2_roster_prior_v2,30,0,0,256,True,False,False,FALSE,FALSE,6,DESIGN_PRIOR_DRAW_NOT_HIDDEN_REALIZED_LABEL
7,B2_roster_prior_v2,31,0,0,256,True,False,False,FALSE,FALSE,8,DESIGN_PRIOR_DRAW_NOT_HIDDEN_REALIZED_LABEL
8,B2_roster_prior_v2,0,0,0,256,False,False,False,FALSE,FALSE,3,DESIGN_PRIOR_DRAW_NOT_HIDDEN_REALIZED_LABEL
8,B2_roster_prior_v2,1,0,0,256,True,False,False,FALSE,FALSE,4,DESIGN_PRIOR_DRAW_NOT_HIDDEN_REALIZED_LABEL
8,B2_roster_prior_v2,2,256,256,256,True,True,True,TRUE,TRUE,2,DESIGN_PRIOR_DRAW_NOT_HIDDEN_REALIZED_LABEL
8,B2_roster_prior_v2,3,0,0,256,False,False,False,FALSE,FALSE,7,DESIGN_PRIOR_DRAW_NOT_HIDDEN_REALIZED_LABEL
8,B2_roster_prior_v2,4,256,256,256,True,True,True,TRUE,TRUE,0,DESIGN_PRIOR_DRAW_NOT_HIDDEN_REALIZED_LABEL
8,B2_roster_prior_v2,5,0,0,256,True,False,False,FALSE,FALSE,7,DESIGN_PRIOR_DRAW_NOT_HIDDEN_REALIZED_LABEL
8,B2_roster_prior_v2,6,0,0,256,False,False,False,FALSE,FALSE,6,DESIGN_PRIOR_DRAW_NOT_HIDDEN_REALIZED_LABEL
8,B2_roster_prior_v2,7,0,0,256,False,False,False,FALSE,FALSE,4,DESIGN_PRIOR_DRAW_NOT_HIDDEN_REALIZED_LABEL
8,B2_roster_prior_v2,8,0,0,256,False,False,False,FALSE,FALSE,7,DESIGN_PRIOR_DRAW_NOT_HIDDEN_REALIZED_LABEL
8,B2_roster_prior_v2,9,256,256,256,False,False,False,FALSE,FALSE,0,DESIGN_PRIOR_DRAW_NOT_HIDDEN_REALIZED_LABEL
8,B2_roster_prior_v2,10,256,256,256,True,True,True,TRUE,TRUE,1,DESIGN_PRIOR_DRAW_NOT_HIDDEN_REALIZED_LABEL
8,B2_roster_prior_v2,11,0,0,256,True,False,False,FALSE,FALSE,7,DESIGN_PRIOR_DRAW_NOT_HIDDEN_REALIZED_LABEL
8,B2_roster_prior_v2,12,256,256,256,False,False,False,FALSE,FALSE,2,DESIGN_PRIOR_DRAW_NOT_HIDDEN_REALIZED_LABEL
8,B2_roster_prior_v2,13,0,0,256,True,False,False,FALSE,FALSE,8,DESIGN_PRIOR_DRAW_NOT_HIDDEN_REALIZED_LABEL
8,B2_roster_prior_v2,14,256,256,256,False,False,False,FALSE,FALSE,2,DESIGN_PRIOR_DRAW_NOT_HIDDEN_REALIZED_LABEL
8,B2_roster_prior_v2,15,0,0,256,False,False,False,FALSE,FALSE,6,DESIGN_PRIOR_DRAW_NOT_HIDDEN_REALIZED_LABEL
8,B2_roster_prior_v2,16,256,256,256,False,False,False,FALSE,FALSE,0,DESIGN_PRIOR_DRAW_NOT_HIDDEN_REALIZED_LABEL
8,B2_roster_prior_v2,17,256,256,256,True,True,True,TRUE,TRUE,2,DESIGN_PRIOR_DRAW_NOT_HIDDEN_REALIZED_LABEL
8,B2_roster_prior_v2,18,0,0,256,True,False,False,FALSE,FALSE,7,DESIGN_PRIOR_DRAW_NOT_HIDDEN_REALIZED_LABEL
8,B2_roster_prior_v2,19,0,0,256,False,False,False,FALSE,FALSE,8,DESIGN_PRIOR_DRAW_NOT_HIDDEN_REALIZED_LABEL
8,B2_roster_prior_v2,20,256,256,256,True,True,True,TRUE,TRUE,2,DESIGN_PRIOR_DRAW_NOT_HIDDEN_REALIZED_LABEL
8,B2_roster_prior_v2,21,256,256,256,False,False,False,FALSE,FALSE,2,DESIGN_PRIOR_DRAW_NOT_HIDDEN_REALIZED_LABEL
8,B2_roster_prior_v2,22,0,0,256,True,False,False,FALSE,FALSE,7,DESIGN_PRIOR_DRAW_NOT_HIDDEN_REALIZED_LABEL
8,B2_roster_prior_v2,23,173,173,256,False,False,False,FALSE,FALSE,0,DESIGN_PRIOR_DRAW_NOT_HIDDEN_REALIZED_LABEL
8,B2_roster_prior_v2,24,256,256,256,False,False,False,FALSE,FALSE,0,DESIGN_PRIOR_DRAW_NOT_HIDDEN_REALIZED_LABEL
8,B2_roster_prior_v2,25,0,0,256,True,False,False,FALSE,FALSE,3,DESIGN_PRIOR_DRAW_NOT_HIDDEN_REALIZED_LABEL
8,B2_roster_prior_v2,26,0,0,256,False,False,False,FALSE,FALSE,8,DESIGN_PRIOR_DRAW_NOT_HIDDEN_REALIZED_LABEL
8,B2_roster_prior_v2,27,0,0,256,False,False,False,FALSE,FALSE,3,DESIGN_PRIOR_DRAW_NOT_HIDDEN_REALIZED_LABEL
8,B2_roster_prior_v2,28,0,0,256,True,False,False,FALSE,FALSE,8,DESIGN_PRIOR_DRAW_NOT_HIDDEN_REALIZED_LABEL
8,B2_roster_prior_v2,29,256,256,256,True,True,True,TRUE,TRUE,1,DESIGN_PRIOR_DRAW_NOT_HIDDEN_REALIZED_LABEL
8,B2_roster_prior_v2,30,256,256,256,True,True,True,TRUE,TRUE,1,DESIGN_PRIOR_DRAW_NOT_HIDDEN_REALIZED_LABEL
8,B2_roster_prior_v2,31,256,256,256,True,True,True,TRUE,TRUE,1,DESIGN_PRIOR_DRAW_NOT_HIDDEN_REALIZED_LABEL
9,B2_roster_prior_v2,0,0,0,256,True,False,False,FALSE,FALSE,8,DESIGN_PRIOR_DRAW_NOT_HIDDEN_REALIZED_LABEL
9,B2_roster_prior_v2,1,0,0,256,True,False,False,FALSE,FALSE,7,DESIGN_PRIOR_DRAW_NOT_HIDDEN_REALIZED_LABEL
9,B2_roster_prior_v2,2,0,0,256,True,False,False,FALSE,FALSE,8,DESIGN_PRIOR_DRAW_NOT_HIDDEN_REALIZED_LABEL
9,B2_roster_prior_v2,3,0,0,256,True,False,False,FALSE,FALSE,8,DESIGN_PRIOR_DRAW_NOT_HIDDEN_REALIZED_LABEL
9,B2_roster_prior_v2,4,0,0,256,False,False,False,FALSE,FALSE,6,DESIGN_PRIOR_DRAW_NOT_HIDDEN_REALIZED_LABEL
9,B2_roster_prior_v2,5,0,0,256,True,False,False,FALSE,FALSE,6,DESIGN_PRIOR_DRAW_NOT_HIDDEN_REALIZED_LABEL
9,B2_roster_prior_v2,6,0,0,256,True,False,False,FALSE,FALSE,4,DESIGN_PRIOR_DRAW_NOT_HIDDEN_REALIZED_LABEL
9,B2_roster_prior_v2,7,0,0,256,True,False,False,FALSE,FALSE,5,DESIGN_PRIOR_DRAW_NOT_HIDDEN_REALIZED_LABEL
9,B2_roster_prior_v2,8,0,0,256,True,False,False,FALSE,FALSE,5,DESIGN_PRIOR_DRAW_NOT_HIDDEN_REALIZED_LABEL
9,B2_roster_prior_v2,9,256,256,256,True,True,True,TRUE,TRUE,2,DESIGN_PRIOR_DRAW_NOT_HIDDEN_REALIZED_LABEL
9,B2_roster_prior_v2,10,256,256,256,True,True,True,TRUE,TRUE,2,DESIGN_PRIOR_DRAW_NOT_HIDDEN_REALIZED_LABEL
9,B2_roster_prior_v2,11,0,0,256,True,False,False,FALSE,FALSE,7,DESIGN_PRIOR_DRAW_NOT_HIDDEN_REALIZED_LABEL
9,B2_roster_prior_v2,12,0,0,256,True,False,False,FALSE,FALSE,7,DESIGN_PRIOR_DRAW_NOT_HIDDEN_REALIZED_LABEL
9,B2_roster_prior_v2,13,0,0,256,True,False,False,FALSE,FALSE,6,DESIGN_PRIOR_DRAW_NOT_HIDDEN_REALIZED_LABEL
9,B2_roster_prior_v2,14,0,0,256,True,False,False,FALSE,FALSE,3,DESIGN_PRIOR_DRAW_NOT_HIDDEN_REALIZED_LABEL
9,B2_roster_prior_v2,15,0,0,256,True,False,False,FALSE,FALSE,5,DESIGN_PRIOR_DRAW_NOT_HIDDEN_REALIZED_LABEL
9,B2_roster_prior_v2,16,256,256,256,False,False,False,FALSE,FALSE,1,DESIGN_PRIOR_DRAW_NOT_HIDDEN_REALIZED_LABEL
9,B2_roster_prior_v2,17,256,256,256,True,True,True,TRUE,TRUE,1,DESIGN_PRIOR_DRAW_NOT_HIDDEN_REALIZED_LABEL
9,B2_roster_prior_v2,18,0,0,256,True,False,False,FALSE,FALSE,8,DESIGN_PRIOR_DRAW_NOT_HIDDEN_REALIZED_LABEL
9,B2_roster_prior_v2,19,0,0,256,True,False,False,FALSE,FALSE,6,DESIGN_PRIOR_DRAW_NOT_HIDDEN_REALIZED_LABEL
9,B2_roster_prior_v2,20,0,0,256,True,False,False,FALSE,FALSE,4,DESIGN_PRIOR_DRAW_NOT_HIDDEN_REALIZED_LABEL
9,B2_roster_prior_v2,21,0,0,256,True,False,False,FALSE,FALSE,8,DESIGN_PRIOR_DRAW_NOT_HIDDEN_REALIZED_LABEL
9,B2_roster_prior_v2,22,0,0,256,True,False,False,FALSE,FALSE,7,DESIGN_PRIOR_DRAW_NOT_HIDDEN_REALIZED_LABEL
9,B2_roster_prior_v2,23,0,0,256,True,False,False,FALSE,FALSE,7,DESIGN_PRIOR_DRAW_NOT_HIDDEN_REALIZED_LABEL
9,B2_roster_prior_v2,24,0,0,256,False,False,False,FALSE,FALSE,4,DESIGN_PRIOR_DRAW_NOT_HIDDEN_REALIZED_LABEL
9,B2_roster_prior_v2,25,0,0,256,True,False,False,FALSE,FALSE,7,DESIGN_PRIOR_DRAW_NOT_HIDDEN_REALIZED_LABEL
9,B2_roster_prior_v2,26,0,0,256,True,False,False,FALSE,FALSE,7,DESIGN_PRIOR_DRAW_NOT_HIDDEN_REALIZED_LABEL
9,B2_roster_prior_v2,27,0,0,256,True,False,False,FALSE,FALSE,6,DESIGN_PRIOR_DRAW_NOT_HIDDEN_REALIZED_LABEL
9,B2_roster_prior_v2,28,0,0,256,True,False,False,FALSE,FALSE,3,DESIGN_PRIOR_DRAW_NOT_HIDDEN_REALIZED_LABEL
9,B2_roster_prior_v2,29,0,0,256,True,False,False,FALSE,FALSE,7,DESIGN_PRIOR_DRAW_NOT_HIDDEN_REALIZED_LABEL
9,B2_roster_prior_v2,30,0,0,256,True,False,False,FALSE,FALSE,5,DESIGN_PRIOR_DRAW_NOT_HIDDEN_REALIZED_LABEL
9,B2_roster_prior_v2,31,256,256,256,False,False,False,FALSE,FALSE,2,DESIGN_PRIOR_DRAW_NOT_HIDDEN_REALIZED_LABEL
10,B2_roster_prior_v2,0,0,0,256,False,False,False,FALSE,FALSE,6,DESIGN_PRIOR_DRAW_NOT_HIDDEN_REALIZED_LABEL
10,B2_roster_prior_v2,1,0,0,256,False,False,False,FALSE,FALSE,3,DESIGN_PRIOR_DRAW_NOT_HIDDEN_REALIZED_LABEL
10,B2_roster_prior_v2,2,0,0,256,False,False,False,FALSE,FALSE,8,DESIGN_PRIOR_DRAW_NOT_HIDDEN_REALIZED_LABEL
10,B2_roster_prior_v2,3,0,0,256,False,False,False,FALSE,FALSE,6,DESIGN_PRIOR_DRAW_NOT_HIDDEN_REALIZED_LABEL
10,B2_roster_prior_v2,4,0,0,256,False,False,False,FALSE,FALSE,3,DESIGN_PRIOR_DRAW_NOT_HIDDEN_REALIZED_LABEL
10,B2_roster_prior_v2,5,256,256,256,True,True,True,TRUE,TRUE,2,DESIGN_PRIOR_DRAW_NOT_HIDDEN_REALIZED_LABEL
10,B2_roster_prior_v2,6,0,0,256,False,False,False,FALSE,FALSE,8,DESIGN_PRIOR_DRAW_NOT_HIDDEN_REALIZED_LABEL
10,B2_roster_prior_v2,7,0,0,256,False,False,False,FALSE,FALSE,7,DESIGN_PRIOR_DRAW_NOT_HIDDEN_REALIZED_LABEL
10,B2_roster_prior_v2,8,0,0,256,False,False,False,FALSE,FALSE,5,DESIGN_PRIOR_DRAW_NOT_HIDDEN_REALIZED_LABEL
10,B2_roster_prior_v2,9,0,0,256,False,False,False,FALSE,FALSE,7,DESIGN_PRIOR_DRAW_NOT_HIDDEN_REALIZED_LABEL
10,B2_roster_prior_v2,10,256,256,256,False,False,False,FALSE,FALSE,1,DESIGN_PRIOR_DRAW_NOT_HIDDEN_REALIZED_LABEL
10,B2_roster_prior_v2,11,0,0,256,False,False,False,FALSE,FALSE,3,DESIGN_PRIOR_DRAW_NOT_HIDDEN_REALIZED_LABEL
10,B2_roster_prior_v2,12,256,256,256,False,False,False,FALSE,FALSE,1,DESIGN_PRIOR_DRAW_NOT_HIDDEN_REALIZED_LABEL
10,B2_roster_prior_v2,13,0,0,256,False,False,False,FALSE,FALSE,6,DESIGN_PRIOR_DRAW_NOT_HIDDEN_REALIZED_LABEL
10,B2_roster_prior_v2,14,256,256,256,True,True,True,TRUE,TRUE,0,DESIGN_PRIOR_DRAW_NOT_HIDDEN_REALIZED_LABEL
10,B2_roster_prior_v2,15,0,0,256,False,False,False,FALSE,FALSE,3,DESIGN_PRIOR_DRAW_NOT_HIDDEN_REALIZED_LABEL
10,B2_roster_prior_v2,16,0,0,256,False,False,False,FALSE,FALSE,8,DESIGN_PRIOR_DRAW_NOT_HIDDEN_REALIZED_LABEL
10,B2_roster_prior_v2,17,0,0,256,True,False,False,FALSE,FALSE,8,DESIGN_PRIOR_DRAW_NOT_HIDDEN_REALIZED_LABEL
10,B2_roster_prior_v2,18,256,256,256,False,False,False,FALSE,FALSE,1,DESIGN_PRIOR_DRAW_NOT_HIDDEN_REALIZED_LABEL
10,B2_roster_prior_v2,19,0,0,256,False,False,False,FALSE,FALSE,8,DESIGN_PRIOR_DRAW_NOT_HIDDEN_REALIZED_LABEL
10,B2_roster_prior_v2,20,0,0,256,False,False,False,FALSE,FALSE,5,DESIGN_PRIOR_DRAW_NOT_HIDDEN_REALIZED_LABEL
10,B2_roster_prior_v2,21,0,0,256,False,False,False,FALSE,FALSE,5,DESIGN_PRIOR_DRAW_NOT_HIDDEN_REALIZED_LABEL
10,B2_roster_prior_v2,22,0,0,256,True,False,False,FALSE,FALSE,8,DESIGN_PRIOR_DRAW_NOT_HIDDEN_REALIZED_LABEL
10,B2_roster_prior_v2,23,256,256,256,False,False,False,FALSE,FALSE,2,DESIGN_PRIOR_DRAW_NOT_HIDDEN_REALIZED_LABEL
10,B2_roster_prior_v2,24,255,255,256,False,False,False,FALSE,FALSE,1,DESIGN_PRIOR_DRAW_NOT_HIDDEN_REALIZED_LABEL
10,B2_roster_prior_v2,25,0,0,256,False,False,False,FALSE,FALSE,3,DESIGN_PRIOR_DRAW_NOT_HIDDEN_REALIZED_LABEL
10,B2_roster_prior_v2,26,0,0,256,False,False,False,FALSE,FALSE,7,DESIGN_PRIOR_DRAW_NOT_HIDDEN_REALIZED_LABEL
10,B2_roster_prior_v2,27,0,0,256,False,False,False,FALSE,FALSE,6,DESIGN_PRIOR_DRAW_NOT_HIDDEN_REALIZED_LABEL
10,B2_roster_prior_v2,28,0,0,256,False,False,False,FALSE,FALSE,8,DESIGN_PRIOR_DRAW_NOT_HIDDEN_REALIZED_LABEL
10,B2_roster_prior_v2,29,256,256,256,False,False,False,FALSE,FALSE,2,DESIGN_PRIOR_DRAW_NOT_HIDDEN_REALIZED_LABEL
10,B2_roster_prior_v2,30,256,256,256,False,False,False,FALSE,FALSE,2,DESIGN_PRIOR_DRAW_NOT_HIDDEN_REALIZED_LABEL
10,B2_roster_prior_v2,31,0,0,256,False,False,False,FALSE,FALSE,3,DESIGN_PRIOR_DRAW_NOT_HIDDEN_REALIZED_LABEL
11,B2_roster_prior_v2,0,0,0,256,True,False,False,FALSE,FALSE,7,DESIGN_PRIOR_DRAW_NOT_HIDDEN_REALIZED_LABEL
11,B2_roster_prior_v2,1,0,0,256,True,False,False,FALSE,FALSE,8,DESIGN_PRIOR_DRAW_NOT_HIDDEN_REALIZED_LABEL
11,B2_roster_prior_v2,2,0,0,256,True,False,False,FALSE,FALSE,5,DESIGN_PRIOR_DRAW_NOT_HIDDEN_REALIZED_LABEL
11,B2_roster_prior_v2,3,0,0,256,True,False,False,FALSE,FALSE,7,DESIGN_PRIOR_DRAW_NOT_HIDDEN_REALIZED_LABEL
11,B2_roster_prior_v2,4,0,0,256,True,False,False,FALSE,FALSE,6,DESIGN_PRIOR_DRAW_NOT_HIDDEN_REALIZED_LABEL
11,B2_roster_prior_v2,5,0,0,256,True,False,False,FALSE,FALSE,6,DESIGN_PRIOR_DRAW_NOT_HIDDEN_REALIZED_LABEL
11,B2_roster_prior_v2,6,256,256,256,True,True,True,TRUE,TRUE,2,DESIGN_PRIOR_DRAW_NOT_HIDDEN_REALIZED_LABEL
11,B2_roster_prior_v2,7,256,256,256,True,True,True,TRUE,TRUE,1,DESIGN_PRIOR_DRAW_NOT_HIDDEN_REALIZED_LABEL
11,B2_roster_prior_v2,8,256,256,256,True,True,True,TRUE,TRUE,2,DESIGN_PRIOR_DRAW_NOT_HIDDEN_REALIZED_LABEL
11,B2_roster_prior_v2,9,0,0,256,True,False,False,FALSE,FALSE,8,DESIGN_PRIOR_DRAW_NOT_HIDDEN_REALIZED_LABEL
11,B2_roster_prior_v2,10,0,0,256,False,False,False,FALSE,FALSE,7,DESIGN_PRIOR_DRAW_NOT_HIDDEN_REALIZED_LABEL
11,B2_roster_prior_v2,11,0,0,256,True,False,False,FALSE,FALSE,7,DESIGN_PRIOR_DRAW_NOT_HIDDEN_REALIZED_LABEL
11,B2_roster_prior_v2,12,0,0,256,True,False,False,FALSE,FALSE,3,DESIGN_PRIOR_DRAW_NOT_HIDDEN_REALIZED_LABEL
11,B2_roster_prior_v2,13,0,0,256,True,False,False,FALSE,FALSE,8,DESIGN_PRIOR_DRAW_NOT_HIDDEN_REALIZED_LABEL
11,B2_roster_prior_v2,14,0,0,256,False,False,False,FALSE,FALSE,6,DESIGN_PRIOR_DRAW_NOT_HIDDEN_REALIZED_LABEL
11,B2_roster_prior_v2,15,0,0,256,True,False,False,FALSE,FALSE,5,DESIGN_PRIOR_DRAW_NOT_HIDDEN_REALIZED_LABEL
11,B2_roster_prior_v2,16,0,0,256,False,False,False,FALSE,FALSE,5,DESIGN_PRIOR_DRAW_NOT_HIDDEN_REALIZED_LABEL
11,B2_roster_prior_v2,17,256,256,256,True,True,True,TRUE,TRUE,0,DESIGN_PRIOR_DRAW_NOT_HIDDEN_REALIZED_LABEL
11,B2_roster_prior_v2,18,0,0,256,True,False,False,FALSE,FALSE,6,DESIGN_PRIOR_DRAW_NOT_HIDDEN_REALIZED_LABEL
11,B2_roster_prior_v2,19,0,0,256,True,False,False,FALSE,FALSE,3,DESIGN_PRIOR_DRAW_NOT_HIDDEN_REALIZED_LABEL
11,B2_roster_prior_v2,20,0,0,256,True,False,False,FALSE,FALSE,7,DESIGN_PRIOR_DRAW_NOT_HIDDEN_REALIZED_LABEL
11,B2_roster_prior_v2,21,256,256,256,True,True,True,TRUE,TRUE,1,DESIGN_PRIOR_DRAW_NOT_HIDDEN_REALIZED_LABEL
11,B2_roster_prior_v2,22,0,0,256,True,False,False,FALSE,FALSE,7,DESIGN_PRIOR_DRAW_NOT_HIDDEN_REALIZED_LABEL
11,B2_roster_prior_v2,23,0,0,256,False,False,False,FALSE,FALSE,7,DESIGN_PRIOR_DRAW_NOT_HIDDEN_REALIZED_LABEL
11,B2_roster_prior_v2,24,0,0,256,False,False,False,FALSE,FALSE,4,DESIGN_PRIOR_DRAW_NOT_HIDDEN_REALIZED_LABEL
11,B2_roster_prior_v2,25,0,0,256,True,False,False,FALSE,FALSE,8,DESIGN_PRIOR_DRAW_NOT_HIDDEN_REALIZED_LABEL
11,B2_roster_prior_v2,26,0,0,256,False,False,False,FALSE,FALSE,3,DESIGN_PRIOR_DRAW_NOT_HIDDEN_REALIZED_LABEL
11,B2_roster_prior_v2,27,0,0,256,True,False,False,FALSE,FALSE,6,DESIGN_PRIOR_DRAW_NOT_HIDDEN_REALIZED_LABEL
11,B2_roster_prior_v2,28,0,0,256,True,False,False,FALSE,FALSE,6,DESIGN_PRIOR_DRAW_NOT_HIDDEN_REALIZED_LABEL
11,B2_roster_prior_v2,29,0,0,256,True,False,False,FALSE,FALSE,6,DESIGN_PRIOR_DRAW_NOT_HIDDEN_REALIZED_LABEL
11,B2_roster_prior_v2,30,256,256,256,True,True,True,TRUE,TRUE,1,DESIGN_PRIOR_DRAW_NOT_HIDDEN_REALIZED_LABEL
11,B2_roster_prior_v2,31,0,0,256,False,False,False,FALSE,FALSE,5,DESIGN_PRIOR_DRAW_NOT_HIDDEN_REALIZED_LABEL
12,B2_roster_prior_v2,0,0,0,256,True,False,False,FALSE,FALSE,3,DESIGN_PRIOR_DRAW_NOT_HIDDEN_REALIZED_LABEL
12,B2_roster_prior_v2,1,0,0,256,True,False,False,FALSE,FALSE,8,DESIGN_PRIOR_DRAW_NOT_HIDDEN_REALIZED_LABEL
12,B2_roster_prior_v2,2,0,0,256,True,False,False,FALSE,FALSE,7,DESIGN_PRIOR_DRAW_NOT_HIDDEN_REALIZED_LABEL
12,B2_roster_prior_v2,3,0,0,256,False,False,False,FALSE,FALSE,3,DESIGN_PRIOR_DRAW_NOT_HIDDEN_REALIZED_LABEL
12,B2_roster_prior_v2,4,0,0,256,True,False,False,FALSE,FALSE,7,DESIGN_PRIOR_DRAW_NOT_HIDDEN_REALIZED_LABEL
12,B2_roster_prior_v2,5,0,0,256,True,False,False,FALSE,FALSE,4,DESIGN_PRIOR_DRAW_NOT_HIDDEN_REALIZED_LABEL
12,B2_roster_prior_v2,6,0,0,256,True,False,False,FALSE,FALSE,7,DESIGN_PRIOR_DRAW_NOT_HIDDEN_REALIZED_LABEL
12,B2_roster_prior_v2,7,256,256,256,False,False,False,FALSE,FALSE,1,DESIGN_PRIOR_DRAW_NOT_HIDDEN_REALIZED_LABEL
12,B2_roster_prior_v2,8,0,0,256,False,False,False,FALSE,FALSE,5,DESIGN_PRIOR_DRAW_NOT_HIDDEN_REALIZED_LABEL
12,B2_roster_prior_v2,9,256,256,256,False,False,False,FALSE,FALSE,1,DESIGN_PRIOR_DRAW_NOT_HIDDEN_REALIZED_LABEL
12,B2_roster_prior_v2,10,0,0,256,False,False,False,FALSE,FALSE,6,DESIGN_PRIOR_DRAW_NOT_HIDDEN_REALIZED_LABEL
12,B2_roster_prior_v2,11,0,0,256,False,False,False,FALSE,FALSE,7,DESIGN_PRIOR_DRAW_NOT_HIDDEN_REALIZED_LABEL
12,B2_roster_prior_v2,12,0,0,256,False,False,False,FALSE,FALSE,3,DESIGN_PRIOR_DRAW_NOT_HIDDEN_REALIZED_LABEL
12,B2_roster_prior_v2,13,256,256,256,False,False,False,FALSE,FALSE,2,DESIGN_PRIOR_DRAW_NOT_HIDDEN_REALIZED_LABEL
12,B2_roster_prior_v2,14,0,0,256,False,False,False,FALSE,FALSE,8,DESIGN_PRIOR_DRAW_NOT_HIDDEN_REALIZED_LABEL
12,B2_roster_prior_v2,15,247,247,256,False,False,False,FALSE,FALSE,0,DESIGN_PRIOR_DRAW_NOT_HIDDEN_REALIZED_LABEL
12,B2_roster_prior_v2,16,0,0,256,False,False,False,FALSE,FALSE,7,DESIGN_PRIOR_DRAW_NOT_HIDDEN_REALIZED_LABEL
12,B2_roster_prior_v2,17,0,0,256,True,False,False,FALSE,FALSE,8,DESIGN_PRIOR_DRAW_NOT_HIDDEN_REALIZED_LABEL
12,B2_roster_prior_v2,18,256,256,256,True,True,True,TRUE,TRUE,2,DESIGN_PRIOR_DRAW_NOT_HIDDEN_REALIZED_LABEL
12,B2_roster_prior_v2,19,248,248,256,False,False,False,FALSE,FALSE,2,DESIGN_PRIOR_DRAW_NOT_HIDDEN_REALIZED_LABEL
12,B2_roster_prior_v2,20,256,256,256,True,True,True,TRUE,TRUE,0,DESIGN_PRIOR_DRAW_NOT_HIDDEN_REALIZED_LABEL
12,B2_roster_prior_v2,21,0,0,256,False,False,False,FALSE,FALSE,6,DESIGN_PRIOR_DRAW_NOT_HIDDEN_REALIZED_LABEL
12,B2_roster_prior_v2,22,0,0,256,True,False,False,FALSE,FALSE,7,DESIGN_PRIOR_DRAW_NOT_HIDDEN_REALIZED_LABEL
12,B2_roster_prior_v2,23,0,0,256,False,False,False,FALSE,FALSE,4,DESIGN_PRIOR_DRAW_NOT_HIDDEN_REALIZED_LABEL
12,B2_roster_prior_v2,24,0,0,256,False,False,False,FALSE,FALSE,6,DESIGN_PRIOR_DRAW_NOT_HIDDEN_REALIZED_LABEL
12,B2_roster_prior_v2,25,0,0,256,False,False,False,FALSE,FALSE,8,DESIGN_PRIOR_DRAW_NOT_HIDDEN_REALIZED_LABEL
12,B2_roster_prior_v2,26,0,0,256,False,False,False,FALSE,FALSE,4,DESIGN_PRIOR_DRAW_NOT_HIDDEN_REALIZED_LABEL
12,B2_roster_prior_v2,27,0,0,256,True,False,False,FALSE,FALSE,7,DESIGN_PRIOR_DRAW_NOT_HIDDEN_REALIZED_LABEL
12,B2_roster_prior_v2,28,0,0,256,False,False,False,FALSE,FALSE,6,DESIGN_PRIOR_DRAW_NOT_HIDDEN_REALIZED_LABEL
12,B2_roster_prior_v2,29,0,0,256,False,False,False,FALSE,FALSE,8,DESIGN_PRIOR_DRAW_NOT_HIDDEN_REALIZED_LABEL
12,B2_roster_prior_v2,30,0,0,256,True,False,False,FALSE,FALSE,7,DESIGN_PRIOR_DRAW_NOT_HIDDEN_REALIZED_LABEL
12,B2_roster_prior_v2,31,0,0,256,False,False,False,FALSE,FALSE,6,DESIGN_PRIOR_DRAW_NOT_HIDDEN_REALIZED_LABEL
13,B2_roster_prior_v2,0,0,0,256,False,False,False,FALSE,FALSE,6,DESIGN_PRIOR_DRAW_NOT_HIDDEN_REALIZED_LABEL
13,B2_roster_prior_v2,1,0,0,256,False,False,False,FALSE,FALSE,7,DESIGN_PRIOR_DRAW_NOT_HIDDEN_REALIZED_LABEL
13,B2_roster_prior_v2,2,0,0,256,True,False,False,FALSE,FALSE,3,DESIGN_PRIOR_DRAW_NOT_HIDDEN_REALIZED_LABEL
13,B2_roster_prior_v2,3,0,0,256,True,False,False,FALSE,FALSE,8,DESIGN_PRIOR_DRAW_NOT_HIDDEN_REALIZED_LABEL
13,B2_roster_prior_v2,4,0,0,256,True,False,False,FALSE,FALSE,5,DESIGN_PRIOR_DRAW_NOT_HIDDEN_REALIZED_LABEL
13,B2_roster_prior_v2,5,0,0,256,True,False,False,FALSE,FALSE,6,DESIGN_PRIOR_DRAW_NOT_HIDDEN_REALIZED_LABEL
13,B2_roster_prior_v2,6,0,0,256,True,False,False,FALSE,FALSE,6,DESIGN_PRIOR_DRAW_NOT_HIDDEN_REALIZED_LABEL
13,B2_roster_prior_v2,7,0,0,256,True,False,False,FALSE,FALSE,7,DESIGN_PRIOR_DRAW_NOT_HIDDEN_REALIZED_LABEL
13,B2_roster_prior_v2,8,0,0,256,False,False,False,FALSE,FALSE,7,DESIGN_PRIOR_DRAW_NOT_HIDDEN_REALIZED_LABEL
13,B2_roster_prior_v2,9,0,0,256,True,False,False,FALSE,FALSE,7,DESIGN_PRIOR_DRAW_NOT_HIDDEN_REALIZED_LABEL
13,B2_roster_prior_v2,10,256,256,256,True,True,True,TRUE,TRUE,0,DESIGN_PRIOR_DRAW_NOT_HIDDEN_REALIZED_LABEL
13,B2_roster_prior_v2,11,256,256,256,True,True,True,TRUE,TRUE,0,DESIGN_PRIOR_DRAW_NOT_HIDDEN_REALIZED_LABEL
13,B2_roster_prior_v2,12,0,0,256,True,False,False,FALSE,FALSE,7,DESIGN_PRIOR_DRAW_NOT_HIDDEN_REALIZED_LABEL
13,B2_roster_prior_v2,13,0,0,256,False,False,False,FALSE,FALSE,7,DESIGN_PRIOR_DRAW_NOT_HIDDEN_REALIZED_LABEL
13,B2_roster_prior_v2,14,0,0,256,True,False,False,FALSE,FALSE,6,DESIGN_PRIOR_DRAW_NOT_HIDDEN_REALIZED_LABEL
13,B2_roster_prior_v2,15,0,0,256,False,False,False,FALSE,FALSE,7,DESIGN_PRIOR_DRAW_NOT_HIDDEN_REALIZED_LABEL
13,B2_roster_prior_v2,16,0,0,256,False,False,False,FALSE,FALSE,8,DESIGN_PRIOR_DRAW_NOT_HIDDEN_REALIZED_LABEL
13,B2_roster_prior_v2,17,256,256,256,True,True,True,TRUE,TRUE,2,DESIGN_PRIOR_DRAW_NOT_HIDDEN_REALIZED_LABEL
13,B2_roster_prior_v2,18,0,0,256,True,False,False,FALSE,FALSE,7,DESIGN_PRIOR_DRAW_NOT_HIDDEN_REALIZED_LABEL
13,B2_roster_prior_v2,19,0,0,256,True,False,False,FALSE,FALSE,7,DESIGN_PRIOR_DRAW_NOT_HIDDEN_REALIZED_LABEL
13,B2_roster_prior_v2,20,0,0,256,False,False,False,FALSE,FALSE,4,DESIGN_PRIOR_DRAW_NOT_HIDDEN_REALIZED_LABEL
13,B2_roster_prior_v2,21,0,0,256,False,False,False,FALSE,FALSE,3,DESIGN_PRIOR_DRAW_NOT_HIDDEN_REALIZED_LABEL
13,B2_roster_prior_v2,22,0,0,256,False,False,False,FALSE,FALSE,7,DESIGN_PRIOR_DRAW_NOT_HIDDEN_REALIZED_LABEL
13,B2_roster_prior_v2,23,0,0,256,False,False,False,FALSE,FALSE,7,DESIGN_PRIOR_DRAW_NOT_HIDDEN_REALIZED_LABEL
13,B2_roster_prior_v2,24,0,0,256,True,False,False,FALSE,FALSE,7,DESIGN_PRIOR_DRAW_NOT_HIDDEN_REALIZED_LABEL
13,B2_roster_prior_v2,25,0,0,256,True,False,False,FALSE,FALSE,3,DESIGN_PRIOR_DRAW_NOT_HIDDEN_REALIZED_LABEL
13,B2_roster_prior_v2,26,256,256,256,True,True,True,TRUE,TRUE,0,DESIGN_PRIOR_DRAW_NOT_HIDDEN_REALIZED_LABEL
13,B2_roster_prior_v2,27,0,0,256,False,False,False,FALSE,FALSE,8,DESIGN_PRIOR_DRAW_NOT_HIDDEN_REALIZED_LABEL
13,B2_roster_prior_v2,28,0,0,256,False,False,False,FALSE,FALSE,6,DESIGN_PRIOR_DRAW_NOT_HIDDEN_REALIZED_LABEL
13,B2_roster_prior_v2,29,256,256,256,True,True,True,TRUE,TRUE,1,DESIGN_PRIOR_DRAW_NOT_HIDDEN_REALIZED_LABEL
13,B2_roster_prior_v2,30,256,256,256,False,False,False,FALSE,FALSE,0,DESIGN_PRIOR_DRAW_NOT_HIDDEN_REALIZED_LABEL
13,B2_roster_prior_v2,31,0,0,256,False,False,False,FALSE,FALSE,8,DESIGN_PRIOR_DRAW_NOT_HIDDEN_REALIZED_LABEL
14,B2_roster_prior_v2,0,256,256,256,False,False,False,FALSE,FALSE,2,DESIGN_PRIOR_DRAW_NOT_HIDDEN_REALIZED_LABEL
14,B2_roster_prior_v2,1,256,256,256,False,False,False,FALSE,FALSE,0,DESIGN_PRIOR_DRAW_NOT_HIDDEN_REALIZED_LABEL
14,B2_roster_prior_v2,2,0,0,256,False,False,False,FALSE,FALSE,8,DESIGN_PRIOR_DRAW_NOT_HIDDEN_REALIZED_LABEL
14,B2_roster_prior_v2,3,256,256,256,True,True,True,TRUE,TRUE,2,DESIGN_PRIOR_DRAW_NOT_HIDDEN_REALIZED_LABEL
14,B2_roster_prior_v2,4,256,256,256,True,True,True,TRUE,TRUE,2,DESIGN_PRIOR_DRAW_NOT_HIDDEN_REALIZED_LABEL
14,B2_roster_prior_v2,5,0,0,256,False,False,False,FALSE,FALSE,8,DESIGN_PRIOR_DRAW_NOT_HIDDEN_REALIZED_LABEL
14,B2_roster_prior_v2,6,256,256,256,False,False,False,FALSE,FALSE,2,DESIGN_PRIOR_DRAW_NOT_HIDDEN_REALIZED_LABEL
14,B2_roster_prior_v2,7,0,0,256,True,False,False,FALSE,FALSE,8,DESIGN_PRIOR_DRAW_NOT_HIDDEN_REALIZED_LABEL
14,B2_roster_prior_v2,8,0,0,256,False,False,False,FALSE,FALSE,6,DESIGN_PRIOR_DRAW_NOT_HIDDEN_REALIZED_LABEL
14,B2_roster_prior_v2,9,0,0,256,True,False,False,FALSE,FALSE,7,DESIGN_PRIOR_DRAW_NOT_HIDDEN_REALIZED_LABEL
14,B2_roster_prior_v2,10,0,0,256,False,False,False,FALSE,FALSE,7,DESIGN_PRIOR_DRAW_NOT_HIDDEN_REALIZED_LABEL
14,B2_roster_prior_v2,11,256,256,256,True,True,True,TRUE,TRUE,1,DESIGN_PRIOR_DRAW_NOT_HIDDEN_REALIZED_LABEL
14,B2_roster_prior_v2,12,0,0,256,True,False,False,FALSE,FALSE,8,DESIGN_PRIOR_DRAW_NOT_HIDDEN_REALIZED_LABEL
14,B2_roster_prior_v2,13,256,256,256,True,True,True,TRUE,TRUE,0,DESIGN_PRIOR_DRAW_NOT_HIDDEN_REALIZED_LABEL
14,B2_roster_prior_v2,14,0,0,256,False,False,False,FALSE,FALSE,6,DESIGN_PRIOR_DRAW_NOT_HIDDEN_REALIZED_LABEL
14,B2_roster_prior_v2,15,0,0,256,False,False,False,FALSE,FALSE,7,DESIGN_PRIOR_DRAW_NOT_HIDDEN_REALIZED_LABEL
14,B2_roster_prior_v2,16,0,0,256,True,False,False,FALSE,FALSE,7,DESIGN_PRIOR_DRAW_NOT_HIDDEN_REALIZED_LABEL
14,B2_roster_prior_v2,17,256,256,256,False,False,False,FALSE,FALSE,2,DESIGN_PRIOR_DRAW_NOT_HIDDEN_REALIZED_LABEL
14,B2_roster_prior_v2,18,0,0,256,False,False,False,FALSE,FALSE,8,DESIGN_PRIOR_DRAW_NOT_HIDDEN_REALIZED_LABEL
14,B2_roster_prior_v2,19,0,0,256,False,False,False,FALSE,FALSE,6,DESIGN_PRIOR_DRAW_NOT_HIDDEN_REALIZED_LABEL
14,B2_roster_prior_v2,20,0,0,256,False,False,False,FALSE,FALSE,7,DESIGN_PRIOR_DRAW_NOT_HIDDEN_REALIZED_LABEL
14,B2_roster_prior_v2,21,256,256,256,True,True,True,TRUE,TRUE,2,DESIGN_PRIOR_DRAW_NOT_HIDDEN_REALIZED_LABEL
14,B2_roster_prior_v2,22,0,0,256,False,False,False,FALSE,FALSE,6,DESIGN_PRIOR_DRAW_NOT_HIDDEN_REALIZED_LABEL
14,B2_roster_prior_v2,23,0,0,256,False,False,False,FALSE,FALSE,4,DESIGN_PRIOR_DRAW_NOT_HIDDEN_REALIZED_LABEL
14,B2_roster_prior_v2,24,256,256,256,False,False,False,FALSE,FALSE,2,DESIGN_PRIOR_DRAW_NOT_HIDDEN_REALIZED_LABEL
14,B2_roster_prior_v2,25,256,256,256,False,False,False,FALSE,FALSE,1,DESIGN_PRIOR_DRAW_NOT_HIDDEN_REALIZED_LABEL
14,B2_roster_prior_v2,26,0,0,256,False,False,False,FALSE,FALSE,7,DESIGN_PRIOR_DRAW_NOT_HIDDEN_REALIZED_LABEL
14,B2_roster_prior_v2,27,0,0,256,False,False,False,FALSE,FALSE,5,DESIGN_PRIOR_DRAW_NOT_HIDDEN_REALIZED_LABEL
14,B2_roster_prior_v2,28,256,256,256,True,True,True,TRUE,TRUE,1,DESIGN_PRIOR_DRAW_NOT_HIDDEN_REALIZED_LABEL
14,B2_roster_prior_v2,29,0,0,256,True,False,False,FALSE,FALSE,8,DESIGN_PRIOR_DRAW_NOT_HIDDEN_REALIZED_LABEL
14,B2_roster_prior_v2,30,0,0,256,True,False,False,FALSE,FALSE,3,DESIGN_PRIOR_DRAW_NOT_HIDDEN_REALIZED_LABEL
14,B2_roster_prior_v2,31,0,0,256,False,False,False,FALSE,FALSE,8,DESIGN_PRIOR_DRAW_NOT_HIDDEN_REALIZED_LABEL
15,B2_roster_prior_v2,0,256,256,256,False,False,False,FALSE,FALSE,1,DESIGN_PRIOR_DRAW_NOT_HIDDEN_REALIZED_LABEL
15,B2_roster_prior_v2,1,0,0,256,False,False,False,FALSE,FALSE,3,DESIGN_PRIOR_DRAW_NOT_HIDDEN_REALIZED_LABEL
15,B2_roster_prior_v2,2,256,256,256,False,False,False,FALSE,FALSE,0,DESIGN_PRIOR_DRAW_NOT_HIDDEN_REALIZED_LABEL
15,B2_roster_prior_v2,3,0,0,256,False,False,False,FALSE,FALSE,3,DESIGN_PRIOR_DRAW_NOT_HIDDEN_REALIZED_LABEL
15,B2_roster_prior_v2,4,0,0,256,False,False,False,FALSE,FALSE,7,DESIGN_PRIOR_DRAW_NOT_HIDDEN_REALIZED_LABEL
15,B2_roster_prior_v2,5,0,0,256,False,False,False,FALSE,FALSE,8,DESIGN_PRIOR_DRAW_NOT_HIDDEN_REALIZED_LABEL
15,B2_roster_prior_v2,6,0,0,256,False,False,False,FALSE,FALSE,7,DESIGN_PRIOR_DRAW_NOT_HIDDEN_REALIZED_LABEL
15,B2_roster_prior_v2,7,256,256,256,False,False,False,FALSE,FALSE,1,DESIGN_PRIOR_DRAW_NOT_HIDDEN_REALIZED_LABEL
15,B2_roster_prior_v2,8,0,0,256,False,False,False,FALSE,FALSE,7,DESIGN_PRIOR_DRAW_NOT_HIDDEN_REALIZED_LABEL
15,B2_roster_prior_v2,9,0,0,256,False,False,False,FALSE,FALSE,4,DESIGN_PRIOR_DRAW_NOT_HIDDEN_REALIZED_LABEL
15,B2_roster_prior_v2,10,256,256,256,False,False,False,FALSE,FALSE,0,DESIGN_PRIOR_DRAW_NOT_HIDDEN_REALIZED_LABEL
15,B2_roster_prior_v2,11,0,0,256,False,False,False,FALSE,FALSE,6,DESIGN_PRIOR_DRAW_NOT_HIDDEN_REALIZED_LABEL
15,B2_roster_prior_v2,12,0,0,256,False,False,False,FALSE,FALSE,6,DESIGN_PRIOR_DRAW_NOT_HIDDEN_REALIZED_LABEL
15,B2_roster_prior_v2,13,0,0,256,True,False,False,FALSE,FALSE,4,DESIGN_PRIOR_DRAW_NOT_HIDDEN_REALIZED_LABEL
15,B2_roster_prior_v2,14,61,61,256,False,False,False,FALSE,FALSE,2,DESIGN_PRIOR_DRAW_NOT_HIDDEN_REALIZED_LABEL
15,B2_roster_prior_v2,15,0,0,256,False,False,False,FALSE,FALSE,6,DESIGN_PRIOR_DRAW_NOT_HIDDEN_REALIZED_LABEL
15,B2_roster_prior_v2,16,0,0,256,False,False,False,FALSE,FALSE,8,DESIGN_PRIOR_DRAW_NOT_HIDDEN_REALIZED_LABEL
15,B2_roster_prior_v2,17,0,0,256,False,False,False,FALSE,FALSE,4,DESIGN_PRIOR_DRAW_NOT_HIDDEN_REALIZED_LABEL
15,B2_roster_prior_v2,18,256,256,256,False,False,False,FALSE,FALSE,1,DESIGN_PRIOR_DRAW_NOT_HIDDEN_REALIZED_LABEL
15,B2_roster_prior_v2,19,0,0,256,False,False,False,FALSE,FALSE,7,DESIGN_PRIOR_DRAW_NOT_HIDDEN_REALIZED_LABEL
15,B2_roster_prior_v2,20,0,0,256,True,False,False,FALSE,FALSE,8,DESIGN_PRIOR_DRAW_NOT_HIDDEN_REALIZED_LABEL
15,B2_roster_prior_v2,21,0,0,256,False,False,False,FALSE,FALSE,5,DESIGN_PRIOR_DRAW_NOT_HIDDEN_REALIZED_LABEL
15,B2_roster_prior_v2,22,0,0,256,False,False,False,FALSE,FALSE,3,DESIGN_PRIOR_DRAW_NOT_HIDDEN_REALIZED_LABEL
15,B2_roster_prior_v2,23,0,0,256,True,False,False,FALSE,FALSE,8,DESIGN_PRIOR_DRAW_NOT_HIDDEN_REALIZED_LABEL
15,B2_roster_prior_v2,24,0,0,256,False,False,False,FALSE,FALSE,7,DESIGN_PRIOR_DRAW_NOT_HIDDEN_REALIZED_LABEL
15,B2_roster_prior_v2,25,255,255,256,False,False,False,FALSE,FALSE,1,DESIGN_PRIOR_DRAW_NOT_HIDDEN_REALIZED_LABEL
15,B2_roster_prior_v2,26,256,256,256,False,False,False,FALSE,FALSE,0,DESIGN_PRIOR_DRAW_NOT_HIDDEN_REALIZED_LABEL
15,B2_roster_prior_v2,27,0,0,256,False,False,False,FALSE,FALSE,7,DESIGN_PRIOR_DRAW_NOT_HIDDEN_REALIZED_LABEL
15,B2_roster_prior_v2,28,0,0,256,False,False,False,FALSE,FALSE,6,DESIGN_PRIOR_DRAW_NOT_HIDDEN_REALIZED_LABEL
15,B2_roster_prior_v2,29,0,0,256,False,False,False,FALSE,FALSE,3,DESIGN_PRIOR_DRAW_NOT_HIDDEN_REALIZED_LABEL
15,B2_roster_prior_v2,30,0,0,256,False,False,False,FALSE,FALSE,5,DESIGN_PRIOR_DRAW_NOT_HIDDEN_REALIZED_LABEL
15,B2_roster_prior_v2,31,0,0,256,False,False,False,FALSE,FALSE,4,DESIGN_PRIOR_DRAW_NOT_HIDDEN_REALIZED_LABEL
16,B2_roster_prior_v2,0,0,0,256,True,False,False,FALSE,FALSE,3,DESIGN_PRIOR_DRAW_NOT_HIDDEN_REALIZED_LABEL
16,B2_roster_prior_v2,1,0,0,256,False,False,False,FALSE,FALSE,7,DESIGN_PRIOR_DRAW_NOT_HIDDEN_REALIZED_LABEL
16,B2_roster_prior_v2,2,0,0,256,False,False,False,FALSE,FALSE,5,DESIGN_PRIOR_DRAW_NOT_HIDDEN_REALIZED_LABEL
16,B2_roster_prior_v2,3,0,0,256,False,False,False,FALSE,FALSE,6,DESIGN_PRIOR_DRAW_NOT_HIDDEN_REALIZED_LABEL
16,B2_roster_prior_v2,4,256,256,256,True,True,True,TRUE,TRUE,1,DESIGN_PRIOR_DRAW_NOT_HIDDEN_REALIZED_LABEL
16,B2_roster_prior_v2,5,256,256,256,True,True,True,TRUE,TRUE,1,DESIGN_PRIOR_DRAW_NOT_HIDDEN_REALIZED_LABEL
16,B2_roster_prior_v2,6,0,0,256,True,False,False,FALSE,FALSE,7,DESIGN_PRIOR_DRAW_NOT_HIDDEN_REALIZED_LABEL
16,B2_roster_prior_v2,7,0,0,256,True,False,False,FALSE,FALSE,8,DESIGN_PRIOR_DRAW_NOT_HIDDEN_REALIZED_LABEL
16,B2_roster_prior_v2,8,0,0,256,False,False,False,FALSE,FALSE,4,DESIGN_PRIOR_DRAW_NOT_HIDDEN_REALIZED_LABEL
16,B2_roster_prior_v2,9,0,0,256,False,False,False,FALSE,FALSE,6,DESIGN_PRIOR_DRAW_NOT_HIDDEN_REALIZED_LABEL
16,B2_roster_prior_v2,10,256,256,256,True,True,True,TRUE,TRUE,0,DESIGN_PRIOR_DRAW_NOT_HIDDEN_REALIZED_LABEL
16,B2_roster_prior_v2,11,0,0,256,False,False,False,FALSE,FALSE,7,DESIGN_PRIOR_DRAW_NOT_HIDDEN_REALIZED_LABEL
16,B2_roster_prior_v2,12,0,0,256,False,False,False,FALSE,FALSE,4,DESIGN_PRIOR_DRAW_NOT_HIDDEN_REALIZED_LABEL
16,B2_roster_prior_v2,13,0,0,256,True,False,False,FALSE,FALSE,7,DESIGN_PRIOR_DRAW_NOT_HIDDEN_REALIZED_LABEL
16,B2_roster_prior_v2,14,256,256,256,True,True,True,TRUE,TRUE,2,DESIGN_PRIOR_DRAW_NOT_HIDDEN_REALIZED_LABEL
16,B2_roster_prior_v2,15,0,0,256,True,False,False,FALSE,FALSE,6,DESIGN_PRIOR_DRAW_NOT_HIDDEN_REALIZED_LABEL
16,B2_roster_prior_v2,16,0,0,256,False,False,False,FALSE,FALSE,6,DESIGN_PRIOR_DRAW_NOT_HIDDEN_REALIZED_LABEL
16,B2_roster_prior_v2,17,0,0,256,False,False,False,FALSE,FALSE,7,DESIGN_PRIOR_DRAW_NOT_HIDDEN_REALIZED_LABEL
16,B2_roster_prior_v2,18,0,0,256,False,False,False,FALSE,FALSE,4,DESIGN_PRIOR_DRAW_NOT_HIDDEN_REALIZED_LABEL
16,B2_roster_prior_v2,19,0,0,256,False,False,False,FALSE,FALSE,6,DESIGN_PRIOR_DRAW_NOT_HIDDEN_REALIZED_LABEL
16,B2_roster_prior_v2,20,256,256,256,False,False,False,FALSE,FALSE,0,DESIGN_PRIOR_DRAW_NOT_HIDDEN_REALIZED_LABEL
16,B2_roster_prior_v2,21,0,0,256,True,False,False,FALSE,FALSE,8,DESIGN_PRIOR_DRAW_NOT_HIDDEN_REALIZED_LABEL
16,B2_roster_prior_v2,22,256,256,256,False,False,False,FALSE,FALSE,0,DESIGN_PRIOR_DRAW_NOT_HIDDEN_REALIZED_LABEL
16,B2_roster_prior_v2,23,256,256,256,True,True,True,TRUE,TRUE,2,DESIGN_PRIOR_DRAW_NOT_HIDDEN_REALIZED_LABEL
16,B2_roster_prior_v2,24,0,0,256,False,False,False,FALSE,FALSE,6,DESIGN_PRIOR_DRAW_NOT_HIDDEN_REALIZED_LABEL
16,B2_roster_prior_v2,25,0,0,256,True,False,False,FALSE,FALSE,5,DESIGN_PRIOR_DRAW_NOT_HIDDEN_REALIZED_LABEL
16,B2_roster_prior_v2,26,0,0,256,True,False,False,FALSE,FALSE,7,DESIGN_PRIOR_DRAW_NOT_HIDDEN_REALIZED_LABEL
16,B2_roster_prior_v2,27,0,0,256,False,False,False,FALSE,FALSE,5,DESIGN_PRIOR_DRAW_NOT_HIDDEN_REALIZED_LABEL
16,B2_roster_prior_v2,28,256,256,256,False,False,False,FALSE,FALSE,0,DESIGN_PRIOR_DRAW_NOT_HIDDEN_REALIZED_LABEL
16,B2_roster_prior_v2,29,256,256,256,True,True,True,TRUE,TRUE,0,DESIGN_PRIOR_DRAW_NOT_HIDDEN_REALIZED_LABEL
16,B2_roster_prior_v2,30,256,256,256,True,True,True,TRUE,TRUE,1,DESIGN_PRIOR_DRAW_NOT_HIDDEN_REALIZED_LABEL
16,B2_roster_prior_v2,31,0,0,256,False,False,False,FALSE,FALSE,3,DESIGN_PRIOR_DRAW_NOT_HIDDEN_REALIZED_LABEL
17,B2_roster_prior_v2,0,256,256,256,False,False,False,FALSE,FALSE,2,DESIGN_PRIOR_DRAW_NOT_HIDDEN_REALIZED_LABEL
17,B2_roster_prior_v2,1,0,0,256,True,False,False,FALSE,FALSE,6,DESIGN_PRIOR_DRAW_NOT_HIDDEN_REALIZED_LABEL
17,B2_roster_prior_v2,2,0,0,256,False,False,False,FALSE,FALSE,3,DESIGN_PRIOR_DRAW_NOT_HIDDEN_REALIZED_LABEL
17,B2_roster_prior_v2,3,0,0,256,False,False,False,FALSE,FALSE,6,DESIGN_PRIOR_DRAW_NOT_HIDDEN_REALIZED_LABEL
17,B2_roster_prior_v2,4,0,0,256,True,False,False,FALSE,FALSE,4,DESIGN_PRIOR_DRAW_NOT_HIDDEN_REALIZED_LABEL
17,B2_roster_prior_v2,5,0,0,256,False,False,False,FALSE,FALSE,3,DESIGN_PRIOR_DRAW_NOT_HIDDEN_REALIZED_LABEL
17,B2_roster_prior_v2,6,0,0,256,False,False,False,FALSE,FALSE,8,DESIGN_PRIOR_DRAW_NOT_HIDDEN_REALIZED_LABEL
17,B2_roster_prior_v2,7,0,0,256,False,False,False,FALSE,FALSE,4,DESIGN_PRIOR_DRAW_NOT_HIDDEN_REALIZED_LABEL
17,B2_roster_prior_v2,8,0,0,256,False,False,False,FALSE,FALSE,7,DESIGN_PRIOR_DRAW_NOT_HIDDEN_REALIZED_LABEL
17,B2_roster_prior_v2,9,0,0,256,False,False,False,FALSE,FALSE,7,DESIGN_PRIOR_DRAW_NOT_HIDDEN_REALIZED_LABEL
17,B2_roster_prior_v2,10,255,255,256,False,False,False,FALSE,FALSE,2,DESIGN_PRIOR_DRAW_NOT_HIDDEN_REALIZED_LABEL
17,B2_roster_prior_v2,11,256,256,256,False,False,False,FALSE,FALSE,2,DESIGN_PRIOR_DRAW_NOT_HIDDEN_REALIZED_LABEL
17,B2_roster_prior_v2,12,0,0,256,False,False,False,FALSE,FALSE,6,DESIGN_PRIOR_DRAW_NOT_HIDDEN_REALIZED_LABEL
17,B2_roster_prior_v2,13,0,0,256,False,False,False,FALSE,FALSE,8,DESIGN_PRIOR_DRAW_NOT_HIDDEN_REALIZED_LABEL
17,B2_roster_prior_v2,14,0,0,256,False,False,False,FALSE,FALSE,8,DESIGN_PRIOR_DRAW_NOT_HIDDEN_REALIZED_LABEL
17,B2_roster_prior_v2,15,0,0,256,True,False,False,FALSE,FALSE,8,DESIGN_PRIOR_DRAW_NOT_HIDDEN_REALIZED_LABEL
17,B2_roster_prior_v2,16,0,0,256,False,False,False,FALSE,FALSE,6,DESIGN_PRIOR_DRAW_NOT_HIDDEN_REALIZED_LABEL
17,B2_roster_prior_v2,17,0,0,256,False,False,False,FALSE,FALSE,8,DESIGN_PRIOR_DRAW_NOT_HIDDEN_REALIZED_LABEL
17,B2_roster_prior_v2,18,0,0,256,False,False,False,FALSE,FALSE,5,DESIGN_PRIOR_DRAW_NOT_HIDDEN_REALIZED_LABEL
17,B2_roster_prior_v2,19,256,256,256,False,False,False,FALSE,FALSE,1,DESIGN_PRIOR_DRAW_NOT_HIDDEN_REALIZED_LABEL
17,B2_roster_prior_v2,20,0,0,256,False,False,False,FALSE,FALSE,3,DESIGN_PRIOR_DRAW_NOT_HIDDEN_REALIZED_LABEL
17,B2_roster_prior_v2,21,256,256,256,True,True,True,TRUE,TRUE,0,DESIGN_PRIOR_DRAW_NOT_HIDDEN_REALIZED_LABEL
17,B2_roster_prior_v2,22,0,0,256,False,False,False,FALSE,FALSE,7,DESIGN_PRIOR_DRAW_NOT_HIDDEN_REALIZED_LABEL
17,B2_roster_prior_v2,23,0,0,256,True,False,False,FALSE,FALSE,4,DESIGN_PRIOR_DRAW_NOT_HIDDEN_REALIZED_LABEL
17,B2_roster_prior_v2,24,256,256,256,False,False,False,FALSE,FALSE,0,DESIGN_PRIOR_DRAW_NOT_HIDDEN_REALIZED_LABEL
17,B2_roster_prior_v2,25,0,0,256,False,False,False,FALSE,FALSE,8,DESIGN_PRIOR_DRAW_NOT_HIDDEN_REALIZED_LABEL
17,B2_roster_prior_v2,26,0,0,256,False,False,False,FALSE,FALSE,7,DESIGN_PRIOR_DRAW_NOT_HIDDEN_REALIZED_LABEL
17,B2_roster_prior_v2,27,0,0,256,True,False,False,FALSE,FALSE,8,DESIGN_PRIOR_DRAW_NOT_HIDDEN_REALIZED_LABEL
17,B2_roster_prior_v2,28,251,251,256,False,False,False,FALSE,FALSE,1,DESIGN_PRIOR_DRAW_NOT_HIDDEN_REALIZED_LABEL
17,B2_roster_prior_v2,29,256,256,256,False,False,False,FALSE,FALSE,1,DESIGN_PRIOR_DRAW_NOT_HIDDEN_REALIZED_LABEL
17,B2_roster_prior_v2,30,0,0,256,False,False,False,FALSE,FALSE,6,DESIGN_PRIOR_DRAW_NOT_HIDDEN_REALIZED_LABEL
17,B2_roster_prior_v2,31,218,218,256,False,False,False,FALSE,FALSE,2,DESIGN_PRIOR_DRAW_NOT_HIDDEN_REALIZED_LABEL
18,B2_roster_prior_v2,0,72,72,256,True,False,False,FALSE,FALSE,5,DESIGN_PRIOR_DRAW_NOT_HIDDEN_REALIZED_LABEL
18,B2_roster_prior_v2,1,0,0,256,True,False,False,FALSE,FALSE,8,DESIGN_PRIOR_DRAW_NOT_HIDDEN_REALIZED_LABEL
18,B2_roster_prior_v2,2,0,0,256,True,False,False,FALSE,FALSE,6,DESIGN_PRIOR_DRAW_NOT_HIDDEN_REALIZED_LABEL
18,B2_roster_prior_v2,3,0,0,256,True,False,False,FALSE,FALSE,6,DESIGN_PRIOR_DRAW_NOT_HIDDEN_REALIZED_LABEL
18,B2_roster_prior_v2,4,194,194,256,True,True,True,MC_UNRESOLVED,MC_UNRESOLVED,4,DESIGN_PRIOR_DRAW_NOT_HIDDEN_REALIZED_LABEL
18,B2_roster_prior_v2,5,0,0,256,True,False,False,FALSE,FALSE,6,DESIGN_PRIOR_DRAW_NOT_HIDDEN_REALIZED_LABEL
18,B2_roster_prior_v2,6,0,0,256,True,False,False,FALSE,FALSE,6,DESIGN_PRIOR_DRAW_NOT_HIDDEN_REALIZED_LABEL
18,B2_roster_prior_v2,7,117,117,256,True,False,False,FALSE,FALSE,3,DESIGN_PRIOR_DRAW_NOT_HIDDEN_REALIZED_LABEL
18,B2_roster_prior_v2,8,0,0,256,True,False,False,FALSE,FALSE,8,DESIGN_PRIOR_DRAW_NOT_HIDDEN_REALIZED_LABEL
18,B2_roster_prior_v2,9,256,256,256,True,True,True,TRUE,TRUE,1,DESIGN_PRIOR_DRAW_NOT_HIDDEN_REALIZED_LABEL
18,B2_roster_prior_v2,10,142,142,256,True,False,False,FALSE,FALSE,3,DESIGN_PRIOR_DRAW_NOT_HIDDEN_REALIZED_LABEL
18,B2_roster_prior_v2,11,256,256,256,True,True,True,TRUE,TRUE,0,DESIGN_PRIOR_DRAW_NOT_HIDDEN_REALIZED_LABEL
18,B2_roster_prior_v2,12,237,237,256,True,True,True,TRUE,TRUE,4,DESIGN_PRIOR_DRAW_NOT_HIDDEN_REALIZED_LABEL
18,B2_roster_prior_v2,13,0,0,256,True,False,False,FALSE,FALSE,8,DESIGN_PRIOR_DRAW_NOT_HIDDEN_REALIZED_LABEL
18,B2_roster_prior_v2,14,0,0,256,True,False,False,FALSE,FALSE,6,DESIGN_PRIOR_DRAW_NOT_HIDDEN_REALIZED_LABEL
18,B2_roster_prior_v2,15,0,0,256,True,False,False,FALSE,FALSE,7,DESIGN_PRIOR_DRAW_NOT_HIDDEN_REALIZED_LABEL
18,B2_roster_prior_v2,16,0,0,256,True,False,False,FALSE,FALSE,8,DESIGN_PRIOR_DRAW_NOT_HIDDEN_REALIZED_LABEL
18,B2_roster_prior_v2,17,92,92,256,True,False,False,FALSE,FALSE,4,DESIGN_PRIOR_DRAW_NOT_HIDDEN_REALIZED_LABEL
18,B2_roster_prior_v2,18,0,0,256,True,False,False,FALSE,FALSE,6,DESIGN_PRIOR_DRAW_NOT_HIDDEN_REALIZED_LABEL
18,B2_roster_prior_v2,19,0,0,256,True,False,False,FALSE,FALSE,8,DESIGN_PRIOR_DRAW_NOT_HIDDEN_REALIZED_LABEL
18,B2_roster_prior_v2,20,0,0,256,True,False,False,FALSE,FALSE,7,DESIGN_PRIOR_DRAW_NOT_HIDDEN_REALIZED_LABEL
18,B2_roster_prior_v2,21,256,256,256,True,True,True,TRUE,TRUE,2,DESIGN_PRIOR_DRAW_NOT_HIDDEN_REALIZED_LABEL
18,B2_roster_prior_v2,22,256,256,256,True,True,True,TRUE,TRUE,2,DESIGN_PRIOR_DRAW_NOT_HIDDEN_REALIZED_LABEL
18,B2_roster_prior_v2,23,256,256,256,True,True,True,TRUE,TRUE,2,DESIGN_PRIOR_DRAW_NOT_HIDDEN_REALIZED_LABEL
18,B2_roster_prior_v2,24,0,0,256,True,False,False,FALSE,FALSE,8,DESIGN_PRIOR_DRAW_NOT_HIDDEN_REALIZED_LABEL
18,B2_roster_prior_v2,25,256,256,256,True,True,True,TRUE,TRUE,2,DESIGN_PRIOR_DRAW_NOT_HIDDEN_REALIZED_LABEL
18,B2_roster_prior_v2,26,256,256,256,True,True,True,TRUE,TRUE,1,DESIGN_PRIOR_DRAW_NOT_HIDDEN_REALIZED_LABEL
18,B2_roster_prior_v2,27,78,78,256,True,False,False,FALSE,FALSE,4,DESIGN_PRIOR_DRAW_NOT_HIDDEN_REALIZED_LABEL
18,B2_roster_prior_v2,28,169,169,256,True,False,False,FALSE,FALSE,4,DESIGN_PRIOR_DRAW_NOT_HIDDEN_REALIZED_LABEL
18,B2_roster_prior_v2,29,0,0,256,True,False,False,FALSE,FALSE,7,DESIGN_PRIOR_DRAW_NOT_HIDDEN_REALIZED_LABEL
18,B2_roster_prior_v2,30,256,256,256,True,True,True,TRUE,TRUE,0,DESIGN_PRIOR_DRAW_NOT_HIDDEN_REALIZED_LABEL
18,B2_roster_prior_v2,31,256,256,256,True,True,True,TRUE,TRUE,2,DESIGN_PRIOR_DRAW_NOT_HIDDEN_REALIZED_LABEL
19,B2_roster_prior_v2,0,0,0,256,True,False,False,FALSE,FALSE,8,DESIGN_PRIOR_DRAW_NOT_HIDDEN_REALIZED_LABEL
19,B2_roster_prior_v2,1,256,256,256,True,True,True,TRUE,TRUE,1,DESIGN_PRIOR_DRAW_NOT_HIDDEN_REALIZED_LABEL
19,B2_roster_prior_v2,2,256,256,256,True,True,True,TRUE,TRUE,0,DESIGN_PRIOR_DRAW_NOT_HIDDEN_REALIZED_LABEL
19,B2_roster_prior_v2,3,256,256,256,True,True,True,TRUE,TRUE,2,DESIGN_PRIOR_DRAW_NOT_HIDDEN_REALIZED_LABEL
19,B2_roster_prior_v2,4,0,0,256,True,False,False,FALSE,FALSE,6,DESIGN_PRIOR_DRAW_NOT_HIDDEN_REALIZED_LABEL
19,B2_roster_prior_v2,5,0,0,256,True,False,False,FALSE,FALSE,7,DESIGN_PRIOR_DRAW_NOT_HIDDEN_REALIZED_LABEL
19,B2_roster_prior_v2,6,216,216,256,True,True,True,TRUE,TRUE,4,DESIGN_PRIOR_DRAW_NOT_HIDDEN_REALIZED_LABEL
19,B2_roster_prior_v2,7,0,0,256,True,False,False,FALSE,FALSE,6,DESIGN_PRIOR_DRAW_NOT_HIDDEN_REALIZED_LABEL
19,B2_roster_prior_v2,8,0,0,256,True,False,False,FALSE,FALSE,6,DESIGN_PRIOR_DRAW_NOT_HIDDEN_REALIZED_LABEL
19,B2_roster_prior_v2,9,202,202,256,True,True,True,MC_UNRESOLVED,MC_UNRESOLVED,3,DESIGN_PRIOR_DRAW_NOT_HIDDEN_REALIZED_LABEL
19,B2_roster_prior_v2,10,256,256,256,True,True,True,TRUE,TRUE,2,DESIGN_PRIOR_DRAW_NOT_HIDDEN_REALIZED_LABEL
19,B2_roster_prior_v2,11,0,0,256,True,False,False,FALSE,FALSE,8,DESIGN_PRIOR_DRAW_NOT_HIDDEN_REALIZED_LABEL
19,B2_roster_prior_v2,12,171,171,256,True,False,False,FALSE,FALSE,3,DESIGN_PRIOR_DRAW_NOT_HIDDEN_REALIZED_LABEL
19,B2_roster_prior_v2,13,0,0,256,True,False,False,FALSE,FALSE,6,DESIGN_PRIOR_DRAW_NOT_HIDDEN_REALIZED_LABEL
19,B2_roster_prior_v2,14,256,256,256,True,True,True,TRUE,TRUE,0,DESIGN_PRIOR_DRAW_NOT_HIDDEN_REALIZED_LABEL
19,B2_roster_prior_v2,15,256,256,256,True,True,True,TRUE,TRUE,0,DESIGN_PRIOR_DRAW_NOT_HIDDEN_REALIZED_LABEL
19,B2_roster_prior_v2,16,256,256,256,True,True,True,TRUE,TRUE,0,DESIGN_PRIOR_DRAW_NOT_HIDDEN_REALIZED_LABEL
19,B2_roster_prior_v2,17,0,0,256,True,False,False,FALSE,FALSE,7,DESIGN_PRIOR_DRAW_NOT_HIDDEN_REALIZED_LABEL
19,B2_roster_prior_v2,18,256,256,256,True,True,True,TRUE,TRUE,1,DESIGN_PRIOR_DRAW_NOT_HIDDEN_REALIZED_LABEL
19,B2_roster_prior_v2,19,256,256,256,True,True,True,TRUE,TRUE,1,DESIGN_PRIOR_DRAW_NOT_HIDDEN_REALIZED_LABEL
19,B2_roster_prior_v2,20,256,256,256,True,True,True,TRUE,TRUE,1,DESIGN_PRIOR_DRAW_NOT_HIDDEN_REALIZED_LABEL
19,B2_roster_prior_v2,21,243,243,256,True,True,True,TRUE,TRUE,4,DESIGN_PRIOR_DRAW_NOT_HIDDEN_REALIZED_LABEL
19,B2_roster_prior_v2,22,0,0,256,True,False,False,FALSE,FALSE,8,DESIGN_PRIOR_DRAW_NOT_HIDDEN_REALIZED_LABEL
19,B2_roster_prior_v2,23,209,209,256,True,True,True,TRUE,TRUE,4,DESIGN_PRIOR_DRAW_NOT_HIDDEN_REALIZED_LABEL
19,B2_roster_prior_v2,24,0,0,256,True,False,False,FALSE,FALSE,6,DESIGN_PRIOR_DRAW_NOT_HIDDEN_REALIZED_LABEL
19,B2_roster_prior_v2,25,254,254,256,True,True,True,TRUE,TRUE,5,DESIGN_PRIOR_DRAW_NOT_HIDDEN_REALIZED_LABEL
19,B2_roster_prior_v2,26,256,256,256,True,True,True,TRUE,TRUE,2,DESIGN_PRIOR_DRAW_NOT_HIDDEN_REALIZED_LABEL
19,B2_roster_prior_v2,27,256,256,256,True,True,True,TRUE,TRUE,2,DESIGN_PRIOR_DRAW_NOT_HIDDEN_REALIZED_LABEL
19,B2_roster_prior_v2,28,223,223,256,True,True,True,TRUE,TRUE,4,DESIGN_PRIOR_DRAW_NOT_HIDDEN_REALIZED_LABEL
19,B2_roster_prior_v2,29,256,256,256,True,True,True,TRUE,TRUE,0,DESIGN_PRIOR_DRAW_NOT_HIDDEN_REALIZED_LABEL
19,B2_roster_prior_v2,30,256,256,256,True,True,True,TRUE,TRUE,0,DESIGN_PRIOR_DRAW_NOT_HIDDEN_REALIZED_LABEL
19,B2_roster_prior_v2,31,0,0,256,True,False,False,FALSE,FALSE,6,DESIGN_PRIOR_DRAW_NOT_HIDDEN_REALIZED_LABEL
20,B2_roster_prior_v2,0,0,0,256,True,False,False,FALSE,FALSE,6,DESIGN_PRIOR_DRAW_NOT_HIDDEN_REALIZED_LABEL
20,B2_roster_prior_v2,1,256,256,256,True,True,True,TRUE,TRUE,0,DESIGN_PRIOR_DRAW_NOT_HIDDEN_REALIZED_LABEL
20,B2_roster_prior_v2,2,0,0,256,True,False,False,FALSE,FALSE,7,DESIGN_PRIOR_DRAW_NOT_HIDDEN_REALIZED_LABEL
20,B2_roster_prior_v2,3,256,256,256,True,True,True,TRUE,TRUE,5,DESIGN_PRIOR_DRAW_NOT_HIDDEN_REALIZED_LABEL
20,B2_roster_prior_v2,4,0,0,256,True,False,False,FALSE,FALSE,8,DESIGN_PRIOR_DRAW_NOT_HIDDEN_REALIZED_LABEL
20,B2_roster_prior_v2,5,241,241,256,True,True,True,TRUE,TRUE,4,DESIGN_PRIOR_DRAW_NOT_HIDDEN_REALIZED_LABEL
20,B2_roster_prior_v2,6,254,254,256,True,True,True,TRUE,TRUE,4,DESIGN_PRIOR_DRAW_NOT_HIDDEN_REALIZED_LABEL
20,B2_roster_prior_v2,7,0,0,256,True,False,False,FALSE,FALSE,8,DESIGN_PRIOR_DRAW_NOT_HIDDEN_REALIZED_LABEL
20,B2_roster_prior_v2,8,0,0,256,True,False,False,FALSE,FALSE,8,DESIGN_PRIOR_DRAW_NOT_HIDDEN_REALIZED_LABEL
20,B2_roster_prior_v2,9,256,256,256,True,True,True,TRUE,TRUE,1,DESIGN_PRIOR_DRAW_NOT_HIDDEN_REALIZED_LABEL
20,B2_roster_prior_v2,10,256,256,256,True,True,True,TRUE,TRUE,2,DESIGN_PRIOR_DRAW_NOT_HIDDEN_REALIZED_LABEL
20,B2_roster_prior_v2,11,0,0,256,True,False,False,FALSE,FALSE,6,DESIGN_PRIOR_DRAW_NOT_HIDDEN_REALIZED_LABEL
20,B2_roster_prior_v2,12,0,0,256,True,False,False,FALSE,FALSE,6,DESIGN_PRIOR_DRAW_NOT_HIDDEN_REALIZED_LABEL
20,B2_roster_prior_v2,13,255,255,256,True,True,True,TRUE,TRUE,3,DESIGN_PRIOR_DRAW_NOT_HIDDEN_REALIZED_LABEL
20,B2_roster_prior_v2,14,126,126,256,True,False,False,FALSE,FALSE,5,DESIGN_PRIOR_DRAW_NOT_HIDDEN_REALIZED_LABEL
20,B2_roster_prior_v2,15,256,256,256,True,True,True,TRUE,TRUE,5,DESIGN_PRIOR_DRAW_NOT_HIDDEN_REALIZED_LABEL
20,B2_roster_prior_v2,16,0,0,256,True,False,False,FALSE,FALSE,6,DESIGN_PRIOR_DRAW_NOT_HIDDEN_REALIZED_LABEL
20,B2_roster_prior_v2,17,256,256,256,True,True,True,TRUE,TRUE,0,DESIGN_PRIOR_DRAW_NOT_HIDDEN_REALIZED_LABEL
20,B2_roster_prior_v2,18,0,0,256,True,False,False,FALSE,FALSE,7,DESIGN_PRIOR_DRAW_NOT_HIDDEN_REALIZED_LABEL
20,B2_roster_prior_v2,19,0,0,256,True,False,False,FALSE,FALSE,8,DESIGN_PRIOR_DRAW_NOT_HIDDEN_REALIZED_LABEL
20,B2_roster_prior_v2,20,233,233,256,True,True,True,TRUE,TRUE,4,DESIGN_PRIOR_DRAW_NOT_HIDDEN_REALIZED_LABEL
20,B2_roster_prior_v2,21,256,256,256,True,True,True,TRUE,TRUE,4,DESIGN_PRIOR_DRAW_NOT_HIDDEN_REALIZED_LABEL
20,B2_roster_prior_v2,22,0,0,256,True,False,False,FALSE,FALSE,7,DESIGN_PRIOR_DRAW_NOT_HIDDEN_REALIZED_LABEL
20,B2_roster_prior_v2,23,0,0,256,True,False,False,FALSE,FALSE,6,DESIGN_PRIOR_DRAW_NOT_HIDDEN_REALIZED_LABEL
20,B2_roster_prior_v2,24,0,0,256,True,False,False,FALSE,FALSE,7,DESIGN_PRIOR_DRAW_NOT_HIDDEN_REALIZED_LABEL
20,B2_roster_prior_v2,25,256,256,256,True,True,True,TRUE,TRUE,0,DESIGN_PRIOR_DRAW_NOT_HIDDEN_REALIZED_LABEL
20,B2_roster_prior_v2,26,0,0,256,True,False,False,FALSE,FALSE,7,DESIGN_PRIOR_DRAW_NOT_HIDDEN_REALIZED_LABEL
20,B2_roster_prior_v2,27,256,256,256,True,True,True,TRUE,TRUE,0,DESIGN_PRIOR_DRAW_NOT_HIDDEN_REALIZED_LABEL
20,B2_roster_prior_v2,28,0,0,256,True,False,False,FALSE,FALSE,8,DESIGN_PRIOR_DRAW_NOT_HIDDEN_REALIZED_LABEL
20,B2_roster_prior_v2,29,0,0,256,True,False,False,FALSE,FALSE,7,DESIGN_PRIOR_DRAW_NOT_HIDDEN_REALIZED_LABEL
20,B2_roster_prior_v2,30,0,0,256,True,False,False,FALSE,FALSE,8,DESIGN_PRIOR_DRAW_NOT_HIDDEN_REALIZED_LABEL
20,B2_roster_prior_v2,31,0,0,256,True,False,False,FALSE,FALSE,6,DESIGN_PRIOR_DRAW_NOT_HIDDEN_REALIZED_LABEL
21,B2_roster_prior_v2,0,0,0,256,True,False,False,FALSE,FALSE,7,DESIGN_PRIOR_DRAW_NOT_HIDDEN_REALIZED_LABEL
21,B2_roster_prior_v2,1,256,256,256,True,True,True,TRUE,TRUE,0,DESIGN_PRIOR_DRAW_NOT_HIDDEN_REALIZED_LABEL
21,B2_roster_prior_v2,2,0,0,256,True,False,False,FALSE,FALSE,6,DESIGN_PRIOR_DRAW_NOT_HIDDEN_REALIZED_LABEL
21,B2_roster_prior_v2,3,256,256,256,True,True,True,TRUE,TRUE,3,DESIGN_PRIOR_DRAW_NOT_HIDDEN_REALIZED_LABEL
21,B2_roster_prior_v2,4,0,0,256,True,False,False,FALSE,FALSE,6,DESIGN_PRIOR_DRAW_NOT_HIDDEN_REALIZED_LABEL
21,B2_roster_prior_v2,5,249,249,256,True,True,True,TRUE,TRUE,5,DESIGN_PRIOR_DRAW_NOT_HIDDEN_REALIZED_LABEL
21,B2_roster_prior_v2,6,0,0,256,True,False,False,FALSE,FALSE,8,DESIGN_PRIOR_DRAW_NOT_HIDDEN_REALIZED_LABEL
21,B2_roster_prior_v2,7,0,0,256,True,False,False,FALSE,FALSE,6,DESIGN_PRIOR_DRAW_NOT_HIDDEN_REALIZED_LABEL
21,B2_roster_prior_v2,8,250,250,256,True,True,True,TRUE,TRUE,4,DESIGN_PRIOR_DRAW_NOT_HIDDEN_REALIZED_LABEL
21,B2_roster_prior_v2,9,256,256,256,True,True,True,TRUE,TRUE,3,DESIGN_PRIOR_DRAW_NOT_HIDDEN_REALIZED_LABEL
21,B2_roster_prior_v2,10,0,0,256,True,False,False,FALSE,FALSE,8,DESIGN_PRIOR_DRAW_NOT_HIDDEN_REALIZED_LABEL
21,B2_roster_prior_v2,11,0,0,256,True,False,False,FALSE,FALSE,7,DESIGN_PRIOR_DRAW_NOT_HIDDEN_REALIZED_LABEL
21,B2_roster_prior_v2,12,256,256,256,True,True,True,TRUE,TRUE,1,DESIGN_PRIOR_DRAW_NOT_HIDDEN_REALIZED_LABEL
21,B2_roster_prior_v2,13,0,0,256,True,False,False,FALSE,FALSE,8,DESIGN_PRIOR_DRAW_NOT_HIDDEN_REALIZED_LABEL
21,B2_roster_prior_v2,14,0,0,256,True,False,False,FALSE,FALSE,8,DESIGN_PRIOR_DRAW_NOT_HIDDEN_REALIZED_LABEL
21,B2_roster_prior_v2,15,256,256,256,True,True,True,TRUE,TRUE,2,DESIGN_PRIOR_DRAW_NOT_HIDDEN_REALIZED_LABEL
21,B2_roster_prior_v2,16,0,0,256,True,False,False,FALSE,FALSE,7,DESIGN_PRIOR_DRAW_NOT_HIDDEN_REALIZED_LABEL
21,B2_roster_prior_v2,17,0,0,256,True,False,False,FALSE,FALSE,6,DESIGN_PRIOR_DRAW_NOT_HIDDEN_REALIZED_LABEL
21,B2_roster_prior_v2,18,0,0,256,True,False,False,FALSE,FALSE,8,DESIGN_PRIOR_DRAW_NOT_HIDDEN_REALIZED_LABEL
21,B2_roster_prior_v2,19,256,256,256,True,True,True,TRUE,TRUE,0,DESIGN_PRIOR_DRAW_NOT_HIDDEN_REALIZED_LABEL
21,B2_roster_prior_v2,20,256,256,256,True,True,True,TRUE,TRUE,1,DESIGN_PRIOR_DRAW_NOT_HIDDEN_REALIZED_LABEL
21,B2_roster_prior_v2,21,256,256,256,True,True,True,TRUE,TRUE,2,DESIGN_PRIOR_DRAW_NOT_HIDDEN_REALIZED_LABEL
21,B2_roster_prior_v2,22,49,49,256,True,False,False,FALSE,FALSE,4,DESIGN_PRIOR_DRAW_NOT_HIDDEN_REALIZED_LABEL
21,B2_roster_prior_v2,23,256,256,256,True,True,True,TRUE,TRUE,1,DESIGN_PRIOR_DRAW_NOT_HIDDEN_REALIZED_LABEL
21,B2_roster_prior_v2,24,256,256,256,True,True,True,TRUE,TRUE,4,DESIGN_PRIOR_DRAW_NOT_HIDDEN_REALIZED_LABEL
21,B2_roster_prior_v2,25,16,16,256,True,False,False,FALSE,FALSE,4,DESIGN_PRIOR_DRAW_NOT_HIDDEN_REALIZED_LABEL
21,B2_roster_prior_v2,26,0,0,256,True,False,False,FALSE,FALSE,6,DESIGN_PRIOR_DRAW_NOT_HIDDEN_REALIZED_LABEL
21,B2_roster_prior_v2,27,233,233,256,True,True,True,TRUE,TRUE,3,DESIGN_PRIOR_DRAW_NOT_HIDDEN_REALIZED_LABEL
21,B2_roster_prior_v2,28,0,0,256,True,False,False,FALSE,FALSE,8,DESIGN_PRIOR_DRAW_NOT_HIDDEN_REALIZED_LABEL
21,B2_roster_prior_v2,29,256,256,256,True,True,True,TRUE,TRUE,3,DESIGN_PRIOR_DRAW_NOT_HIDDEN_REALIZED_LABEL
21,B2_roster_prior_v2,30,256,256,256,True,True,True,TRUE,TRUE,3,DESIGN_PRIOR_DRAW_NOT_HIDDEN_REALIZED_LABEL
21,B2_roster_prior_v2,31,256,256,256,True,True,True,TRUE,TRUE,5,DESIGN_PRIOR_DRAW_NOT_HIDDEN_REALIZED_LABEL
22,B2_roster_prior_v2,0,204,204,256,True,True,True,MC_UNRESOLVED,MC_UNRESOLVED,4,DESIGN_PRIOR_DRAW_NOT_HIDDEN_REALIZED_LABEL
22,B2_roster_prior_v2,1,0,0,256,True,False,False,FALSE,FALSE,8,DESIGN_PRIOR_DRAW_NOT_HIDDEN_REALIZED_LABEL
22,B2_roster_prior_v2,2,0,0,256,True,False,False,FALSE,FALSE,7,DESIGN_PRIOR_DRAW_NOT_HIDDEN_REALIZED_LABEL
22,B2_roster_prior_v2,3,256,256,256,True,True,True,TRUE,TRUE,2,DESIGN_PRIOR_DRAW_NOT_HIDDEN_REALIZED_LABEL
22,B2_roster_prior_v2,4,0,0,256,True,False,False,FALSE,FALSE,7,DESIGN_PRIOR_DRAW_NOT_HIDDEN_REALIZED_LABEL
22,B2_roster_prior_v2,5,0,0,256,True,False,False,FALSE,FALSE,6,DESIGN_PRIOR_DRAW_NOT_HIDDEN_REALIZED_LABEL
22,B2_roster_prior_v2,6,253,253,256,True,True,True,TRUE,TRUE,5,DESIGN_PRIOR_DRAW_NOT_HIDDEN_REALIZED_LABEL
22,B2_roster_prior_v2,7,0,0,256,True,False,False,FALSE,FALSE,6,DESIGN_PRIOR_DRAW_NOT_HIDDEN_REALIZED_LABEL
22,B2_roster_prior_v2,8,0,0,256,True,False,False,FALSE,FALSE,6,DESIGN_PRIOR_DRAW_NOT_HIDDEN_REALIZED_LABEL
22,B2_roster_prior_v2,9,0,0,256,True,False,False,FALSE,FALSE,7,DESIGN_PRIOR_DRAW_NOT_HIDDEN_REALIZED_LABEL
22,B2_roster_prior_v2,10,256,256,256,True,True,True,TRUE,TRUE,2,DESIGN_PRIOR_DRAW_NOT_HIDDEN_REALIZED_LABEL
22,B2_roster_prior_v2,11,256,256,256,True,True,True,TRUE,TRUE,0,DESIGN_PRIOR_DRAW_NOT_HIDDEN_REALIZED_LABEL
22,B2_roster_prior_v2,12,42,42,256,True,False,False,FALSE,FALSE,5,DESIGN_PRIOR_DRAW_NOT_HIDDEN_REALIZED_LABEL
22,B2_roster_prior_v2,13,233,233,256,True,True,True,TRUE,TRUE,3,DESIGN_PRIOR_DRAW_NOT_HIDDEN_REALIZED_LABEL
22,B2_roster_prior_v2,14,0,0,256,True,False,False,FALSE,FALSE,6,DESIGN_PRIOR_DRAW_NOT_HIDDEN_REALIZED_LABEL
22,B2_roster_prior_v2,15,255,255,256,True,True,True,TRUE,TRUE,5,DESIGN_PRIOR_DRAW_NOT_HIDDEN_REALIZED_LABEL
22,B2_roster_prior_v2,16,0,0,256,True,False,False,FALSE,FALSE,7,DESIGN_PRIOR_DRAW_NOT_HIDDEN_REALIZED_LABEL
22,B2_roster_prior_v2,17,239,239,256,True,True,True,TRUE,TRUE,3,DESIGN_PRIOR_DRAW_NOT_HIDDEN_REALIZED_LABEL
22,B2_roster_prior_v2,18,256,256,256,True,True,True,TRUE,TRUE,2,DESIGN_PRIOR_DRAW_NOT_HIDDEN_REALIZED_LABEL
22,B2_roster_prior_v2,19,256,256,256,True,True,True,TRUE,TRUE,1,DESIGN_PRIOR_DRAW_NOT_HIDDEN_REALIZED_LABEL
22,B2_roster_prior_v2,20,51,51,256,True,False,False,FALSE,FALSE,3,DESIGN_PRIOR_DRAW_NOT_HIDDEN_REALIZED_LABEL
22,B2_roster_prior_v2,21,111,111,256,True,False,False,FALSE,FALSE,4,DESIGN_PRIOR_DRAW_NOT_HIDDEN_REALIZED_LABEL
22,B2_roster_prior_v2,22,0,0,256,True,False,False,FALSE,FALSE,6,DESIGN_PRIOR_DRAW_NOT_HIDDEN_REALIZED_LABEL
22,B2_roster_prior_v2,23,256,256,256,True,True,True,TRUE,TRUE,2,DESIGN_PRIOR_DRAW_NOT_HIDDEN_REALIZED_LABEL
22,B2_roster_prior_v2,24,256,256,256,True,True,True,TRUE,TRUE,4,DESIGN_PRIOR_DRAW_NOT_HIDDEN_REALIZED_LABEL
22,B2_roster_prior_v2,25,245,245,256,True,True,True,TRUE,TRUE,4,DESIGN_PRIOR_DRAW_NOT_HIDDEN_REALIZED_LABEL
22,B2_roster_prior_v2,26,0,0,256,True,False,False,FALSE,FALSE,8,DESIGN_PRIOR_DRAW_NOT_HIDDEN_REALIZED_LABEL
22,B2_roster_prior_v2,27,0,0,256,True,False,False,FALSE,FALSE,6,DESIGN_PRIOR_DRAW_NOT_HIDDEN_REALIZED_LABEL
22,B2_roster_prior_v2,28,0,0,256,True,False,False,FALSE,FALSE,7,DESIGN_PRIOR_DRAW_NOT_HIDDEN_REALIZED_LABEL
22,B2_roster_prior_v2,29,256,256,256,True,True,True,TRUE,TRUE,0,DESIGN_PRIOR_DRAW_NOT_HIDDEN_REALIZED_LABEL
22,B2_roster_prior_v2,30,0,0,256,True,False,False,FALSE,FALSE,7,DESIGN_PRIOR_DRAW_NOT_HIDDEN_REALIZED_LABEL
22,B2_roster_prior_v2,31,254,254,256,True,True,True,TRUE,TRUE,3,DESIGN_PRIOR_DRAW_NOT_HIDDEN_REALIZED_LABEL
23,B2_roster_prior_v2,0,0,0,256,True,False,False,FALSE,FALSE,8,DESIGN_PRIOR_DRAW_NOT_HIDDEN_REALIZED_LABEL
23,B2_roster_prior_v2,1,256,256,256,True,True,True,TRUE,TRUE,0,DESIGN_PRIOR_DRAW_NOT_HIDDEN_REALIZED_LABEL
23,B2_roster_prior_v2,2,256,256,256,True,True,True,TRUE,TRUE,5,DESIGN_PRIOR_DRAW_NOT_HIDDEN_REALIZED_LABEL
23,B2_roster_prior_v2,3,256,256,256,True,True,True,TRUE,TRUE,4,DESIGN_PRIOR_DRAW_NOT_HIDDEN_REALIZED_LABEL
23,B2_roster_prior_v2,4,256,256,256,True,True,True,TRUE,TRUE,3,DESIGN_PRIOR_DRAW_NOT_HIDDEN_REALIZED_LABEL
23,B2_roster_prior_v2,5,0,0,256,True,False,False,FALSE,FALSE,8,DESIGN_PRIOR_DRAW_NOT_HIDDEN_REALIZED_LABEL
23,B2_roster_prior_v2,6,0,0,256,True,False,False,FALSE,FALSE,7,DESIGN_PRIOR_DRAW_NOT_HIDDEN_REALIZED_LABEL
23,B2_roster_prior_v2,7,0,0,256,True,False,False,FALSE,FALSE,8,DESIGN_PRIOR_DRAW_NOT_HIDDEN_REALIZED_LABEL
23,B2_roster_prior_v2,8,0,0,256,True,False,False,FALSE,FALSE,8,DESIGN_PRIOR_DRAW_NOT_HIDDEN_REALIZED_LABEL
23,B2_roster_prior_v2,9,0,0,256,True,False,False,FALSE,FALSE,7,DESIGN_PRIOR_DRAW_NOT_HIDDEN_REALIZED_LABEL
23,B2_roster_prior_v2,10,0,0,256,True,False,False,FALSE,FALSE,6,DESIGN_PRIOR_DRAW_NOT_HIDDEN_REALIZED_LABEL
23,B2_roster_prior_v2,11,0,0,256,True,False,False,FALSE,FALSE,6,DESIGN_PRIOR_DRAW_NOT_HIDDEN_REALIZED_LABEL
23,B2_roster_prior_v2,12,0,0,256,True,False,False,FALSE,FALSE,6,DESIGN_PRIOR_DRAW_NOT_HIDDEN_REALIZED_LABEL
23,B2_roster_prior_v2,13,256,256,256,True,True,True,TRUE,TRUE,5,DESIGN_PRIOR_DRAW_NOT_HIDDEN_REALIZED_LABEL
23,B2_roster_prior_v2,14,256,256,256,True,True,True,TRUE,TRUE,1,DESIGN_PRIOR_DRAW_NOT_HIDDEN_REALIZED_LABEL
23,B2_roster_prior_v2,15,0,0,256,True,False,False,FALSE,FALSE,6,DESIGN_PRIOR_DRAW_NOT_HIDDEN_REALIZED_LABEL
23,B2_roster_prior_v2,16,256,256,256,True,True,True,TRUE,TRUE,1,DESIGN_PRIOR_DRAW_NOT_HIDDEN_REALIZED_LABEL
23,B2_roster_prior_v2,17,0,0,256,True,False,False,FALSE,FALSE,8,DESIGN_PRIOR_DRAW_NOT_HIDDEN_REALIZED_LABEL
23,B2_roster_prior_v2,18,256,256,256,True,True,True,TRUE,TRUE,3,DESIGN_PRIOR_DRAW_NOT_HIDDEN_REALIZED_LABEL
23,B2_roster_prior_v2,19,256,256,256,True,True,True,TRUE,TRUE,2,DESIGN_PRIOR_DRAW_NOT_HIDDEN_REALIZED_LABEL
23,B2_roster_prior_v2,20,0,0,256,True,False,False,FALSE,FALSE,8,DESIGN_PRIOR_DRAW_NOT_HIDDEN_REALIZED_LABEL
23,B2_roster_prior_v2,21,256,256,256,True,True,True,TRUE,TRUE,5,DESIGN_PRIOR_DRAW_NOT_HIDDEN_REALIZED_LABEL
23,B2_roster_prior_v2,22,0,0,256,True,False,False,FALSE,FALSE,6,DESIGN_PRIOR_DRAW_NOT_HIDDEN_REALIZED_LABEL
23,B2_roster_prior_v2,23,0,0,256,True,False,False,FALSE,FALSE,6,DESIGN_PRIOR_DRAW_NOT_HIDDEN_REALIZED_LABEL
23,B2_roster_prior_v2,24,256,256,256,True,True,True,TRUE,TRUE,1,DESIGN_PRIOR_DRAW_NOT_HIDDEN_REALIZED_LABEL
23,B2_roster_prior_v2,25,256,256,256,True,True,True,TRUE,TRUE,2,DESIGN_PRIOR_DRAW_NOT_HIDDEN_REALIZED_LABEL
23,B2_roster_prior_v2,26,256,256,256,True,True,True,TRUE,TRUE,3,DESIGN_PRIOR_DRAW_NOT_HIDDEN_REALIZED_LABEL
23,B2_roster_prior_v2,27,0,0,256,True,False,False,FALSE,FALSE,7,DESIGN_PRIOR_DRAW_NOT_HIDDEN_REALIZED_LABEL
23,B2_roster_prior_v2,28,256,256,256,True,True,True,TRUE,TRUE,1,DESIGN_PRIOR_DRAW_NOT_HIDDEN_REALIZED_LABEL
23,B2_roster_prior_v2,29,0,0,256,True,False,False,FALSE,FALSE,6,DESIGN_PRIOR_DRAW_NOT_HIDDEN_REALIZED_LABEL
23,B2_roster_prior_v2,30,0,0,256,True,False,False,FALSE,FALSE,6,DESIGN_PRIOR_DRAW_NOT_HIDDEN_REALIZED_LABEL
23,B2_roster_prior_v2,31,256,256,256,True,True,True,TRUE,TRUE,0,DESIGN_PRIOR_DRAW_NOT_HIDDEN_REALIZED_LABEL
24,B2_roster_prior_v2,0,0,0,256,True,False,False,FALSE,FALSE,6,DESIGN_PRIOR_DRAW_NOT_HIDDEN_REALIZED_LABEL
24,B2_roster_prior_v2,1,256,256,256,True,True,True,TRUE,TRUE,2,DESIGN_PRIOR_DRAW_NOT_HIDDEN_REALIZED_LABEL
24,B2_roster_prior_v2,2,253,253,256,True,True,True,TRUE,TRUE,5,DESIGN_PRIOR_DRAW_NOT_HIDDEN_REALIZED_LABEL
24,B2_roster_prior_v2,3,247,247,256,True,True,True,TRUE,TRUE,3,DESIGN_PRIOR_DRAW_NOT_HIDDEN_REALIZED_LABEL
24,B2_roster_prior_v2,4,82,82,256,True,False,False,FALSE,FALSE,3,DESIGN_PRIOR_DRAW_NOT_HIDDEN_REALIZED_LABEL
24,B2_roster_prior_v2,5,256,256,256,True,True,True,TRUE,TRUE,0,DESIGN_PRIOR_DRAW_NOT_HIDDEN_REALIZED_LABEL
24,B2_roster_prior_v2,6,0,0,256,True,False,False,FALSE,FALSE,8,DESIGN_PRIOR_DRAW_NOT_HIDDEN_REALIZED_LABEL
24,B2_roster_prior_v2,7,0,0,256,True,False,False,FALSE,FALSE,8,DESIGN_PRIOR_DRAW_NOT_HIDDEN_REALIZED_LABEL
24,B2_roster_prior_v2,8,0,0,256,True,False,False,FALSE,FALSE,7,DESIGN_PRIOR_DRAW_NOT_HIDDEN_REALIZED_LABEL
24,B2_roster_prior_v2,9,256,256,256,True,True,True,TRUE,TRUE,2,DESIGN_PRIOR_DRAW_NOT_HIDDEN_REALIZED_LABEL
24,B2_roster_prior_v2,10,256,256,256,True,True,True,TRUE,TRUE,2,DESIGN_PRIOR_DRAW_NOT_HIDDEN_REALIZED_LABEL
24,B2_roster_prior_v2,11,256,256,256,True,True,True,TRUE,TRUE,1,DESIGN_PRIOR_DRAW_NOT_HIDDEN_REALIZED_LABEL
24,B2_roster_prior_v2,12,0,0,256,True,False,False,FALSE,FALSE,8,DESIGN_PRIOR_DRAW_NOT_HIDDEN_REALIZED_LABEL
24,B2_roster_prior_v2,13,0,0,256,True,False,False,FALSE,FALSE,8,DESIGN_PRIOR_DRAW_NOT_HIDDEN_REALIZED_LABEL
24,B2_roster_prior_v2,14,110,110,256,True,False,False,FALSE,FALSE,5,DESIGN_PRIOR_DRAW_NOT_HIDDEN_REALIZED_LABEL
24,B2_roster_prior_v2,15,239,239,256,True,True,True,TRUE,TRUE,4,DESIGN_PRIOR_DRAW_NOT_HIDDEN_REALIZED_LABEL
24,B2_roster_prior_v2,16,0,0,256,True,False,False,FALSE,FALSE,7,DESIGN_PRIOR_DRAW_NOT_HIDDEN_REALIZED_LABEL
24,B2_roster_prior_v2,17,0,0,256,True,False,False,FALSE,FALSE,7,DESIGN_PRIOR_DRAW_NOT_HIDDEN_REALIZED_LABEL
24,B2_roster_prior_v2,18,256,256,256,True,True,True,TRUE,TRUE,1,DESIGN_PRIOR_DRAW_NOT_HIDDEN_REALIZED_LABEL
24,B2_roster_prior_v2,19,63,63,256,True,False,False,FALSE,FALSE,5,DESIGN_PRIOR_DRAW_NOT_HIDDEN_REALIZED_LABEL
24,B2_roster_prior_v2,20,0,0,256,True,False,False,FALSE,FALSE,8,DESIGN_PRIOR_DRAW_NOT_HIDDEN_REALIZED_LABEL
24,B2_roster_prior_v2,21,0,0,256,True,False,False,FALSE,FALSE,7,DESIGN_PRIOR_DRAW_NOT_HIDDEN_REALIZED_LABEL
24,B2_roster_prior_v2,22,256,256,256,True,True,True,TRUE,TRUE,5,DESIGN_PRIOR_DRAW_NOT_HIDDEN_REALIZED_LABEL
24,B2_roster_prior_v2,23,0,0,256,True,False,False,FALSE,FALSE,8,DESIGN_PRIOR_DRAW_NOT_HIDDEN_REALIZED_LABEL
24,B2_roster_prior_v2,24,201,201,256,True,True,True,MC_UNRESOLVED,MC_UNRESOLVED,3,DESIGN_PRIOR_DRAW_NOT_HIDDEN_REALIZED_LABEL
24,B2_roster_prior_v2,25,0,0,256,True,False,False,FALSE,FALSE,7,DESIGN_PRIOR_DRAW_NOT_HIDDEN_REALIZED_LABEL
24,B2_roster_prior_v2,26,256,256,256,True,True,True,TRUE,TRUE,2,DESIGN_PRIOR_DRAW_NOT_HIDDEN_REALIZED_LABEL
24,B2_roster_prior_v2,27,0,0,256,True,False,False,FALSE,FALSE,8,DESIGN_PRIOR_DRAW_NOT_HIDDEN_REALIZED_LABEL
24,B2_roster_prior_v2,28,256,256,256,True,True,True,TRUE,TRUE,2,DESIGN_PRIOR_DRAW_NOT_HIDDEN_REALIZED_LABEL
24,B2_roster_prior_v2,29,252,252,256,True,True,True,TRUE,TRUE,5,DESIGN_PRIOR_DRAW_NOT_HIDDEN_REALIZED_LABEL
24,B2_roster_prior_v2,30,238,238,256,True,True,True,TRUE,TRUE,4,DESIGN_PRIOR_DRAW_NOT_HIDDEN_REALIZED_LABEL
24,B2_roster_prior_v2,31,117,117,256,True,False,False,FALSE,FALSE,5,DESIGN_PRIOR_DRAW_NOT_HIDDEN_REALIZED_LABEL
25,B2_roster_prior_v2,0,0,0,256,True,False,False,FALSE,FALSE,7,DESIGN_PRIOR_DRAW_NOT_HIDDEN_REALIZED_LABEL
25,B2_roster_prior_v2,1,0,0,256,True,False,False,FALSE,FALSE,6,DESIGN_PRIOR_DRAW_NOT_HIDDEN_REALIZED_LABEL
25,B2_roster_prior_v2,2,0,0,256,True,False,False,FALSE,FALSE,8,DESIGN_PRIOR_DRAW_NOT_HIDDEN_REALIZED_LABEL
25,B2_roster_prior_v2,3,0,0,256,True,False,False,FALSE,FALSE,7,DESIGN_PRIOR_DRAW_NOT_HIDDEN_REALIZED_LABEL
25,B2_roster_prior_v2,4,0,0,256,True,False,False,FALSE,FALSE,7,DESIGN_PRIOR_DRAW_NOT_HIDDEN_REALIZED_LABEL
25,B2_roster_prior_v2,5,0,0,256,True,False,False,FALSE,FALSE,8,DESIGN_PRIOR_DRAW_NOT_HIDDEN_REALIZED_LABEL
25,B2_roster_prior_v2,6,255,255,256,True,True,True,TRUE,TRUE,5,DESIGN_PRIOR_DRAW_NOT_HIDDEN_REALIZED_LABEL
25,B2_roster_prior_v2,7,238,238,256,True,True,True,TRUE,TRUE,3,DESIGN_PRIOR_DRAW_NOT_HIDDEN_REALIZED_LABEL
25,B2_roster_prior_v2,8,0,0,256,True,False,False,FALSE,FALSE,6,DESIGN_PRIOR_DRAW_NOT_HIDDEN_REALIZED_LABEL
25,B2_roster_prior_v2,9,256,256,256,True,True,True,TRUE,TRUE,1,DESIGN_PRIOR_DRAW_NOT_HIDDEN_REALIZED_LABEL
25,B2_roster_prior_v2,10,256,256,256,True,True,True,TRUE,TRUE,4,DESIGN_PRIOR_DRAW_NOT_HIDDEN_REALIZED_LABEL
25,B2_roster_prior_v2,11,256,256,256,True,True,True,TRUE,TRUE,4,DESIGN_PRIOR_DRAW_NOT_HIDDEN_REALIZED_LABEL
25,B2_roster_prior_v2,12,256,256,256,True,True,True,TRUE,TRUE,2,DESIGN_PRIOR_DRAW_NOT_HIDDEN_REALIZED_LABEL
25,B2_roster_prior_v2,13,253,253,256,True,True,True,TRUE,TRUE,3,DESIGN_PRIOR_DRAW_NOT_HIDDEN_REALIZED_LABEL
25,B2_roster_prior_v2,14,256,256,256,True,True,True,TRUE,TRUE,0,DESIGN_PRIOR_DRAW_NOT_HIDDEN_REALIZED_LABEL
25,B2_roster_prior_v2,15,256,256,256,True,True,True,TRUE,TRUE,4,DESIGN_PRIOR_DRAW_NOT_HIDDEN_REALIZED_LABEL
25,B2_roster_prior_v2,16,256,256,256,True,True,True,TRUE,TRUE,0,DESIGN_PRIOR_DRAW_NOT_HIDDEN_REALIZED_LABEL
25,B2_roster_prior_v2,17,256,256,256,True,True,True,TRUE,TRUE,3,DESIGN_PRIOR_DRAW_NOT_HIDDEN_REALIZED_LABEL
25,B2_roster_prior_v2,18,0,0,256,True,False,False,FALSE,FALSE,6,DESIGN_PRIOR_DRAW_NOT_HIDDEN_REALIZED_LABEL
25,B2_roster_prior_v2,19,0,0,256,True,False,False,FALSE,FALSE,8,DESIGN_PRIOR_DRAW_NOT_HIDDEN_REALIZED_LABEL
25,B2_roster_prior_v2,20,211,211,256,True,True,True,TRUE,TRUE,5,DESIGN_PRIOR_DRAW_NOT_HIDDEN_REALIZED_LABEL
25,B2_roster_prior_v2,21,192,192,256,True,True,True,MC_UNRESOLVED,MC_UNRESOLVED,4,DESIGN_PRIOR_DRAW_NOT_HIDDEN_REALIZED_LABEL
25,B2_roster_prior_v2,22,256,256,256,True,True,True,TRUE,TRUE,5,DESIGN_PRIOR_DRAW_NOT_HIDDEN_REALIZED_LABEL
25,B2_roster_prior_v2,23,0,0,256,True,False,False,FALSE,FALSE,8,DESIGN_PRIOR_DRAW_NOT_HIDDEN_REALIZED_LABEL
25,B2_roster_prior_v2,24,256,256,256,True,True,True,TRUE,TRUE,2,DESIGN_PRIOR_DRAW_NOT_HIDDEN_REALIZED_LABEL
25,B2_roster_prior_v2,25,0,0,256,True,False,False,FALSE,FALSE,8,DESIGN_PRIOR_DRAW_NOT_HIDDEN_REALIZED_LABEL
25,B2_roster_prior_v2,26,0,0,256,True,False,False,FALSE,FALSE,7,DESIGN_PRIOR_DRAW_NOT_HIDDEN_REALIZED_LABEL
25,B2_roster_prior_v2,27,256,256,256,True,True,True,TRUE,TRUE,1,DESIGN_PRIOR_DRAW_NOT_HIDDEN_REALIZED_LABEL
25,B2_roster_prior_v2,28,0,0,256,True,False,False,FALSE,FALSE,8,DESIGN_PRIOR_DRAW_NOT_HIDDEN_REALIZED_LABEL
25,B2_roster_prior_v2,29,224,224,256,True,True,True,TRUE,TRUE,4,DESIGN_PRIOR_DRAW_NOT_HIDDEN_REALIZED_LABEL
25,B2_roster_prior_v2,30,256,256,256,True,True,True,TRUE,TRUE,1,DESIGN_PRIOR_DRAW_NOT_HIDDEN_REALIZED_LABEL
25,B2_roster_prior_v2,31,256,256,256,True,True,True,TRUE,TRUE,1,DESIGN_PRIOR_DRAW_NOT_HIDDEN_REALIZED_LABEL
26,B2_roster_prior_v2,0,256,256,256,True,True,True,TRUE,TRUE,4,DESIGN_PRIOR_DRAW_NOT_HIDDEN_REALIZED_LABEL
26,B2_roster_prior_v2,1,256,256,256,True,True,True,TRUE,TRUE,1,DESIGN_PRIOR_DRAW_NOT_HIDDEN_REALIZED_LABEL
26,B2_roster_prior_v2,2,0,0,256,True,False,False,FALSE,FALSE,8,DESIGN_PRIOR_DRAW_NOT_HIDDEN_REALIZED_LABEL
26,B2_roster_prior_v2,3,256,256,256,True,True,True,TRUE,TRUE,3,DESIGN_PRIOR_DRAW_NOT_HIDDEN_REALIZED_LABEL
26,B2_roster_prior_v2,4,0,0,256,True,False,False,FALSE,FALSE,6,DESIGN_PRIOR_DRAW_NOT_HIDDEN_REALIZED_LABEL
26,B2_roster_prior_v2,5,0,0,256,True,False,False,FALSE,FALSE,8,DESIGN_PRIOR_DRAW_NOT_HIDDEN_REALIZED_LABEL
26,B2_roster_prior_v2,6,256,256,256,True,True,True,TRUE,TRUE,0,DESIGN_PRIOR_DRAW_NOT_HIDDEN_REALIZED_LABEL
26,B2_roster_prior_v2,7,255,255,256,True,True,True,TRUE,TRUE,3,DESIGN_PRIOR_DRAW_NOT_HIDDEN_REALIZED_LABEL
26,B2_roster_prior_v2,8,0,0,256,True,False,False,FALSE,FALSE,7,DESIGN_PRIOR_DRAW_NOT_HIDDEN_REALIZED_LABEL
26,B2_roster_prior_v2,9,0,0,256,True,False,False,FALSE,FALSE,8,DESIGN_PRIOR_DRAW_NOT_HIDDEN_REALIZED_LABEL
26,B2_roster_prior_v2,10,0,0,256,True,False,False,FALSE,FALSE,7,DESIGN_PRIOR_DRAW_NOT_HIDDEN_REALIZED_LABEL
26,B2_roster_prior_v2,11,256,256,256,True,True,True,TRUE,TRUE,4,DESIGN_PRIOR_DRAW_NOT_HIDDEN_REALIZED_LABEL
26,B2_roster_prior_v2,12,256,256,256,True,True,True,TRUE,TRUE,2,DESIGN_PRIOR_DRAW_NOT_HIDDEN_REALIZED_LABEL
26,B2_roster_prior_v2,13,256,256,256,True,True,True,TRUE,TRUE,0,DESIGN_PRIOR_DRAW_NOT_HIDDEN_REALIZED_LABEL
26,B2_roster_prior_v2,14,256,256,256,True,True,True,TRUE,TRUE,5,DESIGN_PRIOR_DRAW_NOT_HIDDEN_REALIZED_LABEL
26,B2_roster_prior_v2,15,0,0,256,True,False,False,FALSE,FALSE,8,DESIGN_PRIOR_DRAW_NOT_HIDDEN_REALIZED_LABEL
26,B2_roster_prior_v2,16,0,0,256,True,False,False,FALSE,FALSE,6,DESIGN_PRIOR_DRAW_NOT_HIDDEN_REALIZED_LABEL
26,B2_roster_prior_v2,17,256,256,256,True,True,True,TRUE,TRUE,0,DESIGN_PRIOR_DRAW_NOT_HIDDEN_REALIZED_LABEL
26,B2_roster_prior_v2,18,0,0,256,True,False,False,FALSE,FALSE,6,DESIGN_PRIOR_DRAW_NOT_HIDDEN_REALIZED_LABEL
26,B2_roster_prior_v2,19,256,256,256,True,True,True,TRUE,TRUE,3,DESIGN_PRIOR_DRAW_NOT_HIDDEN_REALIZED_LABEL
26,B2_roster_prior_v2,20,256,256,256,True,True,True,TRUE,TRUE,1,DESIGN_PRIOR_DRAW_NOT_HIDDEN_REALIZED_LABEL
26,B2_roster_prior_v2,21,0,0,256,True,False,False,FALSE,FALSE,6,DESIGN_PRIOR_DRAW_NOT_HIDDEN_REALIZED_LABEL
26,B2_roster_prior_v2,22,256,256,256,True,True,True,TRUE,TRUE,1,DESIGN_PRIOR_DRAW_NOT_HIDDEN_REALIZED_LABEL
26,B2_roster_prior_v2,23,256,256,256,True,True,True,TRUE,TRUE,1,DESIGN_PRIOR_DRAW_NOT_HIDDEN_REALIZED_LABEL
26,B2_roster_prior_v2,24,256,256,256,True,True,True,TRUE,TRUE,5,DESIGN_PRIOR_DRAW_NOT_HIDDEN_REALIZED_LABEL
26,B2_roster_prior_v2,25,0,0,256,True,False,False,FALSE,FALSE,7,DESIGN_PRIOR_DRAW_NOT_HIDDEN_REALIZED_LABEL
26,B2_roster_prior_v2,26,256,256,256,True,True,True,TRUE,TRUE,5,DESIGN_PRIOR_DRAW_NOT_HIDDEN_REALIZED_LABEL
26,B2_roster_prior_v2,27,256,256,256,True,True,True,TRUE,TRUE,2,DESIGN_PRIOR_DRAW_NOT_HIDDEN_REALIZED_LABEL
26,B2_roster_prior_v2,28,256,256,256,True,True,True,TRUE,TRUE,2,DESIGN_PRIOR_DRAW_NOT_HIDDEN_REALIZED_LABEL
26,B2_roster_prior_v2,29,256,256,256,True,True,True,TRUE,TRUE,0,DESIGN_PRIOR_DRAW_NOT_HIDDEN_REALIZED_LABEL
26,B2_roster_prior_v2,30,0,0,256,True,False,False,FALSE,FALSE,7,DESIGN_PRIOR_DRAW_NOT_HIDDEN_REALIZED_LABEL
26,B2_roster_prior_v2,31,256,256,256,True,True,True,TRUE,TRUE,3,DESIGN_PRIOR_DRAW_NOT_HIDDEN_REALIZED_LABEL
27,B2_roster_prior_v2,0,174,174,256,True,False,False,FALSE,FALSE,3,DESIGN_PRIOR_DRAW_NOT_HIDDEN_REALIZED_LABEL
27,B2_roster_prior_v2,1,256,256,256,True,True,True,TRUE,TRUE,2,DESIGN_PRIOR_DRAW_NOT_HIDDEN_REALIZED_LABEL
27,B2_roster_prior_v2,2,0,0,256,True,False,False,FALSE,FALSE,7,DESIGN_PRIOR_DRAW_NOT_HIDDEN_REALIZED_LABEL
27,B2_roster_prior_v2,3,0,0,256,True,False,False,FALSE,FALSE,7,DESIGN_PRIOR_DRAW_NOT_HIDDEN_REALIZED_LABEL
27,B2_roster_prior_v2,4,0,0,256,True,False,False,FALSE,FALSE,6,DESIGN_PRIOR_DRAW_NOT_HIDDEN_REALIZED_LABEL
27,B2_roster_prior_v2,5,256,256,256,True,True,True,TRUE,TRUE,3,DESIGN_PRIOR_DRAW_NOT_HIDDEN_REALIZED_LABEL
27,B2_roster_prior_v2,6,256,256,256,True,True,True,TRUE,TRUE,2,DESIGN_PRIOR_DRAW_NOT_HIDDEN_REALIZED_LABEL
27,B2_roster_prior_v2,7,0,0,256,True,False,False,FALSE,FALSE,6,DESIGN_PRIOR_DRAW_NOT_HIDDEN_REALIZED_LABEL
27,B2_roster_prior_v2,8,0,0,256,True,False,False,FALSE,FALSE,8,DESIGN_PRIOR_DRAW_NOT_HIDDEN_REALIZED_LABEL
27,B2_roster_prior_v2,9,0,0,256,True,False,False,FALSE,FALSE,6,DESIGN_PRIOR_DRAW_NOT_HIDDEN_REALIZED_LABEL
27,B2_roster_prior_v2,10,0,0,256,True,False,False,FALSE,FALSE,8,DESIGN_PRIOR_DRAW_NOT_HIDDEN_REALIZED_LABEL
27,B2_roster_prior_v2,11,256,256,256,True,True,True,TRUE,TRUE,2,DESIGN_PRIOR_DRAW_NOT_HIDDEN_REALIZED_LABEL
27,B2_roster_prior_v2,12,256,256,256,True,True,True,TRUE,TRUE,0,DESIGN_PRIOR_DRAW_NOT_HIDDEN_REALIZED_LABEL
27,B2_roster_prior_v2,13,0,0,256,True,False,False,FALSE,FALSE,8,DESIGN_PRIOR_DRAW_NOT_HIDDEN_REALIZED_LABEL
27,B2_roster_prior_v2,14,0,0,256,True,False,False,FALSE,FALSE,8,DESIGN_PRIOR_DRAW_NOT_HIDDEN_REALIZED_LABEL
27,B2_roster_prior_v2,15,0,0,256,True,False,False,FALSE,FALSE,6,DESIGN_PRIOR_DRAW_NOT_HIDDEN_REALIZED_LABEL
27,B2_roster_prior_v2,16,255,255,256,True,True,True,TRUE,TRUE,3,DESIGN_PRIOR_DRAW_NOT_HIDDEN_REALIZED_LABEL
27,B2_roster_prior_v2,17,256,256,256,True,True,True,TRUE,TRUE,3,DESIGN_PRIOR_DRAW_NOT_HIDDEN_REALIZED_LABEL
27,B2_roster_prior_v2,18,256,256,256,True,True,True,TRUE,TRUE,4,DESIGN_PRIOR_DRAW_NOT_HIDDEN_REALIZED_LABEL
27,B2_roster_prior_v2,19,0,0,256,True,False,False,FALSE,FALSE,6,DESIGN_PRIOR_DRAW_NOT_HIDDEN_REALIZED_LABEL
27,B2_roster_prior_v2,20,254,254,256,True,True,True,TRUE,TRUE,4,DESIGN_PRIOR_DRAW_NOT_HIDDEN_REALIZED_LABEL
27,B2_roster_prior_v2,21,0,0,256,True,False,False,FALSE,FALSE,7,DESIGN_PRIOR_DRAW_NOT_HIDDEN_REALIZED_LABEL
27,B2_roster_prior_v2,22,256,256,256,True,True,True,TRUE,TRUE,1,DESIGN_PRIOR_DRAW_NOT_HIDDEN_REALIZED_LABEL
27,B2_roster_prior_v2,23,0,0,256,True,False,False,FALSE,FALSE,6,DESIGN_PRIOR_DRAW_NOT_HIDDEN_REALIZED_LABEL
27,B2_roster_prior_v2,24,14,14,256,True,False,False,FALSE,FALSE,4,DESIGN_PRIOR_DRAW_NOT_HIDDEN_REALIZED_LABEL
27,B2_roster_prior_v2,25,256,256,256,True,True,True,TRUE,TRUE,3,DESIGN_PRIOR_DRAW_NOT_HIDDEN_REALIZED_LABEL
27,B2_roster_prior_v2,26,0,0,256,True,False,False,FALSE,FALSE,8,DESIGN_PRIOR_DRAW_NOT_HIDDEN_REALIZED_LABEL
27,B2_roster_prior_v2,27,0,0,256,True,False,False,FALSE,FALSE,8,DESIGN_PRIOR_DRAW_NOT_HIDDEN_REALIZED_LABEL
27,B2_roster_prior_v2,28,0,0,256,True,False,False,FALSE,FALSE,7,DESIGN_PRIOR_DRAW_NOT_HIDDEN_REALIZED_LABEL
27,B2_roster_prior_v2,29,0,0,256,True,False,False,FALSE,FALSE,6,DESIGN_PRIOR_DRAW_NOT_HIDDEN_REALIZED_LABEL
27,B2_roster_prior_v2,30,246,246,256,True,True,True,TRUE,TRUE,4,DESIGN_PRIOR_DRAW_NOT_HIDDEN_REALIZED_LABEL
27,B2_roster_prior_v2,31,256,256,256,True,True,True,TRUE,TRUE,5,DESIGN_PRIOR_DRAW_NOT_HIDDEN_REALIZED_LABEL
28,B2_roster_prior_v2,0,256,256,256,True,True,True,TRUE,TRUE,2,DESIGN_PRIOR_DRAW_NOT_HIDDEN_REALIZED_LABEL
28,B2_roster_prior_v2,1,0,0,256,True,False,False,FALSE,FALSE,6,DESIGN_PRIOR_DRAW_NOT_HIDDEN_REALIZED_LABEL
28,B2_roster_prior_v2,2,0,0,256,True,False,False,FALSE,FALSE,8,DESIGN_PRIOR_DRAW_NOT_HIDDEN_REALIZED_LABEL
28,B2_roster_prior_v2,3,0,0,256,True,False,False,FALSE,FALSE,6,DESIGN_PRIOR_DRAW_NOT_HIDDEN_REALIZED_LABEL
28,B2_roster_prior_v2,4,256,256,256,True,True,True,TRUE,TRUE,4,DESIGN_PRIOR_DRAW_NOT_HIDDEN_REALIZED_LABEL
28,B2_roster_prior_v2,5,256,256,256,True,True,True,TRUE,TRUE,4,DESIGN_PRIOR_DRAW_NOT_HIDDEN_REALIZED_LABEL
28,B2_roster_prior_v2,6,256,256,256,True,True,True,TRUE,TRUE,0,DESIGN_PRIOR_DRAW_NOT_HIDDEN_REALIZED_LABEL
28,B2_roster_prior_v2,7,0,0,256,True,False,False,FALSE,FALSE,7,DESIGN_PRIOR_DRAW_NOT_HIDDEN_REALIZED_LABEL
28,B2_roster_prior_v2,8,256,256,256,True,True,True,TRUE,TRUE,1,DESIGN_PRIOR_DRAW_NOT_HIDDEN_REALIZED_LABEL
28,B2_roster_prior_v2,9,256,256,256,True,True,True,TRUE,TRUE,5,DESIGN_PRIOR_DRAW_NOT_HIDDEN_REALIZED_LABEL
28,B2_roster_prior_v2,10,0,0,256,True,False,False,FALSE,FALSE,6,DESIGN_PRIOR_DRAW_NOT_HIDDEN_REALIZED_LABEL
28,B2_roster_prior_v2,11,0,0,256,True,False,False,FALSE,FALSE,6,DESIGN_PRIOR_DRAW_NOT_HIDDEN_REALIZED_LABEL
28,B2_roster_prior_v2,12,256,256,256,True,True,True,TRUE,TRUE,3,DESIGN_PRIOR_DRAW_NOT_HIDDEN_REALIZED_LABEL
28,B2_roster_prior_v2,13,250,250,256,True,True,True,TRUE,TRUE,4,DESIGN_PRIOR_DRAW_NOT_HIDDEN_REALIZED_LABEL
28,B2_roster_prior_v2,14,256,256,256,True,True,True,TRUE,TRUE,0,DESIGN_PRIOR_DRAW_NOT_HIDDEN_REALIZED_LABEL
28,B2_roster_prior_v2,15,0,0,256,True,False,False,FALSE,FALSE,6,DESIGN_PRIOR_DRAW_NOT_HIDDEN_REALIZED_LABEL
28,B2_roster_prior_v2,16,0,0,256,True,False,False,FALSE,FALSE,8,DESIGN_PRIOR_DRAW_NOT_HIDDEN_REALIZED_LABEL
28,B2_roster_prior_v2,17,0,0,256,True,False,False,FALSE,FALSE,6,DESIGN_PRIOR_DRAW_NOT_HIDDEN_REALIZED_LABEL
28,B2_roster_prior_v2,18,0,0,256,True,False,False,FALSE,FALSE,6,DESIGN_PRIOR_DRAW_NOT_HIDDEN_REALIZED_LABEL
28,B2_roster_prior_v2,19,256,256,256,True,True,True,TRUE,TRUE,3,DESIGN_PRIOR_DRAW_NOT_HIDDEN_REALIZED_LABEL
28,B2_roster_prior_v2,20,254,254,256,True,True,True,TRUE,TRUE,3,DESIGN_PRIOR_DRAW_NOT_HIDDEN_REALIZED_LABEL
28,B2_roster_prior_v2,21,0,0,256,True,False,False,FALSE,FALSE,8,DESIGN_PRIOR_DRAW_NOT_HIDDEN_REALIZED_LABEL
28,B2_roster_prior_v2,22,256,256,256,True,True,True,TRUE,TRUE,5,DESIGN_PRIOR_DRAW_NOT_HIDDEN_REALIZED_LABEL
28,B2_roster_prior_v2,23,237,237,256,True,True,True,TRUE,TRUE,3,DESIGN_PRIOR_DRAW_NOT_HIDDEN_REALIZED_LABEL
28,B2_roster_prior_v2,24,0,0,256,True,False,False,FALSE,FALSE,6,DESIGN_PRIOR_DRAW_NOT_HIDDEN_REALIZED_LABEL
28,B2_roster_prior_v2,25,255,255,256,True,True,True,TRUE,TRUE,3,DESIGN_PRIOR_DRAW_NOT_HIDDEN_REALIZED_LABEL
28,B2_roster_prior_v2,26,0,0,256,True,False,False,FALSE,FALSE,6,DESIGN_PRIOR_DRAW_NOT_HIDDEN_REALIZED_LABEL
28,B2_roster_prior_v2,27,256,256,256,True,True,True,TRUE,TRUE,0,DESIGN_PRIOR_DRAW_NOT_HIDDEN_REALIZED_LABEL
28,B2_roster_prior_v2,28,256,256,256,True,True,True,TRUE,TRUE,1,DESIGN_PRIOR_DRAW_NOT_HIDDEN_REALIZED_LABEL
28,B2_roster_prior_v2,29,256,256,256,True,True,True,TRUE,TRUE,1,DESIGN_PRIOR_DRAW_NOT_HIDDEN_REALIZED_LABEL
28,B2_roster_prior_v2,30,256,256,256,True,True,True,TRUE,TRUE,2,DESIGN_PRIOR_DRAW_NOT_HIDDEN_REALIZED_LABEL
28,B2_roster_prior_v2,31,0,0,256,True,False,False,FALSE,FALSE,6,DESIGN_PRIOR_DRAW_NOT_HIDDEN_REALIZED_LABEL
29,B2_roster_prior_v2,0,0,0,256,True,False,False,FALSE,FALSE,7,DESIGN_PRIOR_DRAW_NOT_HIDDEN_REALIZED_LABEL
29,B2_roster_prior_v2,1,0,0,256,True,False,False,FALSE,FALSE,7,DESIGN_PRIOR_DRAW_NOT_HIDDEN_REALIZED_LABEL
29,B2_roster_prior_v2,2,0,0,256,True,False,False,FALSE,FALSE,8,DESIGN_PRIOR_DRAW_NOT_HIDDEN_REALIZED_LABEL
29,B2_roster_prior_v2,3,0,0,256,True,False,False,FALSE,FALSE,6,DESIGN_PRIOR_DRAW_NOT_HIDDEN_REALIZED_LABEL
29,B2_roster_prior_v2,4,0,0,256,True,False,False,FALSE,FALSE,8,DESIGN_PRIOR_DRAW_NOT_HIDDEN_REALIZED_LABEL
29,B2_roster_prior_v2,5,0,0,256,True,False,False,FALSE,FALSE,6,DESIGN_PRIOR_DRAW_NOT_HIDDEN_REALIZED_LABEL
29,B2_roster_prior_v2,6,256,256,256,True,True,True,TRUE,TRUE,4,DESIGN_PRIOR_DRAW_NOT_HIDDEN_REALIZED_LABEL
29,B2_roster_prior_v2,7,256,256,256,True,True,True,TRUE,TRUE,0,DESIGN_PRIOR_DRAW_NOT_HIDDEN_REALIZED_LABEL
29,B2_roster_prior_v2,8,256,256,256,True,True,True,TRUE,TRUE,1,DESIGN_PRIOR_DRAW_NOT_HIDDEN_REALIZED_LABEL
29,B2_roster_prior_v2,9,220,220,256,True,True,True,TRUE,TRUE,5,DESIGN_PRIOR_DRAW_NOT_HIDDEN_REALIZED_LABEL
29,B2_roster_prior_v2,10,0,0,256,True,False,False,FALSE,FALSE,6,DESIGN_PRIOR_DRAW_NOT_HIDDEN_REALIZED_LABEL
29,B2_roster_prior_v2,11,256,256,256,True,True,True,TRUE,TRUE,4,DESIGN_PRIOR_DRAW_NOT_HIDDEN_REALIZED_LABEL
29,B2_roster_prior_v2,12,256,256,256,True,True,True,TRUE,TRUE,2,DESIGN_PRIOR_DRAW_NOT_HIDDEN_REALIZED_LABEL
29,B2_roster_prior_v2,13,0,0,256,True,False,False,FALSE,FALSE,8,DESIGN_PRIOR_DRAW_NOT_HIDDEN_REALIZED_LABEL
29,B2_roster_prior_v2,14,256,256,256,True,True,True,TRUE,TRUE,2,DESIGN_PRIOR_DRAW_NOT_HIDDEN_REALIZED_LABEL
29,B2_roster_prior_v2,15,256,256,256,True,True,True,TRUE,TRUE,5,DESIGN_PRIOR_DRAW_NOT_HIDDEN_REALIZED_LABEL
29,B2_roster_prior_v2,16,256,256,256,True,True,True,TRUE,TRUE,4,DESIGN_PRIOR_DRAW_NOT_HIDDEN_REALIZED_LABEL
29,B2_roster_prior_v2,17,0,0,256,True,False,False,FALSE,FALSE,6,DESIGN_PRIOR_DRAW_NOT_HIDDEN_REALIZED_LABEL
29,B2_roster_prior_v2,18,0,0,256,True,False,False,FALSE,FALSE,8,DESIGN_PRIOR_DRAW_NOT_HIDDEN_REALIZED_LABEL
29,B2_roster_prior_v2,19,256,256,256,True,True,True,TRUE,TRUE,3,DESIGN_PRIOR_DRAW_NOT_HIDDEN_REALIZED_LABEL
29,B2_roster_prior_v2,20,236,236,256,True,True,True,TRUE,TRUE,3,DESIGN_PRIOR_DRAW_NOT_HIDDEN_REALIZED_LABEL
29,B2_roster_prior_v2,21,255,255,256,True,True,True,TRUE,TRUE,4,DESIGN_PRIOR_DRAW_NOT_HIDDEN_REALIZED_LABEL
29,B2_roster_prior_v2,22,0,0,256,True,False,False,FALSE,FALSE,7,DESIGN_PRIOR_DRAW_NOT_HIDDEN_REALIZED_LABEL
29,B2_roster_prior_v2,23,256,256,256,True,True,True,TRUE,TRUE,0,DESIGN_PRIOR_DRAW_NOT_HIDDEN_REALIZED_LABEL
29,B2_roster_prior_v2,24,0,0,256,True,False,False,FALSE,FALSE,7,DESIGN_PRIOR_DRAW_NOT_HIDDEN_REALIZED_LABEL
29,B2_roster_prior_v2,25,256,256,256,True,True,True,TRUE,TRUE,4,DESIGN_PRIOR_DRAW_NOT_HIDDEN_REALIZED_LABEL
29,B2_roster_prior_v2,26,256,256,256,True,True,True,TRUE,TRUE,5,DESIGN_PRIOR_DRAW_NOT_HIDDEN_REALIZED_LABEL
29,B2_roster_prior_v2,27,0,0,256,True,False,False,FALSE,FALSE,8,DESIGN_PRIOR_DRAW_NOT_HIDDEN_REALIZED_LABEL
29,B2_roster_prior_v2,28,240,240,256,True,True,True,TRUE,TRUE,5,DESIGN_PRIOR_DRAW_NOT_HIDDEN_REALIZED_LABEL
29,B2_roster_prior_v2,29,0,0,256,True,False,False,FALSE,FALSE,6,DESIGN_PRIOR_DRAW_NOT_HIDDEN_REALIZED_LABEL
29,B2_roster_prior_v2,30,255,255,256,True,True,True,TRUE,TRUE,3,DESIGN_PRIOR_DRAW_NOT_HIDDEN_REALIZED_LABEL
29,B2_roster_prior_v2,31,256,256,256,True,True,True,TRUE,TRUE,2,DESIGN_PRIOR_DRAW_NOT_HIDDEN_REALIZED_LABEL
30,B2_roster_prior_v2,0,256,256,256,True,True,True,TRUE,TRUE,5,DESIGN_PRIOR_DRAW_NOT_HIDDEN_REALIZED_LABEL
30,B2_roster_prior_v2,1,256,256,256,True,True,True,TRUE,TRUE,1,DESIGN_PRIOR_DRAW_NOT_HIDDEN_REALIZED_LABEL
30,B2_roster_prior_v2,2,256,256,256,True,True,True,TRUE,TRUE,3,DESIGN_PRIOR_DRAW_NOT_HIDDEN_REALIZED_LABEL
30,B2_roster_prior_v2,3,0,0,256,True,False,False,FALSE,FALSE,6,DESIGN_PRIOR_DRAW_NOT_HIDDEN_REALIZED_LABEL
30,B2_roster_prior_v2,4,0,0,256,True,False,False,FALSE,FALSE,6,DESIGN_PRIOR_DRAW_NOT_HIDDEN_REALIZED_LABEL
30,B2_roster_prior_v2,5,0,0,256,True,False,False,FALSE,FALSE,7,DESIGN_PRIOR_DRAW_NOT_HIDDEN_REALIZED_LABEL
30,B2_roster_prior_v2,6,0,0,256,True,False,False,FALSE,FALSE,7,DESIGN_PRIOR_DRAW_NOT_HIDDEN_REALIZED_LABEL
30,B2_roster_prior_v2,7,256,256,256,True,True,True,TRUE,TRUE,3,DESIGN_PRIOR_DRAW_NOT_HIDDEN_REALIZED_LABEL
30,B2_roster_prior_v2,8,256,256,256,True,True,True,TRUE,TRUE,3,DESIGN_PRIOR_DRAW_NOT_HIDDEN_REALIZED_LABEL
30,B2_roster_prior_v2,9,256,256,256,True,True,True,TRUE,TRUE,5,DESIGN_PRIOR_DRAW_NOT_HIDDEN_REALIZED_LABEL
30,B2_roster_prior_v2,10,0,0,256,True,False,False,FALSE,FALSE,8,DESIGN_PRIOR_DRAW_NOT_HIDDEN_REALIZED_LABEL
30,B2_roster_prior_v2,11,0,0,256,True,False,False,FALSE,FALSE,6,DESIGN_PRIOR_DRAW_NOT_HIDDEN_REALIZED_LABEL
30,B2_roster_prior_v2,12,0,0,256,True,False,False,FALSE,FALSE,8,DESIGN_PRIOR_DRAW_NOT_HIDDEN_REALIZED_LABEL
30,B2_roster_prior_v2,13,0,0,256,True,False,False,FALSE,FALSE,7,DESIGN_PRIOR_DRAW_NOT_HIDDEN_REALIZED_LABEL
30,B2_roster_prior_v2,14,0,0,256,True,False,False,FALSE,FALSE,8,DESIGN_PRIOR_DRAW_NOT_HIDDEN_REALIZED_LABEL
30,B2_roster_prior_v2,15,256,256,256,True,True,True,TRUE,TRUE,1,DESIGN_PRIOR_DRAW_NOT_HIDDEN_REALIZED_LABEL
30,B2_roster_prior_v2,16,0,0,256,True,False,False,FALSE,FALSE,8,DESIGN_PRIOR_DRAW_NOT_HIDDEN_REALIZED_LABEL
30,B2_roster_prior_v2,17,256,256,256,True,True,True,TRUE,TRUE,3,DESIGN_PRIOR_DRAW_NOT_HIDDEN_REALIZED_LABEL
30,B2_roster_prior_v2,18,256,256,256,True,True,True,TRUE,TRUE,4,DESIGN_PRIOR_DRAW_NOT_HIDDEN_REALIZED_LABEL
30,B2_roster_prior_v2,19,256,256,256,True,True,True,TRUE,TRUE,2,DESIGN_PRIOR_DRAW_NOT_HIDDEN_REALIZED_LABEL
30,B2_roster_prior_v2,20,0,0,256,True,False,False,FALSE,FALSE,8,DESIGN_PRIOR_DRAW_NOT_HIDDEN_REALIZED_LABEL
30,B2_roster_prior_v2,21,0,0,256,True,False,False,FALSE,FALSE,6,DESIGN_PRIOR_DRAW_NOT_HIDDEN_REALIZED_LABEL
30,B2_roster_prior_v2,22,256,256,256,True,True,True,TRUE,TRUE,3,DESIGN_PRIOR_DRAW_NOT_HIDDEN_REALIZED_LABEL
30,B2_roster_prior_v2,23,0,0,256,True,False,False,FALSE,FALSE,8,DESIGN_PRIOR_DRAW_NOT_HIDDEN_REALIZED_LABEL
30,B2_roster_prior_v2,24,0,0,256,True,False,False,FALSE,FALSE,7,DESIGN_PRIOR_DRAW_NOT_HIDDEN_REALIZED_LABEL
30,B2_roster_prior_v2,25,256,256,256,True,True,True,TRUE,TRUE,0,DESIGN_PRIOR_DRAW_NOT_HIDDEN_REALIZED_LABEL
30,B2_roster_prior_v2,26,0,0,256,True,False,False,FALSE,FALSE,7,DESIGN_PRIOR_DRAW_NOT_HIDDEN_REALIZED_LABEL
30,B2_roster_prior_v2,27,0,0,256,True,False,False,FALSE,FALSE,6,DESIGN_PRIOR_DRAW_NOT_HIDDEN_REALIZED_LABEL
30,B2_roster_prior_v2,28,0,0,256,True,False,False,FALSE,FALSE,7,DESIGN_PRIOR_DRAW_NOT_HIDDEN_REALIZED_LABEL
30,B2_roster_prior_v2,29,0,0,256,True,False,False,FALSE,FALSE,6,DESIGN_PRIOR_DRAW_NOT_HIDDEN_REALIZED_LABEL
30,B2_roster_prior_v2,30,0,0,256,True,False,False,FALSE,FALSE,6,DESIGN_PRIOR_DRAW_NOT_HIDDEN_REALIZED_LABEL
30,B2_roster_prior_v2,31,0,0,256,True,False,False,FALSE,FALSE,8,DESIGN_PRIOR_DRAW_NOT_HIDDEN_REALIZED_LABEL
31,B2_roster_prior_v2,0,0,0,256,True,False,False,FALSE,FALSE,6,DESIGN_PRIOR_DRAW_NOT_HIDDEN_REALIZED_LABEL
31,B2_roster_prior_v2,1,0,0,256,True,False,False,FALSE,FALSE,8,DESIGN_PRIOR_DRAW_NOT_HIDDEN_REALIZED_LABEL
31,B2_roster_prior_v2,2,175,175,256,True,False,False,FALSE,FALSE,4,DESIGN_PRIOR_DRAW_NOT_HIDDEN_REALIZED_LABEL
31,B2_roster_prior_v2,3,256,256,256,True,True,True,TRUE,TRUE,2,DESIGN_PRIOR_DRAW_NOT_HIDDEN_REALIZED_LABEL
31,B2_roster_prior_v2,4,0,0,256,True,False,False,FALSE,FALSE,6,DESIGN_PRIOR_DRAW_NOT_HIDDEN_REALIZED_LABEL
31,B2_roster_prior_v2,5,256,256,256,True,True,True,TRUE,TRUE,2,DESIGN_PRIOR_DRAW_NOT_HIDDEN_REALIZED_LABEL
31,B2_roster_prior_v2,6,143,143,256,True,False,False,FALSE,FALSE,5,DESIGN_PRIOR_DRAW_NOT_HIDDEN_REALIZED_LABEL
31,B2_roster_prior_v2,7,152,152,256,True,False,False,FALSE,FALSE,5,DESIGN_PRIOR_DRAW_NOT_HIDDEN_REALIZED_LABEL
31,B2_roster_prior_v2,8,256,256,256,True,True,True,TRUE,TRUE,4,DESIGN_PRIOR_DRAW_NOT_HIDDEN_REALIZED_LABEL
31,B2_roster_prior_v2,9,58,58,256,True,False,False,FALSE,FALSE,5,DESIGN_PRIOR_DRAW_NOT_HIDDEN_REALIZED_LABEL
31,B2_roster_prior_v2,10,0,0,256,True,False,False,FALSE,FALSE,7,DESIGN_PRIOR_DRAW_NOT_HIDDEN_REALIZED_LABEL
31,B2_roster_prior_v2,11,0,0,256,True,False,False,FALSE,FALSE,6,DESIGN_PRIOR_DRAW_NOT_HIDDEN_REALIZED_LABEL
31,B2_roster_prior_v2,12,256,256,256,True,True,True,TRUE,TRUE,0,DESIGN_PRIOR_DRAW_NOT_HIDDEN_REALIZED_LABEL
31,B2_roster_prior_v2,13,0,0,256,True,False,False,FALSE,FALSE,6,DESIGN_PRIOR_DRAW_NOT_HIDDEN_REALIZED_LABEL
31,B2_roster_prior_v2,14,0,0,256,True,False,False,FALSE,FALSE,7,DESIGN_PRIOR_DRAW_NOT_HIDDEN_REALIZED_LABEL
31,B2_roster_prior_v2,15,256,256,256,True,True,True,TRUE,TRUE,1,DESIGN_PRIOR_DRAW_NOT_HIDDEN_REALIZED_LABEL
31,B2_roster_prior_v2,16,248,248,256,True,True,True,TRUE,TRUE,4,DESIGN_PRIOR_DRAW_NOT_HIDDEN_REALIZED_LABEL
31,B2_roster_prior_v2,17,0,0,256,True,False,False,FALSE,FALSE,8,DESIGN_PRIOR_DRAW_NOT_HIDDEN_REALIZED_LABEL
31,B2_roster_prior_v2,18,0,0,256,True,False,False,FALSE,FALSE,7,DESIGN_PRIOR_DRAW_NOT_HIDDEN_REALIZED_LABEL
31,B2_roster_prior_v2,19,0,0,256,True,False,False,FALSE,FALSE,6,DESIGN_PRIOR_DRAW_NOT_HIDDEN_REALIZED_LABEL
31,B2_roster_prior_v2,20,0,0,256,True,False,False,FALSE,FALSE,7,DESIGN_PRIOR_DRAW_NOT_HIDDEN_REALIZED_LABEL
31,B2_roster_prior_v2,21,256,256,256,True,True,True,TRUE,TRUE,1,DESIGN_PRIOR_DRAW_NOT_HIDDEN_REALIZED_LABEL
31,B2_roster_prior_v2,22,0,0,256,True,False,False,FALSE,FALSE,8,DESIGN_PRIOR_DRAW_NOT_HIDDEN_REALIZED_LABEL
31,B2_roster_prior_v2,23,256,256,256,True,True,True,TRUE,TRUE,1,DESIGN_PRIOR_DRAW_NOT_HIDDEN_REALIZED_LABEL
31,B2_roster_prior_v2,24,227,227,256,True,True,True,TRUE,TRUE,4,DESIGN_PRIOR_DRAW_NOT_HIDDEN_REALIZED_LABEL
31,B2_roster_prior_v2,25,250,250,256,True,True,True,TRUE,TRUE,3,DESIGN_PRIOR_DRAW_NOT_HIDDEN_REALIZED_LABEL
31,B2_roster_prior_v2,26,0,0,256,True,False,False,FALSE,FALSE,7,DESIGN_PRIOR_DRAW_NOT_HIDDEN_REALIZED_LABEL
31,B2_roster_prior_v2,27,256,256,256,True,True,True,TRUE,TRUE,0,DESIGN_PRIOR_DRAW_NOT_HIDDEN_REALIZED_LABEL
31,B2_roster_prior_v2,28,256,256,256,True,True,True,TRUE,TRUE,0,DESIGN_PRIOR_DRAW_NOT_HIDDEN_REALIZED_LABEL
31,B2_roster_prior_v2,29,0,0,256,True,False,False,FALSE,FALSE,6,DESIGN_PRIOR_DRAW_NOT_HIDDEN_REALIZED_LABEL
31,B2_roster_prior_v2,30,256,256,256,True,True,True,TRUE,TRUE,0,DESIGN_PRIOR_DRAW_NOT_HIDDEN_REALIZED_LABEL
31,B2_roster_prior_v2,31,0,0,256,True,False,False,FALSE,FALSE,8,DESIGN_PRIOR_DRAW_NOT_HIDDEN_REALIZED_LABEL
32,B2_roster_prior_v2,0,256,256,256,True,True,True,TRUE,TRUE,0,DESIGN_PRIOR_DRAW_NOT_HIDDEN_REALIZED_LABEL
32,B2_roster_prior_v2,1,0,0,256,True,False,False,FALSE,FALSE,7,DESIGN_PRIOR_DRAW_NOT_HIDDEN_REALIZED_LABEL
32,B2_roster_prior_v2,2,256,256,256,True,True,True,TRUE,TRUE,1,DESIGN_PRIOR_DRAW_NOT_HIDDEN_REALIZED_LABEL
32,B2_roster_prior_v2,3,0,0,256,True,False,False,FALSE,FALSE,7,DESIGN_PRIOR_DRAW_NOT_HIDDEN_REALIZED_LABEL
32,B2_roster_prior_v2,4,256,256,256,True,True,True,TRUE,TRUE,3,DESIGN_PRIOR_DRAW_NOT_HIDDEN_REALIZED_LABEL
32,B2_roster_prior_v2,5,244,244,256,True,True,True,TRUE,TRUE,3,DESIGN_PRIOR_DRAW_NOT_HIDDEN_REALIZED_LABEL
32,B2_roster_prior_v2,6,0,0,256,True,False,False,FALSE,FALSE,8,DESIGN_PRIOR_DRAW_NOT_HIDDEN_REALIZED_LABEL
32,B2_roster_prior_v2,7,0,0,256,True,False,False,FALSE,FALSE,8,DESIGN_PRIOR_DRAW_NOT_HIDDEN_REALIZED_LABEL
32,B2_roster_prior_v2,8,0,0,256,True,False,False,FALSE,FALSE,6,DESIGN_PRIOR_DRAW_NOT_HIDDEN_REALIZED_LABEL
32,B2_roster_prior_v2,9,0,0,256,True,False,False,FALSE,FALSE,7,DESIGN_PRIOR_DRAW_NOT_HIDDEN_REALIZED_LABEL
32,B2_roster_prior_v2,10,199,199,256,True,True,True,MC_UNRESOLVED,MC_UNRESOLVED,5,DESIGN_PRIOR_DRAW_NOT_HIDDEN_REALIZED_LABEL
32,B2_roster_prior_v2,11,0,0,256,True,False,False,FALSE,FALSE,8,DESIGN_PRIOR_DRAW_NOT_HIDDEN_REALIZED_LABEL
32,B2_roster_prior_v2,12,0,0,256,True,False,False,FALSE,FALSE,7,DESIGN_PRIOR_DRAW_NOT_HIDDEN_REALIZED_LABEL
32,B2_roster_prior_v2,13,256,256,256,True,True,True,TRUE,TRUE,2,DESIGN_PRIOR_DRAW_NOT_HIDDEN_REALIZED_LABEL
32,B2_roster_prior_v2,14,256,256,256,True,True,True,TRUE,TRUE,2,DESIGN_PRIOR_DRAW_NOT_HIDDEN_REALIZED_LABEL
32,B2_roster_prior_v2,15,0,0,256,True,False,False,FALSE,FALSE,6,DESIGN_PRIOR_DRAW_NOT_HIDDEN_REALIZED_LABEL
32,B2_roster_prior_v2,16,0,0,256,True,False,False,FALSE,FALSE,8,DESIGN_PRIOR_DRAW_NOT_HIDDEN_REALIZED_LABEL
32,B2_roster_prior_v2,17,0,0,256,True,False,False,FALSE,FALSE,8,DESIGN_PRIOR_DRAW_NOT_HIDDEN_REALIZED_LABEL
32,B2_roster_prior_v2,18,0,0,256,True,False,False,FALSE,FALSE,6,DESIGN_PRIOR_DRAW_NOT_HIDDEN_REALIZED_LABEL
32,B2_roster_prior_v2,19,256,256,256,True,True,True,TRUE,TRUE,3,DESIGN_PRIOR_DRAW_NOT_HIDDEN_REALIZED_LABEL
32,B2_roster_prior_v2,20,254,254,256,True,True,True,TRUE,TRUE,4,DESIGN_PRIOR_DRAW_NOT_HIDDEN_REALIZED_LABEL
32,B2_roster_prior_v2,21,0,0,256,True,False,False,FALSE,FALSE,6,DESIGN_PRIOR_DRAW_NOT_HIDDEN_REALIZED_LABEL
32,B2_roster_prior_v2,22,0,0,256,True,False,False,FALSE,FALSE,8,DESIGN_PRIOR_DRAW_NOT_HIDDEN_REALIZED_LABEL
32,B2_roster_prior_v2,23,0,0,256,True,False,False,FALSE,FALSE,7,DESIGN_PRIOR_DRAW_NOT_HIDDEN_REALIZED_LABEL
32,B2_roster_prior_v2,24,254,254,256,True,True,True,TRUE,TRUE,3,DESIGN_PRIOR_DRAW_NOT_HIDDEN_REALIZED_LABEL
32,B2_roster_prior_v2,25,0,0,256,True,False,False,FALSE,FALSE,8,DESIGN_PRIOR_DRAW_NOT_HIDDEN_REALIZED_LABEL
32,B2_roster_prior_v2,26,256,256,256,True,True,True,TRUE,TRUE,0,DESIGN_PRIOR_DRAW_NOT_HIDDEN_REALIZED_LABEL
32,B2_roster_prior_v2,27,0,0,256,True,False,False,FALSE,FALSE,7,DESIGN_PRIOR_DRAW_NOT_HIDDEN_REALIZED_LABEL
32,B2_roster_prior_v2,28,0,0,256,True,False,False,FALSE,FALSE,8,DESIGN_PRIOR_DRAW_NOT_HIDDEN_REALIZED_LABEL
32,B2_roster_prior_v2,29,0,0,256,True,False,False,FALSE,FALSE,8,DESIGN_PRIOR_DRAW_NOT_HIDDEN_REALIZED_LABEL
32,B2_roster_prior_v2,30,87,87,256,True,False,False,FALSE,FALSE,5,DESIGN_PRIOR_DRAW_NOT_HIDDEN_REALIZED_LABEL
32,B2_roster_prior_v2,31,256,256,256,True,True,True,TRUE,TRUE,2,DESIGN_PRIOR_DRAW_NOT_HIDDEN_REALIZED_LABEL
33,B2_roster_prior_v2,0,256,256,256,True,True,True,TRUE,TRUE,1,DESIGN_PRIOR_DRAW_NOT_HIDDEN_REALIZED_LABEL
33,B2_roster_prior_v2,1,225,225,256,True,True,True,TRUE,TRUE,5,DESIGN_PRIOR_DRAW_NOT_HIDDEN_REALIZED_LABEL
33,B2_roster_prior_v2,2,0,0,256,True,False,False,FALSE,FALSE,7,DESIGN_PRIOR_DRAW_NOT_HIDDEN_REALIZED_LABEL
33,B2_roster_prior_v2,3,52,52,256,True,False,False,FALSE,FALSE,4,DESIGN_PRIOR_DRAW_NOT_HIDDEN_REALIZED_LABEL
33,B2_roster_prior_v2,4,0,0,256,True,False,False,FALSE,FALSE,6,DESIGN_PRIOR_DRAW_NOT_HIDDEN_REALIZED_LABEL
33,B2_roster_prior_v2,5,0,0,256,True,False,False,FALSE,FALSE,7,DESIGN_PRIOR_DRAW_NOT_HIDDEN_REALIZED_LABEL
33,B2_roster_prior_v2,6,0,0,256,True,False,False,FALSE,FALSE,7,DESIGN_PRIOR_DRAW_NOT_HIDDEN_REALIZED_LABEL
33,B2_roster_prior_v2,7,0,0,256,True,False,False,FALSE,FALSE,6,DESIGN_PRIOR_DRAW_NOT_HIDDEN_REALIZED_LABEL
33,B2_roster_prior_v2,8,256,256,256,True,True,True,TRUE,TRUE,4,DESIGN_PRIOR_DRAW_NOT_HIDDEN_REALIZED_LABEL
33,B2_roster_prior_v2,9,0,0,256,True,False,False,FALSE,FALSE,6,DESIGN_PRIOR_DRAW_NOT_HIDDEN_REALIZED_LABEL
33,B2_roster_prior_v2,10,256,256,256,True,True,True,TRUE,TRUE,2,DESIGN_PRIOR_DRAW_NOT_HIDDEN_REALIZED_LABEL
33,B2_roster_prior_v2,11,256,256,256,True,True,True,TRUE,TRUE,2,DESIGN_PRIOR_DRAW_NOT_HIDDEN_REALIZED_LABEL
33,B2_roster_prior_v2,12,256,256,256,True,True,True,TRUE,TRUE,3,DESIGN_PRIOR_DRAW_NOT_HIDDEN_REALIZED_LABEL
33,B2_roster_prior_v2,13,0,0,256,True,False,False,FALSE,FALSE,8,DESIGN_PRIOR_DRAW_NOT_HIDDEN_REALIZED_LABEL
33,B2_roster_prior_v2,14,256,256,256,True,True,True,TRUE,TRUE,3,DESIGN_PRIOR_DRAW_NOT_HIDDEN_REALIZED_LABEL
33,B2_roster_prior_v2,15,256,256,256,True,True,True,TRUE,TRUE,3,DESIGN_PRIOR_DRAW_NOT_HIDDEN_REALIZED_LABEL
33,B2_roster_prior_v2,16,0,0,256,True,False,False,FALSE,FALSE,7,DESIGN_PRIOR_DRAW_NOT_HIDDEN_REALIZED_LABEL
33,B2_roster_prior_v2,17,256,256,256,True,True,True,TRUE,TRUE,0,DESIGN_PRIOR_DRAW_NOT_HIDDEN_REALIZED_LABEL
33,B2_roster_prior_v2,18,256,256,256,True,True,True,TRUE,TRUE,1,DESIGN_PRIOR_DRAW_NOT_HIDDEN_REALIZED_LABEL
33,B2_roster_prior_v2,19,256,256,256,True,True,True,TRUE,TRUE,3,DESIGN_PRIOR_DRAW_NOT_HIDDEN_REALIZED_LABEL
33,B2_roster_prior_v2,20,256,256,256,True,True,True,TRUE,TRUE,2,DESIGN_PRIOR_DRAW_NOT_HIDDEN_REALIZED_LABEL
33,B2_roster_prior_v2,21,256,256,256,True,True,True,TRUE,TRUE,5,DESIGN_PRIOR_DRAW_NOT_HIDDEN_REALIZED_LABEL
33,B2_roster_prior_v2,22,0,0,256,True,False,False,FALSE,FALSE,7,DESIGN_PRIOR_DRAW_NOT_HIDDEN_REALIZED_LABEL
33,B2_roster_prior_v2,23,0,0,256,True,False,False,FALSE,FALSE,8,DESIGN_PRIOR_DRAW_NOT_HIDDEN_REALIZED_LABEL
33,B2_roster_prior_v2,24,256,256,256,True,True,True,TRUE,TRUE,1,DESIGN_PRIOR_DRAW_NOT_HIDDEN_REALIZED_LABEL
33,B2_roster_prior_v2,25,0,0,256,True,False,False,FALSE,FALSE,6,DESIGN_PRIOR_DRAW_NOT_HIDDEN_REALIZED_LABEL
33,B2_roster_prior_v2,26,0,0,256,True,False,False,FALSE,FALSE,7,DESIGN_PRIOR_DRAW_NOT_HIDDEN_REALIZED_LABEL
33,B2_roster_prior_v2,27,256,256,256,True,True,True,TRUE,TRUE,4,DESIGN_PRIOR_DRAW_NOT_HIDDEN_REALIZED_LABEL
33,B2_roster_prior_v2,28,0,0,256,True,False,False,FALSE,FALSE,6,DESIGN_PRIOR_DRAW_NOT_HIDDEN_REALIZED_LABEL
33,B2_roster_prior_v2,29,0,0,256,True,False,False,FALSE,FALSE,7,DESIGN_PRIOR_DRAW_NOT_HIDDEN_REALIZED_LABEL
33,B2_roster_prior_v2,30,0,0,256,True,False,False,FALSE,FALSE,8,DESIGN_PRIOR_DRAW_NOT_HIDDEN_REALIZED_LABEL
33,B2_roster_prior_v2,31,0,0,256,True,False,False,FALSE,FALSE,6,DESIGN_PRIOR_DRAW_NOT_HIDDEN_REALIZED_LABEL
34,B2_roster_prior_v2,0,0,0,256,True,False,False,FALSE,FALSE,7,DESIGN_PRIOR_DRAW_NOT_HIDDEN_REALIZED_LABEL
34,B2_roster_prior_v2,1,0,0,256,True,False,False,FALSE,FALSE,8,DESIGN_PRIOR_DRAW_NOT_HIDDEN_REALIZED_LABEL
34,B2_roster_prior_v2,2,0,0,256,True,False,False,FALSE,FALSE,6,DESIGN_PRIOR_DRAW_NOT_HIDDEN_REALIZED_LABEL
34,B2_roster_prior_v2,3,256,256,256,True,True,True,TRUE,TRUE,4,DESIGN_PRIOR_DRAW_NOT_HIDDEN_REALIZED_LABEL
34,B2_roster_prior_v2,4,256,256,256,True,True,True,TRUE,TRUE,2,DESIGN_PRIOR_DRAW_NOT_HIDDEN_REALIZED_LABEL
34,B2_roster_prior_v2,5,256,256,256,True,True,True,TRUE,TRUE,2,DESIGN_PRIOR_DRAW_NOT_HIDDEN_REALIZED_LABEL
34,B2_roster_prior_v2,6,0,0,256,True,False,False,FALSE,FALSE,7,DESIGN_PRIOR_DRAW_NOT_HIDDEN_REALIZED_LABEL
34,B2_roster_prior_v2,7,0,0,256,True,False,False,FALSE,FALSE,6,DESIGN_PRIOR_DRAW_NOT_HIDDEN_REALIZED_LABEL
34,B2_roster_prior_v2,8,0,0,256,True,False,False,FALSE,FALSE,6,DESIGN_PRIOR_DRAW_NOT_HIDDEN_REALIZED_LABEL
34,B2_roster_prior_v2,9,256,256,256,True,True,True,TRUE,TRUE,0,DESIGN_PRIOR_DRAW_NOT_HIDDEN_REALIZED_LABEL
34,B2_roster_prior_v2,10,0,0,256,True,False,False,FALSE,FALSE,7,DESIGN_PRIOR_DRAW_NOT_HIDDEN_REALIZED_LABEL
34,B2_roster_prior_v2,11,0,0,256,True,False,False,FALSE,FALSE,7,DESIGN_PRIOR_DRAW_NOT_HIDDEN_REALIZED_LABEL
34,B2_roster_prior_v2,12,0,0,256,True,False,False,FALSE,FALSE,6,DESIGN_PRIOR_DRAW_NOT_HIDDEN_REALIZED_LABEL
34,B2_roster_prior_v2,13,0,0,256,True,False,False,FALSE,FALSE,8,DESIGN_PRIOR_DRAW_NOT_HIDDEN_REALIZED_LABEL
34,B2_roster_prior_v2,14,256,256,256,True,True,True,TRUE,TRUE,3,DESIGN_PRIOR_DRAW_NOT_HIDDEN_REALIZED_LABEL
34,B2_roster_prior_v2,15,256,256,256,True,True,True,TRUE,TRUE,5,DESIGN_PRIOR_DRAW_NOT_HIDDEN_REALIZED_LABEL
34,B2_roster_prior_v2,16,0,0,256,True,False,False,FALSE,FALSE,8,DESIGN_PRIOR_DRAW_NOT_HIDDEN_REALIZED_LABEL
34,B2_roster_prior_v2,17,0,0,256,True,False,False,FALSE,FALSE,7,DESIGN_PRIOR_DRAW_NOT_HIDDEN_REALIZED_LABEL
34,B2_roster_prior_v2,18,0,0,256,True,False,False,FALSE,FALSE,6,DESIGN_PRIOR_DRAW_NOT_HIDDEN_REALIZED_LABEL
34,B2_roster_prior_v2,19,256,256,256,True,True,True,TRUE,TRUE,0,DESIGN_PRIOR_DRAW_NOT_HIDDEN_REALIZED_LABEL
34,B2_roster_prior_v2,20,0,0,256,True,False,False,FALSE,FALSE,6,DESIGN_PRIOR_DRAW_NOT_HIDDEN_REALIZED_LABEL
34,B2_roster_prior_v2,21,256,256,256,True,True,True,TRUE,TRUE,2,DESIGN_PRIOR_DRAW_NOT_HIDDEN_REALIZED_LABEL
34,B2_roster_prior_v2,22,256,256,256,True,True,True,TRUE,TRUE,3,DESIGN_PRIOR_DRAW_NOT_HIDDEN_REALIZED_LABEL
34,B2_roster_prior_v2,23,0,0,256,True,False,False,FALSE,FALSE,8,DESIGN_PRIOR_DRAW_NOT_HIDDEN_REALIZED_LABEL
34,B2_roster_prior_v2,24,0,0,256,True,False,False,FALSE,FALSE,6,DESIGN_PRIOR_DRAW_NOT_HIDDEN_REALIZED_LABEL
34,B2_roster_prior_v2,25,0,0,256,True,False,False,FALSE,FALSE,6,DESIGN_PRIOR_DRAW_NOT_HIDDEN_REALIZED_LABEL
34,B2_roster_prior_v2,26,0,0,256,True,False,False,FALSE,FALSE,8,DESIGN_PRIOR_DRAW_NOT_HIDDEN_REALIZED_LABEL
34,B2_roster_prior_v2,27,256,256,256,True,True,True,TRUE,TRUE,1,DESIGN_PRIOR_DRAW_NOT_HIDDEN_REALIZED_LABEL
34,B2_roster_prior_v2,28,256,256,256,True,True,True,TRUE,TRUE,4,DESIGN_PRIOR_DRAW_NOT_HIDDEN_REALIZED_LABEL
34,B2_roster_prior_v2,29,256,256,256,True,True,True,TRUE,TRUE,4,DESIGN_PRIOR_DRAW_NOT_HIDDEN_REALIZED_LABEL
34,B2_roster_prior_v2,30,256,256,256,True,True,True,TRUE,TRUE,5,DESIGN_PRIOR_DRAW_NOT_HIDDEN_REALIZED_LABEL
34,B2_roster_prior_v2,31,0,0,256,True,False,False,FALSE,FALSE,6,DESIGN_PRIOR_DRAW_NOT_HIDDEN_REALIZED_LABEL
35,B2_roster_prior_v2,0,0,0,256,True,False,False,FALSE,FALSE,7,DESIGN_PRIOR_DRAW_NOT_HIDDEN_REALIZED_LABEL
35,B2_roster_prior_v2,1,0,0,256,True,False,False,FALSE,FALSE,6,DESIGN_PRIOR_DRAW_NOT_HIDDEN_REALIZED_LABEL
35,B2_roster_prior_v2,2,256,256,256,True,True,True,TRUE,TRUE,2,DESIGN_PRIOR_DRAW_NOT_HIDDEN_REALIZED_LABEL
35,B2_roster_prior_v2,3,92,92,256,True,False,False,FALSE,FALSE,5,DESIGN_PRIOR_DRAW_NOT_HIDDEN_REALIZED_LABEL
35,B2_roster_prior_v2,4,0,0,256,True,False,False,FALSE,FALSE,7,DESIGN_PRIOR_DRAW_NOT_HIDDEN_REALIZED_LABEL
35,B2_roster_prior_v2,5,256,256,256,True,True,True,TRUE,TRUE,0,DESIGN_PRIOR_DRAW_NOT_HIDDEN_REALIZED_LABEL
35,B2_roster_prior_v2,6,138,138,256,True,False,False,FALSE,FALSE,4,DESIGN_PRIOR_DRAW_NOT_HIDDEN_REALIZED_LABEL
35,B2_roster_prior_v2,7,238,238,256,True,True,True,TRUE,TRUE,5,DESIGN_PRIOR_DRAW_NOT_HIDDEN_REALIZED_LABEL
35,B2_roster_prior_v2,8,256,256,256,True,True,True,TRUE,TRUE,2,DESIGN_PRIOR_DRAW_NOT_HIDDEN_REALIZED_LABEL
35,B2_roster_prior_v2,9,0,0,256,True,False,False,FALSE,FALSE,6,DESIGN_PRIOR_DRAW_NOT_HIDDEN_REALIZED_LABEL
35,B2_roster_prior_v2,10,256,256,256,True,True,True,TRUE,TRUE,0,DESIGN_PRIOR_DRAW_NOT_HIDDEN_REALIZED_LABEL
35,B2_roster_prior_v2,11,0,0,256,True,False,False,FALSE,FALSE,7,DESIGN_PRIOR_DRAW_NOT_HIDDEN_REALIZED_LABEL
35,B2_roster_prior_v2,12,256,256,256,True,True,True,TRUE,TRUE,1,DESIGN_PRIOR_DRAW_NOT_HIDDEN_REALIZED_LABEL
35,B2_roster_prior_v2,13,0,0,256,True,False,False,FALSE,FALSE,6,DESIGN_PRIOR_DRAW_NOT_HIDDEN_REALIZED_LABEL
35,B2_roster_prior_v2,14,34,34,256,True,False,False,FALSE,FALSE,3,DESIGN_PRIOR_DRAW_NOT_HIDDEN_REALIZED_LABEL
35,B2_roster_prior_v2,15,233,233,256,True,True,True,TRUE,TRUE,5,DESIGN_PRIOR_DRAW_NOT_HIDDEN_REALIZED_LABEL
35,B2_roster_prior_v2,16,0,0,256,True,False,False,FALSE,FALSE,7,DESIGN_PRIOR_DRAW_NOT_HIDDEN_REALIZED_LABEL
35,B2_roster_prior_v2,17,202,202,256,True,True,True,MC_UNRESOLVED,MC_UNRESOLVED,3,DESIGN_PRIOR_DRAW_NOT_HIDDEN_REALIZED_LABEL
35,B2_roster_prior_v2,18,0,0,256,True,False,False,FALSE,FALSE,8,DESIGN_PRIOR_DRAW_NOT_HIDDEN_REALIZED_LABEL
35,B2_roster_prior_v2,19,98,98,256,True,False,False,FALSE,FALSE,4,DESIGN_PRIOR_DRAW_NOT_HIDDEN_REALIZED_LABEL
35,B2_roster_prior_v2,20,256,256,256,True,True,True,TRUE,TRUE,2,DESIGN_PRIOR_DRAW_NOT_HIDDEN_REALIZED_LABEL
35,B2_roster_prior_v2,21,247,247,256,True,True,True,TRUE,TRUE,4,DESIGN_PRIOR_DRAW_NOT_HIDDEN_REALIZED_LABEL
35,B2_roster_prior_v2,22,0,0,256,True,False,False,FALSE,FALSE,6,DESIGN_PRIOR_DRAW_NOT_HIDDEN_REALIZED_LABEL
35,B2_roster_prior_v2,23,0,0,256,True,False,False,FALSE,FALSE,8,DESIGN_PRIOR_DRAW_NOT_HIDDEN_REALIZED_LABEL
35,B2_roster_prior_v2,24,0,0,256,True,False,False,FALSE,FALSE,6,DESIGN_PRIOR_DRAW_NOT_HIDDEN_REALIZED_LABEL
35,B2_roster_prior_v2,25,240,240,256,True,True,True,TRUE,TRUE,4,DESIGN_PRIOR_DRAW_NOT_HIDDEN_REALIZED_LABEL
35,B2_roster_prior_v2,26,256,256,256,True,True,True,TRUE,TRUE,3,DESIGN_PRIOR_DRAW_NOT_HIDDEN_REALIZED_LABEL
35,B2_roster_prior_v2,27,0,0,256,True,False,False,FALSE,FALSE,7,DESIGN_PRIOR_DRAW_NOT_HIDDEN_REALIZED_LABEL
35,B2_roster_prior_v2,28,256,256,256,True,True,True,TRUE,TRUE,3,DESIGN_PRIOR_DRAW_NOT_HIDDEN_REALIZED_LABEL
35,B2_roster_prior_v2,29,256,256,256,True,True,True,TRUE,TRUE,2,DESIGN_PRIOR_DRAW_NOT_HIDDEN_REALIZED_LABEL
35,B2_roster_prior_v2,30,0,0,256,True,False,False,FALSE,FALSE,6,DESIGN_PRIOR_DRAW_NOT_HIDDEN_REALIZED_LABEL
35,B2_roster_prior_v2,31,0,0,256,True,False,False,FALSE,FALSE,6,DESIGN_PRIOR_DRAW_NOT_HIDDEN_REALIZED_LABEL
36,B2_roster_prior_v2,0,4,4,256,True,False,False,FALSE,FALSE,7,DESIGN_PRIOR_DRAW_NOT_HIDDEN_REALIZED_LABEL
36,B2_roster_prior_v2,1,256,256,256,True,True,True,TRUE,TRUE,5,DESIGN_PRIOR_DRAW_NOT_HIDDEN_REALIZED_LABEL
36,B2_roster_prior_v2,2,0,0,256,True,False,False,FALSE,FALSE,8,DESIGN_PRIOR_DRAW_NOT_HIDDEN_REALIZED_LABEL
36,B2_roster_prior_v2,3,256,256,256,True,True,True,TRUE,TRUE,7,DESIGN_PRIOR_DRAW_NOT_HIDDEN_REALIZED_LABEL
36,B2_roster_prior_v2,4,256,256,256,True,True,True,TRUE,TRUE,5,DESIGN_PRIOR_DRAW_NOT_HIDDEN_REALIZED_LABEL
36,B2_roster_prior_v2,5,256,256,256,True,True,True,TRUE,TRUE,0,DESIGN_PRIOR_DRAW_NOT_HIDDEN_REALIZED_LABEL
36,B2_roster_prior_v2,6,256,256,256,True,True,True,TRUE,TRUE,4,DESIGN_PRIOR_DRAW_NOT_HIDDEN_REALIZED_LABEL
36,B2_roster_prior_v2,7,256,256,256,True,True,True,TRUE,TRUE,2,DESIGN_PRIOR_DRAW_NOT_HIDDEN_REALIZED_LABEL
36,B2_roster_prior_v2,8,89,89,256,True,False,False,FALSE,FALSE,7,DESIGN_PRIOR_DRAW_NOT_HIDDEN_REALIZED_LABEL
36,B2_roster_prior_v2,9,256,256,256,True,True,True,TRUE,TRUE,5,DESIGN_PRIOR_DRAW_NOT_HIDDEN_REALIZED_LABEL
36,B2_roster_prior_v2,10,256,256,256,True,True,True,TRUE,TRUE,5,DESIGN_PRIOR_DRAW_NOT_HIDDEN_REALIZED_LABEL
36,B2_roster_prior_v2,11,0,0,256,True,False,False,FALSE,FALSE,7,DESIGN_PRIOR_DRAW_NOT_HIDDEN_REALIZED_LABEL
36,B2_roster_prior_v2,12,256,256,256,True,True,True,TRUE,TRUE,4,DESIGN_PRIOR_DRAW_NOT_HIDDEN_REALIZED_LABEL
36,B2_roster_prior_v2,13,0,0,256,True,False,False,FALSE,FALSE,6,DESIGN_PRIOR_DRAW_NOT_HIDDEN_REALIZED_LABEL
36,B2_roster_prior_v2,14,7,7,256,True,False,False,FALSE,FALSE,7,DESIGN_PRIOR_DRAW_NOT_HIDDEN_REALIZED_LABEL
36,B2_roster_prior_v2,15,256,256,256,True,True,True,TRUE,TRUE,4,DESIGN_PRIOR_DRAW_NOT_HIDDEN_REALIZED_LABEL
36,B2_roster_prior_v2,16,0,0,256,True,False,False,FALSE,FALSE,7,DESIGN_PRIOR_DRAW_NOT_HIDDEN_REALIZED_LABEL
36,B2_roster_prior_v2,17,3,3,256,True,False,False,FALSE,FALSE,7,DESIGN_PRIOR_DRAW_NOT_HIDDEN_REALIZED_LABEL
36,B2_roster_prior_v2,18,256,256,256,True,True,True,TRUE,TRUE,1,DESIGN_PRIOR_DRAW_NOT_HIDDEN_REALIZED_LABEL
36,B2_roster_prior_v2,19,221,221,256,True,True,True,TRUE,TRUE,7,DESIGN_PRIOR_DRAW_NOT_HIDDEN_REALIZED_LABEL
36,B2_roster_prior_v2,20,0,0,256,True,False,False,FALSE,FALSE,8,DESIGN_PRIOR_DRAW_NOT_HIDDEN_REALIZED_LABEL
36,B2_roster_prior_v2,21,199,199,256,True,True,True,MC_UNRESOLVED,MC_UNRESOLVED,7,DESIGN_PRIOR_DRAW_NOT_HIDDEN_REALIZED_LABEL
36,B2_roster_prior_v2,22,256,256,256,True,True,True,TRUE,TRUE,2,DESIGN_PRIOR_DRAW_NOT_HIDDEN_REALIZED_LABEL
36,B2_roster_prior_v2,23,256,256,256,True,True,True,TRUE,TRUE,4,DESIGN_PRIOR_DRAW_NOT_HIDDEN_REALIZED_LABEL
36,B2_roster_prior_v2,24,0,0,256,True,False,False,FALSE,FALSE,8,DESIGN_PRIOR_DRAW_NOT_HIDDEN_REALIZED_LABEL
36,B2_roster_prior_v2,25,0,0,256,True,False,False,FALSE,FALSE,7,DESIGN_PRIOR_DRAW_NOT_HIDDEN_REALIZED_LABEL
36,B2_roster_prior_v2,26,256,256,256,True,True,True,TRUE,TRUE,2,DESIGN_PRIOR_DRAW_NOT_HIDDEN_REALIZED_LABEL
36,B2_roster_prior_v2,27,256,256,256,True,True,True,TRUE,TRUE,5,DESIGN_PRIOR_DRAW_NOT_HIDDEN_REALIZED_LABEL
36,B2_roster_prior_v2,28,67,67,256,True,False,False,FALSE,FALSE,7,DESIGN_PRIOR_DRAW_NOT_HIDDEN_REALIZED_LABEL
36,B2_roster_prior_v2,29,0,0,256,True,False,False,FALSE,FALSE,6,DESIGN_PRIOR_DRAW_NOT_HIDDEN_REALIZED_LABEL
36,B2_roster_prior_v2,30,24,24,256,True,False,False,FALSE,FALSE,7,DESIGN_PRIOR_DRAW_NOT_HIDDEN_REALIZED_LABEL
36,B2_roster_prior_v2,31,256,256,256,True,True,True,TRUE,TRUE,1,DESIGN_PRIOR_DRAW_NOT_HIDDEN_REALIZED_LABEL
37,B2_roster_prior_v2,0,256,256,256,True,True,True,TRUE,TRUE,1,DESIGN_PRIOR_DRAW_NOT_HIDDEN_REALIZED_LABEL
37,B2_roster_prior_v2,1,256,256,256,True,True,True,TRUE,TRUE,1,DESIGN_PRIOR_DRAW_NOT_HIDDEN_REALIZED_LABEL
37,B2_roster_prior_v2,2,0,0,256,True,False,False,FALSE,FALSE,6,DESIGN_PRIOR_DRAW_NOT_HIDDEN_REALIZED_LABEL
37,B2_roster_prior_v2,3,256,256,256,True,True,True,TRUE,TRUE,0,DESIGN_PRIOR_DRAW_NOT_HIDDEN_REALIZED_LABEL
37,B2_roster_prior_v2,4,131,131,256,True,False,False,FALSE,FALSE,8,DESIGN_PRIOR_DRAW_NOT_HIDDEN_REALIZED_LABEL
37,B2_roster_prior_v2,5,256,256,256,True,True,True,TRUE,TRUE,5,DESIGN_PRIOR_DRAW_NOT_HIDDEN_REALIZED_LABEL
37,B2_roster_prior_v2,6,0,0,256,True,False,False,FALSE,FALSE,8,DESIGN_PRIOR_DRAW_NOT_HIDDEN_REALIZED_LABEL
37,B2_roster_prior_v2,7,256,256,256,True,True,True,TRUE,TRUE,4,DESIGN_PRIOR_DRAW_NOT_HIDDEN_REALIZED_LABEL
37,B2_roster_prior_v2,8,256,256,256,True,True,True,TRUE,TRUE,4,DESIGN_PRIOR_DRAW_NOT_HIDDEN_REALIZED_LABEL
37,B2_roster_prior_v2,9,36,36,256,True,False,False,FALSE,FALSE,8,DESIGN_PRIOR_DRAW_NOT_HIDDEN_REALIZED_LABEL
37,B2_roster_prior_v2,10,256,256,256,True,True,True,TRUE,TRUE,5,DESIGN_PRIOR_DRAW_NOT_HIDDEN_REALIZED_LABEL
37,B2_roster_prior_v2,11,256,256,256,True,True,True,TRUE,TRUE,0,DESIGN_PRIOR_DRAW_NOT_HIDDEN_REALIZED_LABEL
37,B2_roster_prior_v2,12,256,256,256,True,True,True,TRUE,TRUE,1,DESIGN_PRIOR_DRAW_NOT_HIDDEN_REALIZED_LABEL
37,B2_roster_prior_v2,13,38,38,256,True,False,False,FALSE,FALSE,6,DESIGN_PRIOR_DRAW_NOT_HIDDEN_REALIZED_LABEL
37,B2_roster_prior_v2,14,0,0,256,True,False,False,FALSE,FALSE,7,DESIGN_PRIOR_DRAW_NOT_HIDDEN_REALIZED_LABEL
37,B2_roster_prior_v2,15,0,0,256,True,False,False,FALSE,FALSE,8,DESIGN_PRIOR_DRAW_NOT_HIDDEN_REALIZED_LABEL
37,B2_roster_prior_v2,16,16,16,256,True,False,False,FALSE,FALSE,6,DESIGN_PRIOR_DRAW_NOT_HIDDEN_REALIZED_LABEL
37,B2_roster_prior_v2,17,182,182,256,True,False,False,MC_UNRESOLVED,MC_UNRESOLVED,6,DESIGN_PRIOR_DRAW_NOT_HIDDEN_REALIZED_LABEL
37,B2_roster_prior_v2,18,256,256,256,True,True,True,TRUE,TRUE,1,DESIGN_PRIOR_DRAW_NOT_HIDDEN_REALIZED_LABEL
37,B2_roster_prior_v2,19,256,256,256,True,True,True,TRUE,TRUE,1,DESIGN_PRIOR_DRAW_NOT_HIDDEN_REALIZED_LABEL
37,B2_roster_prior_v2,20,256,256,256,True,True,True,TRUE,TRUE,5,DESIGN_PRIOR_DRAW_NOT_HIDDEN_REALIZED_LABEL
37,B2_roster_prior_v2,21,26,26,256,True,False,False,FALSE,FALSE,8,DESIGN_PRIOR_DRAW_NOT_HIDDEN_REALIZED_LABEL
37,B2_roster_prior_v2,22,0,0,256,True,False,False,FALSE,FALSE,8,DESIGN_PRIOR_DRAW_NOT_HIDDEN_REALIZED_LABEL
37,B2_roster_prior_v2,23,256,256,256,True,True,True,TRUE,TRUE,0,DESIGN_PRIOR_DRAW_NOT_HIDDEN_REALIZED_LABEL
37,B2_roster_prior_v2,24,256,256,256,True,True,True,TRUE,TRUE,3,DESIGN_PRIOR_DRAW_NOT_HIDDEN_REALIZED_LABEL
37,B2_roster_prior_v2,25,256,256,256,True,True,True,TRUE,TRUE,2,DESIGN_PRIOR_DRAW_NOT_HIDDEN_REALIZED_LABEL
37,B2_roster_prior_v2,26,256,256,256,True,True,True,TRUE,TRUE,5,DESIGN_PRIOR_DRAW_NOT_HIDDEN_REALIZED_LABEL
37,B2_roster_prior_v2,27,23,23,256,True,False,False,FALSE,FALSE,7,DESIGN_PRIOR_DRAW_NOT_HIDDEN_REALIZED_LABEL
37,B2_roster_prior_v2,28,0,0,256,True,False,False,FALSE,FALSE,8,DESIGN_PRIOR_DRAW_NOT_HIDDEN_REALIZED_LABEL
37,B2_roster_prior_v2,29,256,256,256,True,True,True,TRUE,TRUE,5,DESIGN_PRIOR_DRAW_NOT_HIDDEN_REALIZED_LABEL
37,B2_roster_prior_v2,30,0,0,256,True,False,False,FALSE,FALSE,7,DESIGN_PRIOR_DRAW_NOT_HIDDEN_REALIZED_LABEL
37,B2_roster_prior_v2,31,256,256,256,True,True,True,TRUE,TRUE,3,DESIGN_PRIOR_DRAW_NOT_HIDDEN_REALIZED_LABEL
38,B2_roster_prior_v2,0,243,243,256,True,True,True,TRUE,TRUE,8,DESIGN_PRIOR_DRAW_NOT_HIDDEN_REALIZED_LABEL
38,B2_roster_prior_v2,1,256,256,256,True,True,True,TRUE,TRUE,5,DESIGN_PRIOR_DRAW_NOT_HIDDEN_REALIZED_LABEL
38,B2_roster_prior_v2,2,256,256,256,True,True,True,TRUE,TRUE,2,DESIGN_PRIOR_DRAW_NOT_HIDDEN_REALIZED_LABEL
38,B2_roster_prior_v2,3,256,256,256,True,True,True,TRUE,TRUE,0,DESIGN_PRIOR_DRAW_NOT_HIDDEN_REALIZED_LABEL
38,B2_roster_prior_v2,4,256,256,256,True,True,True,TRUE,TRUE,0,DESIGN_PRIOR_DRAW_NOT_HIDDEN_REALIZED_LABEL
38,B2_roster_prior_v2,5,0,0,256,True,False,False,FALSE,FALSE,7,DESIGN_PRIOR_DRAW_NOT_HIDDEN_REALIZED_LABEL
38,B2_roster_prior_v2,6,0,0,256,True,False,False,FALSE,FALSE,7,DESIGN_PRIOR_DRAW_NOT_HIDDEN_REALIZED_LABEL
38,B2_roster_prior_v2,7,256,256,256,True,True,True,TRUE,TRUE,1,DESIGN_PRIOR_DRAW_NOT_HIDDEN_REALIZED_LABEL
38,B2_roster_prior_v2,8,256,256,256,True,True,True,TRUE,TRUE,4,DESIGN_PRIOR_DRAW_NOT_HIDDEN_REALIZED_LABEL
38,B2_roster_prior_v2,9,256,256,256,True,True,True,TRUE,TRUE,4,DESIGN_PRIOR_DRAW_NOT_HIDDEN_REALIZED_LABEL
38,B2_roster_prior_v2,10,0,0,256,True,False,False,FALSE,FALSE,8,DESIGN_PRIOR_DRAW_NOT_HIDDEN_REALIZED_LABEL
38,B2_roster_prior_v2,11,256,256,256,True,True,True,TRUE,TRUE,0,DESIGN_PRIOR_DRAW_NOT_HIDDEN_REALIZED_LABEL
38,B2_roster_prior_v2,12,55,55,256,True,False,False,FALSE,FALSE,6,DESIGN_PRIOR_DRAW_NOT_HIDDEN_REALIZED_LABEL
38,B2_roster_prior_v2,13,256,256,256,True,True,True,TRUE,TRUE,4,DESIGN_PRIOR_DRAW_NOT_HIDDEN_REALIZED_LABEL
38,B2_roster_prior_v2,14,19,19,256,True,False,False,FALSE,FALSE,8,DESIGN_PRIOR_DRAW_NOT_HIDDEN_REALIZED_LABEL
38,B2_roster_prior_v2,15,125,125,256,True,False,False,FALSE,FALSE,7,DESIGN_PRIOR_DRAW_NOT_HIDDEN_REALIZED_LABEL
38,B2_roster_prior_v2,16,256,256,256,True,True,True,TRUE,TRUE,1,DESIGN_PRIOR_DRAW_NOT_HIDDEN_REALIZED_LABEL
38,B2_roster_prior_v2,17,0,0,256,True,False,False,FALSE,FALSE,7,DESIGN_PRIOR_DRAW_NOT_HIDDEN_REALIZED_LABEL
38,B2_roster_prior_v2,18,0,0,256,True,False,False,FALSE,FALSE,8,DESIGN_PRIOR_DRAW_NOT_HIDDEN_REALIZED_LABEL
38,B2_roster_prior_v2,19,256,256,256,True,True,True,TRUE,TRUE,5,DESIGN_PRIOR_DRAW_NOT_HIDDEN_REALIZED_LABEL
38,B2_roster_prior_v2,20,3,3,256,True,False,False,FALSE,FALSE,8,DESIGN_PRIOR_DRAW_NOT_HIDDEN_REALIZED_LABEL
38,B2_roster_prior_v2,21,256,256,256,True,True,True,TRUE,TRUE,1,DESIGN_PRIOR_DRAW_NOT_HIDDEN_REALIZED_LABEL
38,B2_roster_prior_v2,22,0,0,256,True,False,False,FALSE,FALSE,8,DESIGN_PRIOR_DRAW_NOT_HIDDEN_REALIZED_LABEL
38,B2_roster_prior_v2,23,0,0,256,True,False,False,FALSE,FALSE,7,DESIGN_PRIOR_DRAW_NOT_HIDDEN_REALIZED_LABEL
38,B2_roster_prior_v2,24,0,0,256,True,False,False,FALSE,FALSE,6,DESIGN_PRIOR_DRAW_NOT_HIDDEN_REALIZED_LABEL
38,B2_roster_prior_v2,25,0,0,256,True,False,False,FALSE,FALSE,7,DESIGN_PRIOR_DRAW_NOT_HIDDEN_REALIZED_LABEL
38,B2_roster_prior_v2,26,256,256,256,True,True,True,TRUE,TRUE,3,DESIGN_PRIOR_DRAW_NOT_HIDDEN_REALIZED_LABEL
38,B2_roster_prior_v2,27,0,0,256,True,False,False,FALSE,FALSE,7,DESIGN_PRIOR_DRAW_NOT_HIDDEN_REALIZED_LABEL
38,B2_roster_prior_v2,28,0,0,256,True,False,False,FALSE,FALSE,7,DESIGN_PRIOR_DRAW_NOT_HIDDEN_REALIZED_LABEL
38,B2_roster_prior_v2,29,230,230,256,True,True,True,TRUE,TRUE,7,DESIGN_PRIOR_DRAW_NOT_HIDDEN_REALIZED_LABEL
38,B2_roster_prior_v2,30,0,0,256,True,False,False,FALSE,FALSE,6,DESIGN_PRIOR_DRAW_NOT_HIDDEN_REALIZED_LABEL
38,B2_roster_prior_v2,31,2,2,256,True,False,False,FALSE,FALSE,8,DESIGN_PRIOR_DRAW_NOT_HIDDEN_REALIZED_LABEL
39,B2_roster_prior_v2,0,256,256,256,True,True,True,TRUE,TRUE,1,DESIGN_PRIOR_DRAW_NOT_HIDDEN_REALIZED_LABEL
39,B2_roster_prior_v2,1,170,170,256,True,False,False,FALSE,FALSE,6,DESIGN_PRIOR_DRAW_NOT_HIDDEN_REALIZED_LABEL
39,B2_roster_prior_v2,2,256,256,256,True,True,True,TRUE,TRUE,5,DESIGN_PRIOR_DRAW_NOT_HIDDEN_REALIZED_LABEL
39,B2_roster_prior_v2,3,256,256,256,True,True,True,TRUE,TRUE,1,DESIGN_PRIOR_DRAW_NOT_HIDDEN_REALIZED_LABEL
39,B2_roster_prior_v2,4,256,256,256,True,True,True,TRUE,TRUE,0,DESIGN_PRIOR_DRAW_NOT_HIDDEN_REALIZED_LABEL
39,B2_roster_prior_v2,5,256,256,256,True,True,True,TRUE,TRUE,0,DESIGN_PRIOR_DRAW_NOT_HIDDEN_REALIZED_LABEL
39,B2_roster_prior_v2,6,14,14,256,True,False,False,FALSE,FALSE,8,DESIGN_PRIOR_DRAW_NOT_HIDDEN_REALIZED_LABEL
39,B2_roster_prior_v2,7,256,256,256,True,True,True,TRUE,TRUE,1,DESIGN_PRIOR_DRAW_NOT_HIDDEN_REALIZED_LABEL
39,B2_roster_prior_v2,8,18,18,256,True,False,False,FALSE,FALSE,7,DESIGN_PRIOR_DRAW_NOT_HIDDEN_REALIZED_LABEL
39,B2_roster_prior_v2,9,256,256,256,True,True,True,TRUE,TRUE,2,DESIGN_PRIOR_DRAW_NOT_HIDDEN_REALIZED_LABEL
39,B2_roster_prior_v2,10,256,256,256,True,True,True,TRUE,TRUE,4,DESIGN_PRIOR_DRAW_NOT_HIDDEN_REALIZED_LABEL
39,B2_roster_prior_v2,11,0,0,256,True,False,False,FALSE,FALSE,7,DESIGN_PRIOR_DRAW_NOT_HIDDEN_REALIZED_LABEL
39,B2_roster_prior_v2,12,256,256,256,True,True,True,TRUE,TRUE,1,DESIGN_PRIOR_DRAW_NOT_HIDDEN_REALIZED_LABEL
39,B2_roster_prior_v2,13,0,0,256,True,False,False,FALSE,FALSE,8,DESIGN_PRIOR_DRAW_NOT_HIDDEN_REALIZED_LABEL
39,B2_roster_prior_v2,14,256,256,256,True,True,True,TRUE,TRUE,2,DESIGN_PRIOR_DRAW_NOT_HIDDEN_REALIZED_LABEL
39,B2_roster_prior_v2,15,256,256,256,True,True,True,TRUE,TRUE,3,DESIGN_PRIOR_DRAW_NOT_HIDDEN_REALIZED_LABEL
39,B2_roster_prior_v2,16,256,256,256,True,True,True,TRUE,TRUE,4,DESIGN_PRIOR_DRAW_NOT_HIDDEN_REALIZED_LABEL
39,B2_roster_prior_v2,17,1,1,256,True,False,False,FALSE,FALSE,7,DESIGN_PRIOR_DRAW_NOT_HIDDEN_REALIZED_LABEL
39,B2_roster_prior_v2,18,256,256,256,True,True,True,TRUE,TRUE,5,DESIGN_PRIOR_DRAW_NOT_HIDDEN_REALIZED_LABEL
39,B2_roster_prior_v2,19,191,191,256,True,False,False,MC_UNRESOLVED,MC_UNRESOLVED,7,DESIGN_PRIOR_DRAW_NOT_HIDDEN_REALIZED_LABEL
39,B2_roster_prior_v2,20,70,70,256,True,False,False,FALSE,FALSE,6,DESIGN_PRIOR_DRAW_NOT_HIDDEN_REALIZED_LABEL
39,B2_roster_prior_v2,21,29,29,256,True,False,False,FALSE,FALSE,7,DESIGN_PRIOR_DRAW_NOT_HIDDEN_REALIZED_LABEL
39,B2_roster_prior_v2,22,0,0,256,True,False,False,FALSE,FALSE,7,DESIGN_PRIOR_DRAW_NOT_HIDDEN_REALIZED_LABEL
39,B2_roster_prior_v2,23,0,0,256,True,False,False,FALSE,FALSE,6,DESIGN_PRIOR_DRAW_NOT_HIDDEN_REALIZED_LABEL
39,B2_roster_prior_v2,24,256,256,256,True,True,True,TRUE,TRUE,4,DESIGN_PRIOR_DRAW_NOT_HIDDEN_REALIZED_LABEL
39,B2_roster_prior_v2,25,256,256,256,True,True,True,TRUE,TRUE,0,DESIGN_PRIOR_DRAW_NOT_HIDDEN_REALIZED_LABEL
39,B2_roster_prior_v2,26,256,256,256,True,True,True,TRUE,TRUE,2,DESIGN_PRIOR_DRAW_NOT_HIDDEN_REALIZED_LABEL
39,B2_roster_prior_v2,27,249,249,256,True,True,True,TRUE,TRUE,8,DESIGN_PRIOR_DRAW_NOT_HIDDEN_REALIZED_LABEL
39,B2_roster_prior_v2,28,256,256,256,True,True,True,TRUE,TRUE,5,DESIGN_PRIOR_DRAW_NOT_HIDDEN_REALIZED_LABEL
39,B2_roster_prior_v2,29,256,256,256,True,True,True,TRUE,TRUE,3,DESIGN_PRIOR_DRAW_NOT_HIDDEN_REALIZED_LABEL
39,B2_roster_prior_v2,30,5,5,256,True,False,False,FALSE,FALSE,6,DESIGN_PRIOR_DRAW_NOT_HIDDEN_REALIZED_LABEL
39,B2_roster_prior_v2,31,256,256,256,True,True,True,TRUE,TRUE,2,DESIGN_PRIOR_DRAW_NOT_HIDDEN_REALIZED_LABEL
40,B2_roster_prior_v2,0,34,34,256,True,False,False,FALSE,FALSE,7,DESIGN_PRIOR_DRAW_NOT_HIDDEN_REALIZED_LABEL
40,B2_roster_prior_v2,1,255,255,256,True,True,True,TRUE,TRUE,6,DESIGN_PRIOR_DRAW_NOT_HIDDEN_REALIZED_LABEL
40,B2_roster_prior_v2,2,256,256,256,True,True,True,TRUE,TRUE,4,DESIGN_PRIOR_DRAW_NOT_HIDDEN_REALIZED_LABEL
40,B2_roster_prior_v2,3,256,256,256,True,True,True,TRUE,TRUE,5,DESIGN_PRIOR_DRAW_NOT_HIDDEN_REALIZED_LABEL
40,B2_roster_prior_v2,4,253,253,256,True,True,True,TRUE,TRUE,8,DESIGN_PRIOR_DRAW_NOT_HIDDEN_REALIZED_LABEL
40,B2_roster_prior_v2,5,29,29,256,True,False,False,FALSE,FALSE,7,DESIGN_PRIOR_DRAW_NOT_HIDDEN_REALIZED_LABEL
40,B2_roster_prior_v2,6,0,0,256,True,False,False,FALSE,FALSE,6,DESIGN_PRIOR_DRAW_NOT_HIDDEN_REALIZED_LABEL
40,B2_roster_prior_v2,7,256,256,256,True,True,True,TRUE,TRUE,5,DESIGN_PRIOR_DRAW_NOT_HIDDEN_REALIZED_LABEL
40,B2_roster_prior_v2,8,256,256,256,True,True,True,TRUE,TRUE,8,DESIGN_PRIOR_DRAW_NOT_HIDDEN_REALIZED_LABEL
40,B2_roster_prior_v2,9,256,256,256,True,True,True,TRUE,TRUE,4,DESIGN_PRIOR_DRAW_NOT_HIDDEN_REALIZED_LABEL
40,B2_roster_prior_v2,10,249,249,256,True,True,True,TRUE,TRUE,6,DESIGN_PRIOR_DRAW_NOT_HIDDEN_REALIZED_LABEL
40,B2_roster_prior_v2,11,256,256,256,True,True,True,TRUE,TRUE,5,DESIGN_PRIOR_DRAW_NOT_HIDDEN_REALIZED_LABEL
40,B2_roster_prior_v2,12,255,255,256,True,True,True,TRUE,TRUE,8,DESIGN_PRIOR_DRAW_NOT_HIDDEN_REALIZED_LABEL
40,B2_roster_prior_v2,13,256,256,256,True,True,True,TRUE,TRUE,1,DESIGN_PRIOR_DRAW_NOT_HIDDEN_REALIZED_LABEL
40,B2_roster_prior_v2,14,256,256,256,True,True,True,TRUE,TRUE,3,DESIGN_PRIOR_DRAW_NOT_HIDDEN_REALIZED_LABEL
40,B2_roster_prior_v2,15,256,256,256,True,True,True,TRUE,TRUE,1,DESIGN_PRIOR_DRAW_NOT_HIDDEN_REALIZED_LABEL
40,B2_roster_prior_v2,16,256,256,256,True,True,True,TRUE,TRUE,8,DESIGN_PRIOR_DRAW_NOT_HIDDEN_REALIZED_LABEL
40,B2_roster_prior_v2,17,256,256,256,True,True,True,TRUE,TRUE,7,DESIGN_PRIOR_DRAW_NOT_HIDDEN_REALIZED_LABEL
40,B2_roster_prior_v2,18,0,0,256,True,False,False,FALSE,FALSE,7,DESIGN_PRIOR_DRAW_NOT_HIDDEN_REALIZED_LABEL
40,B2_roster_prior_v2,19,256,256,256,True,True,True,TRUE,TRUE,0,DESIGN_PRIOR_DRAW_NOT_HIDDEN_REALIZED_LABEL
40,B2_roster_prior_v2,20,256,256,256,True,True,True,TRUE,TRUE,0,DESIGN_PRIOR_DRAW_NOT_HIDDEN_REALIZED_LABEL
40,B2_roster_prior_v2,21,256,256,256,True,True,True,TRUE,TRUE,2,DESIGN_PRIOR_DRAW_NOT_HIDDEN_REALIZED_LABEL
40,B2_roster_prior_v2,22,27,27,256,True,False,False,FALSE,FALSE,6,DESIGN_PRIOR_DRAW_NOT_HIDDEN_REALIZED_LABEL
40,B2_roster_prior_v2,23,256,256,256,True,True,True,TRUE,TRUE,2,DESIGN_PRIOR_DRAW_NOT_HIDDEN_REALIZED_LABEL
40,B2_roster_prior_v2,24,256,256,256,True,True,True,TRUE,TRUE,4,DESIGN_PRIOR_DRAW_NOT_HIDDEN_REALIZED_LABEL
40,B2_roster_prior_v2,25,256,256,256,True,True,True,TRUE,TRUE,8,DESIGN_PRIOR_DRAW_NOT_HIDDEN_REALIZED_LABEL
40,B2_roster_prior_v2,26,256,256,256,True,True,True,TRUE,TRUE,2,DESIGN_PRIOR_DRAW_NOT_HIDDEN_REALIZED_LABEL
40,B2_roster_prior_v2,27,256,256,256,True,True,True,TRUE,TRUE,0,DESIGN_PRIOR_DRAW_NOT_HIDDEN_REALIZED_LABEL
40,B2_roster_prior_v2,28,0,0,256,True,False,False,FALSE,FALSE,6,DESIGN_PRIOR_DRAW_NOT_HIDDEN_REALIZED_LABEL
40,B2_roster_prior_v2,29,256,256,256,True,True,True,TRUE,TRUE,3,DESIGN_PRIOR_DRAW_NOT_HIDDEN_REALIZED_LABEL
40,B2_roster_prior_v2,30,256,256,256,True,True,True,TRUE,TRUE,0,DESIGN_PRIOR_DRAW_NOT_HIDDEN_REALIZED_LABEL
40,B2_roster_prior_v2,31,256,256,256,True,True,True,TRUE,TRUE,6,DESIGN_PRIOR_DRAW_NOT_HIDDEN_REALIZED_LABEL
41,B2_roster_prior_v2,0,0,0,256,True,False,False,FALSE,FALSE,8,DESIGN_PRIOR_DRAW_NOT_HIDDEN_REALIZED_LABEL
41,B2_roster_prior_v2,1,145,145,256,True,False,False,FALSE,FALSE,6,DESIGN_PRIOR_DRAW_NOT_HIDDEN_REALIZED_LABEL
41,B2_roster_prior_v2,2,0,0,256,True,False,False,FALSE,FALSE,7,DESIGN_PRIOR_DRAW_NOT_HIDDEN_REALIZED_LABEL
41,B2_roster_prior_v2,3,256,256,256,True,True,True,TRUE,TRUE,2,DESIGN_PRIOR_DRAW_NOT_HIDDEN_REALIZED_LABEL
41,B2_roster_prior_v2,4,256,256,256,True,True,True,TRUE,TRUE,0,DESIGN_PRIOR_DRAW_NOT_HIDDEN_REALIZED_LABEL
41,B2_roster_prior_v2,5,0,0,256,True,False,False,FALSE,FALSE,6,DESIGN_PRIOR_DRAW_NOT_HIDDEN_REALIZED_LABEL
41,B2_roster_prior_v2,6,256,256,256,True,True,True,TRUE,TRUE,0,DESIGN_PRIOR_DRAW_NOT_HIDDEN_REALIZED_LABEL
41,B2_roster_prior_v2,7,4,4,256,True,False,False,FALSE,FALSE,8,DESIGN_PRIOR_DRAW_NOT_HIDDEN_REALIZED_LABEL
41,B2_roster_prior_v2,8,174,174,256,True,False,False,FALSE,FALSE,8,DESIGN_PRIOR_DRAW_NOT_HIDDEN_REALIZED_LABEL
41,B2_roster_prior_v2,9,0,0,256,True,False,False,FALSE,FALSE,8,DESIGN_PRIOR_DRAW_NOT_HIDDEN_REALIZED_LABEL
41,B2_roster_prior_v2,10,256,256,256,True,True,True,TRUE,TRUE,4,DESIGN_PRIOR_DRAW_NOT_HIDDEN_REALIZED_LABEL
41,B2_roster_prior_v2,11,256,256,256,True,True,True,TRUE,TRUE,4,DESIGN_PRIOR_DRAW_NOT_HIDDEN_REALIZED_LABEL
41,B2_roster_prior_v2,12,256,256,256,True,True,True,TRUE,TRUE,2,DESIGN_PRIOR_DRAW_NOT_HIDDEN_REALIZED_LABEL
41,B2_roster_prior_v2,13,256,256,256,True,True,True,TRUE,TRUE,3,DESIGN_PRIOR_DRAW_NOT_HIDDEN_REALIZED_LABEL
41,B2_roster_prior_v2,14,5,5,256,True,False,False,FALSE,FALSE,7,DESIGN_PRIOR_DRAW_NOT_HIDDEN_REALIZED_LABEL
41,B2_roster_prior_v2,15,256,256,256,True,True,True,TRUE,TRUE,3,DESIGN_PRIOR_DRAW_NOT_HIDDEN_REALIZED_LABEL
41,B2_roster_prior_v2,16,256,256,256,True,True,True,TRUE,TRUE,2,DESIGN_PRIOR_DRAW_NOT_HIDDEN_REALIZED_LABEL
41,B2_roster_prior_v2,17,256,256,256,True,True,True,TRUE,TRUE,2,DESIGN_PRIOR_DRAW_NOT_HIDDEN_REALIZED_LABEL
41,B2_roster_prior_v2,18,256,256,256,True,True,True,TRUE,TRUE,0,DESIGN_PRIOR_DRAW_NOT_HIDDEN_REALIZED_LABEL
41,B2_roster_prior_v2,19,256,256,256,True,True,True,TRUE,TRUE,4,DESIGN_PRIOR_DRAW_NOT_HIDDEN_REALIZED_LABEL
41,B2_roster_prior_v2,20,256,256,256,True,True,True,TRUE,TRUE,7,DESIGN_PRIOR_DRAW_NOT_HIDDEN_REALIZED_LABEL
41,B2_roster_prior_v2,21,256,256,256,True,True,True,TRUE,TRUE,1,DESIGN_PRIOR_DRAW_NOT_HIDDEN_REALIZED_LABEL
41,B2_roster_prior_v2,22,256,256,256,True,True,True,TRUE,TRUE,1,DESIGN_PRIOR_DRAW_NOT_HIDDEN_REALIZED_LABEL
41,B2_roster_prior_v2,23,0,0,256,True,False,False,FALSE,FALSE,7,DESIGN_PRIOR_DRAW_NOT_HIDDEN_REALIZED_LABEL
41,B2_roster_prior_v2,24,256,256,256,True,True,True,TRUE,TRUE,0,DESIGN_PRIOR_DRAW_NOT_HIDDEN_REALIZED_LABEL
41,B2_roster_prior_v2,25,1,1,256,True,False,False,FALSE,FALSE,8,DESIGN_PRIOR_DRAW_NOT_HIDDEN_REALIZED_LABEL
41,B2_roster_prior_v2,26,256,256,256,True,True,True,TRUE,TRUE,7,DESIGN_PRIOR_DRAW_NOT_HIDDEN_REALIZED_LABEL
41,B2_roster_prior_v2,27,256,256,256,True,True,True,TRUE,TRUE,0,DESIGN_PRIOR_DRAW_NOT_HIDDEN_REALIZED_LABEL
41,B2_roster_prior_v2,28,256,256,256,True,True,True,TRUE,TRUE,7,DESIGN_PRIOR_DRAW_NOT_HIDDEN_REALIZED_LABEL
41,B2_roster_prior_v2,29,256,256,256,True,True,True,TRUE,TRUE,5,DESIGN_PRIOR_DRAW_NOT_HIDDEN_REALIZED_LABEL
41,B2_roster_prior_v2,30,256,256,256,True,True,True,TRUE,TRUE,4,DESIGN_PRIOR_DRAW_NOT_HIDDEN_REALIZED_LABEL
41,B2_roster_prior_v2,31,256,256,256,True,True,True,TRUE,TRUE,2,DESIGN_PRIOR_DRAW_NOT_HIDDEN_REALIZED_LABEL
42,B2_roster_prior_v2,0,102,102,256,True,False,False,FALSE,FALSE,6,DESIGN_PRIOR_DRAW_NOT_HIDDEN_REALIZED_LABEL
42,B2_roster_prior_v2,1,113,113,256,True,False,False,FALSE,FALSE,8,DESIGN_PRIOR_DRAW_NOT_HIDDEN_REALIZED_LABEL
42,B2_roster_prior_v2,2,256,256,256,True,True,True,TRUE,TRUE,2,DESIGN_PRIOR_DRAW_NOT_HIDDEN_REALIZED_LABEL
42,B2_roster_prior_v2,3,256,256,256,True,True,True,TRUE,TRUE,1,DESIGN_PRIOR_DRAW_NOT_HIDDEN_REALIZED_LABEL
42,B2_roster_prior_v2,4,255,255,256,True,True,True,TRUE,TRUE,7,DESIGN_PRIOR_DRAW_NOT_HIDDEN_REALIZED_LABEL
42,B2_roster_prior_v2,5,2,2,256,True,False,False,FALSE,FALSE,6,DESIGN_PRIOR_DRAW_NOT_HIDDEN_REALIZED_LABEL
42,B2_roster_prior_v2,6,256,256,256,True,True,True,TRUE,TRUE,3,DESIGN_PRIOR_DRAW_NOT_HIDDEN_REALIZED_LABEL
42,B2_roster_prior_v2,7,256,256,256,True,True,True,TRUE,TRUE,2,DESIGN_PRIOR_DRAW_NOT_HIDDEN_REALIZED_LABEL
42,B2_roster_prior_v2,8,256,256,256,True,True,True,TRUE,TRUE,7,DESIGN_PRIOR_DRAW_NOT_HIDDEN_REALIZED_LABEL
42,B2_roster_prior_v2,9,70,70,256,True,False,False,FALSE,FALSE,7,DESIGN_PRIOR_DRAW_NOT_HIDDEN_REALIZED_LABEL
42,B2_roster_prior_v2,10,256,256,256,True,True,True,TRUE,TRUE,1,DESIGN_PRIOR_DRAW_NOT_HIDDEN_REALIZED_LABEL
42,B2_roster_prior_v2,11,256,256,256,True,True,True,TRUE,TRUE,3,DESIGN_PRIOR_DRAW_NOT_HIDDEN_REALIZED_LABEL
42,B2_roster_prior_v2,12,256,256,256,True,True,True,TRUE,TRUE,0,DESIGN_PRIOR_DRAW_NOT_HIDDEN_REALIZED_LABEL
42,B2_roster_prior_v2,13,256,256,256,True,True,True,TRUE,TRUE,6,DESIGN_PRIOR_DRAW_NOT_HIDDEN_REALIZED_LABEL
42,B2_roster_prior_v2,14,214,214,256,True,True,True,TRUE,TRUE,7,DESIGN_PRIOR_DRAW_NOT_HIDDEN_REALIZED_LABEL
42,B2_roster_prior_v2,15,256,256,256,True,True,True,TRUE,TRUE,3,DESIGN_PRIOR_DRAW_NOT_HIDDEN_REALIZED_LABEL
42,B2_roster_prior_v2,16,256,256,256,True,True,True,TRUE,TRUE,4,DESIGN_PRIOR_DRAW_NOT_HIDDEN_REALIZED_LABEL
42,B2_roster_prior_v2,17,256,256,256,True,True,True,TRUE,TRUE,4,DESIGN_PRIOR_DRAW_NOT_HIDDEN_REALIZED_LABEL
42,B2_roster_prior_v2,18,256,256,256,True,True,True,TRUE,TRUE,0,DESIGN_PRIOR_DRAW_NOT_HIDDEN_REALIZED_LABEL
42,B2_roster_prior_v2,19,256,256,256,True,True,True,TRUE,TRUE,0,DESIGN_PRIOR_DRAW_NOT_HIDDEN_REALIZED_LABEL
42,B2_roster_prior_v2,20,256,256,256,True,True,True,TRUE,TRUE,4,DESIGN_PRIOR_DRAW_NOT_HIDDEN_REALIZED_LABEL
42,B2_roster_prior_v2,21,256,256,256,True,True,True,TRUE,TRUE,0,DESIGN_PRIOR_DRAW_NOT_HIDDEN_REALIZED_LABEL
42,B2_roster_prior_v2,22,39,39,256,True,False,False,FALSE,FALSE,8,DESIGN_PRIOR_DRAW_NOT_HIDDEN_REALIZED_LABEL
42,B2_roster_prior_v2,23,256,256,256,True,True,True,TRUE,TRUE,2,DESIGN_PRIOR_DRAW_NOT_HIDDEN_REALIZED_LABEL
42,B2_roster_prior_v2,24,256,256,256,True,True,True,TRUE,TRUE,8,DESIGN_PRIOR_DRAW_NOT_HIDDEN_REALIZED_LABEL
42,B2_roster_prior_v2,25,0,0,256,True,False,False,FALSE,FALSE,8,DESIGN_PRIOR_DRAW_NOT_HIDDEN_REALIZED_LABEL
42,B2_roster_prior_v2,26,256,256,256,True,True,True,TRUE,TRUE,0,DESIGN_PRIOR_DRAW_NOT_HIDDEN_REALIZED_LABEL
42,B2_roster_prior_v2,27,256,256,256,True,True,True,TRUE,TRUE,4,DESIGN_PRIOR_DRAW_NOT_HIDDEN_REALIZED_LABEL
42,B2_roster_prior_v2,28,256,256,256,True,True,True,TRUE,TRUE,2,DESIGN_PRIOR_DRAW_NOT_HIDDEN_REALIZED_LABEL
42,B2_roster_prior_v2,29,254,254,256,True,True,True,TRUE,TRUE,6,DESIGN_PRIOR_DRAW_NOT_HIDDEN_REALIZED_LABEL
42,B2_roster_prior_v2,30,256,256,256,True,True,True,TRUE,TRUE,0,DESIGN_PRIOR_DRAW_NOT_HIDDEN_REALIZED_LABEL
42,B2_roster_prior_v2,31,256,256,256,True,True,True,TRUE,TRUE,8,DESIGN_PRIOR_DRAW_NOT_HIDDEN_REALIZED_LABEL
43,B2_roster_prior_v2,0,42,42,256,True,False,False,FALSE,FALSE,6,DESIGN_PRIOR_DRAW_NOT_HIDDEN_REALIZED_LABEL
43,B2_roster_prior_v2,1,7,7,256,True,False,False,FALSE,FALSE,7,DESIGN_PRIOR_DRAW_NOT_HIDDEN_REALIZED_LABEL
43,B2_roster_prior_v2,2,256,256,256,True,True,True,TRUE,TRUE,5,DESIGN_PRIOR_DRAW_NOT_HIDDEN_REALIZED_LABEL
43,B2_roster_prior_v2,3,0,0,256,True,False,False,FALSE,FALSE,7,DESIGN_PRIOR_DRAW_NOT_HIDDEN_REALIZED_LABEL
43,B2_roster_prior_v2,4,0,0,256,True,False,False,FALSE,FALSE,6,DESIGN_PRIOR_DRAW_NOT_HIDDEN_REALIZED_LABEL
43,B2_roster_prior_v2,5,0,0,256,True,False,False,FALSE,FALSE,8,DESIGN_PRIOR_DRAW_NOT_HIDDEN_REALIZED_LABEL
43,B2_roster_prior_v2,6,256,256,256,True,True,True,TRUE,TRUE,0,DESIGN_PRIOR_DRAW_NOT_HIDDEN_REALIZED_LABEL
43,B2_roster_prior_v2,7,256,256,256,True,True,True,TRUE,TRUE,1,DESIGN_PRIOR_DRAW_NOT_HIDDEN_REALIZED_LABEL
43,B2_roster_prior_v2,8,0,0,256,True,False,False,FALSE,FALSE,6,DESIGN_PRIOR_DRAW_NOT_HIDDEN_REALIZED_LABEL
43,B2_roster_prior_v2,9,256,256,256,True,True,True,TRUE,TRUE,3,DESIGN_PRIOR_DRAW_NOT_HIDDEN_REALIZED_LABEL
43,B2_roster_prior_v2,10,236,236,256,True,True,True,TRUE,TRUE,8,DESIGN_PRIOR_DRAW_NOT_HIDDEN_REALIZED_LABEL
43,B2_roster_prior_v2,11,256,256,256,True,True,True,TRUE,TRUE,0,DESIGN_PRIOR_DRAW_NOT_HIDDEN_REALIZED_LABEL
43,B2_roster_prior_v2,12,256,256,256,True,True,True,TRUE,TRUE,3,DESIGN_PRIOR_DRAW_NOT_HIDDEN_REALIZED_LABEL
43,B2_roster_prior_v2,13,0,0,256,True,False,False,FALSE,FALSE,7,DESIGN_PRIOR_DRAW_NOT_HIDDEN_REALIZED_LABEL
43,B2_roster_prior_v2,14,256,256,256,True,True,True,TRUE,TRUE,1,DESIGN_PRIOR_DRAW_NOT_HIDDEN_REALIZED_LABEL
43,B2_roster_prior_v2,15,256,256,256,True,True,True,TRUE,TRUE,4,DESIGN_PRIOR_DRAW_NOT_HIDDEN_REALIZED_LABEL
43,B2_roster_prior_v2,16,0,0,256,True,False,False,FALSE,FALSE,8,DESIGN_PRIOR_DRAW_NOT_HIDDEN_REALIZED_LABEL
43,B2_roster_prior_v2,17,256,256,256,True,True,True,TRUE,TRUE,5,DESIGN_PRIOR_DRAW_NOT_HIDDEN_REALIZED_LABEL
43,B2_roster_prior_v2,18,0,0,256,True,False,False,FALSE,FALSE,7,DESIGN_PRIOR_DRAW_NOT_HIDDEN_REALIZED_LABEL
43,B2_roster_prior_v2,19,117,117,256,True,False,False,FALSE,FALSE,6,DESIGN_PRIOR_DRAW_NOT_HIDDEN_REALIZED_LABEL
43,B2_roster_prior_v2,20,10,10,256,True,False,False,FALSE,FALSE,7,DESIGN_PRIOR_DRAW_NOT_HIDDEN_REALIZED_LABEL
43,B2_roster_prior_v2,21,256,256,256,True,True,True,TRUE,TRUE,1,DESIGN_PRIOR_DRAW_NOT_HIDDEN_REALIZED_LABEL
43,B2_roster_prior_v2,22,256,256,256,True,True,True,TRUE,TRUE,0,DESIGN_PRIOR_DRAW_NOT_HIDDEN_REALIZED_LABEL
43,B2_roster_prior_v2,23,256,256,256,True,True,True,TRUE,TRUE,4,DESIGN_PRIOR_DRAW_NOT_HIDDEN_REALIZED_LABEL
43,B2_roster_prior_v2,24,256,256,256,True,True,True,TRUE,TRUE,5,DESIGN_PRIOR_DRAW_NOT_HIDDEN_REALIZED_LABEL
43,B2_roster_prior_v2,25,256,256,256,True,True,True,TRUE,TRUE,3,DESIGN_PRIOR_DRAW_NOT_HIDDEN_REALIZED_LABEL
43,B2_roster_prior_v2,26,39,39,256,True,False,False,FALSE,FALSE,8,DESIGN_PRIOR_DRAW_NOT_HIDDEN_REALIZED_LABEL
43,B2_roster_prior_v2,27,113,113,256,True,False,False,FALSE,FALSE,7,DESIGN_PRIOR_DRAW_NOT_HIDDEN_REALIZED_LABEL
43,B2_roster_prior_v2,28,256,256,256,True,True,True,TRUE,TRUE,4,DESIGN_PRIOR_DRAW_NOT_HIDDEN_REALIZED_LABEL
43,B2_roster_prior_v2,29,0,0,256,True,False,False,FALSE,FALSE,8,DESIGN_PRIOR_DRAW_NOT_HIDDEN_REALIZED_LABEL
43,B2_roster_prior_v2,30,256,256,256,True,True,True,TRUE,TRUE,4,DESIGN_PRIOR_DRAW_NOT_HIDDEN_REALIZED_LABEL
43,B2_roster_prior_v2,31,0,0,256,True,False,False,FALSE,FALSE,8,DESIGN_PRIOR_DRAW_NOT_HIDDEN_REALIZED_LABEL
44,B2_roster_prior_v2,0,256,256,256,True,True,True,TRUE,TRUE,5,DESIGN_PRIOR_DRAW_NOT_HIDDEN_REALIZED_LABEL
44,B2_roster_prior_v2,1,0,0,256,True,False,False,FALSE,FALSE,8,DESIGN_PRIOR_DRAW_NOT_HIDDEN_REALIZED_LABEL
44,B2_roster_prior_v2,2,256,256,256,True,True,True,TRUE,TRUE,0,DESIGN_PRIOR_DRAW_NOT_HIDDEN_REALIZED_LABEL
44,B2_roster_prior_v2,3,0,0,256,True,False,False,FALSE,FALSE,6,DESIGN_PRIOR_DRAW_NOT_HIDDEN_REALIZED_LABEL
44,B2_roster_prior_v2,4,0,0,256,True,False,False,FALSE,FALSE,7,DESIGN_PRIOR_DRAW_NOT_HIDDEN_REALIZED_LABEL
44,B2_roster_prior_v2,5,256,256,256,True,True,True,TRUE,TRUE,1,DESIGN_PRIOR_DRAW_NOT_HIDDEN_REALIZED_LABEL
44,B2_roster_prior_v2,6,3,3,256,True,False,False,FALSE,FALSE,8,DESIGN_PRIOR_DRAW_NOT_HIDDEN_REALIZED_LABEL
44,B2_roster_prior_v2,7,256,256,256,True,True,True,TRUE,TRUE,2,DESIGN_PRIOR_DRAW_NOT_HIDDEN_REALIZED_LABEL
44,B2_roster_prior_v2,8,256,256,256,True,True,True,TRUE,TRUE,4,DESIGN_PRIOR_DRAW_NOT_HIDDEN_REALIZED_LABEL
44,B2_roster_prior_v2,9,256,256,256,True,True,True,TRUE,TRUE,5,DESIGN_PRIOR_DRAW_NOT_HIDDEN_REALIZED_LABEL
44,B2_roster_prior_v2,10,6,6,256,True,False,False,FALSE,FALSE,7,DESIGN_PRIOR_DRAW_NOT_HIDDEN_REALIZED_LABEL
44,B2_roster_prior_v2,11,0,0,256,True,False,False,FALSE,FALSE,8,DESIGN_PRIOR_DRAW_NOT_HIDDEN_REALIZED_LABEL
44,B2_roster_prior_v2,12,0,0,256,True,False,False,FALSE,FALSE,7,DESIGN_PRIOR_DRAW_NOT_HIDDEN_REALIZED_LABEL
44,B2_roster_prior_v2,13,0,0,256,True,False,False,FALSE,FALSE,8,DESIGN_PRIOR_DRAW_NOT_HIDDEN_REALIZED_LABEL
44,B2_roster_prior_v2,14,256,256,256,True,True,True,TRUE,TRUE,3,DESIGN_PRIOR_DRAW_NOT_HIDDEN_REALIZED_LABEL
44,B2_roster_prior_v2,15,256,256,256,True,True,True,TRUE,TRUE,2,DESIGN_PRIOR_DRAW_NOT_HIDDEN_REALIZED_LABEL
44,B2_roster_prior_v2,16,256,256,256,True,True,True,TRUE,TRUE,3,DESIGN_PRIOR_DRAW_NOT_HIDDEN_REALIZED_LABEL
44,B2_roster_prior_v2,17,256,256,256,True,True,True,TRUE,TRUE,2,DESIGN_PRIOR_DRAW_NOT_HIDDEN_REALIZED_LABEL
44,B2_roster_prior_v2,18,256,256,256,True,True,True,TRUE,TRUE,1,DESIGN_PRIOR_DRAW_NOT_HIDDEN_REALIZED_LABEL
44,B2_roster_prior_v2,19,256,256,256,True,True,True,TRUE,TRUE,1,DESIGN_PRIOR_DRAW_NOT_HIDDEN_REALIZED_LABEL
44,B2_roster_prior_v2,20,256,256,256,True,True,True,TRUE,TRUE,0,DESIGN_PRIOR_DRAW_NOT_HIDDEN_REALIZED_LABEL
44,B2_roster_prior_v2,21,0,0,256,True,False,False,FALSE,FALSE,6,DESIGN_PRIOR_DRAW_NOT_HIDDEN_REALIZED_LABEL
44,B2_roster_prior_v2,22,0,0,256,True,False,False,FALSE,FALSE,8,DESIGN_PRIOR_DRAW_NOT_HIDDEN_REALIZED_LABEL
44,B2_roster_prior_v2,23,256,256,256,True,True,True,TRUE,TRUE,7,DESIGN_PRIOR_DRAW_NOT_HIDDEN_REALIZED_LABEL
44,B2_roster_prior_v2,24,0,0,256,True,False,False,FALSE,FALSE,7,DESIGN_PRIOR_DRAW_NOT_HIDDEN_REALIZED_LABEL
44,B2_roster_prior_v2,25,256,256,256,True,True,True,TRUE,TRUE,0,DESIGN_PRIOR_DRAW_NOT_HIDDEN_REALIZED_LABEL
44,B2_roster_prior_v2,26,256,256,256,True,True,True,TRUE,TRUE,0,DESIGN_PRIOR_DRAW_NOT_HIDDEN_REALIZED_LABEL
44,B2_roster_prior_v2,27,0,0,256,True,False,False,FALSE,FALSE,8,DESIGN_PRIOR_DRAW_NOT_HIDDEN_REALIZED_LABEL
44,B2_roster_prior_v2,28,256,256,256,True,True,True,TRUE,TRUE,1,DESIGN_PRIOR_DRAW_NOT_HIDDEN_REALIZED_LABEL
44,B2_roster_prior_v2,29,0,0,256,True,False,False,FALSE,FALSE,7,DESIGN_PRIOR_DRAW_NOT_HIDDEN_REALIZED_LABEL
44,B2_roster_prior_v2,30,256,256,256,True,True,True,TRUE,TRUE,0,DESIGN_PRIOR_DRAW_NOT_HIDDEN_REALIZED_LABEL
44,B2_roster_prior_v2,31,256,256,256,True,True,True,TRUE,TRUE,3,DESIGN_PRIOR_DRAW_NOT_HIDDEN_REALIZED_LABEL
45,B2_roster_prior_v2,0,256,256,256,True,True,True,TRUE,TRUE,5,DESIGN_PRIOR_DRAW_NOT_HIDDEN_REALIZED_LABEL
45,B2_roster_prior_v2,1,256,256,256,True,True,True,TRUE,TRUE,8,DESIGN_PRIOR_DRAW_NOT_HIDDEN_REALIZED_LABEL
45,B2_roster_prior_v2,2,256,256,256,True,True,True,TRUE,TRUE,7,DESIGN_PRIOR_DRAW_NOT_HIDDEN_REALIZED_LABEL
45,B2_roster_prior_v2,3,256,256,256,True,True,True,TRUE,TRUE,7,DESIGN_PRIOR_DRAW_NOT_HIDDEN_REALIZED_LABEL
45,B2_roster_prior_v2,4,256,256,256,True,True,True,TRUE,TRUE,0,DESIGN_PRIOR_DRAW_NOT_HIDDEN_REALIZED_LABEL
45,B2_roster_prior_v2,5,256,256,256,True,True,True,TRUE,TRUE,6,DESIGN_PRIOR_DRAW_NOT_HIDDEN_REALIZED_LABEL
45,B2_roster_prior_v2,6,256,256,256,True,True,True,TRUE,TRUE,3,DESIGN_PRIOR_DRAW_NOT_HIDDEN_REALIZED_LABEL
45,B2_roster_prior_v2,7,256,256,256,True,True,True,TRUE,TRUE,7,DESIGN_PRIOR_DRAW_NOT_HIDDEN_REALIZED_LABEL
45,B2_roster_prior_v2,8,256,256,256,True,True,True,TRUE,TRUE,7,DESIGN_PRIOR_DRAW_NOT_HIDDEN_REALIZED_LABEL
45,B2_roster_prior_v2,9,256,256,256,True,True,True,TRUE,TRUE,2,DESIGN_PRIOR_DRAW_NOT_HIDDEN_REALIZED_LABEL
45,B2_roster_prior_v2,10,251,251,256,True,True,True,TRUE,TRUE,8,DESIGN_PRIOR_DRAW_NOT_HIDDEN_REALIZED_LABEL
45,B2_roster_prior_v2,11,256,256,256,True,True,True,TRUE,TRUE,1,DESIGN_PRIOR_DRAW_NOT_HIDDEN_REALIZED_LABEL
45,B2_roster_prior_v2,12,256,256,256,True,True,True,TRUE,TRUE,7,DESIGN_PRIOR_DRAW_NOT_HIDDEN_REALIZED_LABEL
45,B2_roster_prior_v2,13,256,256,256,True,True,True,TRUE,TRUE,7,DESIGN_PRIOR_DRAW_NOT_HIDDEN_REALIZED_LABEL
45,B2_roster_prior_v2,14,254,254,256,True,True,True,TRUE,TRUE,6,DESIGN_PRIOR_DRAW_NOT_HIDDEN_REALIZED_LABEL
45,B2_roster_prior_v2,15,256,256,256,True,True,True,TRUE,TRUE,7,DESIGN_PRIOR_DRAW_NOT_HIDDEN_REALIZED_LABEL
45,B2_roster_prior_v2,16,22,22,256,True,False,False,FALSE,FALSE,7,DESIGN_PRIOR_DRAW_NOT_HIDDEN_REALIZED_LABEL
45,B2_roster_prior_v2,17,256,256,256,True,True,True,TRUE,TRUE,8,DESIGN_PRIOR_DRAW_NOT_HIDDEN_REALIZED_LABEL
45,B2_roster_prior_v2,18,256,256,256,True,True,True,TRUE,TRUE,8,DESIGN_PRIOR_DRAW_NOT_HIDDEN_REALIZED_LABEL
45,B2_roster_prior_v2,19,256,256,256,True,True,True,TRUE,TRUE,4,DESIGN_PRIOR_DRAW_NOT_HIDDEN_REALIZED_LABEL
45,B2_roster_prior_v2,20,256,256,256,True,True,True,TRUE,TRUE,6,DESIGN_PRIOR_DRAW_NOT_HIDDEN_REALIZED_LABEL
45,B2_roster_prior_v2,21,256,256,256,True,True,True,TRUE,TRUE,6,DESIGN_PRIOR_DRAW_NOT_HIDDEN_REALIZED_LABEL
45,B2_roster_prior_v2,22,256,256,256,True,True,True,TRUE,TRUE,5,DESIGN_PRIOR_DRAW_NOT_HIDDEN_REALIZED_LABEL
45,B2_roster_prior_v2,23,252,252,256,True,True,True,TRUE,TRUE,6,DESIGN_PRIOR_DRAW_NOT_HIDDEN_REALIZED_LABEL
45,B2_roster_prior_v2,24,256,256,256,True,True,True,TRUE,TRUE,7,DESIGN_PRIOR_DRAW_NOT_HIDDEN_REALIZED_LABEL
45,B2_roster_prior_v2,25,256,256,256,True,True,True,TRUE,TRUE,0,DESIGN_PRIOR_DRAW_NOT_HIDDEN_REALIZED_LABEL
45,B2_roster_prior_v2,26,256,256,256,True,True,True,TRUE,TRUE,6,DESIGN_PRIOR_DRAW_NOT_HIDDEN_REALIZED_LABEL
45,B2_roster_prior_v2,27,256,256,256,True,True,True,TRUE,TRUE,4,DESIGN_PRIOR_DRAW_NOT_HIDDEN_REALIZED_LABEL
45,B2_roster_prior_v2,28,223,223,256,True,True,True,TRUE,TRUE,8,DESIGN_PRIOR_DRAW_NOT_HIDDEN_REALIZED_LABEL
45,B2_roster_prior_v2,29,256,256,256,True,True,True,TRUE,TRUE,0,DESIGN_PRIOR_DRAW_NOT_HIDDEN_REALIZED_LABEL
45,B2_roster_prior_v2,30,256,256,256,True,True,True,TRUE,TRUE,7,DESIGN_PRIOR_DRAW_NOT_HIDDEN_REALIZED_LABEL
45,B2_roster_prior_v2,31,256,256,256,True,True,True,TRUE,TRUE,5,DESIGN_PRIOR_DRAW_NOT_HIDDEN_REALIZED_LABEL
46,B2_roster_prior_v2,0,13,13,256,True,False,False,FALSE,FALSE,6,DESIGN_PRIOR_DRAW_NOT_HIDDEN_REALIZED_LABEL
46,B2_roster_prior_v2,1,9,9,256,True,False,False,FALSE,FALSE,6,DESIGN_PRIOR_DRAW_NOT_HIDDEN_REALIZED_LABEL
46,B2_roster_prior_v2,2,256,256,256,True,True,True,TRUE,TRUE,6,DESIGN_PRIOR_DRAW_NOT_HIDDEN_REALIZED_LABEL
46,B2_roster_prior_v2,3,256,256,256,True,True,True,TRUE,TRUE,2,DESIGN_PRIOR_DRAW_NOT_HIDDEN_REALIZED_LABEL
46,B2_roster_prior_v2,4,251,251,256,True,True,True,TRUE,TRUE,7,DESIGN_PRIOR_DRAW_NOT_HIDDEN_REALIZED_LABEL
46,B2_roster_prior_v2,5,155,155,256,True,False,False,FALSE,FALSE,8,DESIGN_PRIOR_DRAW_NOT_HIDDEN_REALIZED_LABEL
46,B2_roster_prior_v2,6,78,78,256,True,False,False,FALSE,FALSE,6,DESIGN_PRIOR_DRAW_NOT_HIDDEN_REALIZED_LABEL
46,B2_roster_prior_v2,7,33,33,256,True,False,False,FALSE,FALSE,7,DESIGN_PRIOR_DRAW_NOT_HIDDEN_REALIZED_LABEL
46,B2_roster_prior_v2,8,5,5,256,True,False,False,FALSE,FALSE,6,DESIGN_PRIOR_DRAW_NOT_HIDDEN_REALIZED_LABEL
46,B2_roster_prior_v2,9,62,62,256,True,False,False,FALSE,FALSE,6,DESIGN_PRIOR_DRAW_NOT_HIDDEN_REALIZED_LABEL
46,B2_roster_prior_v2,10,256,256,256,True,True,True,TRUE,TRUE,8,DESIGN_PRIOR_DRAW_NOT_HIDDEN_REALIZED_LABEL
46,B2_roster_prior_v2,11,89,89,256,True,False,False,FALSE,FALSE,6,DESIGN_PRIOR_DRAW_NOT_HIDDEN_REALIZED_LABEL
46,B2_roster_prior_v2,12,198,198,256,True,True,True,MC_UNRESOLVED,MC_UNRESOLVED,6,DESIGN_PRIOR_DRAW_NOT_HIDDEN_REALIZED_LABEL
46,B2_roster_prior_v2,13,255,255,256,True,True,True,TRUE,TRUE,6,DESIGN_PRIOR_DRAW_NOT_HIDDEN_REALIZED_LABEL
46,B2_roster_prior_v2,14,256,256,256,True,True,True,TRUE,TRUE,5,DESIGN_PRIOR_DRAW_NOT_HIDDEN_REALIZED_LABEL
46,B2_roster_prior_v2,15,256,256,256,True,True,True,TRUE,TRUE,6,DESIGN_PRIOR_DRAW_NOT_HIDDEN_REALIZED_LABEL
46,B2_roster_prior_v2,16,90,90,256,True,False,False,FALSE,FALSE,7,DESIGN_PRIOR_DRAW_NOT_HIDDEN_REALIZED_LABEL
46,B2_roster_prior_v2,17,47,47,256,True,False,False,FALSE,FALSE,7,DESIGN_PRIOR_DRAW_NOT_HIDDEN_REALIZED_LABEL
46,B2_roster_prior_v2,18,134,134,256,True,False,False,FALSE,FALSE,6,DESIGN_PRIOR_DRAW_NOT_HIDDEN_REALIZED_LABEL
46,B2_roster_prior_v2,19,256,256,256,True,True,True,TRUE,TRUE,0,DESIGN_PRIOR_DRAW_NOT_HIDDEN_REALIZED_LABEL
46,B2_roster_prior_v2,20,256,256,256,True,True,True,TRUE,TRUE,4,DESIGN_PRIOR_DRAW_NOT_HIDDEN_REALIZED_LABEL
46,B2_roster_prior_v2,21,256,256,256,True,True,True,TRUE,TRUE,4,DESIGN_PRIOR_DRAW_NOT_HIDDEN_REALIZED_LABEL
46,B2_roster_prior_v2,22,256,256,256,True,True,True,TRUE,TRUE,4,DESIGN_PRIOR_DRAW_NOT_HIDDEN_REALIZED_LABEL
46,B2_roster_prior_v2,23,256,256,256,True,True,True,TRUE,TRUE,6,DESIGN_PRIOR_DRAW_NOT_HIDDEN_REALIZED_LABEL
46,B2_roster_prior_v2,24,256,256,256,True,True,True,TRUE,TRUE,2,DESIGN_PRIOR_DRAW_NOT_HIDDEN_REALIZED_LABEL
46,B2_roster_prior_v2,25,256,256,256,True,True,True,TRUE,TRUE,3,DESIGN_PRIOR_DRAW_NOT_HIDDEN_REALIZED_LABEL
46,B2_roster_prior_v2,26,256,256,256,True,True,True,TRUE,TRUE,1,DESIGN_PRIOR_DRAW_NOT_HIDDEN_REALIZED_LABEL
46,B2_roster_prior_v2,27,256,256,256,True,True,True,TRUE,TRUE,3,DESIGN_PRIOR_DRAW_NOT_HIDDEN_REALIZED_LABEL
46,B2_roster_prior_v2,28,77,77,256,True,False,False,FALSE,FALSE,7,DESIGN_PRIOR_DRAW_NOT_HIDDEN_REALIZED_LABEL
46,B2_roster_prior_v2,29,256,256,256,True,True,True,TRUE,TRUE,6,DESIGN_PRIOR_DRAW_NOT_HIDDEN_REALIZED_LABEL
46,B2_roster_prior_v2,30,256,256,256,True,True,True,TRUE,TRUE,2,DESIGN_PRIOR_DRAW_NOT_HIDDEN_REALIZED_LABEL
46,B2_roster_prior_v2,31,255,255,256,True,True,True,TRUE,TRUE,8,DESIGN_PRIOR_DRAW_NOT_HIDDEN_REALIZED_LABEL
47,B2_roster_prior_v2,0,243,243,256,True,True,True,TRUE,TRUE,8,DESIGN_PRIOR_DRAW_NOT_HIDDEN_REALIZED_LABEL
47,B2_roster_prior_v2,1,256,256,256,True,True,True,TRUE,TRUE,1,DESIGN_PRIOR_DRAW_NOT_HIDDEN_REALIZED_LABEL
47,B2_roster_prior_v2,2,256,256,256,True,True,True,TRUE,TRUE,5,DESIGN_PRIOR_DRAW_NOT_HIDDEN_REALIZED_LABEL
47,B2_roster_prior_v2,3,256,256,256,True,True,True,TRUE,TRUE,6,DESIGN_PRIOR_DRAW_NOT_HIDDEN_REALIZED_LABEL
47,B2_roster_prior_v2,4,256,256,256,True,True,True,TRUE,TRUE,1,DESIGN_PRIOR_DRAW_NOT_HIDDEN_REALIZED_LABEL
47,B2_roster_prior_v2,5,256,256,256,True,True,True,TRUE,TRUE,4,DESIGN_PRIOR_DRAW_NOT_HIDDEN_REALIZED_LABEL
47,B2_roster_prior_v2,6,135,135,256,True,False,False,FALSE,FALSE,7,DESIGN_PRIOR_DRAW_NOT_HIDDEN_REALIZED_LABEL
47,B2_roster_prior_v2,7,256,256,256,True,True,True,TRUE,TRUE,6,DESIGN_PRIOR_DRAW_NOT_HIDDEN_REALIZED_LABEL
47,B2_roster_prior_v2,8,256,256,256,True,True,True,TRUE,TRUE,7,DESIGN_PRIOR_DRAW_NOT_HIDDEN_REALIZED_LABEL
47,B2_roster_prior_v2,9,256,256,256,True,True,True,TRUE,TRUE,7,DESIGN_PRIOR_DRAW_NOT_HIDDEN_REALIZED_LABEL
47,B2_roster_prior_v2,10,256,256,256,True,True,True,TRUE,TRUE,5,DESIGN_PRIOR_DRAW_NOT_HIDDEN_REALIZED_LABEL
47,B2_roster_prior_v2,11,256,256,256,True,True,True,TRUE,TRUE,8,DESIGN_PRIOR_DRAW_NOT_HIDDEN_REALIZED_LABEL
47,B2_roster_prior_v2,12,256,256,256,True,True,True,TRUE,TRUE,5,DESIGN_PRIOR_DRAW_NOT_HIDDEN_REALIZED_LABEL
47,B2_roster_prior_v2,13,256,256,256,True,True,True,TRUE,TRUE,6,DESIGN_PRIOR_DRAW_NOT_HIDDEN_REALIZED_LABEL
47,B2_roster_prior_v2,14,256,256,256,True,True,True,TRUE,TRUE,0,DESIGN_PRIOR_DRAW_NOT_HIDDEN_REALIZED_LABEL
47,B2_roster_prior_v2,15,255,255,256,True,True,True,TRUE,TRUE,8,DESIGN_PRIOR_DRAW_NOT_HIDDEN_REALIZED_LABEL
47,B2_roster_prior_v2,16,255,255,256,True,True,True,TRUE,TRUE,6,DESIGN_PRIOR_DRAW_NOT_HIDDEN_REALIZED_LABEL
47,B2_roster_prior_v2,17,256,256,256,True,True,True,TRUE,TRUE,5,DESIGN_PRIOR_DRAW_NOT_HIDDEN_REALIZED_LABEL
47,B2_roster_prior_v2,18,256,256,256,True,True,True,TRUE,TRUE,3,DESIGN_PRIOR_DRAW_NOT_HIDDEN_REALIZED_LABEL
47,B2_roster_prior_v2,19,256,256,256,True,True,True,TRUE,TRUE,0,DESIGN_PRIOR_DRAW_NOT_HIDDEN_REALIZED_LABEL
47,B2_roster_prior_v2,20,255,255,256,True,True,True,TRUE,TRUE,7,DESIGN_PRIOR_DRAW_NOT_HIDDEN_REALIZED_LABEL
47,B2_roster_prior_v2,21,256,256,256,True,True,True,TRUE,TRUE,7,DESIGN_PRIOR_DRAW_NOT_HIDDEN_REALIZED_LABEL
47,B2_roster_prior_v2,22,256,256,256,True,True,True,TRUE,TRUE,3,DESIGN_PRIOR_DRAW_NOT_HIDDEN_REALIZED_LABEL
47,B2_roster_prior_v2,23,256,256,256,True,True,True,TRUE,TRUE,5,DESIGN_PRIOR_DRAW_NOT_HIDDEN_REALIZED_LABEL
47,B2_roster_prior_v2,24,256,256,256,True,True,True,TRUE,TRUE,1,DESIGN_PRIOR_DRAW_NOT_HIDDEN_REALIZED_LABEL
47,B2_roster_prior_v2,25,256,256,256,True,True,True,TRUE,TRUE,1,DESIGN_PRIOR_DRAW_NOT_HIDDEN_REALIZED_LABEL
47,B2_roster_prior_v2,26,256,256,256,True,True,True,TRUE,TRUE,7,DESIGN_PRIOR_DRAW_NOT_HIDDEN_REALIZED_LABEL
47,B2_roster_prior_v2,27,256,256,256,True,True,True,TRUE,TRUE,4,DESIGN_PRIOR_DRAW_NOT_HIDDEN_REALIZED_LABEL
47,B2_roster_prior_v2,28,256,256,256,True,True,True,TRUE,TRUE,2,DESIGN_PRIOR_DRAW_NOT_HIDDEN_REALIZED_LABEL
47,B2_roster_prior_v2,29,232,232,256,True,True,True,TRUE,TRUE,8,DESIGN_PRIOR_DRAW_NOT_HIDDEN_REALIZED_LABEL
47,B2_roster_prior_v2,30,256,256,256,True,True,True,TRUE,TRUE,3,DESIGN_PRIOR_DRAW_NOT_HIDDEN_REALIZED_LABEL
47,B2_roster_prior_v2,31,3,3,256,True,False,False,FALSE,FALSE,8,DESIGN_PRIOR_DRAW_NOT_HIDDEN_REALIZED_LABEL
48,B2_roster_prior_v2,0,256,256,256,True,True,True,TRUE,TRUE,5,DESIGN_PRIOR_DRAW_NOT_HIDDEN_REALIZED_LABEL
48,B2_roster_prior_v2,1,6,6,256,True,False,False,FALSE,FALSE,7,DESIGN_PRIOR_DRAW_NOT_HIDDEN_REALIZED_LABEL
48,B2_roster_prior_v2,2,217,217,256,True,True,True,TRUE,TRUE,7,DESIGN_PRIOR_DRAW_NOT_HIDDEN_REALIZED_LABEL
48,B2_roster_prior_v2,3,256,256,256,True,True,True,TRUE,TRUE,6,DESIGN_PRIOR_DRAW_NOT_HIDDEN_REALIZED_LABEL
48,B2_roster_prior_v2,4,1,1,256,True,False,False,FALSE,FALSE,6,DESIGN_PRIOR_DRAW_NOT_HIDDEN_REALIZED_LABEL
48,B2_roster_prior_v2,5,256,256,256,True,True,True,TRUE,TRUE,5,DESIGN_PRIOR_DRAW_NOT_HIDDEN_REALIZED_LABEL
48,B2_roster_prior_v2,6,256,256,256,True,True,True,TRUE,TRUE,2,DESIGN_PRIOR_DRAW_NOT_HIDDEN_REALIZED_LABEL
48,B2_roster_prior_v2,7,0,0,256,True,False,False,FALSE,FALSE,7,DESIGN_PRIOR_DRAW_NOT_HIDDEN_REALIZED_LABEL
48,B2_roster_prior_v2,8,0,0,256,True,False,False,FALSE,FALSE,6,DESIGN_PRIOR_DRAW_NOT_HIDDEN_REALIZED_LABEL
48,B2_roster_prior_v2,9,0,0,256,True,False,False,FALSE,FALSE,6,DESIGN_PRIOR_DRAW_NOT_HIDDEN_REALIZED_LABEL
48,B2_roster_prior_v2,10,0,0,256,True,False,False,FALSE,FALSE,7,DESIGN_PRIOR_DRAW_NOT_HIDDEN_REALIZED_LABEL
48,B2_roster_prior_v2,11,0,0,256,True,False,False,FALSE,FALSE,6,DESIGN_PRIOR_DRAW_NOT_HIDDEN_REALIZED_LABEL
48,B2_roster_prior_v2,12,256,256,256,True,True,True,TRUE,TRUE,3,DESIGN_PRIOR_DRAW_NOT_HIDDEN_REALIZED_LABEL
48,B2_roster_prior_v2,13,0,0,256,True,False,False,FALSE,FALSE,6,DESIGN_PRIOR_DRAW_NOT_HIDDEN_REALIZED_LABEL
48,B2_roster_prior_v2,14,0,0,256,True,False,False,FALSE,FALSE,8,DESIGN_PRIOR_DRAW_NOT_HIDDEN_REALIZED_LABEL
48,B2_roster_prior_v2,15,254,254,256,True,True,True,TRUE,TRUE,6,DESIGN_PRIOR_DRAW_NOT_HIDDEN_REALIZED_LABEL
48,B2_roster_prior_v2,16,256,256,256,True,True,True,TRUE,TRUE,0,DESIGN_PRIOR_DRAW_NOT_HIDDEN_REALIZED_LABEL
48,B2_roster_prior_v2,17,256,256,256,True,True,True,TRUE,TRUE,4,DESIGN_PRIOR_DRAW_NOT_HIDDEN_REALIZED_LABEL
48,B2_roster_prior_v2,18,0,0,256,True,False,False,FALSE,FALSE,6,DESIGN_PRIOR_DRAW_NOT_HIDDEN_REALIZED_LABEL
48,B2_roster_prior_v2,19,0,0,256,True,False,False,FALSE,FALSE,7,DESIGN_PRIOR_DRAW_NOT_HIDDEN_REALIZED_LABEL
48,B2_roster_prior_v2,20,31,31,256,True,False,False,FALSE,FALSE,8,DESIGN_PRIOR_DRAW_NOT_HIDDEN_REALIZED_LABEL
48,B2_roster_prior_v2,21,256,256,256,True,True,True,TRUE,TRUE,5,DESIGN_PRIOR_DRAW_NOT_HIDDEN_REALIZED_LABEL
48,B2_roster_prior_v2,22,23,23,256,True,False,False,FALSE,FALSE,7,DESIGN_PRIOR_DRAW_NOT_HIDDEN_REALIZED_LABEL
48,B2_roster_prior_v2,23,39,39,256,True,False,False,FALSE,FALSE,6,DESIGN_PRIOR_DRAW_NOT_HIDDEN_REALIZED_LABEL
48,B2_roster_prior_v2,24,256,256,256,True,True,True,TRUE,TRUE,0,DESIGN_PRIOR_DRAW_NOT_HIDDEN_REALIZED_LABEL
48,B2_roster_prior_v2,25,254,254,256,True,True,True,TRUE,TRUE,7,DESIGN_PRIOR_DRAW_NOT_HIDDEN_REALIZED_LABEL
48,B2_roster_prior_v2,26,0,0,256,True,False,False,FALSE,FALSE,8,DESIGN_PRIOR_DRAW_NOT_HIDDEN_REALIZED_LABEL
48,B2_roster_prior_v2,27,256,256,256,True,True,True,TRUE,TRUE,3,DESIGN_PRIOR_DRAW_NOT_HIDDEN_REALIZED_LABEL
48,B2_roster_prior_v2,28,256,256,256,True,True,True,TRUE,TRUE,0,DESIGN_PRIOR_DRAW_NOT_HIDDEN_REALIZED_LABEL
48,B2_roster_prior_v2,29,256,256,256,True,True,True,TRUE,TRUE,2,DESIGN_PRIOR_DRAW_NOT_HIDDEN_REALIZED_LABEL
48,B2_roster_prior_v2,30,0,0,256,True,False,False,FALSE,FALSE,6,DESIGN_PRIOR_DRAW_NOT_HIDDEN_REALIZED_LABEL
48,B2_roster_prior_v2,31,256,256,256,True,True,True,TRUE,TRUE,3,DESIGN_PRIOR_DRAW_NOT_HIDDEN_REALIZED_LABEL
49,B2_roster_prior_v2,0,3,3,256,True,False,False,FALSE,FALSE,7,DESIGN_PRIOR_DRAW_NOT_HIDDEN_REALIZED_LABEL
49,B2_roster_prior_v2,1,256,256,256,True,True,True,TRUE,TRUE,4,DESIGN_PRIOR_DRAW_NOT_HIDDEN_REALIZED_LABEL
49,B2_roster_prior_v2,2,256,256,256,True,True,True,TRUE,TRUE,1,DESIGN_PRIOR_DRAW_NOT_HIDDEN_REALIZED_LABEL
49,B2_roster_prior_v2,3,0,0,256,True,False,False,FALSE,FALSE,6,DESIGN_PRIOR_DRAW_NOT_HIDDEN_REALIZED_LABEL
49,B2_roster_prior_v2,4,256,256,256,True,True,True,TRUE,TRUE,4,DESIGN_PRIOR_DRAW_NOT_HIDDEN_REALIZED_LABEL
49,B2_roster_prior_v2,5,256,256,256,True,True,True,TRUE,TRUE,3,DESIGN_PRIOR_DRAW_NOT_HIDDEN_REALIZED_LABEL
49,B2_roster_prior_v2,6,256,256,256,True,True,True,TRUE,TRUE,2,DESIGN_PRIOR_DRAW_NOT_HIDDEN_REALIZED_LABEL
49,B2_roster_prior_v2,7,256,256,256,True,True,True,TRUE,TRUE,4,DESIGN_PRIOR_DRAW_NOT_HIDDEN_REALIZED_LABEL
49,B2_roster_prior_v2,8,256,256,256,True,True,True,TRUE,TRUE,4,DESIGN_PRIOR_DRAW_NOT_HIDDEN_REALIZED_LABEL
49,B2_roster_prior_v2,9,242,242,256,True,True,True,TRUE,TRUE,8,DESIGN_PRIOR_DRAW_NOT_HIDDEN_REALIZED_LABEL
49,B2_roster_prior_v2,10,0,0,256,True,False,False,FALSE,FALSE,8,DESIGN_PRIOR_DRAW_NOT_HIDDEN_REALIZED_LABEL
49,B2_roster_prior_v2,11,20,20,256,True,False,False,FALSE,FALSE,6,DESIGN_PRIOR_DRAW_NOT_HIDDEN_REALIZED_LABEL
49,B2_roster_prior_v2,12,256,256,256,True,True,True,TRUE,TRUE,5,DESIGN_PRIOR_DRAW_NOT_HIDDEN_REALIZED_LABEL
49,B2_roster_prior_v2,13,256,256,256,True,True,True,TRUE,TRUE,3,DESIGN_PRIOR_DRAW_NOT_HIDDEN_REALIZED_LABEL
49,B2_roster_prior_v2,14,256,256,256,True,True,True,TRUE,TRUE,4,DESIGN_PRIOR_DRAW_NOT_HIDDEN_REALIZED_LABEL
49,B2_roster_prior_v2,15,0,0,256,True,False,False,FALSE,FALSE,7,DESIGN_PRIOR_DRAW_NOT_HIDDEN_REALIZED_LABEL
49,B2_roster_prior_v2,16,256,256,256,True,True,True,TRUE,TRUE,2,DESIGN_PRIOR_DRAW_NOT_HIDDEN_REALIZED_LABEL
49,B2_roster_prior_v2,17,256,256,256,True,True,True,TRUE,TRUE,8,DESIGN_PRIOR_DRAW_NOT_HIDDEN_REALIZED_LABEL
49,B2_roster_prior_v2,18,0,0,256,True,False,False,FALSE,FALSE,6,DESIGN_PRIOR_DRAW_NOT_HIDDEN_REALIZED_LABEL
49,B2_roster_prior_v2,19,256,256,256,True,True,True,TRUE,TRUE,7,DESIGN_PRIOR_DRAW_NOT_HIDDEN_REALIZED_LABEL
49,B2_roster_prior_v2,20,243,243,256,True,True,True,TRUE,TRUE,7,DESIGN_PRIOR_DRAW_NOT_HIDDEN_REALIZED_LABEL
49,B2_roster_prior_v2,21,77,77,256,True,False,False,FALSE,FALSE,6,DESIGN_PRIOR_DRAW_NOT_HIDDEN_REALIZED_LABEL
49,B2_roster_prior_v2,22,256,256,256,True,True,True,TRUE,TRUE,3,DESIGN_PRIOR_DRAW_NOT_HIDDEN_REALIZED_LABEL
49,B2_roster_prior_v2,23,256,256,256,True,True,True,TRUE,TRUE,4,DESIGN_PRIOR_DRAW_NOT_HIDDEN_REALIZED_LABEL
49,B2_roster_prior_v2,24,0,0,256,True,False,False,FALSE,FALSE,7,DESIGN_PRIOR_DRAW_NOT_HIDDEN_REALIZED_LABEL
49,B2_roster_prior_v2,25,256,256,256,True,True,True,TRUE,TRUE,4,DESIGN_PRIOR_DRAW_NOT_HIDDEN_REALIZED_LABEL
49,B2_roster_prior_v2,26,0,0,256,True,False,False,FALSE,FALSE,8,DESIGN_PRIOR_DRAW_NOT_HIDDEN_REALIZED_LABEL
49,B2_roster_prior_v2,27,256,256,256,True,True,True,TRUE,TRUE,6,DESIGN_PRIOR_DRAW_NOT_HIDDEN_REALIZED_LABEL
49,B2_roster_prior_v2,28,256,256,256,True,True,True,TRUE,TRUE,1,DESIGN_PRIOR_DRAW_NOT_HIDDEN_REALIZED_LABEL
49,B2_roster_prior_v2,29,256,256,256,True,True,True,TRUE,TRUE,0,DESIGN_PRIOR_DRAW_NOT_HIDDEN_REALIZED_LABEL
49,B2_roster_prior_v2,30,207,207,256,True,True,True,TRUE,MC_UNRESOLVED,6,DESIGN_PRIOR_DRAW_NOT_HIDDEN_REALIZED_LABEL
49,B2_roster_prior_v2,31,17,17,256,True,False,False,FALSE,FALSE,6,DESIGN_PRIOR_DRAW_NOT_HIDDEN_REALIZED_LABEL
50,B2_roster_prior_v2,0,172,172,256,True,False,False,FALSE,FALSE,8,DESIGN_PRIOR_DRAW_NOT_HIDDEN_REALIZED_LABEL
50,B2_roster_prior_v2,1,251,251,256,True,True,True,TRUE,TRUE,6,DESIGN_PRIOR_DRAW_NOT_HIDDEN_REALIZED_LABEL
50,B2_roster_prior_v2,2,3,3,256,True,False,False,FALSE,FALSE,8,DESIGN_PRIOR_DRAW_NOT_HIDDEN_REALIZED_LABEL
50,B2_roster_prior_v2,3,256,256,256,True,True,True,TRUE,TRUE,1,DESIGN_PRIOR_DRAW_NOT_HIDDEN_REALIZED_LABEL
50,B2_roster_prior_v2,4,256,256,256,True,True,True,TRUE,TRUE,4,DESIGN_PRIOR_DRAW_NOT_HIDDEN_REALIZED_LABEL
50,B2_roster_prior_v2,5,256,256,256,True,True,True,TRUE,TRUE,5,DESIGN_PRIOR_DRAW_NOT_HIDDEN_REALIZED_LABEL
50,B2_roster_prior_v2,6,256,256,256,True,True,True,TRUE,TRUE,2,DESIGN_PRIOR_DRAW_NOT_HIDDEN_REALIZED_LABEL
50,B2_roster_prior_v2,7,38,38,256,True,False,False,FALSE,FALSE,6,DESIGN_PRIOR_DRAW_NOT_HIDDEN_REALIZED_LABEL
50,B2_roster_prior_v2,8,256,256,256,True,True,True,TRUE,TRUE,5,DESIGN_PRIOR_DRAW_NOT_HIDDEN_REALIZED_LABEL
50,B2_roster_prior_v2,9,0,0,256,True,False,False,FALSE,FALSE,8,DESIGN_PRIOR_DRAW_NOT_HIDDEN_REALIZED_LABEL
50,B2_roster_prior_v2,10,256,256,256,True,True,True,TRUE,TRUE,4,DESIGN_PRIOR_DRAW_NOT_HIDDEN_REALIZED_LABEL
50,B2_roster_prior_v2,11,256,256,256,True,True,True,TRUE,TRUE,3,DESIGN_PRIOR_DRAW_NOT_HIDDEN_REALIZED_LABEL
50,B2_roster_prior_v2,12,256,256,256,True,True,True,TRUE,TRUE,3,DESIGN_PRIOR_DRAW_NOT_HIDDEN_REALIZED_LABEL
50,B2_roster_prior_v2,13,5,5,256,True,False,False,FALSE,FALSE,6,DESIGN_PRIOR_DRAW_NOT_HIDDEN_REALIZED_LABEL
50,B2_roster_prior_v2,14,256,256,256,True,True,True,TRUE,TRUE,3,DESIGN_PRIOR_DRAW_NOT_HIDDEN_REALIZED_LABEL
50,B2_roster_prior_v2,15,256,256,256,True,True,True,TRUE,TRUE,1,DESIGN_PRIOR_DRAW_NOT_HIDDEN_REALIZED_LABEL
50,B2_roster_prior_v2,16,0,0,256,True,False,False,FALSE,FALSE,8,DESIGN_PRIOR_DRAW_NOT_HIDDEN_REALIZED_LABEL
50,B2_roster_prior_v2,17,159,159,256,True,False,False,FALSE,FALSE,7,DESIGN_PRIOR_DRAW_NOT_HIDDEN_REALIZED_LABEL
50,B2_roster_prior_v2,18,256,256,256,True,True,True,TRUE,TRUE,6,DESIGN_PRIOR_DRAW_NOT_HIDDEN_REALIZED_LABEL
50,B2_roster_prior_v2,19,256,256,256,True,True,True,TRUE,TRUE,1,DESIGN_PRIOR_DRAW_NOT_HIDDEN_REALIZED_LABEL
50,B2_roster_prior_v2,20,249,249,256,True,True,True,TRUE,TRUE,8,DESIGN_PRIOR_DRAW_NOT_HIDDEN_REALIZED_LABEL
50,B2_roster_prior_v2,21,9,9,256,True,False,False,FALSE,FALSE,6,DESIGN_PRIOR_DRAW_NOT_HIDDEN_REALIZED_LABEL
50,B2_roster_prior_v2,22,256,256,256,True,True,True,TRUE,TRUE,1,DESIGN_PRIOR_DRAW_NOT_HIDDEN_REALIZED_LABEL
50,B2_roster_prior_v2,23,256,256,256,True,True,True,TRUE,TRUE,4,DESIGN_PRIOR_DRAW_NOT_HIDDEN_REALIZED_LABEL
50,B2_roster_prior_v2,24,256,256,256,True,True,True,TRUE,TRUE,0,DESIGN_PRIOR_DRAW_NOT_HIDDEN_REALIZED_LABEL
50,B2_roster_prior_v2,25,256,256,256,True,True,True,TRUE,TRUE,8,DESIGN_PRIOR_DRAW_NOT_HIDDEN_REALIZED_LABEL
50,B2_roster_prior_v2,26,256,256,256,True,True,True,TRUE,TRUE,5,DESIGN_PRIOR_DRAW_NOT_HIDDEN_REALIZED_LABEL
50,B2_roster_prior_v2,27,256,256,256,True,True,True,TRUE,TRUE,0,DESIGN_PRIOR_DRAW_NOT_HIDDEN_REALIZED_LABEL
50,B2_roster_prior_v2,28,256,256,256,True,True,True,TRUE,TRUE,1,DESIGN_PRIOR_DRAW_NOT_HIDDEN_REALIZED_LABEL
50,B2_roster_prior_v2,29,256,256,256,True,True,True,TRUE,TRUE,2,DESIGN_PRIOR_DRAW_NOT_HIDDEN_REALIZED_LABEL
50,B2_roster_prior_v2,30,2,2,256,True,False,False,FALSE,FALSE,7,DESIGN_PRIOR_DRAW_NOT_HIDDEN_REALIZED_LABEL
50,B2_roster_prior_v2,31,0,0,256,True,False,False,FALSE,FALSE,7,DESIGN_PRIOR_DRAW_NOT_HIDDEN_REALIZED_LABEL
51,B2_roster_prior_v2,0,256,256,256,True,True,True,TRUE,TRUE,4,DESIGN_PRIOR_DRAW_NOT_HIDDEN_REALIZED_LABEL
51,B2_roster_prior_v2,1,256,256,256,True,True,True,TRUE,TRUE,2,DESIGN_PRIOR_DRAW_NOT_HIDDEN_REALIZED_LABEL
51,B2_roster_prior_v2,2,256,256,256,True,True,True,TRUE,TRUE,6,DESIGN_PRIOR_DRAW_NOT_HIDDEN_REALIZED_LABEL
51,B2_roster_prior_v2,3,256,256,256,True,True,True,TRUE,TRUE,7,DESIGN_PRIOR_DRAW_NOT_HIDDEN_REALIZED_LABEL
51,B2_roster_prior_v2,4,256,256,256,True,True,True,TRUE,TRUE,4,DESIGN_PRIOR_DRAW_NOT_HIDDEN_REALIZED_LABEL
51,B2_roster_prior_v2,5,256,256,256,True,True,True,TRUE,TRUE,4,DESIGN_PRIOR_DRAW_NOT_HIDDEN_REALIZED_LABEL
51,B2_roster_prior_v2,6,256,256,256,True,True,True,TRUE,TRUE,0,DESIGN_PRIOR_DRAW_NOT_HIDDEN_REALIZED_LABEL
51,B2_roster_prior_v2,7,256,256,256,True,True,True,TRUE,TRUE,6,DESIGN_PRIOR_DRAW_NOT_HIDDEN_REALIZED_LABEL
51,B2_roster_prior_v2,8,256,256,256,True,True,True,TRUE,TRUE,8,DESIGN_PRIOR_DRAW_NOT_HIDDEN_REALIZED_LABEL
51,B2_roster_prior_v2,9,256,256,256,True,True,True,TRUE,TRUE,3,DESIGN_PRIOR_DRAW_NOT_HIDDEN_REALIZED_LABEL
51,B2_roster_prior_v2,10,256,256,256,True,True,True,TRUE,TRUE,4,DESIGN_PRIOR_DRAW_NOT_HIDDEN_REALIZED_LABEL
51,B2_roster_prior_v2,11,256,256,256,True,True,True,TRUE,TRUE,8,DESIGN_PRIOR_DRAW_NOT_HIDDEN_REALIZED_LABEL
51,B2_roster_prior_v2,12,256,256,256,True,True,True,TRUE,TRUE,1,DESIGN_PRIOR_DRAW_NOT_HIDDEN_REALIZED_LABEL
51,B2_roster_prior_v2,13,256,256,256,True,True,True,TRUE,TRUE,7,DESIGN_PRIOR_DRAW_NOT_HIDDEN_REALIZED_LABEL
51,B2_roster_prior_v2,14,256,256,256,True,True,True,TRUE,TRUE,2,DESIGN_PRIOR_DRAW_NOT_HIDDEN_REALIZED_LABEL
51,B2_roster_prior_v2,15,256,256,256,True,True,True,TRUE,TRUE,2,DESIGN_PRIOR_DRAW_NOT_HIDDEN_REALIZED_LABEL
51,B2_roster_prior_v2,16,256,256,256,True,True,True,TRUE,TRUE,3,DESIGN_PRIOR_DRAW_NOT_HIDDEN_REALIZED_LABEL
51,B2_roster_prior_v2,17,256,256,256,True,True,True,TRUE,TRUE,2,DESIGN_PRIOR_DRAW_NOT_HIDDEN_REALIZED_LABEL
51,B2_roster_prior_v2,18,256,256,256,True,True,True,TRUE,TRUE,0,DESIGN_PRIOR_DRAW_NOT_HIDDEN_REALIZED_LABEL
51,B2_roster_prior_v2,19,256,256,256,True,True,True,TRUE,TRUE,7,DESIGN_PRIOR_DRAW_NOT_HIDDEN_REALIZED_LABEL
51,B2_roster_prior_v2,20,256,256,256,True,True,True,TRUE,TRUE,0,DESIGN_PRIOR_DRAW_NOT_HIDDEN_REALIZED_LABEL
51,B2_roster_prior_v2,21,256,256,256,True,True,True,TRUE,TRUE,7,DESIGN_PRIOR_DRAW_NOT_HIDDEN_REALIZED_LABEL
51,B2_roster_prior_v2,22,255,255,256,True,True,True,TRUE,TRUE,6,DESIGN_PRIOR_DRAW_NOT_HIDDEN_REALIZED_LABEL
51,B2_roster_prior_v2,23,256,256,256,True,True,True,TRUE,TRUE,5,DESIGN_PRIOR_DRAW_NOT_HIDDEN_REALIZED_LABEL
51,B2_roster_prior_v2,24,256,256,256,True,True,True,TRUE,TRUE,8,DESIGN_PRIOR_DRAW_NOT_HIDDEN_REALIZED_LABEL
51,B2_roster_prior_v2,25,256,256,256,True,True,True,TRUE,TRUE,8,DESIGN_PRIOR_DRAW_NOT_HIDDEN_REALIZED_LABEL
51,B2_roster_prior_v2,26,109,109,256,True,False,False,FALSE,FALSE,8,DESIGN_PRIOR_DRAW_NOT_HIDDEN_REALIZED_LABEL
51,B2_roster_prior_v2,27,256,256,256,True,True,True,TRUE,TRUE,2,DESIGN_PRIOR_DRAW_NOT_HIDDEN_REALIZED_LABEL
51,B2_roster_prior_v2,28,256,256,256,True,True,True,TRUE,TRUE,6,DESIGN_PRIOR_DRAW_NOT_HIDDEN_REALIZED_LABEL
51,B2_roster_prior_v2,29,256,256,256,True,True,True,TRUE,TRUE,6,DESIGN_PRIOR_DRAW_NOT_HIDDEN_REALIZED_LABEL
51,B2_roster_prior_v2,30,256,256,256,True,True,True,TRUE,TRUE,5,DESIGN_PRIOR_DRAW_NOT_HIDDEN_REALIZED_LABEL
51,B2_roster_prior_v2,31,256,256,256,True,True,True,TRUE,TRUE,8,DESIGN_PRIOR_DRAW_NOT_HIDDEN_REALIZED_LABEL
52,B2_roster_prior_v2,0,0,0,256,True,False,False,FALSE,FALSE,8,DESIGN_PRIOR_DRAW_NOT_HIDDEN_REALIZED_LABEL
52,B2_roster_prior_v2,1,256,256,256,True,True,True,TRUE,TRUE,0,DESIGN_PRIOR_DRAW_NOT_HIDDEN_REALIZED_LABEL
52,B2_roster_prior_v2,2,256,256,256,True,True,True,TRUE,TRUE,3,DESIGN_PRIOR_DRAW_NOT_HIDDEN_REALIZED_LABEL
52,B2_roster_prior_v2,3,256,256,256,True,True,True,TRUE,TRUE,0,DESIGN_PRIOR_DRAW_NOT_HIDDEN_REALIZED_LABEL
52,B2_roster_prior_v2,4,256,256,256,True,True,True,TRUE,TRUE,3,DESIGN_PRIOR_DRAW_NOT_HIDDEN_REALIZED_LABEL
52,B2_roster_prior_v2,5,256,256,256,True,True,True,TRUE,TRUE,3,DESIGN_PRIOR_DRAW_NOT_HIDDEN_REALIZED_LABEL
52,B2_roster_prior_v2,6,1,1,256,True,False,False,FALSE,FALSE,8,DESIGN_PRIOR_DRAW_NOT_HIDDEN_REALIZED_LABEL
52,B2_roster_prior_v2,7,0,0,256,True,False,False,FALSE,FALSE,8,DESIGN_PRIOR_DRAW_NOT_HIDDEN_REALIZED_LABEL
52,B2_roster_prior_v2,8,256,256,256,True,True,True,TRUE,TRUE,3,DESIGN_PRIOR_DRAW_NOT_HIDDEN_REALIZED_LABEL
52,B2_roster_prior_v2,9,256,256,256,True,True,True,TRUE,TRUE,0,DESIGN_PRIOR_DRAW_NOT_HIDDEN_REALIZED_LABEL
52,B2_roster_prior_v2,10,256,256,256,True,True,True,TRUE,TRUE,3,DESIGN_PRIOR_DRAW_NOT_HIDDEN_REALIZED_LABEL
52,B2_roster_prior_v2,11,0,0,256,True,False,False,FALSE,FALSE,8,DESIGN_PRIOR_DRAW_NOT_HIDDEN_REALIZED_LABEL
52,B2_roster_prior_v2,12,0,0,256,True,False,False,FALSE,FALSE,7,DESIGN_PRIOR_DRAW_NOT_HIDDEN_REALIZED_LABEL
52,B2_roster_prior_v2,13,0,0,256,True,False,False,FALSE,FALSE,8,DESIGN_PRIOR_DRAW_NOT_HIDDEN_REALIZED_LABEL
52,B2_roster_prior_v2,14,256,256,256,True,True,True,TRUE,TRUE,0,DESIGN_PRIOR_DRAW_NOT_HIDDEN_REALIZED_LABEL
52,B2_roster_prior_v2,15,57,57,256,True,False,False,FALSE,FALSE,6,DESIGN_PRIOR_DRAW_NOT_HIDDEN_REALIZED_LABEL
52,B2_roster_prior_v2,16,256,256,256,True,True,True,TRUE,TRUE,5,DESIGN_PRIOR_DRAW_NOT_HIDDEN_REALIZED_LABEL
52,B2_roster_prior_v2,17,24,24,256,True,False,False,FALSE,FALSE,8,DESIGN_PRIOR_DRAW_NOT_HIDDEN_REALIZED_LABEL
52,B2_roster_prior_v2,18,256,256,256,True,True,True,TRUE,TRUE,4,DESIGN_PRIOR_DRAW_NOT_HIDDEN_REALIZED_LABEL
52,B2_roster_prior_v2,19,0,0,256,True,False,False,FALSE,FALSE,6,DESIGN_PRIOR_DRAW_NOT_HIDDEN_REALIZED_LABEL
52,B2_roster_prior_v2,20,0,0,256,True,False,False,FALSE,FALSE,6,DESIGN_PRIOR_DRAW_NOT_HIDDEN_REALIZED_LABEL
52,B2_roster_prior_v2,21,0,0,256,True,False,False,FALSE,FALSE,6,DESIGN_PRIOR_DRAW_NOT_HIDDEN_REALIZED_LABEL
52,B2_roster_prior_v2,22,69,69,256,True,False,False,FALSE,FALSE,6,DESIGN_PRIOR_DRAW_NOT_HIDDEN_REALIZED_LABEL
52,B2_roster_prior_v2,23,0,0,256,True,False,False,FALSE,FALSE,7,DESIGN_PRIOR_DRAW_NOT_HIDDEN_REALIZED_LABEL
52,B2_roster_prior_v2,24,256,256,256,True,True,True,TRUE,TRUE,5,DESIGN_PRIOR_DRAW_NOT_HIDDEN_REALIZED_LABEL
52,B2_roster_prior_v2,25,0,0,256,True,False,False,FALSE,FALSE,8,DESIGN_PRIOR_DRAW_NOT_HIDDEN_REALIZED_LABEL
52,B2_roster_prior_v2,26,0,0,256,True,False,False,FALSE,FALSE,6,DESIGN_PRIOR_DRAW_NOT_HIDDEN_REALIZED_LABEL
52,B2_roster_prior_v2,27,0,0,256,True,False,False,FALSE,FALSE,7,DESIGN_PRIOR_DRAW_NOT_HIDDEN_REALIZED_LABEL
52,B2_roster_prior_v2,28,256,256,256,True,True,True,TRUE,TRUE,3,DESIGN_PRIOR_DRAW_NOT_HIDDEN_REALIZED_LABEL
52,B2_roster_prior_v2,29,256,256,256,True,True,True,TRUE,TRUE,1,DESIGN_PRIOR_DRAW_NOT_HIDDEN_REALIZED_LABEL
52,B2_roster_prior_v2,30,256,256,256,True,True,True,TRUE,TRUE,1,DESIGN_PRIOR_DRAW_NOT_HIDDEN_REALIZED_LABEL
52,B2_roster_prior_v2,31,0,0,256,True,False,False,FALSE,FALSE,6,DESIGN_PRIOR_DRAW_NOT_HIDDEN_REALIZED_LABEL
53,B2_roster_prior_v2,0,256,256,256,True,True,True,TRUE,TRUE,7,DESIGN_PRIOR_DRAW_NOT_HIDDEN_REALIZED_LABEL
53,B2_roster_prior_v2,1,256,256,256,True,True,True,TRUE,TRUE,5,DESIGN_PRIOR_DRAW_NOT_HIDDEN_REALIZED_LABEL
53,B2_roster_prior_v2,2,256,256,256,True,True,True,TRUE,TRUE,4,DESIGN_PRIOR_DRAW_NOT_HIDDEN_REALIZED_LABEL
53,B2_roster_prior_v2,3,256,256,256,True,True,True,TRUE,TRUE,0,DESIGN_PRIOR_DRAW_NOT_HIDDEN_REALIZED_LABEL
53,B2_roster_prior_v2,4,256,256,256,True,True,True,TRUE,TRUE,3,DESIGN_PRIOR_DRAW_NOT_HIDDEN_REALIZED_LABEL
53,B2_roster_prior_v2,5,256,256,256,True,True,True,TRUE,TRUE,2,DESIGN_PRIOR_DRAW_NOT_HIDDEN_REALIZED_LABEL
53,B2_roster_prior_v2,6,256,256,256,True,True,True,TRUE,TRUE,3,DESIGN_PRIOR_DRAW_NOT_HIDDEN_REALIZED_LABEL
53,B2_roster_prior_v2,7,256,256,256,True,True,True,TRUE,TRUE,1,DESIGN_PRIOR_DRAW_NOT_HIDDEN_REALIZED_LABEL
53,B2_roster_prior_v2,8,236,236,256,True,True,True,TRUE,TRUE,6,DESIGN_PRIOR_DRAW_NOT_HIDDEN_REALIZED_LABEL
53,B2_roster_prior_v2,9,256,256,256,True,True,True,TRUE,TRUE,3,DESIGN_PRIOR_DRAW_NOT_HIDDEN_REALIZED_LABEL
53,B2_roster_prior_v2,10,256,256,256,True,True,True,TRUE,TRUE,8,DESIGN_PRIOR_DRAW_NOT_HIDDEN_REALIZED_LABEL
53,B2_roster_prior_v2,11,256,256,256,True,True,True,TRUE,TRUE,7,DESIGN_PRIOR_DRAW_NOT_HIDDEN_REALIZED_LABEL
53,B2_roster_prior_v2,12,235,235,256,True,True,True,TRUE,TRUE,6,DESIGN_PRIOR_DRAW_NOT_HIDDEN_REALIZED_LABEL
53,B2_roster_prior_v2,13,256,256,256,True,True,True,TRUE,TRUE,3,DESIGN_PRIOR_DRAW_NOT_HIDDEN_REALIZED_LABEL
53,B2_roster_prior_v2,14,165,165,256,True,False,False,FALSE,FALSE,6,DESIGN_PRIOR_DRAW_NOT_HIDDEN_REALIZED_LABEL
53,B2_roster_prior_v2,15,256,256,256,True,True,True,TRUE,TRUE,8,DESIGN_PRIOR_DRAW_NOT_HIDDEN_REALIZED_LABEL
53,B2_roster_prior_v2,16,191,191,256,True,False,False,MC_UNRESOLVED,MC_UNRESOLVED,6,DESIGN_PRIOR_DRAW_NOT_HIDDEN_REALIZED_LABEL
53,B2_roster_prior_v2,17,256,256,256,True,True,True,TRUE,TRUE,7,DESIGN_PRIOR_DRAW_NOT_HIDDEN_REALIZED_LABEL
53,B2_roster_prior_v2,18,43,43,256,True,False,False,FALSE,FALSE,6,DESIGN_PRIOR_DRAW_NOT_HIDDEN_REALIZED_LABEL
53,B2_roster_prior_v2,19,256,256,256,True,True,True,TRUE,TRUE,2,DESIGN_PRIOR_DRAW_NOT_HIDDEN_REALIZED_LABEL
53,B2_roster_prior_v2,20,256,256,256,True,True,True,TRUE,TRUE,4,DESIGN_PRIOR_DRAW_NOT_HIDDEN_REALIZED_LABEL
53,B2_roster_prior_v2,21,126,126,256,True,False,False,FALSE,FALSE,7,DESIGN_PRIOR_DRAW_NOT_HIDDEN_REALIZED_LABEL
53,B2_roster_prior_v2,22,77,77,256,True,False,False,FALSE,FALSE,7,DESIGN_PRIOR_DRAW_NOT_HIDDEN_REALIZED_LABEL
53,B2_roster_prior_v2,23,256,256,256,True,True,True,TRUE,TRUE,0,DESIGN_PRIOR_DRAW_NOT_HIDDEN_REALIZED_LABEL
53,B2_roster_prior_v2,24,73,73,256,True,False,False,FALSE,FALSE,8,DESIGN_PRIOR_DRAW_NOT_HIDDEN_REALIZED_LABEL
53,B2_roster_prior_v2,25,256,256,256,True,True,True,TRUE,TRUE,5,DESIGN_PRIOR_DRAW_NOT_HIDDEN_REALIZED_LABEL
53,B2_roster_prior_v2,26,256,256,256,True,True,True,TRUE,TRUE,0,DESIGN_PRIOR_DRAW_NOT_HIDDEN_REALIZED_LABEL
53,B2_roster_prior_v2,27,256,256,256,True,True,True,TRUE,TRUE,0,DESIGN_PRIOR_DRAW_NOT_HIDDEN_REALIZED_LABEL
53,B2_roster_prior_v2,28,0,0,256,True,False,False,FALSE,FALSE,6,DESIGN_PRIOR_DRAW_NOT_HIDDEN_REALIZED_LABEL
53,B2_roster_prior_v2,29,256,256,256,True,True,True,TRUE,TRUE,1,DESIGN_PRIOR_DRAW_NOT_HIDDEN_REALIZED_LABEL
53,B2_roster_prior_v2,30,256,256,256,True,True,True,TRUE,TRUE,4,DESIGN_PRIOR_DRAW_NOT_HIDDEN_REALIZED_LABEL
53,B2_roster_prior_v2,31,12,12,256,True,False,False,FALSE,FALSE,6,DESIGN_PRIOR_DRAW_NOT_HIDDEN_REALIZED_LABEL
54,B2_roster_prior_v2,0,193,49,256,True,True,False,MC_UNRESOLVED,FALSE,7,DESIGN_PRIOR_DRAW_NOT_HIDDEN_REALIZED_LABEL
54,B2_roster_prior_v2,1,129,127,256,True,False,False,FALSE,FALSE,8,DESIGN_PRIOR_DRAW_NOT_HIDDEN_REALIZED_LABEL
54,B2_roster_prior_v2,2,256,242,256,True,True,True,TRUE,TRUE,7,DESIGN_PRIOR_DRAW_NOT_HIDDEN_REALIZED_LABEL
54,B2_roster_prior_v2,3,125,3,256,True,False,False,FALSE,FALSE,8,DESIGN_PRIOR_DRAW_NOT_HIDDEN_REALIZED_LABEL
54,B2_roster_prior_v2,4,256,255,256,True,True,True,TRUE,TRUE,3,DESIGN_PRIOR_DRAW_NOT_HIDDEN_REALIZED_LABEL
54,B2_roster_prior_v2,5,250,232,256,True,True,True,TRUE,TRUE,2,DESIGN_PRIOR_DRAW_NOT_HIDDEN_REALIZED_LABEL
54,B2_roster_prior_v2,6,105,0,256,True,False,False,FALSE,FALSE,8,DESIGN_PRIOR_DRAW_NOT_HIDDEN_REALIZED_LABEL
54,B2_roster_prior_v2,7,256,253,256,True,True,True,TRUE,TRUE,2,DESIGN_PRIOR_DRAW_NOT_HIDDEN_REALIZED_LABEL
54,B2_roster_prior_v2,8,253,251,256,True,True,True,TRUE,TRUE,1,DESIGN_PRIOR_DRAW_NOT_HIDDEN_REALIZED_LABEL
54,B2_roster_prior_v2,9,253,132,256,True,True,False,TRUE,FALSE,7,DESIGN_PRIOR_DRAW_NOT_HIDDEN_REALIZED_LABEL
54,B2_roster_prior_v2,10,160,80,256,True,False,False,FALSE,FALSE,8,DESIGN_PRIOR_DRAW_NOT_HIDDEN_REALIZED_LABEL
54,B2_roster_prior_v2,11,256,253,256,True,True,True,TRUE,TRUE,3,DESIGN_PRIOR_DRAW_NOT_HIDDEN_REALIZED_LABEL
54,B2_roster_prior_v2,12,256,256,256,True,True,True,TRUE,TRUE,3,DESIGN_PRIOR_DRAW_NOT_HIDDEN_REALIZED_LABEL
54,B2_roster_prior_v2,13,256,256,256,True,True,True,TRUE,TRUE,6,DESIGN_PRIOR_DRAW_NOT_HIDDEN_REALIZED_LABEL
54,B2_roster_prior_v2,14,256,256,256,True,True,True,TRUE,TRUE,2,DESIGN_PRIOR_DRAW_NOT_HIDDEN_REALIZED_LABEL
54,B2_roster_prior_v2,15,256,256,256,True,True,True,TRUE,TRUE,5,DESIGN_PRIOR_DRAW_NOT_HIDDEN_REALIZED_LABEL
54,B2_roster_prior_v2,16,201,201,256,True,True,True,MC_UNRESOLVED,MC_UNRESOLVED,5,DESIGN_PRIOR_DRAW_NOT_HIDDEN_REALIZED_LABEL
54,B2_roster_prior_v2,17,256,255,256,True,True,True,TRUE,TRUE,1,DESIGN_PRIOR_DRAW_NOT_HIDDEN_REALIZED_LABEL
54,B2_roster_prior_v2,18,177,81,256,True,False,False,FALSE,FALSE,8,DESIGN_PRIOR_DRAW_NOT_HIDDEN_REALIZED_LABEL
54,B2_roster_prior_v2,19,148,2,256,True,False,False,FALSE,FALSE,8,DESIGN_PRIOR_DRAW_NOT_HIDDEN_REALIZED_LABEL
54,B2_roster_prior_v2,20,187,187,256,True,False,False,MC_UNRESOLVED,MC_UNRESOLVED,6,DESIGN_PRIOR_DRAW_NOT_HIDDEN_REALIZED_LABEL
54,B2_roster_prior_v2,21,256,256,256,True,True,True,TRUE,TRUE,0,DESIGN_PRIOR_DRAW_NOT_HIDDEN_REALIZED_LABEL
54,B2_roster_prior_v2,22,256,256,256,True,True,True,TRUE,TRUE,5,DESIGN_PRIOR_DRAW_NOT_HIDDEN_REALIZED_LABEL
54,B2_roster_prior_v2,23,256,256,256,True,True,True,TRUE,TRUE,0,DESIGN_PRIOR_DRAW_NOT_HIDDEN_REALIZED_LABEL
54,B2_roster_prior_v2,24,238,235,256,True,True,True,TRUE,TRUE,7,DESIGN_PRIOR_DRAW_NOT_HIDDEN_REALIZED_LABEL
54,B2_roster_prior_v2,25,256,256,256,True,True,True,TRUE,TRUE,2,DESIGN_PRIOR_DRAW_NOT_HIDDEN_REALIZED_LABEL
54,B2_roster_prior_v2,26,250,250,256,True,True,True,TRUE,TRUE,6,DESIGN_PRIOR_DRAW_NOT_HIDDEN_REALIZED_LABEL
54,B2_roster_prior_v2,27,256,256,256,True,True,True,TRUE,TRUE,1,DESIGN_PRIOR_DRAW_NOT_HIDDEN_REALIZED_LABEL
54,B2_roster_prior_v2,28,256,256,256,True,True,True,TRUE,TRUE,0,DESIGN_PRIOR_DRAW_NOT_HIDDEN_REALIZED_LABEL
54,B2_roster_prior_v2,29,233,136,256,True,True,False,TRUE,FALSE,8,DESIGN_PRIOR_DRAW_NOT_HIDDEN_REALIZED_LABEL
54,B2_roster_prior_v2,30,256,256,256,True,True,True,TRUE,TRUE,3,DESIGN_PRIOR_DRAW_NOT_HIDDEN_REALIZED_LABEL
54,B2_roster_prior_v2,31,0,0,256,True,False,False,FALSE,FALSE,7,DESIGN_PRIOR_DRAW_NOT_HIDDEN_REALIZED_LABEL
55,B2_roster_prior_v2,0,256,256,256,True,True,True,TRUE,TRUE,1,DESIGN_PRIOR_DRAW_NOT_HIDDEN_REALIZED_LABEL
55,B2_roster_prior_v2,1,256,255,256,True,True,True,TRUE,TRUE,7,DESIGN_PRIOR_DRAW_NOT_HIDDEN_REALIZED_LABEL
55,B2_roster_prior_v2,2,256,256,256,True,True,True,TRUE,TRUE,1,DESIGN_PRIOR_DRAW_NOT_HIDDEN_REALIZED_LABEL
55,B2_roster_prior_v2,3,231,12,256,True,True,False,TRUE,FALSE,8,DESIGN_PRIOR_DRAW_NOT_HIDDEN_REALIZED_LABEL
55,B2_roster_prior_v2,4,256,256,256,True,True,True,TRUE,TRUE,1,DESIGN_PRIOR_DRAW_NOT_HIDDEN_REALIZED_LABEL
55,B2_roster_prior_v2,5,247,247,256,True,True,True,TRUE,TRUE,6,DESIGN_PRIOR_DRAW_NOT_HIDDEN_REALIZED_LABEL
55,B2_roster_prior_v2,6,256,256,256,True,True,True,TRUE,TRUE,3,DESIGN_PRIOR_DRAW_NOT_HIDDEN_REALIZED_LABEL
55,B2_roster_prior_v2,7,256,256,256,True,True,True,TRUE,TRUE,5,DESIGN_PRIOR_DRAW_NOT_HIDDEN_REALIZED_LABEL
55,B2_roster_prior_v2,8,251,98,256,True,True,False,TRUE,FALSE,8,DESIGN_PRIOR_DRAW_NOT_HIDDEN_REALIZED_LABEL
55,B2_roster_prior_v2,9,253,51,256,True,True,False,TRUE,FALSE,8,DESIGN_PRIOR_DRAW_NOT_HIDDEN_REALIZED_LABEL
55,B2_roster_prior_v2,10,256,256,256,True,True,True,TRUE,TRUE,0,DESIGN_PRIOR_DRAW_NOT_HIDDEN_REALIZED_LABEL
55,B2_roster_prior_v2,11,255,153,256,True,True,False,TRUE,FALSE,8,DESIGN_PRIOR_DRAW_NOT_HIDDEN_REALIZED_LABEL
55,B2_roster_prior_v2,12,256,256,256,True,True,True,TRUE,TRUE,4,DESIGN_PRIOR_DRAW_NOT_HIDDEN_REALIZED_LABEL
55,B2_roster_prior_v2,13,255,254,256,True,True,True,TRUE,TRUE,7,DESIGN_PRIOR_DRAW_NOT_HIDDEN_REALIZED_LABEL
55,B2_roster_prior_v2,14,256,256,256,True,True,True,TRUE,TRUE,1,DESIGN_PRIOR_DRAW_NOT_HIDDEN_REALIZED_LABEL
55,B2_roster_prior_v2,15,256,256,256,True,True,True,TRUE,TRUE,5,DESIGN_PRIOR_DRAW_NOT_HIDDEN_REALIZED_LABEL
55,B2_roster_prior_v2,16,234,234,256,True,True,True,TRUE,TRUE,7,DESIGN_PRIOR_DRAW_NOT_HIDDEN_REALIZED_LABEL
55,B2_roster_prior_v2,17,226,88,256,True,True,False,TRUE,FALSE,7,DESIGN_PRIOR_DRAW_NOT_HIDDEN_REALIZED_LABEL
55,B2_roster_prior_v2,18,256,256,256,True,True,True,TRUE,TRUE,1,DESIGN_PRIOR_DRAW_NOT_HIDDEN_REALIZED_LABEL
55,B2_roster_prior_v2,19,235,225,256,True,True,True,TRUE,TRUE,6,DESIGN_PRIOR_DRAW_NOT_HIDDEN_REALIZED_LABEL
55,B2_roster_prior_v2,20,251,161,256,True,True,False,TRUE,FALSE,7,DESIGN_PRIOR_DRAW_NOT_HIDDEN_REALIZED_LABEL
55,B2_roster_prior_v2,21,256,205,256,True,True,True,TRUE,MC_UNRESOLVED,6,DESIGN_PRIOR_DRAW_NOT_HIDDEN_REALIZED_LABEL
55,B2_roster_prior_v2,22,256,250,256,True,True,True,TRUE,TRUE,7,DESIGN_PRIOR_DRAW_NOT_HIDDEN_REALIZED_LABEL
55,B2_roster_prior_v2,23,256,256,256,True,True,True,TRUE,TRUE,3,DESIGN_PRIOR_DRAW_NOT_HIDDEN_REALIZED_LABEL
55,B2_roster_prior_v2,24,256,256,256,True,True,True,TRUE,TRUE,3,DESIGN_PRIOR_DRAW_NOT_HIDDEN_REALIZED_LABEL
55,B2_roster_prior_v2,25,256,256,256,True,True,True,TRUE,TRUE,5,DESIGN_PRIOR_DRAW_NOT_HIDDEN_REALIZED_LABEL
55,B2_roster_prior_v2,26,255,149,256,True,True,False,TRUE,FALSE,7,DESIGN_PRIOR_DRAW_NOT_HIDDEN_REALIZED_LABEL
55,B2_roster_prior_v2,27,246,241,256,True,True,True,TRUE,TRUE,6,DESIGN_PRIOR_DRAW_NOT_HIDDEN_REALIZED_LABEL
55,B2_roster_prior_v2,28,256,256,256,True,True,True,TRUE,TRUE,4,DESIGN_PRIOR_DRAW_NOT_HIDDEN_REALIZED_LABEL
55,B2_roster_prior_v2,29,252,214,256,True,True,True,TRUE,TRUE,7,DESIGN_PRIOR_DRAW_NOT_HIDDEN_REALIZED_LABEL
55,B2_roster_prior_v2,30,256,256,256,True,True,True,TRUE,TRUE,4,DESIGN_PRIOR_DRAW_NOT_HIDDEN_REALIZED_LABEL
55,B2_roster_prior_v2,31,256,256,256,True,True,True,TRUE,TRUE,5,DESIGN_PRIOR_DRAW_NOT_HIDDEN_REALIZED_LABEL
56,B2_roster_prior_v2,0,256,256,256,True,True,True,TRUE,TRUE,1,DESIGN_PRIOR_DRAW_NOT_HIDDEN_REALIZED_LABEL
56,B2_roster_prior_v2,1,256,256,256,True,True,True,TRUE,TRUE,1,DESIGN_PRIOR_DRAW_NOT_HIDDEN_REALIZED_LABEL
56,B2_roster_prior_v2,2,244,182,256,True,True,False,TRUE,MC_UNRESOLVED,7,DESIGN_PRIOR_DRAW_NOT_HIDDEN_REALIZED_LABEL
56,B2_roster_prior_v2,3,256,254,256,True,True,True,TRUE,TRUE,1,DESIGN_PRIOR_DRAW_NOT_HIDDEN_REALIZED_LABEL
56,B2_roster_prior_v2,4,3,0,256,True,False,False,FALSE,FALSE,8,DESIGN_PRIOR_DRAW_NOT_HIDDEN_REALIZED_LABEL
56,B2_roster_prior_v2,5,256,256,256,True,True,True,TRUE,TRUE,2,DESIGN_PRIOR_DRAW_NOT_HIDDEN_REALIZED_LABEL
56,B2_roster_prior_v2,6,256,256,256,True,True,True,TRUE,TRUE,1,DESIGN_PRIOR_DRAW_NOT_HIDDEN_REALIZED_LABEL
56,B2_roster_prior_v2,7,192,10,256,True,True,False,MC_UNRESOLVED,FALSE,8,DESIGN_PRIOR_DRAW_NOT_HIDDEN_REALIZED_LABEL
56,B2_roster_prior_v2,8,211,183,256,True,True,False,TRUE,MC_UNRESOLVED,7,DESIGN_PRIOR_DRAW_NOT_HIDDEN_REALIZED_LABEL
56,B2_roster_prior_v2,9,250,125,256,True,True,False,TRUE,FALSE,8,DESIGN_PRIOR_DRAW_NOT_HIDDEN_REALIZED_LABEL
56,B2_roster_prior_v2,10,173,121,256,True,False,False,FALSE,FALSE,8,DESIGN_PRIOR_DRAW_NOT_HIDDEN_REALIZED_LABEL
56,B2_roster_prior_v2,11,256,198,256,True,True,True,TRUE,MC_UNRESOLVED,7,DESIGN_PRIOR_DRAW_NOT_HIDDEN_REALIZED_LABEL
56,B2_roster_prior_v2,12,102,45,256,True,False,False,FALSE,FALSE,8,DESIGN_PRIOR_DRAW_NOT_HIDDEN_REALIZED_LABEL
56,B2_roster_prior_v2,13,256,256,256,True,True,True,TRUE,TRUE,5,DESIGN_PRIOR_DRAW_NOT_HIDDEN_REALIZED_LABEL
56,B2_roster_prior_v2,14,213,213,256,True,True,True,TRUE,TRUE,6,DESIGN_PRIOR_DRAW_NOT_HIDDEN_REALIZED_LABEL
56,B2_roster_prior_v2,15,256,256,256,True,True,True,TRUE,TRUE,3,DESIGN_PRIOR_DRAW_NOT_HIDDEN_REALIZED_LABEL
56,B2_roster_prior_v2,16,219,145,256,True,True,False,TRUE,FALSE,7,DESIGN_PRIOR_DRAW_NOT_HIDDEN_REALIZED_LABEL
56,B2_roster_prior_v2,17,253,132,256,True,True,False,TRUE,FALSE,8,DESIGN_PRIOR_DRAW_NOT_HIDDEN_REALIZED_LABEL
56,B2_roster_prior_v2,18,256,256,256,True,True,True,TRUE,TRUE,4,DESIGN_PRIOR_DRAW_NOT_HIDDEN_REALIZED_LABEL
56,B2_roster_prior_v2,19,256,256,256,True,True,True,TRUE,TRUE,2,DESIGN_PRIOR_DRAW_NOT_HIDDEN_REALIZED_LABEL
56,B2_roster_prior_v2,20,256,251,256,True,True,True,TRUE,TRUE,4,DESIGN_PRIOR_DRAW_NOT_HIDDEN_REALIZED_LABEL
56,B2_roster_prior_v2,21,256,256,256,True,True,True,TRUE,TRUE,5,DESIGN_PRIOR_DRAW_NOT_HIDDEN_REALIZED_LABEL
56,B2_roster_prior_v2,22,256,256,256,True,True,True,TRUE,TRUE,0,DESIGN_PRIOR_DRAW_NOT_HIDDEN_REALIZED_LABEL
56,B2_roster_prior_v2,23,256,256,256,True,True,True,TRUE,TRUE,3,DESIGN_PRIOR_DRAW_NOT_HIDDEN_REALIZED_LABEL
56,B2_roster_prior_v2,24,256,256,256,True,True,True,TRUE,TRUE,0,DESIGN_PRIOR_DRAW_NOT_HIDDEN_REALIZED_LABEL
56,B2_roster_prior_v2,25,256,255,256,True,True,True,TRUE,TRUE,7,DESIGN_PRIOR_DRAW_NOT_HIDDEN_REALIZED_LABEL
56,B2_roster_prior_v2,26,242,155,256,True,True,False,TRUE,FALSE,8,DESIGN_PRIOR_DRAW_NOT_HIDDEN_REALIZED_LABEL
56,B2_roster_prior_v2,27,244,237,256,True,True,True,TRUE,TRUE,8,DESIGN_PRIOR_DRAW_NOT_HIDDEN_REALIZED_LABEL
56,B2_roster_prior_v2,28,256,256,256,True,True,True,TRUE,TRUE,3,DESIGN_PRIOR_DRAW_NOT_HIDDEN_REALIZED_LABEL
56,B2_roster_prior_v2,29,245,245,256,True,True,True,TRUE,TRUE,6,DESIGN_PRIOR_DRAW_NOT_HIDDEN_REALIZED_LABEL
56,B2_roster_prior_v2,30,256,256,256,True,True,True,TRUE,TRUE,4,DESIGN_PRIOR_DRAW_NOT_HIDDEN_REALIZED_LABEL
56,B2_roster_prior_v2,31,158,2,256,True,False,False,FALSE,FALSE,8,DESIGN_PRIOR_DRAW_NOT_HIDDEN_REALIZED_LABEL
57,B2_roster_prior_v2,0,228,151,256,True,True,False,TRUE,FALSE,8,DESIGN_PRIOR_DRAW_NOT_HIDDEN_REALIZED_LABEL
57,B2_roster_prior_v2,1,256,255,256,True,True,True,TRUE,TRUE,4,DESIGN_PRIOR_DRAW_NOT_HIDDEN_REALIZED_LABEL
57,B2_roster_prior_v2,2,256,256,256,True,True,True,TRUE,TRUE,0,DESIGN_PRIOR_DRAW_NOT_HIDDEN_REALIZED_LABEL
57,B2_roster_prior_v2,3,63,43,256,True,False,False,FALSE,FALSE,8,DESIGN_PRIOR_DRAW_NOT_HIDDEN_REALIZED_LABEL
57,B2_roster_prior_v2,4,66,13,256,True,False,False,FALSE,FALSE,6,DESIGN_PRIOR_DRAW_NOT_HIDDEN_REALIZED_LABEL
57,B2_roster_prior_v2,5,256,256,256,True,True,True,TRUE,TRUE,3,DESIGN_PRIOR_DRAW_NOT_HIDDEN_REALIZED_LABEL
57,B2_roster_prior_v2,6,253,107,256,True,True,False,TRUE,FALSE,8,DESIGN_PRIOR_DRAW_NOT_HIDDEN_REALIZED_LABEL
57,B2_roster_prior_v2,7,216,3,256,True,True,False,TRUE,FALSE,8,DESIGN_PRIOR_DRAW_NOT_HIDDEN_REALIZED_LABEL
57,B2_roster_prior_v2,8,254,241,256,True,True,True,TRUE,TRUE,8,DESIGN_PRIOR_DRAW_NOT_HIDDEN_REALIZED_LABEL
57,B2_roster_prior_v2,9,256,256,256,True,True,True,TRUE,TRUE,4,DESIGN_PRIOR_DRAW_NOT_HIDDEN_REALIZED_LABEL
57,B2_roster_prior_v2,10,256,256,256,True,True,True,TRUE,TRUE,6,DESIGN_PRIOR_DRAW_NOT_HIDDEN_REALIZED_LABEL
57,B2_roster_prior_v2,11,255,253,256,True,True,True,TRUE,TRUE,6,DESIGN_PRIOR_DRAW_NOT_HIDDEN_REALIZED_LABEL
57,B2_roster_prior_v2,12,255,255,256,True,True,True,TRUE,TRUE,4,DESIGN_PRIOR_DRAW_NOT_HIDDEN_REALIZED_LABEL
57,B2_roster_prior_v2,13,252,142,256,True,True,False,TRUE,FALSE,7,DESIGN_PRIOR_DRAW_NOT_HIDDEN_REALIZED_LABEL
57,B2_roster_prior_v2,14,254,254,256,True,True,True,TRUE,TRUE,6,DESIGN_PRIOR_DRAW_NOT_HIDDEN_REALIZED_LABEL
57,B2_roster_prior_v2,15,255,229,256,True,True,True,TRUE,TRUE,8,DESIGN_PRIOR_DRAW_NOT_HIDDEN_REALIZED_LABEL
57,B2_roster_prior_v2,16,256,256,256,True,True,True,TRUE,TRUE,1,DESIGN_PRIOR_DRAW_NOT_HIDDEN_REALIZED_LABEL
57,B2_roster_prior_v2,17,256,174,256,True,True,False,TRUE,FALSE,8,DESIGN_PRIOR_DRAW_NOT_HIDDEN_REALIZED_LABEL
57,B2_roster_prior_v2,18,256,256,256,True,True,True,TRUE,TRUE,6,DESIGN_PRIOR_DRAW_NOT_HIDDEN_REALIZED_LABEL
57,B2_roster_prior_v2,19,256,256,256,True,True,True,TRUE,TRUE,1,DESIGN_PRIOR_DRAW_NOT_HIDDEN_REALIZED_LABEL
57,B2_roster_prior_v2,20,256,256,256,True,True,True,TRUE,TRUE,3,DESIGN_PRIOR_DRAW_NOT_HIDDEN_REALIZED_LABEL
57,B2_roster_prior_v2,21,235,226,256,True,True,True,TRUE,TRUE,8,DESIGN_PRIOR_DRAW_NOT_HIDDEN_REALIZED_LABEL
57,B2_roster_prior_v2,22,256,256,256,True,True,True,TRUE,TRUE,4,DESIGN_PRIOR_DRAW_NOT_HIDDEN_REALIZED_LABEL
57,B2_roster_prior_v2,23,4,4,256,True,False,False,FALSE,FALSE,7,DESIGN_PRIOR_DRAW_NOT_HIDDEN_REALIZED_LABEL
57,B2_roster_prior_v2,24,253,249,256,True,True,True,TRUE,TRUE,6,DESIGN_PRIOR_DRAW_NOT_HIDDEN_REALIZED_LABEL
57,B2_roster_prior_v2,25,256,256,256,True,True,True,TRUE,TRUE,2,DESIGN_PRIOR_DRAW_NOT_HIDDEN_REALIZED_LABEL
57,B2_roster_prior_v2,26,172,1,256,True,False,False,FALSE,FALSE,8,DESIGN_PRIOR_DRAW_NOT_HIDDEN_REALIZED_LABEL
57,B2_roster_prior_v2,27,256,256,256,True,True,True,TRUE,TRUE,2,DESIGN_PRIOR_DRAW_NOT_HIDDEN_REALIZED_LABEL
57,B2_roster_prior_v2,28,256,254,256,True,True,True,TRUE,TRUE,2,DESIGN_PRIOR_DRAW_NOT_HIDDEN_REALIZED_LABEL
57,B2_roster_prior_v2,29,256,256,256,True,True,True,TRUE,TRUE,3,DESIGN_PRIOR_DRAW_NOT_HIDDEN_REALIZED_LABEL
57,B2_roster_prior_v2,30,251,129,256,True,True,False,TRUE,FALSE,8,DESIGN_PRIOR_DRAW_NOT_HIDDEN_REALIZED_LABEL
57,B2_roster_prior_v2,31,256,256,256,True,True,True,TRUE,TRUE,2,DESIGN_PRIOR_DRAW_NOT_HIDDEN_REALIZED_LABEL
58,B2_roster_prior_v2,0,256,256,256,True,True,True,TRUE,TRUE,4,DESIGN_PRIOR_DRAW_NOT_HIDDEN_REALIZED_LABEL
58,B2_roster_prior_v2,1,256,256,256,True,True,True,TRUE,TRUE,1,DESIGN_PRIOR_DRAW_NOT_HIDDEN_REALIZED_LABEL
58,B2_roster_prior_v2,2,237,237,256,True,True,True,TRUE,TRUE,7,DESIGN_PRIOR_DRAW_NOT_HIDDEN_REALIZED_LABEL
58,B2_roster_prior_v2,3,256,256,256,True,True,True,TRUE,TRUE,7,DESIGN_PRIOR_DRAW_NOT_HIDDEN_REALIZED_LABEL
58,B2_roster_prior_v2,4,252,136,256,True,True,False,TRUE,FALSE,8,DESIGN_PRIOR_DRAW_NOT_HIDDEN_REALIZED_LABEL
58,B2_roster_prior_v2,5,256,256,256,True,True,True,TRUE,TRUE,3,DESIGN_PRIOR_DRAW_NOT_HIDDEN_REALIZED_LABEL
58,B2_roster_prior_v2,6,256,256,256,True,True,True,TRUE,TRUE,3,DESIGN_PRIOR_DRAW_NOT_HIDDEN_REALIZED_LABEL
58,B2_roster_prior_v2,7,256,256,256,True,True,True,TRUE,TRUE,3,DESIGN_PRIOR_DRAW_NOT_HIDDEN_REALIZED_LABEL
58,B2_roster_prior_v2,8,256,256,256,True,True,True,TRUE,TRUE,4,DESIGN_PRIOR_DRAW_NOT_HIDDEN_REALIZED_LABEL
58,B2_roster_prior_v2,9,256,256,256,True,True,True,TRUE,TRUE,0,DESIGN_PRIOR_DRAW_NOT_HIDDEN_REALIZED_LABEL
58,B2_roster_prior_v2,10,242,242,256,True,True,True,TRUE,TRUE,7,DESIGN_PRIOR_DRAW_NOT_HIDDEN_REALIZED_LABEL
58,B2_roster_prior_v2,11,256,256,256,True,True,True,TRUE,TRUE,3,DESIGN_PRIOR_DRAW_NOT_HIDDEN_REALIZED_LABEL
58,B2_roster_prior_v2,12,256,256,256,True,True,True,TRUE,TRUE,0,DESIGN_PRIOR_DRAW_NOT_HIDDEN_REALIZED_LABEL
58,B2_roster_prior_v2,13,256,247,256,True,True,True,TRUE,TRUE,4,DESIGN_PRIOR_DRAW_NOT_HIDDEN_REALIZED_LABEL
58,B2_roster_prior_v2,14,255,252,256,True,True,True,TRUE,TRUE,7,DESIGN_PRIOR_DRAW_NOT_HIDDEN_REALIZED_LABEL
58,B2_roster_prior_v2,15,256,256,256,True,True,True,TRUE,TRUE,4,DESIGN_PRIOR_DRAW_NOT_HIDDEN_REALIZED_LABEL
58,B2_roster_prior_v2,16,256,256,256,True,True,True,TRUE,TRUE,6,DESIGN_PRIOR_DRAW_NOT_HIDDEN_REALIZED_LABEL
58,B2_roster_prior_v2,17,244,217,256,True,True,True,TRUE,TRUE,7,DESIGN_PRIOR_DRAW_NOT_HIDDEN_REALIZED_LABEL
58,B2_roster_prior_v2,18,255,102,256,True,True,False,TRUE,FALSE,8,DESIGN_PRIOR_DRAW_NOT_HIDDEN_REALIZED_LABEL
58,B2_roster_prior_v2,19,256,256,256,True,True,True,TRUE,TRUE,0,DESIGN_PRIOR_DRAW_NOT_HIDDEN_REALIZED_LABEL
58,B2_roster_prior_v2,20,250,249,256,True,True,True,TRUE,TRUE,7,DESIGN_PRIOR_DRAW_NOT_HIDDEN_REALIZED_LABEL
58,B2_roster_prior_v2,21,256,256,256,True,True,True,TRUE,TRUE,2,DESIGN_PRIOR_DRAW_NOT_HIDDEN_REALIZED_LABEL
58,B2_roster_prior_v2,22,256,256,256,True,True,True,TRUE,TRUE,1,DESIGN_PRIOR_DRAW_NOT_HIDDEN_REALIZED_LABEL
58,B2_roster_prior_v2,23,256,256,256,True,True,True,TRUE,TRUE,6,DESIGN_PRIOR_DRAW_NOT_HIDDEN_REALIZED_LABEL
58,B2_roster_prior_v2,24,256,256,256,True,True,True,TRUE,TRUE,2,DESIGN_PRIOR_DRAW_NOT_HIDDEN_REALIZED_LABEL
58,B2_roster_prior_v2,25,253,253,256,True,True,True,TRUE,TRUE,6,DESIGN_PRIOR_DRAW_NOT_HIDDEN_REALIZED_LABEL
58,B2_roster_prior_v2,26,249,6,256,True,True,False,TRUE,FALSE,8,DESIGN_PRIOR_DRAW_NOT_HIDDEN_REALIZED_LABEL
58,B2_roster_prior_v2,27,138,38,256,True,False,False,FALSE,FALSE,8,DESIGN_PRIOR_DRAW_NOT_HIDDEN_REALIZED_LABEL
58,B2_roster_prior_v2,28,256,256,256,True,True,True,TRUE,TRUE,0,DESIGN_PRIOR_DRAW_NOT_HIDDEN_REALIZED_LABEL
58,B2_roster_prior_v2,29,251,251,256,True,True,True,TRUE,TRUE,6,DESIGN_PRIOR_DRAW_NOT_HIDDEN_REALIZED_LABEL
58,B2_roster_prior_v2,30,167,70,256,True,False,False,FALSE,FALSE,8,DESIGN_PRIOR_DRAW_NOT_HIDDEN_REALIZED_LABEL
58,B2_roster_prior_v2,31,256,256,256,True,True,True,TRUE,TRUE,3,DESIGN_PRIOR_DRAW_NOT_HIDDEN_REALIZED_LABEL
59,B2_roster_prior_v2,0,256,256,256,True,True,True,TRUE,TRUE,6,DESIGN_PRIOR_DRAW_NOT_HIDDEN_REALIZED_LABEL
59,B2_roster_prior_v2,1,256,256,256,True,True,True,TRUE,TRUE,1,DESIGN_PRIOR_DRAW_NOT_HIDDEN_REALIZED_LABEL
59,B2_roster_prior_v2,2,256,230,256,True,True,True,TRUE,TRUE,8,DESIGN_PRIOR_DRAW_NOT_HIDDEN_REALIZED_LABEL
59,B2_roster_prior_v2,3,256,256,256,True,True,True,TRUE,TRUE,3,DESIGN_PRIOR_DRAW_NOT_HIDDEN_REALIZED_LABEL
59,B2_roster_prior_v2,4,256,256,256,True,True,True,TRUE,TRUE,6,DESIGN_PRIOR_DRAW_NOT_HIDDEN_REALIZED_LABEL
59,B2_roster_prior_v2,5,256,256,256,True,True,True,TRUE,TRUE,7,DESIGN_PRIOR_DRAW_NOT_HIDDEN_REALIZED_LABEL
59,B2_roster_prior_v2,6,255,142,256,True,True,False,TRUE,FALSE,8,DESIGN_PRIOR_DRAW_NOT_HIDDEN_REALIZED_LABEL
59,B2_roster_prior_v2,7,256,256,256,True,True,True,TRUE,TRUE,5,DESIGN_PRIOR_DRAW_NOT_HIDDEN_REALIZED_LABEL
59,B2_roster_prior_v2,8,104,103,256,True,False,False,FALSE,FALSE,7,DESIGN_PRIOR_DRAW_NOT_HIDDEN_REALIZED_LABEL
59,B2_roster_prior_v2,9,256,256,256,True,True,True,TRUE,TRUE,6,DESIGN_PRIOR_DRAW_NOT_HIDDEN_REALIZED_LABEL
59,B2_roster_prior_v2,10,256,251,256,True,True,True,TRUE,TRUE,7,DESIGN_PRIOR_DRAW_NOT_HIDDEN_REALIZED_LABEL
59,B2_roster_prior_v2,11,250,32,256,True,True,False,TRUE,FALSE,7,DESIGN_PRIOR_DRAW_NOT_HIDDEN_REALIZED_LABEL
59,B2_roster_prior_v2,12,256,217,256,True,True,True,TRUE,TRUE,7,DESIGN_PRIOR_DRAW_NOT_HIDDEN_REALIZED_LABEL
59,B2_roster_prior_v2,13,255,255,256,True,True,True,TRUE,TRUE,6,DESIGN_PRIOR_DRAW_NOT_HIDDEN_REALIZED_LABEL
59,B2_roster_prior_v2,14,249,224,256,True,True,True,TRUE,TRUE,8,DESIGN_PRIOR_DRAW_NOT_HIDDEN_REALIZED_LABEL
59,B2_roster_prior_v2,15,256,256,256,True,True,True,TRUE,TRUE,4,DESIGN_PRIOR_DRAW_NOT_HIDDEN_REALIZED_LABEL
59,B2_roster_prior_v2,16,256,221,256,True,True,True,TRUE,TRUE,8,DESIGN_PRIOR_DRAW_NOT_HIDDEN_REALIZED_LABEL
59,B2_roster_prior_v2,17,256,256,256,True,True,True,TRUE,TRUE,0,DESIGN_PRIOR_DRAW_NOT_HIDDEN_REALIZED_LABEL
59,B2_roster_prior_v2,18,256,256,256,True,True,True,TRUE,TRUE,3,DESIGN_PRIOR_DRAW_NOT_HIDDEN_REALIZED_LABEL
59,B2_roster_prior_v2,19,256,256,256,True,True,True,TRUE,TRUE,4,DESIGN_PRIOR_DRAW_NOT_HIDDEN_REALIZED_LABEL
59,B2_roster_prior_v2,20,256,256,256,True,True,True,TRUE,TRUE,2,DESIGN_PRIOR_DRAW_NOT_HIDDEN_REALIZED_LABEL
59,B2_roster_prior_v2,21,256,256,256,True,True,True,TRUE,TRUE,3,DESIGN_PRIOR_DRAW_NOT_HIDDEN_REALIZED_LABEL
59,B2_roster_prior_v2,22,256,256,256,True,True,True,TRUE,TRUE,7,DESIGN_PRIOR_DRAW_NOT_HIDDEN_REALIZED_LABEL
59,B2_roster_prior_v2,23,228,207,256,True,True,True,TRUE,MC_UNRESOLVED,7,DESIGN_PRIOR_DRAW_NOT_HIDDEN_REALIZED_LABEL
59,B2_roster_prior_v2,24,256,256,256,True,True,True,TRUE,TRUE,0,DESIGN_PRIOR_DRAW_NOT_HIDDEN_REALIZED_LABEL
59,B2_roster_prior_v2,25,256,231,256,True,True,True,TRUE,TRUE,8,DESIGN_PRIOR_DRAW_NOT_HIDDEN_REALIZED_LABEL
59,B2_roster_prior_v2,26,256,245,256,True,True,True,TRUE,TRUE,8,DESIGN_PRIOR_DRAW_NOT_HIDDEN_REALIZED_LABEL
59,B2_roster_prior_v2,27,256,213,256,True,True,True,TRUE,TRUE,7,DESIGN_PRIOR_DRAW_NOT_HIDDEN_REALIZED_LABEL
59,B2_roster_prior_v2,28,256,256,256,True,True,True,TRUE,TRUE,4,DESIGN_PRIOR_DRAW_NOT_HIDDEN_REALIZED_LABEL
59,B2_roster_prior_v2,29,255,159,256,True,True,False,TRUE,FALSE,8,DESIGN_PRIOR_DRAW_NOT_HIDDEN_REALIZED_LABEL
59,B2_roster_prior_v2,30,256,256,256,True,True,True,TRUE,TRUE,6,DESIGN_PRIOR_DRAW_NOT_HIDDEN_REALIZED_LABEL
59,B2_roster_prior_v2,31,256,256,256,True,True,True,TRUE,TRUE,6,DESIGN_PRIOR_DRAW_NOT_HIDDEN_REALIZED_LABEL
60,B2_roster_prior_v2,0,256,256,256,True,True,True,TRUE,TRUE,8,DESIGN_PRIOR_DRAW_NOT_HIDDEN_REALIZED_LABEL
60,B2_roster_prior_v2,1,256,256,256,True,True,True,TRUE,TRUE,0,DESIGN_PRIOR_DRAW_NOT_HIDDEN_REALIZED_LABEL
60,B2_roster_prior_v2,2,256,256,256,True,True,True,TRUE,TRUE,1,DESIGN_PRIOR_DRAW_NOT_HIDDEN_REALIZED_LABEL
60,B2_roster_prior_v2,3,256,256,256,True,True,True,TRUE,TRUE,2,DESIGN_PRIOR_DRAW_NOT_HIDDEN_REALIZED_LABEL
60,B2_roster_prior_v2,4,256,256,256,True,True,True,TRUE,TRUE,4,DESIGN_PRIOR_DRAW_NOT_HIDDEN_REALIZED_LABEL
60,B2_roster_prior_v2,5,256,256,256,True,True,True,TRUE,TRUE,4,DESIGN_PRIOR_DRAW_NOT_HIDDEN_REALIZED_LABEL
60,B2_roster_prior_v2,6,256,256,256,True,True,True,TRUE,TRUE,5,DESIGN_PRIOR_DRAW_NOT_HIDDEN_REALIZED_LABEL
60,B2_roster_prior_v2,7,256,210,256,True,True,True,TRUE,TRUE,8,DESIGN_PRIOR_DRAW_NOT_HIDDEN_REALIZED_LABEL
60,B2_roster_prior_v2,8,256,256,256,True,True,True,TRUE,TRUE,7,DESIGN_PRIOR_DRAW_NOT_HIDDEN_REALIZED_LABEL
60,B2_roster_prior_v2,9,256,256,256,True,True,True,TRUE,TRUE,1,DESIGN_PRIOR_DRAW_NOT_HIDDEN_REALIZED_LABEL
60,B2_roster_prior_v2,10,256,254,256,True,True,True,TRUE,TRUE,8,DESIGN_PRIOR_DRAW_NOT_HIDDEN_REALIZED_LABEL
60,B2_roster_prior_v2,11,256,252,256,True,True,True,TRUE,TRUE,8,DESIGN_PRIOR_DRAW_NOT_HIDDEN_REALIZED_LABEL
60,B2_roster_prior_v2,12,256,256,256,True,True,True,TRUE,TRUE,3,DESIGN_PRIOR_DRAW_NOT_HIDDEN_REALIZED_LABEL
60,B2_roster_prior_v2,13,256,256,256,True,True,True,TRUE,TRUE,0,DESIGN_PRIOR_DRAW_NOT_HIDDEN_REALIZED_LABEL
60,B2_roster_prior_v2,14,256,256,256,True,True,True,TRUE,TRUE,0,DESIGN_PRIOR_DRAW_NOT_HIDDEN_REALIZED_LABEL
60,B2_roster_prior_v2,15,256,256,256,True,True,True,TRUE,TRUE,6,DESIGN_PRIOR_DRAW_NOT_HIDDEN_REALIZED_LABEL
60,B2_roster_prior_v2,16,256,256,256,True,True,True,TRUE,TRUE,7,DESIGN_PRIOR_DRAW_NOT_HIDDEN_REALIZED_LABEL
60,B2_roster_prior_v2,17,256,212,256,True,True,True,TRUE,TRUE,7,DESIGN_PRIOR_DRAW_NOT_HIDDEN_REALIZED_LABEL
60,B2_roster_prior_v2,18,256,255,256,True,True,True,TRUE,TRUE,7,DESIGN_PRIOR_DRAW_NOT_HIDDEN_REALIZED_LABEL
60,B2_roster_prior_v2,19,256,256,256,True,True,True,TRUE,TRUE,1,DESIGN_PRIOR_DRAW_NOT_HIDDEN_REALIZED_LABEL
60,B2_roster_prior_v2,20,256,256,256,True,True,True,TRUE,TRUE,5,DESIGN_PRIOR_DRAW_NOT_HIDDEN_REALIZED_LABEL
60,B2_roster_prior_v2,21,256,256,256,True,True,True,TRUE,TRUE,3,DESIGN_PRIOR_DRAW_NOT_HIDDEN_REALIZED_LABEL
60,B2_roster_prior_v2,22,256,256,256,True,True,True,TRUE,TRUE,3,DESIGN_PRIOR_DRAW_NOT_HIDDEN_REALIZED_LABEL
60,B2_roster_prior_v2,23,256,250,256,True,True,True,TRUE,TRUE,8,DESIGN_PRIOR_DRAW_NOT_HIDDEN_REALIZED_LABEL
60,B2_roster_prior_v2,24,256,256,256,True,True,True,TRUE,TRUE,3,DESIGN_PRIOR_DRAW_NOT_HIDDEN_REALIZED_LABEL
60,B2_roster_prior_v2,25,256,256,256,True,True,True,TRUE,TRUE,4,DESIGN_PRIOR_DRAW_NOT_HIDDEN_REALIZED_LABEL
60,B2_roster_prior_v2,26,256,256,256,True,True,True,TRUE,TRUE,7,DESIGN_PRIOR_DRAW_NOT_HIDDEN_REALIZED_LABEL
60,B2_roster_prior_v2,27,256,256,256,True,True,True,TRUE,TRUE,5,DESIGN_PRIOR_DRAW_NOT_HIDDEN_REALIZED_LABEL
60,B2_roster_prior_v2,28,256,256,256,True,True,True,TRUE,TRUE,6,DESIGN_PRIOR_DRAW_NOT_HIDDEN_REALIZED_LABEL
60,B2_roster_prior_v2,29,256,256,256,True,True,True,TRUE,TRUE,6,DESIGN_PRIOR_DRAW_NOT_HIDDEN_REALIZED_LABEL
60,B2_roster_prior_v2,30,256,256,256,True,True,True,TRUE,TRUE,1,DESIGN_PRIOR_DRAW_NOT_HIDDEN_REALIZED_LABEL
60,B2_roster_prior_v2,31,256,256,256,True,True,True,TRUE,TRUE,2,DESIGN_PRIOR_DRAW_NOT_HIDDEN_REALIZED_LABEL
61,B2_roster_prior_v2,0,163,14,256,True,False,False,FALSE,FALSE,8,DESIGN_PRIOR_DRAW_NOT_HIDDEN_REALIZED_LABEL
61,B2_roster_prior_v2,1,256,256,256,True,True,True,TRUE,TRUE,3,DESIGN_PRIOR_DRAW_NOT_HIDDEN_REALIZED_LABEL
61,B2_roster_prior_v2,2,256,256,256,True,True,True,TRUE,TRUE,5,DESIGN_PRIOR_DRAW_NOT_HIDDEN_REALIZED_LABEL
61,B2_roster_prior_v2,3,256,215,256,True,True,True,TRUE,TRUE,7,DESIGN_PRIOR_DRAW_NOT_HIDDEN_REALIZED_LABEL
61,B2_roster_prior_v2,4,256,256,256,True,True,True,TRUE,TRUE,6,DESIGN_PRIOR_DRAW_NOT_HIDDEN_REALIZED_LABEL
61,B2_roster_prior_v2,5,256,256,256,True,True,True,TRUE,TRUE,1,DESIGN_PRIOR_DRAW_NOT_HIDDEN_REALIZED_LABEL
61,B2_roster_prior_v2,6,256,256,256,True,True,True,TRUE,TRUE,0,DESIGN_PRIOR_DRAW_NOT_HIDDEN_REALIZED_LABEL
61,B2_roster_prior_v2,7,256,256,256,True,True,True,TRUE,TRUE,1,DESIGN_PRIOR_DRAW_NOT_HIDDEN_REALIZED_LABEL
61,B2_roster_prior_v2,8,256,256,256,True,True,True,TRUE,TRUE,6,DESIGN_PRIOR_DRAW_NOT_HIDDEN_REALIZED_LABEL
61,B2_roster_prior_v2,9,256,256,256,True,True,True,TRUE,TRUE,6,DESIGN_PRIOR_DRAW_NOT_HIDDEN_REALIZED_LABEL
61,B2_roster_prior_v2,10,256,256,256,True,True,True,TRUE,TRUE,1,DESIGN_PRIOR_DRAW_NOT_HIDDEN_REALIZED_LABEL
61,B2_roster_prior_v2,11,256,256,256,True,True,True,TRUE,TRUE,5,DESIGN_PRIOR_DRAW_NOT_HIDDEN_REALIZED_LABEL
61,B2_roster_prior_v2,12,256,256,256,True,True,True,TRUE,TRUE,5,DESIGN_PRIOR_DRAW_NOT_HIDDEN_REALIZED_LABEL
61,B2_roster_prior_v2,13,256,256,256,True,True,True,TRUE,TRUE,6,DESIGN_PRIOR_DRAW_NOT_HIDDEN_REALIZED_LABEL
61,B2_roster_prior_v2,14,256,256,256,True,True,True,TRUE,TRUE,4,DESIGN_PRIOR_DRAW_NOT_HIDDEN_REALIZED_LABEL
61,B2_roster_prior_v2,15,256,256,256,True,True,True,TRUE,TRUE,0,DESIGN_PRIOR_DRAW_NOT_HIDDEN_REALIZED_LABEL
61,B2_roster_prior_v2,16,256,256,256,True,True,True,TRUE,TRUE,2,DESIGN_PRIOR_DRAW_NOT_HIDDEN_REALIZED_LABEL
61,B2_roster_prior_v2,17,252,66,256,True,True,False,TRUE,FALSE,8,DESIGN_PRIOR_DRAW_NOT_HIDDEN_REALIZED_LABEL
61,B2_roster_prior_v2,18,256,256,256,True,True,True,TRUE,TRUE,0,DESIGN_PRIOR_DRAW_NOT_HIDDEN_REALIZED_LABEL
61,B2_roster_prior_v2,19,256,256,256,True,True,True,TRUE,TRUE,3,DESIGN_PRIOR_DRAW_NOT_HIDDEN_REALIZED_LABEL
61,B2_roster_prior_v2,20,256,256,256,True,True,True,TRUE,TRUE,0,DESIGN_PRIOR_DRAW_NOT_HIDDEN_REALIZED_LABEL
61,B2_roster_prior_v2,21,256,256,256,True,True,True,TRUE,TRUE,6,DESIGN_PRIOR_DRAW_NOT_HIDDEN_REALIZED_LABEL
61,B2_roster_prior_v2,22,256,256,256,True,True,True,TRUE,TRUE,2,DESIGN_PRIOR_DRAW_NOT_HIDDEN_REALIZED_LABEL
61,B2_roster_prior_v2,23,256,256,256,True,True,True,TRUE,TRUE,6,DESIGN_PRIOR_DRAW_NOT_HIDDEN_REALIZED_LABEL
61,B2_roster_prior_v2,24,256,256,256,True,True,True,TRUE,TRUE,0,DESIGN_PRIOR_DRAW_NOT_HIDDEN_REALIZED_LABEL
61,B2_roster_prior_v2,25,256,256,256,True,True,True,TRUE,TRUE,3,DESIGN_PRIOR_DRAW_NOT_HIDDEN_REALIZED_LABEL
61,B2_roster_prior_v2,26,256,256,256,True,True,True,TRUE,TRUE,5,DESIGN_PRIOR_DRAW_NOT_HIDDEN_REALIZED_LABEL
61,B2_roster_prior_v2,27,256,256,256,True,True,True,TRUE,TRUE,2,DESIGN_PRIOR_DRAW_NOT_HIDDEN_REALIZED_LABEL
61,B2_roster_prior_v2,28,256,256,256,True,True,True,TRUE,TRUE,5,DESIGN_PRIOR_DRAW_NOT_HIDDEN_REALIZED_LABEL
61,B2_roster_prior_v2,29,248,248,256,True,True,True,TRUE,TRUE,7,DESIGN_PRIOR_DRAW_NOT_HIDDEN_REALIZED_LABEL
61,B2_roster_prior_v2,30,252,64,256,True,True,False,TRUE,FALSE,8,DESIGN_PRIOR_DRAW_NOT_HIDDEN_REALIZED_LABEL
61,B2_roster_prior_v2,31,256,256,256,True,True,True,TRUE,TRUE,5,DESIGN_PRIOR_DRAW_NOT_HIDDEN_REALIZED_LABEL
62,B2_roster_prior_v2,0,256,256,256,True,True,True,TRUE,TRUE,0,DESIGN_PRIOR_DRAW_NOT_HIDDEN_REALIZED_LABEL
62,B2_roster_prior_v2,1,256,256,256,True,True,True,TRUE,TRUE,2,DESIGN_PRIOR_DRAW_NOT_HIDDEN_REALIZED_LABEL
62,B2_roster_prior_v2,2,180,180,256,True,False,False,MC_UNRESOLVED,MC_UNRESOLVED,7,DESIGN_PRIOR_DRAW_NOT_HIDDEN_REALIZED_LABEL
62,B2_roster_prior_v2,3,256,256,256,True,True,True,TRUE,TRUE,3,DESIGN_PRIOR_DRAW_NOT_HIDDEN_REALIZED_LABEL
62,B2_roster_prior_v2,4,256,256,256,True,True,True,TRUE,TRUE,0,DESIGN_PRIOR_DRAW_NOT_HIDDEN_REALIZED_LABEL
62,B2_roster_prior_v2,5,238,223,256,True,True,True,TRUE,TRUE,6,DESIGN_PRIOR_DRAW_NOT_HIDDEN_REALIZED_LABEL
62,B2_roster_prior_v2,6,256,256,256,True,True,True,TRUE,TRUE,3,DESIGN_PRIOR_DRAW_NOT_HIDDEN_REALIZED_LABEL
62,B2_roster_prior_v2,7,256,256,256,True,True,True,TRUE,TRUE,0,DESIGN_PRIOR_DRAW_NOT_HIDDEN_REALIZED_LABEL
62,B2_roster_prior_v2,8,255,246,256,True,True,True,TRUE,TRUE,2,DESIGN_PRIOR_DRAW_NOT_HIDDEN_REALIZED_LABEL
62,B2_roster_prior_v2,9,180,117,256,True,False,False,MC_UNRESOLVED,FALSE,7,DESIGN_PRIOR_DRAW_NOT_HIDDEN_REALIZED_LABEL
62,B2_roster_prior_v2,10,246,245,256,True,True,True,TRUE,TRUE,7,DESIGN_PRIOR_DRAW_NOT_HIDDEN_REALIZED_LABEL
62,B2_roster_prior_v2,11,249,230,256,True,True,True,TRUE,TRUE,6,DESIGN_PRIOR_DRAW_NOT_HIDDEN_REALIZED_LABEL
62,B2_roster_prior_v2,12,156,31,256,True,False,False,FALSE,FALSE,6,DESIGN_PRIOR_DRAW_NOT_HIDDEN_REALIZED_LABEL
62,B2_roster_prior_v2,13,256,256,256,True,True,True,TRUE,TRUE,0,DESIGN_PRIOR_DRAW_NOT_HIDDEN_REALIZED_LABEL
62,B2_roster_prior_v2,14,256,256,256,True,True,True,TRUE,TRUE,3,DESIGN_PRIOR_DRAW_NOT_HIDDEN_REALIZED_LABEL
62,B2_roster_prior_v2,15,256,254,256,True,True,True,TRUE,TRUE,6,DESIGN_PRIOR_DRAW_NOT_HIDDEN_REALIZED_LABEL
62,B2_roster_prior_v2,16,244,153,256,True,True,False,TRUE,FALSE,6,DESIGN_PRIOR_DRAW_NOT_HIDDEN_REALIZED_LABEL
62,B2_roster_prior_v2,17,22,13,256,True,False,False,FALSE,FALSE,7,DESIGN_PRIOR_DRAW_NOT_HIDDEN_REALIZED_LABEL
62,B2_roster_prior_v2,18,256,256,256,True,True,True,TRUE,TRUE,0,DESIGN_PRIOR_DRAW_NOT_HIDDEN_REALIZED_LABEL
62,B2_roster_prior_v2,19,256,256,256,True,True,True,TRUE,TRUE,3,DESIGN_PRIOR_DRAW_NOT_HIDDEN_REALIZED_LABEL
62,B2_roster_prior_v2,20,256,256,256,True,True,True,TRUE,TRUE,0,DESIGN_PRIOR_DRAW_NOT_HIDDEN_REALIZED_LABEL
62,B2_roster_prior_v2,21,212,8,256,True,True,False,TRUE,FALSE,8,DESIGN_PRIOR_DRAW_NOT_HIDDEN_REALIZED_LABEL
62,B2_roster_prior_v2,22,256,232,256,True,True,True,TRUE,TRUE,2,DESIGN_PRIOR_DRAW_NOT_HIDDEN_REALIZED_LABEL
62,B2_roster_prior_v2,23,256,256,256,True,True,True,TRUE,TRUE,4,DESIGN_PRIOR_DRAW_NOT_HIDDEN_REALIZED_LABEL
62,B2_roster_prior_v2,24,207,176,256,True,True,False,TRUE,FALSE,8,DESIGN_PRIOR_DRAW_NOT_HIDDEN_REALIZED_LABEL
62,B2_roster_prior_v2,25,210,205,256,True,True,True,TRUE,MC_UNRESOLVED,7,DESIGN_PRIOR_DRAW_NOT_HIDDEN_REALIZED_LABEL
62,B2_roster_prior_v2,26,256,256,256,True,True,True,TRUE,TRUE,5,DESIGN_PRIOR_DRAW_NOT_HIDDEN_REALIZED_LABEL
62,B2_roster_prior_v2,27,153,2,256,True,False,False,FALSE,FALSE,6,DESIGN_PRIOR_DRAW_NOT_HIDDEN_REALIZED_LABEL
62,B2_roster_prior_v2,28,256,252,256,True,True,True,TRUE,TRUE,5,DESIGN_PRIOR_DRAW_NOT_HIDDEN_REALIZED_LABEL
62,B2_roster_prior_v2,29,256,244,256,True,True,True,TRUE,TRUE,7,DESIGN_PRIOR_DRAW_NOT_HIDDEN_REALIZED_LABEL
62,B2_roster_prior_v2,30,256,256,256,True,True,True,TRUE,TRUE,3,DESIGN_PRIOR_DRAW_NOT_HIDDEN_REALIZED_LABEL
62,B2_roster_prior_v2,31,256,256,256,True,True,True,TRUE,TRUE,2,DESIGN_PRIOR_DRAW_NOT_HIDDEN_REALIZED_LABEL
63,B2_roster_prior_v2,0,256,256,256,True,True,True,TRUE,TRUE,5,DESIGN_PRIOR_DRAW_NOT_HIDDEN_REALIZED_LABEL
63,B2_roster_prior_v2,1,256,256,256,True,True,True,TRUE,TRUE,1,DESIGN_PRIOR_DRAW_NOT_HIDDEN_REALIZED_LABEL
63,B2_roster_prior_v2,2,256,256,256,True,True,True,TRUE,TRUE,3,DESIGN_PRIOR_DRAW_NOT_HIDDEN_REALIZED_LABEL
63,B2_roster_prior_v2,3,256,250,256,True,True,True,TRUE,TRUE,8,DESIGN_PRIOR_DRAW_NOT_HIDDEN_REALIZED_LABEL
63,B2_roster_prior_v2,4,256,256,256,True,True,True,TRUE,TRUE,4,DESIGN_PRIOR_DRAW_NOT_HIDDEN_REALIZED_LABEL
63,B2_roster_prior_v2,5,256,256,256,True,True,True,TRUE,TRUE,5,DESIGN_PRIOR_DRAW_NOT_HIDDEN_REALIZED_LABEL
63,B2_roster_prior_v2,6,256,256,256,True,True,True,TRUE,TRUE,6,DESIGN_PRIOR_DRAW_NOT_HIDDEN_REALIZED_LABEL
63,B2_roster_prior_v2,7,256,256,256,True,True,True,TRUE,TRUE,6,DESIGN_PRIOR_DRAW_NOT_HIDDEN_REALIZED_LABEL
63,B2_roster_prior_v2,8,256,256,256,True,True,True,TRUE,TRUE,3,DESIGN_PRIOR_DRAW_NOT_HIDDEN_REALIZED_LABEL
63,B2_roster_prior_v2,9,256,256,256,True,True,True,TRUE,TRUE,5,DESIGN_PRIOR_DRAW_NOT_HIDDEN_REALIZED_LABEL
63,B2_roster_prior_v2,10,256,255,256,True,True,True,TRUE,TRUE,8,DESIGN_PRIOR_DRAW_NOT_HIDDEN_REALIZED_LABEL
63,B2_roster_prior_v2,11,256,256,256,True,True,True,TRUE,TRUE,6,DESIGN_PRIOR_DRAW_NOT_HIDDEN_REALIZED_LABEL
63,B2_roster_prior_v2,12,254,66,256,True,True,False,TRUE,FALSE,8,DESIGN_PRIOR_DRAW_NOT_HIDDEN_REALIZED_LABEL
63,B2_roster_prior_v2,13,256,256,256,True,True,True,TRUE,TRUE,0,DESIGN_PRIOR_DRAW_NOT_HIDDEN_REALIZED_LABEL
63,B2_roster_prior_v2,14,256,256,256,True,True,True,TRUE,TRUE,5,DESIGN_PRIOR_DRAW_NOT_HIDDEN_REALIZED_LABEL
63,B2_roster_prior_v2,15,256,256,256,True,True,True,TRUE,TRUE,5,DESIGN_PRIOR_DRAW_NOT_HIDDEN_REALIZED_LABEL
63,B2_roster_prior_v2,16,256,256,256,True,True,True,TRUE,TRUE,0,DESIGN_PRIOR_DRAW_NOT_HIDDEN_REALIZED_LABEL
63,B2_roster_prior_v2,17,256,256,256,True,True,True,TRUE,TRUE,6,DESIGN_PRIOR_DRAW_NOT_HIDDEN_REALIZED_LABEL
63,B2_roster_prior_v2,18,256,256,256,True,True,True,TRUE,TRUE,4,DESIGN_PRIOR_DRAW_NOT_HIDDEN_REALIZED_LABEL
63,B2_roster_prior_v2,19,256,256,256,True,True,True,TRUE,TRUE,7,DESIGN_PRIOR_DRAW_NOT_HIDDEN_REALIZED_LABEL
63,B2_roster_prior_v2,20,256,256,256,True,True,True,TRUE,TRUE,3,DESIGN_PRIOR_DRAW_NOT_HIDDEN_REALIZED_LABEL
63,B2_roster_prior_v2,21,256,229,256,True,True,True,TRUE,TRUE,8,DESIGN_PRIOR_DRAW_NOT_HIDDEN_REALIZED_LABEL
63,B2_roster_prior_v2,22,256,232,256,True,True,True,TRUE,TRUE,8,DESIGN_PRIOR_DRAW_NOT_HIDDEN_REALIZED_LABEL
63,B2_roster_prior_v2,23,256,256,256,True,True,True,TRUE,TRUE,4,DESIGN_PRIOR_DRAW_NOT_HIDDEN_REALIZED_LABEL
63,B2_roster_prior_v2,24,256,256,256,True,True,True,TRUE,TRUE,4,DESIGN_PRIOR_DRAW_NOT_HIDDEN_REALIZED_LABEL
63,B2_roster_prior_v2,25,256,256,256,True,True,True,TRUE,TRUE,2,DESIGN_PRIOR_DRAW_NOT_HIDDEN_REALIZED_LABEL
63,B2_roster_prior_v2,26,256,256,256,True,True,True,TRUE,TRUE,1,DESIGN_PRIOR_DRAW_NOT_HIDDEN_REALIZED_LABEL
63,B2_roster_prior_v2,27,256,256,256,True,True,True,TRUE,TRUE,7,DESIGN_PRIOR_DRAW_NOT_HIDDEN_REALIZED_LABEL
63,B2_roster_prior_v2,28,256,256,256,True,True,True,TRUE,TRUE,2,DESIGN_PRIOR_DRAW_NOT_HIDDEN_REALIZED_LABEL
63,B2_roster_prior_v2,29,256,256,256,True,True,True,TRUE,TRUE,3,DESIGN_PRIOR_DRAW_NOT_HIDDEN_REALIZED_LABEL
63,B2_roster_prior_v2,30,256,236,256,True,True,True,TRUE,TRUE,8,DESIGN_PRIOR_DRAW_NOT_HIDDEN_REALIZED_LABEL
63,B2_roster_prior_v2,31,256,256,256,True,True,True,TRUE,TRUE,6,DESIGN_PRIOR_DRAW_NOT_HIDDEN_REALIZED_LABEL
64,B2_roster_prior_v2,0,256,256,256,True,True,True,TRUE,TRUE,5,DESIGN_PRIOR_DRAW_NOT_HIDDEN_REALIZED_LABEL
64,B2_roster_prior_v2,1,256,256,256,True,True,True,TRUE,TRUE,8,DESIGN_PRIOR_DRAW_NOT_HIDDEN_REALIZED_LABEL
64,B2_roster_prior_v2,2,256,256,256,True,True,True,TRUE,TRUE,5,DESIGN_PRIOR_DRAW_NOT_HIDDEN_REALIZED_LABEL
64,B2_roster_prior_v2,3,256,256,256,True,True,True,TRUE,TRUE,6,DESIGN_PRIOR_DRAW_NOT_HIDDEN_REALIZED_LABEL
64,B2_roster_prior_v2,4,256,256,256,True,True,True,TRUE,TRUE,1,DESIGN_PRIOR_DRAW_NOT_HIDDEN_REALIZED_LABEL
64,B2_roster_prior_v2,5,256,256,256,True,True,True,TRUE,TRUE,4,DESIGN_PRIOR_DRAW_NOT_HIDDEN_REALIZED_LABEL
64,B2_roster_prior_v2,6,256,256,256,True,True,True,TRUE,TRUE,3,DESIGN_PRIOR_DRAW_NOT_HIDDEN_REALIZED_LABEL
64,B2_roster_prior_v2,7,256,256,256,True,True,True,TRUE,TRUE,0,DESIGN_PRIOR_DRAW_NOT_HIDDEN_REALIZED_LABEL
64,B2_roster_prior_v2,8,256,227,256,True,True,True,TRUE,TRUE,8,DESIGN_PRIOR_DRAW_NOT_HIDDEN_REALIZED_LABEL
64,B2_roster_prior_v2,9,256,253,256,True,True,True,TRUE,TRUE,7,DESIGN_PRIOR_DRAW_NOT_HIDDEN_REALIZED_LABEL
64,B2_roster_prior_v2,10,256,207,256,True,True,True,TRUE,MC_UNRESOLVED,8,DESIGN_PRIOR_DRAW_NOT_HIDDEN_REALIZED_LABEL
64,B2_roster_prior_v2,11,256,255,256,True,True,True,TRUE,TRUE,7,DESIGN_PRIOR_DRAW_NOT_HIDDEN_REALIZED_LABEL
64,B2_roster_prior_v2,12,256,256,256,True,True,True,TRUE,TRUE,7,DESIGN_PRIOR_DRAW_NOT_HIDDEN_REALIZED_LABEL
64,B2_roster_prior_v2,13,256,256,256,True,True,True,TRUE,TRUE,4,DESIGN_PRIOR_DRAW_NOT_HIDDEN_REALIZED_LABEL
64,B2_roster_prior_v2,14,256,256,256,True,True,True,TRUE,TRUE,5,DESIGN_PRIOR_DRAW_NOT_HIDDEN_REALIZED_LABEL
64,B2_roster_prior_v2,15,256,256,256,True,True,True,TRUE,TRUE,1,DESIGN_PRIOR_DRAW_NOT_HIDDEN_REALIZED_LABEL
64,B2_roster_prior_v2,16,256,256,256,True,True,True,TRUE,TRUE,6,DESIGN_PRIOR_DRAW_NOT_HIDDEN_REALIZED_LABEL
64,B2_roster_prior_v2,17,256,256,256,True,True,True,TRUE,TRUE,2,DESIGN_PRIOR_DRAW_NOT_HIDDEN_REALIZED_LABEL
64,B2_roster_prior_v2,18,256,256,256,True,True,True,TRUE,TRUE,6,DESIGN_PRIOR_DRAW_NOT_HIDDEN_REALIZED_LABEL
64,B2_roster_prior_v2,19,256,256,256,True,True,True,TRUE,TRUE,6,DESIGN_PRIOR_DRAW_NOT_HIDDEN_REALIZED_LABEL
64,B2_roster_prior_v2,20,256,256,256,True,True,True,TRUE,TRUE,5,DESIGN_PRIOR_DRAW_NOT_HIDDEN_REALIZED_LABEL
64,B2_roster_prior_v2,21,256,256,256,True,True,True,TRUE,TRUE,2,DESIGN_PRIOR_DRAW_NOT_HIDDEN_REALIZED_LABEL
64,B2_roster_prior_v2,22,256,256,256,True,True,True,TRUE,TRUE,4,DESIGN_PRIOR_DRAW_NOT_HIDDEN_REALIZED_LABEL
64,B2_roster_prior_v2,23,256,256,256,True,True,True,TRUE,TRUE,3,DESIGN_PRIOR_DRAW_NOT_HIDDEN_REALIZED_LABEL
64,B2_roster_prior_v2,24,256,256,256,True,True,True,TRUE,TRUE,2,DESIGN_PRIOR_DRAW_NOT_HIDDEN_REALIZED_LABEL
64,B2_roster_prior_v2,25,256,256,256,True,True,True,TRUE,TRUE,2,DESIGN_PRIOR_DRAW_NOT_HIDDEN_REALIZED_LABEL
64,B2_roster_prior_v2,26,256,256,256,True,True,True,TRUE,TRUE,3,DESIGN_PRIOR_DRAW_NOT_HIDDEN_REALIZED_LABEL
64,B2_roster_prior_v2,27,256,256,256,True,True,True,TRUE,TRUE,4,DESIGN_PRIOR_DRAW_NOT_HIDDEN_REALIZED_LABEL
64,B2_roster_prior_v2,28,256,256,256,True,True,True,TRUE,TRUE,1,DESIGN_PRIOR_DRAW_NOT_HIDDEN_REALIZED_LABEL
64,B2_roster_prior_v2,29,256,74,256,True,True,False,TRUE,FALSE,7,DESIGN_PRIOR_DRAW_NOT_HIDDEN_REALIZED_LABEL
64,B2_roster_prior_v2,30,256,245,256,True,True,True,TRUE,TRUE,7,DESIGN_PRIOR_DRAW_NOT_HIDDEN_REALIZED_LABEL
64,B2_roster_prior_v2,31,256,256,256,True,True,True,TRUE,TRUE,4,DESIGN_PRIOR_DRAW_NOT_HIDDEN_REALIZED_LABEL
65,B2_roster_prior_v2,0,256,256,256,True,True,True,TRUE,TRUE,7,DESIGN_PRIOR_DRAW_NOT_HIDDEN_REALIZED_LABEL
65,B2_roster_prior_v2,1,256,256,256,True,True,True,TRUE,TRUE,6,DESIGN_PRIOR_DRAW_NOT_HIDDEN_REALIZED_LABEL
65,B2_roster_prior_v2,2,256,256,256,True,True,True,TRUE,TRUE,3,DESIGN_PRIOR_DRAW_NOT_HIDDEN_REALIZED_LABEL
65,B2_roster_prior_v2,3,255,255,256,True,True,True,TRUE,TRUE,6,DESIGN_PRIOR_DRAW_NOT_HIDDEN_REALIZED_LABEL
65,B2_roster_prior_v2,4,256,256,256,True,True,True,TRUE,TRUE,6,DESIGN_PRIOR_DRAW_NOT_HIDDEN_REALIZED_LABEL
65,B2_roster_prior_v2,5,256,256,256,True,True,True,TRUE,TRUE,7,DESIGN_PRIOR_DRAW_NOT_HIDDEN_REALIZED_LABEL
65,B2_roster_prior_v2,6,256,256,256,True,True,True,TRUE,TRUE,0,DESIGN_PRIOR_DRAW_NOT_HIDDEN_REALIZED_LABEL
65,B2_roster_prior_v2,7,255,162,256,True,True,False,TRUE,FALSE,8,DESIGN_PRIOR_DRAW_NOT_HIDDEN_REALIZED_LABEL
65,B2_roster_prior_v2,8,256,256,256,True,True,True,TRUE,TRUE,2,DESIGN_PRIOR_DRAW_NOT_HIDDEN_REALIZED_LABEL
65,B2_roster_prior_v2,9,256,256,256,True,True,True,TRUE,TRUE,3,DESIGN_PRIOR_DRAW_NOT_HIDDEN_REALIZED_LABEL
65,B2_roster_prior_v2,10,256,197,256,True,True,True,TRUE,MC_UNRESOLVED,7,DESIGN_PRIOR_DRAW_NOT_HIDDEN_REALIZED_LABEL
65,B2_roster_prior_v2,11,256,256,256,True,True,True,TRUE,TRUE,1,DESIGN_PRIOR_DRAW_NOT_HIDDEN_REALIZED_LABEL
65,B2_roster_prior_v2,12,256,255,256,True,True,True,TRUE,TRUE,7,DESIGN_PRIOR_DRAW_NOT_HIDDEN_REALIZED_LABEL
65,B2_roster_prior_v2,13,256,256,256,True,True,True,TRUE,TRUE,6,DESIGN_PRIOR_DRAW_NOT_HIDDEN_REALIZED_LABEL
65,B2_roster_prior_v2,14,256,255,256,True,True,True,TRUE,TRUE,7,DESIGN_PRIOR_DRAW_NOT_HIDDEN_REALIZED_LABEL
65,B2_roster_prior_v2,15,256,256,256,True,True,True,TRUE,TRUE,7,DESIGN_PRIOR_DRAW_NOT_HIDDEN_REALIZED_LABEL
65,B2_roster_prior_v2,16,256,256,256,True,True,True,TRUE,TRUE,6,DESIGN_PRIOR_DRAW_NOT_HIDDEN_REALIZED_LABEL
65,B2_roster_prior_v2,17,256,256,256,True,True,True,TRUE,TRUE,6,DESIGN_PRIOR_DRAW_NOT_HIDDEN_REALIZED_LABEL
65,B2_roster_prior_v2,18,256,251,256,True,True,True,TRUE,TRUE,8,DESIGN_PRIOR_DRAW_NOT_HIDDEN_REALIZED_LABEL
65,B2_roster_prior_v2,19,256,256,256,True,True,True,TRUE,TRUE,3,DESIGN_PRIOR_DRAW_NOT_HIDDEN_REALIZED_LABEL
65,B2_roster_prior_v2,20,256,256,256,True,True,True,TRUE,TRUE,4,DESIGN_PRIOR_DRAW_NOT_HIDDEN_REALIZED_LABEL
65,B2_roster_prior_v2,21,256,256,256,True,True,True,TRUE,TRUE,3,DESIGN_PRIOR_DRAW_NOT_HIDDEN_REALIZED_LABEL
65,B2_roster_prior_v2,22,256,256,256,True,True,True,TRUE,TRUE,2,DESIGN_PRIOR_DRAW_NOT_HIDDEN_REALIZED_LABEL
65,B2_roster_prior_v2,23,256,256,256,True,True,True,TRUE,TRUE,1,DESIGN_PRIOR_DRAW_NOT_HIDDEN_REALIZED_LABEL
65,B2_roster_prior_v2,24,256,256,256,True,True,True,TRUE,TRUE,3,DESIGN_PRIOR_DRAW_NOT_HIDDEN_REALIZED_LABEL
65,B2_roster_prior_v2,25,255,159,256,True,True,False,TRUE,FALSE,8,DESIGN_PRIOR_DRAW_NOT_HIDDEN_REALIZED_LABEL
65,B2_roster_prior_v2,26,256,256,256,True,True,True,TRUE,TRUE,4,DESIGN_PRIOR_DRAW_NOT_HIDDEN_REALIZED_LABEL
65,B2_roster_prior_v2,27,256,255,256,True,True,True,TRUE,TRUE,6,DESIGN_PRIOR_DRAW_NOT_HIDDEN_REALIZED_LABEL
65,B2_roster_prior_v2,28,256,256,256,True,True,True,TRUE,TRUE,3,DESIGN_PRIOR_DRAW_NOT_HIDDEN_REALIZED_LABEL
65,B2_roster_prior_v2,29,256,256,256,True,True,True,TRUE,TRUE,0,DESIGN_PRIOR_DRAW_NOT_HIDDEN_REALIZED_LABEL
65,B2_roster_prior_v2,30,256,256,256,True,True,True,TRUE,TRUE,6,DESIGN_PRIOR_DRAW_NOT_HIDDEN_REALIZED_LABEL
65,B2_roster_prior_v2,31,256,253,256,True,True,True,TRUE,TRUE,8,DESIGN_PRIOR_DRAW_NOT_HIDDEN_REALIZED_LABEL
66,B2_roster_prior_v2,0,256,256,256,True,True,True,TRUE,TRUE,6,DESIGN_PRIOR_DRAW_NOT_HIDDEN_REALIZED_LABEL
66,B2_roster_prior_v2,1,256,256,256,True,True,True,TRUE,TRUE,2,DESIGN_PRIOR_DRAW_NOT_HIDDEN_REALIZED_LABEL
66,B2_roster_prior_v2,2,256,256,256,True,True,True,TRUE,TRUE,7,DESIGN_PRIOR_DRAW_NOT_HIDDEN_REALIZED_LABEL
66,B2_roster_prior_v2,3,256,236,256,True,True,True,TRUE,TRUE,7,DESIGN_PRIOR_DRAW_NOT_HIDDEN_REALIZED_LABEL
66,B2_roster_prior_v2,4,256,210,256,True,True,True,TRUE,TRUE,8,DESIGN_PRIOR_DRAW_NOT_HIDDEN_REALIZED_LABEL
66,B2_roster_prior_v2,5,256,256,256,True,True,True,TRUE,TRUE,6,DESIGN_PRIOR_DRAW_NOT_HIDDEN_REALIZED_LABEL
66,B2_roster_prior_v2,6,256,256,256,True,True,True,TRUE,TRUE,8,DESIGN_PRIOR_DRAW_NOT_HIDDEN_REALIZED_LABEL
66,B2_roster_prior_v2,7,256,256,256,True,True,True,TRUE,TRUE,3,DESIGN_PRIOR_DRAW_NOT_HIDDEN_REALIZED_LABEL
66,B2_roster_prior_v2,8,256,256,256,True,True,True,TRUE,TRUE,8,DESIGN_PRIOR_DRAW_NOT_HIDDEN_REALIZED_LABEL
66,B2_roster_prior_v2,9,256,256,256,True,True,True,TRUE,TRUE,2,DESIGN_PRIOR_DRAW_NOT_HIDDEN_REALIZED_LABEL
66,B2_roster_prior_v2,10,256,245,256,True,True,True,TRUE,TRUE,8,DESIGN_PRIOR_DRAW_NOT_HIDDEN_REALIZED_LABEL
66,B2_roster_prior_v2,11,256,180,256,True,True,False,TRUE,MC_UNRESOLVED,8,DESIGN_PRIOR_DRAW_NOT_HIDDEN_REALIZED_LABEL
66,B2_roster_prior_v2,12,256,256,256,True,True,True,TRUE,TRUE,6,DESIGN_PRIOR_DRAW_NOT_HIDDEN_REALIZED_LABEL
66,B2_roster_prior_v2,13,256,256,256,True,True,True,TRUE,TRUE,6,DESIGN_PRIOR_DRAW_NOT_HIDDEN_REALIZED_LABEL
66,B2_roster_prior_v2,14,256,244,256,True,True,True,TRUE,TRUE,8,DESIGN_PRIOR_DRAW_NOT_HIDDEN_REALIZED_LABEL
66,B2_roster_prior_v2,15,256,256,256,True,True,True,TRUE,TRUE,7,DESIGN_PRIOR_DRAW_NOT_HIDDEN_REALIZED_LABEL
66,B2_roster_prior_v2,16,256,256,256,True,True,True,TRUE,TRUE,2,DESIGN_PRIOR_DRAW_NOT_HIDDEN_REALIZED_LABEL
66,B2_roster_prior_v2,17,256,256,256,True,True,True,TRUE,TRUE,6,DESIGN_PRIOR_DRAW_NOT_HIDDEN_REALIZED_LABEL
66,B2_roster_prior_v2,18,256,256,256,True,True,True,TRUE,TRUE,4,DESIGN_PRIOR_DRAW_NOT_HIDDEN_REALIZED_LABEL
66,B2_roster_prior_v2,19,256,209,256,True,True,True,TRUE,TRUE,8,DESIGN_PRIOR_DRAW_NOT_HIDDEN_REALIZED_LABEL
66,B2_roster_prior_v2,20,256,252,256,True,True,True,TRUE,TRUE,8,DESIGN_PRIOR_DRAW_NOT_HIDDEN_REALIZED_LABEL
66,B2_roster_prior_v2,21,256,256,256,True,True,True,TRUE,TRUE,1,DESIGN_PRIOR_DRAW_NOT_HIDDEN_REALIZED_LABEL
66,B2_roster_prior_v2,22,256,256,256,True,True,True,TRUE,TRUE,1,DESIGN_PRIOR_DRAW_NOT_HIDDEN_REALIZED_LABEL
66,B2_roster_prior_v2,23,256,256,256,True,True,True,TRUE,TRUE,7,DESIGN_PRIOR_DRAW_NOT_HIDDEN_REALIZED_LABEL
66,B2_roster_prior_v2,24,256,256,256,True,True,True,TRUE,TRUE,5,DESIGN_PRIOR_DRAW_NOT_HIDDEN_REALIZED_LABEL
66,B2_roster_prior_v2,25,256,256,256,True,True,True,TRUE,TRUE,1,DESIGN_PRIOR_DRAW_NOT_HIDDEN_REALIZED_LABEL
66,B2_roster_prior_v2,26,256,256,256,True,True,True,TRUE,TRUE,6,DESIGN_PRIOR_DRAW_NOT_HIDDEN_REALIZED_LABEL
66,B2_roster_prior_v2,27,256,256,256,True,True,True,TRUE,TRUE,3,DESIGN_PRIOR_DRAW_NOT_HIDDEN_REALIZED_LABEL
66,B2_roster_prior_v2,28,256,256,256,True,True,True,TRUE,TRUE,6,DESIGN_PRIOR_DRAW_NOT_HIDDEN_REALIZED_LABEL
66,B2_roster_prior_v2,29,256,256,256,True,True,True,TRUE,TRUE,4,DESIGN_PRIOR_DRAW_NOT_HIDDEN_REALIZED_LABEL
66,B2_roster_prior_v2,30,256,256,256,True,True,True,TRUE,TRUE,3,DESIGN_PRIOR_DRAW_NOT_HIDDEN_REALIZED_LABEL
66,B2_roster_prior_v2,31,256,256,256,True,True,True,TRUE,TRUE,6,DESIGN_PRIOR_DRAW_NOT_HIDDEN_REALIZED_LABEL
67,B2_roster_prior_v2,0,256,256,256,True,True,True,TRUE,TRUE,5,DESIGN_PRIOR_DRAW_NOT_HIDDEN_REALIZED_LABEL
67,B2_roster_prior_v2,1,256,256,256,True,True,True,TRUE,TRUE,5,DESIGN_PRIOR_DRAW_NOT_HIDDEN_REALIZED_LABEL
67,B2_roster_prior_v2,2,256,256,256,True,True,True,TRUE,TRUE,2,DESIGN_PRIOR_DRAW_NOT_HIDDEN_REALIZED_LABEL
67,B2_roster_prior_v2,3,256,256,256,True,True,True,TRUE,TRUE,0,DESIGN_PRIOR_DRAW_NOT_HIDDEN_REALIZED_LABEL
67,B2_roster_prior_v2,4,256,256,256,True,True,True,TRUE,TRUE,3,DESIGN_PRIOR_DRAW_NOT_HIDDEN_REALIZED_LABEL
67,B2_roster_prior_v2,5,256,256,256,True,True,True,TRUE,TRUE,3,DESIGN_PRIOR_DRAW_NOT_HIDDEN_REALIZED_LABEL
67,B2_roster_prior_v2,6,256,256,256,True,True,True,TRUE,TRUE,7,DESIGN_PRIOR_DRAW_NOT_HIDDEN_REALIZED_LABEL
67,B2_roster_prior_v2,7,256,256,256,True,True,True,TRUE,TRUE,4,DESIGN_PRIOR_DRAW_NOT_HIDDEN_REALIZED_LABEL
67,B2_roster_prior_v2,8,256,248,256,True,True,True,TRUE,TRUE,8,DESIGN_PRIOR_DRAW_NOT_HIDDEN_REALIZED_LABEL
67,B2_roster_prior_v2,9,256,255,256,True,True,True,TRUE,TRUE,8,DESIGN_PRIOR_DRAW_NOT_HIDDEN_REALIZED_LABEL
67,B2_roster_prior_v2,10,256,256,256,True,True,True,TRUE,TRUE,2,DESIGN_PRIOR_DRAW_NOT_HIDDEN_REALIZED_LABEL
67,B2_roster_prior_v2,11,256,256,256,True,True,True,TRUE,TRUE,1,DESIGN_PRIOR_DRAW_NOT_HIDDEN_REALIZED_LABEL
67,B2_roster_prior_v2,12,256,256,256,True,True,True,TRUE,TRUE,7,DESIGN_PRIOR_DRAW_NOT_HIDDEN_REALIZED_LABEL
67,B2_roster_prior_v2,13,256,255,256,True,True,True,TRUE,TRUE,7,DESIGN_PRIOR_DRAW_NOT_HIDDEN_REALIZED_LABEL
67,B2_roster_prior_v2,14,256,256,256,True,True,True,TRUE,TRUE,4,DESIGN_PRIOR_DRAW_NOT_HIDDEN_REALIZED_LABEL
67,B2_roster_prior_v2,15,256,256,256,True,True,True,TRUE,TRUE,3,DESIGN_PRIOR_DRAW_NOT_HIDDEN_REALIZED_LABEL
67,B2_roster_prior_v2,16,256,256,256,True,True,True,TRUE,TRUE,1,DESIGN_PRIOR_DRAW_NOT_HIDDEN_REALIZED_LABEL
67,B2_roster_prior_v2,17,256,256,256,True,True,True,TRUE,TRUE,1,DESIGN_PRIOR_DRAW_NOT_HIDDEN_REALIZED_LABEL
67,B2_roster_prior_v2,18,256,256,256,True,True,True,TRUE,TRUE,3,DESIGN_PRIOR_DRAW_NOT_HIDDEN_REALIZED_LABEL
67,B2_roster_prior_v2,19,256,255,256,True,True,True,TRUE,TRUE,5,DESIGN_PRIOR_DRAW_NOT_HIDDEN_REALIZED_LABEL
67,B2_roster_prior_v2,20,256,256,256,True,True,True,TRUE,TRUE,4,DESIGN_PRIOR_DRAW_NOT_HIDDEN_REALIZED_LABEL
67,B2_roster_prior_v2,21,256,256,256,True,True,True,TRUE,TRUE,6,DESIGN_PRIOR_DRAW_NOT_HIDDEN_REALIZED_LABEL
67,B2_roster_prior_v2,22,256,65,256,True,True,False,TRUE,FALSE,8,DESIGN_PRIOR_DRAW_NOT_HIDDEN_REALIZED_LABEL
67,B2_roster_prior_v2,23,256,256,256,True,True,True,TRUE,TRUE,7,DESIGN_PRIOR_DRAW_NOT_HIDDEN_REALIZED_LABEL
67,B2_roster_prior_v2,24,256,251,256,True,True,True,TRUE,TRUE,7,DESIGN_PRIOR_DRAW_NOT_HIDDEN_REALIZED_LABEL
67,B2_roster_prior_v2,25,256,256,256,True,True,True,TRUE,TRUE,3,DESIGN_PRIOR_DRAW_NOT_HIDDEN_REALIZED_LABEL
67,B2_roster_prior_v2,26,256,256,256,True,True,True,TRUE,TRUE,6,DESIGN_PRIOR_DRAW_NOT_HIDDEN_REALIZED_LABEL
67,B2_roster_prior_v2,27,256,256,256,True,True,True,TRUE,TRUE,1,DESIGN_PRIOR_DRAW_NOT_HIDDEN_REALIZED_LABEL
67,B2_roster_prior_v2,28,247,247,256,True,True,True,TRUE,TRUE,7,DESIGN_PRIOR_DRAW_NOT_HIDDEN_REALIZED_LABEL
67,B2_roster_prior_v2,29,256,256,256,True,True,True,TRUE,TRUE,5,DESIGN_PRIOR_DRAW_NOT_HIDDEN_REALIZED_LABEL
67,B2_roster_prior_v2,30,256,256,256,True,True,True,TRUE,TRUE,4,DESIGN_PRIOR_DRAW_NOT_HIDDEN_REALIZED_LABEL
67,B2_roster_prior_v2,31,188,181,256,True,False,False,MC_UNRESOLVED,MC_UNRESOLVED,8,DESIGN_PRIOR_DRAW_NOT_HIDDEN_REALIZED_LABEL
68,B2_roster_prior_v2,0,256,256,256,True,True,True,TRUE,TRUE,3,DESIGN_PRIOR_DRAW_NOT_HIDDEN_REALIZED_LABEL
68,B2_roster_prior_v2,1,256,256,256,True,True,True,TRUE,TRUE,0,DESIGN_PRIOR_DRAW_NOT_HIDDEN_REALIZED_LABEL
68,B2_roster_prior_v2,2,256,256,256,True,True,True,TRUE,TRUE,1,DESIGN_PRIOR_DRAW_NOT_HIDDEN_REALIZED_LABEL
68,B2_roster_prior_v2,3,256,256,256,True,True,True,TRUE,TRUE,0,DESIGN_PRIOR_DRAW_NOT_HIDDEN_REALIZED_LABEL
68,B2_roster_prior_v2,4,256,256,256,True,True,True,TRUE,TRUE,6,DESIGN_PRIOR_DRAW_NOT_HIDDEN_REALIZED_LABEL
68,B2_roster_prior_v2,5,256,256,256,True,True,True,TRUE,TRUE,5,DESIGN_PRIOR_DRAW_NOT_HIDDEN_REALIZED_LABEL
68,B2_roster_prior_v2,6,256,256,256,True,True,True,TRUE,TRUE,1,DESIGN_PRIOR_DRAW_NOT_HIDDEN_REALIZED_LABEL
68,B2_roster_prior_v2,7,256,256,256,True,True,True,TRUE,TRUE,5,DESIGN_PRIOR_DRAW_NOT_HIDDEN_REALIZED_LABEL
68,B2_roster_prior_v2,8,256,256,256,True,True,True,TRUE,TRUE,4,DESIGN_PRIOR_DRAW_NOT_HIDDEN_REALIZED_LABEL
68,B2_roster_prior_v2,9,256,256,256,True,True,True,TRUE,TRUE,2,DESIGN_PRIOR_DRAW_NOT_HIDDEN_REALIZED_LABEL
68,B2_roster_prior_v2,10,256,256,256,True,True,True,TRUE,TRUE,6,DESIGN_PRIOR_DRAW_NOT_HIDDEN_REALIZED_LABEL
68,B2_roster_prior_v2,11,256,256,256,True,True,True,TRUE,TRUE,1,DESIGN_PRIOR_DRAW_NOT_HIDDEN_REALIZED_LABEL
68,B2_roster_prior_v2,12,256,256,256,True,True,True,TRUE,TRUE,1,DESIGN_PRIOR_DRAW_NOT_HIDDEN_REALIZED_LABEL
68,B2_roster_prior_v2,13,256,256,256,True,True,True,TRUE,TRUE,4,DESIGN_PRIOR_DRAW_NOT_HIDDEN_REALIZED_LABEL
68,B2_roster_prior_v2,14,256,256,256,True,True,True,TRUE,TRUE,5,DESIGN_PRIOR_DRAW_NOT_HIDDEN_REALIZED_LABEL
68,B2_roster_prior_v2,15,256,256,256,True,True,True,TRUE,TRUE,4,DESIGN_PRIOR_DRAW_NOT_HIDDEN_REALIZED_LABEL
68,B2_roster_prior_v2,16,256,223,256,True,True,True,TRUE,TRUE,8,DESIGN_PRIOR_DRAW_NOT_HIDDEN_REALIZED_LABEL
68,B2_roster_prior_v2,17,256,256,256,True,True,True,TRUE,TRUE,6,DESIGN_PRIOR_DRAW_NOT_HIDDEN_REALIZED_LABEL
68,B2_roster_prior_v2,18,256,256,256,True,True,True,TRUE,TRUE,6,DESIGN_PRIOR_DRAW_NOT_HIDDEN_REALIZED_LABEL
68,B2_roster_prior_v2,19,256,256,256,True,True,True,TRUE,TRUE,3,DESIGN_PRIOR_DRAW_NOT_HIDDEN_REALIZED_LABEL
68,B2_roster_prior_v2,20,256,256,256,True,True,True,TRUE,TRUE,3,DESIGN_PRIOR_DRAW_NOT_HIDDEN_REALIZED_LABEL
68,B2_roster_prior_v2,21,256,256,256,True,True,True,TRUE,TRUE,6,DESIGN_PRIOR_DRAW_NOT_HIDDEN_REALIZED_LABEL
68,B2_roster_prior_v2,22,256,256,256,True,True,True,TRUE,TRUE,1,DESIGN_PRIOR_DRAW_NOT_HIDDEN_REALIZED_LABEL
68,B2_roster_prior_v2,23,256,256,256,True,True,True,TRUE,TRUE,2,DESIGN_PRIOR_DRAW_NOT_HIDDEN_REALIZED_LABEL
68,B2_roster_prior_v2,24,256,256,256,True,True,True,TRUE,TRUE,3,DESIGN_PRIOR_DRAW_NOT_HIDDEN_REALIZED_LABEL
68,B2_roster_prior_v2,25,256,256,256,True,True,True,TRUE,TRUE,6,DESIGN_PRIOR_DRAW_NOT_HIDDEN_REALIZED_LABEL
68,B2_roster_prior_v2,26,256,256,256,True,True,True,TRUE,TRUE,1,DESIGN_PRIOR_DRAW_NOT_HIDDEN_REALIZED_LABEL
68,B2_roster_prior_v2,27,256,256,256,True,True,True,TRUE,TRUE,6,DESIGN_PRIOR_DRAW_NOT_HIDDEN_REALIZED_LABEL
68,B2_roster_prior_v2,28,256,256,256,True,True,True,TRUE,TRUE,6,DESIGN_PRIOR_DRAW_NOT_HIDDEN_REALIZED_LABEL
68,B2_roster_prior_v2,29,256,256,256,True,True,True,TRUE,TRUE,7,DESIGN_PRIOR_DRAW_NOT_HIDDEN_REALIZED_LABEL
68,B2_roster_prior_v2,30,256,256,256,True,True,True,TRUE,TRUE,6,DESIGN_PRIOR_DRAW_NOT_HIDDEN_REALIZED_LABEL
68,B2_roster_prior_v2,31,256,256,256,True,True,True,TRUE,TRUE,0,DESIGN_PRIOR_DRAW_NOT_HIDDEN_REALIZED_LABEL
69,B2_roster_prior_v2,0,256,256,256,True,True,True,TRUE,TRUE,7,DESIGN_PRIOR_DRAW_NOT_HIDDEN_REALIZED_LABEL
69,B2_roster_prior_v2,1,256,256,256,True,True,True,TRUE,TRUE,2,DESIGN_PRIOR_DRAW_NOT_HIDDEN_REALIZED_LABEL
69,B2_roster_prior_v2,2,256,256,256,True,True,True,TRUE,TRUE,7,DESIGN_PRIOR_DRAW_NOT_HIDDEN_REALIZED_LABEL
69,B2_roster_prior_v2,3,256,256,256,True,True,True,TRUE,TRUE,6,DESIGN_PRIOR_DRAW_NOT_HIDDEN_REALIZED_LABEL
69,B2_roster_prior_v2,4,256,256,256,True,True,True,TRUE,TRUE,8,DESIGN_PRIOR_DRAW_NOT_HIDDEN_REALIZED_LABEL
69,B2_roster_prior_v2,5,256,256,256,True,True,True,TRUE,TRUE,8,DESIGN_PRIOR_DRAW_NOT_HIDDEN_REALIZED_LABEL
69,B2_roster_prior_v2,6,256,256,256,True,True,True,TRUE,TRUE,5,DESIGN_PRIOR_DRAW_NOT_HIDDEN_REALIZED_LABEL
69,B2_roster_prior_v2,7,256,256,256,True,True,True,TRUE,TRUE,4,DESIGN_PRIOR_DRAW_NOT_HIDDEN_REALIZED_LABEL
69,B2_roster_prior_v2,8,256,256,256,True,True,True,TRUE,TRUE,8,DESIGN_PRIOR_DRAW_NOT_HIDDEN_REALIZED_LABEL
69,B2_roster_prior_v2,9,256,256,256,True,True,True,TRUE,TRUE,6,DESIGN_PRIOR_DRAW_NOT_HIDDEN_REALIZED_LABEL
69,B2_roster_prior_v2,10,256,256,256,True,True,True,TRUE,TRUE,4,DESIGN_PRIOR_DRAW_NOT_HIDDEN_REALIZED_LABEL
69,B2_roster_prior_v2,11,256,256,256,True,True,True,TRUE,TRUE,7,DESIGN_PRIOR_DRAW_NOT_HIDDEN_REALIZED_LABEL
69,B2_roster_prior_v2,12,256,256,256,True,True,True,TRUE,TRUE,8,DESIGN_PRIOR_DRAW_NOT_HIDDEN_REALIZED_LABEL
69,B2_roster_prior_v2,13,256,256,256,True,True,True,TRUE,TRUE,0,DESIGN_PRIOR_DRAW_NOT_HIDDEN_REALIZED_LABEL
69,B2_roster_prior_v2,14,256,256,256,True,True,True,TRUE,TRUE,7,DESIGN_PRIOR_DRAW_NOT_HIDDEN_REALIZED_LABEL
69,B2_roster_prior_v2,15,256,256,256,True,True,True,TRUE,TRUE,8,DESIGN_PRIOR_DRAW_NOT_HIDDEN_REALIZED_LABEL
69,B2_roster_prior_v2,16,256,256,256,True,True,True,TRUE,TRUE,4,DESIGN_PRIOR_DRAW_NOT_HIDDEN_REALIZED_LABEL
69,B2_roster_prior_v2,17,256,256,256,True,True,True,TRUE,TRUE,8,DESIGN_PRIOR_DRAW_NOT_HIDDEN_REALIZED_LABEL
69,B2_roster_prior_v2,18,256,256,256,True,True,True,TRUE,TRUE,3,DESIGN_PRIOR_DRAW_NOT_HIDDEN_REALIZED_LABEL
69,B2_roster_prior_v2,19,256,256,256,True,True,True,TRUE,TRUE,6,DESIGN_PRIOR_DRAW_NOT_HIDDEN_REALIZED_LABEL
69,B2_roster_prior_v2,20,256,256,256,True,True,True,TRUE,TRUE,2,DESIGN_PRIOR_DRAW_NOT_HIDDEN_REALIZED_LABEL
69,B2_roster_prior_v2,21,256,256,256,True,True,True,TRUE,TRUE,8,DESIGN_PRIOR_DRAW_NOT_HIDDEN_REALIZED_LABEL
69,B2_roster_prior_v2,22,256,256,256,True,True,True,TRUE,TRUE,2,DESIGN_PRIOR_DRAW_NOT_HIDDEN_REALIZED_LABEL
69,B2_roster_prior_v2,23,256,256,256,True,True,True,TRUE,TRUE,6,DESIGN_PRIOR_DRAW_NOT_HIDDEN_REALIZED_LABEL
69,B2_roster_prior_v2,24,256,246,256,True,True,True,TRUE,TRUE,8,DESIGN_PRIOR_DRAW_NOT_HIDDEN_REALIZED_LABEL
69,B2_roster_prior_v2,25,256,254,256,True,True,True,TRUE,TRUE,8,DESIGN_PRIOR_DRAW_NOT_HIDDEN_REALIZED_LABEL
69,B2_roster_prior_v2,26,256,256,256,True,True,True,TRUE,TRUE,5,DESIGN_PRIOR_DRAW_NOT_HIDDEN_REALIZED_LABEL
69,B2_roster_prior_v2,27,256,256,256,True,True,True,TRUE,TRUE,2,DESIGN_PRIOR_DRAW_NOT_HIDDEN_REALIZED_LABEL
69,B2_roster_prior_v2,28,256,256,256,True,True,True,TRUE,TRUE,7,DESIGN_PRIOR_DRAW_NOT_HIDDEN_REALIZED_LABEL
69,B2_roster_prior_v2,29,256,256,256,True,True,True,TRUE,TRUE,0,DESIGN_PRIOR_DRAW_NOT_HIDDEN_REALIZED_LABEL
69,B2_roster_prior_v2,30,256,256,256,True,True,True,TRUE,TRUE,6,DESIGN_PRIOR_DRAW_NOT_HIDDEN_REALIZED_LABEL
69,B2_roster_prior_v2,31,256,256,256,True,True,True,TRUE,TRUE,3,DESIGN_PRIOR_DRAW_NOT_HIDDEN_REALIZED_LABEL
70,B2_roster_prior_v2,0,256,256,256,True,True,True,TRUE,TRUE,0,DESIGN_PRIOR_DRAW_NOT_HIDDEN_REALIZED_LABEL
70,B2_roster_prior_v2,1,239,233,256,True,True,True,TRUE,TRUE,8,DESIGN_PRIOR_DRAW_NOT_HIDDEN_REALIZED_LABEL
70,B2_roster_prior_v2,2,256,256,256,True,True,True,TRUE,TRUE,2,DESIGN_PRIOR_DRAW_NOT_HIDDEN_REALIZED_LABEL
70,B2_roster_prior_v2,3,256,256,256,True,True,True,TRUE,TRUE,1,DESIGN_PRIOR_DRAW_NOT_HIDDEN_REALIZED_LABEL
70,B2_roster_prior_v2,4,256,256,256,True,True,True,TRUE,TRUE,1,DESIGN_PRIOR_DRAW_NOT_HIDDEN_REALIZED_LABEL
70,B2_roster_prior_v2,5,256,256,256,True,True,True,TRUE,TRUE,4,DESIGN_PRIOR_DRAW_NOT_HIDDEN_REALIZED_LABEL
70,B2_roster_prior_v2,6,251,251,256,True,True,True,TRUE,TRUE,7,DESIGN_PRIOR_DRAW_NOT_HIDDEN_REALIZED_LABEL
70,B2_roster_prior_v2,7,256,256,256,True,True,True,TRUE,TRUE,5,DESIGN_PRIOR_DRAW_NOT_HIDDEN_REALIZED_LABEL
70,B2_roster_prior_v2,8,256,256,256,True,True,True,TRUE,TRUE,6,DESIGN_PRIOR_DRAW_NOT_HIDDEN_REALIZED_LABEL
70,B2_roster_prior_v2,9,256,255,256,True,True,True,TRUE,TRUE,5,DESIGN_PRIOR_DRAW_NOT_HIDDEN_REALIZED_LABEL
70,B2_roster_prior_v2,10,255,253,256,True,True,True,TRUE,TRUE,8,DESIGN_PRIOR_DRAW_NOT_HIDDEN_REALIZED_LABEL
70,B2_roster_prior_v2,11,256,256,256,True,True,True,TRUE,TRUE,7,DESIGN_PRIOR_DRAW_NOT_HIDDEN_REALIZED_LABEL
70,B2_roster_prior_v2,12,256,256,256,True,True,True,TRUE,TRUE,6,DESIGN_PRIOR_DRAW_NOT_HIDDEN_REALIZED_LABEL
70,B2_roster_prior_v2,13,256,238,256,True,True,True,TRUE,TRUE,8,DESIGN_PRIOR_DRAW_NOT_HIDDEN_REALIZED_LABEL
70,B2_roster_prior_v2,14,255,212,256,True,True,True,TRUE,TRUE,7,DESIGN_PRIOR_DRAW_NOT_HIDDEN_REALIZED_LABEL
70,B2_roster_prior_v2,15,256,256,256,True,True,True,TRUE,TRUE,3,DESIGN_PRIOR_DRAW_NOT_HIDDEN_REALIZED_LABEL
70,B2_roster_prior_v2,16,256,256,256,True,True,True,TRUE,TRUE,5,DESIGN_PRIOR_DRAW_NOT_HIDDEN_REALIZED_LABEL
70,B2_roster_prior_v2,17,256,254,256,True,True,True,TRUE,TRUE,6,DESIGN_PRIOR_DRAW_NOT_HIDDEN_REALIZED_LABEL
70,B2_roster_prior_v2,18,256,231,256,True,True,True,TRUE,TRUE,8,DESIGN_PRIOR_DRAW_NOT_HIDDEN_REALIZED_LABEL
70,B2_roster_prior_v2,19,253,246,256,True,True,True,TRUE,TRUE,6,DESIGN_PRIOR_DRAW_NOT_HIDDEN_REALIZED_LABEL
70,B2_roster_prior_v2,20,256,253,256,True,True,True,TRUE,TRUE,7,DESIGN_PRIOR_DRAW_NOT_HIDDEN_REALIZED_LABEL
70,B2_roster_prior_v2,21,256,256,256,True,True,True,TRUE,TRUE,5,DESIGN_PRIOR_DRAW_NOT_HIDDEN_REALIZED_LABEL
70,B2_roster_prior_v2,22,255,239,256,True,True,True,TRUE,TRUE,5,DESIGN_PRIOR_DRAW_NOT_HIDDEN_REALIZED_LABEL
70,B2_roster_prior_v2,23,255,212,256,True,True,True,TRUE,TRUE,7,DESIGN_PRIOR_DRAW_NOT_HIDDEN_REALIZED_LABEL
70,B2_roster_prior_v2,24,256,256,256,True,True,True,TRUE,TRUE,5,DESIGN_PRIOR_DRAW_NOT_HIDDEN_REALIZED_LABEL
70,B2_roster_prior_v2,25,256,256,256,True,True,True,TRUE,TRUE,3,DESIGN_PRIOR_DRAW_NOT_HIDDEN_REALIZED_LABEL
70,B2_roster_prior_v2,26,256,256,256,True,True,True,TRUE,TRUE,0,DESIGN_PRIOR_DRAW_NOT_HIDDEN_REALIZED_LABEL
70,B2_roster_prior_v2,27,256,256,256,True,True,True,TRUE,TRUE,1,DESIGN_PRIOR_DRAW_NOT_HIDDEN_REALIZED_LABEL
70,B2_roster_prior_v2,28,256,256,256,True,True,True,TRUE,TRUE,6,DESIGN_PRIOR_DRAW_NOT_HIDDEN_REALIZED_LABEL
70,B2_roster_prior_v2,29,256,256,256,True,True,True,TRUE,TRUE,5,DESIGN_PRIOR_DRAW_NOT_HIDDEN_REALIZED_LABEL
70,B2_roster_prior_v2,30,256,256,256,True,True,True,TRUE,TRUE,4,DESIGN_PRIOR_DRAW_NOT_HIDDEN_REALIZED_LABEL
70,B2_roster_prior_v2,31,256,253,256,True,True,True,TRUE,TRUE,7,DESIGN_PRIOR_DRAW_NOT_HIDDEN_REALIZED_LABEL
71,B2_roster_prior_v2,0,256,256,256,True,True,True,TRUE,TRUE,7,DESIGN_PRIOR_DRAW_NOT_HIDDEN_REALIZED_LABEL
71,B2_roster_prior_v2,1,256,256,256,True,True,True,TRUE,TRUE,7,DESIGN_PRIOR_DRAW_NOT_HIDDEN_REALIZED_LABEL
71,B2_roster_prior_v2,2,256,256,256,True,True,True,TRUE,TRUE,7,DESIGN_PRIOR_DRAW_NOT_HIDDEN_REALIZED_LABEL
71,B2_roster_prior_v2,3,256,256,256,True,True,True,TRUE,TRUE,0,DESIGN_PRIOR_DRAW_NOT_HIDDEN_REALIZED_LABEL
71,B2_roster_prior_v2,4,256,256,256,True,True,True,TRUE,TRUE,7,DESIGN_PRIOR_DRAW_NOT_HIDDEN_REALIZED_LABEL
71,B2_roster_prior_v2,5,256,256,256,True,True,True,TRUE,TRUE,7,DESIGN_PRIOR_DRAW_NOT_HIDDEN_REALIZED_LABEL
71,B2_roster_prior_v2,6,256,256,256,True,True,True,TRUE,TRUE,7,DESIGN_PRIOR_DRAW_NOT_HIDDEN_REALIZED_LABEL
71,B2_roster_prior_v2,7,256,256,256,True,True,True,TRUE,TRUE,7,DESIGN_PRIOR_DRAW_NOT_HIDDEN_REALIZED_LABEL
71,B2_roster_prior_v2,8,256,256,256,True,True,True,TRUE,TRUE,8,DESIGN_PRIOR_DRAW_NOT_HIDDEN_REALIZED_LABEL
71,B2_roster_prior_v2,9,256,253,256,True,True,True,TRUE,TRUE,7,DESIGN_PRIOR_DRAW_NOT_HIDDEN_REALIZED_LABEL
71,B2_roster_prior_v2,10,256,256,256,True,True,True,TRUE,TRUE,2,DESIGN_PRIOR_DRAW_NOT_HIDDEN_REALIZED_LABEL
71,B2_roster_prior_v2,11,256,256,256,True,True,True,TRUE,TRUE,6,DESIGN_PRIOR_DRAW_NOT_HIDDEN_REALIZED_LABEL
71,B2_roster_prior_v2,12,256,252,256,True,True,True,TRUE,TRUE,8,DESIGN_PRIOR_DRAW_NOT_HIDDEN_REALIZED_LABEL
71,B2_roster_prior_v2,13,256,256,256,True,True,True,TRUE,TRUE,6,DESIGN_PRIOR_DRAW_NOT_HIDDEN_REALIZED_LABEL
71,B2_roster_prior_v2,14,256,256,256,True,True,True,TRUE,TRUE,2,DESIGN_PRIOR_DRAW_NOT_HIDDEN_REALIZED_LABEL
71,B2_roster_prior_v2,15,256,256,256,True,True,True,TRUE,TRUE,7,DESIGN_PRIOR_DRAW_NOT_HIDDEN_REALIZED_LABEL
71,B2_roster_prior_v2,16,256,256,256,True,True,True,TRUE,TRUE,2,DESIGN_PRIOR_DRAW_NOT_HIDDEN_REALIZED_LABEL
71,B2_roster_prior_v2,17,256,256,256,True,True,True,TRUE,TRUE,1,DESIGN_PRIOR_DRAW_NOT_HIDDEN_REALIZED_LABEL
71,B2_roster_prior_v2,18,256,255,256,True,True,True,TRUE,TRUE,8,DESIGN_PRIOR_DRAW_NOT_HIDDEN_REALIZED_LABEL
71,B2_roster_prior_v2,19,256,256,256,True,True,True,TRUE,TRUE,0,DESIGN_PRIOR_DRAW_NOT_HIDDEN_REALIZED_LABEL
71,B2_roster_prior_v2,20,256,256,256,True,True,True,TRUE,TRUE,0,DESIGN_PRIOR_DRAW_NOT_HIDDEN_REALIZED_LABEL
71,B2_roster_prior_v2,21,256,256,256,True,True,True,TRUE,TRUE,5,DESIGN_PRIOR_DRAW_NOT_HIDDEN_REALIZED_LABEL
71,B2_roster_prior_v2,22,256,255,256,True,True,True,TRUE,TRUE,8,DESIGN_PRIOR_DRAW_NOT_HIDDEN_REALIZED_LABEL
71,B2_roster_prior_v2,23,256,256,256,True,True,True,TRUE,TRUE,6,DESIGN_PRIOR_DRAW_NOT_HIDDEN_REALIZED_LABEL
71,B2_roster_prior_v2,24,256,256,256,True,True,True,TRUE,TRUE,3,DESIGN_PRIOR_DRAW_NOT_HIDDEN_REALIZED_LABEL
71,B2_roster_prior_v2,25,256,255,256,True,True,True,TRUE,TRUE,8,DESIGN_PRIOR_DRAW_NOT_HIDDEN_REALIZED_LABEL
71,B2_roster_prior_v2,26,256,256,256,True,True,True,TRUE,TRUE,3,DESIGN_PRIOR_DRAW_NOT_HIDDEN_REALIZED_LABEL
71,B2_roster_prior_v2,27,256,256,256,True,True,True,TRUE,TRUE,0,DESIGN_PRIOR_DRAW_NOT_HIDDEN_REALIZED_LABEL
71,B2_roster_prior_v2,28,256,256,256,True,True,True,TRUE,TRUE,7,DESIGN_PRIOR_DRAW_NOT_HIDDEN_REALIZED_LABEL
71,B2_roster_prior_v2,29,256,256,256,True,True,True,TRUE,TRUE,8,DESIGN_PRIOR_DRAW_NOT_HIDDEN_REALIZED_LABEL
71,B2_roster_prior_v2,30,256,256,256,True,True,True,TRUE,TRUE,1,DESIGN_PRIOR_DRAW_NOT_HIDDEN_REALIZED_LABEL
71,B2_roster_prior_v2,31,256,252,256,True,True,True,TRUE,TRUE,8,DESIGN_PRIOR_DRAW_NOT_HIDDEN_REALIZED_LABEL
72,B2_roster_prior_v2,0,0,0,256,False,False,False,FALSE,FALSE,6,DESIGN_PRIOR_DRAW_NOT_HIDDEN_REALIZED_LABEL
72,B2_roster_prior_v2,1,0,0,256,False,False,False,FALSE,FALSE,8,DESIGN_PRIOR_DRAW_NOT_HIDDEN_REALIZED_LABEL
72,B2_roster_prior_v2,2,0,0,256,False,False,False,FALSE,FALSE,8,DESIGN_PRIOR_DRAW_NOT_HIDDEN_REALIZED_LABEL
72,B2_roster_prior_v2,3,0,0,256,False,False,False,FALSE,FALSE,3,DESIGN_PRIOR_DRAW_NOT_HIDDEN_REALIZED_LABEL
72,B2_roster_prior_v2,4,0,0,256,False,False,False,FALSE,FALSE,2,DESIGN_PRIOR_DRAW_NOT_HIDDEN_REALIZED_LABEL
72,B2_roster_prior_v2,5,0,0,256,False,False,False,FALSE,FALSE,7,DESIGN_PRIOR_DRAW_NOT_HIDDEN_REALIZED_LABEL
72,B2_roster_prior_v2,6,0,0,256,False,False,False,FALSE,FALSE,7,DESIGN_PRIOR_DRAW_NOT_HIDDEN_REALIZED_LABEL
72,B2_roster_prior_v2,7,0,0,256,False,False,False,FALSE,FALSE,3,DESIGN_PRIOR_DRAW_NOT_HIDDEN_REALIZED_LABEL
72,B2_roster_prior_v2,8,0,0,256,False,False,False,FALSE,FALSE,7,DESIGN_PRIOR_DRAW_NOT_HIDDEN_REALIZED_LABEL
72,B2_roster_prior_v2,9,0,0,256,False,False,False,FALSE,FALSE,3,DESIGN_PRIOR_DRAW_NOT_HIDDEN_REALIZED_LABEL
72,B2_roster_prior_v2,10,0,0,256,False,False,False,FALSE,FALSE,7,DESIGN_PRIOR_DRAW_NOT_HIDDEN_REALIZED_LABEL
72,B2_roster_prior_v2,11,0,0,256,False,False,False,FALSE,FALSE,3,DESIGN_PRIOR_DRAW_NOT_HIDDEN_REALIZED_LABEL
72,B2_roster_prior_v2,12,0,0,256,False,False,False,FALSE,FALSE,3,DESIGN_PRIOR_DRAW_NOT_HIDDEN_REALIZED_LABEL
72,B2_roster_prior_v2,13,0,0,256,False,False,False,FALSE,FALSE,0,DESIGN_PRIOR_DRAW_NOT_HIDDEN_REALIZED_LABEL
72,B2_roster_prior_v2,14,0,0,256,False,False,False,FALSE,FALSE,7,DESIGN_PRIOR_DRAW_NOT_HIDDEN_REALIZED_LABEL
72,B2_roster_prior_v2,15,0,0,256,False,False,False,FALSE,FALSE,2,DESIGN_PRIOR_DRAW_NOT_HIDDEN_REALIZED_LABEL
72,B2_roster_prior_v2,16,0,0,256,False,False,False,FALSE,FALSE,3,DESIGN_PRIOR_DRAW_NOT_HIDDEN_REALIZED_LABEL
72,B2_roster_prior_v2,17,0,0,256,False,False,False,FALSE,FALSE,8,DESIGN_PRIOR_DRAW_NOT_HIDDEN_REALIZED_LABEL
72,B2_roster_prior_v2,18,0,0,256,False,False,False,FALSE,FALSE,8,DESIGN_PRIOR_DRAW_NOT_HIDDEN_REALIZED_LABEL
72,B2_roster_prior_v2,19,0,0,256,False,False,False,FALSE,FALSE,7,DESIGN_PRIOR_DRAW_NOT_HIDDEN_REALIZED_LABEL
72,B2_roster_prior_v2,20,0,0,256,False,False,False,FALSE,FALSE,7,DESIGN_PRIOR_DRAW_NOT_HIDDEN_REALIZED_LABEL
72,B2_roster_prior_v2,21,0,0,256,False,False,False,FALSE,FALSE,0,DESIGN_PRIOR_DRAW_NOT_HIDDEN_REALIZED_LABEL
72,B2_roster_prior_v2,22,0,0,256,False,False,False,FALSE,FALSE,4,DESIGN_PRIOR_DRAW_NOT_HIDDEN_REALIZED_LABEL
72,B2_roster_prior_v2,23,0,0,256,False,False,False,FALSE,FALSE,5,DESIGN_PRIOR_DRAW_NOT_HIDDEN_REALIZED_LABEL
72,B2_roster_prior_v2,24,0,0,256,False,False,False,FALSE,FALSE,7,DESIGN_PRIOR_DRAW_NOT_HIDDEN_REALIZED_LABEL
72,B2_roster_prior_v2,25,0,0,256,False,False,False,FALSE,FALSE,7,DESIGN_PRIOR_DRAW_NOT_HIDDEN_REALIZED_LABEL
72,B2_roster_prior_v2,26,0,0,256,False,False,False,FALSE,FALSE,2,DESIGN_PRIOR_DRAW_NOT_HIDDEN_REALIZED_LABEL
72,B2_roster_prior_v2,27,0,0,256,False,False,False,FALSE,FALSE,6,DESIGN_PRIOR_DRAW_NOT_HIDDEN_REALIZED_LABEL
72,B2_roster_prior_v2,28,0,0,256,False,False,False,FALSE,FALSE,6,DESIGN_PRIOR_DRAW_NOT_HIDDEN_REALIZED_LABEL
72,B2_roster_prior_v2,29,0,0,256,False,False,False,FALSE,FALSE,6,DESIGN_PRIOR_DRAW_NOT_HIDDEN_REALIZED_LABEL
72,B2_roster_prior_v2,30,0,0,256,False,False,False,FALSE,FALSE,0,DESIGN_PRIOR_DRAW_NOT_HIDDEN_REALIZED_LABEL
72,B2_roster_prior_v2,31,0,0,256,False,False,False,FALSE,FALSE,4,DESIGN_PRIOR_DRAW_NOT_HIDDEN_REALIZED_LABEL
73,B2_roster_prior_v2,0,0,0,256,False,False,False,FALSE,FALSE,8,DESIGN_PRIOR_DRAW_NOT_HIDDEN_REALIZED_LABEL
73,B2_roster_prior_v2,1,0,0,256,False,False,False,FALSE,FALSE,6,DESIGN_PRIOR_DRAW_NOT_HIDDEN_REALIZED_LABEL
73,B2_roster_prior_v2,2,0,0,256,False,False,False,FALSE,FALSE,3,DESIGN_PRIOR_DRAW_NOT_HIDDEN_REALIZED_LABEL
73,B2_roster_prior_v2,3,0,0,256,False,False,False,FALSE,FALSE,7,DESIGN_PRIOR_DRAW_NOT_HIDDEN_REALIZED_LABEL
73,B2_roster_prior_v2,4,0,0,256,False,False,False,FALSE,FALSE,4,DESIGN_PRIOR_DRAW_NOT_HIDDEN_REALIZED_LABEL
73,B2_roster_prior_v2,5,0,0,256,False,False,False,FALSE,FALSE,3,DESIGN_PRIOR_DRAW_NOT_HIDDEN_REALIZED_LABEL
73,B2_roster_prior_v2,6,0,0,256,False,False,False,FALSE,FALSE,1,DESIGN_PRIOR_DRAW_NOT_HIDDEN_REALIZED_LABEL
73,B2_roster_prior_v2,7,0,0,256,False,False,False,FALSE,FALSE,7,DESIGN_PRIOR_DRAW_NOT_HIDDEN_REALIZED_LABEL
73,B2_roster_prior_v2,8,0,0,256,False,False,False,FALSE,FALSE,7,DESIGN_PRIOR_DRAW_NOT_HIDDEN_REALIZED_LABEL
73,B2_roster_prior_v2,9,0,0,256,False,False,False,FALSE,FALSE,6,DESIGN_PRIOR_DRAW_NOT_HIDDEN_REALIZED_LABEL
73,B2_roster_prior_v2,10,0,0,256,False,False,False,FALSE,FALSE,8,DESIGN_PRIOR_DRAW_NOT_HIDDEN_REALIZED_LABEL
73,B2_roster_prior_v2,11,0,0,256,False,False,False,FALSE,FALSE,7,DESIGN_PRIOR_DRAW_NOT_HIDDEN_REALIZED_LABEL
73,B2_roster_prior_v2,12,0,0,256,False,False,False,FALSE,FALSE,1,DESIGN_PRIOR_DRAW_NOT_HIDDEN_REALIZED_LABEL
73,B2_roster_prior_v2,13,0,0,256,False,False,False,FALSE,FALSE,3,DESIGN_PRIOR_DRAW_NOT_HIDDEN_REALIZED_LABEL
73,B2_roster_prior_v2,14,0,0,256,False,False,False,FALSE,FALSE,0,DESIGN_PRIOR_DRAW_NOT_HIDDEN_REALIZED_LABEL
73,B2_roster_prior_v2,15,0,0,256,False,False,False,FALSE,FALSE,6,DESIGN_PRIOR_DRAW_NOT_HIDDEN_REALIZED_LABEL
73,B2_roster_prior_v2,16,0,0,256,False,False,False,FALSE,FALSE,7,DESIGN_PRIOR_DRAW_NOT_HIDDEN_REALIZED_LABEL
73,B2_roster_prior_v2,17,0,0,256,False,False,False,FALSE,FALSE,8,DESIGN_PRIOR_DRAW_NOT_HIDDEN_REALIZED_LABEL
73,B2_roster_prior_v2,18,0,0,256,False,False,False,FALSE,FALSE,4,DESIGN_PRIOR_DRAW_NOT_HIDDEN_REALIZED_LABEL
73,B2_roster_prior_v2,19,0,0,256,False,False,False,FALSE,FALSE,1,DESIGN_PRIOR_DRAW_NOT_HIDDEN_REALIZED_LABEL
73,B2_roster_prior_v2,20,0,0,256,False,False,False,FALSE,FALSE,8,DESIGN_PRIOR_DRAW_NOT_HIDDEN_REALIZED_LABEL
73,B2_roster_prior_v2,21,0,0,256,False,False,False,FALSE,FALSE,2,DESIGN_PRIOR_DRAW_NOT_HIDDEN_REALIZED_LABEL
73,B2_roster_prior_v2,22,0,0,256,False,False,False,FALSE,FALSE,6,DESIGN_PRIOR_DRAW_NOT_HIDDEN_REALIZED_LABEL
73,B2_roster_prior_v2,23,0,0,256,False,False,False,FALSE,FALSE,7,DESIGN_PRIOR_DRAW_NOT_HIDDEN_REALIZED_LABEL
73,B2_roster_prior_v2,24,0,0,256,False,False,False,FALSE,FALSE,8,DESIGN_PRIOR_DRAW_NOT_HIDDEN_REALIZED_LABEL
73,B2_roster_prior_v2,25,0,0,256,False,False,False,FALSE,FALSE,2,DESIGN_PRIOR_DRAW_NOT_HIDDEN_REALIZED_LABEL
73,B2_roster_prior_v2,26,0,0,256,False,False,False,FALSE,FALSE,7,DESIGN_PRIOR_DRAW_NOT_HIDDEN_REALIZED_LABEL
73,B2_roster_prior_v2,27,0,0,256,False,False,False,FALSE,FALSE,4,DESIGN_PRIOR_DRAW_NOT_HIDDEN_REALIZED_LABEL
73,B2_roster_prior_v2,28,0,0,256,False,False,False,FALSE,FALSE,8,DESIGN_PRIOR_DRAW_NOT_HIDDEN_REALIZED_LABEL
73,B2_roster_prior_v2,29,0,0,256,False,False,False,FALSE,FALSE,6,DESIGN_PRIOR_DRAW_NOT_HIDDEN_REALIZED_LABEL
73,B2_roster_prior_v2,30,0,0,256,False,False,False,FALSE,FALSE,6,DESIGN_PRIOR_DRAW_NOT_HIDDEN_REALIZED_LABEL
73,B2_roster_prior_v2,31,0,0,256,False,False,False,FALSE,FALSE,6,DESIGN_PRIOR_DRAW_NOT_HIDDEN_REALIZED_LABEL
74,B2_roster_prior_v2,0,0,0,256,False,False,False,FALSE,FALSE,8,DESIGN_PRIOR_DRAW_NOT_HIDDEN_REALIZED_LABEL
74,B2_roster_prior_v2,1,0,0,256,False,False,False,FALSE,FALSE,3,DESIGN_PRIOR_DRAW_NOT_HIDDEN_REALIZED_LABEL
74,B2_roster_prior_v2,2,0,0,256,False,False,False,FALSE,FALSE,7,DESIGN_PRIOR_DRAW_NOT_HIDDEN_REALIZED_LABEL
74,B2_roster_prior_v2,3,0,0,256,False,False,False,FALSE,FALSE,0,DESIGN_PRIOR_DRAW_NOT_HIDDEN_REALIZED_LABEL
74,B2_roster_prior_v2,4,0,0,256,False,False,False,FALSE,FALSE,7,DESIGN_PRIOR_DRAW_NOT_HIDDEN_REALIZED_LABEL
74,B2_roster_prior_v2,5,0,0,256,False,False,False,FALSE,FALSE,4,DESIGN_PRIOR_DRAW_NOT_HIDDEN_REALIZED_LABEL
74,B2_roster_prior_v2,6,0,0,256,False,False,False,FALSE,FALSE,7,DESIGN_PRIOR_DRAW_NOT_HIDDEN_REALIZED_LABEL
74,B2_roster_prior_v2,7,0,0,256,False,False,False,FALSE,FALSE,8,DESIGN_PRIOR_DRAW_NOT_HIDDEN_REALIZED_LABEL
74,B2_roster_prior_v2,8,0,0,256,False,False,False,FALSE,FALSE,0,DESIGN_PRIOR_DRAW_NOT_HIDDEN_REALIZED_LABEL
74,B2_roster_prior_v2,9,0,0,256,False,False,False,FALSE,FALSE,2,DESIGN_PRIOR_DRAW_NOT_HIDDEN_REALIZED_LABEL
74,B2_roster_prior_v2,10,0,0,256,False,False,False,FALSE,FALSE,5,DESIGN_PRIOR_DRAW_NOT_HIDDEN_REALIZED_LABEL
74,B2_roster_prior_v2,11,0,0,256,False,False,False,FALSE,FALSE,0,DESIGN_PRIOR_DRAW_NOT_HIDDEN_REALIZED_LABEL
74,B2_roster_prior_v2,12,0,0,256,False,False,False,FALSE,FALSE,8,DESIGN_PRIOR_DRAW_NOT_HIDDEN_REALIZED_LABEL
74,B2_roster_prior_v2,13,0,0,256,False,False,False,FALSE,FALSE,7,DESIGN_PRIOR_DRAW_NOT_HIDDEN_REALIZED_LABEL
74,B2_roster_prior_v2,14,0,0,256,False,False,False,FALSE,FALSE,7,DESIGN_PRIOR_DRAW_NOT_HIDDEN_REALIZED_LABEL
74,B2_roster_prior_v2,15,0,0,256,False,False,False,FALSE,FALSE,8,DESIGN_PRIOR_DRAW_NOT_HIDDEN_REALIZED_LABEL
74,B2_roster_prior_v2,16,0,0,256,False,False,False,FALSE,FALSE,0,DESIGN_PRIOR_DRAW_NOT_HIDDEN_REALIZED_LABEL
74,B2_roster_prior_v2,17,0,0,256,False,False,False,FALSE,FALSE,2,DESIGN_PRIOR_DRAW_NOT_HIDDEN_REALIZED_LABEL
74,B2_roster_prior_v2,18,0,0,256,False,False,False,FALSE,FALSE,8,DESIGN_PRIOR_DRAW_NOT_HIDDEN_REALIZED_LABEL
74,B2_roster_prior_v2,19,0,0,256,False,False,False,FALSE,FALSE,7,DESIGN_PRIOR_DRAW_NOT_HIDDEN_REALIZED_LABEL
74,B2_roster_prior_v2,20,0,0,256,False,False,False,FALSE,FALSE,8,DESIGN_PRIOR_DRAW_NOT_HIDDEN_REALIZED_LABEL
74,B2_roster_prior_v2,21,0,0,256,False,False,False,FALSE,FALSE,2,DESIGN_PRIOR_DRAW_NOT_HIDDEN_REALIZED_LABEL
74,B2_roster_prior_v2,22,0,0,256,False,False,False,FALSE,FALSE,5,DESIGN_PRIOR_DRAW_NOT_HIDDEN_REALIZED_LABEL
74,B2_roster_prior_v2,23,0,0,256,False,False,False,FALSE,FALSE,6,DESIGN_PRIOR_DRAW_NOT_HIDDEN_REALIZED_LABEL
74,B2_roster_prior_v2,24,0,0,256,False,False,False,FALSE,FALSE,0,DESIGN_PRIOR_DRAW_NOT_HIDDEN_REALIZED_LABEL
74,B2_roster_prior_v2,25,0,0,256,False,False,False,FALSE,FALSE,5,DESIGN_PRIOR_DRAW_NOT_HIDDEN_REALIZED_LABEL
74,B2_roster_prior_v2,26,0,0,256,False,False,False,FALSE,FALSE,0,DESIGN_PRIOR_DRAW_NOT_HIDDEN_REALIZED_LABEL
74,B2_roster_prior_v2,27,0,0,256,False,False,False,FALSE,FALSE,7,DESIGN_PRIOR_DRAW_NOT_HIDDEN_REALIZED_LABEL
74,B2_roster_prior_v2,28,0,0,256,False,False,False,FALSE,FALSE,1,DESIGN_PRIOR_DRAW_NOT_HIDDEN_REALIZED_LABEL
74,B2_roster_prior_v2,29,0,0,256,False,False,False,FALSE,FALSE,3,DESIGN_PRIOR_DRAW_NOT_HIDDEN_REALIZED_LABEL
74,B2_roster_prior_v2,30,0,0,256,False,False,False,FALSE,FALSE,7,DESIGN_PRIOR_DRAW_NOT_HIDDEN_REALIZED_LABEL
74,B2_roster_prior_v2,31,0,0,256,False,False,False,FALSE,FALSE,8,DESIGN_PRIOR_DRAW_NOT_HIDDEN_REALIZED_LABEL
75,B2_roster_prior_v2,0,0,0,256,False,False,False,FALSE,FALSE,7,DESIGN_PRIOR_DRAW_NOT_HIDDEN_REALIZED_LABEL
75,B2_roster_prior_v2,1,0,0,256,False,False,False,FALSE,FALSE,0,DESIGN_PRIOR_DRAW_NOT_HIDDEN_REALIZED_LABEL
75,B2_roster_prior_v2,2,0,0,256,False,False,False,FALSE,FALSE,6,DESIGN_PRIOR_DRAW_NOT_HIDDEN_REALIZED_LABEL
75,B2_roster_prior_v2,3,0,0,256,False,False,False,FALSE,FALSE,2,DESIGN_PRIOR_DRAW_NOT_HIDDEN_REALIZED_LABEL
75,B2_roster_prior_v2,4,0,0,256,False,False,False,FALSE,FALSE,3,DESIGN_PRIOR_DRAW_NOT_HIDDEN_REALIZED_LABEL
75,B2_roster_prior_v2,5,0,0,256,False,False,False,FALSE,FALSE,6,DESIGN_PRIOR_DRAW_NOT_HIDDEN_REALIZED_LABEL
75,B2_roster_prior_v2,6,0,0,256,False,False,False,FALSE,FALSE,1,DESIGN_PRIOR_DRAW_NOT_HIDDEN_REALIZED_LABEL
75,B2_roster_prior_v2,7,0,0,256,False,False,False,FALSE,FALSE,6,DESIGN_PRIOR_DRAW_NOT_HIDDEN_REALIZED_LABEL
75,B2_roster_prior_v2,8,0,0,256,False,False,False,FALSE,FALSE,2,DESIGN_PRIOR_DRAW_NOT_HIDDEN_REALIZED_LABEL
75,B2_roster_prior_v2,9,0,0,256,False,False,False,FALSE,FALSE,1,DESIGN_PRIOR_DRAW_NOT_HIDDEN_REALIZED_LABEL
75,B2_roster_prior_v2,10,0,0,256,False,False,False,FALSE,FALSE,7,DESIGN_PRIOR_DRAW_NOT_HIDDEN_REALIZED_LABEL
75,B2_roster_prior_v2,11,0,0,256,False,False,False,FALSE,FALSE,4,DESIGN_PRIOR_DRAW_NOT_HIDDEN_REALIZED_LABEL
75,B2_roster_prior_v2,12,0,0,256,False,False,False,FALSE,FALSE,4,DESIGN_PRIOR_DRAW_NOT_HIDDEN_REALIZED_LABEL
75,B2_roster_prior_v2,13,0,0,256,False,False,False,FALSE,FALSE,3,DESIGN_PRIOR_DRAW_NOT_HIDDEN_REALIZED_LABEL
75,B2_roster_prior_v2,14,0,0,256,False,False,False,FALSE,FALSE,0,DESIGN_PRIOR_DRAW_NOT_HIDDEN_REALIZED_LABEL
75,B2_roster_prior_v2,15,0,0,256,False,False,False,FALSE,FALSE,7,DESIGN_PRIOR_DRAW_NOT_HIDDEN_REALIZED_LABEL
75,B2_roster_prior_v2,16,0,0,256,False,False,False,FALSE,FALSE,2,DESIGN_PRIOR_DRAW_NOT_HIDDEN_REALIZED_LABEL
75,B2_roster_prior_v2,17,0,0,256,False,False,False,FALSE,FALSE,2,DESIGN_PRIOR_DRAW_NOT_HIDDEN_REALIZED_LABEL
75,B2_roster_prior_v2,18,0,0,256,False,False,False,FALSE,FALSE,5,DESIGN_PRIOR_DRAW_NOT_HIDDEN_REALIZED_LABEL
75,B2_roster_prior_v2,19,0,0,256,False,False,False,FALSE,FALSE,4,DESIGN_PRIOR_DRAW_NOT_HIDDEN_REALIZED_LABEL
75,B2_roster_prior_v2,20,0,0,256,False,False,False,FALSE,FALSE,1,DESIGN_PRIOR_DRAW_NOT_HIDDEN_REALIZED_LABEL
75,B2_roster_prior_v2,21,0,0,256,False,False,False,FALSE,FALSE,8,DESIGN_PRIOR_DRAW_NOT_HIDDEN_REALIZED_LABEL
75,B2_roster_prior_v2,22,0,0,256,False,False,False,FALSE,FALSE,8,DESIGN_PRIOR_DRAW_NOT_HIDDEN_REALIZED_LABEL
75,B2_roster_prior_v2,23,0,0,256,False,False,False,FALSE,FALSE,6,DESIGN_PRIOR_DRAW_NOT_HIDDEN_REALIZED_LABEL
75,B2_roster_prior_v2,24,0,0,256,False,False,False,FALSE,FALSE,6,DESIGN_PRIOR_DRAW_NOT_HIDDEN_REALIZED_LABEL
75,B2_roster_prior_v2,25,0,0,256,False,False,False,FALSE,FALSE,6,DESIGN_PRIOR_DRAW_NOT_HIDDEN_REALIZED_LABEL
75,B2_roster_prior_v2,26,0,0,256,False,False,False,FALSE,FALSE,5,DESIGN_PRIOR_DRAW_NOT_HIDDEN_REALIZED_LABEL
75,B2_roster_prior_v2,27,0,0,256,False,False,False,FALSE,FALSE,4,DESIGN_PRIOR_DRAW_NOT_HIDDEN_REALIZED_LABEL
75,B2_roster_prior_v2,28,0,0,256,False,False,False,FALSE,FALSE,1,DESIGN_PRIOR_DRAW_NOT_HIDDEN_REALIZED_LABEL
75,B2_roster_prior_v2,29,0,0,256,False,False,False,FALSE,FALSE,5,DESIGN_PRIOR_DRAW_NOT_HIDDEN_REALIZED_LABEL
75,B2_roster_prior_v2,30,0,0,256,False,False,False,FALSE,FALSE,6,DESIGN_PRIOR_DRAW_NOT_HIDDEN_REALIZED_LABEL
75,B2_roster_prior_v2,31,0,0,256,False,False,False,FALSE,FALSE,2,DESIGN_PRIOR_DRAW_NOT_HIDDEN_REALIZED_LABEL
76,B2_roster_prior_v2,0,0,0,256,False,False,False,FALSE,FALSE,8,DESIGN_PRIOR_DRAW_NOT_HIDDEN_REALIZED_LABEL
76,B2_roster_prior_v2,1,0,0,256,False,False,False,FALSE,FALSE,1,DESIGN_PRIOR_DRAW_NOT_HIDDEN_REALIZED_LABEL
76,B2_roster_prior_v2,2,0,0,256,False,False,False,FALSE,FALSE,5,DESIGN_PRIOR_DRAW_NOT_HIDDEN_REALIZED_LABEL
76,B2_roster_prior_v2,3,0,0,256,False,False,False,FALSE,FALSE,6,DESIGN_PRIOR_DRAW_NOT_HIDDEN_REALIZED_LABEL
76,B2_roster_prior_v2,4,0,0,256,False,False,False,FALSE,FALSE,7,DESIGN_PRIOR_DRAW_NOT_HIDDEN_REALIZED_LABEL
76,B2_roster_prior_v2,5,0,0,256,False,False,False,FALSE,FALSE,8,DESIGN_PRIOR_DRAW_NOT_HIDDEN_REALIZED_LABEL
76,B2_roster_prior_v2,6,0,0,256,False,False,False,FALSE,FALSE,8,DESIGN_PRIOR_DRAW_NOT_HIDDEN_REALIZED_LABEL
76,B2_roster_prior_v2,7,0,0,256,False,False,False,FALSE,FALSE,3,DESIGN_PRIOR_DRAW_NOT_HIDDEN_REALIZED_LABEL
76,B2_roster_prior_v2,8,0,0,256,False,False,False,FALSE,FALSE,1,DESIGN_PRIOR_DRAW_NOT_HIDDEN_REALIZED_LABEL
76,B2_roster_prior_v2,9,0,0,256,False,False,False,FALSE,FALSE,8,DESIGN_PRIOR_DRAW_NOT_HIDDEN_REALIZED_LABEL
76,B2_roster_prior_v2,10,0,0,256,False,False,False,FALSE,FALSE,5,DESIGN_PRIOR_DRAW_NOT_HIDDEN_REALIZED_LABEL
76,B2_roster_prior_v2,11,0,0,256,False,False,False,FALSE,FALSE,7,DESIGN_PRIOR_DRAW_NOT_HIDDEN_REALIZED_LABEL
76,B2_roster_prior_v2,12,0,0,256,False,False,False,FALSE,FALSE,1,DESIGN_PRIOR_DRAW_NOT_HIDDEN_REALIZED_LABEL
76,B2_roster_prior_v2,13,0,0,256,False,False,False,FALSE,FALSE,1,DESIGN_PRIOR_DRAW_NOT_HIDDEN_REALIZED_LABEL
76,B2_roster_prior_v2,14,0,0,256,False,False,False,FALSE,FALSE,8,DESIGN_PRIOR_DRAW_NOT_HIDDEN_REALIZED_LABEL
76,B2_roster_prior_v2,15,0,0,256,False,False,False,FALSE,FALSE,1,DESIGN_PRIOR_DRAW_NOT_HIDDEN_REALIZED_LABEL
76,B2_roster_prior_v2,16,0,0,256,False,False,False,FALSE,FALSE,8,DESIGN_PRIOR_DRAW_NOT_HIDDEN_REALIZED_LABEL
76,B2_roster_prior_v2,17,0,0,256,False,False,False,FALSE,FALSE,7,DESIGN_PRIOR_DRAW_NOT_HIDDEN_REALIZED_LABEL
76,B2_roster_prior_v2,18,0,0,256,False,False,False,FALSE,FALSE,6,DESIGN_PRIOR_DRAW_NOT_HIDDEN_REALIZED_LABEL
76,B2_roster_prior_v2,19,0,0,256,False,False,False,FALSE,FALSE,2,DESIGN_PRIOR_DRAW_NOT_HIDDEN_REALIZED_LABEL
76,B2_roster_prior_v2,20,0,0,256,False,False,False,FALSE,FALSE,7,DESIGN_PRIOR_DRAW_NOT_HIDDEN_REALIZED_LABEL
76,B2_roster_prior_v2,21,0,0,256,False,False,False,FALSE,FALSE,8,DESIGN_PRIOR_DRAW_NOT_HIDDEN_REALIZED_LABEL
76,B2_roster_prior_v2,22,0,0,256,False,False,False,FALSE,FALSE,8,DESIGN_PRIOR_DRAW_NOT_HIDDEN_REALIZED_LABEL
76,B2_roster_prior_v2,23,0,0,256,False,False,False,FALSE,FALSE,1,DESIGN_PRIOR_DRAW_NOT_HIDDEN_REALIZED_LABEL
76,B2_roster_prior_v2,24,0,0,256,False,False,False,FALSE,FALSE,2,DESIGN_PRIOR_DRAW_NOT_HIDDEN_REALIZED_LABEL
76,B2_roster_prior_v2,25,0,0,256,False,False,False,FALSE,FALSE,0,DESIGN_PRIOR_DRAW_NOT_HIDDEN_REALIZED_LABEL
76,B2_roster_prior_v2,26,0,0,256,False,False,False,FALSE,FALSE,8,DESIGN_PRIOR_DRAW_NOT_HIDDEN_REALIZED_LABEL
76,B2_roster_prior_v2,27,0,0,256,False,False,False,FALSE,FALSE,1,DESIGN_PRIOR_DRAW_NOT_HIDDEN_REALIZED_LABEL
76,B2_roster_prior_v2,28,0,0,256,False,False,False,FALSE,FALSE,8,DESIGN_PRIOR_DRAW_NOT_HIDDEN_REALIZED_LABEL
76,B2_roster_prior_v2,29,0,0,256,False,False,False,FALSE,FALSE,7,DESIGN_PRIOR_DRAW_NOT_HIDDEN_REALIZED_LABEL
76,B2_roster_prior_v2,30,0,0,256,False,False,False,FALSE,FALSE,2,DESIGN_PRIOR_DRAW_NOT_HIDDEN_REALIZED_LABEL
76,B2_roster_prior_v2,31,0,0,256,False,False,False,FALSE,FALSE,1,DESIGN_PRIOR_DRAW_NOT_HIDDEN_REALIZED_LABEL
77,B2_roster_prior_v2,0,0,0,256,False,False,False,FALSE,FALSE,3,DESIGN_PRIOR_DRAW_NOT_HIDDEN_REALIZED_LABEL
77,B2_roster_prior_v2,1,0,0,256,False,False,False,FALSE,FALSE,5,DESIGN_PRIOR_DRAW_NOT_HIDDEN_REALIZED_LABEL
77,B2_roster_prior_v2,2,0,0,256,False,False,False,FALSE,FALSE,6,DESIGN_PRIOR_DRAW_NOT_HIDDEN_REALIZED_LABEL
77,B2_roster_prior_v2,3,0,0,256,False,False,False,FALSE,FALSE,5,DESIGN_PRIOR_DRAW_NOT_HIDDEN_REALIZED_LABEL
77,B2_roster_prior_v2,4,0,0,256,False,False,False,FALSE,FALSE,7,DESIGN_PRIOR_DRAW_NOT_HIDDEN_REALIZED_LABEL
77,B2_roster_prior_v2,5,0,0,256,False,False,False,FALSE,FALSE,0,DESIGN_PRIOR_DRAW_NOT_HIDDEN_REALIZED_LABEL
77,B2_roster_prior_v2,6,0,0,256,False,False,False,FALSE,FALSE,7,DESIGN_PRIOR_DRAW_NOT_HIDDEN_REALIZED_LABEL
77,B2_roster_prior_v2,7,0,0,256,False,False,False,FALSE,FALSE,0,DESIGN_PRIOR_DRAW_NOT_HIDDEN_REALIZED_LABEL
77,B2_roster_prior_v2,8,0,0,256,False,False,False,FALSE,FALSE,2,DESIGN_PRIOR_DRAW_NOT_HIDDEN_REALIZED_LABEL
77,B2_roster_prior_v2,9,0,0,256,False,False,False,FALSE,FALSE,4,DESIGN_PRIOR_DRAW_NOT_HIDDEN_REALIZED_LABEL
77,B2_roster_prior_v2,10,0,0,256,False,False,False,FALSE,FALSE,0,DESIGN_PRIOR_DRAW_NOT_HIDDEN_REALIZED_LABEL
77,B2_roster_prior_v2,11,0,0,256,False,False,False,FALSE,FALSE,7,DESIGN_PRIOR_DRAW_NOT_HIDDEN_REALIZED_LABEL
77,B2_roster_prior_v2,12,0,0,256,False,False,False,FALSE,FALSE,4,DESIGN_PRIOR_DRAW_NOT_HIDDEN_REALIZED_LABEL
77,B2_roster_prior_v2,13,0,0,256,False,False,False,FALSE,FALSE,6,DESIGN_PRIOR_DRAW_NOT_HIDDEN_REALIZED_LABEL
77,B2_roster_prior_v2,14,0,0,256,False,False,False,FALSE,FALSE,0,DESIGN_PRIOR_DRAW_NOT_HIDDEN_REALIZED_LABEL
77,B2_roster_prior_v2,15,0,0,256,False,False,False,FALSE,FALSE,2,DESIGN_PRIOR_DRAW_NOT_HIDDEN_REALIZED_LABEL
77,B2_roster_prior_v2,16,0,0,256,False,False,False,FALSE,FALSE,7,DESIGN_PRIOR_DRAW_NOT_HIDDEN_REALIZED_LABEL
77,B2_roster_prior_v2,17,0,0,256,False,False,False,FALSE,FALSE,5,DESIGN_PRIOR_DRAW_NOT_HIDDEN_REALIZED_LABEL
77,B2_roster_prior_v2,18,0,0,256,False,False,False,FALSE,FALSE,8,DESIGN_PRIOR_DRAW_NOT_HIDDEN_REALIZED_LABEL
77,B2_roster_prior_v2,19,0,0,256,False,False,False,FALSE,FALSE,7,DESIGN_PRIOR_DRAW_NOT_HIDDEN_REALIZED_LABEL
77,B2_roster_prior_v2,20,0,0,256,False,False,False,FALSE,FALSE,3,DESIGN_PRIOR_DRAW_NOT_HIDDEN_REALIZED_LABEL
77,B2_roster_prior_v2,21,0,0,256,False,False,False,FALSE,FALSE,4,DESIGN_PRIOR_DRAW_NOT_HIDDEN_REALIZED_LABEL
77,B2_roster_prior_v2,22,0,0,256,False,False,False,FALSE,FALSE,7,DESIGN_PRIOR_DRAW_NOT_HIDDEN_REALIZED_LABEL
77,B2_roster_prior_v2,23,0,0,256,False,False,False,FALSE,FALSE,8,DESIGN_PRIOR_DRAW_NOT_HIDDEN_REALIZED_LABEL
77,B2_roster_prior_v2,24,0,0,256,False,False,False,FALSE,FALSE,1,DESIGN_PRIOR_DRAW_NOT_HIDDEN_REALIZED_LABEL
77,B2_roster_prior_v2,25,0,0,256,False,False,False,FALSE,FALSE,4,DESIGN_PRIOR_DRAW_NOT_HIDDEN_REALIZED_LABEL
77,B2_roster_prior_v2,26,0,0,256,False,False,False,FALSE,FALSE,4,DESIGN_PRIOR_DRAW_NOT_HIDDEN_REALIZED_LABEL
77,B2_roster_prior_v2,27,0,0,256,False,False,False,FALSE,FALSE,1,DESIGN_PRIOR_DRAW_NOT_HIDDEN_REALIZED_LABEL
77,B2_roster_prior_v2,28,0,0,256,False,False,False,FALSE,FALSE,6,DESIGN_PRIOR_DRAW_NOT_HIDDEN_REALIZED_LABEL
77,B2_roster_prior_v2,29,0,0,256,False,False,False,FALSE,FALSE,8,DESIGN_PRIOR_DRAW_NOT_HIDDEN_REALIZED_LABEL
77,B2_roster_prior_v2,30,0,0,256,False,False,False,FALSE,FALSE,0,DESIGN_PRIOR_DRAW_NOT_HIDDEN_REALIZED_LABEL
77,B2_roster_prior_v2,31,0,0,256,False,False,False,FALSE,FALSE,8,DESIGN_PRIOR_DRAW_NOT_HIDDEN_REALIZED_LABEL
78,B2_roster_prior_v2,0,0,0,256,False,False,False,FALSE,FALSE,5,DESIGN_PRIOR_DRAW_NOT_HIDDEN_REALIZED_LABEL
78,B2_roster_prior_v2,1,0,0,256,False,False,False,FALSE,FALSE,3,DESIGN_PRIOR_DRAW_NOT_HIDDEN_REALIZED_LABEL
78,B2_roster_prior_v2,2,0,0,256,False,False,False,FALSE,FALSE,7,DESIGN_PRIOR_DRAW_NOT_HIDDEN_REALIZED_LABEL
78,B2_roster_prior_v2,3,0,0,256,False,False,False,FALSE,FALSE,4,DESIGN_PRIOR_DRAW_NOT_HIDDEN_REALIZED_LABEL
78,B2_roster_prior_v2,4,0,0,256,False,False,False,FALSE,FALSE,2,DESIGN_PRIOR_DRAW_NOT_HIDDEN_REALIZED_LABEL
78,B2_roster_prior_v2,5,0,0,256,False,False,False,FALSE,FALSE,3,DESIGN_PRIOR_DRAW_NOT_HIDDEN_REALIZED_LABEL
78,B2_roster_prior_v2,6,0,0,256,False,False,False,FALSE,FALSE,4,DESIGN_PRIOR_DRAW_NOT_HIDDEN_REALIZED_LABEL
78,B2_roster_prior_v2,7,0,0,256,False,False,False,FALSE,FALSE,5,DESIGN_PRIOR_DRAW_NOT_HIDDEN_REALIZED_LABEL
78,B2_roster_prior_v2,8,0,0,256,False,False,False,FALSE,FALSE,3,DESIGN_PRIOR_DRAW_NOT_HIDDEN_REALIZED_LABEL
78,B2_roster_prior_v2,9,0,0,256,False,False,False,FALSE,FALSE,4,DESIGN_PRIOR_DRAW_NOT_HIDDEN_REALIZED_LABEL
78,B2_roster_prior_v2,10,0,0,256,False,False,False,FALSE,FALSE,2,DESIGN_PRIOR_DRAW_NOT_HIDDEN_REALIZED_LABEL
78,B2_roster_prior_v2,11,0,0,256,False,False,False,FALSE,FALSE,6,DESIGN_PRIOR_DRAW_NOT_HIDDEN_REALIZED_LABEL
78,B2_roster_prior_v2,12,0,0,256,False,False,False,FALSE,FALSE,5,DESIGN_PRIOR_DRAW_NOT_HIDDEN_REALIZED_LABEL
78,B2_roster_prior_v2,13,0,0,256,False,False,False,FALSE,FALSE,8,DESIGN_PRIOR_DRAW_NOT_HIDDEN_REALIZED_LABEL
78,B2_roster_prior_v2,14,0,0,256,False,False,False,FALSE,FALSE,1,DESIGN_PRIOR_DRAW_NOT_HIDDEN_REALIZED_LABEL
78,B2_roster_prior_v2,15,0,0,256,False,False,False,FALSE,FALSE,3,DESIGN_PRIOR_DRAW_NOT_HIDDEN_REALIZED_LABEL
78,B2_roster_prior_v2,16,0,0,256,False,False,False,FALSE,FALSE,6,DESIGN_PRIOR_DRAW_NOT_HIDDEN_REALIZED_LABEL
78,B2_roster_prior_v2,17,0,0,256,False,False,False,FALSE,FALSE,4,DESIGN_PRIOR_DRAW_NOT_HIDDEN_REALIZED_LABEL
78,B2_roster_prior_v2,18,0,0,256,False,False,False,FALSE,FALSE,7,DESIGN_PRIOR_DRAW_NOT_HIDDEN_REALIZED_LABEL
78,B2_roster_prior_v2,19,0,0,256,False,False,False,FALSE,FALSE,2,DESIGN_PRIOR_DRAW_NOT_HIDDEN_REALIZED_LABEL
78,B2_roster_prior_v2,20,0,0,256,False,False,False,FALSE,FALSE,3,DESIGN_PRIOR_DRAW_NOT_HIDDEN_REALIZED_LABEL
78,B2_roster_prior_v2,21,0,0,256,False,False,False,FALSE,FALSE,6,DESIGN_PRIOR_DRAW_NOT_HIDDEN_REALIZED_LABEL
78,B2_roster_prior_v2,22,0,0,256,False,False,False,FALSE,FALSE,1,DESIGN_PRIOR_DRAW_NOT_HIDDEN_REALIZED_LABEL
78,B2_roster_prior_v2,23,0,0,256,False,False,False,FALSE,FALSE,1,DESIGN_PRIOR_DRAW_NOT_HIDDEN_REALIZED_LABEL
78,B2_roster_prior_v2,24,0,0,256,False,False,False,FALSE,FALSE,3,DESIGN_PRIOR_DRAW_NOT_HIDDEN_REALIZED_LABEL
78,B2_roster_prior_v2,25,0,0,256,False,False,False,FALSE,FALSE,2,DESIGN_PRIOR_DRAW_NOT_HIDDEN_REALIZED_LABEL
78,B2_roster_prior_v2,26,0,0,256,False,False,False,FALSE,FALSE,7,DESIGN_PRIOR_DRAW_NOT_HIDDEN_REALIZED_LABEL
78,B2_roster_prior_v2,27,0,0,256,False,False,False,FALSE,FALSE,0,DESIGN_PRIOR_DRAW_NOT_HIDDEN_REALIZED_LABEL
78,B2_roster_prior_v2,28,0,0,256,False,False,False,FALSE,FALSE,8,DESIGN_PRIOR_DRAW_NOT_HIDDEN_REALIZED_LABEL
78,B2_roster_prior_v2,29,0,0,256,False,False,False,FALSE,FALSE,8,DESIGN_PRIOR_DRAW_NOT_HIDDEN_REALIZED_LABEL
78,B2_roster_prior_v2,30,0,0,256,False,False,False,FALSE,FALSE,4,DESIGN_PRIOR_DRAW_NOT_HIDDEN_REALIZED_LABEL
78,B2_roster_prior_v2,31,0,0,256,False,False,False,FALSE,FALSE,4,DESIGN_PRIOR_DRAW_NOT_HIDDEN_REALIZED_LABEL
79,B2_roster_prior_v2,0,0,0,256,False,False,False,FALSE,FALSE,1,DESIGN_PRIOR_DRAW_NOT_HIDDEN_REALIZED_LABEL
79,B2_roster_prior_v2,1,0,0,256,False,False,False,FALSE,FALSE,3,DESIGN_PRIOR_DRAW_NOT_HIDDEN_REALIZED_LABEL
79,B2_roster_prior_v2,2,0,0,256,False,False,False,FALSE,FALSE,3,DESIGN_PRIOR_DRAW_NOT_HIDDEN_REALIZED_LABEL
79,B2_roster_prior_v2,3,0,0,256,False,False,False,FALSE,FALSE,7,DESIGN_PRIOR_DRAW_NOT_HIDDEN_REALIZED_LABEL
79,B2_roster_prior_v2,4,0,0,256,False,False,False,FALSE,FALSE,4,DESIGN_PRIOR_DRAW_NOT_HIDDEN_REALIZED_LABEL
79,B2_roster_prior_v2,5,0,0,256,False,False,False,FALSE,FALSE,4,DESIGN_PRIOR_DRAW_NOT_HIDDEN_REALIZED_LABEL
79,B2_roster_prior_v2,6,0,0,256,False,False,False,FALSE,FALSE,7,DESIGN_PRIOR_DRAW_NOT_HIDDEN_REALIZED_LABEL
79,B2_roster_prior_v2,7,0,0,256,False,False,False,FALSE,FALSE,0,DESIGN_PRIOR_DRAW_NOT_HIDDEN_REALIZED_LABEL
79,B2_roster_prior_v2,8,0,0,256,False,False,False,FALSE,FALSE,8,DESIGN_PRIOR_DRAW_NOT_HIDDEN_REALIZED_LABEL
79,B2_roster_prior_v2,9,0,0,256,False,False,False,FALSE,FALSE,3,DESIGN_PRIOR_DRAW_NOT_HIDDEN_REALIZED_LABEL
79,B2_roster_prior_v2,10,0,0,256,False,False,False,FALSE,FALSE,5,DESIGN_PRIOR_DRAW_NOT_HIDDEN_REALIZED_LABEL
79,B2_roster_prior_v2,11,0,0,256,False,False,False,FALSE,FALSE,0,DESIGN_PRIOR_DRAW_NOT_HIDDEN_REALIZED_LABEL
79,B2_roster_prior_v2,12,0,0,256,False,False,False,FALSE,FALSE,1,DESIGN_PRIOR_DRAW_NOT_HIDDEN_REALIZED_LABEL
79,B2_roster_prior_v2,13,0,0,256,False,False,False,FALSE,FALSE,3,DESIGN_PRIOR_DRAW_NOT_HIDDEN_REALIZED_LABEL
79,B2_roster_prior_v2,14,0,0,256,False,False,False,FALSE,FALSE,0,DESIGN_PRIOR_DRAW_NOT_HIDDEN_REALIZED_LABEL
79,B2_roster_prior_v2,15,0,0,256,False,False,False,FALSE,FALSE,6,DESIGN_PRIOR_DRAW_NOT_HIDDEN_REALIZED_LABEL
79,B2_roster_prior_v2,16,0,0,256,False,False,False,FALSE,FALSE,6,DESIGN_PRIOR_DRAW_NOT_HIDDEN_REALIZED_LABEL
79,B2_roster_prior_v2,17,0,0,256,False,False,False,FALSE,FALSE,6,DESIGN_PRIOR_DRAW_NOT_HIDDEN_REALIZED_LABEL
79,B2_roster_prior_v2,18,0,0,256,False,False,False,FALSE,FALSE,2,DESIGN_PRIOR_DRAW_NOT_HIDDEN_REALIZED_LABEL
79,B2_roster_prior_v2,19,0,0,256,False,False,False,FALSE,FALSE,0,DESIGN_PRIOR_DRAW_NOT_HIDDEN_REALIZED_LABEL
79,B2_roster_prior_v2,20,0,0,256,False,False,False,FALSE,FALSE,8,DESIGN_PRIOR_DRAW_NOT_HIDDEN_REALIZED_LABEL
79,B2_roster_prior_v2,21,0,0,256,False,False,False,FALSE,FALSE,7,DESIGN_PRIOR_DRAW_NOT_HIDDEN_REALIZED_LABEL
79,B2_roster_prior_v2,22,0,0,256,False,False,False,FALSE,FALSE,5,DESIGN_PRIOR_DRAW_NOT_HIDDEN_REALIZED_LABEL
79,B2_roster_prior_v2,23,0,0,256,False,False,False,FALSE,FALSE,7,DESIGN_PRIOR_DRAW_NOT_HIDDEN_REALIZED_LABEL
79,B2_roster_prior_v2,24,0,0,256,False,False,False,FALSE,FALSE,5,DESIGN_PRIOR_DRAW_NOT_HIDDEN_REALIZED_LABEL
79,B2_roster_prior_v2,25,0,0,256,False,False,False,FALSE,FALSE,4,DESIGN_PRIOR_DRAW_NOT_HIDDEN_REALIZED_LABEL
79,B2_roster_prior_v2,26,0,0,256,False,False,False,FALSE,FALSE,6,DESIGN_PRIOR_DRAW_NOT_HIDDEN_REALIZED_LABEL
79,B2_roster_prior_v2,27,0,0,256,False,False,False,FALSE,FALSE,1,DESIGN_PRIOR_DRAW_NOT_HIDDEN_REALIZED_LABEL
79,B2_roster_prior_v2,28,0,0,256,False,False,False,FALSE,FALSE,3,DESIGN_PRIOR_DRAW_NOT_HIDDEN_REALIZED_LABEL
79,B2_roster_prior_v2,29,0,0,256,False,False,False,FALSE,FALSE,7,DESIGN_PRIOR_DRAW_NOT_HIDDEN_REALIZED_LABEL
79,B2_roster_prior_v2,30,0,0,256,False,False,False,FALSE,FALSE,3,DESIGN_PRIOR_DRAW_NOT_HIDDEN_REALIZED_LABEL
79,B2_roster_prior_v2,31,0,0,256,False,False,False,FALSE,FALSE,6,DESIGN_PRIOR_DRAW_NOT_HIDDEN_REALIZED_LABEL
80,B2_roster_prior_v2,0,0,0,256,False,False,False,FALSE,FALSE,1,DESIGN_PRIOR_DRAW_NOT_HIDDEN_REALIZED_LABEL
80,B2_roster_prior_v2,1,0,0,256,False,False,False,FALSE,FALSE,8,DESIGN_PRIOR_DRAW_NOT_HIDDEN_REALIZED_LABEL
80,B2_roster_prior_v2,2,0,0,256,False,False,False,FALSE,FALSE,1,DESIGN_PRIOR_DRAW_NOT_HIDDEN_REALIZED_LABEL
80,B2_roster_prior_v2,3,0,0,256,False,False,False,FALSE,FALSE,7,DESIGN_PRIOR_DRAW_NOT_HIDDEN_REALIZED_LABEL
80,B2_roster_prior_v2,4,0,0,256,False,False,False,FALSE,FALSE,1,DESIGN_PRIOR_DRAW_NOT_HIDDEN_REALIZED_LABEL
80,B2_roster_prior_v2,5,0,0,256,False,False,False,FALSE,FALSE,8,DESIGN_PRIOR_DRAW_NOT_HIDDEN_REALIZED_LABEL
80,B2_roster_prior_v2,6,0,0,256,False,False,False,FALSE,FALSE,3,DESIGN_PRIOR_DRAW_NOT_HIDDEN_REALIZED_LABEL
80,B2_roster_prior_v2,7,0,0,256,False,False,False,FALSE,FALSE,0,DESIGN_PRIOR_DRAW_NOT_HIDDEN_REALIZED_LABEL
80,B2_roster_prior_v2,8,0,0,256,False,False,False,FALSE,FALSE,5,DESIGN_PRIOR_DRAW_NOT_HIDDEN_REALIZED_LABEL
80,B2_roster_prior_v2,9,0,0,256,False,False,False,FALSE,FALSE,7,DESIGN_PRIOR_DRAW_NOT_HIDDEN_REALIZED_LABEL
80,B2_roster_prior_v2,10,0,0,256,False,False,False,FALSE,FALSE,4,DESIGN_PRIOR_DRAW_NOT_HIDDEN_REALIZED_LABEL
80,B2_roster_prior_v2,11,0,0,256,False,False,False,FALSE,FALSE,7,DESIGN_PRIOR_DRAW_NOT_HIDDEN_REALIZED_LABEL
80,B2_roster_prior_v2,12,0,0,256,False,False,False,FALSE,FALSE,4,DESIGN_PRIOR_DRAW_NOT_HIDDEN_REALIZED_LABEL
80,B2_roster_prior_v2,13,0,0,256,False,False,False,FALSE,FALSE,4,DESIGN_PRIOR_DRAW_NOT_HIDDEN_REALIZED_LABEL
80,B2_roster_prior_v2,14,0,0,256,False,False,False,FALSE,FALSE,8,DESIGN_PRIOR_DRAW_NOT_HIDDEN_REALIZED_LABEL
80,B2_roster_prior_v2,15,0,0,256,False,False,False,FALSE,FALSE,3,DESIGN_PRIOR_DRAW_NOT_HIDDEN_REALIZED_LABEL
80,B2_roster_prior_v2,16,0,0,256,False,False,False,FALSE,FALSE,6,DESIGN_PRIOR_DRAW_NOT_HIDDEN_REALIZED_LABEL
80,B2_roster_prior_v2,17,0,0,256,False,False,False,FALSE,FALSE,7,DESIGN_PRIOR_DRAW_NOT_HIDDEN_REALIZED_LABEL
80,B2_roster_prior_v2,18,0,0,256,False,False,False,FALSE,FALSE,7,DESIGN_PRIOR_DRAW_NOT_HIDDEN_REALIZED_LABEL
80,B2_roster_prior_v2,19,0,0,256,False,False,False,FALSE,FALSE,6,DESIGN_PRIOR_DRAW_NOT_HIDDEN_REALIZED_LABEL
80,B2_roster_prior_v2,20,0,0,256,False,False,False,FALSE,FALSE,8,DESIGN_PRIOR_DRAW_NOT_HIDDEN_REALIZED_LABEL
80,B2_roster_prior_v2,21,0,0,256,False,False,False,FALSE,FALSE,5,DESIGN_PRIOR_DRAW_NOT_HIDDEN_REALIZED_LABEL
80,B2_roster_prior_v2,22,0,0,256,False,False,False,FALSE,FALSE,6,DESIGN_PRIOR_DRAW_NOT_HIDDEN_REALIZED_LABEL
80,B2_roster_prior_v2,23,0,0,256,False,False,False,FALSE,FALSE,2,DESIGN_PRIOR_DRAW_NOT_HIDDEN_REALIZED_LABEL
80,B2_roster_prior_v2,24,0,0,256,False,False,False,FALSE,FALSE,8,DESIGN_PRIOR_DRAW_NOT_HIDDEN_REALIZED_LABEL
80,B2_roster_prior_v2,25,0,0,256,False,False,False,FALSE,FALSE,0,DESIGN_PRIOR_DRAW_NOT_HIDDEN_REALIZED_LABEL
80,B2_roster_prior_v2,26,0,0,256,False,False,False,FALSE,FALSE,6,DESIGN_PRIOR_DRAW_NOT_HIDDEN_REALIZED_LABEL
80,B2_roster_prior_v2,27,0,0,256,False,False,False,FALSE,FALSE,8,DESIGN_PRIOR_DRAW_NOT_HIDDEN_REALIZED_LABEL
80,B2_roster_prior_v2,28,0,0,256,False,False,False,FALSE,FALSE,7,DESIGN_PRIOR_DRAW_NOT_HIDDEN_REALIZED_LABEL
80,B2_roster_prior_v2,29,0,0,256,False,False,False,FALSE,FALSE,3,DESIGN_PRIOR_DRAW_NOT_HIDDEN_REALIZED_LABEL
80,B2_roster_prior_v2,30,0,0,256,False,False,False,FALSE,FALSE,8,DESIGN_PRIOR_DRAW_NOT_HIDDEN_REALIZED_LABEL
80,B2_roster_prior_v2,31,0,0,256,False,False,False,FALSE,FALSE,6,DESIGN_PRIOR_DRAW_NOT_HIDDEN_REALIZED_LABEL
