cohort,world,suite,query,policy,reference_present,reference_health,reference_status,reference_viable,reference_reserve,margin,signed_region,absolute_region,failure_class,estimated_viable,estimated_reserve,viable_lower,viable_upper,reserve_lower,reserve_upper,health_fraction,health_fraction_MC_lower,health_fraction_MC_upper,predicted_health,estimate_status,context_interpretation,observation_interpretation
boundary,0,correct,Q1,B2_roster_prior_v2,False,False,FALSE,0.717437744140625,0.717437744140625,-0.032562255859375,MODERATELY_BELOW,.02-.05,REALIZATION,0.1875,0.1875,0.0,1.0,0.0,1.0,0.15625,0.15625,0.15625,False,FALSE,PREDICTION_UNDER_HIDDEN_REALIZED_CONTEXT,ACTUAL_OBSERVATION_PACKET
boundary,0,correct,Q2,B2_roster_prior_v2,False,False,FALSE,0.717437744140625,0.717437744140625,-0.032562255859375,MODERATELY_BELOW,.02-.05,REALIZATION,0.1875,0.1875,0.0,1.0,0.0,1.0,0.15625,0.15625,0.15625,False,FALSE,PREDICTION_UNDER_HIDDEN_REALIZED_CONTEXT,ACTUAL_OBSERVATION_PACKET
boundary,0,hemlock_extra_hazard_0.12,Q1,B2_roster_prior_v2,False,False,FALSE,0.0,0.0,-0.75,OUTSIDE_BELOW,>.1,REALIZATION,0.1875,0.1875,0.0,1.0,0.0,1.0,0.15625,0.15625,0.15625,False,FALSE,PREDICTION_UNDER_HIDDEN_REALIZED_CONTEXT,ACTUAL_OBSERVATION_PACKET
boundary,0,hemlock_extra_hazard_0.12,Q2,B2_roster_prior_v2,False,False,FALSE,0.0,0.0,-0.75,OUTSIDE_BELOW,>.1,REALIZATION,0.1875,0.1875,0.0,1.0,0.0,1.0,0.15625,0.15625,0.15625,False,FALSE,PREDICTION_UNDER_HIDDEN_REALIZED_CONTEXT,ACTUAL_OBSERVATION_PACKET
boundary,0,entry_lognormal_annual_sd_1.2,Q1,B2_roster_prior_v2,False,False,FALSE,0.70654296875,0.70654296875,-0.04345703125,MODERATELY_BELOW,.02-.05,REALIZATION,0.1875,0.1875,0.0,1.0,0.0,1.0,0.15625,0.15625,0.15625,False,FALSE,PREDICTION_UNDER_HIDDEN_REALIZED_CONTEXT,ACTUAL_OBSERVATION_PACKET
boundary,0,entry_lognormal_annual_sd_1.2,Q2,B2_roster_prior_v2,False,False,FALSE,0.70654296875,0.70654296875,-0.04345703125,MODERATELY_BELOW,.02-.05,REALIZATION,0.1875,0.1875,0.0,1.0,0.0,1.0,0.15625,0.15625,0.15625,False,FALSE,PREDICTION_UNDER_HIDDEN_REALIZED_CONTEXT,ACTUAL_OBSERVATION_PACKET
boundary,1,correct,Q1,B2_roster_prior_v2,False,False,FALSE,0.55889892578125,0.55889892578125,-0.19110107421875,OUTSIDE_BELOW,>.1,REALIZATION,0.06591796875,0.06591796875,0.0,0.5101562499999994,0.0,0.5101562499999994,0.0625,0.0625,0.0625,False,FALSE,PREDICTION_UNDER_HIDDEN_REALIZED_CONTEXT,ACTUAL_OBSERVATION_PACKET
boundary,1,correct,Q2,B2_roster_prior_v2,False,False,FALSE,0.55889892578125,0.55889892578125,-0.19110107421875,OUTSIDE_BELOW,>.1,REALIZATION,0.06591796875,0.06591796875,0.0,0.5101562499999994,0.0,0.5101562499999994,0.0625,0.0625,0.0625,False,FALSE,PREDICTION_UNDER_HIDDEN_REALIZED_CONTEXT,ACTUAL_OBSERVATION_PACKET
boundary,1,hemlock_extra_hazard_0.12,Q1,B2_roster_prior_v2,False,False,FALSE,0.0,0.0,-0.75,OUTSIDE_BELOW,>.1,REALIZATION,0.06591796875,0.06591796875,0.0,0.5101562499999994,0.0,0.5101562499999994,0.0625,0.0625,0.0625,False,FALSE,PREDICTION_UNDER_HIDDEN_REALIZED_CONTEXT,ACTUAL_OBSERVATION_PACKET
boundary,1,hemlock_extra_hazard_0.12,Q2,B2_roster_prior_v2,False,False,FALSE,0.0,0.0,-0.75,OUTSIDE_BELOW,>.1,REALIZATION,0.06591796875,0.06591796875,0.0,0.5101562499999994,0.0,0.5101562499999994,0.0625,0.0625,0.0625,False,FALSE,PREDICTION_UNDER_HIDDEN_REALIZED_CONTEXT,ACTUAL_OBSERVATION_PACKET
boundary,1,entry_lognormal_annual_sd_1.2,Q1,B2_roster_prior_v2,False,False,FALSE,0.5530853271484375,0.5530853271484375,-0.1969146728515625,OUTSIDE_BELOW,>.1,REALIZATION,0.06591796875,0.06591796875,0.0,0.5101562499999994,0.0,0.5101562499999994,0.0625,0.0625,0.0625,False,FALSE,PREDICTION_UNDER_HIDDEN_REALIZED_CONTEXT,ACTUAL_OBSERVATION_PACKET
boundary,1,entry_lognormal_annual_sd_1.2,Q2,B2_roster_prior_v2,False,False,FALSE,0.5530853271484375,0.5530853271484375,-0.1969146728515625,OUTSIDE_BELOW,>.1,REALIZATION,0.06591796875,0.06591796875,0.0,0.5101562499999994,0.0,0.5101562499999994,0.0625,0.0625,0.0625,False,FALSE,PREDICTION_UNDER_HIDDEN_REALIZED_CONTEXT,ACTUAL_OBSERVATION_PACKET
boundary,2,correct,Q1,B2_roster_prior_v2,False,False,FALSE,0.8019561767578125,0.8019561767578125,0.0519561767578125,CLEARLY_ABOVE,.05-.1,REALIZATION,0.25,0.25,0.0,1.0,0.0,1.0,0.25,0.25,0.25,False,FALSE,PREDICTION_UNDER_HIDDEN_REALIZED_CONTEXT,ACTUAL_OBSERVATION_PACKET
boundary,2,correct,Q2,B2_roster_prior_v2,False,False,FALSE,0.8019561767578125,0.8019561767578125,0.0519561767578125,CLEARLY_ABOVE,.05-.1,REALIZATION,0.25,0.25,0.0,1.0,0.0,1.0,0.25,0.25,0.25,False,FALSE,PREDICTION_UNDER_HIDDEN_REALIZED_CONTEXT,ACTUAL_OBSERVATION_PACKET
boundary,2,hemlock_extra_hazard_0.12,Q1,B2_roster_prior_v2,False,False,FALSE,0.0,0.0,-0.75,OUTSIDE_BELOW,>.1,REALIZATION,0.25,0.25,0.0,1.0,0.0,1.0,0.25,0.25,0.25,False,FALSE,PREDICTION_UNDER_HIDDEN_REALIZED_CONTEXT,ACTUAL_OBSERVATION_PACKET
boundary,2,hemlock_extra_hazard_0.12,Q2,B2_roster_prior_v2,False,False,FALSE,0.0,0.0,-0.75,OUTSIDE_BELOW,>.1,REALIZATION,0.25,0.25,0.0,1.0,0.0,1.0,0.25,0.25,0.25,False,FALSE,PREDICTION_UNDER_HIDDEN_REALIZED_CONTEXT,ACTUAL_OBSERVATION_PACKET
boundary,2,entry_lognormal_annual_sd_1.2,Q1,B2_roster_prior_v2,False,False,FALSE,0.7935791015625,0.7935791015625,0.0435791015625,MODERATELY_ABOVE,.02-.05,REALIZATION,0.25,0.25,0.0,1.0,0.0,1.0,0.25,0.25,0.25,False,FALSE,PREDICTION_UNDER_HIDDEN_REALIZED_CONTEXT,ACTUAL_OBSERVATION_PACKET
boundary,2,entry_lognormal_annual_sd_1.2,Q2,B2_roster_prior_v2,False,False,FALSE,0.7935791015625,0.7935791015625,0.0435791015625,MODERATELY_ABOVE,.02-.05,REALIZATION,0.25,0.25,0.0,1.0,0.0,1.0,0.25,0.25,0.25,False,FALSE,PREDICTION_UNDER_HIDDEN_REALIZED_CONTEXT,ACTUAL_OBSERVATION_PACKET
boundary,3,correct,Q1,B2_roster_prior_v2,False,False,FALSE,0.720458984375,0.720458984375,-0.029541015625,MODERATELY_BELOW,.02-.05,REALIZATION,0.125,0.125,0.0,1.0,0.0,1.0,0.09375,0.09375,0.09375,False,FALSE,PREDICTION_UNDER_HIDDEN_REALIZED_CONTEXT,ACTUAL_OBSERVATION_PACKET
boundary,3,correct,Q2,B2_roster_prior_v2,False,False,FALSE,0.720458984375,0.720458984375,-0.029541015625,MODERATELY_BELOW,.02-.05,REALIZATION,0.125,0.125,0.0,1.0,0.0,1.0,0.09375,0.09375,0.09375,False,FALSE,PREDICTION_UNDER_HIDDEN_REALIZED_CONTEXT,ACTUAL_OBSERVATION_PACKET
boundary,3,hemlock_extra_hazard_0.12,Q1,B2_roster_prior_v2,False,False,FALSE,0.0,0.0,-0.75,OUTSIDE_BELOW,>.1,REALIZATION,0.125,0.125,0.0,1.0,0.0,1.0,0.09375,0.09375,0.09375,False,FALSE,PREDICTION_UNDER_HIDDEN_REALIZED_CONTEXT,ACTUAL_OBSERVATION_PACKET
boundary,3,hemlock_extra_hazard_0.12,Q2,B2_roster_prior_v2,False,False,FALSE,0.0,0.0,-0.75,OUTSIDE_BELOW,>.1,REALIZATION,0.125,0.125,0.0,1.0,0.0,1.0,0.09375,0.09375,0.09375,False,FALSE,PREDICTION_UNDER_HIDDEN_REALIZED_CONTEXT,ACTUAL_OBSERVATION_PACKET
boundary,3,entry_lognormal_annual_sd_1.2,Q1,B2_roster_prior_v2,False,False,FALSE,0.710418701171875,0.710418701171875,-0.039581298828125,MODERATELY_BELOW,.02-.05,REALIZATION,0.125,0.125,0.0,1.0,0.0,1.0,0.09375,0.09375,0.09375,False,FALSE,PREDICTION_UNDER_HIDDEN_REALIZED_CONTEXT,ACTUAL_OBSERVATION_PACKET
boundary,3,entry_lognormal_annual_sd_1.2,Q2,B2_roster_prior_v2,False,False,FALSE,0.710418701171875,0.710418701171875,-0.039581298828125,MODERATELY_BELOW,.02-.05,REALIZATION,0.125,0.125,0.0,1.0,0.0,1.0,0.09375,0.09375,0.09375,False,FALSE,PREDICTION_UNDER_HIDDEN_REALIZED_CONTEXT,ACTUAL_OBSERVATION_PACKET
boundary,4,correct,Q1,B2_roster_prior_v2,False,False,FALSE,0.749725341796875,0.749725341796875,-0.000274658203125,IMMEDIATELY_BELOW,0-.02,REALIZATION,0.1875,0.1875,0.0,1.0,0.0,1.0,0.15625,0.15625,0.15625,False,FALSE,PREDICTION_UNDER_HIDDEN_REALIZED_CONTEXT,ACTUAL_OBSERVATION_PACKET
boundary,4,correct,Q2,B2_roster_prior_v2,False,False,FALSE,0.749725341796875,0.749725341796875,-0.000274658203125,IMMEDIATELY_BELOW,0-.02,REALIZATION,0.1875,0.1875,0.0,1.0,0.0,1.0,0.15625,0.15625,0.15625,False,FALSE,PREDICTION_UNDER_HIDDEN_REALIZED_CONTEXT,ACTUAL_OBSERVATION_PACKET
boundary,4,hemlock_extra_hazard_0.12,Q1,B2_roster_prior_v2,False,False,FALSE,0.0,0.0,-0.75,OUTSIDE_BELOW,>.1,REALIZATION,0.1875,0.1875,0.0,1.0,0.0,1.0,0.15625,0.15625,0.15625,False,FALSE,PREDICTION_UNDER_HIDDEN_REALIZED_CONTEXT,ACTUAL_OBSERVATION_PACKET
boundary,4,hemlock_extra_hazard_0.12,Q2,B2_roster_prior_v2,False,False,FALSE,0.0,0.0,-0.75,OUTSIDE_BELOW,>.1,REALIZATION,0.1875,0.1875,0.0,1.0,0.0,1.0,0.15625,0.15625,0.15625,False,FALSE,PREDICTION_UNDER_HIDDEN_REALIZED_CONTEXT,ACTUAL_OBSERVATION_PACKET
boundary,4,entry_lognormal_annual_sd_1.2,Q1,B2_roster_prior_v2,False,False,FALSE,0.7403411865234375,0.7403411865234375,-0.0096588134765625,IMMEDIATELY_BELOW,0-.02,REALIZATION,0.1875,0.1875,0.0,1.0,0.0,1.0,0.15625,0.15625,0.15625,False,FALSE,PREDICTION_UNDER_HIDDEN_REALIZED_CONTEXT,ACTUAL_OBSERVATION_PACKET
boundary,4,entry_lognormal_annual_sd_1.2,Q2,B2_roster_prior_v2,False,False,FALSE,0.7403411865234375,0.7403411865234375,-0.0096588134765625,IMMEDIATELY_BELOW,0-.02,REALIZATION,0.1875,0.1875,0.0,1.0,0.0,1.0,0.15625,0.15625,0.15625,False,FALSE,PREDICTION_UNDER_HIDDEN_REALIZED_CONTEXT,ACTUAL_OBSERVATION_PACKET
boundary,5,correct,Q1,B2_roster_prior_v2,False,False,FALSE,0.7970733642578125,0.7970733642578125,0.0470733642578125,MODERATELY_ABOVE,.02-.05,REALIZATION,0.25,0.25,0.0,1.0,0.0,1.0,0.25,0.25,0.25,False,FALSE,PREDICTION_UNDER_HIDDEN_REALIZED_CONTEXT,ACTUAL_OBSERVATION_PACKET
boundary,5,correct,Q2,B2_roster_prior_v2,False,False,FALSE,0.7970733642578125,0.7970733642578125,0.0470733642578125,MODERATELY_ABOVE,.02-.05,REALIZATION,0.25,0.25,0.0,1.0,0.0,1.0,0.25,0.25,0.25,False,FALSE,PREDICTION_UNDER_HIDDEN_REALIZED_CONTEXT,ACTUAL_OBSERVATION_PACKET
boundary,5,hemlock_extra_hazard_0.12,Q1,B2_roster_prior_v2,False,False,FALSE,0.0,0.0,-0.75,OUTSIDE_BELOW,>.1,REALIZATION,0.25,0.25,0.0,1.0,0.0,1.0,0.25,0.25,0.25,False,FALSE,PREDICTION_UNDER_HIDDEN_REALIZED_CONTEXT,ACTUAL_OBSERVATION_PACKET
boundary,5,hemlock_extra_hazard_0.12,Q2,B2_roster_prior_v2,False,False,FALSE,0.0,0.0,-0.75,OUTSIDE_BELOW,>.1,REALIZATION,0.25,0.25,0.0,1.0,0.0,1.0,0.25,0.25,0.25,False,FALSE,PREDICTION_UNDER_HIDDEN_REALIZED_CONTEXT,ACTUAL_OBSERVATION_PACKET
boundary,5,entry_lognormal_annual_sd_1.2,Q1,B2_roster_prior_v2,False,False,FALSE,0.78363037109375,0.78363037109375,0.03363037109375,MODERATELY_ABOVE,.02-.05,REALIZATION,0.25,0.25,0.0,1.0,0.0,1.0,0.25,0.25,0.25,False,FALSE,PREDICTION_UNDER_HIDDEN_REALIZED_CONTEXT,ACTUAL_OBSERVATION_PACKET
boundary,5,entry_lognormal_annual_sd_1.2,Q2,B2_roster_prior_v2,False,False,FALSE,0.78363037109375,0.78363037109375,0.03363037109375,MODERATELY_ABOVE,.02-.05,REALIZATION,0.25,0.25,0.0,1.0,0.0,1.0,0.25,0.25,0.25,False,FALSE,PREDICTION_UNDER_HIDDEN_REALIZED_CONTEXT,ACTUAL_OBSERVATION_PACKET
boundary,6,correct,Q1,B2_roster_prior_v2,False,False,FALSE,0.598968505859375,0.598968505859375,-0.151031494140625,OUTSIDE_BELOW,>.1,REALIZATION,0.1875,0.1875,0.0,1.0,0.0,1.0,0.15625,0.15625,0.15625,False,FALSE,PREDICTION_UNDER_HIDDEN_REALIZED_CONTEXT,ACTUAL_OBSERVATION_PACKET
boundary,6,correct,Q2,B2_roster_prior_v2,False,False,FALSE,0.598968505859375,0.598968505859375,-0.151031494140625,OUTSIDE_BELOW,>.1,REALIZATION,0.1875,0.1875,0.0,1.0,0.0,1.0,0.15625,0.15625,0.15625,False,FALSE,PREDICTION_UNDER_HIDDEN_REALIZED_CONTEXT,ACTUAL_OBSERVATION_PACKET
boundary,6,hemlock_extra_hazard_0.12,Q1,B2_roster_prior_v2,False,False,FALSE,0.0,0.0,-0.75,OUTSIDE_BELOW,>.1,REALIZATION,0.1875,0.1875,0.0,1.0,0.0,1.0,0.15625,0.15625,0.15625,False,FALSE,PREDICTION_UNDER_HIDDEN_REALIZED_CONTEXT,ACTUAL_OBSERVATION_PACKET
boundary,6,hemlock_extra_hazard_0.12,Q2,B2_roster_prior_v2,False,False,FALSE,0.0,0.0,-0.75,OUTSIDE_BELOW,>.1,REALIZATION,0.1875,0.1875,0.0,1.0,0.0,1.0,0.15625,0.15625,0.15625,False,FALSE,PREDICTION_UNDER_HIDDEN_REALIZED_CONTEXT,ACTUAL_OBSERVATION_PACKET
boundary,6,entry_lognormal_annual_sd_1.2,Q1,B2_roster_prior_v2,False,False,FALSE,0.6017913818359375,0.6017913818359375,-0.1482086181640625,OUTSIDE_BELOW,>.1,REALIZATION,0.1875,0.1875,0.0,1.0,0.0,1.0,0.15625,0.15625,0.15625,False,FALSE,PREDICTION_UNDER_HIDDEN_REALIZED_CONTEXT,ACTUAL_OBSERVATION_PACKET
boundary,6,entry_lognormal_annual_sd_1.2,Q2,B2_roster_prior_v2,False,False,FALSE,0.6017913818359375,0.6017913818359375,-0.1482086181640625,OUTSIDE_BELOW,>.1,REALIZATION,0.1875,0.1875,0.0,1.0,0.0,1.0,0.15625,0.15625,0.15625,False,FALSE,PREDICTION_UNDER_HIDDEN_REALIZED_CONTEXT,ACTUAL_OBSERVATION_PACKET
boundary,7,correct,Q1,B2_roster_prior_v2,False,False,FALSE,0.756805419921875,0.756805419921875,0.006805419921875,IMMEDIATELY_ABOVE,0-.02,REALIZATION,0.40625,0.40625,0.0,1.0,0.0,1.0,0.40625,0.40625,0.40625,False,FALSE,PREDICTION_UNDER_HIDDEN_REALIZED_CONTEXT,ACTUAL_OBSERVATION_PACKET
boundary,7,correct,Q2,B2_roster_prior_v2,False,False,FALSE,0.756805419921875,0.756805419921875,0.006805419921875,IMMEDIATELY_ABOVE,0-.02,REALIZATION,0.40625,0.40625,0.0,1.0,0.0,1.0,0.40625,0.40625,0.40625,False,FALSE,PREDICTION_UNDER_HIDDEN_REALIZED_CONTEXT,ACTUAL_OBSERVATION_PACKET
boundary,7,hemlock_extra_hazard_0.12,Q1,B2_roster_prior_v2,False,False,FALSE,0.0,0.0,-0.75,OUTSIDE_BELOW,>.1,REALIZATION,0.40625,0.40625,0.0,1.0,0.0,1.0,0.40625,0.40625,0.40625,False,FALSE,PREDICTION_UNDER_HIDDEN_REALIZED_CONTEXT,ACTUAL_OBSERVATION_PACKET
boundary,7,hemlock_extra_hazard_0.12,Q2,B2_roster_prior_v2,False,False,FALSE,0.0,0.0,-0.75,OUTSIDE_BELOW,>.1,REALIZATION,0.40625,0.40625,0.0,1.0,0.0,1.0,0.40625,0.40625,0.40625,False,FALSE,PREDICTION_UNDER_HIDDEN_REALIZED_CONTEXT,ACTUAL_OBSERVATION_PACKET
boundary,7,entry_lognormal_annual_sd_1.2,Q1,B2_roster_prior_v2,False,False,FALSE,0.7552032470703125,0.7552032470703125,0.0052032470703125,IMMEDIATELY_ABOVE,0-.02,REALIZATION,0.40625,0.40625,0.0,1.0,0.0,1.0,0.40625,0.40625,0.40625,False,FALSE,PREDICTION_UNDER_HIDDEN_REALIZED_CONTEXT,ACTUAL_OBSERVATION_PACKET
boundary,7,entry_lognormal_annual_sd_1.2,Q2,B2_roster_prior_v2,False,False,FALSE,0.7552032470703125,0.7552032470703125,0.0052032470703125,IMMEDIATELY_ABOVE,0-.02,REALIZATION,0.40625,0.40625,0.0,1.0,0.0,1.0,0.40625,0.40625,0.40625,False,FALSE,PREDICTION_UNDER_HIDDEN_REALIZED_CONTEXT,ACTUAL_OBSERVATION_PACKET
boundary,8,correct,Q1,B2_roster_prior_v2,False,False,FALSE,0.709564208984375,0.709564208984375,-0.040435791015625,MODERATELY_BELOW,.02-.05,REALIZATION,0.4586181640625,0.4586181640625,0.0,1.0,0.0,1.0,0.25,0.25,0.25,False,FALSE,PREDICTION_UNDER_HIDDEN_REALIZED_CONTEXT,ACTUAL_OBSERVATION_PACKET
boundary,8,correct,Q2,B2_roster_prior_v2,False,False,FALSE,0.709564208984375,0.709564208984375,-0.040435791015625,MODERATELY_BELOW,.02-.05,REALIZATION,0.4586181640625,0.4586181640625,0.0,1.0,0.0,1.0,0.25,0.25,0.25,False,FALSE,PREDICTION_UNDER_HIDDEN_REALIZED_CONTEXT,ACTUAL_OBSERVATION_PACKET
boundary,8,hemlock_extra_hazard_0.12,Q1,B2_roster_prior_v2,False,False,FALSE,0.0,0.0,-0.75,OUTSIDE_BELOW,>.1,REALIZATION,0.4586181640625,0.4586181640625,0.0,1.0,0.0,1.0,0.25,0.25,0.25,False,FALSE,PREDICTION_UNDER_HIDDEN_REALIZED_CONTEXT,ACTUAL_OBSERVATION_PACKET
boundary,8,hemlock_extra_hazard_0.12,Q2,B2_roster_prior_v2,False,False,FALSE,0.0,0.0,-0.75,OUTSIDE_BELOW,>.1,REALIZATION,0.4586181640625,0.4586181640625,0.0,1.0,0.0,1.0,0.25,0.25,0.25,False,FALSE,PREDICTION_UNDER_HIDDEN_REALIZED_CONTEXT,ACTUAL_OBSERVATION_PACKET
boundary,8,entry_lognormal_annual_sd_1.2,Q1,B2_roster_prior_v2,False,False,FALSE,0.708465576171875,0.708465576171875,-0.041534423828125,MODERATELY_BELOW,.02-.05,REALIZATION,0.4586181640625,0.4586181640625,0.0,1.0,0.0,1.0,0.25,0.25,0.25,False,FALSE,PREDICTION_UNDER_HIDDEN_REALIZED_CONTEXT,ACTUAL_OBSERVATION_PACKET
boundary,8,entry_lognormal_annual_sd_1.2,Q2,B2_roster_prior_v2,False,False,FALSE,0.708465576171875,0.708465576171875,-0.041534423828125,MODERATELY_BELOW,.02-.05,REALIZATION,0.4586181640625,0.4586181640625,0.0,1.0,0.0,1.0,0.25,0.25,0.25,False,FALSE,PREDICTION_UNDER_HIDDEN_REALIZED_CONTEXT,ACTUAL_OBSERVATION_PACKET
boundary,9,correct,Q1,B2_roster_prior_v2,False,False,FALSE,0.6854705810546875,0.6854705810546875,-0.0645294189453125,CLEARLY_BELOW,.05-.1,REALIZATION,0.15625,0.15625,0.0,1.0,0.0,1.0,0.09375,0.09375,0.09375,False,FALSE,PREDICTION_UNDER_HIDDEN_REALIZED_CONTEXT,ACTUAL_OBSERVATION_PACKET
boundary,9,correct,Q2,B2_roster_prior_v2,False,False,FALSE,0.6854705810546875,0.6854705810546875,-0.0645294189453125,CLEARLY_BELOW,.05-.1,REALIZATION,0.15625,0.15625,0.0,1.0,0.0,1.0,0.09375,0.09375,0.09375,False,FALSE,PREDICTION_UNDER_HIDDEN_REALIZED_CONTEXT,ACTUAL_OBSERVATION_PACKET
boundary,9,hemlock_extra_hazard_0.12,Q1,B2_roster_prior_v2,False,False,FALSE,0.0,0.0,-0.75,OUTSIDE_BELOW,>.1,REALIZATION,0.15625,0.15625,0.0,1.0,0.0,1.0,0.09375,0.09375,0.09375,False,FALSE,PREDICTION_UNDER_HIDDEN_REALIZED_CONTEXT,ACTUAL_OBSERVATION_PACKET
boundary,9,hemlock_extra_hazard_0.12,Q2,B2_roster_prior_v2,False,False,FALSE,0.0,0.0,-0.75,OUTSIDE_BELOW,>.1,REALIZATION,0.15625,0.15625,0.0,1.0,0.0,1.0,0.09375,0.09375,0.09375,False,FALSE,PREDICTION_UNDER_HIDDEN_REALIZED_CONTEXT,ACTUAL_OBSERVATION_PACKET
boundary,9,entry_lognormal_annual_sd_1.2,Q1,B2_roster_prior_v2,False,False,FALSE,0.6871185302734375,0.6871185302734375,-0.0628814697265625,CLEARLY_BELOW,.05-.1,REALIZATION,0.15625,0.15625,0.0,1.0,0.0,1.0,0.09375,0.09375,0.09375,False,FALSE,PREDICTION_UNDER_HIDDEN_REALIZED_CONTEXT,ACTUAL_OBSERVATION_PACKET
boundary,9,entry_lognormal_annual_sd_1.2,Q2,B2_roster_prior_v2,False,False,FALSE,0.6871185302734375,0.6871185302734375,-0.0628814697265625,CLEARLY_BELOW,.05-.1,REALIZATION,0.15625,0.15625,0.0,1.0,0.0,1.0,0.09375,0.09375,0.09375,False,FALSE,PREDICTION_UNDER_HIDDEN_REALIZED_CONTEXT,ACTUAL_OBSERVATION_PACKET
boundary,10,correct,Q1,B2_roster_prior_v2,False,False,FALSE,0.875579833984375,0.875579833984375,0.125579833984375,OUTSIDE_ABOVE,>.1,REALIZATION,0.2811279296875,0.2811279296875,0.0,1.0,0.0,1.0,0.0625,0.0625,0.0625,False,FALSE,PREDICTION_UNDER_HIDDEN_REALIZED_CONTEXT,ACTUAL_OBSERVATION_PACKET
boundary,10,correct,Q2,B2_roster_prior_v2,False,False,FALSE,0.875579833984375,0.875579833984375,0.125579833984375,OUTSIDE_ABOVE,>.1,REALIZATION,0.2811279296875,0.2811279296875,0.0,1.0,0.0,1.0,0.0625,0.0625,0.0625,False,FALSE,PREDICTION_UNDER_HIDDEN_REALIZED_CONTEXT,ACTUAL_OBSERVATION_PACKET
boundary,10,hemlock_extra_hazard_0.12,Q1,B2_roster_prior_v2,False,False,FALSE,0.0,0.0,-0.75,OUTSIDE_BELOW,>.1,REALIZATION,0.2811279296875,0.2811279296875,0.0,1.0,0.0,1.0,0.0625,0.0625,0.0625,False,FALSE,PREDICTION_UNDER_HIDDEN_REALIZED_CONTEXT,ACTUAL_OBSERVATION_PACKET
boundary,10,hemlock_extra_hazard_0.12,Q2,B2_roster_prior_v2,False,False,FALSE,0.0,0.0,-0.75,OUTSIDE_BELOW,>.1,REALIZATION,0.2811279296875,0.2811279296875,0.0,1.0,0.0,1.0,0.0625,0.0625,0.0625,False,FALSE,PREDICTION_UNDER_HIDDEN_REALIZED_CONTEXT,ACTUAL_OBSERVATION_PACKET
boundary,10,entry_lognormal_annual_sd_1.2,Q1,B2_roster_prior_v2,False,False,FALSE,0.8717041015625,0.8717041015625,0.1217041015625,OUTSIDE_ABOVE,>.1,REALIZATION,0.2811279296875,0.2811279296875,0.0,1.0,0.0,1.0,0.0625,0.0625,0.0625,False,FALSE,PREDICTION_UNDER_HIDDEN_REALIZED_CONTEXT,ACTUAL_OBSERVATION_PACKET
boundary,10,entry_lognormal_annual_sd_1.2,Q2,B2_roster_prior_v2,False,False,FALSE,0.8717041015625,0.8717041015625,0.1217041015625,OUTSIDE_ABOVE,>.1,REALIZATION,0.2811279296875,0.2811279296875,0.0,1.0,0.0,1.0,0.0625,0.0625,0.0625,False,FALSE,PREDICTION_UNDER_HIDDEN_REALIZED_CONTEXT,ACTUAL_OBSERVATION_PACKET
boundary,11,correct,Q1,B2_roster_prior_v2,False,False,FALSE,0.796661376953125,0.796661376953125,0.046661376953125,MODERATELY_ABOVE,.02-.05,REALIZATION,0.1875,0.1875,0.0,1.0,0.0,1.0,0.1875,0.1875,0.1875,False,FALSE,PREDICTION_UNDER_HIDDEN_REALIZED_CONTEXT,ACTUAL_OBSERVATION_PACKET
boundary,11,correct,Q2,B2_roster_prior_v2,False,False,FALSE,0.796661376953125,0.796661376953125,0.046661376953125,MODERATELY_ABOVE,.02-.05,REALIZATION,0.1875,0.1875,0.0,1.0,0.0,1.0,0.1875,0.1875,0.1875,False,FALSE,PREDICTION_UNDER_HIDDEN_REALIZED_CONTEXT,ACTUAL_OBSERVATION_PACKET
boundary,11,hemlock_extra_hazard_0.12,Q1,B2_roster_prior_v2,False,False,FALSE,0.0,0.0,-0.75,OUTSIDE_BELOW,>.1,REALIZATION,0.1875,0.1875,0.0,1.0,0.0,1.0,0.1875,0.1875,0.1875,False,FALSE,PREDICTION_UNDER_HIDDEN_REALIZED_CONTEXT,ACTUAL_OBSERVATION_PACKET
boundary,11,hemlock_extra_hazard_0.12,Q2,B2_roster_prior_v2,False,False,FALSE,0.0,0.0,-0.75,OUTSIDE_BELOW,>.1,REALIZATION,0.1875,0.1875,0.0,1.0,0.0,1.0,0.1875,0.1875,0.1875,False,FALSE,PREDICTION_UNDER_HIDDEN_REALIZED_CONTEXT,ACTUAL_OBSERVATION_PACKET
boundary,11,entry_lognormal_annual_sd_1.2,Q1,B2_roster_prior_v2,False,False,FALSE,0.796539306640625,0.796539306640625,0.046539306640625,MODERATELY_ABOVE,.02-.05,REALIZATION,0.1875,0.1875,0.0,1.0,0.0,1.0,0.1875,0.1875,0.1875,False,FALSE,PREDICTION_UNDER_HIDDEN_REALIZED_CONTEXT,ACTUAL_OBSERVATION_PACKET
boundary,11,entry_lognormal_annual_sd_1.2,Q2,B2_roster_prior_v2,False,False,FALSE,0.796539306640625,0.796539306640625,0.046539306640625,MODERATELY_ABOVE,.02-.05,REALIZATION,0.1875,0.1875,0.0,1.0,0.0,1.0,0.1875,0.1875,0.1875,False,FALSE,PREDICTION_UNDER_HIDDEN_REALIZED_CONTEXT,ACTUAL_OBSERVATION_PACKET
boundary,12,correct,Q1,B2_roster_prior_v2,False,False,FALSE,0.764373779296875,0.764373779296875,0.014373779296875,IMMEDIATELY_ABOVE,0-.02,REALIZATION,0.2166748046875,0.2166748046875,0.0,1.0,0.0,1.0,0.0625,0.0625,0.0625,False,FALSE,PREDICTION_UNDER_HIDDEN_REALIZED_CONTEXT,ACTUAL_OBSERVATION_PACKET
boundary,12,correct,Q2,B2_roster_prior_v2,False,False,FALSE,0.764373779296875,0.764373779296875,0.014373779296875,IMMEDIATELY_ABOVE,0-.02,REALIZATION,0.2166748046875,0.2166748046875,0.0,1.0,0.0,1.0,0.0625,0.0625,0.0625,False,FALSE,PREDICTION_UNDER_HIDDEN_REALIZED_CONTEXT,ACTUAL_OBSERVATION_PACKET
boundary,12,hemlock_extra_hazard_0.12,Q1,B2_roster_prior_v2,False,False,FALSE,0.0,0.0,-0.75,OUTSIDE_BELOW,>.1,REALIZATION,0.2166748046875,0.2166748046875,0.0,1.0,0.0,1.0,0.0625,0.0625,0.0625,False,FALSE,PREDICTION_UNDER_HIDDEN_REALIZED_CONTEXT,ACTUAL_OBSERVATION_PACKET
boundary,12,hemlock_extra_hazard_0.12,Q2,B2_roster_prior_v2,False,False,FALSE,0.0,0.0,-0.75,OUTSIDE_BELOW,>.1,REALIZATION,0.2166748046875,0.2166748046875,0.0,1.0,0.0,1.0,0.0625,0.0625,0.0625,False,FALSE,PREDICTION_UNDER_HIDDEN_REALIZED_CONTEXT,ACTUAL_OBSERVATION_PACKET
boundary,12,entry_lognormal_annual_sd_1.2,Q1,B2_roster_prior_v2,False,False,FALSE,0.7643585205078125,0.7643585205078125,0.0143585205078125,IMMEDIATELY_ABOVE,0-.02,REALIZATION,0.2166748046875,0.2166748046875,0.0,1.0,0.0,1.0,0.0625,0.0625,0.0625,False,FALSE,PREDICTION_UNDER_HIDDEN_REALIZED_CONTEXT,ACTUAL_OBSERVATION_PACKET
boundary,12,entry_lognormal_annual_sd_1.2,Q2,B2_roster_prior_v2,False,False,FALSE,0.7643585205078125,0.7643585205078125,0.0143585205078125,IMMEDIATELY_ABOVE,0-.02,REALIZATION,0.2166748046875,0.2166748046875,0.0,1.0,0.0,1.0,0.0625,0.0625,0.0625,False,FALSE,PREDICTION_UNDER_HIDDEN_REALIZED_CONTEXT,ACTUAL_OBSERVATION_PACKET
boundary,13,correct,Q1,B2_roster_prior_v2,False,False,FALSE,0.7536773681640625,0.7536773681640625,0.0036773681640625,IMMEDIATELY_ABOVE,0-.02,REALIZATION,0.1875,0.1875,0.0,1.0,0.0,1.0,0.15625,0.15625,0.15625,False,FALSE,PREDICTION_UNDER_HIDDEN_REALIZED_CONTEXT,ACTUAL_OBSERVATION_PACKET
boundary,13,correct,Q2,B2_roster_prior_v2,False,False,FALSE,0.7536773681640625,0.7536773681640625,0.0036773681640625,IMMEDIATELY_ABOVE,0-.02,REALIZATION,0.1875,0.1875,0.0,1.0,0.0,1.0,0.15625,0.15625,0.15625,False,FALSE,PREDICTION_UNDER_HIDDEN_REALIZED_CONTEXT,ACTUAL_OBSERVATION_PACKET
boundary,13,hemlock_extra_hazard_0.12,Q1,B2_roster_prior_v2,False,False,FALSE,0.0,0.0,-0.75,OUTSIDE_BELOW,>.1,REALIZATION,0.1875,0.1875,0.0,1.0,0.0,1.0,0.15625,0.15625,0.15625,False,FALSE,PREDICTION_UNDER_HIDDEN_REALIZED_CONTEXT,ACTUAL_OBSERVATION_PACKET
boundary,13,hemlock_extra_hazard_0.12,Q2,B2_roster_prior_v2,False,False,FALSE,0.0,0.0,-0.75,OUTSIDE_BELOW,>.1,REALIZATION,0.1875,0.1875,0.0,1.0,0.0,1.0,0.15625,0.15625,0.15625,False,FALSE,PREDICTION_UNDER_HIDDEN_REALIZED_CONTEXT,ACTUAL_OBSERVATION_PACKET
boundary,13,entry_lognormal_annual_sd_1.2,Q1,B2_roster_prior_v2,False,False,FALSE,0.751708984375,0.751708984375,0.001708984375,IMMEDIATELY_ABOVE,0-.02,REALIZATION,0.1875,0.1875,0.0,1.0,0.0,1.0,0.15625,0.15625,0.15625,False,FALSE,PREDICTION_UNDER_HIDDEN_REALIZED_CONTEXT,ACTUAL_OBSERVATION_PACKET
boundary,13,entry_lognormal_annual_sd_1.2,Q2,B2_roster_prior_v2,False,False,FALSE,0.751708984375,0.751708984375,0.001708984375,IMMEDIATELY_ABOVE,0-.02,REALIZATION,0.1875,0.1875,0.0,1.0,0.0,1.0,0.15625,0.15625,0.15625,False,FALSE,PREDICTION_UNDER_HIDDEN_REALIZED_CONTEXT,ACTUAL_OBSERVATION_PACKET
boundary,14,correct,Q1,B2_roster_prior_v2,False,False,FALSE,0.808074951171875,0.808074951171875,0.058074951171875,CLEARLY_ABOVE,.05-.1,REALIZATION,0.375,0.375,0.0,1.0,0.0,1.0,0.1875,0.1875,0.1875,False,FALSE,PREDICTION_UNDER_HIDDEN_REALIZED_CONTEXT,ACTUAL_OBSERVATION_PACKET
boundary,14,correct,Q2,B2_roster_prior_v2,False,False,FALSE,0.808074951171875,0.808074951171875,0.058074951171875,CLEARLY_ABOVE,.05-.1,REALIZATION,0.375,0.375,0.0,1.0,0.0,1.0,0.1875,0.1875,0.1875,False,FALSE,PREDICTION_UNDER_HIDDEN_REALIZED_CONTEXT,ACTUAL_OBSERVATION_PACKET
boundary,14,hemlock_extra_hazard_0.12,Q1,B2_roster_prior_v2,False,False,FALSE,0.0,0.0,-0.75,OUTSIDE_BELOW,>.1,REALIZATION,0.375,0.375,0.0,1.0,0.0,1.0,0.1875,0.1875,0.1875,False,FALSE,PREDICTION_UNDER_HIDDEN_REALIZED_CONTEXT,ACTUAL_OBSERVATION_PACKET
boundary,14,hemlock_extra_hazard_0.12,Q2,B2_roster_prior_v2,False,False,FALSE,0.0,0.0,-0.75,OUTSIDE_BELOW,>.1,REALIZATION,0.375,0.375,0.0,1.0,0.0,1.0,0.1875,0.1875,0.1875,False,FALSE,PREDICTION_UNDER_HIDDEN_REALIZED_CONTEXT,ACTUAL_OBSERVATION_PACKET
boundary,14,entry_lognormal_annual_sd_1.2,Q1,B2_roster_prior_v2,False,False,FALSE,0.8091278076171875,0.8091278076171875,0.0591278076171875,CLEARLY_ABOVE,.05-.1,REALIZATION,0.375,0.375,0.0,1.0,0.0,1.0,0.1875,0.1875,0.1875,False,FALSE,PREDICTION_UNDER_HIDDEN_REALIZED_CONTEXT,ACTUAL_OBSERVATION_PACKET
boundary,14,entry_lognormal_annual_sd_1.2,Q2,B2_roster_prior_v2,False,False,FALSE,0.8091278076171875,0.8091278076171875,0.0591278076171875,CLEARLY_ABOVE,.05-.1,REALIZATION,0.375,0.375,0.0,1.0,0.0,1.0,0.1875,0.1875,0.1875,False,FALSE,PREDICTION_UNDER_HIDDEN_REALIZED_CONTEXT,ACTUAL_OBSERVATION_PACKET
boundary,15,correct,Q1,B2_roster_prior_v2,False,False,FALSE,0.75714111328125,0.75714111328125,0.00714111328125,IMMEDIATELY_ABOVE,0-.02,REALIZATION,0.22607421875,0.22607421875,0.0,1.0,0.0,1.0,0.0,0.0,0.0,False,FALSE,PREDICTION_UNDER_HIDDEN_REALIZED_CONTEXT,ACTUAL_OBSERVATION_PACKET
boundary,15,correct,Q2,B2_roster_prior_v2,False,False,FALSE,0.75714111328125,0.75714111328125,0.00714111328125,IMMEDIATELY_ABOVE,0-.02,REALIZATION,0.22607421875,0.22607421875,0.0,1.0,0.0,1.0,0.0,0.0,0.0,False,FALSE,PREDICTION_UNDER_HIDDEN_REALIZED_CONTEXT,ACTUAL_OBSERVATION_PACKET
boundary,15,hemlock_extra_hazard_0.12,Q1,B2_roster_prior_v2,False,False,FALSE,0.0,0.0,-0.75,OUTSIDE_BELOW,>.1,REALIZATION,0.22607421875,0.22607421875,0.0,1.0,0.0,1.0,0.0,0.0,0.0,False,FALSE,PREDICTION_UNDER_HIDDEN_REALIZED_CONTEXT,ACTUAL_OBSERVATION_PACKET
boundary,15,hemlock_extra_hazard_0.12,Q2,B2_roster_prior_v2,False,False,FALSE,0.0,0.0,-0.75,OUTSIDE_BELOW,>.1,REALIZATION,0.22607421875,0.22607421875,0.0,1.0,0.0,1.0,0.0,0.0,0.0,False,FALSE,PREDICTION_UNDER_HIDDEN_REALIZED_CONTEXT,ACTUAL_OBSERVATION_PACKET
boundary,15,entry_lognormal_annual_sd_1.2,Q1,B2_roster_prior_v2,False,False,FALSE,0.759735107421875,0.759735107421875,0.009735107421875,IMMEDIATELY_ABOVE,0-.02,REALIZATION,0.22607421875,0.22607421875,0.0,1.0,0.0,1.0,0.0,0.0,0.0,False,FALSE,PREDICTION_UNDER_HIDDEN_REALIZED_CONTEXT,ACTUAL_OBSERVATION_PACKET
boundary,15,entry_lognormal_annual_sd_1.2,Q2,B2_roster_prior_v2,False,False,FALSE,0.759735107421875,0.759735107421875,0.009735107421875,IMMEDIATELY_ABOVE,0-.02,REALIZATION,0.22607421875,0.22607421875,0.0,1.0,0.0,1.0,0.0,0.0,0.0,False,FALSE,PREDICTION_UNDER_HIDDEN_REALIZED_CONTEXT,ACTUAL_OBSERVATION_PACKET
boundary,16,correct,Q1,B2_roster_prior_v2,False,False,FALSE,0.7820281982421875,0.7820281982421875,0.0320281982421875,MODERATELY_ABOVE,.02-.05,REALIZATION,0.3125,0.3125,0.0,1.0,0.0,1.0,0.21875,0.21875,0.21875,False,FALSE,PREDICTION_UNDER_HIDDEN_REALIZED_CONTEXT,ACTUAL_OBSERVATION_PACKET
boundary,16,correct,Q2,B2_roster_prior_v2,False,False,FALSE,0.7820281982421875,0.7820281982421875,0.0320281982421875,MODERATELY_ABOVE,.02-.05,REALIZATION,0.3125,0.3125,0.0,1.0,0.0,1.0,0.21875,0.21875,0.21875,False,FALSE,PREDICTION_UNDER_HIDDEN_REALIZED_CONTEXT,ACTUAL_OBSERVATION_PACKET
boundary,16,hemlock_extra_hazard_0.12,Q1,B2_roster_prior_v2,False,False,FALSE,0.0,0.0,-0.75,OUTSIDE_BELOW,>.1,REALIZATION,0.3125,0.3125,0.0,1.0,0.0,1.0,0.21875,0.21875,0.21875,False,FALSE,PREDICTION_UNDER_HIDDEN_REALIZED_CONTEXT,ACTUAL_OBSERVATION_PACKET
boundary,16,hemlock_extra_hazard_0.12,Q2,B2_roster_prior_v2,False,False,FALSE,0.0,0.0,-0.75,OUTSIDE_BELOW,>.1,REALIZATION,0.3125,0.3125,0.0,1.0,0.0,1.0,0.21875,0.21875,0.21875,False,FALSE,PREDICTION_UNDER_HIDDEN_REALIZED_CONTEXT,ACTUAL_OBSERVATION_PACKET
boundary,16,entry_lognormal_annual_sd_1.2,Q1,B2_roster_prior_v2,False,False,FALSE,0.7805938720703125,0.7805938720703125,0.0305938720703125,MODERATELY_ABOVE,.02-.05,REALIZATION,0.3125,0.3125,0.0,1.0,0.0,1.0,0.21875,0.21875,0.21875,False,FALSE,PREDICTION_UNDER_HIDDEN_REALIZED_CONTEXT,ACTUAL_OBSERVATION_PACKET
boundary,16,entry_lognormal_annual_sd_1.2,Q2,B2_roster_prior_v2,False,False,FALSE,0.7805938720703125,0.7805938720703125,0.0305938720703125,MODERATELY_ABOVE,.02-.05,REALIZATION,0.3125,0.3125,0.0,1.0,0.0,1.0,0.21875,0.21875,0.21875,False,FALSE,PREDICTION_UNDER_HIDDEN_REALIZED_CONTEXT,ACTUAL_OBSERVATION_PACKET
boundary,17,correct,Q1,B2_roster_prior_v2,False,False,FALSE,0.7963714599609375,0.7963714599609375,0.0463714599609375,MODERATELY_ABOVE,.02-.05,REALIZATION,0.27587890625,0.27587890625,0.0,1.0,0.0,1.0,0.03125,0.03125,0.03125,False,FALSE,PREDICTION_UNDER_HIDDEN_REALIZED_CONTEXT,ACTUAL_OBSERVATION_PACKET
boundary,17,correct,Q2,B2_roster_prior_v2,False,False,FALSE,0.7963714599609375,0.7963714599609375,0.0463714599609375,MODERATELY_ABOVE,.02-.05,REALIZATION,0.27587890625,0.27587890625,0.0,1.0,0.0,1.0,0.03125,0.03125,0.03125,False,FALSE,PREDICTION_UNDER_HIDDEN_REALIZED_CONTEXT,ACTUAL_OBSERVATION_PACKET
boundary,17,hemlock_extra_hazard_0.12,Q1,B2_roster_prior_v2,False,False,FALSE,0.0,0.0,-0.75,OUTSIDE_BELOW,>.1,REALIZATION,0.27587890625,0.27587890625,0.0,1.0,0.0,1.0,0.03125,0.03125,0.03125,False,FALSE,PREDICTION_UNDER_HIDDEN_REALIZED_CONTEXT,ACTUAL_OBSERVATION_PACKET
boundary,17,hemlock_extra_hazard_0.12,Q2,B2_roster_prior_v2,False,False,FALSE,0.0,0.0,-0.75,OUTSIDE_BELOW,>.1,REALIZATION,0.27587890625,0.27587890625,0.0,1.0,0.0,1.0,0.03125,0.03125,0.03125,False,FALSE,PREDICTION_UNDER_HIDDEN_REALIZED_CONTEXT,ACTUAL_OBSERVATION_PACKET
boundary,17,entry_lognormal_annual_sd_1.2,Q1,B2_roster_prior_v2,False,False,FALSE,0.7980194091796875,0.7980194091796875,0.0480194091796875,MODERATELY_ABOVE,.02-.05,REALIZATION,0.27587890625,0.27587890625,0.0,1.0,0.0,1.0,0.03125,0.03125,0.03125,False,FALSE,PREDICTION_UNDER_HIDDEN_REALIZED_CONTEXT,ACTUAL_OBSERVATION_PACKET
boundary,17,entry_lognormal_annual_sd_1.2,Q2,B2_roster_prior_v2,False,False,FALSE,0.7980194091796875,0.7980194091796875,0.0480194091796875,MODERATELY_ABOVE,.02-.05,REALIZATION,0.27587890625,0.27587890625,0.0,1.0,0.0,1.0,0.03125,0.03125,0.03125,False,FALSE,PREDICTION_UNDER_HIDDEN_REALIZED_CONTEXT,ACTUAL_OBSERVATION_PACKET
boundary,18,correct,Q1,B2_roster_prior_v2,True,False,FALSE,0.674468994140625,0.674468994140625,-0.075531005859375,CLEARLY_BELOW,.05-.1,Q1_CAPACITY,0.4156494140625,0.4156494140625,0.0,1.0,0.0,1.0,0.34375,0.3125,0.34375,False,FALSE,PREDICTION_UNDER_HIDDEN_REALIZED_CONTEXT,ACTUAL_OBSERVATION_PACKET
boundary,18,correct,Q2,B2_roster_prior_v2,True,False,FALSE,0.674468994140625,0.674468994140625,-0.075531005859375,CLEARLY_BELOW,.05-.1,Q1_CAPACITY,0.4156494140625,0.4156494140625,0.0,1.0,0.0,1.0,0.34375,0.3125,0.34375,False,FALSE,PREDICTION_UNDER_HIDDEN_REALIZED_CONTEXT,ACTUAL_OBSERVATION_PACKET
boundary,18,hemlock_extra_hazard_0.12,Q1,B2_roster_prior_v2,True,False,FALSE,0.0,0.0,-0.75,OUTSIDE_BELOW,>.1,Q1_CAPACITY,0.4156494140625,0.4156494140625,0.0,1.0,0.0,1.0,0.34375,0.3125,0.34375,False,FALSE,PREDICTION_UNDER_HIDDEN_REALIZED_CONTEXT,ACTUAL_OBSERVATION_PACKET
boundary,18,hemlock_extra_hazard_0.12,Q2,B2_roster_prior_v2,True,False,FALSE,0.0,0.0,-0.75,OUTSIDE_BELOW,>.1,Q1_CAPACITY,0.4156494140625,0.4156494140625,0.0,1.0,0.0,1.0,0.34375,0.3125,0.34375,False,FALSE,PREDICTION_UNDER_HIDDEN_REALIZED_CONTEXT,ACTUAL_OBSERVATION_PACKET
boundary,18,entry_lognormal_annual_sd_1.2,Q1,B2_roster_prior_v2,True,False,FALSE,0.6639862060546875,0.6639862060546875,-0.0860137939453125,CLEARLY_BELOW,.05-.1,Q1_CAPACITY,0.4156494140625,0.4156494140625,0.0,1.0,0.0,1.0,0.34375,0.3125,0.34375,False,FALSE,PREDICTION_UNDER_HIDDEN_REALIZED_CONTEXT,ACTUAL_OBSERVATION_PACKET
boundary,18,entry_lognormal_annual_sd_1.2,Q2,B2_roster_prior_v2,True,False,FALSE,0.6639862060546875,0.6639862060546875,-0.0860137939453125,CLEARLY_BELOW,.05-.1,Q1_CAPACITY,0.4156494140625,0.4156494140625,0.0,1.0,0.0,1.0,0.34375,0.3125,0.34375,False,FALSE,PREDICTION_UNDER_HIDDEN_REALIZED_CONTEXT,ACTUAL_OBSERVATION_PACKET
boundary,19,correct,Q1,B2_roster_prior_v2,True,False,FALSE,0.7269287109375,0.7269287109375,-0.0230712890625,MODERATELY_BELOW,.02-.05,Q1_CAPACITY,0.622802734375,0.622802734375,0.0,1.0,0.0,1.0,0.625,0.59375,0.625,True,TRUE,PREDICTION_UNDER_HIDDEN_REALIZED_CONTEXT,ACTUAL_OBSERVATION_PACKET
boundary,19,correct,Q2,B2_roster_prior_v2,True,False,FALSE,0.7269287109375,0.7269287109375,-0.0230712890625,MODERATELY_BELOW,.02-.05,Q1_CAPACITY,0.622802734375,0.622802734375,0.0,1.0,0.0,1.0,0.625,0.59375,0.625,True,TRUE,PREDICTION_UNDER_HIDDEN_REALIZED_CONTEXT,ACTUAL_OBSERVATION_PACKET
boundary,19,hemlock_extra_hazard_0.12,Q1,B2_roster_prior_v2,True,False,FALSE,0.0,0.0,-0.75,OUTSIDE_BELOW,>.1,Q1_CAPACITY,0.622802734375,0.622802734375,0.0,1.0,0.0,1.0,0.625,0.59375,0.625,True,TRUE,PREDICTION_UNDER_HIDDEN_REALIZED_CONTEXT,ACTUAL_OBSERVATION_PACKET
boundary,19,hemlock_extra_hazard_0.12,Q2,B2_roster_prior_v2,True,False,FALSE,0.0,0.0,-0.75,OUTSIDE_BELOW,>.1,Q1_CAPACITY,0.622802734375,0.622802734375,0.0,1.0,0.0,1.0,0.625,0.59375,0.625,True,TRUE,PREDICTION_UNDER_HIDDEN_REALIZED_CONTEXT,ACTUAL_OBSERVATION_PACKET
boundary,19,entry_lognormal_annual_sd_1.2,Q1,B2_roster_prior_v2,True,False,FALSE,0.7197113037109375,0.7197113037109375,-0.0302886962890625,MODERATELY_BELOW,.02-.05,Q1_CAPACITY,0.622802734375,0.622802734375,0.0,1.0,0.0,1.0,0.625,0.59375,0.625,True,TRUE,PREDICTION_UNDER_HIDDEN_REALIZED_CONTEXT,ACTUAL_OBSERVATION_PACKET
boundary,19,entry_lognormal_annual_sd_1.2,Q2,B2_roster_prior_v2,True,False,FALSE,0.7197113037109375,0.7197113037109375,-0.0302886962890625,MODERATELY_BELOW,.02-.05,Q1_CAPACITY,0.622802734375,0.622802734375,0.0,1.0,0.0,1.0,0.625,0.59375,0.625,True,TRUE,PREDICTION_UNDER_HIDDEN_REALIZED_CONTEXT,ACTUAL_OBSERVATION_PACKET
boundary,20,correct,Q1,B2_roster_prior_v2,True,False,FALSE,0.734832763671875,0.734832763671875,-0.015167236328125,IMMEDIATELY_BELOW,0-.02,Q1_CAPACITY,0.4166259765625,0.4166259765625,0.0,1.0,0.0,1.0,0.40625,0.40625,0.40625,False,FALSE,PREDICTION_UNDER_HIDDEN_REALIZED_CONTEXT,ACTUAL_OBSERVATION_PACKET
boundary,20,correct,Q2,B2_roster_prior_v2,True,False,FALSE,0.734832763671875,0.734832763671875,-0.015167236328125,IMMEDIATELY_BELOW,0-.02,Q1_CAPACITY,0.4166259765625,0.4166259765625,0.0,1.0,0.0,1.0,0.40625,0.40625,0.40625,False,FALSE,PREDICTION_UNDER_HIDDEN_REALIZED_CONTEXT,ACTUAL_OBSERVATION_PACKET
boundary,20,hemlock_extra_hazard_0.12,Q1,B2_roster_prior_v2,True,False,FALSE,0.0,0.0,-0.75,OUTSIDE_BELOW,>.1,Q1_CAPACITY,0.4166259765625,0.4166259765625,0.0,1.0,0.0,1.0,0.40625,0.40625,0.40625,False,FALSE,PREDICTION_UNDER_HIDDEN_REALIZED_CONTEXT,ACTUAL_OBSERVATION_PACKET
boundary,20,hemlock_extra_hazard_0.12,Q2,B2_roster_prior_v2,True,False,FALSE,0.0,0.0,-0.75,OUTSIDE_BELOW,>.1,Q1_CAPACITY,0.4166259765625,0.4166259765625,0.0,1.0,0.0,1.0,0.40625,0.40625,0.40625,False,FALSE,PREDICTION_UNDER_HIDDEN_REALIZED_CONTEXT,ACTUAL_OBSERVATION_PACKET
boundary,20,entry_lognormal_annual_sd_1.2,Q1,B2_roster_prior_v2,True,False,FALSE,0.7248687744140625,0.7248687744140625,-0.0251312255859375,MODERATELY_BELOW,.02-.05,Q1_CAPACITY,0.4166259765625,0.4166259765625,0.0,1.0,0.0,1.0,0.40625,0.40625,0.40625,False,FALSE,PREDICTION_UNDER_HIDDEN_REALIZED_CONTEXT,ACTUAL_OBSERVATION_PACKET
boundary,20,entry_lognormal_annual_sd_1.2,Q2,B2_roster_prior_v2,True,False,FALSE,0.7248687744140625,0.7248687744140625,-0.0251312255859375,MODERATELY_BELOW,.02-.05,Q1_CAPACITY,0.4166259765625,0.4166259765625,0.0,1.0,0.0,1.0,0.40625,0.40625,0.40625,False,FALSE,PREDICTION_UNDER_HIDDEN_REALIZED_CONTEXT,ACTUAL_OBSERVATION_PACKET
boundary,21,correct,Q1,B2_roster_prior_v2,True,True,TRUE,0.7639312744140625,0.7639312744140625,0.0139312744140625,IMMEDIATELY_ABOVE,0-.02,HEALTHY,0.5035400390625,0.5035400390625,0.0,1.0,0.0,1.0,0.5,0.5,0.5,True,MC_UNRESOLVED,PREDICTION_UNDER_HIDDEN_REALIZED_CONTEXT,ACTUAL_OBSERVATION_PACKET
boundary,21,correct,Q2,B2_roster_prior_v2,True,True,TRUE,0.7639312744140625,0.7639312744140625,0.0139312744140625,IMMEDIATELY_ABOVE,0-.02,HEALTHY,0.5035400390625,0.5035400390625,0.0,1.0,0.0,1.0,0.5,0.5,0.5,True,MC_UNRESOLVED,PREDICTION_UNDER_HIDDEN_REALIZED_CONTEXT,ACTUAL_OBSERVATION_PACKET
boundary,21,hemlock_extra_hazard_0.12,Q1,B2_roster_prior_v2,True,False,FALSE,0.0,0.0,-0.75,OUTSIDE_BELOW,>.1,Q1_CAPACITY,0.5035400390625,0.5035400390625,0.0,1.0,0.0,1.0,0.5,0.5,0.5,True,MC_UNRESOLVED,PREDICTION_UNDER_HIDDEN_REALIZED_CONTEXT,ACTUAL_OBSERVATION_PACKET
boundary,21,hemlock_extra_hazard_0.12,Q2,B2_roster_prior_v2,True,False,FALSE,0.0,0.0,-0.75,OUTSIDE_BELOW,>.1,Q1_CAPACITY,0.5035400390625,0.5035400390625,0.0,1.0,0.0,1.0,0.5,0.5,0.5,True,MC_UNRESOLVED,PREDICTION_UNDER_HIDDEN_REALIZED_CONTEXT,ACTUAL_OBSERVATION_PACKET
boundary,21,entry_lognormal_annual_sd_1.2,Q1,B2_roster_prior_v2,True,True,TRUE,0.7549285888671875,0.7549285888671875,0.0049285888671875,IMMEDIATELY_ABOVE,0-.02,HEALTHY,0.5035400390625,0.5035400390625,0.0,1.0,0.0,1.0,0.5,0.5,0.5,True,MC_UNRESOLVED,PREDICTION_UNDER_HIDDEN_REALIZED_CONTEXT,ACTUAL_OBSERVATION_PACKET
boundary,21,entry_lognormal_annual_sd_1.2,Q2,B2_roster_prior_v2,True,True,TRUE,0.7549285888671875,0.7549285888671875,0.0049285888671875,IMMEDIATELY_ABOVE,0-.02,HEALTHY,0.5035400390625,0.5035400390625,0.0,1.0,0.0,1.0,0.5,0.5,0.5,True,MC_UNRESOLVED,PREDICTION_UNDER_HIDDEN_REALIZED_CONTEXT,ACTUAL_OBSERVATION_PACKET
boundary,22,correct,Q1,B2_roster_prior_v2,True,True,TRUE,0.777435302734375,0.777435302734375,0.027435302734375,MODERATELY_ABOVE,.02-.05,HEALTHY,0.4803466796875,0.4803466796875,0.0,1.0,0.0,1.0,0.46875,0.4375,0.46875,False,FALSE,PREDICTION_UNDER_HIDDEN_REALIZED_CONTEXT,ACTUAL_OBSERVATION_PACKET
boundary,22,correct,Q2,B2_roster_prior_v2,True,True,TRUE,0.777435302734375,0.777435302734375,0.027435302734375,MODERATELY_ABOVE,.02-.05,HEALTHY,0.4803466796875,0.4803466796875,0.0,1.0,0.0,1.0,0.46875,0.4375,0.46875,False,FALSE,PREDICTION_UNDER_HIDDEN_REALIZED_CONTEXT,ACTUAL_OBSERVATION_PACKET
boundary,22,hemlock_extra_hazard_0.12,Q1,B2_roster_prior_v2,True,False,FALSE,0.0,0.0,-0.75,OUTSIDE_BELOW,>.1,Q1_CAPACITY,0.4803466796875,0.4803466796875,0.0,1.0,0.0,1.0,0.46875,0.4375,0.46875,False,FALSE,PREDICTION_UNDER_HIDDEN_REALIZED_CONTEXT,ACTUAL_OBSERVATION_PACKET
boundary,22,hemlock_extra_hazard_0.12,Q2,B2_roster_prior_v2,True,False,FALSE,0.0,0.0,-0.75,OUTSIDE_BELOW,>.1,Q1_CAPACITY,0.4803466796875,0.4803466796875,0.0,1.0,0.0,1.0,0.46875,0.4375,0.46875,False,FALSE,PREDICTION_UNDER_HIDDEN_REALIZED_CONTEXT,ACTUAL_OBSERVATION_PACKET
boundary,22,entry_lognormal_annual_sd_1.2,Q1,B2_roster_prior_v2,True,True,TRUE,0.770416259765625,0.770416259765625,0.020416259765625,MODERATELY_ABOVE,.02-.05,HEALTHY,0.4803466796875,0.4803466796875,0.0,1.0,0.0,1.0,0.46875,0.4375,0.46875,False,FALSE,PREDICTION_UNDER_HIDDEN_REALIZED_CONTEXT,ACTUAL_OBSERVATION_PACKET
boundary,22,entry_lognormal_annual_sd_1.2,Q2,B2_roster_prior_v2,True,True,TRUE,0.770416259765625,0.770416259765625,0.020416259765625,MODERATELY_ABOVE,.02-.05,HEALTHY,0.4803466796875,0.4803466796875,0.0,1.0,0.0,1.0,0.46875,0.4375,0.46875,False,FALSE,PREDICTION_UNDER_HIDDEN_REALIZED_CONTEXT,ACTUAL_OBSERVATION_PACKET
boundary,23,correct,Q1,B2_roster_prior_v2,True,True,TRUE,0.8192901611328125,0.8192901611328125,0.0692901611328125,CLEARLY_ABOVE,.05-.1,HEALTHY,0.46875,0.46875,0.0,1.0,0.0,1.0,0.46875,0.46875,0.46875,False,FALSE,PREDICTION_UNDER_HIDDEN_REALIZED_CONTEXT,ACTUAL_OBSERVATION_PACKET
boundary,23,correct,Q2,B2_roster_prior_v2,True,True,TRUE,0.8192901611328125,0.8192901611328125,0.0692901611328125,CLEARLY_ABOVE,.05-.1,HEALTHY,0.46875,0.46875,0.0,1.0,0.0,1.0,0.46875,0.46875,0.46875,False,FALSE,PREDICTION_UNDER_HIDDEN_REALIZED_CONTEXT,ACTUAL_OBSERVATION_PACKET
boundary,23,hemlock_extra_hazard_0.12,Q1,B2_roster_prior_v2,True,False,FALSE,0.0,0.0,-0.75,OUTSIDE_BELOW,>.1,Q1_CAPACITY,0.46875,0.46875,0.0,1.0,0.0,1.0,0.46875,0.46875,0.46875,False,FALSE,PREDICTION_UNDER_HIDDEN_REALIZED_CONTEXT,ACTUAL_OBSERVATION_PACKET
boundary,23,hemlock_extra_hazard_0.12,Q2,B2_roster_prior_v2,True,False,FALSE,0.0,0.0,-0.75,OUTSIDE_BELOW,>.1,Q1_CAPACITY,0.46875,0.46875,0.0,1.0,0.0,1.0,0.46875,0.46875,0.46875,False,FALSE,PREDICTION_UNDER_HIDDEN_REALIZED_CONTEXT,ACTUAL_OBSERVATION_PACKET
boundary,23,entry_lognormal_annual_sd_1.2,Q1,B2_roster_prior_v2,True,True,TRUE,0.80810546875,0.80810546875,0.05810546875,CLEARLY_ABOVE,.05-.1,HEALTHY,0.46875,0.46875,0.0,1.0,0.0,1.0,0.46875,0.46875,0.46875,False,FALSE,PREDICTION_UNDER_HIDDEN_REALIZED_CONTEXT,ACTUAL_OBSERVATION_PACKET
boundary,23,entry_lognormal_annual_sd_1.2,Q2,B2_roster_prior_v2,True,True,TRUE,0.80810546875,0.80810546875,0.05810546875,CLEARLY_ABOVE,.05-.1,HEALTHY,0.46875,0.46875,0.0,1.0,0.0,1.0,0.46875,0.46875,0.46875,False,FALSE,PREDICTION_UNDER_HIDDEN_REALIZED_CONTEXT,ACTUAL_OBSERVATION_PACKET
boundary,24,correct,Q1,B2_roster_prior_v2,True,False,FALSE,0.6634368896484375,0.6634368896484375,-0.0865631103515625,CLEARLY_BELOW,.05-.1,Q1_CAPACITY,0.501220703125,0.501220703125,0.0,1.0,0.0,1.0,0.46875,0.4375,0.46875,False,FALSE,PREDICTION_UNDER_HIDDEN_REALIZED_CONTEXT,ACTUAL_OBSERVATION_PACKET
boundary,24,correct,Q2,B2_roster_prior_v2,True,False,FALSE,0.6634368896484375,0.6634368896484375,-0.0865631103515625,CLEARLY_BELOW,.05-.1,Q1_CAPACITY,0.501220703125,0.501220703125,0.0,1.0,0.0,1.0,0.46875,0.4375,0.46875,False,FALSE,PREDICTION_UNDER_HIDDEN_REALIZED_CONTEXT,ACTUAL_OBSERVATION_PACKET
boundary,24,hemlock_extra_hazard_0.12,Q1,B2_roster_prior_v2,True,False,FALSE,0.0,0.0,-0.75,OUTSIDE_BELOW,>.1,Q1_CAPACITY,0.501220703125,0.501220703125,0.0,1.0,0.0,1.0,0.46875,0.4375,0.46875,False,FALSE,PREDICTION_UNDER_HIDDEN_REALIZED_CONTEXT,ACTUAL_OBSERVATION_PACKET
boundary,24,hemlock_extra_hazard_0.12,Q2,B2_roster_prior_v2,True,False,FALSE,0.0,0.0,-0.75,OUTSIDE_BELOW,>.1,Q1_CAPACITY,0.501220703125,0.501220703125,0.0,1.0,0.0,1.0,0.46875,0.4375,0.46875,False,FALSE,PREDICTION_UNDER_HIDDEN_REALIZED_CONTEXT,ACTUAL_OBSERVATION_PACKET
boundary,24,entry_lognormal_annual_sd_1.2,Q1,B2_roster_prior_v2,True,False,FALSE,0.657196044921875,0.657196044921875,-0.092803955078125,CLEARLY_BELOW,.05-.1,Q1_CAPACITY,0.501220703125,0.501220703125,0.0,1.0,0.0,1.0,0.46875,0.4375,0.46875,False,FALSE,PREDICTION_UNDER_HIDDEN_REALIZED_CONTEXT,ACTUAL_OBSERVATION_PACKET
boundary,24,entry_lognormal_annual_sd_1.2,Q2,B2_roster_prior_v2,True,False,FALSE,0.657196044921875,0.657196044921875,-0.092803955078125,CLEARLY_BELOW,.05-.1,Q1_CAPACITY,0.501220703125,0.501220703125,0.0,1.0,0.0,1.0,0.46875,0.4375,0.46875,False,FALSE,PREDICTION_UNDER_HIDDEN_REALIZED_CONTEXT,ACTUAL_OBSERVATION_PACKET
boundary,25,correct,Q1,B2_roster_prior_v2,True,False,FALSE,0.7130889892578125,0.7130889892578125,-0.0369110107421875,MODERATELY_BELOW,.02-.05,Q1_CAPACITY,0.5738525390625,0.5738525390625,0.0,1.0,0.0,1.0,0.59375,0.5625,0.59375,True,TRUE,PREDICTION_UNDER_HIDDEN_REALIZED_CONTEXT,ACTUAL_OBSERVATION_PACKET
boundary,25,correct,Q2,B2_roster_prior_v2,True,False,FALSE,0.7130889892578125,0.7130889892578125,-0.0369110107421875,MODERATELY_BELOW,.02-.05,Q1_CAPACITY,0.5738525390625,0.5738525390625,0.0,1.0,0.0,1.0,0.59375,0.5625,0.59375,True,TRUE,PREDICTION_UNDER_HIDDEN_REALIZED_CONTEXT,ACTUAL_OBSERVATION_PACKET
boundary,25,hemlock_extra_hazard_0.12,Q1,B2_roster_prior_v2,True,False,FALSE,0.0,0.0,-0.75,OUTSIDE_BELOW,>.1,Q1_CAPACITY,0.5738525390625,0.5738525390625,0.0,1.0,0.0,1.0,0.59375,0.5625,0.59375,True,TRUE,PREDICTION_UNDER_HIDDEN_REALIZED_CONTEXT,ACTUAL_OBSERVATION_PACKET
boundary,25,hemlock_extra_hazard_0.12,Q2,B2_roster_prior_v2,True,False,FALSE,0.0,0.0,-0.75,OUTSIDE_BELOW,>.1,Q1_CAPACITY,0.5738525390625,0.5738525390625,0.0,1.0,0.0,1.0,0.59375,0.5625,0.59375,True,TRUE,PREDICTION_UNDER_HIDDEN_REALIZED_CONTEXT,ACTUAL_OBSERVATION_PACKET
boundary,25,entry_lognormal_annual_sd_1.2,Q1,B2_roster_prior_v2,True,False,FALSE,0.7140960693359375,0.7140960693359375,-0.0359039306640625,MODERATELY_BELOW,.02-.05,Q1_CAPACITY,0.5738525390625,0.5738525390625,0.0,1.0,0.0,1.0,0.59375,0.5625,0.59375,True,TRUE,PREDICTION_UNDER_HIDDEN_REALIZED_CONTEXT,ACTUAL_OBSERVATION_PACKET
boundary,25,entry_lognormal_annual_sd_1.2,Q2,B2_roster_prior_v2,True,False,FALSE,0.7140960693359375,0.7140960693359375,-0.0359039306640625,MODERATELY_BELOW,.02-.05,Q1_CAPACITY,0.5738525390625,0.5738525390625,0.0,1.0,0.0,1.0,0.59375,0.5625,0.59375,True,TRUE,PREDICTION_UNDER_HIDDEN_REALIZED_CONTEXT,ACTUAL_OBSERVATION_PACKET
boundary,26,correct,Q1,B2_roster_prior_v2,True,False,MC_UNRESOLVED,0.7470550537109375,0.7470550537109375,-0.0029449462890625,IMMEDIATELY_BELOW,0-.02,Q1_CAPACITY,0.6248779296875,0.6248779296875,0.0,1.0,0.0,1.0,0.625,0.625,0.625,True,TRUE,PREDICTION_UNDER_HIDDEN_REALIZED_CONTEXT,ACTUAL_OBSERVATION_PACKET
boundary,26,correct,Q2,B2_roster_prior_v2,True,False,MC_UNRESOLVED,0.7470550537109375,0.7470550537109375,-0.0029449462890625,IMMEDIATELY_BELOW,0-.02,Q1_CAPACITY,0.6248779296875,0.6248779296875,0.0,1.0,0.0,1.0,0.625,0.625,0.625,True,TRUE,PREDICTION_UNDER_HIDDEN_REALIZED_CONTEXT,ACTUAL_OBSERVATION_PACKET
boundary,26,hemlock_extra_hazard_0.12,Q1,B2_roster_prior_v2,True,False,FALSE,0.0,0.0,-0.75,OUTSIDE_BELOW,>.1,Q1_CAPACITY,0.6248779296875,0.6248779296875,0.0,1.0,0.0,1.0,0.625,0.625,0.625,True,TRUE,PREDICTION_UNDER_HIDDEN_REALIZED_CONTEXT,ACTUAL_OBSERVATION_PACKET
boundary,26,hemlock_extra_hazard_0.12,Q2,B2_roster_prior_v2,True,False,FALSE,0.0,0.0,-0.75,OUTSIDE_BELOW,>.1,Q1_CAPACITY,0.6248779296875,0.6248779296875,0.0,1.0,0.0,1.0,0.625,0.625,0.625,True,TRUE,PREDICTION_UNDER_HIDDEN_REALIZED_CONTEXT,ACTUAL_OBSERVATION_PACKET
boundary,26,entry_lognormal_annual_sd_1.2,Q1,B2_roster_prior_v2,True,False,MC_UNRESOLVED,0.7475128173828125,0.7475128173828125,-0.0024871826171875,IMMEDIATELY_BELOW,0-.02,Q1_CAPACITY,0.6248779296875,0.6248779296875,0.0,1.0,0.0,1.0,0.625,0.625,0.625,True,TRUE,PREDICTION_UNDER_HIDDEN_REALIZED_CONTEXT,ACTUAL_OBSERVATION_PACKET
boundary,26,entry_lognormal_annual_sd_1.2,Q2,B2_roster_prior_v2,True,False,MC_UNRESOLVED,0.7475128173828125,0.7475128173828125,-0.0024871826171875,IMMEDIATELY_BELOW,0-.02,Q1_CAPACITY,0.6248779296875,0.6248779296875,0.0,1.0,0.0,1.0,0.625,0.625,0.625,True,TRUE,PREDICTION_UNDER_HIDDEN_REALIZED_CONTEXT,ACTUAL_OBSERVATION_PACKET
boundary,27,correct,Q1,B2_roster_prior_v2,True,False,FALSE,0.744781494140625,0.744781494140625,-0.005218505859375,IMMEDIATELY_BELOW,0-.02,Q1_CAPACITY,0.4276123046875,0.4276123046875,0.0,1.0,0.0,1.0,0.40625,0.40625,0.40625,False,FALSE,PREDICTION_UNDER_HIDDEN_REALIZED_CONTEXT,ACTUAL_OBSERVATION_PACKET
boundary,27,correct,Q2,B2_roster_prior_v2,True,False,FALSE,0.744781494140625,0.744781494140625,-0.005218505859375,IMMEDIATELY_BELOW,0-.02,Q1_CAPACITY,0.4276123046875,0.4276123046875,0.0,1.0,0.0,1.0,0.40625,0.40625,0.40625,False,FALSE,PREDICTION_UNDER_HIDDEN_REALIZED_CONTEXT,ACTUAL_OBSERVATION_PACKET
boundary,27,hemlock_extra_hazard_0.12,Q1,B2_roster_prior_v2,True,False,FALSE,0.0,0.0,-0.75,OUTSIDE_BELOW,>.1,Q1_CAPACITY,0.4276123046875,0.4276123046875,0.0,1.0,0.0,1.0,0.40625,0.40625,0.40625,False,FALSE,PREDICTION_UNDER_HIDDEN_REALIZED_CONTEXT,ACTUAL_OBSERVATION_PACKET
boundary,27,hemlock_extra_hazard_0.12,Q2,B2_roster_prior_v2,True,False,FALSE,0.0,0.0,-0.75,OUTSIDE_BELOW,>.1,Q1_CAPACITY,0.4276123046875,0.4276123046875,0.0,1.0,0.0,1.0,0.40625,0.40625,0.40625,False,FALSE,PREDICTION_UNDER_HIDDEN_REALIZED_CONTEXT,ACTUAL_OBSERVATION_PACKET
boundary,27,entry_lognormal_annual_sd_1.2,Q1,B2_roster_prior_v2,True,False,FALSE,0.745758056640625,0.745758056640625,-0.004241943359375,IMMEDIATELY_BELOW,0-.02,Q1_CAPACITY,0.4276123046875,0.4276123046875,0.0,1.0,0.0,1.0,0.40625,0.40625,0.40625,False,FALSE,PREDICTION_UNDER_HIDDEN_REALIZED_CONTEXT,ACTUAL_OBSERVATION_PACKET
boundary,27,entry_lognormal_annual_sd_1.2,Q2,B2_roster_prior_v2,True,False,FALSE,0.745758056640625,0.745758056640625,-0.004241943359375,IMMEDIATELY_BELOW,0-.02,Q1_CAPACITY,0.4276123046875,0.4276123046875,0.0,1.0,0.0,1.0,0.40625,0.40625,0.40625,False,FALSE,PREDICTION_UNDER_HIDDEN_REALIZED_CONTEXT,ACTUAL_OBSERVATION_PACKET
boundary,28,correct,Q1,B2_roster_prior_v2,True,True,TRUE,0.7777862548828125,0.7777862548828125,0.0277862548828125,MODERATELY_ABOVE,.02-.05,HEALTHY,0.55908203125,0.55908203125,0.0,1.0,0.0,1.0,0.5625,0.5625,0.5625,True,TRUE,PREDICTION_UNDER_HIDDEN_REALIZED_CONTEXT,ACTUAL_OBSERVATION_PACKET
boundary,28,correct,Q2,B2_roster_prior_v2,True,True,TRUE,0.7777862548828125,0.7777862548828125,0.0277862548828125,MODERATELY_ABOVE,.02-.05,HEALTHY,0.55908203125,0.55908203125,0.0,1.0,0.0,1.0,0.5625,0.5625,0.5625,True,TRUE,PREDICTION_UNDER_HIDDEN_REALIZED_CONTEXT,ACTUAL_OBSERVATION_PACKET
boundary,28,hemlock_extra_hazard_0.12,Q1,B2_roster_prior_v2,True,False,FALSE,0.0,0.0,-0.75,OUTSIDE_BELOW,>.1,Q1_CAPACITY,0.55908203125,0.55908203125,0.0,1.0,0.0,1.0,0.5625,0.5625,0.5625,True,TRUE,PREDICTION_UNDER_HIDDEN_REALIZED_CONTEXT,ACTUAL_OBSERVATION_PACKET
boundary,28,hemlock_extra_hazard_0.12,Q2,B2_roster_prior_v2,True,False,FALSE,0.0,0.0,-0.75,OUTSIDE_BELOW,>.1,Q1_CAPACITY,0.55908203125,0.55908203125,0.0,1.0,0.0,1.0,0.5625,0.5625,0.5625,True,TRUE,PREDICTION_UNDER_HIDDEN_REALIZED_CONTEXT,ACTUAL_OBSERVATION_PACKET
boundary,28,entry_lognormal_annual_sd_1.2,Q1,B2_roster_prior_v2,True,True,TRUE,0.775054931640625,0.775054931640625,0.025054931640625,MODERATELY_ABOVE,.02-.05,HEALTHY,0.55908203125,0.55908203125,0.0,1.0,0.0,1.0,0.5625,0.5625,0.5625,True,TRUE,PREDICTION_UNDER_HIDDEN_REALIZED_CONTEXT,ACTUAL_OBSERVATION_PACKET
boundary,28,entry_lognormal_annual_sd_1.2,Q2,B2_roster_prior_v2,True,True,TRUE,0.775054931640625,0.775054931640625,0.025054931640625,MODERATELY_ABOVE,.02-.05,HEALTHY,0.55908203125,0.55908203125,0.0,1.0,0.0,1.0,0.5625,0.5625,0.5625,True,TRUE,PREDICTION_UNDER_HIDDEN_REALIZED_CONTEXT,ACTUAL_OBSERVATION_PACKET
boundary,29,correct,Q1,B2_roster_prior_v2,True,True,TRUE,0.822052001953125,0.822052001953125,0.072052001953125,CLEARLY_ABOVE,.05-.1,HEALTHY,0.553466796875,0.553466796875,0.0,1.0,0.0,1.0,0.5625,0.5625,0.5625,True,TRUE,PREDICTION_UNDER_HIDDEN_REALIZED_CONTEXT,ACTUAL_OBSERVATION_PACKET
boundary,29,correct,Q2,B2_roster_prior_v2,True,True,TRUE,0.822052001953125,0.822052001953125,0.072052001953125,CLEARLY_ABOVE,.05-.1,HEALTHY,0.553466796875,0.553466796875,0.0,1.0,0.0,1.0,0.5625,0.5625,0.5625,True,TRUE,PREDICTION_UNDER_HIDDEN_REALIZED_CONTEXT,ACTUAL_OBSERVATION_PACKET
boundary,29,hemlock_extra_hazard_0.12,Q1,B2_roster_prior_v2,True,False,FALSE,0.0,0.0,-0.75,OUTSIDE_BELOW,>.1,Q1_CAPACITY,0.553466796875,0.553466796875,0.0,1.0,0.0,1.0,0.5625,0.5625,0.5625,True,TRUE,PREDICTION_UNDER_HIDDEN_REALIZED_CONTEXT,ACTUAL_OBSERVATION_PACKET
boundary,29,hemlock_extra_hazard_0.12,Q2,B2_roster_prior_v2,True,False,FALSE,0.0,0.0,-0.75,OUTSIDE_BELOW,>.1,Q1_CAPACITY,0.553466796875,0.553466796875,0.0,1.0,0.0,1.0,0.5625,0.5625,0.5625,True,TRUE,PREDICTION_UNDER_HIDDEN_REALIZED_CONTEXT,ACTUAL_OBSERVATION_PACKET
boundary,29,entry_lognormal_annual_sd_1.2,Q1,B2_roster_prior_v2,True,True,TRUE,0.8238677978515625,0.8238677978515625,0.0738677978515625,CLEARLY_ABOVE,.05-.1,HEALTHY,0.553466796875,0.553466796875,0.0,1.0,0.0,1.0,0.5625,0.5625,0.5625,True,TRUE,PREDICTION_UNDER_HIDDEN_REALIZED_CONTEXT,ACTUAL_OBSERVATION_PACKET
boundary,29,entry_lognormal_annual_sd_1.2,Q2,B2_roster_prior_v2,True,True,TRUE,0.8238677978515625,0.8238677978515625,0.0738677978515625,CLEARLY_ABOVE,.05-.1,HEALTHY,0.553466796875,0.553466796875,0.0,1.0,0.0,1.0,0.5625,0.5625,0.5625,True,TRUE,PREDICTION_UNDER_HIDDEN_REALIZED_CONTEXT,ACTUAL_OBSERVATION_PACKET
boundary,30,correct,Q1,B2_roster_prior_v2,True,False,FALSE,0.6670989990234375,0.6670989990234375,-0.0829010009765625,CLEARLY_BELOW,.05-.1,Q1_CAPACITY,0.375,0.375,0.0,1.0,0.0,1.0,0.375,0.375,0.375,False,FALSE,PREDICTION_UNDER_HIDDEN_REALIZED_CONTEXT,ACTUAL_OBSERVATION_PACKET
boundary,30,correct,Q2,B2_roster_prior_v2,True,False,FALSE,0.6670989990234375,0.6670989990234375,-0.0829010009765625,CLEARLY_BELOW,.05-.1,Q1_CAPACITY,0.375,0.375,0.0,1.0,0.0,1.0,0.375,0.375,0.375,False,FALSE,PREDICTION_UNDER_HIDDEN_REALIZED_CONTEXT,ACTUAL_OBSERVATION_PACKET
boundary,30,hemlock_extra_hazard_0.12,Q1,B2_roster_prior_v2,True,False,FALSE,0.0,0.0,-0.75,OUTSIDE_BELOW,>.1,Q1_CAPACITY,0.375,0.375,0.0,1.0,0.0,1.0,0.375,0.375,0.375,False,FALSE,PREDICTION_UNDER_HIDDEN_REALIZED_CONTEXT,ACTUAL_OBSERVATION_PACKET
boundary,30,hemlock_extra_hazard_0.12,Q2,B2_roster_prior_v2,True,False,FALSE,0.0,0.0,-0.75,OUTSIDE_BELOW,>.1,Q1_CAPACITY,0.375,0.375,0.0,1.0,0.0,1.0,0.375,0.375,0.375,False,FALSE,PREDICTION_UNDER_HIDDEN_REALIZED_CONTEXT,ACTUAL_OBSERVATION_PACKET
boundary,30,entry_lognormal_annual_sd_1.2,Q1,B2_roster_prior_v2,True,False,FALSE,0.6688995361328125,0.6688995361328125,-0.0811004638671875,CLEARLY_BELOW,.05-.1,Q1_CAPACITY,0.375,0.375,0.0,1.0,0.0,1.0,0.375,0.375,0.375,False,FALSE,PREDICTION_UNDER_HIDDEN_REALIZED_CONTEXT,ACTUAL_OBSERVATION_PACKET
boundary,30,entry_lognormal_annual_sd_1.2,Q2,B2_roster_prior_v2,True,False,FALSE,0.6688995361328125,0.6688995361328125,-0.0811004638671875,CLEARLY_BELOW,.05-.1,Q1_CAPACITY,0.375,0.375,0.0,1.0,0.0,1.0,0.375,0.375,0.375,False,FALSE,PREDICTION_UNDER_HIDDEN_REALIZED_CONTEXT,ACTUAL_OBSERVATION_PACKET
boundary,31,correct,Q1,B2_roster_prior_v2,True,False,FALSE,0.7163238525390625,0.7163238525390625,-0.0336761474609375,MODERATELY_BELOW,.02-.05,Q1_CAPACITY,0.4654541015625,0.4654541015625,0.0,1.0,0.0,1.0,0.40625,0.40625,0.40625,False,FALSE,PREDICTION_UNDER_HIDDEN_REALIZED_CONTEXT,ACTUAL_OBSERVATION_PACKET
boundary,31,correct,Q2,B2_roster_prior_v2,True,False,FALSE,0.7163238525390625,0.7163238525390625,-0.0336761474609375,MODERATELY_BELOW,.02-.05,Q1_CAPACITY,0.4654541015625,0.4654541015625,0.0,1.0,0.0,1.0,0.40625,0.40625,0.40625,False,FALSE,PREDICTION_UNDER_HIDDEN_REALIZED_CONTEXT,ACTUAL_OBSERVATION_PACKET
boundary,31,hemlock_extra_hazard_0.12,Q1,B2_roster_prior_v2,True,False,FALSE,0.0,0.0,-0.75,OUTSIDE_BELOW,>.1,Q1_CAPACITY,0.4654541015625,0.4654541015625,0.0,1.0,0.0,1.0,0.40625,0.40625,0.40625,False,FALSE,PREDICTION_UNDER_HIDDEN_REALIZED_CONTEXT,ACTUAL_OBSERVATION_PACKET
boundary,31,hemlock_extra_hazard_0.12,Q2,B2_roster_prior_v2,True,False,FALSE,0.0,0.0,-0.75,OUTSIDE_BELOW,>.1,Q1_CAPACITY,0.4654541015625,0.4654541015625,0.0,1.0,0.0,1.0,0.40625,0.40625,0.40625,False,FALSE,PREDICTION_UNDER_HIDDEN_REALIZED_CONTEXT,ACTUAL_OBSERVATION_PACKET
boundary,31,entry_lognormal_annual_sd_1.2,Q1,B2_roster_prior_v2,True,False,FALSE,0.71514892578125,0.71514892578125,-0.03485107421875,MODERATELY_BELOW,.02-.05,Q1_CAPACITY,0.4654541015625,0.4654541015625,0.0,1.0,0.0,1.0,0.40625,0.40625,0.40625,False,FALSE,PREDICTION_UNDER_HIDDEN_REALIZED_CONTEXT,ACTUAL_OBSERVATION_PACKET
boundary,31,entry_lognormal_annual_sd_1.2,Q2,B2_roster_prior_v2,True,False,FALSE,0.71514892578125,0.71514892578125,-0.03485107421875,MODERATELY_BELOW,.02-.05,Q1_CAPACITY,0.4654541015625,0.4654541015625,0.0,1.0,0.0,1.0,0.40625,0.40625,0.40625,False,FALSE,PREDICTION_UNDER_HIDDEN_REALIZED_CONTEXT,ACTUAL_OBSERVATION_PACKET
boundary,32,correct,Q1,B2_roster_prior_v2,True,True,MC_UNRESOLVED,0.7523651123046875,0.7523651123046875,0.0023651123046875,IMMEDIATELY_ABOVE,0-.02,HEALTHY,0.376708984375,0.376708984375,0.0,1.0,0.0,1.0,0.375,0.34375,0.375,False,FALSE,PREDICTION_UNDER_HIDDEN_REALIZED_CONTEXT,ACTUAL_OBSERVATION_PACKET
boundary,32,correct,Q2,B2_roster_prior_v2,True,True,MC_UNRESOLVED,0.7523651123046875,0.7523651123046875,0.0023651123046875,IMMEDIATELY_ABOVE,0-.02,HEALTHY,0.376708984375,0.376708984375,0.0,1.0,0.0,1.0,0.375,0.34375,0.375,False,FALSE,PREDICTION_UNDER_HIDDEN_REALIZED_CONTEXT,ACTUAL_OBSERVATION_PACKET
boundary,32,hemlock_extra_hazard_0.12,Q1,B2_roster_prior_v2,True,False,FALSE,0.0,0.0,-0.75,OUTSIDE_BELOW,>.1,Q1_CAPACITY,0.376708984375,0.376708984375,0.0,1.0,0.0,1.0,0.375,0.34375,0.375,False,FALSE,PREDICTION_UNDER_HIDDEN_REALIZED_CONTEXT,ACTUAL_OBSERVATION_PACKET
boundary,32,hemlock_extra_hazard_0.12,Q2,B2_roster_prior_v2,True,False,FALSE,0.0,0.0,-0.75,OUTSIDE_BELOW,>.1,Q1_CAPACITY,0.376708984375,0.376708984375,0.0,1.0,0.0,1.0,0.375,0.34375,0.375,False,FALSE,PREDICTION_UNDER_HIDDEN_REALIZED_CONTEXT,ACTUAL_OBSERVATION_PACKET
boundary,32,entry_lognormal_annual_sd_1.2,Q1,B2_roster_prior_v2,True,True,MC_UNRESOLVED,0.751190185546875,0.751190185546875,0.001190185546875,IMMEDIATELY_ABOVE,0-.02,HEALTHY,0.376708984375,0.376708984375,0.0,1.0,0.0,1.0,0.375,0.34375,0.375,False,FALSE,PREDICTION_UNDER_HIDDEN_REALIZED_CONTEXT,ACTUAL_OBSERVATION_PACKET
boundary,32,entry_lognormal_annual_sd_1.2,Q2,B2_roster_prior_v2,True,True,MC_UNRESOLVED,0.751190185546875,0.751190185546875,0.001190185546875,IMMEDIATELY_ABOVE,0-.02,HEALTHY,0.376708984375,0.376708984375,0.0,1.0,0.0,1.0,0.375,0.34375,0.375,False,FALSE,PREDICTION_UNDER_HIDDEN_REALIZED_CONTEXT,ACTUAL_OBSERVATION_PACKET
boundary,33,correct,Q1,B2_roster_prior_v2,True,True,MC_UNRESOLVED,0.753143310546875,0.753143310546875,0.003143310546875,IMMEDIATELY_ABOVE,0-.02,HEALTHY,0.4713134765625,0.4713134765625,0.0,1.0,0.0,1.0,0.46875,0.46875,0.46875,False,FALSE,PREDICTION_UNDER_HIDDEN_REALIZED_CONTEXT,ACTUAL_OBSERVATION_PACKET
boundary,33,correct,Q2,B2_roster_prior_v2,True,True,MC_UNRESOLVED,0.753143310546875,0.753143310546875,0.003143310546875,IMMEDIATELY_ABOVE,0-.02,HEALTHY,0.4713134765625,0.4713134765625,0.0,1.0,0.0,1.0,0.46875,0.46875,0.46875,False,FALSE,PREDICTION_UNDER_HIDDEN_REALIZED_CONTEXT,ACTUAL_OBSERVATION_PACKET
boundary,33,hemlock_extra_hazard_0.12,Q1,B2_roster_prior_v2,True,False,FALSE,0.0,0.0,-0.75,OUTSIDE_BELOW,>.1,Q1_CAPACITY,0.4713134765625,0.4713134765625,0.0,1.0,0.0,1.0,0.46875,0.46875,0.46875,False,FALSE,PREDICTION_UNDER_HIDDEN_REALIZED_CONTEXT,ACTUAL_OBSERVATION_PACKET
boundary,33,hemlock_extra_hazard_0.12,Q2,B2_roster_prior_v2,True,False,FALSE,0.0,0.0,-0.75,OUTSIDE_BELOW,>.1,Q1_CAPACITY,0.4713134765625,0.4713134765625,0.0,1.0,0.0,1.0,0.46875,0.46875,0.46875,False,FALSE,PREDICTION_UNDER_HIDDEN_REALIZED_CONTEXT,ACTUAL_OBSERVATION_PACKET
boundary,33,entry_lognormal_annual_sd_1.2,Q1,B2_roster_prior_v2,True,True,TRUE,0.754791259765625,0.754791259765625,0.004791259765625,IMMEDIATELY_ABOVE,0-.02,HEALTHY,0.4713134765625,0.4713134765625,0.0,1.0,0.0,1.0,0.46875,0.46875,0.46875,False,FALSE,PREDICTION_UNDER_HIDDEN_REALIZED_CONTEXT,ACTUAL_OBSERVATION_PACKET
boundary,33,entry_lognormal_annual_sd_1.2,Q2,B2_roster_prior_v2,True,True,TRUE,0.754791259765625,0.754791259765625,0.004791259765625,IMMEDIATELY_ABOVE,0-.02,HEALTHY,0.4713134765625,0.4713134765625,0.0,1.0,0.0,1.0,0.46875,0.46875,0.46875,False,FALSE,PREDICTION_UNDER_HIDDEN_REALIZED_CONTEXT,ACTUAL_OBSERVATION_PACKET
boundary,34,correct,Q1,B2_roster_prior_v2,True,True,TRUE,0.7894134521484375,0.7894134521484375,0.0394134521484375,MODERATELY_ABOVE,.02-.05,HEALTHY,0.40625,0.40625,0.0,1.0,0.0,1.0,0.40625,0.40625,0.40625,False,FALSE,PREDICTION_UNDER_HIDDEN_REALIZED_CONTEXT,ACTUAL_OBSERVATION_PACKET
boundary,34,correct,Q2,B2_roster_prior_v2,True,True,TRUE,0.7894134521484375,0.7894134521484375,0.0394134521484375,MODERATELY_ABOVE,.02-.05,HEALTHY,0.40625,0.40625,0.0,1.0,0.0,1.0,0.40625,0.40625,0.40625,False,FALSE,PREDICTION_UNDER_HIDDEN_REALIZED_CONTEXT,ACTUAL_OBSERVATION_PACKET
boundary,34,hemlock_extra_hazard_0.12,Q1,B2_roster_prior_v2,True,False,FALSE,0.0,0.0,-0.75,OUTSIDE_BELOW,>.1,Q1_CAPACITY,0.40625,0.40625,0.0,1.0,0.0,1.0,0.40625,0.40625,0.40625,False,FALSE,PREDICTION_UNDER_HIDDEN_REALIZED_CONTEXT,ACTUAL_OBSERVATION_PACKET
boundary,34,hemlock_extra_hazard_0.12,Q2,B2_roster_prior_v2,True,False,FALSE,0.0,0.0,-0.75,OUTSIDE_BELOW,>.1,Q1_CAPACITY,0.40625,0.40625,0.0,1.0,0.0,1.0,0.40625,0.40625,0.40625,False,FALSE,PREDICTION_UNDER_HIDDEN_REALIZED_CONTEXT,ACTUAL_OBSERVATION_PACKET
boundary,34,entry_lognormal_annual_sd_1.2,Q1,B2_roster_prior_v2,True,True,TRUE,0.7904510498046875,0.7904510498046875,0.0404510498046875,MODERATELY_ABOVE,.02-.05,HEALTHY,0.40625,0.40625,0.0,1.0,0.0,1.0,0.40625,0.40625,0.40625,False,FALSE,PREDICTION_UNDER_HIDDEN_REALIZED_CONTEXT,ACTUAL_OBSERVATION_PACKET
boundary,34,entry_lognormal_annual_sd_1.2,Q2,B2_roster_prior_v2,True,True,TRUE,0.7904510498046875,0.7904510498046875,0.0404510498046875,MODERATELY_ABOVE,.02-.05,HEALTHY,0.40625,0.40625,0.0,1.0,0.0,1.0,0.40625,0.40625,0.40625,False,FALSE,PREDICTION_UNDER_HIDDEN_REALIZED_CONTEXT,ACTUAL_OBSERVATION_PACKET
boundary,35,correct,Q1,B2_roster_prior_v2,True,True,TRUE,0.81756591796875,0.81756591796875,0.06756591796875,CLEARLY_ABOVE,.05-.1,HEALTHY,0.467041015625,0.467041015625,0.0,1.0,0.0,1.0,0.4375,0.40625,0.4375,False,FALSE,PREDICTION_UNDER_HIDDEN_REALIZED_CONTEXT,ACTUAL_OBSERVATION_PACKET
boundary,35,correct,Q2,B2_roster_prior_v2,True,True,TRUE,0.81756591796875,0.81756591796875,0.06756591796875,CLEARLY_ABOVE,.05-.1,HEALTHY,0.467041015625,0.467041015625,0.0,1.0,0.0,1.0,0.4375,0.40625,0.4375,False,FALSE,PREDICTION_UNDER_HIDDEN_REALIZED_CONTEXT,ACTUAL_OBSERVATION_PACKET
boundary,35,hemlock_extra_hazard_0.12,Q1,B2_roster_prior_v2,True,False,FALSE,0.0,0.0,-0.75,OUTSIDE_BELOW,>.1,Q1_CAPACITY,0.467041015625,0.467041015625,0.0,1.0,0.0,1.0,0.4375,0.40625,0.4375,False,FALSE,PREDICTION_UNDER_HIDDEN_REALIZED_CONTEXT,ACTUAL_OBSERVATION_PACKET
boundary,35,hemlock_extra_hazard_0.12,Q2,B2_roster_prior_v2,True,False,FALSE,0.0,0.0,-0.75,OUTSIDE_BELOW,>.1,Q1_CAPACITY,0.467041015625,0.467041015625,0.0,1.0,0.0,1.0,0.4375,0.40625,0.4375,False,FALSE,PREDICTION_UNDER_HIDDEN_REALIZED_CONTEXT,ACTUAL_OBSERVATION_PACKET
boundary,35,entry_lognormal_annual_sd_1.2,Q1,B2_roster_prior_v2,True,True,TRUE,0.8211822509765625,0.8211822509765625,0.0711822509765625,CLEARLY_ABOVE,.05-.1,HEALTHY,0.467041015625,0.467041015625,0.0,1.0,0.0,1.0,0.4375,0.40625,0.4375,False,FALSE,PREDICTION_UNDER_HIDDEN_REALIZED_CONTEXT,ACTUAL_OBSERVATION_PACKET
boundary,35,entry_lognormal_annual_sd_1.2,Q2,B2_roster_prior_v2,True,True,TRUE,0.8211822509765625,0.8211822509765625,0.0711822509765625,CLEARLY_ABOVE,.05-.1,HEALTHY,0.467041015625,0.467041015625,0.0,1.0,0.0,1.0,0.4375,0.40625,0.4375,False,FALSE,PREDICTION_UNDER_HIDDEN_REALIZED_CONTEXT,ACTUAL_OBSERVATION_PACKET
boundary,36,correct,Q1,B2_roster_prior_v2,True,False,FALSE,0.66253662109375,0.66253662109375,-0.08746337890625,CLEARLY_BELOW,.05-.1,Q1_CAPACITY,0.574951171875,0.574951171875,0.0,1.0,0.0,1.0,0.5625,0.53125,0.5625,True,TRUE,PREDICTION_UNDER_HIDDEN_REALIZED_CONTEXT,ACTUAL_OBSERVATION_PACKET
boundary,36,correct,Q2,B2_roster_prior_v2,True,False,FALSE,0.66253662109375,0.66253662109375,-0.08746337890625,CLEARLY_BELOW,.05-.1,Q1_CAPACITY,0.574951171875,0.574951171875,0.0,1.0,0.0,1.0,0.5625,0.53125,0.5625,True,TRUE,PREDICTION_UNDER_HIDDEN_REALIZED_CONTEXT,ACTUAL_OBSERVATION_PACKET
boundary,36,hemlock_extra_hazard_0.12,Q1,B2_roster_prior_v2,True,False,FALSE,0.0,0.0,-0.75,OUTSIDE_BELOW,>.1,Q1_CAPACITY,0.574951171875,0.574951171875,0.0,1.0,0.0,1.0,0.5625,0.53125,0.5625,True,TRUE,PREDICTION_UNDER_HIDDEN_REALIZED_CONTEXT,ACTUAL_OBSERVATION_PACKET
boundary,36,hemlock_extra_hazard_0.12,Q2,B2_roster_prior_v2,True,False,FALSE,0.0,0.0,-0.75,OUTSIDE_BELOW,>.1,Q1_CAPACITY,0.574951171875,0.574951171875,0.0,1.0,0.0,1.0,0.5625,0.53125,0.5625,True,TRUE,PREDICTION_UNDER_HIDDEN_REALIZED_CONTEXT,ACTUAL_OBSERVATION_PACKET
boundary,36,entry_lognormal_annual_sd_1.2,Q1,B2_roster_prior_v2,True,False,FALSE,0.660858154296875,0.660858154296875,-0.089141845703125,CLEARLY_BELOW,.05-.1,Q1_CAPACITY,0.574951171875,0.574951171875,0.0,1.0,0.0,1.0,0.5625,0.53125,0.5625,True,TRUE,PREDICTION_UNDER_HIDDEN_REALIZED_CONTEXT,ACTUAL_OBSERVATION_PACKET
boundary,36,entry_lognormal_annual_sd_1.2,Q2,B2_roster_prior_v2,True,False,FALSE,0.660858154296875,0.660858154296875,-0.089141845703125,CLEARLY_BELOW,.05-.1,Q1_CAPACITY,0.574951171875,0.574951171875,0.0,1.0,0.0,1.0,0.5625,0.53125,0.5625,True,TRUE,PREDICTION_UNDER_HIDDEN_REALIZED_CONTEXT,ACTUAL_OBSERVATION_PACKET
boundary,37,correct,Q1,B2_roster_prior_v2,True,False,FALSE,0.71337890625,0.71337890625,-0.03662109375,MODERATELY_BELOW,.02-.05,Q1_CAPACITY,0.61767578125,0.61767578125,0.0,1.0,0.0,1.0,0.5625,0.5625,0.59375,True,TRUE,PREDICTION_UNDER_HIDDEN_REALIZED_CONTEXT,ACTUAL_OBSERVATION_PACKET
boundary,37,correct,Q2,B2_roster_prior_v2,True,False,FALSE,0.71337890625,0.71337890625,-0.03662109375,MODERATELY_BELOW,.02-.05,Q1_CAPACITY,0.61767578125,0.61767578125,0.0,1.0,0.0,1.0,0.5625,0.5625,0.59375,True,TRUE,PREDICTION_UNDER_HIDDEN_REALIZED_CONTEXT,ACTUAL_OBSERVATION_PACKET
boundary,37,hemlock_extra_hazard_0.12,Q1,B2_roster_prior_v2,True,False,FALSE,0.0,0.0,-0.75,OUTSIDE_BELOW,>.1,Q1_CAPACITY,0.61767578125,0.61767578125,0.0,1.0,0.0,1.0,0.5625,0.5625,0.59375,True,TRUE,PREDICTION_UNDER_HIDDEN_REALIZED_CONTEXT,ACTUAL_OBSERVATION_PACKET
boundary,37,hemlock_extra_hazard_0.12,Q2,B2_roster_prior_v2,True,False,FALSE,0.0,0.0,-0.75,OUTSIDE_BELOW,>.1,Q1_CAPACITY,0.61767578125,0.61767578125,0.0,1.0,0.0,1.0,0.5625,0.5625,0.59375,True,TRUE,PREDICTION_UNDER_HIDDEN_REALIZED_CONTEXT,ACTUAL_OBSERVATION_PACKET
boundary,37,entry_lognormal_annual_sd_1.2,Q1,B2_roster_prior_v2,True,False,FALSE,0.7121429443359375,0.7121429443359375,-0.0378570556640625,MODERATELY_BELOW,.02-.05,Q1_CAPACITY,0.61767578125,0.61767578125,0.0,1.0,0.0,1.0,0.5625,0.5625,0.59375,True,TRUE,PREDICTION_UNDER_HIDDEN_REALIZED_CONTEXT,ACTUAL_OBSERVATION_PACKET
boundary,37,entry_lognormal_annual_sd_1.2,Q2,B2_roster_prior_v2,True,False,FALSE,0.7121429443359375,0.7121429443359375,-0.0378570556640625,MODERATELY_BELOW,.02-.05,Q1_CAPACITY,0.61767578125,0.61767578125,0.0,1.0,0.0,1.0,0.5625,0.5625,0.59375,True,TRUE,PREDICTION_UNDER_HIDDEN_REALIZED_CONTEXT,ACTUAL_OBSERVATION_PACKET
boundary,38,correct,Q1,B2_roster_prior_v2,True,False,MC_UNRESOLVED,0.7487640380859375,0.7487640380859375,-0.0012359619140625,IMMEDIATELY_BELOW,0-.02,Q1_CAPACITY,0.4888916015625,0.4888916015625,0.0,1.0,0.0,1.0,0.46875,0.46875,0.46875,False,FALSE,PREDICTION_UNDER_HIDDEN_REALIZED_CONTEXT,ACTUAL_OBSERVATION_PACKET
boundary,38,correct,Q2,B2_roster_prior_v2,True,False,MC_UNRESOLVED,0.7487640380859375,0.7487640380859375,-0.0012359619140625,IMMEDIATELY_BELOW,0-.02,Q1_CAPACITY,0.4888916015625,0.4888916015625,0.0,1.0,0.0,1.0,0.46875,0.46875,0.46875,False,FALSE,PREDICTION_UNDER_HIDDEN_REALIZED_CONTEXT,ACTUAL_OBSERVATION_PACKET
boundary,38,hemlock_extra_hazard_0.12,Q1,B2_roster_prior_v2,True,False,FALSE,0.0,0.0,-0.75,OUTSIDE_BELOW,>.1,Q1_CAPACITY,0.4888916015625,0.4888916015625,0.0,1.0,0.0,1.0,0.46875,0.46875,0.46875,False,FALSE,PREDICTION_UNDER_HIDDEN_REALIZED_CONTEXT,ACTUAL_OBSERVATION_PACKET
boundary,38,hemlock_extra_hazard_0.12,Q2,B2_roster_prior_v2,True,False,FALSE,0.0,0.0,-0.75,OUTSIDE_BELOW,>.1,Q1_CAPACITY,0.4888916015625,0.4888916015625,0.0,1.0,0.0,1.0,0.46875,0.46875,0.46875,False,FALSE,PREDICTION_UNDER_HIDDEN_REALIZED_CONTEXT,ACTUAL_OBSERVATION_PACKET
boundary,38,entry_lognormal_annual_sd_1.2,Q1,B2_roster_prior_v2,True,False,FALSE,0.740753173828125,0.740753173828125,-0.009246826171875,IMMEDIATELY_BELOW,0-.02,Q1_CAPACITY,0.4888916015625,0.4888916015625,0.0,1.0,0.0,1.0,0.46875,0.46875,0.46875,False,FALSE,PREDICTION_UNDER_HIDDEN_REALIZED_CONTEXT,ACTUAL_OBSERVATION_PACKET
boundary,38,entry_lognormal_annual_sd_1.2,Q2,B2_roster_prior_v2,True,False,FALSE,0.740753173828125,0.740753173828125,-0.009246826171875,IMMEDIATELY_BELOW,0-.02,Q1_CAPACITY,0.4888916015625,0.4888916015625,0.0,1.0,0.0,1.0,0.46875,0.46875,0.46875,False,FALSE,PREDICTION_UNDER_HIDDEN_REALIZED_CONTEXT,ACTUAL_OBSERVATION_PACKET
boundary,39,correct,Q1,B2_roster_prior_v2,True,False,FALSE,0.7392425537109375,0.7392425537109375,-0.0107574462890625,IMMEDIATELY_BELOW,0-.02,Q1_CAPACITY,0.6849365234375,0.6849365234375,0.0,1.0,0.0,1.0,0.625,0.625,0.65625,True,TRUE,PREDICTION_UNDER_HIDDEN_REALIZED_CONTEXT,ACTUAL_OBSERVATION_PACKET
boundary,39,correct,Q2,B2_roster_prior_v2,True,False,FALSE,0.7392425537109375,0.7392425537109375,-0.0107574462890625,IMMEDIATELY_BELOW,0-.02,Q1_CAPACITY,0.6849365234375,0.6849365234375,0.0,1.0,0.0,1.0,0.625,0.625,0.65625,True,TRUE,PREDICTION_UNDER_HIDDEN_REALIZED_CONTEXT,ACTUAL_OBSERVATION_PACKET
boundary,39,hemlock_extra_hazard_0.12,Q1,B2_roster_prior_v2,True,False,FALSE,0.0,0.0,-0.75,OUTSIDE_BELOW,>.1,Q1_CAPACITY,0.6849365234375,0.6849365234375,0.0,1.0,0.0,1.0,0.625,0.625,0.65625,True,TRUE,PREDICTION_UNDER_HIDDEN_REALIZED_CONTEXT,ACTUAL_OBSERVATION_PACKET
boundary,39,hemlock_extra_hazard_0.12,Q2,B2_roster_prior_v2,True,False,FALSE,0.0,0.0,-0.75,OUTSIDE_BELOW,>.1,Q1_CAPACITY,0.6849365234375,0.6849365234375,0.0,1.0,0.0,1.0,0.625,0.625,0.65625,True,TRUE,PREDICTION_UNDER_HIDDEN_REALIZED_CONTEXT,ACTUAL_OBSERVATION_PACKET
boundary,39,entry_lognormal_annual_sd_1.2,Q1,B2_roster_prior_v2,True,False,FALSE,0.737945556640625,0.737945556640625,-0.012054443359375,IMMEDIATELY_BELOW,0-.02,Q1_CAPACITY,0.6849365234375,0.6849365234375,0.0,1.0,0.0,1.0,0.625,0.625,0.65625,True,TRUE,PREDICTION_UNDER_HIDDEN_REALIZED_CONTEXT,ACTUAL_OBSERVATION_PACKET
boundary,39,entry_lognormal_annual_sd_1.2,Q2,B2_roster_prior_v2,True,False,FALSE,0.737945556640625,0.737945556640625,-0.012054443359375,IMMEDIATELY_BELOW,0-.02,Q1_CAPACITY,0.6849365234375,0.6849365234375,0.0,1.0,0.0,1.0,0.625,0.625,0.65625,True,TRUE,PREDICTION_UNDER_HIDDEN_REALIZED_CONTEXT,ACTUAL_OBSERVATION_PACKET
boundary,40,correct,Q1,B2_roster_prior_v2,True,True,TRUE,0.7738189697265625,0.7738189697265625,0.0238189697265625,MODERATELY_ABOVE,.02-.05,HEALTHY,0.822021484375,0.822021484375,0.0,1.0,0.0,1.0,0.8125,0.8125,0.8125,True,TRUE,PREDICTION_UNDER_HIDDEN_REALIZED_CONTEXT,ACTUAL_OBSERVATION_PACKET
boundary,40,correct,Q2,B2_roster_prior_v2,True,True,TRUE,0.7738189697265625,0.7738189697265625,0.0238189697265625,MODERATELY_ABOVE,.02-.05,HEALTHY,0.822021484375,0.822021484375,0.0,1.0,0.0,1.0,0.8125,0.8125,0.8125,True,TRUE,PREDICTION_UNDER_HIDDEN_REALIZED_CONTEXT,ACTUAL_OBSERVATION_PACKET
boundary,40,hemlock_extra_hazard_0.12,Q1,B2_roster_prior_v2,True,False,FALSE,0.0,0.0,-0.75,OUTSIDE_BELOW,>.1,Q1_CAPACITY,0.822021484375,0.822021484375,0.0,1.0,0.0,1.0,0.8125,0.8125,0.8125,True,TRUE,PREDICTION_UNDER_HIDDEN_REALIZED_CONTEXT,ACTUAL_OBSERVATION_PACKET
boundary,40,hemlock_extra_hazard_0.12,Q2,B2_roster_prior_v2,True,False,FALSE,0.0,0.0,-0.75,OUTSIDE_BELOW,>.1,Q1_CAPACITY,0.822021484375,0.822021484375,0.0,1.0,0.0,1.0,0.8125,0.8125,0.8125,True,TRUE,PREDICTION_UNDER_HIDDEN_REALIZED_CONTEXT,ACTUAL_OBSERVATION_PACKET
boundary,40,entry_lognormal_annual_sd_1.2,Q1,B2_roster_prior_v2,True,True,TRUE,0.77020263671875,0.77020263671875,0.02020263671875,MODERATELY_ABOVE,.02-.05,HEALTHY,0.822021484375,0.822021484375,0.0,1.0,0.0,1.0,0.8125,0.8125,0.8125,True,TRUE,PREDICTION_UNDER_HIDDEN_REALIZED_CONTEXT,ACTUAL_OBSERVATION_PACKET
boundary,40,entry_lognormal_annual_sd_1.2,Q2,B2_roster_prior_v2,True,True,TRUE,0.77020263671875,0.77020263671875,0.02020263671875,MODERATELY_ABOVE,.02-.05,HEALTHY,0.822021484375,0.822021484375,0.0,1.0,0.0,1.0,0.8125,0.8125,0.8125,True,TRUE,PREDICTION_UNDER_HIDDEN_REALIZED_CONTEXT,ACTUAL_OBSERVATION_PACKET
boundary,41,correct,Q1,B2_roster_prior_v2,True,True,TRUE,0.8237762451171875,0.8237762451171875,0.0737762451171875,CLEARLY_ABOVE,.05-.1,HEALTHY,0.7276611328125,0.7276611328125,0.0,1.0,0.0,1.0,0.6875,0.6875,0.6875,True,TRUE,PREDICTION_UNDER_HIDDEN_REALIZED_CONTEXT,ACTUAL_OBSERVATION_PACKET
boundary,41,correct,Q2,B2_roster_prior_v2,True,True,TRUE,0.8237762451171875,0.8237762451171875,0.0737762451171875,CLEARLY_ABOVE,.05-.1,HEALTHY,0.7276611328125,0.7276611328125,0.0,1.0,0.0,1.0,0.6875,0.6875,0.6875,True,TRUE,PREDICTION_UNDER_HIDDEN_REALIZED_CONTEXT,ACTUAL_OBSERVATION_PACKET
boundary,41,hemlock_extra_hazard_0.12,Q1,B2_roster_prior_v2,True,False,FALSE,0.0,0.0,-0.75,OUTSIDE_BELOW,>.1,Q1_CAPACITY,0.7276611328125,0.7276611328125,0.0,1.0,0.0,1.0,0.6875,0.6875,0.6875,True,TRUE,PREDICTION_UNDER_HIDDEN_REALIZED_CONTEXT,ACTUAL_OBSERVATION_PACKET
boundary,41,hemlock_extra_hazard_0.12,Q2,B2_roster_prior_v2,True,False,FALSE,0.0,0.0,-0.75,OUTSIDE_BELOW,>.1,Q1_CAPACITY,0.7276611328125,0.7276611328125,0.0,1.0,0.0,1.0,0.6875,0.6875,0.6875,True,TRUE,PREDICTION_UNDER_HIDDEN_REALIZED_CONTEXT,ACTUAL_OBSERVATION_PACKET
boundary,41,entry_lognormal_annual_sd_1.2,Q1,B2_roster_prior_v2,True,True,TRUE,0.822021484375,0.822021484375,0.072021484375,CLEARLY_ABOVE,.05-.1,HEALTHY,0.7276611328125,0.7276611328125,0.0,1.0,0.0,1.0,0.6875,0.6875,0.6875,True,TRUE,PREDICTION_UNDER_HIDDEN_REALIZED_CONTEXT,ACTUAL_OBSERVATION_PACKET
boundary,41,entry_lognormal_annual_sd_1.2,Q2,B2_roster_prior_v2,True,True,TRUE,0.822021484375,0.822021484375,0.072021484375,CLEARLY_ABOVE,.05-.1,HEALTHY,0.7276611328125,0.7276611328125,0.0,1.0,0.0,1.0,0.6875,0.6875,0.6875,True,TRUE,PREDICTION_UNDER_HIDDEN_REALIZED_CONTEXT,ACTUAL_OBSERVATION_PACKET
boundary,42,correct,Q1,B2_roster_prior_v2,True,False,FALSE,0.6691436767578125,0.6691436767578125,-0.0808563232421875,CLEARLY_BELOW,.05-.1,Q1_CAPACITY,0.8468017578125,0.8468017578125,0.0873046875,1.0,0.0873046875,1.0,0.8125,0.8125,0.8125,True,TRUE,PREDICTION_UNDER_HIDDEN_REALIZED_CONTEXT,ACTUAL_OBSERVATION_PACKET
boundary,42,correct,Q2,B2_roster_prior_v2,True,False,FALSE,0.6691436767578125,0.6691436767578125,-0.0808563232421875,CLEARLY_BELOW,.05-.1,Q1_CAPACITY,0.8468017578125,0.8468017578125,0.0873046875,1.0,0.0873046875,1.0,0.8125,0.8125,0.8125,True,TRUE,PREDICTION_UNDER_HIDDEN_REALIZED_CONTEXT,ACTUAL_OBSERVATION_PACKET
boundary,42,hemlock_extra_hazard_0.12,Q1,B2_roster_prior_v2,True,False,FALSE,0.0,0.0,-0.75,OUTSIDE_BELOW,>.1,Q1_CAPACITY,0.8468017578125,0.8468017578125,0.0873046875,1.0,0.0873046875,1.0,0.8125,0.8125,0.8125,True,TRUE,PREDICTION_UNDER_HIDDEN_REALIZED_CONTEXT,ACTUAL_OBSERVATION_PACKET
boundary,42,hemlock_extra_hazard_0.12,Q2,B2_roster_prior_v2,True,False,FALSE,0.0,0.0,-0.75,OUTSIDE_BELOW,>.1,Q1_CAPACITY,0.8468017578125,0.8468017578125,0.0873046875,1.0,0.0873046875,1.0,0.8125,0.8125,0.8125,True,TRUE,PREDICTION_UNDER_HIDDEN_REALIZED_CONTEXT,ACTUAL_OBSERVATION_PACKET
boundary,42,entry_lognormal_annual_sd_1.2,Q1,B2_roster_prior_v2,True,False,FALSE,0.6697845458984375,0.6697845458984375,-0.0802154541015625,CLEARLY_BELOW,.05-.1,Q1_CAPACITY,0.8468017578125,0.8468017578125,0.0873046875,1.0,0.0873046875,1.0,0.8125,0.8125,0.8125,True,TRUE,PREDICTION_UNDER_HIDDEN_REALIZED_CONTEXT,ACTUAL_OBSERVATION_PACKET
boundary,42,entry_lognormal_annual_sd_1.2,Q2,B2_roster_prior_v2,True,False,FALSE,0.6697845458984375,0.6697845458984375,-0.0802154541015625,CLEARLY_BELOW,.05-.1,Q1_CAPACITY,0.8468017578125,0.8468017578125,0.0873046875,1.0,0.0873046875,1.0,0.8125,0.8125,0.8125,True,TRUE,PREDICTION_UNDER_HIDDEN_REALIZED_CONTEXT,ACTUAL_OBSERVATION_PACKET
boundary,43,correct,Q1,B2_roster_prior_v2,True,False,FALSE,0.7128753662109375,0.7128753662109375,-0.0371246337890625,MODERATELY_BELOW,.02-.05,Q1_CAPACITY,0.56884765625,0.56884765625,0.0,1.0,0.0,1.0,0.53125,0.53125,0.53125,True,TRUE,PREDICTION_UNDER_HIDDEN_REALIZED_CONTEXT,ACTUAL_OBSERVATION_PACKET
boundary,43,correct,Q2,B2_roster_prior_v2,True,False,FALSE,0.7128753662109375,0.7128753662109375,-0.0371246337890625,MODERATELY_BELOW,.02-.05,Q1_CAPACITY,0.56884765625,0.56884765625,0.0,1.0,0.0,1.0,0.53125,0.53125,0.53125,True,TRUE,PREDICTION_UNDER_HIDDEN_REALIZED_CONTEXT,ACTUAL_OBSERVATION_PACKET
boundary,43,hemlock_extra_hazard_0.12,Q1,B2_roster_prior_v2,True,False,FALSE,0.0,0.0,-0.75,OUTSIDE_BELOW,>.1,Q1_CAPACITY,0.56884765625,0.56884765625,0.0,1.0,0.0,1.0,0.53125,0.53125,0.53125,True,TRUE,PREDICTION_UNDER_HIDDEN_REALIZED_CONTEXT,ACTUAL_OBSERVATION_PACKET
boundary,43,hemlock_extra_hazard_0.12,Q2,B2_roster_prior_v2,True,False,FALSE,0.0,0.0,-0.75,OUTSIDE_BELOW,>.1,Q1_CAPACITY,0.56884765625,0.56884765625,0.0,1.0,0.0,1.0,0.53125,0.53125,0.53125,True,TRUE,PREDICTION_UNDER_HIDDEN_REALIZED_CONTEXT,ACTUAL_OBSERVATION_PACKET
boundary,43,entry_lognormal_annual_sd_1.2,Q1,B2_roster_prior_v2,True,False,FALSE,0.712005615234375,0.712005615234375,-0.037994384765625,MODERATELY_BELOW,.02-.05,Q1_CAPACITY,0.56884765625,0.56884765625,0.0,1.0,0.0,1.0,0.53125,0.53125,0.53125,True,TRUE,PREDICTION_UNDER_HIDDEN_REALIZED_CONTEXT,ACTUAL_OBSERVATION_PACKET
boundary,43,entry_lognormal_annual_sd_1.2,Q2,B2_roster_prior_v2,True,False,FALSE,0.712005615234375,0.712005615234375,-0.037994384765625,MODERATELY_BELOW,.02-.05,Q1_CAPACITY,0.56884765625,0.56884765625,0.0,1.0,0.0,1.0,0.53125,0.53125,0.53125,True,TRUE,PREDICTION_UNDER_HIDDEN_REALIZED_CONTEXT,ACTUAL_OBSERVATION_PACKET
boundary,44,correct,Q1,B2_roster_prior_v2,True,True,MC_UNRESOLVED,0.7520751953125,0.7520751953125,0.0020751953125,IMMEDIATELY_ABOVE,0-.02,HEALTHY,0.5948486328125,0.5948486328125,0.0,1.0,0.0,1.0,0.59375,0.59375,0.59375,True,TRUE,PREDICTION_UNDER_HIDDEN_REALIZED_CONTEXT,ACTUAL_OBSERVATION_PACKET
boundary,44,correct,Q2,B2_roster_prior_v2,True,True,MC_UNRESOLVED,0.7520751953125,0.7520751953125,0.0020751953125,IMMEDIATELY_ABOVE,0-.02,HEALTHY,0.5948486328125,0.5948486328125,0.0,1.0,0.0,1.0,0.59375,0.59375,0.59375,True,TRUE,PREDICTION_UNDER_HIDDEN_REALIZED_CONTEXT,ACTUAL_OBSERVATION_PACKET
boundary,44,hemlock_extra_hazard_0.12,Q1,B2_roster_prior_v2,True,False,FALSE,0.0,0.0,-0.75,OUTSIDE_BELOW,>.1,Q1_CAPACITY,0.5948486328125,0.5948486328125,0.0,1.0,0.0,1.0,0.59375,0.59375,0.59375,True,TRUE,PREDICTION_UNDER_HIDDEN_REALIZED_CONTEXT,ACTUAL_OBSERVATION_PACKET
boundary,44,hemlock_extra_hazard_0.12,Q2,B2_roster_prior_v2,True,False,FALSE,0.0,0.0,-0.75,OUTSIDE_BELOW,>.1,Q1_CAPACITY,0.5948486328125,0.5948486328125,0.0,1.0,0.0,1.0,0.59375,0.59375,0.59375,True,TRUE,PREDICTION_UNDER_HIDDEN_REALIZED_CONTEXT,ACTUAL_OBSERVATION_PACKET
boundary,44,entry_lognormal_annual_sd_1.2,Q1,B2_roster_prior_v2,True,True,MC_UNRESOLVED,0.750457763671875,0.750457763671875,0.000457763671875,IMMEDIATELY_ABOVE,0-.02,HEALTHY,0.5948486328125,0.5948486328125,0.0,1.0,0.0,1.0,0.59375,0.59375,0.59375,True,TRUE,PREDICTION_UNDER_HIDDEN_REALIZED_CONTEXT,ACTUAL_OBSERVATION_PACKET
boundary,44,entry_lognormal_annual_sd_1.2,Q2,B2_roster_prior_v2,True,True,MC_UNRESOLVED,0.750457763671875,0.750457763671875,0.000457763671875,IMMEDIATELY_ABOVE,0-.02,HEALTHY,0.5948486328125,0.5948486328125,0.0,1.0,0.0,1.0,0.59375,0.59375,0.59375,True,TRUE,PREDICTION_UNDER_HIDDEN_REALIZED_CONTEXT,ACTUAL_OBSERVATION_PACKET
boundary,45,correct,Q1,B2_roster_prior_v2,True,False,MC_UNRESOLVED,0.7483062744140625,0.7483062744140625,-0.0016937255859375,IMMEDIATELY_BELOW,0-.02,Q1_CAPACITY,0.966064453125,0.966064453125,0.93125,1.0,0.93125,1.0,0.96875,0.96875,0.96875,True,TRUE,PREDICTION_UNDER_HIDDEN_REALIZED_CONTEXT,ACTUAL_OBSERVATION_PACKET
boundary,45,correct,Q2,B2_roster_prior_v2,True,False,MC_UNRESOLVED,0.7483062744140625,0.7483062744140625,-0.0016937255859375,IMMEDIATELY_BELOW,0-.02,Q1_CAPACITY,0.966064453125,0.966064453125,0.93125,1.0,0.93125,1.0,0.96875,0.96875,0.96875,True,TRUE,PREDICTION_UNDER_HIDDEN_REALIZED_CONTEXT,ACTUAL_OBSERVATION_PACKET
boundary,45,hemlock_extra_hazard_0.12,Q1,B2_roster_prior_v2,True,False,FALSE,0.0,0.0,-0.75,OUTSIDE_BELOW,>.1,Q1_CAPACITY,0.966064453125,0.966064453125,0.93125,1.0,0.93125,1.0,0.96875,0.96875,0.96875,True,TRUE,PREDICTION_UNDER_HIDDEN_REALIZED_CONTEXT,ACTUAL_OBSERVATION_PACKET
boundary,45,hemlock_extra_hazard_0.12,Q2,B2_roster_prior_v2,True,False,FALSE,0.0,0.0,-0.75,OUTSIDE_BELOW,>.1,Q1_CAPACITY,0.966064453125,0.966064453125,0.93125,1.0,0.93125,1.0,0.96875,0.96875,0.96875,True,TRUE,PREDICTION_UNDER_HIDDEN_REALIZED_CONTEXT,ACTUAL_OBSERVATION_PACKET
boundary,45,entry_lognormal_annual_sd_1.2,Q1,B2_roster_prior_v2,True,False,FALSE,0.7461395263671875,0.7461395263671875,-0.0038604736328125,IMMEDIATELY_BELOW,0-.02,Q1_CAPACITY,0.966064453125,0.966064453125,0.93125,1.0,0.93125,1.0,0.96875,0.96875,0.96875,True,TRUE,PREDICTION_UNDER_HIDDEN_REALIZED_CONTEXT,ACTUAL_OBSERVATION_PACKET
boundary,45,entry_lognormal_annual_sd_1.2,Q2,B2_roster_prior_v2,True,False,FALSE,0.7461395263671875,0.7461395263671875,-0.0038604736328125,IMMEDIATELY_BELOW,0-.02,Q1_CAPACITY,0.966064453125,0.966064453125,0.93125,1.0,0.93125,1.0,0.96875,0.96875,0.96875,True,TRUE,PREDICTION_UNDER_HIDDEN_REALIZED_CONTEXT,ACTUAL_OBSERVATION_PACKET
boundary,46,correct,Q1,B2_roster_prior_v2,True,True,TRUE,0.781341552734375,0.781341552734375,0.031341552734375,MODERATELY_ABOVE,.02-.05,HEALTHY,0.7137451171875,0.7137451171875,0.04375,1.0,0.04375,1.0,0.625,0.59375,0.625,True,TRUE,PREDICTION_UNDER_HIDDEN_REALIZED_CONTEXT,ACTUAL_OBSERVATION_PACKET
boundary,46,correct,Q2,B2_roster_prior_v2,True,True,TRUE,0.781341552734375,0.781341552734375,0.031341552734375,MODERATELY_ABOVE,.02-.05,HEALTHY,0.7137451171875,0.7137451171875,0.04375,1.0,0.04375,1.0,0.625,0.59375,0.625,True,TRUE,PREDICTION_UNDER_HIDDEN_REALIZED_CONTEXT,ACTUAL_OBSERVATION_PACKET
boundary,46,hemlock_extra_hazard_0.12,Q1,B2_roster_prior_v2,True,False,FALSE,0.0,0.0,-0.75,OUTSIDE_BELOW,>.1,Q1_CAPACITY,0.7137451171875,0.7137451171875,0.04375,1.0,0.04375,1.0,0.625,0.59375,0.625,True,TRUE,PREDICTION_UNDER_HIDDEN_REALIZED_CONTEXT,ACTUAL_OBSERVATION_PACKET
boundary,46,hemlock_extra_hazard_0.12,Q2,B2_roster_prior_v2,True,False,FALSE,0.0,0.0,-0.75,OUTSIDE_BELOW,>.1,Q1_CAPACITY,0.7137451171875,0.7137451171875,0.04375,1.0,0.04375,1.0,0.625,0.59375,0.625,True,TRUE,PREDICTION_UNDER_HIDDEN_REALIZED_CONTEXT,ACTUAL_OBSERVATION_PACKET
boundary,46,entry_lognormal_annual_sd_1.2,Q1,B2_roster_prior_v2,True,True,TRUE,0.7810821533203125,0.7810821533203125,0.0310821533203125,MODERATELY_ABOVE,.02-.05,HEALTHY,0.7137451171875,0.7137451171875,0.04375,1.0,0.04375,1.0,0.625,0.59375,0.625,True,TRUE,PREDICTION_UNDER_HIDDEN_REALIZED_CONTEXT,ACTUAL_OBSERVATION_PACKET
boundary,46,entry_lognormal_annual_sd_1.2,Q2,B2_roster_prior_v2,True,True,TRUE,0.7810821533203125,0.7810821533203125,0.0310821533203125,MODERATELY_ABOVE,.02-.05,HEALTHY,0.7137451171875,0.7137451171875,0.04375,1.0,0.04375,1.0,0.625,0.59375,0.625,True,TRUE,PREDICTION_UNDER_HIDDEN_REALIZED_CONTEXT,ACTUAL_OBSERVATION_PACKET
boundary,47,correct,Q1,B2_roster_prior_v2,True,True,TRUE,0.8166961669921875,0.8166961669921875,0.0666961669921875,CLEARLY_ABOVE,.05-.1,HEALTHY,0.949462890625,0.949462890625,0.7357421875,1.0,0.7357421875,1.0,0.9375,0.9375,0.9375,True,TRUE,PREDICTION_UNDER_HIDDEN_REALIZED_CONTEXT,ACTUAL_OBSERVATION_PACKET
boundary,47,correct,Q2,B2_roster_prior_v2,True,True,TRUE,0.8166961669921875,0.8166961669921875,0.0666961669921875,CLEARLY_ABOVE,.05-.1,HEALTHY,0.949462890625,0.949462890625,0.7357421875,1.0,0.7357421875,1.0,0.9375,0.9375,0.9375,True,TRUE,PREDICTION_UNDER_HIDDEN_REALIZED_CONTEXT,ACTUAL_OBSERVATION_PACKET
boundary,47,hemlock_extra_hazard_0.12,Q1,B2_roster_prior_v2,True,False,FALSE,0.0,0.0,-0.75,OUTSIDE_BELOW,>.1,Q1_CAPACITY,0.949462890625,0.949462890625,0.7357421875,1.0,0.7357421875,1.0,0.9375,0.9375,0.9375,True,TRUE,PREDICTION_UNDER_HIDDEN_REALIZED_CONTEXT,ACTUAL_OBSERVATION_PACKET
boundary,47,hemlock_extra_hazard_0.12,Q2,B2_roster_prior_v2,True,False,FALSE,0.0,0.0,-0.75,OUTSIDE_BELOW,>.1,Q1_CAPACITY,0.949462890625,0.949462890625,0.7357421875,1.0,0.7357421875,1.0,0.9375,0.9375,0.9375,True,TRUE,PREDICTION_UNDER_HIDDEN_REALIZED_CONTEXT,ACTUAL_OBSERVATION_PACKET
boundary,47,entry_lognormal_annual_sd_1.2,Q1,B2_roster_prior_v2,True,True,TRUE,0.81622314453125,0.81622314453125,0.06622314453125,CLEARLY_ABOVE,.05-.1,HEALTHY,0.949462890625,0.949462890625,0.7357421875,1.0,0.7357421875,1.0,0.9375,0.9375,0.9375,True,TRUE,PREDICTION_UNDER_HIDDEN_REALIZED_CONTEXT,ACTUAL_OBSERVATION_PACKET
boundary,47,entry_lognormal_annual_sd_1.2,Q2,B2_roster_prior_v2,True,True,TRUE,0.81622314453125,0.81622314453125,0.06622314453125,CLEARLY_ABOVE,.05-.1,HEALTHY,0.949462890625,0.949462890625,0.7357421875,1.0,0.7357421875,1.0,0.9375,0.9375,0.9375,True,TRUE,PREDICTION_UNDER_HIDDEN_REALIZED_CONTEXT,ACTUAL_OBSERVATION_PACKET
boundary,48,correct,Q1,B2_roster_prior_v2,True,False,FALSE,0.671966552734375,0.671966552734375,-0.078033447265625,CLEARLY_BELOW,.05-.1,Q1_CAPACITY,0.5069580078125,0.5069580078125,0.0,1.0,0.0,1.0,0.5,0.5,0.5,True,MC_UNRESOLVED,PREDICTION_UNDER_HIDDEN_REALIZED_CONTEXT,ACTUAL_OBSERVATION_PACKET
boundary,48,correct,Q2,B2_roster_prior_v2,True,False,FALSE,0.671966552734375,0.671966552734375,-0.078033447265625,CLEARLY_BELOW,.05-.1,Q1_CAPACITY,0.5069580078125,0.5069580078125,0.0,1.0,0.0,1.0,0.5,0.5,0.5,True,MC_UNRESOLVED,PREDICTION_UNDER_HIDDEN_REALIZED_CONTEXT,ACTUAL_OBSERVATION_PACKET
boundary,48,hemlock_extra_hazard_0.12,Q1,B2_roster_prior_v2,True,False,FALSE,0.0,0.0,-0.75,OUTSIDE_BELOW,>.1,Q1_CAPACITY,0.5069580078125,0.5069580078125,0.0,1.0,0.0,1.0,0.5,0.5,0.5,True,MC_UNRESOLVED,PREDICTION_UNDER_HIDDEN_REALIZED_CONTEXT,ACTUAL_OBSERVATION_PACKET
boundary,48,hemlock_extra_hazard_0.12,Q2,B2_roster_prior_v2,True,False,FALSE,0.0,0.0,-0.75,OUTSIDE_BELOW,>.1,Q1_CAPACITY,0.5069580078125,0.5069580078125,0.0,1.0,0.0,1.0,0.5,0.5,0.5,True,MC_UNRESOLVED,PREDICTION_UNDER_HIDDEN_REALIZED_CONTEXT,ACTUAL_OBSERVATION_PACKET
boundary,48,entry_lognormal_annual_sd_1.2,Q1,B2_roster_prior_v2,True,False,FALSE,0.6753387451171875,0.6753387451171875,-0.0746612548828125,CLEARLY_BELOW,.05-.1,Q1_CAPACITY,0.5069580078125,0.5069580078125,0.0,1.0,0.0,1.0,0.5,0.5,0.5,True,MC_UNRESOLVED,PREDICTION_UNDER_HIDDEN_REALIZED_CONTEXT,ACTUAL_OBSERVATION_PACKET
boundary,48,entry_lognormal_annual_sd_1.2,Q2,B2_roster_prior_v2,True,False,FALSE,0.6753387451171875,0.6753387451171875,-0.0746612548828125,CLEARLY_BELOW,.05-.1,Q1_CAPACITY,0.5069580078125,0.5069580078125,0.0,1.0,0.0,1.0,0.5,0.5,0.5,True,MC_UNRESOLVED,PREDICTION_UNDER_HIDDEN_REALIZED_CONTEXT,ACTUAL_OBSERVATION_PACKET
boundary,49,correct,Q1,B2_roster_prior_v2,True,False,FALSE,0.71240234375,0.71240234375,-0.03759765625,MODERATELY_BELOW,.02-.05,Q1_CAPACITY,0.6925048828125,0.6925048828125,0.0,1.0,0.0,1.0,0.6875,0.6875,0.6875,True,TRUE,PREDICTION_UNDER_HIDDEN_REALIZED_CONTEXT,ACTUAL_OBSERVATION_PACKET
boundary,49,correct,Q2,B2_roster_prior_v2,True,False,FALSE,0.71240234375,0.71240234375,-0.03759765625,MODERATELY_BELOW,.02-.05,Q1_CAPACITY,0.6925048828125,0.6925048828125,0.0,1.0,0.0,1.0,0.6875,0.65625,0.6875,True,TRUE,PREDICTION_UNDER_HIDDEN_REALIZED_CONTEXT,ACTUAL_OBSERVATION_PACKET
boundary,49,hemlock_extra_hazard_0.12,Q1,B2_roster_prior_v2,True,False,FALSE,0.0,0.0,-0.75,OUTSIDE_BELOW,>.1,Q1_CAPACITY,0.6925048828125,0.6925048828125,0.0,1.0,0.0,1.0,0.6875,0.6875,0.6875,True,TRUE,PREDICTION_UNDER_HIDDEN_REALIZED_CONTEXT,ACTUAL_OBSERVATION_PACKET
boundary,49,hemlock_extra_hazard_0.12,Q2,B2_roster_prior_v2,True,False,FALSE,0.0,0.0,-0.75,OUTSIDE_BELOW,>.1,Q1_CAPACITY,0.6925048828125,0.6925048828125,0.0,1.0,0.0,1.0,0.6875,0.65625,0.6875,True,TRUE,PREDICTION_UNDER_HIDDEN_REALIZED_CONTEXT,ACTUAL_OBSERVATION_PACKET
boundary,49,entry_lognormal_annual_sd_1.2,Q1,B2_roster_prior_v2,True,False,FALSE,0.7092742919921875,0.7092742919921875,-0.0407257080078125,MODERATELY_BELOW,.02-.05,Q1_CAPACITY,0.6925048828125,0.6925048828125,0.0,1.0,0.0,1.0,0.6875,0.6875,0.6875,True,TRUE,PREDICTION_UNDER_HIDDEN_REALIZED_CONTEXT,ACTUAL_OBSERVATION_PACKET
boundary,49,entry_lognormal_annual_sd_1.2,Q2,B2_roster_prior_v2,True,False,FALSE,0.7092742919921875,0.7092742919921875,-0.0407257080078125,MODERATELY_BELOW,.02-.05,Q1_CAPACITY,0.6925048828125,0.6925048828125,0.0,1.0,0.0,1.0,0.6875,0.65625,0.6875,True,TRUE,PREDICTION_UNDER_HIDDEN_REALIZED_CONTEXT,ACTUAL_OBSERVATION_PACKET
boundary,50,correct,Q1,B2_roster_prior_v2,True,False,FALSE,0.741180419921875,0.741180419921875,-0.008819580078125,IMMEDIATELY_BELOW,0-.02,Q1_CAPACITY,0.7333984375,0.7333984375,0.0,1.0,0.0,1.0,0.6875,0.6875,0.6875,True,TRUE,PREDICTION_UNDER_HIDDEN_REALIZED_CONTEXT,ACTUAL_OBSERVATION_PACKET
boundary,50,correct,Q2,B2_roster_prior_v2,True,False,FALSE,0.741180419921875,0.741180419921875,-0.008819580078125,IMMEDIATELY_BELOW,0-.02,Q1_CAPACITY,0.7333984375,0.7333984375,0.0,1.0,0.0,1.0,0.6875,0.6875,0.6875,True,TRUE,PREDICTION_UNDER_HIDDEN_REALIZED_CONTEXT,ACTUAL_OBSERVATION_PACKET
boundary,50,hemlock_extra_hazard_0.12,Q1,B2_roster_prior_v2,True,False,FALSE,0.0,0.0,-0.75,OUTSIDE_BELOW,>.1,Q1_CAPACITY,0.7333984375,0.7333984375,0.0,1.0,0.0,1.0,0.6875,0.6875,0.6875,True,TRUE,PREDICTION_UNDER_HIDDEN_REALIZED_CONTEXT,ACTUAL_OBSERVATION_PACKET
boundary,50,hemlock_extra_hazard_0.12,Q2,B2_roster_prior_v2,True,False,FALSE,0.0,0.0,-0.75,OUTSIDE_BELOW,>.1,Q1_CAPACITY,0.7333984375,0.7333984375,0.0,1.0,0.0,1.0,0.6875,0.6875,0.6875,True,TRUE,PREDICTION_UNDER_HIDDEN_REALIZED_CONTEXT,ACTUAL_OBSERVATION_PACKET
boundary,50,entry_lognormal_annual_sd_1.2,Q1,B2_roster_prior_v2,True,False,FALSE,0.73870849609375,0.73870849609375,-0.01129150390625,IMMEDIATELY_BELOW,0-.02,Q1_CAPACITY,0.7333984375,0.7333984375,0.0,1.0,0.0,1.0,0.6875,0.6875,0.6875,True,TRUE,PREDICTION_UNDER_HIDDEN_REALIZED_CONTEXT,ACTUAL_OBSERVATION_PACKET
boundary,50,entry_lognormal_annual_sd_1.2,Q2,B2_roster_prior_v2,True,False,FALSE,0.73870849609375,0.73870849609375,-0.01129150390625,IMMEDIATELY_BELOW,0-.02,Q1_CAPACITY,0.7333984375,0.7333984375,0.0,1.0,0.0,1.0,0.6875,0.6875,0.6875,True,TRUE,PREDICTION_UNDER_HIDDEN_REALIZED_CONTEXT,ACTUAL_OBSERVATION_PACKET
boundary,51,correct,Q1,B2_roster_prior_v2,True,False,FALSE,0.7383880615234375,0.7383880615234375,-0.0116119384765625,IMMEDIATELY_BELOW,0-.02,Q1_CAPACITY,0.98193359375,0.98193359375,0.9982421875,1.0,0.9982421875,1.0,0.96875,0.96875,0.96875,True,TRUE,PREDICTION_UNDER_HIDDEN_REALIZED_CONTEXT,ACTUAL_OBSERVATION_PACKET
boundary,51,correct,Q2,B2_roster_prior_v2,True,False,FALSE,0.7383880615234375,0.7383880615234375,-0.0116119384765625,IMMEDIATELY_BELOW,0-.02,Q1_CAPACITY,0.98193359375,0.98193359375,0.9982421875,1.0,0.9982421875,1.0,0.96875,0.96875,0.96875,True,TRUE,PREDICTION_UNDER_HIDDEN_REALIZED_CONTEXT,ACTUAL_OBSERVATION_PACKET
boundary,51,hemlock_extra_hazard_0.12,Q1,B2_roster_prior_v2,True,False,FALSE,0.0,0.0,-0.75,OUTSIDE_BELOW,>.1,Q1_CAPACITY,0.98193359375,0.98193359375,0.9982421875,1.0,0.9982421875,1.0,0.96875,0.96875,0.96875,True,TRUE,PREDICTION_UNDER_HIDDEN_REALIZED_CONTEXT,ACTUAL_OBSERVATION_PACKET
boundary,51,hemlock_extra_hazard_0.12,Q2,B2_roster_prior_v2,True,False,FALSE,0.0,0.0,-0.75,OUTSIDE_BELOW,>.1,Q1_CAPACITY,0.98193359375,0.98193359375,0.9982421875,1.0,0.9982421875,1.0,0.96875,0.96875,0.96875,True,TRUE,PREDICTION_UNDER_HIDDEN_REALIZED_CONTEXT,ACTUAL_OBSERVATION_PACKET
boundary,51,entry_lognormal_annual_sd_1.2,Q1,B2_roster_prior_v2,True,False,FALSE,0.7394561767578125,0.7394561767578125,-0.0105438232421875,IMMEDIATELY_BELOW,0-.02,Q1_CAPACITY,0.98193359375,0.98193359375,0.9982421875,1.0,0.9982421875,1.0,0.96875,0.96875,0.96875,True,TRUE,PREDICTION_UNDER_HIDDEN_REALIZED_CONTEXT,ACTUAL_OBSERVATION_PACKET
boundary,51,entry_lognormal_annual_sd_1.2,Q2,B2_roster_prior_v2,True,False,FALSE,0.7394561767578125,0.7394561767578125,-0.0105438232421875,IMMEDIATELY_BELOW,0-.02,Q1_CAPACITY,0.98193359375,0.98193359375,0.9982421875,1.0,0.9982421875,1.0,0.96875,0.96875,0.96875,True,TRUE,PREDICTION_UNDER_HIDDEN_REALIZED_CONTEXT,ACTUAL_OBSERVATION_PACKET
boundary,52,correct,Q1,B2_roster_prior_v2,True,True,TRUE,0.7979888916015625,0.7979888916015625,0.0479888916015625,MODERATELY_ABOVE,.02-.05,HEALTHY,0.4871826171875,0.4871826171875,0.0,1.0,0.0,1.0,0.46875,0.46875,0.46875,False,FALSE,PREDICTION_UNDER_HIDDEN_REALIZED_CONTEXT,ACTUAL_OBSERVATION_PACKET
boundary,52,correct,Q2,B2_roster_prior_v2,True,True,TRUE,0.7979888916015625,0.7979888916015625,0.0479888916015625,MODERATELY_ABOVE,.02-.05,HEALTHY,0.4871826171875,0.4871826171875,0.0,1.0,0.0,1.0,0.46875,0.46875,0.46875,False,FALSE,PREDICTION_UNDER_HIDDEN_REALIZED_CONTEXT,ACTUAL_OBSERVATION_PACKET
boundary,52,hemlock_extra_hazard_0.12,Q1,B2_roster_prior_v2,True,False,FALSE,0.0,0.0,-0.75,OUTSIDE_BELOW,>.1,Q1_CAPACITY,0.4871826171875,0.4871826171875,0.0,1.0,0.0,1.0,0.46875,0.46875,0.46875,False,FALSE,PREDICTION_UNDER_HIDDEN_REALIZED_CONTEXT,ACTUAL_OBSERVATION_PACKET
boundary,52,hemlock_extra_hazard_0.12,Q2,B2_roster_prior_v2,True,False,FALSE,0.0,0.0,-0.75,OUTSIDE_BELOW,>.1,Q1_CAPACITY,0.4871826171875,0.4871826171875,0.0,1.0,0.0,1.0,0.46875,0.46875,0.46875,False,FALSE,PREDICTION_UNDER_HIDDEN_REALIZED_CONTEXT,ACTUAL_OBSERVATION_PACKET
boundary,52,entry_lognormal_annual_sd_1.2,Q1,B2_roster_prior_v2,True,True,TRUE,0.7993621826171875,0.7993621826171875,0.0493621826171875,MODERATELY_ABOVE,.02-.05,HEALTHY,0.4871826171875,0.4871826171875,0.0,1.0,0.0,1.0,0.46875,0.46875,0.46875,False,FALSE,PREDICTION_UNDER_HIDDEN_REALIZED_CONTEXT,ACTUAL_OBSERVATION_PACKET
boundary,52,entry_lognormal_annual_sd_1.2,Q2,B2_roster_prior_v2,True,True,TRUE,0.7993621826171875,0.7993621826171875,0.0493621826171875,MODERATELY_ABOVE,.02-.05,HEALTHY,0.4871826171875,0.4871826171875,0.0,1.0,0.0,1.0,0.46875,0.46875,0.46875,False,FALSE,PREDICTION_UNDER_HIDDEN_REALIZED_CONTEXT,ACTUAL_OBSERVATION_PACKET
boundary,53,correct,Q1,B2_roster_prior_v2,True,True,TRUE,0.820953369140625,0.820953369140625,0.070953369140625,CLEARLY_ABOVE,.05-.1,HEALTHY,0.828857421875,0.828857421875,0.1134765625,1.0,0.1134765625,1.0,0.75,0.75,0.78125,True,TRUE,PREDICTION_UNDER_HIDDEN_REALIZED_CONTEXT,ACTUAL_OBSERVATION_PACKET
boundary,53,correct,Q2,B2_roster_prior_v2,True,True,TRUE,0.820953369140625,0.820953369140625,0.070953369140625,CLEARLY_ABOVE,.05-.1,HEALTHY,0.828857421875,0.828857421875,0.1134765625,1.0,0.1134765625,1.0,0.75,0.75,0.78125,True,TRUE,PREDICTION_UNDER_HIDDEN_REALIZED_CONTEXT,ACTUAL_OBSERVATION_PACKET
boundary,53,hemlock_extra_hazard_0.12,Q1,B2_roster_prior_v2,True,False,FALSE,0.0,0.0,-0.75,OUTSIDE_BELOW,>.1,Q1_CAPACITY,0.828857421875,0.828857421875,0.1134765625,1.0,0.1134765625,1.0,0.75,0.75,0.78125,True,TRUE,PREDICTION_UNDER_HIDDEN_REALIZED_CONTEXT,ACTUAL_OBSERVATION_PACKET
boundary,53,hemlock_extra_hazard_0.12,Q2,B2_roster_prior_v2,True,False,FALSE,0.0,0.0,-0.75,OUTSIDE_BELOW,>.1,Q1_CAPACITY,0.828857421875,0.828857421875,0.1134765625,1.0,0.1134765625,1.0,0.75,0.75,0.78125,True,TRUE,PREDICTION_UNDER_HIDDEN_REALIZED_CONTEXT,ACTUAL_OBSERVATION_PACKET
boundary,53,entry_lognormal_annual_sd_1.2,Q1,B2_roster_prior_v2,True,True,TRUE,0.8189544677734375,0.8189544677734375,0.0689544677734375,CLEARLY_ABOVE,.05-.1,HEALTHY,0.828857421875,0.828857421875,0.1134765625,1.0,0.1134765625,1.0,0.75,0.75,0.78125,True,TRUE,PREDICTION_UNDER_HIDDEN_REALIZED_CONTEXT,ACTUAL_OBSERVATION_PACKET
boundary,53,entry_lognormal_annual_sd_1.2,Q2,B2_roster_prior_v2,True,True,TRUE,0.8189544677734375,0.8189544677734375,0.0689544677734375,CLEARLY_ABOVE,.05-.1,HEALTHY,0.828857421875,0.828857421875,0.1134765625,1.0,0.1134765625,1.0,0.75,0.75,0.78125,True,TRUE,PREDICTION_UNDER_HIDDEN_REALIZED_CONTEXT,ACTUAL_OBSERVATION_PACKET
boundary,54,correct,Q1,B2_roster_prior_v2,True,True,TRUE,0.76690673828125,0.687652587890625,0.01690673828125,IMMEDIATELY_ABOVE,0-.02,HEALTHY,0.854248046875,0.7373046875,0.453125,1.0,0.004296875,1.0,0.75,0.6875,0.78125,True,TRUE,PREDICTION_UNDER_HIDDEN_REALIZED_CONTEXT,ACTUAL_OBSERVATION_PACKET
boundary,54,correct,Q2,B2_roster_prior_v2,True,False,FALSE,0.76690673828125,0.687652587890625,-0.062347412109375,CLEARLY_BELOW,.05-.1,Q2_RESERVE,0.854248046875,0.7373046875,0.453125,1.0,0.004296875,1.0,0.65625,0.625,0.6875,True,TRUE,PREDICTION_UNDER_HIDDEN_REALIZED_CONTEXT,ACTUAL_OBSERVATION_PACKET
boundary,54,hemlock_extra_hazard_0.12,Q1,B2_roster_prior_v2,True,False,FALSE,0.7455596923828125,0.530426025390625,-0.0044403076171875,IMMEDIATELY_BELOW,0-.02,Q1_CAPACITY,0.854248046875,0.7373046875,0.453125,1.0,0.004296875,1.0,0.75,0.6875,0.78125,True,TRUE,PREDICTION_UNDER_HIDDEN_REALIZED_CONTEXT,ACTUAL_OBSERVATION_PACKET
boundary,54,hemlock_extra_hazard_0.12,Q2,B2_roster_prior_v2,True,False,FALSE,0.7455596923828125,0.530426025390625,-0.219573974609375,OUTSIDE_BELOW,>.1,Q1_CAPACITY,0.854248046875,0.7373046875,0.453125,1.0,0.004296875,1.0,0.65625,0.625,0.6875,True,TRUE,PREDICTION_UNDER_HIDDEN_REALIZED_CONTEXT,ACTUAL_OBSERVATION_PACKET
boundary,54,entry_lognormal_annual_sd_1.2,Q1,B2_roster_prior_v2,True,False,MC_UNRESOLVED,0.74725341796875,0.5379791259765625,-0.00274658203125,IMMEDIATELY_BELOW,0-.02,Q1_CAPACITY,0.854248046875,0.7373046875,0.453125,1.0,0.004296875,1.0,0.75,0.6875,0.78125,True,TRUE,PREDICTION_UNDER_HIDDEN_REALIZED_CONTEXT,ACTUAL_OBSERVATION_PACKET
boundary,54,entry_lognormal_annual_sd_1.2,Q2,B2_roster_prior_v2,True,False,FALSE,0.74725341796875,0.5379791259765625,-0.2120208740234375,OUTSIDE_BELOW,>.1,Q1_CAPACITY,0.854248046875,0.7373046875,0.453125,1.0,0.004296875,1.0,0.65625,0.625,0.6875,True,TRUE,PREDICTION_UNDER_HIDDEN_REALIZED_CONTEXT,ACTUAL_OBSERVATION_PACKET
boundary,55,correct,Q1,B2_roster_prior_v2,True,True,TRUE,0.8527069091796875,0.653961181640625,0.1027069091796875,OUTSIDE_ABOVE,>.1,HEALTHY,0.9832763671875,0.8463134765625,0.9087890625,1.0,0.2787109375,1.0,1.0,1.0,1.0,True,TRUE,PREDICTION_UNDER_HIDDEN_REALIZED_CONTEXT,ACTUAL_OBSERVATION_PACKET
boundary,55,correct,Q2,B2_roster_prior_v2,True,False,FALSE,0.8527069091796875,0.653961181640625,-0.096038818359375,CLEARLY_BELOW,.05-.1,Q2_RESERVE,0.9832763671875,0.8463134765625,0.9087890625,1.0,0.2787109375,1.0,0.78125,0.75,0.78125,True,TRUE,PREDICTION_UNDER_HIDDEN_REALIZED_CONTEXT,ACTUAL_OBSERVATION_PACKET
boundary,55,hemlock_extra_hazard_0.12,Q1,B2_roster_prior_v2,True,True,TRUE,0.7945556640625,0.2586822509765625,0.0445556640625,MODERATELY_ABOVE,.02-.05,HEALTHY,0.9832763671875,0.8463134765625,0.9087890625,1.0,0.2787109375,1.0,1.0,1.0,1.0,True,TRUE,PREDICTION_UNDER_HIDDEN_REALIZED_CONTEXT,ACTUAL_OBSERVATION_PACKET
boundary,55,hemlock_extra_hazard_0.12,Q2,B2_roster_prior_v2,True,False,FALSE,0.7945556640625,0.2586822509765625,-0.4913177490234375,OUTSIDE_BELOW,>.1,Q2_RESERVE,0.9832763671875,0.8463134765625,0.9087890625,1.0,0.2787109375,1.0,0.78125,0.75,0.78125,True,TRUE,PREDICTION_UNDER_HIDDEN_REALIZED_CONTEXT,ACTUAL_OBSERVATION_PACKET
boundary,55,entry_lognormal_annual_sd_1.2,Q1,B2_roster_prior_v2,True,True,TRUE,0.7954254150390625,0.4835205078125,0.0454254150390625,MODERATELY_ABOVE,.02-.05,HEALTHY,0.9832763671875,0.8463134765625,0.9087890625,1.0,0.2787109375,1.0,1.0,1.0,1.0,True,TRUE,PREDICTION_UNDER_HIDDEN_REALIZED_CONTEXT,ACTUAL_OBSERVATION_PACKET
boundary,55,entry_lognormal_annual_sd_1.2,Q2,B2_roster_prior_v2,True,False,FALSE,0.7954254150390625,0.4835205078125,-0.2664794921875,OUTSIDE_BELOW,>.1,Q2_RESERVE,0.9832763671875,0.8463134765625,0.9087890625,1.0,0.2787109375,1.0,0.78125,0.75,0.78125,True,TRUE,PREDICTION_UNDER_HIDDEN_REALIZED_CONTEXT,ACTUAL_OBSERVATION_PACKET
boundary,56,correct,Q1,B2_roster_prior_v2,True,True,TRUE,0.854888916015625,0.730621337890625,0.104888916015625,OUTSIDE_ABOVE,>.1,HEALTHY,0.8980712890625,0.7735595703125,0.51875,1.0,0.025,1.0,0.875,0.84375,0.875,True,TRUE,PREDICTION_UNDER_HIDDEN_REALIZED_CONTEXT,ACTUAL_OBSERVATION_PACKET
boundary,56,correct,Q2,B2_roster_prior_v2,True,False,FALSE,0.854888916015625,0.730621337890625,-0.019378662109375,IMMEDIATELY_BELOW,0-.02,Q2_RESERVE,0.8980712890625,0.7735595703125,0.51875,1.0,0.025,1.0,0.65625,0.625,0.71875,True,TRUE,PREDICTION_UNDER_HIDDEN_REALIZED_CONTEXT,ACTUAL_OBSERVATION_PACKET
boundary,56,hemlock_extra_hazard_0.12,Q1,B2_roster_prior_v2,True,True,TRUE,0.827117919921875,0.4166107177734375,0.077117919921875,CLEARLY_ABOVE,.05-.1,HEALTHY,0.8980712890625,0.7735595703125,0.51875,1.0,0.025,1.0,0.875,0.84375,0.875,True,TRUE,PREDICTION_UNDER_HIDDEN_REALIZED_CONTEXT,ACTUAL_OBSERVATION_PACKET
boundary,56,hemlock_extra_hazard_0.12,Q2,B2_roster_prior_v2,True,False,FALSE,0.827117919921875,0.4166107177734375,-0.3333892822265625,OUTSIDE_BELOW,>.1,Q2_RESERVE,0.8980712890625,0.7735595703125,0.51875,1.0,0.025,1.0,0.65625,0.625,0.71875,True,TRUE,PREDICTION_UNDER_HIDDEN_REALIZED_CONTEXT,ACTUAL_OBSERVATION_PACKET
boundary,56,entry_lognormal_annual_sd_1.2,Q1,B2_roster_prior_v2,True,True,TRUE,0.8151397705078125,0.5529327392578125,0.0651397705078125,CLEARLY_ABOVE,.05-.1,HEALTHY,0.8980712890625,0.7735595703125,0.51875,1.0,0.025,1.0,0.875,0.84375,0.875,True,TRUE,PREDICTION_UNDER_HIDDEN_REALIZED_CONTEXT,ACTUAL_OBSERVATION_PACKET
boundary,56,entry_lognormal_annual_sd_1.2,Q2,B2_roster_prior_v2,True,False,FALSE,0.8151397705078125,0.5529327392578125,-0.1970672607421875,OUTSIDE_BELOW,>.1,Q2_RESERVE,0.8980712890625,0.7735595703125,0.51875,1.0,0.025,1.0,0.65625,0.625,0.71875,True,TRUE,PREDICTION_UNDER_HIDDEN_REALIZED_CONTEXT,ACTUAL_OBSERVATION_PACKET
boundary,57,correct,Q1,B2_roster_prior_v2,True,True,TRUE,0.878448486328125,0.742950439453125,0.128448486328125,OUTSIDE_ABOVE,>.1,HEALTHY,0.898681640625,0.7703857421875,0.2525390625,1.0,0.0138671875,1.0,0.875,0.875,0.875,True,TRUE,PREDICTION_UNDER_HIDDEN_REALIZED_CONTEXT,ACTUAL_OBSERVATION_PACKET
boundary,57,correct,Q2,B2_roster_prior_v2,True,False,FALSE,0.878448486328125,0.742950439453125,-0.007049560546875,IMMEDIATELY_BELOW,0-.02,Q2_RESERVE,0.898681640625,0.7703857421875,0.2525390625,1.0,0.0138671875,1.0,0.6875,0.6875,0.6875,True,TRUE,PREDICTION_UNDER_HIDDEN_REALIZED_CONTEXT,ACTUAL_OBSERVATION_PACKET
boundary,57,hemlock_extra_hazard_0.12,Q1,B2_roster_prior_v2,True,True,TRUE,0.8480987548828125,0.4836578369140625,0.0980987548828125,CLEARLY_ABOVE,.05-.1,HEALTHY,0.898681640625,0.7703857421875,0.2525390625,1.0,0.0138671875,1.0,0.875,0.875,0.875,True,TRUE,PREDICTION_UNDER_HIDDEN_REALIZED_CONTEXT,ACTUAL_OBSERVATION_PACKET
boundary,57,hemlock_extra_hazard_0.12,Q2,B2_roster_prior_v2,True,False,FALSE,0.8480987548828125,0.4836578369140625,-0.2663421630859375,OUTSIDE_BELOW,>.1,Q2_RESERVE,0.898681640625,0.7703857421875,0.2525390625,1.0,0.0138671875,1.0,0.6875,0.6875,0.6875,True,TRUE,PREDICTION_UNDER_HIDDEN_REALIZED_CONTEXT,ACTUAL_OBSERVATION_PACKET
boundary,57,entry_lognormal_annual_sd_1.2,Q1,B2_roster_prior_v2,True,True,TRUE,0.8184356689453125,0.5348968505859375,0.0684356689453125,CLEARLY_ABOVE,.05-.1,HEALTHY,0.898681640625,0.7703857421875,0.2525390625,1.0,0.0138671875,1.0,0.875,0.875,0.875,True,TRUE,PREDICTION_UNDER_HIDDEN_REALIZED_CONTEXT,ACTUAL_OBSERVATION_PACKET
boundary,57,entry_lognormal_annual_sd_1.2,Q2,B2_roster_prior_v2,True,False,FALSE,0.8184356689453125,0.5348968505859375,-0.2151031494140625,OUTSIDE_BELOW,>.1,Q2_RESERVE,0.898681640625,0.7703857421875,0.2525390625,1.0,0.0138671875,1.0,0.6875,0.6875,0.6875,True,TRUE,PREDICTION_UNDER_HIDDEN_REALIZED_CONTEXT,ACTUAL_OBSERVATION_PACKET
boundary,58,correct,Q1,B2_roster_prior_v2,True,True,TRUE,0.8620452880859375,0.788482666015625,0.1120452880859375,OUTSIDE_ABOVE,>.1,HEALTHY,0.9659423828125,0.87451171875,0.802734375,1.0,0.2171875,1.0,0.9375,0.9375,0.9375,True,TRUE,PREDICTION_UNDER_HIDDEN_REALIZED_CONTEXT,ACTUAL_OBSERVATION_PACKET
boundary,58,correct,Q2,B2_roster_prior_v2,True,True,TRUE,0.8620452880859375,0.788482666015625,0.038482666015625,MODERATELY_ABOVE,.02-.05,HEALTHY,0.9659423828125,0.87451171875,0.802734375,1.0,0.2171875,1.0,0.84375,0.84375,0.84375,True,TRUE,PREDICTION_UNDER_HIDDEN_REALIZED_CONTEXT,ACTUAL_OBSERVATION_PACKET
boundary,58,hemlock_extra_hazard_0.12,Q1,B2_roster_prior_v2,True,True,TRUE,0.8485870361328125,0.5962982177734375,0.0985870361328125,CLEARLY_ABOVE,.05-.1,HEALTHY,0.9659423828125,0.87451171875,0.802734375,1.0,0.2171875,1.0,0.9375,0.9375,0.9375,True,TRUE,PREDICTION_UNDER_HIDDEN_REALIZED_CONTEXT,ACTUAL_OBSERVATION_PACKET
boundary,58,hemlock_extra_hazard_0.12,Q2,B2_roster_prior_v2,True,False,FALSE,0.8485870361328125,0.5962982177734375,-0.1537017822265625,OUTSIDE_BELOW,>.1,Q2_RESERVE,0.9659423828125,0.87451171875,0.802734375,1.0,0.2171875,1.0,0.84375,0.84375,0.84375,True,TRUE,PREDICTION_UNDER_HIDDEN_REALIZED_CONTEXT,ACTUAL_OBSERVATION_PACKET
boundary,58,entry_lognormal_annual_sd_1.2,Q1,B2_roster_prior_v2,True,True,TRUE,0.8402099609375,0.616912841796875,0.0902099609375,CLEARLY_ABOVE,.05-.1,HEALTHY,0.9659423828125,0.87451171875,0.802734375,1.0,0.2171875,1.0,0.9375,0.9375,0.9375,True,TRUE,PREDICTION_UNDER_HIDDEN_REALIZED_CONTEXT,ACTUAL_OBSERVATION_PACKET
boundary,58,entry_lognormal_annual_sd_1.2,Q2,B2_roster_prior_v2,True,False,FALSE,0.8402099609375,0.616912841796875,-0.133087158203125,OUTSIDE_BELOW,>.1,Q2_RESERVE,0.9659423828125,0.87451171875,0.802734375,1.0,0.2171875,1.0,0.84375,0.84375,0.84375,True,TRUE,PREDICTION_UNDER_HIDDEN_REALIZED_CONTEXT,ACTUAL_OBSERVATION_PACKET
boundary,59,correct,Q1,B2_roster_prior_v2,True,True,TRUE,0.923614501953125,0.8302764892578125,0.173614501953125,OUTSIDE_ABOVE,>.1,HEALTHY,0.97607421875,0.895751953125,0.9357421875,1.0,0.4861328125,1.0,0.96875,0.96875,0.96875,True,TRUE,PREDICTION_UNDER_HIDDEN_REALIZED_CONTEXT,ACTUAL_OBSERVATION_PACKET
boundary,59,correct,Q2,B2_roster_prior_v2,True,True,TRUE,0.923614501953125,0.8302764892578125,0.0802764892578125,CLEARLY_ABOVE,.05-.1,HEALTHY,0.97607421875,0.895751953125,0.9357421875,1.0,0.4861328125,1.0,0.875,0.84375,0.875,True,TRUE,PREDICTION_UNDER_HIDDEN_REALIZED_CONTEXT,ACTUAL_OBSERVATION_PACKET
boundary,59,hemlock_extra_hazard_0.12,Q1,B2_roster_prior_v2,True,True,TRUE,0.90765380859375,0.5543365478515625,0.15765380859375,OUTSIDE_ABOVE,>.1,HEALTHY,0.97607421875,0.895751953125,0.9357421875,1.0,0.4861328125,1.0,0.96875,0.96875,0.96875,True,TRUE,PREDICTION_UNDER_HIDDEN_REALIZED_CONTEXT,ACTUAL_OBSERVATION_PACKET
boundary,59,hemlock_extra_hazard_0.12,Q2,B2_roster_prior_v2,True,False,FALSE,0.90765380859375,0.5543365478515625,-0.1956634521484375,OUTSIDE_BELOW,>.1,Q2_RESERVE,0.97607421875,0.895751953125,0.9357421875,1.0,0.4861328125,1.0,0.875,0.84375,0.875,True,TRUE,PREDICTION_UNDER_HIDDEN_REALIZED_CONTEXT,ACTUAL_OBSERVATION_PACKET
boundary,59,entry_lognormal_annual_sd_1.2,Q1,B2_roster_prior_v2,True,True,TRUE,0.8740997314453125,0.5967254638671875,0.1240997314453125,OUTSIDE_ABOVE,>.1,HEALTHY,0.97607421875,0.895751953125,0.9357421875,1.0,0.4861328125,1.0,0.96875,0.96875,0.96875,True,TRUE,PREDICTION_UNDER_HIDDEN_REALIZED_CONTEXT,ACTUAL_OBSERVATION_PACKET
boundary,59,entry_lognormal_annual_sd_1.2,Q2,B2_roster_prior_v2,True,False,FALSE,0.8740997314453125,0.5967254638671875,-0.1532745361328125,OUTSIDE_BELOW,>.1,Q2_RESERVE,0.97607421875,0.895751953125,0.9357421875,1.0,0.4861328125,1.0,0.875,0.84375,0.875,True,TRUE,PREDICTION_UNDER_HIDDEN_REALIZED_CONTEXT,ACTUAL_OBSERVATION_PACKET
boundary,60,correct,Q1,B2_roster_prior_v2,True,True,TRUE,0.9464569091796875,0.6746368408203125,0.1964569091796875,OUTSIDE_ABOVE,>.1,HEALTHY,1.0,0.9874267578125,1.0,1.0,0.909765625,1.0,1.0,1.0,1.0,True,TRUE,PREDICTION_UNDER_HIDDEN_REALIZED_CONTEXT,ACTUAL_OBSERVATION_PACKET
boundary,60,correct,Q2,B2_roster_prior_v2,True,False,FALSE,0.9464569091796875,0.6746368408203125,-0.0753631591796875,CLEARLY_BELOW,.05-.1,Q2_RESERVE,1.0,0.9874267578125,1.0,1.0,0.909765625,1.0,1.0,1.0,1.0,True,TRUE,PREDICTION_UNDER_HIDDEN_REALIZED_CONTEXT,ACTUAL_OBSERVATION_PACKET
boundary,60,hemlock_extra_hazard_0.12,Q1,B2_roster_prior_v2,True,True,TRUE,0.868316650390625,0.100799560546875,0.118316650390625,OUTSIDE_ABOVE,>.1,HEALTHY,1.0,0.9874267578125,1.0,1.0,0.909765625,1.0,1.0,1.0,1.0,True,TRUE,PREDICTION_UNDER_HIDDEN_REALIZED_CONTEXT,ACTUAL_OBSERVATION_PACKET
boundary,60,hemlock_extra_hazard_0.12,Q2,B2_roster_prior_v2,True,False,FALSE,0.868316650390625,0.100799560546875,-0.649200439453125,OUTSIDE_BELOW,>.1,Q2_RESERVE,1.0,0.9874267578125,1.0,1.0,0.909765625,1.0,1.0,1.0,1.0,True,TRUE,PREDICTION_UNDER_HIDDEN_REALIZED_CONTEXT,ACTUAL_OBSERVATION_PACKET
boundary,60,entry_lognormal_annual_sd_1.2,Q1,B2_roster_prior_v2,True,True,TRUE,0.93414306640625,0.5997161865234375,0.18414306640625,OUTSIDE_ABOVE,>.1,HEALTHY,1.0,0.9874267578125,1.0,1.0,0.909765625,1.0,1.0,1.0,1.0,True,TRUE,PREDICTION_UNDER_HIDDEN_REALIZED_CONTEXT,ACTUAL_OBSERVATION_PACKET
boundary,60,entry_lognormal_annual_sd_1.2,Q2,B2_roster_prior_v2,True,False,FALSE,0.93414306640625,0.5997161865234375,-0.1502838134765625,OUTSIDE_BELOW,>.1,Q2_RESERVE,1.0,0.9874267578125,1.0,1.0,0.909765625,1.0,1.0,1.0,1.0,True,TRUE,PREDICTION_UNDER_HIDDEN_REALIZED_CONTEXT,ACTUAL_OBSERVATION_PACKET
boundary,61,correct,Q1,B2_roster_prior_v2,True,True,TRUE,0.9003448486328125,0.7662811279296875,0.1503448486328125,OUTSIDE_ABOVE,>.1,HEALTHY,0.9866943359375,0.9178466796875,0.97734375,1.0,0.254296875,1.0,0.96875,0.96875,0.96875,True,TRUE,PREDICTION_UNDER_HIDDEN_REALIZED_CONTEXT,ACTUAL_OBSERVATION_PACKET
boundary,61,correct,Q2,B2_roster_prior_v2,True,True,TRUE,0.9003448486328125,0.7662811279296875,0.0162811279296875,IMMEDIATELY_ABOVE,0-.02,HEALTHY,0.9866943359375,0.9178466796875,0.97734375,1.0,0.254296875,1.0,0.90625,0.90625,0.90625,True,TRUE,PREDICTION_UNDER_HIDDEN_REALIZED_CONTEXT,ACTUAL_OBSERVATION_PACKET
boundary,61,hemlock_extra_hazard_0.12,Q1,B2_roster_prior_v2,True,True,TRUE,0.8719024658203125,0.41534423828125,0.1219024658203125,OUTSIDE_ABOVE,>.1,HEALTHY,0.9866943359375,0.9178466796875,0.97734375,1.0,0.254296875,1.0,0.96875,0.96875,0.96875,True,TRUE,PREDICTION_UNDER_HIDDEN_REALIZED_CONTEXT,ACTUAL_OBSERVATION_PACKET
boundary,61,hemlock_extra_hazard_0.12,Q2,B2_roster_prior_v2,True,False,FALSE,0.8719024658203125,0.41534423828125,-0.33465576171875,OUTSIDE_BELOW,>.1,Q2_RESERVE,0.9866943359375,0.9178466796875,0.97734375,1.0,0.254296875,1.0,0.90625,0.90625,0.90625,True,TRUE,PREDICTION_UNDER_HIDDEN_REALIZED_CONTEXT,ACTUAL_OBSERVATION_PACKET
boundary,61,entry_lognormal_annual_sd_1.2,Q1,B2_roster_prior_v2,True,True,TRUE,0.8941497802734375,0.7020263671875,0.1441497802734375,OUTSIDE_ABOVE,>.1,HEALTHY,0.9866943359375,0.9178466796875,0.97734375,1.0,0.254296875,1.0,0.96875,0.96875,0.96875,True,TRUE,PREDICTION_UNDER_HIDDEN_REALIZED_CONTEXT,ACTUAL_OBSERVATION_PACKET
boundary,61,entry_lognormal_annual_sd_1.2,Q2,B2_roster_prior_v2,True,False,FALSE,0.8941497802734375,0.7020263671875,-0.0479736328125,MODERATELY_BELOW,.02-.05,Q2_RESERVE,0.9866943359375,0.9178466796875,0.97734375,1.0,0.254296875,1.0,0.90625,0.90625,0.90625,True,TRUE,PREDICTION_UNDER_HIDDEN_REALIZED_CONTEXT,ACTUAL_OBSERVATION_PACKET
boundary,62,correct,Q1,B2_roster_prior_v2,True,True,TRUE,0.9565277099609375,0.7592926025390625,0.2065277099609375,OUTSIDE_ABOVE,>.1,HEALTHY,0.9052734375,0.8118896484375,0.6041015625,1.0,0.0419921875,1.0,0.84375,0.84375,0.90625,True,TRUE,PREDICTION_UNDER_HIDDEN_REALIZED_CONTEXT,ACTUAL_OBSERVATION_PACKET
boundary,62,correct,Q2,B2_roster_prior_v2,True,True,TRUE,0.9565277099609375,0.7592926025390625,0.0092926025390625,IMMEDIATELY_ABOVE,0-.02,HEALTHY,0.9052734375,0.8118896484375,0.6041015625,1.0,0.0419921875,1.0,0.75,0.71875,0.78125,True,TRUE,PREDICTION_UNDER_HIDDEN_REALIZED_CONTEXT,ACTUAL_OBSERVATION_PACKET
boundary,62,hemlock_extra_hazard_0.12,Q1,B2_roster_prior_v2,True,True,TRUE,0.9187164306640625,0.2441558837890625,0.1687164306640625,OUTSIDE_ABOVE,>.1,HEALTHY,0.9052734375,0.8118896484375,0.6041015625,1.0,0.0419921875,1.0,0.84375,0.84375,0.90625,True,TRUE,PREDICTION_UNDER_HIDDEN_REALIZED_CONTEXT,ACTUAL_OBSERVATION_PACKET
boundary,62,hemlock_extra_hazard_0.12,Q2,B2_roster_prior_v2,True,False,FALSE,0.9187164306640625,0.2441558837890625,-0.5058441162109375,OUTSIDE_BELOW,>.1,Q2_RESERVE,0.9052734375,0.8118896484375,0.6041015625,1.0,0.0419921875,1.0,0.75,0.71875,0.78125,True,TRUE,PREDICTION_UNDER_HIDDEN_REALIZED_CONTEXT,ACTUAL_OBSERVATION_PACKET
boundary,62,entry_lognormal_annual_sd_1.2,Q1,B2_roster_prior_v2,True,True,TRUE,0.948577880859375,0.6799163818359375,0.198577880859375,OUTSIDE_ABOVE,>.1,HEALTHY,0.9052734375,0.8118896484375,0.6041015625,1.0,0.0419921875,1.0,0.84375,0.84375,0.90625,True,TRUE,PREDICTION_UNDER_HIDDEN_REALIZED_CONTEXT,ACTUAL_OBSERVATION_PACKET
boundary,62,entry_lognormal_annual_sd_1.2,Q2,B2_roster_prior_v2,True,False,FALSE,0.948577880859375,0.6799163818359375,-0.0700836181640625,CLEARLY_BELOW,.05-.1,Q2_RESERVE,0.9052734375,0.8118896484375,0.6041015625,1.0,0.0419921875,1.0,0.75,0.71875,0.78125,True,TRUE,PREDICTION_UNDER_HIDDEN_REALIZED_CONTEXT,ACTUAL_OBSERVATION_PACKET
boundary,63,correct,Q1,B2_roster_prior_v2,True,True,TRUE,0.94683837890625,0.75665283203125,0.19683837890625,OUTSIDE_ABOVE,>.1,HEALTHY,0.999755859375,0.96728515625,1.0,1.0,0.9009765625,1.0,1.0,1.0,1.0,True,TRUE,PREDICTION_UNDER_HIDDEN_REALIZED_CONTEXT,ACTUAL_OBSERVATION_PACKET
boundary,63,correct,Q2,B2_roster_prior_v2,True,True,TRUE,0.94683837890625,0.75665283203125,0.00665283203125,IMMEDIATELY_ABOVE,0-.02,HEALTHY,0.999755859375,0.96728515625,1.0,1.0,0.9009765625,1.0,0.96875,0.96875,0.96875,True,TRUE,PREDICTION_UNDER_HIDDEN_REALIZED_CONTEXT,ACTUAL_OBSERVATION_PACKET
boundary,63,hemlock_extra_hazard_0.12,Q1,B2_roster_prior_v2,True,True,TRUE,0.8858489990234375,0.2144622802734375,0.1358489990234375,OUTSIDE_ABOVE,>.1,HEALTHY,0.999755859375,0.96728515625,1.0,1.0,0.9009765625,1.0,1.0,1.0,1.0,True,TRUE,PREDICTION_UNDER_HIDDEN_REALIZED_CONTEXT,ACTUAL_OBSERVATION_PACKET
boundary,63,hemlock_extra_hazard_0.12,Q2,B2_roster_prior_v2,True,False,FALSE,0.8858489990234375,0.2144622802734375,-0.5355377197265625,OUTSIDE_BELOW,>.1,Q2_RESERVE,0.999755859375,0.96728515625,1.0,1.0,0.9009765625,1.0,0.96875,0.96875,0.96875,True,TRUE,PREDICTION_UNDER_HIDDEN_REALIZED_CONTEXT,ACTUAL_OBSERVATION_PACKET
boundary,63,entry_lognormal_annual_sd_1.2,Q1,B2_roster_prior_v2,True,True,TRUE,0.937469482421875,0.6991729736328125,0.187469482421875,OUTSIDE_ABOVE,>.1,HEALTHY,0.999755859375,0.96728515625,1.0,1.0,0.9009765625,1.0,1.0,1.0,1.0,True,TRUE,PREDICTION_UNDER_HIDDEN_REALIZED_CONTEXT,ACTUAL_OBSERVATION_PACKET
boundary,63,entry_lognormal_annual_sd_1.2,Q2,B2_roster_prior_v2,True,False,FALSE,0.937469482421875,0.6991729736328125,-0.0508270263671875,CLEARLY_BELOW,.05-.1,Q2_RESERVE,0.999755859375,0.96728515625,1.0,1.0,0.9009765625,1.0,0.96875,0.96875,0.96875,True,TRUE,PREDICTION_UNDER_HIDDEN_REALIZED_CONTEXT,ACTUAL_OBSERVATION_PACKET
boundary,64,correct,Q1,B2_roster_prior_v2,True,True,TRUE,0.9555206298828125,0.7874298095703125,0.2055206298828125,OUTSIDE_ABOVE,>.1,HEALTHY,1.0,0.9664306640625,1.0,1.0,0.8515625,1.0,1.0,1.0,1.0,True,TRUE,PREDICTION_UNDER_HIDDEN_REALIZED_CONTEXT,ACTUAL_OBSERVATION_PACKET
boundary,64,correct,Q2,B2_roster_prior_v2,True,True,TRUE,0.9555206298828125,0.7874298095703125,0.0374298095703125,MODERATELY_ABOVE,.02-.05,HEALTHY,1.0,0.9664306640625,1.0,1.0,0.8515625,1.0,0.96875,0.9375,0.96875,True,TRUE,PREDICTION_UNDER_HIDDEN_REALIZED_CONTEXT,ACTUAL_OBSERVATION_PACKET
boundary,64,hemlock_extra_hazard_0.12,Q1,B2_roster_prior_v2,True,True,TRUE,0.925384521484375,0.3071441650390625,0.175384521484375,OUTSIDE_ABOVE,>.1,HEALTHY,1.0,0.9664306640625,1.0,1.0,0.8515625,1.0,1.0,1.0,1.0,True,TRUE,PREDICTION_UNDER_HIDDEN_REALIZED_CONTEXT,ACTUAL_OBSERVATION_PACKET
boundary,64,hemlock_extra_hazard_0.12,Q2,B2_roster_prior_v2,True,False,FALSE,0.925384521484375,0.3071441650390625,-0.4428558349609375,OUTSIDE_BELOW,>.1,Q2_RESERVE,1.0,0.9664306640625,1.0,1.0,0.8515625,1.0,0.96875,0.9375,0.96875,True,TRUE,PREDICTION_UNDER_HIDDEN_REALIZED_CONTEXT,ACTUAL_OBSERVATION_PACKET
boundary,64,entry_lognormal_annual_sd_1.2,Q1,B2_roster_prior_v2,True,True,TRUE,0.9480438232421875,0.7175140380859375,0.1980438232421875,OUTSIDE_ABOVE,>.1,HEALTHY,1.0,0.9664306640625,1.0,1.0,0.8515625,1.0,1.0,1.0,1.0,True,TRUE,PREDICTION_UNDER_HIDDEN_REALIZED_CONTEXT,ACTUAL_OBSERVATION_PACKET
boundary,64,entry_lognormal_annual_sd_1.2,Q2,B2_roster_prior_v2,True,False,FALSE,0.9480438232421875,0.7175140380859375,-0.0324859619140625,MODERATELY_BELOW,.02-.05,Q2_RESERVE,1.0,0.9664306640625,1.0,1.0,0.8515625,1.0,0.96875,0.9375,0.96875,True,TRUE,PREDICTION_UNDER_HIDDEN_REALIZED_CONTEXT,ACTUAL_OBSERVATION_PACKET
boundary,65,correct,Q1,B2_roster_prior_v2,True,True,TRUE,0.96539306640625,0.824005126953125,0.21539306640625,OUTSIDE_ABOVE,>.1,HEALTHY,0.9996337890625,0.968017578125,0.99609375,1.0,0.7080078125,1.0,1.0,1.0,1.0,True,TRUE,PREDICTION_UNDER_HIDDEN_REALIZED_CONTEXT,ACTUAL_OBSERVATION_PACKET
boundary,65,correct,Q2,B2_roster_prior_v2,True,True,TRUE,0.96539306640625,0.824005126953125,0.074005126953125,CLEARLY_ABOVE,.05-.1,HEALTHY,0.9996337890625,0.968017578125,0.99609375,1.0,0.7080078125,1.0,0.9375,0.90625,0.9375,True,TRUE,PREDICTION_UNDER_HIDDEN_REALIZED_CONTEXT,ACTUAL_OBSERVATION_PACKET
boundary,65,hemlock_extra_hazard_0.12,Q1,B2_roster_prior_v2,True,True,TRUE,0.9376373291015625,0.263458251953125,0.1876373291015625,OUTSIDE_ABOVE,>.1,HEALTHY,0.9996337890625,0.968017578125,0.99609375,1.0,0.7080078125,1.0,1.0,1.0,1.0,True,TRUE,PREDICTION_UNDER_HIDDEN_REALIZED_CONTEXT,ACTUAL_OBSERVATION_PACKET
boundary,65,hemlock_extra_hazard_0.12,Q2,B2_roster_prior_v2,True,False,FALSE,0.9376373291015625,0.263458251953125,-0.486541748046875,OUTSIDE_BELOW,>.1,Q2_RESERVE,0.9996337890625,0.968017578125,0.99609375,1.0,0.7080078125,1.0,0.9375,0.90625,0.9375,True,TRUE,PREDICTION_UNDER_HIDDEN_REALIZED_CONTEXT,ACTUAL_OBSERVATION_PACKET
boundary,65,entry_lognormal_annual_sd_1.2,Q1,B2_roster_prior_v2,True,True,TRUE,0.9618988037109375,0.7508087158203125,0.2118988037109375,OUTSIDE_ABOVE,>.1,HEALTHY,0.9996337890625,0.968017578125,0.99609375,1.0,0.7080078125,1.0,1.0,1.0,1.0,True,TRUE,PREDICTION_UNDER_HIDDEN_REALIZED_CONTEXT,ACTUAL_OBSERVATION_PACKET
boundary,65,entry_lognormal_annual_sd_1.2,Q2,B2_roster_prior_v2,True,True,MC_UNRESOLVED,0.9618988037109375,0.7508087158203125,0.0008087158203125,IMMEDIATELY_ABOVE,0-.02,HEALTHY,0.9996337890625,0.968017578125,0.99609375,1.0,0.7080078125,1.0,0.9375,0.90625,0.9375,True,TRUE,PREDICTION_UNDER_HIDDEN_REALIZED_CONTEXT,ACTUAL_OBSERVATION_PACKET
boundary,66,correct,Q1,B2_roster_prior_v2,True,True,TRUE,0.9643402099609375,0.682647705078125,0.2143402099609375,OUTSIDE_ABOVE,>.1,HEALTHY,1.0,0.9736328125,1.0,1.0,0.8185546875,1.0,1.0,1.0,1.0,True,TRUE,PREDICTION_UNDER_HIDDEN_REALIZED_CONTEXT,ACTUAL_OBSERVATION_PACKET
boundary,66,correct,Q2,B2_roster_prior_v2,True,False,FALSE,0.9643402099609375,0.682647705078125,-0.067352294921875,CLEARLY_BELOW,.05-.1,Q2_RESERVE,1.0,0.9736328125,1.0,1.0,0.8185546875,1.0,0.96875,0.96875,1.0,True,TRUE,PREDICTION_UNDER_HIDDEN_REALIZED_CONTEXT,ACTUAL_OBSERVATION_PACKET
boundary,66,hemlock_extra_hazard_0.12,Q1,B2_roster_prior_v2,True,True,TRUE,0.88397216796875,0.07421875,0.13397216796875,OUTSIDE_ABOVE,>.1,HEALTHY,1.0,0.9736328125,1.0,1.0,0.8185546875,1.0,1.0,1.0,1.0,True,TRUE,PREDICTION_UNDER_HIDDEN_REALIZED_CONTEXT,ACTUAL_OBSERVATION_PACKET
boundary,66,hemlock_extra_hazard_0.12,Q2,B2_roster_prior_v2,True,False,FALSE,0.88397216796875,0.07421875,-0.67578125,OUTSIDE_BELOW,>.1,Q2_RESERVE,1.0,0.9736328125,1.0,1.0,0.8185546875,1.0,0.96875,0.96875,1.0,True,TRUE,PREDICTION_UNDER_HIDDEN_REALIZED_CONTEXT,ACTUAL_OBSERVATION_PACKET
boundary,66,entry_lognormal_annual_sd_1.2,Q1,B2_roster_prior_v2,True,True,TRUE,0.9631500244140625,0.681365966796875,0.2131500244140625,OUTSIDE_ABOVE,>.1,HEALTHY,1.0,0.9736328125,1.0,1.0,0.8185546875,1.0,1.0,1.0,1.0,True,TRUE,PREDICTION_UNDER_HIDDEN_REALIZED_CONTEXT,ACTUAL_OBSERVATION_PACKET
boundary,66,entry_lognormal_annual_sd_1.2,Q2,B2_roster_prior_v2,True,False,FALSE,0.9631500244140625,0.681365966796875,-0.068634033203125,CLEARLY_BELOW,.05-.1,Q2_RESERVE,1.0,0.9736328125,1.0,1.0,0.8185546875,1.0,0.96875,0.96875,1.0,True,TRUE,PREDICTION_UNDER_HIDDEN_REALIZED_CONTEXT,ACTUAL_OBSERVATION_PACKET
boundary,67,correct,Q1,B2_roster_prior_v2,True,True,TRUE,0.9921417236328125,0.7115631103515625,0.2421417236328125,OUTSIDE_ABOVE,>.1,HEALTHY,0.9906005859375,0.9644775390625,0.9841796875,1.0,0.848828125,1.0,0.96875,0.96875,1.0,True,TRUE,PREDICTION_UNDER_HIDDEN_REALIZED_CONTEXT,ACTUAL_OBSERVATION_PACKET
boundary,67,correct,Q2,B2_roster_prior_v2,True,False,FALSE,0.9921417236328125,0.7115631103515625,-0.0384368896484375,MODERATELY_BELOW,.02-.05,Q2_RESERVE,0.9906005859375,0.9644775390625,0.9841796875,1.0,0.848828125,1.0,0.9375,0.9375,0.96875,True,TRUE,PREDICTION_UNDER_HIDDEN_REALIZED_CONTEXT,ACTUAL_OBSERVATION_PACKET
boundary,67,hemlock_extra_hazard_0.12,Q1,B2_roster_prior_v2,True,True,TRUE,0.9234161376953125,1.52587890625e-05,0.1734161376953125,OUTSIDE_ABOVE,>.1,HEALTHY,0.9906005859375,0.9644775390625,0.9841796875,1.0,0.848828125,1.0,0.96875,0.96875,1.0,True,TRUE,PREDICTION_UNDER_HIDDEN_REALIZED_CONTEXT,ACTUAL_OBSERVATION_PACKET
boundary,67,hemlock_extra_hazard_0.12,Q2,B2_roster_prior_v2,True,False,FALSE,0.9234161376953125,1.52587890625e-05,-0.7499847412109375,OUTSIDE_BELOW,>.1,Q2_RESERVE,0.9906005859375,0.9644775390625,0.9841796875,1.0,0.848828125,1.0,0.9375,0.9375,0.96875,True,TRUE,PREDICTION_UNDER_HIDDEN_REALIZED_CONTEXT,ACTUAL_OBSERVATION_PACKET
boundary,67,entry_lognormal_annual_sd_1.2,Q1,B2_roster_prior_v2,True,True,TRUE,0.992645263671875,0.7081298828125,0.242645263671875,OUTSIDE_ABOVE,>.1,HEALTHY,0.9906005859375,0.9644775390625,0.9841796875,1.0,0.848828125,1.0,0.96875,0.96875,1.0,True,TRUE,PREDICTION_UNDER_HIDDEN_REALIZED_CONTEXT,ACTUAL_OBSERVATION_PACKET
boundary,67,entry_lognormal_annual_sd_1.2,Q2,B2_roster_prior_v2,True,False,FALSE,0.992645263671875,0.7081298828125,-0.0418701171875,MODERATELY_BELOW,.02-.05,Q2_RESERVE,0.9906005859375,0.9644775390625,0.9841796875,1.0,0.848828125,1.0,0.9375,0.9375,0.96875,True,TRUE,PREDICTION_UNDER_HIDDEN_REALIZED_CONTEXT,ACTUAL_OBSERVATION_PACKET
boundary,68,correct,Q1,B2_roster_prior_v2,True,True,TRUE,0.9655914306640625,0.7555389404296875,0.2155914306640625,OUTSIDE_ABOVE,>.1,HEALTHY,1.0,0.9959716796875,1.0,1.0,1.0,1.0,1.0,1.0,1.0,True,TRUE,PREDICTION_UNDER_HIDDEN_REALIZED_CONTEXT,ACTUAL_OBSERVATION_PACKET
boundary,68,correct,Q2,B2_roster_prior_v2,True,True,TRUE,0.9655914306640625,0.7555389404296875,0.0055389404296875,IMMEDIATELY_ABOVE,0-.02,HEALTHY,1.0,0.9959716796875,1.0,1.0,1.0,1.0,1.0,1.0,1.0,True,TRUE,PREDICTION_UNDER_HIDDEN_REALIZED_CONTEXT,ACTUAL_OBSERVATION_PACKET
boundary,68,hemlock_extra_hazard_0.12,Q1,B2_roster_prior_v2,True,True,TRUE,0.9249114990234375,0.193634033203125,0.1749114990234375,OUTSIDE_ABOVE,>.1,HEALTHY,1.0,0.9959716796875,1.0,1.0,1.0,1.0,1.0,1.0,1.0,True,TRUE,PREDICTION_UNDER_HIDDEN_REALIZED_CONTEXT,ACTUAL_OBSERVATION_PACKET
boundary,68,hemlock_extra_hazard_0.12,Q2,B2_roster_prior_v2,True,False,FALSE,0.9249114990234375,0.193634033203125,-0.556365966796875,OUTSIDE_BELOW,>.1,Q2_RESERVE,1.0,0.9959716796875,1.0,1.0,1.0,1.0,1.0,1.0,1.0,True,TRUE,PREDICTION_UNDER_HIDDEN_REALIZED_CONTEXT,ACTUAL_OBSERVATION_PACKET
boundary,68,entry_lognormal_annual_sd_1.2,Q1,B2_roster_prior_v2,True,True,TRUE,0.9647064208984375,0.75360107421875,0.2147064208984375,OUTSIDE_ABOVE,>.1,HEALTHY,1.0,0.9959716796875,1.0,1.0,1.0,1.0,1.0,1.0,1.0,True,TRUE,PREDICTION_UNDER_HIDDEN_REALIZED_CONTEXT,ACTUAL_OBSERVATION_PACKET
boundary,68,entry_lognormal_annual_sd_1.2,Q2,B2_roster_prior_v2,True,True,MC_UNRESOLVED,0.9647064208984375,0.75360107421875,0.00360107421875,IMMEDIATELY_ABOVE,0-.02,HEALTHY,1.0,0.9959716796875,1.0,1.0,1.0,1.0,1.0,1.0,1.0,True,TRUE,PREDICTION_UNDER_HIDDEN_REALIZED_CONTEXT,ACTUAL_OBSERVATION_PACKET
boundary,69,correct,Q1,B2_roster_prior_v2,True,True,TRUE,0.9994659423828125,0.850067138671875,0.2494659423828125,OUTSIDE_ABOVE,>.1,HEALTHY,1.0,0.99853515625,1.0,1.0,0.996484375,1.0,1.0,1.0,1.0,True,TRUE,PREDICTION_UNDER_HIDDEN_REALIZED_CONTEXT,ACTUAL_OBSERVATION_PACKET
boundary,69,correct,Q2,B2_roster_prior_v2,True,True,TRUE,0.9994659423828125,0.850067138671875,0.100067138671875,OUTSIDE_ABOVE,>.1,HEALTHY,1.0,0.99853515625,1.0,1.0,0.996484375,1.0,1.0,1.0,1.0,True,TRUE,PREDICTION_UNDER_HIDDEN_REALIZED_CONTEXT,ACTUAL_OBSERVATION_PACKET
boundary,69,hemlock_extra_hazard_0.12,Q1,B2_roster_prior_v2,True,True,TRUE,0.966461181640625,0.0,0.216461181640625,OUTSIDE_ABOVE,>.1,HEALTHY,1.0,0.99853515625,1.0,1.0,0.996484375,1.0,1.0,1.0,1.0,True,TRUE,PREDICTION_UNDER_HIDDEN_REALIZED_CONTEXT,ACTUAL_OBSERVATION_PACKET
boundary,69,hemlock_extra_hazard_0.12,Q2,B2_roster_prior_v2,True,False,FALSE,0.966461181640625,0.0,-0.75,OUTSIDE_BELOW,>.1,Q2_RESERVE,1.0,0.99853515625,1.0,1.0,0.996484375,1.0,1.0,1.0,1.0,True,TRUE,PREDICTION_UNDER_HIDDEN_REALIZED_CONTEXT,ACTUAL_OBSERVATION_PACKET
boundary,69,entry_lognormal_annual_sd_1.2,Q1,B2_roster_prior_v2,True,True,TRUE,0.9993743896484375,0.8457794189453125,0.2493743896484375,OUTSIDE_ABOVE,>.1,HEALTHY,1.0,0.99853515625,1.0,1.0,0.996484375,1.0,1.0,1.0,1.0,True,TRUE,PREDICTION_UNDER_HIDDEN_REALIZED_CONTEXT,ACTUAL_OBSERVATION_PACKET
boundary,69,entry_lognormal_annual_sd_1.2,Q2,B2_roster_prior_v2,True,True,TRUE,0.9993743896484375,0.8457794189453125,0.0957794189453125,CLEARLY_ABOVE,.05-.1,HEALTHY,1.0,0.99853515625,1.0,1.0,0.996484375,1.0,1.0,1.0,1.0,True,TRUE,PREDICTION_UNDER_HIDDEN_REALIZED_CONTEXT,ACTUAL_OBSERVATION_PACKET
boundary,70,correct,Q1,B2_roster_prior_v2,True,True,TRUE,0.9751129150390625,0.7777557373046875,0.2251129150390625,OUTSIDE_ABOVE,>.1,HEALTHY,0.9964599609375,0.975830078125,0.984765625,1.0,0.8689453125,1.0,1.0,1.0,1.0,True,TRUE,PREDICTION_UNDER_HIDDEN_REALIZED_CONTEXT,ACTUAL_OBSERVATION_PACKET
boundary,70,correct,Q2,B2_roster_prior_v2,True,True,TRUE,0.9751129150390625,0.7777557373046875,0.0277557373046875,MODERATELY_ABOVE,.02-.05,HEALTHY,0.9964599609375,0.975830078125,0.984765625,1.0,0.8689453125,1.0,1.0,1.0,1.0,True,TRUE,PREDICTION_UNDER_HIDDEN_REALIZED_CONTEXT,ACTUAL_OBSERVATION_PACKET
boundary,70,hemlock_extra_hazard_0.12,Q1,B2_roster_prior_v2,True,True,TRUE,0.9325714111328125,0.1670684814453125,0.1825714111328125,OUTSIDE_ABOVE,>.1,HEALTHY,0.9964599609375,0.975830078125,0.984765625,1.0,0.8689453125,1.0,1.0,1.0,1.0,True,TRUE,PREDICTION_UNDER_HIDDEN_REALIZED_CONTEXT,ACTUAL_OBSERVATION_PACKET
boundary,70,hemlock_extra_hazard_0.12,Q2,B2_roster_prior_v2,True,False,FALSE,0.9325714111328125,0.1670684814453125,-0.5829315185546875,OUTSIDE_BELOW,>.1,Q2_RESERVE,0.9964599609375,0.975830078125,0.984765625,1.0,0.8689453125,1.0,1.0,1.0,1.0,True,TRUE,PREDICTION_UNDER_HIDDEN_REALIZED_CONTEXT,ACTUAL_OBSERVATION_PACKET
boundary,70,entry_lognormal_annual_sd_1.2,Q1,B2_roster_prior_v2,True,True,TRUE,0.9745635986328125,0.777313232421875,0.2245635986328125,OUTSIDE_ABOVE,>.1,HEALTHY,0.9964599609375,0.975830078125,0.984765625,1.0,0.8689453125,1.0,1.0,1.0,1.0,True,TRUE,PREDICTION_UNDER_HIDDEN_REALIZED_CONTEXT,ACTUAL_OBSERVATION_PACKET
boundary,70,entry_lognormal_annual_sd_1.2,Q2,B2_roster_prior_v2,True,True,TRUE,0.9745635986328125,0.777313232421875,0.027313232421875,MODERATELY_ABOVE,.02-.05,HEALTHY,0.9964599609375,0.975830078125,0.984765625,1.0,0.8689453125,1.0,1.0,1.0,1.0,True,TRUE,PREDICTION_UNDER_HIDDEN_REALIZED_CONTEXT,ACTUAL_OBSERVATION_PACKET
boundary,71,correct,Q1,B2_roster_prior_v2,True,True,TRUE,0.99884033203125,0.89410400390625,0.24884033203125,OUTSIDE_ABOVE,>.1,HEALTHY,1.0,0.998291015625,1.0,1.0,0.9865234375,1.0,1.0,1.0,1.0,True,TRUE,PREDICTION_UNDER_HIDDEN_REALIZED_CONTEXT,ACTUAL_OBSERVATION_PACKET
boundary,71,correct,Q2,B2_roster_prior_v2,True,True,TRUE,0.99884033203125,0.89410400390625,0.14410400390625,OUTSIDE_ABOVE,>.1,HEALTHY,1.0,0.998291015625,1.0,1.0,0.9865234375,1.0,1.0,1.0,1.0,True,TRUE,PREDICTION_UNDER_HIDDEN_REALIZED_CONTEXT,ACTUAL_OBSERVATION_PACKET
boundary,71,hemlock_extra_hazard_0.12,Q1,B2_roster_prior_v2,True,True,TRUE,0.979705810546875,0.0,0.229705810546875,OUTSIDE_ABOVE,>.1,HEALTHY,1.0,0.998291015625,1.0,1.0,0.9865234375,1.0,1.0,1.0,1.0,True,TRUE,PREDICTION_UNDER_HIDDEN_REALIZED_CONTEXT,ACTUAL_OBSERVATION_PACKET
boundary,71,hemlock_extra_hazard_0.12,Q2,B2_roster_prior_v2,True,False,FALSE,0.979705810546875,0.0,-0.75,OUTSIDE_BELOW,>.1,Q2_RESERVE,1.0,0.998291015625,1.0,1.0,0.9865234375,1.0,1.0,1.0,1.0,True,TRUE,PREDICTION_UNDER_HIDDEN_REALIZED_CONTEXT,ACTUAL_OBSERVATION_PACKET
boundary,71,entry_lognormal_annual_sd_1.2,Q1,B2_roster_prior_v2,True,True,TRUE,0.99884033203125,0.8900146484375,0.24884033203125,OUTSIDE_ABOVE,>.1,HEALTHY,1.0,0.998291015625,1.0,1.0,0.9865234375,1.0,1.0,1.0,1.0,True,TRUE,PREDICTION_UNDER_HIDDEN_REALIZED_CONTEXT,ACTUAL_OBSERVATION_PACKET
boundary,71,entry_lognormal_annual_sd_1.2,Q2,B2_roster_prior_v2,True,True,TRUE,0.99884033203125,0.8900146484375,0.1400146484375,OUTSIDE_ABOVE,>.1,HEALTHY,1.0,0.998291015625,1.0,1.0,0.9865234375,1.0,1.0,1.0,1.0,True,TRUE,PREDICTION_UNDER_HIDDEN_REALIZED_CONTEXT,ACTUAL_OBSERVATION_PACKET
boundary,72,correct,Q1,B2_roster_prior_v2,False,False,FALSE,0.0,0.0,-0.75,OUTSIDE_BELOW,>.1,REALIZATION,0.0,0.0,0.0,0.0,0.0,0.0,0.0,0.0,0.0,False,FALSE,PREDICTION_UNDER_HIDDEN_REALIZED_CONTEXT,ACTUAL_OBSERVATION_PACKET
boundary,72,correct,Q2,B2_roster_prior_v2,False,False,FALSE,0.0,0.0,-0.75,OUTSIDE_BELOW,>.1,REALIZATION,0.0,0.0,0.0,0.0,0.0,0.0,0.0,0.0,0.0,False,FALSE,PREDICTION_UNDER_HIDDEN_REALIZED_CONTEXT,ACTUAL_OBSERVATION_PACKET
boundary,72,hemlock_extra_hazard_0.12,Q1,B2_roster_prior_v2,False,False,FALSE,0.0,0.0,-0.75,OUTSIDE_BELOW,>.1,REALIZATION,0.0,0.0,0.0,0.0,0.0,0.0,0.0,0.0,0.0,False,FALSE,PREDICTION_UNDER_HIDDEN_REALIZED_CONTEXT,ACTUAL_OBSERVATION_PACKET
boundary,72,hemlock_extra_hazard_0.12,Q2,B2_roster_prior_v2,False,False,FALSE,0.0,0.0,-0.75,OUTSIDE_BELOW,>.1,REALIZATION,0.0,0.0,0.0,0.0,0.0,0.0,0.0,0.0,0.0,False,FALSE,PREDICTION_UNDER_HIDDEN_REALIZED_CONTEXT,ACTUAL_OBSERVATION_PACKET
boundary,72,entry_lognormal_annual_sd_1.2,Q1,B2_roster_prior_v2,False,False,FALSE,0.0,0.0,-0.75,OUTSIDE_BELOW,>.1,REALIZATION,0.0,0.0,0.0,0.0,0.0,0.0,0.0,0.0,0.0,False,FALSE,PREDICTION_UNDER_HIDDEN_REALIZED_CONTEXT,ACTUAL_OBSERVATION_PACKET
boundary,72,entry_lognormal_annual_sd_1.2,Q2,B2_roster_prior_v2,False,False,FALSE,0.0,0.0,-0.75,OUTSIDE_BELOW,>.1,REALIZATION,0.0,0.0,0.0,0.0,0.0,0.0,0.0,0.0,0.0,False,FALSE,PREDICTION_UNDER_HIDDEN_REALIZED_CONTEXT,ACTUAL_OBSERVATION_PACKET
boundary,73,correct,Q1,B2_roster_prior_v2,False,False,FALSE,0.0,0.0,-0.75,OUTSIDE_BELOW,>.1,REALIZATION,0.0,0.0,0.0,0.0,0.0,0.0,0.0,0.0,0.0,False,FALSE,PREDICTION_UNDER_HIDDEN_REALIZED_CONTEXT,ACTUAL_OBSERVATION_PACKET
boundary,73,correct,Q2,B2_roster_prior_v2,False,False,FALSE,0.0,0.0,-0.75,OUTSIDE_BELOW,>.1,REALIZATION,0.0,0.0,0.0,0.0,0.0,0.0,0.0,0.0,0.0,False,FALSE,PREDICTION_UNDER_HIDDEN_REALIZED_CONTEXT,ACTUAL_OBSERVATION_PACKET
boundary,73,hemlock_extra_hazard_0.12,Q1,B2_roster_prior_v2,False,False,FALSE,0.0,0.0,-0.75,OUTSIDE_BELOW,>.1,REALIZATION,0.0,0.0,0.0,0.0,0.0,0.0,0.0,0.0,0.0,False,FALSE,PREDICTION_UNDER_HIDDEN_REALIZED_CONTEXT,ACTUAL_OBSERVATION_PACKET
boundary,73,hemlock_extra_hazard_0.12,Q2,B2_roster_prior_v2,False,False,FALSE,0.0,0.0,-0.75,OUTSIDE_BELOW,>.1,REALIZATION,0.0,0.0,0.0,0.0,0.0,0.0,0.0,0.0,0.0,False,FALSE,PREDICTION_UNDER_HIDDEN_REALIZED_CONTEXT,ACTUAL_OBSERVATION_PACKET
boundary,73,entry_lognormal_annual_sd_1.2,Q1,B2_roster_prior_v2,False,False,FALSE,0.0,0.0,-0.75,OUTSIDE_BELOW,>.1,REALIZATION,0.0,0.0,0.0,0.0,0.0,0.0,0.0,0.0,0.0,False,FALSE,PREDICTION_UNDER_HIDDEN_REALIZED_CONTEXT,ACTUAL_OBSERVATION_PACKET
boundary,73,entry_lognormal_annual_sd_1.2,Q2,B2_roster_prior_v2,False,False,FALSE,0.0,0.0,-0.75,OUTSIDE_BELOW,>.1,REALIZATION,0.0,0.0,0.0,0.0,0.0,0.0,0.0,0.0,0.0,False,FALSE,PREDICTION_UNDER_HIDDEN_REALIZED_CONTEXT,ACTUAL_OBSERVATION_PACKET
boundary,74,correct,Q1,B2_roster_prior_v2,False,False,FALSE,0.0,0.0,-0.75,OUTSIDE_BELOW,>.1,REALIZATION,0.0,0.0,0.0,0.0,0.0,0.0,0.0,0.0,0.0,False,FALSE,PREDICTION_UNDER_HIDDEN_REALIZED_CONTEXT,ACTUAL_OBSERVATION_PACKET
boundary,74,correct,Q2,B2_roster_prior_v2,False,False,FALSE,0.0,0.0,-0.75,OUTSIDE_BELOW,>.1,REALIZATION,0.0,0.0,0.0,0.0,0.0,0.0,0.0,0.0,0.0,False,FALSE,PREDICTION_UNDER_HIDDEN_REALIZED_CONTEXT,ACTUAL_OBSERVATION_PACKET
boundary,74,hemlock_extra_hazard_0.12,Q1,B2_roster_prior_v2,False,False,FALSE,0.0,0.0,-0.75,OUTSIDE_BELOW,>.1,REALIZATION,0.0,0.0,0.0,0.0,0.0,0.0,0.0,0.0,0.0,False,FALSE,PREDICTION_UNDER_HIDDEN_REALIZED_CONTEXT,ACTUAL_OBSERVATION_PACKET
boundary,74,hemlock_extra_hazard_0.12,Q2,B2_roster_prior_v2,False,False,FALSE,0.0,0.0,-0.75,OUTSIDE_BELOW,>.1,REALIZATION,0.0,0.0,0.0,0.0,0.0,0.0,0.0,0.0,0.0,False,FALSE,PREDICTION_UNDER_HIDDEN_REALIZED_CONTEXT,ACTUAL_OBSERVATION_PACKET
boundary,74,entry_lognormal_annual_sd_1.2,Q1,B2_roster_prior_v2,False,False,FALSE,0.0,0.0,-0.75,OUTSIDE_BELOW,>.1,REALIZATION,0.0,0.0,0.0,0.0,0.0,0.0,0.0,0.0,0.0,False,FALSE,PREDICTION_UNDER_HIDDEN_REALIZED_CONTEXT,ACTUAL_OBSERVATION_PACKET
boundary,74,entry_lognormal_annual_sd_1.2,Q2,B2_roster_prior_v2,False,False,FALSE,0.0,0.0,-0.75,OUTSIDE_BELOW,>.1,REALIZATION,0.0,0.0,0.0,0.0,0.0,0.0,0.0,0.0,0.0,False,FALSE,PREDICTION_UNDER_HIDDEN_REALIZED_CONTEXT,ACTUAL_OBSERVATION_PACKET
boundary,75,correct,Q1,B2_roster_prior_v2,False,False,FALSE,0.0,0.0,-0.75,OUTSIDE_BELOW,>.1,REALIZATION,0.0,0.0,0.0,0.0,0.0,0.0,0.0,0.0,0.0,False,FALSE,PREDICTION_UNDER_HIDDEN_REALIZED_CONTEXT,ACTUAL_OBSERVATION_PACKET
boundary,75,correct,Q2,B2_roster_prior_v2,False,False,FALSE,0.0,0.0,-0.75,OUTSIDE_BELOW,>.1,REALIZATION,0.0,0.0,0.0,0.0,0.0,0.0,0.0,0.0,0.0,False,FALSE,PREDICTION_UNDER_HIDDEN_REALIZED_CONTEXT,ACTUAL_OBSERVATION_PACKET
boundary,75,hemlock_extra_hazard_0.12,Q1,B2_roster_prior_v2,False,False,FALSE,0.0,0.0,-0.75,OUTSIDE_BELOW,>.1,REALIZATION,0.0,0.0,0.0,0.0,0.0,0.0,0.0,0.0,0.0,False,FALSE,PREDICTION_UNDER_HIDDEN_REALIZED_CONTEXT,ACTUAL_OBSERVATION_PACKET
boundary,75,hemlock_extra_hazard_0.12,Q2,B2_roster_prior_v2,False,False,FALSE,0.0,0.0,-0.75,OUTSIDE_BELOW,>.1,REALIZATION,0.0,0.0,0.0,0.0,0.0,0.0,0.0,0.0,0.0,False,FALSE,PREDICTION_UNDER_HIDDEN_REALIZED_CONTEXT,ACTUAL_OBSERVATION_PACKET
boundary,75,entry_lognormal_annual_sd_1.2,Q1,B2_roster_prior_v2,False,False,FALSE,0.0,0.0,-0.75,OUTSIDE_BELOW,>.1,REALIZATION,0.0,0.0,0.0,0.0,0.0,0.0,0.0,0.0,0.0,False,FALSE,PREDICTION_UNDER_HIDDEN_REALIZED_CONTEXT,ACTUAL_OBSERVATION_PACKET
boundary,75,entry_lognormal_annual_sd_1.2,Q2,B2_roster_prior_v2,False,False,FALSE,0.0,0.0,-0.75,OUTSIDE_BELOW,>.1,REALIZATION,0.0,0.0,0.0,0.0,0.0,0.0,0.0,0.0,0.0,False,FALSE,PREDICTION_UNDER_HIDDEN_REALIZED_CONTEXT,ACTUAL_OBSERVATION_PACKET
boundary,76,correct,Q1,B2_roster_prior_v2,False,False,FALSE,0.0,0.0,-0.75,OUTSIDE_BELOW,>.1,REALIZATION,0.0,0.0,0.0,0.0,0.0,0.0,0.0,0.0,0.0,False,FALSE,PREDICTION_UNDER_HIDDEN_REALIZED_CONTEXT,ACTUAL_OBSERVATION_PACKET
boundary,76,correct,Q2,B2_roster_prior_v2,False,False,FALSE,0.0,0.0,-0.75,OUTSIDE_BELOW,>.1,REALIZATION,0.0,0.0,0.0,0.0,0.0,0.0,0.0,0.0,0.0,False,FALSE,PREDICTION_UNDER_HIDDEN_REALIZED_CONTEXT,ACTUAL_OBSERVATION_PACKET
boundary,76,hemlock_extra_hazard_0.12,Q1,B2_roster_prior_v2,False,False,FALSE,0.0,0.0,-0.75,OUTSIDE_BELOW,>.1,REALIZATION,0.0,0.0,0.0,0.0,0.0,0.0,0.0,0.0,0.0,False,FALSE,PREDICTION_UNDER_HIDDEN_REALIZED_CONTEXT,ACTUAL_OBSERVATION_PACKET
boundary,76,hemlock_extra_hazard_0.12,Q2,B2_roster_prior_v2,False,False,FALSE,0.0,0.0,-0.75,OUTSIDE_BELOW,>.1,REALIZATION,0.0,0.0,0.0,0.0,0.0,0.0,0.0,0.0,0.0,False,FALSE,PREDICTION_UNDER_HIDDEN_REALIZED_CONTEXT,ACTUAL_OBSERVATION_PACKET
boundary,76,entry_lognormal_annual_sd_1.2,Q1,B2_roster_prior_v2,False,False,FALSE,0.0,0.0,-0.75,OUTSIDE_BELOW,>.1,REALIZATION,0.0,0.0,0.0,0.0,0.0,0.0,0.0,0.0,0.0,False,FALSE,PREDICTION_UNDER_HIDDEN_REALIZED_CONTEXT,ACTUAL_OBSERVATION_PACKET
boundary,76,entry_lognormal_annual_sd_1.2,Q2,B2_roster_prior_v2,False,False,FALSE,0.0,0.0,-0.75,OUTSIDE_BELOW,>.1,REALIZATION,0.0,0.0,0.0,0.0,0.0,0.0,0.0,0.0,0.0,False,FALSE,PREDICTION_UNDER_HIDDEN_REALIZED_CONTEXT,ACTUAL_OBSERVATION_PACKET
boundary,77,correct,Q1,B2_roster_prior_v2,False,False,FALSE,0.0,0.0,-0.75,OUTSIDE_BELOW,>.1,REALIZATION,0.0,0.0,0.0,0.0,0.0,0.0,0.0,0.0,0.0,False,FALSE,PREDICTION_UNDER_HIDDEN_REALIZED_CONTEXT,ACTUAL_OBSERVATION_PACKET
boundary,77,correct,Q2,B2_roster_prior_v2,False,False,FALSE,0.0,0.0,-0.75,OUTSIDE_BELOW,>.1,REALIZATION,0.0,0.0,0.0,0.0,0.0,0.0,0.0,0.0,0.0,False,FALSE,PREDICTION_UNDER_HIDDEN_REALIZED_CONTEXT,ACTUAL_OBSERVATION_PACKET
boundary,77,hemlock_extra_hazard_0.12,Q1,B2_roster_prior_v2,False,False,FALSE,0.0,0.0,-0.75,OUTSIDE_BELOW,>.1,REALIZATION,0.0,0.0,0.0,0.0,0.0,0.0,0.0,0.0,0.0,False,FALSE,PREDICTION_UNDER_HIDDEN_REALIZED_CONTEXT,ACTUAL_OBSERVATION_PACKET
boundary,77,hemlock_extra_hazard_0.12,Q2,B2_roster_prior_v2,False,False,FALSE,0.0,0.0,-0.75,OUTSIDE_BELOW,>.1,REALIZATION,0.0,0.0,0.0,0.0,0.0,0.0,0.0,0.0,0.0,False,FALSE,PREDICTION_UNDER_HIDDEN_REALIZED_CONTEXT,ACTUAL_OBSERVATION_PACKET
boundary,77,entry_lognormal_annual_sd_1.2,Q1,B2_roster_prior_v2,False,False,FALSE,0.0,0.0,-0.75,OUTSIDE_BELOW,>.1,REALIZATION,0.0,0.0,0.0,0.0,0.0,0.0,0.0,0.0,0.0,False,FALSE,PREDICTION_UNDER_HIDDEN_REALIZED_CONTEXT,ACTUAL_OBSERVATION_PACKET
boundary,77,entry_lognormal_annual_sd_1.2,Q2,B2_roster_prior_v2,False,False,FALSE,0.0,0.0,-0.75,OUTSIDE_BELOW,>.1,REALIZATION,0.0,0.0,0.0,0.0,0.0,0.0,0.0,0.0,0.0,False,FALSE,PREDICTION_UNDER_HIDDEN_REALIZED_CONTEXT,ACTUAL_OBSERVATION_PACKET
boundary,78,correct,Q1,B2_roster_prior_v2,False,False,FALSE,0.0,0.0,-0.75,OUTSIDE_BELOW,>.1,REALIZATION,0.0,0.0,0.0,0.0,0.0,0.0,0.0,0.0,0.0,False,FALSE,PREDICTION_UNDER_HIDDEN_REALIZED_CONTEXT,ACTUAL_OBSERVATION_PACKET
boundary,78,correct,Q2,B2_roster_prior_v2,False,False,FALSE,0.0,0.0,-0.75,OUTSIDE_BELOW,>.1,REALIZATION,0.0,0.0,0.0,0.0,0.0,0.0,0.0,0.0,0.0,False,FALSE,PREDICTION_UNDER_HIDDEN_REALIZED_CONTEXT,ACTUAL_OBSERVATION_PACKET
boundary,78,hemlock_extra_hazard_0.12,Q1,B2_roster_prior_v2,False,False,FALSE,0.0,0.0,-0.75,OUTSIDE_BELOW,>.1,REALIZATION,0.0,0.0,0.0,0.0,0.0,0.0,0.0,0.0,0.0,False,FALSE,PREDICTION_UNDER_HIDDEN_REALIZED_CONTEXT,ACTUAL_OBSERVATION_PACKET
boundary,78,hemlock_extra_hazard_0.12,Q2,B2_roster_prior_v2,False,False,FALSE,0.0,0.0,-0.75,OUTSIDE_BELOW,>.1,REALIZATION,0.0,0.0,0.0,0.0,0.0,0.0,0.0,0.0,0.0,False,FALSE,PREDICTION_UNDER_HIDDEN_REALIZED_CONTEXT,ACTUAL_OBSERVATION_PACKET
boundary,78,entry_lognormal_annual_sd_1.2,Q1,B2_roster_prior_v2,False,False,FALSE,0.0,0.0,-0.75,OUTSIDE_BELOW,>.1,REALIZATION,0.0,0.0,0.0,0.0,0.0,0.0,0.0,0.0,0.0,False,FALSE,PREDICTION_UNDER_HIDDEN_REALIZED_CONTEXT,ACTUAL_OBSERVATION_PACKET
boundary,78,entry_lognormal_annual_sd_1.2,Q2,B2_roster_prior_v2,False,False,FALSE,0.0,0.0,-0.75,OUTSIDE_BELOW,>.1,REALIZATION,0.0,0.0,0.0,0.0,0.0,0.0,0.0,0.0,0.0,False,FALSE,PREDICTION_UNDER_HIDDEN_REALIZED_CONTEXT,ACTUAL_OBSERVATION_PACKET
boundary,79,correct,Q1,B2_roster_prior_v2,False,False,FALSE,0.0,0.0,-0.75,OUTSIDE_BELOW,>.1,REALIZATION,0.0,0.0,0.0,0.0,0.0,0.0,0.0,0.0,0.0,False,FALSE,PREDICTION_UNDER_HIDDEN_REALIZED_CONTEXT,ACTUAL_OBSERVATION_PACKET
boundary,79,correct,Q2,B2_roster_prior_v2,False,False,FALSE,0.0,0.0,-0.75,OUTSIDE_BELOW,>.1,REALIZATION,0.0,0.0,0.0,0.0,0.0,0.0,0.0,0.0,0.0,False,FALSE,PREDICTION_UNDER_HIDDEN_REALIZED_CONTEXT,ACTUAL_OBSERVATION_PACKET
boundary,79,hemlock_extra_hazard_0.12,Q1,B2_roster_prior_v2,False,False,FALSE,0.0,0.0,-0.75,OUTSIDE_BELOW,>.1,REALIZATION,0.0,0.0,0.0,0.0,0.0,0.0,0.0,0.0,0.0,False,FALSE,PREDICTION_UNDER_HIDDEN_REALIZED_CONTEXT,ACTUAL_OBSERVATION_PACKET
boundary,79,hemlock_extra_hazard_0.12,Q2,B2_roster_prior_v2,False,False,FALSE,0.0,0.0,-0.75,OUTSIDE_BELOW,>.1,REALIZATION,0.0,0.0,0.0,0.0,0.0,0.0,0.0,0.0,0.0,False,FALSE,PREDICTION_UNDER_HIDDEN_REALIZED_CONTEXT,ACTUAL_OBSERVATION_PACKET
boundary,79,entry_lognormal_annual_sd_1.2,Q1,B2_roster_prior_v2,False,False,FALSE,0.0,0.0,-0.75,OUTSIDE_BELOW,>.1,REALIZATION,0.0,0.0,0.0,0.0,0.0,0.0,0.0,0.0,0.0,False,FALSE,PREDICTION_UNDER_HIDDEN_REALIZED_CONTEXT,ACTUAL_OBSERVATION_PACKET
boundary,79,entry_lognormal_annual_sd_1.2,Q2,B2_roster_prior_v2,False,False,FALSE,0.0,0.0,-0.75,OUTSIDE_BELOW,>.1,REALIZATION,0.0,0.0,0.0,0.0,0.0,0.0,0.0,0.0,0.0,False,FALSE,PREDICTION_UNDER_HIDDEN_REALIZED_CONTEXT,ACTUAL_OBSERVATION_PACKET
boundary,80,correct,Q1,B2_roster_prior_v2,False,False,FALSE,0.0,0.0,-0.75,OUTSIDE_BELOW,>.1,REALIZATION,0.0,0.0,0.0,0.0,0.0,0.0,0.0,0.0,0.0,False,FALSE,PREDICTION_UNDER_HIDDEN_REALIZED_CONTEXT,ACTUAL_OBSERVATION_PACKET
boundary,80,correct,Q2,B2_roster_prior_v2,False,False,FALSE,0.0,0.0,-0.75,OUTSIDE_BELOW,>.1,REALIZATION,0.0,0.0,0.0,0.0,0.0,0.0,0.0,0.0,0.0,False,FALSE,PREDICTION_UNDER_HIDDEN_REALIZED_CONTEXT,ACTUAL_OBSERVATION_PACKET
boundary,80,hemlock_extra_hazard_0.12,Q1,B2_roster_prior_v2,False,False,FALSE,0.0,0.0,-0.75,OUTSIDE_BELOW,>.1,REALIZATION,0.0,0.0,0.0,0.0,0.0,0.0,0.0,0.0,0.0,False,FALSE,PREDICTION_UNDER_HIDDEN_REALIZED_CONTEXT,ACTUAL_OBSERVATION_PACKET
boundary,80,hemlock_extra_hazard_0.12,Q2,B2_roster_prior_v2,False,False,FALSE,0.0,0.0,-0.75,OUTSIDE_BELOW,>.1,REALIZATION,0.0,0.0,0.0,0.0,0.0,0.0,0.0,0.0,0.0,False,FALSE,PREDICTION_UNDER_HIDDEN_REALIZED_CONTEXT,ACTUAL_OBSERVATION_PACKET
boundary,80,entry_lognormal_annual_sd_1.2,Q1,B2_roster_prior_v2,False,False,FALSE,0.0,0.0,-0.75,OUTSIDE_BELOW,>.1,REALIZATION,0.0,0.0,0.0,0.0,0.0,0.0,0.0,0.0,0.0,False,FALSE,PREDICTION_UNDER_HIDDEN_REALIZED_CONTEXT,ACTUAL_OBSERVATION_PACKET
boundary,80,entry_lognormal_annual_sd_1.2,Q2,B2_roster_prior_v2,False,False,FALSE,0.0,0.0,-0.75,OUTSIDE_BELOW,>.1,REALIZATION,0.0,0.0,0.0,0.0,0.0,0.0,0.0,0.0,0.0,False,FALSE,PREDICTION_UNDER_HIDDEN_REALIZED_CONTEXT,ACTUAL_OBSERVATION_PACKET
