design,family,state,original_N,original_BA,original_J,individual_N,individual_BA,individual_J,N_delta,BA_delta,J_delta,unchanged_unseen_count,unchanged_association_count,conditional_individual_survivor_mean,conditional_original_survivor_mean,original_dated_survivors,individual_dated_survivors,original_measured_ba,individual_measured_ba,original_imputed_ba,individual_imputed_ba
HFD02S_PRIMARY,B0,0,92812,1515.4904459210647,69023,92762,1514.5805319781962,68961,-50,-0.9099139428685703,-62,3271,24,89377.1079762832,89370.09139129425,89517,89467,1463.4173151652321,1462.797768319573,52.07313075583285,51.78276365862348
HFD02S_PRIMARY,B0,1,86494,1508.0614251579234,62696,86635,1508.6662825495216,62836,141,0.604857391598216,140,3688,20,82800.60512527189,82785.16621903492,82786,82927,1458.7853463673455,1459.9661968799276,49.27607879057825,48.70008566959428
HFD02S_PRIMARY,B0,2,82889,1512.613341049827,59112,83007,1512.8589216484297,59235,118,0.24558059860260073,123,1739,22,81185.8241248929,81167.34682097708,81128,81246,1466.0341172774504,1467.1495395841685,46.57922377237664,45.709382064261675
HFD02S_PRIMARY,B0,3,88026,1512.5377166847672,64390,88170,1511.6446100568446,64529,144,-0.8931066279226343,139,5090,25,83073.14634106505,83058.5870071005,82911,83055,1454.2019944040762,1453.334714874287,58.33572228069142,58.30989518255671
HFD02S_PRIMARY,B0,4,95188,1522.4564346762202,71298,94944,1521.0214616269604,71085,-244,-1.4349730492597246,-213,1903,26,93171.17448265247,93168.02913791467,93259,93015,1462.1067583592749,1460.6043716481845,60.34967631694538,60.41708997877594
HFD02S_PRIMARY,B0,5,87751,1511.14342554328,63910,87710,1511.44738707085,63887,-41,0.3039615275699816,-23,3740,25,83908.34157497466,83894.98476326719,83986,83945,1461.5122763230413,1461.921603742293,49.631149220238626,49.525783328557345
HFD02S_PRIMARY,B0,6,92202,1514.2977568290946,68481,92415,1513.66021740126,68685,213,-0.6375394278345539,204,4791,25,87582.1887452944,87574.01160470302,87386,87599,1456.3528863047427,1456.7226920485248,57.944870524352275,56.937525352735726
HFD02S_PRIMARY,B0,7,70974,1495.913213051858,47423,71241,1496.651558947169,47670,267,0.7383458953108857,247,2450,24,68606.25178321278,68555.8238224256,68500,68767,1459.920790196412,1459.7131441446024,35.992422855445966,36.9384148025665
HFD02S_PRIMARY,B0,8,83198,1515.0860055398125,59449,83327,1514.5918210744712,59580,129,-0.49418446534127725,131,2103,26,81255.52009115995,81236.90196720615,81069,81198,1462.8286382750648,1462.000771482075,52.25736726474774,52.59104959239615
HFD02S_PRIMARY,B0,9,94505,1521.7213842010256,70659,94536,1522.0845735942646,70675,31,0.36318939323905397,16,6000,27,88472.62793327044,88465.66784449946,88478,88509,1465.4409277785762,1465.730763210982,56.28045642244921,56.35381038328225
HFD02S_PRIMARY,B0,10,86226,1517.129160219126,62538,86394,1519.0119340922606,62654,168,1.8827738731345107,116,4147,25,82199.11064529959,82182.61162417673,82054,82222,1460.093606598263,1461.4983156821554,57.03555362086258,57.513618410105444
HFD02S_PRIMARY,B0,11,84658,1508.634436698194,61062,85024,1510.3155852529592,61355,366,1.6811485547652865,293,5690,24,79015.1154718724,78992.06689828476,78944,79310,1460.6214141197368,1461.803234242417,48.013022578456955,48.512351010542424
HFD02S_PRIMARY,B0,12,89872,1509.5651480202182,66168,89969,1509.7391277008542,66231,97,0.17397968063596636,63,4137,29,85834.05050998177,85823.44000007257,85706,85803,1462.1357440987595,1461.7529734232428,47.42940392145896,47.98615427761171
HFD02S_PRIMARY,B0,13,93215,1524.7516030921515,69467,93418,1527.42488583371,69626,203,2.6732827415585234,159,2239,24,90995.25269283194,90990.38522689103,90952,91155,1460.2373387811915,1462.1837436982219,64.5142643109607,65.24114213548815
HFD02S_PRIMARY,B0,14,72405,1502.9838975583693,48802,72558,1504.2012434196417,48955,153,1.2173458612724062,153,2189,24,70311.70438039163,70266.11180887971,70192,70345,1461.6452627467393,1462.5119132861455,41.33863481162992,41.689330133496256
HFD02S_PRIMARY,B0,15,86699,1521.9986259529949,62838,86704,1522.9218894027185,62874,5,0.9232634497236631,36,4143,27,82530.2552591959,82514.32244298949,82529,82534,1466.444913182956,1466.983877503309,55.553712770039226,55.938011899409396
HFD02S_PRIMARY,B0,16,94835,1524.0168493479189,71003,94974,1527.1095874081122,71094,139,3.092738060193369,91,3661,29,91304.85539271352,91300.57849218212,91145,91284,1456.245804751489,1459.6302029768724,67.77104459642992,67.47938443123965
HFD02S_PRIMARY,B0,17,90334,1523.9652615071461,66578,90458,1523.9448739245527,66689,124,-0.02038758259345741,111,4590,28,85741.18469566824,85730.88622937172,85716,85840,1462.0935082997426,1462.586765169561,61.87175320740336,61.358108754992045
HFD02S_PRIMARY,B0,18,88984,1518.032288906885,65281,89051,1516.0155969547225,65370,67,-2.016691952162546,89,3514,27,85434.96055301132,85424.14065539533,85443,85510,1463.0185895024608,1461.590603620544,55.013699404423875,54.42499333417815
HFD02S_PRIMARY,B0,19,92739,1526.876928332556,68868,92896,1525.3719674962354,69012,157,-1.5049608363206062,144,4141,28,88617.53216491507,88611.10502841581,88570,88727,1462.8475022372859,1461.0472172535624,64.02942609526998,64.32475024267288
HFD02S_PRIMARY,B0,20,78310,1504.483123599658,54651,78344,1502.282252101241,54724,34,-2.200871498416973,73,3959,24,74308.56772312705,74272.27057272894,74327,74361,1461.6096731754092,1461.1811141957842,42.87345042424867,41.101137905457165
HFD02S_PRIMARY,B0,21,86160,1507.6953712600819,62395,86307,1507.0447574238087,62582,147,-0.6506138362731235,187,5792,25,80347.48032531679,80327.1441402018,80343,80490,1459.7749276752752,1459.641146630516,47.920443584806776,47.40361079329269
HFD02S_PRIMARY,B0,22,83761,1522.109505589648,60057,83887,1523.197145203916,60191,126,1.0876396142680278,134,5027,24,78812.83930071909,78788.92788360204,78710,78836,1465.109359262599,1466.006110379035,57.000146327049364,57.191034824881434
HFD02S_PRIMARY,B0,23,92383,1525.3027126558165,68507,92295,1524.431644415387,68431,-88,-0.8710682404296222,-76,2812,25,89447.71323233075,89441.42466821252,89546,89458,1466.5190011842299,1466.2506377450838,58.7837114715866,58.181006670303006
HFD02S_PRIMARY,B0,24,92026,1519.4915823585352,68148,92201,1515.9728227348592,68343,175,-3.518759623676033,195,3565,27,88550.0462867104,88543.3527838993,88434,88609,1464.578200189049,1460.7738726362452,54.91338216948565,55.19895009861422
HFD02S_PRIMARY,B0,25,91437,1512.136988470455,67655,91422,1511.6885988419144,67644,-15,-0.44838962854055353,-11,3652,24,87711.93969421659,87704.1012736139,87761,87746,1458.4556557342808,1458.1842137398658,53.68133273617475,53.50438510204848
HFD02S_PRIMARY,B0,26,91480,1517.7733820554868,67659,91447,1514.4250424073352,67673,-33,-3.348339648151523,14,2815,28,88676.00331100327,88668.122621621,88637,88604,1462.633011436661,1459.6041746773674,55.140370618825585,54.82086772996801
HFD02S_PRIMARY,B0,27,73402,1495.5385896997063,50068,73320,1494.1587635048254,50059,-82,-1.379826194880934,-9,5306,18,68046.89433764157,67995.58328616951,68078,67996,1461.4358420527183,1460.5361173386073,34.10274764698784,33.62264616621801
HFD02S_PRIMARY,B0,28,87804,1509.2003781077678,64041,87843,1505.8047802586148,64111,39,-3.3955978491530914,70,3006,28,84719.54688042383,84707.44448319517,84770,84809,1460.5614279534836,1457.2669309285727,48.638950154284025,48.5378493300417
HFD02S_PRIMARY,B0,29,88773,1520.6097304189468,65024,88990,1523.532088932037,65231,217,2.922358513090103,207,4179,25,84725.56672151318,84713.39190302521,84569,84786,1460.8237538567564,1463.9487784310318,59.78597656219032,59.5833105010053
HFD02S_PRIMARY,B0,30,94899,1523.6786097169747,71139,94782,1523.6315875429352,71012,-117,-0.04702217403951181,-127,2833,30,92012.10851565441,92008.25682517918,92036,91919,1461.593643988823,1461.5795543744878,62.084965728151445,62.052033168447515
HFD02S_PRIMARY,B0,31,85975,1523.5298120448786,62250,85758,1524.5887070341819,61993,-217,1.058894989303326,-257,2182,27,83721.68935748971,83707.82895008949,83766,83549,1462.5059502204185,1462.3769944574974,61.023861824459956,62.21171257668434
HFD02S_PRIMARY,B0,32,93143,1517.1525907140174,69311,93193,1516.0763290102998,69373,50,-1.0762617037175914,62,2677,31,90484.88681798185,90479.68141739018,90435,90485,1460.7146055222825,1459.7884483429089,56.43798519173518,56.28788066739063
HFD02S_PRIMARY,B0,33,92612,1525.6124934216111,68794,92703,1524.6587035937243,68905,91,-0.9537898278867942,111,4614,24,87975.27108396181,87967.39191959242,87974,88065,1460.9435073607485,1460.6670973746852,64.6689860608626,63.99160621903888
HFD02S_PRIMARY,B0,34,85762,1520.5831338616474,62000,85757,1519.6760780524346,62003,-5,-0.9070558092128067,3,3202,24,82487.8911243319,82471.87824920844,82536,82531,1461.995267696202,1461.9782112380517,58.587866165445384,57.697866814382806
HFD02S_PRIMARY,B0,35,88368,1517.9381503662755,64566,88373,1521.2407528249814,64546,5,3.3026024587059055,-20,5596,22,82793.81215214057,82778.70917380357,82750,82755,1459.6919467105959,1462.1100336484649,58.246203655679686,59.13071917651611
HFD02S_PRIMARY,B0,36,85214,1522.995758488175,61391,84994,1521.287557959334,61181,-220,-1.7082005288409619,-210,3704,26,81526.4326964468,81508.46940174371,81484,81264,1466.6768508575503,1464.837071243604,56.318907630624906,56.45048671573002
HFD02S_PRIMARY,B0,37,69434,1503.2186917394513,45874,69520,1503.5646918488642,45951,86,0.3460001094128984,77,2976,24,66478.46797704899,66426.81695171309,66434,66520,1464.317161756803,1464.3088900532532,38.90152998264846,39.255801795611056
HFD02S_PRIMARY,B0,38,90247,1513.888035913237,66465,90180,1514.1162883283262,66376,-67,0.22825241508917316,-89,3379,25,86842.59974580735,86833.34467175396,86843,86776,1461.1206543680103,1461.8122553703738,52.76738154522685,52.30403295795238
HFD02S_PRIMARY,B0,39,88196,1533.8817954686222,64412,87897,1533.1892263120683,64090,-299,-0.6925691565538727,-322,2608,27,85381.40975874728,85370.21571566742,85561,85262,1473.5693615454525,1472.0228234247397,60.31243392316947,61.166402887328594
HFD02S_PRIMARY,B0,40,85374,1514.1373526938796,61660,85538,1515.977440196286,61794,164,1.840087502406277,134,3497,25,81966.85240322948,81949.66821913634,81852,82016,1463.4337974101338,1464.755763095561,50.703555283745246,51.22167710072475
HFD02S_PRIMARY,B0,41,88794,1513.6571224329155,65043,88852,1512.948524187315,65105,58,-0.7085982456005695,62,3226,26,85479.7207238944,85469.00251951687,85542,85600,1461.784098085811,1461.3446638157948,51.87302434710473,51.603860371520135
HFD02S_PRIMARY,B0,42,87455,1513.0875528267486,63633,87505,1514.7422919762016,63671,50,1.6547391494530075,38,5091,27,82256.6984897416,82239.96681099955,82337,82387,1461.841987201282,1463.3166437468979,51.245565625466604,51.42564822930381
HFD02S_PRIMARY,B0,43,86646,1514.8101897615506,62913,86742,1512.7506803571337,63020,96,-2.0595094044169855,107,3101,29,83652.43297832474,83638.44661827985,83516,83612,1457.3302505463757,1454.870461065519,57.47993921517484,57.88021929161455
HFD02S_PRIMARY,B0,44,83937,1515.342812163923,60250,83858,1512.9209244222104,60208,-79,-2.4218877417126805,-42,3507,26,80321.85457167587,80301.26196350392,80404,80325,1461.3977411100122,1459.2730539386187,53.945071053911015,53.647870483591795
HFD02S_PRIMARY,B0,45,93162,1522.443016677265,69348,93118,1524.7139713924962,69273,-44,2.2709547152312552,-75,4453,21,88632.4356507359,88624.40605610884,88688,88644,1463.9193256151254,1465.9380387296242,58.52369106213924,58.77593266287231
HFD02S_PRIMARY,B0,46,80444,1501.5672478402964,56858,80429,1503.0512781398102,56814,-15,1.4840302995137336,-44,2245,20,78249.80917511659,78225.38068801288,78179,78164,1458.6921932667062,1458.9660211982007,42.87505457359039,44.08525694160898
HFD02S_PRIMARY,B0,47,76948,1500.9110665473183,53547,77079,1503.2328502845646,53618,131,2.321783737246278,71,4862,21,72172.15507018843,72132.22470747776,72065,72196,1464.4959320747553,1466.07834649371,36.41513447256334,37.15450379085478
HFD02S_PRIMARY,B0,48,84971,1515.959346824024,61267,84725,1514.9053696539484,61049,-246,-1.053977170075541,-218,3253,23,81541.83097717422,81524.09052075181,81695,81449,1463.3402043335534,1461.8919901800618,52.619142490470566,53.01337947388642
HFD02S_PRIMARY,B0,49,92814,1530.1140293138687,68942,92727,1533.3414321288644,68806,-87,3.227402814995685,-136,3794,27,88944.15166592014,88938.0135761303,88993,88906,1464.0060588777055,1467.1793036999538,66.10797043616311,66.16212842891062
HFD02S_PRIMARY,B0,50,93408,1523.5428203849171,69602,93693,1526.2851399091683,69846,285,2.7423195242511156,244,6353,23,87230.03938646354,87221.53094120893,87032,87317,1462.5580555314075,1464.3841970250173,60.98476485350971,61.90094288415115
HFD02S_PRIMARY,B0,51,93624,1527.1361397354058,69769,93630,1524.6722519135044,69772,6,-2.4638878219013804,3,3643,24,89882.2561667807,89876.03546631809,89957,89963,1460.809485066504,1458.0847446672258,66.32665466890194,66.58750724627835
HFD02S_PRIMARY,B0,52,90843,1514.831453936774,67010,90888,1513.5430409457722,67066,45,-1.2884129910019055,56,3366,20,87450.07506063959,87441.50850127582,87457,87502,1461.880239323115,1460.5096010814857,52.9512146136593,53.03343986428628
HFD02S_PRIMARY,B0,53,88308,1514.72956163225,64481,88168,1513.848827986816,64355,-140,-0.8807336454337928,-126,3246,27,84966.6985577641,84954.98121968607,85035,84895,1463.658269440393,1462.597980987449,51.07129219185713,51.250846999367546
HFD02S_PRIMARY,B0,54,81894,1503.9664056410581,58307,82211,1507.6708598550308,58537,317,3.7044542139726673,230,4050,25,77960.83571861424,77934.86742283103,77819,78136,1455.275299272752,1458.2226085033567,48.691106368306215,49.44825135167412
HFD02S_PRIMARY,B0,55,94297,1516.8948346697523,70468,94328,1517.4118437077586,70467,31,0.5170090380063357,-1,5826,26,88454.48530673956,88447.72636974756,88445,88476,1459.270777231805,1459.5522177497216,57.62405743794689,57.859625958037306
HFD02S_PRIMARY,B0,56,89987,1520.216452341545,66114,90089,1519.7770609401018,66231,102,-0.4393914014431175,117,2931,25,87038.46869004206,87029.93341535571,87031,87133,1468.7917223717106,1468.663368729254,51.42472996983445,51.11369221084738
HFD02S_PRIMARY,B0,57,89147,1505.4139854674404,65383,89546,1506.009525221036,65719,399,0.5955397535956308,336,5866,23,83374.63044345344,83360.20404075895,83258,83657,1456.3812258525102,1456.362987527108,49.03275961493047,49.646537693927904
HFD02S_PRIMARY,B0,58,83103,1515.1285837473877,59438,83282,1516.6459278102693,59604,179,1.517344062881648,166,4169,26,79048.3585772256,79025.70612234452,78908,79087,1463.9291751221624,1465.7639752861244,51.19940862522502,50.88195252414525
HFD02S_PRIMARY,B0,59,89668,1523.7323172482627,65826,89530,1522.7458399786617,65705,-138,-0.9864772696009823,-121,2950,28,86531.0910127686,86521.69843359255,86690,86552,1464.9810706811356,1463.9484282751791,58.75124656712736,58.797411703482645
HFD02S_PRIMARY,B0,60,79657,1506.1822384555262,56066,79669,1503.1127035670318,56131,12,-3.069534888494445,65,5487,23,74206.36698944076,74169.88206941643,74147,74159,1462.6314442548344,1460.3323411351182,43.550794200692046,42.78036243191337
HFD02S_PRIMARY,B0,61,88768,1520.5387350501287,64913,88729,1520.9217183320768,64887,-39,0.38298328194809983,-26,2787,26,85876.28485401803,85866.09653367281,85955,85916,1461.2881452827698,1461.91725180385,59.25058976735916,59.00446652822721
HFD02S_PRIMARY,B0,62,89203,1524.0398462728951,65434,89096,1524.7498143990601,65293,-107,0.7099681261649948,-141,4438,27,84781.2555825512,84769.30373914518,84738,84631,1463.2954038812356,1463.7488750000034,60.74444239165942,61.00093939905658
HFD02S_PRIMARY,B0,63,73530,1500.8641978413991,49888,73463,1497.7026675266502,49861,-67,-3.1615303147489158,-27,3023,22,70507.0922775296,70462.21479671143,70485,70418,1462.0832897847333,1458.9484357789956,38.78090805666584,38.7542317476546
HFD02S_PRIMARY,B0,64,77517,1510.7644423235804,53911,77443,1508.9283626957358,53880,-74,-1.8360796278445832,-31,1835,22,75635.36873276951,75603.76130357373,75660,75586,1464.1624326785088,1463.5062970919955,46.602009645071405,45.422065603739945
HFD02S_PRIMARY,B0,65,90990,1512.7059300669687,67240,91044,1514.4211894119542,67245,54,1.7152593449854976,5,2660,22,88420.18105614549,88413.33019881684,88308,88362,1457.3465056214884,1459.3506633861427,55.35942444548024,55.07052602581123
HFD02S_PRIMARY,B0,66,92108,1525.7393237213564,68246,92058,1524.8488003636812,68190,-50,-0.8905233576751925,-56,3048,28,89050.579079446,89044.49632226105,89032,88982,1463.8745191284581,1463.5838883505646,61.864804592898196,61.264912013116664
HFD02S_PRIMARY,B0,67,93259,1519.8347519406677,69517,93251,1520.2464104024025,69485,-8,0.41165846173475984,-32,5190,25,88102.07014737379,88094.83619225588,88044,88036,1459.4722711036438,1460.0516315060581,60.36248083702361,60.19477889634443
HFD02S_PRIMARY,B0,68,94298,1531.668905028749,70495,94325,1533.8069499313,70462,27,2.1380449025512007,-33,2776,29,91493.45089198316,91489.08588079417,91493,91520,1458.9849095624493,1461.2133349817268,72.68399546629959,72.59361494957359
HFD02S_PRIMARY,B0,69,89132,1515.0047517055148,65343,89122,1514.8919398488017,65339,-10,-0.11281185671305138,-4,3321,27,85865.57619137478,85855.3820133645,85784,85774,1458.010445035603,1458.1877278382256,56.99430666991207,56.704212010576136
HFD02S_PRIMARY,B0,70,93732,1519.5958007574898,69808,93860,1514.104967906535,69965,128,-5.490832850954803,157,3226,29,90563.52993610698,90559.0992004836,90477,90605,1463.8316837562559,1458.8751344595757,55.764117001234034,55.22983344695947
HFD02S_PRIMARY,B0,71,86678,1503.0192567670213,62932,86470,1503.9096746942532,62718,-208,0.8904179272319652,-214,2352,26,84043.22542791856,84030.24523737867,84300,84092,1454.467839268483,1454.9965658331566,48.55141749853799,48.91310886109643
HFD02S_PRIMARY,B0,72,76987,1512.8943670903525,53296,77089,1510.9415627467654,53375,102,-1.952804343587104,79,2596,21,74575.8159585695,74540.61712840112,74370,74472,1461.9850151290616,1459.0489375402922,50.909351961290795,51.892625206473674
HFD02S_PRIMARY,B0,73,93219,1513.5335538470442,69404,93299,1513.2423621529933,69474,80,-0.2911916940508945,70,3462,26,89841.3561195539,89835.78329890217,89731,89811,1461.804876291002,1462.1051438685442,51.728677556042214,51.13721828444941
HFD02S_PRIMARY,B0,74,94838,1517.5912858878705,70988,94769,1518.0901188825778,70926,-69,0.4988329947072998,-62,2373,30,92420.69115808616,92417.24804804279,92435,92366,1455.4006476888935,1455.9759815576444,62.19063819897688,62.11413732493343
HFD02S_PRIMARY,B0,75,79654,1498.2175531906328,56112,79647,1498.3520119610675,56110,-7,0.13445877043477594,-2,4016,25,75634.27214388068,75602.38983018417,75613,75606,1455.3719868488054,1456.6193485819547,42.84556634182774,41.732663379112886
HFD02S_PRIMARY,B0,76,94547,1528.2641935477368,70745,94532,1526.3342026156695,70745,-15,-1.9299909320673123,0,3706,26,90884.39956217894,90879.254406802,90815,90800,1461.0909512844294,1458.6047602699457,67.1732422633074,67.72944234572354
HFD02S_PRIMARY,B0,77,80881,1508.7738550253412,57158,80654,1510.7549617990503,56913,-227,1.9811067737091435,-245,3296,25,77356.15748536479,77328.37592537986,77560,77333,1462.3273412060366,1464.4333656325657,46.44651381930453,46.32159616648434
HFD02S_PRIMARY,B0,78,95015,1517.4172775430427,71220,95222,1520.9738158594412,71351,207,3.5565383163984734,131,4780,26,90261.32153179662,90256.09335112125,90209,90416,1457.55059356523,1460.963234778555,59.86668397781259,60.010581080886254
HFD02S_PRIMARY,B0,79,85928,1514.3544767318074,62150,85957,1515.9446498428433,62136,29,1.5901731110359378,-14,2186,23,83643.57023654006,83629.63927021946,83719,83748,1464.0613907550805,1465.4371961124623,50.29308597672682,50.50745373038099
HFD02S_PRIMARY,B0,80,83586,1510.485326212968,59845,83337,1509.3811555597515,59614,-249,-1.1041706532164426,-231,2389,25,81096.3333501345,81077.52480566727,81172,80923,1461.9576416810423,1461.5703531169593,48.527684531925644,47.81080244279235
HFD02S_PRIMARY,B0,81,82533,1505.017308413912,58818,82512,1507.400461427069,58739,-21,2.383153013157198,-79,3406,23,79133.05791326553,79110.03410870224,79104,79083,1459.058013620903,1460.6419841767956,45.95929479300898,46.75847725027328
HFD02S_PRIMARY,B0,82,87281,1532.5111963623865,63566,87273,1532.66506538475,63562,-8,0.15386902236355127,-4,3447,20,83845.56752111635,83831.93713413611,83814,83806,1464.2903098794022,1463.6556194040836,68.22088648298401,69.0094459806664
HFD02S_PRIMARY,B0,83,87586,1511.9640350888415,63885,87816,1511.1794150734788,64136,230,-0.7846200153626341,251,2774,27,84946.02151749314,84934.53227954498,84785,85015,1459.2556879543179,1459.1052150599317,52.708347134523265,52.074200013546985
HFD02S_PRIMARY,B0,84,81746,1508.6461348531157,57996,81658,1508.5904423479203,57894,-88,-0.055692505195338526,-102,2422,22,79313.10615837642,79290.42415055548,79302,79214,1461.1814781930962,1461.8739174865811,47.4646566600191,46.71652486133926
HFD02S_PRIMARY,B0,85,88882,1517.0746200508868,65079,89024,1514.5798864201183,65235,142,-2.494733630768451,156,4093,26,84788.41691549437,84776.81966356639,84763,84905,1464.0446989917189,1460.9510280345755,53.02992105916825,53.628858385543175
HFD02S_PRIMARY,B0,86,93778,1519.5332400096722,69924,93543,1515.910739852921,69742,-235,-3.62250015675113,-182,4201,25,89447.7040330502,89441.92060832125,89552,89317,1462.82994879223,1460.2574669265325,56.70329121744239,55.65327292638828
HFD02S_PRIMARY,B0,87,75989,1494.6133762133752,52476,75993,1495.6014790639858,52500,4,0.9881028506106304,24,4674,21,71274.78809636227,71232.29759421031,71294,71298,1453.270895457622,1454.7198009412314,41.342480755753826,40.88167812275479
HFD02S_PRIMARY,B0,88,82727,1519.5025575550658,58998,82787,1520.793763170882,59053,60,1.291205615816125,55,3720,27,78974.00538645472,78949.72294224009,78980,79040,1464.0917153013277,1464.170072811478,55.41084225373826,56.623690359403916
HFD02S_PRIMARY,B0,89,85561,1513.347605350928,61787,85593,1512.4894204912093,61831,32,-0.8581848597186763,44,3657,21,81918.5898654143,81901.3768856471,81883,81915,1460.9310380809056,1460.103856042767,52.41656727002245,52.38556444844242
HFD02S_PRIMARY,B0,90,97587,1528.1571842360481,73694,97547,1525.255556382291,73706,-40,-2.9016278537571907,12,5663,26,91925.02817863949,91920.87384587846,91898,91858,1470.400028081874,1467.1159184469896,57.75715615417427,58.13963793530138
HFD02S_PRIMARY,B0,91,83503,1511.872349202108,59719,83400,1511.320495280037,59638,-103,-0.5518539220709044,-81,3734,29,79712.42595418532,79690.64576338597,79740,79637,1460.5143363610853,1459.7501319886371,51.358012841023054,51.57036329139953
HFD02S_PRIMARY,B0,92,88776,1511.9725792245818,65013,88776,1511.9833393864021,65020,0,0.01076016182037165,7,3608,24,85138.62995256738,85127.03903542674,85144,85144,1457.0641187012272,1457.6678227467085,54.90846052335416,54.31551663969378
HFD02S_PRIMARY,B0,93,95470,1522.4245829982483,71656,95644,1521.4126388947407,71833,174,-1.0119441035076306,177,3872,29,91644.21123516472,91639.94558511589,91569,91743,1458.1237729986367,1457.3097575938066,64.30080999961173,64.10288130093377
HFD02S_PRIMARY,B0,94,88392,1512.3546537723973,64595,88207,1512.4785147096527,64423,-185,0.1238609372553583,-172,3769,21,84519.935326866,84507.89699911195,84602,84417,1459.3458345605018,1460.3743677916766,53.00881921189526,52.10414691797633
HFD02S_PRIMARY,B0,95,93870,1518.498379323005,69985,93829,1516.670660238362,69961,-41,-1.8277190846431495,-24,3955,26,89917.57304460855,89912.32361460573,89889,89848,1462.8352704319304,1461.7266628094894,55.6631088910752,54.94399742887271
HFD02S_PRIMARY,B0,96,95019,1526.981092802081,71169,94992,1528.7639735654216,71121,-27,1.7828807633404722,-48,1872,27,93116.566804468,93113.13755682175,93120,93093,1460.5423322067472,1462.2814403476993,66.43876059533349,66.48253321772246
HFD02S_PRIMARY,B0,97,79749,1507.1244776679714,56050,79725,1504.8321483537457,56022,-24,-2.2923293142257535,-28,4218,25,75435.80432583232,75403.98932852155,75506,75482,1459.4512063129885,1456.7441144429624,47.6732713549829,48.0880339107832
HFD02S_PRIMARY,B0,98,81076,1513.661729152791,57324,80605,1510.6593855130827,56878,-471,-3.002343639708215,-446,4008,27,76858.50525290926,76828.66366239,77041,76570,1463.1643658758605,1460.7311046607263,50.49736327693054,49.92828085235641
HFD02S_PRIMARY,B0,99,85823,1510.1941813169497,62071,85970,1510.37984997217,62210,147,0.1856686552202973,139,3307,23,82655.49335375805,82639.25321800156,82493,82640,1460.3209695210912,1460.0401298945028,49.873211795858694,50.339720077667295
HFD02S_PRIMARY,B0,100,84625,1515.7400052968728,60929,84589,1514.6117426672322,60889,-36,-1.1282626296406306,-40,3452,24,81211.10776639593,81192.2353884316,81149,81113,1461.3178898313706,1460.2284706810149,54.422115465502216,54.383271986217586
HFD02S_PRIMARY,B0,101,82887,1508.0075971323763,59189,82802,1508.0036858023288,59096,-85,-0.00391133004745825,-93,2977,24,79843.22176939227,79821.83315791299,79886,79801,1458.346355608215,1458.6556039700188,49.66124152416163,49.348081832310456
HFD02S_PRIMARY,B0,102,96716,1507.4586562831773,72925,96717,1509.856339983381,72911,1,2.3976837002037428,-14,5230,25,91556.91062402645,91552.45980396912,91461,91462,1454.438251493553,1456.2876053445955,53.020404789624166,53.5687346387857
HFD02S_PRIMARY,B0,103,88588,1521.133248599902,64847,88650,1521.5316969620046,64917,62,0.3984483621027266,70,3985,22,84602.02743756716,84589.85306514164,84581,84643,1462.6631895481712,1462.2230254463427,58.47005905173105,59.308671515662084
HFD02S_PRIMARY,B0,104,92225,1507.615122026958,68411,92511,1507.6527409596292,68710,286,0.03761893267119376,299,8448,28,83910.7689066258,83897.22491264842,83749,84035,1459.0687711879996,1458.9151700347952,48.54635083895818,48.73757092483385
HFD02S_PRIMARY,B0,105,88802,1523.8791150973493,65100,88515,1522.6490959598088,64850,-287,-1.2300191375404665,-250,5373,26,83271.71095077806,83257.2732360945,83403,83116,1459.656628112771,1460.1183801886618,64.22248698457844,62.53071577114709
HFD02S_PRIMARY,B0,106,93892,1515.0275095224258,70127,93663,1516.522827427299,69910,-229,1.4953179048732181,-217,4015,28,89676.5033643296,89670.58744833073,89849,89620,1463.2726855231251,1464.7425891384444,51.75482399930056,51.780238288854896
HFD02S_PRIMARY,B0,107,91645,1515.0506155101646,67791,91905,1516.1978060337551,68026,260,1.1471905235905524,235,3259,26,88579.7397201035,88573.094570379,88360,88620,1461.8374728954736,1463.1873782908176,53.21314261469139,53.01042774293765
HFD02S_PRIMARY,B0,108,75826,1508.3322566681802,52132,76292,1510.0370778798952,52597,466,1.7048212117149433,465,3217,23,72762.55387332547,72721.6273418198,72586,73052,1465.1495913358435,1466.4010119258282,43.1826653323366,43.63606595406651
HFD02S_PRIMARY,B0,109,96855,1531.0375697487418,73005,96753,1532.1099334719572,72899,-102,1.0723637232154033,-106,5643,22,91142.73113845369,91137.96321763053,91190,91088,1465.012572484005,1466.378019491793,66.02499726473694,65.73191398016402
HFD02S_PRIMARY,B0,110,90271,1521.2381177044224,66498,90233,1521.9686350880613,66429,-38,0.7305173836389258,-69,2436,27,87811.65511689821,87804.45970904893,87808,87770,1460.0321416576762,1460.1379690206456,61.20597604674632,61.83066606741629
HFD02S_PRIMARY,B0,111,80905,1506.5292707854385,57135,81215,1508.1170466778221,57390,310,1.587775892383661,255,3862,20,77160.64537059148,77132.50645138341,77023,77333,1458.82657025875,1460.1484848532007,47.70270052668852,47.96856182462153
HFD02S_PRIMARY,B0,112,79142,1502.4871913916772,55567,79176,1501.646734007349,55625,34,-0.8404573843281469,58,4968,27,74115.9663535632,74079.60723528323,74147,74181,1456.9491341580756,1457.4609095200037,45.538057233601315,44.1858244873452
HFD02S_PRIMARY,B0,113,72928,1498.8082031735064,49388,73062,1496.7457492321255,49600,134,-2.062453941380909,212,4481,26,68505.01049944368,68455.29165303649,68421,68555,1464.1389392472847,1463.5237207809403,34.66926392622157,33.222028451184734
HFD02S_PRIMARY,B0,114,93706,1533.3942908793654,69909,93887,1535.6491560102488,69997,181,2.254865130883445,88,4931,27,88839.52133502043,88832.94294660103,88748,88929,1462.755428053343,1464.444052623334,70.63886282602242,71.20510338691483
HFD02S_PRIMARY,B0,115,94664,1528.8285166222372,70791,94703,1530.5630636500805,70806,39,1.7345470278432913,15,3520,19,91149.26257275135,91144.29039399182,91125,91164,1465.2575772910068,1465.631909227272,63.570939331230306,64.93115442280886
HFD02S_PRIMARY,B0,116,84482,1511.997081990581,60781,84528,1511.8582760703703,60831,46,-0.1388059202106433,50,3013,24,81562.84946908499,81544.93239716094,81445,81491,1459.5597858698197,1461.1599394999,52.43729612076142,50.69833657047007
HFD02S_PRIMARY,B0,117,93275,1530.0805867248182,69356,93073,1528.9303390068505,69203,-202,-1.150247717967659,-153,3129,26,89993.94714690745,89988.66949560805,90120,89918,1462.944665876638,1461.7561450352118,67.13592084817994,67.17419397163886
HFD02S_PRIMARY,B0,118,80320,1503.1055741547182,56760,80328,1503.0093680343166,56811,8,-0.09620612040157539,51,6995,26,73433.89631426918,73396.52785947011,73299,73307,1464.1933889729696,1463.4224729948733,38.912185181748505,39.58689503944321
HFD02S_PRIMARY,B0,119,95969,1524.5898610006413,72056,95940,1523.7005359663679,72079,-29,-0.8893250342734973,23,3853,26,92087.08296043782,92083.30242389147,92090,92061,1463.3544322094388,1463.297991216318,61.2354287912026,60.40254475005021
HFD02S_PRIMARY,B0,120,79981,1504.606689206279,56348,79953,1503.7781819089712,56322,-28,-0.8285072973078513,-26,2861,25,77045.33709030552,77017.38947263332,77095,77067,1463.2830476634228,1463.0124808754233,41.32364154285601,40.76570103354785
HFD02S_PRIMARY,B0,121,92672,1536.76782185933,68885,92362,1531.9362855352979,68639,-310,-4.831536324032186,-246,4834,23,87696.27262006073,87688.50310685203,87815,87505,1462.2138339176286,1457.9937215199652,74.55398794170176,73.9425640153326
HFD02S_PRIMARY,B0,122,93162,1514.1522618132153,69337,93294,1515.3712977952057,69420,132,1.2190359819903733,83,4870,22,88392.50070945511,88385.19120803395,88270,88402,1461.8378133622437,1462.8568630078798,52.314448450971724,52.51443478732609
HFD02S_PRIMARY,B0,123,79609,1507.5543375699056,55931,79696,1507.4277256843723,56003,87,-0.1266118855332934,72,1953,23,77786.33992225604,77760.74159692276,77633,77720,1458.7011433014056,1458.3533413300838,48.853194268499934,49.07438435428846
HFD02S_PRIMARY,B0,124,90356,1512.3259483341121,66546,90415,1512.3156780044108,66634,59,-0.010270329701370429,88,5330,25,85069.83434708245,85058.28161954686,85001,85060,1461.670071706163,1461.4952262466504,50.65587662794887,50.82045175776032
HFD02S_PRIMARY,B0,125,91547,1515.852726243306,67735,91726,1517.4528394572276,67898,179,1.6001132139215315,163,3257,26,88372.66788523953,88365.6683376749,88264,88443,1458.1048977413463,1460.2990338592597,57.74782850195979,57.15380559796833
HFD02S_PRIMARY,B0,126,90996,1524.4078788978236,67213,91070,1523.0700075190553,67304,74,-1.337871378768341,91,2381,26,88669.5378721283,88662.29223870447,88589,88663,1460.8911231564782,1459.6176319383064,63.516755741345264,63.45237558074895
HFD02S_PRIMARY,B0,127,99849,1525.0138125216383,75933,99879,1523.4548357577291,75982,30,-1.558976763909186,49,7838,29,91964.62371074894,91960.71864993477,91982,92012,1469.4669655497732,1468.3591605606764,55.54684697186564,55.09567519705265
HFD02S_PRIMARY,B0,128,97622,1520.636615744058,73741,97591,1519.0146174749277,73775,-31,-1.6219982691302448,34,5714,24,91812.70629857235,91808.5317796995,91884,91853,1465.0742627168374,1463.927006328347,55.56235302722068,55.0876111465807
HFD02S_PRIMARY,B0,129,88112,1520.942662964151,64337,88355,1521.4454072936942,64602,243,0.5027443295432477,265,3097,28,85093.52263916047,85082.01237379754,84987,85230,1464.620260676665,1465.53305625647,56.322402287486156,55.912351037224106
HFD02S_PRIMARY,B0,130,71364,1502.7233249232027,47597,71274,1504.6468195910302,47518,-90,1.9234946678275264,-79,2288,26,68989.4487072045,68940.44578249355,69050,68960,1459.061538900955,1462.361752616545,43.66178602224787,42.28506697448571
HFD02S_PRIMARY,B0,131,89661,1510.1356323761916,65869,89859,1510.1134514922842,66072,198,-0.022180883907367388,203,2703,21,87078.03692150144,87069.48808662496,86937,87135,1457.706018830971,1456.7548596358781,52.42961354522036,53.358591856406164
HFD02S_PRIMARY,B0,132,91635,1522.9943856216476,67825,91835,1521.8208463025414,68018,200,-1.173539319106112,193,4707,26,86954.1803194867,86945.70134783884,86902,87102,1457.3141336532656,1456.2836789248042,65.68025196838194,65.53716737773755
HFD02S_PRIMARY,B0,133,94090,1520.1981700377444,70281,94099,1524.129971893028,70248,9,3.9318018552835383,-33,4129,26,89950.78693927392,89945.14067601468,89935,89944,1453.3019355180318,1457.178942475467,66.89623451971302,66.95102941756096
HFD02S_PRIMARY,B0,134,94428,1520.8948014489877,70620,94217,1520.5495564794548,70371,-211,-0.34524496953281414,-249,7763,25,86526.88480937638,86517.8391561973,86640,86429,1455.7678066449432,1455.3567343092438,65.12699480404441,65.19282217021123
HFD02S_PRIMARY,B0,135,84984,1507.367812597625,61251,84850,1508.65783166908,61097,-134,1.2900190714549353,-154,2595,25,82308.43373379826,82292.09411659483,82364,82230,1457.3416346123179,1459.2248371215323,50.02617798530718,49.43299454754722
HFD02S_PRIMARY,B0,136,95038,1509.8983254985683,71262,95066,1511.142211633021,71270,28,1.243886134452623,8,5205,25,89741.48979494769,89735.75879139805,89808,89836,1455.3159203725527,1455.8075533420506,54.58240512601532,55.334658290970395
HFD02S_PRIMARY,B0,137,90193,1512.0281373473608,66444,90070,1513.9637847122406,66294,-123,1.9356473648797419,-150,2665,23,87383.62993250632,87375.58380559983,87505,87382,1460.2332670867422,1461.5452976131435,51.7948702606191,52.418487099096915
HFD02S_PRIMARY,B0,138,96835,1517.8081814489938,72990,96794,1515.8513967485878,72991,-41,-1.956784700405933,1,3378,29,93405.84355505208,93402.31810922886,93428,93387,1458.958483951404,1456.9194611776472,58.84969749759013,58.93193557094019
HFD02S_PRIMARY,B0,139,80465,1513.6314737915202,56959,80442,1514.1476715077245,56905,-23,0.5161977162042604,-54,4141,25,76271.86255788976,76241.62293780592,76299,76276,1458.9251506558626,1459.145415020548,54.7063231356575,55.002256487176346
HFD02S_PRIMARY,B0,140,85918,1519.6661073535838,62106,86079,1517.0805884929528,62332,161,-2.585518860631055,226,1669,24,84141.92155820718,84128.50878809323,84225,84386,1465.3674708710726,1463.0366510107883,54.29863648251098,54.043937482164615
HFD02S_PRIMARY,B0,141,88417,1518.5759910251818,64663,88342,1519.241910241111,64556,-75,0.665919215929307,-107,2222,30,86249.81617247984,86239.9160049822,86165,86090,1464.6333694865336,1465.561790971669,53.942621538647984,53.68011926944244
HFD02S_PRIMARY,B0,142,95988,1524.1966440569731,72167,95990,1524.7996855089768,72155,2,0.6030414520037084,-12,5642,29,90388.10496341462,90383.3570058189,90317,90319,1460.195500149244,1461.0318068734136,64.00114390772886,63.767878635562944
HFD02S_PRIMARY,B0,143,95338,1520.7741521664816,71476,95264,1519.205167894107,71450,-74,-1.5689842723745642,-26,5419,25,89831.53524654073,89825.85506003791,89894,89820,1463.515001860298,1462.2075880090217,57.259150306183635,56.99757988508552
HFD02S_PRIMARY,B0,144,90801,1523.6595662928478,66923,90949,1523.1478321218017,67066,148,-0.5117341710461005,143,2810,27,87955.37722772476,87948.01600162975,87964,88112,1462.6665753893524,1462.3253510322909,60.99299090349509,60.822481089510504
HFD02S_PRIMARY,B0,145,87201,1523.501767196059,63482,87260,1523.368693397419,63534,59,-0.13307379863999813,52,4539,26,82685.04075608183,82669.38237476912,82636,82695,1458.3047430054744,1458.9804898105947,65.19702419058484,64.38820358682455
HFD02S_PRIMARY,B0,146,92402,1515.1879158740526,68576,92399,1515.1133669125204,68571,-3,-0.07454896153217305,-5,3738,23,88598.77092857553,88592.48609446008,88641,88638,1461.4094220606853,1461.9402655622473,53.77849381336738,53.173101350273136
HFD02S_PRIMARY,B0,147,92404,1513.5169059647005,68601,92308,1514.0885325133677,68493,-96,0.5716265486671546,-108,4475,27,87920.46636504277,87912.17047010025,87902,87806,1461.8787651982866,1462.9277485570597,51.63814076641396,51.160783956307846
HFD02S_PRIMARY,B0,148,93908,1523.4661816198395,70091,93689,1523.1363370191152,69880,-219,-0.3298446007243001,-211,3439,19,90212.6112398129,90206.57098257716,90450,90231,1462.9586229847798,1463.500268655133,60.50755863505957,59.6360683639826
HFD02S_PRIMARY,B0,149,89535,1525.98924790997,65736,89531,1528.393471812952,65696,-4,2.4042239029820394,-40,2678,24,86866.90548842968,86858.32917306539,86833,86829,1461.4981699172765,1463.496538717504,64.4910779926932,64.89693309544772
HFD02S_PRIMARY,B0,150,79786,1514.183817012956,56143,79980,1512.3204454516008,56359,194,-1.8633715613552795,216,3179,25,76675.5325861927,76645.59481262504,76582,76776,1460.6225811773259,1458.7151333228799,53.56123583562996,53.60531212872102
HFD02S_PRIMARY,B0,151,86125,1512.9056017954904,62413,86092,1513.6426359596453,62354,-33,0.7370341641549203,-59,4791,26,81300.40954510578,81281.37708756811,81308,81275,1457.5707086660577,1457.391263897933,55.33489312943314,56.2513720617124
HFD02S_PRIMARY,B0,152,82608,1525.463076230572,58866,82752,1525.9443468495485,58998,144,0.48127061897662315,132,2922,27,79743.61444185177,79721.79521442534,79659,79803,1465.0699828413565,1464.0928156303373,60.393093389215416,61.851531219211
HFD02S_PRIMARY,B0,153,83627,1505.2011690479007,60038,83793,1503.3361856438682,60227,166,-1.8649834040325004,189,3405,29,80350.62864626784,80330.30957281661,80193,80359,1459.3359061539425,1457.2888418094988,45.865262893958324,46.04734383436979
HFD02S_PRIMARY,B0,154,88013,1514.8284830227974,64345,88138,1517.1252738945416,64427,125,2.2967908717441787,82,5578,24,82521.05304548408,82505.24357775395,82411,82536,1462.830581652408,1465.160125476437,51.99790137038957,51.96514841810432
HFD02S_PRIMARY,B0,155,89296,1512.688014037163,65557,89429,1516.3662005904878,65622,133,3.6781865533248492,65,5153,29,84186.74207811938,84174.02989440538,84114,84247,1461.6675667351135,1464.4492102392117,51.02044730204926,51.916990351276226
HFD02S_PRIMARY,B0,156,90101,1513.9901196761834,66353,90271,1514.2824283496598,66515,170,0.2923086734763274,162,3019,27,87210.19552099427,87201.20965343484,87055,87225,1463.634798432239,1463.0676169538735,50.3553212439447,51.214811395786136
HFD02S_PRIMARY,B0,157,94064,1515.624422483296,70280,94150,1516.6453452236478,70334,86,1.020922740351807,54,4328,28,89780.34207400243,89774.9328694971,89708,89794,1461.7297384667074,1462.4592199948195,53.89468401658861,54.18612522882868
HFD02S_PRIMARY,B0,158,89869,1530.9277476898228,66110,89981,1527.746248019075,66232,112,-3.181499670747826,122,4684,28,85359.43678485442,85348.22412417358,85157,85269,1462.5570797368662,1459.7873567000788,68.37066795295704,67.95889131899645
HFD02S_PRIMARY,B0,159,79912,1507.3281515114652,56350,79807,1505.5908543369524,56258,-105,-1.7372971745128325,-92,3360,28,76375.81221110346,76346.42737273146,76524,76419,1462.854241931043,1459.60214754444,44.47390958042254,45.98870679251239
HFD02S_PRIMARY,B0,160,90574,1511.862714510757,66726,90410,1514.1601687024977,66578,-164,2.2974541917405986,-148,2500,26,88061.13580974056,88053.83289944877,88048,87884,1454.604163955109,1457.7833951914963,57.2585505556481,56.37677351100121
HFD02S_PRIMARY,B0,161,95184,1523.0375065106246,71349,95142,1521.3659370828716,71296,-42,-1.6715694277529565,-53,3770,28,91418.28313516128,91413.8642496063,91386,91344,1464.6362889697311,1463.058381364158,58.401217540893434,58.30755571871307
HFD02S_PRIMARY,B0,162,82899,1501.7386702764932,59258,83193,1505.8343468975024,59481,294,4.095676621009261,223,1720,22,81345.21763280978,81327.20514362819,81157,81451,1458.202130314909,1462.0904177078612,43.53653996158426,43.743929189641094
HFD02S_PRIMARY,B0,163,90341,1521.3103816095825,66617,90483,1520.472389944069,66762,142,-0.8379916655135276,145,4481,23,85888.87001671219,85878.8040760048,85837,85979,1463.7579886167268,1461.9754002217755,57.552392992855985,58.49698972229352
HFD02S_PRIMARY,B0,164,90275,1524.487679923344,66502,90076,1524.6896120305537,66297,-199,0.20193210720958632,-205,5609,26,84606.99629057899,84594.85491451512,84640,84441,1459.4953367148778,1459.2052623500692,64.99234320846645,65.48434968048434
HFD02S_PRIMARY,B0,165,90232,1519.7899493881453,66412,90330,1518.699627160076,66538,98,-1.0903222280692262,126,3117,29,87101.20063750324,87092.78513962138,87086,87184,1462.2506062623206,1460.0525005622442,57.53934312582482,58.64712659783206
HFD02S_PRIMARY,B0,166,77311,1511.1349318035066,53739,77381,1508.6242197034233,53814,70,-2.5107121000833104,75,4382,24,72911.41934433054,72872.08297895946,72905,72975,1463.582669518369,1462.2823203259056,47.55226228513801,46.341899377516995
HFD02S_PRIMARY,B0,167,91170,1518.3247201636893,67353,91254,1517.076171139257,67456,84,-1.24854902443235,103,4503,25,86631.00986017231,86621.82576216599,86642,86726,1461.1880343606376,1460.5173978710193,57.136685803051456,56.55877326823778
HFD02S_PRIMARY,B0,168,84310,1514.7590149107873,60529,84371,1514.9142581372191,60588,61,0.1552432264318213,59,3711,22,80723.13081273863,80703.12399532706,80577,80638,1463.461221151109,1464.0618840364534,51.29779375967873,50.85237410076539
HFD02S_PRIMARY,B0,169,88968,1509.2335163054581,65244,89035,1510.6969902609467,65280,67,1.4634739554885527,36,4646,27,84230.42659113134,84217.51931798091,84295,84362,1462.384238190039,1463.4099274994676,46.849278115419466,47.28706276147876
HFD02S_PRIMARY,B0,170,93522,1514.4886552517848,69724,93577,1515.828637925516,69757,55,1.3399826737311287,33,4141,24,89431.67958454923,89425.36046639462,89357,89412,1460.112868876919,1460.7293028739832,54.37578637486562,55.09933505153239
HFD02S_PRIMARY,B0,171,88464,1519.224139228695,64808,88308,1520.2569442574181,64629,-156,1.0328050287230326,-179,4209,24,84255.05731461594,84242.46325640206,84231,84075,1461.0003440501218,1461.7885239128007,58.22379517857281,58.46842034461741
HFD02S_PRIMARY,B0,172,96404,1537.7640733889318,72623,96350,1536.1204403050042,72564,-54,-1.6436330839276252,-59,5924,24,90458.57192366851,90453.45084257245,90456,90402,1464.0653489351203,1461.8408314556345,73.69872445381154,74.27960884936957
HFD02S_PRIMARY,B0,173,93839,1539.0626645671555,69977,93762,1536.784342800948,69947,-77,-2.278321766207455,-30,3778,28,90041.1235861495,90036.03639534877,90033,89956,1460.7510719142604,1459.468614861827,78.3115926528955,77.31572793912088
HFD02S_PRIMARY,B0,174,94661,1512.588728226526,70842,94760,1510.381774231293,70975,99,-2.2069539952328796,133,8251,25,86475.8386448528,86466.51305769192,86385,86484,1459.3262546257408,1457.2249977798836,53.26247360078473,53.15677645140964
HFD02S_PRIMARY,B0,175,86058,1514.1943510084818,62266,86196,1513.3427154053286,62418,138,-0.8516356031532268,152,3024,28,83127.93907755523,83112.99626593915,83006,83144,1463.2055734750868,1462.3601293932102,50.98877753339502,50.98258601211857
HFD02S_PRIMARY,B0,176,89033,1514.1435562851555,65192,88926,1515.1177505363623,65098,-107,0.9741942512068817,-94,4343,27,84602.27184934428,84589.79783863599,84663,84556,1462.616276013566,1463.6507825349736,51.527280271589575,51.46696800138879
HFD02S_PRIMARY,B0,177,95037,1525.3684014025732,71252,94927,1524.682181769345,71129,-110,-0.6862196332281201,-123,5042,26,89993.88906574996,89988.92932354355,89969,89859,1456.8725046725895,1456.12911786133,68.49589672998412,68.55306390801495
HFD02S_PRIMARY,B0,178,86803,1510.9372335762205,63009,86812,1511.3537278892004,63038,9,0.41649431297992123,29,3391,26,83367.9900128911,83353.88950022016,83386,83395,1458.9327143606617,1459.6087344678458,52.00451921555858,51.74499342135466
HFD02S_PRIMARY,B0,179,83830,1515.1860158936604,60146,83946,1516.4797318604333,60243,116,1.2937159667728793,97,2075,22,81758.54241469059,81740.47664298963,81733,81849,1458.762619086288,1461.2344873412042,56.42339680737236,55.245244519229026
HFD02S_PRIMARY,B0,180,94095,1519.7613755906466,70273,94109,1522.267500156347,70279,14,2.5061245657004747,6,5410,26,88673.9684480192,88667.16042830475,88659,88673,1460.1500401101616,1462.6534460821836,59.61133548048511,59.61405407416358
HFD02S_PRIMARY,B0,181,80666,1491.9689981746983,57289,81008,1497.1578932578736,57599,342,5.188895083175339,310,2841,20,77954.4899748781,77928.72652934403,77805,78147,1453.5074883440648,1457.593354299857,38.46150983063354,39.56453895801643
HFD02S_PRIMARY,B0,182,92320,1516.8308146416002,68449,92195,1514.0762890527685,68377,-125,-2.7545255888317115,-72,2533,25,89678.29061314503,89671.97373226557,89762,89637,1460.7481439129137,1458.2469056426314,56.08267072868665,55.82938341013667
HFD02S_PRIMARY,B0,183,82251,1513.1305860090308,58503,82043,1511.6152392708398,58281,-208,-1.515346738191056,-222,3298,25,78878.70345878607,78854.83629250385,78928,78720,1460.5273114430768,1459.8027347673112,52.603274565953846,51.81250450352844
HFD02S_PRIMARY,B0,184,94507,1519.0208211168404,70674,94598,1521.5098792605006,70712,91,2.489058143660259,38,2301,29,92196.65425001648,92193.08791061628,92177,92268,1462.7831447757658,1464.804154195522,56.23767634107457,56.70572506497846
HFD02S_PRIMARY,B0,185,95108,1519.3202414266768,71241,95184,1522.0758986025235,71259,76,2.755657175846636,18,4006,26,91096.95350527162,91092.83919809583,91076,91152,1460.5326992192504,1463.6963843940603,58.78754220742629,58.37951420846337
HFD02S_PRIMARY,B0,186,89301,1515.6800114134007,65480,89551,1514.4581312370044,65740,250,-1.2218801763963256,260,2054,26,87370.59485686758,87362.67971326626,87221,87471,1461.0979415730062,1459.2003504364652,54.582069840394595,55.25778080053868
HFD02S_PRIMARY,B0,187,82429,1514.2485617081406,58733,82405,1514.5083236878008,58708,-24,0.25976197966019754,-25,5026,25,77287.88038954664,77260.42486548037,77378,77354,1463.2165939926372,1462.8729830391944,51.03196771550377,51.635340648606565
HFD02S_PRIMARY,B0,188,89213,1511.0845189223699,65462,89055,1511.2885041108755,65310,-158,0.2039851885056123,-152,4469,24,84648.1907185726,84635.16255728745,84720,84562,1459.775465941631,1460.118113551382,51.30905298073937,51.170390559493285
HFD02S_PRIMARY,B0,189,97169,1519.8433474172225,73308,97175,1518.7290702229438,73331,6,-1.1142771942786567,23,5194,24,91958.02916379258,91954.27941439023,91951,91957,1457.962717445175,1456.8174292092629,61.88062997204787,61.91164101368106
HFD02S_PRIMARY,B0,190,85313,1531.230300466165,61569,85334,1529.938102839247,61617,21,-1.292197626918096,48,2708,29,82597.91029100033,82582.13338057477,82576,82597,1463.4006253970235,1462.3114501632167,67.82967506914184,67.62665267603019
HFD02S_PRIMARY,B0,191,86491,1521.0244279649155,62761,86542,1521.6809695997547,62808,51,0.6565416348391864,47,3260,25,83148.25845542234,83133.45118584362,83206,83257,1460.9048019466202,1462.075831654221,60.11962601829525,59.605137945533485
HFD02S_PRIMARY,B0,192,93621,1526.068687033803,69831,93538,1526.7858599727272,69768,-83,0.71717293892425,-63,2987,28,90599.44892567015,90594.42609374839,90606,90523,1461.6290627516612,1462.5027207745707,64.43962428214162,64.28313919815653
HFD02S_PRIMARY,B0,193,90284,1519.957426904707,66549,90326,1521.5432928122164,66596,42,1.5858659075092874,47,4046,25,86212.41573894619,86202.79435604774,86213,86255,1457.3937049290178,1458.428395464632,62.56372197568932,63.114897347584225
HFD02S_PRIMARY,B0,194,88772,1511.9076141313483,65024,88694,1509.8284774577903,65001,-78,-2.0791366735579686,-23,3955,26,84738.11536305692,84726.16248693228,84791,84713,1460.1921782563604,1458.8955807994573,51.71543587498784,50.93289665833277
HFD02S_PRIMARY,B0,195,86002,1512.647900561496,62206,85919,1516.5082610905802,62086,-83,3.8603605290841188,-120,3247,26,82668.71645596795,82653.10062488022,82729,82646,1462.1482939890457,1465.6749441059067,50.49960657245033,50.83331698467344
HFD02S_PRIMARY,B0,196,92244,1522.9662758914849,68343,92276,1521.1094380186119,68404,32,-1.8568378728730295,61,2551,25,89638.4443783165,89632.47011030358,89668,89700,1461.4929507624267,1458.6159834888554,61.47332512905823,62.49345452975639
HFD02S_PRIMARY,B0,197,83401,1513.0298838466786,59730,83376,1513.2095837767054,59680,-25,0.17969993002679985,-50,2746,25,80644.9080372666,80624.74773941343,80630,80605,1461.175408206294,1460.2851147998904,51.85447564038469,52.92446897681464
HFD02S_PRIMARY,B0,198,81412,1501.8780974824567,57808,81439,1503.0754183188728,57802,27,1.197320836416111,-6,4977,17,76460.8653297242,76431.4733202847,76418,76445,1456.8145514232085,1458.0919680798754,45.06354605924845,44.98345023899752
HFD02S_PRIMARY,B0,199,97182,1509.6457563293732,73302,97317,1509.6162374468713,73421,135,-0.0295188825018613,119,6292,28,90895.16580488306,90890.59900243313,90862,90997,1460.7094640368841,1460.8891770885057,48.93629229248891,48.72706035836539
HFD02S_PRIMARY,B0,200,96583,1533.066691541641,72721,96690,1532.7041623514785,72844,107,-0.36252919016237684,123,4514,29,92098.09807354855,92093.78898239695,92040,92147,1459.3133739350153,1459.0643325144433,73.75331760662542,73.6398298370353
HFD02S_PRIMARY,B0,201,88822,1527.5267004479058,64973,88833,1524.4709159064375,65018,11,-3.055784541468256,45,2783,27,86147.74284985874,86137.9448692844,86012,86023,1465.0844553244194,1461.998449688798,62.442245123486515,62.47246621763929
HFD02S_PRIMARY,B0,202,93255,1519.4536143821747,69460,93419,1519.9151873395697,69613,164,0.46157295739499205,153,3733,23,89597.98836393592,89591.36940338329,89499,89663,1463.215952054031,1462.383665662569,56.2376623281442,57.53152167700068
HFD02S_PRIMARY,B0,203,91464,1510.2445277716783,67682,91460,1510.9821649329529,67680,-4,0.7376371612745061,-2,4117,25,87318.50278516195,87310.07595079536,87322,87318,1455.1875429838087,1455.366954608573,55.05698478786975,55.61521032438002
HFD02S_PRIMARY,B0,204,88966,1528.293349972654,65189,88709,1528.9605329618607,64932,-257,0.6671829892068217,-257,4849,23,83871.37739973924,83857.9391811414,84094,83837,1465.5496410984426,1466.4648930444282,62.743708874211244,62.49563991743256
HFD02S_PRIMARY,B0,205,90431,1516.947054118141,66600,90690,1515.5712760226554,66900,259,-1.375778095485657,300,5232,29,85283.00275495618,85271.9569965224,85170,85429,1460.044256449987,1459.5007128070636,56.90279766815411,56.07056321559205
HFD02S_PRIMARY,B0,206,93893,1526.3490763266961,70034,93956,1526.1601730870589,70116,63,-0.18890323963728406,82,3158,25,90723.54104789352,90718.81290825405,90710,90773,1463.9089445639029,1464.132832643595,62.44013176279338,62.02734044346373
HFD02S_PRIMARY,B0,207,91494,1514.1353686549448,67712,91603,1515.9139929919472,67784,109,1.778624337002384,72,2397,27,89037.63063395099,89031.48534406797,89070,89179,1460.3754653111896,1462.0174094234471,53.759903343755255,53.89658356850002
HFD02S_PRIMARY,B0,208,88087,1516.1394983732637,64378,88097,1516.3291363111766,64366,10,0.18963793791294847,-12,7882,25,80277.46351463452,80256.98910266318,80180,80190,1455.998264980075,1457.3606363241618,60.141233393188855,58.96849998701475
HFD02S_PRIMARY,B0,209,85727,1515.4634613971873,61911,85878,1517.3055486502212,62057,151,1.8420872530339238,146,4027,23,81846.35376526299,81828.81446005401,81677,81828,1460.7031258239922,1461.8171437817982,54.76033557319506,55.488404868422634
HFD02S_PRIMARY,B0,210,95987,1528.4042561537888,72121,96043,1530.1306513799784,72142,56,1.726395226189652,21,5093,26,90928.60417726033,90924.04547414358,90868,90924,1465.0511916048486,1466.6232316996688,63.35306454894008,63.507419680309916
HFD02S_PRIMARY,B0,211,75377,1507.9882531308986,51868,75740,1510.9395850201442,52158,363,2.9513318892456937,290,3502,23,72075.49267178834,72033.67927309746,71852,72215,1462.309069254569,1464.4399016917562,45.67918387632918,46.49968332838816
HFD02S_PRIMARY,B0,212,77184,1512.1698470549727,53470,77010,1509.2846256700068,53366,-174,-2.8852213849659165,-104,2841,20,74133.21053115021,74097.63579294679,74323,74149,1464.3755311418493,1462.100303122772,47.79431591312291,47.18432254723485
HFD02S_PRIMARY,B0,213,94938,1525.3075795124182,71019,95001,1522.6842725818503,71138,63,-2.6233069305678782,119,3718,26,91222.86785332028,91218.02690706775,91194,91257,1464.2941944336667,1462.10397517062,61.01338507875164,60.58029741123026
HFD02S_PRIMARY,B0,214,78053,1502.8752771700254,54544,77910,1501.2563301541145,54394,-143,-1.6189470159108623,-150,3664,21,74324.82628577497,74289.43194046938,74368,74225,1459.1429030319853,1458.221614270147,43.73237413804014,43.03471588396729
HFD02S_PRIMARY,B0,215,90113,1526.3442693130287,66330,90033,1526.3080002119927,66214,-80,-0.036269101035941276,-116,3418,24,86601.75342550316,86592.24267939251,86671,86591,1461.5171789415065,1462.4608589612249,64.82709037152206,63.84714125076766
HFD02S_PRIMARY,B0,216,84536,1509.539345813251,60833,84538,1508.6059004912597,60868,2,-0.9334453219912575,35,4600,25,79781.21298788312,79759.58167683239,79911,79913,1459.8627509525495,1459.5829350691345,49.67659486070116,49.02296542212499
HFD02S_PRIMARY,B0,217,92650,1513.491241127393,68862,92606,1513.707671294233,68793,-44,0.21643016683992755,-69,5087,23,87511.80843401545,87503.97924151468,87540,87496,1462.0606580326962,1462.209398205729,51.43058309469679,51.498273088504284
HFD02S_PRIMARY,B0,218,82276,1505.512394369568,58684,82272,1506.7998411485876,58662,-4,1.2874467790195467,-22,8822,24,73472.84158847509,73436.61130226955,73430,73426,1461.0202144002358,1462.2477727236221,44.4921799693321,44.552068424965604
HFD02S_PRIMARY,B0,219,85179,1510.220058230728,61540,85146,1510.3151720651504,61502,-33,0.09511383442236365,-38,13941,24,71216.69550324028,71172.58447276031,71214,71181,1461.449961218317,1460.3290706056223,48.77009701241104,49.9861014595283
HFD02S_PRIMARY,B0,220,92574,1522.4559184272266,68785,92524,1520.8986033320928,68712,-50,-1.5573150951338448,-73,4248,24,88236.30268231909,88229.39887713375,88302,88252,1467.6592800482902,1464.921179743396,54.79663837893646,55.97742358869652
HFD02S_PRIMARY,B0,221,95265,1523.6670554359803,71408,95177,1523.2211123804518,71318,-88,-0.4459430555284598,-90,2272,28,92916.84296467341,92913.3002030109,92965,92877,1463.866259940988,1462.7790172828875,59.80079549499284,60.442095097564035
HFD02S_PRIMARY,B0,222,83072,1506.8080936184238,59365,83002,1507.7918543585117,59275,-70,0.9837607400879733,-90,6033,23,76968.39413860186,76940.16372358767,77016,76946,1459.2204978913114,1459.1877983627878,47.58759572711242,48.604055995723634
HFD02S_PRIMARY,B0,223,84486,1523.4924793757802,60616,84707,1523.6576034188638,60846,221,0.16512404308355144,230,5363,26,79252.76913333918,79229.16166553483,79097,79318,1468.8620440367602,1468.5231975778656,54.63043533901996,55.13440584099856
HFD02S_PRIMARY,B0,224,86244,1510.3404218713276,62602,86141,1511.3035056634462,62479,-103,0.9630837921185957,-123,6006,21,80279.72157450671,80259.34585807369,80217,80114,1456.9427346906548,1458.6676792223784,53.397687180672484,52.635826441067735
HFD02S_PRIMARY,B0,225,85834,1523.928491032391,62038,85738,1520.5921913883328,61993,-96,-3.336299644058272,-45,5294,27,80473.5888217413,80452.12887219294,80513,80417,1468.1655895481208,1465.6707202964735,55.76290148427043,54.92147109185946
HFD02S_PRIMARY,B0,226,98162,1527.5677682813346,74307,98219,1525.4081993874083,74398,57,-2.1595688939262345,91,7998,22,90144.93045116188,90137.90227358915,90142,90199,1459.0245549116478,1456.503370431577,68.54321336968677,68.90482895583112
HFD02S_PRIMARY,B0,227,93867,1518.3387922294096,70030,94140,1517.5946281267545,70282,273,-0.7441641026550769,252,4956,20,89010.99907707373,89003.68840180313,88891,89164,1463.628793323379,1462.988315875435,54.70999890603033,54.606312251319366
HFD02S_PRIMARY,B0,228,96224,1517.7390467356774,72445,96247,1518.1429660067809,72444,23,0.40391927110340475,-1,4777,26,91392.3052270008,91388.05917974758,91421,91444,1456.0436887818323,1455.9306496815238,61.695357953845125,62.212316325256936
HFD02S_PRIMARY,B0,229,94254,1523.3345166893869,70436,94319,1525.5716651198945,70439,65,2.237148430507659,3,3658,29,90637.06431154483,90632.27364854673,90567,90632,1462.7874869255588,1465.4186844641965,60.547029763827965,60.15298065569791
HFD02S_PRIMARY,B0,230,91229,1518.8270402858268,67470,91441,1517.0304700628647,67733,212,-1.7965702229621456,263,4721,26,86590.58619123988,86581.71150709964,86482,86694,1461.5069477202169,1459.8266834614196,57.320092565609954,57.20378660144545
HFD02S_PRIMARY,B0,231,73698,1501.4374401006535,50112,73736,1499.944344458155,50184,38,-1.4930956424984743,72,2013,26,71716.15108396328,71674.31102287798,71659,71697,1459.0029538206131,1457.8886452116365,42.434486280040545,42.05569924651852
HFD02S_PRIMARY,B0,232,90601,1514.77236427132,66890,90638,1515.3272178000236,66887,37,0.5548535287036884,-3,4307,25,86327.3467052289,86317.63459277603,86269,86306,1459.5476537446787,1460.4191125156333,55.22471052664147,54.90810528439028
HFD02S_PRIMARY,B0,233,91494,1532.387756356444,67700,91452,1532.0215790114673,67656,-42,-0.366177344976677,-44,3900,24,87565.68511563874,87557.83150333198,87570,87528,1465.164347845408,1464.6818023852143,67.22340851103637,67.33977662625345
HFD02S_PRIMARY,B0,234,96450,1520.796365642353,72584,96398,1521.8906630206436,72542,-52,1.0942973782905483,-42,3766,26,92633.9164739846,92630.72453546268,92658,92606,1458.5238949556588,1459.5298008532804,62.27247068669459,62.36086216736307
HFD02S_PRIMARY,B0,235,84702,1507.473730416384,60972,84628,1507.709602227739,60913,-74,0.23587181135508217,-59,3875,24,80841.07021563125,80821.90196011083,80803,80729,1460.5661217399477,1461.0668286136138,46.90760867643628,46.64277361412519
HFD02S_PRIMARY,B0,236,90819,1516.9769146097703,66921,90889,1516.1136102434905,67031,70,-0.8633043662798627,110,2537,24,88340.91832114695,88333.83785436714,88258,88328,1460.0005169338222,1459.346165933312,56.976397675948185,56.76744431017871
HFD02S_PRIMARY,B0,237,95476,1514.4438713205866,71636,95710,1518.3109676105585,71808,234,3.867096289971869,172,2614,28,92945.53342265321,92941.72013439717,92834,93068,1460.5179960730218,1463.9650843297584,53.92587524756515,54.3458832808002
HFD02S_PRIMARY,B0,238,97162,1519.224382634901,73298,97127,1519.2554702563154,73283,-35,0.031087621414371824,-15,4303,29,92839.01895552225,92835.83609964394,92830,92795,1461.239511228486,1460.9034451903292,57.98487140641563,58.35202506598615
HFD02S_PRIMARY,B0,239,95544,1520.032363614945,71736,95538,1516.940169386166,71779,-6,-3.0921942287791353,43,7021,29,88569.0494696417,88561.9025048653,88494,88488,1461.1084871105822,1458.4075809773335,58.92387650436267,58.532588408832254
HFD02S_PRIMARY,B0,240,92699,1508.1620564608415,68949,92689,1510.5964431102554,68894,-10,2.4343866494139093,-55,2873,19,89715.89417786148,89709.83301084688,89807,89797,1459.242240333079,1461.6365616305227,48.91981612776251,48.95988147973293
HFD02S_PRIMARY,B0,241,89051,1523.0502207227714,65269,88939,1523.5727248583423,65191,-112,0.5225041355708981,-78,4858,28,84167.26081129696,84154.29521641597,84165,84053,1459.8360608186886,1460.6005006218857,63.214159904082656,62.9722242364568
HFD02S_PRIMARY,B0,242,89448,1514.5282916410708,65686,89542,1512.5347155731788,65819,94,-1.993576067892036,133,4139,27,85351.54453871313,85340.65031352418,85282,85376,1458.379059357446,1456.3904824580331,56.149232283624634,56.144233115145575
HFD02S_PRIMARY,B0,243,78765,1511.3704938253334,55064,78817,1513.6061635180401,55087,52,2.2356696927067787,23,4785,27,74063.5527242494,74026.88737436067,73953,74005,1465.8174403401733,1467.9379158589386,45.553053485159914,45.66824765910195
HFD02S_PRIMARY,B0,244,91270,1527.0237601107526,67462,91222,1527.4390842913099,67423,-48,0.4153241805572634,-39,3330,28,87860.01746833527,87852.6497714917,87912,87864,1460.6072719401554,1460.4445825788287,66.41648817059738,66.99450171248144
HFD02S_PRIMARY,B0,245,85675,1510.3401055465647,61914,85978,1511.8988483391647,62187,303,1.5587427926000146,273,3923,24,81845.76866211463,81828.41115643168,81728,82031,1458.8915721510286,1459.883019226423,51.448533395536195,52.015829112741635
HFD02S_PRIMARY,B0,246,94635,1514.1784072534883,70745,94538,1514.537699984368,70659,-97,0.3592927308795879,-86,3221,31,91302.82237365759,91298.20353932759,91383,91286,1459.47289544675,1460.5193432317233,54.70551180673823,54.01835675264475
HFD02S_PRIMARY,B0,247,75406,1507.2949004558627,51970,75426,1509.1032269451653,51934,20,1.8083264893025444,-36,1357,27,74042.90863566108,74006.83042008158,74022,74042,1459.3673156986522,1461.414593628434,47.92758475721077,47.68863331673154
HFD02S_PRIMARY,B0,248,91870,1529.785538759002,68043,91786,1531.0317573591158,67962,-84,1.246218600113707,-81,3803,25,87963.10382954105,87955.32885465656,88042,87958,1463.6538233101383,1464.6114291831138,66.1317154488638,66.42032817600173
HFD02S_PRIMARY,B0,249,90167,1517.7828509496792,66374,90330,1517.5844647013612,66509,163,-0.1983862483180019,135,3176,28,87074.5130084599,87066.39450528698,86963,87126,1461.804819534865,1462.0680256075368,55.97803141481382,55.51643909382451
HFD02S_PRIMARY,B0,250,95799,1517.0729292966528,71938,95761,1517.9425551946379,71910,-38,0.8696258979850882,-28,6592,27,89147.85109387529,89142.0818915042,89180,89142,1463.2427712405704,1463.909242771348,53.830158056082254,54.033312423289495
HFD02S_PRIMARY,B0,251,81782,1512.766980720186,58034,82023,1511.7652360939076,58312,241,-1.0017446262784233,278,9601,25,72259.48998882691,72219.05657718946,72156,72397,1463.7242585571844,1463.606602035443,49.04272216300142,48.15863405846501
HFD02S_PRIMARY,B0,252,91408,1511.0161451370557,67637,91552,1512.216099218397,67760,144,1.199954081341275,123,6060,25,85508.1976748428,85497.31946108765,85323,85467,1461.6313513376122,1462.7908328816868,49.384793799443734,49.42526633671026
HFD02S_PRIMARY,B0,253,91746,1532.5792148452374,67890,91730,1534.682094342445,67842,-16,2.1028794972075957,-48,3185,28,88558.2881007896,88551.66312642013,88533,88517,1462.3371116575945,1463.4594940367017,70.242103187643,71.22260030574317
HFD02S_PRIMARY,B0,254,88221,1511.997274331917,64611,88295,1513.1504261368239,64684,74,1.1531518049068836,73,5622,23,82626.2468027474,82610.56845107391,82576,82650,1460.0778383121994,1460.930710000143,51.91943601971729,52.21971613668083
HFD02S_PRIMARY,B0,255,75721,1506.6328567945036,52195,75778,1506.5657664425444,52238,57,-0.06709035195922297,43,3587,25,72163.15860360651,72123.21231804091,72109,72166,1464.3928978225038,1462.6535742115504,42.23995897200008,43.91219223099416
HFD03_MISSINGNESS,B0,0,84984,1512.0344792740095,61207,85074,1514.454288958075,61235,90,2.4198096840655126,28,1686,27,83323.15725863498,83308.64148828626,83271,83361,1461.6522442155454,1463.7156491753628,50.38223505846385,50.738639782712326
HFD03_MISSINGNESS,B0,1,98230,1523.491258279411,74455,98267,1523.8740290186772,74461,37,0.38277073926610683,6,6907,29,91299.16537543785,91294.81513037816,91294,91331,1464.7881939318995,1464.8901588258223,58.70306434751158,58.98387019285506
HFD03_MISSINGNESS,B0,2,92497,1521.5961416713287,68686,92472,1522.0184393319141,68640,-25,0.4222976605854001,-46,7273,25,85231.0017984199,85220.16746410936,85199,85174,1464.4686695865041,1465.3699222755208,57.12747208482444,56.64851705639313
HFD03_MISSINGNESS,B0,3,84188,1526.7864502537072,60537,84037,1526.2201520877236,60377,-151,-0.5662981659836532,-160,3367,27,80838.35458694394,80818.9448164542,80794,80643,1464.8239766798067,1463.369519154419,61.96247357390054,62.85063293330457
HFD03_MISSINGNESS,B0,4,85576,1521.7713997724434,61812,85669,1521.7369345679806,61881,93,-0.034465204462776455,69,2928,26,82783.49690315769,82767.96982187507,82622,82715,1462.104033045579,1462.790935645924,59.667366726864955,58.94599892205715
HFD03_MISSINGNESS,B0,5,88966,1522.3783759757582,65156,89326,1524.996431304639,65473,360,2.6180553288807005,317,5657,27,83382.39798047564,83368.14023582924,83282,83642,1459.9593973467865,1462.1006759192246,62.418978628972155,62.895755385414205
HFD03_MISSINGNESS,B0,6,92624,1524.6166940675007,68758,92607,1523.8941597162022,68785,-17,-0.7225343512984637,27,2709,25,89884.22188727735,89879.15409683382,89890,89873,1458.5583153746572,1457.5933147183073,66.0583786928435,66.30084499789481
HFD03_MISSINGNESS,B0,7,87385,1512.7455464349719,63640,87209,1511.8993523478475,63479,-176,-0.8461940871243314,-161,3508,25,83778.14425630409,83764.6919438136,83852,83676,1460.80749432458,1458.9235609978657,51.938052110392064,52.97579134998193
HFD03_MISSINGNESS,B0,8,84928,1516.7997848676066,61246,84852,1517.0916275907211,61120,-76,0.2918427231145415,-126,1763,25,83199.30831975347,83184.64992270144,83140,83064,1458.6562695044934,1458.9825359202903,58.14351536311282,58.10909167043094
HFD03_MISSINGNESS,B0,9,93702,1523.736379060119,69956,93979,1526.9513081513776,70162,277,3.214929091258682,206,6081,26,87654.1975691683,87646.63198153576,87595,87872,1463.1956305130393,1466.9546867074353,60.54074854707934,59.99662144394275
HFD03_MISSINGNESS,B0,10,79623,1504.6914925630265,55932,79627,1505.4981798060364,55952,4,0.8066872430099465,20,2081,24,77596.18597809134,77569.61180829277,77518,77522,1460.4448895611008,1461.5418919416209,44.246603001925294,43.95628786441574
HFD03_MISSINGNESS,B0,11,91563,1520.7052029395256,67668,91547,1520.980990287252,67640,-16,0.27578734772646385,-28,2842,27,88706.31630152315,88700.03816277537,88694,88678,1463.0966435880418,1463.5932989981402,57.6085593514834,57.38769128911184
HFD03_MISSINGNESS,B0,12,91591,1527.993124764351,67827,91470,1526.6760186918582,67723,-121,-1.3171060724928338,-104,7392,27,84160.90314349685,84147.64765377037,84172,84051,1458.0871907767034,1457.1579558361154,69.9059339876474,69.518062855743
HFD03_MISSINGNESS,B0,13,90792,1517.7339840966788,66921,90725,1516.4698610441117,66867,-67,-1.264123052567129,-54,4400,23,86318.53988163303,86308.59488433089,86369,86302,1464.4599445055699,1463.4314051248496,53.27403959110888,53.038455919262034
HFD03_MISSINGNESS,B0,14,68004,1495.9095664158585,44613,68019,1490.907108825973,44734,15,-5.00245758988558,121,3321,21,64726.63298565919,64672.7877324005,64662,64677,1465.263511288107,1461.7101664391043,30.646055127751417,29.196942386868365
HFD03_MISSINGNESS,B0,15,93008,1511.788932499813,69172,93126,1513.5629800489698,69263,118,1.774047549156876,91,3277,24,89816.90759240044,89811.24824421058,89707,89825,1457.0680804082324,1458.887583893403,54.72085209158063,54.67539615556715
HFD03_MISSINGNESS,B0,16,85968,1509.8922080696252,62222,86012,1513.403116208879,62248,44,3.510908139253843,26,4743,24,81224.91578872796,81206.31595717125,81201,81245,1454.8045078134355,1458.5396659652022,55.08770025618982,54.863450243677086
HFD03_MISSINGNESS,B0,17,94051,1519.2490434495303,70254,93922,1518.3235425047378,70146,-129,-0.9255009447924749,-108,3541,22,90400.81394114166,90394.1950478365,90488,90359,1461.1589747807868,1460.0488958279975,58.09006866874356,58.27464667674055
HFD03_MISSINGNESS,B0,18,93310,1514.4702664569477,69529,93359,1516.6351456405841,69542,49,2.164879183636458,13,4485,23,88833.10882352393,88826.44910798721,88802,88851,1459.1916620789314,1460.4648804508383,55.27860437801621,56.17026518974544
HFD03_MISSINGNESS,B0,19,80899,1523.6201907773668,57267,80637,1524.6069120664508,57025,-262,0.9867212890840165,-242,3143,27,77615.31409904722,77588.76979713206,77729,77467,1459.5357115393542,1460.9688648600356,64.08447923801272,63.6380472064152
HFD03_MISSINGNESS,B0,20,83168,1516.326953884467,59412,83107,1514.3275319299848,59338,-61,-1.999421954482159,-74,3590,26,79476.10402617554,79453.40628723797,79552,79491,1457.0891396849497,1454.911220280968,59.23781419951733,59.41631164901672
HFD03_MISSINGNESS,B0,21,78927,1507.6745227698987,55231,78906,1508.4920456346526,55212,-21,0.8175228647539825,-19,2484,20,76389.14189194223,76361.03817424126,76423,76402,1461.9479479347494,1461.4556401024174,45.726574835149115,47.036405532235406
HFD03_MISSINGNESS,B0,22,91514,1510.2678448737138,67723,91374,1510.407885605729,67565,-140,0.1400407320152226,-158,2878,23,88566.36445667663,88557.48747019761,88613,88473,1457.5171449069662,1457.1940518200126,52.750699966747206,53.21383378571676
HFD03_MISSINGNESS,B0,23,86618,1513.114532518502,62910,86611,1514.5724072286544,62894,-7,1.4578747101522822,-16,2700,28,83815.3402580928,83802.02766935123,83890,83883,1464.1702430141527,1465.5255322833384,48.944289504349605,49.04687494531603
HFD03_MISSINGNESS,B0,24,90829,1516.2925742973491,67011,90802,1517.7428647217369,66955,-27,1.450290424387731,-56,3223,28,87544.82858755287,87536.76369461234,87578,87551,1461.5055840036046,1462.7226292963746,54.786990293744495,55.020235425362095
HFD03_MISSINGNESS,B0,25,87843,1527.0551166856746,64140,87810,1528.1614857564743,64096,-33,1.1063690707997011,-44,4947,27,82897.3032115928,82881.94148388847,82869,82836,1463.4865874593072,1464.7643837281857,63.56852922636786,63.397102028288714
HFD03_MISSINGNESS,B0,26,89210,1510.0994422354986,65411,89263,1509.0199274130969,65475,53,-1.079514822401734,64,3990,27,85190.35432947132,85178.81633406164,85193,85246,1455.2397238336664,1454.9093442683077,54.85971840183217,54.11058314478882
HFD03_MISSINGNESS,B0,27,76492,1514.3924128724157,52755,76745,1510.3435284258517,53061,253,-4.048884446563989,306,3195,29,73319.64285007767,73280.43924851231,73268,73521,1463.200605272545,1459.41816213622,51.191807599870586,50.92536628963169
HFD03_MISSINGNESS,B0,28,92806,1521.9438190477383,69011,92696,1521.3910196871414,68893,-110,-0.5527993605969641,-118,2940,26,89837.24246485285,89831.79280299379,89840,89730,1460.735987406163,1459.8580316963896,61.20783164157567,61.53298799075142
HFD03_MISSINGNESS,B0,29,66706,1489.416262267785,43240,66749,1491.7835485520725,43258,43,2.367286284287502,18,3845,21,62916.87193567513,62874.85136945893,62840,62883,1457.7438843763955,1460.1071089305092,31.672377891389893,31.67643962156286
HFD03_MISSINGNESS,B0,30,92109,1524.4574134612126,68277,92196,1522.7459615700807,68400,87,-1.711451891131901,123,4065,26,88080.08232804814,88073.00100390907,88018,88105,1457.7385512827911,1455.9405833109001,66.71886217842203,66.80537825918051
HFD03_MISSINGNESS,B0,31,94671,1518.1842474539908,70884,94770,1518.6641252413408,70996,99,0.47987778735000575,112,6402,28,88200.17781542262,88192.33650852425,88241,88340,1457.0843590229338,1457.051235263264,61.09988843105671,61.61288997807705
HFD03_MISSINGNESS,B0,32,82307,1518.8928946775663,58572,82145,1520.145071706092,58364,-162,1.2521770285256935,-208,3757,20,78468.99751793813,78443.48624173661,78530,78368,1468.805421222501,1469.0804829324252,50.08747345506552,51.06458877366685
HFD03_MISSINGNESS,B0,33,80985,1511.3907268901546,57319,81124,1512.8224376817154,57428,139,1.4317107915608176,109,2531,28,78496.46650586523,78471.85344413755,78426,78565,1460.8464773386258,1461.6176892551373,50.544249551528495,51.20474842657844
HFD03_MISSINGNESS,B0,34,93821,1516.0479270148708,70010,94084,1515.0673245423895,70272,263,-0.9806024724812232,262,2947,26,91055.9275237082,91050.82854353338,90848,91111,1460.6153460297182,1459.4902457617159,55.432580985152555,55.57707878067362
HFD03_MISSINGNESS,B0,35,93859,1532.4421196781586,70024,93662,1534.1135457064688,69839,-197,1.6714260283101794,-185,4227,29,89582.12179959928,89576.38775782395,89603,89406,1459.456181820539,1461.8713279832957,72.98593785761956,72.24221772317307
HFD03_MISSINGNESS,B0,36,87909,1519.2503914550177,64106,87989,1517.3965497160045,64205,80,-1.8538417390132054,99,2754,25,85077.2593624,85065.8246845677,85130,85210,1460.6267181601684,1458.5048198393804,58.62367329484949,58.89172987662434
HFD03_MISSINGNESS,B0,37,72675,1504.6640827030753,49035,72899,1505.8553825944985,49253,224,1.1912998914231139,218,2525,26,70270.16669286504,70223.9242460197,70124,70348,1462.6318073590369,1463.3882554448674,42.03227534403829,42.46712714963081
HFD03_MISSINGNESS,B0,38,87617,1538.0167286403946,63883,87549,1538.2383269169425,63797,-68,0.22159827654786568,-86,5055,26,82468.0753764775,82452.06279532057,82536,82468,1462.6290687278818,1462.6011340165232,75.38765991251299,75.63719290041965
HFD03_MISSINGNESS,B0,39,95437,1525.8103539258782,71659,95550,1528.5933014479258,71693,113,2.782947522047607,34,3623,28,91868.3316274733,91864.55776109651,91786,91899,1459.479761364912,1461.2055754926196,66.33059256096575,67.38772595530656
HFD03_MISSINGNESS,B0,40,75621,1506.6258542293508,52042,75466,1506.7692586019643,51941,-155,0.14340437261353145,-101,4066,24,71422.77460055157,71379.59784428462,71531,71376,1462.0171693141458,1462.8847422083788,44.608684915205004,43.88451639358533
HFD03_MISSINGNESS,B0,41,90175,1547.4791237183897,66342,90203,1546.9027020712463,66358,28,-0.5764216471434338,16,2311,24,87750.3121461284,87742.82477331937,87840,87868,1465.4393743587505,1465.0699052226898,82.03974935963946,81.83279684855685
HFD03_MISSINGNESS,B0,42,86004,1506.474320061921,62292,86047,1504.9392712454187,62369,43,-1.5350488165022398,77,2471,21,83501.32230857373,83487.15513213255,83512,83555,1458.017424730986,1456.7802546993278,48.45689533093522,48.159016546090925
HFD03_MISSINGNESS,B0,43,88049,1525.7756365045962,64300,88207,1525.171007527205,64434,158,-0.6046289773912576,134,5430,23,82621.051900485,82605.36393625465,82596,82754,1465.4800705966422,1464.8193343873324,60.29556590795398,60.35167313987237
HFD03_MISSINGNESS,B0,44,88964,1511.0123239747127,65227,88870,1510.1822979483663,65136,-94,-0.8300260263463315,-91,5041,27,83768.91790832371,83755.53588771446,83896,83802,1457.2751143091537,1457.781532691604,53.737209665559064,52.40076525676249
HFD03_MISSINGNESS,B0,45,65564,1488.5971886380007,42173,65719,1489.188677824005,42303,155,0.5914891860043099,130,2118,19,63582.00440134986,63530.375163023324,63427,63582,1459.7790095241533,1458.7524906274582,28.81817911384739,30.43618719654677
HFD03_MISSINGNESS,B0,46,82926,1502.7612094249382,59223,83155,1501.418479004014,59467,229,-1.3427304209242266,244,1693,29,81366.39565801389,81347.50025334638,81204,81433,1455.6831534081432,1454.5693222529194,47.07805601679536,46.84915675109433
HFD03_MISSINGNESS,B0,47,95364,1531.4342256908049,71500,95455,1529.5942050971228,71632,91,-1.840020593682084,132,4469,28,90903.78414760626,90899.47895089196,90867,90958,1465.1953907706406,1463.104033464147,66.23883492016398,66.4901716329752
HFD03_MISSINGNESS,B0,48,87362,1517.8905118742082,63698,87217,1515.9695919835751,63587,-145,-1.9209198906330585,-111,3446,21,83828.18337639316,83814.81976133212,83895,83750,1459.93498145523,1458.9226593852475,57.9555304189786,57.04693259832753
HFD03_MISSINGNESS,B0,49,92029,1530.0369684788425,68240,92008,1532.0207916940872,68186,-21,1.9838232152446835,-54,4582,24,87434.25446343666,87426.45895122678,87423,87402,1458.6028456997092,1460.6633023570828,71.43412277913356,71.35748933700424
HFD03_MISSINGNESS,B0,50,91399,1519.708839012601,67557,91315,1520.4022619760603,67484,-84,0.6934229634593976,-73,3471,29,87885.51838865793,87878.03076022357,87899,87815,1458.5489822729294,1459.2859568957902,61.15985673967143,61.11630508027044
HFD03_MISSINGNESS,B0,51,75954,1498.56683153905,52447,75798,1499.402796255764,52248,-156,0.8359647167139883,-199,3732,22,72146.00135582729,72106.48941381884,72200,72044,1461.0576768530705,1461.6247410886126,37.50915468597956,37.77805516715137
HFD03_MISSINGNESS,B0,52,85723,1511.1841719326783,61999,85738,1510.2747527394388,62029,15,-0.9094191932395006,30,3281,22,82455.99838968803,82440.03328860337,82420,82435,1460.7346703843245,1460.6863846158358,50.449501548353496,49.58836812360272
HFD03_MISSINGNESS,B0,53,85930,1511.821114275473,62170,85808,1512.087914573289,62030,-122,0.26680029781596204,-140,4871,23,81014.76202747806,80995.7529041861,81036,80914,1457.993623327816,1458.6790870603147,53.827490947657026,53.40882751297464
HFD03_MISSINGNESS,B0,54,95994,1542.824378751493,72203,96013,1542.9455338136904,72241,19,0.12115506219743111,38,4974,19,90987.40701183055,90982.0906839875,91001,91020,1462.4868272817935,1463.0131276205848,80.33755146969942,79.93240619310534
HFD03_MISSINGNESS,B0,55,94811,1527.358684949289,70958,94813,1526.4857411177672,70965,2,-0.8729438315217521,7,4801,23,89913.52541363535,89907.26874635325,89987,89989,1460.4220482467736,1460.1273571078675,66.93663670251527,66.35838400989962
HFD03_MISSINGNESS,B0,56,92981,1512.4972935638534,69149,92944,1512.358087518594,69085,-37,-0.13920604525947056,-64,5911,27,86982.75274307045,86973.33936272157,87043,87006,1464.4836597877693,1464.6138640150962,48.013633776084276,47.74422350349798
HFD03_MISSINGNESS,B0,57,97280,1523.517680956123,73414,97230,1522.79908659712,73391,-50,-0.7185943590029638,-23,3664,28,93522.06316727136,93518.72956412262,93588,93538,1461.0079716779346,1460.4849762013414,62.509709278188296,62.314110395778975
HFD03_MISSINGNESS,B0,58,87919,1521.7653877756647,64192,88114,1521.6546503238426,64387,195,-0.11073745182216044,195,5607,21,82422.13282027085,82405.81692695494,82291,82486,1458.1228371291363,1458.3408145411192,63.642550646528434,63.31383578272397
HFD03_MISSINGNESS,B0,59,95358,1524.7815758569338,71522,95352,1524.243699238662,71516,-6,-0.5378766182718664,-6,5423,26,89889.98430953751,89884.32507808824,89909,89903,1461.8621338501305,1461.3458150117003,62.91944200680338,62.89788422696175
HFD03_MISSINGNESS,B0,60,76069,1506.2910060740555,52460,76139,1504.9341828118884,52544,70,-1.356823262167154,84,4699,23,71408.6626406121,71365.50515761574,71347,71417,1461.963451734998,1460.750575675496,44.32755433905753,44.18360713639226
HFD03_MISSINGNESS,B0,61,80454,1504.8066497380369,56851,80624,1502.6710114736843,57039,170,-2.135638264352565,188,5727,22,74913.07783311825,74879.0814956614,74705,74875,1458.5456363130165,1456.8017781822894,46.261013425020266,45.86923329139486
HFD03_MISSINGNESS,B0,62,85551,1513.648459416817,61820,85253,1516.341485783016,61524,-298,2.6930263661988647,-296,3152,26,82113.26554561469,82096.63016403517,82373,82075,1465.2621258233348,1468.092170549138,48.386333593482824,48.24931523387761
HFD03_MISSINGNESS,B0,63,83700,1509.9821626170085,60011,83730,1507.236339205702,60086,30,-2.7458234113064464,75,2564,25,81174.91180014484,81156.28912208139,81111,81141,1462.2315856103057,1459.2315323774972,47.75057700670308,48.00480682820495
HFD03_MISSINGNESS,B0,64,83636,1512.0477598016591,59963,83814,1511.9686130728755,60094,178,-0.07914672878359852,131,4325,24,79369.1358092236,79346.76100545705,79287,79465,1462.3179604511472,1460.8397873513782,49.72979935051199,51.12882572149721
HFD03_MISSINGNESS,B0,65,87159,1518.5948311887803,63391,86935,1518.8647841160218,63106,-224,0.2699529272415475,-285,2538,27,84448.11406494457,84435.65862018385,84594,84370,1460.1892116550835,1460.441157809481,58.40561953369643,58.423626306540704
HFD03_MISSINGNESS,B0,66,91270,1530.1322683170813,67432,91288,1530.2710887934627,67457,18,0.13882047638139738,25,3826,22,87503.97280327367,87495.21111601531,87422,87440,1466.2474127799346,1466.3174966563324,63.88485553714639,63.95359213713029
HFD03_MISSINGNESS,B0,67,89118,1509.33871677111,65389,89039,1513.2140345545267,65241,-79,3.8753177834166763,-148,4306,26,84691.28141920504,84678.99747160688,84786,84707,1460.6345314578969,1464.048609827551,48.70418531321284,49.165424726975864
HFD03_MISSINGNESS,B0,68,88751,1520.4629355369016,64929,88784,1520.6719993516317,64957,33,0.20906381473014335,28,1723,25,87116.55826973068,87107.6234676024,87003,87036,1462.7419690246004,1462.7900521869658,57.72096651230121,57.88194716466598
HFD03_MISSINGNESS,B0,69,72279,1501.4990420588986,48767,72528,1499.374273545051,49033,249,-2.1247685138475845,266,2630,16,69780.33779604916,69733.90042938311,69633,69882,1463.0707725289662,1460.2739745904423,38.42826952993173,39.10029895460853
HFD03_MISSINGNESS,B0,70,86863,1509.158291878707,63064,86893,1510.076251082709,63084,30,0.9179592040020452,20,3750,24,83002.6765117037,82987.20327370666,83089,83119,1461.1142605456891,1461.8310786103398,48.04403133301785,48.24517247236891
HFD03_MISSINGNESS,B0,71,90370,1516.8237543523674,66598,90453,1517.002776560767,66679,83,0.17902220839960137,81,2464,27,87973.23042160276,87966.0088607057,87879,87962,1462.3030525180172,1462.79576145151,54.52070183435053,54.207015109256844
HFD03_MISSINGNESS,B0,72,79663,1507.5545273793791,56118,79787,1507.5707921311189,56247,124,0.0162647517397545,129,4375,25,75391.09744097144,75358.00710186361,75263,75387,1461.8141280063255,1460.761272460648,45.740399373053656,46.80951967047115
HFD03_MISSINGNESS,B0,73,92338,1513.6427875611103,68616,92351,1514.3677266935986,68577,13,0.7249391324883163,-39,6534,24,85798.8128938094,85788.43824254542,85780,85793,1462.72412352776,1463.8146207740456,50.91866403335066,50.55310591955313
HFD03_MISSINGNESS,B0,74,88104,1526.5445868206825,64296,88089,1525.880129739046,64324,-15,-0.6644570816365558,28,3517,27,84587.04606435314,84574.97828047145,84560,84545,1462.4894895557125,1461.60378520575,64.05509726497004,64.27634453329645
HFD03_MISSINGNESS,B0,75,93873,1520.2736103122281,70078,93706,1522.1553962637415,69870,-167,1.8817859515133932,-208,6714,28,87096.14870876809,87088.06936444493,87131,86964,1467.4990273124088,1468.538816234736,52.77458299981981,53.61658002900568
HFD03_MISSINGNESS,B0,76,83157,1508.9805949167132,59391,83230,1510.1148818224808,59485,73,1.134286905767567,94,3404,26,79772.20557727918,79750.01228756891,79727,79800,1461.2915251575978,1462.542153977028,47.68906975911557,47.57272784545282
HFD03_MISSINGNESS,B0,77,92866,1506.3765610774324,69101,92712,1507.0139152459428,68944,-154,0.6373541685104556,-157,6487,27,86364.82578186007,86354.49696802681,86352,86198,1455.7385128890023,1455.9180915758518,50.638048188430275,51.09582367009045
HFD03_MISSINGNESS,B0,78,80958,1515.5851749270635,57223,80934,1517.2426988753411,57183,-24,1.6575239482776851,-40,4971,19,75927.52396111234,75895.84716452473,75968,75944,1460.0618283985848,1461.592921797117,55.523346528478775,55.64977707822416
HFD03_MISSINGNESS,B0,79,91387,1513.0663210930632,67646,91430,1513.1025119254346,67704,43,0.0361908323714033,58,6161,27,85235.95691483731,85224.76548038391,85199,85242,1459.7656582112386,1459.8040685956394,53.300662881824564,53.29844332979487
HFD03_MISSINGNESS,B0,80,88322,1519.3744307333418,64476,88188,1519.2068393357436,64372,-134,-0.16759139759824393,-104,3538,25,84792.49331696253,84780.50553473343,84759,84625,1465.1580547802985,1463.7023926297577,54.21637595304375,55.50444670598578
HFD03_MISSINGNESS,B0,81,83306,1510.0110611086202,59658,83528,1512.1255104139402,59850,222,2.114449305320022,192,4657,27,78754.58168461194,78730.76278671282,78622,78844,1457.17101758689,1457.767454847748,52.84004352173028,54.35805556619215
HFD03_MISSINGNESS,B0,82,90857,1523.5381601623915,67029,90922,1521.371769597303,67113,65,-2.166390565088477,84,7165,27,83647.02747941295,83632.97762680423,83665,83730,1465.286776663391,1463.0169776279918,58.25138349900065,58.35479196931109
HFD03_MISSINGNESS,B0,83,93216,1516.9768936033156,69452,93237,1516.740633443677,69457,21,-0.23626015963850477,5,4856,26,88325.91171899438,88318.95376564047,88334,88355,1457.3910136954098,1457.6750499441177,59.58587990790572,59.06558349955919
HFD03_MISSINGNESS,B0,84,95157,1518.0028729792743,71309,95117,1516.9600630099217,71330,-40,-1.0428099693526747,21,7017,23,88094.46207888839,88087.14106861308,88117,88077,1461.6692818184804,1460.8523448207573,56.333591160793986,56.10771818916446
HFD03_MISSINGNESS,B0,85,92814,1522.2440235299077,69032,93049,1523.812033772089,69214,235,1.5680102421813444,182,4920,27,88086.45957696927,88078.94005169888,87867,88102,1459.3962561910878,1461.3946584631651,62.847767338819686,62.417375308923994
HFD03_MISSINGNESS,B0,86,90406,1526.0804183330326,66671,90384,1528.0813642497085,66617,-22,2.000945916675846,-54,3533,26,86814.46131565678,86805.70563249549,86847,86825,1460.3990959202806,1463.3889728677243,65.68132241275198,64.69239138198431
HFD03_MISSINGNESS,B0,87,97742,1518.2421893272344,73923,97697,1517.3511945404227,73887,-45,-0.8909947868116888,-36,5021,29,92796.85616319462,92793.30972861688,92692,92647,1457.74435509939,1457.3305491060069,60.497834227844194,60.020645434416146
HFD03_MISSINGNESS,B0,88,89294,1511.0769822412085,65536,89350,1513.1488700865473,65549,56,2.071887845338779,13,5140,24,84159.49477351872,84146.58358366958,84130,84186,1461.9202700172918,1463.8280293015498,49.15671222391709,49.32084078499728
HFD03_MISSINGNESS,B0,89,80436,1507.242392282737,56715,80450,1507.2150011340784,56755,14,-0.027391148658580278,40,3304,21,77128.35998774125,77100.67644775087,77111,77125,1462.3001573380275,1461.704861302953,44.94223494471008,45.51013983112523
HFD03_MISSINGNESS,B0,90,83553,1507.442725108352,59799,83494,1507.5157105734324,59772,-59,0.07298546508036452,-27,3362,23,80082.32906442217,80060.79716731551,80168,80109,1459.1815177622507,1459.9815105840894,48.26120734610155,47.534199989342795
HFD03_MISSINGNESS,B0,91,97243,1526.76018717233,73355,97086,1525.4127334834359,73218,-157,-1.3474536888941202,-137,5632,29,91310.11552779393,91305.48715102748,91582,91425,1463.6156661273562,1462.3879884651656,63.14452104497386,63.02474501827067
HFD03_MISSINGNESS,B0,92,82769,1509.8483515039545,58995,82698,1510.2205710115036,58906,-71,0.37221950754906175,-89,3696,23,78911.75747475463,78888.18229889538,79050,78979,1458.9641591134266,1459.5611250298464,50.88419239052796,50.65944598165693
HFD03_MISSINGNESS,B0,93,94377,1521.6651478884614,70549,94399,1520.2749423226576,70577,22,-1.3902055658038535,28,2927,24,91419.02764317732,91414.87100417318,91426,91448,1459.4733328750879,1458.492525680569,62.19181501337355,61.78241664208855
HFD03_MISSINGNESS,B0,94,72193,1499.1836875720023,48530,72021,1498.375145970186,48352,-172,-0.8085416018163869,-178,2697,25,69424.46631721179,69377.40503537573,69471,69299,1460.2281206449973,1458.480663921301,38.95556692700496,39.89448204888503
HFD03_MISSINGNESS,B0,95,90544,1522.7358350187133,66779,90392,1521.1900639335338,66654,-152,-1.5457710851794673,-125,2916,27,87585.32666913467,87577.33068123931,87601,87449,1456.2047143301045,1454.2103983834793,66.53112068860872,66.97966555005478
HFD03_MISSINGNESS,B0,96,81452,1503.4278323302615,57822,81396,1501.2233489519897,57809,-56,-2.2044833782717888,-13,7189,25,74275.20814617159,74240.0257458229,74238,74182,1461.7511774306743,1458.4722068437516,41.67665489958752,42.75114210823795
HFD03_MISSINGNESS,B0,97,93443,1516.9601649239735,69659,93583,1517.3950583027697,69805,140,0.43489337879623235,146,7988,27,85412.88310254812,85401.75091773525,85428,85568,1457.0525712862257,1457.1448623424997,59.90759363774793,60.25019596027007
HFD03_MISSINGNESS,B0,98,85348,1513.622616357924,61573,85498,1515.6953006287888,61687,150,2.0726842708647837,114,2373,26,83004.73598665129,82989.63930220912,82949,83099,1460.150052790933,1462.197213207636,53.47256356699123,53.498087421152825
HFD03_MISSINGNESS,B0,99,85017,1517.7738562519246,61214,85192,1520.0317705795485,61361,175,2.2579143276238938,147,3423,26,81671.98239929632,81654.54035690709,81568,81743,1459.511920677492,1460.9571116957352,58.261935574432655,59.074658883813115
HFD03_MISSINGNESS,B0,100,71539,1495.2070371920763,48049,71440,1496.1630937369368,47943,-99,0.9560565448605303,-106,3324,25,68116.45162955276,68065.44666227803,68190,68091,1460.7132460284342,1461.5419019039305,34.49379116364214,34.62119183300653
HFD03_MISSINGNESS,B0,101,93075,1523.0188127155252,69271,93222,1522.3863072282081,69412,147,-0.6325054873170757,141,3030,22,90024.48137798948,90019.2930729064,90023,90170,1464.9349791451511,1464.4355960659818,58.083833570373876,57.950711162226206
HFD03_MISSINGNESS,B0,102,91217,1514.2016455936493,67497,91071,1515.4880187067126,67315,-146,1.2863731130632914,-182,4918,28,86276.82743151163,86267.14303957205,86271,86125,1465.3316979914487,1466.6337764835453,48.86994760220053,48.8542422231674
HFD03_MISSINGNESS,B0,103,89803,1507.0467316834154,65997,89720,1508.1764973270758,65902,-83,1.1297656436604484,-95,4210,27,85589.45403117823,85578.57448360464,85566,85483,1458.5703431341208,1459.6766216991978,48.47638854929442,48.49987562787785
HFD03_MISSINGNESS,B0,104,80445,1515.656714257099,56881,80745,1516.305361109407,57150,300,0.6486468523078202,269,6476,25,73950.59468214595,73913.4852443717,73944,74244,1466.1750263910121,1465.7580335469652,49.48168786608698,50.547327562441765
HFD03_MISSINGNESS,B0,105,92023,1530.9408716408136,68138,92124,1532.984017384923,68253,101,2.0431457441093244,115,2412,29,89559.85538324139,89554.25213385525,89582,89683,1463.128917572257,1464.9640321933248,67.81195406855653,68.0199851915983
HFD03_MISSINGNESS,B0,106,89079,1524.4268322893274,65301,89208,1528.0574605300799,65391,129,3.6306282407524577,90,2431,24,86817.21316801793,86808.03250433783,86624,86753,1460.5256188687458,1463.623388303281,63.90121342058149,64.43407222679917
HFD03_MISSINGNESS,B0,107,88134,1526.3752956817116,64278,88271,1524.228260635611,64418,137,-2.1470350461006547,140,3736,26,84426.28719116987,84413.33871327851,84372,84509,1463.5654541249787,1462.058157252239,62.80984155673269,62.170103383371604
HFD03_MISSINGNESS,B0,108,89097,1511.1279478235303,65280,89106,1509.9017288154555,65300,9,-1.2262190080748496,20,2758,25,86067.64522728616,86057.61121886889,86314,86323,1457.327073895402,1455.2499829168173,53.80087392812809,54.65174589863792
HFD03_MISSINGNESS,B0,109,89040,1518.424300143169,65264,89133,1516.4791854603188,65387,93,-1.9451146828500896,123,3375,26,85758.15992874446,85747.95477751578,85639,85732,1465.779793271814,1464.4703148142614,52.64450687135505,52.00887064605737
HFD03_MISSINGNESS,B0,110,89486,1513.5750263565776,65684,89767,1513.7407507338808,65960,281,0.1657243773031496,276,4363,23,85286.55353433419,85275.26094478948,85100,85381,1461.9944119727404,1463.3666760854758,51.580614383837116,50.37407464840553
HFD03_MISSINGNESS,B0,111,94350,1513.048638281474,70527,94387,1515.0095824812993,70534,37,1.960944199825235,7,2704,28,91703.06400774255,91699.01585606879,91618,91655,1456.986558978566,1458.29086756363,56.06207930290812,56.718714917669494
HFD03_MISSINGNESS,B0,112,82042,1508.8969440036942,58385,82413,1511.9637589553183,58717,371,3.06681495162411,332,5514,24,76604.61697783596,76575.0822374737,76504,76875,1459.612705403763,1461.7597309174494,49.28423859993132,50.2040280378686
HFD03_MISSINGNESS,B0,113,69489,1486.0547826183115,46290,69485,1488.4462901961601,46270,-4,2.3915075778486425,-20,4226,21,65359.75607810334,65306.915184009595,65242,65238,1461.1718963886415,1461.3495232733019,24.88288622967039,27.096766922858677
HFD03_MISSINGNESS,B0,114,94028,1513.6424081161279,70229,94209,1512.5203482758661,70426,181,-1.122059840261727,197,6283,26,87801.71113912594,87794.16131356044,87719,87900,1459.16948059358,1457.8227643439523,54.47292752254826,54.6975839319144
HFD03_MISSINGNESS,B0,115,90957,1524.3960822224585,67207,90777,1527.4859755171663,66991,-180,3.0898932947077355,-216,4260,25,86608.45799191076,86599.47633796194,86672,86492,1462.1998959742284,1464.9891375643197,62.196186248230234,62.49683795284681
HFD03_MISSINGNESS,B0,116,83710,1522.6387434392857,59950,83583,1525.0357979862856,59760,-127,2.397054546999925,-190,4556,23,79166.96635637085,79143.58759470732,79131,79004,1466.9176847117208,1469.6522042113675,55.72105872756502,55.38359377491803
HFD03_MISSINGNESS,B0,117,81795,1511.1298886731827,58126,81891,1510.4084992536075,58272,96,-0.7213894195751891,146,2941,28,78869.04705840828,78844.6551948125,78826,78922,1458.0783813830167,1457.1890716538744,53.051507290165745,53.21942759973315
HFD03_MISSINGNESS,B0,118,91578,1520.3477799133964,67822,91794,1519.9103896807028,68042,216,-0.4373902326935877,220,2606,26,89104.92813129297,89098.82092433122,88946,89162,1462.4256133086444,1462.386893555745,57.922166604751574,57.52349612495798
HFD03_MISSINGNESS,B0,119,94536,1515.2023448847756,70722,94619,1517.7210280127465,70762,83,2.5186831279709168,40,2427,26,92068.31989727289,92064.45392522389,92083,92166,1458.5486486111133,1460.9643026638298,56.653696273662185,56.7567253489168
HFD03_MISSINGNESS,B0,120,93900,1540.8372863108007,70067,93923,1539.6997797551544,70040,23,-1.1375065556462687,-27,3987,29,89946.6935882973,89941.42529195819,89884,89907,1461.8444451823354,1460.8303566839766,78.9928411284656,78.86942307117798
HFD03_MISSINGNESS,B0,121,90460,1515.8947538525722,66742,90416,1515.6955558398054,66681,-44,-0.19919801276682847,-61,4940,28,85417.76554196922,85406.35962398318,85492,85448,1465.1993926536238,1465.6596761806097,50.69536119894871,50.0358796591953
HFD03_MISSINGNESS,B0,122,81268,1506.2232533310782,57501,81311,1505.118205100426,57558,43,-1.1050482306523008,57,2876,25,78405.84909993502,78381.14815136173,78367,78410,1460.2386160103674,1460.5894900948294,45.98463732071044,44.52871500559682
HFD03_MISSINGNESS,B0,123,94392,1517.1303025008485,70526,94173,1513.6087830708723,70376,-219,-3.5215194299762516,-150,3842,26,90378.58441696544,90373.87218028479,90524,90305,1462.0257192474976,1459.0845281366967,55.104583253351045,54.52425493417598
HFD03_MISSINGNESS,B0,124,79923,1519.1340443902407,56175,79655,1515.7647864031383,55994,-268,-3.369257987102401,-181,3278,21,76500.22511815872,76470.63207155219,76624,76356,1461.7393327013767,1460.656988923866,57.39471168886421,55.1077974792721
HFD03_MISSINGNESS,B0,125,80555,1503.5525406233096,56955,80694,1505.7984468412874,57045,139,2.24590621797779,90,3030,20,77658.31113347363,77632.2600543916,77505,77644,1459.333306682532,1462.3215667169227,44.21923394077779,43.47688012436518
HFD03_MISSINGNESS,B0,126,81414,1512.3722064476467,57619,81432,1512.0289148901356,57688,18,-0.34329155751106555,69,2891,27,78517.21996466078,78492.3771082643,78496,78514,1457.0982168355117,1456.350555643075,55.273989612135196,55.6783592470602
HFD03_MISSINGNESS,B0,127,84801,1511.7434695490285,61072,84602,1512.077721862752,60877,-199,0.3342523137234821,-195,3829,24,80865.36136757192,80845.93633799329,80948,80749,1461.6810785257137,1462.1063797389809,50.06239102331522,49.97134212377118
HFD03_MISSINGNESS,B1,0,86174,1512.8765992533101,62382,86194,1512.0556511807902,62432,20,-0.8209480725199683,50,1686,28,84510.29814813368,84497.89605875245,84460,84480,1461.6522442155454,1461.4798594811643,51.22435503776435,50.57579169962584
HFD03_MISSINGNESS,B1,1,89939,1528.0835764176381,66237,89888,1526.231813712775,66237,-51,-1.8517627048631766,0,6034,24,83833.23446528181,83820.31116228113,83881,83830,1464.7881939318995,1463.8019694032366,63.295382485738344,62.429844309538076
HFD03_MISSINGNESS,B1,2,87838,1524.9136773838384,64049,87919,1524.5428677011716,64114,81,-0.37080968266673153,65,4156,25,83582.43999303797,83568.91120616623,83657,83738,1464.4686695865041,1463.9418621827342,60.4450077973339,60.60100551843734
HFD03_MISSINGNESS,B1,3,87665,1517.844301517665,63957,87709,1519.9628115853718,63961,44,2.118510067706893,4,3946,26,83942.47882099099,83929.44501039745,83693,83737,1464.8239766798067,1466.6464624299194,53.02032483785805,53.31634915545235
HFD03_MISSINGNESS,B1,4,86995,1523.705933786564,63213,87256,1524.8582671823274,63454,261,1.152333395763435,241,2928,27,84196.53787769654,84183.66670970857,84040,84301,1462.104033045579,1463.3087119990228,61.60190074098529,61.549555183304534
HFD03_MISSINGNESS,B1,5,95537,1514.5462671119442,71729,95417,1515.625077370547,71605,-120,1.0788102586027435,-124,11531,23,83977.91417063124,83964.72182772573,83983,83863,1459.9593973467865,1461.0449439700124,54.58686976515782,54.58013340053442
HFD03_MISSINGNESS,B1,6,88286,1514.1530370186688,64452,88473,1514.5319335386996,64678,187,0.3788965200308212,226,4152,26,84210.50751699886,84197.92143187691,84108,84295,1458.5583153746572,1458.8567455842112,55.59472164401136,55.67518795448833
HFD03_MISSINGNESS,B1,7,86130,1508.8402884636905,62411,86027,1506.107943786776,62348,-103,-2.7323446769144084,-63,4341,25,81694.66966653652,81677.4840698405,81764,81661,1460.80749432458,1458.2000127880679,48.03279413911038,47.90793099870851
HFD03_MISSINGNESS,B1,8,87695,1510.9749170711702,63975,87808,1510.5130404954018,64087,113,-0.46187657576842867,112,3441,25,84327.07538554976,84314.52809479256,84229,84342,1458.6562695044934,1458.5160966672813,52.31864756667681,51.99694382812024
HFD03_MISSINGNESS,B1,9,90216,1520.744051799051,66510,90267,1520.5177734031195,66536,51,-0.2262783959315584,26,6081,26,84154.24411245347,84141.68743524983,84109,84160,1463.1956305130393,1464.0646191044775,57.54842128601172,56.453154298641955
HFD03_MISSINGNESS,B1,10,87156,1512.2810046024638,63387,87106,1513.49169660184,63323,-50,1.2106919993761949,-64,3515,25,83581.02691804132,83567.37850169068,83616,83566,1460.4448895611008,1461.6049834826092,51.836115041362575,51.88671311923089
HFD03_MISSINGNESS,B1,11,84606,1531.482061539094,60757,84557,1531.7758267367283,60717,-49,0.2937651976342295,-40,2040,25,82670.7122329596,82655.25525207819,82541,82492,1463.0966435880418,1463.4042413869765,68.38541795105189,68.37158534975171
HFD03_MISSINGNESS,B1,12,82559,1519.0576467870735,58796,82529,1519.0784378300152,58798,-30,0.020791042941709748,2,1106,27,81474.53020160829,81456.29953525061,81426,81396,1458.0871907767034,1458.2687118667218,60.970456010369524,60.80972596329382
HFD03_MISSINGNESS,B1,13,87479,1523.6946636442449,63633,87603,1525.9328114849632,63727,124,2.238147840718284,94,4178,26,83216.88374663207,83202.10017279338,83275,83399,1464.4599445055699,1466.1098672243593,59.23471913867497,59.822944260603926
HFD03_MISSINGNESS,B1,14,85140,1519.8798831842694,61383,85082,1515.7328852431651,61385,-58,-4.146997941104246,2,3485,26,81679.94694851436,81662.82130653724,81629,81571,1465.263511288107,1462.272574752235,54.616371896162065,53.46031049093022
HFD03_MISSINGNESS,B1,15,86064,1507.3515475966965,62302,86403,1506.7555825816198,62644,339,-0.595965015076672,342,3277,24,83029.55521531786,83014.82581426004,82763,83102,1457.0680804082324,1456.7962700194073,50.28346718846431,49.9593125622121
HFD03_MISSINGNESS,B1,16,87708,1518.2847493561508,63949,87517,1521.3814963057243,63717,-191,3.0967469495735713,-232,3705,26,83863.01036459435,83849.61826739466,83977,83786,1454.8045078134355,1457.4269249839183,63.480241542715746,63.954571321806114
HFD03_MISSINGNESS,B1,17,93312,1516.3992197103587,69586,93171,1516.0372661985105,69428,-141,-0.36195351184824176,-158,8637,26,84669.82904801764,84658.08574225756,84649,84508,1461.1589747807868,1460.9225021638822,55.24024492957175,55.114764034627775
HFD03_MISSINGNESS,B1,18,89371,1511.05136102274,65644,89306,1511.8608362414648,65548,-65,0.809475218724856,-96,4485,22,84893.48599975447,84881.7479820621,84864,84799,1459.1916620789314,1460.1417934287924,51.85969894380844,51.71904281267217
HFD03_MISSINGNESS,B1,19,87711,1511.9649097669603,63968,87588,1512.2241708726172,63868,-123,0.259261105656833,-100,4379,28,83214.58519251419,83199.96994428846,83304,83181,1459.5357115393542,1460.912465860828,52.429198227606136,51.31170501178953
HFD03_MISSINGNESS,B1,20,89813,1527.4762754998717,66032,89804,1528.757820182429,66009,-9,1.2815446825572963,-23,5814,24,84040.38260452269,84027.32570644036,83975,83966,1457.0891396849497,1457.3170683315086,70.38713581492213,71.44075185092025
HFD03_MISSINGNESS,B1,21,87953,1525.8716403020517,64126,88121,1524.6158306624004,64323,168,-1.255809639651261,197,3600,26,84421.68067492332,84408.92281770302,84327,84495,1461.9479479347494,1460.4199080755714,63.92369236730206,64.19592258682911
HFD03_MISSINGNESS,B1,22,91110,1518.5617281530322,67308,90979,1519.341459083871,67152,-131,0.7797309308389231,-156,5650,27,85327.69854583491,85316.17009305919,85433,85302,1457.5171449069662,1457.9080620195257,61.044583246065756,61.43339706434527
HFD03_MISSINGNESS,B1,23,85985,1512.594160917774,62290,85806,1514.0467115012477,62085,-179,1.4525505834737942,-205,2700,27,83188.53421779766,83174.25558624667,83258,83079,1464.1702430141527,1466.0057952039028,48.42391790362121,48.040916297344594
HFD03_MISSINGNESS,B1,24,90280,1524.9134130526525,66474,90376,1522.9729018272606,66612,96,-1.9405112253919015,138,4885,29,85392.28813839793,85381.29392116399,85366,85462,1461.5055840036046,1460.039804883916,63.40782904904758,62.93309694334441
HFD03_MISSINGNESS,B1,25,87405,1517.7240100286358,63691,87690,1521.2247622843433,63925,285,3.500752255707539,234,3303,27,84176.44587375742,84163.51321841826,84075,84360,1463.4865874593072,1465.8979635249548,54.23742256932889,55.32679875938826
HFD03_MISSINGNESS,B1,26,88556,1514.9376572643232,64777,88508,1513.8607387036297,64744,-48,-1.076918560693457,-33,3416,26,85187.70217403903,85176.45688543633,85114,85066,1455.2397238336664,1455.0716799127579,59.697933430656626,58.78905879087179
HFD03_MISSINGNESS,B1,27,88002,1525.6748388980313,64158,87930,1525.559386895266,64071,-72,-0.11545200276532341,-87,2843,29,85039.48000196058,85027.88587273155,85130,85058,1463.200605272545,1462.5223000076771,62.47423362548619,63.037086887589005
HFD03_MISSINGNESS,B1,28,84868,1511.915954839191,61171,85142,1513.5166878476055,61409,274,1.6007330084144087,238,3140,20,81873.19336145428,81855.93786440756,81708,81982,1460.735987406163,1462.367903024448,51.17996743302817,51.14878482315729
HFD03_MISSINGNESS,B1,29,86689,1516.8332830781465,62921,86672,1518.7332319576562,62866,-17,1.8999488795097932,-55,3874,23,82710.67151938652,82695.36089969739,82792,82775,1457.7438843763955,1459.2000140784887,59.089398701751364,59.533217879167935
HFD03_MISSINGNESS,B1,30,89817,1511.7710398479578,66031,89782,1512.6929249416135,66011,-35,0.9218850936556464,-20,5042,26,84737.54344741671,84725.68163657542,84749,84714,1457.7385512827911,1457.7088045876255,54.03248856516676,54.984120353987706
HFD03_MISSINGNESS,B1,31,89865,1510.9614644313785,66086,89782,1509.8113932358435,66014,-83,-1.1500711955350198,-72,5696,22,84020.64918024756,84007.48964396416,84147,84064,1457.0843590229338,1456.0928988461483,53.87710540844476,53.718494389695124
HFD03_MISSINGNESS,B1,32,86069,1535.157652003985,62264,86123,1535.8237791945535,62289,54,0.6661271905684316,25,2210,27,83752.95157230436,83738.67043139192,83832,83886,1468.805421222501,1469.9885121632772,66.3522307814844,65.83526703127632
HFD03_MISSINGNESS,B1,33,87512,1519.1486458828172,63796,87342,1516.8123249603188,63657,-170,-2.3363209224983166,-139,4929,24,82485.91734312933,82470.26813206215,82559,82389,1460.8464773386258,1458.7813493973918,58.30216854419121,58.03097556292723
HFD03_MISSINGNESS,B1,34,89662,1513.0375557592158,65908,89937,1512.976917632776,66156,275,-0.060638126439926054,248,4715,26,85173.32051883219,85162.08097768947,84921,85196,1460.6153460297182,1459.5500413217842,52.4222097294979,53.42687631099186
HFD03_MISSINGNESS,B1,35,85869,1523.3283425600928,62100,85767,1523.7313836939436,62007,-102,0.4030411338508202,-93,4227,28,81639.53934101282,81621.74547731764,81614,81512,1459.456181820539,1460.4080631356612,63.87216073955335,63.32332055828211
HFD03_MISSINGNESS,B1,36,85562,1517.155039907136,61785,85511,1512.2538738260564,61821,-51,-4.901166081079509,36,2754,25,82832.57013444533,82817.39554350579,82783,82732,1460.6267181601684,1456.8644665374238,56.52832174696771,55.3894072886325
HFD03_MISSINGNESS,B1,37,85620,1517.408440087422,61831,85495,1515.238260335812,61728,-125,-2.1701797516100214,-103,2525,28,82976.90277433943,82961.97366856023,83067,82942,1462.6318073590369,1461.5565558464118,54.776632728385,53.68170448940008
HFD03_MISSINGNESS,B1,38,87007,1514.5093047985251,63268,86843,1514.6066956527611,63096,-164,0.09739085423598226,-172,3551,26,83394.89355057833,83380.75833407334,83430,83266,1462.6290687278818,1462.7973833021038,51.880236070643704,51.809312350657464
HFD03_MISSINGNESS,B1,39,85917,1511.3390490457882,62261,86013,1512.713134058216,62345,96,1.374085012427713,84,2013,27,83984.03092529862,83970.85389216166,83877,83973,1459.479761364912,1460.834529289795,51.8592876808762,51.87860476842096
HFD03_MISSINGNESS,B1,40,86588,1518.263233250419,62840,86481,1516.8520405736904,62758,-107,-1.4111926767286604,-82,3910,25,82563.15900934084,82547.277843138,82653,82546,1462.0171693141458,1461.2738317355995,56.24606393627325,55.57820883809058
HFD03_MISSINGNESS,B1,41,86287,1533.2553026796934,62458,86376,1533.560516233051,62567,89,0.30521355335758926,109,2456,25,83758.13273966098,83744.7317085769,83806,83895,1465.4393743587505,1467.3360655432255,67.81592832094302,66.22445068982567
HFD03_MISSINGNESS,B1,42,88497,1509.9663622890748,64783,88478,1511.9104349831587,64757,-19,1.944072694083843,-26,5500,27,82961.31273965188,82946.43357808975,82970,82951,1458.017424730986,1458.965063416433,51.94893755808894,52.94537156672586
HFD03_MISSINGNESS,B1,43,90725,1529.7235872442775,66947,90590,1527.2122240885572,66839,-135,-2.511363155720346,-108,6724,26,84018.52341885844,84005.39657481498,83975,83840,1465.4800705966422,1462.432682737968,64.24351664763489,64.77954135058921
HFD03_MISSINGNESS,B1,44,87814,1510.0994331130114,64096,87564,1509.8328320583298,63839,-250,-0.2666010546815869,-257,5041,27,82619.41741791992,82603.98794292938,82746,82496,1457.2751143091537,1457.4784823802256,52.82431880385769,52.354349678104484
HFD03_MISSINGNESS,B1,45,90053,1506.5983483571451,66276,90083,1507.0776654693877,66281,30,0.47931711224259743,5,6693,26,83383.95261829831,83369.96985300563,83334,83364,1459.7790095241533,1459.1289059662427,46.819338832991996,47.948759503145105
HFD03_MISSINGNESS,B1,46,88875,1509.51260122706,65152,88858,1510.3563960173244,65098,-17,0.8437947902643828,-54,4370,24,84307.15409628447,84294.31926762403,84481,84464,1455.6831534081432,1456.2269782951093,53.82944781891689,54.12941772221478
HFD03_MISSINGNESS,B1,47,87304,1515.1722522967943,63537,87292,1514.203086436515,63532,-12,-0.9691658602794178,-5,3085,26,84262.05857644902,84249.57751847962,84193,84181,1465.1953907706406,1462.9377698286546,49.97686152615349,51.26531660786048
HFD03_MISSINGNESS,B1,48,87549,1507.6669995144796,63895,87547,1507.7464309303314,63888,-2,0.07943141585178637,-7,3987,23,83562.42441337193,83548.68903305511,83539,83537,1459.93498145523,1460.7557581794288,47.73201805924981,46.99067275090273
HFD03_MISSINGNESS,B1,49,90162,1511.7697326211867,66420,90217,1512.4724105121009,66459,55,0.702677890914174,39,6417,27,83681.49602487497,83668.01397016775,83718,83773,1458.6028456997092,1459.5837288968112,53.16688692147719,52.888681615289336
HFD03_MISSINGNESS,B1,50,87016,1514.7006093222797,63230,86960,1513.8587620767178,63185,-56,-0.8418472455618939,-45,3471,29,83440.93187905382,83427.06661274018,83516,83460,1458.5489822729294,1457.8029379435939,56.15162704935031,56.055824133124226
HFD03_MISSINGNESS,B1,51,88655,1508.6223510357938,64938,88741,1508.647626121475,64982,86,0.025275085681187193,44,3732,22,84931.08240309893,84919.48004590711,84901,84987,1461.0576768530705,1461.4057788747384,47.56467418272348,47.2418472467366
HFD03_MISSINGNESS,B1,52,86184,1518.0229060590589,62436,86262,1515.2519110450328,62530,78,-2.7709950140260844,94,1828,26,84370.75414778237,84358.24055763334,84330,84408,1460.7346703843245,1458.9121393088842,57.28823567473427,56.33977173614859
HFD03_MISSINGNESS,B1,53,86284,1512.417583829044,62518,86127,1514.2580607177138,62310,-157,1.8404768886698548,-208,4871,24,81365.8592041186,81347.66416996207,81389,81232,1457.993623327816,1459.596274391161,54.42396050122794,54.661786326552985
HFD03_MISSINGNESS,B1,54,89652,1533.3685508988126,65917,89680,1534.4290849152799,65931,28,1.0605340164672725,14,4974,22,84605.5506319518,84593.56773451799,84656,84684,1462.4868272817935,1462.8032656882372,70.88172361701888,71.62581922704263
HFD03_MISSINGNESS,B1,55,88016,1506.278470436369,64232,87811,1507.013718834935,64030,-205,0.7352483985660001,-202,4913,23,82892.7232592024,82877.6329988731,83080,82875,1460.4220482467736,1460.9528530216442,45.85642218959532,46.06086581329086
HFD03_MISSINGNESS,B1,56,88504,1511.833527791812,64706,88617,1509.2278546389834,64811,113,-2.605673152828558,105,4527,23,84016.45621693472,84002.82645311956,83954,84067,1464.4836597877693,1462.606823921407,47.349868004042975,46.62103071757672
HFD03_MISSINGNESS,B1,57,87691,1513.4273982734467,63892,87800,1513.961701571254,64018,109,0.5343032978073552,126,3522,23,84196.48308328177,84183.75672339676,84146,84255,1461.0079716779346,1461.7643628785045,52.41942659551199,52.197338692749625
HFD03_MISSINGNESS,B1,58,85519,1516.2886957244305,61793,85684,1518.340811030676,61936,165,2.0521153062454687,143,2255,25,83325.57819795326,83311.20867578618,83239,83404,1458.1228371291363,1460.5337599189418,58.16585859529452,57.80705111173387
HFD03_MISSINGNESS,B1,59,87911,1522.0280242774925,64142,87833,1523.7794822465419,64023,-78,1.7514579690493974,-119,5272,26,82621.21819418686,82605.71911000065,82613,82535,1461.8621338501305,1462.9057051841612,60.16589042736156,60.87377706238053
HFD03_MISSINGNESS,B1,60,90084,1524.7930025376513,66268,90150,1524.9384717475682,66331,66,0.1454692099168824,63,5888,26,84180.42726969668,84167.734101418,84170,84236,1461.963451734998,1462.2212049488708,62.829550802653124,62.7172667986976
HFD03_MISSINGNESS,B1,61,88733,1509.9313408102387,64977,88951,1509.7577901199622,65183,218,-0.17355069027644277,206,5134,25,83777.45597858136,83764.07593668801,83574,83792,1458.5456363130165,1459.2200868212876,51.38570449722223,50.537703298674195
HFD03_MISSINGNESS,B1,62,86496,1514.6016352440702,62753,86270,1515.1804337236042,62559,-226,0.5787984795340435,-194,3152,26,83059.08161398342,83044.34901232536,83318,83092,1465.2621258233348,1466.3560581904628,49.33950942073583,48.82437553314093
HFD03_MISSINGNESS,B1,63,88209,1517.2043021090724,64459,88017,1514.214254307022,64338,-192,-2.9900478020504124,-121,4907,26,83103.00523617529,83088.31732672142,83276,83084,1462.2315856103057,1459.4784084373837,54.97271649876654,54.7358458696385
HFD03_MISSINGNESS,B1,64,88731,1516.8015006843607,64982,88719,1517.160530492607,64959,-12,0.35902980824630504,-23,4076,25,84647.67709141396,84635.55352433158,84630,84618,1462.3179604511472,1462.3204059069403,54.483540233213176,54.84012458566649
HFD03_MISSINGNESS,B1,65,88241,1519.3305912756693,64472,88111,1519.2805874750109,64315,-130,-0.05000380065848731,-157,3582,26,84506.22315950331,84493.9293148811,84633,84503,1460.1892116550835,1460.9620337675308,59.14137962058602,58.318553707480056
HFD03_MISSINGNESS,B1,66,88024,1529.615907369986,64187,88275,1527.7308649817874,64482,251,-1.885042388198599,295,3438,26,84801.69566691681,84789.79211232175,84560,84811,1466.2474127799346,1464.1447142845916,63.36849459005097,63.58615069719567
HFD03_MISSINGNESS,B1,67,87808,1517.5369790837638,64051,87766,1518.1297704438189,63976,-42,0.5927913600551165,-75,3578,28,84130.93744971415,84118.15421166447,84202,84160,1460.6345314578969,1460.908078871743,56.90244762586685,57.22169157207578
HFD03_MISSINGNESS,B1,68,88060,1513.761692022418,64282,88289,1513.6598033645148,64523,229,-0.10188865790314594,241,4011,28,84126.18340358489,84113.11229297705,84021,84250,1462.7419690246004,1463.291047865398,51.01972299781747,50.368755499116865
HFD03_MISSINGNESS,B1,69,85515,1516.8972099298144,61765,85642,1516.359288900113,61894,127,-0.5379210297014652,129,2170,24,83452.08329981267,83437.49794194262,83321,83448,1463.0707725289662,1462.6102543140917,53.8264374008473,53.74903458602174
HFD03_MISSINGNESS,B1,70,89863,1518.4558245811206,66021,89794,1516.933000833758,65972,-69,-1.522823747362736,-49,4849,25,84811.39629549028,84799.54375164164,84989,84920,1461.1142605456891,1459.5578771178334,57.34156403543179,57.37512371592442
HFD03_MISSINGNESS,B1,71,85886,1513.616893791077,62162,86034,1513.9145148033097,62304,148,0.29762101223263926,142,2464,26,83620.8572739293,83607.34455031595,83396,83544,1462.3030525180172,1462.3110725740914,51.31384127306011,51.60344222921787
HFD03_MISSINGNESS,B1,72,87019,1515.5775175250542,63340,87020,1516.4036810550913,63352,1,0.8261635300370926,12,4375,26,82723.45818309899,82708.0232987216,82618,82619,1461.8141280063255,1462.1569934585805,53.76338951872883,54.24668759651102
HFD03_MISSINGNESS,B1,73,91334,1513.1724840129145,67618,91246,1512.6039871854348,67491,-88,-0.5684968274797484,-127,6534,25,84813.61868008114,84801.80271192064,84775,84687,1462.72412352776,1462.4815352892722,50.44836048515494,50.12245189616241
HFD03_MISSINGNESS,B1,74,85472,1523.7873064648413,61686,85637,1523.1713213576481,61882,165,-0.6159851071931826,196,3517,27,82066.53038021146,82049.83830872855,81928,82093,1462.4894895557125,1462.9436239088918,61.29781690912896,60.227697448756054
HFD03_MISSINGNESS,B1,75,91896,1518.7340607195583,68133,91854,1519.7256853776132,68068,-42,0.9916246580548886,-65,6714,26,85090.86075665316,85079.88682321136,85156,85114,1467.4990273124088,1468.57786324389,51.235033407149515,51.147822133723096
HFD03_MISSINGNESS,B1,76,86144,1516.597232102386,62350,86245,1516.0933902173492,62468,101,-0.5038418850367634,118,3580,25,82607.60498992787,82591.71551883512,82539,82640,1461.2915251575978,1460.3358776019277,55.3057069447883,55.757512615421504
HFD03_MISSINGNESS,B1,77,89108,1512.0303149248914,65339,89069,1513.002724099872,65281,-39,0.9724091749806121,-58,5510,24,83564.4795962839,83550.53864771638,83574,83535,1455.7385128890023,1457.0679824715562,56.29180203588897,55.934741628315415
HFD03_MISSINGNESS,B1,78,86026,1526.2904417880195,62230,85945,1524.6732489429667,62180,-81,-1.6171928450528412,-50,2470,27,83597.4437269909,83583.50529360588,83529,83448,1460.0618283985848,1458.927628785771,66.22861338943443,65.74562015719577
HFD03_MISSINGNESS,B1,79,86602,1512.4053184547388,62883,86701,1515.9552390734932,62930,99,3.5499206187544132,47,3471,27,83042.32370462485,83027.50953213165,83104,83203,1459.7656582112386,1463.6742015048599,52.639660243500586,52.28103756863298
HFD03_MISSINGNESS,B1,80,86166,1518.014795542571,62338,86139,1517.1060998107764,62358,-27,-0.9086957317945235,20,3538,25,82593.37712219433,82577.45207225849,82603,82576,1465.1580547802985,1463.544238538011,52.85674076227281,53.561861272765334
HFD03_MISSINGNESS,B1,81,87776,1523.3356059339399,64043,87762,1523.3217305099784,64033,-14,-0.013875423961508204,-10,3633,26,84056.44131705213,84043.56058116828,84117,84103,1457.17101758689,1456.9088986978234,66.16458834704989,66.41283181215485
HFD03_MISSINGNESS,B1,82,90137,1529.4999326989264,66317,90396,1528.6957755178987,66571,259,-0.8041571810276764,254,5711,28,84544.33102304678,84531.97117177237,84398,84657,1465.286776663391,1462.9623055646503,64.21315603553523,65.73346995324837
HFD03_MISSINGNESS,B1,83,90230,1513.6756104687774,66537,90011,1516.5160149789442,66236,-219,2.8404045101667634,-301,4856,22,85313.15386142349,85302.0866992093,85352,85133,1457.3910136954098,1459.9878031695341,56.28459677336786,56.528211809410315
HFD03_MISSINGNESS,B1,84,85826,1513.4912809291216,62025,85938,1514.8764014036094,62112,112,1.3851204744878487,87,3744,26,82083.90559237862,82066.97157125759,82056,82168,1461.6692818184804,1462.7709791879627,51.821999110640995,52.105422215646875
HFD03_MISSINGNESS,B1,85,88263,1511.016898785453,64516,88352,1513.1063157519236,64575,89,2.089416966470708,59,4210,24,84079.02618539977,84065.65391113418,84029,84118,1459.3962561910878,1461.2186044322455,51.62064259436511,51.88771131967793
HFD03_MISSINGNESS,B1,86,86725,1522.3910810957743,63037,86642,1524.2356248136068,62932,-83,1.8445437178324937,-105,3533,26,83115.96406514617,83101.29665489592,83166,83083,1460.3990959202806,1462.6626581132089,61.99198517549359,61.57296670039855
HFD03_MISSINGNESS,B1,87,89321,1512.9347229358339,65667,89462,1514.8451713308316,65759,141,1.9104483949977293,92,5043,25,84456.44790343202,84444.13881893539,84253,84394,1457.74435509939,1459.5414675069958,55.190367836443876,55.30370382383595
HFD03_MISSINGNESS,B1,88,87899,1513.7058929110324,64130,87855,1513.0353085898812,64078,-44,-0.6705843211511819,-52,2854,27,85091.48665004106,85080.25125574172,85018,84974,1461.9202700172918,1460.7477367847582,51.785622893741035,52.28757180512339
HFD03_MISSINGNESS,B1,89,87516,1521.11996773751,63706,87507,1519.2457592438031,63715,-9,-1.874208493706874,9,4796,25,82654.73282294125,82639.38763595153,82695,82686,1462.3001573380275,1459.898514380734,58.819810399482584,59.347244863068745
HFD03_MISSINGNESS,B1,90,87028,1518.3361116356928,63217,86997,1521.3412192992894,63147,-31,3.0051076635966183,-70,2840,27,84100.06211304024,84086.69978097378,84161,84130,1459.1815177622507,1461.5096026872027,59.154593873442174,59.83161661208677
HFD03_MISSINGNESS,B1,91,87672,1520.8387797247813,63841,87402,1521.0237554749397,63567,-270,0.18497575015840084,-274,3266,26,84098.07868455687,84085.09667723639,84380,84110,1463.6156661273562,1464.4183361317353,57.22311359742529,56.60541934320459
HFD03_MISSINGNESS,B1,92,87448,1510.8180031717295,63622,87509,1510.8761309613851,63689,61,0.05812778965560028,67,3691,25,83602.61753241775,83588.69398581785,83732,83793,1458.9641591134266,1459.354872897958,51.85384405830293,51.52125806342737
HFD03_MISSINGNESS,B1,93,88829,1507.8215397315087,65058,88957,1508.0541371757479,65167,128,0.23259744423921802,109,3770,27,85080.66902663583,85069.23125736995,85032,85160,1459.4733328750879,1460.4337446658149,48.34820685642055,47.620392509932806
HFD03_MISSINGNESS,B1,94,87035,1516.5630860285405,63180,87265,1516.590586988756,63411,230,0.02750096021554782,231,3024,26,84087.40445167608,84074.3753377607,83985,84215,1460.2281206449973,1460.6447217634588,56.334965383542944,55.94586522529717
HFD03_MISSINGNESS,B1,95,89397,1509.7556861801488,65691,89431,1507.4640991764086,65745,34,-2.291587003740233,54,5667,23,83702.46052747723,83688.64087403489,83707,83741,1456.2047143301045,1453.0953684865444,53.55097185004392,54.36873068986407
HFD03_MISSINGNESS,B1,96,85783,1510.2443486660686,62014,85917,1508.5583685323172,62191,134,-1.6859801337514,177,2920,24,82881.12428964977,82865.99262112747,82839,82973,1461.7511774306743,1460.3979309248482,48.493171235394804,48.1604376074691
HFD03_MISSINGNESS,B1,97,91289,1514.5469537024603,67533,91297,1516.6825287926795,67498,8,2.135575090219163,-35,7988,23,83288.95643196824,83274.26101848616,83278,83286,1457.0525712862257,1457.5938752097518,57.49438241623439,59.08865358292776
HFD03_MISSINGNESS,B1,98,87730,1514.3348262333227,63938,87563,1512.825697473689,63791,-167,-1.509128759633768,-147,3394,27,84366.23337366231,84353.71481074495,84309,84142,1460.150052790933,1457.9594768555398,54.184773442390096,54.8662206181491
HFD03_MISSINGNESS,B1,99,85513,1518.5763634655257,61704,85263,1516.6250026503271,61468,-250,-1.9513608151985409,-236,3423,26,82165.28237470375,82148.92168152714,82064,81814,1459.511920677492,1457.780956750404,59.064442788033624,58.844045899923074
HFD03_MISSINGNESS,B1,100,85905,1509.571025422269,62154,85918,1510.8019422465607,62208,13,1.2309168242916257,54,3324,27,82540.15842599316,82524.20012722249,82554,82567,1460.7132460284342,1462.6067403696193,48.85777939383511,48.19520187694168
HFD03_MISSINGNESS,B1,101,88314,1522.0218050313892,64577,88394,1523.5569608140754,64580,80,1.5351557826861608,3,4161,25,84176.79004449902,84163.9660541003,84128,84208,1464.9349791451511,1466.2112576173613,57.08682588623803,57.345703196714226
HFD03_MISSINGNESS,B1,102,89090,1520.0504933538762,65400,89196,1522.2761651736175,65448,106,2.2256718197413647,48,5206,26,83912.67238875602,83899.45486219467,83858,83964,1465.3316979914487,1467.7350766108423,54.71879536242774,54.54108856277525
HFD03_MISSINGNESS,B1,103,88081,1506.0456414324312,64295,88034,1505.103550433768,64269,-47,-0.9420909986631614,-26,4210,26,83862.12899081131,83848.49841027144,83845,83798,1458.5703431341208,1457.8116236374394,47.47529829831049,47.29192679632852
HFD03_MISSINGNESS,B1,104,85992,1518.480434914794,62276,86112,1519.273483759074,62407,120,0.7930488442800652,131,3550,26,82450.74068343056,82434.86907185744,82416,82536,1466.1750263910121,1467.2223257630255,52.30540852378186,52.05115799604866
HFD03_MISSINGNESS,B1,105,87603,1515.6601173567753,63780,87519,1515.295351911397,63736,-84,-0.36476544537845257,-44,3708,26,83862.66936406725,83849.22919889468,83869,83785,1463.128917572257,1462.6947698574056,52.531199784518265,52.60058205399083
HFD03_MISSINGNESS,B1,106,87581,1522.562261894559,63822,87738,1525.1046482166203,63941,157,2.5423863220612475,119,2431,24,85324.30630580847,85312.98830856284,85126,85283,1460.5256188687458,1462.441603335482,62.03664302581314,62.6630448811383
HFD03_MISSINGNESS,B1,107,87668,1526.537278005609,63806,87601,1524.635827418863,63741,-67,-1.901450586746023,-65,3736,28,83897.80790412458,83884.1656284639,83904,83837,1463.5654541249787,1461.2210240646577,62.9718238806301,63.414803354205176
HFD03_MISSINGNESS,B1,108,88323,1506.95954720103,64515,88266,1506.1048040348887,64483,-57,-0.8547431661413611,-32,3485,26,84684.41486795442,84672.27331736755,84812,84755,1457.327073895402,1457.1043733768706,49.632473305627755,49.00043065801796
HFD03_MISSINGNESS,B1,109,90281,1517.1046074847604,66523,90487,1517.0701764551154,66751,206,-0.03443102964502032,228,6351,23,84052.90799525035,84039.95001487013,83907,84113,1465.779793271814,1465.8568250455037,51.32481421294678,51.21335140961203
HFD03_MISSINGNESS,B1,110,89094,1513.4739222203157,65295,89159,1514.0837881317307,65372,65,0.6098659114149996,77,4363,23,84895.30259367333,84883.38755712943,84708,84773,1461.9944119727404,1462.799514066762,51.47951024757504,51.284274064968564
HFD03_MISSINGNESS,B1,111,87791,1505.7154574742265,64040,87836,1508.5540854205435,64033,45,2.8386279463170467,-7,4240,25,83563.01222994804,83549.13684660569,83526,83571,1456.986558978566,1458.4472598683772,48.72889849566035,50.10682555216665
HFD03_MISSINGNESS,B1,112,86330,1519.515700548908,62581,86321,1518.613456335935,62572,-9,-0.9022442129728461,-9,3279,27,83015.08111000848,83000.22165613536,83024,83015,1459.612705403763,1459.2694787369444,59.902995145145425,59.343977598990584
HFD03_MISSINGNESS,B1,113,89666,1525.3978502249183,65971,89442,1524.4527191145548,65738,-224,-0.9451311103634907,-233,4344,25,85172.5458974329,85161.36005841661,85297,85073,1461.1718963886415,1460.4556974749996,64.22595383627726,63.997021639555285
HFD03_MISSINGNESS,B1,114,89254,1511.5450008682658,65485,89099,1509.5072115483867,65397,-155,-2.037789319879039,-88,6283,26,82893.20977679155,82878.1209367493,82945,82790,1459.16948059358,1457.1658571895314,52.37552027468578,52.34135435885515
HFD03_MISSINGNESS,B1,115,87780,1528.2936441090185,64059,87664,1530.8999422452437,63913,-116,2.6062981362251776,-146,3496,25,84271.61220697008,84259.07466202347,84259,84143,1462.1998959742284,1464.951152838972,66.09374813479049,65.9487894062721
HFD03_MISSINGNESS,B1,116,86959,1514.5119852083606,63117,86860,1515.0912235166709,63009,-99,0.5792383083103232,-108,3415,25,83444.43198702743,83430.21595943712,83519,83420,1466.9176847117208,1466.8557587294456,47.59430049663947,48.2354647872255
HFD03_MISSINGNESS,B1,117,85859,1514.394581107742,62167,85873,1513.6819352110956,62222,14,-0.712645896646336,55,2941,26,82945.10989266325,82930.21133183845,82892,82906,1458.0783813830167,1457.1142955969055,56.31619972472515,56.56763961419002
HFD03_MISSINGNESS,B1,118,94663,1518.9694092706443,70958,94706,1518.1697579032293,70977,43,-0.799651367414981,19,10049,25,84568.71456258648,84556.75168545239,84589,84632,1462.4256133086444,1460.383083781125,56.54379596199957,57.786674122104245
HFD03_MISSINGNESS,B1,119,87681,1524.928870556718,63995,87573,1528.726823998439,63856,-108,3.7979534417208924,-139,3764,26,83886.53218855118,83873.22402637212,83891,83783,1458.5486486111133,1462.4977751540466,66.38022194560456,66.22904884439241
HFD03_MISSINGNESS,B1,120,87899,1523.4926094288678,64121,87999,1522.6022542562496,64210,100,-0.8903551726182286,89,4091,29,83892.99580884253,83879.65788397289,83779,83879,1461.8444451823354,1460.3931778904011,61.64816424653256,62.20907636584843
HFD03_MISSINGNESS,B1,121,88462,1516.6084663486263,64724,88621,1518.6528637142899,64841,159,2.044397365663599,117,3876,21,84622.4677365858,84610.38218592775,84565,84724,1465.1993926536238,1467.2698411076958,51.409073695002185,51.38302260659432
HFD03_MISSINGNESS,B1,122,84460,1518.6627928786206,60668,84442,1518.0638244424335,60650,-18,-0.5989684361870786,-18,1652,21,82749.4457605719,82734.28193740033,82787,82769,1460.2386160103674,1459.3019001897237,58.42417686825334,58.761924252710095
HFD03_MISSINGNESS,B1,123,88116,1517.7630321988183,64341,88403,1518.9461065018118,64629,287,1.1830743029934183,288,3006,28,85234.82648510851,85223.76751035659,85082,85369,1462.0257192474976,1462.894860676486,55.73731295132081,56.051245825325616
HFD03_MISSINGNESS,B1,124,91197,1549.3303055678894,67400,91154,1547.7510760817322,67359,-43,-1.5792294861571463,-41,7333,24,83746.95246217873,83733.53795002046,83840,83797,1461.7393327013767,1461.9367627052463,87.59097286651281,85.81431337648584
HFD03_MISSINGNESS,B1,125,87984,1518.636606222641,64232,88055,1521.2253181824397,64245,71,2.5887119597987294,13,3216,22,84692.20465225044,84680.41714931336,84746,84817,1459.333306682532,1462.3792537419322,59.30329954010906,58.84606444050685
HFD03_MISSINGNESS,B1,126,84623,1517.2069806563868,60808,84491,1518.445783665339,60670,-132,1.238803008952118,-138,2930,26,81613.49754730218,81596.10809787398,81667,81535,1457.0982168355117,1459.3981429777386,60.108763820875296,59.04764068760022
HFD03_MISSINGNESS,B1,127,86831,1513.0929759559815,63067,86695,1513.1023178741038,62935,-136,0.009341918122345305,-132,3072,24,83766.27716260303,83752.46006451824,83735,83599,1461.6810785257137,1462.2691541976162,51.411897430267906,50.83316367648752
HFD03_MISSINGNESS,B2,0,86862,1513.0972617848108,63068,86777,1514.5252821721483,62947,-85,1.428020387337483,-121,1686,28,85197.9452682226,85186.59176419453,85148,85063,1461.6522442155454,1463.3547912292554,51.445017569265296,51.170490942892854
HFD03_MISSINGNESS,B2,1,92019,1515.9963336435546,68262,91980,1514.7014579766028,68248,-39,-1.2948756669518389,-14,3833,26,88155.26389949831,88148.32480964357,88160,88121,1464.7881939318995,1463.8241711561961,51.20813971165515,50.87728682040632
HFD03_MISSINGNESS,B2,2,92522,1521.578538119432,68712,92645,1521.939175813885,68808,123,0.360637694452862,96,7273,25,85255.70329411517,85244.90589222166,85224,85347,1464.4686695865041,1464.6308147326386,57.10986853292781,57.30836108124618
HFD03_MISSINGNESS,B2,3,87273,1534.5241306350563,63545,87248,1533.724684720921,63518,-25,-0.7994459141352763,-27,3367,27,84023.9205343241,84010.96807812592,83879,83854,1464.8239766798067,1466.1646186321302,69.70015395524945,67.56006608879073
HFD03_MISSINGNESS,B2,4,87634,1524.1327818044656,63848,87659,1525.1529770471225,63858,25,1.0201952426568823,10,2928,27,84839.93671767645,84828.07630487217,84679,84704,1462.104033045579,1463.5476346524613,62.028748758886906,61.6053423946613
HFD03_MISSINGNESS,B2,5,96337,1515.2830997610035,72516,96431,1518.9578784733917,72551,94,3.674778712388161,35,11531,23,84818.32126652703,84806.49699747455,84783,84877,1459.9593973467865,1463.089850693444,55.323702414217024,55.86802777994784
HFD03_MISSINGNESS,B2,6,90095,1521.8613799307443,66251,90232,1524.629905029492,66399,137,2.7685250987476593,148,2709,25,87334.60717292206,87326.63513055634,87361,87498,1458.5583153746572,1460.6563512490623,63.303064556087364,63.97355378042947
HFD03_MISSINGNESS,B2,7,86938,1513.6098924106138,63198,86784,1511.7781647758425,63076,-154,-1.8317276347713687,-122,2940,27,83809.95488087578,83796.7324596339,83971,83817,1460.80749432458,1459.0270040066343,52.80239808603364,52.7511607692082
HFD03_MISSINGNESS,B2,8,88376,1505.7286360946352,64660,88517,1505.264712903015,64748,141,-0.46392319162032436,88,3300,28,85072.348248649,85060.91705585519,85048,85189,1458.6562695044934,1458.0895873883824,47.07236659014154,47.175125514632484
HFD03_MISSINGNESS,B2,9,92564,1522.6883461013397,68831,92523,1522.8464088613414,68783,-41,0.15806276000171238,-48,6081,26,86522.62467593183,86513.65444373917,86457,86416,1463.1956305130393,1463.6651490189927,59.49271558830018,59.18125984234855
HFD03_MISSINGNESS,B2,10,86264,1515.0500668680293,62508,86452,1514.861246689822,62697,188,-0.1888201782071519,189,3400,24,82968.2454368924,82953.40307026198,82840,83028,1460.4448895611008,1460.364135903843,54.6051773069283,54.49711078597918
HFD03_MISSINGNESS,B2,11,89059,1514.0316818146791,65180,89349,1515.184861447977,65490,290,1.1531796332978956,310,3237,25,85995.04720157897,85985.22991565132,85797,86087,1463.0966435880418,1464.4475205990375,50.93503822663711,50.73734084893957
HFD03_MISSINGNESS,B2,12,91253,1527.9457261783418,67472,91244,1528.3016521838156,67469,-9,0.35592600547374786,-3,7392,27,83760.11664551796,83746.28664766533,83834,83825,1458.0871907767034,1458.4478395218325,69.85853540163816,69.853812661983
HFD03_MISSINGNESS,B2,13,89822,1525.9207248199407,65959,89712,1526.0513744544894,65832,-110,0.13064963454871759,-127,4178,26,85514.09256756386,85503.08357334619,85618,85508,1464.4599445055699,1464.7671834128773,61.46078031437067,61.28419104161207
HFD03_MISSINGNESS,B2,14,80909,1514.3681528233199,57231,81057,1510.540538850246,57444,148,-3.827613973073767,213,3485,26,77388.7889749336,77361.98066642415,77398,77546,1465.263511288107,1461.674143317496,49.104641535212735,48.86639553275016
HFD03_MISSINGNESS,B2,15,90059,1509.9296935445725,66253,90150,1510.9788119695727,66351,91,1.049118425000188,98,3277,24,86899.19673362176,86890.4462274216,86758,86849,1457.0680804082324,1458.6493358210175,52.861613136340004,52.329476148555116
HFD03_MISSINGNESS,B2,16,88120,1518.5785906122255,64361,87898,1521.9960604951182,64078,-222,3.4174698828926466,-283,3705,25,84200.52149071942,84187.60158701634,84390,84168,1454.8045078134355,1458.3891983470248,63.77408279879013,63.606862148093796
HFD03_MISSINGNESS,B2,17,96922,1520.2587029466433,73140,97061,1517.9898278377004,73295,139,-2.2688751089428933,155,8637,24,88376.96465994076,88369.78064026136,88261,88400,1461.1589747807868,1459.2583973873814,59.099728165856675,58.73143045031867
HFD03_MISSINGNESS,B2,18,91837,1513.1654264430383,68075,91934,1515.5926728300324,68149,97,2.4272463869940566,74,4485,23,87358.50494985393,87350.20095180876,87329,87426,1459.1916620789314,1461.1760603048044,53.97376436410693,54.41661252522819
HFD03_MISSINGNESS,B2,19,85846,1512.286831578929,62121,85867,1515.0755921724542,62125,21,2.7887605935252395,4,2910,24,82754.31828349107,82738.80037283884,82912,82933,1459.5357115393542,1461.637142309203,52.751120039574644,53.43844986325087
HFD03_MISSINGNESS,B2,20,88870,1518.7699051329578,65070,88888,1518.7958176301959,65093,18,0.025912497238095966,23,5057,25,83749.60288278112,83735.94356007068,83788,83806,1457.0891396849497,1457.8826553192823,61.68076544800837,60.9131623109134
HFD03_MISSINGNESS,B2,21,87982,1520.2484057402867,64156,87993,1520.0943733812,64174,11,-0.15403235908661372,18,4761,26,83212.35711634753,83197.20270077413,83195,83206,1461.9479479347494,1460.9643556102324,58.30045780553741,59.130017770967456
HFD03_MISSINGNESS,B2,22,91888,1539.3551405815535,68066,92050,1540.7866339858242,68215,162,1.4314934042706682,149,4304,25,87693.98254983255,87685.17610168438,87559,87721,1457.5171449069662,1457.323067961352,81.83799567458722,83.4635660244721
HFD03_MISSINGNESS,B2,23,87305,1513.6505483908686,63587,87344,1513.5345135369917,63640,39,-0.116034853876954,53,2700,28,84508.66744909041,84496.6499004694,84577,84616,1464.1702430141527,1463.52472441124,49.48030537671599,50.009789125751965
HFD03_MISSINGNESS,B2,24,92028,1526.3916573987544,68212,92058,1527.0391671255877,68221,30,0.6475097268332775,9,4885,29,87082.99957984399,87074.34330606338,87114,87144,1461.5055840036046,1462.505393221918,64.8860733951499,64.53377390366988
HFD03_MISSINGNESS,B2,25,89766,1529.192668859688,66032,89962,1527.5827109823967,66285,196,-1.6099578772912082,253,4947,27,84845.02050862236,84833.09464303135,84792,84988,1463.4865874593072,1461.540616661153,65.70608140038101,66.04209432124367
HFD03_MISSINGNESS,B2,26,92967,1509.8530273271867,69170,93094,1506.8250795308427,69341,127,-3.0279477963440513,171,6945,29,86086.47290469796,86076.54760059633,85993,86120,1455.2397238336664,1453.133535327052,54.6133034935201,53.69154420379092
HFD03_MISSINGNESS,B2,27,86034,1517.5693891860578,62194,86210,1516.9673357758193,62386,176,-0.6020534102385682,192,3370,29,82704.59468555287,82688.64008290296,82635,82811,1463.200605272545,1462.3039453691438,54.36878391351281,54.66339040667553
HFD03_MISSINGNESS,B2,28,89236,1518.5471781090441,65483,89206,1516.546056828527,65455,-30,-2.0011212805170544,-28,2940,26,86262.40716743728,86252.75206211561,86270,86240,1460.735987406163,1458.8435973761611,57.81119070288112,57.702459452365936
HFD03_MISSINGNESS,B2,29,80655,1510.444029089515,56956,80670,1513.415259279446,56915,15,2.9712301899310205,-41,3874,23,76724.24305975364,76695.02760954309,76758,76773,1457.7438843763955,1458.5058108568198,52.700144713119684,54.90944842262604
HFD03_MISSINGNESS,B2,30,89340,1511.5371628124901,65524,89299,1511.8042074050568,65513,-41,0.2670445925666627,-11,2517,27,86856.98587197151,86848.29193327104,86796,86755,1457.7385512827911,1458.4262015997297,53.79861152969928,53.37800580532717
HFD03_MISSINGNESS,B2,31,90689,1508.9259310683622,66904,90716,1510.0484660467755,66918,27,1.1225349784133414,14,3994,28,86739.00561750973,86729.81281615711,86667,86694,1457.0843590229338,1458.8289113696576,51.841572045428315,51.21955467711777
HFD03_MISSINGNESS,B2,32,86262,1528.5590287528819,62473,86103,1527.5947379827583,62311,-159,-0.9642907701236254,-162,2763,25,83351.21527712261,83336.15734250064,83474,83315,1468.805421222501,1468.053639172491,59.75360753038083,59.54109881026694
HFD03_MISSINGNESS,B2,33,87423,1519.0606497247284,63705,87505,1519.077207892898,63781,82,0.01655816816969491,76,4929,25,82396.27813547896,82380.4093715714,82469,82551,1460.8464773386258,1460.8758187887802,58.21417238610248,58.201389104117965
HFD03_MISSINGNESS,B2,34,92265,1525.5280864611223,68475,92355,1523.6370075564705,68571,90,-1.8910789046517493,96,3717,27,88674.95594270933,88668.11584470037,88521,88611,1460.6153460297182,1458.1654281322394,64.91274043140398,65.47157942423122
HFD03_MISSINGNESS,B2,35,91131,1514.510341968824,67326,91380,1515.3557771892251,67560,249,0.8454352204012139,234,5258,29,85938.69096199465,85928.48069164681,85844,86093,1459.456181820539,1460.48897573057,55.0541601482842,54.86680145865545
HFD03_MISSINGNESS,B2,36,87634,1519.0146177540958,63834,87735,1519.1175580190684,63943,101,0.10294026497263076,109,2754,25,84797.46518299473,84785.62445041223,84855,84956,1460.6267181601684,1461.9106005092312,58.38789959392762,57.20695750983727
HFD03_MISSINGNESS,B2,37,82966,1514.7886458319285,59204,82898,1513.8893897404248,59155,-68,-0.8992560915037302,-49,2525,28,80349.72927892889,80329.31978898244,80413,80345,1462.6318073590369,1462.0351821054014,52.15683847289152,51.85420763502371
HFD03_MISSINGNESS,B2,38,89251,1541.4945808601967,65496,89226,1542.1490981089294,65459,-25,0.6545172487326454,-37,5055,27,84230.67042200125,84217.93724349332,84169,84144,1462.6290687278818,1462.725059389073,78.86551213231523,79.42403871985671
HFD03_MISSINGNESS,B2,39,92528,1509.1302194601597,68803,92713,1510.9490003354435,68944,185,1.8187808752838919,141,4376,27,88323.89408162568,88316.89148308939,88125,88310,1459.479761364912,1461.6377770089746,49.65045809524758,49.31122332646901
HFD03_MISSINGNESS,B2,40,83630,1510.2501886807606,59902,83570,1507.880508091468,59879,-60,-2.3696805892925568,-23,3128,27,80374.46462083947,80353.9222114811,80475,80415,1462.0171693141458,1459.6104092093376,48.233019366614975,48.27009888213057
HFD03_MISSINGNESS,B2,41,88658,1545.428421629157,64821,88586,1544.6888686033767,64757,-72,-0.7395530257801965,-64,2311,24,86313.10330012554,86303.73712982553,86323,86251,1465.4393743587505,1465.331670755488,79.9890472704068,79.35719784788874
HFD03_MISSINGNESS,B2,42,88291,1511.6013366225948,64557,87983,1511.2436402163833,64293,-308,-0.35769640621151666,-264,3714,24,84453.21461368444,84440.89961630294,84553,84245,1458.017424730986,1458.4248279516942,53.58391189160913,52.81881226468873
HFD03_MISSINGNESS,B2,43,90080,1528.3500691848728,66299,90220,1529.5482180016722,66398,140,1.198148816799403,99,5430,24,84642.72238071066,84630.56970143154,84626,84766,1465.4800705966422,1464.8087419982585,62.869998588230644,64.73947600341367
HFD03_MISSINGNESS,B2,44,89341,1511.1580839484268,65604,89302,1509.9997345136628,65569,-39,-1.1583494347639771,-35,5041,27,84148.00106397142,84135.26719936589,84273,84234,1457.2751143091537,1456.6288932240182,53.88296963927321,53.37084128964454
HFD03_MISSINGNESS,B2,45,82436,1504.3852881757177,58701,82734,1503.7055489748116,59000,298,-0.6797392009061696,299,4473,26,78174.86546562455,78149.65822874516,77937,78235,1459.7790095241533,1458.6885302062512,44.60627865156432,45.01701876856064
HFD03_MISSINGNESS,B2,46,87307,1512.5532723954686,63569,87536,1510.3191933983826,63816,229,-2.234078997086044,247,3015,29,84417.74733912776,84405.00177940728,84263,84492,1455.6831534081432,1453.3286549977358,56.87011898732546,56.99053840064658
HFD03_MISSINGNESS,B2,47,95875,1519.145107516243,72053,95786,1518.2879431546553,71970,-89,-0.8571643615875928,-83,7703,26,87964.90595184057,87957.72122247683,88146,88057,1465.1953907706406,1463.9599149018425,53.94971674560217,54.32802825281266
HFD03_MISSINGNESS,B2,48,88343,1518.998327644771,64664,88240,1517.5057327005745,64556,-103,-1.4925949441965258,-108,3446,22,84812.78830738015,84801.11399593762,84875,84772,1459.93498145523,1458.4808378391988,59.06334618954117,59.024894861375564
HFD03_MISSINGNESS,B2,49,92537,1513.5419815944263,68775,92473,1513.418320399175,68729,-64,-0.1236611952513158,-46,6417,27,86072.58363007185,86062.89292195771,86093,86029,1458.6028456997092,1458.9203906737393,54.93913589471669,54.497929725435924
HFD03_MISSINGNESS,B2,50,89633,1518.3103184534853,65807,89605,1516.0465767546546,65816,-28,-2.2637416988306995,9,3471,29,86262.28688550557,86252.8895079055,86133,86105,1458.5489822729294,1457.168105499887,59.76133618055608,58.878471254767675
HFD03_MISSINGNESS,B2,51,86018,1506.6370542769616,62339,86134,1507.2274843021194,62442,116,0.5904300251577297,103,3732,22,82269.87998933672,82253.58362349634,82264,82380,1461.0576768530705,1462.0569283825928,45.5793774238911,45.17055591952664
HFD03_MISSINGNESS,B2,52,86706,1518.497701801591,62953,86749,1515.466808088894,62998,43,-3.0308937126969795,45,1828,25,84888.22948983486,84876.51758860469,84853,84896,1460.7346703843245,1458.1989348378804,57.76303141726626,57.26787325101376
HFD03_MISSINGNESS,B2,53,87381,1513.0940673519603,63606,87261,1514.3708704306014,63480,-120,1.2768030786410236,-126,4871,23,82491.35969842842,82475.33076989368,82487,82367,1457.993623327816,1459.6492117449857,55.1004440241445,54.72165868561568
HFD03_MISSINGNESS,B2,54,93611,1520.334321492452,69829,93763,1520.7466590070333,70004,152,0.41233751458116785,175,5110,25,88475.10982816423,88468.13740613243,88476,88628,1462.4868272817935,1463.0803166492524,57.84749421065903,57.66634235778122
HFD03_MISSINGNESS,B2,55,89918,1513.0598182997815,66091,89982,1514.4027754467252,66163,64,1.3429571469437178,72,2712,25,87242.08873074998,87233.86642863692,87181,87245,1460.4220482467736,1461.672037096101,52.637770053008104,52.730738350624286
HFD03_MISSINGNESS,B2,56,90688,1513.2407919341078,66868,90804,1513.3219988558672,66947,116,0.08120692175930344,79,4527,23,86165.94572946512,86155.55621409857,86138,86254,1464.4836597877693,1464.6937077982764,48.75713214633843,48.62829105759081
HFD03_MISSINGNESS,B2,57,93522,1514.04994207029,69689,93459,1511.3436034118552,69674,-63,-2.706338658434788,-15,3447,22,89980.12173772401,89974.6336497013,90053,89990,1461.0079716779346,1458.3635137656374,53.04197039235529,52.98008964621803
HFD03_MISSINGNESS,B2,58,86499,1517.264840852174,62759,86607,1520.496601899769,62804,108,3.2317610475950005,45,2255,24,84249.09568274394,84236.18418840793,84220,84328,1458.1228371291363,1461.3266329079618,59.142003723037966,59.16996899180732
HFD03_MISSINGNESS,B2,59,90572,1529.1782397703894,66764,90545,1530.9214236359887,66723,-27,1.7431838655993488,-41,3711,24,86796.9858550193,86788.15368174294,86837,86810,1461.8621338501305,1462.794532228297,67.316105920259,68.12689140769145
HFD03_MISSINGNESS,B2,60,87470,1520.615888504944,63712,87432,1520.0988290176317,63663,-38,-0.5170594873122809,-49,5888,25,81600.55054794799,81582.86870882178,81557,81519,1461.963451734998,1461.0574379480342,58.652436769946114,59.041391069597516
HFD03_MISSINGNESS,B2,61,86165,1531.3760911279282,62444,86181,1531.936893632671,62446,16,0.5608025047426963,2,4013,24,82305.23480438805,82288.99842113457,82128,82144,1458.5456363130165,1459.135356371992,72.8304548149118,72.80153726067915
HFD03_MISSINGNESS,B2,62,86808,1518.9250512044475,63046,86702,1518.8751522276443,62985,-106,-0.049898976803206097,-61,2711,30,83900.10566228729,83886.76395867347,84067,83961,1465.2621258233348,1465.479059074774,53.66292538111279,53.396093152870414
HFD03_MISSINGNESS,B2,63,88134,1513.558900406197,64384,88016,1511.6115532771798,64330,-118,-1.9473471290170892,-54,4372,26,83730.36697757401,83716.65195483851,83736,83618,1462.2315856103057,1461.1643680489947,51.327314795891034,50.447185228185184
HFD03_MISSINGNESS,B2,64,88277,1516.0741247487626,64548,88424,1517.412680485247,64662,147,1.3385557364842953,114,4325,26,84126.15285177634,84113.07275890376,83926,84073,1462.3179604511472,1461.90618842326,53.75616429761562,55.50649206198717
HFD03_MISSINGNESS,B2,65,88220,1519.70226283604,64444,87985,1520.1839467085872,64149,-235,0.48168387254713707,-295,2538,27,85514.56725615766,85503.79496627832,85655,85420,1460.1892116550835,1460.9752688177523,59.513051180956204,59.20867789083468
HFD03_MISSINGNESS,B2,66,91240,1526.7675034210104,67394,90956,1524.0493160512333,67160,-284,-2.7181873697770698,-234,4250,25,86899.91297583246,86890.89809330583,86965,86681,1466.2474127799346,1463.9048050764245,60.520090641075114,60.144510974808675
HFD03_MISSINGNESS,B2,67,89763,1524.1232413126681,65996,89480,1525.8283449525475,65679,-283,1.7051036398793258,-317,4033,23,85529.41103505425,85518.74098386028,85707,85424,1460.6345314578969,1462.3950860523435,63.488709854771166,63.433258900203974
HFD03_MISSINGNESS,B2,68,90209,1515.4757861306523,66401,90304,1517.725221055756,66472,95,2.249434925103742,71,4011,28,86253.59888004743,86243.64304467382,86170,86265,1462.7419690246004,1464.7079128533303,52.73381710605171,53.0173082024263
HFD03_MISSINGNESS,B2,69,86394,1515.3429804768534,62713,86511,1513.7471535516797,62838,117,-1.5958269251736965,125,5974,26,80562.22608054514,80541.7886734541,80394,80511,1463.0707725289662,1461.306456736801,52.27220794788667,52.440696814878905
HFD03_MISSINGNESS,B2,70,89176,1516.628681402951,65342,89102,1515.1198569724957,65281,-74,-1.5088244304554337,-61,3725,25,85414.58894293522,85403.46450855186,85426,85352,1461.1142605456891,1460.6598700704633,55.514420857262195,54.459986902032234
HFD03_MISSINGNESS,B2,71,88644,1515.426195515364,64891,88689,1513.0812586363986,65010,45,-2.3449368789654272,119,2464,26,86311.24977554003,86301.92633656522,86154,86199,1462.3030525180172,1460.661421358787,53.123142997347024,52.419837277611386
HFD03_MISSINGNESS,B2,72,85946,1513.6386841123538,62314,86000,1515.9183124833994,62312,54,2.2796283710456464,-2,4375,26,81638.93117041497,81621.1894891865,81545,81599,1461.8141280063255,1462.920352038304,51.82455610602829,52.99796044509529
HFD03_MISSINGNESS,B2,73,92735,1514.1470799506692,69004,92776,1513.8755700041258,69016,41,-0.2715099465433468,12,6534,25,86192.05851442415,86182.27118790257,86176,86217,1462.72412352776,1463.024775730801,51.4229564229096,50.85079427332508
HFD03_MISSINGNESS,B2,74,87665,1526.116892741709,63860,87876,1526.9980899685736,64080,211,0.881197226864515,220,3517,27,84156.42463610391,84143.62260567775,84121,84332,1462.4894895557125,1463.7702149323834,63.627403185996435,63.22787503619001
HFD03_MISSINGNESS,B2,75,93548,1520.0701018375803,69757,93408,1520.9764790821134,69565,-140,0.9063772445331324,-192,6714,28,86764.82592986115,86756.25762879122,86806,86666,1467.4990273124088,1467.2808568249775,52.57107452517156,53.69562225713621
HFD03_MISSINGNESS,B2,76,86456,1516.7652604918464,62659,86619,1518.2039656110187,62808,163,1.4387051191722549,149,3580,25,82917.58462531233,82902.19471575375,82851,83014,1461.2915251575978,1462.2236198035114,55.473735334248765,55.980345807507014
HFD03_MISSINGNESS,B2,77,87846,1516.717249034312,64072,88015,1516.1839949630223,64230,169,-0.5332540712897753,158,2048,27,85840.56086470453,85830.08779365264,85771,85940,1455.7385128890023,1455.6948075262358,60.97873614530983,60.489187436786665
HFD03_MISSINGNESS,B2,78,84950,1525.128760340536,61162,85041,1525.4685277950928,61264,91,0.3397674545567497,102,2470,27,82484.45055830856,82468.26665080793,82453,82544,1460.0618283985848,1460.3405605212001,65.06693194195124,65.1279672738925
HFD03_MISSINGNESS,B2,79,87572,1523.0216899352704,63834,87659,1524.040501438939,63904,87,1.0188115036685303,70,2624,26,84989.8102031602,84978.27679107977,84922,85009,1459.7656582112386,1460.6153623559305,63.25603172403202,63.42513908300792
HFD03_MISSINGNESS,B2,80,88291,1533.8353381267882,64447,88229,1531.7099756184605,64442,-62,-2.1253625083277257,-5,3756,25,84489.28731275431,84476.78010038349,84510,84448,1465.1580547802985,1462.5747669616749,68.67728334649016,69.13520865678574
HFD03_MISSINGNESS,B2,81,86027,1505.2708437729273,62295,85850,1503.0710468810064,62173,-177,-2.199796891920869,-122,2236,26,83587.95689533286,83574.20276421339,83765,83588,1457.17101758689,1455.8363720733896,48.099826186037376,47.234674807617
HFD03_MISSINGNESS,B2,82,88687,1521.9340569117176,64857,88900,1519.8347525896438,65103,213,-2.099304322073749,246,3480,22,85326.22094486406,85315.0314622416,85185,85398,1465.286776663391,1462.9297780220013,56.647280248326524,56.90497456764223
HFD03_MISSINGNESS,B2,83,92143,1510.0508639599373,68414,91946,1511.8666197563846,68148,-197,1.8157557964473199,-266,4712,25,87285.43080511208,87277.16440735129,87406,87209,1457.3910136954098,1458.7588810719076,52.65985026452766,53.10773868447666
HFD03_MISSINGNESS,B2,84,87579,1520.9190805046499,63767,87619,1520.807360971712,63814,40,-0.11171953293796832,47,1966,27,85571.91957561795,85561.20074336926,85586,85626,1461.6692818184804,1461.5482716131262,59.24979868616966,59.25908935858566
HFD03_MISSINGNESS,B2,85,89977,1513.638058319346,66217,89928,1512.7727777438067,66144,-49,-0.8652805755393729,-73,3460,23,86535.56669420312,86525.9902665643,86494,86445,1459.3962561910878,1458.8903667473844,54.241802128258165,53.88241099642281
HFD03_MISSINGNESS,B2,86,88533,1512.5668418748842,64816,88406,1512.548631882519,64662,-127,-0.018209992365200378,-154,2913,26,85516.33663675777,85505.68009391312,85594,85467,1460.3990959202806,1460.3728322993904,52.16774595460372,52.175799583128295
HFD03_MISSINGNESS,B2,87,97063,1521.1473521540015,73299,97134,1521.5689583747762,73405,71,0.42160622077472,106,7831,27,89306.4592732003,89300.41001529037,89205,89276,1457.74435509939,1458.4818158833796,63.402997054611255,63.08714249139642
HFD03_MISSINGNESS,B2,88,90985,1512.4699446111679,67209,90974,1512.6994467406123,67182,-11,0.22950212944442683,-27,5140,25,85835.29935517955,85825.07692936806,85820,85809,1461.9202700172918,1462.300064670188,50.549674593876,50.39938207042484
HFD03_MISSINGNESS,B2,89,85566,1512.1355270188085,61766,85420,1509.563943863668,61663,-146,-2.571583155140388,-103,3304,23,82243.7974030833,82227.59089537548,82239,82093,1462.3001573380275,1459.937224504952,49.83536968078122,49.62671935871609
HFD03_MISSINGNESS,B2,90,89938,1517.7512571133623,66145,89924,1518.2665310890363,66138,-14,0.515273975674063,-7,5806,28,84053.6959277319,84040.056717852,84104,84090,1459.1815177622507,1460.3311416542738,58.56973935111168,57.93538943476295
HFD03_MISSINGNESS,B2,91,92089,1513.8326959354417,68222,91834,1510.3432536557148,68027,-255,-3.4894422797269726,-195,3530,23,88248.82387374918,88241.59012392315,88536,88281,1463.6156661273562,1460.5510769513328,50.217029808085876,49.79217670438207
HFD03_MISSINGNESS,B2,92,87230,1510.0154392012994,63411,87015,1510.5108822134207,63234,-215,0.4954430121213136,-177,3691,24,83372.31781611287,83357.91687703785,83515,83300,1458.9641591134266,1459.5806927312133,51.05128008787267,50.930189482207744
HFD03_MISSINGNESS,B2,93,92182,1514.7175554456257,68375,92122,1513.716047172956,68323,-60,-1.0015082726697528,-52,3577,28,88575.0372955068,88568.24053989798,88577,88517,1459.4733328750879,1458.91212914566,55.244222570537666,54.80391802729637
HFD03_MISSINGNESS,B2,94,83908,1512.1650269422469,60101,83889,1513.9701256367678,60072,-19,1.8050986945208933,-29,3024,26,80852.53480534058,80833.148633195,80858,80839,1460.2281206449973,1460.7540362908576,51.93690629724951,53.216089345910234
HFD03_MISSINGNESS,B2,95,90427,1509.0454663756211,66687,90382,1506.5734963064697,66673,-45,-2.471970069151439,-14,4261,25,86144.1437081173,86134.18061820489,86141,86096,1456.2047143301045,1454.089100265763,52.840752045516595,52.484396040706834
HFD03_MISSINGNESS,B2,96,83204,1510.8331540122033,59476,83229,1508.61237887067,59500,25,-2.220775141533295,24,1528,29,81538.83016531069,81521.0336243744,81647,81672,1461.7511774306743,1459.416401948093,49.08197658152935,49.19597692257695
HFD03_MISSINGNESS,B2,97,93122,1516.2052467434676,69348,93077,1519.791046412463,69254,-45,3.585799668995378,-94,7988,25,85091.95441916987,85080.35038723914,85109,85064,1457.0525712862257,1459.4073993900188,59.15267545724213,60.38364702244421
HFD03_MISSINGNESS,B2,98,88253,1527.8059346476932,64458,88316,1531.249374050491,64471,63,3.4434394027978215,13,3241,29,85037.2046758862,85025.66476863253,84983,85046,1460.150052790933,1463.4666083830762,67.65588185676023,67.78276566741508
HFD03_MISSINGNESS,B2,99,89331,1520.9513183715792,65523,89229,1519.9089804801188,65431,-102,-1.04233789146042,-92,6097,26,83214.5445772217,83200.0927992683,83208,83106,1459.511920677492,1459.2662650745724,61.43939769408726,60.642715405546255
HFD03_MISSINGNESS,B2,100,82756,1507.0500477559697,59044,82653,1508.2725244792935,58941,-103,1.2224767233237799,-103,3324,26,79300.82801220956,79277.79721898709,79406,79303,1460.7132460284342,1461.7443108884493,46.33680172753552,46.52821359084436
HFD03_MISSINGNESS,B2,101,90366,1518.8600721651055,66597,90687,1518.650247350159,66900,321,-0.20982481494661442,303,2908,25,87483.89582019062,87475.95530783746,87433,87754,1464.9349791451511,1465.2918254351032,53.92509301995408,53.35842191505565
HFD03_MISSINGNESS,B2,102,91028,1522.1884249708405,67305,91159,1520.1295356708436,67450,131,-2.058889299996963,145,5206,26,85847.60249775655,85837.35922445706,85796,85927,1465.3316979914487,1463.1030714351996,56.85672697939197,57.02646423564381
HFD03_MISSINGNESS,B2,103,91682,1507.2794946995857,67915,91893,1508.575264896534,68094,211,1.2957701969482969,179,6169,27,85497.0322505822,85485.97392071644,85486,85697,1458.5703431341208,1459.5021633595766,48.70915156546485,49.07310153695751
HFD03_MISSINGNESS,B2,104,88889,1522.3720562199699,65200,88928,1520.6347087186373,65237,39,-1.7373475013325788,37,7803,22,81031.25118776149,81012.30646729763,81064,81103,1466.1750263910121,1464.554231238987,56.197029828957966,56.08047747964966
HFD03_MISSINGNESS,B2,105,89446,1527.7113667578942,65598,89314,1527.4882812967578,65480,-132,-0.2230854611364066,-118,2412,27,86981.27013182636,86972.64028635746,87007,86875,1463.128917572257,1463.299552278631,64.58244918563726,64.18872901812686
HFD03_MISSINGNESS,B2,106,89486,1517.4325735457905,65709,89685,1519.8894646207011,65914,199,2.4568910749105726,205,2885,25,86768.7131729693,86759.4260551059,86576,86775,1460.5256188687458,1461.9228606751167,56.90695467704458,57.966603945585106
HFD03_MISSINGNESS,B2,107,88974,1527.5647913965015,65105,88900,1526.5708464357608,65017,-74,-0.9939449607406914,-88,3736,28,85259.95546025784,85248.49846015702,85210,85136,1463.5654541249787,1462.3191159845483,63.999337271522606,64.25173045121286
HFD03_MISSINGNESS,B2,108,89174,1511.1501679382425,65357,88922,1508.625768184058,65138,-252,-2.5243997541845147,-219,2758,25,86179.97436976389,86170.09843002852,86391,86139,1457.327073895402,1455.7204650174233,53.8230940428401,52.90530316663453
HFD03_MISSINGNESS,B2,109,91931,1517.9370108911926,68157,92265,1519.4883921303742,68457,334,1.5513812391816373,300,6351,24,85650.13320407373,85639.74103781492,85556,85890,1465.779793271814,1467.564497824883,52.157217619378805,51.92389430549143
HFD03_MISSINGNESS,B2,110,90309,1513.935404846786,66501,90251,1514.6174806994948,66416,-58,0.6820758527087492,-85,4363,23,86000.07464685269,85989.81115869009,85923,85865,1461.9944119727404,1462.716305145506,51.940992874045584,51.901175553988615
HFD03_MISSINGNESS,B2,111,92526,1519.9359857155607,68742,92576,1521.9395563244486,68758,50,2.0035706088879124,16,4311,26,88213.423193876,88206.36436530035,88189,88239,1456.986558978566,1458.45940604659,62.94942673699442,63.48015027785876
HFD03_MISSINGNESS,B2,112,85664,1518.5006647448486,61927,85512,1519.9984278471818,61766,-152,1.4977631023332378,-161,3279,26,82316.56571567502,82300.24761864558,82359,82207,1459.612705403763,1461.7160050389084,58.887959341085725,58.28242280827329
HFD03_MISSINGNESS,B2,113,83233,1508.3018659271986,59653,83593,1511.9261473455438,59980,360,3.624281418345163,327,3139,25,80301.50428401817,80281.06778888803,80069,80429,1461.1718963886415,1463.3753231820301,47.12996953855753,48.550824163513745
HFD03_MISSINGNESS,B2,114,92116,1512.5313635956027,68334,92008,1510.9401165795427,68278,-108,-1.5912470160599241,-56,6283,26,85830.65259929685,85820.44793151351,85807,85699,1459.16948059358,1457.775612206427,53.36188300202269,53.16450437311552
HFD03_MISSINGNESS,B2,115,88139,1530.4647363257798,64394,88120,1533.1849612377505,64342,-19,2.7202249119707176,-52,2092,25,86115.01681126856,86105.31574955242,86022,86003,1462.1998959742284,1465.931659954415,68.2648403515516,67.25330128333597
HFD03_MISSINGNESS,B2,116,87872,1528.1758611524745,64057,87963,1528.9309715517045,64124,91,0.7551103992300341,67,4556,24,83306.51196220022,83291.94605488636,83292,83383,1466.9176847117208,1467.6924526064593,61.25817644075356,61.23851894524543
HFD03_MISSINGNESS,B2,117,91463,1516.4698644637494,67772,91434,1517.2034027342631,67704,-29,0.7335382705136908,-68,8627,25,82761.9503886029,82746.55707512081,82811,82782,1458.0783813830167,1457.8175802302383,58.39148308073255,59.38582250402487
HFD03_MISSINGNESS,B2,118,97402,1521.0155044669043,73664,97322,1522.596316375899,73553,-80,1.5808119089947468,-111,10049,25,87295.83719641638,87287.74729870948,87328,87248,1462.4256133086444,1463.6261768926406,58.589891158259746,58.97013948325833
HFD03_MISSINGNESS,B2,119,92301,1512.8340862582204,68546,92362,1517.4274107285717,68563,61,4.593324470351263,17,3746,26,88503.11943577422,88496.24686897831,88529,88590,1458.5486486111133,1462.5196577334016,54.285437647107095,54.907752995169986
HFD03_MISSINGNESS,B2,120,94341,1512.644992427635,70539,94449,1510.9385063412926,70628,108,-1.7064860863424656,89,7176,24,87260.60630948406,87252.34345255462,87141,87249,1461.8444451823354,1459.9131938086168,50.800547245299676,51.0253125326759
HFD03_MISSINGNESS,B2,121,91045,1517.1401954495323,67306,90762,1515.7489069803974,67047,-283,-1.3912884691349063,-259,4940,28,86046.06426695058,86035.98341906055,86077,85794,1465.1993926536238,1464.36380471532,51.94080279590828,51.38510226507728
HFD03_MISSINGNESS,B2,122,85056,1515.0129999616508,61266,84904,1515.4557367767616,61083,-152,0.44273681511072027,-183,2266,24,82666.76857898133,82651.4053505675,82766,82614,1460.2386160103674,1460.0477253369224,54.774383951283234,55.40801143983892
HFD03_MISSINGNESS,B2,123,91097,1520.510766173001,67272,91066,1519.908010232532,67310,-31,-0.6027559404690237,38,3006,28,88110.9258489401,88103.82319439828,88063,88032,1462.0257192474976,1462.0213734281328,58.48504692550359,57.886636804399046
HFD03_MISSINGNESS,B2,124,87981,1511.5768144701199,64191,88055,1511.3308855009568,64278,74,-0.24592896916306017,87,5287,24,82676.79741812152,82661.36838113931,82670,82744,1461.7393327013767,1461.3673280222008,49.837481768743245,49.96355747875574
HFD03_MISSINGNESS,B2,125,86158,1511.441455584411,62419,86427,1514.0650235882492,62635,269,2.6235680038382725,216,2455,22,83864.32470864082,83850.97019248323,83681,83950,1459.333306682532,1461.768197900874,52.10814890187924,52.2968256873753
HFD03_MISSINGNESS,B2,126,84714,1517.3962006449005,60893,84662,1521.558519445251,60809,-52,4.1623188003504765,-84,2930,27,81783.99798569684,81766.86806945593,81757,81705,1457.0982168355117,1462.0375487288018,60.297983809389216,59.520970716449156
HFD03_MISSINGNESS,B2,127,85874,1512.9324096625112,62141,86036,1514.4028966074432,62261,162,1.470486944931963,120,1975,24,83987.84645515199,83974.34739301218,83875,84037,1461.6810785257137,1462.8095746470808,51.25133113679753,51.5933219603623
HFD03_MISSINGNESS,B3,0,83073,1508.5562979449933,59321,83159,1507.4030719206414,59409,86,-1.1532260243518522,88,2576,23,80579.89576458086,80560.022911079,80474,80560,1461.6522442155454,1460.8481862826418,46.90405372944752,46.55488563799958
HFD03_MISSINGNESS,B3,1,95949,1531.5303150354787,72140,95778,1531.975218809386,71973,-171,0.4449037739072992,-167,2808,26,92986.84848197269,92983.3826753715,93115,92944,1464.7881939318995,1465.2575236918992,66.74212110357895,66.71769511748722
HFD03_MISSINGNESS,B3,2,92598,1521.7106095371569,68785,92629,1519.7004261009652,68817,31,-2.01018343619171,32,7273,25,85329.69504272881,85319.01352324667,85300,85331,1464.4686695865041,1462.3826598629792,57.24193995065266,57.31776623798612
HFD03_MISSINGNESS,B3,3,83111,1511.586551665124,59500,83104,1513.0148699516742,59456,-7,1.4283182865501658,-44,3946,26,79051.04464546805,79027.0630710027,79139,79132,1464.8239766798067,1465.4484942094655,46.76257498531699,47.56637574220888
HFD03_MISSINGNESS,B3,4,83265,1519.2280281763508,59526,83396,1524.39495840461,59574,131,5.166930228259162,48,2928,26,80385.19536238656,80364.66565102233,80311,80442,1462.104033045579,1466.3027829085117,57.12399513077224,58.09217549609814
HFD03_MISSINGNESS,B3,5,87784,1513.6487441800325,63979,87809,1514.349753742302,63993,25,0.7010095622695189,14,4868,24,82973.45658673559,82958.34930333366,82892,82917,1459.9593973467865,1461.0293464711128,53.68934683324637,53.32040727118914
HFD03_MISSINGNESS,B3,6,95368,1528.0317385071003,71474,95331,1528.3135142813283,71457,-37,0.28177577422798095,-17,2709,27,92617.24843678687,92614.20234626715,92632,92595,1458.5583153746572,1459.2377253684024,69.47342313244286,69.07578891292607
HFD03_MISSINGNESS,B3,7,86848,1511.2414409874373,63137,86751,1509.5595100708886,63071,-97,-1.6819309165487084,-66,5005,22,81748.68419110257,81731.39576636205,81821,81724,1460.80749432458,1459.0830114160626,50.43394666285725,50.47649865482606
HFD03_MISSINGNESS,B3,8,86390,1509.5594397660193,62738,86416,1510.107551508798,62777,26,0.5481117427787012,39,6431,23,79999.48887974385,79978.44263751594,79936,79962,1458.6562695044934,1459.6628062283312,50.90317026152564,50.444745280466925
HFD03_MISSINGNESS,B3,9,92156,1530.3825734485106,68403,92221,1531.1946948656805,68433,65,0.8121214171699194,30,3845,25,88412.30062947363,88405.52339699626,88286,88351,1463.1956305130393,1464.6422643017997,67.18694293547146,66.55243056388059
HFD03_MISSINGNESS,B3,10,73395,1499.8528956457528,49834,73400,1501.4908481470998,49821,5,1.6379525013469447,-13,3818,20,69689.76811845195,69642.7156491498,69557,69562,1460.4448895611008,1462.056856950763,39.40800608465189,39.433991196336656
HFD03_MISSINGNESS,B3,11,97058,1522.8961091633898,73123,97151,1521.0843940829595,73269,93,-1.8117150804303037,146,5018,29,92116.68959496572,92113.33293435509,92011,92104,1463.0966435880418,1461.3606630635402,59.79946557534757,59.723731019419596
HFD03_MISSINGNESS,B3,12,85606,1506.7014142982475,61867,85550,1509.2734131276109,61770,-56,2.571998829363338,-97,2382,24,83126.75229329508,83111.47421815502,83200,83144,1458.0871907767034,1460.9210282515608,48.6142235215437,48.35238487604977
HFD03_MISSINGNESS,B3,13,90579,1517.4058892610246,66713,90734,1516.0427662037964,66888,155,-1.363123057228222,175,4400,23,86415.20239401715,86405.19818398346,86156,86311,1464.4599445055699,1463.0483013069183,52.945944755454555,52.994464896878114
HFD03_MISSINGNESS,B3,14,64788,1478.325580403997,41731,64811,1477.2966592249138,41781,23,-1.0289211790832269,50,4882,21,59890.90398059794,59880.23180648743,59885,59908,1465.263511288107,1463.2206962385083,13.062069115889724,14.075962986405516
HFD03_MISSINGNESS,B3,15,94339,1512.0769981410788,70476,94303,1512.8082536571071,70455,-36,0.7312555160283409,-21,2562,24,91740.43775834676,91736.16552482675,91753,91717,1457.0680804082324,1458.0583885713736,55.00891773284632,54.74986508573326
HFD03_MISSINGNESS,B3,16,78577,1500.7820662661168,54902,78381,1503.3662373638647,54688,-196,2.5841710977479124,-214,2675,22,75850.55529978966,75819.81419646268,75880,75684,1454.8045078134355,1457.814260193244,45.97755845268156,45.5519771706206
HFD03_MISSINGNESS,B3,17,93495,1510.5700869302736,69762,93605,1511.0552503806318,69865,110,0.4851634503581863,103,3201,21,90341.55416692478,90333.94717946363,90273,90383,1461.1589747807868,1460.9673670496445,49.411112149486655,50.08788333098705
HFD03_MISSINGNESS,B3,18,94461,1515.4483178694668,70666,94615,1518.4603610722272,70751,154,3.012043202760424,85,4485,23,89970.85810488548,89965.23673021191,89953,90107,1459.1916620789314,1460.9571590713956,56.256655790535454,57.503202000831955
HFD03_MISSINGNESS,B3,19,71251,1495.6953515751854,47805,71279,1497.4806843630379,47856,28,1.7853327878524397,51,2309,18,69035.06331719842,68987.80472766978,68924,68952,1459.5357115393542,1461.900974613918,36.159640035831266,35.57970974911997
HFD03_MISSINGNESS,B3,20,80673,1517.9527112676908,56928,80732,1516.9230018362036,57036,59,-1.0297094314871629,108,5814,23,74815.02657149159,74780.53608646677,74836,74895,1457.0891396849497,1456.8805769981354,60.8635715827411,60.042424838067966
HFD03_MISSINGNESS,B3,21,68504,1491.5629385342504,45123,68693,1493.6878008272104,45277,189,2.1248622929599605,154,4243,20,64397.25065623407,64348.16094719425,64241,64430,1461.9479479347494,1463.309043508841,29.614990599501077,30.378757318369434
HFD03_MISSINGNESS,B3,22,92139,1538.8008858303456,68390,92086,1538.1405209194709,68338,-53,-0.660364910874705,-52,4304,22,87703.72288984408,87695.0353698046,87813,87760,1457.5171449069662,1457.2582965983263,81.28374092337904,80.88222432114492
HFD03_MISSINGNESS,B3,23,88052,1519.0476299390825,64331,87985,1517.2290956346078,64328,-67,-1.8185343044747242,-3,3583,27,84411.94635899329,84399.51799754426,84442,84375,1464.1702430141527,1463.4093373746728,54.87738692492991,53.81975825993478
HFD03_MISSINGNESS,B3,24,93053,1527.3501619943158,69228,92947,1527.2369898857,69139,-106,-0.11317210861579952,-89,4885,29,88084.64295064066,88077.23935973746,88139,88033,1461.5055840036046,1461.1628266948146,65.84457799071116,66.07416319088505
HFD03_MISSINGNESS,B3,25,85405,1523.606926484274,61738,85489,1523.0012734150566,61815,84,-0.6056530692173965,77,4947,26,80448.88676323683,80428.48532717305,80432,80516,1463.4865874593072,1463.0395384009269,60.12033902496696,59.96173501412986
HFD03_MISSINGNESS,B3,26,90410,1517.5340433344384,66591,90358,1515.535837475392,66575,-52,-1.9982058590462657,-16,3503,30,86906.91730680299,86897.71700285017,86877,86825,1455.2397238336664,1454.2878680033377,62.294319500771714,61.24796947205396
HFD03_MISSINGNESS,B3,27,68681,1496.9718594632634,45068,68655,1494.6664401573157,45087,-26,-2.30541930594768,19,3191,25,65469.92282734598,65421.00394195063,65465,65439,1463.200605272545,1460.5456370232876,33.77125419071874,34.12080313402815
HFD03_MISSINGNESS,B3,28,96110,1521.421036765405,72271,96149,1522.6086940045466,72270,39,1.187657239141572,-1,3529,29,92604.12283099495,92600.68753146878,92552,92591,1460.735987406163,1461.2932080241021,60.685049359241944,61.31548598044431
HFD03_MISSINGNESS,B3,29,66830,1474.603872971651,43787,66770,1475.4086904134667,43704,-60,0.8048174418156577,-83,6493,22,60330.38344842722,60322.6074717523,60315,60255,1457.7438843763955,1458.5363632241194,16.859988595255693,16.872327189347093
HFD03_MISSINGNESS,B3,30,94774,1513.968700690013,70918,94727,1517.20867129083,70848,-47,3.2399706008168323,-70,4381,28,90386.75463899194,90382.07257993911,90365,90318,1457.7385512827911,1460.0422541400287,56.23014940722248,57.16641715080111
HFD03_MISSINGNESS,B3,31,94920,1517.534472187684,71145,94912,1515.337690026708,71152,-8,-2.1967821609759994,7,6402,28,88462.8480318823,88454.65003704354,88490,88482,1457.0843590229338,1455.2132564619449,60.45011316475032,60.124433564763386
HFD03_MISSINGNESS,B3,32,74660,1513.8946899640869,51021,74569,1514.9691785655973,50915,-91,1.0744886015104385,-106,4020,18,70475.70187796184,70430.42136198074,70622,70531,1468.805421222501,1471.5463334844387,45.089268741585954,43.42284508115876
HFD03_MISSINGNESS,B3,33,79097,1508.4551017683357,55478,79214,1507.8820177750065,55594,117,-0.5730839933291918,116,3677,29,75459.46133985306,75426.7663355593,75391,75508,1460.8464773386258,1459.2279944514987,47.608624429709785,48.65402332350744
HFD03_MISSINGNESS,B3,34,94977,1516.6949456435061,71163,95103,1516.3461406866634,71290,126,-0.3488049568427414,127,2947,26,92139.21073531269,92134.38112047229,92004,92130,1460.6153460297182,1459.9166524627508,56.079599613787835,56.42948822391253
HFD03_MISSINGNESS,B3,35,94493,1519.9725098679746,70649,94559,1521.8650124174335,70707,66,1.892502549458868,58,1679,29,92750.57793652348,92747.17638808247,92785,92851,1459.456181820539,1461.1184808807227,60.51632804743555,60.746531536710435
HFD03_MISSINGNESS,B3,36,88001,1519.1984008471468,64201,87856,1517.1553145061525,64069,-145,-2.0430863409942503,-132,2754,25,85068.53444053417,85057.03701241135,85222,85077,1460.6267181601684,1458.1273991436522,58.57168268697898,59.02791536250044
HFD03_MISSINGNESS,B3,37,65836,1493.9922164472657,42442,65893,1493.6557607993525,42512,57,-0.33645564791322613,70,3632,24,62222.142525745934,62180.93862244731,62180,62237,1462.6318073590369,1462.354387404174,31.36040908822863,31.301373395178512
HFD03_MISSINGNESS,B3,38,84487,1512.2172370929009,60781,84460,1513.4366111663776,60730,-27,1.2193740734767289,-51,3551,26,80853.24457545012,80833.82793125766,80910,80883,1462.6290687278818,1464.131341925646,49.58816836501903,49.305269240731505
HFD03_MISSINGNESS,B3,39,98604,1526.47221733758,74780,98579,1528.8772965256362,74713,-25,2.4050791880561064,-67,4391,29,94215.00913421722,94212.37018489548,94184,94159,1459.479761364912,1461.806152843101,66.99245597266794,67.07114368253585
HFD03_MISSINGNESS,B3,40,66186,1488.0145129763257,42905,66224,1488.5011468522039,42919,38,0.4866338758781694,14,2781,23,63392.5923153253,63346.96799889104,63382,63420,1462.0171693141458,1461.1006312034651,25.997343662179688,27.400515648738637
HFD03_MISSINGNESS,B3,41,93298,1518.6481174023952,69446,93161,1520.5844234026267,69282,-137,1.936306000231525,-164,4093,24,89075.88271249858,89069.86601270577,89181,89044,1465.4393743587505,1467.1455342049453,53.20874304364517,53.4388891976817
HFD03_MISSINGNESS,B3,42,87667,1518.8951989251948,64027,87635,1519.6051552322224,63998,-32,0.7099563070275963,-29,7601,18,79990.66128434146,79969.87804345714,80048,80016,1458.017424730986,1458.4148281137716,60.877774194208584,61.19032711845079
HFD03_MISSINGNESS,B3,43,85736,1522.6302532705895,62036,85926,1522.082766640621,62194,190,-0.5474866299684891,158,5430,22,80360.26027971203,80339.97895022576,80284,80474,1465.4800705966422,1464.0358396666252,57.150182673947086,58.04692697399606
HFD03_MISSINGNESS,B3,44,87680,1511.5566736112494,63938,87866,1511.290120107531,64133,186,-0.26655350371834174,195,3631,28,84193.80778439713,84181.13582418923,84021,84207,1457.2751143091537,1457.2001772393442,54.28155930209597,54.08994286818693
HFD03_MISSINGNESS,B3,45,63094,1468.762402374443,40174,63113,1468.5853761429414,40201,19,-0.1770262315014861,27,3594,13,59549.549559939114,59544.899970664475,59487,59506,1459.7790095241533,1459.0403255216213,8.983392850289915,9.545050621320161
HFD03_MISSINGNESS,B3,46,81373,1501.7615877175438,57688,81409,1503.3649058272497,57696,36,1.6033181097059241,8,1693,30,79732.94506415515,79709.90398700662,79650,79686,1455.6831534081432,1457.5079897036296,46.0784343094007,45.856916123620096
HFD03_MISSINGNESS,B3,47,97571,1534.286243950993,73663,97602,1531.6133431457097,73729,31,-2.672900805283234,66,4469,29,93156.68234703413,93153.79718228738,93073,93104,1465.1953907706406,1463.18019408492,69.09085318035187,68.4331490607899
HFD03_MISSINGNESS,B3,48,85438,1515.7038311960168,61805,85399,1514.4119127848658,61780,-39,-1.291918411151073,-25,3446,20,81944.29697971304,81927.38643371049,81972,81933,1459.93498145523,1459.0222654201286,55.76884974078694,55.389647364736824
HFD03_MISSINGNESS,B3,49,94055,1531.9767893177618,70268,93934,1533.7956768509225,70115,-121,1.818887533160705,-153,4582,25,89424.0682832764,89418.54978076565,89448,89327,1458.6028456997092,1459.6086886977957,73.37394361805264,74.18698815312656
HFD03_MISSINGNESS,B3,50,92281,1520.515590241003,68434,92172,1518.7184859656006,68351,-109,-1.7971042754024893,-83,3471,29,88687.94228492043,88681.04873521136,88781,88672,1458.5489822729294,1457.3045570376567,61.96660796807405,61.4139289279436
HFD03_MISSINGNESS,B3,51,67672,1491.151733825212,44403,67623,1488.9963416136345,44363,-49,-2.155392211577464,-40,3924,21,63743.119403765195,63698.27840669853,63727,63678,1461.0576768530705,1459.1485662682983,30.09405697214183,29.847775345336686
HFD03_MISSINGNESS,B3,52,81861,1507.3615097981944,58201,81653,1507.4211960918753,57982,-208,0.059686293680897506,-219,3281,21,78591.01016783844,78566.87659685548,78559,78351,1460.7346703843245,1460.6492475340588,46.62683941386932,46.77194855781651
HFD03_MISSINGNESS,B3,53,84267,1510.490708289321,60523,84184,1509.8754380171463,60423,-83,-0.6152702721747119,-100,4871,23,79331.29292543404,79308.59921517187,79373,79290,1457.993623327816,1458.5199348811689,52.49708496150492,51.355503135977756
HFD03_MISSINGNESS,B3,54,97866,1523.5401838851349,74066,97813,1522.6348958010208,74063,-53,-0.9052880841140905,-3,6082,25,91798.66212419006,91793.07556489087,91759,91706,1462.4868272817935,1461.716195612251,61.05335660334157,60.918700188769726
HFD03_MISSINGNESS,B3,55,93639,1515.5958277863829,69830,93547,1514.9711226259083,69750,-92,-0.6247051604746048,-80,3383,19,90192.20604376422,90184.82031802161,90237,90145,1460.4220482467736,1458.868987635915,55.17377953960951,56.10213498999345
HFD03_MISSINGNESS,B3,56,89999,1527.7894231765645,66170,89843,1527.2648597802506,65997,-156,-0.5245633963138516,-173,2640,26,87273.73838864846,87264.50223833458,87333,87177,1464.4836597877693,1464.4278097228446,63.305763388795505,62.83705005740613
HFD03_MISSINGNESS,B3,57,97977,1534.4997926285432,74085,97904,1533.6844850311552,74068,-73,-0.8153075973880277,-17,3043,27,94878.26527446079,94875.5691531539,94907,94834,1461.0079716779346,1460.4156181191634,73.49182095060863,73.26886691199157
HFD03_MISSINGNESS,B3,58,80411,1507.4863033630227,56762,80645,1508.294360907528,57028,234,0.8080575445053455,266,2186,24,78385.60498335557,78361.1842629758,78201,78435,1458.1228371291363,1459.8673782384465,49.3634662338865,48.42698266908145
HFD03_MISSINGNESS,B3,59,97148,1526.128987319188,73297,97198,1528.7794649150367,73338,50,2.65047759584877,41,5423,26,91688.47961738001,91683.97269882464,91699,91749,1461.8621338501305,1464.289136590395,64.26685346905734,64.49032832464178
HFD03_MISSINGNESS,B3,60,65613,1491.1702286515306,42255,65594,1488.8012640140987,42262,-19,-2.3689646374318727,7,3446,17,62172.09324455491,62130.112908789066,62150,62131,1461.963451734998,1461.2449847380371,29.206776916532547,27.556279276061424
HFD03_MISSINGNESS,B3,61,72772,1493.0474163032056,49369,73001,1495.9739094505146,49557,229,2.9264931473089746,188,6084,21,66759.75861267644,66708.07547742505,66667,66896,1458.5456363130165,1460.3090372291435,34.50177999018909,35.66487222137127
HFD03_MISSINGNESS,B3,62,83197,1511.620317011168,59494,83039,1511.187205068472,59386,-158,-0.43311194269608677,-108,3152,26,79844.60829895068,79823.20305405464,80019,79861,1465.2621258233348,1465.7610691833247,46.35819118783334,45.426135885147325
HFD03_MISSINGNESS,B3,63,81474,1509.440977595757,57886,81411,1508.8569792242163,57832,-63,-0.5839983715407016,-54,5609,18,75836.47462339401,75806.52253466466,75847,75784,1462.2315856103057,1461.7768714729782,47.20939198545152,47.08010775123829
HFD03_MISSINGNESS,B3,64,77186,1502.5423401262533,53611,77344,1503.047233244336,53702,158,0.5048931180826912,91,4698,18,72589.73446540412,72551.2586575159,72470,72628,1462.3179604511472,1463.2027240236282,40.224379675106285,39.844509220707664
HFD03_MISSINGNESS,B3,65,86293,1517.887990852119,62532,85978,1518.5867649110323,62172,-315,0.6987740589133864,-360,2538,27,83567.82091296454,83553.83103721206,83728,83413,1460.1892116550835,1461.7327797583946,57.698779197035364,56.85398515263742
HFD03_MISSINGNESS,B3,66,98971,1531.6028587150463,75149,98990,1530.4105514209493,75214,19,-1.1923072940969632,65,12432,22,86580.82668741653,86570.3192155431,86517,86536,1466.2474127799346,1466.0192107688529,65.35544593511149,64.39134065209642
HFD03_MISSINGNESS,B3,67,84478,1505.2370187662518,60825,84347,1505.6530986778291,60698,-131,0.41607991157729884,-127,2846,22,81585.77716699269,81568.08144021043,81610,81479,1460.6345314578969,1460.951093487949,44.60248730835487,44.70200518987995
HFD03_MISSINGNESS,B3,68,89195,1520.7623865359303,65370,89366,1518.2004571964287,65596,171,-2.561929339501603,226,1723,25,87482.54577118705,87473.89116463675,87447,87618,1462.7419690246004,1460.169175515928,58.02041751132984,58.03128168050054
HFD03_MISSINGNESS,B3,69,62971,1485.773015630671,39808,63153,1487.7622036726102,39972,182,1.9891880419393146,164,1956,24,61134.140391417444,61097.33293106345,60991,61173,1463.0707725289662,1464.5702120373896,22.702243101704106,23.191991635220585
HFD03_MISSINGNESS,B3,70,82111,1504.493116479457,58406,81918,1503.3244285371454,58249,-193,-1.1686879423116352,-157,5000,23,77019.96961213986,76994.19693528532,77088,76895,1461.1142605456891,1461.3005366845757,43.37885593376779,42.023891852569584
HFD03_MISSINGNESS,B3,71,94003,1513.8949766476587,70206,93821,1512.6328231399555,70044,-182,-1.2621535077032604,-162,4442,27,89475.20424894415,89469.56296952032,89534,89352,1462.3030525180172,1461.0927358484464,51.591924129641754,51.54008729150904
HFD03_MISSINGNESS,B3,72,72123,1502.4778484341946,48693,72245,1505.6255432631042,48805,122,3.147694828909607,112,2661,25,69523.4677273082,69475.35999437934,69437,69559,1461.8141280063255,1465.500001879663,40.66372042786859,40.12554138344129
HFD03_MISSINGNESS,B3,73,87492,1511.043939577097,63786,87594,1509.762266006425,63882,102,-1.2816735706719555,96,2542,22,85107.3943585262,85095.94320469955,84928,85030,1462.72412352776,1461.4988476992419,48.31981604933757,48.263418307183095
HFD03_MISSINGNESS,B3,74,89289,1535.679751632274,65479,89422,1537.0865196910547,65594,133,1.406768058780699,115,3847,30,85414.33872487424,85403.61456476459,85412,85545,1462.4894895557125,1463.7842174881655,73.19026207656165,73.30230220288965
HFD03_MISSINGNESS,B3,75,91185,1533.009455066587,67378,91228,1534.4143350530221,67357,43,1.4048799864351622,-21,3316,23,87964.40107924587,87957.44344139814,87846,87889,1467.4990273124088,1468.2727043523432,65.51042775417842,66.14163070067885
HFD03_MISSINGNESS,B3,76,79528,1505.987086766895,55805,79507,1504.5888230386756,55837,-21,-1.3982637282192627,32,3404,26,76093.11360258533,76061.62514666103,76098,76077,1461.2915251575978,1461.2591072531932,44.69556160929719,43.32971578548251
HFD03_MISSINGNESS,B3,77,91524,1504.8386177462812,67803,91371,1505.9590280791724,67613,-153,1.120410332891197,-190,6487,22,84921.9129832635,84909.57850884601,85015,84862,1455.7385128890023,1455.4487136919468,49.100104857278716,50.5103143872259
HFD03_MISSINGNESS,B3,78,70388,1505.610729286211,46716,70307,1505.4924822111477,46656,-81,-0.1182470750632092,-60,3373,22,67004.72899197378,66951.85149454621,66993,66912,1460.0618283985848,1461.1684305013782,45.54890088762587,44.3240517097692
HFD03_MISSINGNESS,B3,79,91235,1512.6902622625635,67501,91149,1513.241736331405,67421,-86,0.5514740688415714,-80,6161,26,85038.5572825501,85026.98467643098,85048,84962,1459.7656582112386,1460.4639659493328,52.92460405132511,52.7777703820725
HFD03_MISSINGNESS,B3,80,87831,1518.0759852648712,63974,87876,1515.424658218312,64085,45,-2.6513270465591177,111,2065,28,85863.60062599165,85853.31987134341,85738,85783,1465.1580547802985,1462.0742611310163,52.917930484573006,53.35039708729569
HFD03_MISSINGNESS,B3,81,75183,1501.142714164539,51676,75326,1501.2792505347627,51812,143,0.13653637022366638,136,3301,25,71983.61872778818,71942.4201630858,71857,72000,1457.17101758689,1456.5153780558967,43.971696577648935,44.76387247886667
HFD03_MISSINGNESS,B3,82,83783,1522.1593737256628,59970,83426,1519.0028692454616,59657,-357,-3.1565044802011926,-313,2694,24,81015.46222025249,80996.20542342117,81065,80708,1465.286776663391,1462.4779267954457,56.87259706227135,56.52494245001584
HFD03_MISSINGNESS,B3,83,94077,1511.692395211663,70287,94123,1511.152770844912,70329,46,-0.5396243667510134,42,3614,28,90502.22450355101,90497.46274320106,90435,90481,1457.3910136954098,1457.1573705034486,54.301381516253315,53.995400341463395
HFD03_MISSINGNESS,B3,84,95298,1514.1210194293324,71446,95314,1516.6050060353364,71435,16,2.4839866060040094,-11,5144,28,90139.51564906281,90134.26469019825,90126,90142,1461.6692818184804,1464.2274707885672,52.45173761085186,52.3775352467691
HFD03_MISSINGNESS,B3,85,94891,1523.935726913221,71090,95223,1525.9739438865533,71364,332,2.0382169733322826,274,4920,27,90157.0255093688,90151.6946317866,89944,90276,1459.3962561910878,1461.6766458099735,64.53947072213296,64.29729807657986
HFD03_MISSINGNESS,B3,86,91860,1516.3025656259197,68121,91830,1518.92323718954,68079,-30,2.6206715636203626,-42,3029,27,88701.1119246211,88694.69530185894,88804,88774,1460.3990959202806,1463.130522023347,55.90346970563922,55.79271516619285
HFD03_MISSINGNESS,B3,87,98174,1517.8854929890767,74325,98133,1517.836294985943,74287,-41,-0.049198003133824386,-38,3604,28,94553.7311987737,94550.95881398246,94542,94501,1457.74435509939,1458.2849592630441,60.14113788968649,59.5513357228989
HFD03_MISSINGNESS,B3,88,84192,1511.0585529498514,60452,83993,1512.3402775056816,60238,-199,1.2817245558301238,-214,2854,25,81265.75809606022,81247.41024030627,81313,81114,1461.9202700172918,1463.5572401347142,49.13828293255965,48.78303737096693
HFD03_MISSINGNESS,B3,89,73443,1502.305862730435,49814,73461,1500.4383389131915,49853,18,-1.8675238172434092,39,4449,17,68963.52048663379,68915.153633698,68977,68995,1462.3001573380275,1460.9805637575964,40.005705392407755,39.45777515559516
HFD03_MISSINGNESS,B3,90,78585,1504.6601436615113,54933,78348,1503.912954094336,54725,-237,-0.7471895671751554,-208,6209,21,72178.08545002286,72138.76562654441,72355,72118,1459.1815177622507,1459.1608975109655,45.478625899260685,44.75205658337067
HFD03_MISSINGNESS,B3,91,98034,1525.2827247974542,74133,97945,1524.01826052698,74057,-89,-1.2644642704742637,-76,4916,28,93033.36267328859,93029.6937889482,93090,93001,1463.6156661273562,1462.7491380877682,61.667058670097994,61.269122439211806
HFD03_MISSINGNESS,B3,92,74983,1511.9127398975547,51286,74822,1512.3968728979276,51111,-161,0.4841330003728217,-175,3336,23,71574.94783032789,71533.28877200258,71624,71463,1458.9641591134266,1459.485497112293,52.94858078412818,52.911375785634796
HFD03_MISSINGNESS,B3,93,99036,1537.0709808066347,75181,99017,1536.6731484315203,75152,-19,-0.3978323751143762,-29,5311,30,93721.38006597805,93718.53219891935,93695,93676,1459.4733328750879,1459.0263363330735,77.59764793154628,77.64681209844687
HFD03_MISSINGNESS,B3,94,64333,1485.6073116558798,40950,64404,1488.7246394175104,40963,71,3.117327761630577,13,2513,23,61754.44410694766,61723.22133589414,61797,61868,1460.2281206449973,1461.5944822185068,25.37919101088261,27.13015719900386
HFD03_MISSINGNESS,B3,95,93314,1537.3835368588782,69525,93378,1536.4512600023202,69597,64,-0.9322768565580191,72,3924,25,89392.00625237549,89386.07193806699,89365,89429,1456.2047143301045,1456.3111017998767,81.17882252877361,80.14015820244319
HFD03_MISSINGNESS,B3,96,68238,1492.570783751622,44848,68132,1491.0523869376798,44741,-106,-1.5183968139422177,-107,2970,19,65217.674081247176,65163.82038967152,65249,65143,1461.7511774306743,1459.771210514033,30.819606320947944,31.281176423646492
HFD03_MISSINGNESS,B3,97,92383,1527.829020973413,68578,92370,1528.3074218776376,68538,-13,0.4784009042245998,-40,5407,29,86977.46499052194,86968.5991647411,86947,86934,1457.0525712862257,1456.3796934972338,70.77644968718704,71.92772838040398
HFD03_MISSINGNESS,B3,98,81808,1514.1244143191932,58085,81953,1517.1308176210568,58172,145,3.0064033018636565,87,2522,23,79411.49033956551,79388.98341238585,79263,79408,1460.150052790933,1462.989243998947,53.97436152826053,54.14157362211052
HFD03_MISSINGNESS,B3,99,83505,1516.1981624262517,59714,83571,1516.9813945430467,59770,66,0.783232116795034,56,3423,26,80192.29087368335,80171.66660779374,80056,80122,1459.511920677492,1461.1501725134544,56.68624174875958,55.831222029592645
HFD03_MISSINGNESS,B3,100,63703,1480.651079449941,40544,63746,1480.7072061368037,40599,43,0.05612668686262623,55,2679,22,61078.71940551524,61052.951296182946,61002,61045,1460.7132460284342,1460.8207504375705,19.93783342150706,19.886455699233064
HFD03_MISSINGNESS,B3,101,95147,1521.7979595075496,71321,95020,1522.4178526537373,71189,-127,0.6198931461876782,-132,2908,27,92209.36009211182,92205.84075213566,92212,92085,1464.9349791451511,1465.5587950871636,56.86298036239823,56.85905756657414
HFD03_MISSINGNESS,B3,102,91311,1514.1875622379443,67592,91374,1514.9581770189443,67649,63,0.7706147809999493,57,4918,28,86371.48016633387,86361.851017442,86365,86428,1465.3316979914487,1466.1987540852783,48.85586424649551,48.75942293366612
HFD03_MISSINGNESS,B3,103,90845,1506.5228460173305,67037,90736,1508.8240424337976,66914,-109,2.3011964164670644,-123,4762,27,86097.41965771536,86087.33759018994,86056,85947,1458.5703431341208,1461.1790863288195,47.95250288320978,47.64495610497835
HFD03_MISSINGNESS,B3,104,72782,1507.4633529479909,49331,72654,1503.486432328316,49296,-128,-3.9769206196749565,-35,4725,25,67967.43544042685,67916.5846005273,68032,67904,1466.1750263910121,1463.6205776171553,41.288326556978994,39.86585471116028
HFD03_MISSINGNESS,B3,105,97124,1539.2711236292512,73201,97094,1541.56100771374,73152,-30,2.2898840844889037,-49,4188,30,92806.68360126701,92803.55030471733,92906,92876,1463.128917572257,1465.2275263177391,76.14220605699423,76.33348139600098
HFD03_MISSINGNESS,B3,106,89946,1515.9957643099763,66151,90098,1519.7461964546906,66266,152,3.7504321447142956,115,2514,22,87497.7670107521,87489.50293423694,87410,87562,1460.5256188687458,1463.4613183468834,55.470145441229995,56.28487810780702
HFD03_MISSINGNESS,B3,107,88655,1523.6703464389589,64814,88549,1525.1307938138393,64686,-106,1.4604473748804594,-128,6698,20,81900.92279480721,81883.27454263676,81937,81831,1463.5654541249787,1464.443854303112,60.10489231397982,60.68693951072735
HFD03_MISSINGNESS,B3,108,89392,1511.4788004512627,65571,89101,1511.2797220098078,65296,-291,-0.199078441454958,-275,2758,25,86362.47036796571,86352.87079209666,86609,86318,1457.327073895402,1457.6785672196127,54.15172655586059,53.60115479019458
HFD03_MISSINGNESS,B3,109,90274,1522.125594918824,66490,90316,1519.6196854663513,66554,42,-2.505909452472679,64,3554,27,86823.24076392075,86814.56181198386,86693,86735,1465.779793271814,1463.4947597747819,56.34580164700999,56.124925691569366
HFD03_MISSINGNESS,B3,110,87012,1516.3820261356327,63219,87033,1517.9784603113283,63206,21,1.5964341756955491,-13,1857,26,85162.85171443062,85151.36904105416,85129,85150,1461.9944119727404,1463.6463677888605,54.387614162892454,54.3320925224677
HFD03_MISSINGNESS,B3,111,98190,1514.472140515955,74327,98241,1516.3944385475722,74352,51,1.9222980316171743,25,4513,29,93658.48640855441,93655.45395964995,93648,93699,1456.986558978566,1458.7240307592651,57.485581537389066,57.67040778830723
HFD03_MISSINGNESS,B3,112,70248,1501.112104194755,46734,70206,1500.579622750077,46688,-42,-0.5324814446778419,-46,2301,24,67971.38566015376,67920.38597357103,67923,67881,1459.612705403763,1459.36087743705,41.49939879099205,41.21874531302732
HFD03_MISSINGNESS,B3,113,63723,1475.130250535501,40752,63927,1479.2801588783273,40870,204,4.149908342826166,118,3276,20,60542.66585456075,60533.80316412941,60427,60631,1461.1718963886415,1464.8198072678622,13.958354146860113,14.460351610465432
HFD03_MISSINGNESS,B3,114,93978,1518.045145214025,70175,93885,1515.0146467438574,70137,-93,-3.030498470167686,-38,4011,24,89913.24292372081,89907.94383762259,89943,89850,1459.16948059358,1456.118136483958,58.87566462044527,58.8965102598996
HFD03_MISSINGNESS,B3,115,90068,1521.9303278375385,66300,90220,1523.861166932049,66429,152,1.9308390945104748,129,2500,26,87645.71291733863,87638.10044502518,87542,87694,1462.1998959742284,1463.5619618158762,59.7304318633103,60.29920511617274
HFD03_MISSINGNESS,B3,116,78523,1509.696618024722,54828,78639,1509.7789455694158,54957,116,0.08232754469372594,129,5327,21,73238.99079593265,73200.28000493573,73175,73291,1466.9176847117208,1468.3597919333652,42.778933313001254,41.419153636050105
HFD03_MISSINGNESS,B3,117,80283,1509.3523488629314,56643,80271,1510.2634542786927,56620,-12,0.9111054157613125,-23,2941,29,77320.60271034868,77291.63326637604,77313,77301,1458.0783813830167,1458.2430736908952,51.27396747991442,52.02038058779791
HFD03_MISSINGNESS,B3,118,93091,1540.3904757799992,69306,93138,1540.2317033986455,69348,47,-0.1587723813536286,42,2489,27,90585.10804467392,90580.29346015325,90575,90622,1462.4256133086444,1461.9024207993416,77.96486247135469,78.32928259930408
HFD03_MISSINGNESS,B3,119,96693,1515.5097263131431,72851,96698,1517.3518595898752,72831,5,1.8421332767320564,-20,2424,27,94199.37767836599,94196.57311646744,94242,94247,1458.5486486111133,1459.8692526815269,56.961077702029776,57.48260690834819
HFD03_MISSINGNESS,B3,120,96060,1517.0232750805758,72212,96059,1516.0538131768792,72211,-1,-0.9694619036965832,-1,3518,28,92516.95562066378,92513.57173203435,92514,92513,1461.8444451823354,1461.0398281783487,55.178829898240366,55.01398499853062
HFD03_MISSINGNESS,B3,121,85932,1518.3048637509992,62252,85828,1519.358310538426,62113,-104,1.0534467874267648,-139,3165,23,82663.0938866453,82647.15336684257,82744,82640,1465.1993926536238,1467.3367308009147,53.10547109737549,52.02157973751122
HFD03_MISSINGNESS,B3,122,74385,1501.0384449782193,50701,74543,1502.2275132942673,50848,158,1.1890683160479512,147,2481,15,72114.0357683209,72072.90410408913,71889,72047,1460.2386160103674,1461.0289789692677,40.79982896785166,41.19853432499949
HFD03_MISSINGNESS,B3,123,98311,1566.9913667244348,74412,98261,1563.336221131345,74446,-50,-3.6551455930898555,34,5493,25,92829.26084512776,92826.29473102518,92793,92743,1462.0257192474976,1458.9324761580099,104.96564747693715,104.40374497333497
HFD03_MISSINGNESS,B3,124,74438,1500.6384620576841,50792,74475,1500.3927340410178,50846,37,-0.24572801666636224,54,4178,22,70197.55896316764,70151.71546882288,70238,70275,1461.7393327013767,1461.0737979674138,38.89912935630742,39.31893607360388
HFD03_MISSINGNESS,B3,125,68582,1485.0647529817777,45312,68986,1488.5739988208138,45613,404,3.5092458390361116,301,3030,18,65854.20415866577,65804.75805423387,65534,65938,1459.333306682532,1462.2160370990323,25.731446299246073,26.357961721781606
HFD03_MISSINGNESS,B3,126,80259,1511.6879185192033,56470,80323,1510.9915506512434,56596,64,-0.696367867959907,126,2891,28,77361.3111485326,77332.95602787218,77340,77404,1457.0982168355117,1457.2389186383346,54.589701683691835,53.752632012908975
HFD03_MISSINGNESS,B3,127,81654,1508.7993779747728,57989,81563,1507.943862346899,57967,-91,-0.8555156278737286,-22,5015,25,76621.65759157813,76592.57122633867,76614,76523,1461.6810785257137,1461.814806135887,47.118299449059265,46.12905621101197
HFD03_MISSINGNESS,B4,0,82603,1510.4801228512451,58845,82580,1509.210613014912,58833,-23,-1.2695098363330999,-12,1686,27,80976.35199376976,80957.29883192093,80890,80867,1461.6522442155454,1460.6081311838966,48.82787863569938,48.602481831015176
HFD03_MISSINGNESS,B4,1,99246,1524.2229053285616,75457,99317,1523.5060693034052,75506,71,-0.7168360251564536,49,6907,29,92300.65262961423,92296.66622670738,92310,92381,1464.7881939318995,1464.1000189163765,59.43471139666221,59.406050387028465
HFD03_MISSINGNESS,B4,2,87044,1523.9089253662587,63262,87019,1522.3323425482342,63252,-25,-1.5765828180244625,-10,4156,25,82786.04883902294,82771.0272858106,82863,82838,1464.4686695865041,1462.5688750389386,59.44025577975439,59.7634675092957
HFD03_MISSINGNESS,B4,3,73455,1500.2394764975822,50027,73327,1500.3013794166588,49878,-128,0.06190291907660139,-149,3946,26,69451.75656527461,69403.41450784063,69483,69355,1464.8239766798067,1465.93810842603,35.415499817775654,34.36327099062912
HFD03_MISSINGNESS,B4,4,83546,1514.5587396650772,59823,83665,1515.7581274557301,59908,119,1.1993877906529633,85,5226,29,78476.8687087105,78451.76138013203,78291,78410,1462.104033045579,1463.0121474231555,52.45470661949828,52.745980032574664
HFD03_MISSINGNESS,B4,5,87517,1509.6524725806298,63754,87175,1511.1615266159656,63390,-342,1.5090540353357937,-364,11531,24,75730.14309139052,75698.22472900905,75962,75620,1459.9593973467865,1461.4515021143654,49.69307523384324,49.71002450160004
HFD03_MISSINGNESS,B4,6,89092,1512.0934059889007,65246,89033,1509.8551014227235,65246,-59,-2.2383045661772485,0,2766,25,86343.27256985666,86334.0500665674,86301,86242,1458.5583153746572,1457.05785057156,53.53509061424365,52.79725085116315
HFD03_MISSINGNESS,B4,7,89533,1515.8257311911927,65756,89330,1514.574359966131,65541,-203,-1.2513712250618028,-215,2940,27,86463.29606887992,86453.93906541192,86566,86363,1460.80749432458,1459.2829317189937,55.01823686661286,55.291428247137134
HFD03_MISSINGNESS,B4,8,83777,1514.8074167357531,60114,83848,1516.0694401704184,60142,71,1.2620234346652524,28,1763,25,82045.44862797145,82028.63568420928,81989,82060,1458.6562695044934,1460.3338650266246,56.15114723125944,55.73557514379359
HFD03_MISSINGNESS,B4,9,91763,1518.0969838521169,68015,91941,1518.9973515374993,68160,178,0.9003676853824345,145,4195,24,87675.42078102998,87667.8908530867,87544,87722,1463.1956305130393,1464.6285714508588,54.901353339077325,54.36878008664097
HFD03_MISSINGNESS,B4,10,78588,1512.6707111403603,54915,78514,1509.5605224488609,54900,-74,-3.1101886914993884,-15,4061,23,74604.73099335052,74570.20907639724,74504,74430,1460.4448895611008,1458.737391526744,52.22582157925909,50.82313092211689
HFD03_MISSINGNESS,B4,11,85244,1512.1325401754539,61386,85367,1510.8790597704524,61527,123,-1.2534804050014827,141,3237,27,82176.46726555417,82159.72328345607,81980,82103,1463.0966435880418,1461.911447865197,49.03589658741168,48.96761190525525
HFD03_MISSINGNESS,B4,12,93476,1530.3871631872726,69696,93396,1530.3004994967132,69624,-80,-0.0866636905593623,-72,7392,27,86008.68605240216,85998.35397669885,86057,85977,1458.0871907767034,1457.9788360425073,72.29997241056874,72.32166345420576
HFD03_MISSINGNESS,B4,13,91418,1518.1794420751473,67542,91350,1517.4077178445007,67475,-68,-0.7717242306466687,-67,4400,23,86943.38158717609,86934.30299869827,86995,86927,1464.4599445055699,1463.438745972533,53.7194975695773,53.96897187196806
HFD03_MISSINGNESS,B4,14,66392,1486.408343381894,43172,66420,1482.8194141306135,43248,28,-3.588929251280433,76,4766,26,61608.38821310783,61580.3351097744,61600,61628,1465.263511288107,1462.053694707733,21.14483209378653,20.76571942288063
HFD03_MISSINGNESS,B4,15,93208,1511.4340712616843,69358,93286,1512.456294717995,69432,78,1.0222234563107122,74,2562,24,90628.39651140486,90623.28729250684,90622,90700,1457.0680804082324,1458.800521931838,54.36599085345187,53.655772786157264
HFD03_MISSINGNESS,B4,16,85805,1509.9987260486134,62058,85773,1511.7236817566238,62015,-32,1.7249557080103841,-43,4743,25,81064.46899381507,81045.57469303395,81037,81005,1454.8045078134355,1457.68712765098,55.194218235177985,54.03655410564382
HFD03_MISSINGNESS,B4,17,96429,1520.3174753558956,72622,96262,1520.5828267462878,72428,-167,0.2653513903921976,-194,3541,23,92773.78377901933,92768.57653351645,92865,92698,1461.1589747807868,1460.1859751857112,59.1585005751087,60.39685156057673
HFD03_MISSINGNESS,B4,18,93362,1514.523288694441,69580,93450,1515.1679756626459,69626,88,0.644686968204951,46,4485,23,88884.07413267084,88877.45484918008,88854,88942,1459.1916620789314,1458.9082799829648,55.331626615509705,56.259695679681364
HFD03_MISSINGNESS,B4,19,80645,1506.4893892330945,57030,80820,1508.940764003164,57204,175,2.451374770069606,174,2910,22,77840.87514281858,77814.79956954862,77713,77888,1459.5357115393542,1461.3896926608616,46.95367769374019,47.551071342302556
HFD03_MISSINGNESS,B4,20,76973,1508.934226915857,53273,77073,1508.1467082216918,53394,100,-0.7875186941651009,121,5057,25,72004.16500554992,71962.39540261902,71891,71991,1457.0891396849497,1455.6335870522198,51.845087230907396,52.513121169471866
HFD03_MISSINGNESS,B4,21,84353,1510.9048095386868,60560,84554,1513.5665350413365,60741,201,2.6617255026496878,181,2471,20,82047.82153212227,82030.5695625928,81862,82063,1461.9479479347494,1464.0741538149184,48.956861603937256,49.49238122641827
HFD03_MISSINGNESS,B4,22,95855,1546.052430696694,72009,95925,1546.4034534355078,72055,70,0.3510227388137537,46,4304,25,91558.65323686437,91552.05295108003,91526,91596,1457.5171449069662,1457.3258332024134,88.53528578972777,89.07762023309479
HFD03_MISSINGNESS,B4,23,80324,1505.354394831812,56766,80062,1506.3822285863514,56538,-262,1.0278337545394152,-228,3932,25,76265.15430533767,76234.54846203681,76367,76105,1464.1702430141527,1465.3332447276662,41.1841518176595,41.048983858685475
HFD03_MISSINGNESS,B4,24,90997,1525.296518245037,67187,90911,1524.4297989661773,67135,-86,-0.8667192788598186,-52,4885,29,86053.76563336565,86043.73995345252,86083,85997,1461.5055840036046,1460.4021818277085,63.790934241432225,64.02761713846839
HFD03_MISSINGNESS,B4,25,81923,1519.6224357431913,58272,81894,1518.4561065613348,58268,-29,-1.166329181856554,-4,2740,27,79233.9365800615,79210.66412218081,79156,79127,1463.4865874593072,1462.888582796729,56.13584828388415,55.567523764605696
HFD03_MISSINGNESS,B4,26,75834,1499.0643260301192,52171,75879,1497.9522308604892,52227,45,-1.112095169630038,56,4795,26,71129.82078352968,71084.73344188867,71013,71058,1455.2397238336664,1454.8436501744468,43.824602196452446,43.10858068604244
HFD03_MISSINGNESS,B4,27,69072,1495.3925514334665,45558,69120,1493.8662069632733,45626,48,-1.5263444701931803,68,5603,29,63456.27581426046,63420.61407022888,63440,63488,1463.200605272545,1460.8550451015667,32.1919461609214,33.011161861706256
HFD03_MISSINGNESS,B4,28,92117,1521.6736349539037,68331,92215,1519.279353587865,68449,98,-2.39428136603874,118,2940,26,89172.72470799307,89166.59828466442,89151,89249,1460.735987406163,1458.8224703686099,60.9376475477409,60.456883219255424
HFD03_MISSINGNESS,B4,29,68813,1480.8169463561078,45644,69005,1484.4676176415444,45775,192,3.6506712854366015,131,7316,23,61548.179213999494,61542.12492232737,61474,61666,1457.7438843763955,1461.2653678977088,23.07306197971227,23.202249743835516
HFD03_MISSINGNESS,B4,30,86276,1517.4705000524796,62508,86331,1518.6595686999672,62579,55,1.189068647487602,71,4065,26,82207.24747745022,82190.56376878433,82185,82240,1457.7385512827911,1458.528433046025,59.73194876968862,60.13113565394214
HFD03_MISSINGNESS,B4,31,96876,1511.5801696958072,73064,96822,1511.842747100575,72993,-54,0.2625774047678533,-71,6689,29,90117.3693254706,90111.30661027906,90158,90104,1457.0843590229338,1457.0510047873836,54.495810672873496,54.79174231319155
HFD03_MISSINGNESS,B4,32,80792,1527.6909658320817,57063,80810,1529.5105049817105,57047,18,1.8195391496287812,-16,2960,25,77756.58416918847,77729.21705847984,77807,77825,1468.805421222501,1470.8235103080897,58.88554460958077,58.68699467362063
HFD03_MISSINGNESS,B4,33,73850,1502.9801230770588,50365,73673,1502.0641901772447,50188,-177,-0.9159328998141518,-177,4929,24,68732.76817643728,68683.95595432092,68897,68720,1460.8464773386258,1460.7796538837047,42.13364573843285,41.28453629353988
HFD03_MISSINGNESS,B4,34,96516,1537.9263405020733,72689,96629,1538.744100376831,72778,113,0.8177598747577122,89,4205,27,92410.7940533111,92406.36996135813,92284,92397,1460.6153460297182,1461.2974528895998,77.31099447235515,77.44664748723129
HFD03_MISSINGNESS,B4,35,92411,1515.3377390590472,68595,92462,1514.1474033707107,68649,51,-1.1903356883365177,54,5258,29,87213.64051169583,87205.2218072489,87124,87175,1459.456181820539,1458.8271960924276,55.88155723850751,55.32020727828378
HFD03_MISSINGNESS,B4,36,86943,1518.1625367288168,63153,86910,1517.433620082042,63160,-33,-0.7289166467749055,7,2754,25,84112.85372793346,84099.88990709608,84164,84131,1460.6267181601684,1460.0138305815553,57.5358185686488,57.41978950048639
HFD03_MISSINGNESS,B4,37,66543,1495.1231711891874,43082,66627,1496.5939862876903,43144,84,1.4708150985029533,62,2778,27,63797.08368877478,63751.30434016077,63738,63822,1462.6318073590369,1463.630635851734,32.49136383015032,32.9633504359566
HFD03_MISSINGNESS,B4,38,82834,1510.7028620813576,59175,82950,1512.2951714070082,59223,116,1.5923093256506036,48,5627,26,77250.03667760246,77221.98325294942,77181,77297,1462.6290687278818,1463.5640866262067,48.07379335347584,48.73108478080128
HFD03_MISSINGNESS,B4,39,94398,1524.5506719026846,70638,94519,1525.969556961532,70720,121,1.4188850588473088,82,3623,27,90840.95889009612,90836.39286273308,90748,90869,1459.479761364912,1460.4971525198275,65.07091053777226,65.472404441704
HFD03_MISSINGNESS,B4,40,68868,1493.7272334370916,45476,68635,1493.9828510581854,45247,-233,0.25561762109373376,-229,3270,22,65434.20334668596,65385.39080102731,65576,65343,1462.0171693141458,1463.0895054295554,31.710064122945838,30.893345628630602
HFD03_MISSINGNESS,B4,41,89320,1520.520197862898,65480,89603,1522.4344371339932,65744,283,1.9142392710953118,264,2347,24,87046.1718755202,87037.80332554616,86949,87232,1465.4393743587505,1466.9489906576687,55.080823504147816,55.48544647632406
HFD03_MISSINGNESS,B4,42,92137,1513.1742796741232,68379,92174,1514.501580230239,68434,37,1.3273005561156879,55,5500,24,86538.80889360452,86529.33008260385,86613,86650,1458.017424730986,1459.5676473668789,55.15685494313736,54.933932863359935
HFD03_MISSINGNESS,B4,43,83497,1519.7220998326377,59825,83494,1519.0300465287426,59814,-3,-0.6920533038951362,-11,5430,23,78123.9789300475,78098.53330993226,78044,78041,1465.4800705966422,1464.3097670994605,54.24202923599537,54.72027942928182
HFD03_MISSINGNESS,B4,44,83625,1506.968722960774,59957,83685,1507.442834975718,60025,60,0.4741120149440121,68,5041,27,78457.21739859907,78432.56564188021,78557,78617,1457.2751143091537,1457.45423190318,49.693608651620224,49.98860307253837
HFD03_MISSINGNESS,B4,45,67695,1483.6942271822347,44393,67772,1483.1968087724113,44470,77,-0.4974184098234673,77,5923,25,61912.554487827925,61880.35575357875,61747,61824,1459.7790095241533,1459.550999260106,23.915217658081282,23.645809512305643
HFD03_MISSINGNESS,B4,46,71661,1492.0941152165512,48188,71869,1490.8766014198989,48378,208,-1.2175137966523835,190,1693,29,70082.15820707867,70035.04665683887,69939,70147,1455.6831534081432,1454.8091312837278,36.41096180840812,36.06747013617124
HFD03_MISSINGNESS,B4,47,93017,1533.4657571060006,69156,92994,1531.8009489144038,69151,-23,-1.664808191596876,-5,2516,26,90429.83844172521,90425.09933561269,90475,90452,1465.1953907706406,1463.493823540443,68.2703663353598,68.30712537396069
HFD03_MISSINGNESS,B4,48,86493,1516.9769404733472,62838,86435,1513.423944786828,62823,-58,-3.5529956865191252,-15,3446,22,82952.03025048338,82937.11307714439,83025,82967,1459.93498145523,1457.2264000949108,57.04195901811719,56.19754469191745
HFD03_MISSINGNESS,B4,49,89602,1532.7666694509637,65851,89583,1534.4308502655015,65803,-19,1.6641808145377581,-48,5587,28,83958.9224531292,83945.8718954596,83987,83968,1458.6028456997092,1460.970624276046,74.16382375125418,73.46022598945568
HFD03_MISSINGNESS,B4,50,92173,1511.048955552116,68321,92074,1511.6729384819414,68197,-99,0.623982929825388,-124,3019,25,89053.8282513907,89047.5684184066,89129,89030,1458.5489822729294,1459.1443608576797,52.49997327918689,52.528577624261715
HFD03_MISSINGNESS,B4,51,66887,1488.8628223030628,43667,66739,1488.6627328928855,43530,-148,-0.2000894101772701,-137,3540,22,63281.75382102168,63243.75147324548,63325,63177,1461.0576768530705,1461.1339978448123,27.80514544999222,27.528735048072786
HFD03_MISSINGNESS,B4,52,86522,1529.4068383487922,62822,86705,1529.505316246116,62969,183,0.09847789732384626,147,6059,25,80522.53219560195,80502.64141746747,80438,80621,1460.7346703843245,1461.2092127728124,68.67216796446777,68.29610347330369
HFD03_MISSINGNESS,B4,53,78568,1508.949039971822,54841,78832,1506.9659447274817,55107,264,-1.9830952443403476,266,1209,25,77428.0509214409,77400.7601764427,77334,77598,1457.993623327816,1456.2213487383156,50.95541664400606,50.74459598916594
HFD03_MISSINGNESS,B4,54,97827,1523.806414967816,74008,97788,1525.231580347302,73954,-39,1.4251653794860886,-54,5110,26,92691.61802174634,92687.1415921861,92691,92652,1462.4868272817935,1464.5096642434394,61.31958768602272,60.72191610386247
HFD03_MISSINGNESS,B4,55,95331,1517.3048562463023,71450,95329,1516.8386809104497,71462,-2,-0.46617533585254023,12,2712,24,92677.78077356446,92673.24953440715,92595,92593,1460.4220482467736,1460.3741396114772,56.882807999529014,56.46454129897288
HFD03_MISSINGNESS,B4,56,90276,1516.854818947763,66455,90231,1514.720791488807,66393,-45,-2.1340274589560977,-62,2993,26,87289.25506090056,87280.26102797482,87257,87212,1464.4836597877693,1461.830584434523,52.3711591599938,52.89020705428393
HFD03_MISSINGNESS,B4,57,97720,1523.794869431798,73850,97658,1525.90110596814,73785,-62,2.1062365363420668,-65,3664,28,93964.608567048,93961.11216850963,94028,93966,1461.0079716779346,1463.5613787392558,62.78689775386343,62.33972722888416
HFD03_MISSINGNESS,B4,58,87526,1519.5367589757436,63797,87438,1518.7720874583244,63710,-88,-0.764671517419174,-87,3883,22,83683.80197114416,83669.82219743507,83621,83533,1458.1228371291363,1458.2992162159042,61.41392184660747,60.472871242420176
HFD03_MISSINGNESS,B4,59,99439,1528.146712527272,75591,99540,1527.5289648158819,75702,101,-0.6177477113901659,111,8278,26,91117.72146008287,91112.83756039564,91135,91236,1461.8621338501305,1461.332802007579,66.28457867714147,66.19616280830334
HFD03_MISSINGNESS,B4,60,69330,1498.5276175142942,45829,69227,1499.435687418593,45718,-103,0.9080699042988272,-111,3715,20,65563.59493444329,65513.16365319062,65595,65492,1461.963451734998,1462.6335515362418,36.564165779296346,36.802135882351266
HFD03_MISSINGNESS,B4,61,74597,1495.0359446112075,51166,74653,1497.3928114526077,51121,56,2.356866841400233,-45,6861,23,67714.65114932154,67664.40589118743,67713,67769,1458.5456363130165,1461.2311601143074,36.490308298191046,36.16165133830064
HFD03_MISSINGNESS,B4,62,82100,1510.7696052144677,58405,81905,1513.1226100726335,58203,-195,2.353004858165832,-202,3152,25,78746.50544057932,78722.52671229519,78923,78728,1465.2621258233348,1466.9751625038643,45.50747939113332,46.14744756876925
HFD03_MISSINGNESS,B4,63,88457,1517.7877805706773,64747,88436,1514.1874056925483,64750,-21,-3.6003748781290597,3,5609,20,82767.52738601077,82752.00443579594,82828,82807,1462.2315856103057,1458.8010176951645,55.556194960371926,55.386387997383856
HFD03_MISSINGNESS,B4,64,79944,1502.994719178041,56313,79873,1502.264946256396,56226,-71,-0.729772921645008,-87,4867,25,75166.4815067881,75134.16374519745,75052,74981,1462.3179604511472,1461.565313211308,40.676758726893674,40.69963304508745
HFD03_MISSINGNESS,B4,65,83038,1514.7274660072408,59304,82769,1514.4156228708723,59016,-269,-0.3118431363684522,-288,2538,27,80300.41647080683,80279.7315077843,80473,80204,1460.1892116550835,1461.1665059621212,54.53825435215697,53.249116908751326
HFD03_MISSINGNESS,B4,66,93242,1534.5712472849232,69381,93381,1531.3009748600543,69587,139,-3.2702724248688355,206,3438,24,89918.91440991765,89912.62915079163,89780,89919,1466.2474127799346,1463.3926240759463,68.32383450498808,67.90835078410804
HFD03_MISSINGNESS,B4,67,93243,1525.9902323866497,69476,93041,1527.2367668053682,69210,-202,1.246534418718511,-266,5827,22,87337.5132636909,87328.96492854951,87394,87192,1460.6345314578969,1461.26143304209,65.35570092875304,65.97533376327812
HFD03_MISSINGNESS,B4,68,91488,1513.6530895971073,67657,91445,1511.976614813091,67640,-43,-1.6764747840163636,-17,4004,22,87419.41203866409,87410.87513547197,87462,87419,1462.7419690246004,1461.7343570656465,50.91112057250704,50.24225774744456
HFD03_MISSINGNESS,B4,69,66702,1492.8828812850895,43364,66735,1491.7318169090538,43441,33,-1.1510643760357198,77,2630,17,64080.21801850867,64031.474372815515,64055,64088,1463.0707725289662,1463.2047973460944,29.812108756122694,28.5270195629596
HFD03_MISSINGNESS,B4,70,90501,1511.426294013025,66673,90520,1514.4122358554396,66671,19,2.9859418424146043,-2,3750,27,86636.57049640483,86626.7430749849,86724,86743,1461.1142605456891,1462.517265134199,50.31203346733592,51.89497072124049
HFD03_MISSINGNESS,B4,71,89765,1516.1917451073678,65999,89912,1517.0492010579894,66140,147,0.8574559506216701,141,2464,26,87432.5835429239,87424.71401368768,87275,87422,1462.3030525180172,1462.7006624058488,53.8886925893509,54.348538652140704
HFD03_MISSINGNESS,B4,72,70228,1494.8332876047068,46908,70172,1493.8913205508043,46889,-56,-0.9419670539025446,-19,4402,21,65850.67373291272,65799.57728187322,65805,65749,1461.8141280063255,1460.6207523160272,33.01915959838109,33.270568234777194
HFD03_MISSINGNESS,B4,73,90819,1512.434713358774,67112,90783,1513.264302716646,67012,-36,0.8295893578720097,-100,6534,24,84301.946244998,84289.23511683135,84261,84225,1462.72412352776,1462.8653866729146,49.710589831014545,50.398916043731276
HFD03_MISSINGNESS,B4,74,84978,1522.8260851637428,61201,85043,1523.0241218921744,61269,65,0.19803672843158893,68,3517,27,81470.73248981008,81452.66204800557,81434,81499,1462.4894895557125,1462.5448831008925,60.336595608030144,60.479238791281645
HFD03_MISSINGNESS,B4,75,87133,1528.0662941913286,63386,87109,1528.443417969392,63334,-24,0.37712377806337827,-52,3316,23,83729.03810332523,83715.78553290096,83794,83770,1467.4990273124088,1467.5142384712408,60.567266878920215,60.92917949815148
HFD03_MISSINGNESS,B4,76,77831,1504.590157810015,54127,77972,1504.4038616153725,54263,141,-0.18629619464240932,136,3404,26,74415.37626697906,74379.15924826269,74401,74542,1461.2915251575978,1461.2360172935105,43.298632652417126,43.16784432186146
HFD03_MISSINGNESS,B4,77,92219,1508.841181741216,68418,92188,1509.272919432546,68389,-31,0.4317376913299995,-29,2572,28,89602.13337968252,89595.27539791242,89619,89588,1455.7385128890023,1455.9995955672646,53.10266885221373,53.27332386528117
HFD03_MISSINGNESS,B4,78,76014,1515.148661896069,52270,75980,1514.8282086993067,52235,-34,-0.3204531967621733,-35,3564,26,72476.41211021929,72435.18752487758,72424,72390,1460.0618283985848,1459.5785305013608,55.0868334974842,55.249678197945656
HFD03_MISSINGNESS,B4,79,90833,1512.715542118033,67098,90910,1515.3788382326984,67123,77,2.6632961146653997,25,6161,27,84683.91576050327,84671.87693643554,84645,84722,1459.7656582112386,1462.5051184963768,52.94988390679498,52.87371973632134
HFD03_MISSINGNESS,B4,80,85203,1520.3017690789725,61410,85348,1521.1502860369912,61560,145,0.848516958018763,150,4888,23,80302.13823533898,80281.12591219707,80292,80437,1465.1580547802985,1464.8563826287982,55.14371429867404,56.2939034081931
HFD03_MISSINGNESS,B4,81,76339,1499.4070799865433,52793,76638,1500.339995818393,53056,299,0.9329158318496411,263,2009,28,74393.16993464046,74358.07947249615,74302,74601,1457.17101758689,1457.1020152836675,42.23606239965336,43.23798053472548
HFD03_MISSINGNESS,B4,82,89035,1522.2527502472908,65212,88766,1519.428324488679,64985,-269,-2.8244257586118238,-227,7165,27,81796.83186257629,81779.22206180335,81843,81574,1465.286776663391,1463.3822237008324,56.96597358390016,56.0461007878463
HFD03_MISSINGNESS,B4,83,92584,1519.7800234486922,68913,92554,1521.1997454655052,68828,-30,1.4197220168130116,-85,10393,26,82145.09814133901,82128.06041384261,82165,82135,1457.3910136954098,1458.9229936045858,62.3890097532826,62.27675186091912
HFD03_MISSINGNESS,B4,84,91917,1517.3776118512976,68079,91863,1518.4053252785059,68025,-54,1.0277134272082549,-54,3744,27,88099.80980781668,88092.46095509798,88146,88092,1461.6692818184804,1463.1030060303428,55.70833003281705,55.30231924816285
HFD03_MISSINGNESS,B4,85,89675,1519.5475299979162,65918,89808,1520.7741275237863,66022,133,1.2265975258701474,104,4920,27,84975.97163870772,84964.06212939793,84728,84861,1459.3962561910878,1461.7240709345126,60.15127380682816,59.05005658927361
HFD03_MISSINGNESS,B4,86,87123,1521.855963367221,63457,87066,1522.087912608253,63380,-57,0.2319492410319981,-77,3533,26,83544.89995712426,83530.92933491766,83564,83507,1460.3990959202806,1461.0128572512551,61.45686744694041,61.07505535699808
HFD03_MISSINGNESS,B4,87,98042,1518.6190248192704,74219,98110,1519.9763870698682,74274,68,1.3573622505978165,55,5021,29,93084.67303458082,93081.01569674056,92992,93060,1457.74435509939,1458.9138265790618,60.87466971988023,61.06256049080661
HFD03_MISSINGNESS,B4,88,85017,1515.4602430120342,61273,85057,1515.6269666921585,61330,40,0.16672368012427796,57,1896,24,83048.93740622627,83034.14074899557,83097,83137,1461.9202700172918,1462.0821317509851,53.53997299474256,53.54483494117292
HFD03_MISSINGNESS,B4,89,79734,1507.1658275486352,56010,79712,1506.4249371871408,55991,-22,-0.7408903614943938,-19,3304,22,76443.35372160327,76413.79998191752,76408,76386,1462.3001573380275,1460.4416298737547,44.865670210607604,45.98330731338622
HFD03_MISSINGNESS,B4,90,87474,1507.5980346575498,63705,87451,1510.5845522875438,63656,-23,2.9865176299940686,-49,5010,25,82393.28826864074,82376.51123964466,82439,82416,1459.1815177622507,1461.5123118500142,48.4165168952993,49.07224043752992
HFD03_MISSINGNESS,B4,91,98131,1527.4555538284208,74240,97793,1525.059593615939,73957,-338,-2.3959602124816683,-283,5632,29,92195.77015743422,92191.47164774324,92470,92132,1463.6156661273562,1461.6287593621985,63.83988770106458,63.43083425374047
HFD03_MISSINGNESS,B4,92,82351,1506.9379112594572,58585,82375,1508.1009913507794,58609,24,1.163080091322172,24,4327,24,77945.7440226345,77919.85266876016,78000,78024,1458.9641591134266,1460.0951525830062,47.973752146030535,48.00583876777317
HFD03_MISSINGNESS,B4,93,93058,1520.5078571279275,69244,93038,1519.1537514553409,69208,-20,-1.3541056725866838,-36,2927,24,90099.20143986867,90093.96536271555,90107,90087,1459.4733328750879,1459.341436397765,61.034524252839454,59.812315057575844
HFD03_MISSINGNESS,B4,94,66796,1488.319219830539,43349,66886,1488.9155203562052,43421,90,0.5963005256662655,72,3841,25,62918.75161975716,62883.66695241281,62930,63020,1460.2281206449973,1461.585112177798,28.091099185541285,27.330408178407357
HFD03_MISSINGNESS,B4,95,88059,1515.2046570034968,64330,88047,1513.7066484751983,64333,-12,-1.4980085282984419,3,2778,26,85235.46755751457,85224.19432216586,85255,85243,1456.2047143301045,1454.692106896352,58.999942673392304,59.014541578846284
HFD03_MISSINGNESS,B4,96,73758,1498.3441154991226,50197,73742,1498.3497595877652,50151,-16,0.005644088642611678,-46,3321,22,70335.20077672621,70289.67934600165,70415,70399,1461.7511774306743,1460.900395278587,36.592938068448746,37.44936430917833
HFD03_MISSINGNESS,B4,97,86948,1511.562103248774,63228,87043,1513.5999756964904,63306,95,2.0378724477163814,78,7988,27,78967.60142271088,78942.99614807674,78933,79028,1457.0525712862257,1458.0042328707607,54.509531962548344,55.59574282572986
HFD03_MISSINGNESS,B4,98,85281,1524.0371941406675,61515,85392,1523.5374100629795,61622,111,-0.49978407768799116,107,3241,27,82168.9533605528,82152.31493677752,82013,82124,1460.150052790933,1459.655094123975,63.8871413497347,63.88231593900428
HFD03_MISSINGNESS,B4,99,81151,1508.257726630078,57389,81149,1507.3778736912236,57413,-2,-0.8798529388543557,24,3987,25,77090.04506803871,77061.89852462712,77139,77137,1459.511920677492,1458.6107064032963,48.7458059525862,48.76716728792735
HFD03_MISSINGNESS,B4,100,66328,1486.4535669027298,43031,66472,1487.2602292889223,43165,144,0.8066623861925564,134,3272,26,63175.91638307395,63135.99869627469,63030,63174,1460.7132460284342,1461.037760801577,25.740320874295392,26.222468487345417
HFD03_MISSINGNESS,B4,101,92290,1522.2843941624562,68494,92268,1522.1912955585017,68474,-22,-0.09309860395455871,-20,3030,22,89263.60926470824,89257.66621801401,89238,89216,1464.9349791451511,1465.0934985057295,57.349415017304715,57.09779705277238
HFD03_MISSINGNESS,B4,102,90915,1521.9659618415797,67197,91164,1525.4761268051957,67370,249,3.5101649636160346,173,5206,26,85735.66136825136,85725.2417788424,85683,85932,1465.3316979914487,1468.425231040396,56.6342638501311,57.05089576479948
HFD03_MISSINGNESS,B4,103,86552,1504.806317298949,62786,86526,1502.1114189573827,62818,-26,-2.6948983415661587,32,4210,26,82328.09957747765,82311.47011604866,82316,82290,1458.5703431341208,1456.791087544183,46.235974164828036,45.32033141319943
HFD03_MISSINGNESS,B4,104,67376,1498.2516212523578,44067,67389,1498.2750971727153,44096,13,0.023475920357441282,29,3153,21,64227.00247349196,64181.08400994888,64202,64215,1466.1750263910121,1465.6773142751756,32.076594861345754,32.59778289753979
HFD03_MISSINGNESS,B4,105,84651,1528.9516453402716,60840,84611,1531.9980986780106,60814,-40,3.046453337738967,-26,2218,28,82377.86960318306,82361.21315598454,82405,82365,1463.128917572257,1465.7052225969012,65.82272776801479,66.29287608110943
HFD03_MISSINGNESS,B4,106,85018,1518.869302609798,61302,85390,1523.6620427907721,61642,372,4.792740180974079,340,2431,24,82829.40515796555,82813.63077014015,82563,82935,1460.5256188687458,1464.5084870063004,58.3436837410523,59.153555784471834
HFD03_MISSINGNESS,B4,107,89483,1527.74804851608,65616,89513,1525.9110714316012,65646,30,-1.8369770844788036,30,3736,27,85769.97463837132,85759.18297783146,85720,85750,1463.5654541249787,1461.8047919910668,64.18259439110115,64.10627944053394
HFD03_MISSINGNESS,B4,108,86213,1505.681530491811,62420,85959,1501.8764990889354,62249,-254,-3.8050314028755565,-171,3485,27,82628.25146824609,82612.18112049732,82701,82447,1457.327073895402,1453.8626840051236,48.35445659640866,48.01381508381182
HFD03_MISSINGNESS,B4,109,82627,1522.2833190471026,58899,82533,1520.8508839830681,58834,-94,-1.4324350640345074,-65,2064,26,80435.02787721384,80414.61750561651,80537,80443,1465.779793271814,1464.3505876718839,56.503525775288686,56.500296311184286
HFD03_MISSINGNESS,B4,110,84602,1510.2718191364331,60855,84856,1509.646889204133,61109,254,-0.6249299323001196,254,4363,23,80427.54742410219,80407.15366439053,80216,80470,1461.9944119727404,1461.7031901515325,48.27740716369256,47.94369905260093
HFD03_MISSINGNESS,B4,111,96898,1513.3680269443971,73051,96940,1514.1432079906658,73097,42,0.775181046268699,46,4513,27,92350.01774132358,92346.15527336115,92358,92400,1456.986558978566,1457.7397382486279,56.381467965830986,56.40346974203795
HFD03_MISSINGNESS,B4,112,81519,1515.3136573660968,57874,81777,1516.8191788177119,58123,258,1.5055214516150954,249,6369,24,75160.98464679201,75127.45242055647,75126,75384,1459.612705403763,1460.8813940061789,55.700951962333924,55.937784811533035
HFD03_MISSINGNESS,B4,113,63163,1476.7940564507971,40131,63256,1478.351742673003,40192,93,1.5576862222058026,61,1551,19,61670.92126484092,61660.39414507524,61593,61686,1461.1718963886415,1462.6730241723183,15.622160062156173,15.678718500684758
HFD03_MISSINGNESS,B4,114,92352,1512.6933517758873,68567,92478,1510.9689633835483,68721,126,-1.7243883923390513,154,6283,26,86066.16620148238,86056.32205472646,86043,86169,1459.16948059358,1457.585132201407,53.523871182307516,53.38383118214072
HFD03_MISSINGNESS,B4,115,87550,1520.3307845192503,63848,87759,1522.9533738920572,64056,209,2.6225893728069423,208,4260,25,83284.37965758711,83270.07871116011,83265,83474,1462.1998959742284,1464.6658139404813,58.13088854502194,58.28755995157559
HFD03_MISSINGNESS,B4,116,80689,1509.5000110658868,56972,80708,1513.920601265027,56910,19,4.420590199140179,-62,5104,23,75558.58365793605,75525.8405406821,75562,75581,1466.9176847117208,1470.1481277296687,42.582326354165886,43.772473535358436
HFD03_MISSINGNESS,B4,117,68782,1494.2788702012185,45361,68771,1493.7978001596794,45370,-11,-0.4810700415391693,9,2941,26,65826.5389910256,65778.48270260758,65815,65804,1458.0783813830167,1456.9335549623613,36.2004888182015,36.864245197317885
HFD03_MISSINGNESS,B4,118,91505,1520.2323335284498,67751,91615,1519.3105304585188,67854,110,-0.921803069931002,103,2606,26,89031.09474301862,89024.88369979362,88873,88983,1462.4256133086444,1461.1456841891038,57.80672021980512,58.16484626941536
HFD03_MISSINGNESS,B4,119,95114,1530.9820082464603,71303,95051,1531.9796837042745,71228,-63,0.997675457814239,-75,2961,27,92080.54342780338,92076.5043022993,92126,92063,1458.5486486111133,1459.5118555020697,72.43335963534734,72.4678282022049
HFD03_MISSINGNESS,B4,120,91733,1537.9848505258,67913,91788,1535.9972219876126,67973,55,-1.9876285381874368,60,3987,29,87779.33499744465,87771.74862135036,87717,87772,1461.8444451823354,1460.757750377931,76.14040534346475,75.23947160968163
HFD03_MISSINGNESS,B4,121,92203,1529.8113707732527,68453,92358,1531.9184711167125,68577,155,2.107100343459706,124,4096,19,88095.44294953883,88087.60002109392,88088,88243,1465.1993926536238,1467.3106631669518,64.61197811962916,64.60780794976128
HFD03_MISSINGNESS,B4,122,77991,1505.0462096812769,54258,78062,1505.9125122468943,54299,71,0.8663025656173886,41,2282,26,75597.34397633732,75565.25636739483,75683,75754,1460.2386160103674,1460.244058322572,44.80759367090944,45.66845392432224
HFD03_MISSINGNESS,B4,123,91128,1514.9092339746364,67311,91168,1513.7753822442312,67392,40,-1.1338517304052402,81,3842,24,87322.05785419991,87313.9773427294,87262,87302,1462.0257192474976,1461.8540017780747,52.88351472713919,51.9213804661568
HFD03_MISSINGNESS,B4,124,70486,1507.0095718850775,46866,70532,1506.8693692966222,46918,46,-0.14020258845539502,52,3278,21,67234.05962895077,67183.63133236884,67187,67233,1461.7393327013767,1461.3815517776518,45.27023918370098,45.48781751897046
HFD03_MISSINGNESS,B4,125,87772,1510.8726941725417,64059,87587,1512.6130318767466,63830,-185,1.740337704204876,-229,4354,20,83335.98048434511,83321.4267369768,83398,83213,1459.333306682532,1460.8375170846475,51.53938749000995,51.775514792098654
HFD03_MISSINGNESS,B4,126,69591,1498.3847311451539,45977,69703,1499.099312510725,46095,112,0.7145813655711208,118,2926,26,66699.76360232389,66649.63337956216,66639,66751,1457.0982168355117,1457.9210726386602,41.28651430964239,41.17823987206445
HFD03_MISSINGNESS,B4,127,79079,1507.2798514357876,55406,79040,1509.6506318123038,55341,-39,2.3707803765162225,-65,1975,24,77024.66424458203,76996.40993286257,77080,77041,1461.6810785257137,1464.3135577520882,45.59877291007399,45.33707406021576
